Time_Index,elec_N,elec_NE,elec_CW,elec_SE,elec_S
1,14694.32,52149.9,16909.050000000003,11932.06,13058.32
2,14466.08,50408.01,16846.61,11899.63,11496.560000000001
3,14525.0,51038.27,17279.9,11329.699999999999,11722.85
4,14430.45,53250.76,17380.02,9317.68,12294.2
5,15178.1,53600.24999999999,16456.03,8019.469999999999,14236.789999999999
6,16636.2,54566.85999999999,15588.95,7635.11,16161.64
7,18074.899999999998,56374.94,14401.65,7712.9400000000005,17020.780000000002
8,19570.16,59409.48,15678.86,7936.349999999999,17864.95
9,18078.760000000002,60492.3,14531.23,8347.54,18027.25
10,15462.27,59668.78999999999,14322.27,9403.32,17985.89
11,13788.93,60171.68,12188.630000000001,9694.76,17948.79
12,12328.83,57629.9,10892.35,9402.460000000001,17804.03
13,11710.01,53359.21,9096.14,9092.79,16887.36
14,11299.81,48295.13,7974.69,8440.8,16689.62
15,11215.19,44899.369999999995,7714.58,8367.41,16060.16
16,11003.359999999999,43031.46,7391.6900000000005,8362.880000000001,15668.130000000001
17,10901.91,43011.740000000005,7019.82,8361.2,14929.47
18,11013.2,42844.149999999994,7181.23,8366.28,15108.7
19,11229.49,44825.78999999999,7962.09,8377.35,15176.9
20,12097.439999999999,48949.64,8495.29,8445.03,15510.59
21,12089.35,51502.25,11349.119999999999,8986.37,16189.439999999999
22,12384.6,52384.2,13789.39,9964.670000000002,16215.53
23,12574.420000000002,51617.55,15629.67,10666.28,15094.18
24,13259.27,51828.04,16864.58,11164.640000000001,13292.32
25,13378.66,52227.95,17051.59,11549.520000000002,12166.279999999999
26,12952.060000000001,51275.79000000001,16611.7,11594.470000000001,10430.61
27,13159.78,50558.08,16941.08,11411.26,12187.67
28,13226.000000000002,50845.55,16018.800000000001,10929.36,14995.84
29,13204.06,50957.23,15778.39,10303.449999999999,16697.1
30,14706.49,52649.45,15006.51,10091.66,17184.69
31,17013.19,53756.54000000001,14385.08,10082.730000000001,17450.94
32,18776.76,58192.32,15139.900000000001,9971.36,18099.42
33,17715.99,58993.46,13971.4,9966.24,18069.14
34,15841.710000000001,58175.28,13529.670000000002,9957.130000000001,18071.7
35,14764.759999999998,57478.12,12686.45,9902.54,17985.05
36,12913.099999999999,55645.73,10970.78,9777.390000000001,17837.84
37,12656.29,52323.340000000004,8900.46,9456.86,16582.14
38,12393.349999999999,49509.73000000001,7846.68,8538.640000000001,14561.970000000001
39,12147.48,45892.7,7667.92,8402.62,14253.17
40,12333.880000000001,43560.26,7512.63,8420.37,13961.699999999999
41,12172.48,42815.25,7541.09,8432.650000000001,13625.669999999998
42,12490.63,42769.09,7576.61,8435.52,13972.220000000001
43,12581.78,44480.26,7646.43,8423.34,15101.68
44,12436.73,49441.33999999999,8392.48,8505.07,15376.400000000001
45,12339.61,52252.590000000004,11875.93,9086.12,15152.310000000001
46,12712.960000000001,52879.55,15220.699999999999,9949.919999999998,14330.36
47,13251.51,52884.87,16110.119999999999,10768.15,13021.560000000001
48,13771.26,52002.48,16738.55,11437.560000000001,12635.2
49,13578.199999999999,51888.94,17018.61,12104.89,11545.66
50,13584.86,49180.090000000004,17358.28,12329.48,10436.43
51,14563.91,48116.869999999995,18103.6,12215.72,11251.08
52,16025.57,47221.579999999994,17290.309999999998,11660.480000000001,13223.89
53,16745.940000000002,46854.49,16206.42,11257.95,14870.220000000001
54,17856.78,48989.39,14217.869999999999,11083.15,16202.58
55,18669.36,51674.41,13023.369999999999,10950.14,17562.47
56,20481.919999999995,55820.829999999994,13629.189999999999,10701.02,18214.52
57,20749.170000000002,56762.17,10996.21,10707.85,18268.6
58,20375.31,55252.479999999996,9473.869999999999,10640.77,18122.44
59,18628.170000000002,55509.13,8808.279999999999,9941.28,18032.8
60,15710.43,53834.340000000004,9479.52,9613.820000000002,17949.48
61,14200.320000000002,50071.369999999995,9011.39,9233.400000000001,17239.739999999998
62,12048.98,46985.38,8461.61,9432.470000000001,16613.239999999998
63,10800.27,44035.130000000005,7858.530000000001,9372.43,16024.289999999999
64,10375.89,41553.43,7817.45,9283.82,15649.630000000001
65,10624.02,40722.19,7667.59,9251.87,14758.04
66,10897.5,40727.39,7655.24,9157.760000000002,14172.079999999998
67,11066.220000000001,41152.4,7894.9800000000005,9039.95,14178.28
68,10398.480000000001,42912.15,8117.549999999999,9153.76,14176.34
69,10330.720000000001,44782.979999999996,11114.67,9725.91,12736.34
70,11067.22,44577.740000000005,14272.02,10731.400000000001,11176.55
71,11778.04,42170.090000000004,15737.189999999999,11694.94,10810.99
72,12275.14,40236.969999999994,16740.1,12418.94,11033.830000000002
73,12805.18,38909.27,17118.46,12477.78,11279.57
74,12915.58,38123.23,17021.34,12307.52,11245.05
75,12874.05,37715.88,16714.71,12447.239999999998,11168.42
76,12326.2,38242.11,16070.52,12011.279999999999,11627.78
77,13046.45,40380.19,14834.07,11578.16,11682.119999999999
78,15132.699999999999,42054.27,14088.25,11188.93,12391.099999999999
79,17243.68,45947.14,15633.25,10866.230000000001,13042.04
80,19630.27,50729.76000000001,16024.93,10678.890000000001,13564.6
81,18769.530000000002,50587.28,14430.579999999998,10596.890000000001,13508.720000000001
82,16515.87,50247.92,12591.739999999998,10456.220000000001,13495.259999999998
83,13719.059999999998,50719.34,11176.75,9860.140000000001,13514.24
84,12131.619999999999,49660.47,9516.41,9667.27,13605.17
85,10984.95,48192.4,8735.199999999999,9430.590000000002,12608.84
86,9960.9,45895.04,8139.29,9324.840000000002,12231.57
87,10031.25,42434.08,7991.369999999999,9255.24,11785.57
88,9748.06,40531.43,7901.780000000001,8955.95,11541.21
89,9544.87,39754.12,7534.97,8844.86,11270.59
90,9480.05,39199.92,7587.5199999999995,8851.59,11049.630000000001
91,9778.73,38633.06,7810.76,8518.12,11161.67
92,9506.86,38211.950000000004,8093.38,8493.38,10914.08
93,8946.85,35381.07,10877.56,9123.41,9910.34
94,9293.14,34499.93,13353.369999999999,10131.73,8978.279999999999
95,9972.869999999999,32741.479999999996,14381.77,11149.29,9035.130000000001
96,10682.08,32372.230000000003,15357.16,11859.32,9731.59
97,11281.550000000001,32592.82,15656.36,12305.659999999998,9854.39
98,11405.79,31802.630000000005,15640.789999999999,12449.6,9773.77
99,11350.960000000001,30790.57,15212.34,12381.03,9550.24
100,12429.72,29494.020000000004,14181.880000000001,11799.84,10487.67
101,13146.009999999998,30472.550000000003,13908.07,11017.09,10877.61
102,14458.609999999999,34709.12,14905.81,10285.869999999999,11260.58
103,16332.410000000002,40138.96000000001,15783.09,10117.97,13623.6
104,17292.34,46341.44,15418.880000000001,9983.560000000001,16907.69
105,15917.639999999998,48288.090000000004,12395.849999999999,9942.170000000002,17584.260000000002
106,13658.12,49780.19,10965.98,9943.640000000001,17547.88
107,12315.970000000001,49023.38,10524.76,9773.880000000001,17556.82
108,11217.109999999999,48246.69,9282.74,9694.210000000001,17358.95
109,10562.35,46777.67,8221.45,9570.880000000001,15135.470000000001
110,10130.82,43933.46,8022.599999999999,9503.220000000001,13886.39
111,9940.349999999999,42450.009999999995,7878.37,9577.33,12491.44
112,9823.57,42106.009999999995,7809.01,9632.32,11024.25
113,9991.22,41621.659999999996,7650.21,9709.4,10612.83
114,10199.769999999999,41309.57,7704.799999999999,9864.36,11232.28
115,10189.710000000001,43201.62999999999,7951.5599999999995,10204.210000000001,12302.43
116,10209.71,48868.71000000001,8228.32,10134.07,12383.77
117,10581.7,51075.350000000006,11991.6,9923.509999999998,12523.080000000002
118,11014.399999999998,51576.01,14187.22,10725.93,12872.27
119,11976.119999999999,48574.42,15885.54,11542.9,13363.470000000001
120,12645.749999999998,48268.28,17232.09,12274.73,12704.87
121,12950.27,47601.19,17929.300000000003,12768.93,12170.619999999999
122,13151.77,44975.43,18005.52,12753.539999999999,12012.48
123,13869.609999999999,44127.52,18855.53,12348.990000000002,12649.83
124,14909.48,44305.99,18694.879999999997,11642.300000000001,13156.82
125,15966.65,45567.11,17287.63,11291.98,13938.09
126,16602.69,49031.520000000004,15466.89,11192.490000000002,14152.02
127,18297.770000000004,51149.39,14442.150000000001,10800.82,16102.8
128,18639.679999999997,56006.49,15237.419999999998,10528.0,17406.67
129,16700.96,57449.99,14499.630000000001,10626.76,17723.78
130,15916.900000000001,56994.810000000005,13242.619999999999,10638.74,17714.44
131,14863.44,55489.46,13037.64,10563.49,17458.239999999998
132,13377.560000000001,53492.85,11002.07,10458.74,17324.88
133,12086.009999999998,50918.72,9270.8,10247.29,16618.809999999998
134,10358.9,48337.079999999994,7693.3099999999995,9225.81,15951.27
135,9413.399999999998,46451.18,7502.51,8589.060000000001,15014.009999999998
136,9235.470000000001,44983.36,7395.4,8508.470000000001,14328.13
137,9071.869999999999,44437.28,7186.57,8375.85,14150.96
138,9119.85,44880.30999999999,7228.84,8361.300000000001,14141.529999999999
139,9379.4,46711.94000000001,7480.01,8353.53,15119.599999999999
140,9741.89,50201.51,9319.53,8460.54,15073.05
141,10085.130000000001,53182.49,12910.5,9106.21,14310.599999999999
142,10624.66,54557.06999999999,13552.599999999999,10156.699999999999,13965.880000000001
143,11377.019999999999,52009.98,14822.75,11159.75,13078.59
144,11965.349999999999,49877.93,16867.02,11853.640000000001,12237.11
145,12119.71,48129.740000000005,17760.65,12221.26,11982.33
146,12067.730000000001,45588.01,18000.48,12236.760000000002,11209.849999999999
147,11904.089999999998,46148.159999999996,18706.39,11892.0,12237.07
148,11610.97,46713.53,19429.66,11249.640000000001,14175.08
149,12665.86,47677.16,18949.3,10650.390000000001,15195.55
150,16238.49,48645.69,16814.23,10414.61,15896.48
151,18648.87,49009.5,16996.31,10154.460000000001,16547.22
152,20960.77,52779.3,17963.22,10105.68,17570.47
153,19955.16,53183.409999999996,16700.41,10080.31,17938.97
154,18701.42,54163.45,14202.98,10034.5,17790.24
155,18317.95,53778.399999999994,13208.630000000001,9887.410000000002,17092.9
156,16643.75,51291.270000000004,12028.86,9568.470000000001,16885.2
157,14568.92,49214.99,9637.6,8972.0,16135.73
158,12159.19,46548.54,8197.81,8796.890000000001,15916.1
159,10376.970000000001,44512.340000000004,7838.4,8789.94,15651.75
160,9755.91,43066.24,7745.51,8773.460000000001,15516.09
161,9812.65,42386.409999999996,7546.48,8721.160000000002,15415.5
162,9908.95,42494.60999999999,7546.15,8705.260000000002,15414.79
163,10193.7,43737.740000000005,7941.0599999999995,8707.919999999998,15654.16
164,10248.599999999999,47771.2,8163.4800000000005,8623.16,15932.43
165,10595.4,49680.67999999999,12030.46,8985.32,14558.25
166,10958.33,50717.64000000001,15524.71,9921.86,12714.77
167,11547.060000000001,50178.52999999999,16716.54,10880.9,11809.189999999999
168,12014.470000000001,48163.01000000001,18282.879999999997,11720.599999999999,12145.93
169,12434.220000000001,47211.28,19122.260000000002,11998.99,12603.15
170,12641.9,44119.45,18949.879999999997,12004.94,12988.68
171,12545.060000000001,44293.78,19532.84,11684.26,13495.03
172,12867.14,43928.54,19824.829999999998,11056.890000000001,15389.73
173,12969.650000000001,45967.46000000001,18652.24,10313.59,16576.440000000002
174,16067.1,49653.81,15302.800000000001,9720.96,16274.4
175,18119.530000000002,52079.29,14318.150000000001,9380.09,16126.829999999998
176,17366.86,56751.030000000006,16713.72,9258.37,17006.53
177,15825.689999999999,58421.83,14321.27,9446.45,17026.27
178,15463.590000000002,57567.21000000001,12248.130000000001,9563.960000000001,16951.56
179,14533.87,57078.49999999999,12216.119999999999,9424.08,16878.88
180,12666.26,55514.020000000004,11282.16,9247.050000000001,16510.21
181,11769.35,51588.42,9819.22,9053.1,15995.98
182,11143.949999999999,48743.07,7708.06,9012.12,15023.68
183,9954.56,47553.149999999994,7544.54,8955.400000000001,13638.89
184,9294.97,46817.47,7538.66,8926.470000000001,12391.82
185,9170.7,46163.619999999995,7362.849999999999,8888.710000000001,12172.85
186,9157.55,46251.26,7404.780000000001,8897.76,12233.310000000001
187,9691.720000000001,48512.57000000001,7839.17,8931.980000000001,12340.810000000001
188,10193.99,52349.479999999996,9023.78,9001.36,13022.93
189,10390.869999999999,53707.51,13212.859999999999,9604.279999999999,13358.61
190,11277.92,52445.75,16291.59,10550.61,14185.580000000002
191,11164.429999999998,51735.13,16899.64,11476.79,14539.91
192,11744.61,52467.07000000001,17217.35,12220.980000000001,13000.18
193,11865.52,50923.57,17503.24,12506.66,12605.84
194,12143.53,48850.149999999994,17441.95,12547.01,11952.94
195,12145.52,49931.28,18246.15,12238.359999999999,12103.46
196,12393.199999999999,52594.67999999999,17883.04,11629.13,12296.990000000002
197,13552.27,52565.479999999996,17048.69,10855.349999999999,14565.68
198,15710.509999999998,54512.45,14362.5,10072.03,14968.439999999999
199,17185.48,54908.85,14453.9,9736.86,15684.809999999998
200,17020.94,59538.88,15956.21,9823.67,16215.279999999999
201,14706.24,60228.26999999999,16238.21,9791.2,16249.13
202,12909.65,59316.78,15410.289999999999,9744.550000000001,16508.629999999997
203,12684.3,58902.92,13389.69,9704.890000000001,16370.82
204,12651.939999999999,57590.92,10289.400000000001,9614.570000000002,16266.939999999999
205,12106.09,53632.259999999995,8344.61,9769.130000000001,15619.45
206,10133.15,50250.16,7883.8,9852.42,14172.32
207,9530.89,48093.85999999999,7780.17,9849.19,12522.45
208,8892.26,46939.09,7794.88,9797.2,11944.29
209,8512.43,46974.98,7565.18,9750.29,11499.05
210,8561.05,47041.76,7575.160000000001,9779.140000000001,11501.03
211,8668.87,48636.76,7783.17,9748.72,12652.1
212,9638.34,51426.7,8243.0,9816.1,14172.310000000001
213,10054.32,53197.810000000005,12371.95,10353.61,14502.26
214,10577.239999999998,53681.87,15696.990000000002,11305.42,14083.86
215,11238.76,55680.909999999996,16020.099999999999,12173.98,11721.970000000001
216,11920.599999999999,54842.51000000001,16864.53,12753.25,11408.02
217,12166.859999999999,52737.119999999995,18071.69,13053.75,11327.51
218,11804.88,49874.149999999994,18151.29,13143.779999999999,10411.41
219,11434.54,52118.939999999995,17410.690000000002,12907.16,10352.74
220,11702.640000000001,54545.89,15101.1,12416.93,11448.98
221,12246.919999999998,55825.93,14260.029999999999,11655.41,12949.779999999999
222,13397.190000000002,56403.25,12892.67,11054.96,14740.05
223,14781.96,57389.11,11959.82,10852.15,15891.02
224,16576.29,59811.74,14331.41,10776.849999999999,16276.98
225,17317.350000000002,60221.97,10401.3,10803.35,16777.22
226,16492.63,59711.92,8680.46,10822.730000000001,16533.12
227,14999.57,58995.14,8488.939999999999,10658.18,16664.8
228,12578.619999999999,57553.729999999996,8216.529999999999,10399.44,16368.529999999999
229,10842.529999999999,54173.08,8050.43,10354.35,15437.169999999998
230,9512.039999999999,50771.29,7832.62,9558.75,13428.27
231,8965.43,49317.060000000005,7766.8099999999995,9274.14,10948.25
232,8545.76,48057.5,7555.9400000000005,9386.77,9649.369999999999
233,8324.02,47359.29,7236.0,9392.0,9276.88
234,8238.11,46927.03,7178.71,9528.16,9201.8
235,8232.04,47223.82,7382.83,9529.460000000001,9180.17
236,8223.119999999999,47838.549999999996,7837.389999999999,9394.92,9638.119999999999
237,8648.7,47933.44,10340.19,9934.26,9914.630000000001
238,9593.95,48663.57,13128.18,10899.380000000001,9777.67
239,10128.05,48947.17,14306.86,11854.41,9503.11
240,10790.119999999999,47852.29000000001,15284.810000000001,12533.48,9569.33
241,11317.29,45980.979999999996,15626.73,12921.95,9540.41
242,11489.03,43790.10999999999,15184.82,12957.99,9566.990000000002
243,11166.68,43312.979999999996,14791.48,12651.61,9819.42
244,10936.339999999998,45059.46,14254.33,12059.38,9855.84
245,12600.739999999998,45456.229999999996,13512.55,11305.0,10192.35
246,14784.35,46435.15000000001,13522.42,10676.45,10183.04
247,17499.09,48885.439999999995,14006.89,10180.599999999999,11827.61
248,17581.579999999998,53503.18,15459.829999999998,10299.5,12826.25
249,16117.8,54956.340000000004,12235.83,10376.390000000001,12595.060000000001
250,14975.650000000001,53557.67,10033.64,10382.97,12446.16
251,13178.22,52391.88,8987.26,10319.87,12688.79
252,12310.269999999999,50050.35,8197.25,10179.02,12504.89
253,11090.9,48235.03,7793.7,9938.390000000001,11900.9
254,9661.980000000001,47113.07,7469.16,9697.72,10404.9
255,8824.11,45194.130000000005,7353.28,9603.890000000001,9412.75
256,8223.08,43479.27,7286.58,9592.78,8828.01
257,7978.17,42588.65000000001,7057.3099999999995,9575.45,8707.93
258,8041.79,41258.29,7076.17,9571.1,8737.22
259,7931.0,40908.96000000001,7285.41,9570.69,8879.07
260,7720.58,41451.03,7495.049999999999,9695.41,8530.529999999999
261,7717.640000000001,41012.55,9467.07,10344.45,7674.5
262,8272.42,39148.68,11701.19,11313.69,7907.320000000001
263,9312.17,37057.72,13332.89,12305.14,8119.4
264,10094.619999999999,35932.29,14258.619999999999,13097.83,8405.29
265,10760.220000000001,35597.130000000005,14304.98,13523.2,8563.86
266,10954.510000000002,34360.64,13936.86,13559.64,8703.66
267,10654.17,33353.2,13364.65,13236.8,8672.24
268,10065.92,34366.92999999999,13031.39,12593.33,8510.189999999999
269,9881.689999999999,39063.68,11867.73,11523.02,8477.39
270,11526.76,44045.45,10390.27,10563.91,8936.51
271,14940.96,46074.26,11451.789999999999,10226.56,12423.509999999998
272,17830.960000000003,48741.920000000006,13247.560000000001,10213.560000000001,15554.29
273,17012.14,49212.91,11303.92,10248.53,15823.15
274,15853.73,49391.23,9968.44,10395.649999999998,15734.35
275,13728.319999999998,49818.67,9025.31,10374.19,15775.2
276,12282.93,49155.64,8070.5,10280.01,15104.349999999999
277,10913.300000000001,47391.45,7816.49,10050.37,13103.4
278,9091.7,45099.63,7716.6,9893.099999999999,11694.89
279,8508.970000000001,43322.49,7594.3,10057.330000000002,10616.4
280,8062.78,42154.87,7570.759999999999,10249.95,9922.16
281,8151.45,41473.71000000001,7364.57,10342.85,10005.43
282,8602.630000000001,41809.81,7366.02,10329.59,9979.09
283,8995.699999999999,44281.42,7565.139999999999,10494.5,10238.2
284,9467.71,48472.11,8257.2,10667.89,11404.349999999999
285,9935.990000000002,52360.86,10760.529999999999,11369.34,11909.3
286,10454.77,53538.6,14478.699999999999,12324.189999999999,12005.68
287,10685.01,52425.009999999995,16836.809999999998,13346.930000000002,12045.939999999999
288,11304.099999999999,50841.24,18230.42,14070.47,11945.6
289,11845.230000000001,48820.869999999995,18395.4,14405.14,11963.68
290,11885.18,46244.6,17359.78,14388.46,11992.009999999998
291,12106.81,48011.36,16493.39,14157.46,12131.48
292,12510.39,49739.92,16452.31,13326.539999999999,12236.54
293,13699.819999999998,51161.92999999999,15249.09,12468.32,13576.89
294,14566.16,53263.45,14735.51,11542.100000000002,15025.57
295,16090.59,53250.869999999995,14946.01,10924.06,15799.779999999999
296,17648.63,56580.049999999996,16498.82,10810.010000000002,16136.98
297,17543.420000000002,57279.54,15120.54,10808.820000000002,16303.009999999998
298,16018.77,56984.21,14128.03,10785.32,16298.6
299,14838.079999999998,56218.83,13713.119999999999,10658.52,16060.89
300,12634.839999999998,54971.590000000004,11933.84,10541.77,15864.880000000001
301,10989.46,52925.35,8947.41,10461.56,15160.52
302,9448.550000000001,50196.99,8044.81,10450.23,13652.7
303,9058.02,47819.979999999996,7932.889999999999,10421.590000000002,12720.92
304,8795.65,46171.26,7924.219999999999,10428.210000000001,12094.84
305,8786.65,45513.7,7705.77,10462.45,11914.32
306,8813.26,45685.5,7512.039999999999,10577.45,11959.21
307,9215.220000000001,47419.76000000001,7711.7300000000005,10569.880000000001,12818.0
308,9911.71,50732.52,8135.289999999999,10680.069999999998,13645.68
309,10561.61,53031.770000000004,11716.73,11000.3,13741.95
310,10473.66,54165.02,14295.66,11666.99,12843.32
311,10618.23,53048.98,17963.9,12680.93,10604.11
312,11146.870000000003,51521.82,20549.83,13492.9,9545.880000000001
313,11500.98,50418.86,19732.98,14310.260000000002,9041.26
314,11290.0,49281.88,18771.38,14600.03,8778.43
315,12152.55,49803.42999999999,18402.75,14332.199999999999,9370.23
316,12409.93,51070.16,17460.84,13720.519999999999,10486.58
317,13540.359999999999,52773.48,15567.28,12860.11,11932.74
318,15254.29,51603.58,16986.5,11391.43,14152.95
319,17111.14,51797.92,16677.28,10839.06,15495.869999999999
320,19187.079999999998,56018.81,17330.41,10630.91,15846.58
321,17157.170000000002,57677.5,16074.51,10661.12,15934.16
322,15620.949999999999,58078.25,14063.16,10644.949999999999,15729.759999999998
323,14343.039999999999,58261.89,12499.029999999999,10521.85,15741.35
324,12710.11,55934.11000000001,11436.71,10385.94,15109.73
325,11455.38,52849.909999999996,9350.71,10345.85,14211.79
326,10280.130000000001,50053.98,7793.110000000001,10386.809999999998,12997.53
327,9808.99,47061.549999999996,7798.11,10110.220000000001,11764.55
328,9528.2,45494.51,7794.22,10028.43,11176.99
329,9511.09,44669.49,7400.73,10168.050000000001,10854.380000000001
330,9456.81,44681.36,7452.16,10515.84,10612.230000000001
331,9571.03,46346.37,7625.3099999999995,10687.630000000001,11310.439999999999
332,10044.98,50672.29,7999.21,10967.259999999998,12243.09
333,10534.63,53901.37,10327.32,11668.039999999999,13048.98
334,10820.45,55153.78,12611.8,12672.08,11998.130000000001
335,11351.769999999999,52434.65,16720.71,13608.300000000001,10156.29
336,11748.69,52667.28,19037.78,14251.529999999999,8971.42
337,11971.09,52335.33,18895.120000000003,14622.5,8710.69
338,11577.09,49454.67999999999,19110.55,14622.449999999999,8140.099999999999
339,11313.01,51611.54,18832.129999999997,14296.82,8701.57
340,11103.67,52619.93,18006.29,13671.92,10548.58
341,11936.01,53200.240000000005,16699.449999999997,12847.01,12932.1
342,13713.369999999999,52392.53,17542.850000000002,12051.92,14237.34
343,15725.720000000001,52331.0,17638.8,11506.0,14733.57
344,17908.52,56357.32,18484.22,11196.170000000002,15432.39
345,17490.039999999997,57181.47000000001,16481.62,11153.470000000001,15084.5
346,15360.16,58376.530000000006,13752.779999999999,11156.629999999997,15252.81
347,13632.13,58164.04,13514.239999999998,11095.97,15171.62
348,11967.83,55890.2,12703.919999999998,10931.28,14984.94
349,11501.61,53475.780000000006,9312.36,10862.84,14328.36
350,10378.710000000003,51104.95,8476.439999999999,10720.43,12780.07
351,10021.77,49177.51,8173.650000000001,10652.08,11120.8
352,9750.82,47672.97,8145.139999999999,10660.24,9988.69
353,9995.600000000002,47396.96000000001,7728.619999999999,10601.720000000001,9060.46
354,10278.61,47790.22,7654.5,10171.380000000001,9169.59
355,10633.59,49390.50000000001,7788.97,10061.24,10047.24
356,11478.41,52104.94,8402.81,10195.650000000001,11069.6
357,11806.25,52445.55,12670.630000000001,10876.92,11213.470000000001
358,11724.15,52813.68,17044.73,12004.330000000002,9821.96
359,11657.15,53241.1,17696.97,13026.64,8952.23
360,11748.2,54045.93,18738.6,13614.56,7846.459999999999
361,11696.83,53747.020000000004,19073.96,13904.160000000002,8255.529999999999
362,11730.81,50972.950000000004,19535.02,14003.369999999999,8743.82
363,12970.66,51518.08,19516.52,13767.859999999999,9271.720000000001
364,13650.31,52356.25,18599.79,13079.320000000002,11002.04
365,13488.730000000001,52681.01999999999,19118.489999999998,12175.970000000001,12370.54
366,15708.3,52766.030000000006,19777.21,11373.07,13154.26
367,18550.940000000002,52801.16,18139.89,11159.799999999997,14120.86
368,20621.37,55955.03,18303.32,11143.62,15202.619999999999
369,20750.190000000002,56597.98,16280.2,11260.74,15072.71
370,18753.979999999996,57487.84,14364.69,11293.119999999999,14820.989999999998
371,16554.86,57955.53999999999,13540.630000000001,11001.990000000002,14753.97
372,14973.11,56581.899999999994,12876.919999999998,10842.45,14322.99
373,13865.14,52759.86,11836.119999999999,10823.720000000001,13410.560000000001
374,12111.05,51084.17,8836.919999999998,10828.440000000002,12413.82
375,11313.35,49007.380000000005,8541.82,10816.960000000001,11344.060000000001
376,10952.54,48103.69,8448.05,10640.730000000001,10333.099999999999
377,10736.86,47710.200000000004,8147.2,10579.48,9694.720000000001
378,10524.16,47679.59999999999,8182.5,10622.79,9845.35
379,10501.73,48682.45,9429.92,10638.0,10439.779999999999
380,11400.5,52106.19,9844.84,10757.96,11277.86
381,12042.51,53258.85,13263.96,11366.769999999999,11531.03
382,12469.56,53800.81,16113.080000000002,12306.6,11072.76
383,12621.91,52329.509999999995,17945.66,13214.59,10404.03
384,12812.16,52422.06,19929.66,13961.17,9142.33
385,12587.78,51331.7,20362.76,14403.730000000001,8846.220000000001
386,12212.689999999999,49205.8,20272.18,14634.510000000002,8733.61
387,12204.220000000001,50357.88,20054.99,14416.59,8971.880000000001
388,12076.63,51261.990000000005,19547.03,13944.85,10236.619999999999
389,13531.660000000002,51743.77,17736.11,13035.89,12008.31
390,14678.97,51702.630000000005,16898.41,12125.060000000001,13514.91
391,18897.93,52772.1,14785.11,11595.64,14473.35
392,20390.71,56491.600000000006,16230.57,11404.26,15204.07
393,19006.76,57250.93,14918.88,11364.43,15092.86
394,16157.62,57266.600000000006,14259.02,11194.960000000001,15051.510000000002
395,14065.130000000003,57539.17,13902.75,11078.4,15042.02
396,12931.3,55560.14000000001,13189.919999999998,10982.010000000002,14575.279999999999
397,11695.41,52463.89,12729.92,10880.210000000001,13511.04
398,10693.48,49816.63999999999,11237.8,10633.16,12666.57
399,10120.890000000001,48091.92,10446.83,10622.530000000002,11341.82
400,9930.630000000001,46595.780000000006,9615.3,10630.34,10737.6
401,9706.659999999998,46503.44,8558.91,10633.76,10309.72
402,9694.14,46621.07000000001,7872.16,10611.320000000002,10340.84
403,10576.2,47230.590000000004,7706.03,10493.35,9978.81
404,10716.32,48662.83,8023.2300000000005,10332.180000000002,10205.619999999999
405,11313.94,49292.74,11163.3,10470.85,9761.97
406,11550.130000000001,48802.51,13855.82,11105.47,9351.05
407,11639.289999999999,48812.939999999995,15341.689999999999,12068.57,8209.279999999999
408,12177.87,46680.700000000004,16587.829999999998,12793.84,7901.09
409,12552.15,44975.270000000004,16968.26,13162.24,7583.469999999999
410,12645.329999999998,43047.32,16918.34,13232.49,7574.67
411,12533.37,42578.01,16473.98,12909.4,7677.43
412,12114.779999999999,43308.880000000005,15828.55,12318.420000000002,7883.6900000000005
413,11966.82,43950.42,16219.04,11746.429999999998,8441.73
414,14292.44,44947.09,15439.74,11312.01,9674.36
415,17363.35,48575.200000000004,14452.12,10913.500000000002,12094.26
416,18046.94,54422.77999999999,15986.44,10699.33,14526.92
417,16610.86,54312.399999999994,14601.06,10490.51,14492.36
418,14235.629999999997,53578.990000000005,12885.349999999999,10365.090000000002,14516.76
419,11797.02,53090.58,11619.22,10166.45,14659.599999999999
420,11146.7,51660.079999999994,10271.109999999999,10179.300000000001,14089.45
421,10593.17,49370.25,9524.24,10163.090000000002,13180.8
422,10548.64,47079.96000000001,8411.66,9824.78,11806.33
423,10098.45,45279.119999999995,7850.139999999999,9631.900000000001,11255.869999999999
424,9993.23,43896.42,7898.83,9644.54,9889.130000000001
425,9927.58,43167.990000000005,7912.639999999999,9639.880000000001,8882.21
426,10057.07,42313.42,7697.7699999999995,9697.050000000001,8544.619999999999
427,10067.65,42159.7,7378.280000000001,9862.77,8409.08
428,9564.24,42013.159999999996,7794.660000000001,10001.539999999999,8728.71
429,9152.18,41532.89,10115.259999999998,10646.720000000001,7822.860000000001
430,9723.06,38370.31999999999,13114.48,11597.86,7411.73
431,10544.279999999999,36904.84,14399.51,12560.61,7263.46
432,11161.310000000001,36383.29,15434.119999999999,13267.840000000002,7279.4400000000005
433,11583.19,36343.46,15892.13,13640.47,7517.04
434,11707.41,36041.17,15432.62,13660.46,7442.56
435,11452.75,35023.97,14848.26,13376.08,7174.41
436,10980.66,35337.13,14233.45,12865.44,6905.17
437,10618.690000000002,37480.63,14295.900000000001,11969.81,6956.91
438,13065.089999999998,39961.380000000005,13690.52,11150.5,8512.0
439,15973.3,43434.090000000004,12646.890000000001,10829.19,12935.8
440,16542.36,49694.26000000001,14259.59,10753.18,14683.92
441,15910.96,50820.17,13353.45,10234.67,14733.39
442,14395.170000000002,50971.71,12374.79,10190.400000000001,14817.25
443,12157.06,51947.68000000001,11303.02,10065.24,14745.81
444,10952.73,50771.76,10838.96,9748.52,14153.39
445,10394.21,49406.04,8834.73,9527.69,13283.34
446,9915.560000000001,46750.76000000001,8124.259999999999,9631.320000000002,12429.66
447,9590.230000000001,45391.02,7900.5,9582.69,11201.89
448,8922.14,44905.81,7870.87,9482.33,10254.29
449,8789.96,44742.57,7855.98,9517.470000000001,9608.380000000001
450,8958.289999999999,44511.39000000001,7879.549999999999,9549.94,10298.02
451,9471.84,45359.64,7787.7,9661.04,11992.31
452,10198.539999999999,48736.05,8599.45,9653.44,12776.760000000002
453,10785.81,49623.09,12947.06,10342.48,13151.989999999998
454,11244.310000000001,51106.54,16517.940000000002,11343.41,11986.67
455,11407.189999999999,51386.54,18686.7,12209.01,9945.33
456,12069.64,50503.66,19922.67,12883.62,9883.24
457,12365.449999999999,49401.71,20395.48,13335.420000000002,9895.84
458,12409.74,46892.4,20041.01,13365.11,9872.240000000002
459,12641.220000000001,47686.88,19853.510000000002,13229.47,10494.09
460,13237.62,49617.35,18308.760000000002,12725.319999999998,11522.96
461,16222.54,50082.22,16476.97,11916.73,12293.739999999998
462,18127.54,50440.06,15593.82,11066.42,13670.26
463,20796.43,50362.270000000004,15594.27,10663.93,14579.93
464,21245.18,55673.3,16304.699999999999,10618.390000000001,15359.45
465,19646.32,57933.03,15123.82,10627.28,15295.609999999999
466,16762.64,58930.909999999996,14010.630000000001,10268.12,15128.93
467,15167.489999999998,58861.78,13215.82,10207.910000000002,15069.21
468,14206.96,55917.28999999999,11936.96,10536.320000000002,14801.79
469,12700.44,53528.67,9447.57,10707.87,13718.11
470,10440.99,51735.579999999994,7878.959999999999,11011.17,13308.829999999998
471,9580.11,50050.04,7758.57,11075.199999999999,11718.51
472,9538.880000000001,48066.75,7788.719999999999,11056.600000000002,10968.32
473,9529.97,46956.6,7804.29,11201.79,10937.68
474,9488.87,46930.939999999995,7859.639999999999,11389.09,11035.11
475,9711.630000000001,48388.39,7735.95,11392.87,12063.94
476,10319.68,52205.45999999999,7798.92,11501.289999999999,12895.38
477,10894.0,53426.27,11878.5,12214.75,13020.630000000001
478,11617.74,51713.869999999995,15550.07,12853.51,12968.86
479,11563.83,51020.09,17332.91,13479.550000000001,11718.470000000001
480,11988.29,51875.47,18787.17,14415.92,10308.619999999999
481,12448.509999999998,50732.15,19612.54,14814.9,9554.05
482,13008.52,47456.28,19433.09,14888.119999999999,9394.0
483,13731.809999999998,47646.549999999996,20420.15,15082.22,9909.68
484,14776.35,49074.270000000004,19473.54,14489.45,11538.349999999999
485,16007.97,50378.78,18140.87,13633.770000000002,12635.79
486,18712.090000000004,50903.990000000005,16938.4,12686.42,13728.26
487,20140.65,51205.48,16431.12,12197.98,14368.95
488,20939.53,55863.409999999996,17256.36,12056.150000000001,15164.0
489,18869.9,58511.75,15949.489999999998,12010.08,15341.949999999999
490,17461.41,59388.68000000001,14010.73,11752.8,15251.880000000001
491,16176.090000000002,60043.26000000001,12772.490000000002,11655.830000000002,15034.01
492,14770.659999999998,57933.93,12192.470000000001,11466.74,14430.32
493,13011.69,54729.04,10704.18,11379.390000000001,13606.71
494,12656.529999999999,50635.41,9789.94,11009.88,12132.95
495,11853.309999999998,48182.759999999995,9470.97,10971.57,11014.5
496,11372.74,46643.28,9076.869999999999,10961.210000000001,10842.96
497,11280.68,45463.850000000006,9073.04,10966.75,10749.89
498,11366.34,45387.66,9082.32,10965.84,10940.82
499,11521.83,46167.060000000005,10098.7,10963.910000000002,11774.72
500,11726.039999999999,48850.25,12182.859999999999,11109.01,12138.789999999999
501,12036.119999999999,51710.97,15615.3,11825.75,11629.29
502,12393.739999999998,51700.95,17309.28,12707.599999999999,11400.08
503,11974.210000000001,52163.95,18326.05,13233.8,10296.54
504,12023.71,52422.97,19491.06,13907.999999999998,9534.09
505,12384.670000000002,51003.18,20273.71,14389.1,9609.76
506,12535.37,48786.649999999994,20013.870000000003,14486.480000000001,9676.67
507,13286.820000000002,49268.47,21127.1,14228.65,10331.64
508,13859.3,49062.56999999999,20474.61,13668.8,12060.66
509,14499.189999999999,49600.28,20297.85,13056.95,13161.91
510,16779.44,50939.22,19359.85,12433.93,13905.099999999999
511,20522.53,50934.43000000001,16399.4,12197.210000000001,14255.57
512,22186.83,55477.78999999999,16160.779999999999,12092.060000000001,14752.22
513,19716.23,56933.409999999996,16076.73,12018.060000000001,14890.599999999999
514,15878.970000000001,57729.1,16511.72,11685.77,14929.65
515,14306.839999999998,58177.70999999999,15939.41,11351.49,14741.06
516,13968.25,56479.96,14143.07,11309.75,14365.52
517,13058.98,53900.450000000004,11640.63,11202.09,13402.16
518,12222.27,51142.259999999995,10107.189999999999,11069.29,11857.07
519,11413.339999999998,48789.57,9669.17,11057.44,10677.54
520,11273.41,47218.39000000001,9227.48,11069.7,10163.150000000001
521,11447.13,46199.240000000005,8920.47,11057.640000000001,9968.9
522,11431.33,46428.21000000001,8850.42,11037.36,10140.63
523,11126.07,48527.24999999999,9273.859999999999,11076.720000000001,11225.7
524,11251.59,51185.21000000001,10767.16,11012.18,12056.57
525,11860.109999999999,52330.399999999994,15645.53,11559.52,11401.880000000001
526,12361.830000000002,53175.25000000001,18652.86,12342.66,11086.82
527,12544.63,53023.07,19102.54,12868.279999999999,11117.69
528,13368.16,53190.72,19524.809999999998,13386.51,11298.27
529,14435.61,52871.36,19539.629999999997,13890.87,10495.0
530,14620.339999999998,50743.26,19291.620000000003,13940.63,10191.6
531,14480.07,50979.95,19673.17,13714.11,11354.76
532,14409.6,51457.32,19603.15,13543.86,12949.43
533,15105.36,52693.29,19410.3,12886.189999999999,13605.3
534,16985.629999999997,54061.04,16693.16,12123.59,14131.77
535,20846.71,54397.3,14115.789999999999,11805.820000000002,14064.06
536,22835.54,57907.38,14125.98,11552.78,14710.75
537,20834.86,60397.899999999994,13046.99,11227.07,14415.02
538,17849.56,60879.659999999996,12795.13,10953.45,14220.77
539,16106.74,60750.08,12123.11,10716.380000000001,14469.470000000001
540,15693.07,58038.46,11312.34,10604.580000000002,14021.29
541,14206.56,54347.17,10522.5,10686.38,12865.029999999999
542,13752.34,50721.85,9815.65,10905.77,10582.330000000002
543,13112.339999999998,48148.54,9947.59,10876.919999999998,9309.06
544,12228.460000000001,46629.64,9729.75,10844.05,9156.42
545,12129.54,46264.41,8813.98,10903.75,9166.89
546,11809.789999999999,46672.130000000005,8862.02,10886.849999999999,9099.74
547,11360.449999999999,48168.899999999994,10265.48,10880.04,9734.380000000001
548,11637.51,48963.5,12608.490000000002,11039.410000000002,10947.900000000001
549,12079.04,49335.8,16951.7,11518.79,11550.119999999999
550,12774.269999999999,50369.3,18906.68,12205.43,11482.21
551,13536.579999999998,50709.670000000006,19359.49,12531.91,10671.0
552,13917.05,51223.549999999996,19087.91,13086.83,10841.76
553,13828.669999999998,51503.899999999994,19471.15,13551.15,10252.05
554,13799.76,49922.08,19447.04,13706.66,9812.0
555,13672.41,50749.59,19086.75,13583.22,10673.39
556,13627.369999999999,52636.630000000005,18081.55,13175.640000000001,11764.529999999999
557,13583.220000000001,52819.61,18211.5,12570.990000000002,12438.61
558,14975.28,53232.48000000001,17316.72,11869.06,12365.25
559,18449.890000000003,53061.09,15179.829999999998,11513.02,13504.96
560,20447.78,55016.950000000004,15927.4,11395.349999999999,14238.75
561,17480.75,59027.51999999999,14515.21,11219.039999999999,14346.99
562,13772.599999999999,60403.490000000005,13219.28,10954.699999999999,14418.3
563,11636.8,60334.67,13137.98,10712.66,14441.06
564,11190.47,57969.71000000001,12880.58,10638.410000000002,13810.66
565,11351.86,55600.16,12148.94,8595.44,12959.64
566,10637.19,53675.21,10737.380000000001,7961.469999999999,12035.98
567,10357.76,50859.810000000005,10570.54,7610.25,11613.5
568,10482.119999999999,48455.28999999999,10111.71,7580.42,11019.54
569,10663.119999999999,47281.95,9446.279999999999,7646.099999999999,10757.96
570,11275.93,46583.50000000001,8999.0,7661.28,10922.02
571,12275.83,46109.829999999994,9171.46,7656.41,11013.869999999999
572,12302.9,46484.729999999996,9101.61,7774.400000000001,11663.7
573,11841.43,47765.72,10212.9,8419.789999999999,12131.48
574,12184.609999999999,48753.76000000001,11340.189999999999,9433.029999999999,11999.93
575,12852.070000000002,48596.61,12915.33,10277.31,11118.79
576,13298.4,48221.64,14323.71,11064.87,9690.779999999999
577,13730.12,46945.76,15248.39,11523.48,9110.4
578,13770.630000000001,45880.29,15524.630000000001,11573.199999999999,8701.779999999999
579,14402.61,45039.65,15378.96,11176.06,8545.77
580,13726.88,45826.59,14875.34,10576.16,8832.26
581,13734.19,45918.979999999996,14764.09,9722.220000000001,9930.43
582,15779.689999999999,46968.719999999994,13714.210000000001,8858.24,11715.85
583,18514.05,47952.15000000001,15743.7,8560.62,12761.1
584,20972.01,53036.69,17233.15,8548.72,13138.06
585,18151.820000000003,55466.740000000005,15687.830000000002,8483.170000000002,13351.11
586,14154.96,56520.45,14191.06,8394.420000000002,13294.32
587,11619.38,56199.240000000005,13477.560000000001,8347.740000000002,12994.16
588,11126.170000000002,54273.24,11843.42,8763.08,12545.05
589,11031.78,52147.14,10091.02,9211.7,11553.130000000001
590,10879.470000000001,49994.119999999995,8757.689999999999,9224.330000000002,10063.099999999999
591,10516.61,48305.759999999995,8323.84,9187.66,8978.5
592,10253.65,46648.380000000005,8129.15,9137.249999999998,8879.75
593,9730.609999999999,46259.56,7677.53,9098.05,8345.5
594,9195.28,46136.57,7550.450000000001,9095.24,8193.869999999999
595,9305.5,45713.9,7486.34,9105.19,8127.23
596,9135.7,44993.61,7790.620000000001,9199.9,8147.299999999999
597,9375.68,43207.79,9974.939999999999,9788.0,7444.16
598,9633.320000000002,41477.03999999999,11895.69,10823.230000000001,6823.78
599,9927.44,39758.19,14135.82,11806.29,6763.5599999999995
600,10223.37,39658.3,15571.17,12563.0,6982.84
601,10438.189999999999,40967.380000000005,15875.18,12841.18,7217.13
602,10423.88,40937.200000000004,16026.859999999999,12806.23,7370.34
603,10550.970000000001,40614.25,15792.54,12452.61,7287.13
604,11422.07,39582.090000000004,15044.71,11767.13,7704.52
605,11586.75,39954.54,14476.36,11016.17,8616.3
606,13659.189999999999,41738.87,13007.240000000002,10207.29,11121.279999999999
607,17396.190000000002,44195.45,14085.900000000001,9620.140000000001,12994.439999999999
608,19004.140000000003,49632.92,16324.210000000001,9408.369999999999,13598.88
609,17386.77,52857.25,13589.93,9627.36,13489.01
610,14940.07,54315.37000000001,12683.51,9492.35,13428.300000000001
611,12906.64,54920.43,12178.33,9345.98,13242.61
612,12653.59,53211.659999999996,11281.74,9224.85,12890.6
613,12520.52,51041.880000000005,9854.84,9303.03,11813.19
614,12206.630000000001,47880.600000000006,9521.31,9038.880000000001,10730.81
615,11672.140000000001,44853.61,9636.68,9883.529999999999,9758.17
616,11467.740000000002,43481.36000000001,9575.3,9919.49,8963.02
617,11130.38,43325.34,9359.76,9915.05,8772.67
618,11249.02,43415.36,9677.68,9738.26,8855.26
619,12116.26,43665.31,11202.75,9674.94,9655.189999999999
620,12387.4,46646.94,12284.66,9828.97,10426.66
621,12536.619999999999,49272.42,14920.86,10548.82,10310.32
622,13251.92,50885.119999999995,16155.380000000001,11532.02,10813.650000000001
623,13445.359999999999,49631.56,17852.0,12417.5,11430.95
624,13180.710000000001,49188.149999999994,20048.3,13085.72,11774.02
625,13395.380000000001,48490.89,21634.82,13421.220000000001,12042.72
626,13617.24,47218.48,21838.22,13285.02,11235.09
627,14121.660000000002,46249.49,22621.13,13032.77,11937.79
628,15285.539999999999,44176.21000000001,23968.73,12510.57,12206.93
629,16106.609999999999,44350.0,24899.78,11739.630000000001,11894.560000000001
630,18726.5,45896.8,22336.29,10868.24,12926.900000000001
631,21458.07,47630.22,17942.54,10630.34,13776.32
632,22773.739999999998,52846.3,16433.96,10718.83,14510.57
633,22193.940000000002,53438.71000000001,16114.33,10792.51,14445.73
634,21001.44,52534.630000000005,16320.65,10704.52,14422.32
635,19847.370000000003,52096.61,16560.39,10616.16,14399.25
636,17613.38,49622.3,16617.6,10327.96,14016.650000000001
637,16432.18,45343.70999999999,16625.83,10083.630000000001,12809.439999999999
638,13681.06,44132.05,15387.59,9935.560000000001,12159.7
639,13103.22,42762.15,13301.31,9901.869999999999,11686.130000000001
640,12491.24,42389.05,11731.05,9891.339999999998,11548.189999999999
641,12650.789999999999,42317.68,10852.53,9937.83,10919.84
642,12798.54,42307.72,10519.48,9849.74,11650.56
643,12701.81,42061.590000000004,13316.900000000001,9894.130000000001,12294.439999999999
644,12904.609999999999,43485.37,16662.29,10028.210000000001,12318.73
645,13260.189999999999,46120.41,18187.89,10691.220000000001,12412.21
646,13524.43,47365.10999999999,20293.0,11560.349999999999,11768.48
647,13249.160000000002,47324.14,20815.91,12277.670000000002,10793.279999999999
648,13733.17,47761.96000000001,21385.61,12806.539999999999,9509.36
649,13941.67,47414.76,21907.85,13218.52,8540.45
650,13484.08,46233.69,21436.39,13349.2,8049.38
651,14096.43,45471.39,21023.23,13187.37,9375.25
652,14685.029999999999,44944.2,21122.809999999998,12695.130000000001,10407.59
653,15103.48,44944.02,21772.65,11990.609999999999,10885.900000000001
654,16375.3,46294.64,21558.14,11111.039999999999,11737.74
655,18627.129999999997,48157.43,18744.34,10672.36,13557.55
656,22360.400000000005,52277.95,18366.52,10591.47,14466.05
657,21553.03,53494.229999999996,17298.96,10667.380000000001,14469.68
658,19118.15,53472.31,17682.34,10327.670000000002,14358.380000000001
659,18429.32,52760.29,17374.34,9949.220000000001,14351.07
660,17183.32,49550.87,17261.93,9716.2,13694.38
661,15138.7,45671.71,16749.37,9585.61,12764.369999999999
662,12564.92,44293.83,14865.240000000002,9515.42,11692.34
663,11186.19,43347.37,12790.64,9526.92,11618.01
664,11063.140000000001,42460.39000000001,11417.08,9515.029999999999,11309.07
665,11007.7,42226.02,10777.630000000001,9486.08,11030.59
666,10954.56,42145.37,11010.76,9481.589999999998,11230.509999999998
667,10784.960000000001,42765.02,12558.98,9487.890000000001,11697.630000000001
668,11347.300000000001,44699.33,14742.25,9622.64,12354.95
669,11497.57,47992.82,15729.320000000002,10277.85,12676.77
670,12253.029999999999,49942.82000000001,17391.34,11247.95,10914.16
671,12690.66,49518.75,18737.13,12147.71,8845.779999999999
672,12918.230000000001,49306.86,19882.449999999997,12842.53,7835.56
673,12757.32,48041.74,20746.61,13227.19,7864.91
674,12614.21,45714.17,20521.06,13315.52,7402.17
675,13182.17,46413.8,20603.52,13120.81,7571.7300000000005
676,13438.12,46770.31,21006.95,12778.51,8375.0
677,13905.720000000001,46935.21000000001,20740.88,11822.0,10055.5
678,14903.789999999999,49137.15,19764.0,10804.740000000002,12103.539999999999
679,15910.96,53604.740000000005,17499.97,10303.28,13259.86
680,18975.09,58930.53999999999,17004.559999999998,10197.48,14175.7
681,17756.65,59876.939999999995,16544.11,10331.56,14234.04
682,15759.199999999999,59803.28999999999,16002.49,10032.7,14318.630000000001
683,14577.400000000001,58892.65,15798.48,9675.230000000001,14177.690000000002
684,13405.039999999999,56508.920000000006,14791.2,9554.150000000001,13483.09
685,12934.66,52888.32,13134.08,9565.7,12132.7
686,12106.27,50092.33,10737.49,9611.07,10893.55
687,11707.18,48240.15,9317.869999999999,9838.089999999998,9842.990000000002
688,11758.25,47325.060000000005,8996.93,9851.57,8373.93
689,11994.179999999998,46781.06,8757.86,9846.449999999999,7751.88
690,11923.119999999999,47358.700000000004,8885.48,9542.59,7821.6900000000005
691,12388.409999999998,48556.759999999995,9033.12,9245.759999999998,9108.58
692,12621.71,51109.9,9489.33,8875.68,11511.3
693,13059.33,53556.04,12149.91,9558.24,11629.98
694,13655.539999999999,53760.91999999999,15851.95,10610.939999999999,9176.380000000001
695,13738.84,52069.26,17869.04,11473.82,7477.36
696,14163.74,51002.01,18905.42,12070.24,7301.21
697,13777.47,50905.020000000004,19152.559999999998,12437.24,7384.8
698,13280.239999999998,48443.69,18451.32,12495.17,7237.91
699,13502.12,49507.119999999995,18841.66,12198.76,7327.01
700,13257.199999999999,52765.9,18165.510000000002,11690.78,7949.26
701,13291.29,53588.340000000004,17229.2,11192.87,9813.630000000001
702,13729.24,56879.55,16092.71,10411.57,10711.380000000001
703,15510.48,58754.98,15044.39,9896.6,12007.01
704,16903.68,61885.95,17172.39,9783.48,13060.25
705,15988.74,60690.69,17767.22,9914.71,13537.93
706,15193.99,59402.100000000006,17073.89,9535.119999999999,13629.759999999998
707,14246.11,57833.19,17633.04,9141.06,13634.66
708,14317.06,55541.84000000001,15489.320000000002,9074.65,13060.92
709,13517.41,53544.61,12299.19,9384.53,11747.36
710,12550.859999999999,51189.37,9799.15,9422.1,10645.27
711,12306.83,48154.42000000001,9407.41,9269.42,9928.6
712,12230.59,45845.92,9327.36,9268.529999999999,9367.099999999999
713,12112.859999999999,45472.93000000001,9147.98,9360.35,8706.15
714,12259.099999999999,45431.6,9294.0,9384.509999999998,8708.96
715,12212.679999999998,47087.89,9182.29,9333.82,10239.89
716,12695.58,50107.03,9848.380000000001,9383.830000000002,11424.89
717,13088.23,51813.259999999995,14323.980000000001,10159.570000000002,10571.779999999999
718,13736.09,52177.979999999996,17219.21,11238.61,9248.970000000001
719,13301.840000000002,51491.240000000005,18541.4,12151.48,8559.58
720,13726.869999999999,51994.11000000001,18973.89,12717.61,8329.37
721,13351.679999999998,51916.350000000006,19351.800000000003,12846.54,8050.2300000000005
722,13196.669999999998,48515.06,19460.559999999998,12891.66,7656.1900000000005
723,13924.970000000001,49968.42999999999,19023.5,12632.32,7939.73
724,13849.46,52187.04000000001,18277.18,12158.49,8905.26
725,13574.41,52523.34999999999,17980.7,11322.08,10842.580000000002
726,13776.67,53829.68,17602.15,10339.599999999999,11635.060000000001
727,16308.039999999997,54776.88999999999,16292.9,9800.82,12722.33
728,18828.600000000002,58730.11,16873.39,9879.64,13686.05
729,17368.2,59675.479999999996,16230.38,9974.3,13635.25
730,14499.660000000002,59191.46,15262.220000000001,9809.47,13711.509999999998
731,13090.6,58238.780000000006,15351.88,9462.45,13628.89
732,13014.330000000002,55417.83,15006.79,9313.46,12730.279999999999
733,12516.23,53085.08,12856.800000000001,9368.849999999999,11342.0
734,12489.630000000001,50770.71,10357.75,9115.359999999999,9538.84
735,12166.810000000001,47834.770000000004,9430.36,9064.66,8918.11
736,11661.99,46467.4,8353.62,8986.119999999999,8662.26
737,11677.31,45296.89000000001,7764.77,8980.57,8759.52
738,11345.18,44899.219999999994,7761.65,8952.239999999998,8911.2
739,11233.47,45084.409999999996,8148.48,8915.66,8888.6
740,10788.85,46123.81,8884.02,9089.720000000001,8954.039999999999
741,9480.94,47431.94,12182.51,9854.86,8177.92
742,9667.3,46596.81,14254.93,10860.730000000001,8280.39
743,10220.240000000002,44054.15,16013.07,11638.58,8201.89
744,10941.71,42412.45,17108.73,12303.32,8221.16
745,11222.15,41737.63,17201.89,12641.93,8426.32
746,11224.51,40685.39,17278.760000000002,12647.140000000001,8315.55
747,11223.6,40415.09999999999,16883.85,12350.890000000001,8425.17
748,10917.38,41700.66,16268.800000000001,11628.720000000001,8732.61
749,10216.919999999998,43912.979999999996,15825.240000000002,10931.02,9802.29
750,11035.240000000002,47242.21,15763.7,9917.34,10416.89
751,13468.65,50950.770000000004,16007.84,9338.089999999998,11359.88
752,14968.79,55424.5,17975.91,9566.17,12682.7
753,13524.589999999998,55116.89,17493.27,9641.68,12480.7
754,12073.550000000001,54228.95000000001,15273.77,9218.66,12397.330000000002
755,11746.009999999998,53419.009999999995,13725.52,8903.78,12245.77
756,11227.06,51851.69,12247.93,8861.5,11099.14
757,10962.200000000003,50909.590000000004,10583.15,8967.31,9814.34
758,10493.15,49618.66000000001,8348.97,9033.5,8806.789999999999
759,10499.430000000002,46240.66,7940.27,9013.55,8353.210000000001
760,9679.259999999998,44810.92,7784.0599999999995,8994.67,8309.54
761,8909.93,44330.17000000001,7509.08,8987.18,8383.25
762,9156.59,42936.97,7550.4,8991.13,8439.18
763,9359.44,42690.719999999994,7683.8,8984.03,8008.1900000000005
764,9175.23,42536.73000000001,8160.5,9155.61,7300.879999999999
765,8758.589999999998,39335.89,10813.82,9734.890000000001,7257.129999999999
766,8926.64,37325.49,12754.36,10690.109999999999,7194.97
767,9162.79,35999.619999999995,14517.09,11591.69,7095.72
768,9530.689999999999,35943.75,15143.919999999998,12165.089999999998,7209.91
769,9756.27,36839.850000000006,15594.05,12499.189999999999,7450.49
770,9806.359999999999,36810.759999999995,15864.82,12535.800000000001,7257.24
771,9859.88,36076.759999999995,15720.419999999998,12145.08,7139.22
772,9496.72,35525.0,16596.940000000002,11525.72,7158.52
773,9495.51,38114.81,16002.21,10736.84,7597.76
774,10665.83,42203.3,15262.34,9883.32,8492.28
775,13947.9,45973.70999999999,13186.55,9518.150000000001,11709.369999999999
776,16942.88,49590.969999999994,16722.72,9380.74,12092.96
777,15575.25,50045.710000000014,16836.2,9386.359999999999,11927.18
778,13382.62,51734.8,15444.4,9254.779999999999,11547.630000000001
779,11855.140000000001,52601.96000000001,13594.77,9077.42,11504.77
780,11897.54,51235.76000000001,11349.67,8950.439999999999,11387.89
781,11921.64,48238.219999999994,9721.91,8924.83,10578.380000000001
782,11753.08,44863.38,9072.470000000001,8915.39,9402.08
783,10971.779999999997,43372.99,8800.27,8897.089999999998,9069.970000000001
784,10900.85,42004.2,8667.26,8904.859999999999,8665.68
785,10799.34,42328.380000000005,8216.36,8908.23,8035.21
786,10972.449999999999,42766.79,8169.41,8914.16,8071.74
787,11317.22,44635.29000000001,9071.59,8965.04,8868.61
788,11596.11,48954.67,10766.119999999999,9179.17,9310.619999999999
789,11597.08,50257.72,13948.07,9893.34,9458.939999999999
790,12269.500000000002,51094.11,16136.39,11058.009999999998,9644.78
791,12649.029999999999,51368.36,17131.17,12002.79,9722.07
792,13194.45,52305.70999999999,18022.05,12742.95,9695.51
793,13382.7,51448.82,18681.760000000002,12961.69,9715.79
794,13090.599999999999,48816.380000000005,19334.67,12691.07,8897.369999999999
795,13375.18,49029.159999999996,20326.940000000002,12262.92,9322.2
796,13225.08,49788.5,21895.1,11739.82,9514.34
797,13433.46,51723.41,21125.63,10821.17,9866.3
798,14659.43,55018.67,18477.79,9950.88,10474.72
799,17141.93,55597.6,15746.36,9812.69,11157.17
800,19236.96,59558.22,14807.11,9748.0,12549.75
801,18186.25,60844.5,14735.48,9710.89,12391.52
802,15446.62,60675.79,15336.11,9619.51,12108.26
803,13184.65,60741.25,15620.48,9347.490000000002,11937.8
804,12263.820000000002,58354.149999999994,14762.140000000001,9226.179999999998,11265.33
805,11626.06,53703.490000000005,12614.45,9191.77,10837.210000000001
806,10633.28,50802.130000000005,11401.64,9134.109999999999,9506.98
807,10464.75,48457.05,10074.95,9129.929999999998,8973.16
808,10453.109999999999,46837.270000000004,9550.599999999999,9124.4,8682.84
809,10491.77,46286.27999999999,9368.43,9135.05,8405.77
810,10522.960000000001,46109.68000000001,10015.08,9138.949999999999,8461.51
811,10973.6,47628.76,11370.18,9148.060000000001,9013.2
812,10997.89,52094.48,12932.76,9242.720000000001,9887.93
813,11601.94,53328.240000000005,15933.029999999999,9685.77,10067.54
814,12431.48,52690.5,19366.77,10549.35,9903.02
815,13225.02,51289.72,21180.36,11388.039999999999,9328.28
816,13807.6,51190.49999999999,21717.18,12077.05,9455.150000000001
817,14149.31,50763.63999999999,21240.1,12580.689999999999,9602.65
818,13783.86,48122.85999999999,20074.559999999998,12558.35,9740.46
819,13673.800000000001,49208.04,20944.13,12239.36,9873.07
820,13512.99,51741.44,21181.27,11593.45,9949.77
821,13850.699999999999,53870.009999999995,19684.92,10787.87,10414.99
822,15298.550000000001,54203.57000000001,18951.84,10081.08,11145.19
823,17508.38,53585.23,17268.420000000002,9872.12,11980.91
824,18414.840000000004,59615.899999999994,16373.82,9863.859999999999,12830.68
825,16997.3,61093.24,15930.82,9733.5,13173.32
826,13981.830000000002,61732.850000000006,16689.559999999998,9508.759999999998,12988.39
827,13196.099999999999,60604.06,16893.73,9104.730000000001,12663.199999999999
828,12538.060000000001,58051.92,14851.029999999999,9135.429999999998,12113.89
829,11697.410000000002,54347.45,12717.33,9135.179999999998,11453.06
830,10992.07,52094.41,10316.07,9156.01,10203.220000000001
831,10681.41,49187.92,9535.240000000002,9119.82,9959.58
832,10628.57,47467.88,9224.439999999999,9120.83,9347.06
833,10626.95,46604.85,8720.81,9117.42,9386.61
834,10611.03,46828.06999999999,8870.630000000001,9112.91,9755.41
835,10546.39,49001.97,9200.31,9103.27,10890.11
836,10762.880000000001,52186.219999999994,11678.66,9255.400000000001,10952.39
837,11390.84,55347.39,13041.23,9767.550000000001,11087.84
838,12324.25,54195.08,15076.599999999999,10836.18,10740.33
839,12988.080000000002,52215.28999999999,17075.510000000002,11757.63,9852.92
840,13666.369999999999,52127.53,18287.72,12389.62,8836.810000000001
841,14040.71,51692.16,18733.940000000002,12841.800000000001,8680.49
842,13961.009999999998,49694.950000000004,18755.35,12919.18,7570.62
843,13709.769999999999,49950.229999999996,18624.25,12584.5,9321.46
844,13637.47,51567.52,18822.6,11931.119999999999,10008.11
845,13723.619999999999,52616.24,18350.84,11054.88,11122.64
846,14214.01,54707.18,17488.25,10124.99,11777.060000000001
847,16283.749999999998,55015.159999999996,16113.720000000001,9755.23,12496.66
848,18128.609999999997,58885.33,16484.870000000003,9598.289999999999,13735.71
849,16530.34,61682.36,15057.01,9542.91,13633.34
850,14119.48,62824.97,14937.279999999999,9544.409999999998,13310.68
851,12342.06,62470.369999999995,15659.080000000002,9272.45,12927.1
852,12116.23,59186.509999999995,15324.579999999998,9132.71,11930.64
853,10829.11,56696.439999999995,12562.08,9112.6,11146.18
854,10610.54,52878.369999999995,10374.32,9113.199999999999,10449.22
855,10363.67,48972.54,9713.58,9126.67,10294.630000000001
856,10087.83,47741.31,9405.560000000001,9127.039999999999,9411.03
857,9964.94,47414.04,9013.38,9134.609999999999,9134.47
858,9975.58,47370.18,9096.98,9122.689999999999,9496.66
859,10063.24,49267.09,9856.009999999998,9126.960000000001,10345.62
860,10175.7,53360.54,11424.369999999999,9263.7,10882.34
861,10756.699999999999,54292.05,13791.57,10000.01,11275.03
862,11555.220000000001,52657.36,16744.32,10907.599999999999,11037.81
863,11364.71,52363.18,17659.15,11842.42,10769.99
864,12168.47,52188.44,18213.41,12549.68,10404.24
865,12243.919999999998,51964.29000000001,19141.559999999998,12997.89,10232.02
866,12231.57,49067.61,18741.04,13030.64,9731.09
867,13231.2,48615.350000000006,18970.91,12657.630000000001,10289.09
868,13887.44,48307.490000000005,20060.940000000002,12143.24,11815.7
869,14356.3,49996.91,19807.68,11255.22,12200.14
870,14635.560000000001,53872.07999999999,18778.97,10390.539999999999,12233.92
871,16858.129999999997,56801.869999999995,15673.189999999999,9811.49,12449.560000000001
872,18677.3,60973.95999999999,16756.739999999998,9657.64,13208.3
873,16847.63,62216.22,17119.15,9647.07,13051.43
874,14577.809999999998,62543.76,16531.39,9637.539999999999,12868.939999999999
875,13370.22,62334.45,16168.76,9245.69,12745.529999999999
876,12769.689999999999,59422.83,15815.88,8893.529999999999,11904.009999999998
877,12277.45,55978.92,13448.19,8912.97,11133.65
878,12181.249999999998,52162.05,10449.04,9110.03,10762.59
879,11973.06,48541.97,9531.89,9128.640000000001,10608.41
880,12083.69,46973.64000000001,8617.42,9104.69,10098.58
881,11927.77,46049.100000000006,8547.130000000001,9089.12,10059.45
882,11885.29,45790.950000000004,9000.94,9078.140000000001,10328.24
883,12116.86,47747.770000000004,10063.189999999999,9059.51,10761.01
884,12422.219999999998,51591.84,11368.359999999999,9161.869999999999,11357.55
885,12671.79,51340.82,15686.09,9768.43,11351.900000000001
886,13089.949999999999,51225.689999999995,18851.94,10881.07,11186.27
887,13874.029999999999,51568.009999999995,19456.760000000002,11957.36,10740.279999999999
888,14800.68,52806.780000000006,18524.44,12854.409999999998,10910.84
889,15112.61,52096.469999999994,19173.88,13306.890000000001,10039.41
890,14933.85,48794.25,19358.99,13137.27,9550.86
891,15062.0,48108.420000000006,20655.06,12800.859999999999,10636.439999999999
892,14947.160000000002,50112.83,20211.91,12179.829999999998,11023.93
893,14788.230000000001,50978.35,19245.260000000002,11249.75,11584.93
894,15692.000000000002,50060.79,19462.92,10348.91,11739.849999999999
895,19912.02,49052.57000000001,18901.09,9843.539999999999,11932.02
896,21783.89,55373.61,17204.91,9949.17,12477.43
897,20265.9,56653.119999999995,16583.66,9915.44,12267.42
898,17651.420000000002,56386.840000000004,16469.18,9712.75,11997.91
899,15970.460000000001,56690.2,16215.97,9443.95,12046.92
900,15240.6,53988.29,16641.81,9314.67,11489.34
901,14525.46,50443.48,15395.710000000001,9336.730000000001,10605.59
902,12839.05,48613.649999999994,11913.69,9705.460000000001,10038.810000000001
903,11888.18,46773.45,9309.36,9996.12,9794.86
904,11949.939999999999,45101.740000000005,7976.91,10067.44,9719.86
905,11958.64,43593.68,7651.9,10124.630000000001,9568.55
906,11975.67,42737.11,7751.849999999999,10202.250000000002,9546.779999999999
907,12028.619999999999,41937.46,8840.04,10247.69,9536.4
908,12187.050000000001,43001.880000000005,9126.810000000001,10412.019999999999,9638.72
909,12399.68,44227.100000000006,11087.32,10513.369999999999,9481.82
910,11917.099999999999,44761.11,15142.21,11219.619999999999,7866.82
911,11303.8,43610.31,17418.65,11975.88,7474.24
912,11562.41,42269.78,18375.559999999998,12667.86,7336.030000000001
913,11710.6,41775.21,18932.58,13131.4,6905.12
914,11509.16,41179.05,18448.21,13242.72,6805.549999999999
915,11017.8,40388.08,18121.699999999997,12956.640000000001,7052.41
916,10819.82,40042.12,17434.019999999997,12347.11,7997.91
917,11456.23,40067.97,17002.96,11709.260000000002,8767.199999999999
918,12769.19,39681.28,18508.81,11238.93,9777.36
919,16675.2,42996.75,18170.75,10862.25,10784.49
920,19480.260000000002,49342.17,17978.480000000003,10690.35,11788.11
921,19256.44,49129.79,17558.34,10620.580000000002,11737.37
922,16661.460000000003,48760.03,15983.24,10621.81,12032.630000000001
923,14167.139999999998,48209.63,15644.77,10541.25,11681.52
924,13720.550000000001,46664.97,14522.23,10310.480000000001,10844.43
925,13100.710000000001,45235.28999999999,12135.75,10280.11,10171.5
926,11978.720000000001,43008.51,10002.11,10309.33,9567.05
927,10912.66,41363.67,8905.39,10297.09,9281.44
928,10658.34,39504.170000000006,8519.94,10293.35,8861.79
929,10740.7,37931.61,8362.16,10292.12,8634.81
930,10862.710000000001,36827.119999999995,8396.400000000001,10298.14,8558.83
931,10880.240000000002,36516.92,8841.98,9955.189999999999,8034.79
932,10566.59,36885.3,9231.98,9782.43,7698.2699999999995
933,10105.19,36030.77,11109.04,9807.119999999999,7852.860000000001
934,10199.52,33949.01,13556.54,10501.65,7908.54
935,11126.94,32815.08,14231.130000000001,12000.119999999999,7188.25
936,11766.260000000002,32989.77,15048.460000000001,12628.779999999999,7052.03
937,12041.65,33048.32,15290.87,13023.27,7315.119999999999
938,11717.43,32182.550000000003,15054.45,13184.21,6538.92
939,11378.800000000001,30308.97,14528.41,12894.029999999999,6162.46
940,10881.130000000001,29184.190000000002,13724.77,12327.14,6829.9400000000005
941,10140.779999999999,30620.710000000003,13950.37,11842.52,7613.23
942,10824.92,34020.34,14936.5,11394.599999999999,8488.42
943,13289.0,41911.69,14295.32,10926.03,10193.85
944,15888.460000000001,47482.5,16249.54,10685.7,11721.25
945,16203.88,47220.520000000004,16552.82,10649.010000000002,11565.18
946,14584.049999999997,47121.28,16225.52,10530.62,11458.43
947,12624.130000000001,47216.43,16245.94,10342.01,11391.09
948,11499.300000000001,46531.53,14463.99,10359.03,10637.24
949,10664.65,46821.06,10847.1,10339.029999999999,9196.2
950,10592.35,43831.4,9224.8,10320.69,8928.32
951,10713.529999999999,40922.4,8563.7,10289.2,8955.22
952,10743.44,39517.82,8045.630000000001,10254.67,9091.67
953,10740.07,38862.11,7922.67,10194.64,9285.7
954,10719.080000000002,38989.73,8613.369999999999,10166.54,9076.24
955,10779.17,41120.840000000004,9742.6,10175.45,9557.84
956,10836.27,44959.700000000004,11655.23,10372.930000000002,10292.59
957,11015.69,47111.64,13946.310000000001,11110.88,10283.3
958,11081.37,48265.58,16380.51,12200.490000000002,9681.32
959,11783.170000000002,47379.1,18234.5,13242.39,8536.65
960,12690.19,46760.67,19154.54,13927.869999999999,8264.279999999999
961,13638.480000000001,45559.72,19399.74,14209.090000000002,8485.5
962,14895.43,41264.350000000006,18689.66,14313.810000000001,8177.77
963,16554.47,40161.88,18316.48,14064.320000000002,8277.07
964,16188.66,42564.240000000005,17731.0,13433.75,8880.42
965,16209.25,43742.490000000005,17755.65,12591.86,9831.619999999999
966,17094.620000000003,45804.25,18064.04,11768.79,9925.15
967,17692.65,49552.07,16888.9,11334.939999999999,11090.16
968,20233.93,54301.86,17567.36,11192.949999999999,11785.77
969,19442.920000000002,57973.0,15565.21,11266.01,11647.779999999999
970,17286.72,58292.78999999999,14590.48,11289.95,11719.470000000001
971,15757.85,57833.380000000005,13949.43,11131.27,11699.84
972,13224.369999999999,56121.259999999995,13374.08,11011.960000000001,11032.18
973,11285.75,52605.22,11223.39,10964.83,10497.33
974,11193.070000000002,48570.53999999999,9534.89,10840.89,9770.07
975,11022.630000000001,45245.49999999999,8975.02,10744.57,9628.45
976,10924.63,43130.060000000005,8639.3,10734.080000000002,9630.810000000001
977,10831.26,42178.19000000001,8396.29,10731.52,9670.25
978,10899.01,41517.990000000005,8932.64,10733.78,9918.81
979,11025.86,43927.439999999995,9770.06,10746.46,10322.439999999999
980,11086.96,47832.17999999999,11752.009999999998,10919.74,10545.7
981,11232.15,49580.740000000005,16433.199999999997,11083.67,10002.759999999998
982,11668.25,49098.08,18793.510000000002,11708.18,10025.939999999999
983,12293.559999999998,48664.19,18971.170000000002,12744.339999999998,8885.82
984,12867.260000000002,48497.71,19630.11,13462.93,8618.73
985,13146.070000000002,48568.6,19463.08,13773.309999999998,8735.88
986,12765.82,46134.090000000004,18992.03,13758.12,8260.14
987,12226.260000000002,46359.04,19503.64,13435.22,8900.71
988,13168.26,47475.82,18802.66,12885.17,9312.51
989,13686.04,48373.259999999995,18227.18,12404.37,9488.92
990,13497.890000000001,51212.310000000005,17686.61,11892.77,10317.46
991,15555.000000000004,53196.729999999996,16197.93,11467.63,10979.33
992,18386.95,58183.340000000004,16429.2,11623.09,12053.76
993,17721.579999999998,59610.67999999999,16451.17,11667.02,11940.07
994,15109.3,59257.92,17021.68,11502.69,11866.630000000001
995,12798.46,59330.78,16515.17,11382.060000000001,11749.13
996,11462.550000000001,57352.07,14202.210000000001,11375.4,11616.869999999999
997,11120.8,53639.45,11609.7,11366.380000000001,10423.31
998,10434.15,50744.38,10074.869999999999,10536.720000000001,9140.01
999,10274.01,48329.73,8981.69,10380.76,8805.18
1000,10226.22,47168.69,8719.08,10356.189999999999,8008.1900000000005
1001,10011.84,46485.560000000005,8686.89,10293.54,7953.2699999999995
1002,9924.220000000001,46356.880000000005,9212.33,10234.43,8049.55
1003,10342.429999999998,47498.600000000006,10434.74,10295.11,8874.92
1004,10425.400000000001,50809.26,13058.04,10454.55,9162.630000000001
1005,11166.760000000002,52402.96,15264.57,11190.53,9389.19
1006,11896.150000000001,52802.52,15847.27,12505.88,9697.029999999999
1007,12231.48,51557.95,16241.810000000001,13557.36,9046.119999999999
1008,12586.05,50079.25,17821.39,14200.020000000002,9156.02
1009,12758.43,48839.58,18988.16,14585.48,9261.29
1010,12685.05,45305.3,18856.84,14654.390000000001,9061.32
1011,12619.570000000002,46182.009999999995,19326.2,14491.71,8816.56
1012,12376.949999999999,47971.21,19354.45,13918.789999999999,9478.210000000001
1013,12324.07,50019.490000000005,18912.76,13161.460000000001,10595.82
1014,13819.060000000001,53485.95,17505.0,12316.279999999999,10959.8
1015,15724.429999999998,55329.06999999999,16111.490000000002,11792.24,11308.33
1016,19170.329999999998,58240.63,17589.94,11726.95,12147.7
1017,17903.92,59841.350000000006,17185.13,11704.76,12078.43
1018,14789.069999999998,61564.56,16223.7,11735.420000000002,11953.84
1019,12776.29,61317.490000000005,15992.24,11593.04,11865.89
1020,11613.759999999998,58048.69,15089.990000000002,11339.060000000001,11505.369999999999
1021,10815.519999999999,53489.689999999995,13623.25,11466.240000000002,10504.630000000001
1022,10389.740000000002,48607.979999999996,11613.14,11498.41,10222.87
1023,10194.259999999998,46256.64,10533.07,11093.940000000002,9961.869999999999
1024,10015.63,45025.42999999999,10182.849999999999,10781.47,10017.42
1025,10057.07,44057.96,10102.650000000001,10708.42,9854.14
1026,10135.74,44459.43,9981.18,10698.59,9841.43
1027,10169.43,48084.259999999995,10027.67,10704.94,9615.23
1028,10695.62,51037.020000000004,12294.77,10893.970000000001,10520.220000000001
1029,11146.85,52090.02,14882.45,11710.33,10878.44
1030,11718.98,52393.149999999994,15955.27,12722.039999999999,10792.130000000001
1031,11399.329999999998,53222.82,15566.480000000001,13499.369999999999,10566.61
1032,12243.419999999998,53625.35999999999,16325.099999999999,14180.78,10026.060000000001
1033,12498.14,51297.51,19356.370000000003,14601.960000000001,9500.47
1034,12225.22,47584.3,19930.22,14610.43,8858.029999999999
1035,12561.170000000002,47678.79,20682.58,14402.359999999999,9189.130000000001
1036,12531.8,48665.39,20614.39,13726.15,10537.699999999999
1037,13056.85,48674.59,21066.71,12962.279999999999,10904.02
1038,13901.199999999999,51401.130000000005,20168.07,12095.47,11696.369999999999
1039,16644.8,53630.66,17983.4,11429.93,12115.240000000002
1040,19909.59,57465.93,18440.81,11089.82,12876.99
1041,17819.260000000002,59865.32000000001,18587.5,10983.43,12899.64
1042,15274.319999999998,59598.47999999999,18218.9,11012.75,12845.93
1043,13973.53,58885.81999999999,17839.8,10922.74,12766.07
1044,13288.65,57995.23,15210.96,10743.230000000001,12266.220000000001
1045,12450.68,53799.8,13101.82,10748.93,11527.73
1046,10924.410000000002,49300.79,12749.0,10721.09,10094.86
1047,9799.93,46595.09,12547.3,10621.69,9946.75
1048,9555.619999999999,45055.93,12024.78,10563.76,9835.81
1049,9301.279999999999,44327.12,11806.79,10567.32,9688.74
1050,9161.839999999998,44354.72,12452.24,10579.31,9607.87
1051,9524.76,46456.810000000005,12893.96,10661.29,10019.26
1052,10115.76,50931.979999999996,13497.41,11074.98,10086.08
1053,10543.779999999999,52413.36,16052.55,11630.43,10175.55
1054,11333.039999999999,53792.090000000004,16851.059999999998,12582.580000000002,10194.59
1055,11929.670000000002,54064.31,17009.03,13472.609999999999,8943.31
1056,13049.51,53372.200000000004,18113.3,13882.69,8403.560000000001
1057,13764.36,52088.58,18724.9,14056.67,8352.09
1058,13659.67,48237.03,19334.47,14007.64,8179.07
1059,15027.14,47385.380000000005,19300.07,13961.32,8277.47
1060,15934.2,48062.58,19506.129999999997,13581.19,8456.96
1061,16292.710000000001,48295.72,19466.690000000002,12855.45,9546.72
1062,15788.47,50973.88,18537.45,12066.54,10308.93
1063,17098.739999999998,55025.68,15874.71,11490.67,11692.84
1064,19235.53,58477.62999999999,16738.09,11230.310000000001,12919.07
1065,16868.08,60689.91,16691.75,11220.1,12834.38
1066,14240.74,59541.42,16672.89,11230.26,12734.83
1067,12788.67,59272.03,16406.07,11093.57,12456.619999999999
1068,12128.14,56985.23,16449.0,10985.580000000002,11560.76
1069,11714.390000000001,53224.78999999999,15216.81,10954.140000000001,10377.619999999999
1070,11333.25,49904.54,12677.52,10388.529999999999,10038.64
1071,10862.329999999998,48593.840000000004,10697.56,10090.23,9824.42
1072,10358.53,47790.36,9636.14,10039.49,9375.5
1073,10442.22,46421.44,9157.49,10047.300000000001,8769.53
1074,10606.62,45645.78,9084.79,10072.45,8975.86
1075,10832.980000000001,45673.86000000001,9061.76,10077.54,9188.17
1076,11087.07,45934.130000000005,10247.48,10183.5,8822.02
1077,11455.48,45064.51,14485.71,10690.13,8318.36
1078,11799.51,45409.93,16277.16,11332.03,8284.6
1079,11983.81,44344.75,17453.989999999998,12104.99,7861.549999999999
1080,12390.5,42483.86,18563.309999999998,12766.92,8016.16
1081,12489.62,42068.51,19103.32,13120.039999999999,8082.1900000000005
1082,11812.990000000002,41375.45,19331.19,13137.109999999999,8062.11
1083,11452.839999999998,40703.47,19460.79,12702.39,8034.57
1084,10800.11,40330.21,20157.35,12101.87,8387.17
1085,11029.68,41260.270000000004,20524.27,11496.46,8992.369999999999
1086,11440.56,44201.59,19195.89,11064.939999999999,10206.19
1087,13307.140000000001,53366.95,15596.970000000001,10604.23,11067.57
1088,16017.310000000001,58119.65000000001,17052.38,10357.660000000002,12437.66
1089,14262.38,58568.100000000006,16657.35,10352.44,12492.82
1090,12625.99,57774.47,14826.75,10290.099999999999,12250.09
1091,11757.710000000001,56166.44,13622.2,10106.75,11824.09
1092,11585.64,53068.54000000001,12884.880000000001,10084.9,11122.08
1093,11085.039999999999,50762.02,11374.71,10084.32,10576.89
1094,10519.039999999999,49073.03,9047.04,10003.539999999999,10173.89
1095,9562.720000000001,47407.92,8437.52,9877.539999999999,9403.93
1096,9232.12,46238.52,8200.310000000001,9823.24,8426.74
1097,9035.98,45326.59,8144.0,9764.98,7987.610000000001
1098,8888.46,44712.61,8130.27,9741.13,8036.82
1099,8945.35,43432.25,8044.799999999999,9757.69,8889.1
1100,8891.75,41301.329999999994,8651.34,9949.259999999998,9490.05
1101,8546.78,39766.44,10760.93,10390.88,9483.82
1102,8956.46,38014.15,12392.65,11238.49,8792.32
1103,9578.980000000001,35803.049999999996,14032.65,12014.44,8383.130000000001
1104,10618.36,34126.65,15378.15,12573.369999999999,8424.03
1105,11487.199999999999,34479.14,15864.83,12902.29,8843.68
1106,11580.48,34225.31,15967.22,12972.73,8572.58
1107,11433.84,33679.0,15516.58,12868.87,8384.869999999999
1108,10627.67,34319.590000000004,14952.44,12200.19,8158.8
1109,10261.44,36733.2,14724.759999999998,11407.73,8599.119999999999
1110,10204.880000000001,42531.37,14338.029999999999,10809.5,9618.46
1111,12409.31,49930.22,12210.279999999999,10388.609999999999,11538.03
1112,15123.160000000002,54734.05,14938.810000000001,10202.279999999999,12573.64
1113,13317.07,55721.53999999999,15173.6,10199.089999999998,12584.22
1114,11811.8,55289.47,14526.47,10056.179999999998,12750.22
1115,11286.24,54566.63999999999,13598.150000000001,9955.599999999999,12668.86
1116,11277.16,53258.92,11472.39,9939.77,12083.210000000001
1117,11019.04,51029.39000000001,9646.32,9862.98,11051.85
1118,10343.289999999999,48888.98,9225.57,9780.439999999999,9244.93
1119,10128.470000000001,47017.57,8763.4,9751.92,8766.939999999999
1120,10104.689999999999,45986.67999999999,8542.23,9748.64,8152.94
1121,10047.579999999998,45257.659999999996,8509.71,9742.06,7972.4400000000005
1122,9952.1,45826.450000000004,8535.1,9761.849999999999,8041.07
1123,10453.99,47945.880000000005,9042.29,9757.7,9046.86
1124,10803.390000000001,50360.15,11637.01,9998.31,10327.58
1125,11469.199999999999,49994.579999999994,15652.84,10641.05,10360.67
1126,12469.49,49342.51000000001,18346.17,11672.409999999998,10123.48
1127,13203.710000000001,49762.68,19429.64,12309.7,8850.619999999999
1128,13336.720000000001,50082.59,20749.71,12729.460000000001,8548.0
1129,13518.699999999999,50217.3,21063.22,13043.769999999999,8520.98
1130,13330.43,48946.75,20432.15,13055.4,7985.04
1131,13628.52,49771.24,20774.239999999998,12824.390000000001,8712.39
1132,13214.13,50355.590000000004,22363.55,12281.42,9668.07
1133,13260.95,50738.81,23533.2,11460.460000000001,10113.119999999999
1134,13546.3,52183.659999999996,22583.13,10812.59,11040.560000000001
1135,16694.140000000003,54824.07,17540.61,10332.73,11541.91
1136,20040.69,58137.75,17390.65,10126.91,12573.27
1137,17924.37,61063.36000000001,16590.260000000002,10124.369999999999,12888.06
1138,15237.61,61658.049999999996,16248.84,10034.029999999999,12974.24
1139,14155.73,60772.579999999994,15951.57,9889.98,12830.04
1140,13058.98,57825.7,15087.189999999999,9883.01,12455.5
1141,12592.22,53815.71,12974.21,9885.86,11477.93
1142,11620.1,49795.049999999996,12889.810000000001,10276.93,8448.41
1143,10928.97,47481.5,13643.99,10304.279999999999,6927.11
1144,10474.5,46208.95,13455.46,10367.61,6374.49
1145,10564.53,45604.770000000004,13284.210000000001,10380.88,6094.48
1146,10541.66,45660.060000000005,13268.509999999998,10329.4,6454.85
1147,11283.300000000001,46697.85,14073.77,10420.689999999999,7207.11
1148,12475.699999999999,48256.729999999996,15038.41,10694.01,9433.79
1149,12972.019999999999,50244.16,16400.38,11335.01,9782.17
1150,13569.519999999999,51571.100000000006,16755.42,12268.220000000001,9823.349999999999
1151,13847.240000000002,50295.71,18787.559999999998,13213.09,9063.61
1152,14420.75,50010.340000000004,20607.36,13795.39,8809.3
1153,14469.380000000001,49851.75,20760.1,13989.87,9739.59
1154,13935.920000000002,47004.54,20783.489999999998,13899.369999999999,9293.64
1155,13968.27,48443.64000000001,21055.34,13618.720000000001,9428.29
1156,13673.36,50217.10999999999,22242.010000000002,12945.279999999999,10085.93
1157,13292.84,51860.01999999999,22845.78,12284.82,10447.25
1158,13792.390000000001,53976.12999999999,22432.55,11525.31,10806.87
1159,16208.15,56375.98,18159.370000000003,10439.08,11491.33
1160,18519.359999999997,60270.74,17973.98,10013.92,12297.79
1161,16342.939999999999,62749.159999999996,17456.78,10024.99,12355.710000000001
1162,14320.62,62019.450000000004,17903.98,10003.539999999999,12643.51
1163,13214.2,61394.12,17925.489999999998,9780.89,12219.439999999999
1164,13288.509999999998,57931.37999999999,17079.02,9774.56,10672.630000000001
1165,12400.769999999999,52884.31,16792.28,9774.39,9790.64
1166,11075.78,49583.270000000004,16492.67,9495.599999999999,8632.68
1167,10712.91,46956.3,16124.579999999998,9181.42,7585.4400000000005
1168,10778.950000000003,45945.270000000004,14754.5,9173.69,7352.889999999999
1169,10760.06,45843.53,13272.949999999999,9160.91,7386.530000000001
1170,10848.86,45720.4,13492.82,9159.369999999999,7383.08
1171,10960.71,47029.270000000004,15098.79,9172.599999999999,7806.43
1172,12043.380000000001,50442.100000000006,15527.170000000002,9387.64,8670.32
1173,12675.65,53027.14,16821.98,10069.65,9009.76
1174,13550.65,52422.74999999999,18750.98,11125.6,9362.67
1175,13945.109999999999,48338.55,22087.57,11888.29,9586.55
1176,14323.490000000002,48636.48000000001,21558.370000000003,12433.4,10285.51
1177,14933.16,49543.64,21896.010000000002,11845.27,9824.18
1178,14280.91,48750.78999999999,21641.940000000002,11369.35,9046.83
1179,14407.05,49332.689999999995,22816.06,10807.56,9965.779999999999
1180,15760.8,49694.5,23287.579999999998,10286.73,10600.41
1181,16245.479999999998,50816.84,23723.88,9460.65,10624.42
1182,16583.22,52811.25,22996.11,8494.66,10881.599999999999
1183,19912.489999999998,53891.07000000001,18488.05,7954.8,11754.03
1184,23063.06,56772.280000000006,18498.35,7915.7300000000005,12213.2
1185,19468.520000000004,59702.409999999996,18706.68,8055.34,12223.470000000001
1186,15296.96,61852.77999999999,18628.379999999997,8116.740000000001,12382.02
1187,14928.77,61593.840000000004,17445.76,8325.05,11994.029999999999
1188,14672.16,58851.18,16613.78,8132.89,11084.34
1189,14044.47,53704.33,16750.6,8333.69,9717.9
1190,12237.27,49850.90000000001,16502.41,8871.32,8384.39
1191,11282.22,47694.99,15646.58,9543.66,7047.1
1192,10529.34,47181.48,14999.2,9780.689999999999,6387.82
1193,10415.859999999999,46908.23,14328.77,9793.289999999999,6283.51
1194,10321.380000000001,47388.969999999994,13947.810000000001,9813.77,6363.1
1195,10430.930000000002,48562.78999999999,15125.349999999999,9830.66,7326.41
1196,11476.470000000001,51157.82,15838.33,10011.109999999999,8859.04
1197,11965.15,52003.93,19271.16,10674.74,8658.88
1198,12426.67,51538.149999999994,20734.97,11653.67,9056.76
1199,13033.65,50715.799999999996,21488.66,12613.330000000002,8679.289999999999
1200,13600.869999999999,50309.77,21817.0,13328.460000000001,8852.060000000001
1201,14054.320000000002,49567.09999999999,21869.64,13580.91,9610.710000000001
1202,13523.300000000001,48544.07,21828.17,13445.57,8578.279999999999
1203,13402.5,50590.350000000006,22518.22,13247.9,9414.61
1204,12888.39,53660.39,23256.57,12578.439999999999,10263.35
1205,12541.18,55040.59999999999,24174.92,11641.869999999999,10766.76
1206,13452.03,55644.07,24389.239999999998,10602.57,10967.16
1207,16693.13,57961.490000000005,19398.17,10023.44,11408.130000000001
1208,19423.399999999998,60823.58,19080.72,9838.51,11876.61
1209,16474.76,63839.81,18732.19,9830.07,11767.55
1210,14523.5,63381.71,18627.22,9839.09,11632.28
1211,13731.210000000001,62636.82000000001,18280.39,9843.49,11670.35
1212,13670.279999999999,59026.78,17705.32,9785.019999999999,11468.27
1213,12964.17,54733.31,17225.92,9753.71,10322.43
1214,12042.22,50616.31,16407.170000000002,9759.53,8166.52
1215,11610.52,49208.28,15618.560000000001,9831.769999999999,6573.73
1216,10994.9,48618.780000000006,14721.48,9680.14,6430.7
1217,10663.34,48000.53999999999,14134.55,9686.21,6570.639999999999
1218,10616.57,47671.990000000005,14090.369999999999,9682.37,7271.51
1219,10870.76,48573.189999999995,14334.16,10455.21,8149.139999999999
1220,11851.029999999999,50299.57000000001,15692.2,10586.689999999999,8907.380000000001
1221,12298.66,51306.46000000001,19180.19,11317.06,9110.63
1222,13018.76,53235.86000000001,19202.02,12380.64,9189.52
1223,14207.05,52812.81,19661.7,13234.98,8474.36
1224,14765.64,53019.6,21496.29,13304.72,7997.2
1225,14423.35,53176.0,22325.510000000002,13650.279999999999,7943.16
1226,14472.310000000001,51367.14,21644.76,13452.87,7836.9400000000005
1227,14473.28,52578.76999999999,21660.97,13222.25,8780.16
1228,14655.32,52301.25,22594.309999999998,12592.18,10579.27
1229,14735.94,52290.850000000006,23737.07,11612.550000000001,11351.59
1230,14771.119999999999,54664.69,22855.33,10579.99,11281.27
1231,16448.239999999998,57003.490000000005,19073.41,9939.33,11748.380000000001
1232,17942.26,60780.450000000004,19153.559999999998,9783.179999999998,12367.77
1233,15448.19,62589.42999999999,18767.92,9892.929999999998,12468.91
1234,13547.949999999999,61827.84,18852.36,9948.589999999998,11607.82
1235,12892.900000000001,61138.079999999994,18316.41,9934.880000000001,11533.25
1236,12662.710000000001,59217.71,17736.739999999998,9830.89,10690.87
1237,12102.13,56062.37,16584.269999999997,9687.3,10018.23
1238,11425.71,52988.270000000004,16103.449999999999,9816.58,8833.77
1239,10861.890000000001,50537.350000000006,15167.6,10219.74,7627.12
1240,10557.01,49275.91,14380.539999999999,10579.98,6804.0599999999995
1241,10635.06,49029.54000000001,13180.86,10565.859999999999,6274.34
1242,10382.25,48350.91,13000.54,10560.589999999998,6281.65
1243,10498.4,47333.479999999996,13563.81,10577.249999999998,6758.5
1244,10303.74,46175.95,14288.83,10816.99,7652.71
1245,10341.02,47117.61,16845.36,10953.49,7510.9400000000005
1246,10635.46,48399.490000000005,17812.620000000003,11710.74,7287.12
1247,10884.570000000002,49057.229999999996,17810.17,12617.229999999998,7114.67
1248,11219.939999999999,49744.95,18509.89,13067.25,7111.05
1249,11669.560000000001,49847.560000000005,18715.17,13395.240000000002,7267.34
1250,11475.250000000002,48410.7,19243.77,13435.65,7216.74
1251,11383.019999999999,47503.54,20037.02,13048.039999999999,7226.92
1252,11255.59,47417.17,20661.83,12572.2,7214.5
1253,11426.68,49063.63,20498.25,11776.66,7714.76
1254,12558.52,51093.19,19186.98,10907.22,8991.74
1255,14536.77,53803.39,17915.07,10613.42,10217.97
1256,17785.760000000002,56128.8,18961.100000000002,10889.880000000001,11321.34
1257,15202.710000000001,57764.67,19000.690000000002,10938.619999999999,11122.279999999999
1258,11979.68,58234.79,18117.8,11075.929999999998,10930.8
1259,11203.23,57041.71,17057.82,10909.02,10666.7
1260,11032.94,54182.4,16765.39,10539.89,10362.41
1261,10478.8,50986.89,15115.96,11328.56,9767.64
1262,10249.89,48746.899999999994,14277.079999999998,10330.27,9016.26
1263,9527.81,47485.94,13733.95,9679.16,7982.389999999999
1264,9383.250000000002,46314.020000000004,12613.65,9623.47,7434.77
1265,9268.86,45409.22,11691.02,9595.64,7161.17
1266,9059.95,45213.37,10869.43,9582.66,6977.789999999999
1267,9010.3,44331.14,10794.169999999998,9601.56,7238.93
1268,8851.72,44187.83,11190.03,9827.77,6493.57
1269,8055.69,44933.07,12512.949999999999,10406.430000000002,5536.99
1270,8469.04,43378.09,13919.29,11351.390000000001,5160.23
1271,9270.12,41652.770000000004,15497.79,12256.1,5035.15
1272,10507.439999999999,40111.380000000005,16477.54,12984.7,5588.610000000001
1273,11574.99,40476.45,16972.17,13483.749999999998,5707.6
1274,11592.160000000002,39967.4,17084.05,13533.629999999997,5367.51
1275,11298.92,39013.119999999995,16691.47,13141.190000000002,5568.09
1276,10508.9,38771.229999999996,16734.96,12472.03,6009.08
1277,9854.059999999998,39430.44,16898.21,11701.6,7681.45
1278,10345.04,41496.810000000005,18000.91,11002.490000000002,8519.91
1279,11865.2,49290.229999999996,15265.810000000001,10583.32,10427.36
1280,15174.140000000001,55519.59,15479.779999999999,10671.079999999998,11033.56
1281,13797.410000000002,57029.82,15758.55,10695.039999999999,10639.43
1282,12110.13,57670.58,15239.439999999999,10559.9,10303.529999999999
1283,11347.159999999998,55832.97,15102.39,10414.490000000002,10158.31
1284,11090.19,52463.18,14318.87,10432.529999999999,10172.48
1285,10228.41,49929.44,12715.789999999999,10430.15,9852.54
1286,9604.24,48199.729999999996,10847.15,10626.339999999998,9073.06
1287,9185.32,46377.770000000004,10615.96,11073.76,7651.049999999999
1288,9028.38,46209.380000000005,9757.27,11293.69,6750.71
1289,8727.880000000001,46440.979999999996,9351.21,11296.019999999999,6367.450000000001
1290,8993.300000000001,46124.69,9935.32,11292.02,6486.01
1291,9658.58,47945.03,10595.21,11310.359999999999,7243.129999999999
1292,10621.43,50440.10999999999,12180.5,11464.19,8708.89
1293,11393.41,49289.6,16507.55,11364.12,9325.33
1294,12335.73,49556.520000000004,18723.84,12241.03,9656.8
1295,12668.55,49398.28,20612.21,13123.49,8772.060000000001
1296,13432.66,49538.65000000001,21849.07,14042.77,8351.55
1297,13991.99,49586.17,20702.7,14523.18,8922.56
1298,13848.779999999999,47765.94,20423.23,14572.77,8061.33
1299,13704.630000000001,48163.81,21901.47,14239.759999999998,8551.43
1300,13708.8,49564.13,23005.690000000002,13737.48,8871.55
1301,13108.499999999998,50837.509999999995,23810.239999999998,12843.699999999999,9456.3
1302,12631.39,53840.15,23062.75,12437.179999999998,10184.41
1303,13388.63,58373.31,18119.64,12187.47,10682.970000000001
1304,15475.759999999998,62490.240000000005,17403.35,12123.199999999999,11506.65
1305,13575.32,64421.06999999999,17282.22,12133.89,11647.43
1306,11606.870000000003,64630.01,17174.93,12091.119999999999,11229.59
1307,11361.619999999999,62508.07000000001,17461.86,11930.630000000001,11209.77
1308,10762.98,58801.79,16587.019999999997,11747.99,10997.11
1309,10302.51,54284.82,14657.619999999999,11748.499999999998,10209.35
1310,9690.269999999999,51076.119999999995,12275.67,11352.689999999999,10032.51
1311,9531.91,49099.76,10468.52,11273.64,9970.48
1312,9314.8,48017.340000000004,8910.29,11209.73,10044.54
1313,9415.32,47315.649999999994,8384.96,11219.55,9788.59
1314,9445.170000000002,47884.16,8585.119999999999,11215.31,9651.779999999999
1315,9745.93,49183.880000000005,10397.8,11233.38,10034.56
1316,9881.679999999998,51847.21,13273.75,11495.75,10316.21
1317,10300.04,50680.189999999995,18609.7,12324.24,10607.2
1318,11373.420000000002,51351.28999999999,19070.56,13301.61,10978.57
1319,11878.03,51870.719999999994,18559.72,14129.41,11277.86
1320,12387.22,52465.17,19068.68,14716.349999999999,11475.29
1321,12752.089999999998,52505.72,19666.61,15202.14,11394.71
1322,12202.04,49860.86,19409.39,15376.14,10864.36
1323,11967.88,50597.149999999994,20172.829999999998,15108.63,11313.39
1324,11999.83,52792.59,20394.45,14402.96,11176.380000000001
1325,12396.96,53968.11,20140.550000000003,13497.240000000002,11362.529999999999
1326,12107.19,54849.170000000006,21016.11,12781.29,10636.35
1327,13231.699999999999,57625.549999999996,17932.93,11978.85,10748.29
1328,15305.82,62391.450000000004,17438.760000000002,11712.489999999998,11658.21
1329,14045.28,63462.200000000004,18067.010000000002,11829.579999999998,11752.96
1330,11282.23,64309.270000000004,17783.41,11827.409999999998,11432.45
1331,10688.51,63265.84999999999,17487.65,11795.62,11324.98
1332,10572.04,58891.08,17158.16,11694.599999999999,10874.29
1333,10270.15,53616.11999999999,15299.649999999998,11670.08,10449.560000000001
1334,10147.029999999999,50444.619999999995,12880.86,10907.71,9985.3
1335,10110.07,48044.98,10975.74,10764.0,9766.56
1336,9992.41,46993.24,9773.93,10737.76,9480.5
1337,9448.439999999999,46294.4,9708.48,10750.83,9491.26
1338,9329.34,46716.25000000001,9817.49,10751.419999999998,9591.04
1339,9514.08,48228.090000000004,11231.470000000001,10782.82,9848.11
1340,10319.759999999998,51160.25,13318.399999999998,11078.21,10021.96
1341,10410.070000000002,51225.92,16998.84,11785.41,10200.85
1342,10892.86,52860.22,17308.42,12750.130000000001,10120.8
1343,11291.86,51501.83,19135.58,13656.43,9224.32
1344,12148.48,51202.65,19996.93,14156.69,9367.16
1345,12755.869999999999,50075.68,20147.809999999998,14642.11,10284.16
1346,12474.820000000002,48230.21,19079.0,14713.210000000001,9254.74
1347,12276.41,48420.24,19832.97,14648.789999999999,10271.59
1348,12091.869999999999,49121.93,20785.53,14212.300000000001,10715.17
1349,11742.56,50151.469999999994,22203.46,13343.289999999999,10409.95
1350,12118.050000000001,52177.7,23687.84,12410.71,10636.14
1351,14540.400000000001,55102.34,19650.559999999998,11744.78,10853.95
1352,16598.35,60737.97,18510.93,11600.67,12002.71
1353,15412.880000000001,61972.47,18059.769999999997,11543.52,11970.49
1354,12831.68,62206.59,17855.64,11598.97,11706.49
1355,11702.87,61791.119999999995,17368.99,11443.340000000002,11535.8
1356,11652.06,58880.67,16622.86,11365.13,10872.15
1357,10864.97,53670.020000000004,15724.42,11276.01,10574.71
1358,10308.07,50514.68999999999,13590.67,10780.75,10259.54
1359,10082.100000000002,49668.81,10923.060000000001,10551.85,9668.189999999999
1360,9914.9,49228.469999999994,9462.2,10477.76,8936.19
1361,9861.710000000001,48590.39000000001,8943.91,10425.28,8903.24
1362,9869.51,48365.64,9025.1,10428.960000000001,9152.07
1363,10305.300000000001,50254.229999999996,9274.29,10421.9,9942.42
1364,10667.12,52962.87999999999,11679.21,10737.85,10130.029999999999
1365,11047.68,51561.1,15790.579999999998,11419.71,10119.4
1366,11443.779999999999,51389.380000000005,17399.98,12382.939999999999,10019.439999999999
1367,11962.079999999998,50932.68,18683.35,13301.24,8797.86
1368,12367.97,51275.21,19934.03,13822.470000000001,8667.039999999999
1369,12505.0,51444.96000000001,20238.23,14051.59,8973.64
1370,12135.539999999999,48957.729999999996,19600.309999999998,14082.73,8837.56
1371,12038.83,49294.94,20320.699999999997,13927.800000000001,10064.150000000001
1372,11975.23,50015.81,21675.9,13304.479999999998,11047.880000000001
1373,11609.04,51542.33,23308.21,12333.51,11095.59
1374,12800.789999999999,54319.549999999996,22901.38,11320.87,10865.85
1375,14078.630000000001,58636.09,18394.690000000002,10806.14,11104.67
1376,16194.07,62812.630000000005,18078.350000000002,10595.02,11412.279999999999
1377,14949.35,64788.38,17455.27,10585.369999999999,11317.16
1378,12954.46,64758.19,17072.47,10547.980000000001,11178.51
1379,11963.050000000001,64684.85,16925.620000000003,10416.760000000002,11075.09
1380,11573.880000000001,61006.240000000005,16726.37,10415.369999999999,10657.83
1381,10840.949999999999,55689.26000000001,16033.99,10382.67,10046.83
1382,10312.17,51335.700000000004,14466.41,10227.24,10156.720000000001
1383,10018.64,48990.200000000004,12474.900000000001,10097.390000000001,10195.24
1384,10106.329999999998,47211.77,11245.99,10103.95,10204.39
1385,9965.31,46382.66,10530.49,10093.740000000002,10343.54
1386,9916.810000000001,46042.85,11073.22,10096.94,10386.63
1387,10470.359999999999,47853.52,11887.59,10113.460000000001,10342.17
1388,10646.24,52028.18000000001,12803.619999999999,10352.3,10472.6
1389,11447.31,52807.4,14995.470000000001,10968.019999999999,10796.72
1390,12037.150000000001,52712.22000000001,17372.74,11874.64,10959.19
1391,12305.02,52198.95,18872.35,12822.05,10856.560000000001
1392,13235.69,51277.66,20308.35,13546.179999999998,10642.900000000001
1393,13234.23,51510.48,20558.45,13960.61,10594.76
1394,12566.61,49572.58,19753.79,14012.26,9943.869999999999
1395,12689.650000000001,49876.45,20433.41,13478.900000000001,10697.67
1396,12659.469999999998,50031.1,21842.09,12734.550000000001,10874.05
1397,12345.319999999998,52046.06999999999,21517.45,11779.449999999999,10913.46
1398,12726.759999999998,54460.29,20036.02,10890.050000000001,10595.07
1399,14154.939999999999,58052.21,17521.11,10383.44,10654.560000000001
1400,16588.54,61052.590000000004,17780.11,10301.62,11843.67
1401,13845.75,63377.70000000001,17785.74,10307.11,11853.11
1402,12775.390000000001,61997.409999999996,17480.54,10099.81,11830.539999999999
1403,11874.050000000001,61778.60999999999,16782.32,10007.04,11704.369999999999
1404,11505.740000000002,59982.04,15770.09,10065.300000000001,11026.25
1405,10955.68,56953.07,14438.47,10066.11,9764.75
1406,10499.99,52676.22,12878.6,9976.65,9770.54
1407,10487.789999999999,49728.86,11872.63,9859.230000000001,9112.41
1408,10367.93,48798.61,11252.79,9716.41,8251.1
1409,9848.96,48788.630000000005,10517.779999999999,9701.630000000001,8060.92
1410,10023.99,48490.350000000006,10474.39,9715.36,7874.960000000001
1411,10114.82,47559.91999999999,11092.36,9736.23,8343.91
1412,10118.529999999999,45810.46,11607.740000000002,9922.990000000002,9785.71
1413,10660.710000000001,45726.81999999999,13236.12,10341.25,9913.24
1414,11129.16,46069.17,13721.65,11217.05,9951.24
1415,11280.57,45014.270000000004,14607.74,12065.39,9790.23
1416,11894.86,43488.37,15841.41,12761.99,10050.810000000001
1417,12230.310000000001,42405.030000000006,16946.53,13212.42,9957.15
1418,12208.320000000002,41311.79,16904.1,13093.89,9857.48
1419,11887.49,41236.479999999996,16404.22,12691.609999999999,9968.48
1420,11362.52,41205.83,16453.04,11973.43,10509.14
1421,11271.28,41714.86,15489.439999999999,11081.140000000001,10943.17
1422,11074.080000000002,44753.87,16274.57,10252.51,10447.34
1423,14250.41,48883.740000000005,16926.52,9767.75,10801.91
1424,17673.75,54949.64,18109.36,9592.93,11279.96
1425,14826.95,57398.99999999999,17776.74,9586.51,11136.470000000001
1426,12832.46,57759.33,15150.539999999999,9567.34,11123.720000000001
1427,12288.26,56087.05,13538.34,9435.15,11050.689999999999
1428,11728.77,53353.850000000006,13061.050000000001,9417.89,10832.54
1429,10933.57,51343.29,12438.44,9404.67,9867.22
1430,10483.279999999999,49614.409999999996,10917.380000000001,9226.85,9095.42
1431,9952.39,47745.729999999996,10140.93,9141.420000000002,8528.05
1432,9688.730000000001,46655.65000000001,9506.11,9141.75,8334.5
1433,9485.08,45549.55,9158.66,9148.150000000001,8314.83
1434,9425.67,44857.86,8895.83,9163.320000000002,8311.32
1435,9578.81,44659.25,8415.05,9169.28,8186.389999999999
1436,9031.22,44102.46,8996.3,9243.19,7429.85
1437,8767.32,42418.7,10343.550000000001,9877.7,6861.030000000001
1438,10183.900000000001,38146.63,11431.400000000001,10961.88,7042.68
1439,10409.63,35339.8,13621.73,11841.65,7230.26
1440,11132.85,35054.24,14230.41,12524.08,7492.84
1441,11815.880000000001,35635.869999999995,14578.26,12945.75,7668.099999999999
1442,11926.68,35227.799999999996,14869.17,12895.060000000001,7769.07
1443,11685.460000000001,34882.200000000004,14719.310000000001,12542.16,7734.79
1444,11415.619999999999,35131.95,14599.580000000002,11983.81,7872.78
1445,11525.76,37204.63,14558.46,11012.99,8078.000000000001
1446,10824.28,41935.04,14820.539999999999,10080.61,8909.53
1447,13407.21,47196.7,14088.41,9534.47,10491.380000000001
1448,15777.309999999998,52682.799999999996,15565.650000000001,9460.730000000001,12274.65
1449,14053.789999999999,54834.79,15691.91,8932.130000000001,12349.46
1450,12153.529999999999,55991.19,16140.78,7212.96,11913.91
1451,11561.67,55617.619999999995,15769.68,7077.14,11353.18
1452,11356.44,53948.780000000006,14606.29,6968.4400000000005,10801.48
1453,10813.61,51455.71,12690.02,6984.27,10258.19
1454,9995.18,49706.450000000004,10813.51,6923.53,9903.24
1455,9772.800000000001,47488.780000000006,9997.32,6900.659999999999,9870.22
1456,9475.2,46063.92,9898.86,6885.659999999999,9860.97
1457,9502.160000000002,45559.399999999994,9531.09,6892.11,9925.81
1458,9539.19,45481.68,10222.51,6889.54,9828.02
1459,9648.570000000002,47534.350000000006,11435.7,6915.63,9983.83
1460,9707.51,50351.990000000005,13657.880000000001,7114.349999999999,10326.630000000001
1461,10320.45,50241.6,16584.379999999997,7846.24,10642.89
1462,11130.319999999998,52709.54,16582.21,8711.210000000001,11067.220000000001
1463,11969.140000000001,55068.619999999995,15433.6,9335.689999999999,11213.21
1464,12619.0,56457.57000000001,16529.49,9897.029999999999,11621.14
1465,13068.33,56534.509999999995,17294.02,10531.29,11464.25
1466,12805.769999999999,53926.409999999996,17242.54,10662.27,10910.970000000001
1467,12697.779999999999,55526.32,17504.17,10308.19,11695.92
1468,12511.95,55716.42,19499.43,9762.68,11883.15
1469,12111.8,55192.27,21515.77,9009.870000000003,11652.8
1470,12857.66,56659.189999999995,22060.520000000004,8211.45,10722.400000000001
1471,14859.97,59576.479999999996,17778.41,7777.15,10998.71
1472,16711.329999999998,62209.82000000001,18097.800000000003,7675.63,12080.5
1473,14980.199999999999,63614.02,18839.64,7688.330000000001,12171.93
1474,13398.5,63840.23,18939.77,7846.82,11727.259999999998
1475,12186.970000000001,64571.86,17683.41,7796.43,11544.369999999999
1476,10984.51,62486.54,16644.32,7991.37,11238.57
1477,10085.59,56342.92999999999,16522.73,8118.52,10803.97
1478,9649.76,51586.93,15405.14,8340.12,10294.91
1479,9524.189999999999,49739.55,13268.73,8471.79,10195.1
1480,9677.88,49168.76,11050.65,8642.330000000002,9910.25
1481,9297.37,48457.29,9993.37,9741.1,9789.75
1482,8923.71,48849.10999999999,9656.46,10203.830000000002,9972.240000000002
1483,8936.14,50607.31,11104.73,9828.79,10214.97
1484,9486.04,53465.06,13082.289999999999,9670.119999999999,10393.880000000001
1485,10157.14,53226.16,16352.0,10337.8,10463.23
1486,11027.98,54724.97,16506.68,11151.85,10786.630000000001
1487,11391.36,54899.100000000006,17793.28,11757.78,10567.33
1488,11639.23,54433.630000000005,19264.6,12424.63,10397.19
1489,11976.49,54354.4,19246.42,12940.89,10202.029999999999
1490,11977.58,52182.200000000004,19365.79,12245.85,10183.46
1491,11924.789999999999,55012.49999999999,19665.79,11818.34,10310.77
1492,12079.85,57614.07,19317.83,11339.27,10626.619999999999
1493,11457.81,59261.61,19531.86,10614.960000000001,10844.8
1494,11009.12,61194.579999999994,20461.18,9765.62,10495.47
1495,13337.329999999998,61922.34,17642.579999999998,9223.46,11044.8
1496,16149.220000000001,64879.08000000001,17510.2,9044.470000000001,11809.970000000001
1497,14569.95,65513.219999999994,18318.96,9067.77,11912.45
1498,12783.620000000003,65462.04,18015.98,9040.27,11987.61
1499,11846.970000000001,65081.53,17313.54,8865.42,11908.35
1500,11481.59,61620.80999999999,16488.11,8867.35,11382.76
1501,10829.890000000001,56472.11,15879.79,8876.369999999999,10604.16
1502,10005.140000000001,52317.32000000001,14396.14,8842.01,10519.01
1503,9778.470000000001,48382.27,14111.32,8865.03,10353.7
1504,9625.28,47361.259999999995,12544.6,9112.160000000002,10433.96
1505,9425.839999999998,46679.82000000001,11970.71,9218.98,10480.36
1506,9459.059999999998,47242.380000000005,12119.19,8727.68,10369.94
1507,9561.29,49679.42999999999,12377.65,8758.79,10620.02
1508,9542.49,53034.74,13566.32,9048.56,10915.470000000001
1509,10489.74,52026.81,16967.48,9868.13,11097.42
1510,11413.689999999999,52873.340000000004,17724.71,10741.859999999999,11119.33
1511,11741.740000000002,53700.94,17509.71,11619.910000000002,10883.529999999999
1512,12349.44,54737.47,18058.66,12100.24,10568.64
1513,12940.499999999998,54215.869999999995,18151.95,12425.839999999998,10440.76
1514,12676.779999999999,51658.0,17580.95,12424.900000000001,10396.1
1515,12672.07,52680.28999999999,18308.18,12306.17,11009.61
1516,12499.960000000001,57142.99,17665.39,11674.17,11246.369999999999
1517,12299.289999999999,58802.32,18087.35,11058.34,11311.2
1518,11706.63,60580.880000000005,19367.35,10356.029999999999,11226.26
1519,13699.21,62651.380000000005,16889.690000000002,9976.35,11069.89
1520,16414.03,65433.38999999999,17213.190000000002,9797.28,11938.939999999999
1521,15202.519999999999,66288.0,17633.13,9786.44,12039.529999999999
1522,12477.640000000001,66354.32,17804.760000000002,9788.28,12056.78
1523,11441.270000000002,65100.39,18367.190000000002,9663.86,11864.449999999999
1524,11092.83,61917.99,16811.47,9687.970000000001,11509.5
1525,11247.75,56616.79,15528.650000000001,9679.9,10400.09
1526,10731.89,52426.450000000004,14491.07,9609.32,10050.27
1527,10478.04,50282.31999999999,13956.28,8746.18,9865.82
1528,10015.74,49034.50000000001,13077.939999999999,8712.460000000001,9856.83
1529,10025.779999999999,48919.46000000001,11701.46,8706.560000000001,10092.23
1530,10276.51,48401.79,11571.49,8869.79,10423.48
1531,9861.230000000001,51374.32,12042.05,8815.449999999999,10679.46
1532,9667.920000000002,54043.420000000006,13508.619999999999,9742.01,10963.42
1533,10055.43,50626.95,18608.9,10590.82,11121.3
1534,10478.92,52390.89,18100.510000000002,11515.359999999999,11593.45
1535,10903.7,53488.189999999995,17566.65,12316.23,11507.970000000001
1536,11310.130000000001,55171.93,18048.98,12988.82,11255.48
1537,11616.369999999999,55470.96000000001,18574.05,13077.169999999998,11246.810000000001
1538,11727.499999999998,54659.03999999999,18504.0,11805.939999999999,10568.17
1539,12224.43,55071.549999999996,20361.32,11518.18,10836.87
1540,12124.82,55567.950000000004,22872.409999999996,10734.19,11037.869999999999
1541,11785.11,56296.97,23888.489999999998,9785.04,10962.44
1542,11742.14,58775.51,23995.07,8624.03,10579.970000000001
1543,13604.439999999999,62391.71,19609.04,8123.74,10839.7
1544,16421.43,66245.81,19003.91,7881.670000000001,11889.279999999999
1545,14245.52,67670.69,19332.15,7908.4,12004.43
1546,11948.41,67885.66,19598.44,7872.64,11950.310000000001
1547,11341.23,67252.09999999999,19013.0,7685.540000000001,11835.95
1548,11261.369999999999,64488.759999999995,17686.0,7585.210000000001,11410.03
1549,10825.009999999998,59899.72,16957.13,7611.25,10167.56
1550,10160.550000000001,55518.89,15667.55,7601.150000000001,9399.86
1551,10204.670000000002,51356.06999999999,14956.66,7583.879999999999,9375.86
1552,10151.37,50900.78,12722.919999999998,7624.569999999999,9352.27
1553,10330.77,50304.759999999995,11378.92,7738.32,9442.34
1554,10304.050000000001,50282.11000000001,11413.150000000001,7756.67,9458.65
1555,10243.9,52960.39000000001,11471.23,7786.59,10100.060000000001
1556,10318.06,55186.869999999995,13730.79,8161.969999999999,10158.42
1557,10240.210000000001,53471.91,19167.23,9016.49,10192.52
1558,10374.390000000001,53300.950000000004,21725.809999999998,10088.59,9569.26
1559,11174.660000000002,53816.61,21466.78,10876.54,9526.130000000001
1560,12208.45,55015.41,21917.61,11637.86,9537.29
1561,12816.47,55653.380000000005,21737.88,12084.38,9739.970000000001
1562,13155.82,53378.17,21184.75,12117.27,9711.95
1563,13112.97,54655.06,22124.379999999997,11617.910000000002,10248.45
1564,12795.18,54834.6,24229.24,10818.95,10632.68
1565,12058.91,55317.98,25535.82,9890.6,10334.529999999999
1566,11637.03,57092.22,25060.690000000002,8925.19,10549.89
1567,13573.48,59580.64000000001,20838.79,8269.519999999999,11239.8
1568,15923.05,63130.969999999994,20190.59,8048.4400000000005,11948.39
1569,14237.93,64258.149999999994,20215.69,8052.81,11728.1
1570,11526.0,64188.5,20272.66,8036.84,11681.189999999999
1571,11552.0,62869.869999999995,19884.22,7796.67,11540.02
1572,12126.220000000001,59658.47,19558.36,7779.65,10951.060000000001
1573,12006.369999999999,55746.05,18651.33,7772.25,10096.98
1574,12126.16,51374.56,15968.470000000001,7629.27,9986.61
1575,11607.8,49111.509999999995,14179.67,7600.3,9867.61
1576,11353.130000000001,48178.91,12205.55,7593.74,9586.98
1577,11327.320000000002,46899.880000000005,11588.28,7550.259999999999,9548.0
1578,11346.630000000001,46153.619999999995,11470.18,7597.81,9573.4
1579,11419.210000000001,45878.630000000005,11483.91,7621.33,9764.86
1580,10679.32,45687.23,12201.259999999998,7974.490000000001,10053.09
1581,10097.76,45943.92,14763.75,8787.88,9470.48
1582,9760.04,46849.22,15939.349999999999,9708.17,9225.96
1583,9884.79,45840.6,17402.559999999998,10575.970000000001,9048.92
1584,10299.62,45378.240000000005,18089.22,11265.86,9371.810000000001
1585,10692.220000000001,45055.72,18445.49,11640.63,9451.82
1586,10728.25,43736.72,18087.989999999998,11633.47,9414.52
1587,10258.800000000001,43360.48,18035.58,11340.68,9120.619999999999
1588,9822.400000000001,43915.21,17522.59,10610.689999999999,9542.1
1589,9987.85,46343.02,16790.47,9850.220000000001,9600.41
1590,10851.900000000001,46409.52999999999,18157.9,8797.65,10609.080000000002
1591,12338.1,52262.299999999996,17547.170000000002,8238.06,10813.49
1592,15158.91,58498.96,17663.53,8023.7699999999995,11555.95
1593,13162.72,59383.41999999999,18594.120000000003,8012.820000000001,11533.91
1594,11080.160000000002,58922.62999999999,17303.9,7967.7300000000005,11434.95
1595,10483.179999999998,57995.909999999996,16535.36,7770.24,11091.4
1596,10376.31,55564.29,15648.849999999999,7737.97,10422.39
1597,9968.27,52630.19,14488.05,7798.74,10182.630000000001
1598,9694.91,49819.81,12535.79,7765.84,9763.380000000001
1599,9611.88,48205.64,10224.52,7712.49,9734.21
1600,9457.68,47118.28999999999,8740.48,7688.5,9468.880000000001
1601,9167.38,46449.57,7776.91,7658.099999999999,9381.779999999999
1602,9066.8,45876.65,7740.870000000001,7665.42,8842.68
1603,8905.43,45393.94,7868.52,7664.139999999999,8612.0
1604,8426.12,44240.420000000006,8652.23,7851.0199999999995,8208.65
1605,8159.85,42843.34,10793.18,8404.270000000002,7759.93
1606,8735.07,40453.3,12336.98,9180.74,7163.0
1607,9544.39,37094.92,14186.74,9994.36,7376.460000000001
1608,10460.71,36259.91,15498.91,10587.31,7566.47
1609,10793.259999999998,37573.759999999995,16392.6,10967.41,7653.74
1610,10724.630000000001,37833.869999999995,16564.91,11041.810000000001,7494.81
1611,10234.12,37262.409999999996,16450.879999999997,10744.6,7535.64
1612,9906.03,37769.42,16043.119999999999,10041.240000000002,7691.700000000001
1613,10449.58,39352.229999999996,14992.55,9194.56,8904.3
1614,11001.189999999999,44626.05,13335.25,8470.25,9658.630000000001
1615,13429.050000000001,50294.64,12487.37,7922.23,10608.259999999998
1616,15697.61,53723.08,15384.080000000002,7978.59,11495.7
1617,14167.41,55293.34,15660.68,7971.08,11785.16
1618,12087.03,55722.58,15282.5,7918.39,11727.53
1619,11889.990000000002,54937.29,15050.470000000001,7748.59,11139.119999999999
1620,11572.33,53853.68,13922.74,7702.21,9846.9
1621,11369.259999999998,51488.35,12922.31,7707.45,8798.369999999999
1622,11037.96,50180.3,10187.1,7709.54,8910.189999999999
1623,10674.649999999998,48870.03999999999,8937.59,7705.009999999999,8859.58
1624,10476.61,47769.57,8161.2300000000005,7693.9800000000005,8948.9
1625,10294.42,46653.8,8064.53,7682.429999999999,9195.09
1626,10055.19,46662.47,8665.05,7684.299999999999,9415.01
1627,10026.04,47762.80999999999,11017.099999999999,7743.62,9553.31
1628,9929.93,49804.56,14555.04,7963.84,9749.54
1629,10473.09,50750.380000000005,16343.130000000001,8673.37,10368.849999999999
1630,11428.64,53009.850000000006,16508.129999999997,9537.98,10573.220000000001
1631,11494.939999999999,53743.479999999996,16990.04,10309.050000000001,10554.9
1632,11025.58,54893.29000000001,18106.81,10860.68,10673.6
1633,11384.310000000001,55548.10999999999,18473.3,11207.0,11022.279999999999
1634,11144.970000000001,54812.39000000001,18163.75,11153.83,9851.07
1635,11610.34,55543.61,18926.97,10818.82,10736.130000000001
1636,12359.68,56551.68,20237.32,10210.3,11507.04
1637,12025.119999999999,58467.97,21452.77,9364.66,11321.73
1638,12566.329999999998,59866.780000000006,22452.920000000002,8542.69,11280.95
1639,14783.56,61307.62000000001,18301.39,7978.870000000001,11635.3
1640,17644.29,63810.5,18729.46,7806.41,12122.45
1641,15743.04,66555.24,18642.12,7867.63,12288.68
1642,13970.99,67199.31,18068.1,7828.69,12217.630000000001
1643,12288.54,67355.67,17996.15,7712.58,11981.82
1644,11726.130000000001,64520.43,17623.03,7656.69,11083.509999999998
1645,11067.460000000003,60972.46,15651.83,7668.72,10082.16
1646,11247.96,57011.5,12757.41,7653.72,10029.34
1647,11131.91,53821.5,11297.98,7646.86,10269.02
1648,11068.949999999999,51946.41,10264.27,7659.160000000001,10197.51
1649,11176.619999999999,50229.53999999999,10214.21,7670.169999999999,10243.380000000001
1650,11175.960000000001,49769.520000000004,10649.13,7670.79,10442.11
1651,11206.339999999998,51431.880000000005,11691.279999999999,7707.759999999999,10612.619999999999
1652,11183.56,53834.909999999996,14057.439999999999,8049.36,10505.15
1653,11864.82,55633.619999999995,15568.71,8931.77,10772.27
1654,12914.619999999999,56635.94,16854.36,10001.88,11206.86
1655,13506.890000000001,54340.380000000005,19341.29,10819.679999999998,11502.779999999999
1656,13838.689999999999,54748.78999999999,20278.11,11381.880000000001,11908.53
1657,13947.95,53564.0,21872.16,11585.780000000002,11304.380000000001
1658,13880.57,52189.700000000004,21593.8,11525.02,10289.900000000001
1659,13834.920000000002,52753.81,22612.620000000003,11135.01,10949.97
1660,13128.109999999999,52983.44,23680.37,10431.230000000001,11768.09
1661,13132.04,51589.22,25079.579999999998,9549.279999999999,12047.28
1662,15009.05,53898.78,23846.3,8863.289999999999,11563.39
1663,17044.550000000003,56295.479999999996,18421.68,9319.909999999998,11292.86
1664,19312.219999999998,59926.71,18138.39,9740.910000000002,11682.16
1665,17099.57,63152.82000000001,18738.47,9751.470000000001,11951.99
1666,13822.289999999999,65620.31,18631.97,9275.23,12138.85
1667,12420.580000000002,66545.04,18085.96,8876.6,12066.32
1668,11752.38,63899.630000000005,16860.28,8788.76,11376.09
1669,11064.23,60151.55,14914.150000000001,8519.08,10835.33
1670,9914.53,56093.729999999996,13597.36,7898.9800000000005,10573.369999999999
1671,9741.57,53499.39000000001,11761.15,7861.75,10462.48
1672,9467.96,52233.619999999995,9957.52,7867.1900000000005,10403.5
1673,9259.289999999999,51408.75,9366.84,7866.219999999999,10328.279999999999
1674,9240.65,51456.14,9462.81,7871.110000000001,10364.61
1675,9489.320000000002,52348.46,11155.44,7917.5,10413.2
1676,10033.85,53211.82000000001,13791.49,8308.89,10920.060000000001
1677,10024.740000000002,55312.63,15277.490000000002,9238.69,11383.18
1678,10844.36,53731.06999999999,16768.05,10281.37,11695.75
1679,11742.14,50864.21,18609.25,11275.61,11366.17
1680,12594.02,50831.189999999995,19410.11,11970.640000000001,11146.759999999998
1681,13080.510000000002,50884.74,20183.3,12293.42,11137.15
1682,12697.67,49175.939999999995,20395.010000000002,12036.15,10133.49
1683,12711.3,50482.49,21001.88,11759.210000000001,10881.86
1684,12645.449999999999,52865.77,21611.7,11023.42,11628.09
1685,13815.539999999999,53745.659999999996,22163.47,10030.73,11569.16
1686,14834.619999999999,55728.130000000005,22859.59,8932.49,11062.33
1687,17352.72,58566.93,18616.28,8350.300000000001,10855.220000000001
1688,20348.21,61224.87,18369.36,8176.43,11740.09
1689,18178.679999999997,64113.5,18543.92,8159.630000000001,11852.939999999999
1690,14945.679999999998,65532.159999999996,18333.51,8142.660000000001,11841.64
1691,13416.789999999999,65784.33,18316.12,8107.18,11654.79
1692,13571.669999999998,62950.59999999999,17084.059999999998,7884.96,11040.81
1693,11702.949999999999,59422.58,15964.759999999998,7852.83,10530.42
1694,10728.319999999998,55832.41,13702.44,7835.3,10283.53
1695,10588.600000000002,53604.579999999994,11445.66,7839.249999999999,10269.75
1696,10366.97,51906.17,10225.97,7834.67,10281.27
1697,10000.32,51347.229999999996,9646.619999999999,7813.15,10236.25
1698,10113.149999999998,51643.28,9443.630000000001,7805.3099999999995,10225.0
1699,10603.59,53680.9,10235.369999999999,7847.43,10153.95
1700,11146.4,55126.340000000004,12349.34,8220.98,10263.26
1701,11605.39,54221.03,16811.39,9117.42,10428.39
1702,11364.029999999999,55433.43000000001,18976.52,10235.63,9362.91
1703,12027.08,54138.06,20571.29,11214.130000000001,8359.74
1704,12821.029999999999,53342.21,21818.67,11931.779999999999,8272.6
1705,13270.45,52522.75,22555.54,12278.26,8386.57
1706,13439.619999999999,49810.100000000006,22686.7,12261.89,7787.1900000000005
1707,13593.15,50140.27,23741.23,11764.740000000002,9077.52
1708,13819.01,52538.26,23299.28,10905.06,10697.42
1709,14205.06,54695.03999999999,22918.82,9924.25,11290.59
1710,13973.89,58872.45,22583.780000000002,8865.47,11202.24
1711,15433.750000000002,60586.3,19466.14,8164.33,11317.75
1712,17470.14,64619.36000000001,18915.25,8089.18,11728.36
1713,15039.39,67745.78,18438.53,8073.389999999999,11911.810000000001
1714,12595.85,68672.4,18096.23,7900.089999999999,12141.18
1715,11448.13,68588.92,17875.48,7843.12,12083.49
1716,10764.390000000001,65500.31,17723.480000000003,7831.33,11775.66
1717,10442.97,60323.719999999994,16556.88,7834.04,11292.73
1718,10331.58,56528.72,13916.669999999998,8003.05,10673.07
1719,10087.35,55072.409999999996,11517.59,8050.5599999999995,10309.94
1720,9798.240000000002,53130.369999999995,10223.4,8046.42,10203.04
1721,9676.84,51923.51,9977.15,8047.410000000001,10172.3
1722,9613.31,52231.75000000001,10043.52,8026.03,10033.41
1723,9660.739999999998,54010.59,11040.14,7937.1,10068.689999999999
1724,10231.03,54887.619999999995,12888.29,8172.119999999999,10913.84
1725,10897.289999999999,54188.380000000005,16233.94,8977.07,11285.2
1726,11664.810000000001,54618.16,17834.649999999998,9958.369999999999,11111.91
1727,11698.8,54261.07000000001,19443.739999999998,10733.11,10411.970000000001
1728,11996.46,53773.28,21202.14,11427.13,10273.880000000001
1729,12309.86,52923.61000000001,22151.08,11781.619999999999,10159.83
1730,12344.54,49930.87,21849.03,11728.060000000001,9839.23
1731,12132.64,52169.74,21863.870000000003,11309.320000000002,9933.45
1732,12472.29,54757.06,20815.97,10590.53,11012.0
1733,12362.79,56658.83,20502.69,9720.56,11749.27
1734,12925.23,57683.8,21479.25,8770.71,11504.96
1735,15261.789999999999,60150.23,19035.67,8197.38,11461.93
1736,16724.64,64182.44,18983.65,8094.88,12149.619999999999
1737,14225.98,66988.91,18814.559999999998,8076.93,12180.79
1738,12109.61,66692.89000000001,18439.829999999998,7869.66,12282.98
1739,11673.82,65507.73,18019.8,7860.150000000001,12264.630000000001
1740,11457.189999999999,63698.11,16496.71,7909.92,12189.83
1741,10688.800000000001,60004.840000000004,15406.97,7913.57,11847.529999999999
1742,10242.859999999999,56806.9,15054.670000000002,7915.93,10648.06
1743,10116.44,53680.33,14246.94,7908.249999999999,10301.83
1744,9796.21,52286.520000000004,12581.510000000002,7960.1,10202.91
1745,9464.92,51861.090000000004,11411.83,7941.01,10231.32
1746,9515.72,51506.92,11078.52,7935.920000000001,9873.37
1747,9681.100000000002,51290.97,11330.2,7938.93,9806.59
1748,9752.38,50472.229999999996,12227.54,8058.62,9645.869999999999
1749,10592.970000000001,51227.15000000001,12410.07,8138.7,9949.64
1750,11704.57,49753.26,13540.02,8375.77,10655.64
1751,12098.710000000001,47846.0,15355.25,9035.85,10180.57
1752,12594.7,45668.62,17558.440000000002,9555.76,10354.2
1753,12654.69,44798.25,18865.28,9985.71,10634.17
1754,12775.259999999998,43551.27,18934.510000000002,10132.79,10448.99
1755,12452.68,43130.91,18320.34,9814.27,10504.08
1756,11859.9,43978.39,18013.379999999997,9306.659999999998,10267.49
1757,11972.2,45431.58,18174.81,8621.15,10219.28
1758,12836.07,46880.600000000006,19097.1,7912.86,10797.720000000001
1759,15472.77,52281.93,17480.18,7478.74,11376.73
1760,18949.2,57199.45999999999,18059.91,7413.96,11622.43
1761,16865.149999999998,59533.21,17635.940000000002,7476.88,11844.009999999998
1762,13190.83,59517.08,17079.09,7492.18,12031.009999999998
1763,12765.32,57454.100000000006,16136.900000000001,7441.009999999999,11791.619999999999
1764,12722.949999999999,56297.72,14202.61,7165.62,11461.79
1765,12290.520000000002,53272.969999999994,13937.85,6817.38,11139.400000000001
1766,11875.53,50950.10999999999,12598.41,6407.28,10795.26
1767,11483.81,49712.99,11357.439999999999,6383.67,10068.07
1768,11278.5,49282.840000000004,9247.99,6377.79,10175.990000000002
1769,11119.26,48334.56,8170.09,6372.37,10403.94
1770,10028.94,48599.67,8648.64,6319.3,9711.86
1771,9426.19,47721.47000000001,9798.83,6344.549999999999,9230.04
1772,8876.14,45776.38,10248.9,6561.5199999999995,9382.08
1773,9048.41,43655.68,11183.66,7177.110000000001,9142.48
1774,9572.079999999998,40905.86,12621.650000000001,8085.13,9177.619999999999
1775,10121.619999999999,39124.09,14061.7,8839.75,9037.630000000001
1776,10915.47,38518.08,15149.880000000001,9574.19,8902.0
1777,11625.740000000002,39674.36,15768.83,10069.55,8852.16
1778,11979.42,39618.18,15544.67,10015.68,8697.96
1779,11828.11,38757.61,15139.960000000001,9791.45,8630.099999999999
1780,11437.48,39146.490000000005,14937.08,9387.21,8129.9800000000005
1781,10950.88,41499.33,14736.16,8505.699999999999,8461.11
1782,10734.029999999999,44114.35,16111.279999999999,7758.88,10130.74
1783,12916.93,51585.43000000001,15075.73,7404.820000000001,11283.279999999999
1784,15648.18,57485.43,15762.210000000001,7226.0599999999995,12237.829999999998
1785,14326.599999999999,59546.95,16086.95,7346.41,12270.86
1786,12482.11,59798.50000000001,15794.48,7391.32,12261.630000000001
1787,11983.83,58707.49999999999,15414.68,7289.499999999999,12265.310000000001
1788,11678.189999999999,56379.020000000004,14865.29,7239.31,11902.16
1789,11518.939999999999,53126.079999999994,13463.34,7228.97,11522.099999999999
1790,10313.03,49802.259999999995,12560.1,7151.719999999999,11390.619999999999
1791,10138.939999999999,48702.130000000005,11506.09,7105.34,10821.4
1792,9933.36,47941.96,10509.96,7070.45,10546.79
1793,9569.470000000001,47455.53,10303.900000000001,7066.96,10573.6
1794,9462.27,47439.34,10659.130000000001,7081.579999999999,10786.68
1795,9855.699999999999,49522.94,11398.92,7118.93,10924.86
1796,10139.080000000002,51284.66000000001,13942.13,7476.7,10915.79
1797,10030.85,50959.86,18179.75,8172.900000000001,11067.79
1798,10384.780000000002,52564.149999999994,20306.9,9129.310000000001,10597.5
1799,10469.899999999998,51779.50000000001,22058.809999999998,10106.05,10659.6
1800,11078.349999999999,52806.55,22637.170000000002,10857.69,10865.91
1801,11332.91,54170.20999999999,22783.91,11212.91,10655.21
1802,11185.74,52066.83999999999,22684.379999999997,11163.71,10220.57
1803,11668.66,53674.579999999994,22878.32,10769.54,10806.79
1804,11533.77,57559.31,22584.92,10026.779999999999,11509.79
1805,11915.27,60657.09,21403.6,9219.91,11945.810000000001
1806,12164.289999999999,64370.2,20394.96,8180.92,11941.89
1807,13906.89,65566.23000000001,16911.11,7558.67,12143.9
1808,15780.619999999999,67685.48000000001,17292.32,7508.68,12564.97
1809,13286.91,69889.09999999999,18217.66,7525.9800000000005,12473.7
1810,12008.529999999999,69846.55,18005.8,7469.929999999999,12319.720000000001
1811,10990.759999999998,69776.22,17549.66,7539.67,12048.63
1812,10603.970000000001,67226.65,16288.01,7552.8099999999995,12090.33
1813,10098.250000000002,61991.58,15534.24,7496.42,11676.02
1814,9609.85,56258.2,13453.79,7356.45,11247.93
1815,9694.519999999999,52861.34999999999,12945.47,7420.52,10715.52
1816,9689.09,51120.09,12496.58,7319.740000000001,10385.64
1817,9723.890000000001,50064.66,11924.54,7312.090000000001,10197.59
1818,9904.59,49695.36,12267.09,7280.7699999999995,10337.82
1819,10012.699999999999,50854.71000000001,13051.92,7306.95,10455.0
1820,10305.77,51981.38,15034.119999999999,7691.53,11217.51
1821,10609.720000000001,51566.159999999996,18574.84,8543.06,11810.84
1822,11178.030000000002,53980.189999999995,19230.82,9625.460000000001,12213.060000000001
1823,11839.0,54494.009999999995,19235.66,10583.769999999999,12442.310000000001
1824,12546.279999999999,54519.08,20780.82,11311.86,12201.7
1825,13083.39,53792.51,21335.35,11709.829999999998,12064.61
1826,12708.16,51138.23999999999,21020.25,11564.529999999999,11496.98
1827,12697.7,52391.560000000005,21847.76,11044.63,12001.349999999999
1828,13077.79,52792.240000000005,23746.090000000004,10298.82,12465.189999999999
1829,13709.039999999999,53900.96,23865.86,9306.550000000001,12360.58
1830,13513.54,57491.850000000006,22793.25,8307.859999999999,11912.45
1831,15323.289999999997,59095.549999999996,18948.03,7737.33,12146.39
1832,17121.690000000002,62897.130000000005,18065.61,7671.009999999999,12589.41
1833,15108.48,65820.31,18130.9,7662.5599999999995,12664.470000000001
1834,13646.5,66834.79999999999,16920.88,7491.03,12645.78
1835,12659.41,67257.41,16090.63,7441.0,12440.64
1836,11957.15,65112.84,15323.11,7479.24,12077.63
1837,11326.019999999999,60747.92999999999,13830.2,7468.139999999999,11563.66
1838,10628.69,56533.95,12615.279999999999,7454.46,11225.77
1839,10390.12,52549.12,12199.34,7439.900000000001,11126.61
1840,10070.53,50696.990000000005,11743.29,7440.34,10720.66
1841,10107.02,49731.469999999994,11472.02,7440.55,10555.42
1842,10008.87,49942.89000000001,11650.93,7421.0,10499.26
1843,10177.46,51595.93,12262.7,7453.94,10698.66
1844,10273.14,53775.03,13893.36,7828.61,11342.33
1845,11131.789999999999,53265.829999999994,17443.9,8563.349999999999,11873.54
1846,11552.859999999999,54782.9,18244.11,9475.390000000001,11935.2
1847,11897.07,55196.52,18266.95,10426.06,11056.64
1848,12497.939999999999,54892.420000000006,19486.059999999998,11141.839999999998,10681.57
1849,12855.410000000002,53518.99,20640.1,11531.91,10625.27
1850,12922.56,49771.030000000006,20314.3,11528.020000000002,10470.61
1851,13655.13,49536.32000000001,21677.49,11215.830000000002,11690.720000000001
1852,14250.099999999999,50738.45,22653.92,10506.49,11929.39
1853,14759.73,52947.54,21976.74,9595.380000000001,12390.3
1854,14761.69,56648.65,21489.39,8557.18,11888.91
1855,17510.96,57448.95,17995.63,7961.08,12195.689999999999
1856,18836.120000000003,62560.61,16978.9,7862.239999999999,12465.82
1857,16945.920000000002,65536.49,16919.64,7909.83,12522.56
1858,13939.300000000001,67137.4,16358.09,8071.2699999999995,12500.41
1859,12475.1,66756.49,16261.66,8320.400000000001,12374.61
1860,12234.14,63322.97,15840.54,8462.12,12068.26
1861,11792.029999999999,58043.62999999999,14689.7,8895.36,11612.310000000001
1862,11539.43,53301.55,13094.84,8610.29,11459.14
1863,11431.710000000001,50134.00000000001,12005.09,8346.87,10994.73
1864,10714.169999999998,47792.8,11829.490000000002,8431.07,10853.36
1865,10205.490000000002,47064.14,11905.18,8426.199999999999,10451.57
1866,9938.68,46612.55,12561.45,8430.410000000002,10607.42
1867,10631.11,47719.92,13625.56,8475.65,10837.51
1868,11249.419999999998,50381.36,14551.09,8713.65,11097.279999999999
1869,11811.52,50699.53,16827.190000000002,9351.12,11774.73
1870,12084.72,52245.299999999996,17788.309999999998,10296.52,11343.259999999998
1871,12161.36,53706.22,18081.7,11032.859999999999,10012.23
1872,12958.689999999999,53671.06,19253.63,11579.9,9879.26
1873,13454.83,53037.009999999995,20394.48,12002.059999999998,9817.27
1874,13074.25,50833.2,20291.309999999998,12557.789999999999,9711.41
1875,13391.36,53951.42,20302.9,11864.310000000001,10008.27
1876,13098.220000000001,56551.8,20988.84,10882.210000000001,11007.2
1877,13645.100000000002,56308.59,22099.29,9918.72,11488.06
1878,13440.34,58586.520000000004,21384.81,9107.140000000001,11462.96
1879,15926.72,60270.95999999999,16706.67,9019.93,11693.49
1880,18142.36,63460.98999999999,16766.56,9144.990000000002,12067.99
1881,16115.86,66286.0,17128.25,9168.35,12142.52
1882,13696.669999999998,66903.34999999999,16773.35,9001.630000000001,12149.05
1883,12892.48,67270.95000000001,16490.739999999998,8762.2,11886.439999999999
1884,13329.58,62528.990000000005,15685.2,8844.28,11707.61
1885,13481.460000000003,56492.95999999999,15085.5,9102.43,11353.57
1886,12474.029999999999,51908.75,14497.900000000001,9695.84,10956.619999999999
1887,11880.279999999999,49388.26,13814.81,10042.5,10063.97
1888,10503.49,49353.759999999995,13336.669999999998,10144.150000000001,9061.5
1889,9394.33,50177.729999999996,13222.579999999998,10137.949999999999,8027.33
1890,8838.37,49932.93,13869.23,10123.11,8334.42
1891,9321.7,50332.939999999995,14371.5,10174.14,9486.13
1892,10199.07,51288.14000000001,15256.650000000001,10483.6,10683.599999999999
1893,11084.0,53588.520000000004,16304.57,10697.519999999999,11380.46
1894,11989.83,54386.94,18573.11,11278.919999999998,11426.1
1895,11791.339999999998,55769.06,19237.22,11797.48,11192.51
1896,12060.240000000002,57277.99,20058.079999999998,12212.66,10960.27
1897,12308.740000000002,57280.17,20383.85,12513.320000000002,10941.31
1898,12365.78,54712.520000000004,20684.73,12669.65,10159.86
1899,12821.38,56252.19,21406.42,12652.69,10615.74
1900,12805.67,56612.75,22979.579999999998,12086.6,11568.0
1901,12348.15,57898.020000000004,23246.510000000002,11091.960000000001,11756.71
1902,12824.399999999998,59846.600000000006,21201.2,10104.99,11946.349999999999
1903,15105.390000000001,60828.53000000001,18202.75,9545.130000000001,11723.17
1904,16962.07,64969.100000000006,17451.57,9319.890000000001,12071.61
1905,14408.969999999998,67907.34,17050.940000000002,9144.480000000001,12150.510000000002
1906,11836.400000000001,67296.35,17033.68,9059.01,11969.119999999999
1907,11104.330000000002,66104.32,17105.600000000002,9041.78,11856.810000000001
1908,10607.57,63434.25000000001,16688.03,9084.630000000001,11790.82
1909,10423.390000000001,60170.64000000001,15888.36,9091.590000000002,11426.33
1910,10415.42,56630.47,14470.05,9081.22,11182.59
1911,10128.34,54078.85,13120.37,9056.970000000001,10932.62
1912,10198.27,52011.20999999999,12054.57,8970.750000000002,10854.470000000001
1913,10069.130000000001,50955.71,12011.48,8481.18,10720.92
1914,10102.699999999999,50392.869999999995,12144.11,8383.550000000001,10404.64
1915,9900.630000000001,50302.549999999996,12290.85,8451.85,10269.04
1916,9369.289999999999,50081.01000000001,13270.94,8845.19,9726.289999999999
1917,9592.93,52437.7,12797.21,9627.15,9830.22
1918,9738.33,53472.07,13396.86,10555.470000000001,9338.54
1919,10289.949999999999,51862.520000000004,14978.25,11375.53,9439.4
1920,10887.460000000001,50994.44,16236.380000000001,11972.960000000001,9689.42
1921,11174.19,50921.58,16669.51,13089.32,9533.73
1922,10903.86,49474.020000000004,17135.82,13116.17,9699.32
1923,10664.529999999999,48689.91,17662.29,12668.109999999999,9512.95
1924,10416.19,48043.729999999996,18684.16,11905.74,9593.7
1925,10226.380000000001,48238.66,19793.08,10936.63,10395.810000000001
1926,11379.82,49911.35,19883.05,10342.099999999999,10949.05
1927,13366.33,54808.52,17014.84,10350.519999999999,11182.16
1928,15556.869999999999,60589.009999999995,17432.83,10312.650000000001,11564.56
1929,14853.420000000002,61683.29,17066.22,10382.869999999999,11547.619999999999
1930,11987.649999999998,62336.12999999999,16220.97,10304.26,11500.490000000002
1931,11648.090000000002,61089.229999999996,15324.58,10174.529999999999,11167.59
1932,11540.36,59607.56999999999,14094.57,10279.36,10623.33
1933,11084.05,58813.759999999995,11974.220000000001,10363.12,9929.470000000001
1934,10371.86,57443.24999999999,9679.39,10240.480000000001,9769.77
1935,10140.71,56135.75,8507.32,9833.130000000001,9592.14
1936,10321.380000000001,54145.3,8152.04,9801.66,8962.9
1937,10056.44,52169.54,7881.789999999999,9794.65,9390.369999999999
1938,9828.099999999999,50855.990000000005,7919.619999999999,9794.04,9504.689999999999
1939,9605.35,49934.51,7834.36,9831.36,9250.91
1940,9687.55,47260.42,8444.73,10255.49,9124.240000000002
1941,8736.71,46531.86,10394.25,10831.420000000002,8424.75
1942,8898.0,42929.3,12959.77,11760.22,8069.139999999999
1943,9539.45,40040.939999999995,15765.71,12697.660000000002,7979.15
1944,10003.03,39710.520000000004,16999.379999999997,13404.81,7868.93
1945,10415.4,40592.91,17366.65,13706.35,8507.58
1946,10587.36,40710.78,17671.06,13625.7,8523.95
1947,10472.36,40020.97,17269.93,13272.78,8763.2
1948,10704.289999999999,42459.04,16367.59,12486.09,8436.73
1949,11508.67,44480.39,16323.98,11567.67,8244.2
1950,11368.62,48371.00000000001,15816.08,10760.330000000002,8972.66
1951,13681.09,50974.600000000006,15837.279999999999,10257.539999999999,10399.39
1952,17443.83,57306.14,15287.93,10079.490000000002,10737.74
1953,14795.210000000001,60790.39,15725.310000000001,10043.2,10846.5
1954,12855.11,61494.939999999995,15666.9,10053.22,11277.060000000001
1955,11766.82,60292.65,16206.869999999999,9977.890000000001,11780.57
1956,11506.7,59831.799999999996,15006.48,9802.01,11556.470000000001
1957,11188.88,57979.07,12918.93,9795.1,11084.16
1958,10867.650000000001,55351.880000000005,11298.689999999999,9822.130000000001,10765.54
1959,10561.56,51643.45,11730.970000000001,9812.11,10520.97
1960,11155.91,49424.35,11125.08,9791.0,10337.720000000001
1961,11065.3,48654.630000000005,10558.619999999999,9793.01,10220.36
1962,11134.050000000001,48026.06,11040.62,9787.77,10297.39
1963,11175.75,49006.100000000006,12277.490000000002,9866.21,10325.63
1964,11404.94,50476.219999999994,14370.57,10341.16,10367.119999999999
1965,12081.210000000001,52487.21000000001,16244.09,11181.08,10892.8
1966,12424.26,54708.119999999995,19222.010000000002,12026.800000000001,11374.85
1967,13454.14,54308.09,21470.09,12976.050000000001,11634.099999999999
1968,14139.94,55436.909999999996,21755.940000000002,13703.6,11823.92
1969,15125.26,53653.67999999999,22013.92,14013.6,11902.59
1970,15452.779999999999,51032.45,21693.019999999997,13995.39,11982.57
1971,15433.34,50598.520000000004,23026.699999999997,13484.340000000002,12080.48
1972,15729.000000000002,49901.81,22270.22,12785.869999999999,12028.64
1973,16277.52,52466.86,20862.64,11765.83,11933.26
1974,17252.79,53935.05,19172.4,10938.779999999999,11581.03
1975,17693.78,55000.9,15750.76,10459.73,11804.619999999999
1976,17852.0,58937.93,15054.880000000001,10341.85,12131.28
1977,17465.55,61366.09,14912.63,10260.29,12088.79
1978,15250.660000000002,62417.060000000005,14704.099999999999,10257.99,12075.310000000001
1979,13235.960000000001,63371.12,14840.98,10238.51,11897.45
1980,12213.63,61185.369999999995,14774.970000000001,10046.869999999999,11500.98
1981,11658.84,57155.020000000004,14105.609999999999,10016.61,11217.720000000001
1982,10937.32,52941.909999999996,13153.240000000002,9970.189999999999,10724.669999999998
1983,10817.859999999999,49660.72,12797.5,9927.48,10274.17
1984,10949.35,47322.219999999994,12687.689999999999,9924.470000000001,10204.400000000001
1985,10835.47,45784.130000000005,12831.64,9932.97,10205.130000000001
1986,10756.34,45897.05,12993.4,10015.300000000001,10126.9
1987,10845.789999999999,48100.72,13101.08,10074.319999999998,10179.24
1988,11174.710000000001,50900.81999999999,13467.310000000001,10323.21,10885.04
1989,12170.36,52229.53999999999,15145.31,10886.34,11430.29
1990,12896.72,53414.35999999999,15802.32,11559.02,11941.18
1991,12725.279999999999,52485.37000000001,16904.82,12322.63,11858.23
1992,13251.33,51283.149999999994,18328.39,13092.88,11488.79
1993,13607.57,50739.450000000004,19252.77,13377.650000000001,11501.51
1994,13399.03,48315.36,18602.18,13295.41,11398.24
1995,13535.87,49035.47,18506.25,12993.88,11622.85
1996,13637.11,50923.87,17598.71,12537.929999999998,12035.69
1997,12856.71,53720.71,16928.87,11989.060000000001,11906.39
1998,11823.88,59646.659999999996,16212.93,11371.890000000001,11190.880000000001
1999,12343.54,62756.51,13658.71,10902.220000000001,11492.03
2000,14625.27,65921.33,13950.57,10696.199999999999,11920.039999999999
2001,13825.470000000001,66631.41999999998,15791.310000000001,10685.92,11927.189999999999
2002,11096.740000000002,66138.52,16724.5,10679.089999999998,11958.58
2003,10796.05,66126.29000000001,15517.61,10536.55,11906.61
2004,10371.59,63806.32,13943.359999999999,10439.39,11687.53
2005,10255.3,58575.68000000001,12271.12,10350.93,11316.58
2006,9987.18,53077.76,12268.189999999999,10332.009999999998,10789.26
2007,9649.65,50194.93,12103.74,10319.279999999999,9908.51
2008,9574.85,49567.25000000001,10512.74,10295.23,9587.16
2009,9739.789999999999,48651.54,9967.630000000001,10181.7,9494.62
2010,10180.039999999999,48235.340000000004,10265.15,9873.1,9755.38
2011,10299.12,49103.02,12492.880000000001,9816.69,9820.92
2012,10910.28,51464.87,13722.8,10245.8,10301.07
2013,11472.67,53835.89,14720.54,11112.230000000001,10329.900000000001
2014,11797.890000000001,55184.16,15875.36,11914.130000000001,10413.51
2015,12240.920000000002,53506.83000000001,17451.62,12425.39,10345.91
2016,12892.119999999999,53149.299999999996,18365.07,12775.599999999999,10405.94
2017,13286.890000000001,52534.74,18927.98,13036.279999999999,10548.130000000001
2018,13105.99,49681.54000000001,18696.61,12941.71,10153.189999999999
2019,13569.73,50744.94,19136.65,12780.429999999998,10683.6
2020,13745.52,52107.36,19409.3,12263.769999999999,10900.43
2021,12818.36,55092.9,18802.09,11500.24,10798.71
2022,12441.55,59484.03,17691.44,10749.83,10834.26
2023,13004.039999999999,61063.39,15945.07,10232.330000000002,11036.21
2024,15112.54,64238.94,16497.24,10038.87,11827.66
2025,13646.759999999998,65025.88999999999,17923.8,10055.0,11744.95
2026,12055.63,64865.95,17073.22,10051.16,11732.650000000001
2027,11436.689999999999,63894.5,16555.34,10028.36,11582.380000000001
2028,11333.49,60836.409999999996,15388.35,10011.3,11268.58
2029,10811.22,55619.57000000001,14753.36,10011.53,10985.51
2030,10296.470000000001,51928.28999999999,13221.169999999998,9996.920000000002,9744.99
2031,9688.11,49951.59,11637.05,9947.33,9376.54
2032,9440.480000000001,48948.16,10366.46,9930.840000000002,9273.41
2033,9551.150000000001,47948.399999999994,9861.6,9849.43,9394.67
2034,9735.41,47806.799999999996,10330.75,9805.61,9326.64
2035,10022.66,47771.75,13016.18,9880.23,9208.0
2036,10186.59,50450.24,14105.25,10107.84,9874.52
2037,11192.89,53094.83,13391.599999999999,10507.53,10367.34
2038,10960.52,55080.409999999996,14136.789999999999,11006.13,10385.51
2039,11556.56,54311.59,14702.45,11689.150000000001,10051.13
2040,12608.53,53258.78999999999,15702.13,12180.619999999999,10691.439999999999
2041,12582.720000000001,52719.91000000001,16320.06,12365.74,10863.04
2042,12265.990000000002,49925.729999999996,16350.32,12314.21,10585.86
2043,12377.77,49860.85,18261.79,12295.779999999999,10522.81
2044,12633.630000000001,50846.55,19014.11,12112.21,10445.400000000001
2045,11941.04,52316.63,20040.03,11528.08,10588.779999999999
2046,11654.58,54672.17,19467.239999999998,10892.560000000001,10868.779999999999
2047,12341.480000000001,58179.35,17639.9,10369.99,11021.54
2048,15991.010000000002,60775.8,17660.12,10154.28,11389.28
2049,14790.329999999998,63258.70999999999,17643.62,10147.96,11567.93
2050,12248.72,62959.32000000001,17552.08,10274.66,11603.34
2051,11365.64,62096.92,17401.93,10151.07,11641.11
2052,11473.54,59509.72,15510.27,10076.36,11102.07
2053,10886.94,54706.93,14896.359999999999,10016.32,10025.189999999999
2054,10798.730000000001,51202.240000000005,13533.619999999999,9454.460000000001,9250.83
2055,10443.119999999999,49214.99,12491.17,8719.15,8388.09
2056,9825.23,48260.5,11975.330000000002,8149.11,8171.48
2057,9894.96,47450.4,11542.43,8125.499999999999,8182.18
2058,9685.48,48093.520000000004,11621.449999999999,8114.24,8039.45
2059,10056.949999999999,49278.08,12518.38,8157.02,8300.51
2060,10211.050000000001,51208.47,14461.45,8477.83,8901.82
2061,10961.87,53621.920000000006,14711.230000000001,9234.66,8965.96
2062,10967.499999999998,53240.939999999995,15879.11,10254.66,9081.75
2063,11816.019999999999,49724.64,18058.329999999998,11219.84,8957.630000000001
2064,12554.25,49194.030000000006,19241.879999999997,11875.26,9291.4
2065,12947.399999999998,49007.439999999995,19212.52,12015.42,9427.96
2066,12893.18,46938.100000000006,18039.4,11938.54,9222.39
2067,12450.01,48215.95,18541.45,11752.2,9239.12
2068,12455.29,49879.84,18862.41,11306.5,9141.369999999999
2069,12162.36,51460.340000000004,19031.72,10708.59,9310.74
2070,12259.75,53089.57,18816.65,10576.75,9712.7
2071,14489.199999999999,55744.079999999994,17033.68,10287.990000000002,11229.21
2072,16423.39,59599.39000000001,17690.89,10109.7,11464.279999999999
2073,14562.48,62295.31999999999,17640.71,10152.890000000001,11918.05
2074,12585.579999999998,61669.76,17082.17,10254.41,11610.330000000002
2075,12217.55,60414.88,16400.64,10231.26,11346.73
2076,11802.689999999999,58468.18,14925.829999999998,9991.33,10845.279999999999
2077,11220.99,55275.14,14107.25,9888.1,9728.130000000001
2078,11390.01,52112.869999999995,11823.029999999999,9578.890000000001,8925.099999999999
2079,11194.25,50739.85,10366.369999999999,8917.85,8061.8099999999995
2080,10684.359999999999,48247.38,10182.71,8865.2,7940.96
2081,10436.559999999998,46993.61,9842.98,8851.68,7999.639999999999
2082,10325.51,46336.59,10137.31,8848.6,7955.030000000001
2083,10238.24,45381.23,10744.96,8853.480000000001,8027.55
2084,9856.91,45130.22,11298.69,9227.77,8105.150000000001
2085,9886.5,45234.05,12551.36,10298.45,7787.780000000001
2086,10287.7,42082.6,14571.82,11306.9,7659.780000000001
2087,10898.339999999998,40345.89,15763.419999999998,12132.07,7709.849999999999
2088,11175.96,40706.36,16473.73,12610.039999999999,7779.49
2089,11406.74,40867.24,17368.34,12823.81,7629.650000000001
2090,11450.380000000001,40873.95,17565.79,11978.210000000001,7527.869999999999
2091,10898.02,40219.32,17559.97,11701.429999999998,7461.42
2092,10417.410000000002,40414.130000000005,17210.56,11497.179999999998,7350.95
2093,10795.880000000001,43805.06,15707.29,10300.720000000001,7556.27
2094,10825.470000000001,48132.42999999999,16521.72,9694.78,8290.38
2095,13569.970000000001,51514.84,15964.63,9267.99,10424.17
2096,16979.26,57079.99,16453.46,9247.67,11004.830000000002
2097,15600.220000000001,58244.189999999995,16436.64,9338.94,11161.09
2098,12634.85,57076.56999999999,16535.61,9367.78,10839.47
2099,11532.730000000001,56041.439999999995,15556.990000000002,9154.400000000001,10537.05
2100,10745.5,53779.549999999996,14473.12,9104.19,10192.46
2101,10336.69,51591.229999999996,13168.59,9061.710000000001,9398.65
2102,10017.170000000002,49602.22,10923.52,8978.67,9029.54
2103,9748.93,48288.65000000001,8673.27,8954.650000000001,8757.35
2104,9710.7,47309.16,7286.51,8889.710000000001,8213.380000000001
2105,9967.34,46446.009999999995,6200.299999999999,8876.5,7861.16
2106,9851.07,45938.26,5929.8,8862.78,7685.17
2107,9343.890000000001,45408.5,6037.28,8928.76,7677.450000000001
2108,8068.08,44091.97,7568.69,9392.710000000001,7251.71
2109,8333.7,40405.43,9445.0,10271.49,7034.96
2110,8441.67,37144.979999999996,12656.18,11284.160000000002,6894.299999999999
2111,8392.939999999999,35437.13,14746.98,12102.3,7165.74
2112,9151.140000000001,35366.69,15915.619999999999,12660.88,7301.46
2113,9586.03,36779.41,16454.91,12931.14,7596.129999999999
2114,9757.8,36172.19,16720.07,12825.980000000001,7442.69
2115,9641.980000000001,36072.42,16098.33,12406.880000000001,7431.4400000000005
2116,9285.869999999999,35521.68,15824.9,11949.41,7806.78
2117,9448.77,38270.75,14915.29,11071.85,8026.83
2118,9813.609999999999,42679.67,14748.28,10213.16,8990.56
2119,11000.300000000001,50429.71,13551.220000000001,9645.529999999999,10057.09
2120,14225.39,55103.95,14605.31,9644.070000000002,11250.76
2121,13766.470000000001,56394.78,14364.46,9737.69,11593.07
2122,11377.29,56973.78999999999,14299.369999999999,9771.64,11565.07
2123,10086.1,56506.27,14043.7,9691.71,11372.369999999999
2124,9809.980000000001,55284.33,12418.039999999999,9806.62,11273.42
2125,9405.1,52483.96000000001,11234.76,9763.39,10731.130000000001
2126,8968.59,49221.0,10436.47,9510.64,10037.56
2127,8843.970000000001,48786.98999999999,9005.66,9386.990000000002,8501.09
2128,8703.57,48428.32000000001,8186.38,9387.56,7698.68
2129,8882.91,47398.909999999996,7899.78,9390.93,7791.15
2130,8877.510000000002,47020.75,8634.64,9381.42,8085.929999999999
2131,9063.94,47869.259999999995,10186.83,9541.39,8488.029999999999
2132,9356.369999999999,48864.58,13840.79,9819.9,8491.49
2133,10150.529999999999,49569.32,16621.800000000003,10368.35,8069.22
2134,10478.75,51180.9,17856.489999999998,11576.4,7977.13
2135,10990.21,50373.04,19120.13,12587.76,8223.46
2136,11902.609999999999,50088.63999999999,20472.519999999997,13413.77,8444.0
2137,12405.51,48708.55,22733.72,13962.71,8470.54
2138,11963.539999999999,45963.52,23437.33,14068.93,8179.56
2139,12378.390000000001,47443.54,23709.93,13729.65,8506.24
2140,12474.15,50150.15,23587.769999999997,12978.86,9633.89
2141,11884.75,51948.25,23800.65,11992.6,10932.52
2142,12917.029999999999,54762.95,22762.04,11167.96,11497.85
2143,15199.84,57087.53,18371.24,10675.67,11553.94
2144,18170.46,59504.66,17178.58,10776.140000000001,11713.3
2145,16013.48,61105.259999999995,18008.93,11779.65,11907.78
2146,14644.59,61222.43000000001,17855.34,12040.44,11784.43
2147,13963.31,61295.159999999996,17556.61,11917.689999999999,11637.73
2148,12150.769999999999,59664.380000000005,17346.61,11508.8,11356.810000000001
2149,11154.2,55059.7,16810.54,11344.009999999998,10112.720000000001
2150,10454.589999999998,51189.12,15917.69,11300.56,9237.54
2151,9943.09,49588.08,13517.05,11260.11,9176.45
2152,9620.320000000002,48457.020000000004,12396.539999999999,11200.21,8926.08
2153,9501.97,47798.05,11755.359999999999,11096.83,8631.650000000001
2154,9507.789999999999,47756.33000000001,11547.52,11096.869999999999,8829.9
2155,10017.26,48376.17,12168.94,11192.89,9440.08
2156,10486.91,47401.88999999999,16412.69,11791.22,9416.5
2157,10449.07,44659.83,21698.99,12719.630000000001,9417.42
2158,10575.16,47112.81,22782.81,13613.54,9480.880000000001
2159,11089.26,49658.69,22541.370000000003,14334.970000000001,9536.66
2160,11504.97,51054.32,23445.8,15048.82,9740.14
2161,11693.599999999999,51920.19000000001,23994.980000000003,15385.68,9865.619999999999
2162,11506.91,49808.91,23882.75,15416.830000000002,9700.65
2163,11419.359999999999,51732.34,24957.24,15182.15,9882.970000000001
2164,10963.230000000001,53459.090000000004,26095.31,14479.38,10070.6
2165,11013.35,55032.89000000001,25635.44,14067.630000000001,10725.380000000001
2166,12326.01,57485.83,23832.579999999998,13063.570000000002,11070.869999999999
2167,13875.490000000002,59711.950000000004,18924.64,12342.44,11278.07
2168,17004.21,60901.67,18017.940000000002,12143.45,11567.68
2169,16297.48,61821.9,18121.769999999997,12146.77,11550.96
2170,13527.37,62643.509999999995,18096.129999999997,12176.140000000001,11591.87
2171,11374.49,63590.77,17946.69,12021.83,11714.93
2172,11017.66,62300.90999999999,17313.53,11907.91,11479.95
2173,10676.400000000001,57366.71,16701.39,11437.74,10226.2
2174,10019.25,53831.15,14495.84,11219.380000000001,9736.27
2175,10059.77,50546.73999999999,12978.89,11129.939999999999,9616.55
2176,9946.4,48315.38,12151.66,11106.8,9417.4
2177,9617.519999999999,47590.17,12034.0,11104.05,8964.38
2178,9545.32,47514.11,11916.060000000001,11099.39,8892.23
2179,10172.18,48193.98999999999,12312.06,11193.36,9600.39
2180,10146.2,46806.310000000005,17264.21,11749.330000000002,9939.51
2181,9665.57,47084.8,20994.739999999998,12675.79,9636.720000000001
2182,10228.03,49946.880000000005,21101.41,13719.080000000002,9728.130000000001
2183,10667.7,50746.14,21284.28,14585.630000000001,9404.06
2184,11002.74,51321.68,22378.25,15107.0,9589.69
2185,11174.88,51331.11,22862.15,15393.519999999999,9723.16
2186,11245.630000000001,49105.74,22075.66,15280.13,9866.46
2187,11509.419999999998,51415.72,22001.39,14898.169999999998,10527.42
2188,11421.66,53903.119999999995,22383.47,14220.28,11277.56
2189,11462.72,52355.939999999995,24226.61,13736.75,11373.14
2190,12831.99,53164.78,23696.510000000002,12894.550000000001,11524.31
2191,14268.02,56259.22,18321.03,12242.52,11902.349999999999
2192,16695.38,59458.22,16977.87,12076.07,11870.310000000001
2193,16731.239999999998,61135.42,17599.46,10373.880000000001,11916.96
2194,14198.169999999998,62225.36000000001,17547.86,10353.49,11961.92
2195,13775.91,61603.219999999994,17760.07,10521.39,11772.310000000001
2196,12320.800000000001,59559.65,17950.489999999998,10825.77,11513.279999999999
2197,11143.420000000002,55203.71,17038.47,10835.97,10848.689999999999
2198,10278.05,52588.340000000004,13989.310000000001,11042.43,10687.82
2199,9970.570000000002,50098.78,12155.279999999999,11127.359999999999,10396.25
2200,8847.63,49102.31,11860.89,11114.17,9716.69
2201,8639.3,48753.799999999996,11847.289999999999,11121.23,8796.619999999999
2202,8630.27,48933.84,11979.310000000001,11087.980000000001,8719.92
2203,9568.880000000001,47938.35,13950.769999999999,11080.45,9365.34
2204,10206.18,46055.05,18881.5,11617.86,9584.69
2205,10229.739999999998,45663.70000000001,23477.87,12500.019999999999,8505.11
2206,10806.08,47277.96,23689.33,13765.15,9034.279999999999
2207,11523.509999999998,47964.170000000006,22743.32,14703.86,9173.560000000001
2208,12156.400000000001,48409.770000000004,23262.36,15305.64,9433.17
2209,12396.039999999999,48502.99,23449.989999999998,15410.46,9561.77
2210,12303.52,46892.399999999994,21898.68,15295.779999999999,9426.939999999999
2211,12350.9,49315.350000000006,22032.54,14938.199999999999,9991.529999999999
2212,12218.300000000001,51015.37,23342.399999999998,14217.73,10460.3
2213,12352.740000000002,50570.09999999999,24977.67,13685.320000000002,11057.17
2214,13314.460000000001,52503.4,24805.589999999997,12684.619999999999,11318.9
2215,15158.919999999998,55321.03999999999,19792.379999999997,11856.8,11908.24
2216,18976.84,58192.95,17741.34,11638.56,12261.75
2217,17428.170000000002,60598.38999999999,17729.71,11549.849999999999,12475.84
2218,15035.380000000001,60718.53999999999,17745.059999999998,11561.21,12631.939999999999
2219,13213.259999999998,61083.520000000004,17695.97,11565.84,12529.32
2220,12747.26,58940.16,17969.66,11265.59,11897.55
2221,11611.65,54803.37,17388.33,11100.23,11240.48
2222,11211.85,51157.61,15416.51,11147.220000000001,10791.27
2223,10175.829999999998,49141.84999999999,14142.039999999999,11022.720000000001,10025.720000000001
2224,10059.68,48393.159999999996,12846.96,10928.83,9876.7
2225,10098.73,47603.29,12157.96,10894.47,9977.07
2226,10047.49,48019.97,11958.689999999999,10895.56,10073.51
2227,10051.710000000001,48825.049999999996,13447.36,11051.59,10029.81
2228,10256.579999999998,48616.52,17128.69,11528.470000000001,9753.5
2229,10654.53,46573.81,22096.059999999998,12401.789999999999,9486.74
2230,11345.73,49572.07,21897.68,13458.31,9733.67
2231,11885.42,50710.47,21644.94,14382.17,9766.33
2232,12366.36,51762.649999999994,22268.59,15047.65,10258.42
2233,12668.94,52178.87,22610.8,15370.119999999999,10463.82
2234,12716.809999999998,50485.89,21171.280000000002,15208.89,10461.4
2235,12598.800000000001,51455.100000000006,22919.780000000002,14730.439999999999,10297.36
2236,13027.11,51445.92999999999,24096.629999999997,14180.480000000001,10635.61
2237,12900.09,52186.48,24311.31,13583.52,10764.439999999999
2238,13165.85,54688.45,22852.36,12706.140000000001,10715.84
2239,13534.2,59005.16,18288.260000000002,12054.05,11781.0
2240,17446.57,59292.68,18024.74,11950.16,11971.56
2241,17377.66,59320.46,18221.04,11914.01,12217.55
2242,15261.730000000001,59409.659999999996,18048.34,11807.359999999999,12236.29
2243,14044.849999999999,59299.29000000001,18114.55,11647.21,12139.89
2244,13551.54,56918.84,17762.58,11680.96,12036.57
2245,12003.94,55656.37999999999,16245.4,11809.939999999999,11261.48
2246,11795.24,51709.01,14346.84,11817.07,10906.02
2247,11287.690000000002,49234.469999999994,12521.189999999999,11818.900000000001,10842.880000000001
2248,10804.279999999999,47479.77,11574.490000000002,11813.119999999999,10481.71
2249,10354.0,47331.409999999996,11194.18,11810.990000000002,9742.6
2250,9378.359999999999,47324.59,10774.7,11816.34,10271.26
2251,8828.43,47545.670000000006,10362.59,11884.380000000001,10307.869999999999
2252,8966.820000000002,43821.64,12636.05,12297.000000000002,10472.0
2253,8991.34,43525.56,15195.96,12772.07,9996.72
2254,10066.140000000001,43774.64,16065.26,13725.269999999999,9956.96
2255,10817.850000000002,42648.67,16395.25,14581.73,9697.130000000001
2256,11534.439999999999,42310.57,16580.48,15183.01,9957.34
2257,12092.25,42667.67999999999,16699.45,15457.31,10276.19
2258,12333.070000000002,42074.62,16474.92,15231.26,10682.89
2259,11860.03,43013.04,15908.95,14759.93,10668.369999999999
2260,11438.05,44095.56999999999,15468.31,14239.210000000001,10549.14
2261,11534.31,46248.520000000004,14915.49,13556.82,10450.6
2262,11353.06,49794.06,15021.42,12843.25,11339.99
2263,12286.13,53733.84,15913.48,12109.18,11539.970000000001
2264,15050.55,58554.21,16491.3,11805.7,12106.07
2265,15139.89,58721.74999999999,16798.53,11922.619999999999,12131.35
2266,13227.73,57045.92,16579.62,11958.76,12181.880000000001
2267,11966.12,56321.73999999999,15616.75,11947.99,12153.470000000001
2268,11531.189999999999,54866.299999999996,14328.07,11955.66,11791.82
2269,11123.09,52389.44000000001,13183.39,11948.59,11385.380000000001
2270,11283.17,50571.850000000006,10560.92,11820.35,10810.02
2271,11141.400000000001,49528.88,9057.31,11812.699999999999,9828.66
2272,10906.329999999998,47921.799999999996,7938.289999999999,11813.989999999998,9476.06
2273,10717.55,46720.24999999999,7308.89,11808.62,9171.86
2274,10319.05,46138.87,7290.719999999999,11810.9,9007.68
2275,9526.76,45175.76,7408.5599999999995,11846.75,9046.630000000001
2276,8887.14,42730.280000000006,8756.41,12022.71,8859.68
2277,9486.25,38748.28999999999,10624.17,12704.34,8159.65
2278,9750.820000000002,37063.91,11988.4,13209.220000000001,8321.0
2279,10316.73,35323.53,13116.47,14150.83,8417.02
2280,11032.7,35193.84,13761.37,14829.24,8789.57
2281,11372.41,36786.200000000004,14089.27,15010.79,9016.08
2282,11611.6,36763.869999999995,14210.939999999999,14790.619999999999,8879.220000000001
2283,11371.820000000002,36522.82,14179.490000000002,14343.89,8681.42
2284,10926.4,37773.909999999996,13840.33,13809.82,8461.43
2285,10707.890000000001,40955.19,13400.31,13134.009999999998,8771.81
2286,9811.980000000001,47145.79000000001,13833.119999999999,12609.95,9570.369999999999
2287,11374.990000000002,54874.15,11959.18,12066.99,10989.96
2288,14720.79,58574.98,14162.9,11812.56,11371.83
2289,14622.880000000001,59144.45,15295.95,11800.81,12161.13
2290,11749.320000000002,60373.36,15468.900000000001,11823.16,12214.84
2291,10722.98,60229.48,15688.28,11819.11,12073.529999999999
2292,10363.999999999998,59266.14000000001,15068.5,11826.45,11458.1
2293,10427.14,56667.810000000005,13568.990000000002,11744.97,11303.26
2294,10648.51,53542.479999999996,10997.25,11779.19,11098.45
2295,11335.31,50673.060000000005,10475.24,11422.539999999999,10629.29
2296,11015.999999999998,50084.35,10046.56,10208.04,10637.279999999999
2297,10687.61,49191.84,9811.61,10190.48,10581.98
2298,10827.19,48874.909999999996,9955.75,10134.199999999999,10598.66
2299,10801.529999999999,49113.350000000006,11425.89,10287.08,10813.28
2300,11023.06,47995.939999999995,15154.13,10775.99,11181.55
2301,10960.61,48436.259999999995,18337.65,12311.189999999999,10993.71
2302,11954.570000000002,50844.090000000004,20049.53,13129.55,11542.04
2303,12248.32,52357.03,21165.75,14295.7,11699.57
2304,13053.16,53428.05,21537.579999999998,15326.7,12165.12
2305,13283.61,54005.44000000001,22155.66,15734.550000000001,12095.67
2306,13358.749999999998,52008.48,22767.68,15683.490000000002,11378.91
2307,13898.21,53375.18,23802.39,15136.39,11575.81
2308,14647.990000000002,54532.729999999996,24470.17,14376.220000000001,11359.71
2309,14781.62,56322.1,24869.36,13400.27,11041.96
2310,15815.050000000001,57860.58,23854.42,12349.44,10984.279999999999
2311,17531.37,58715.98,19651.2,11542.9,11667.91
2312,19050.63,61758.02,17430.190000000002,11294.71,11928.66
2313,15994.77,64686.87999999999,18488.42,11300.179999999998,11911.119999999999
2314,14081.480000000001,65966.5,18661.07,11316.849999999999,11925.61
2315,12999.210000000001,66801.47,18675.260000000002,11341.970000000001,11796.41
2316,12921.620000000003,63869.33,18446.32,11340.17,11564.099999999999
2317,12206.470000000001,59799.5,17907.09,11275.380000000001,11238.57
2318,11473.170000000002,55395.98,16630.85,11147.59,10622.67
2319,10618.77,54732.31,13196.240000000002,10928.990000000002,10493.79
2320,10342.76,53735.59,10906.119999999999,10887.56,10536.75
2321,10470.37,52002.84999999999,10890.84,10847.77,10531.43
2322,10341.02,51743.25,10991.07,10684.15,10478.76
2323,10025.810000000001,52255.579999999994,12056.84,11124.05,10501.65
2324,10380.91,49816.96,16929.420000000002,12137.25,10934.16
2325,11223.029999999999,47429.94,22377.09,12992.77,10899.07
2326,11995.41,49637.340000000004,23618.51,14180.03,11107.08
2327,12221.09,51011.21000000001,23015.11,15289.84,11056.48
2328,12660.670000000002,51953.32,22478.690000000002,15954.93,11272.85
2329,13311.400000000001,51237.33,21965.31,16435.82,11303.0
2330,13481.23,49230.31,20994.300000000003,16294.250000000002,11171.93
2331,13567.17,49343.17,23435.08,15788.36,11019.619999999999
2332,14356.999999999998,49877.17,24894.32,14901.640000000001,10831.58
2333,14113.46,51908.39,24445.739999999998,13924.259999999998,10804.36
2334,14248.6,55975.62,21931.43,12808.85,11065.58
2335,14380.150000000001,58311.85,17461.6,12074.359999999999,11847.1
2336,16409.46,60995.340000000004,16054.529999999999,12031.9,11925.51
2337,15570.469999999998,63848.15999999999,15565.130000000001,12145.560000000001,11743.71
2338,14070.869999999999,63706.75,15880.82,12168.42,11686.630000000001
2339,13056.98,63673.05,15680.5,12147.59,11689.380000000001
2340,11516.19,62557.94,15477.630000000001,12079.9,11431.83
2341,10837.93,58776.3,14188.310000000001,11928.84,10426.13
2342,10472.359999999999,55966.35,12322.26,11873.49,9507.68
2343,10411.8,53381.52,10700.61,11823.73,9314.52
2344,10319.159999999998,51795.73,9136.470000000001,11808.59,9650.19
2345,10059.699999999999,51148.72,8972.95,11780.13,9348.98
2346,9955.68,51049.399999999994,8860.650000000001,11784.26,9600.52
2347,10076.07,50647.48,10662.17,11862.97,10003.490000000002
2348,10907.26,48703.170000000006,14832.810000000001,12304.320000000002,10283.53
2349,11992.22,47883.25,18125.12,12952.16,10037.86
2350,12353.58,49235.38999999999,19791.29,13876.720000000001,10085.25
2351,12248.589999999998,49823.86,20516.81,14752.949999999999,9888.21
2352,12690.37,50541.72,21167.329999999998,15458.55,9355.32
2353,13293.170000000002,50953.92999999999,20974.6,15788.77,9367.57
2354,13300.779999999999,48901.06,20347.52,15693.2,9573.470000000001
2355,13106.589999999998,49942.1,21822.81,15210.49,9522.18
2356,12848.460000000001,49761.79,24311.730000000003,14469.060000000001,9656.64
2357,12598.64,51715.79,24978.99,13721.05,9713.95
2358,13386.080000000002,54309.46000000001,22963.670000000002,12852.259999999998,10507.66
2359,14499.73,55799.2,17890.19,12407.15,11110.98
2360,15794.850000000002,59847.26,16911.23,12244.36,11548.48
2361,14555.65,62322.57,17092.54,12260.23,11428.71
2362,12279.740000000002,63610.880000000005,16501.02,11834.240000000002,11529.599999999999
2363,11577.439999999999,63807.899999999994,16215.869999999999,11279.96,11518.89
2364,11474.11,60214.28999999999,16060.349999999999,11247.369999999999,11376.2
2365,11521.260000000002,56629.54,14564.89,11059.38,11139.8
2366,11276.06,52914.03,12302.599999999999,11840.759999999998,10215.21
2367,11009.57,50665.05,10619.13,11772.510000000002,9862.84
2368,10525.7,49764.96,9541.16,11727.98,9519.44
2369,10365.44,48873.45999999999,9312.28,11691.03,9389.099999999999
2370,10358.4,48622.34999999999,9337.23,11640.210000000001,9450.67
2371,10530.080000000002,49950.82,10015.2,11777.42,9777.02
2372,11097.130000000001,50226.189999999995,13540.09,12437.86,10132.05
2373,11431.77,49559.479999999996,19106.88,13259.59,9637.81
2374,12062.89,50691.59,20844.31,14287.48,9817.22
2375,11604.71,51610.619999999995,22440.2,15001.869999999999,9030.95
2376,11316.099999999999,52752.7,22912.97,15548.11,8680.539999999999
2377,11035.51,52325.490000000005,22977.030000000002,15789.809999999998,9312.71
2378,10898.8,49994.02,21434.57,15654.29,9406.66
2379,11209.75,51564.57,21317.83,15250.56,9143.66
2380,11337.37,51980.950000000004,23562.43,14442.849999999999,9276.51
2381,11585.779999999999,53241.53999999999,24270.010000000002,13708.8,9546.75
2382,12094.93,56053.32999999999,22715.0,12871.83,10784.880000000001
2383,12922.670000000002,58739.45,18657.37,12332.34,11678.029999999999
2384,15272.48,61497.17,17590.43,12074.03,12132.240000000002
2385,15037.74,62525.299999999996,17591.27,12007.33,12455.240000000002
2386,13223.11,62012.229999999996,17838.17,11982.25,12504.07
2387,13169.32,61007.560000000005,17659.25,11888.43,12459.119999999999
2388,13241.060000000001,57898.630000000005,16944.45,11816.36,11975.75
2389,12214.279999999999,54113.329999999994,15382.04,11849.220000000001,11503.11
2390,11072.46,51341.16,13916.279999999999,11812.0,10325.76
2391,10950.800000000001,49563.25,11474.509999999998,11788.11,9862.71
2392,10467.699999999999,48775.17,10234.84,11770.02,9414.73
2393,10028.75,48202.409999999996,9948.84,11731.769999999999,9403.6
2394,9829.73,48200.89,10114.66,11739.609999999999,9441.66
2395,10151.810000000001,48847.1,10832.14,11796.359999999999,9991.49
2396,10093.17,49030.35999999999,14789.27,12220.009999999998,10252.369999999999
2397,10903.26,49538.46,18574.34,12861.12,10058.07
2398,11524.54,51844.399999999994,19833.33,13773.93,9878.5
2399,12186.550000000001,53127.1,19392.27,14399.800000000001,10120.43
2400,13034.650000000001,54068.85,19655.5,14804.05,10486.27
2401,13271.92,54258.439999999995,19030.199999999997,14862.57,10563.5
2402,13025.66,50433.56,20143.17,14634.38,9945.09
2403,13190.93,51814.13999999999,20276.92,14443.369999999999,10683.23
2404,13194.729999999998,52077.42,21412.629999999997,13986.71,11538.79
2405,12699.05,52124.17999999999,22131.35,13301.34,11592.41
2406,13241.43,50681.89,23838.45,12674.18,11694.8
2407,14914.720000000001,54078.259999999995,19820.88,12189.54,11866.92
2408,17175.04,57724.61,18684.99,11948.0,11755.900000000001
2409,16677.95,59538.5,18045.54,11900.460000000001,12046.5
2410,13701.22,59657.380000000005,18014.27,11933.390000000001,12141.150000000001
2411,12552.51,59732.97,18182.760000000002,11360.51,11867.23
2412,12726.81,57980.689999999995,16769.95,11232.970000000001,11570.51
2413,12701.5,54009.16,16117.54,11232.330000000002,10921.18
2414,11560.460000000001,51601.45999999999,14207.519999999999,11226.43,10372.83
2415,11273.14,50612.86,11018.92,11165.3,10211.99
2416,10967.35,48589.94,9908.76,11394.69,10008.970000000001
2417,10299.41,47526.96,9489.62,11931.91,9751.849999999999
2418,9886.019999999999,47289.630000000005,9371.01,11954.310000000001,9769.7
2419,10075.720000000001,46521.82000000001,9269.26,11982.3,9916.74
2420,9798.230000000001,45643.78,10656.880000000001,12055.68,10098.65
2421,9965.949999999999,46543.99,13125.21,12523.630000000001,9651.43
2422,10658.960000000001,45560.12,14742.13,13423.67,9605.54
2423,11646.32,44323.06,15821.710000000001,14391.55,9560.689999999999
2424,12383.960000000001,43254.33,16298.45,15086.39,9776.75
2425,12866.91,43044.55,16455.309999999998,15386.009999999998,9973.46
2426,12696.719999999998,42420.759999999995,16212.79,15273.86,9772.78
2427,12424.57,42743.43,16015.17,14840.95,9459.63
2428,12065.0,44659.96,15590.54,14045.19,9194.83
2429,12433.57,46086.420000000006,15486.89,13051.77,9426.72
2430,13713.630000000001,45207.33,16001.5,12274.4,10660.34
2431,14815.67,47710.310000000005,16732.33,11721.400000000001,11532.960000000001
2432,17257.84,52767.880000000005,16771.46,11484.869999999999,12474.45
2433,16886.69,54557.90000000001,16624.72,11501.64,12565.97
2434,15106.24,54400.69,15407.56,11517.67,12635.85
2435,13290.82,54372.96000000001,14342.75,11401.960000000001,12604.49
2436,12865.460000000001,52942.350000000006,13069.81,11373.75,12120.400000000001
2437,12120.81,51728.799999999996,12049.0,11325.1,11451.44
2438,11528.5,49954.86,10713.75,11141.51,11103.619999999999
2439,10892.3,48829.72,8217.11,10969.679999999998,11101.69
2440,10447.44,48773.34,6742.15,10973.949999999999,10053.26
2441,9723.210000000001,48208.2,6105.76,11006.900000000001,9759.55
2442,9384.73,47671.5,5952.15,10998.33,9505.91
2443,9317.669999999998,46621.770000000004,5979.8,11086.24,9150.4
2444,8203.23,44217.44,8659.05,11631.67,7778.8099999999995
2445,7993.58,42886.31999999999,11543.13,12578.589999999998,6712.21
2446,8715.859999999999,41261.66,13664.82,13593.23,6430.58
2447,8986.45,40677.7,15217.560000000001,14448.179999999998,6292.87
2448,9245.220000000001,40999.920000000006,15853.69,14926.36,6419.19
2449,9986.52,42018.47,16413.31,15013.44,6518.75
2450,10236.31,41873.62,16030.49,14909.119999999999,6455.07
2451,10145.21,41125.409999999996,15317.85,14613.67,6252.43
2452,10028.350000000002,41853.48,14485.73,13904.960000000001,6220.400000000001
2453,9706.16,43923.99,14019.6,13005.880000000001,6658.16
2454,10070.269999999999,46738.6,14009.57,12085.09,7992.5599999999995
2455,12050.7,48494.26999999999,13437.07,11447.970000000001,10493.95
2456,15141.16,51261.21000000001,14211.560000000001,11275.599999999999,11779.630000000001
2457,15919.939999999999,53140.2,13128.550000000001,11259.619999999999,12153.880000000001
2458,14087.1,53611.479999999996,13017.97,11234.09,12489.68
2459,12522.46,54962.36,12573.189999999999,11190.390000000001,11947.6
2460,11748.860000000002,55753.1,11113.09,11163.0,11225.130000000001
2461,10843.070000000002,53146.54,10652.380000000001,11182.269999999999,10668.6
2462,9339.02,51035.54000000001,11269.32,11076.369999999999,9036.64
2463,8707.58,49687.81,10971.08,11011.08,7872.860000000001
2464,8708.34,48572.79,10615.46,10486.330000000002,7693.32
2465,8612.51,48199.77,10611.18,10245.65,7331.969999999999
2466,8864.6,48637.76000000001,10510.86,10250.14,7290.070000000001
2467,9467.91,49398.18,10896.88,10332.72,8304.689999999999
2468,10548.75,51227.67,12286.2,10884.89,9513.45
2469,11949.11,51482.380000000005,15883.85,11851.56,10125.86
2470,13323.869999999999,54181.100000000006,18004.809999999998,12844.24,10443.970000000001
2471,14283.470000000001,55215.22000000001,19995.57,13818.18,9650.64
2472,15056.49,54799.17999999999,22739.38,14611.83,9281.56
2473,15860.89,53084.840000000004,23402.9,14809.609999999999,10157.18
2474,16103.79,50953.75,22947.149999999998,14685.099999999999,10186.7
2475,15670.68,52015.23,24284.489999999998,14129.779999999999,10040.82
2476,15302.49,54568.72,24752.39,13456.41,9806.539999999999
2477,15473.73,55236.72,24198.66,12794.44,9716.53
2478,15564.699999999999,55459.17,21892.760000000002,12100.140000000001,11207.529999999999
2479,16149.59,55485.26,19088.84,11562.44,11489.94
2480,18434.649999999998,58509.03,17342.72,11529.66,11605.630000000001
2481,18072.839999999997,61213.58,17043.510000000002,11556.5,12318.189999999999
2482,16089.050000000003,62555.9,16573.27,11550.33,12512.25
2483,14222.81,62196.86,17109.08,11496.29,12638.77
2484,12908.76,59207.09999999999,16909.2,11355.710000000001,12511.130000000001
2485,11601.42,56522.649999999994,15241.86,11333.09,11106.720000000001
2486,9689.18,54065.06,13862.550000000001,9837.31,8092.14
2487,10259.550000000001,52742.340000000004,15986.11,6863.0,5643.56
2488,9811.77,52229.54,14568.55,6938.26,6918.59
2489,9080.73,51230.93,13621.23,7318.16,7910.849999999999
2490,9387.300000000001,50465.28999999999,14127.98,7280.92,7903.8
2491,9763.89,51155.15,14768.829999999998,7707.960000000001,8571.8
2492,10117.17,51308.3,17221.92,9306.46,9721.85
2493,11047.27,52835.5,19732.85,10393.21,10442.380000000001
2494,11248.69,54876.990000000005,21430.45,10828.8,11005.42
2495,11739.210000000001,55167.74000000001,21663.22,11808.820000000002,10719.5
2496,12117.840000000002,56925.47000000001,21627.620000000003,12693.79,10227.27
2497,12372.68,57346.659999999996,22035.120000000003,12818.390000000001,9813.34
2498,12341.09,55028.18,20883.56,12513.96,9322.04
2499,12315.71,55885.46,21217.87,12085.510000000002,9911.81
2500,12207.82,56845.11,21879.41,11251.369999999999,11080.93
2501,12042.359999999999,57770.48,21913.83,10551.03,11513.24
2502,14345.43,57854.67,20801.96,9850.54,11681.07
2503,16582.83,55841.53,18606.89,10267.529999999999,12322.58
2504,19048.82,57399.91,17553.13,10918.740000000002,12470.61
2505,18856.739999999998,60051.40000000001,17244.81,10993.89,12481.82
2506,15864.68,60692.8,17427.53,11081.800000000001,12618.2
2507,13756.720000000001,60844.15,17847.489999999998,10844.47,12580.89
2508,13256.720000000001,58869.759999999995,17572.37,10100.119999999999,12181.5
2509,12348.69,55408.04,16482.34,9912.79,11498.93
2510,10594.13,53275.39000000001,14157.36,9786.32,11092.630000000001
2511,9597.440000000002,51670.63,13080.810000000001,9577.08,10627.19
2512,9334.4,50520.060000000005,11953.169999999998,9546.04,9976.72
2513,9165.890000000001,50766.95,9898.9,9567.369999999999,10404.220000000001
2514,9117.49,50822.340000000004,10001.54,9582.93,10270.95
2515,9209.46,51476.670000000006,10871.35,9711.21,9900.45
2516,9598.869999999999,52072.130000000005,12263.67,10256.89,10681.720000000001
2517,10203.73,51793.78999999999,16536.86,11067.539999999999,10630.97
2518,11219.329999999998,52277.81,18271.85,12012.550000000001,10223.77
2519,11958.94,52592.05,18687.14,12782.609999999999,9649.689999999999
2520,12616.630000000001,53172.420000000006,19805.91,13259.28,9947.97
2521,13006.16,53406.72000000001,20318.9,13478.35,10048.83
2522,12942.33,51762.49,19634.940000000002,13369.94,10027.16
2523,12792.090000000002,54390.46000000001,19418.83,13048.23,10231.23
2524,12636.72,55585.43000000001,20699.09,12433.490000000002,10752.08
2525,12825.0,55716.58,21211.39,11704.99,11662.43
2526,13364.979999999998,57338.44,21085.050000000003,10866.05,11316.74
2527,14621.810000000001,58005.030000000006,18934.510000000002,10294.85,12037.26
2528,17715.600000000002,59776.97,18245.190000000002,10068.16,12324.69
2529,18306.1,61814.05,17998.52,10037.720000000001,12509.74
2530,16033.650000000001,62342.899999999994,17817.53,10062.64,12504.94
2531,14416.51,62911.469999999994,17467.36,10073.170000000002,12363.22
2532,14086.96,60884.08,16539.18,9827.11,11908.83
2533,13102.92,57613.16,15084.23,9786.509999999998,11008.36
2534,11523.77,55154.770000000004,13069.52,9738.2,10324.75
2535,10329.019999999999,53989.57,10959.77,9700.67,9859.85
2536,9792.72,53121.799999999996,10113.61,9686.650000000001,9270.8
2537,9559.7,52561.01,9372.619999999999,9683.31,9297.98
2538,9404.060000000001,52928.14,9015.35,9679.05,9391.36
2539,9088.53,53921.59,9192.65,9822.34,10165.24
2540,9122.19,54151.6,12216.72,10201.16,10593.060000000001
2541,9453.650000000001,52415.490000000005,17710.81,11039.08,10897.939999999999
2542,10105.89,53112.96,20356.36,12042.01,10391.279999999999
2543,10565.07,54111.96000000001,21532.18,12755.36,9366.61
2544,10899.76,55808.69,21918.89,13360.39,9514.59
2545,10770.920000000002,57449.619999999995,21562.21,13696.150000000001,9921.6
2546,10877.409999999998,56728.130000000005,20849.27,13609.24,9638.189999999999
2547,11623.6,57865.780000000006,21509.230000000003,13225.36,10795.84
2548,11248.83,58638.3,24136.690000000002,12500.88,11037.720000000001
2549,11811.260000000002,59467.96000000001,24553.92,11539.210000000001,11230.310000000001
2550,13437.529999999999,59929.81999999999,23054.899999999998,10503.880000000001,12299.18
2551,15762.669999999998,59926.399999999994,19316.78,9674.550000000001,12570.09
2552,18929.559999999998,61452.09,18198.58,9501.3,12719.27
2553,17961.87,63807.34,18404.129999999997,9505.019999999999,12339.99
2554,15121.240000000002,64246.88,18578.19,9507.460000000001,12525.34
2555,14396.930000000002,64427.329999999994,18280.829999999998,9480.57,12399.25
2556,13457.88,62156.87,18110.97,9250.810000000001,12360.970000000001
2557,12107.82,59480.45,16707.22,9213.96,11903.84
2558,11124.82,57901.22,13593.960000000001,9149.42,11257.27
2559,10030.33,55538.85,12382.18,9319.49,11147.07
2560,9029.95,54282.65,11398.6,9369.210000000001,10967.74
2561,8897.360000000002,53773.70999999999,10146.86,9505.88,10877.77
2562,8690.59,53055.34999999999,10036.98,9688.740000000002,11034.5
2563,8645.999999999998,54040.32,10468.31,9917.51,10991.880000000001
2564,8956.73,54025.26999999999,13365.099999999999,10895.920000000002,10805.2
2565,8727.45,53541.14,19184.35,12078.8,9820.39
2566,9270.449999999999,55132.77,21674.15,13215.35,9934.49
2567,9806.890000000001,55993.74999999999,23103.440000000002,14077.82,9527.26
2568,10297.16,57199.64,24133.58,14601.060000000001,9698.42
2569,10514.720000000001,59273.24,22380.54,14507.849999999999,10264.02
2570,10509.9,58028.17999999999,23043.42,14023.789999999999,9859.310000000001
2571,10921.390000000001,59023.89,24498.32,13666.939999999999,11204.27
2572,12008.26,59567.19,25006.510000000002,12894.32,11287.17
2573,12667.730000000001,59166.60999999999,25540.239999999998,11826.73,11814.720000000001
2574,15035.47,59215.3,24183.85,10736.7,12085.43
2575,17760.16,59292.8,19637.43,10052.68,12443.43
2576,19698.18,62367.369999999995,17985.41,9880.759999999998,12480.5
2577,18621.940000000002,64289.71000000001,17539.199999999997,9873.490000000002,12157.939999999999
2578,15672.220000000001,64907.21,17809.9,9663.3,12103.39
2579,13681.61,64887.61,17607.77,9628.08,12347.77
2580,13208.029999999999,62748.9,16999.34,9648.78,12153.68
2581,13019.78,60189.84,16523.02,9936.52,11529.45
2582,12181.520000000002,58609.71000000001,14533.06,10081.86,10500.289999999999
2583,11395.800000000001,56718.38,12527.02,9894.67,10491.18
2584,10508.25,56107.950000000004,11108.92,9616.16,10489.35
2585,9991.380000000001,55709.58,10244.58,9569.96,10224.53
2586,10006.61,55603.34,9077.79,9570.439999999999,10736.12
2587,9980.23,54549.43,8733.9,9749.69,10560.57
2588,9757.52,52262.630000000005,11874.57,10396.330000000002,8839.630000000001
2589,10201.6,50534.71,14948.61,11390.91,8910.95
2590,10763.419999999998,52404.24,17224.8,12554.24,8726.89
2591,11697.99,54143.130000000005,17501.83,13447.01,8436.380000000001
2592,12171.289999999999,54304.56,17540.46,13917.58,8967.35
2593,12632.560000000001,53605.97,17351.940000000002,13963.19,9547.99
2594,12873.170000000002,51496.44,17125.69,13574.359999999999,9565.87
2595,12678.8,51228.7,16399.93,12969.82,9520.810000000001
2596,12207.59,49608.39,16882.78,12114.9,10527.220000000001
2597,12795.92,48605.89,17015.949999999997,11094.320000000002,11108.82
2598,14643.54,47327.13,17902.28,10256.74,11631.5
2599,16732.71,49020.34,17526.66,9754.55,11735.34
2600,18292.68,53424.02,17094.69,9737.26,12756.279999999999
2601,16921.02,56533.200000000004,16300.31,10017.160000000002,12630.47
2602,14854.31,57123.47,15387.64,10054.470000000001,12178.71
2603,13102.570000000002,57279.42,14774.720000000001,10066.98,12117.18
2604,11432.1,54981.72,15582.54,9823.060000000001,11838.3
2605,10516.639999999998,51891.03,16536.78,9571.93,10626.04
2606,9675.0,50082.25000000001,13124.59,9444.49,10619.11
2607,9772.519999999999,49390.59999999999,9659.630000000001,9384.800000000001,10603.7
2608,9588.46,48414.85,7791.200000000001,10117.93,9997.93
2609,9074.400000000001,47431.909999999996,7570.04,10166.140000000001,9848.529999999999
2610,8972.900000000001,46437.56999999999,7395.6900000000005,10196.97,9795.529999999999
2611,8895.07,44913.04,6728.639999999999,10489.71,9966.279999999999
2612,8405.73,42738.270000000004,8796.27,10898.41,9051.630000000001
2613,8444.039999999999,40676.66,11252.05,11485.9,8023.72
2614,9080.16,38955.79,12726.400000000001,12037.79,7038.21
2615,9865.5,38700.409999999996,12590.42,12510.97,6643.33
2616,10567.85,39075.09,13327.95,12948.69,6699.02
2617,11011.490000000002,39700.07000000001,14006.1,13323.130000000001,6984.05
2618,10940.640000000001,39439.82,14025.16,13363.23,7191.73
2619,10596.57,38978.49,13797.16,13045.62,7015.99
2620,10259.19,39508.31,13157.92,12516.199999999999,7685.83
2621,9903.51,41182.6,12015.86,11760.53,8048.83
2622,10244.49,42291.03999999999,13270.34,11265.35,8739.48
2623,11947.43,45965.229999999996,14239.97,10685.21,9628.95
2624,16721.600000000002,48811.51,14952.33,10510.96,10318.7
2625,17204.829999999998,49304.78,15704.14,10355.82,11405.869999999999
2626,15768.280000000002,47879.700000000004,15582.179999999998,10270.94,12815.3
2627,14528.970000000001,48723.520000000004,13861.560000000001,10208.25,12784.92
2628,13772.95,47340.12,13094.41,10346.220000000001,12291.810000000001
2629,12049.800000000001,46163.94,12256.28,10393.89,10942.689999999999
2630,11286.82,43322.520000000004,11223.279999999999,10401.44,10889.27
2631,10235.13,41295.259999999995,10493.880000000001,11167.42,10841.689999999999
2632,10133.54,40166.35,10162.95,11298.49,10794.66
2633,10104.130000000001,39042.51,10229.25,11434.07,10832.91
2634,10080.78,38651.72,11184.94,11421.4,10613.189999999999
2635,10160.699999999999,40661.450000000004,11240.77,11534.63,10530.67
2636,10398.51,45341.34,10720.72,12035.58,10844.86
2637,10355.380000000001,49909.24,10756.71,12902.039999999999,9667.779999999999
2638,11129.57,51651.450000000004,12415.54,13763.429999999998,8805.9
2639,11902.0,50299.09,14326.43,14504.96,8688.18
2640,12177.500000000002,51647.59999999999,15230.429999999998,15057.619999999999,8743.84
2641,12633.619999999999,52690.17,15430.4,15233.619999999999,8879.23
2642,12424.960000000001,50894.64,15050.189999999999,15048.550000000001,8343.42
2643,12299.21,50477.04,16683.59,14605.410000000002,8456.55
2644,12831.0,50658.89,16875.510000000002,14038.830000000002,8438.64
2645,12466.369999999999,51650.240000000005,17576.89,13341.67,9155.85
2646,12641.289999999999,52826.270000000004,17441.85,12619.359999999999,10546.55
2647,12762.470000000001,53786.6,16572.0,11590.92,10820.560000000001
2648,15454.589999999998,56144.3,16172.900000000001,11357.300000000001,11690.65
2649,16296.52,58146.74999999999,17008.899999999998,11716.26,11778.779999999999
2650,14106.89,57739.88999999999,17112.11,11829.669999999998,11661.71
2651,12830.660000000002,57996.5,16687.82,11564.650000000001,11339.619999999999
2652,12076.609999999999,55646.09,15665.13,11524.06,10328.51
2653,10947.13,51582.08,13899.11,11544.779999999999,9102.67
2654,10315.49,50238.67,9907.12,11600.230000000001,9001.61
2655,10042.949999999999,49107.590000000004,7504.31,11631.71,8519.01
2656,9769.39,47788.45,7030.610000000001,11658.82,7984.88
2657,9582.25,46911.9,6615.17,11655.75,8293.74
2658,9710.429999999998,47032.33,6633.09,11939.81,8015.61
2659,9731.400000000001,49517.03,6550.65,12175.09,7928.83
2660,10175.060000000001,51820.84,8503.900000000001,12871.55,7666.87
2661,10809.52,51045.48,11813.720000000001,13875.73,7674.530000000001
2662,11399.31,49006.4,14454.03,14777.689999999999,7858.14
2663,12003.46,47642.63,16022.45,15403.22,7804.200000000001
2664,12209.84,49423.93,16747.41,15732.28,7980.07
2665,12069.849999999999,50336.700000000004,16713.04,15917.48,7891.92
2666,12049.769999999999,48201.09,15856.72,15750.27,7803.889999999999
2667,12936.96,49048.7,15699.81,15422.929999999998,7911.36
2668,12733.99,52146.22,14536.89,14710.98,8236.93
2669,12109.619999999999,54185.76,15301.0,13945.050000000001,8448.86
2670,11848.910000000002,54568.17,16717.04,13245.42,9485.66
2671,11917.37,56048.34,15686.14,12734.22,9982.37
2672,13824.539999999999,59593.740000000005,15009.1,12681.74,11238.34
2673,14604.449999999999,60847.93,15131.029999999999,12718.24,11941.96
2674,12745.06,61007.200000000004,14552.080000000002,12733.65,11936.61
2675,11777.25,59357.06,14528.52,12484.08,11916.199999999999
2676,11247.109999999999,55688.340000000004,14160.0,12372.55,11167.42
2677,10371.61,52105.53,13001.38,12336.72,9091.83
2678,10037.69,50180.19000000001,9821.43,12310.28,8226.36
2679,9883.32,48688.229999999996,7022.27,12287.11,8274.37
2680,9331.61,48427.85,6214.03,12232.82,7484.459999999999
2681,8891.130000000001,48830.689999999995,6011.67,12215.410000000002,6889.55
2682,8764.87,49040.96,6155.1,12257.429999999998,6939.150000000001
2683,8824.640000000001,50624.079999999994,6687.08,12409.519999999999,7185.4
2684,9418.59,48489.170000000006,10826.81,12875.150000000001,8594.369999999999
2685,10071.809999999998,46979.799999999996,14638.07,13622.64,7927.98
2686,10704.41,46878.85,15620.52,14429.789999999999,7716.9
2687,11368.65,46660.490000000005,16511.059999999998,15193.569999999998,7656.57
2688,12342.38,47729.74,17409.3,15753.85,7537.73
2689,12555.15,49127.05,17315.34,15920.78,7883.3099999999995
2690,12078.02,46836.8,16819.77,15788.28,7810.959999999999
2691,12408.1,47487.37000000001,17092.41,15404.76,7856.0599999999995
2692,12798.660000000002,48798.98,17472.27,14744.4,8497.71
2693,12433.4,50611.07000000001,17583.53,14023.539999999999,9540.369999999999
2694,11872.77,51987.64,20105.3,13364.46,9417.84
2695,11952.85,56137.659999999996,16996.61,12848.64,9766.2
2696,14517.650000000001,59112.08,16109.85,12639.56,11177.91
2697,15072.630000000001,59756.69,15808.41,12596.58,12654.2
2698,12738.39,60060.27,15711.699999999999,12593.82,12760.05
2699,12215.35,58788.07,15836.769999999999,12459.76,12145.04
2700,11250.64,56262.869999999995,15155.0,12332.109999999999,11070.25
2701,9960.41,53696.18000000001,14141.09,12263.98,9233.869999999999
2702,8835.550000000001,51314.78,12897.119999999999,12176.6,7016.29
2703,8622.83,49713.86,10992.529999999999,12147.08,6407.879999999999
2704,8004.45,49504.27,9151.44,12088.92,6397.9400000000005
2705,7904.9400000000005,49838.35,7381.67,12060.11,6625.24
2706,8011.64,49946.9,7343.76,12055.599999999999,6784.41
2707,8246.73,50337.22,8619.01,12247.11,7025.57
2708,8737.65,49353.15,12578.960000000001,12923.78,7889.2699999999995
2709,9361.59,47631.100000000006,15353.380000000001,13873.04,7769.860000000001
2710,10174.47,46538.780000000006,16517.64,14908.89,7689.48
2711,11192.27,45680.39,17421.25,15742.260000000002,7609.3
2712,12000.68,46978.37,18120.21,16329.7,7593.049999999999
2713,12312.189999999999,47860.37,18392.690000000002,16533.37,7790.49
2714,12269.74,45997.509999999995,17995.51,16266.789999999997,7708.58
2715,13074.75,47314.11,18148.5,15747.36,7798.08
2716,12908.83,50573.159999999996,17853.57,15029.22,7693.900000000001
2717,11987.73,53550.59,18522.25,14243.380000000001,7980.5
2718,11582.509999999998,56431.56,18273.5,13432.400000000001,9241.49
2719,11869.21,57359.020000000004,17349.31,12864.68,10113.43
2720,14628.95,58875.65,16852.07,12649.96,11500.59
2721,14947.45,60285.59,16856.28,12631.68,12151.77
2722,12622.699999999999,60219.11,16734.48,12635.130000000001,12309.82
2723,11618.33,60139.47,16621.49,12470.67,12019.619999999999
2724,11410.47,56674.200000000004,16267.82,12308.16,11436.33
2725,10738.69,53543.57,15756.06,12247.91,9110.92
2726,9685.789999999999,50941.83,14291.25,12148.89,7909.34
2727,9631.519999999999,50250.19,11133.19,12126.91,7364.19
2728,9823.490000000002,50081.409999999996,8385.63,12112.41,7176.52
2729,9505.8,50174.31,7618.09,12122.6,7137.469999999999
2730,9524.92,50301.14,7627.49,12075.17,7408.34
2731,9581.580000000002,49966.13,9127.73,12294.2,8105.43
2732,9742.7,50759.57,12868.68,13050.45,7737.710000000001
2733,9923.08,50546.17999999999,15326.42,14033.94,7478.5199999999995
2734,10676.57,49636.71,16877.93,15183.310000000001,7675.290000000001
2735,11063.9,48735.82,18069.87,16037.71,7731.87
2736,11644.01,49577.51,18945.59,16502.15,7957.33
2737,11990.42,50219.020000000004,19276.739999999998,16585.72,8367.15
2738,11851.330000000002,48433.44,18836.22,16425.18,8078.56
2739,12204.880000000001,50403.66,18691.739999999998,16020.499999999998,8502.91
2740,11587.46,52888.659999999996,19206.84,15346.44,8512.849999999999
2741,10882.830000000002,54517.850000000006,19360.51,14498.19,8921.18
2742,10547.24,55436.969999999994,19905.02,13500.59,9896.420000000002
2743,11670.95,55805.409999999996,17952.16,12847.730000000001,11396.61
2744,15614.960000000001,57951.92,16455.85,12580.09,12343.150000000001
2745,15248.919999999998,61292.25,16519.45,12564.31,12600.259999999998
2746,12276.759999999998,61602.26,16383.02,12554.84,12469.91
2747,10874.250000000002,61718.16,16524.27,12311.6,12193.67
2748,10531.960000000001,59077.45,16191.029999999999,12258.539999999999,11685.94
2749,10136.65,55928.130000000005,15613.550000000001,12253.039999999999,10146.42
2750,9232.7,53996.73,13274.9,12205.92,9225.88
2751,9039.050000000001,52513.37,10029.08,12210.75,9247.54
2752,8828.1,51561.22,8241.369999999999,12206.02,9058.02
2753,8890.9,50679.24999999999,7954.88,12181.3,8345.220000000001
2754,9128.77,50004.630000000005,7983.72,12137.759999999998,8073.78
2755,8753.42,49439.01,7813.889999999999,12257.19,8065.139999999999
2756,8284.699999999999,47110.55,10658.669999999998,12888.76,7972.29
2757,8375.02,45640.88,13294.919999999998,13789.6,7980.25
2758,8806.86,45222.66,15169.71,14838.67,7908.2
2759,9802.16,44800.229999999996,16365.94,15817.500000000002,7554.98
2760,10389.95,45666.43,17012.239999999998,16448.61,7525.07
2761,10702.990000000002,46982.340000000004,16746.120000000003,16522.11,7848.6900000000005
2762,10798.509999999998,46755.96,16191.65,16274.900000000001,7751.84
2763,10503.4,46989.83,15671.949999999999,15956.7,7569.58
2764,10449.99,48179.05,14957.18,15434.19,7661.94
2765,10269.1,50612.280000000006,14611.56,14224.310000000001,8523.4
2766,10151.02,52271.380000000005,15385.99,13030.070000000002,9906.7
2767,11093.93,54956.340000000004,15592.760000000002,12330.49,10989.21
2768,15645.66,57619.48999999999,15498.86,12015.98,12504.13
2769,15522.91,59286.58,15769.369999999999,11976.52,12552.61
2770,12120.69,59413.78999999999,16004.59,11922.4,12312.15
2771,10420.06,58486.73999999999,15463.18,11937.91,12203.75
2772,9993.53,56142.42,15457.39,11921.699999999999,11150.32
2773,9872.95,53732.659999999996,14481.55,11924.98,10092.04
2774,9211.630000000001,52836.04,11172.56,11974.63,9798.92
2775,9089.75,52059.759999999995,7952.23,12010.529999999999,9634.95
2776,8937.31,50667.28,6897.460000000001,11993.09,9110.76
2777,8644.76,49799.32,6212.18,11978.41,9045.24
2778,8428.78,49289.55,5909.91,11978.779999999999,8801.09
2779,7872.709999999999,47849.700000000004,6467.43,12107.609999999999,8027.57
2780,7266.66,46839.91999999999,8291.88,12638.4,6908.09
2781,7843.389999999999,41643.020000000004,11135.369999999999,13757.0,6791.77
2782,8431.19,38937.09,13255.099999999999,14859.27,6627.9400000000005
2783,9084.400000000001,38466.05,14334.16,15843.68,6517.2
2784,9692.22,39105.590000000004,14681.109999999999,16444.1,6326.9400000000005
2785,10021.7,40403.6,14949.17,16415.39,6593.52
2786,9922.78,41087.31,14923.939999999999,16250.369999999999,6573.29
2787,9622.78,40760.990000000005,14903.59,15821.490000000002,6531.7
2788,8869.24,41933.27,14564.79,15132.83,6782.16
2789,8421.72,44743.44,14127.95,14266.760000000002,7523.969999999999
2790,8279.25,48779.15999999999,13316.98,13371.320000000002,9436.75
2791,9578.019999999999,53446.82000000001,12556.78,12773.43,11397.45
2792,12568.18,56951.24,13336.84,12686.699999999997,12503.490000000002
2793,12607.310000000001,59005.6,13719.55,12703.400000000001,12743.99
2794,10618.95,58625.48,13756.33,12673.17,12831.330000000002
2795,9657.019999999999,57961.270000000004,13745.79,12507.060000000001,12710.29
2796,9440.7,56963.21000000001,13416.289999999999,12438.810000000001,12020.779999999999
2797,9369.24,54798.54,12329.080000000002,12426.43,11349.67
2798,8567.76,53231.45,10988.5,12256.41,10510.24
2799,8424.029999999999,52138.119999999995,8879.789999999999,12223.869999999999,10264.94
2800,8135.989999999999,51529.21000000001,8023.68,12213.140000000001,9720.880000000001
2801,7991.21,51210.0,7064.04,12201.130000000001,9697.69
2802,7934.71,50381.41,8095.49,12183.49,9549.42
2803,7890.070000000001,49702.200000000004,9982.09,12408.189999999999,9632.96
2804,8125.32,49232.810000000005,14661.56,12804.14,9634.560000000001
2805,9399.849999999999,50021.82,17430.65,13734.25,10165.95
2806,10938.15,52262.53,17858.17,14880.279999999999,10607.029999999999
2807,12121.03,52575.06,18241.760000000002,15907.44,10292.95
2808,13202.619999999999,53348.380000000005,19003.739999999998,16648.339999999997,9733.869999999999
2809,13734.050000000003,51133.74,21134.8,16784.35,9753.77
2810,13593.490000000002,48351.89,20929.59,16426.15,9706.89
2811,14306.45,49837.9,21451.03,15860.95,9772.28
2812,14261.83,52206.89,21842.46,14985.41,10307.130000000001
2813,14163.42,54283.11,21354.120000000003,13885.21,10617.34
2814,14465.02,54997.84,21729.160000000003,12867.3,11001.46
2815,15662.530000000002,55967.4,17804.14,12310.43,11684.24
2816,17027.94,59496.41,14489.88,12521.76,12261.380000000001
2817,15235.019999999999,62820.65,14646.5,12539.37,12920.02
2818,11474.56,63702.07999999999,15587.7,12545.7,12887.119999999999
2819,10703.95,63690.52,15398.06,12405.68,12747.56
2820,10521.079999999998,60729.799999999996,15680.47,12028.43,12159.89
2821,10222.16,57801.479999999996,14130.109999999999,11811.210000000001,11406.970000000001
2822,9229.0,55783.9,11775.279999999999,11788.67,10784.25
2823,9147.65,53969.45,9354.89,11741.6,10887.619999999999
2824,9044.24,52088.079999999994,8954.4,11697.029999999999,10396.89
2825,8914.28,51705.54,8560.71,11700.390000000001,9974.32
2826,8670.95,51531.16,9198.7,11695.0,9865.0
2827,8490.050000000001,52716.05,9648.32,11835.79,10131.97
2828,8806.02,51258.990000000005,13861.16,12327.89,10959.27
2829,10378.01,52908.93,15512.09,13047.15,11906.02
2830,11753.09,54509.89,18077.05,14186.329999999998,11857.7
2831,12348.789999999999,56360.87,17781.71,15150.04,11654.130000000001
2832,13103.25,57189.07000000001,18818.92,15854.779999999999,11754.25
2833,13398.89,57296.18,18995.19,16097.080000000002,11726.55
2834,13053.84,55085.259999999995,18712.31,15803.060000000001,10414.18
2835,13721.23,55146.61,20131.05,15409.510000000002,11255.98
2836,14052.619999999999,54923.78,21785.120000000003,14584.41,12303.43
2837,13986.259999999998,55183.36,22537.1,13796.95,12375.3
2838,14889.589999999998,56562.7,20585.73,12823.93,12685.619999999999
2839,15321.56,56167.15,16752.23,12098.48,12716.869999999999
2840,17241.59,57659.729999999996,16424.79,12048.28,12873.98
2841,14873.11,61299.67999999999,16736.93,12025.880000000001,13422.04
2842,13964.36,61259.420000000006,16318.08,11953.900000000001,12959.75
2843,13873.380000000001,60579.14,16133.94,12163.29,12752.939999999999
2844,13327.519999999999,58811.060000000005,15515.04,12343.960000000001,12386.560000000001
2845,12355.060000000001,55592.740000000005,14132.93,12377.79,11629.02
2846,11130.69,53187.02999999999,12759.31,12385.029999999999,10130.98
2847,9902.25,51497.240000000005,11519.66,12393.740000000002,9619.54
2848,9250.41,50547.76,10573.220000000001,12411.39,9214.13
2849,8951.710000000001,50171.0,9723.91,12363.29,9052.05
2850,8959.04,50303.10999999999,9537.44,12368.11,9222.599999999999
2851,9102.84,51241.54,10045.189999999999,12623.499999999998,9374.99
2852,9438.849999999999,51444.53999999999,12670.6,13249.550000000001,9710.619999999999
2853,10077.310000000001,54010.47,14522.84,14190.939999999999,10179.07
2854,10755.519999999999,55439.31,17222.989999999998,15138.49,11039.84
2855,11666.29,55015.490000000005,20508.420000000002,15914.53,10672.64
2856,12701.85,56565.47,20626.760000000002,16579.95,10559.33
2857,13034.469999999998,55060.28999999999,21088.41,16997.93,10559.7
2858,12454.56,54023.21,20340.27,16837.15,10075.54
2859,13066.589999999998,54834.89,19833.25,16350.5,10799.16
2860,13085.710000000001,54655.520000000004,22258.589999999997,15593.59,11190.44
2861,12498.259999999998,56374.49,22926.47,14606.279999999999,10966.990000000002
2862,14334.239999999998,55527.979999999996,22529.51,13497.250000000002,11464.85
2863,15117.310000000001,55582.530000000006,18591.11,12869.619999999999,12067.970000000001
2864,16761.79,58363.829999999994,17446.64,12749.43,11958.82
2865,14791.57,61977.66999999999,16826.7,12856.39,12691.74
2866,13515.51,61674.729999999996,16356.1,12952.099999999999,12714.779999999999
2867,13413.470000000001,61709.24,16022.77,12918.15,11915.11
2868,13541.34,58629.579999999994,15663.83,12600.34,11710.42
2869,12170.249999999998,56398.56,14647.739999999998,12623.279999999999,10208.98
2870,10353.12,54681.72000000001,12869.9,12881.46,9360.59
2871,9102.080000000002,53311.799999999996,11248.57,12889.3,8821.85
2872,8254.21,52265.96,10817.63,12857.55,8245.82
2873,8142.879999999999,51463.08,10311.42,12885.86,8179.96
2874,8297.859999999999,51364.44,10278.31,12872.63,8481.91
2875,8381.07,51977.03999999999,11154.990000000002,12984.17,8948.95
2876,8459.55,52126.950000000004,14542.7,13416.029999999999,9738.39
2877,9111.51,53288.189999999995,17535.190000000002,14123.2,10786.56
2878,10316.849999999999,55034.12000000001,19058.73,14971.28,11067.23
2879,11523.58,54724.380000000005,19852.8,15663.23,11110.33
2880,12132.3,54508.27999999999,21369.95,16118.149999999998,10895.3
2881,12660.970000000001,54640.43,21303.32,16417.03,10896.58
2882,12596.11,53269.18,19659.27,16501.629999999997,10846.97
2883,13524.32,53669.16,19167.17,15865.13,11552.119999999999
2884,13999.949999999999,54781.28,19123.58,15016.69,11550.29
2885,14602.480000000001,53672.950000000004,19906.73,14085.800000000001,12005.66
2886,15422.300000000001,54250.58,18531.04,13394.68,12473.24
2887,15582.55,53979.81,17130.61,12849.960000000001,11652.38
2888,16059.25,57658.47,16490.86,12543.789999999999,11904.02
2889,16373.95,61145.600000000006,15622.34,12182.26,12410.8
2890,15273.57,61898.60999999999,14099.29,12234.779999999999,11840.34
2891,13562.3,62397.85,13871.519999999999,12145.83,11743.73
2892,12572.31,59254.07000000001,14627.630000000001,12010.85,11444.25
2893,10889.63,56539.310000000005,14590.61,11785.48,9534.95
2894,9150.810000000001,55778.600000000006,11979.82,11390.68,8833.54
2895,8805.050000000001,54363.649999999994,10204.38,11081.45,8367.25
2896,8414.12,53500.06,8431.13,11111.449999999999,8405.91
2897,8264.76,53504.78,7668.52,11059.46,7805.130000000001
2898,8153.699999999999,53466.14,7526.68,11454.470000000001,7941.11
2899,8364.57,54286.130000000005,8312.42,11419.119999999999,8382.09
2900,8612.98,54869.29000000001,10848.1,12053.79,9468.119999999999
2901,9146.960000000001,55402.71000000001,14726.89,12999.19,10013.630000000001
2902,10065.679999999998,57372.049999999996,16110.75,14276.21,9838.650000000001
2903,10707.670000000002,57581.399999999994,16317.04,15836.5,9075.59
2904,11481.45,55918.72,18570.57,16400.76,8841.810000000001
2905,11978.539999999999,55434.5,19171.17,16175.25,8873.85
2906,12092.109999999999,54095.17999999999,18218.18,16103.039999999999,8666.84
2907,12326.1,54116.85,17833.690000000002,15981.329999999998,9124.22
2908,12234.970000000001,55199.850000000006,17324.35,15574.93,9542.650000000001
2909,12487.17,55382.25000000001,17460.08,14985.849999999999,9801.36
2910,13133.310000000001,55240.11,16690.3,14246.0,10944.82
2911,14194.890000000001,55572.78,15124.39,13828.009999999998,11013.77
2912,16327.880000000001,58460.16,14112.9,13725.669999999998,11235.89
2913,15906.04,61329.69999999999,14019.59,13710.65,11248.74
2914,13535.83,62011.66,13349.51,13682.83,10832.119999999999
2915,12365.28,61919.2,12779.55,13519.54,10913.53
2916,11720.61,60611.53999999999,12197.28,13379.550000000001,10379.23
2917,10581.02,58500.350000000006,11349.53,13328.49,9343.29
2918,9994.97,55287.770000000004,10480.98,12616.6,8819.19
2919,9477.880000000001,54922.030000000006,8618.86,11142.17,8371.86
2920,8646.62,53389.07000000001,8061.070000000001,11029.369999999999,7879.599999999999
2921,8470.58,52107.34999999999,7944.99,11011.23,7437.87
2922,8247.53,51636.420000000006,8071.289999999999,11004.689999999999,7342.52
2923,8220.98,51401.04,7297.860000000001,11161.79,7069.98
2924,8482.89,50560.990000000005,8194.92,11734.2,7114.639999999999
2925,8977.1,49941.32,10956.26,13643.6,7002.200000000001
2926,10149.82,48615.19,13019.279999999999,14387.88,6891.9
2927,11094.570000000002,47401.26,14237.58,15121.029999999999,6775.37
2928,11653.91,46978.06999999999,14592.94,15696.08,7004.15
2929,11933.37,46801.07,14930.47,15916.04,7412.24
2930,11635.49,46021.42,15101.76,15865.599999999999,7464.46
2931,11078.39,46399.18,14986.93,15496.210000000001,7419.91
2932,10398.609999999999,49589.04,13694.97,14785.679999999998,7261.870000000001
2933,10596.31,52211.409999999996,12659.59,13835.789999999999,8296.189999999999
2934,11253.660000000002,54334.43999999999,13189.75,13033.900000000001,8711.470000000001
2935,12115.79,56449.33,13337.48,12587.77,9371.39
2936,14420.84,60135.89,13454.119999999999,12538.37,10889.619999999999
2937,13781.630000000001,61096.69,13234.33,12646.57,11858.21
2938,12424.9,60509.29,12690.010000000002,12722.81,11165.49
2939,11069.789999999999,59980.65000000001,12390.4,12712.26,10340.48
2940,10493.740000000002,58126.740000000005,12204.78,12562.56,9215.21
2941,9419.32,56083.25,11914.34,12532.929999999998,8430.61
2942,8809.57,55822.09,9125.66,12526.960000000001,7854.389999999999
2943,8106.660000000001,55025.53,7170.14,12525.56,7237.32
2944,7672.950000000001,53668.16,6027.209999999999,12460.16,7113.4
2945,7275.290000000001,52108.97000000001,5715.76,12414.97,6875.17
2946,7246.000000000001,51166.86000000001,6093.6,12172.74,6329.16
2947,7060.9400000000005,49953.91,6255.11,11784.61,5837.3099999999995
2948,6869.56,47424.579999999994,8454.25,12306.910000000002,5740.820000000001
2949,7680.51,44266.16,10835.3,12714.689999999999,6014.86
2950,8636.0,42535.88,12279.22,13683.72,6091.26
2951,9540.78,41489.1,13380.8,14354.12,6163.93
2952,10297.45,41594.82000000001,14099.130000000001,14719.63,6382.76
2953,10493.449999999999,42774.01,14753.920000000002,14858.45,6749.82
2954,10381.789999999999,43299.68,15058.41,14407.639999999998,7012.709999999999
2955,10390.85,43554.06,14352.990000000002,13763.31,6904.540000000001
2956,9713.97,44985.28,13303.25,13235.32,6836.66
2957,9133.039999999999,48651.53,11892.0,12865.87,6937.07
2958,9185.029999999999,49366.03,11565.12,12658.050000000001,9462.810000000001
2959,11233.35,51428.17999999999,9886.1,12333.18,11134.98
2960,13292.38,56063.78,10497.279999999999,12147.32,11683.22
2961,12626.86,59320.06,10640.64,12096.38,11697.08
2962,11268.34,59675.84,10291.51,12167.92,11793.61
2963,10909.020000000002,58929.68000000001,9921.02,12127.22,11386.63
2964,10135.179999999998,56929.13999999999,9753.529999999999,12097.57,11129.970000000001
2965,9816.28,53834.14,9614.14,11977.800000000001,9979.52
2966,9227.58,51248.49,9549.25,11591.039999999999,9026.900000000001
2967,9127.63,50620.42,9349.11,10754.019999999999,7721.04
2968,8761.27,49776.8,9069.99,10652.51,7376.81
2969,8648.85,48884.240000000005,9103.8,10623.17,7394.950000000001
2970,8762.47,49009.18,9272.36,10618.460000000001,7470.04
2971,8741.42,49851.59,10297.539999999999,10830.78,7730.469999999999
2972,9029.46,52730.06999999999,10958.98,11515.970000000001,9307.060000000001
2973,10079.66,54249.28,12919.64,12508.86,10932.93
2974,11709.769999999999,54964.27999999999,14475.29,13525.000000000002,12054.990000000002
2975,12472.53,55825.1,15853.39,14451.2,11669.53
2976,12382.88,56464.87,18366.32,14952.4,10991.07
2977,12294.26,56682.92,19518.989999999998,14918.449999999999,10740.5
2978,12268.970000000001,55242.369999999995,18930.41,14500.05,10094.65
2979,12760.93,54982.759999999995,19893.96,13904.880000000001,10257.1
2980,13737.95,54333.210000000014,20262.55,13340.64,11079.08
2981,13951.16,53848.34,19022.1,13373.97,12497.67
2982,15199.74,53411.899999999994,19708.02,12815.1,12829.189999999999
2983,16110.46,52944.58,18767.83,12296.06,12978.779999999999
2984,18218.840000000004,54649.84,17680.67,12136.76,13580.41
2985,18852.53,56867.420000000006,18108.1,12192.82,14395.099999999999
2986,18194.02,56910.93,17835.12,12216.189999999999,13907.2
2987,16228.22,57271.81,17695.47,12168.66,13832.869999999999
2988,16125.25,54533.78,16681.92,12121.909999999998,12594.77
2989,15007.2,52126.09,14261.53,12024.93,11873.0
2990,14465.82,48422.0,12937.420000000002,11992.949999999999,10324.619999999999
2991,12331.32,47013.16,12514.46,11984.869999999999,9851.44
2992,10480.060000000001,46368.96,12396.130000000001,11987.78,9292.029999999999
2993,9486.199999999999,45929.130000000005,12348.39,11994.14,9280.53
2994,9620.14,45995.58,12306.85,11973.97,9399.08
2995,9518.49,46343.759999999995,12499.82,12056.97,10302.470000000001
2996,10198.919999999998,49872.88,12126.82,12687.199999999999,11129.2
2997,11124.63,52189.19,13553.07,13620.359999999999,11059.74
2998,11899.64,53261.880000000005,15217.759999999998,14501.42,10509.199999999999
2999,12549.21,53101.08,17162.34,15158.87,9449.71
3000,13273.04,54435.32,18422.43,15733.94,9352.73
3001,13568.199999999999,54859.07,19235.43,15962.920000000002,9069.400000000001
3002,13626.93,53693.869999999995,18217.86,15547.710000000001,8865.95
3003,14172.5,56018.87,18967.77,14720.910000000002,9151.27
3004,14689.52,57500.27999999999,20115.91,13900.069999999998,10867.22
3005,15012.1,57390.579999999994,20778.58,13236.179999999998,12037.009999999998
3006,17127.72,57187.9,19936.449999999997,12519.01,13554.2
3007,17216.57,56372.729999999996,17263.46,11835.77,14253.91
3008,18225.56,58522.93000000001,16446.559999999998,11613.1,14293.84
3009,18607.860000000004,61218.29,16527.27,11595.349999999999,14621.150000000001
3010,16478.93,62583.8,16315.76,11621.31,14375.43
3011,14226.679999999998,63635.9,16227.84,11577.3,14231.029999999999
3012,12580.63,62188.13,14683.029999999999,11561.369999999999,13995.65
3013,11873.859999999999,57290.42999999999,13858.02,11517.6,13183.51
3014,11055.109999999999,55430.15000000001,13314.710000000001,11051.179999999998,11564.68
3015,10272.79,53660.72,12301.939999999999,11010.51,10323.51
3016,10090.59,51520.05,12224.85,11016.53,9333.92
3017,10602.72,49809.66,12285.99,11015.289999999999,8515.97
3018,10784.109999999999,49074.75,12675.14,11000.159999999998,8295.43
3019,10839.430000000002,50284.9,12437.07,11070.18,8732.58
3020,11024.339999999998,52562.270000000004,13588.35,11716.01,9666.970000000001
3021,11809.92,54468.84999999999,16193.14,12595.96,9593.66
3022,13727.109999999999,55330.979999999996,18742.42,13528.32,9288.13
3023,14644.279999999999,55071.17999999999,20935.22,14477.59,9191.42
3024,15406.369999999999,55330.4,22119.980000000003,15084.449999999999,9761.24
3025,16146.34,54301.70999999999,22708.01,15344.949999999999,10391.14
3026,16156.65,52862.03,22213.300000000003,15190.42,10205.75
3027,16437.13,55254.759999999995,21659.14,14728.98,11536.86
3028,16474.69,58337.079999999994,21369.92,13980.56,12889.39
3029,16430.27,59082.37999999999,21184.09,13011.49,13572.14
3030,16336.589999999998,60724.07,19481.3,11947.7,13835.73
3031,15562.900000000001,61203.869999999995,15666.130000000001,11190.37,13667.79
3032,17633.26,62590.25,15481.050000000001,10909.18,13260.73
3033,18337.2,63836.94,16312.98,10910.199999999999,13466.92
3034,17425.960000000003,63095.19,16806.41,10940.81,13672.509999999998
3035,15934.3,62498.25,17068.27,11000.019999999999,13981.93
3036,15149.169999999998,59869.74999999999,17111.73,11055.13,13065.060000000001
3037,13823.29,55797.72999999999,16428.55,11073.78,12628.130000000001
3038,12897.62,50699.92999999999,15776.32,10896.949999999999,12325.220000000001
3039,12901.52,47461.19,15610.810000000001,10665.44,11654.04
3040,12932.589999999998,44576.12,15509.380000000001,10652.859999999999,11261.07
3041,13325.45,43351.96,14830.33,10470.29,11211.22
3042,14245.279999999999,41832.13,14882.09,10486.05,11754.36
3043,15088.859999999999,41154.450000000004,15497.16,10674.35,12115.54
3044,14441.66,44070.82,15778.429999999998,11264.98,12894.19
3045,12618.189999999999,47791.43000000001,18692.53,12227.84,11946.65
3046,12584.87,50681.01,21220.160000000003,13180.34,9722.78
3047,13528.96,50948.83,21697.68,13906.09,8580.71
3048,14686.18,52441.45,21304.28,14440.33,8792.45
3049,14811.22,51959.51,22499.81,14642.279999999999,8789.52
3050,14757.68,50155.76999999999,20986.22,14485.24,8858.970000000001
3051,14768.800000000001,50700.14,21648.65,14071.01,10050.46
3052,14494.0,50408.850000000006,23266.54,13296.0,11466.85
3053,14583.09,49318.09,23038.559999999998,12608.08,13008.46
3054,16746.52,50338.92,20980.52,11832.21,13301.150000000001
3055,17536.44,51875.7,18587.0,11169.25,13519.029999999999
3056,18763.17,53617.16,18229.29,10947.47,13825.900000000001
3057,21164.929999999997,54389.86,18664.97,10913.759999999998,13838.52
3058,19750.9,54334.07000000001,18785.91,10850.92,14172.74
3059,18380.34,54679.71000000001,18731.07,10848.210000000001,14119.88
3060,17215.82,51716.32,18403.260000000002,11543.95,13657.03
3061,16691.829999999998,47278.14,17820.7,12612.07,13240.84
3062,16588.0,43143.41,15777.210000000001,12714.47,12539.99
3063,15539.32,41052.92,14417.890000000001,12106.029999999999,12163.91
3064,15446.68,38849.37,13885.99,11947.38,11966.11
3065,15623.609999999997,37071.78,13969.66,11910.599999999999,11875.2
3066,15533.4,36924.97,14512.439999999999,11660.45,12018.23
3067,15423.04,38454.81,14747.289999999999,11433.55,12055.26
3068,13391.66,43046.81,16345.57,11381.19,12092.689999999999
3069,11569.31,47763.54,18722.73,12120.349999999999,11133.22
3070,12275.77,52116.799999999996,20428.190000000002,12928.519999999999,9376.869999999999
3071,12846.59,53729.92,21903.949999999997,13596.720000000001,8346.2
3072,13352.95,55659.25000000001,22381.149999999998,14021.54,8249.56
3073,13544.079999999998,56461.19,23093.079999999998,14222.65,8016.300000000001
3074,13140.869999999999,55578.64,22528.84,13927.07,7078.320000000001
3075,13588.84,55324.34,24078.940000000002,13491.85,7561.799999999999
3076,14804.849999999999,52877.61,24104.760000000002,13278.460000000001,10287.43
3077,15684.880000000001,52916.950000000004,21962.899999999998,12693.35,12236.05
3078,16033.330000000002,53499.89,19738.14,11873.859999999999,12945.7
3079,16865.2,54040.119999999995,17664.120000000003,11325.49,13357.16
3080,19440.800000000003,54486.670000000006,17423.47,11055.72,14084.68
3081,20271.6,54799.270000000004,18162.06,11082.35,14279.62
3082,19704.58,52802.11000000001,18018.83,11155.26,14311.650000000001
3083,19753.29,51684.69,17571.620000000003,11084.3,14386.97
3084,19226.79,48659.86,17189.82,11358.39,14303.68
3085,17460.48,45044.49,16500.43,12525.830000000002,13749.9
3086,17004.37,41098.47,15448.359999999999,12997.83,13173.869999999999
3087,16234.109999999999,39076.87,14149.07,13030.8,12571.060000000001
3088,15711.330000000002,38029.57000000001,12357.56,13000.15,12460.05
3089,14276.18,38074.44,11118.03,13007.710000000001,12418.669999999998
3090,13861.249999999998,38206.54,10434.779999999999,13029.66,12361.41
3091,13246.5,39115.009999999995,10041.779999999999,13182.26,12016.58
3092,12295.77,42478.42,9886.18,13469.130000000001,10895.65
3093,12428.7,45136.01,10420.89,13830.150000000001,10978.810000000001
3094,12766.23,47392.85,12572.73,14512.73,9990.97
3095,12966.949999999999,48133.95,14569.74,15347.42,8942.49
3096,12984.89,48537.87,16001.39,15875.699999999999,8284.67
3097,12630.72,48078.86,16576.27,15998.03,8273.9
3098,12368.810000000001,47346.18,16822.95,15809.859999999999,7769.549999999999
3099,12433.95,46638.759999999995,16390.22,15318.150000000001,7597.009999999999
3100,12739.98,47167.67,14890.55,14629.54,7815.93
3101,12333.85,47736.20999999999,14338.95,14011.1,8550.77
3102,13562.48,46960.479999999996,14100.580000000002,13237.69,10337.07
3103,15697.15,47076.26,14187.789999999999,12711.33,11283.14
3104,18235.81,48803.19,16327.64,12314.560000000001,11713.9
3105,18354.320000000003,49674.91,17099.96,12307.099999999999,12250.96
3106,17147.239999999998,48850.86,16435.07,12278.33,11987.12
3107,16238.819999999998,46911.71,16160.97,12255.55,12219.0
3108,15388.310000000001,44700.369999999995,15613.77,12212.91,12272.529999999999
3109,15374.47,42212.81,14875.699999999999,12143.76,11275.720000000001
3110,14852.27,40466.97,12753.960000000001,12280.419999999998,10812.39
3111,14228.59,38007.02,11897.57,12134.08,10793.45
3112,13913.48,36855.94,10682.519999999999,12100.59,10720.880000000001
3113,12430.01,37897.56,9234.83,12091.220000000001,10382.29
3114,11828.42,38697.39,8062.54,12106.43,10210.2
3115,10772.869999999999,38780.26,7669.01,12213.16,9021.560000000001
3116,9519.55,40154.06,8282.22,12613.300000000001,8013.469999999999
3117,10092.98,38491.05,10968.310000000001,13349.08,7223.43
3118,11303.66,36825.08,11884.01,14241.19,6862.41
3119,12305.25,36421.96,12413.77,14983.78,6875.48
3120,13144.28,37083.16,13308.0,15481.300000000001,6700.51
3121,13333.09,37579.79,13992.17,15699.900000000001,6735.679999999999
3122,13040.94,36770.159999999996,14039.48,15737.41,7297.639999999999
3123,12679.68,36271.240000000005,13883.48,15015.369999999999,7211.94
3124,11930.380000000001,37371.97,13039.83,14292.36,7127.34
3125,11543.88,40582.899999999994,11761.420000000002,13767.57,7125.36
3126,11725.75,41893.12,12974.810000000001,13109.16,8473.76
3127,13451.63,42500.79,13691.509999999998,12777.16,10478.560000000001
3128,16577.84,46776.95,13148.79,12568.13,11660.61
3129,17555.760000000002,48495.100000000006,13582.42,12537.359999999999,12594.529999999999
3130,15997.83,48786.06999999999,13936.640000000001,12542.1,13009.779999999999
3131,15651.2,48406.26999999999,14005.03,12411.86,12412.29
3132,14857.199999999999,47957.25,12943.189999999999,12334.87,11651.800000000001
3133,13916.329999999998,45327.96,11565.03,12464.37,11231.07
3134,12113.45,43696.67999999999,10423.27,12532.679999999998,11205.01
3135,11054.970000000001,42098.399999999994,9666.9,12363.98,11050.619999999999
3136,10717.26,41738.549999999996,8620.33,12326.949999999999,10637.99
3137,10099.070000000002,42198.68000000001,8747.25,12278.77,9572.66
3138,9913.56,43279.31,8764.119999999999,12330.31,8939.2
3139,9836.640000000001,44665.35999999999,9591.42,12634.86,8146.5
3140,9926.050000000001,49580.759999999995,10565.64,13273.509999999998,8241.57
3141,10543.26,51524.45,13035.470000000001,14183.75,7642.92
3142,11567.0,52781.9,14076.49,15130.83,7342.66
3143,12577.359999999999,52518.45,14800.97,15847.03,7295.16
3144,13449.069999999998,53341.26,15992.13,16316.95,7291.9
3145,13842.35,54222.880000000005,16514.88,16672.12,7290.87
3146,13695.51,52016.380000000005,16501.54,16617.76,7249.0599999999995
3147,13635.17,53678.33,16363.779999999999,16026.68,7130.68
3148,13738.289999999999,53605.96,17269.379999999997,15500.18,7097.68
3149,13056.83,55119.65000000001,16554.92,14907.03,8164.09
3150,12423.789999999999,55760.72000000001,18565.54,14179.19,8739.67
3151,12147.279999999999,57498.88,15821.33,13779.929999999998,9541.63
3152,13789.069999999998,60600.869999999995,14434.009999999998,13710.189999999999,10114.4
3153,13485.78,63721.89,15362.64,13731.9,11240.2
3154,11994.230000000001,62800.34,15643.68,13736.399999999998,11895.369999999999
3155,11140.48,62281.17,15494.05,13658.259999999998,11957.560000000001
3156,10482.3,59473.380000000005,15002.14,13526.12,11225.47
3157,9967.57,55568.159999999996,12822.74,13149.810000000001,10373.33
3158,9441.419999999998,52830.79,9569.92,13079.56,10107.52
3159,8952.449999999999,51292.07000000001,8909.0,12804.51,8538.130000000001
3160,8878.52,50495.64,7766.23,12722.509999999998,7894.12
3161,8825.89,50042.35999999999,7528.040000000001,12599.3,7441.59
3162,8794.92,50059.520000000004,7700.210000000001,12571.04,7478.2699999999995
3163,9035.38,50346.600000000006,8149.41,12780.34,7791.030000000001
3164,9725.25,50578.51,11636.119999999999,13439.249999999998,8412.150000000001
3165,10225.699999999999,50462.939999999995,14532.03,14463.71,9341.400000000001
3166,11341.730000000001,51909.869999999995,16337.119999999999,15248.740000000002,8607.6
3167,12314.59,51723.36,17612.6,15922.85,8257.81
3168,12909.539999999999,51857.74,19279.03,16340.53,8427.15
3169,13372.630000000001,52079.509999999995,19471.26,16540.99,8603.32
3170,13226.649999999998,50358.86,18870.08,16452.47,8513.79
3171,13756.130000000001,50566.8,20097.77,16015.470000000001,8814.960000000001
3172,14059.900000000001,52603.880000000005,20269.62,15498.339999999998,8790.39
3173,14004.579999999998,53887.7,20217.04,14799.29,9115.05
3174,13678.65,54952.33,19855.07,13987.41,10865.58
3175,13249.11,56735.70999999999,16055.61,13350.27,12040.65
3176,15418.79,58175.64,14273.17,13082.460000000001,12979.21
3177,15266.16,61832.770000000004,14543.09,13082.8,13735.509999999998
3178,14664.310000000001,61691.350000000006,14261.14,13109.039999999999,13706.05
3179,13842.17,61390.76000000001,14554.88,13035.53,13758.92
3180,12647.68,59189.61,13765.53,12932.64,12852.42
3181,12050.880000000001,54900.37,13015.52,12926.16,11013.93
3182,11120.97,53278.420000000006,10224.509999999998,12762.289999999999,10348.06
3183,10645.759999999998,52320.93000000001,9037.18,12671.89,8851.42
3184,10557.669999999998,51018.43000000001,8164.42,12621.83,8024.75
3185,10734.970000000001,49575.8,7740.61,12587.57,7777.79
3186,10758.100000000002,49676.57000000001,7700.95,12569.720000000001,8023.83
3187,10283.459999999997,50598.01,9149.529999999999,12568.75,7973.34
3188,10665.56,49365.54,14808.79,13260.64,8263.55
3189,11848.039999999999,49491.84,17962.14,13996.66,8582.51
3190,12543.37,51596.05,19599.41,14667.539999999999,8105.22
3191,12742.68,52484.66,20491.7,15569.57,8041.87
3192,13383.41,53770.42,21497.22,16050.52,8526.45
3193,13856.869999999999,53768.72,21794.510000000002,16496.37,9142.68
3194,13815.949999999999,51134.65,21506.75,16649.45,8756.33
3195,14003.71,53252.36,21249.9,16516.989999999998,9832.36
3196,14062.519999999999,56165.45,20898.46,15803.240000000002,10366.08
3197,13595.060000000001,57661.119999999995,20673.62,14981.91,11834.71
3198,13114.720000000001,57798.08,21764.79,14130.29,12880.23
3199,13012.759999999998,59041.369999999995,17255.56,13503.029999999999,13096.82
3200,15202.25,62033.92999999999,14461.609999999999,13259.08,13471.82
3201,15049.97,63778.39,15511.98,13260.28,14229.119999999999
3202,13685.869999999999,64566.799999999996,14934.11,13318.6,14021.170000000002
3203,12703.550000000001,63880.020000000004,15356.11,13258.939999999999,14197.85
3204,12025.91,61631.56,14840.65,13097.119999999999,12831.91
3205,11039.0,58099.810000000005,14119.51,13118.310000000001,10916.31
3206,10494.77,55738.66,12405.31,13147.05,9234.65
3207,10432.46,53851.75,10932.269999999999,13151.78,8010.51
3208,10436.26,53261.67999999999,9083.75,13161.08,7808.97
3209,10224.970000000001,52775.810000000005,8469.94,13074.65,7368.2
3210,9113.42,54232.659999999996,8368.970000000001,12963.630000000001,6873.25
3211,9263.77,52728.42,10208.06,13273.25,7104.75
3212,10140.289999999999,49341.35,16578.22,13910.369999999999,7760.3099999999995
3213,11512.249999999998,47518.5,20514.88,15090.54,8955.68
3214,13010.99,49925.99,21011.37,16250.47,9138.24
3215,14004.449999999999,50942.68000000001,21352.85,17064.11,8764.34
3216,14686.680000000002,52744.27,21642.699999999997,17288.35,8935.09
3217,15102.400000000001,52887.45,22370.27,17554.39,9408.79
3218,14865.32,51141.07,22005.589999999997,17340.96,9174.08
3219,14629.670000000002,52454.490000000005,22851.55,16833.67,9850.57
3220,15527.17,52632.630000000005,23081.99,16030.57,11094.55
3221,13579.880000000001,55750.33,22071.850000000002,15401.91,11374.04
3222,12681.810000000001,57485.21,21689.239999999998,14378.480000000001,11761.12
3223,12671.01,58266.59,17772.36,13595.91,12729.39
3224,14824.47,60166.97000000001,15567.279999999999,13324.429999999998,13667.240000000002
3225,15637.670000000002,62446.97000000001,15732.16,13335.070000000002,13771.439999999999
3226,14036.25,63578.84,15323.34,13337.349999999999,13585.080000000002
3227,12550.36,63865.22,15852.38,13238.67,14141.92
3228,11875.78,61845.130000000005,14940.82,13114.589999999998,13144.86
3229,10931.66,58441.649999999994,13762.669999999998,13163.900000000001,11501.3
3230,10229.23,54871.05,12374.48,13171.689999999999,10693.91
3231,10070.17,53301.13,9312.24,13144.34,10774.64
3232,10349.14,52567.439999999995,7399.27,12909.980000000001,10412.5
3233,10257.539999999999,52150.45,6380.6900000000005,12889.23,10128.189999999999
3234,9765.68,52325.32,6942.219999999999,12824.189999999999,9801.869999999999
3235,9761.61,51964.380000000005,8377.25,13074.73,9723.75
3236,10381.779999999999,49925.03999999999,14975.439999999999,13710.85,8413.16
3237,10879.92,49323.56,19334.25,14669.560000000001,8478.02
3238,12178.73,50780.43,21019.62,15860.22,8708.32
3239,13219.359999999999,51771.950000000004,21665.95,16729.98,8668.220000000001
3240,13917.86,53508.32000000001,22097.42,17320.46,9050.25
3241,14339.32,52961.51,22806.96,17708.86,9314.23
3242,14005.54,50870.01000000001,22234.949999999997,17527.77,8934.9
3243,13950.29,50763.3,22910.43,16836.58,9823.11
3244,13970.2,50564.25,23598.2,16113.17,11227.09
3245,13488.24,52242.53,23832.7,15323.43,11801.869999999999
3246,12885.929999999998,54622.20999999999,22501.01,14426.169999999998,12083.279999999999
3247,12597.550000000001,57658.44,18118.17,13559.279999999999,13235.380000000001
3248,14729.310000000001,59740.71,15595.210000000001,13224.16,14567.560000000001
3249,15569.340000000002,62139.479999999996,15278.77,13192.97,14326.16
3250,13437.04,63589.81,14517.58,13218.800000000001,13530.45
3251,12048.289999999999,64023.35999999999,14849.630000000001,13169.869999999999,12909.29
3252,12083.84,61269.909999999996,14947.029999999999,13149.01,12744.15
3253,12091.6,58833.22,12631.82,13158.02,12146.27
3254,12086.6,57677.41,10628.67,12112.95,10708.82
3255,11727.42,55726.51000000001,9093.19,11595.28,10105.0
3256,11246.339999999998,55000.90000000001,7908.629999999999,11495.699999999999,8874.59
3257,11049.32,54430.03,7251.320000000001,11431.869999999999,8177.46
3258,10950.89,53680.54,7098.54,11431.650000000001,7746.79
3259,10331.28,52230.829999999994,7414.38,11626.35,6970.42
3260,10929.97,48471.38999999999,9521.89,12210.7,7150.96
3261,12126.76,44117.78999999999,12727.509999999998,13043.92,7351.54
3262,13028.33,39895.8,16653.71,14090.9,7235.4
3263,14010.529999999999,39026.05,18002.96,14960.82,7161.27
3264,14168.69,39748.89,18682.07,15667.550000000001,7347.49
3265,14356.92,40449.41,18850.309999999998,16039.82,7515.18
3266,14445.44,40872.45,18588.66,16007.430000000002,7573.0
3267,14074.640000000001,41488.32,19116.489999999998,15641.23,7494.35
3268,14256.66,41857.869999999995,18770.87,14786.24,8415.55
3269,13817.97,43214.32,17742.39,13749.85,9730.89
3270,12990.22,46417.649999999994,17188.829999999998,12853.1,10664.849999999999
3271,12963.41,51832.780000000006,14606.0,12040.73,12755.33
3272,14911.79,55596.780000000006,14286.75,11765.69,13823.849999999999
3273,15083.23,58334.03,14563.28,11707.85,13568.45
3274,13832.74,59555.15,12144.68,11731.69,13623.01
3275,12572.28,59885.94,11710.43,11680.36,13017.39
3276,12449.38,57441.32,11562.970000000001,11747.78,12716.77
3277,11958.12,55409.740000000005,11071.41,11687.269999999999,11884.810000000001
3278,11754.579999999998,54005.47,9183.17,11347.050000000001,11232.869999999999
3279,10985.369999999999,53300.149999999994,7790.67,10806.69,10422.83
3280,10566.26,52606.920000000006,6402.47,10673.46,9674.28
3281,10997.79,51349.62,5736.42,10652.650000000001,8969.599999999999
3282,11273.65,50234.920000000006,5787.2300000000005,10625.83,8418.18
3283,11008.1,48580.770000000004,6245.1900000000005,10809.789999999999,8269.529999999999
3284,11082.220000000001,44813.35,9598.3,11584.210000000001,8402.2
3285,11366.259999999998,41636.16,11624.41,12599.76,8555.64
3286,12344.37,39506.74,13468.23,13615.369999999999,8560.71
3287,13142.78,39977.88,14802.119999999999,14319.09,7172.34
3288,13572.68,40968.46,15922.88,14632.28,6496.900000000001
3289,13633.949999999999,41224.340000000004,16728.02,14856.019999999999,7620.259999999999
3290,13096.310000000001,41300.340000000004,16542.21,14753.189999999999,8051.62
3291,12445.119999999999,42115.65000000001,16116.42,14300.949999999999,7917.33
3292,11952.68,43519.75,16463.1,13672.91,8139.3099999999995
3293,11195.230000000001,45791.939999999995,16431.53,12785.849999999999,9479.36
3294,11406.22,49380.29000000001,13513.989999999998,12087.23,10477.82
3295,13025.580000000002,52664.17,11394.01,11423.1,12857.630000000001
3296,15862.06,55980.93,10068.48,11079.99,14684.470000000001
3297,16004.23,60593.50000000001,9726.220000000001,11062.539999999999,13989.46
3298,14262.029999999999,61934.84000000001,9656.35,11093.779999999999,14103.66
3299,12904.060000000001,62288.46000000001,9342.17,11070.68,14236.62
3300,12734.240000000002,60886.490000000005,8897.3,11071.400000000001,14058.810000000001
3301,12650.86,58441.18,8806.75,11078.689999999999,12055.49
3302,11921.54,56497.98999999999,8635.42,11089.85,10060.24
3303,11585.35,54766.3,8474.92,11008.96,8773.94
3304,11387.27,53555.47,8301.76,10978.359999999999,7838.96
3305,10818.189999999999,53264.26,8189.150000000001,10940.24,7612.43
3306,10847.75,53481.0,8244.02,10916.99,7623.35
3307,11045.93,53697.8,9130.32,11103.71,8046.85
3308,11430.4,53073.659999999996,12972.689999999999,11739.400000000001,9176.33
3309,12517.84,52975.850000000006,17874.34,12850.85,9461.07
3310,13524.919999999998,54078.83,20753.16,14214.820000000002,9812.82
3311,13955.5,54377.12,22751.82,15711.8,9795.369999999999
3312,14465.509999999998,55519.06,23798.809999999998,16674.89,10011.96
3313,14454.15,56387.04,23435.22,17024.45,10554.84
3314,14013.29,53741.12,22622.0,16819.83,10773.71
3315,13827.59,54742.59,22097.48,16485.39,11793.53
3316,13441.88,55488.6,22370.74,15510.300000000001,12666.54
3317,12780.910000000002,56128.259999999995,22890.760000000002,14411.580000000002,13114.68
3318,13805.85,58594.93,20264.1,13193.199999999999,13816.05
3319,15483.96,56624.54,16968.760000000002,12478.76,13995.34
3320,16180.599999999999,59282.76,16120.43,12212.619999999999,13981.91
3321,16171.75,62693.73,16604.239999999998,12189.470000000001,14134.16
3322,14345.659999999998,63641.369999999995,16156.289999999999,12452.730000000001,14009.89
3323,13761.239999999998,63343.579999999994,15542.34,12469.76,14285.19
3324,11351.65,61898.840000000004,15526.86,12434.019999999999,13763.49
3325,10633.369999999999,58437.31,14823.36,12422.47,11863.970000000001
3326,10495.87,55616.97999999999,12797.21,12411.34,10909.39
3327,10427.43,53292.579999999994,11246.369999999999,12407.03,10647.42
3328,9911.03,51471.74,10735.26,12431.93,10059.61
3329,9753.23,49585.99,11004.990000000002,12441.55,10130.18
3330,9884.73,49023.05,11438.15,12448.57,10077.119999999999
3331,10165.24,49555.15,11709.54,12734.59,10313.939999999999
3332,10237.699999999999,52054.909999999996,13480.23,13307.26,10493.77
3333,11194.18,53828.58,16378.919999999998,14316.74,9874.210000000001
3334,12307.3,54869.16,19759.53,15406.86,9347.99
3335,13490.08,54372.469999999994,21415.68,16273.52,9175.45
3336,14673.26,54722.96,23114.52,16506.04,9261.28
3337,15242.99,54130.46000000001,23716.15,16668.92,9327.89
3338,15031.960000000003,52235.41,22844.05,16604.949999999997,8748.85
3339,15133.530000000002,54481.560000000005,23154.329999999998,15985.999999999998,9459.29
3340,15864.23,55784.45999999999,21688.09,15122.970000000001,11325.59
3341,15312.84,54199.78999999999,21730.14,14072.42,13108.66
3342,15681.140000000001,53812.21000000001,20782.46,13386.470000000001,14600.55
3343,16259.689999999999,53482.29,18131.66,12718.109999999999,14278.56
3344,18905.859999999997,54005.219999999994,17223.57,12404.400000000001,14106.07
3345,19403.45,57130.310000000005,17579.149999999998,12493.21,15007.279999999999
3346,17884.89,57691.39,16736.56,12570.82,15674.66
3347,16473.04,57721.310000000005,17415.87,12589.140000000001,15039.3
3348,16285.32,54908.57,16199.15,12574.46,14809.17
3349,15787.920000000002,50536.09999999999,15584.880000000001,12573.33,13522.28
3350,15345.07,46319.15,14604.27,12553.630000000001,12443.02
3351,13880.820000000002,44727.399999999994,12954.740000000002,12522.9,12196.7
3352,12646.929999999998,43105.130000000005,12771.87,12502.79,12253.98
3353,12477.669999999998,41516.13,12773.64,12542.82,12271.439999999999
3354,12313.919999999998,40976.5,13225.84,12583.29,12481.43
3355,12356.6,41200.56,14077.36,12792.199999999999,12806.689999999999
3356,11916.09,43996.82,15628.11,13528.27,13231.97
3357,10717.57,48330.280000000006,17738.98,14712.32,11739.83
3358,10788.98,50407.44,20163.800000000003,15871.1,10211.71
3359,11742.82,51164.83,21118.41,16844.33,9232.900000000001
3360,12463.92,51958.1,21882.94,17383.79,9293.37
3361,12846.320000000002,52454.72,21895.329999999998,17479.26,9378.14
3362,13059.759999999998,50231.27,21065.86,17400.72,9066.99
3363,13141.86,51602.68,21065.25,16921.39,9295.43
3364,13210.25,52839.03999999999,21191.519999999997,16525.35,10235.919999999998
3365,12890.27,51050.259999999995,23380.260000000002,15626.98,11569.26
3366,12738.539999999999,50960.509999999995,24557.440000000002,14726.09,12219.46
3367,13288.32,52606.86,19486.35,14475.1,12741.98
3368,15017.59,52456.95,18179.1,14431.31,13782.880000000001
3369,17602.42,53255.11,18049.53,14397.899999999998,14678.92
3370,17473.52,52427.94,18077.79,14409.810000000001,14527.26
3371,17621.99,51524.69,18043.15,14285.730000000001,14259.91
3372,16150.56,50639.68,17720.48,13971.8,14437.099999999999
3373,16286.69,47689.5,17024.01,12151.42,14547.73
3374,15811.190000000002,45031.32,16606.97,11344.93,13728.25
3375,15321.86,42482.79,16014.0,10966.519999999999,12844.98
3376,15050.28,40505.91,14621.81,10943.78,12654.18
3377,15104.23,38414.130000000005,14274.33,10951.55,12824.83
3378,14983.710000000001,37696.64,13968.29,11002.390000000001,13000.369999999999
3379,14404.84,38324.259999999995,12382.93,11289.63,12809.76
3380,13549.990000000002,38995.39,14364.470000000001,12023.47,10901.51
3381,12237.38,40843.70999999999,16433.14,13143.12,10061.83
3382,12042.980000000001,42117.34,17052.82,14114.32,9728.59
3383,12734.04,42739.47,17889.84,14980.880000000001,8222.6
3384,13476.93,43274.11,18626.82,15581.130000000001,7946.47
3385,13798.78,44268.71,18975.28,15775.8,7804.32
3386,13699.6,43896.33,18382.16,15659.41,7647.009999999999
3387,13678.460000000001,44342.9,18522.42,15149.300000000001,7623.33
3388,13356.369999999999,45811.22,18290.42,14453.07,7448.469999999999
3389,13639.880000000001,46758.06,18521.35,13506.84,7500.57
3390,14666.710000000001,46780.75,18502.11,12483.75,8509.869999999999
3391,17618.57,47542.68,15237.64,11534.21,11721.59
3392,19032.68,51836.95999999999,13971.49,11077.18,13773.31
3393,20161.55,53294.67,16543.18,11145.66,13763.35
3394,19480.2,52253.05,16597.19,11138.38,13886.58
3395,17746.06,51212.73999999999,17117.84,11128.96,14319.16
3396,17312.28,48634.299999999996,17075.85,11194.1,14233.01
3397,16352.48,45647.549999999996,15845.76,11254.37,14303.63
3398,15694.240000000002,43579.509999999995,13696.859999999999,11551.29,13799.69
3399,15244.589999999998,41779.10999999999,11441.21,11696.6,13746.02
3400,14890.890000000001,41662.95,8692.15,11705.91,13458.380000000001
3401,14438.97,41877.57,8406.73,11721.710000000001,12048.869999999999
3402,14207.580000000002,42034.76,8055.33,11699.42,12029.259999999998
3403,13697.17,43097.81,8009.240000000001,11681.109999999999,11110.009999999998
3404,11997.02,47470.619999999995,10435.38,12069.529999999999,9985.84
3405,10772.65,51227.520000000004,13432.859999999999,13098.68,9248.09
3406,11103.43,52432.97,16054.24,14045.449999999997,8893.880000000001
3407,11765.25,51130.909999999996,19136.12,14857.98,8513.21
3408,12533.61,50712.829999999994,21119.86,15449.77,8689.27
3409,13065.55,51214.33,21768.08,15732.99,8897.369999999999
3410,13274.01,50587.88999999999,21264.16,15538.24,8943.77
3411,14160.199999999999,52701.10999999999,19434.32,14780.25,10320.630000000001
3412,14324.59,53801.35,18579.25,14037.84,12298.89
3413,14531.43,52882.590000000004,19226.28,13613.01,13197.369999999999
3414,15893.710000000003,51559.94,18858.57,12854.09,13939.52
3415,16924.010000000002,52400.05,17255.11,12148.66,14200.3
3416,18590.47,54113.740000000005,15712.31,11767.3,14561.93
3417,18289.48,57874.66,16821.27,11745.52,14592.029999999999
3418,17112.2,58581.009999999995,15481.33,11751.830000000002,14619.96
3419,16565.190000000002,58796.880000000005,14640.39,11740.3,14535.52
3420,15984.150000000001,56209.34999999999,14338.2,11759.1,14427.26
3421,15849.55,52364.990000000005,13961.56,11715.4,13768.67
3422,14049.470000000001,50631.98,12394.14,11687.880000000001,13455.4
3423,12078.080000000002,48901.619999999995,11631.45,11692.689999999999,13301.08
3424,11970.09,46919.94,10455.27,11697.59,13327.4
3425,11697.960000000001,45488.22,10017.55,11695.92,13337.26
3426,11254.45,45352.95,9367.24,11709.060000000001,13196.01
3427,10897.84,44843.25,8527.17,11988.16,12922.88
3428,10094.119999999999,46942.45,11481.439999999999,12627.77,10283.99
3429,9801.35,48912.21,14665.64,13589.34,8788.57
3430,10018.53,48719.159999999996,17072.45,14477.96,8618.83
3431,10710.19,48117.909999999996,18756.510000000002,15315.24,8162.59
3432,11314.359999999999,48025.369999999995,19613.58,15918.18,8482.68
3433,11534.0,48201.83,20084.420000000002,16067.52,8582.89
3434,11524.23,48345.24999999999,20243.16,15901.609999999999,8191.84
3435,11568.6,48188.78999999999,19937.38,15335.46,8090.92
3436,11932.44,49006.7,17991.050000000003,14491.669999999998,8924.27
3437,12195.240000000002,50764.58,15826.510000000002,13720.87,9915.119999999999
3438,12502.55,50557.24,16047.5,12841.2,11446.62
3439,15210.08,51112.600000000006,14618.220000000001,12055.02,13128.39
3440,17399.53,54289.729999999996,15179.76,11679.75,13274.08
3441,17811.440000000002,56309.36,15958.669999999998,11637.939999999999,13285.939999999999
3442,16515.31,56740.119999999995,15060.53,11648.56,12800.89
3443,14215.17,57489.280000000006,13988.32,11661.47,12723.94
3444,13085.599999999999,56846.67999999999,12439.56,11644.5,12383.98
3445,11892.050000000001,55599.47,11561.54,11644.999999999998,12031.060000000001
3446,11411.82,53671.909999999996,10271.949999999999,11599.51,11177.68
3447,10895.75,52169.340000000004,9333.76,11591.43,10399.869999999999
3448,10307.46,51406.93,8570.24,11588.53,9095.28
3449,10255.63,51058.439999999995,7265.13,11588.15,8577.95
3450,10137.1,50480.58,6768.27,11599.990000000002,8693.779999999999
3451,9851.0,49011.979999999996,6526.949999999999,11810.12,8126.9
3452,9364.189999999999,49681.28999999999,7858.27,12316.739999999998,6496.45
3453,9487.28,48513.95,9848.869999999999,13237.759999999998,6253.139999999999
3454,9959.97,45621.35,11855.04,14210.560000000001,6134.37
3455,10526.76,43628.44,13683.45,15066.64,6124.8099999999995
3456,10949.380000000001,43875.70999999999,14476.35,15622.089999999998,6291.29
3457,11283.55,45083.740000000005,15508.59,15690.029999999999,6422.73
3458,11326.97,44253.64,16189.720000000001,15118.000000000002,6283.75
3459,11278.130000000001,42854.54,16619.809999999998,14453.13,6288.049999999999
3460,11342.05,44478.94,14673.380000000001,13845.73,6695.1
3461,11270.36,46749.46,12750.4,13288.05,8344.89
3462,11121.82,49932.91,10319.119999999999,12755.080000000002,10978.09
3463,12042.98,51618.850000000006,9970.61,12170.56,13261.07
3464,15160.09,54401.21000000001,11347.349999999999,11838.76,13585.48
3465,14787.779999999999,57100.67,12240.61,11793.09,13942.880000000001
3466,13374.849999999999,57083.63,13066.45,11803.11,13977.849999999999
3467,11786.900000000001,56625.28999999999,13717.689999999999,11797.91,13608.85
3468,11057.02,55392.72,13330.34,11812.79,12438.869999999999
3469,10437.390000000001,53240.5,11845.66,11792.57,12066.05
3470,9904.58,50829.02,10738.32,11673.84,11426.75
3471,9357.51,49835.549999999996,10266.24,11650.279999999999,10122.82
3472,8882.62,49425.079999999994,10189.77,11705.29,9097.23
3473,8792.59,49110.17999999999,9854.91,11554.43,9052.36
3474,8970.85,48786.06,9783.95,12226.390000000001,9086.01
3475,9081.300000000001,48113.369999999995,11373.66,12509.93,9222.8
3476,9958.64,50052.979999999996,12832.02,13084.91,11050.0
3477,11747.25,51013.08,14744.27,14016.72,11397.3
3478,13182.300000000001,50617.27,17659.38,14960.34,11396.65
3479,13730.04,50365.96000000001,19243.18,15853.230000000001,10810.43
3480,14016.130000000001,51503.67999999999,20676.879999999997,16328.359999999999,10635.34
3481,14698.59,52457.009999999995,21445.059999999998,16329.5,10715.75
3482,14678.48,51150.62,21412.92,15853.509999999998,10169.28
3483,14768.1,51287.33000000001,22431.09,15310.580000000002,10675.52
3484,14829.42,52139.399999999994,21784.11,14867.85,12346.07
3485,14568.47,52252.65,21896.83,14258.73,13262.75
3486,15225.73,52227.409999999996,21479.42,13558.589999999998,13989.16
3487,15191.7,53966.89,17508.18,13053.119999999999,14145.32
3488,15906.13,56803.100000000006,16126.400000000001,12874.720000000001,14199.12
3489,17410.050000000003,59662.479999999996,14954.76,12805.23,14801.77
3490,17407.13,59067.19,14409.49,12855.37,15472.900000000001
3491,16909.55,58676.420000000006,14014.329999999998,12818.22,15253.55
3492,15311.680000000002,56313.59,13317.57,12764.570000000002,15787.789999999999
3493,14625.220000000001,51211.880000000005,13125.09,12492.85,15304.380000000001
3494,13327.51,47602.68,12904.5,12584.1,13790.789999999999
3495,12260.739999999998,46108.85,12474.03,12508.650000000001,12482.39
3496,11798.92,44389.24,11522.81,12524.470000000001,12420.740000000002
3497,11041.84,44679.51,10613.519999999999,12508.630000000001,12213.74
3498,10871.36,44580.3,10879.9,12534.08,12433.560000000001
3499,11145.02,44708.73999999999,12117.75,12748.759999999998,11995.189999999999
3500,11081.34,47533.28,13550.1,13374.980000000001,13140.039999999999
3501,11754.78,49210.33,15192.869999999999,14259.589999999998,13332.09
3502,12471.02,51267.8,17017.19,15119.9,12176.470000000001
3503,13283.970000000001,50605.46000000001,20099.329999999998,15801.21,9719.689999999999
3504,14308.23,51645.950000000004,20735.22,16174.59,9448.259999999998
3505,14401.89,52518.049999999996,21221.73,16211.33,9510.61
3506,13917.550000000001,51298.770000000004,20540.82,16158.069999999998,9288.58
3507,14014.269999999999,51994.740000000005,21998.940000000002,15925.419999999998,10002.07
3508,14115.96,52916.2,22494.93,14858.740000000002,12335.93
3509,14635.78,53402.409999999996,20959.7,14100.51,14289.07
3510,15795.94,53777.020000000004,20113.28,13232.02,15140.21
3511,16952.850000000002,52632.01,17677.13,13013.08,14826.239999999998
3512,17990.92,53602.28,16407.22,12986.310000000001,15075.41
3513,19182.899999999998,56145.23,16750.88,12913.14,15623.140000000001
3514,18416.14,56474.479999999996,16551.59,12932.28,15882.09
3515,17936.350000000002,56466.15,16144.51,12842.279999999999,15452.48
3516,15944.86,55060.16,15465.9,12490.800000000001,15454.710000000001
3517,15558.03,50962.06,14710.099999999999,12491.73,14779.21
3518,14165.81,47352.299999999996,14666.68,12331.53,13060.55
3519,12401.97,45725.05,14274.560000000001,12310.420000000002,11751.09
3520,11394.44,44974.63,13485.43,12300.71,11218.07
3521,11047.75,44370.42,13327.43,12304.24,10515.32
3522,10996.75,44497.26,13290.990000000002,12324.419999999998,10338.04
3523,10804.15,45299.02,13933.75,12603.779999999999,10480.41
3524,11061.15,48469.8,15143.599999999999,13197.98,10612.01
3525,12256.05,50204.14,17121.690000000002,14194.02,9656.43
3526,13337.29,51453.36,20118.18,15002.27,8637.720000000001
3527,13462.650000000001,50975.270000000004,22911.93,15621.22,7900.8
3528,13968.82,51793.450000000004,23687.91,16206.62,8587.15
3529,14077.999999999998,52231.68,25245.879999999997,16169.17,8623.77
3530,14408.93,50423.28,24184.28,15578.11,8526.86
3531,14829.83,50861.17,25352.870000000003,15379.4,8785.24
3532,15368.3,52454.520000000004,24505.11,14911.59,10207.59
3533,15330.97,53869.39,22683.83,14242.25,12108.66
3534,15842.149999999998,54241.84,21825.66,13407.55,13551.89
3535,16365.019999999997,53692.23,18183.989999999998,12875.72,14723.42
3536,18514.19,54501.05,16315.79,12636.83,14602.77
3537,19754.59,57561.21000000001,16263.960000000001,12626.440000000002,15011.9
3538,18438.8,58488.91,15778.119999999999,12645.96,15112.029999999999
3539,17243.92,59163.45,15644.210000000001,12574.71,15206.42
3540,15764.95,57704.65000000001,14423.169999999998,12558.39,15142.740000000002
3541,14997.63,53457.38,13333.08,12571.220000000001,14219.75
3542,14163.42,50192.15,12634.5,12543.68,12191.07
3543,12075.6,49310.32,12412.310000000001,12532.66,11316.91
3544,10421.560000000001,48364.96,11810.15,12391.85,11118.48
3545,10169.86,47264.85,11704.36,12263.55,10776.310000000001
3546,10214.76,46767.670000000006,11974.02,12158.7,11052.84
3547,10341.88,47531.58,12226.609999999999,12393.54,10926.619999999999
3548,11188.91,51080.49,12849.85,13086.09,11167.720000000001
3549,12249.47,52454.83,16196.01,14111.449999999999,10032.44
3550,13000.93,54724.060000000005,19043.05,15070.42,8299.71
3551,13638.279999999999,54616.590000000004,20991.91,15742.789999999999,7432.73
3552,14136.609999999999,54361.22,22848.52,16093.17,7474.3
3553,14401.35,54782.520000000004,24097.489999999998,16447.22,7327.889999999999
3554,14211.779999999999,53161.26,23628.7,16387.62,7108.4
3555,14867.579999999998,57233.91,21736.63,15810.05,8181.91
3556,15336.11,57933.4,21021.739999999998,15123.900000000001,10864.07
3557,14798.37,56280.880000000005,22269.019999999997,14385.25,13359.64
3558,14466.210000000003,59580.98,20131.68,13556.05,14217.14
3559,14475.880000000001,61187.86,16563.27,12833.820000000002,14020.89
3560,15736.689999999999,62021.17999999999,14906.6,12487.53,14167.130000000001
3561,15378.429999999998,64723.82000000001,15695.43,12427.66,14647.689999999999
3562,13762.81,64948.869999999995,15981.98,12416.51,14834.289999999999
3563,13315.060000000001,63955.25,15865.380000000001,12332.369999999999,15844.62
3564,13052.48,62633.23,15097.83,12318.36,14657.420000000002
3565,11935.83,59057.20999999999,14542.13,12309.44,14003.779999999999
3566,10013.850000000002,56090.700000000004,14654.48,12163.810000000001,12478.7
3567,9297.01,52931.66000000001,14076.71,12141.449999999999,11938.689999999999
3568,9081.51,52101.94,14505.64,12101.730000000001,9672.75
3569,8935.44,51732.79,14600.400000000001,12102.09,8308.92
3570,8839.24,51188.76,14373.7,12120.230000000001,8257.119999999999
3571,8928.44,51825.07000000001,14980.029999999999,12378.329999999998,8244.99
3572,9826.560000000001,51615.75,17635.47,13108.039999999999,9401.779999999999
3573,10974.45,54090.899999999994,18173.35,14103.01,10312.6
3574,12017.47,55815.0,20375.08,14898.32,10141.279999999999
3575,13195.66,55154.39,21837.65,15392.08,9996.48
3576,14505.79,55087.850000000006,23222.83,15946.3,10552.52
3577,15613.11,55147.17,23540.72,16233.96,10569.3
3578,14525.28,54514.82000000001,23143.73,16317.289999999999,10267.23
3579,14224.84,57729.23,22437.13,16010.2,11488.29
3580,13711.619999999999,60152.350000000006,23352.73,15306.4,11982.650000000001
3581,13733.029999999999,59113.76000000001,24364.910000000003,14426.220000000001,13467.919999999998
3582,13898.31,57483.22,23061.84,13640.009999999998,15112.04
3583,14523.529999999999,57890.48000000001,18642.83,12846.080000000002,15934.59
3584,17647.84,59264.619999999995,16161.369999999999,12526.99,15671.03
3585,18109.489999999998,61888.030000000006,16171.88,12520.95,16226.46
3586,16575.789999999997,61692.41,16137.179999999998,12430.95,16263.54
3587,15574.95,61477.04,16197.54,12418.810000000001,16199.51
3588,14402.0,60934.159999999996,16049.5,12417.130000000001,15134.240000000002
3589,12899.939999999999,59010.100000000006,15567.54,12383.82,14468.04
3590,12375.5,56520.72,13938.720000000001,11232.73,13587.47
3591,11647.980000000001,54312.03,13239.01,9901.37,13068.52
3592,10676.32,52622.53,12477.7,9869.14,12647.349999999999
3593,10054.85,51652.630000000005,12002.16,9877.38,12318.48
3594,9603.64,51487.48,11212.02,9886.45,12175.55
3595,9743.6,51192.619999999995,10495.03,10178.41,10868.630000000001
3596,10359.57,50680.24,13813.529999999999,10933.289999999999,8895.3
3597,10802.869999999999,46912.67,18589.559999999998,11935.070000000002,9101.85
3598,11074.46,49061.869999999995,18759.78,13012.43,9235.21
3599,11773.689999999999,49734.2,18811.649999999998,13979.57,9242.66
3600,12701.880000000001,49515.81999999999,19165.440000000002,14593.579999999998,9425.55
3601,13337.7,49142.25,19645.2,14759.44,9685.61
3602,13433.859999999999,48309.92,19794.8,14412.99,9557.22
3603,13032.890000000003,48465.32000000001,19877.239999999998,13641.999999999998,9255.630000000001
3604,12894.109999999999,49374.48,19033.44,12944.23,10157.96
3605,12921.38,47593.23,19215.35,12499.970000000001,12783.310000000001
3606,12722.16,47823.76,19677.07,11641.67,14714.75
3607,15643.98,50193.60999999999,17870.12,10837.630000000001,15246.49
3608,17154.239999999998,54863.27,15646.830000000002,10432.79,15808.59
3609,17518.379999999997,57757.91,16115.220000000001,10362.54,15718.33
3610,17131.15,56662.34,15922.210000000001,10391.440000000002,15550.66
3611,16990.43,56279.55000000001,15149.630000000001,10412.330000000002,15411.99
3612,16896.86,54318.76,15046.08,10367.33,14667.560000000001
3613,15940.78,51792.88,15496.15,10287.28,13971.27
3614,15186.34,48892.11,14885.82,10046.470000000001,13701.14
3615,15103.34,47366.64,12155.02,10026.22,13522.880000000001
3616,15340.8,44912.83,10795.45,10052.869999999999,13719.45
3617,15232.759999999998,43342.549999999996,10195.080000000002,9954.89,13508.0
3618,14582.899999999998,43017.19,9864.62,9957.320000000002,13038.919999999998
3619,13454.639999999998,42400.01,10122.060000000001,10246.24,11161.630000000001
3620,11722.25,42251.850000000006,13015.11,11070.9,9240.48
3621,11124.249999999998,40519.619999999995,13943.62,12165.02,9649.67
3622,10711.94,40369.53,14224.599999999999,13167.61,9336.49
3623,11474.9,40256.189999999995,14833.05,13993.91,8796.58
3624,12287.86,41171.45,15780.79,14607.74,8511.56
3625,12826.82,42696.26,16502.41,14814.930000000002,8818.130000000001
3626,12630.050000000001,43817.56,16333.27,14582.0,8819.9
3627,12185.119999999999,44005.56,15993.599999999999,14057.649999999998,8738.39
3628,11914.029999999999,44173.92,16202.04,13319.119999999999,8764.189999999999
3629,12316.779999999999,45306.42,15488.829999999998,12533.7,10738.12
3630,13707.14,44298.88999999999,16369.39,11625.0,12983.03
3631,15179.18,47028.53999999999,15454.5,10685.23,14632.779999999999
3632,17577.98,50144.14,14844.669999999998,10194.499999999998,16009.25
3633,19322.58,52143.969999999994,15420.18,10151.050000000001,16425.780000000002
3634,19416.82,53047.05,14584.67,10192.01,16474.89
3635,19586.74,52452.58,14254.29,10325.29,16427.26
3636,17126.0,53064.509999999995,14155.560000000001,10320.220000000001,16436.04
3637,16218.55,50531.69,14216.68,10330.45,15935.620000000003
3638,15525.46,49236.16999999999,13029.32,9262.679999999998,15340.86
3639,15204.320000000002,48293.63,11832.449999999999,8346.939999999999,14801.669999999998
3640,14810.25,47736.84,10723.23,7964.2300000000005,14536.68
3641,14616.160000000002,47113.350000000006,10124.53,7932.2300000000005,14157.140000000001
3642,14607.45,46521.45,9938.24,7860.8,14520.93
3643,14449.46,47119.350000000006,10816.2,8141.12,14028.64
3644,13236.720000000001,50227.490000000005,14592.93,8987.070000000002,12613.86
3645,12994.119999999999,54064.38,17821.41,10149.71,11940.02
3646,13687.699999999999,56786.36000000001,20081.29,11295.42,12628.67
3647,14288.38,57627.61,21295.26,12239.76,12726.5
3648,14640.35,58385.08,22342.4,12864.52,13665.36
3649,14496.78,59451.72,23038.649999999998,13231.89,13642.35
3650,14102.27,58474.8,22557.53,13121.910000000002,13466.71
3651,15791.059999999998,57859.52999999999,24070.21,12493.41,14177.27
3652,18126.159999999996,57151.92,23459.11,11626.189999999999,15559.949999999999
3653,20011.57,57883.87,22365.260000000002,10668.31,16478.97
3654,19326.78,60274.88,20880.33,9797.72,16508.67
3655,17962.17,59831.43000000001,17959.31,8873.64,16478.660000000003
3656,17537.61,60393.97000000001,17091.059999999998,8300.480000000001,16460.440000000002
3657,18661.78,63267.72,17054.53,8213.79,16599.18
3658,19426.52,63436.189999999995,16088.060000000001,8252.68,16565.86
3659,19770.29,62952.229999999996,16187.109999999999,8168.009999999999,16284.66
3660,18986.46,60830.32000000001,16511.15,8084.3,15383.79
3661,16850.09,57933.69,15674.41,8134.15,15600.82
3662,16069.630000000001,53911.12,15245.09,8281.57,14517.619999999999
3663,15562.309999999998,51016.95,14256.49,8360.74,13788.27
3664,15363.77,48976.67,13022.980000000001,8316.96,14049.8
3665,15236.800000000001,47471.94,12708.67,8202.67,14352.08
3666,15184.210000000001,47234.71,12596.48,8307.910000000002,14414.74
3667,14813.42,48335.030000000006,12590.28,8527.93,14566.04
3668,13828.070000000002,51022.64,13838.2,9230.789999999999,15004.66
3669,12562.970000000001,55503.009999999995,16796.53,10346.74,14663.649999999998
3670,13281.58,57783.16999999999,18633.86,11539.49,15131.73
3671,13992.890000000001,56785.94,21057.62,12417.78,14262.81
3672,14950.210000000003,55921.42,23172.98,13048.39,14272.26
3673,15676.179999999997,54373.939999999995,23724.57,13335.25,14355.470000000001
3674,15895.329999999998,52297.689999999995,22938.39,13125.289999999999,14375.66
3675,16629.19,55953.630000000005,22141.08,12197.49,14629.92
3676,16901.2,58271.619999999995,22832.7,11048.119999999999,14634.969999999998
3677,18119.64,59225.119999999995,22004.039999999997,10460.08,15748.57
3678,18299.73,60468.899999999994,21575.63,9869.14,15674.39
3679,17208.13,60111.06999999999,18339.010000000002,9593.24,16233.95
3680,16531.37,60823.05,16371.83,10268.970000000001,16574.559999999998
3681,17352.329999999998,63498.54999999999,16376.52,10583.510000000002,16176.869999999999
3682,17025.77,64084.99999999999,16320.380000000001,10595.17,15975.529999999999
3683,16750.84,63633.259999999995,16258.619999999999,10609.84,16271.329999999998
3684,15559.079999999998,61335.66999999999,16228.14,10167.490000000002,16259.939999999999
3685,14090.0,57994.350000000006,16500.94,8583.79,15964.890000000001
3686,14233.78,54311.48999999999,15790.779999999999,8422.339999999998,15241.75
3687,14324.150000000001,50426.83,15389.810000000001,8433.88,14873.97
3688,14367.550000000001,47147.93,15105.29,8410.88,14652.34
3689,14075.619999999999,45790.479999999996,14721.439999999999,8280.74,14632.24
3690,14268.86,45293.95,14225.46,8303.029999999999,14809.83
3691,13929.869999999999,46067.17,13934.59,8427.24,14889.0
3692,13451.1,49753.2,14705.84,8920.67,15159.31
3693,12885.08,54518.75000000001,16881.88,9756.8,14703.61
3694,13056.94,57399.64,19483.51,10548.49,14440.66
3695,14009.630000000001,56419.4,22748.66,11272.510000000002,13272.79
3696,14942.86,58414.14,23522.08,11715.46,12517.36
3697,15338.760000000002,58121.60999999999,22886.1,11892.88,12441.48
3698,15263.730000000001,55863.869999999995,22147.46,11670.74,11231.029999999999
3699,15675.23,57224.76,22492.36,11392.84,12033.029999999999
3700,16246.079999999998,58127.17,23165.489999999998,11530.49,13753.36
3701,15796.429999999998,58153.26,22270.29,11690.54,15654.02
3702,15791.859999999999,58651.340000000004,21255.41,11888.9,16886.42
3703,15023.839999999998,58539.67,18210.93,11586.86,16989.760000000002
3704,15170.159999999998,59481.34999999999,16520.11,11698.62,17350.01
3705,16011.359999999999,61102.77,16138.170000000002,11779.430000000002,17453.1
3706,15924.47,60833.82000000001,16124.55,11834.94,17481.35
3707,15688.05,60589.12999999999,16126.74,11859.84,17095.18
3708,14060.130000000001,58916.590000000004,16136.23,11652.18,17074.54
3709,13270.68,56240.25,16099.92,10240.77,16577.56
3710,13345.769999999999,53865.57000000001,14949.2,9245.21,15021.01
3711,12640.09,51507.200000000004,14175.080000000002,8967.64,13827.220000000001
3712,11157.140000000001,50783.43999999999,13986.0,8562.349999999999,13363.93
3713,10956.87,49858.229999999996,13639.02,8392.33,13094.849999999999
3714,10519.05,50612.51,13524.330000000002,8386.84,12578.83
3715,10441.71,51429.19,13257.029999999999,8515.92,12607.079999999998
3716,10774.599999999999,55034.55,12841.68,8990.960000000001,13351.14
3717,10844.72,58897.5,13524.22,9636.29,13681.2
3718,11948.43,60207.56999999999,16101.490000000002,10288.35,13350.28
3719,12806.23,60262.490000000005,18472.57,10868.97,11263.03
3720,13559.76,60670.060000000005,19665.56,11403.26,10690.34
3721,14073.83,61146.64,19971.93,11762.72,10026.98
3722,13953.390000000001,58542.4,20556.75,11878.380000000001,9514.26
3723,14196.659999999998,59796.240000000005,21336.71,11454.819999999998,11443.11
3724,14892.39,60694.509999999995,20707.14,10837.93,13646.68
3725,14658.710000000001,60747.97,20420.77,10335.42,14429.84
3726,14980.8,60483.729999999996,19707.31,10494.810000000001,15699.130000000001
3727,15692.419999999998,58820.13,17805.98,10370.22,15663.619999999999
3728,15489.27,60134.02,17293.8,10042.490000000002,15807.97
3729,16671.05,60983.34,17761.17,10015.95,15984.88
3730,16763.559999999998,59793.07,17561.54,10056.03,16581.739999999998
3731,16481.14,59616.850000000006,17032.28,10084.830000000002,16744.26
3732,14682.81,57864.72,17033.57,10098.900000000001,16514.34
3733,14727.929999999998,54361.909999999996,16594.07,9450.060000000001,15887.080000000002
3734,15919.03,49110.92999999999,16170.84,8716.939999999999,15143.66
3735,16153.670000000002,46254.78,15509.240000000002,8669.949999999999,13628.509999999998
3736,14196.279999999999,45155.27,15451.61,8626.21,13137.86
3737,13685.550000000001,44192.46000000001,15273.560000000001,8506.8,13093.220000000001
3738,13711.54,43561.090000000004,15389.490000000002,8529.68,13173.33
3739,14633.93,43239.45,15276.539999999999,8747.71,13280.829999999998
3740,14504.900000000001,47390.16,16150.89,9348.09,13388.01
3741,14234.5,51349.93,16947.81,10069.87,12844.68
3742,14960.67,55219.04,18149.72,10672.6,11529.77
3743,15373.61,56479.83,19669.99,11364.3,10708.189999999999
3744,15784.82,59658.45,19776.65,11775.16,10013.39
3745,15914.230000000001,60122.21000000001,20587.44,11746.35,9437.720000000001
3746,15071.3,58668.92999999999,20773.89,11815.769999999999,8833.38
3747,15518.699999999999,60754.92,19289.72,11710.47,11219.34
3748,16595.35,59197.549999999996,21352.52,11487.02,12901.720000000001
3749,17416.289999999997,59011.88,21685.7,10786.36,13442.970000000001
3750,17683.04,59654.729999999996,19880.78,10449.69,14411.79
3751,17539.100000000002,59001.26999999999,18214.96,10082.4,14819.5
3752,17564.35,59033.14000000001,17845.690000000002,10020.6,14693.93
3753,19169.25,60286.479999999996,18025.190000000002,10322.18,14002.07
3754,19084.0,59098.229999999996,17514.3,10353.910000000002,14212.53
3755,18754.21,58524.409999999996,16517.97,10351.310000000001,14695.550000000001
3756,16699.95,57616.22,17014.010000000002,10292.36,14663.52
3757,15901.810000000001,56045.55,16579.91,9652.910000000002,14199.1
3758,15862.489999999998,53117.49,15594.01,9148.269999999999,13254.189999999999
3759,14669.850000000002,51308.53,15204.939999999999,8598.24,12227.52
3760,14003.17,50021.91,13682.43,8380.3,11999.490000000002
3761,13530.68,49796.78999999999,12479.960000000001,8285.42,11841.21
3762,13246.050000000001,48894.84999999999,12291.8,8286.0,11816.75
3763,12580.35,47814.619999999995,11820.230000000001,8521.380000000001,11637.32
3764,11983.08,49048.31999999999,11764.12,9208.74,12063.27
3765,11454.96,51530.380000000005,12586.5,9980.2,12325.07
3766,11430.81,54278.9,14686.419999999998,10576.49,10192.52
3767,11949.34,55396.87,15856.82,11080.64,8866.7
3768,12522.58,55808.64,16916.550000000003,11618.7,8753.68
3769,12788.230000000001,56242.45,17730.5,11765.5,8852.77
3770,12759.78,55059.5,18151.1,11754.550000000001,8661.3
3771,12872.880000000001,55896.43000000001,17288.43,11513.890000000001,8499.18
3772,13326.83,56160.509999999995,17037.06,10844.97,8868.5
3773,13749.58,56177.649999999994,16673.52,10313.4,10386.580000000002
3774,15265.02,55296.79,14844.720000000001,9613.88,12960.880000000001
3775,15946.58,57809.22000000001,13889.04,8989.13,13830.93
3776,16806.47,60184.85,14338.95,8640.820000000002,15250.14
3777,18653.68,60762.06,15584.96,8643.440000000002,15430.7
3778,18404.0,59938.46,15233.09,8630.95,15147.84
3779,18165.39,58411.11,14456.46,8620.62,14970.529999999999
3780,16074.219999999998,57664.87,13999.57,8660.04,14886.65
3781,15710.2,55702.85,12773.27,8556.390000000001,14673.099999999999
3782,15481.320000000002,53332.95,11977.38,8394.599999999999,13738.59
3783,14810.729999999998,51748.89,10912.84,8397.039999999999,13096.96
3784,14362.86,50084.78,10526.199999999999,8358.59,12362.57
3785,14371.12,47727.67,10497.84,8244.06,12467.1
3786,13762.83,45975.770000000004,11110.25,8244.25,12503.26
3787,12828.59,45027.54,10295.49,8484.29,11966.5
3788,12017.29,46363.96,9661.970000000001,9035.57,11251.06
3789,11349.5,47323.96,10573.46,9663.38,9730.779999999999
3790,10944.880000000001,48135.03999999999,12320.099999999999,10487.33,8440.460000000001
3791,11813.329999999998,47485.89,13625.95,11330.61,7919.759999999999
3792,12527.46,46349.06,14831.96,11693.75,8039.01
3793,13045.54,46466.98,15083.57,11754.78,8207.75
3794,13324.689999999999,46533.16,15488.470000000001,11725.41,8143.48
3795,13255.71,47162.69,15651.900000000001,11459.83,8138.450000000001
3796,13374.220000000001,48833.42,14965.5,10869.01,9536.6
3797,14080.81,48706.86,14711.62,10393.09,11663.849999999999
3798,14234.63,50040.53,14256.43,9816.41,13732.48
3799,15703.35,52098.64,13412.619999999999,8941.51,14941.869999999999
3800,16473.09,54892.450000000004,13795.48,8429.87,15914.39
3801,17286.66,56667.04000000001,14772.23,8399.59,16009.99
3802,17819.620000000003,56700.5,15106.239999999998,8408.42,15017.78
3803,18428.29,56549.37000000001,14424.939999999999,8407.36,15080.36
3804,17016.120000000003,56170.200000000004,14392.01,8398.14,14962.21
3805,15379.529999999999,55304.28,13493.84,8397.240000000002,14051.25
3806,13009.08,55070.469999999994,12547.369999999999,8394.23,12965.0
3807,11159.11,53969.380000000005,12166.89,8382.369999999999,12508.869999999999
3808,10880.150000000001,53053.399999999994,11756.96,8340.769999999999,11675.11
3809,10941.72,52154.270000000004,11628.34,8264.3,10970.01
3810,11282.259999999998,51096.83,12363.800000000001,8268.499999999998,10720.150000000001
3811,11374.35,51134.869999999995,12765.67,8511.88,10658.74
3812,11988.83,51397.61,14578.119999999999,9168.61,11604.41
3813,12956.98,51972.990000000005,18249.21,10027.38,11911.220000000001
3814,13784.84,55929.520000000004,20432.3,10902.79,11959.93
3815,14739.420000000002,56648.97,21919.66,11601.47,11532.25
3816,15151.880000000001,56703.3,23631.29,11981.130000000001,11260.560000000001
3817,15381.970000000003,56871.479999999996,24326.239999999998,12011.43,11101.21
3818,15337.179999999998,55383.08999999999,24202.53,11999.61,10080.85
3819,15539.26,56711.32,23702.520000000004,11963.59,10928.77
3820,15660.87,59849.659999999996,21736.81,11413.61,12540.67
3821,15227.949999999999,61147.68000000001,20593.67,10715.17,13742.48
3822,14594.98,62656.19,18522.989999999998,10150.9,14784.05
3823,14801.25,61739.24,15437.52,9388.65,15009.52
3824,14832.079999999998,63905.76999999999,14486.97,8893.339999999998,15453.0
3825,15840.12,66853.98999999999,14129.050000000001,8869.910000000002,15256.62
3826,16944.690000000002,66411.2,13426.83,8933.23,15160.84
3827,16718.98,65670.26,13187.289999999999,8855.77,15652.6
3828,15091.300000000001,63689.15,13470.74,8805.59,14874.35
3829,13722.6,61349.89,12937.699999999999,8525.640000000001,13439.43
3830,12571.74,57992.09,12078.670000000002,8459.619999999999,12743.06
3831,11911.5,54974.7,11825.26,8462.48,12004.31
3832,11655.7,53203.170000000006,11710.17,8445.319999999998,11119.23
3833,11584.710000000001,52292.990000000005,11623.3,8348.789999999999,10680.23
3834,11884.460000000001,51614.17,11747.42,8354.720000000001,10754.47
3835,12545.830000000002,51285.189999999995,11853.44,8579.01,11009.82
3836,12199.02,52200.130000000005,12825.82,9157.269999999999,11786.42
3837,12691.390000000001,53779.03,15963.65,9944.49,12763.45
3838,13650.750000000002,56710.700000000004,18215.77,10690.75,11871.43
3839,14228.309999999998,57096.280000000006,19295.0,11297.25,11920.42
3840,14650.83,56390.47,21325.39,11760.02,11871.49
3841,15181.310000000001,55541.619999999995,21982.059999999998,12130.789999999999,12129.41
3842,15179.740000000002,53155.189999999995,21045.08,12079.91,11607.32
3843,15348.470000000001,53633.61,22303.75,11534.68,12032.91
3844,15328.659999999998,56251.61,22022.55,10627.119999999999,12892.93
3845,14915.410000000002,56682.369999999995,21436.239999999998,9899.42,13994.62
3846,15475.99,57464.65,19530.52,9603.859999999999,15281.62
3847,15324.35,58053.240000000005,16150.85,9011.95,16214.240000000002
3848,15656.259999999998,60346.399999999994,15711.5,8708.910000000002,16059.869999999999
3849,17352.670000000002,61603.560000000005,16118.05,8670.970000000001,16283.14
3850,17789.079999999998,60562.93,15870.47,8909.210000000001,16081.23
3851,17837.579999999998,59713.53,15349.33,8923.18,15815.779999999999
3852,16211.54,57828.2,14206.419999999998,8857.400000000001,15429.98
3853,13973.039999999999,55077.20999999999,13124.81,8653.390000000001,14906.65
3854,13004.97,52824.86,11828.0,8323.789999999999,14230.43
3855,12361.529999999999,50402.53,10748.109999999999,8278.179999999998,13894.15
3856,11749.060000000001,48676.59,10702.24,8271.57,12857.66
3857,11738.77,47861.780000000006,10509.79,8262.55,12484.76
3858,11865.839999999998,47656.350000000006,10428.02,8234.420000000002,12688.21
3859,12035.380000000001,47930.51,10664.060000000001,8364.720000000001,12757.599999999999
3860,11775.350000000002,50873.08,12213.0,8858.070000000002,11894.189999999999
3861,11970.320000000002,55167.700000000004,14897.04,9715.88,11571.89
3862,12850.55,55912.98,19048.33,10585.429999999998,11216.09
3863,13562.55,55655.19,20557.33,11459.48,11309.52
3864,14427.02,56189.24999999999,21440.79,12037.39,11204.18
3865,15034.859999999999,54954.189999999995,22010.96,12162.759999999998,11005.509999999998
3866,14936.95,52273.27,21023.11,12028.99,10641.93
3867,14831.51,52991.719999999994,21924.79,11238.650000000001,10377.0
3868,14509.59,54729.96,22071.43,10941.07,10586.240000000002
3869,14596.73,56096.24999999999,21704.420000000002,10395.13,11346.62
3870,15133.560000000001,56869.08,18378.510000000002,9838.31,14538.439999999999
3871,15225.18,55570.09,16371.24,9190.970000000001,16381.5
3872,15952.720000000001,57760.24,15553.679999999998,8846.45,16447.579999999998
3873,18706.78,58909.5,15960.669999999998,8775.640000000001,16383.28
3874,19690.98,58913.83,15554.51,8774.12,16389.6
3875,19701.720000000005,58583.63,14438.71,8813.42,16392.0
3876,16716.92,58540.09000000001,13523.48,8846.810000000001,16594.77
3877,14787.6,56244.38,13163.45,8447.7,16534.07
3878,14574.630000000001,51384.46,12791.83,8152.320000000001,15933.34
3879,14579.029999999999,47933.240000000005,12442.73,8139.41,15137.26
3880,14098.349999999999,46161.06,12549.130000000001,8141.5,14095.009999999998
3881,14469.240000000002,44147.66,12633.130000000001,8118.64,13855.59
3882,14453.6,42534.42,13904.760000000002,8106.68,14015.01
3883,14577.630000000001,42243.52,14173.35,8384.51,13919.970000000001
3884,13848.74,47041.88,14706.289999999999,9161.86,12883.07
3885,13887.6,53667.369999999995,15853.86,10193.66,10022.1
3886,14111.59,56231.90000000001,17622.440000000002,11232.369999999999,9462.95
3887,14373.039999999999,58008.329999999994,18810.629999999997,12064.17,9188.17
3888,15054.699999999999,57940.17999999999,20719.2,12654.5,9065.33
3889,15033.45,58098.79,21867.28,12856.489999999998,9085.57
3890,14878.210000000001,55211.22,21789.3,12689.89,8964.59
3891,14874.5,54983.18,22747.4,12222.65,10746.79
3892,15272.349999999999,56699.130000000005,22710.61,11588.9,11939.029999999999
3893,14750.64,58006.619999999995,22750.94,10867.220000000001,13242.62
3894,15267.559999999998,58554.729999999996,20560.95,10085.43,16259.45
3895,15544.99,59287.03,17531.7,9381.329999999998,16595.28
3896,16239.86,59829.299999999996,16210.12,8876.250000000002,17450.72
3897,18313.79,62267.06,16627.52,8933.28,16793.050000000003
3898,19590.510000000002,61151.920000000006,16937.95,8942.68,16456.28
3899,19769.61,60144.50000000001,16739.83,8943.52,16596.42
3900,18794.45,57572.240000000005,16882.01,8944.220000000001,16719.19
3901,16695.969999999998,54174.05,16667.559999999998,8750.350000000002,16695.98
3902,16417.190000000002,49859.810000000005,16270.220000000001,8229.239999999998,16611.91
3903,16667.739999999998,45441.45,16431.52,8240.99,15467.02
3904,16536.63,43871.03,15207.18,8251.369999999999,14602.779999999999
3905,16574.070000000003,42519.46,13844.59,8238.05,14999.050000000001
3906,16654.929999999997,41639.78,13651.27,8269.320000000002,15313.31
3907,16286.33,41804.950000000004,13625.02,8556.89,15184.36
3908,14661.64,45152.729999999996,15885.71,9354.589999999998,14090.130000000001
3909,13245.22,50533.45,18603.39,10445.25,13426.09
3910,13842.5,54281.39,21400.48,11609.890000000001,12703.74
3911,14626.56,55725.79,21530.25,12540.87,14130.79
3912,15134.96,57922.560000000005,22664.93,12813.99,14134.150000000001
3913,15425.939999999999,58415.15,22356.23,12966.619999999999,14431.33
3914,15256.39,57742.61,21023.72,12553.289999999999,13964.17
3915,15411.61,58383.96000000001,23788.89,11895.77,13750.01
3916,17189.760000000002,59576.689999999995,22569.47,11112.8,14362.41
3917,18611.25,58178.49,21917.11,10417.4,15209.23
3918,19285.47,57666.46,19732.64,9519.8,15557.23
3919,19996.19,56688.03,17210.25,8905.689999999999,15512.55
3920,19228.39,58516.78,16648.9,8671.87,16251.85
3921,20238.18,59592.340000000004,17062.27,8564.82,16696.58
3922,20490.050000000003,58162.29,16807.6,8588.94,16431.57
3923,20476.83,56987.59,16690.27,8587.61,16476.32
3924,20491.21,54891.939999999995,16660.47,8598.130000000001,16035.890000000001
3925,20070.780000000002,52365.75,15835.01,8578.79,15442.970000000001
3926,18803.32,49124.34,15065.369999999999,8263.079999999998,15014.439999999999
3927,18130.91,45587.11,15342.54,8095.52,14142.74
3928,17671.17,43689.94,14940.6,8045.23,13443.33
3929,16275.08,43505.3,14694.869999999999,8062.82,13135.009999999998
3930,15472.550000000001,43860.32,14110.76,8053.97,14074.48
3931,14728.98,43605.53999999999,13989.78,8239.84,14065.41
3932,14605.829999999998,45050.33,13476.29,8879.86,13300.649999999998
3933,12618.09,49786.21,14435.64,9939.98,12336.63
3934,13208.759999999998,51536.14,16657.33,10804.57,10753.34
3935,14297.48,49990.75,18604.34,11622.01,10128.630000000001
3936,14815.929999999998,49899.18,20335.36,12285.91,8965.619999999999
3937,14925.29,50156.18,21103.07,12751.880000000001,8580.46
3938,14397.7,49528.490000000005,21228.35,12752.05,8863.99
3939,14285.65,50156.21,18679.760000000002,11982.16,10113.509999999998
3940,14659.26,49782.6,16343.89,11159.16,12555.62
3941,15582.429999999997,48358.36,15439.99,10561.77,13725.7
3942,17478.559999999998,47259.880000000005,15419.6,9712.99,15179.529999999999
3943,17224.51,50096.79,15214.080000000002,9183.05,16074.16
3944,17718.83,54894.380000000005,15633.23,8735.79,16590.12
3945,19846.17,56839.12,14877.08,8660.350000000002,16113.3
3946,20938.75,56038.84,13624.150000000001,8577.68,15984.9
3947,21694.079999999998,53823.450000000004,12867.22,8562.92,15305.5
3948,22327.55,50795.78,12423.83,8652.080000000002,14419.27
3949,21260.12,48369.16,12328.5,8576.820000000002,13905.81
3950,20420.55,46894.85999999999,10703.189999999999,8346.439999999999,13746.720000000001
3951,18107.430000000004,46882.200000000004,9138.73,8345.97,13626.199999999999
3952,15692.619999999999,46675.630000000005,8575.22,8336.85,13485.28
3953,14747.48,46312.0,7942.25,8329.369999999999,13163.61
3954,13972.810000000001,45980.340000000004,7812.75,8285.0,13216.740000000002
3955,12163.91,46002.05,7166.74,8445.72,12959.13
3956,11141.79,45361.880000000005,10103.24,9012.6,10465.6
3957,10872.210000000001,46316.46000000001,11878.63,9974.880000000001,8305.990000000002
3958,11394.14,44047.57,13394.289999999999,10938.18,7911.64
3959,12113.800000000001,42309.869999999995,15202.36,11615.25,7816.860000000001
3960,12619.21,42545.25,16745.260000000002,11954.82,7981.450000000001
3961,12973.150000000001,44166.56,17984.239999999998,12003.01,8142.68
3962,13000.0,44071.16,17966.17,11751.29,7973.99
3963,12697.69,44103.71,17248.3,11363.550000000001,7802.620000000001
3964,12871.439999999999,45700.36,15584.32,10735.710000000001,7760.3099999999995
3965,13436.980000000001,47978.84,12820.97,10106.68,9003.49
3966,13343.53,50022.45999999999,11010.49,9310.85,12878.01
3967,14647.47,51465.86,11019.8,9010.31,15387.060000000001
3968,16099.779999999999,54909.840000000004,11067.9,8658.96,16223.3
3969,18078.96,56887.11,12000.46,8580.730000000001,15771.8
3970,19535.45,57013.869999999995,11918.15,8599.83,15239.07
3971,19468.78,56982.0,11705.28,8607.140000000001,15040.69
3972,20016.51,54727.61000000001,11214.23,8621.79,14738.599999999999
3973,19525.109999999997,52117.17000000001,10757.439999999999,8523.34,14437.140000000001
3974,17055.800000000003,50973.77999999999,10164.29,8321.07,14128.470000000001
3975,15363.220000000001,49637.97,10858.63,8311.31,12546.61
3976,15791.320000000003,46387.02999999999,11908.42,8349.47,11573.25
3977,15780.609999999999,45312.05999999999,11747.810000000001,8333.41,11408.77
3978,15823.550000000001,45282.270000000004,11296.140000000001,8337.470000000001,11775.699999999999
3979,15493.76,45331.17,11523.259999999998,8516.25,12139.09
3980,14047.289999999999,50025.159999999996,12480.76,9132.560000000001,12261.84
3981,13027.220000000001,54373.97,16289.43,10070.16,12160.82
3982,13835.800000000001,56927.67,18631.190000000002,11142.99,11734.689999999999
3983,14532.31,57536.88999999999,20248.21,11968.76,11741.45
3984,14839.660000000002,58390.12000000001,21973.36,12612.78,11863.810000000001
3985,14851.810000000001,56424.369999999995,23831.309999999998,12964.07,13424.169999999998
3986,15107.19,54417.670000000006,23143.29,12782.58,13769.99
3987,16019.369999999999,57116.600000000006,23529.11,12304.54,13762.92
3988,16644.54,61125.43,22475.739999999998,11402.420000000002,13781.36
3989,18515.03,60954.850000000006,21408.809999999998,10448.11,14466.309999999998
3990,19763.54,59873.119999999995,19195.14,9705.279999999999,15641.98
3991,19368.579999999998,58051.090000000004,17202.47,9162.42,16485.43
3992,18947.309999999998,59743.56,15915.32,8722.390000000001,16844.41
3993,19656.39,62035.52,16570.52,8896.94,16836.15
3994,20808.63,61740.09,16223.07,8717.100000000002,16803.66
3995,21127.89,61193.95,15862.91,8722.720000000001,16466.04
3996,21217.550000000003,58722.369999999995,14558.470000000001,8959.420000000002,15912.27
3997,20073.350000000002,55069.45999999999,13818.79,9009.57,15541.54
3998,18216.06,52011.31,13810.76,8909.019999999999,14625.06
3999,15928.19,50928.41,12722.37,9043.039999999999,14326.670000000002
4000,14689.06,49983.4,12891.98,9054.85,12826.399999999998
4001,14474.53,49090.93,12817.779999999999,9019.26,11994.17
4002,14697.05,48499.52,12860.14,9019.66,11769.58
4003,14769.17,48365.979999999996,12205.57,9229.01,12286.76
4004,14139.370000000003,51081.22000000001,13639.38,9772.380000000001,12250.309999999998
4005,15071.58,53848.52,16803.44,10903.359999999999,12390.09
4006,16005.68,56964.42,17435.62,12020.760000000002,13751.6
4007,16491.829999999998,58228.97,18060.170000000002,12813.789999999999,13504.490000000002
4008,17353.34,57229.55,19045.190000000002,13415.33,13018.84
4009,16899.81,56467.759999999995,20427.77,13606.689999999999,12443.69
4010,16560.5,54278.41,19775.8,12994.57,11936.47
4011,17589.010000000002,54074.46,20402.199999999997,12296.94,12587.09
4012,17903.95,55651.060000000005,20797.7,11807.83,13481.98
4013,18430.510000000002,56459.86,18741.31,11582.01,15435.07
4014,19355.65,56847.61,18299.41,11219.939999999999,15378.939999999999
4015,18914.420000000002,54805.98,16963.77,10994.81,15748.75
4016,18669.09,55707.60999999999,16931.350000000002,10586.83,16192.74
4017,21317.21,57480.060000000005,16413.17,10557.990000000002,16001.68
4018,21425.43,57410.689999999995,16182.1,10658.02,15871.63
4019,22122.16,56519.21,15356.22,10735.57,15827.09
4020,21739.98,55174.69,14216.72,10679.420000000002,15093.55
4021,20605.4,51891.53999999999,13655.64,10635.490000000002,14288.69
4022,18231.62,49335.43,12613.099999999999,10337.349999999999,14232.55
4023,15895.61,47759.649999999994,13088.92,10232.929999999998,12973.220000000001
4024,14932.96,45224.159999999996,13647.42,10243.449999999999,12473.98
4025,13692.420000000002,45028.28999999999,13488.46,10220.74,12174.64
4026,13620.45,44191.1,13843.73,10219.92,12266.75
4027,13364.45,43975.18,14271.34,10308.94,12236.43
4028,13237.950000000003,48037.48000000001,12485.82,10436.539999999999,12479.89
4029,13088.849999999999,53947.880000000005,13464.07,10405.92,10266.91
4030,14038.47,56055.82000000001,15446.49,10970.41,8101.2300000000005
4031,13854.279999999999,55136.87,17462.61,11599.55,7814.960000000001
4032,14137.59,54428.58,19278.29,12191.25,7415.91
4033,14508.220000000001,52992.06,19879.72,12320.61,7279.959999999999
4034,14543.21,51582.3,18282.45,12068.449999999999,7221.7300000000005
4035,15202.470000000001,53129.130000000005,18848.69,11907.529999999999,8121.710000000001
4036,15135.64,53429.3,17943.08,11481.720000000001,11156.25
4037,15201.779999999999,55734.46000000001,16815.84,10861.34,11750.399999999998
4038,15963.8,56377.6,14809.240000000002,10494.369999999999,13478.07
4039,16968.3,55772.41,12522.99,10494.51,14296.86
4040,17252.19,57063.55,12008.720000000001,10443.38,15299.76
4041,18979.85,58523.740000000005,11935.1,10407.130000000001,15414.529999999999
4042,19543.010000000002,58334.77,11155.32,10425.310000000001,15671.21
4043,19566.15,57491.31999999999,10148.19,10411.75,15778.71
4044,19307.48,55210.08,9383.08,10376.780000000002,15037.39
4045,17207.33,52373.200000000004,9068.41,10362.420000000002,14169.94
4046,15118.779999999999,50139.15,8601.24,10136.14,13514.7
4047,13690.58,47983.29,7693.84,10121.14,13591.18
4048,12344.769999999999,47130.20999999999,7657.800000000001,10198.069999999998,12770.67
4049,12295.769999999999,46718.98999999999,7845.58,10202.3,11539.03
4050,12000.34,46324.57,8490.560000000001,10202.09,11390.079999999998
4051,12147.94,46764.86,8586.56,10324.5,10758.02
4052,11931.220000000001,52213.18,10076.52,10518.650000000001,8086.349999999999
4053,11692.95,56674.45999999999,12881.11,10439.13,7605.91
4054,12742.47,58095.21,13989.849999999999,11116.52,7527.49
4055,13696.8,56792.39,15044.439999999999,11715.160000000002,7373.61
4056,14355.13,56517.37,16037.829999999998,11967.68,7241.8099999999995
4057,15056.48,54599.520000000004,17101.21,12220.45,7406.56
4058,15424.369999999999,52653.92999999999,17030.11,12197.4,7666.89
4059,15965.48,53168.75,18100.47,11971.72,8153.549999999999
4060,16710.33,53276.34,17428.27,11483.01,10762.58
4061,16408.420000000002,53704.26,17148.989999999998,10965.529999999999,12844.02
4062,16077.97,56338.83,14792.990000000002,10676.75,14319.42
4063,16355.970000000001,55773.66,12899.58,10726.21,15390.39
4064,16577.82,56465.380000000005,12775.310000000001,10658.75,16093.519999999999
4065,17499.769999999997,58282.47,13967.359999999999,10542.18,15753.9
4066,19406.23,58265.719999999994,12594.849999999999,10535.0,15317.349999999999
4067,19763.46,57531.40000000001,12111.17,10551.990000000002,14991.32
4068,19533.08,55628.76,11330.35,10515.54,14148.52
4069,17798.05,54285.97,10224.039999999999,10473.960000000001,12242.14
4070,16133.169999999998,52801.490000000005,8597.87,10191.47,10925.89
4071,12686.53,52144.630000000005,7609.92,10186.329999999998,10953.099999999999
4072,12018.390000000001,50574.92,6904.03,10175.57,10716.02
4073,11841.35,49359.0,6755.76,10178.19,10455.45
4074,11663.509999999998,49123.57000000001,6800.49,10166.18,10585.3
4075,11618.77,48096.81,7853.200000000001,10268.699999999999,11044.970000000001
4076,11385.32,50842.78,11105.0,10019.74,10689.449999999999
4077,12367.919999999998,53093.91,14490.25,10113.79,10314.220000000001
4078,13664.58,55957.14,16168.51,10762.03,9107.310000000001
4079,14929.159999999998,56211.729999999996,17665.51,11497.44,7981.2699999999995
4080,15766.220000000001,54894.100000000006,19073.620000000003,12108.45,8011.21
4081,16163.429999999998,53837.079999999994,19695.96,12438.37,7828.33
4082,16214.250000000002,52778.06999999999,19647.15,12501.17,7718.08
4083,17005.92,53244.200000000004,19976.65,12284.199999999999,8149.299999999999
4084,19036.21,53019.55,17662.91,11782.529999999999,9631.68
4085,19808.719999999998,52510.479999999996,15747.279999999999,11342.810000000001,11635.08
4086,20563.269999999997,53444.16,13567.6,10620.32,12243.33
4087,21331.86,53825.42,11670.039999999999,10026.93,13946.060000000001
4088,22989.46,55511.71000000001,10308.24,9644.9,14919.34
4089,24259.6,57195.84999999999,10451.1,9557.66,15029.82
4090,24349.86,56806.97,9318.310000000001,9579.37,15261.58
4091,24442.299999999996,56178.94,8254.24,9648.710000000001,15320.029999999999
4092,23898.58,55423.16,7725.76,10018.740000000002,13898.57
4093,22397.77,54854.51,7197.27,10432.800000000001,11698.470000000001
4094,19159.51,54125.93999999999,6953.950000000001,10215.2,10524.69
4095,17164.65,52547.060000000005,6697.17,10196.079999999998,9895.3
4096,14949.3,52091.990000000005,6699.9,10040.99,9256.349999999999
4097,13592.320000000002,51474.030000000006,6685.639999999999,9991.119999999999,9003.93
4098,13021.529999999999,51174.93,6709.459999999999,10034.99,8691.37
4099,12066.85,50650.43,7146.360000000001,10204.09,7968.66
4100,12178.68,50095.82000000001,10614.38,10012.45,6658.98
4101,12116.05,50533.59999999999,12837.54,10264.48,6661.6
4102,12590.810000000001,50628.35,14026.82,11094.24,6510.25
4103,13337.21,49676.310000000005,16392.12,11846.07,6604.62
4104,14015.84,48021.57,18177.0,12285.93,6855.5
4105,14308.95,46557.71,18487.3,12363.05,6916.950000000001
4106,14330.789999999999,45279.39,18068.190000000002,12353.48,6859.51
4107,14999.89,44713.74,18066.54,11977.97,6735.76
4108,15426.689999999999,44277.97,17811.6,11487.58,7588.03
4109,15830.83,42108.479999999996,18111.690000000002,10998.51,9326.28
4110,17663.09,44667.89,14355.48,10738.61,11678.380000000001
4111,19737.940000000002,50238.85,10412.64,10110.47,13417.84
4112,23185.46,52500.649999999994,9239.310000000001,9677.48,14787.26
4113,23869.21,54839.100000000006,10064.720000000001,9599.490000000002,15674.21
4114,23840.88,55060.399999999994,9627.95,9511.390000000001,15139.6
4115,22443.96,55106.39,8380.59,9539.390000000001,15006.380000000001
4116,21283.11,55408.23,7747.75,9571.810000000001,13408.59
4117,19916.620000000003,54237.03,7328.3099999999995,9557.43,12705.28
4118,19027.66,52075.079999999994,6856.9400000000005,9422.279999999999,11525.21
4119,17735.82,50204.45,6532.47,9341.699999999999,10865.66
4120,16270.21,49758.51,6711.549999999999,9320.199999999999,9049.89
4121,15713.099999999999,48022.4,6795.6,9248.63,8880.3
4122,15501.109999999999,46738.38,6764.96,9254.69,8928.18
4123,13516.430000000002,45425.12,6977.0199999999995,9375.77,8810.59
4124,11380.47,43986.93,10168.58,9394.0,8916.98
4125,10852.249999999998,41482.64000000001,12035.84,9956.970000000001,9171.859999999999
4126,11706.72,39997.42,14215.8,10786.86,7456.01
4127,12743.66,39331.15,15872.09,11643.529999999999,6571.74
4128,13106.2,39987.490000000005,17121.03,12444.96,6674.88
4129,13087.989999999998,41121.89,18217.75,12637.09,6966.39
4130,13135.6,41404.36,18462.21,12563.52,6845.07
4131,12778.99,41316.95,18287.12,12175.3,6604.5599999999995
4132,12255.31,42217.7,18281.39,11515.550000000001,6595.75
4133,11850.67,43883.81,17947.37,10880.910000000002,8148.08
4134,13287.1,46879.270000000004,15936.359999999999,10631.48,9799.64
4135,15575.12,51025.53,12050.31,9880.88,12696.04
4136,18685.36,54282.759999999995,9272.08,9374.4,13860.509999999998
4137,20778.579999999998,56373.630000000005,10375.66,9355.980000000001,13817.28
4138,21572.489999999998,55657.77,10549.49,9373.660000000002,13864.18
4139,21208.29,55232.78999999999,10637.03,9351.77,13994.82
4140,20412.15,54830.53,10542.23,9232.87,13602.75
4141,19521.42,52644.520000000004,10399.16,9258.920000000002,13163.46
4142,17009.7,51115.3,10611.29,9179.029999999999,12117.880000000001
4143,14286.399999999998,49691.840000000004,11081.960000000001,9060.359999999999,11514.65
4144,13074.140000000001,47478.73,11519.730000000001,9084.519999999999,11216.23
4145,12980.0,46571.93000000001,11033.68,9100.08,10751.18
4146,12777.220000000001,47167.979999999996,10570.17,8955.6,10486.01
4147,12207.4,48258.420000000006,9328.77,9258.94,10602.84
4148,11264.800000000001,49546.35,11703.490000000002,10051.04,10189.740000000002
4149,11666.94,51559.82,14333.41,10967.490000000002,10198.44
4150,12089.11,53203.11,16838.59,11811.53,10812.759999999998
4151,12551.87,52881.950000000004,18487.28,12559.25,11407.95
4152,13507.79,50148.38999999999,21690.739999999998,13212.390000000001,11736.94
4153,13759.490000000002,50630.990000000005,23932.22,13620.39,10991.04
4154,13495.67,50200.59,23664.34,13705.56,10842.69
4155,13963.06,51906.340000000004,22988.35,13255.55,12177.61
4156,14712.759999999998,51924.24,21968.89,12698.08,13510.28
4157,15230.960000000001,52074.8,21737.66,12022.010000000002,13427.95
4158,16489.22,51883.270000000004,21517.34,11499.81,13101.810000000001
4159,17332.38,52590.61,17636.64,11006.9,14258.11
4160,19468.42,53320.649999999994,14346.75,10357.06,15938.300000000001
4161,22866.58,54428.34,14243.88,10252.87,16771.55
4162,23420.76,53876.08,14618.11,10226.52,16499.51
4163,23739.809999999994,52964.270000000004,15091.44,10216.67,16815.31
4164,22458.15,52218.560000000005,15360.03,10178.36,16792.39
4165,20359.38,50568.81,14454.86,10016.220000000001,16244.91
4166,20081.230000000003,47013.45,13811.44,9825.399999999998,15231.489999999998
4167,19293.99,44946.54,12574.83,9694.31,14039.920000000002
4168,18839.07,42671.189999999995,13146.9,9700.38,12938.85
4169,18319.73,42132.490000000005,12557.92,9676.449999999999,12479.3
4170,16786.38,43490.64,11598.16,9685.000000000002,12333.65
4171,15303.16,43925.81999999999,11663.789999999999,9695.77,12519.91
4172,13383.310000000001,45431.26000000001,14432.16,10108.380000000001,12096.4
4173,13266.48,49019.130000000005,17905.81,11021.61,9368.74
4174,14090.539999999999,53013.18,18634.79,11999.390000000001,8874.98
4175,14923.420000000002,53402.509999999995,19262.550000000003,12688.329999999998,9103.83
4176,15765.17,53491.52,20415.300000000003,13331.580000000002,9142.6
4177,16230.020000000002,53648.37,21341.39,13709.05,9245.46
4178,15906.1,52563.43,21499.17,13775.55,9868.16
4179,15571.16,52626.04999999999,21163.61,13500.609999999999,11819.039999999999
4180,15334.060000000001,53757.44,20638.79,13376.9,12508.34
4181,16207.56,55631.2,19589.22,12570.5,12030.89
4182,17360.79,56010.97,18685.44,12333.869999999999,11923.310000000001
4183,19235.27,56941.7,14289.3,11738.819999999998,12482.45
4184,21617.27,57831.3,11113.86,11142.640000000001,14030.3
4185,21923.789999999997,58611.42,12685.39,11031.960000000001,15552.519999999999
4186,21983.81,59373.850000000006,12099.849999999999,11063.62,15666.0
4187,22093.75,59206.18999999999,12276.5,11075.330000000002,15617.12
4188,22292.640000000003,58073.36,12150.86,11053.86,15031.399999999998
4189,21635.88,56542.78,10511.4,11013.44,14724.259999999998
4190,20072.59,54388.03,9367.07,10913.14,14023.060000000001
4191,16308.08,53532.33,9015.99,10891.689999999999,13873.26
4192,15353.869999999999,52138.44,8308.810000000001,10873.999999999998,13081.970000000001
4193,14862.75,51398.93,7836.2,10828.06,12140.210000000001
4194,14299.890000000003,50859.49,7498.16,10818.29,11830.84
4195,13110.869999999999,50138.92,7093.799999999999,10709.94,11886.75
4196,12422.070000000002,49170.67,11592.329999999998,9795.369999999999,10665.83
4197,12607.9,50182.229999999996,14225.57,10461.0,9891.19
4198,11937.5,51989.94,15761.18,11505.54,9102.849999999999
4199,12266.390000000001,49962.58000000001,17433.48,12451.31,8960.73
4200,12751.15,50382.69,18675.95,13155.529999999999,7397.2
4201,12893.51,51557.85,19916.370000000003,13494.320000000002,6570.07
4202,12921.720000000001,50693.68,20037.19,13499.29,6518.0
4203,12954.89,50992.72,19694.42,13102.949999999999,6394.389999999999
4204,12771.06,51459.6,19087.88,12443.13,7402.66
4205,13432.279999999999,51046.65,19492.44,11679.41,8501.54
4206,15619.19,49235.29999999999,18715.33,11320.75,10557.6
4207,19004.63,51092.85,14591.220000000001,11041.79,12463.04
4208,20804.52,55734.87999999999,12705.54,10717.519999999999,12857.800000000001
4209,21384.739999999998,58577.36,13367.04,10647.29,13917.619999999999
4210,19562.690000000002,57220.48,12650.73,10667.460000000001,13350.43
4211,18184.48,53968.05,10376.99,10671.260000000002,13311.07
4212,17225.140000000003,52609.59999999999,8552.45,10660.260000000002,11868.300000000001
4213,15601.970000000001,52512.96000000001,7954.66,10645.16,11149.57
4214,14657.27,52919.88,7779.91,9928.849999999999,11036.31
4215,14225.279999999999,54249.53,7607.83,8746.99,11780.73
4216,14118.390000000001,53755.280000000006,7441.6900000000005,8685.929999999998,12095.93
4217,13554.830000000002,52970.95999999999,7133.08,8684.17,11907.68
4218,13790.019999999999,52084.6,7018.4400000000005,8699.539999999999,10587.99
4219,12474.74,51129.68,7398.889999999999,8958.14,8577.970000000001
4220,12105.99,45613.54,11371.68,9677.14,7878.610000000001
4221,10870.15,43158.19,13520.91,10529.08,7761.910000000001
4222,10522.68,40897.770000000004,14995.09,11555.51,6891.47
4223,11475.25,38804.20999999999,16544.77,12560.73,5325.719999999999
4224,11780.54,38613.94,17610.71,13185.189999999999,5253.64
4225,11876.64,39223.93,17849.92,13496.48,5351.07
4226,11698.02,38611.77,17555.96,13458.659999999998,5309.28
4227,11441.66,37742.23,17157.420000000002,12942.420000000002,5252.77
4228,11348.92,38360.600000000006,16406.47,12113.09,5225.52
4229,11068.089999999998,40591.38,15152.57,11298.51,5080.44
4230,12404.939999999999,43057.020000000004,14861.55,10979.7,5648.96
4231,14976.060000000001,45194.229999999996,12554.11,10717.740000000002,8874.89
4232,17805.0,49172.51,9553.05,10349.7,12088.3
4233,20018.969999999998,51466.420000000006,11461.11,10365.440000000002,13351.82
4234,21008.589999999997,52314.240000000005,11894.89,10549.91,13738.9
4235,21290.65,53380.95999999999,11877.0,10567.380000000001,13691.029999999999
4236,20902.170000000002,54083.700000000004,11103.79,10576.19,13678.810000000001
4237,20876.989999999998,53451.95999999999,9047.68,10421.810000000001,13323.099999999999
4238,18714.0,52578.659999999996,8059.01,9861.97,12984.47
4239,16323.529999999999,52536.11,7809.72,8878.989999999998,12872.45
4240,13441.58,52726.43000000001,7920.9800000000005,8780.33,12750.58
4241,12736.79,51997.92,7365.1,8762.769999999999,12740.720000000001
4242,12547.909999999998,51167.310000000005,7446.62,8778.160000000002,12467.560000000001
4243,12556.55,49802.62,7799.129999999999,9005.66,12084.539999999999
4244,12062.669999999998,48334.14,12118.41,9677.449999999999,9962.300000000001
4245,12849.27,47266.869999999995,15205.45,10795.48,9744.98
4246,13473.14,47973.96000000001,17075.87,11836.109999999999,9484.08
4247,14033.56,49171.42,18816.25,12710.28,8195.720000000001
4248,14703.119999999999,50552.96,20718.68,13248.990000000002,6517.9
4249,15058.899999999998,51911.31999999999,22022.5,13477.929999999998,6182.43
4250,15208.869999999999,53010.91,22601.27,13371.029999999999,6181.0599999999995
4251,15863.66,53952.369999999995,22406.1,12952.0,6475.610000000001
4252,16664.53,52556.79000000001,22678.7,12335.62,7508.450000000001
4253,17837.63,52198.0,22308.28,11534.04,8660.84
4254,18531.64,53185.89,20965.34,11088.140000000001,10149.65
4255,20075.569999999996,52656.61,17611.5,10420.310000000001,12780.4
4256,21463.79,52374.490000000005,15965.98,9998.19,14589.2
4257,22095.050000000003,55843.37,15731.380000000001,9878.26,15906.279999999999
4258,22320.95,56649.11,15591.510000000002,9886.58,15693.369999999999
4259,23049.259999999995,56737.63,15636.11,9924.230000000001,15174.09
4260,23887.260000000002,55439.05,15314.85,9922.010000000002,14270.35
4261,23199.63,53839.21000000001,14893.81,9795.57,13813.27
4262,20529.53,53172.15,13840.18,9388.64,13788.19
4263,18060.89,52610.490000000005,13194.2,8804.739999999998,13749.5
4264,16033.59,52635.850000000006,12010.470000000001,8663.08,13681.12
4265,15511.85,52227.32000000001,10247.63,8653.429999999998,13773.55
4266,15154.95,50792.259999999995,10603.01,8643.630000000001,13594.96
4267,14785.72,49393.78999999999,10667.72,8868.78,12742.070000000002
4268,14283.4,48383.850000000006,12469.4,9618.230000000001,11464.02
4269,14387.689999999999,49083.37,15536.63,10548.9,9296.47
4270,13842.48,49483.39,17704.199999999997,11559.869999999999,8022.219999999999
4271,14188.93,49318.229999999996,19497.89,12495.6,6703.87
4272,15027.88,49134.45,20438.23,13148.46,6807.86
4273,15511.880000000001,49810.08,21231.2,13510.69,6935.35
4274,15213.51,49480.25,21789.35,13521.95,7086.889999999999
4275,14663.62,48971.35,21684.7,13120.84,8442.6
4276,14325.04,48474.280000000006,20611.17,12427.72,10364.42
4277,17016.24,50375.56,16027.96,11542.61,11866.47
4278,18950.9,51254.020000000004,14378.86,10483.409999999998,11917.13
4279,21157.1,50145.59,14518.510000000002,9348.72,14455.350000000002
4280,22615.19,51899.67,14223.04,8803.169999999998,16348.15
4281,23901.35,55579.58,14612.84,8665.59,16468.18
4282,24298.1,56288.95,14320.06,8663.91,16151.29
4283,24583.4,56441.229999999996,13411.24,8543.67,15897.36
4284,24409.63,54842.82,13441.080000000002,8479.36,15518.95
4285,23510.11,52932.799999999996,13094.579999999998,8644.66,14962.98
4286,22492.04,51460.45999999999,11828.350000000002,8939.399999999998,14211.7
4287,19853.73,51557.58,10601.31,9111.779999999999,13803.32
4288,17751.73,51203.079999999994,9861.45,9105.319999999998,13723.63
4289,16123.970000000001,50648.2,9387.189999999999,9102.13,13711.41
4290,15664.4,48869.99,9478.779999999999,9100.61,13761.949999999999
4291,14241.31,47215.96,9700.85,9324.73,13502.109999999999
4292,13158.88,46419.95,11572.300000000001,9707.61,11696.849999999999
4293,13019.529999999999,45098.490000000005,14828.49,10267.86,9273.119999999999
4294,13175.359999999999,43633.520000000004,16572.46,11367.460000000001,8107.52
4295,14149.61,42856.35,17800.7,12399.26,6754.9400000000005
4296,14725.190000000002,43111.58,18549.83,13115.17,6460.48
4297,14724.75,44704.17,19610.12,13432.17,6411.1
4298,14108.08,45490.78,20404.03,13334.87,6272.79
4299,13445.14,45249.95,19945.35,12813.73,6684.9400000000005
4300,13575.189999999999,45027.740000000005,19747.13,11843.869999999999,8103.83
4301,13928.73,45849.7,19226.25,10731.690000000002,10001.2
4302,16191.150000000001,46127.85,17764.78,9905.939999999999,10846.69
4303,19450.52,48412.23,14797.130000000001,9037.59,12746.52
4304,21795.87,50328.54,13726.849999999999,8424.92,14858.18
4305,23850.74,52637.93,13780.93,8303.45,15596.75
4306,24663.88,53800.95,13059.98,8309.720000000001,15544.330000000002
4307,25547.0,54415.009999999995,12218.91,8182.47,15230.49
4308,25504.3,52554.479999999996,13712.6,8117.85,15271.36
4309,24226.46,50566.88,13851.72,8133.079999999999,15086.43
4310,22452.96,48730.65,13674.85,8176.18,14728.44
4311,20081.51,47529.11,13389.7,8119.32,14809.0
4312,17973.04,46090.79,13921.52,8102.97,14786.06
4313,16926.840000000004,45008.06,13856.78,8157.06,14788.970000000001
4314,16568.41,44090.030000000006,13852.470000000001,8306.89,14788.95
4315,16167.889999999998,44249.59,12873.14,8627.81,14552.630000000001
4316,14783.47,46564.079999999994,13304.869999999999,9403.88,13404.04
4317,13762.08,49332.24,16040.91,10533.439999999999,11475.95
4318,13916.0,51162.69,17728.46,11991.47,11291.07
4319,14157.130000000001,51955.08,19070.5,13500.68,10464.15
4320,14497.900000000001,52262.33,19926.46,14532.79,10083.15
4321,14775.02,53209.76,20347.37,14724.080000000002,9919.06
4322,14954.749999999998,52797.049999999996,20512.81,14669.59,10161.82
4323,14884.179999999998,53391.47,21269.690000000002,14283.85,11226.32
4324,14812.07,54156.26999999999,21939.58,13706.0,12211.369999999999
4325,15982.939999999999,54004.369999999995,21189.739999999998,12641.27,14271.960000000001
4326,18153.66,53032.8,21209.019999999997,11752.070000000002,15394.739999999998
4327,22047.59,50740.780000000006,19277.68,11299.56,15298.029999999999
4328,23796.49,50992.29,16303.42,10742.33,15549.71
4329,24411.28,55540.39,14388.83,10855.5,15712.04
4330,25691.14,57538.10999999999,12851.529999999999,10668.390000000001,15805.32
4331,25764.15,57974.42,12810.35,10577.77,15865.099999999999
4332,25952.550000000003,55837.55,12714.650000000001,10571.18,15836.66
4333,25483.52,51324.08,12627.17,10483.210000000001,16074.85
4334,23012.309999999998,48151.97,12144.2,9585.189999999999,16521.38
4335,22027.47,45503.520000000004,12418.02,9275.369999999999,16610.11
4336,19497.45,43119.020000000004,14088.45,9274.509999999998,16624.62
4337,17476.55,41276.39,15629.810000000001,9261.31,16719.38
4338,16563.499999999996,41538.57,15012.329999999998,9238.119999999999,16728.73
4339,16176.59,41485.25,13810.84,9379.6,16671.34
4340,15380.42,43276.75,14208.810000000001,9981.39,14696.419999999998
4341,14904.940000000002,47338.130000000005,15709.86,10854.970000000001,12426.45
4342,15239.070000000002,48843.02,17356.050000000003,11923.84,12345.6
4343,16042.56,48379.53,18971.8,12785.179999999998,11234.84
4344,16245.949999999999,49483.78,20631.07,13291.789999999999,10130.25
4345,16657.579999999998,51834.6,21333.86,13624.789999999999,9734.6
4346,16937.16,52271.39000000001,21282.37,13593.650000000001,9657.699999999999
4347,17144.11,54021.06,19820.12,13065.330000000002,10705.61
4348,16840.99,55242.98,17335.75,12439.03,13725.14
4349,16806.32,54280.47,16702.16,11318.910000000002,16357.33
4350,19519.170000000002,53765.89000000001,14685.26,10622.84,17158.28
4351,21804.730000000003,52066.5,12735.73,9927.88,18000.7
4352,23087.11,53063.270000000004,12949.009999999998,9342.73,17188.75
4353,26184.87,55579.130000000005,13147.42,9209.560000000001,16781.31
4354,26882.68,55990.84,13054.47,9226.140000000001,16821.72
4355,27130.429999999997,55984.67999999999,12797.820000000002,9210.0,16938.56
4356,27235.289999999997,54444.64,12631.48,9201.490000000002,17082.77
4357,26907.199999999997,51744.27,11834.78,9191.820000000002,17159.64
4358,25728.19,49923.060000000005,9966.45,8925.06,17023.06
4359,24356.88,46535.06999999999,11126.47,8769.449999999999,15799.39
4360,21383.42,45569.060000000005,11516.220000000001,8775.019999999999,15450.47
4361,18796.82,45311.53999999999,11199.41,8759.119999999999,15575.739999999998
4362,18032.350000000002,44855.26999999999,10846.119999999999,8739.740000000002,15756.05
4363,16563.48,44407.35,10526.41,8933.92,15633.55
4364,14502.0,45837.94,11341.37,9609.949999999999,14050.649999999998
4365,13976.300000000001,48269.1,14996.95,10405.36,11232.25
4366,14472.77,50282.55,16890.940000000002,11397.63,10327.5
4367,14979.439999999999,49565.88,18927.71,12234.0,9724.07
4368,15552.629999999997,49209.93,20187.0,12950.31,8013.360000000001
4369,15319.070000000002,50436.19,20752.699999999997,13081.07,6572.27
4370,15102.180000000002,49464.98,20651.370000000003,13007.86,6715.6
4371,14955.170000000002,47073.74,21066.9,12749.73,7547.94
4372,14766.300000000001,44003.03,20285.14,12072.900000000001,10044.8
4373,16083.029999999999,43056.48,17575.28,11227.289999999999,12234.88
4374,19160.260000000002,46438.92,15109.63,10341.66,12193.05
4375,22763.68,47394.159999999996,14418.259999999998,9346.46,13199.65
4376,25719.869999999995,49055.88,13601.25,8765.12,14329.7
4377,27493.450000000004,50772.68,14868.970000000001,8621.350000000002,15569.150000000001
4378,27552.540000000005,49357.990000000005,14137.11,8615.800000000001,15464.7
4379,26522.22,46939.45,12899.42,8609.150000000001,14344.259999999998
4380,23751.940000000002,45741.5,10848.73,8660.39,13802.71
4381,23109.08,42591.27,10111.11,8751.18,13283.829999999998
4382,14113.160000000002,46000.6,7855.75,9250.83,10065.71
4383,13979.31,47550.76,7733.9,9182.199999999999,9437.28
4384,13738.71,47732.58,7615.53,9069.49,9555.19
4385,13368.24,46816.41,7485.82,9000.33,9696.77
4386,13048.779999999999,46891.33,7296.219999999999,9005.07,8792.14
4387,11906.129999999997,46648.64,7354.370000000001,9078.98,7354.17
4388,10744.07,46193.17,8801.49,9472.019999999999,5719.82
4389,10406.83,44155.88,10484.59,10306.37,5333.0599999999995
4390,10640.69,41003.7,11802.41,11255.17,5635.87
4391,11487.26,38629.479999999996,13213.46,12095.04,5911.32
4392,12120.33,38206.62,14080.05,12653.3,6242.76
4393,12320.33,38979.56,14386.420000000002,12805.25,6348.29
4394,12134.11,38826.56,14238.710000000001,12630.710000000001,6247.24
4395,11656.879999999997,38908.17,14351.199999999999,11906.529999999999,6028.039999999999
4396,11404.71,40561.74,14151.17,11108.97,5808.59
4397,11121.15,43477.100000000006,14003.98,10560.1,5827.0
4398,11582.9,45051.11,13147.099999999999,10040.449999999999,8067.4400000000005
4399,14030.759999999998,44774.71,11318.84,9544.16,11023.15
4400,17071.95,47154.81,9745.32,9683.310000000001,12633.84
4401,19681.600000000002,50999.73,9713.53,9684.27,13187.43
4402,21186.409999999996,50532.85999999999,10042.43,9689.660000000002,13199.85
4403,22289.769999999997,49227.63,10053.07,9829.100000000002,13093.3
4404,21816.689999999995,48887.36000000001,9620.41,9910.36,12564.490000000002
4405,20634.020000000004,47462.64,9144.2,9856.56,12147.15
4406,18066.06,46558.509999999995,9022.98,9816.050000000001,11633.3
4407,14751.36,46466.28,9108.21,9802.08,11157.5
4408,12521.029999999999,46929.31,9079.039999999999,9794.17,10516.39
4409,11586.92,46287.22,8951.77,9825.039999999999,10535.529999999999
4410,11971.100000000002,45480.13,8685.85,9846.55,10480.380000000001
4411,11035.37,45981.46,8877.73,10017.08,10450.689999999999
4412,10131.03,48849.16,9585.279999999999,10539.54,9963.02
4413,10152.34,51716.909999999996,11819.43,11296.570000000002,10467.369999999999
4414,11116.86,52173.99,14735.16,12194.770000000002,10231.4
4415,12219.16,51065.979999999996,16452.96,12861.11,10694.63
4416,12844.27,51780.97,18105.41,13441.15,11071.34
4417,13356.04,51713.6,18992.440000000002,13801.859999999999,11618.69
4418,13658.579999999998,50321.11,19290.17,13554.789999999999,12269.55
4419,14120.64,51708.2,19031.25,13021.189999999999,13118.920000000002
4420,15573.89,52455.37,19573.05,12824.91,12893.02
4421,16444.34,52566.59,20157.07,12169.16,12298.23
4422,18138.070000000003,52343.75,19684.46,11412.9,12127.83
4423,21748.359999999997,50956.590000000004,15286.869999999999,10655.310000000001,12805.7
4424,24792.5,49784.909999999996,13580.61,10250.28,13249.869999999999
4425,27224.559999999998,52643.1,13714.810000000001,10118.380000000001,13756.9
4426,27652.909999999996,53962.54,12910.19,10114.640000000001,13797.060000000001
4427,27273.739999999998,54237.04,12697.5,10120.66,13689.35
4428,26373.17,53608.899999999994,11638.49,10099.84,13272.46
4429,25468.91,50952.37,11044.51,10073.839999999998,12648.009999999998
4430,24251.81,48450.97,9876.4,9998.58,12046.3
4431,22280.71,47633.97,8739.95,10024.26,11571.01
4432,19408.850000000002,47496.39000000001,8478.58,10071.42,11495.220000000001
4433,18057.45,47198.34,8329.099999999999,10090.82,11347.140000000001
4434,18134.7,46601.97,8178.84,10068.4,11146.2
4435,17080.82,46423.59,8464.04,10206.130000000001,11117.79
4436,14772.649999999998,47027.14,10672.130000000001,10663.01,11686.03
4437,12167.57,50520.28999999999,14093.62,11442.45,11741.42
4438,12504.23,52553.43,15974.6,12277.730000000001,11987.300000000001
4439,13226.73,52384.32000000001,17950.17,13025.67,11522.68
4440,13932.87,51825.15,19415.81,13557.759999999998,11799.59
4441,15046.6,50370.22,20581.29,13754.57,12050.07
4442,15923.42,48181.84,20824.84,13516.91,12994.39
4443,17889.350000000002,48891.43,20320.93,13114.359999999999,13580.4
4444,19153.87,51663.84999999999,19131.08,12504.550000000001,13706.650000000001
4445,20276.16,51926.380000000005,18654.57,11599.6,13301.99
4446,22313.82,51749.380000000005,16300.05,10753.96,13868.57
4447,23440.519999999997,51463.05,14069.41,10124.57,14081.619999999999
4448,24085.78,52815.69,12744.720000000001,9789.94,13567.49
4449,25917.399999999998,54982.1,13377.100000000002,9854.650000000001,13358.09
4450,26358.459999999995,55980.159999999996,13690.99,9931.550000000001,13099.66
4451,25998.55,56040.1,13503.289999999999,9956.550000000001,12791.630000000001
4452,25551.829999999998,55327.979999999996,13112.64,9974.130000000001,12293.97
4453,25003.64,52619.33,12384.919999999998,9974.63,12038.58
4454,24459.219999999994,49780.77,11330.689999999999,9924.949999999999,11506.5
4455,22975.870000000003,47895.33,10726.369999999999,9591.699999999999,11030.859999999999
4456,21797.110000000004,46402.43000000001,10050.970000000001,9551.71,10922.72
4457,20934.83,45606.270000000004,9560.25,9552.429999999998,10832.2
4458,20932.77,44305.9,9382.5,9556.29,10963.16
4459,20955.07,41920.590000000004,9553.82,9712.739999999998,10992.0
4460,19349.41,41407.490000000005,10568.009999999998,10247.91,11410.5
4461,15302.58,44815.51999999999,12675.1,11015.83,11844.5
4462,13012.42,46716.99,14760.0,11495.06,11930.38
4463,13604.300000000001,47501.14,17014.97,11962.14,10766.619999999999
4464,14435.279999999999,48311.77,18531.1,12347.359999999999,9487.0
4465,14510.27,48443.530000000006,19484.56,12555.4,9134.72
4466,14433.47,48063.020000000004,19387.08,12443.13,9160.24
4467,14557.2,48539.96,19475.48,11987.47,9744.95
4468,15211.909999999998,48816.98999999999,18339.120000000003,11552.8,10717.130000000001
4469,16206.919999999998,49002.549999999996,16890.55,10753.7,10908.449999999999
4470,18170.309999999998,49913.85,14735.0,10396.63,10780.43
4471,20880.91,50806.600000000006,13278.83,9958.939999999999,11365.32
4472,23792.149999999998,52291.899999999994,12348.080000000002,9712.03,12810.13
4473,25096.58,55641.6,12203.869999999999,9608.710000000001,13416.27
4474,25179.05,55640.19,12550.34,9592.57,13489.720000000001
4475,24556.62,54158.880000000005,12527.359999999999,9589.720000000001,13111.2
4476,22837.030000000002,52735.76,12255.560000000001,9593.67,12714.67
4477,22149.94,50412.09,12119.95,9570.51,12235.15
4478,21075.079999999994,47691.94,11540.460000000001,9583.42,12080.7
4479,20199.699999999997,45213.75,11009.43,9576.93,11651.09
4480,19546.57,44129.09,10753.17,9515.32,10623.199999999999
4481,18908.559999999998,43966.979999999996,10498.720000000001,9515.31,9619.74
4482,18622.41,42708.340000000004,10383.990000000002,9505.56,9729.65
4483,16612.579999999998,41571.74999999999,10550.53,9597.529999999999,9810.79
4484,13561.420000000002,43352.21,10466.07,10125.71,9099.6
4485,11593.01,44004.29,11383.960000000001,10787.78,8638.39
4486,11717.25,42389.020000000004,13922.8,11022.92,8173.4400000000005
4487,12555.65,40756.880000000005,15217.939999999999,11450.36,8244.439999999999
4488,12820.4,41271.64,16179.77,11905.41,8369.55
4489,13155.43,42678.81,16801.370000000003,11823.050000000001,8537.33
4490,13056.650000000001,43243.01,16633.58,11703.349999999999,8554.130000000001
4491,13006.0,43311.34,16383.48,11189.020000000002,8423.43
4492,12968.27,43828.78,16191.52,10720.79,8107.28
4493,13708.45,44488.02,15896.02,10407.72,8381.32
4494,15161.61,45969.69,14839.470000000001,10523.7,8786.67
4495,17570.63,48502.799999999996,12848.84,9957.800000000001,10696.0
4496,21606.769999999997,50660.0,11179.25,9386.49,12560.06
4497,24003.08,52758.4,11581.619999999999,9466.84,12733.54
4498,25338.27,53189.32,11895.720000000001,9617.980000000001,12518.84
4499,25164.36,52149.18,12368.720000000001,9573.15,12458.349999999999
4500,24434.309999999998,51294.170000000006,12375.300000000001,9502.880000000001,12479.099999999999
4501,22384.92,49663.77,12288.710000000001,9488.57,12421.929999999998
4502,21239.309999999998,46420.86,12054.27,9447.710000000001,12359.25
4503,19676.01,44570.03999999999,11727.68,9515.56,12247.289999999999
4504,17983.950000000004,43706.66,11662.740000000002,9513.439999999999,12081.619999999999
4505,16196.23,43680.65,11386.41,9520.63,12349.15
4506,16604.960000000003,43381.13,11232.7,9464.43,12049.33
4507,17492.33,42518.67999999999,11414.7,9445.529999999999,11946.99
4508,17058.05,44476.909999999996,12539.92,9760.460000000001,12199.09
4509,15508.710000000001,49178.82,15705.99,10428.359999999999,12393.539999999999
4510,14857.37,53199.24,18151.1,11013.95,12784.71
4511,14669.330000000002,54459.59999999999,20357.16,11597.480000000001,12812.099999999999
4512,14876.85,55380.72,22891.6,12259.859999999999,12717.960000000001
4513,15098.659999999996,56494.92,23360.54,12614.83,12231.15
4514,15263.260000000002,55878.63,22454.030000000002,12418.69,12052.150000000001
4515,16719.75,56472.45999999999,22347.03,12079.84,13040.26
4516,19085.300000000003,55858.03999999999,21920.91,11575.19,14283.079999999998
4517,22248.18,54450.03,20177.92,10899.95,14974.98
4518,24489.05,54606.83,18297.620000000003,10269.49,14646.029999999999
4519,24112.75,53254.66,16170.34,9559.93,14582.309999999998
4520,24871.02,52576.88,15030.7,9085.300000000001,15325.52
4521,27436.420000000002,54337.270000000004,15748.01,8976.37,15556.73
4522,28495.539999999997,54368.71000000001,16640.08,9033.62,15595.98
4523,29302.960000000003,52819.130000000005,16916.21,9062.59,15669.93
4524,28769.48,50722.22,16137.09,9154.23,15534.880000000001
4525,26202.039999999997,47913.17999999999,15864.84,9171.539999999999,15411.81
4526,24498.75,45202.24,14508.01,9130.910000000002,15050.98
4527,23613.32,42739.66,13691.67,9101.619999999999,14462.349999999999
4528,23526.91,40805.76,12939.14,9094.64,13207.92
4529,22993.739999999998,40462.42,13286.24,9091.15,11963.54
4530,22905.260000000002,40238.98,13076.95,9074.84,11856.5
4531,22861.53,40016.53,13036.67,9123.26,11862.17
4532,22707.4,40014.090000000004,15189.82,9588.51,12029.19
4533,22806.93,43465.09,18062.730000000003,10160.730000000001,12607.01
4534,22336.54,47547.6,20496.63,10878.63,12773.330000000002
4535,22496.68,49544.619999999995,22160.9,11507.119999999999,12153.469999999998
4536,22607.8,51199.14000000001,22434.879999999997,11929.090000000002,12199.990000000002
4537,22473.09,51788.37,22528.11,12141.74,12340.1
4538,22489.85,51757.25,21843.199999999997,11111.85,12415.77
4539,23983.129999999997,52900.90000000001,22249.550000000003,10761.039999999999,12753.81
4540,24473.230000000003,54505.98,21560.02,10330.359999999999,13490.599999999999
4541,23995.05,55835.869999999995,20275.11,9730.31,14084.619999999999
4542,24745.34,56715.28,18561.010000000002,9206.210000000001,14255.66
4543,25173.35,54453.01,16560.39,8707.570000000002,13799.4
4544,25192.48,54345.04000000001,15097.07,8372.34,13542.84
4545,28130.239999999998,55601.39,15332.68,8297.02,13833.61
4546,28584.5,55225.38,16997.39,8293.59,14147.41
4547,28551.6,54555.33,17438.9,8279.79,14479.619999999999
4548,27947.890000000003,52532.57,16828.36,8284.43,14695.82
4549,27243.339999999997,49101.96,16076.61,8242.21,14196.17
4550,25640.439999999995,44965.719999999994,15725.45,8343.509999999998,14297.11
4551,24680.639999999996,41804.240000000005,15661.580000000002,8332.25,13894.82
4552,23509.47,40832.5,14586.38,8341.77,13148.32
4553,22815.049999999996,40655.56,14002.460000000001,8343.46,12696.73
4554,22771.69,40131.95,13851.67,8371.39,12730.7
4555,22962.229999999996,40287.18,13952.169999999998,8477.9,12450.04
4556,22407.43,41828.46000000001,15173.060000000001,9038.83,12818.920000000002
4557,23347.55,45445.240000000005,16520.3,9744.199999999999,13119.17
4558,24371.93,49190.17,17156.99,10361.87,13570.460000000001
4559,23523.71,51971.68,18400.05,10995.7,13085.86
4560,23725.28,53672.96000000001,19500.81,11508.58,13014.21
4561,23815.1,54306.090000000004,20561.62,11751.0,12765.640000000001
4562,22934.49,54069.5,20626.6,11458.58,12840.43
4563,24800.920000000002,55195.310000000005,21596.43,10905.71,12919.34
4564,25363.7,56595.78,22371.920000000002,10524.109999999999,12791.720000000001
4565,25595.550000000003,56919.479999999996,21617.72,10059.499999999998,12904.66
4566,25749.359999999997,56150.520000000004,20341.33,9610.41,13393.86
4567,25775.659999999996,53654.9,18153.0,9149.99,13267.41
4568,26842.29,54189.53,16770.489999999998,8882.880000000001,13015.100000000002
4569,28509.500000000004,55624.69,17095.66,8886.92,13769.4
4570,28905.530000000002,55479.40000000001,17185.190000000002,8932.220000000001,14210.68
4571,28940.27,54589.83,17805.39,8986.8,14209.95
4572,28596.32,51519.81,18273.09,8979.26,13814.65
4573,28066.47,48068.37,16971.04,9001.420000000002,13458.67
4574,26169.3,45166.49,14725.4,8973.27,13192.829999999998
4575,24382.260000000002,43313.53,14001.05,8947.44,12697.009999999998
4576,22803.730000000003,41579.71,13401.900000000001,9014.33,12698.89
4577,21626.23,41279.51,12835.72,9073.150000000001,12685.43
4578,21864.23,41690.770000000004,12047.25,8997.08,12516.16
4579,23092.73,41208.4,11984.93,9041.78,12235.16
4580,23752.55,42111.02,13152.4,9454.51,12340.119999999999
4581,24340.86,46405.67999999999,14892.140000000001,10166.59,12319.21
4582,24730.19,50587.130000000005,15721.609999999999,10806.550000000001,12874.35
4583,24932.71,51756.47,17366.31,11412.880000000001,12846.400000000001
4584,23375.04,52977.310000000005,20212.190000000002,11788.789999999999,12701.45
4585,22783.149999999998,54041.41,20410.25,12116.99,12684.93
4586,21761.48,53269.020000000004,20649.14,12000.380000000001,12360.51
4587,24083.96,54837.22999999999,20786.32,11461.05,12155.31
4588,26576.09,56646.08,19358.64,11105.119999999999,12873.82
4589,27275.6,56224.33,18269.690000000002,10505.869999999999,13634.449999999999
4590,26855.899999999994,55798.75,17773.84,9922.36,13546.71
4591,26314.12,54200.17,16083.38,9466.27,13008.23
4592,27269.870000000003,53202.97,15469.07,9080.27,13228.74
4593,28351.78,54384.85,16727.010000000002,8911.31,14477.539999999999
4594,29590.73,54098.61000000001,16821.39,8923.25,14707.970000000001
4595,29571.879999999997,53172.31,16771.86,8935.02,15206.650000000001
4596,29256.79,49903.049999999996,16711.12,8993.16,15248.34
4597,27386.399999999998,47334.649999999994,16021.96,8999.869999999999,14922.43
4598,25665.61,45194.96,13814.599999999999,8950.150000000001,14360.170000000002
4599,24530.5,42380.64,13091.95,8923.48,12940.400000000001
4600,24028.969999999998,40250.350000000006,12593.279999999999,8892.340000000002,12271.64
4601,23891.73,38903.86,12347.55,8949.720000000001,12343.52
4602,23844.210000000003,38564.75,12110.0,8944.16,12632.02
4603,23694.99,38504.25,12042.64,9050.01,12892.289999999999
4604,23174.549999999996,40841.31,13037.79,9561.230000000001,12815.16
4605,23449.57,45322.75,15216.42,10322.869999999999,12940.96
4606,23443.07,49679.72,17327.5,10982.170000000002,12740.75
4607,21051.52,53387.17,18711.72,11508.27,12205.2
4608,19770.47,58464.490000000005,20245.88,12017.99,10798.99
4609,19415.370000000003,59375.81,21915.22,12285.36,10066.37
4610,18690.709999999995,59356.689999999995,21667.07,12115.039999999999,9368.43
4611,19642.370000000003,59728.27,21553.699999999997,11726.12,10889.8
4612,20457.77,60543.12,20749.0,11431.05,11521.83
4613,23669.76,59025.369999999995,18046.870000000003,10881.99,13003.7
4614,24799.92,55947.83,17600.68,10217.5,13392.25
4615,25860.39,52682.68,16062.580000000002,9761.16,13373.86
4616,28091.25,52493.369999999995,13224.740000000002,9300.460000000001,14106.330000000002
4617,30640.79,51966.99999999999,15381.53,9121.2,14965.74
4618,31983.79,50716.479999999996,15841.56,9087.61,15034.59
4619,32015.31,49422.46,15937.970000000001,9149.220000000001,15046.009999999998
4620,30244.18,47867.66,15799.03,9208.380000000001,14927.27
4621,28568.909999999996,46707.19,14783.67,9173.91,13989.44
4622,25708.67,45378.45,13564.15,9212.95,13588.469999999998
4623,24734.43,42849.41,12833.49,9227.19,12552.01
4624,24651.41,40163.81,12076.68,9230.36,11894.550000000001
4625,23624.7,39119.869999999995,11691.91,9236.75,12163.8
4626,23042.329999999998,38634.85,11442.810000000001,9247.75,12335.500000000002
4627,22072.36,38542.229999999996,11325.19,9339.35,12224.630000000001
4628,20385.99,39706.51,12327.529999999999,9856.849999999999,12325.509999999998
4629,17495.84,41997.36,15211.9,10673.53,12494.93
4630,14215.980000000001,47049.78999999999,17156.73,11507.630000000001,11589.849999999999
4631,13253.05,48921.47,20005.72,12089.41,10971.6
4632,12787.59,51203.42,21192.62,12362.619999999999,9992.630000000001
4633,12888.04,53328.65,22267.78,12635.859999999999,8316.619999999999
4634,13558.599999999999,53463.99,21565.870000000003,12621.289999999999,8268.24
4635,15342.21,51140.92,21035.86,12248.1,9523.46
4636,15790.39,49136.29,21796.18,11523.34,9834.64
4637,15635.570000000002,48991.520000000004,20860.47,11136.630000000001,10396.330000000002
4638,17028.32,48718.759999999995,19033.79,10401.97,12168.359999999999
4639,19782.47,47244.740000000005,17605.32,9718.58,13020.619999999999
4640,22462.089999999997,49254.409999999996,16433.43,9335.17,13696.61
4641,25031.88,50116.69,18175.83,9198.43,13939.55
4642,25726.53,49042.06999999999,18023.54,9269.55,14177.35
4643,24612.43,48246.69,16953.42,9278.86,14068.78
4644,22922.62,47060.060000000005,16414.18,9255.18,13971.93
4645,22793.25,44480.729999999996,15725.759999999998,9295.62,13603.34
4646,22266.460000000003,41233.439999999995,14492.26,9296.15,12977.65
4647,22097.489999999998,38337.6,13780.48,9279.89,12556.14
4648,21942.15,36292.229999999996,13050.42,9279.31,12569.41
4649,21414.24,35467.5,12073.19,9268.800000000001,12722.63
4650,21327.06,35072.03,11343.23,9264.95,12624.83
4651,19643.719999999998,34333.100000000006,11377.119999999999,9364.76,12793.060000000001
4652,17419.73,35141.590000000004,11804.66,9783.66,12078.57
4653,15772.229999999998,36759.62,13332.369999999999,10142.26,11402.37
4654,13694.67,39116.619999999995,16081.74,10513.22,9794.939999999999
4655,11734.210000000001,40864.02,16989.46,10873.240000000002,9023.31
4656,11668.820000000002,41054.62,18410.63,11162.339999999998,8700.0
4657,11829.779999999999,42353.54,19405.01,11329.79,8431.38
4658,12579.35,42882.88,19154.91,11205.130000000001,8048.67
4659,12945.59,42527.71,19366.370000000003,11030.109999999999,7998.84
4660,14957.720000000001,40775.25,18134.41,10735.91,9346.48
4661,15665.6,39622.88,17173.35,10331.359999999999,10478.8
4662,17281.809999999998,37763.899999999994,16762.559999999998,10095.39,11933.980000000001
4663,20067.089999999997,39764.21000000001,15107.36,9597.859999999999,12817.560000000001
4664,21361.15,43492.46,13989.019999999999,9328.27,14089.91
4665,21928.39,46734.05,14903.470000000001,9358.6,14669.660000000002
4666,23483.78,46868.0,15079.21,9366.18,14558.63
4667,23740.48,45029.03999999999,15531.579999999998,9369.43,14649.68
4668,23336.329999999994,43577.990000000005,15144.04,9394.33,14672.02
4669,22610.079999999998,41341.81,14254.3,9393.3,14455.220000000001
4670,23384.899999999998,37885.51,13658.919999999998,9168.42,13410.52
4671,25790.520000000004,34535.78,12169.77,9079.8,12251.64
4672,26669.089999999997,32238.029999999995,11545.01,9076.74,12247.470000000001
4673,25750.66,32485.050000000003,10471.9,9071.28,12426.390000000001
4674,25641.449999999997,33023.13,10169.58,9042.9,12124.3
4675,25775.36,33973.840000000004,10330.36,9077.31,12080.169999999998
4676,25322.230000000003,37031.46000000001,10770.11,9394.74,12469.67
4677,25700.95,41517.16,12936.580000000002,9977.929999999998,13133.75
4678,23554.379999999997,47178.450000000004,15341.06,10542.74,13611.259999999998
4679,21459.82,50782.57,16931.559999999998,11020.8,13084.26
4680,21756.159999999996,52619.16,18590.690000000002,11514.85,13037.46
4681,20769.239999999998,52520.91,20482.33,11634.28,13303.9
4682,21501.829999999998,50601.37999999999,20422.949999999997,11617.49,13606.899999999998
4683,23459.15,53371.270000000004,19725.91,11480.09,14253.609999999999
4684,25361.84,55106.61,18639.83,11197.18,13915.8
4685,28676.39,52549.350000000006,18475.7,10656.22,13564.100000000002
4686,31054.76,51071.020000000004,15967.82,10076.47,14612.7
4687,31857.08,47545.64,13970.130000000001,9505.82,15020.09
4688,31480.989999999998,46763.81,14079.779999999999,9133.12,15325.67
4689,31689.62,48656.670000000006,16566.52,9019.37,16040.67
4690,31632.01,49048.83,17907.510000000002,8945.400000000001,16229.010000000002
4691,31681.16,49232.66,16918.7,8895.0,16376.650000000001
4692,31590.64,45687.86,16131.65,8970.670000000002,16562.04
4693,31088.120000000003,42594.5,14711.45,8958.12,15463.98
4694,28885.730000000003,40582.899999999994,13427.32,9016.58,14031.039999999999
4695,27659.78,38200.45,12964.01,9001.17,13234.030000000002
4696,27222.35,35687.73,12610.59,8995.300000000001,13080.06
4697,26909.82,33520.740000000005,12369.400000000001,9005.92,13029.03
4698,27113.140000000003,33282.16,12295.029999999999,9035.37,12917.51
4699,26295.48,34605.84,12257.91,9080.15,13088.55
4700,24717.92,37883.600000000006,13400.84,9453.4,13500.4
4701,24110.819999999996,42949.3,16305.84,10026.86,14109.880000000001
4702,23881.54,47781.39,17877.760000000002,10584.98,14106.84
4703,22709.079999999998,50579.44,19119.239999999998,10913.640000000001,13658.82
4704,20907.739999999998,53574.98,20221.45,11216.29,12722.2
4705,20481.74,54662.21,20972.15,11339.47,11777.22
4706,20723.01,55006.42,19801.75,11266.42,12028.01
4707,22750.519999999997,55284.27,20210.88,11364.18,13279.13
4708,25057.989999999998,55415.62999999999,19136.67,11203.48,14477.14
4709,27451.64,53957.6,18515.89,10833.72,14560.21
4710,30685.590000000004,50910.560000000005,17586.57,10217.89,14958.980000000001
4711,30665.44,48268.86,15213.470000000001,9680.99,15250.73
4712,30122.74,48813.189999999995,13975.68,9283.869999999999,15368.07
4713,31536.22,50839.44,14628.94,9206.720000000001,16376.829999999998
4714,31970.64,50918.48,14455.15,9205.78,17028.17
4715,31530.17,50541.2,14176.490000000002,9298.09,16816.55
4716,30889.7,48440.799999999996,14403.34,9336.150000000001,15161.16
4717,30438.79,43853.11,13541.23,9120.42,14111.85
4718,28597.75,40722.34,12797.82,8950.84,13476.869999999999
4719,27245.91,38809.45,12484.220000000001,8901.75,12670.17
4720,26577.12,37165.16,12147.380000000001,8871.300000000001,12304.599999999999
4721,25834.76,35575.869999999995,12104.510000000002,8869.9,12021.91
4722,25713.1,36030.950000000004,11733.9,8865.77,12001.05
4723,25390.02,37355.020000000004,11418.61,8858.98,12421.82
4724,25288.73,39336.740000000005,12190.05,9174.050000000001,12817.88
4725,25669.39,44525.44,13801.35,9692.310000000001,13470.07
4726,24993.439999999995,49176.42999999999,14685.960000000001,10331.77,13818.41
4727,22979.54,51068.19999999999,15565.6,10869.41,14013.37
4728,22547.690000000002,51817.869999999995,16956.59,11382.1,14546.06
4729,22079.21,52677.92,18010.38,11634.68,14424.95
4730,21531.56,52048.66,18282.989999999998,11674.710000000001,14419.189999999999
4731,23909.86,52054.939999999995,19172.22,11540.150000000001,14436.59
4732,27688.74,51894.469999999994,18820.06,11255.68,14348.849999999999
4733,30105.54,51461.61,18949.739999999998,10560.929999999998,14046.019999999999
4734,30449.71,49763.56,18940.68,10241.880000000001,14915.78
4735,30289.300000000003,45437.469999999994,17351.7,9664.02,15827.060000000001
4736,31690.1,45727.23,16016.66,9248.35,16222.05
4737,32884.5,45953.94,18403.78,9138.400000000001,16832.760000000002
4738,33148.52,45602.770000000004,19090.11,9121.68,16975.96
4739,33167.64,45191.71,18784.75,9049.11,17029.46
4740,33085.55,43633.29,17641.58,9055.740000000002,16772.420000000002
4741,32681.880000000005,40182.86,15552.189999999999,9089.72,16361.32
4742,31340.55,38316.630000000005,14033.92,9214.98,14297.61
4743,30259.100000000002,36700.509999999995,13917.16,9230.13,12369.31
4744,29380.809999999998,34555.93,13877.79,9173.61,12114.93
4745,27594.33,34222.83,13125.96,9161.32,12067.53
4746,28069.33,33965.23,12756.98,9207.300000000001,12092.17
4747,28190.75,34478.75,13043.73,9244.25,12137.6
4748,27408.290000000005,38048.89,12893.8,9496.94,12340.739999999998
4749,27334.429999999997,43584.97,14168.61,10043.410000000002,13096.940000000002
4750,26678.42,48427.450000000004,16118.83,10660.88,13584.380000000001
4751,26583.71,51170.34,17590.95,11295.08,12955.029999999999
4752,25583.809999999998,52571.16,18706.98,11724.36,14088.03
4753,24100.940000000002,53877.14000000001,19599.89,12036.69,15070.750000000002
4754,21976.39,53021.24,19783.02,11995.93,15101.880000000001
4755,22908.519999999997,55233.81,19990.14,11776.37,14852.89
4756,23936.2,56513.67,20272.100000000002,11508.53,15168.15
4757,25109.309999999998,57651.12,18730.620000000003,10975.81,15726.509999999998
4758,27297.7,56372.51,16652.64,10412.230000000001,16324.640000000001
4759,28530.199999999997,52025.630000000005,14493.349999999999,9774.890000000001,16374.6
4760,29600.39,51791.240000000005,14063.43,9337.96,16230.009999999998
4761,31694.81,52161.67,15572.68,9220.8,17465.6
4762,31822.32,51414.54,16399.03,9232.18,17846.33
4763,30402.620000000003,51570.850000000006,16461.78,9247.59,17798.5
4764,31085.05,49081.76,16066.09,9204.57,16504.73
4765,29685.62,46527.05,15045.8,9227.220000000001,15105.990000000002
4766,28731.51,44680.61,14560.3,9189.71,12393.16
4767,27705.61,43189.21,14306.05,9101.55,11037.039999999999
4768,27336.87,40291.34,14149.240000000002,9068.900000000001,10971.130000000001
4769,26185.41,38311.21000000001,13884.490000000002,9075.029999999999,11948.61
4770,26921.880000000005,37499.24,13248.77,9078.67,12112.039999999999
4771,28265.140000000003,37781.420000000006,12966.14,9116.43,12083.23
4772,25770.199999999997,41318.85,14582.73,9522.64,12460.3
4773,21408.01,47762.560000000005,18287.5,10278.910000000002,13165.06
4774,18873.95,52200.189999999995,20456.11,11113.980000000001,14720.65
4775,19362.17,52859.229999999996,20397.61,11790.25,16340.81
4776,20392.33,53256.130000000005,21253.9,12200.199999999999,16498.05
4777,19468.870000000003,53030.39,22352.89,12442.449999999999,15811.66
4778,18426.27,53194.31,22254.32,12388.519999999999,14744.95
4779,21193.699999999997,53476.84,22169.260000000002,12106.13,14764.64
4780,24721.969999999998,54812.78,21221.03,11561.75,14551.619999999999
4781,26272.63,55233.38,20291.38,11040.97,14517.63
4782,27299.040000000005,53723.649999999994,19275.39,10462.529999999999,14827.14
4783,27876.729999999996,52585.829999999994,16921.079999999998,9776.44,15025.560000000001
4784,28962.25,52698.56999999999,14950.29,9275.24,15476.880000000001
4785,28684.41,56216.44,15964.29,9180.89,16361.11
4786,27380.809999999998,57689.9,16134.509999999998,9197.07,16167.920000000002
4787,27277.21,57488.23,14793.99,9203.08,16595.480000000003
4788,26980.64,56315.9,14355.900000000001,9200.7,15269.32
4789,27047.309999999998,52425.590000000004,14230.369999999999,9175.5,14234.57
4790,26870.42,48301.76,13163.48,9162.34,13934.45
4791,26598.63,45093.92,11663.6,9194.23,13318.05
4792,26204.07,43446.57,11322.62,9165.43,12410.619999999999
4793,24138.179999999997,44953.31,10977.24,9190.96,10903.36
4794,22796.590000000004,45186.29,10650.49,9197.94,10951.49
4795,22395.010000000002,44196.03,10613.48,9283.44,11046.2
4796,20710.39,43014.72,13426.560000000001,9771.97,11374.93
4797,17637.66,44868.990000000005,17777.31,10501.73,11230.029999999999
4798,15221.169999999998,47779.35,20419.01,11326.44,11628.67
4799,14310.46,50097.84,20380.41,11963.619999999999,11925.56
4800,14655.59,51193.11,20634.1,12362.19,12052.96
4801,15883.93,50688.07000000001,21449.92,12620.810000000001,11672.949999999999
4802,15533.76,47955.14,23270.32,12796.14,11448.630000000001
4803,15437.31,47947.920000000006,22767.63,12636.0,12070.09
4804,15040.03,48350.14,21759.510000000002,12017.050000000001,13347.609999999999
4805,16131.7,46827.27,21059.79,11262.320000000002,14237.77
4806,19926.57,46736.869999999995,18398.85,10448.439999999999,13841.999999999998
4807,22779.980000000003,47952.93,16588.43,9810.779999999999,13897.0
4808,26931.78,49956.630000000005,14548.880000000001,9312.560000000001,14875.980000000001
4809,27839.639999999996,52397.4,16064.68,8574.63,16304.49
4810,26945.43,53156.33,16530.81,8349.56,16464.64
4811,26587.47,51868.149999999994,16397.33,8368.51,16041.5
4812,27618.879999999997,49254.81999999999,15177.04,8359.939999999999,15895.469999999998
4813,27960.58,46089.08,14095.71,8368.27,15661.8
4814,26540.539999999997,43182.7,14474.09,8065.25,15253.969999999998
4815,23975.63,41399.37,14346.77,8029.830000000001,14455.53
4816,21171.829999999998,42396.0,14487.939999999999,8045.43,12468.04
4817,19003.85,42144.84,14791.14,8036.82,12001.17
4818,18424.84,40645.219999999994,15204.77,8044.27,12048.73
4819,18292.070000000003,38947.78,14666.11,8168.91,11916.77
4820,17466.72,37040.68000000001,15194.27,8702.279999999999,12093.09
4821,15893.03,37131.34,18545.64,9493.08,10819.31
4822,14696.69,37626.770000000004,20847.86,10347.029999999999,10951.080000000002
4823,13781.029999999999,37610.96000000001,22422.190000000002,10998.400000000001,11275.85
4824,14399.95,38655.63,23011.08,11414.34,11283.630000000001
4825,15240.560000000001,40286.14,22499.920000000002,11832.11,11862.630000000001
4826,15367.69,40739.88,22077.64,11969.83,11993.150000000001
4827,15527.05,40040.01,21650.67,11828.390000000001,11976.69
4828,16880.46,38725.32,20523.36,11215.71,12762.71
4829,19633.78,36889.08,20639.34,10437.910000000002,12814.48
4830,23289.480000000003,37231.38,19946.84,9775.1,12335.27
4831,25600.989999999998,38121.82,18757.89,8952.54,13637.91
4832,28083.499999999996,41365.94,16806.87,8461.6,15103.029999999999
4833,31142.440000000002,43387.94,17221.18,8411.08,15596.64
4834,31666.93,44148.33,17962.71,8397.23,15660.279999999999
4835,31325.550000000003,44100.74999999999,18415.57,8350.93,15743.69
4836,30715.1,42823.96,19118.870000000003,8325.33,15557.12
4837,30582.120000000003,40400.909999999996,18194.78,8316.03,14962.26
4838,29945.63,38617.49,17001.11,8309.76,14042.460000000001
4839,29851.09,36992.799999999996,14664.17,8353.759999999998,13699.580000000002
4840,30276.47,35966.31,13012.01,8332.73,13145.810000000001
4841,30927.78,34935.98,11725.689999999999,8320.48,13020.96
4842,30975.379999999997,34758.55,11460.43,8328.61,13066.55
4843,30929.039999999997,34634.990000000005,12090.21,8440.359999999999,12985.99
4844,30228.8,35823.03,14335.04,8939.14,12804.699999999999
4845,28986.32,38976.270000000004,19164.43,9800.23,12495.07
4846,27043.659999999996,43631.83,21436.11,10555.36,13687.119999999999
4847,24856.870000000003,47143.77,23114.13,11072.539999999999,13606.68
4848,24914.94,49460.2,23747.36,11600.07,13349.01
4849,24832.139999999996,50675.8,23968.09,11929.3,12844.24
4850,24439.01,50704.990000000005,23079.72,12088.14,12476.349999999999
4851,25374.009999999995,52782.729999999996,23645.05,11845.039999999999,13111.04
4852,26672.43,53269.490000000005,23712.960000000003,11524.17,14105.82
4853,28700.84,52844.58,22505.1,11280.72,14566.41
4854,32031.5,49952.020000000004,20335.88,10617.750000000002,16342.169999999998
4855,32817.05,47330.43,17494.510000000002,10017.539999999999,16632.239999999998
4856,32167.309999999998,46290.619999999995,16190.78,10089.04,16470.35
4857,32430.53,48396.64,17928.21,10344.75,17765.71
4858,32838.9,49370.05,18490.86,9948.220000000001,18589.45
4859,33016.590000000004,49598.299999999996,18598.97,9939.85,18699.28
4860,32888.770000000004,48003.62,18534.14,9513.619999999999,18508.05
4861,32483.87,45366.869999999995,17738.59,8404.67,18364.300000000003
4862,32088.380000000005,41695.44,16079.19,8387.99,17571.02
4863,31836.199999999997,39293.33,14725.75,8332.439999999999,16617.63
4864,31390.63,38044.93000000001,14422.529999999999,8334.79,15123.23
4865,31143.989999999998,36818.28,14255.42,8306.78,14546.060000000001
4866,31174.319999999996,36880.310000000005,14112.81,8285.8,13837.800000000001
4867,30992.69,36941.66,14152.29,8410.03,13838.67
4868,29401.239999999998,38439.75,16021.119999999999,8967.960000000001,13978.579999999998
4869,26568.67,43501.16,19740.62,9899.91,14384.76
4870,23583.83,49555.16,23295.29,10849.9,13601.939999999999
4871,22584.13,51748.979999999996,24761.09,11647.419999999998,13698.470000000001
4872,23110.640000000003,53590.2,25552.25,12255.86,14037.41
4873,23629.58,54456.89,25493.98,12391.79,14130.23
4874,22956.84,53766.8,25025.49,12193.56,14061.599999999999
4875,24423.21,55039.350000000006,25085.670000000002,11813.44,15517.010000000002
4876,25713.44,55730.87,24736.780000000002,11263.0,16182.419999999998
4877,27017.219999999998,56672.259999999995,22859.420000000002,10559.46,16642.28
4878,29673.67,56576.03,19696.68,9835.3,17144.07
4879,31123.8,53618.7,16158.390000000001,9187.089999999998,17467.64
4880,31035.239999999998,52978.950000000004,14565.060000000001,8872.380000000001,17328.96
4881,31805.289999999994,54673.97,16429.94,8943.55,18191.45
4882,32231.02,55964.759999999995,17053.04,8988.83,18358.969999999998
4883,32375.999999999996,56310.649999999994,17394.489999999998,8990.47,18355.8
4884,32353.19,54510.33,16947.56,8796.380000000001,18109.8
4885,32239.06,50237.84,15698.220000000001,8601.92,17556.5
4886,31594.76,47543.159999999996,14677.64,8449.619999999999,16325.399999999998
4887,30848.32,45992.44,13164.39,8434.169999999998,14890.42
4888,30488.429999999997,44698.21,12510.04,8397.09,13749.1
4889,30341.019999999997,42840.45,12105.5,8344.869999999999,13804.970000000001
4890,30269.29,41589.420000000006,12471.76,8329.33,13871.640000000001
4891,30248.83,40621.25,13556.98,8420.699999999999,13738.359999999999
4892,29506.949999999997,41650.9,14908.3,8910.84,14085.15
4893,25600.9,47584.78999999999,18052.85,9783.960000000001,15552.369999999999
4894,24688.18,52765.82,19701.93,10743.78,16064.17
4895,22714.700000000004,55883.200000000004,21580.41,11571.42,15799.119999999999
4896,22127.39,58528.58,23046.26,12112.75,15306.189999999999
4897,22273.86,59416.05,23623.09,12420.3,15374.879999999997
4898,22148.25,59156.27,22464.77,12398.789999999999,15461.330000000002
4899,24748.030000000002,59845.35,22805.5,11960.279999999999,16189.89
4900,26155.96,59549.81,23452.18,11355.039999999999,17165.33
4901,25726.850000000002,61025.69,22487.559999999998,10538.500000000002,17439.010000000002
4902,26824.87,59780.03,20423.670000000002,9954.789999999999,18889.32
4903,29145.800000000003,55665.86,16548.97,9775.869999999999,18771.82
4904,30595.680000000004,54131.42999999999,13443.75,9352.19,18523.23
4905,31237.620000000003,56440.520000000004,14435.45,9077.06,19310.589999999997
4906,31546.800000000003,56795.07,15266.15,8863.22,19376.0
4907,31545.22,57947.08,15293.619999999999,8956.599999999999,19358.61
4908,29642.34,57426.7,15682.740000000002,8658.21,19168.98
4909,26007.22,54873.840000000004,16980.309999999998,8390.310000000001,17870.82
4910,26280.399999999998,50162.01,15173.56,8269.829999999998,17320.56
4911,25607.64,48858.0,13468.2,8249.8,15675.279999999999
4912,23994.84,48131.20999999999,13151.26,8270.31,14287.779999999999
4913,23278.120000000003,47973.08,11973.71,8262.55,13906.039999999999
4914,22081.920000000002,48061.99999999999,11938.69,8255.75,13894.04
4915,21658.469999999998,48278.07,12041.96,8299.650000000001,14091.9
4916,21493.1,47645.88,14898.27,8786.96,14207.78
4917,21883.489999999998,48821.73,19163.6,9646.41,15497.689999999999
4918,22040.3,52773.83,20983.29,10647.64,15998.46
4919,22519.569999999996,53823.670000000006,21849.32,11530.130000000001,15944.699999999999
4920,23568.38,53768.81999999999,22018.47,12504.83,16665.870000000003
4921,23953.789999999997,54362.340000000004,21815.9,13203.18,16510.08
4922,24007.93,54099.850000000006,20836.39,13640.19,16147.940000000002
4923,24177.56,57522.82,21070.629999999997,13452.93,16715.16
4924,24787.120000000003,58263.48,21157.64,13557.03,17140.600000000002
4925,25339.390000000003,58534.880000000005,19929.660000000003,13246.119999999999,17412.09
4926,26960.640000000003,57823.8,18925.07,12533.19,17814.690000000002
4927,25902.130000000005,54732.15,17535.39,11856.369999999999,17462.98
4928,26242.73,52696.13,14929.3,11354.670000000002,17384.05
4929,27589.99,54543.229999999996,15394.75,11471.970000000001,17874.82
4930,28021.860000000004,54673.15000000001,15951.34,11628.1,17847.02
4931,28075.09,55068.770000000004,15699.6,11750.87,17663.8
4932,27921.02,55146.34,14556.69,11439.73,18140.19
4933,27964.41,52859.73,14916.33,9862.8,16978.89
4934,26136.08,51127.259999999995,14741.92,9020.369999999999,15715.98
4935,24180.340000000004,50598.49,13889.63,8991.369999999999,14078.130000000001
4936,23857.0,49019.41999999999,12975.869999999999,8861.769999999999,13256.8
4937,23108.21,48756.75,11134.33,8780.109999999999,13179.099999999999
4938,22751.27,48595.84,10974.83,8701.51,13105.84
4939,22130.49,48253.25,11395.970000000001,8979.53,13792.599999999999
4940,20702.05,48192.97,14153.43,9533.38,14449.99
4941,20237.39,50645.659999999996,18594.08,9953.090000000002,15169.15
4942,21381.64,53766.72,20524.239999999998,10548.210000000001,15918.97
4943,22258.5,54665.08,22108.28,11407.050000000001,15795.58
4944,23106.760000000002,55271.520000000004,22773.75,12039.749999999998,15414.470000000001
4945,23582.83,55791.399999999994,23364.91,12323.909999999998,15532.14
4946,23511.94,54910.21000000001,22867.129999999997,12228.33,15163.009999999998
4947,24938.3,55597.969999999994,23528.8,11961.22,16562.77
4948,26372.879999999997,56346.23,21587.4,11508.41,18222.84
4949,26102.379999999997,54706.89,22890.79,11162.64,17469.58
4950,25845.940000000002,53097.33,22738.660000000003,10938.010000000002,16007.060000000001
4951,26307.84,50889.53,20379.96,10807.159999999998,14614.100000000002
4952,28430.239999999998,50856.479999999996,16823.77,10279.900000000001,14936.220000000001
4953,29899.030000000006,51737.39,17054.23,10240.66,16842.94
4954,30002.54,52258.399999999994,17223.55,9797.43,16992.08
4955,30033.66,52386.62,17149.940000000002,9784.57,16662.26
4956,30145.38,52781.09000000001,16925.989999999998,8978.91,16168.989999999998
4957,29381.64,51243.689999999995,15662.66,8589.95,15942.98
4958,28461.6,48093.05,14436.79,8674.49,15454.030000000002
4959,27160.23,46160.07,13468.36,8874.999999999998,14431.419999999998
4960,25926.7,45782.77,11651.57,8877.53,13762.8
4961,24237.510000000002,46088.259999999995,9886.0,8954.42,13727.43
4962,23456.8,45700.32000000001,9654.810000000001,9188.61,13446.830000000002
4963,22433.53,45203.94999999999,9622.369999999999,9276.61,13389.15
4964,19926.399999999998,44796.95999999999,11903.08,9557.03,13214.16
4965,18807.17,45495.2,14219.349999999999,10429.619999999999,13288.23
4966,19951.170000000002,46027.009999999995,15186.01,11278.64,13494.61
4967,20783.449999999997,46466.119999999995,16495.33,12099.17,13590.23
4968,21150.48,47410.869999999995,17065.96,12705.26,13105.85
4969,21101.440000000002,47224.950000000004,19533.870000000003,13051.84,11483.07
4970,20710.72,46055.78,21189.13,12977.779999999999,10119.41
4971,20524.260000000002,46080.76,21671.36,12670.230000000001,9550.99
4972,21091.61,45622.0,21187.34,12308.41,10181.900000000001
4973,21406.57,44707.66,20103.35,11703.75,12530.18
4974,22161.61,44551.13999999999,19014.85,10900.099999999999,14545.76
4975,24410.660000000003,46143.16,16100.48,10142.15,15568.029999999999
4976,26162.969999999998,48833.58,14889.720000000001,9507.56,16450.64
4977,27181.8,50694.08,15696.75,9433.96,17831.29
4978,26981.100000000002,52154.5,14154.740000000002,9475.68,18043.37
4979,25541.879999999994,51668.850000000006,13990.07,9561.17,17954.59
4980,24738.89,51006.07,13978.79,9635.619999999999,16144.869999999999
4981,24423.57,49264.22000000001,12757.57,9559.52,15659.050000000001
4982,23533.24,46808.799999999996,11292.119999999999,9588.3,15492.48
4983,22806.260000000002,45098.600000000006,10213.7,9563.39,14941.55
4984,21976.329999999998,43801.81,9591.26,9547.08,14464.809999999998
4985,21957.110000000004,42721.08,8796.41,9536.839999999998,13817.9
4986,21339.160000000003,42691.530000000006,8113.77,9550.37,13477.95
4987,20486.620000000003,41558.32,8128.95,9748.689999999999,12848.54
4988,17071.170000000002,41957.850000000006,10700.17,10114.400000000001,10590.81
4989,14915.56,41444.659999999996,14887.83,10860.53,8913.3
4990,14322.59,40917.17,16282.22,11870.39,8805.13
4991,14706.03,40064.14,17748.6,12690.36,8720.64
4992,15473.93,39570.259999999995,18618.16,13268.43,8898.12
4993,16155.980000000001,40252.38,19515.120000000003,13452.150000000001,9091.880000000001
4994,16259.320000000002,40733.94,20084.07,13396.47,9029.66
4995,16083.099999999999,40744.229999999996,19909.53,13108.16,9136.73
4996,16004.21,40358.7,18973.11,12552.59,10357.69
4997,17446.22,38864.37,19015.75,12076.1,11771.48
4998,19942.56,37578.66,18225.53,11443.96,13199.26
4999,22855.63,38822.3,16064.08,10739.63,15113.32
5000,25375.629999999997,42715.060000000005,13391.029999999999,10283.27,16304.779999999999
5001,25627.56,47124.14,13698.11,10185.46,16869.33
5002,25792.6,49396.15,12773.39,10177.41,17127.07
5003,25916.66,50126.45,12183.990000000002,10164.94,16613.34
5004,25612.25,49741.56,11877.92,10169.11,16494.55
5005,24759.789999999997,46771.63,11330.48,10296.91,16464.16
5006,24909.430000000004,44299.97,9852.7,10301.84,15760.69
5007,24977.53,41259.11,9547.67,10291.409999999998,15049.030000000002
5008,24178.62,40059.479999999996,9379.68,10299.449999999999,14474.509999999998
5009,24145.429999999997,38706.479999999996,9391.970000000001,10281.28,14095.41
5010,24143.94,38566.11,9396.380000000001,10288.24,13875.279999999999
5011,24137.9,39414.99,9423.46,10330.22,14245.740000000002
5012,23111.94,40529.83,11689.02,10681.919999999998,14835.75
5013,22667.68,41749.03999999999,17256.84,11465.140000000001,16006.23
5014,23108.899999999998,43551.61,21475.0,12409.73,16982.97
5015,23796.82,45145.420000000006,23245.43,13173.39,16699.85
5016,24097.12,45787.03999999999,24029.01,13513.27,16154.970000000001
5017,24123.749999999996,45800.67,23985.449999999997,13674.24,15759.71
5018,24283.079999999998,45630.52,22967.879999999997,13641.58,14949.439999999999
5019,24825.4,48562.55,22976.280000000002,13324.669999999998,15697.65
5020,25233.36,52665.01000000001,22316.58,12962.41,16491.14
5021,26791.55,54096.78,22424.559999999998,12496.38,16389.34
5022,29165.149999999998,52384.67,19717.93,11562.81,16792.86
5023,30039.1,48519.770000000004,16472.579999999998,11129.349999999999,17469.53
5024,29987.899999999998,47855.31,14162.67,10681.36,18040.83
5025,30716.96,50396.27,15505.119999999999,10527.43,18220.89
5026,31523.33,50918.28,15586.37,10539.27,18111.03
5027,31638.940000000002,51495.770000000004,15736.14,10530.33,17960.12
5028,31496.28,49455.68,14709.36,10536.28,17844.2
5029,30924.100000000002,46476.420000000006,12330.18,10534.95,17757.82
5030,29923.8,43860.21,11669.3,10527.02,16254.01
5031,29530.920000000002,41455.49,10841.9,10420.01,14706.580000000002
5032,29273.440000000002,38816.68,10172.86,10444.53,14089.599999999999
5033,29173.489999999998,37199.44,9902.97,10474.349999999999,13921.75
5034,28762.719999999998,37143.130000000005,10117.189999999999,10467.24,13773.89
5035,28389.95,38220.91,10473.41,10543.01,13686.039999999999
5036,26584.579999999994,41057.86,11487.47,10998.580000000002,14116.29
5037,22865.749999999996,45501.72,16823.16,11896.59,15114.130000000001
5038,22022.950000000004,48130.92,20035.98,12923.14,16207.079999999998
5039,22620.99,48421.810000000005,21433.52,13801.88,16268.5
5040,23015.969999999998,48944.84,23443.28,14344.029999999999,15575.77
5041,23222.74,49257.00000000001,24088.92,14559.99,15148.64
5042,22941.340000000004,48285.07000000001,23194.17,14405.63,14341.58
5043,22939.469999999998,50962.95,22457.460000000003,14010.02,14971.23
5044,23204.57,54679.28,20869.28,13421.09,16137.84
5045,24523.199999999997,55824.22,20581.67,12617.550000000001,16656.6
5046,28228.83,53387.92,20256.37,11762.329999999998,16747.43
5047,30437.19,49428.33,17451.829999999998,10584.96,16608.96
5048,30647.75,49178.18,14775.38,10023.150000000001,17814.46
5049,31116.289999999997,52049.43,16094.68,9998.490000000002,18272.36
5050,30706.660000000003,53355.56,16436.309999999998,10125.6,18396.93
5051,30859.41,53181.94,16412.61,10267.89,18414.41
5052,30375.07,51395.869999999995,15356.41,10341.8,18197.96
5053,30089.37,48389.32000000001,13327.29,10386.6,17288.82
5054,29807.76,45771.880000000005,11439.7,10475.53,16070.6
5055,29072.61,44124.19,11075.82,10452.47,13938.969999999998
5056,28228.71,41657.53,11032.75,10484.58,13351.66
5057,26986.46,41820.240000000005,10303.28,10470.089999999998,12980.9
5058,24640.870000000003,43211.88,10159.77,10459.01,12906.49
5059,24827.55,43825.45,10361.15,10529.59,13046.69
5060,24227.14,44495.08,12290.12,10869.25,13393.310000000001
5061,21725.870000000003,48553.55,16593.64,11641.349999999999,14490.77
5062,21866.690000000002,51115.81,18202.78,12536.759999999998,16095.439999999999
5063,22582.68,51646.66999999999,20079.91,13152.92,16067.81
5064,23072.200000000004,51595.58,21280.7,13520.4,15917.77
5065,23091.5,52582.450000000004,21607.21,13375.86,15609.66
5066,23010.659999999996,52709.07,20517.32,13177.3,14653.230000000001
5067,23292.579999999998,56553.130000000005,19554.84,12787.15,15626.32
5068,24515.450000000004,59491.850000000006,18671.57,12410.31,16559.44
5069,26467.850000000002,59029.93,18077.269999999997,11878.12,16732.69
5070,29708.559999999998,54873.11,17342.66,11245.4,16692.97
5071,30884.58,50095.39000000001,15443.080000000002,10591.82,16850.05
5072,30308.350000000006,49161.56,14395.13,10207.82,17107.6
5073,30024.39,52018.0,16320.650000000001,10069.58,17321.769999999997
5074,28657.190000000002,53779.850000000006,16695.4,10077.16,17321.59
5075,28595.97,54307.54,16125.29,10092.369999999999,17181.84
5076,29592.199999999997,52397.56999999999,13881.45,10133.130000000001,16863.51
5077,28736.73,49967.21,12224.26,10104.08,15541.75
5078,27192.04,47849.84,10841.76,10034.050000000001,13966.36
5079,27667.3,44277.67,10030.32,10023.749999999998,13350.57
5080,27842.42,41065.579999999994,9707.82,9956.16,13053.41
5081,27203.25,40073.76,9445.83,9991.710000000001,12867.399999999998
5082,26204.569999999996,40606.43,9458.28,9981.310000000001,12858.13
5083,24442.050000000003,43127.9,9854.04,10026.480000000001,12877.04
5084,24219.899999999998,43551.9,11944.19,10366.22,13077.369999999999
5085,24072.93,46460.170000000006,15440.25,11059.519999999999,13499.85
5086,23107.66,50403.21,17931.59,11937.15,13709.37
5087,22260.61,51862.509999999995,19986.67,12680.51,14037.770000000002
5088,22696.6,52506.030000000006,21075.09,13151.28,14324.56
5089,23035.46,51382.61,22046.98,13438.22,14134.460000000001
5090,22962.18,48589.3,22179.82,13329.5,13756.3
5091,23191.07,51298.96000000001,22671.370000000003,12679.239999999998,14030.85
5092,24187.399999999998,53555.119999999995,22350.16,12098.039999999999,14584.57
5093,26138.749999999993,53840.46,20747.61,11690.54,15535.86
5094,28670.38,52774.57000000001,19165.68,11034.0,15539.630000000001
5095,30364.21,49250.85,15876.52,10391.17,16171.03
5096,30010.62,48084.380000000005,15169.66,10044.26,17167.57
5097,29280.76,52454.2,15724.71,9914.27,17607.18
5098,28708.5,54288.3,15165.81,9915.43,17580.239999999998
5099,28468.899999999998,54725.51,14482.06,9886.12,17419.57
5100,28470.009999999995,53094.009999999995,13188.07,9932.88,16640.329999999998
5101,28818.370000000003,48661.17,11996.9,9940.08,15891.95
5102,28719.22,45202.43,10708.48,9966.76,14537.97
5103,28225.640000000003,42536.579999999994,9741.14,9972.539999999999,13638.740000000002
5104,26097.989999999998,41817.79,9584.41,9981.119999999999,13433.94
5105,25458.690000000002,41200.58,9561.6,9941.4,13284.86
5106,24709.2,42218.36,9583.39,9946.87,13114.18
5107,24502.949999999997,43561.200000000004,9848.41,10105.83,13166.470000000001
5108,24357.600000000002,43306.630000000005,11473.68,10357.019999999999,13529.89
5109,24105.64,45142.310000000005,14673.06,10672.2,13549.14
5110,23244.620000000003,47124.28,17606.559999999998,10941.080000000002,13173.78
5111,22841.049999999996,46377.37,19531.440000000002,10985.14,12880.35
5112,22684.269999999997,47262.08,20628.57,10628.26,12765.619999999999
5113,22444.64,46398.65,20933.63,10766.0,13084.23
5114,21489.690000000002,44580.850000000006,20999.809999999998,10778.949999999999,13334.04
5115,22723.809999999998,48490.72,19439.53,10587.13,13625.8
5116,23260.570000000003,52682.68,17796.98,10394.17,14062.759999999998
5117,24452.62,52764.25,17522.2,10041.9,14973.91
5118,26568.239999999998,52168.649999999994,16422.440000000002,9749.25,14992.369999999999
5119,28033.809999999998,50339.82000000001,14895.18,9532.27,15771.519999999999
5120,27843.260000000006,51396.96,14661.9,9539.269999999999,16689.46
5121,27006.510000000002,54698.899999999994,16632.97,9548.28,17063.61
5122,25880.460000000003,54484.57,17482.46,9509.92,17470.45
5123,25831.370000000003,53595.36,17373.25,9504.32,17580.72
5124,25592.460000000003,51790.850000000006,16404.43,9549.23,17262.33
5125,25332.180000000004,50480.62,14891.710000000001,9553.779999999999,15595.03
5126,25069.71,47816.380000000005,13151.279999999999,9666.550000000001,14794.640000000001
5127,25052.210000000003,44594.45,12670.35,9653.5,13862.93
5128,24565.489999999998,42289.82,12053.17,9626.249999999998,13760.89
5129,22636.04,41538.75,12037.89,9636.999999999998,13749.98
5130,21948.170000000002,41174.51,12106.44,9641.800000000001,13652.84
5131,21683.670000000002,40329.259999999995,12216.81,9702.210000000001,13687.92
5132,21973.190000000002,38132.72,12541.779999999999,10124.75,13999.29
5133,21160.8,39157.74,14158.52,10712.580000000002,14357.61
5134,19809.649999999998,41665.25,16116.560000000001,11508.689999999999,13797.81
5135,19410.079999999998,41210.479999999996,18410.42,12209.87,13178.419999999998
5136,18485.0,41958.21,19670.75,12558.239999999998,12895.100000000002
5137,17626.84,42784.99,20384.399999999998,12997.250000000002,12366.82
5138,17394.309999999998,41381.33,20791.42,12982.570000000002,12044.56
5139,18350.53,40828.75,21017.059999999998,12449.25,12266.45
5140,19016.239999999998,41585.66,20631.0,12049.37,13151.179999999998
5141,19724.17,42788.14,19456.52,11457.589999999998,13685.34
5142,19283.89,46244.37,16434.55,10741.25,14894.25
5143,21488.48,47773.96,14930.150000000001,10130.9,14993.12
5144,23029.750000000004,49191.10999999999,16046.029999999999,9793.58,15868.850000000002
5145,23615.730000000003,51522.34,17307.97,9688.019999999999,17116.09
5146,21819.11,52627.93000000001,16889.239999999998,9694.38,17591.55
5147,20979.920000000002,52172.58,15816.47,9676.41,17120.91
5148,20666.42,50985.280000000006,14519.550000000001,9654.29,16115.25
5149,21643.409999999996,48296.119999999995,13630.539999999999,9645.87,14674.61
5150,21005.69,46346.369999999995,12315.49,9605.4,13904.440000000002
5151,20809.229999999996,43172.45,12068.310000000001,9599.7,13575.58
5152,20749.29,40355.350000000006,12000.150000000001,9599.609999999999,13426.86
5153,20414.230000000003,39036.2,11436.91,9604.19,13437.34
5154,20695.660000000003,38452.65,11289.880000000001,9625.94,12371.24
5155,20454.019999999997,38146.98,11268.82,9698.89,11078.49
5156,18909.47,36082.9,11533.59,10005.66,11585.779999999999
5157,16200.79,37045.490000000005,12847.91,10539.68,11807.170000000002
5158,14001.31,37862.3,15134.23,10995.93,10846.41
5159,13773.13,38139.299999999996,16942.38,11392.79,9921.74
5160,14282.56,38362.26,18808.739999999998,11691.48,9916.02
5161,14861.060000000001,38324.93,19716.98,12281.420000000002,10277.56
5162,15102.27,38360.880000000005,20391.92,12567.56,10333.46
5163,15357.710000000001,38996.69,19716.91,12314.22,10809.25
5164,16591.46,40195.18,17553.36,11989.130000000001,11737.150000000001
5165,17643.8,40805.42,16319.99,11558.560000000001,12289.43
5166,18948.88,43368.61,15773.11,11002.039999999999,12136.71
5167,22964.27,44126.62,13016.400000000001,10236.66,13834.810000000001
5168,25756.64,46372.75,12575.880000000001,9800.289999999999,15520.86
5169,25749.760000000002,49104.93,13504.060000000001,9693.85,17346.019999999997
5170,25264.539999999997,49920.95999999999,14552.5,9700.06,17633.74
5171,23806.109999999997,50736.369999999995,15215.02,9541.789999999999,16912.38
5172,23234.82,50710.34,15169.61,9632.44,15096.359999999999
5173,23221.09,48501.26,13721.169999999998,9699.44,14335.3
5174,22319.149999999998,46382.79,12573.16,9683.78,13883.619999999999
5175,22287.210000000006,42913.34,13136.98,9677.400000000001,13591.39
5176,24642.170000000002,38903.54,12621.58,9675.22,13407.880000000001
5177,24581.11,37972.799999999996,12144.47,9672.74,13293.1
5178,24231.719999999998,38404.340000000004,12076.97,9672.050000000001,13176.61
5179,24179.730000000003,40361.09999999999,12348.19,9709.88,13099.330000000002
5180,23628.91,41918.74,13822.35,10112.600000000002,13538.71
5181,22307.229999999996,45550.350000000006,16552.48,10773.389999999998,14646.99
5182,24036.96,46368.899999999994,19358.02,11512.93,15517.47
5183,24391.23,46088.39,22195.190000000002,12322.32,15616.8
5184,24822.559999999998,47337.18,23434.08,12855.74,15763.739999999998
5185,25189.039999999997,47526.229999999996,23606.52,13040.210000000001,15623.37
5186,24398.85,45331.770000000004,22808.19,12881.72,15630.28
5187,25220.23,48774.799999999996,23504.239999999998,12780.38,15800.74
5188,26704.58,50839.759999999995,23199.53,12464.060000000001,16171.530000000002
5189,27465.479999999996,51772.77,21710.54,11772.15,16133.66
5190,27268.800000000003,53361.70999999999,19733.96,11024.699999999999,16842.67
5191,28085.38,52016.71000000001,16521.68,10094.75,17225.05
5192,28585.6,52614.49,14442.04,9643.16,17529.08
5193,28601.31,55560.369999999995,17283.59,9520.789999999999,17879.059999999998
5194,28904.68,55875.84999999999,18251.29,9468.23,18125.08
5195,28969.019999999997,54914.34,19116.73,9454.74,18298.3
5196,28709.870000000003,54429.44,16233.21,9476.54,17685.7
5197,27801.25,52190.4,14117.93,9467.320000000002,16143.21
5198,25955.61,51148.05,12977.8,9389.69,14114.230000000001
5199,26033.310000000005,46433.17,13928.960000000001,9404.21,13030.36
5200,26273.13,43054.05,13779.779999999999,9371.14,12983.71
5201,26108.070000000003,41365.26,13528.84,9379.349999999999,12978.78
5202,26186.41,40437.14,14013.74,9612.52,12970.2
5203,26097.489999999998,41504.43,14483.14,9708.669999999998,12993.96
5204,23661.690000000002,43112.25,16512.7,10211.71,13430.5
5205,22398.41,43380.729999999996,22015.89,10993.89,14220.300000000001
5206,23022.989999999998,44937.13,23851.09,11899.710000000001,15147.7
5207,23837.86,45631.350000000006,24064.04,12743.33,15838.2
5208,24522.390000000003,47922.3,24303.9,13349.59,15773.13
5209,24504.13,48803.88,24879.420000000002,13586.330000000002,15806.18
5210,23170.710000000003,48550.68,24357.690000000002,13476.09,15833.15
5211,24218.1,50853.16,25315.129999999997,13119.990000000002,15572.390000000001
5212,25802.11,51962.52,25076.489999999998,12698.169999999998,15966.8
5213,26100.24,52791.509999999995,24479.809999999998,12003.72,16136.369999999999
5214,26677.579999999998,52678.9,23911.89,11747.5,16454.19
5215,26455.710000000003,51568.08,20470.41,11451.630000000001,16746.89
5216,27292.58,52135.240000000005,17272.67,11006.21,16859.42
5217,27613.300000000003,55395.380000000005,18844.370000000003,10839.539999999999,17452.21
5218,27255.189999999995,56608.53,19275.33,10802.32,17600.41
5219,27373.09,56334.57,19216.64,10739.519999999999,18036.399999999998
5220,27135.64,54974.20999999999,19077.449999999997,10008.320000000002,17641.75
5221,26498.050000000003,51594.72,17450.48,9577.730000000001,16892.690000000002
5222,25808.73,49331.13999999999,15600.9,9549.220000000001,15459.989999999998
5223,25150.47,47316.009999999995,14292.16,9533.94,14176.490000000002
5224,24656.299999999996,45157.23,13784.23,9521.43,13708.18
5225,24088.59,43707.729999999996,13859.210000000001,9526.03,13619.779999999999
5226,24536.439999999995,43391.97,13819.17,9528.4,13257.8
5227,25252.539999999997,43529.49,15035.900000000001,9587.75,13283.44
5228,25302.93,43161.3,17578.3,10080.039999999999,13183.009999999998
5229,24901.070000000003,44215.03,20993.22,10898.539999999999,13342.57
5230,25185.129999999997,46809.36,24119.68,11837.43,13759.25
5231,25301.809999999994,47435.91,25968.86,12613.15,14195.1
5232,25729.690000000002,48081.93,26537.32,13179.269999999999,14919.56
5233,25377.39,49316.68,25732.04,13422.75,15289.93
5234,23985.589999999997,50141.549999999996,24384.2,13325.019999999999,15503.23
5235,25569.78,52063.17999999999,24784.83,12781.69,16092.47
5236,26337.259999999995,52801.71,25417.809999999998,12211.01,16806.519999999997
5237,27139.160000000003,53934.649999999994,25015.52,11557.000000000002,16471.46
5238,27955.580000000005,54280.689999999995,23829.93,10888.130000000001,16013.21
5239,27506.760000000002,52173.18,20613.52,10328.23,17089.85
5240,28197.440000000002,52067.9,16835.62,10164.96,18217.66
5241,29156.54,54873.59,18274.37,10192.199999999999,18092.35
5242,28181.15,56370.520000000004,18792.61,10213.09,17958.170000000002
5243,27816.9,56919.7,18507.79,10251.01,17940.489999999998
5244,27521.269999999997,56010.939999999995,18568.9,9909.86,17437.489999999998
5245,27313.539999999997,53702.72,16635.07,9709.710000000001,16113.11
5246,25574.75,51787.060000000005,15321.99,9666.15,14469.220000000001
5247,24424.069999999996,48419.22,14972.08,9679.91,13952.28
5248,24925.14,44951.6,14094.32,9702.55,14046.28
5249,25073.76,43192.07,13525.15,9679.57,14040.18
5250,24927.56,43142.25,13305.89,9673.86,13732.029999999999
5251,24650.14,44984.64,13388.099999999999,9726.150000000001,13535.8
5252,25055.840000000004,44545.770000000004,16124.599999999999,10141.100000000002,13685.949999999999
5253,25377.910000000003,44768.75,20610.65,10811.59,13959.109999999999
5254,25733.749999999996,47767.61,23269.81,11642.740000000002,14802.84
5255,25740.32,49980.78,23428.45,12434.49,14599.39
5256,26235.84,50073.659999999996,24576.910000000003,13036.439999999999,14742.060000000001
5257,26129.010000000002,49311.060000000005,24884.86,13362.05,15228.23
5258,24326.949999999997,49201.34,23954.059999999998,13369.699999999999,14848.86
5259,24032.079999999998,51476.020000000004,25056.8,13099.46,15990.75
5260,24465.010000000006,55135.689999999995,24755.57,12604.050000000001,16356.619999999999
5261,24879.660000000003,53700.47,24828.62,11913.720000000001,17817.03
5262,25626.950000000004,53372.91999999999,23918.33,11096.769999999999,18165.16
5263,25466.88,53671.840000000004,20216.79,10173.64,18219.620000000003
5264,25598.940000000002,54805.24,17721.6,9725.06,18375.190000000002
5265,27240.23,55588.95,19421.28,9621.83,19594.03
5266,27554.279999999995,56042.01,19860.75,9640.13,19750.480000000003
5267,27951.21,56082.92,19366.46,9632.87,19761.65
5268,28189.289999999997,54174.009999999995,18436.57,9641.69,18963.34
5269,27364.23,53257.08,16796.43,9698.9,16486.44
5270,26163.100000000002,50877.49,15317.689999999999,9617.21,15681.75
5271,25225.829999999998,47587.58,14482.689999999999,9595.249999999998,14940.76
5272,24982.870000000003,45364.14,14637.400000000001,9606.82,13949.630000000001
5273,24371.97,43872.090000000004,15451.5,9513.61,12688.220000000001
5274,24761.82,43197.98,15028.74,9538.29,12290.19
5275,24593.960000000003,45288.06,14848.18,9618.539999999999,12652.25
5276,23957.21,46174.240000000005,16854.33,10032.470000000001,12873.57
5277,24116.84,46676.22,20635.449999999997,10836.74,13216.989999999998
5278,23643.54,49063.479999999996,24188.64,11843.19,14060.119999999999
5279,23456.09,50453.270000000004,25940.5,12762.289999999999,13882.05
5280,23780.480000000003,52216.52,26702.39,13326.09,14131.01
5281,22943.17,53999.04,26737.2,13570.09,14449.82
5282,21531.34,53386.81,24872.43,13492.69,15242.36
5283,22544.22,55531.759999999995,24962.03,13196.48,16337.19
5284,23943.559999999998,57224.28,24980.07,12710.13,17935.41
5285,25311.949999999997,55710.990000000005,24429.88,11940.2,18143.47
5286,26369.110000000004,54113.89,22904.019999999997,11157.490000000002,17782.12
5287,26507.84,52288.829999999994,19568.9,10296.699999999999,17993.83
5288,25975.159999999996,53509.02,17507.46,9691.1,18837.46
5289,26839.570000000007,56070.799999999996,17997.47,9512.58,19789.18
5290,27418.4,54805.49,18315.47,9607.349999999999,19887.97
5291,27549.43,55248.049999999996,17133.9,9598.26,19823.82
5292,27446.58,54353.700000000004,15674.8,9577.79,19093.92
5293,26982.56,52928.27,14813.73,9865.12,17111.89
5294,26676.09,50710.03999999999,13366.82,10139.23,15804.460000000003
5295,25635.969999999998,48816.79,13003.82,10350.73,14287.260000000002
5296,24961.370000000006,46000.78,12893.02,10572.56,14309.79
5297,23896.790000000005,44476.95999999999,12796.720000000001,10692.300000000001,14163.849999999999
5298,23080.309999999998,43634.68000000001,12912.73,10706.65,14043.46
5299,22396.480000000003,42443.189999999995,13336.22,10765.3,13839.81
5300,21172.1,41001.509999999995,13582.69,11243.64,14291.02
5301,19621.5,42698.61,15677.23,12151.5,13886.910000000002
5302,17820.16,45567.4,17918.120000000003,13135.72,13180.470000000001
5303,17580.67,45849.25,19465.190000000002,13788.13,12630.029999999999
5304,17892.28,46237.17,20782.65,14201.390000000001,12254.970000000001
5305,18108.839999999997,47448.479999999996,21259.36,14483.52,11495.55
5306,18032.9,47799.35,21334.120000000003,14481.45,11128.62
5307,19020.08,47659.14,20219.34,14291.18,11753.31
5308,19688.149999999998,47734.77,18177.02,13824.97,13596.07
5309,20152.170000000002,48030.65,16876.0,13139.880000000001,15083.98
5310,23416.13,47731.82,15626.5,12336.04,15305.58
5311,24412.11,50462.26000000001,14593.46,11457.99,15121.18
5312,24833.02,53155.27,15806.14,10866.380000000001,16172.43
5313,25080.229999999996,55257.7,17710.11,10705.410000000002,17550.77
5314,25220.340000000004,54819.29,17225.34,10700.26,17948.44
5315,24871.639999999996,54220.58,16650.35,10711.69,17255.46
5316,24771.18,52933.310000000005,15203.470000000001,10728.68,16739.09
5317,24483.589999999997,51330.85,14175.0,10716.400000000001,16015.3
5318,23752.990000000005,49645.58,13196.53,10078.460000000001,15245.899999999998
5319,24084.639999999996,46691.07000000001,13194.21,10072.210000000001,13863.79
5320,23793.15,44277.380000000005,13111.37,10071.449999999999,13353.890000000001
5321,22838.620000000003,42630.12,12691.72,10070.61,13321.039999999999
5322,21925.56,42257.33,12123.11,10083.89,13378.19
5323,19955.72,41666.8,12447.93,10109.08,13391.39
5324,18289.850000000002,40336.18,12422.69,10379.69,13220.499999999998
5325,17681.88,40741.85,13956.77,11003.199999999999,11958.789999999999
5326,17803.27,39298.26,15224.93,11918.89,10962.419999999998
5327,17977.68,38382.64,15932.359999999999,12722.62,10800.51
5328,18592.16,37799.59,16922.760000000002,13303.2,10290.32
5329,18858.81,38726.05,17626.72,13668.58,10388.15
5330,18898.2,39181.54,18125.739999999998,13576.33,10392.220000000001
5331,18880.47,39492.88,18097.920000000002,13063.45,10275.21
5332,18530.450000000004,40545.67,18474.29,12351.029999999999,10047.16
5333,18679.0,42099.22,17599.26,11624.29,11221.28
5334,20255.34,43991.14,15099.85,11119.490000000002,13248.050000000001
5335,22672.05,46837.08,13183.080000000002,10564.22,15611.39
5336,24280.990000000005,49729.240000000005,12616.470000000001,10295.820000000002,17915.44
5337,25211.98,52109.299999999996,15602.62,10266.03,19100.79
5338,25211.199999999997,53138.119999999995,17126.5,10241.67,18973.55
5339,26027.39,52700.310000000005,17401.649999999998,10240.98,18507.04
5340,26307.780000000002,51158.090000000004,16903.35,10225.05,18594.13
5341,26176.640000000003,48484.299999999996,15212.029999999999,10207.330000000002,18477.36
5342,25663.350000000002,47538.009999999995,13817.939999999999,10392.64,15889.029999999999
5343,24632.719999999998,45161.590000000004,14149.369999999999,9980.18,14672.79
5344,24377.26,43777.71,13911.800000000001,9851.69,13608.279999999999
5345,24346.899999999998,42700.3,13782.769999999999,9703.69,13153.650000000001
5346,24184.080000000005,41217.729999999996,15098.77,9683.64,13019.589999999998
5347,24666.030000000002,42379.54,15765.109999999999,9684.55,13059.03
5348,24984.88,42664.799999999996,17518.48,10147.320000000002,13530.45
5349,24396.36,44120.22,21721.24,10967.65,14116.33
5350,24614.1,48217.62,23327.739999999998,11845.320000000002,15057.38
5351,25100.29,50385.350000000006,23531.09,12500.939999999999,15479.18
5352,25869.009999999995,51327.92,24283.04,13136.17,15700.97
5353,26155.3,51230.32,24762.59,13575.73,16224.619999999999
5354,26260.88,50365.67,23517.4,13481.95,16189.330000000002
5355,26576.29,53378.399999999994,24448.17,13080.029999999999,16905.5
5356,26847.48,56510.869999999995,24001.54,13061.410000000002,17886.9
5357,26454.15,57951.69,23746.86,12847.73,18221.09
5358,26936.37,57713.55,21927.61,12070.960000000001,19384.010000000002
5359,28130.14,55037.560000000005,17844.78,11177.539999999999,19984.5
5360,27548.65,53208.40000000001,15319.28,10699.45,19313.34
5361,26950.060000000005,54919.90999999999,17899.22,11323.020000000002,19574.3
5362,26917.48,55953.439999999995,18520.27,11869.47,19266.91
5363,26458.89,56734.72,18828.66,11966.25,19221.62
5364,26284.200000000004,54422.399999999994,18008.62,11783.84,19203.670000000002
5365,26002.61,53000.399999999994,17014.73,10409.54,18971.93
5366,25598.61,49675.92999999999,16018.26,10275.170000000002,17493.5
5367,24903.339999999997,47510.29,15917.57,10157.85,15588.22
5368,23664.25,45845.97,16311.400000000001,9897.75,14532.960000000001
5369,22631.239999999998,45568.53,15601.0,9885.88,14321.210000000001
5370,22057.52,46116.03,15251.259999999998,9869.72,14274.07
5371,21827.13,45785.1,16911.84,9925.31,14350.08
5372,22272.75,46294.25,18384.18,10277.56,14565.260000000002
5373,22128.37,48107.68,21025.46,10984.890000000001,15665.25
5374,22908.629999999997,49909.43,23628.39,11584.480000000001,16391.16
5375,22418.59,53216.51999999999,23638.22,12274.74,16455.11
5376,23268.58,54264.18,24196.5,12817.51,16779.38
5377,24339.230000000003,54397.36,24575.33,13131.35,16845.579999999998
5378,25869.65,54056.490000000005,23813.440000000002,13244.230000000001,16460.86
5379,27827.920000000002,54589.57000000001,25295.579999999998,12930.730000000001,16526.129999999997
5380,27916.980000000003,56495.76,25642.8,12530.460000000001,16501.79
5381,28722.629999999997,54969.69,25312.66,12027.449999999999,17462.690000000002
5382,29652.15,54127.82000000001,23742.0,11435.48,18115.420000000002
5383,29522.270000000004,53599.31,20591.05,11041.49,18010.43
5384,29280.46,53548.479999999996,17479.97,11246.590000000002,18215.79
5385,29291.2,54068.560000000005,18789.63,11781.95,19477.11
5386,29149.71,54938.59,19641.170000000002,11994.99,18922.54
5387,29421.51,55738.16,19560.4,11932.92,18559.5
5388,29469.129999999997,53537.42,18376.03,11919.92,18509.1
5389,29372.69,50707.22,17485.329999999998,10594.54,18341.59
5390,27597.54,49917.259999999995,16592.88,9743.85,17187.36
5391,26419.43,48395.950000000004,16583.74,9658.960000000001,15248.119999999999
5392,26109.940000000002,45827.93,16597.82,9642.32,14510.84
5393,26189.77,44625.979999999996,16141.0,9650.71,14078.64
5394,25726.06,44507.45,15986.75,9672.539999999999,14111.38
5395,24932.989999999998,46082.08,16896.29,9512.24,14148.13
5396,23446.109999999997,47434.57,18941.95,9870.04,14565.16
5397,21585.079999999998,49076.61,23338.92,10491.05,15525.880000000001
5398,22104.34,52219.32,25706.690000000002,11275.0,16169.310000000001
5399,22651.18,53989.78999999999,25250.35,11967.28,16440.58
5400,23293.909999999996,55332.73000000001,25358.99,12461.820000000002,16741.15
5401,23480.780000000002,56267.09999999999,25537.88,12829.13,16707.199999999997
5402,24065.47,53355.369999999995,25074.66,13041.38,17602.6
5403,25040.97,55752.97,26024.93,12987.53,17215.7
5404,25739.880000000005,56295.21000000001,26877.62,12401.67,17944.08
5405,26694.200000000004,55860.28,27104.93,11649.339999999998,18196.86
5406,26977.67,57115.70999999999,25026.96,11054.35,17972.54
5407,27076.06,54757.79000000001,21064.97,10496.97,17942.23
5408,27371.13,54475.28,17546.399999999998,10633.630000000001,18311.01
5409,28171.09,55872.59,18868.43,10792.460000000001,18419.98
5410,28780.350000000006,55318.51,19563.99,10822.019999999999,18400.82
5411,28661.25,55619.28999999999,19631.370000000003,10817.22,18267.260000000002
5412,28399.460000000006,53815.36,18892.1,10640.48,18108.43
5413,28220.929999999997,52862.62999999999,16946.94,9901.59,17723.36
5414,27959.780000000002,50275.49,15418.22,9454.94,16827.620000000003
5415,26927.190000000002,47589.09,15832.57,9449.650000000001,15191.699999999997
5416,26641.59,45715.590000000004,14964.279999999999,9377.05,14421.930000000002
5417,26905.9,44638.770000000004,14202.2,9378.44,14037.570000000002
5418,27156.300000000003,44129.86,14260.82,9351.22,13842.050000000001
5419,27405.940000000002,43471.65,16179.0,9434.43,13988.419999999998
5420,26390.670000000002,45669.61,16773.55,9751.58,14403.09
5421,24712.260000000002,48464.41,20196.15,10351.51,15087.76
5422,23841.39,51664.46000000001,23973.39,11212.42,15511.819999999998
5423,23624.829999999998,51564.48,26057.87,12094.24,15785.339999999998
5424,24078.340000000004,52413.03,26110.29,12710.6,16847.57
5425,24329.78,52676.46,26337.79,13030.45,17616.72
5426,24499.510000000002,51013.68000000001,25828.03,13115.61,17081.87
5427,27834.43,52559.75,25382.92,12808.330000000002,17253.28
5428,31371.96,56428.5,21764.48,12293.38,17231.68
5429,32170.96,55897.15,21122.13,11461.35,17367.18
5430,32666.589999999997,55233.51000000001,19636.78,10616.039999999999,17098.64
5431,32346.45,53271.09,15966.970000000001,9885.04,17517.65
5432,31226.370000000003,54641.67999999999,13425.900000000001,9346.42,18455.07
5433,29964.53,57656.799999999996,16451.73,9152.630000000001,18736.18
5434,29447.400000000005,58172.229999999996,17072.26,9149.34,18703.899999999998
5435,29616.26,58074.59999999999,17100.98,9142.75,18624.59
5436,29158.100000000002,57684.189999999995,15736.03,9121.72,17982.91
5437,28737.95,55962.28,13112.73,9075.64,16848.02
5438,28557.73,52635.549999999996,12233.36,9087.28,15417.78
5439,27148.030000000002,50881.700000000004,11553.29,8947.92,14568.57
5440,26626.390000000003,48672.7,11045.220000000001,8946.11,14480.71
5441,26294.87,46697.23,11275.52,8947.98,14423.44
5442,26429.600000000002,45558.270000000004,12432.48,8955.74,14099.81
5443,26910.2,45665.38,13303.44,8964.68,14443.36
5444,26313.72,46546.130000000005,15342.470000000001,9487.199999999999,14755.37
5445,24969.2,47855.43,19441.829999999998,10259.320000000002,15752.98
5446,23587.68,50873.159999999996,21834.659999999996,11129.21,16647.73
5447,23741.260000000002,52674.85999999999,22029.86,11922.150000000001,16713.75
5448,23956.079999999998,54577.06,23000.91,12493.09,16320.380000000001
5449,24827.19,56165.82,22881.08,12832.94,15873.619999999999
5450,25968.629999999997,52799.25,22728.079999999998,12780.64,15919.31
5451,28024.000000000004,53770.42,23587.510000000002,12396.210000000001,15895.720000000001
5452,29659.63,54692.28999999999,23614.17,11809.92,16359.75
5453,30172.879999999997,54175.01,23018.31,11011.94,16387.56
5454,30704.94,52612.71,21496.13,10407.86,15819.189999999999
5455,30827.99,51811.44,18026.79,9867.809999999998,16456.23
5456,31187.75,53313.310000000005,15044.380000000001,9424.0,17806.66
5457,31548.759999999995,55901.22,16629.120000000003,9366.81,18425.839999999997
5458,31717.440000000002,54853.39,16763.91,9377.51,18989.51
5459,31877.23,55071.71000000001,15875.01,9345.779999999999,18847.52
5460,31599.670000000002,53872.96000000001,15309.33,9273.33,18317.13
5461,31214.75,52521.90000000001,13693.880000000001,9256.08,17334.41
5462,31062.960000000003,50275.200000000004,12054.94,9270.44,15705.39
5463,29085.2,49421.61,11804.470000000001,9232.62,14056.409999999998
5464,28649.04,46993.12,11885.37,9232.61,13411.11
5465,27618.15,45340.12,11846.69,9238.17,13469.570000000002
5466,27421.18,44230.53,11891.380000000001,9227.449999999999,13492.17
5467,27109.53,43423.31999999999,12192.050000000001,9231.47,13607.609999999999
5468,24486.53,43252.67,13758.07,9630.910000000002,13724.469999999998
5469,22975.07,45008.53999999999,15745.720000000001,10383.14,12977.829999999998
5470,22620.99,47049.21,16857.24,11091.85,12774.3
5471,21269.89,47738.41,18129.05,11830.53,13075.0
5472,20357.120000000003,48123.17,19397.42,12431.470000000001,13363.68
5473,21048.0,48937.38,20029.1,12813.61,13617.66
5474,21083.41,48582.799999999996,20214.67,12988.83,13558.37
5475,20449.84,50229.4,19353.93,12619.17,13340.91
5476,20194.289999999997,51866.09,18658.24,11991.67,13047.14
5477,20613.69,51007.34,18404.5,11377.35,14318.02
5478,22731.600000000002,52117.62,16410.64,10664.99,14543.85
5479,25520.97,53216.07000000001,13701.14,10029.72,15298.28
5480,28535.68,54064.53,13300.04,9551.5,16465.04
5481,28228.96,56258.68,15063.6,9486.31,18206.46
5482,28039.38,55785.880000000005,14680.5,9508.85,18327.899999999998
5483,27899.94,54847.97,14299.79,9518.91,17953.149999999998
5484,27542.2,54797.479999999996,13559.740000000002,9527.439999999999,16339.199999999999
5485,27019.510000000006,53553.090000000004,12559.72,9391.01,15448.55
5486,25061.95,51873.64,11879.75,9188.960000000001,15077.869999999999
5487,23953.760000000002,50072.01,11577.25,9182.07,14120.919999999998
5488,23338.469999999998,48436.43,11103.75,9120.61,13665.13
5489,22958.700000000004,47382.25,10354.07,9083.83,13224.789999999999
5490,23126.89,47226.55,9995.41,9074.169999999998,11326.96
5491,22592.83,46401.84999999999,9981.35,9104.85,10663.99
5492,19831.890000000003,45524.97,11741.470000000001,9477.630000000001,10229.13
5493,16710.989999999998,44337.15,16392.71,10063.51,9542.34
5494,15354.349999999999,43380.46000000001,19106.989999999998,10792.300000000001,9016.04
5495,15041.08,42397.5,20315.5,11618.57,8284.3
5496,15177.15,42671.17999999999,21314.38,12148.84,8027.59
5497,15400.7,44063.29,21793.15,12418.880000000001,8170.85
5498,15361.839999999998,45376.659999999996,21647.19,12367.09,8161.24
5499,14900.289999999999,47693.63,20465.66,11891.55,7839.360000000001
5500,14274.22,49970.01000000001,19439.870000000003,11343.66,7954.380000000001
5501,15429.35,49522.32,18108.03,10713.130000000001,9671.67
5502,18805.64,47943.21000000001,16673.239999999998,10466.300000000001,11799.439999999999
5503,23643.999999999996,49960.950000000004,14243.73,9907.279999999999,13719.419999999998
5504,25810.499999999996,53116.31,11996.84,9415.81,17413.989999999998
5505,26808.19,56289.299999999996,13806.08,9358.38,18872.359999999997
5506,27576.56,56463.130000000005,14783.71,9257.87,18778.66
5507,27953.73,56733.06000000001,14370.64,9205.39,18637.0
5508,28084.46,56099.07,13836.47,9059.0,18217.649999999998
5509,28001.22,53827.87000000001,12631.650000000001,9053.22,17232.899999999998
5510,27087.759999999995,51498.31,12869.07,9047.119999999999,15270.600000000002
5511,26668.470000000005,48165.45,13709.71,9020.17,13982.75
5512,26998.670000000002,45153.14,13838.43,8997.02,13734.810000000001
5513,27002.069999999996,43548.87,13827.130000000001,8985.99,13503.899999999998
5514,26840.579999999998,43493.42999999999,13397.07,8906.74,13517.960000000001
5515,25942.129999999997,45536.78,14095.2,8974.07,13477.609999999999
5516,23731.610000000004,48815.689999999995,15461.54,9398.3,14032.07
5517,22809.15,52373.79,17330.46,10181.64,15239.82
5518,24449.76,56228.659999999996,18515.71,11134.550000000001,16522.6
5519,24892.91,57176.3,19805.809999999998,11932.93,17109.32
5520,24879.44,58545.4,20524.670000000002,12634.43,17270.010000000002
5521,24658.170000000002,58714.63,21213.93,13186.19,17285.53
5522,24459.469999999998,57965.77,20531.09,13330.490000000002,16967.62
5523,26948.66,59359.44,21580.73,12732.130000000001,16740.79
5524,29345.91,58921.369999999995,22498.379999999997,11854.329999999998,16637.23
5525,30380.97,56844.340000000004,22930.739999999998,11340.29,16486.5
5526,32233.100000000002,55058.38,23208.64,10542.130000000001,16570.66
5527,31788.39,52528.15,20267.129999999997,9942.4,16972.2
5528,31235.61,52385.04,18194.61,9207.55,17817.53
5529,31427.809999999998,56456.98,18725.98,9168.49,18405.949999999997
5530,30711.51,57474.26000000001,19139.04,9243.27,18791.97
5531,29626.079999999998,59367.52999999999,19385.53,9065.469999999998,18429.91
5532,29080.06,58553.12,18262.65,8934.679999999998,17619.98
5533,28827.63,55091.03,16638.66,8936.3,16360.949999999999
5534,29991.81,52282.53,14110.33,8861.990000000002,14420.189999999999
5535,30496.61,48427.530000000006,13381.419999999998,8841.02,13692.619999999999
5536,30697.21,45229.280000000006,13247.44,8853.289999999999,13258.38
5537,30668.09,43583.62,13073.41,8863.519999999999,12840.25
5538,30483.37,43873.22,12418.76,8901.3,12584.14
5539,30567.56,45111.65,12101.29,8935.05,12779.800000000001
5540,29432.74,46406.19,13643.43,9355.259999999998,13379.119999999999
5541,27248.88,48782.659999999996,17610.32,10273.61,14509.61
5542,27319.739999999998,51581.28,18157.559999999998,11392.210000000001,16836.74
5543,27515.010000000002,51927.34999999999,19640.38,12075.26,17337.52
5544,28701.570000000003,51736.53,21102.23,12587.45,17361.09
5545,30077.840000000004,50799.23,22756.1,12876.85,16854.33
5546,30045.260000000002,49923.99,22304.559999999998,12973.32,15936.99
5547,31823.72,51628.44,22545.050000000003,12735.970000000001,16299.789999999999
5548,33334.7,53686.579999999994,21515.04,12312.61,16535.800000000003
5549,32997.62,54842.340000000004,21259.86,11504.58,16521.94
5550,32451.27,55856.579999999994,19462.53,10538.79,16452.07
5551,32650.910000000003,52631.850000000006,16334.74,9831.289999999999,16297.35
5552,32312.170000000002,53214.33,16006.189999999999,9342.07,16029.76
5553,30852.649999999998,55932.899999999994,18232.8,9337.15,16601.14
5554,30159.22,56166.36,18071.65,9313.22,16652.64
5555,30132.07,56870.619999999995,17126.920000000002,9387.359999999999,16614.58
5556,29990.510000000002,56142.310000000005,15791.859999999999,9285.09,16103.14
5557,29640.38,54362.28999999999,13513.08,8989.9,15360.519999999999
5558,27959.34,53567.810000000005,11297.27,8915.5,14173.99
5559,27984.919999999995,50492.36,10146.47,8907.18,13669.05
5560,28283.989999999998,47461.46,9751.32,8930.24,13333.76
5561,27374.51,47003.149999999994,9058.92,8943.14,13335.78
5562,26845.13,46609.170000000006,8998.7,8928.31,13437.73
5563,27950.680000000004,46297.0,10066.7,8947.19,13218.9
5564,28412.22,45264.55,13135.4,9395.94,13663.109999999999
5565,26775.410000000003,48293.4,16315.390000000001,10287.23,14544.730000000001
5566,26972.78,51985.33,17381.559999999998,11374.62,15008.369999999999
5567,27773.190000000002,52564.51,18903.86,12250.0,15079.260000000002
5568,28714.54,53365.78,20587.65,12651.499999999998,15066.089999999998
5569,29098.3,52963.170000000006,21465.75,12902.460000000001,15084.64
5570,28841.820000000003,51359.649999999994,21062.83,12879.199999999999,15422.0
5571,29595.629999999997,52089.63,22299.199999999997,12540.320000000002,15803.37
5572,30621.65,52553.05,22743.42,11992.53,16152.83
5573,31205.34,53310.149999999994,21920.59,11380.37,16730.030000000002
5574,32137.8,51863.57,22106.28,10536.16,16709.03
5575,32386.98,50420.17,19118.22,9666.84,16539.09
5576,31821.190000000002,51719.91,17559.62,9096.83,17437.940000000002
5577,30889.319999999996,55014.39,19848.64,9096.91,17852.59
5578,30561.100000000002,56406.69,19433.98,9183.16,17386.46
5579,30125.01,58451.83,18227.21,9202.91,17355.42
5580,29515.02,57060.229999999996,17308.81,9177.699999999999,16816.48
5581,29649.8,55096.42,14127.35,9118.64,15489.280000000002
5582,29196.410000000003,52738.15,12018.009999999998,8971.14,14748.83
5583,27933.210000000003,50441.64,11416.239999999998,8955.68,14178.009999999998
5584,27673.389999999996,48491.759999999995,9958.8,8975.43,14386.05
5585,27418.709999999995,46893.24,9498.130000000001,8932.56,14395.4
5586,28030.300000000003,45769.42999999999,9524.67,8931.13,14181.019999999999
5587,28097.45,46345.85999999999,10528.27,8991.699999999999,14227.84
5588,27545.2,47176.57,12378.84,9385.69,14659.53
5589,27309.31,49390.69,15376.84,10265.18,15262.660000000002
5590,27904.25,52296.88999999999,17372.9,11286.249999999998,15974.1
5591,27480.12,54042.27,18771.14,12169.259999999998,16340.36
5592,28394.45,54447.98,19995.6,12832.11,16787.75
5593,28743.88,54504.119999999995,20622.07,13084.679999999998,17013.36
5594,28097.640000000003,53787.4,20421.61,12891.130000000001,16744.57
5595,31148.54,54533.92,20165.98,12713.109999999999,16728.92
5596,33092.0,55474.16,19542.67,12108.81,16634.56
5597,32918.08,55869.99,19572.63,11320.34,16545.8
5598,32400.94,56324.55,19435.39,10553.960000000001,16596.030000000002
5599,31304.8,53851.020000000004,17960.02,9727.88,16878.329999999998
5600,31582.1,54680.909999999996,15534.27,9256.31,17916.48
5601,30915.959999999995,58182.59,17614.88,9253.03,17954.71
5602,29589.489999999998,59982.299999999996,17923.52,9287.32,17887.08
5603,29364.409999999996,60476.72,18009.96,9302.71,18037.690000000002
5604,29585.370000000003,59424.78999999999,16321.490000000002,9314.74,17546.82
5605,29710.42,55891.64,14373.46,9131.83,16837.199999999997
5606,28262.880000000005,54179.729999999996,11806.400000000001,8952.37,16139.259999999998
5607,27377.9,51624.95999999999,10785.44,8932.68,15413.89
5608,26013.550000000003,51065.51,9856.380000000001,8907.0,14358.61
5609,25623.26,50316.41,9586.61,8904.01,13998.02
5610,24960.710000000003,50493.259999999995,9748.130000000001,8894.609999999999,13905.3
5611,24765.83,51379.51,10074.82,8966.470000000001,14103.34
5612,24461.17,51571.66,11513.48,9395.849999999999,14600.170000000002
5613,24500.289999999997,53106.6,13850.579999999998,10286.79,16251.29
5614,26478.05,55186.28,15730.64,11349.25,16509.52
5615,27717.83,56368.96,17537.61,12218.67,16156.699999999999
5616,28547.93,57145.119999999995,18845.14,12666.670000000002,16145.92
5617,28668.34,57675.81,19498.54,12845.32,16137.15
5618,27696.610000000004,57389.35,19575.77,12822.79,15993.56
5619,29414.550000000003,59423.8,20720.47,12716.290000000003,16058.630000000001
5620,31390.809999999998,59300.270000000004,21460.15,12306.170000000002,16384.55
5621,31791.45,58988.049999999996,21217.13,11473.26,16178.369999999999
5622,31438.420000000006,57441.34999999999,19752.230000000003,10667.070000000002,16525.23
5623,31481.110000000004,55165.82,18335.08,9770.329999999998,15172.93
5624,30627.19,56776.810000000005,16108.7,9354.76,16858.16
5625,30034.069999999996,59292.84,17449.2,9246.509999999998,17641.329999999998
5626,29095.94,59237.34,17917.45,9326.18,17693.97
5627,28761.319999999996,60744.67,17611.87,9356.18,17314.41
5628,29266.449999999997,60714.02,15973.82,9202.08,16537.1
5629,29442.22,58298.63999999999,15015.56,9005.84,15275.880000000001
5630,29540.99,55195.79,13668.82,8893.109999999999,14836.18
5631,28992.06,53502.38,12292.27,8871.87,13735.24
5632,28568.940000000002,50888.590000000004,11909.73,8880.67,13270.640000000001
5633,28695.26,49192.11,11225.27,8876.58,12804.359999999999
5634,28704.4,48583.2,10238.529999999999,8765.12,12845.279999999999
5635,28153.899999999998,48242.99,9952.46,8708.189999999999,12989.96
5636,24122.690000000002,48514.03999999999,11629.79,9107.33,13246.279999999999
5637,22823.149999999998,49587.32,13802.84,10028.43,13562.11
5638,21846.679999999997,51184.5,15333.59,11057.26,13698.710000000001
5639,19333.329999999998,54189.409999999996,16677.54,11986.490000000002,12345.829999999998
5640,19681.309999999998,53871.06,17587.059999999998,12720.61,11736.210000000001
5641,20317.269999999997,51882.06999999999,19789.48,12850.82,11737.93
5642,19943.960000000003,50500.33,21041.54,12812.42,11684.48
5643,19551.12,49913.1,21092.190000000002,12592.560000000001,12272.33
5644,19706.589999999997,50117.6,20192.690000000002,12114.63,12749.85
5645,21621.3,50480.06,18529.22,11364.73,13052.54
5646,24177.25,49791.22,17241.64,10640.99,13934.210000000001
5647,28460.589999999997,48981.62,15939.529999999999,9751.050000000001,15376.83
5648,30124.839999999997,53452.98,14458.77,9195.93,16604.74
5649,30681.05,56370.729999999996,15614.73,9136.11,17151.85
5650,28198.97,57782.14,15569.66,9163.050000000001,17162.01
5651,27659.340000000004,57707.86,15010.23,9168.56,16784.26
5652,27152.55,57131.41,14087.72,9035.109999999999,15647.11
5653,27084.12,55667.17,13300.279999999999,9013.09,14611.12
5654,27848.08,54053.25,10208.97,8893.52,14200.77
5655,27957.01,51477.05,9328.9,8875.14,13503.109999999999
5656,27700.320000000003,49191.39,9078.3,8815.380000000001,12926.480000000001
5657,28053.25,46556.71000000001,8790.35,8791.339999999998,12952.3
5658,27541.990000000005,45688.750000000015,8501.51,8787.210000000001,12770.76
5659,26466.86,44789.43,8502.98,8866.2,12645.679999999998
5660,22257.1,43518.909999999996,10241.91,9350.580000000002,13218.140000000001
5661,18054.45,43203.23,14460.14,10397.669999999998,13177.7
5662,17391.47,42811.049999999996,16689.5,11470.070000000002,12299.88
5663,18511.12,41375.08,18486.4,12409.09,11018.73
5664,18901.02,40918.44,19871.41,13230.71,10878.67
5665,19195.879999999997,42125.46,20651.57,13551.7,11245.69
5666,19413.02,42471.78,21225.620000000003,13575.570000000002,11273.150000000001
5667,18784.76,43345.66,21056.2,13151.13,11653.09
5668,18632.260000000002,44752.450000000004,20076.629999999997,12454.16,11969.470000000001
5669,19465.839999999997,45200.09,18698.78,11508.24,12989.01
5670,21989.89,45676.79,17105.92,10491.99,13777.05
5671,25181.56,47561.899999999994,13756.800000000001,9490.730000000001,15367.77
5672,28367.840000000004,50664.299999999996,11751.9,9146.880000000001,17048.34
5673,30112.18,54547.89,12390.61,9032.859999999999,17213.11
5674,30050.310000000005,55605.270000000004,12654.43,9136.01,17179.28
5675,29990.31,55747.19,12640.0,9156.29,17342.350000000002
5676,30126.899999999998,54263.25,12543.29,9091.31,16940.14
5677,30249.579999999994,51592.05,12062.86,9035.419999999998,16092.630000000001
5678,30713.52,48268.81,11275.81,8901.970000000001,14931.81
5679,30688.469999999998,45185.340000000004,11241.92,8892.220000000001,14239.01
5680,29430.0,45453.02,10660.55,8892.09,13030.619999999999
5681,28866.400000000005,44757.49,10467.130000000001,8894.98,12560.51
5682,28497.33,44512.520000000004,10633.62,8940.32,12361.16
5683,27403.479999999996,47105.969999999994,10999.970000000001,9007.73,12285.81
5684,26179.64,48430.7,13504.91,9367.730000000001,13098.970000000001
5685,25344.24,51667.1,17172.920000000002,10309.68,14363.98
5686,26604.139999999996,55802.17999999999,18402.63,11344.89,15285.07
5687,28320.79,56486.39,19377.42,12401.630000000001,15964.279999999999
5688,30342.93,56721.229999999996,20569.42,13315.4,16055.76
5689,32060.739999999998,56387.62,20882.15,13711.070000000002,16029.87
5690,30996.1,56491.490000000005,20027.87,13422.619999999999,15860.33
5691,32957.57,59898.2,19634.6,12716.33,15943.340000000002
5692,34590.57,60643.42,19621.04,12218.38,16082.25
5693,34369.92999999999,59446.74,20504.75,11607.22,16721.41
5694,33350.729999999996,58103.49,21141.04,10741.25,17164.08
5695,33386.05,54887.29,18566.3,9797.86,17276.74
5696,32855.65,55236.490000000005,16551.81,9232.3,17401.920000000002
5697,31880.610000000004,58173.36,18550.89,9209.349999999999,18254.34
5698,30702.289999999997,59744.990000000005,19169.75,9229.74,18578.69
5699,31408.499999999996,59985.490000000005,19064.28,9226.980000000001,18581.17
5700,31106.41,58675.130000000005,17344.24,9062.31,18275.65
5701,30770.06,56378.54000000001,14726.98,9004.929999999998,17029.66
5702,29906.999999999996,53601.11,12469.980000000001,8830.07,16321.07
5703,29207.49,51309.67,11055.57,8794.460000000001,16178.59
5704,28966.890000000003,48378.75,10696.3,8749.509999999998,15974.52
5705,29005.840000000004,46996.8,10114.83,8737.8,15376.19
5706,28418.36,46915.36000000001,10000.92,8766.72,15294.35
5707,27864.500000000004,47808.65,10931.720000000001,8721.519999999999,15572.669999999998
5708,26163.629999999997,48934.38999999999,13072.230000000001,9095.960000000001,16491.24
5709,24981.820000000003,50798.85,18512.45,10004.47,17388.61
5710,25963.91,57239.78999999999,17660.55,11249.999999999998,17984.54
5711,26488.139999999996,58362.12999999999,19287.03,12324.369999999999,17516.83
5712,27216.170000000002,60692.28999999999,19989.940000000002,12832.3,16961.399999999998
5713,27249.880000000005,62122.76,20438.72,13274.050000000001,17205.239999999998
5714,26616.590000000004,62148.89,19769.02,13289.39,16913.73
5715,29398.190000000002,62404.799999999996,19943.760000000002,12683.96,17541.34
5716,30863.469999999998,61476.62,19907.45,11917.3,18009.79
5717,30604.320000000003,61244.380000000005,20455.66,11264.660000000002,18447.3
5718,30299.850000000002,60149.49,21052.469999999998,10490.9,18147.940000000002
5719,31703.91,55442.38,18399.99,9618.189999999999,17715.78
5720,31949.71,54475.84,16434.96,9311.96,17417.219999999998
5721,31332.14,57216.58,18268.8,9240.329999999998,18357.129999999997
5722,31091.14,57503.149999999994,18981.0,9243.94,18654.24
5723,31671.010000000002,58338.35,18938.95,9181.43,18564.03
5724,31307.33,58149.149999999994,18223.93,9034.929999999998,17862.92
5725,30959.260000000002,54910.78,16507.78,8881.96,17054.659999999996
5726,29639.67,54120.490000000005,13548.33,8780.369999999999,15749.71
5727,29105.37,51196.719999999994,12160.49,8780.920000000002,15503.080000000002
5728,28562.059999999998,49854.6,10847.95,8766.0,15187.749999999998
5729,28607.590000000004,48732.07,10109.93,8778.27,14531.99
5730,28549.84,48297.37999999999,10116.86,8768.33,14151.74
5731,28390.17,48138.020000000004,11559.46,8807.050000000001,14730.489999999998
5732,26943.8,48616.600000000006,13447.63,9182.570000000002,16242.92
5733,24953.36,52228.03,17435.870000000003,9869.23,17409.160000000003
5734,24747.78,57292.240000000005,19715.07,11044.61,17942.370000000003
5735,24772.03,59991.85999999999,20817.39,12096.480000000001,17150.77
5736,25444.64,62330.33,21531.39,12701.769999999999,16587.559999999998
5737,26040.000000000004,62993.37000000001,21886.28,13077.980000000001,16557.5
5738,26460.330000000005,61090.14,21182.21,12799.02,17168.12
5739,28615.179999999997,60586.3,22386.519999999997,12589.41,18186.43
5740,30409.7,58435.86,24597.38,11936.490000000002,18380.15
5741,31120.77,57590.33,23654.46,11042.31,18183.79
5742,31456.56,57027.84,23013.86,9964.119999999999,18155.83
5743,31998.89,54617.66,18477.75,9121.140000000001,17821.050000000003
5744,32287.280000000002,54708.840000000004,16314.49,8917.91,18130.38
5745,31820.78,57725.079999999994,18204.28,8983.63,18748.620000000003
5746,30316.65,60162.51,17785.870000000003,8856.0,18699.02
5747,29325.42,62032.8,17628.89,8919.710000000001,18140.89
5748,29921.5,60021.03,16585.55,8688.33,17677.52
5749,30769.95,57604.97,14152.11,8575.63,16420.09
5750,30212.39,54758.729999999996,12226.38,8644.43,15716.330000000002
5751,30095.57,50804.33,11845.630000000001,8737.4,15280.16
5752,29977.1,47857.979999999996,11646.75,8696.7,15060.01
5753,29926.47,45877.92999999999,11017.400000000001,8701.63,15174.09
5754,29832.989999999998,45099.32,11007.619999999999,8699.94,15362.579999999998
5755,29721.96,45833.66,12176.48,8754.13,15368.06
5756,28093.9,46681.619999999995,15153.390000000001,9050.64,15510.73
5757,25685.27,51995.0,17700.16,9796.380000000001,16233.89
5758,25643.64,56634.73999999999,19816.08,10636.050000000001,16916.879999999997
5759,26324.949999999997,58044.15,20847.239999999998,11585.109999999999,17185.94
5760,27278.13,58811.56,21189.64,12353.85,17284.31
5761,27891.02,58269.42,22194.68,12634.39,17409.620000000003
5762,28138.28,57078.77,21911.16,12742.19,16967.77
5763,29945.760000000002,58607.49,22134.15,12229.53,17510.54
5764,31663.32,58433.07,23070.08,11463.509999999998,17461.66
5765,31868.75,57745.02,22717.77,10893.789999999999,17646.08
5766,33344.61,56484.549999999996,21139.6,10061.75,17922.230000000003
5767,32516.79,54882.41,17917.690000000002,9434.96,17433.14
5768,31361.120000000003,55964.03999999999,15410.88,9162.77,17927.04
5769,31245.450000000004,57418.950000000004,17838.87,9207.38,18225.550000000003
5770,31208.87,58354.520000000004,17488.35,9124.15,18278.58
5771,30908.449999999997,59323.41,17179.23,9061.25,18265.55
5772,30649.13,57958.47,16316.65,8839.01,17905.22
5773,30236.289999999994,55955.06,14551.47,8837.07,17136.489999999998
5774,29944.410000000003,53011.619999999995,14302.6,8866.34,14973.52
5775,29594.79,49692.24999999999,13740.380000000001,8835.2,13991.13
5776,28936.859999999997,47607.31999999999,13107.96,8786.94,13515.010000000002
5777,28716.829999999998,47295.56,12007.779999999999,8778.13,12972.11
5778,28386.580000000005,46907.799999999996,11738.36,8762.789999999999,13009.75
5779,28341.64,47801.69,11886.76,8804.859999999999,13581.14
5780,28430.239999999998,46704.77,13559.95,9230.98,15045.03
5781,25236.59,51108.899999999994,18071.18,10106.61,15544.27
5782,25157.66,58238.54,17612.91,11087.519999999999,16621.629999999997
5783,26232.52,59954.869999999995,18402.010000000002,11955.06,16484.86
5784,26709.25,61158.68,19873.5,12664.250000000002,16621.84
5785,26766.89,61494.03999999999,20535.89,13145.73,16450.97
5786,26834.149999999998,61242.95,20433.55,13029.929999999998,15447.2
5787,27631.0,61996.75,20938.04,12739.04,16255.330000000002
5788,31719.589999999997,57831.2,21550.89,12043.48,17513.96
5789,33490.74,54450.40999999999,22375.129999999997,11091.26,17351.35
5790,33895.44,53127.23,20976.29,10129.660000000002,17555.239999999998
5791,32917.2,53189.5,17053.29,9393.380000000001,17455.42
5792,30766.509999999995,55887.59,15735.2,8948.01,17619.870000000003
5793,28077.830000000005,59705.82000000001,18244.489999999998,8964.49,17964.71
5794,27210.100000000002,60636.66,17670.43,8929.519999999999,17860.67
5795,27645.469999999998,60456.34,17354.42,8791.34,17754.95
5796,28294.07,58961.08000000001,16342.79,8833.51,16832.35
5797,28420.760000000002,56524.28999999999,15194.869999999999,8897.95,15540.48
5798,28540.9,55200.159999999996,13590.630000000001,9064.74,13564.78
5799,28837.27,52254.15,12208.56,9039.670000000002,12828.25
5800,28670.97,49536.86,11392.15,9102.63,12744.84
5801,27701.980000000003,48193.44,11253.14,9096.68,12523.259999999998
5802,26675.87,48164.41,10714.31,9013.89,12569.65
5803,26339.71,47384.619999999995,10549.59,8937.449999999999,12516.63
5804,24272.36,46917.25,11322.759999999998,9165.460000000001,12625.56
5805,21462.07,49074.2,14881.51,9781.36,12748.32
5806,19646.41,51913.729999999996,16393.87,10594.19,12203.36
5807,18686.91,52081.35,18902.72,11564.08,11531.96
5808,19523.88,51338.45,20180.31,12348.920000000002,11492.44
5809,20050.79,51283.22,20484.21,12892.000000000002,11640.22
5810,20375.190000000002,50553.55,20804.83,13064.74,11646.380000000001
5811,20399.12,51784.28,20194.0,12692.68,11705.74
5812,21441.510000000002,52767.01,18053.059999999998,12032.65,12303.670000000002
5813,21799.87,50526.02,18617.010000000002,11225.9,13401.01
5814,23821.18,49263.06,17379.35,10484.54,14680.68
5815,27150.97,49812.16,15315.369999999999,9678.619999999999,14909.22
5816,30239.08,53133.92,12949.779999999999,9176.52,16382.220000000001
5817,29575.6,56852.90000000001,13838.14,9079.35,17794.52
5818,28221.079999999998,58081.68000000001,13144.55,9113.61,17241.92
5819,28192.47,56814.62,12713.830000000002,9130.88,17121.4
5820,28070.399999999998,55574.07,11645.5,9089.550000000001,16671.84
5821,28446.579999999998,53353.22,10980.94,9043.640000000001,15622.039999999997
5822,28065.82,50270.66,11798.26,9119.190000000002,14044.47
5823,27332.539999999997,48433.71,10776.91,9038.36,13706.889999999998
5824,25824.810000000005,47867.28,10000.43,9042.18,13200.92
5825,25523.290000000005,46825.93,9286.87,9046.390000000001,12929.57
5826,24457.12,46684.450000000004,9113.43,9055.77,12308.509999999998
5827,25009.579999999998,44217.19,9449.94,8988.640000000001,12230.25
5828,24842.339999999997,41835.49,9334.289999999999,9229.210000000001,12546.880000000001
5829,20594.22,43310.07000000001,12100.41,10011.15,12926.23
5830,17697.11,45122.159999999996,14584.369999999999,10844.080000000002,11665.66
5831,15810.5,47236.939999999995,16004.849999999999,11773.15,10695.57
5832,16454.4,46397.13,17514.99,12531.31,10197.1
5833,16929.26,45628.689999999995,18306.14,12935.619999999999,10732.85
5834,16957.510000000002,45240.04000000001,19556.87,12889.61,10818.65
5835,16447.23,45711.93,20115.940000000002,12480.02,10520.19
5836,16986.62,46067.770000000004,19834.29,11936.61,10362.52
5837,19424.48,45281.33,18522.760000000002,11214.32,11224.99
5838,22218.300000000003,45389.82,16101.07,10635.390000000001,13120.699999999999
5839,26531.73,46052.619999999995,12450.54,9868.33,15436.28
5840,28078.720000000005,49574.22,11625.02,9220.039999999999,17140.019999999997
5841,26730.920000000002,54529.07,13814.47,8985.57,17635.11
5842,26204.09,55525.73,14169.66,8919.32,17585.34
5843,26109.480000000003,55643.54000000001,13969.78,8922.73,17663.02
5844,26329.21,55385.09,13191.79,8925.940000000002,17611.76
5845,26543.44,54445.61,11444.43,8744.710000000001,16909.92
5846,26220.03,53481.93,10180.919999999998,8678.810000000001,15613.64
5847,25849.410000000003,51690.43,10091.14,8637.41,13637.45
5848,25798.239999999998,49023.2,10704.7,8532.890000000001,12829.150000000001
5849,25800.02,46794.630000000005,10738.880000000001,8587.5,12336.330000000002
5850,25646.26,46524.94,10222.21,8765.25,12423.480000000001
5851,25538.270000000004,46587.899999999994,10245.33,8814.16,12605.579999999998
5852,20833.4,49135.58,11730.130000000001,9167.509999999998,12874.14
5853,18700.79,52076.020000000004,15029.279999999999,9818.34,13313.920000000002
5854,18782.399999999998,54086.670000000006,17496.57,10645.13,11904.1
5855,19558.65,54651.2,18712.28,11570.710000000001,10625.72
5856,20508.89,54409.229999999996,19714.329999999998,12205.84,10789.810000000001
5857,21130.12,54663.39,20181.46,12907.1,10953.76
5858,21003.17,54696.63,20274.5,13023.859999999999,11018.43
5859,21458.86,56705.259999999995,19919.629999999997,12537.829999999998,11189.75
5860,23903.03,56026.27,17743.5,11947.36,13346.96
5861,25153.9,54816.89,16479.5,11479.83,14553.23
5862,24156.799999999996,55073.03999999999,15573.03,10635.039999999999,15648.900000000001
5863,24977.29,54134.770000000004,13211.33,9719.480000000001,16668.98
5864,26599.57,55058.39,12387.130000000001,9463.050000000001,17057.55
5865,27171.59,56986.61,14431.869999999999,9455.31,17773.420000000002
5866,27128.87,57051.89000000001,14789.59,9457.01,17839.23
5867,26932.46,58031.21,14413.849999999999,9481.83,17724.97
5868,25943.39,58277.99,13765.76,9420.470000000001,17321.5
5869,25562.51,56427.600000000006,13450.51,9181.87,16683.059999999998
5870,25137.56,54936.77,11840.41,9111.140000000001,15660.02
5871,25594.420000000002,52924.26,10774.96,9103.630000000001,14331.5
5872,26020.47,50442.079999999994,10835.529999999999,9022.87,13159.240000000002
5873,25662.329999999998,49417.07,10574.810000000001,8968.89,12522.67
5874,24942.950000000004,49123.95,10569.66,8951.93,12247.130000000001
5875,23999.82,49327.43000000001,10600.45,8975.99,12291.09
5876,19857.28,51158.56,11410.23,9367.83,12582.46
5877,18156.930000000004,52877.78,15170.07,10098.47,12323.99
5878,17691.76,54311.49,16893.19,10783.960000000001,11251.68
5879,17803.49,53982.22,17578.77,11558.31,11212.060000000001
5880,18400.250000000004,53532.770000000004,18446.17,12059.750000000002,11281.18
5881,18463.360000000004,53692.03,19111.08,12441.68,11387.710000000001
5882,18651.44,53379.18,19299.68,12657.9,11281.41
5883,18990.1,55738.05,19177.489999999998,12496.019999999999,11171.81
5884,20044.039999999997,55544.329999999994,18351.09,12096.830000000002,10902.41
5885,21172.21,54569.49,17197.5,11362.06,11636.0
5886,22113.079999999998,54323.86,16460.01,10429.57,13283.19
5887,24240.84,53399.47,14262.140000000001,9664.55,14686.11
5888,26897.29,55227.34,12592.91,9497.46,16258.880000000001
5889,27803.47,59286.189999999995,13444.35,9541.75,16792.84
5890,27300.399999999998,59292.090000000004,13674.28,9555.220000000001,17130.84
5891,27088.949999999997,59007.55,13918.51,9585.8,17139.39
5892,27311.479999999996,57735.729999999996,13694.439999999999,9601.86,16663.89
5893,27171.75,55086.76,13037.43,9368.67,16167.99
5894,26794.27,53208.420000000006,10858.56,9241.7,15785.91
5895,26439.770000000004,51490.799999999996,10275.060000000001,9143.16,14370.57
5896,26317.269999999997,49521.64,10437.66,9093.76,13290.74
5897,26277.95,48418.840000000004,10465.01,9083.14,12566.48
5898,25872.8,47754.52999999999,10500.779999999999,9075.67,12588.03
5899,23776.5,50237.22000000001,10348.78,9094.83,12759.9
5900,21048.740000000005,51896.53,11605.42,9447.44,13803.42
5901,21270.23,54530.11,13760.49,10240.5,14953.440000000002
5902,21908.29,56509.81,15090.35,11168.210000000001,15761.45
5903,22093.53,58726.630000000005,16096.25,11943.8,14891.760000000002
5904,22339.509999999995,60675.14000000001,18026.97,12552.499999999998,13638.84
5905,22796.58,61541.43,19054.660000000003,12720.24,13179.41
5906,23505.44,59948.91,19671.65,12769.72,13152.58
5907,24757.64,62347.189999999995,20910.16,12573.1,14496.970000000001
5908,26451.710000000003,62067.94,20943.97,12136.59,16544.66
5909,28715.27,60767.85999999999,20474.13,11578.01,16672.41
5910,29402.559999999998,57664.700000000004,21020.64,10847.390000000001,17458.03
5911,28654.28,56086.28999999999,17309.12,9783.6,17989.59
5912,29027.15,56735.630000000005,15044.68,9218.93,18098.88
5913,29561.239999999998,59602.55,16001.68,9130.42,17997.58
5914,29003.32,60435.7,16743.97,9079.21,18059.25
5915,29359.19,60504.75000000001,16884.190000000002,9014.41,18188.14
5916,29507.190000000002,59862.20999999999,16431.87,8952.43,17053.64
5917,29456.27,57451.3,14661.74,8920.09,15103.900000000001
5918,28167.339999999997,54461.34,12523.25,8992.35,14328.82
5919,27650.64,51228.48,12116.71,8998.92,13668.57
5920,27518.620000000003,48871.58,11735.15,9063.68,13005.699999999999
5921,27465.93,47094.909999999996,11161.42,9154.19,13130.92
5922,27391.47,46628.689999999995,10901.380000000001,9064.09,13145.53
5923,27176.149999999998,47300.490000000005,12330.08,8826.929999999998,13012.65
5924,24792.170000000002,50929.51,12785.33,9325.900000000001,13742.51
5925,23682.4,53993.600000000006,15609.99,10305.29,15263.400000000001
5926,22964.93,57582.83,18621.010000000002,11464.19,15639.740000000002
5927,22960.87,60148.6,19802.34,12483.119999999999,14700.14
5928,23006.920000000006,61951.619999999995,20812.65,13071.96,14302.61
5929,23161.4,62172.14000000001,20888.33,13341.800000000001,15027.0
5930,22392.25,61303.18,20704.35,13247.19,14609.76
5931,23102.99,63409.76,21419.22,13261.78,15046.74
5932,26254.77,64598.090000000004,20195.05,12589.849999999999,16107.11
5933,28047.74,63474.649999999994,20082.68,11703.73,16721.339999999997
5934,29424.610000000004,61483.78,19596.58,10249.730000000001,17329.58
5935,29244.030000000006,59579.27,17381.550000000003,9395.41,16305.52
5936,29285.84,59716.99,16024.279999999999,8862.4,17023.07
5937,29738.82,62396.310000000005,17271.4,8803.58,17507.65
5938,30067.82,62596.270000000004,17273.63,8849.38,17075.28
5939,30396.16,62311.56,17465.76,8843.869999999999,17208.58
5940,30874.2,60627.11,15630.900000000001,8449.199999999999,16957.71
5941,30071.74,58188.27,14176.740000000002,8322.550000000001,16019.98
5942,28318.750000000004,54294.67,14134.869999999999,8323.19,14645.399999999998
5943,27360.97,51678.0,13882.0,8379.54,13611.34
5944,27092.940000000002,50356.97,12678.529999999999,8312.07,13010.800000000001
5945,27336.379999999997,48949.63,12272.06,8330.17,12386.64
5946,27192.4,48153.259999999995,12400.510000000002,8412.699999999999,12307.38
5947,27217.140000000003,49232.450000000004,13029.48,8399.509999999998,12531.75
5948,25995.29,50394.549999999996,14119.490000000002,8710.380000000001,13720.75
5949,23537.69,54657.270000000004,17632.329999999998,9566.4,14334.359999999999
5950,23026.059999999998,57932.32,19522.11,10577.75,15313.08
5951,23088.8,60114.810000000005,20203.35,11532.4,14926.15
5952,23429.24,61816.54,20993.88,12346.169999999998,14859.489999999998
5953,24074.23,63735.979999999996,20589.050000000003,12699.1,14524.99
5954,23849.299999999996,63092.09,20309.09,12599.99,14372.69
5955,25040.52,65235.31,20233.54,12181.329999999998,15510.83
5956,29530.260000000002,63418.32000000001,20340.8,11580.91,16134.080000000002
5957,31730.0,60636.21000000001,21116.04,10750.18,16073.710000000001
5958,30560.59,59178.96000000001,20684.94,9941.62,16311.64
5959,29380.049999999996,57894.26,19516.010000000002,9010.84,15735.47
5960,29521.59,58813.36,17669.44,9202.949999999999,15554.91
5961,28963.280000000002,61991.24,18354.8,9908.55,16622.1
5962,28074.339999999997,62323.770000000004,18050.74,10231.69,16935.3
5963,28514.160000000003,63417.770000000004,17835.93,10130.72,16913.96
5964,28583.449999999997,61428.47,17640.739999999998,10118.6,16691.760000000002
5965,28711.13,58288.70999999999,16919.82,9873.580000000002,15775.52
5966,27202.39,55118.45,15180.529999999999,8690.33,14614.09
5967,26220.23,51701.909999999996,13916.44,8620.79,13555.1
5968,27115.100000000002,49794.45,12141.5,8628.320000000002,12911.57
5969,28108.089999999997,47445.65999999999,12442.5,8604.800000000001,12681.67
5970,27808.969999999998,46861.9,12128.87,8644.41,12617.72
5971,26142.71,47957.87,11602.29,8509.86,12689.31
5972,23375.079999999998,49982.67,10709.789999999999,8803.61,12934.060000000001
5973,20685.050000000003,52860.28999999999,11850.68,9692.66,13227.07
5974,19501.440000000002,56007.64000000001,13381.369999999999,10597.17,12471.51
5975,19580.179999999997,57596.48,14958.009999999998,11369.64,11837.27
5976,20254.06,57655.62,16747.72,12133.77,11221.17
5977,20693.11,57341.92999999999,18069.77,12624.36,10949.93
5978,20396.010000000002,55802.72,19434.989999999998,12589.58,11123.93
5979,21810.66,54893.74,19392.33,12398.31,11102.470000000001
5980,22877.420000000002,51899.10999999999,19939.39,11636.7,11931.86
5981,24692.82,49014.939999999995,19253.08,10676.55,13287.8
5982,27648.61,48300.92,18838.829999999998,9900.73,13075.810000000001
5983,28821.119999999995,52668.99,15594.42,9348.039999999999,13341.99
5984,29214.260000000006,56657.06,13770.470000000001,8927.859999999999,15900.7
5985,29719.160000000003,58361.36000000001,15118.34,9006.119999999999,16616.29
5986,28630.450000000004,58710.34,14914.060000000001,9057.02,15810.8
5987,28392.58,58067.75,13830.8,9080.09,15797.33
5988,28564.129999999997,56250.01999999999,13345.43,9079.34,15314.550000000001
5989,28895.19,53672.93000000001,13366.130000000001,9018.57,14511.23
5990,27282.11,52663.89,12872.4,8909.470000000001,12580.410000000002
5991,26078.44,51360.18,12424.800000000001,8905.09,11311.869999999999
5992,25289.03,49379.52,11632.88,8923.75,10843.79
5993,24754.960000000003,47475.829999999994,11271.789999999999,8849.11,10748.05
5994,24079.75,46361.14,11251.47,8922.66,10791.07
5995,22223.199999999997,46411.770000000004,11262.08,8984.539999999999,10882.920000000002
5996,18702.63,45943.259999999995,12017.140000000001,9247.18,10980.300000000001
5997,16448.14,46697.43,13752.94,9852.49,10416.990000000002
5998,14769.410000000002,47559.46,14889.17,10716.67,9535.019999999999
5999,14875.97,46088.64,16388.46,11569.47,9625.65
6000,15183.52,45503.39,17342.04,12309.69,9869.97
6001,15824.09,45718.09,18329.95,12802.44,9963.8
6002,16276.23,46259.56999999999,19145.260000000002,12912.520000000002,9989.29
6003,15919.539999999999,46231.42,20134.91,12540.310000000001,9559.7
6004,16596.77,46079.57000000001,20178.29,11862.880000000001,9816.0
6005,19174.12,45088.79,18044.87,11091.62,11724.44
6006,25844.790000000005,42195.51,16174.880000000001,10515.489999999998,12016.359999999999
6007,31629.64,42714.63,12834.36,9540.1,13311.91
6008,32772.08,46071.01,12905.369999999999,8989.9,15634.98
6009,33189.229999999996,48612.9,13915.43,8970.179999999998,16226.149999999998
6010,32649.870000000003,49917.810000000005,13296.41,8990.63,15950.52
6011,32419.97,51015.60999999999,13121.74,8998.619999999999,15433.74
6012,32091.89,50625.75,12607.57,8980.78,14983.19
6013,31427.48,49144.45,11344.29,9031.26,13986.66
6014,30156.3,48644.90000000001,10576.9,8928.550000000001,11731.39
6015,30754.39,44755.19,10482.65,8877.42,11374.82
6016,30269.17,42217.52,10966.619999999999,8871.07,11212.89
6017,30016.179999999997,40314.25,11288.27,8853.349999999999,11256.34
6018,30244.48,39940.16,11478.86,8707.85,11107.119999999999
6019,30001.039999999997,41402.38,12213.18,8774.349999999999,11349.070000000002
6020,26967.7,44561.41,14224.849999999999,9180.85,12178.519999999999
6021,23877.049999999996,49383.56999999999,18018.39,10086.65,13072.829999999998
6022,22295.789999999997,53887.020000000004,20898.82,11248.55,13844.32
6023,23029.929999999997,54913.45,21468.75,12300.66,13966.339999999998
6024,24216.33,55378.51,22619.75,12963.519999999999,13618.949999999999
6025,25818.190000000002,55190.5,22473.71,13200.669999999998,13700.070000000002
6026,28110.439999999995,51430.41,22598.71,13129.78,13321.07
6027,32413.77,51340.86,22651.76,12734.18,13704.519999999999
6028,33904.59,49815.689999999995,24019.920000000002,12037.02,14548.79
6029,35125.83,48455.53999999999,24506.47,11243.13,14488.91
6030,34921.43,47441.520000000004,24719.34,10295.42,14807.43
6031,34249.73,46972.66,19882.08,9405.949999999999,15264.390000000001
6032,33835.869999999995,50482.45,17002.21,9087.779999999999,15617.91
6033,32530.92,55427.600000000006,17180.61,9254.98,15579.64
6034,30570.98,58000.48,16981.170000000002,9324.21,15057.67
6035,29919.829999999998,59266.73,16172.630000000001,9314.8,15388.8
6036,29568.72,57571.01,14757.939999999999,9100.81,15536.48
6037,28738.159999999996,55019.6,13704.4,8980.949999999999,14506.02
6038,27276.56,52913.73,14263.84,8901.94,12132.99
6039,26674.52,49164.79,14105.34,8811.94,11681.07
6040,26336.339999999997,47239.3,13612.87,8816.59,11385.34
6041,26272.270000000004,46027.89000000001,13287.22,8793.66,11139.06
6042,26282.819999999996,45968.74999999999,13214.74,8753.18,11143.08
6043,26022.910000000003,47354.340000000004,14427.18,8806.519999999999,11035.94
6044,24697.389999999996,49002.22,16146.11,9321.58,12057.13
6045,22728.08,52166.45,19277.190000000002,10286.41,13565.400000000001
6046,23820.18,54913.98,21871.739999999998,11489.15,14485.65
6047,24744.88,55800.08,22592.260000000002,12461.579999999998,14793.7
6048,25872.01,58321.57,22811.100000000002,13130.69,14208.3
6049,26176.67,59376.0,22601.31,13522.150000000001,14092.679999999998
6050,26174.08,57926.72,21105.39,13456.529999999999,13965.560000000001
6051,28832.469999999998,57843.950000000004,22317.010000000002,13010.150000000001,13468.31
6052,31061.589999999997,57535.92,22899.36,12352.98,13718.89
6053,32430.019999999997,56609.62,22424.5,11443.89,14126.850000000002
6054,32422.55,54159.6,22489.239999999998,10376.5,14136.34
6055,31456.68,53334.73,18601.04,9520.41,13790.449999999999
6056,32344.729999999996,53552.74,16718.1,9240.39,14608.35
6057,31481.879999999997,56779.43999999999,16627.760000000002,9390.07,14920.980000000001
6058,29831.15,58309.11,16616.760000000002,9420.56,14734.82
6059,28758.560000000005,59119.04,16724.78,9475.109999999999,14108.61
6060,29013.09,56665.36,15483.64,9277.3,13923.22
6061,28534.599999999995,53335.240000000005,14795.81,9215.46,12566.86
6062,27440.64,50832.51,13111.39,9172.83,11753.6
6063,27318.799999999996,48860.13,10888.960000000001,9121.28,11469.94
6064,27033.899999999998,46702.17,10583.34,9045.050000000001,11087.7
6065,27380.12,45723.59,10181.76,8707.06,10910.52
6066,27133.42,45678.09999999999,10313.72,8654.05,10973.75
6067,26038.87,46978.31,12203.460000000001,8744.83,11150.43
6068,23622.600000000002,49432.020000000004,14854.380000000001,9259.93,11602.17
6069,22887.38,52594.93000000001,17300.4,10122.890000000001,12785.5
6070,23739.670000000002,55131.17,18939.29,11395.61,13871.45
6071,24765.769999999997,57214.39,18427.25,12405.7,14199.44
6072,25076.86,58645.33,19725.469999999998,13154.180000000002,14131.27
6073,25027.55,59862.59,20362.87,13571.15,14095.99
6074,24244.809999999998,59116.61,20090.129999999997,13609.27,13574.060000000001
6075,26284.42,60074.270000000004,21326.23,13143.429999999998,13123.89
6076,29035.42,60594.619999999995,21693.41,12368.23,13108.06
6077,30295.39,58847.84999999999,22718.620000000003,11397.620000000003,12858.650000000001
6078,30751.22,58808.83,21046.61,10413.26,12967.66
6079,30586.0,54331.49,19480.86,9585.87,12807.36
6080,30185.45,56077.84000000001,18048.95,9240.87,13740.800000000001
6081,28462.649999999998,59763.719999999994,18043.43,9328.46,14406.63
6082,27037.92,61244.53,18125.37,9411.609999999999,14151.74
6083,28147.579999999998,60508.520000000004,18015.9,9302.789999999999,14137.77
6084,28507.129999999997,58650.95,16773.56,9062.939999999999,13967.49
6085,29180.37,54435.05,15459.36,9054.83,12865.35
6086,28895.37,52038.50000000001,12719.84,9098.47,12062.41
6087,27860.98,50104.56999999999,12081.93,9017.24,11282.39
6088,27305.81,48339.64,11893.039999999999,8975.84,10817.36
6089,26756.74,47103.00000000001,11920.550000000001,8978.51,10698.85
6090,27045.059999999998,45885.68,12636.259999999998,8975.08,10695.16
6091,27778.22,46685.08,13187.269999999999,8996.66,10824.56
6092,23936.26,50451.76,14617.02,9448.28,12156.09
6093,22109.07,53998.68,17229.760000000002,10419.740000000002,13289.3
6094,22845.13,56260.23,19632.79,11602.150000000001,14313.92
6095,23824.01,57120.34999999999,20698.440000000002,12618.63,14023.25
6096,24769.71,56967.33,22150.480000000003,13231.460000000001,14181.990000000002
6097,26512.079999999998,56066.469999999994,23758.01,13567.59,14009.29
6098,25887.47,54362.36,24690.13,13555.52,12957.29
6099,27737.48,55087.6,25491.44,13263.81,12800.75
6100,30512.66,55571.15,25037.47,12441.730000000001,12663.48
6101,32565.379999999997,54045.64,24192.01,11285.090000000002,12524.93
6102,33467.399999999994,51968.329999999994,24495.050000000003,10338.34,12286.94
6103,33273.74,51454.98,20487.8,9633.4,12717.8
6104,32631.170000000002,53645.93000000001,18306.02,9466.59,14053.41
6105,32355.589999999997,56748.53,17968.75,9637.83,14358.2
6106,28763.350000000002,59828.299999999996,17744.68,9686.82,14117.51
6107,27878.27,60378.86,18273.05,9661.09,13782.250000000002
6108,28466.86,57070.600000000006,17620.85,9562.82,13808.68
6109,29906.399999999998,51651.95,16444.63,9273.71,13358.72
6110,30238.26,48648.530000000006,14725.560000000001,9165.32,11687.41
6111,30161.52,46107.7,13426.66,9104.919999999998,10873.36
6112,29537.829999999998,43946.3,13203.52,9071.95,10617.82
6113,29693.22,42021.78,13104.25,8985.380000000001,10603.47
6114,30039.22,40744.94,13429.580000000002,9026.51,10510.26
6115,31032.27,41192.47,14669.869999999999,9041.51,10459.13
6116,29874.329999999998,43711.75,15941.210000000001,9438.52,10728.099999999999
6117,26078.4,47464.909999999996,19719.73,10312.710000000001,11423.970000000001
6118,25443.66,50489.63,22641.89,11311.98,11330.050000000001
6119,26553.989999999998,51021.92,23457.879999999997,12268.589999999998,11016.09
6120,27481.049999999996,51657.03999999999,24537.35,13030.02,11372.189999999999
6121,27963.999999999996,52121.07,26140.72,13373.779999999999,11548.77
6122,28264.23,49674.840000000004,25971.149999999998,13182.960000000001,11722.759999999998
6123,30036.39,49526.94,26808.829999999998,12734.4,11586.19
6124,32588.550000000007,47682.45,26236.52,12169.519999999999,12312.81
6125,34130.22,46859.030000000006,26116.44,11317.51,12052.460000000001
6126,35139.19,46354.71000000001,24756.170000000002,10261.640000000001,12236.789999999999
6127,34501.62,47205.44,19832.370000000003,9576.809999999998,13434.8
6128,33781.52,49683.64,18582.05,9385.61,14036.74
6129,33454.979999999996,52411.659999999996,18620.19,9369.94,14548.31
6130,33297.51,51767.33,18059.61,9405.22,14344.41
6131,33403.86,52115.93000000001,18411.14,9353.6,13800.310000000001
6132,33275.72,50029.899999999994,17897.31,9425.85,13641.740000000002
6133,32635.08,47383.75,17256.28,9432.88,13077.75
6134,32124.809999999998,44437.2,17227.91,9341.26,11132.189999999999
6135,31819.48,41610.3,16530.95,9179.55,10714.58
6136,31523.639999999996,39696.75,15173.98,9139.74,10777.31
6137,31211.11,39099.31,14300.86,9002.66,10590.83
6138,31233.859999999997,39420.3,13384.300000000001,8989.87,10519.650000000001
6139,30371.199999999997,39739.88,13377.52,9035.199999999999,10533.8
6140,26116.93,41812.3,14389.85,9417.550000000001,11132.67
6141,23946.87,43801.68,16465.06,10358.68,11767.59
6142,20979.07,47735.88,17938.47,11361.45,11879.42
6143,18931.78,51222.2,19692.300000000003,12091.46,10635.47
6144,19268.88,51216.91,21455.309999999998,12659.4,10381.08
6145,20480.230000000003,50189.57,22935.77,12995.29,10176.25
6146,21646.33,47733.31,22913.670000000002,13336.41,10470.76
6147,22434.53,45001.09,22709.09,13005.630000000001,11416.84
6148,23286.64,43496.2,21338.12,12373.42,11642.75
6149,25709.120000000003,43008.60999999999,19650.16,11452.170000000002,11291.71
6150,28615.72,42469.39,19378.29,10460.980000000001,11109.49
6151,30398.940000000002,44572.13,18100.27,9194.759999999998,11897.09
6152,30401.849999999995,51022.78,16898.66,8567.949999999999,13403.740000000002
6153,30841.55,54160.61,16110.13,8570.44,13658.79
6154,29210.530000000002,55403.47,15084.66,8602.17,12709.929999999998
6155,28465.39,54244.1,14449.52,8648.55,12666.800000000001
6156,28561.88,51955.31,13240.85,8645.06,12887.46
6157,28405.45,49493.51,12456.980000000001,8496.25,12442.32
6158,27774.280000000002,48393.46,10874.33,8416.64,11686.75
6159,28131.070000000003,45036.2,10229.06,8397.449999999999,11293.15
6160,27548.440000000002,42947.21000000001,9816.2,8404.07,11109.11
6161,28071.79,40461.340000000004,9651.58,8366.99,10977.94
6162,28154.22,38987.47,9754.650000000001,8324.050000000001,10744.57
6163,27887.04,38692.69,9652.2,8344.9,10127.1
6164,25501.35,38541.11,11659.23,8592.59,9017.02
6165,19291.28,42763.2,13535.11,9328.87,9012.71
6166,14337.039999999999,46206.77,14227.04,10264.88,9623.1
6167,14350.619999999999,44348.380000000005,15607.39,11202.580000000002,9919.740000000002
6168,15988.69,42438.0,17442.89,11828.960000000001,9896.710000000001
6169,16586.02,41461.96,19780.36,12434.9,9791.41
6170,16802.219999999998,41294.07,21099.22,12247.06,9681.07
6171,17334.8,39933.97,21193.67,11898.390000000001,10760.67
6172,18988.4,38050.740000000005,20404.33,11343.789999999999,11871.23
6173,23847.05,34748.95,19358.53,10428.16,11932.78
6174,27400.670000000002,34264.55,18376.39,9479.11,12175.57
6175,31118.629999999997,37245.31,16611.24,8848.3,12375.29
6176,31468.100000000002,43905.82,15969.970000000001,8618.79,13252.62
6177,31724.1,46933.770000000004,15349.150000000001,8847.300000000001,13998.6
6178,31259.53,47125.35,14324.14,9193.38,14166.5
6179,31344.000000000004,48241.12,12724.34,9345.17,14194.490000000002
6180,31251.280000000002,48017.509999999995,11915.599999999999,9351.72,13280.210000000001
6181,31207.309999999998,45024.97,11540.93,9232.869999999999,12701.980000000001
6182,32086.57,41300.19,11441.62,9131.539999999999,11392.24
6183,31569.16,38171.32,12377.45,9122.789999999999,10871.509999999998
6184,31122.129999999997,37121.38,11564.349999999999,9134.42,10731.939999999999
6185,30204.870000000003,37061.090000000004,11189.9,9083.1,10717.79
6186,29889.52,37076.11,11630.529999999999,9079.85,10638.740000000002
6187,29994.97,38011.329999999994,13859.460000000001,9134.55,10524.31
6188,29132.489999999998,40743.3,16247.18,9449.39,10401.22
6189,24725.969999999998,46965.79,19655.23,10249.58,11174.699999999999
6190,24635.850000000002,51873.77,20438.25,11344.85,12278.33
6191,26097.53,52113.39,20865.87,12234.02,13015.429999999998
6192,26725.26,51739.770000000004,22734.32,12672.85,12937.2
6193,27443.729999999996,50251.65,24164.090000000004,12997.81,12533.699999999999
6194,26792.18,48853.73,23684.0,12837.4,12673.220000000001
6195,28806.45,49868.31,24614.15,12605.019999999999,12329.92
6196,32647.620000000003,49845.56,23752.32,12127.900000000001,11900.34
6197,33736.89,48928.350000000006,23650.67,11355.63,12094.87
6198,33005.95,49317.520000000004,23341.49,10533.02,12267.77
6199,32358.170000000002,48207.94,19663.38,9744.24,12887.08
6200,32726.66,50175.45,17527.22,9420.74,13927.56
6201,31151.249999999996,55775.079999999994,17175.52,9400.69,13976.66
6202,30164.69,57288.020000000004,16192.99,9400.609999999999,13822.93
6203,29693.710000000003,57654.16,15956.52,9398.57,13875.97
6204,30374.629999999997,54888.619999999995,14982.32,9408.52,13724.330000000002
6205,29437.25,51745.0,14764.43,9287.08,12042.71
6206,28634.05,47492.74,14153.039999999999,9224.829999999998,11464.39
6207,27566.78,44947.83,13709.650000000001,9157.9,11287.130000000001
6208,27699.12,41287.01000000001,13831.78,9181.099999999999,11332.73
6209,28537.65,39408.17999999999,12990.89,9185.77,11110.01
6210,28756.629999999997,38858.74,13317.960000000001,9142.44,10816.86
6211,29283.940000000002,38962.549999999996,15434.699999999999,9154.6,10590.619999999999
6212,28806.96,41286.76,17149.22,9390.34,10584.77
6213,24536.57,46177.61000000001,21508.309999999998,10278.51,11362.95
6214,24278.59,51537.909999999996,20582.21,11418.87,12708.74
6215,23884.820000000003,53120.33,20830.79,12405.789999999999,13219.48
6216,24851.0,54060.450000000004,22395.5,12941.439999999999,13043.68
6217,26250.750000000004,53635.17,24124.46,13175.289999999999,12827.35
6218,26377.11,51665.79000000001,23743.870000000003,13032.3,12515.060000000001
6219,27714.0,51985.380000000005,24706.7,12622.31,12188.41
6220,30177.250000000004,50729.31,26895.350000000002,12000.24,11923.86
6221,32702.52,49450.310000000005,26983.37,11358.470000000001,11305.93
6222,34590.67,48305.93,25592.42,10678.41,11059.97
6223,33953.16,47004.64,20446.2,9836.299999999997,12542.259999999998
6224,33607.87,49465.229999999996,18975.239999999998,9394.88,13169.86
6225,33877.52,51151.13,18289.85,9264.109999999999,13814.390000000001
6226,34291.02,51004.95,17666.21,9318.98,13955.739999999998
6227,34186.19,51163.06,17278.0,9286.050000000001,13845.24
6228,33639.93,50018.649999999994,15165.09,9258.82,13669.78
6229,33534.1,46681.799999999996,14643.17,9098.320000000002,12255.57
6230,32572.170000000002,43825.05,13877.58,9122.19,10888.29
6231,31769.250000000004,40757.29,13293.45,9180.269999999999,10548.560000000001
6232,31401.93,39149.56,12311.27,9186.810000000001,10421.42
6233,31240.0,38210.69,11704.69,9187.029999999999,10215.78
6234,31364.969999999998,36508.170000000006,12944.73,9166.95,10130.130000000001
6235,31435.579999999998,35268.61,16498.85,9198.07,10275.26
6236,31217.71,37866.97,17532.58,9476.73,10806.4
6237,27247.75,45184.340000000004,17925.86,10347.849999999999,11574.48
6238,25880.480000000003,48678.619999999995,19443.94,11402.310000000001,12659.08
6239,26165.559999999998,48241.05,21757.91,12089.75,12893.31
6240,27187.09,47988.950000000004,23523.07,12635.43,12600.89
6241,27188.929999999993,47870.29,24177.21,12941.83,12645.599999999999
6242,26259.7,45690.67999999999,23988.65,12755.73,12415.76
6243,28114.57,46592.59,24225.55,12626.37,12300.599999999999
6244,31431.089999999997,46642.69,24573.16,11829.23,11761.24
6245,32660.099999999995,46590.79,25267.15,10958.130000000001,11216.02
6246,33617.409999999996,46549.76,23913.59,10283.579999999998,10960.1
6247,33365.84,47064.9,19430.97,9691.65,11466.65
6248,32986.25,51039.24,17375.8,9382.59,12396.99
6249,32904.52,53512.06,17462.879999999997,9353.92,12621.31
6250,32676.32,53666.799999999996,16327.16,9335.480000000001,12581.21
6251,32645.870000000003,53724.71000000001,15908.27,9261.95,12362.279999999999
6252,32473.409999999996,52104.200000000004,13911.41,9254.380000000001,12073.119999999999
6253,32491.68,47600.97,13255.79,9087.73,11370.39
6254,31923.22,43423.36,12132.67,9096.74,10718.27
6255,31492.06,38417.26,13134.61,9079.22,10658.33
6256,31467.85,34026.060000000005,14512.45,9082.52,10754.5
6257,31418.82,31873.410000000003,14908.300000000001,9164.95,10742.669999999998
6258,31657.57,31385.1,15546.29,9182.18,10774.599999999999
6259,31817.230000000003,32587.71,16631.059999999998,9139.249999999998,10930.130000000001
6260,31221.579999999998,35613.15,17518.739999999998,9424.91,11345.66
6261,25845.06,42263.33,20347.36,10255.2,11838.9
6262,23035.21,47115.42,21762.769999999997,11329.94,12469.109999999999
6263,22298.39,48798.45,22335.800000000003,12144.890000000001,12479.210000000001
6264,22785.690000000002,51017.85,23574.79,12604.83,11538.02
6265,23961.019999999997,51546.97,23895.88,12883.179999999998,11001.279999999999
6266,24183.390000000003,48901.22,23455.33,12983.51,11333.04
6267,25589.08,49739.51,23988.72,12515.939999999999,12202.550000000001
6268,26942.0,52171.67,23520.93,11601.7,12130.619999999999
6269,29047.510000000006,51403.23,21625.32,10796.1,11779.689999999999
6270,31651.4,50327.02,20138.05,10232.630000000001,11405.79
6271,32285.850000000002,50613.57,15982.22,9637.009999999998,11589.77
6272,32093.519999999997,53116.08000000001,15106.580000000002,9142.699999999999,12701.92
6273,32036.940000000002,54635.42,16481.91,9151.67,13291.15
6274,32510.52,53697.53999999999,15787.88,9183.75,13221.41
6275,33129.39,52260.270000000004,15679.400000000001,9194.1,13136.96
6276,33185.56,50316.18,13960.43,9192.45,13027.480000000001
6277,33518.77,44955.56,13345.220000000001,9202.94,12663.67
6278,33143.58,40913.61,13403.12,9270.82,11368.41
6279,32584.51,37631.28,13042.32,9273.33,10637.5
6280,32609.91,34676.799999999996,12537.36,9258.48,10584.36
6281,32581.58,33068.86,12089.77,9299.710000000001,10493.24
6282,32662.85,33099.880000000005,12322.439999999999,9322.25,10534.37
6283,32472.050000000003,34541.9,13387.79,9335.86,10442.24
6284,31373.93,39083.89,14055.89,9566.59,10506.59
6285,26877.879999999997,46207.270000000004,15237.87,10357.01,11314.48
6286,24131.199999999997,50940.95,17251.46,11300.68,11758.710000000001
6287,23936.47,52816.100000000006,19155.85,12158.26,10640.189999999999
6288,24593.750000000004,52877.78999999999,21203.1,12824.02,10865.79
6289,25367.14,53215.78,21068.61,13247.289999999999,11213.44
6290,24243.33,51652.25,20067.36,13258.3,11548.89
6291,25657.12,53925.37999999999,19408.41,12792.390000000001,11488.31
6292,28878.549999999996,54215.33,18667.97,11914.23,11975.68
6293,31441.68,52920.58,17782.91,11036.5,12445.519999999999
6294,33293.7,50131.91,17264.0,10567.26,12450.19
6295,33681.92,47776.64,16880.83,9848.460000000001,12666.77
6296,33033.270000000004,50467.75,17155.51,9429.71,13492.52
6297,32342.31,52651.35999999999,17933.45,9308.93,13842.05
6298,32120.370000000003,51596.04000000001,16891.38,9396.58,13724.77
6299,32426.54,50998.27,16666.57,9430.16,13268.720000000001
6300,32980.11,48700.34,16080.61,9416.670000000002,12881.130000000001
6301,33515.71,44793.009999999995,14614.18,9419.0,12682.05
6302,33853.240000000005,41103.76,12827.92,9046.65,11958.88
6303,33690.24,37364.44,11950.269999999999,8983.73,11324.88
6304,33198.64000000001,34934.26,12310.53,8934.2,10636.22
6305,32914.59,33099.45,12173.21,9010.84,10498.630000000001
6306,32696.46,33260.74,11328.18,9061.960000000001,10553.35
6307,32408.069999999996,34038.84,10826.42,9089.17,10411.11
6308,28594.800000000003,37805.46000000001,10930.99,9270.619999999999,10368.44
6309,23325.579999999998,44462.09,12539.689999999999,9768.599999999999,10666.95
6310,19322.989999999998,49357.84,14978.01,10684.070000000002,10453.9
6311,17916.29,50097.95,18551.91,11530.259999999998,9457.01
6312,17926.12,49453.60999999999,20632.11,12183.96,9741.18
6313,18160.800000000003,49368.86,21109.870000000003,12251.03,9949.71
6314,18057.31,47789.16,20421.6,11714.409999999998,10143.56
6315,18328.2,46425.35,20013.29,11454.050000000001,10918.25
6316,19891.840000000004,46088.00000000001,19251.57,11164.52,11303.61
6317,22730.73,45791.56,17516.58,10982.1,11971.35
6318,25817.66,46330.01,15600.31,10277.91,11741.349999999999
6319,29558.930000000004,46075.05,13547.59,9425.24,12944.85
6320,32361.41,49227.32,14212.16,9082.390000000001,13900.89
6321,31090.159999999996,51525.219999999994,15419.670000000002,9039.51,13826.96
6322,28592.659999999996,52416.08,13781.5,9057.119999999999,13601.82
6323,28559.350000000006,52078.78999999999,12168.32,8983.67,13534.79
6324,30318.32,49061.38,10452.45,8964.95,13190.58
6325,31402.139999999996,45949.35,10149.119999999999,9007.369999999999,12098.03
6326,31131.649999999998,43407.24,9793.09,8913.55,11052.1
6327,30910.57,40727.9,9608.83,8728.66,10495.1
6328,30208.879999999997,38484.03,9684.84,8708.06,10254.5
6329,28835.94,37530.66,9660.47,8848.92,10168.92
6330,28220.97,36530.700000000004,9716.57,9072.880000000001,10045.380000000001
6331,27462.530000000002,35423.659999999996,10401.6,9113.06,9901.88
6332,24380.94,35874.84,11623.140000000001,9369.619999999999,9261.74
6333,21184.719999999998,38769.96000000001,13466.99,9705.6,8581.58
6334,18401.36,40729.72,14861.7,10852.550000000001,8866.43
6335,16573.410000000003,41254.58,16365.529999999999,11798.74,8938.99
6336,15536.99,42727.23,17725.56,12448.009999999998,9018.18
6337,14310.85,44419.009999999995,18107.89,12596.36,9611.21
6338,14337.650000000001,44664.369999999995,17608.809999999998,12531.49,9755.46
6339,15664.61,42609.14,17624.839999999997,12129.000000000002,9467.11
6340,19403.929999999997,40213.33,16533.66,11499.24,10361.119999999999
6341,22397.920000000002,40007.61,15900.14,10807.840000000002,11229.539999999999
6342,26527.860000000004,38869.46,15807.37,10051.689999999999,11685.230000000001
6343,29456.06,40963.87,14291.19,9471.25,11888.16
6344,30735.78,46749.16999999999,14282.82,9423.01,12513.48
6345,30511.08,48768.41,14705.72,9335.82,13030.919999999998
6346,29252.82,48881.520000000004,14990.32,9458.89,13040.37
6347,28730.41,47680.95999999999,15319.39,9524.460000000001,13315.769999999999
6348,30228.949999999997,46070.88,14123.81,9547.69,12613.57
6349,31142.44,43787.19,12223.130000000001,9566.91,11740.3
6350,31608.519999999997,40173.42,10968.54,9481.909999999998,11483.8
6351,31756.32,37518.909999999996,10987.88,9375.339999999998,10552.949999999999
6352,31206.63,36184.27,10650.220000000001,9297.45,10347.39
6353,31076.66,34962.08,10840.1,9257.57,10288.34
6354,31000.85,34982.21,11018.99,9322.750000000002,10212.710000000001
6355,31056.809999999998,37245.58,12058.869999999999,9277.86,10251.169999999998
6356,28312.129999999997,42168.259999999995,13871.130000000001,9541.12,10359.28
6357,25650.110000000004,47406.11,17066.17,10288.279999999999,11115.85
6358,24500.45,53865.53,17634.16,11319.39,12344.8
6359,25534.579999999998,54013.59999999999,19098.28,12177.78,12420.39
6360,27206.709999999995,53112.8,20793.38,12723.949999999999,12825.51
6361,26850.510000000002,53754.41,21698.17,12868.580000000002,13010.89
6362,25440.58,51826.35999999999,20960.870000000003,12524.289999999999,13039.070000000002
6363,27720.53,53504.95,19755.68,12002.49,12878.240000000002
6364,32222.85,53995.28999999999,18557.66,11426.53,12935.689999999999
6365,33240.97,53941.72,19288.010000000002,10766.090000000002,12713.619999999999
6366,33643.9,53992.549999999996,17986.300000000003,10319.050000000001,13027.789999999999
6367,32953.05,52143.299999999996,15324.960000000001,9866.720000000001,12951.2
6368,31819.310000000005,54033.96,15531.75,9638.59,13610.130000000001
6369,30161.74,56864.909999999996,17270.05,9597.68,13679.960000000001
6370,30045.749999999996,56814.270000000004,16666.940000000002,9566.07,13587.440000000002
6371,31229.61,55384.060000000005,16728.22,9554.94,13043.289999999999
6372,31889.86,52675.369999999995,15761.67,9539.1,12753.52
6373,32157.86,48022.54,14900.210000000001,9462.019999999999,11918.75
6374,32030.1,44412.020000000004,13313.52,9434.179999999998,11066.32
6375,31986.190000000002,41447.7,12537.0,9435.46,10285.560000000001
6376,31367.98,39954.78,11224.48,9473.01,10072.96
6377,30146.29,38968.53,11404.72,9344.539999999999,10091.289999999999
6378,30171.66,38619.27,11549.73,9205.77,10215.17
6379,31048.200000000004,39899.23999999999,12158.01,9209.0,10190.9
6380,27756.120000000003,45464.17,12508.77,9587.4,10517.54
6381,26315.84,49357.55,14363.69,10374.8,11667.98
6382,25464.99,52085.310000000005,17378.14,11186.140000000001,12389.1
6383,23881.710000000006,54665.04000000001,19007.37,11989.74,12134.380000000001
6384,24696.969999999998,55104.29000000001,20919.699999999997,12712.26,12320.820000000002
6385,26901.75,54748.70999999999,21325.46,13072.470000000001,12592.2
6386,27114.35,52493.61,20608.12,12594.929999999998,12366.65
6387,30204.21,52822.96000000001,20016.21,12143.28,12457.59
6388,31500.86,53398.39,20533.7,11717.119999999999,13170.880000000001
6389,33520.55,53631.399999999994,20225.989999999998,11039.460000000001,12955.78
6390,34103.59,52216.85,19841.629999999997,10214.07,14086.18
6391,34024.159999999996,48228.29,19097.95,9757.880000000001,13458.38
6392,33727.86,50504.92,18120.059999999998,9481.26,14051.070000000002
6393,33636.02,53136.82,18246.22,9360.79,13523.89
6394,33743.29,53151.48999999999,17814.46,9526.119999999999,13021.310000000001
6395,33391.95,53035.0,17910.66,9592.42,12885.45
6396,33440.0,50885.170000000006,16120.39,9580.619999999999,12578.84
6397,33356.39,48251.46,14210.35,9419.38,11736.800000000001
6398,32770.61,43537.88,13607.49,9366.23,10722.960000000001
6399,32081.309999999998,39741.740000000005,13654.18,9372.49,10435.32
6400,31698.98,38212.42,12736.67,9372.17,10272.429999999998
6401,31255.54,37944.57,11711.23,9317.51,10232.029999999999
6402,31105.75,37984.369999999995,11827.79,9298.09,10282.9
6403,30249.160000000003,39624.159999999996,14101.56,9320.859999999999,9939.51
6404,28268.61,43599.14,15702.14,9598.41,10075.08
6405,26807.76,48644.5,17861.809999999998,10443.970000000001,10621.59
6406,26738.28,51569.47,20729.14,11512.32,11359.67
6407,27253.6,51273.28,21992.21,12354.14,11855.75
6408,27606.81,52074.94,23064.949999999997,13060.3,12150.33
6409,28062.809999999994,51306.33,24260.3,13150.759999999998,12140.55
6410,28192.079999999998,49813.17,22790.61,12614.08,12194.23
6411,29316.260000000002,51220.579999999994,23113.0,12298.220000000001,11988.669999999998
6412,30151.57,51213.46000000001,24227.63,12046.4,11929.109999999999
6413,33125.31,50491.850000000006,21836.15,11380.81,12289.83
6414,34842.01,48727.55,19477.57,10451.75,13653.859999999999
6415,34219.62,46674.36,17184.47,9782.23,14286.039999999999
6416,34044.479999999996,50200.8,16608.120000000003,9447.68,14638.939999999999
6417,34203.060000000005,52525.68,16268.21,9424.310000000001,14844.380000000001
6418,33041.020000000004,52340.22,16155.37,9441.130000000001,14824.55
6419,33148.3,51623.21000000001,16033.66,9332.05,14803.18
6420,33491.7,48777.94,15403.220000000001,9267.41,14007.09
6421,33616.49,44900.09999999999,14355.68,9150.74,12872.01
6422,32591.489999999998,40852.270000000004,13548.04,9146.01,11914.82
6423,31532.58,38590.25,13315.87,9124.06,10909.550000000001
6424,30738.22,37241.86,13038.0,9114.849999999999,10279.839999999998
6425,29786.739999999998,37069.78,12214.57,9116.76,10178.81
6426,29875.460000000003,37087.59,12494.73,9132.949999999999,9744.16
6427,30663.85,38659.490000000005,13013.060000000001,9172.95,9679.1
6428,29724.91,42956.83,13081.130000000001,9509.58,10209.230000000001
6429,27055.44,46776.89,16238.35,10377.48,11235.34
6430,26083.190000000002,51787.979999999996,16990.31,11479.949999999999,10839.46
6431,26247.88,52271.399999999994,18543.2,12332.39,10671.51
6432,26446.84,53991.56,19853.6,13061.999999999998,10275.45
6433,26508.13,54520.17,20933.34,13229.96,10441.71
6434,26655.8,52306.84999999999,20111.41,12962.95,10363.76
6435,29384.81,53052.49,20098.54,12403.13,10874.64
6436,31669.429999999997,53804.81999999999,20365.05,11786.019999999999,11749.24
6437,33844.579999999994,52646.130000000005,20275.18,11200.07,11971.78
6438,34807.2,49494.45,21922.29,10347.5,12181.079999999998
6439,34392.96,48562.409999999996,18786.91,9538.69,12262.93
6440,34117.36,50987.979999999996,18380.99,9194.880000000001,12859.89
6441,34303.659999999996,51874.38,18663.809999999998,9145.400000000001,12854.579999999998
6442,32955.119999999995,52578.87,18141.6,9226.53,12522.09
6443,32631.070000000003,52214.36,17882.13,9239.67,12484.71
6444,32559.21,49480.65000000001,17153.75,9364.09,12482.019999999999
6445,32591.870000000003,44481.72,16760.39,9500.32,11833.91
6446,31909.63,42401.97,15285.779999999999,9493.65,10844.259999999998
6447,30761.38,38379.35,15771.050000000001,9472.88,10238.27
6448,29199.73,36590.939999999995,15417.52,9420.71,10186.4
6449,29013.89,35477.84,14468.939999999999,9419.560000000001,10167.24
6450,28824.83,35132.77,14884.92,9384.65,9998.92
6451,29571.95,35270.2,15454.599999999999,9445.01,10441.49
6452,29026.5,37829.31,17102.75,9694.189999999999,10605.82
6453,26838.56,42921.619999999995,20162.37,10420.749999999998,10961.95
6454,28407.250000000004,46480.44,20883.76,11505.92,10349.64
6455,27570.190000000002,49276.05,21115.87,12293.17,11057.29
6456,27235.989999999998,49881.65,23005.649999999998,13027.18,11894.24
6457,26281.19,50916.69,23075.14,13429.18,12451.09
6458,23462.250000000004,50910.7,23218.6,13094.999999999998,12301.87
6459,26002.47,52441.71000000001,23818.72,12605.81,12071.66
6460,28224.539999999997,53450.76,24756.199999999997,12033.51,11611.03
6461,29376.99,53241.19,23595.58,11300.37,11902.009999999998
6462,31929.250000000004,50713.909999999996,22287.72,10587.679999999998,11848.560000000001
6463,32349.809999999998,48973.86,20159.66,9838.910000000002,11981.78
6464,32521.53,50780.57,20500.34,9590.17,12590.19
6465,32809.58,51417.47,20722.79,9538.689999999999,12876.1
6466,32416.14,51114.82000000001,19609.36,9568.89,12911.69
6467,32102.74,51267.11,18654.82,9581.400000000001,12771.95
6468,32311.68,49674.03,17659.05,9535.09,12228.869999999999
6469,33004.4,46686.49,16191.01,9408.96,11874.93
6470,32476.690000000002,44060.05,14571.46,9346.62,10914.630000000001
6471,32337.100000000002,39532.33,14040.85,9261.259999999998,10838.7
6472,31781.080000000005,36899.41,13759.18,9228.41,10447.98
6473,29677.98,36816.62,13527.869999999999,9199.25,10370.04
6474,27600.120000000003,36319.36,13867.36,9164.03,10358.98
6475,27406.920000000002,35926.63,14086.05,9164.830000000002,10337.95
6476,25836.370000000003,36803.87,14095.050000000001,9476.6,10692.84
6477,21145.579999999998,41196.92,17185.45,10429.9,11230.06
6478,18911.02,44231.450000000004,19983.21,11394.560000000001,11560.869999999999
6479,17981.59,46266.130000000005,21447.629999999997,12318.900000000001,11331.460000000001
6480,17509.829999999998,47332.78,22292.710000000003,12845.93,11455.25
6481,17768.300000000003,48122.51,23238.64,13081.949999999999,11227.99
6482,18325.14,47508.97,23461.75,12911.67,10997.26
6483,19327.36,47426.700000000004,22785.11,12499.84,11475.42
6484,21165.829999999998,46545.64,20833.75,12138.64,12536.79
6485,24351.06,45000.17,19473.56,11291.03,11786.01
6486,28407.37,44136.6,18123.17,10529.49,11432.54
6487,30935.550000000003,44519.229999999996,16167.49,9875.970000000001,12300.61
6488,31763.719999999998,49299.57,18181.05,9592.46,12644.04
6489,29255.96,52413.5,17783.78,9622.35,12658.3
6490,27903.070000000003,51302.39,17055.63,9673.310000000001,12591.42
6491,27953.679999999997,51055.43,16590.02,9640.16,12258.75
6492,28119.02,49220.509999999995,16299.130000000001,9625.08,12114.55
6493,28981.249999999996,44211.93,15108.76,9481.58,11722.54
6494,28614.62,41801.03999999999,14314.01,9180.63,10939.079999999998
6495,28119.05,39582.82,13282.33,9157.83,10539.279999999999
6496,27884.769999999997,37716.51,12618.94,9100.529999999999,10132.66
6497,28160.449999999997,36142.630000000005,11631.009999999998,9095.28,10111.130000000001
6498,27583.910000000003,35397.53,11339.67,9095.88,10111.489999999998
6499,27746.41,34624.07000000001,10928.199999999999,9099.710000000001,9979.42
6500,25588.649999999998,35376.119999999995,11096.11,9393.619999999999,9730.1
6501,20213.579999999998,38944.53,13751.39,9987.87,8772.599999999999
6502,17184.2,40023.4,15696.6,10798.33,9005.880000000001
6503,16863.36,38739.96,16904.399999999998,11875.33,9171.880000000001
6504,17626.41,38378.55,17869.67,12595.07,9264.71
6505,17767.17,38775.619999999995,19381.26,12885.890000000001,9444.59
6506,17902.06,38425.659999999996,20119.41,12547.320000000002,9475.369999999999
6507,18058.65,37938.93,20101.93,11961.849999999999,9417.98
6508,18456.839999999997,38066.81,20027.239999999998,11600.1,9268.7
6509,19181.519999999997,39016.55,20179.05,11140.28,9149.720000000001
6510,24850.65,39963.119999999995,17442.27,10320.02,9398.12
6511,29971.75,39563.2,16560.63,9665.69,11075.14
6512,30198.61,45943.450000000004,17190.53,9513.689999999999,12455.51
6513,28409.23,49875.14,16614.53,9565.28,13338.560000000001
6514,27600.73,50074.28,16477.81,9571.619999999999,13371.960000000001
6515,27210.86,50049.29,16180.03,9467.380000000001,13328.55
6516,27931.14,48695.7,15173.949999999999,9564.82,13060.489999999998
6517,28855.649999999998,46713.81999999999,12815.23,9620.39,11983.62
6518,28446.93,45283.549999999996,11407.830000000002,9855.289999999999,10655.21
6519,27944.219999999998,42735.869999999995,11074.96,9876.929999999998,10446.23
6520,26748.52,41404.38,10682.48,9938.999999999998,10445.36
6521,25728.32,41670.22,9914.85,10205.76,10359.41
6522,25359.859999999997,42189.83,9839.27,10204.51,10272.21
6523,24779.270000000004,43787.83,11555.31,10253.300000000001,10312.789999999999
6524,23039.16,47393.34,13396.0,10592.82,10804.94
6525,22426.81,52488.200000000004,14785.91,11392.6,11749.28
6526,23202.52,56429.350000000006,17313.65,12419.449999999999,12206.11
6527,24434.28,55878.34,19742.02,13525.38,12583.61
6528,25652.19,56152.31,20742.86,14495.42,12813.77
6529,26114.210000000003,56330.07,21246.010000000002,15463.7,12861.0
6530,25800.219999999998,54766.649999999994,20529.54,15203.550000000001,12658.7
6531,26501.199999999997,55473.37,22858.93,14300.76,12409.42
6532,28333.750000000004,54326.149999999994,23838.170000000002,13576.4,12629.77
6533,31047.19,52521.96,23267.69,12814.510000000002,12638.86
6534,32314.07,50535.6,22238.440000000002,11990.84,12828.079999999998
6535,31719.05,48866.04,18711.15,11229.26,12667.85
6536,31689.280000000002,51235.98,17758.71,11127.76,13255.59
6537,29143.489999999998,54492.85,17401.97,11229.17,13953.92
6538,28631.39,54991.62,17018.3,11223.14,13560.019999999999
6539,28357.66,55290.9,16699.88,11297.75,13458.12
6540,27279.26,53645.28,15813.0,11426.17,13218.34
6541,26625.58,50673.14,14204.3,11428.460000000001,12219.859999999999
6542,27184.06,48912.96000000001,12106.689999999999,11272.92,11140.03
6543,26485.13,46824.94,11003.900000000001,11201.99,10865.380000000001
6544,26588.640000000003,44998.95,10408.44,11212.679999999998,10268.09
6545,26289.09,43905.21,10237.61,11188.56,10089.72
6546,26189.559999999994,43628.61,10280.94,11082.869999999999,10233.739999999998
6547,26376.989999999998,45288.11,11352.86,10975.91,10222.06
6548,24115.659999999996,49852.049999999996,12961.44,11048.3,10227.11
6549,22654.660000000003,52698.24,16125.060000000001,11800.53,11170.130000000001
6550,22950.260000000002,55765.75,17564.62,12643.070000000002,11713.7
6551,21939.850000000002,59351.32000000001,17683.32,13501.689999999999,11083.22
6552,22032.399999999994,60748.520000000004,19162.86,14251.02,10938.789999999999
6553,22652.1,60442.61,19556.46,14568.05,11254.920000000002
6554,21209.15,59092.8,19348.41,14355.689999999999,10754.09
6555,22368.870000000003,59657.57,19972.59,14689.109999999999,10687.22
6556,26476.840000000004,58201.42,20116.82,14337.01,11607.05
6557,28149.229999999996,57513.719999999994,20098.32,13567.869999999999,11676.92
6558,29237.039999999997,55730.05,19861.02,12651.850000000002,12189.390000000001
6559,29508.28,53691.89,17034.559999999998,12087.230000000001,12412.91
6560,28364.260000000002,56872.009999999995,16771.579999999998,11964.650000000001,12730.44
6561,27153.350000000002,59246.46000000001,17017.81,12031.900000000001,12866.390000000001
6562,27318.49,58228.87,17241.07,12187.47,12495.94
6563,27603.07,57635.05,17387.66,12323.25,12063.720000000001
6564,27575.48,55312.42,16255.99,12303.66,11724.210000000001
6565,27757.78,50835.9,14629.560000000001,12328.97,11384.99
6566,28252.29,46593.26999999999,13202.31,11951.65,10791.76
6567,28908.579999999998,42609.57000000001,12075.47,11877.099999999999,10548.53
6568,29189.960000000003,39834.259999999995,11712.82,11804.119999999999,10253.59
6569,29161.64,38337.96,11666.79,11843.66,10149.85
6570,29095.69,37788.16,12074.36,11879.24,10002.65
6571,29043.83,39351.26,13181.38,11883.85,9879.210000000001
6572,26591.999999999996,43694.55999999999,14392.09,12160.509999999998,10090.22
6573,22155.109999999993,50332.81,17482.05,12866.810000000001,10363.810000000001
6574,21254.65,56933.49,18465.71,13532.77,9114.380000000001
6575,20890.960000000003,58946.509999999995,19277.44,13431.72,9528.220000000001
6576,22127.55,59668.44,20202.559999999998,14143.29,10118.5
6577,22683.17,59184.27,20502.88,14562.47,10634.26
6578,22409.799999999996,56063.990000000005,21367.03,14656.09,10473.32
6579,25746.850000000002,54898.17,22052.239999999998,14520.85,11486.1
6580,29369.210000000003,54108.509999999995,21667.260000000002,13795.8,11722.86
6581,32085.760000000006,52354.0,22451.35,12910.79,11704.970000000001
6582,33180.54,48953.53,24428.989999999998,11894.59,12409.92
6583,33812.0,48090.979999999996,21182.620000000003,11013.68,12711.24
6584,33412.72,51745.86,19726.379999999997,10690.09,13436.07
6585,33284.11,52980.41,19357.33,10672.09,13354.369999999999
6586,32695.13,52981.93,19639.350000000002,10722.16,13072.45
6587,32159.75,53209.88999999999,19931.149999999998,10709.12,12959.490000000002
6588,31794.32,51167.020000000004,18729.190000000002,10766.13,12502.99
6589,29546.199999999997,48323.06,16974.92,10445.3,11897.48
6590,28191.04,45672.07000000001,15271.6,10222.27,10935.87
6591,27280.8,43916.63999999999,13959.36,10237.75,10682.43
6592,27283.190000000002,42258.62,12498.74,10228.289999999999,10464.69
6593,27123.410000000003,41402.47,11813.4,10186.15,10235.37
6594,27238.940000000002,41028.32,12043.880000000001,10144.449999999999,10209.76
6595,27046.3,41899.66,13723.91,10200.58,10250.630000000001
6596,25056.809999999998,44781.64,15858.560000000001,10786.39,10403.57
6597,24241.43,48633.82,17573.71,12009.16,10783.99
6598,23085.89,54510.63,19550.89,13091.23,11503.130000000001
6599,23441.690000000006,56071.47,19877.489999999998,14041.44,11987.019999999999
6600,23996.930000000004,56434.200000000004,21289.65,14831.72,11498.53
6601,24217.640000000003,56811.52,21737.87,15105.58,11469.1
6602,24461.13,53414.32,21595.41,14937.699999999999,11639.27
6603,28473.469999999998,51973.96000000001,21949.26,14616.76,12070.800000000001
6604,31351.16,52448.17,22649.25,13728.74,12164.55
6605,31871.280000000002,51316.03,24089.24,12553.33,12022.720000000001
6606,32598.300000000003,50633.41,23211.629999999997,11609.159999999998,11822.91
6607,32431.43,50551.8,19888.83,10857.43,11851.75
6608,32045.859999999997,53844.83,18568.14,10701.43,13128.68
6609,29210.609999999997,56938.34,19184.829999999998,10836.34,12753.84
6610,27365.61,58388.17,18644.29,10866.939999999999,12436.98
6611,27496.890000000003,58001.1,18654.760000000002,10924.17,12418.529999999999
6612,27722.490000000005,54660.350000000006,18807.85,10924.52,12128.23
6613,27230.6,51291.740000000005,17683.51,10809.21,11398.44
6614,26061.85,49275.29000000001,15989.810000000001,10247.45,10820.86
6615,26253.679999999997,47173.78,14871.82,9690.269999999999,10438.699999999999
6616,26395.44,45123.0,13544.08,9524.999999999998,10235.46
6617,26745.6,43485.38,13006.82,9444.15,10163.46
6618,26788.910000000003,42894.33,13055.439999999999,9389.48,10235.570000000002
6619,27150.93,43558.42,14579.88,9399.699999999999,10066.06
6620,25811.340000000007,46164.020000000004,16516.87,9770.92,10368.2
6621,24252.399999999998,50572.83,19003.42,10633.759999999998,10185.07
6622,24033.3,54433.07,21061.86,11454.650000000001,10317.439999999999
6623,24247.93,55263.42,20787.2,12354.89,11054.39
6624,24970.590000000004,55447.58,20604.5,13129.81,12051.51
6625,26583.29,53877.9,20527.809999999998,13453.81,12058.66
6626,25115.530000000002,51154.0,20241.489999999998,13492.86,11950.93
6627,27768.37,50912.63,20667.870000000003,13106.82,11635.45
6628,31811.5,50137.31,20205.48,12095.5,11250.38
6629,32831.39,49173.84999999999,21511.019999999997,11408.41,10613.88
6630,32408.879999999997,49175.86,20835.0,10734.039999999999,10171.939999999999
6631,32021.539999999997,48657.79,18738.99,10182.59,11017.630000000001
6632,30489.260000000006,53110.310000000005,18303.18,9881.380000000001,11769.74
6633,29081.760000000002,54432.62,17995.5,9986.2,11682.470000000001
6634,27672.809999999998,53483.200000000004,18110.26,10212.97,11542.490000000002
6635,27550.920000000002,52513.53,18165.49,10388.81,11309.02
6636,27391.159999999996,50556.009999999995,17550.920000000002,10221.21,11248.05
6637,28303.17,46608.45,15859.4,9914.24,10856.699999999999
6638,28765.180000000004,43354.79,15076.369999999999,9483.789999999999,10364.56
6639,28458.090000000004,40595.56,13956.11,9456.119999999999,10102.369999999999
6640,27641.87,40627.87,11312.079999999998,9450.949999999999,9958.19
6641,26014.519999999997,41124.46000000001,10130.4,9446.6,9995.46
6642,25395.99,40729.060000000005,9771.45,9468.68,10119.419999999998
6643,25713.11,40457.22,9786.81,9398.99,10063.47
6644,22891.81,41670.73,10869.9,9607.17,10468.79
6645,19969.54,43098.829999999994,14768.7,10045.039999999999,10908.21
6646,20013.71,44778.68,15768.650000000001,9873.570000000002,11218.59
6647,19093.29,44936.75,16660.09,9904.92,11363.59
6648,19354.019999999997,43635.54,17432.08,10330.720000000001,11029.36
6649,19792.35,42295.2,18210.43,10726.9,10839.970000000001
6650,20232.010000000002,40346.61,18448.37,10882.53,10681.96
6651,20515.579999999998,38936.47,18662.690000000002,10522.980000000001,10396.329999999998
6652,21034.69,38465.65,18729.27,10143.380000000001,10162.16
6653,22663.84,38690.67,18172.63,10125.539999999999,9843.49
6654,26643.030000000002,38747.56999999999,16150.81,9739.330000000002,10425.220000000001
6655,29463.230000000003,40857.32,15752.73,9205.46,11308.980000000001
6656,31129.010000000002,46614.31,16695.17,8886.89,11838.61
6657,28595.930000000004,49492.22,16126.78,8851.54,11853.23
6658,26829.05,50221.090000000004,13851.71,8859.0,11616.63
6659,26301.010000000002,48590.14000000001,13250.55,8907.699999999999,11436.019999999999
6660,25560.21,46888.72,11724.08,8919.53,11147.83
6661,24645.67,45240.36,10435.810000000001,8897.53,10722.43
6662,23786.74,44189.909999999996,9794.59,8706.689999999999,9422.17
6663,22285.54,43580.25,9340.43,8488.66,8415.16
6664,21116.460000000003,42843.61,8883.86,8458.009999999998,7791.0599999999995
6665,20183.870000000003,42131.21,8482.64,8619.05,7780.0
6666,18756.62,42512.880000000005,8431.49,8649.01,7649.0
6667,17908.499999999996,43418.04,8715.55,8138.099999999999,7508.31
6668,16879.86,42583.89,9212.58,8100.999999999999,7446.05
6669,16447.850000000002,41922.59,10116.23,8265.179999999998,7753.88
6670,15441.880000000003,39986.880000000005,12393.16,8830.12,8132.38
6671,15285.33,37803.11,14783.74,9472.099999999999,8008.71
6672,15914.77,38077.7,15598.86,9946.98,7803.99
6673,16138.949999999999,38510.26,16335.55,10366.26,7858.71
6674,16158.7,37966.549999999996,16278.96,10669.919999999998,8118.13
6675,15896.960000000001,36994.329999999994,15853.95,10472.85,8057.070000000001
6676,16784.420000000002,36152.04000000001,15396.93,9983.93,7967.94
6677,19851.250000000004,34929.4,15271.98,9674.41,8245.87
6678,22918.21,36070.189999999995,14569.029999999999,9935.210000000001,8396.89
6679,26765.59,41641.14,12310.26,9538.02,9291.48
6680,27140.36,46375.590000000004,15902.15,9263.51,10911.8
6681,26150.11,47885.68,15817.489999999998,9192.08,11751.3
6682,25511.969999999998,48119.090000000004,14747.82,9244.289999999999,11497.84
6683,25567.069999999996,47707.78,13884.869999999999,9149.279999999999,11130.68
6684,25179.78,46164.55,12361.84,9232.02,10804.11
6685,24575.940000000002,43454.93,10909.91,9407.42,10325.65
6686,22783.79,43749.88,8799.86,9089.689999999999,9900.199999999999
6687,21835.120000000003,43162.310000000005,8190.8,8679.859999999999,9447.59
6688,21222.53,42931.119999999995,8070.86,8523.01,8644.84
6689,20480.770000000004,42625.020000000004,7956.09,8388.47,8698.5
6690,20722.579999999998,42644.7,8065.83,8499.369999999999,8889.78
6691,21727.56,42777.770000000004,9597.119999999999,8703.5,9990.18
6692,21593.61,44980.479999999996,12242.1,9313.17,10558.59
6693,20383.719999999998,47684.48,15751.62,10071.26,10965.87
6694,19333.960000000003,51503.43,16818.379999999997,10842.88,10642.74
6695,19952.16,50820.920000000006,17057.18,11705.05,10680.810000000001
6696,20680.609999999997,50514.950000000004,18048.98,12357.56,11032.34
6697,21041.36,49955.56,19465.21,12705.699999999999,11113.06
6698,20422.29,47390.56,19227.42,12701.87,10877.26
6699,22148.36,48085.93,19908.59,12279.7,10789.52
6700,27304.11,47939.880000000005,18104.39,11855.669999999998,11148.300000000001
6701,31805.96,46288.67,17368.41,11135.890000000001,10916.45
6702,34296.97,43985.81999999999,18918.27,10351.990000000002,10553.18
6703,34745.659999999996,43953.86,16583.14,9684.21,10777.41
6704,32806.11,47982.729999999996,18054.78,9457.65,12161.52
6705,31569.17,49373.63,18879.35,9497.770000000002,12548.449999999999
6706,30792.410000000003,49212.22,18659.61,9483.439999999999,12496.68
6707,29545.280000000002,49860.9,17820.260000000002,9447.869999999999,12389.720000000001
6708,28842.519999999997,48355.18000000001,15386.449999999999,9452.51,11920.37
6709,27279.06,46364.86,12992.14,9522.029999999999,10907.74
6710,26965.809999999998,43322.1,11701.91,9314.82,9960.96
6711,25937.2,42205.32,9825.72,9347.28,9689.55
6712,25355.149999999998,42121.18,8992.07,9047.679999999998,8797.21
6713,24481.230000000003,41885.79,8961.27,9004.06,8419.18
6714,24763.22,41769.1,9198.720000000001,8918.67,8343.449999999999
6715,25712.209999999995,41215.83,10740.4,9155.25,9667.76
6716,24083.250000000004,44359.2,13516.34,9431.269999999999,10057.45
6717,21425.17,48720.200000000004,15957.46,9917.66,10527.17
6718,20781.19,50590.240000000005,17749.24,10981.94,10577.8
6719,20244.160000000003,50604.16,18794.41,11646.91,10888.7
6720,20029.880000000005,51742.69,19896.940000000002,12242.679999999998,10973.22
6721,20029.31,52353.90000000001,20462.55,12590.419999999998,11114.95
6722,20540.89,49494.92,20990.050000000003,12468.84,10501.099999999999
6723,23463.550000000003,49162.46000000001,22232.92,12180.470000000001,10645.54
6724,28936.74,47401.54,21695.12,11855.53,10679.6
6725,32063.22,45825.33,20930.45,11175.15,11044.73
6726,32947.659999999996,45767.46000000001,20026.41,10536.800000000001,11724.45
6727,33828.88,44623.82000000001,17549.92,9880.429999999998,12055.11
6728,32184.829999999998,49194.97,19008.96,9615.240000000002,12691.7
6729,28669.02,52498.84,19770.879999999997,9702.720000000001,12630.31
6730,27492.809999999998,53427.29,18569.55,9782.83,12532.57
6731,27456.91,53276.380000000005,17965.309999999998,9779.609999999999,12350.8
6732,26984.149999999998,51689.45,15753.67,9765.5,11953.1
6733,25927.109999999997,49619.75,13690.2,9670.84,10829.18
6734,24618.989999999998,47521.53,11383.34,9579.41,10390.619999999999
6735,24078.29,44994.72,10217.67,9594.259999999998,10111.38
6736,24077.489999999994,42831.43,9757.130000000001,9232.41,9762.53
6737,23939.71,42789.44,8969.79,9036.6,9373.91
6738,24315.02,43128.69,8582.64,9042.4,9295.59
6739,24670.809999999998,44000.05,10394.13,9060.689999999999,9326.64
6740,23518.27,45319.61,14125.17,9399.2,9837.21
6741,20146.45,49595.149999999994,16923.64,10246.32,10821.97
6742,20122.51,53836.759999999995,17239.54,11098.890000000001,11111.27
6743,20165.83,54996.96000000001,18305.260000000002,11804.32,10543.86
6744,21675.54,53949.17999999999,20035.39,12481.92,10710.92
6745,23710.589999999997,52029.439999999995,21540.05,12934.52,10581.02
6746,24022.98,48628.34,22019.97,12832.080000000002,10490.179999999998
6747,27846.440000000002,46694.39,21917.7,12320.38,11682.57
6748,31484.89,45983.770000000004,22366.08,11608.35,11757.279999999999
6749,33731.72,45402.649999999994,22413.29,10748.4,11362.23
6750,34668.259999999995,44969.94,22945.88,9994.91,11007.75
6751,35678.31,43999.28999999999,20519.36,9497.95,11452.16
6752,34236.92,49468.74,20127.66,9258.02,12529.439999999999
6753,31899.98,51949.159999999996,19377.39,9234.75,12676.57
6754,30710.41,50907.689999999995,19696.370000000003,9226.91,12499.149999999998
6755,31437.25,49447.73,19679.42,9174.519999999999,12470.6
6756,30991.14,47352.59,18025.45,9134.230000000001,12031.19
6757,30496.049999999996,44462.71000000001,15814.919999999998,9167.689999999999,10891.89
6758,30257.7,40892.47000000001,14032.41,8516.689999999999,10364.84
6759,30415.92,38454.03,11678.71,8323.999999999998,10327.5
6760,30606.820000000003,37098.23,9901.59,8360.74,10237.58
6761,30547.5,36196.02,9426.18,8301.779999999999,10275.17
6762,31380.379999999997,34944.94,10075.789999999999,8249.98,10230.939999999999
6763,31760.56,34669.85,13022.02,8319.779999999999,10203.59
6764,31645.25,36983.530000000006,15302.900000000001,8734.73,10284.119999999999
6765,30650.800000000003,41044.26,16910.46,9619.130000000001,10851.33
6766,30170.39,44885.619999999995,17393.98,10384.390000000001,11188.7
6767,31018.800000000003,45628.83,18432.0,11378.72,11568.990000000002
6768,31951.27,45013.8,20308.52,12064.55,11784.52
6769,31892.190000000002,44068.34,21683.72,12385.239999999998,11781.93
6770,29650.099999999995,42167.97,21626.949999999997,12328.0,11623.48
6771,30299.970000000005,43272.14,21823.69,11994.43,11272.72
6772,34576.37,41564.72,22145.530000000002,11255.22,11171.42
6773,37247.66,39780.479999999996,22300.6,10291.02,11242.97
6774,36777.46,39962.939999999995,22301.42,9553.01,11844.77
6775,36153.25,40429.159999999996,20442.73,9097.76,11906.550000000001
6776,36301.35,44250.83,20352.93,8883.84,12254.09
6777,36044.219999999994,44856.46000000001,19768.96,8874.09,12327.77
6778,35723.07,44707.04,19359.730000000003,8915.579999999998,11727.62
6779,35540.0,43744.19,19405.36,8942.59,11541.14
6780,35119.33,39681.62,19415.59,8916.08,11471.749999999998
6781,34833.07,36621.24,16795.15,8830.31,11221.11
6782,34165.5,33211.69,15127.05,8800.279999999999,10986.81
6783,34183.579999999994,30703.25,13906.119999999999,8819.619999999999,10601.96
6784,33989.71,29047.270000000004,13302.84,8791.439999999999,10156.68
6785,33835.96,27659.409999999996,13492.470000000001,8821.38,10045.51
6786,33723.81,27088.73,13793.5,8835.869999999999,10124.33
6787,33924.450000000004,27885.46,15762.09,8826.73,10205.15
6788,33493.72,31400.239999999998,16600.45,9068.13,10680.72
6789,31563.51,35541.15,18214.059999999998,9771.35,11488.12
6790,29665.049999999996,40148.41,19827.61,10624.019999999999,11677.03
6791,25483.190000000002,41974.979999999996,22035.79,11512.63,11701.7
6792,25944.76,42587.14,22471.03,12119.220000000001,11764.62
6793,26009.949999999997,44344.97,22448.88,12497.99,11321.779999999999
6794,24481.05,44785.76,22269.8,12309.32,10300.02
6795,28025.48,44819.04,21450.78,11878.380000000001,10718.82
6796,29537.18,44036.07,22382.019999999997,11205.46,11649.88
6797,31213.100000000002,42245.24,22186.17,10344.05,11640.85
6798,33750.34,39536.53,20905.760000000002,9690.74,11491.599999999999
6799,35356.229999999996,41456.03,19033.04,9083.649999999998,11286.079999999998
6800,35468.98,44879.399999999994,20548.309999999998,8857.87,12060.230000000001
6801,35836.35,45287.99,20198.600000000002,8819.320000000002,11905.07
6802,35621.079999999994,43598.96,20066.13,8918.39,11782.070000000002
6803,35058.37,42661.15,20053.41,9006.579999999998,11524.68
6804,34662.219999999994,39233.56,19921.81,9206.86,11237.44
6805,33622.94,35759.81,19768.89,9175.07,10944.980000000001
6806,33466.560000000005,31794.18,18436.15,9233.96,10594.279999999999
6807,33193.799999999996,29653.750000000004,17015.48,9206.119999999999,10019.22
6808,33263.62,28983.050000000003,15019.75,9131.73,9664.57
6809,33293.07,28287.39,13615.33,9017.64,9775.24
6810,32431.969999999998,27595.22,14253.369999999999,9025.47,9881.61
6811,32227.2,27515.449999999997,14629.33,9067.0,9854.939999999999
6812,31142.16,29598.05,14859.169999999998,9352.349999999999,9359.380000000001
6813,26073.16,33776.83,18274.69,10195.730000000001,9411.43
6814,21710.56,39136.83,20267.86,11142.279999999999,8900.470000000001
6815,18291.68,42083.270000000004,22074.9,11823.0,8314.18
6816,16993.940000000002,43993.73,22814.850000000002,12368.35,8461.96
6817,17861.620000000003,43088.69,23382.04,12589.250000000002,8804.6
6818,18472.899999999998,42004.56,23243.36,12466.060000000001,8635.259999999998
6819,20104.56,40565.19,22333.69,11849.330000000002,9773.630000000001
6820,23565.230000000003,37935.28,20650.809999999998,11155.329999999998,10683.42
6821,27239.45,36269.79,20189.51,10357.67,10486.939999999999
6822,30666.890000000003,35599.39,19396.65,9690.8,10390.23
6823,34746.68,37138.49,17394.2,9193.599999999999,11223.72
6824,34733.63999999999,41181.12,20587.81,9035.300000000001,12495.900000000001
6825,34699.72000000001,40701.86,20148.24,8989.84,12103.619999999999
6826,34472.00000000001,39859.23,19499.06,8996.669999999998,11866.27
6827,33914.880000000005,38366.51,17626.33,9046.48,11106.849999999999
6828,32817.71,36742.549999999996,17354.97,8995.94,10255.74
6829,33145.72,34384.85,15873.55,9002.630000000001,9834.3
6830,33496.719999999994,32191.039999999997,14963.439999999999,9080.26,9617.119999999999
6831,33500.07,30759.7,12641.23,9046.82,9331.51
6832,33593.76,31179.8,9530.94,8748.92,9298.869999999999
6833,32392.14,31559.81,8211.4,8737.0,9259.83
6834,29745.920000000002,32966.46,8130.150000000001,8756.88,9334.41
6835,29297.4,32410.079999999998,8220.83,8760.75,9319.82
6836,25496.78,33588.0,9160.3,9009.199999999999,9481.52
6837,16045.94,38400.61,14948.73,9221.98,9034.37
6838,14311.859999999999,40388.469999999994,17042.77,10021.49,8303.09
6839,14785.970000000001,39304.46,18325.28,10597.91,8433.630000000001
6840,15503.29,39188.78,18787.13,11064.42,8584.02
6841,15958.529999999999,40040.600000000006,19582.15,11283.609999999999,8761.73
6842,15387.109999999999,40520.39,19984.73,11372.78,8367.68
6843,15510.779999999999,40461.51,19051.239999999998,11017.07,8117.43
6844,16625.680000000004,41124.89,17125.260000000002,10434.78,8240.72
6845,18368.199999999997,40907.15,14863.82,9622.63,10037.210000000001
6846,23916.949999999997,40237.64,12603.9,8932.439999999999,10722.49
6847,29112.580000000005,39980.130000000005,13184.689999999999,8634.29,12036.36
6848,31023.550000000003,44223.66,15461.59,8478.09,13336.119999999999
6849,29929.64,45536.84,16124.13,8496.619999999999,12646.21
6850,29511.26,44784.46,16526.53,8524.89,12165.45
6851,30089.629999999997,43691.42,16624.72,8510.69,11362.46
6852,30384.550000000003,42039.76,15816.69,8520.07,10905.28
6853,31004.579999999998,39561.28,13305.509999999998,8494.79,10235.84
6854,31693.350000000002,38081.15,10157.78,8500.46,9826.52
6855,29992.81,37514.97,9133.15,8452.249999999998,9777.87
6856,27582.339999999997,37815.229999999996,8981.81,8372.48,9330.13
6857,28152.859999999997,36626.9,8759.970000000001,8400.33,8870.2
6858,29857.200000000004,35662.75,8702.24,8453.25,9066.21
6859,31639.62,35968.689999999995,10100.630000000001,8440.42,9534.7
6860,30565.259999999995,40092.490000000005,11808.95,8775.689999999999,10117.05
6861,29468.24,43587.35,14251.09,9522.800000000001,10615.02
6862,27621.01,46337.84,17115.78,10435.470000000001,11407.720000000001
6863,26240.29,46233.549999999996,19076.79,11271.769999999999,11946.16
6864,25303.96,46676.55,21370.940000000002,11964.95,11979.32
6865,26094.14,46004.04,22331.800000000003,12289.06,11995.73
6866,24697.46,45117.880000000005,20841.96,12101.38,12101.86
6867,27042.64,44890.16,20842.34,11696.05,11986.92
6868,30540.289999999997,44936.97,20451.49,11023.050000000001,12085.73
6869,34302.37,44484.05,19015.94,10210.3,11994.869999999999
6870,35903.84,43408.369999999995,18870.870000000003,9501.1,12213.57
6871,35605.19,42748.42,18442.699999999997,8992.33,12651.489999999998
6872,34978.9,47444.88,18343.35,8735.11,13060.849999999999
6873,34720.93,48278.21,18260.17,8747.43,13234.97
6874,34723.770000000004,46891.740000000005,18048.54,8802.61,13190.58
6875,34805.409999999996,45288.3,18053.629999999997,8828.65,13190.49
6876,34921.189999999995,41753.899999999994,17883.97,8854.0,12055.019999999999
6877,34425.009999999995,37648.33,17477.15,8839.25,10548.509999999998
6878,33842.97,34834.159999999996,15412.27,8497.019999999999,10106.17
6879,33731.26,33352.899999999994,12605.73,8480.699999999999,10059.22
6880,33694.71000000001,32320.549999999996,10767.720000000001,8469.62,9973.62
6881,33386.340000000004,31687.43,10218.9,8399.11,9934.5
6882,32924.630000000005,32458.299999999996,10071.130000000001,8390.1,9907.22
6883,32627.57,33368.03,12017.57,8422.69,10144.34
6884,32524.84,36149.350000000006,13478.990000000002,8700.109999999999,10624.31
6885,31846.169999999995,39884.600000000006,15769.84,9476.5,11044.17
6886,30609.500000000004,43965.25,15812.73,10296.98,12367.849999999999
6887,28036.94,45230.36,17741.22,10990.380000000001,12913.060000000001
6888,27887.75,45261.87,19799.61,11547.31,12647.36
6889,27307.010000000002,45961.58,20008.879999999997,11962.439999999999,12600.57
6890,25048.93,45602.25,19631.86,11798.800000000001,12630.75
6891,28166.25,46099.05,19961.5,11384.35,12464.67
6892,30586.260000000002,46701.17,19896.31,10878.12,12353.880000000001
6893,34641.61,45925.56,19407.68,10151.19,12100.05
6894,35561.42,44414.8,20807.5,9400.75,12196.05
6895,35130.37,44105.0,19710.53,8905.34,12237.89
6896,34495.86,48238.92,19551.35,8615.349999999999,12642.81
6897,34488.24,48298.56,19292.18,8555.49,12781.380000000001
6898,34223.49,46596.36,19216.43,8643.05,13024.6
6899,34295.0,45077.18,19248.73,8686.420000000002,13041.5
6900,34542.34,42255.799999999996,17298.97,8744.68,12676.17
6901,33974.71,39209.89000000001,15458.7,8686.78,11451.78
6902,33387.72,36522.14,13455.01,8350.38,10747.73
6903,33392.86,34834.42,10812.64,8377.01,10573.7
6904,33291.12,33101.17,9932.25,8436.35,10455.83
6905,33020.22,32072.010000000002,9901.51,8349.74,10362.33
6906,32785.73,31788.070000000003,10156.720000000001,8321.220000000001,10728.880000000001
6907,32194.36,32878.18,12479.54,8392.18,10887.300000000001
6908,30214.050000000003,37621.21000000001,13771.58,8608.320000000002,11692.919999999998
6909,27277.709999999995,44077.579999999994,14482.84,9298.49,13050.09
6910,24740.690000000002,50209.63,16059.759999999998,10254.85,13715.780000000002
6911,24214.25,50875.340000000004,16766.27,11008.509999999998,13835.760000000002
6912,24780.49,50509.39,18679.08,11462.86,13438.900000000001
6913,25352.88,48640.88,19950.309999999998,11558.61,13177.0
6914,24202.480000000003,46104.19,20018.22,11306.3,12622.86
6915,27209.319999999996,46402.45,19970.42,10909.34,12359.45
6916,30998.92,45619.57000000001,19880.28,10364.31,12446.88
6917,34336.00000000001,43562.49,20125.07,9732.4,12383.26
6918,35762.03,43438.57,19965.67,9138.52,12563.32
6919,35037.08,42594.76,20033.58,8896.32,12923.81
6920,34493.69,48596.52,19731.85,8709.48,13201.829999999998
6921,33648.21,49974.079999999994,19075.93,8709.33,13099.66
6922,32489.0,50737.56,17764.489999999998,8746.060000000001,12492.02
6923,32698.9,49529.31,17789.52,8730.810000000001,12284.399999999998
6924,32890.439999999995,46708.98000000001,16776.96,8701.95,11591.06
6925,32964.450000000004,42721.21000000001,14841.73,8720.79,10843.800000000001
6926,32813.880000000005,39161.16,12861.91,8454.779999999999,10370.66
6927,30692.870000000003,37631.36,11496.91,8447.35,10323.54
6928,28552.66,37695.84,10388.34,8453.92,10280.64
6929,28389.660000000003,37145.14,9597.55,8415.29,10241.240000000002
6930,27807.600000000002,37565.810000000005,9647.220000000001,8346.2,10336.72
6931,27886.99,38628.9,10817.099999999999,8350.480000000001,10570.48
6932,26410.21,42441.899999999994,12174.8,8536.630000000001,11254.43
6933,23179.6,47294.83,14250.16,9079.650000000001,12416.51
6934,22156.44,50243.82,15683.02,9925.09,12746.67
6935,22616.839999999997,49482.13,16676.51,10803.720000000001,12413.02
6936,23255.46,48458.81999999999,18371.45,11405.779999999999,12068.130000000001
6937,24343.68,47733.5,19878.16,11874.420000000002,11659.400000000001
6938,23705.96,46607.79,20329.45,11863.88,10958.46
6939,25117.189999999995,47185.520000000004,19816.46,11401.269999999999,11560.349999999999
6940,27724.500000000004,47654.479999999996,19143.53,10694.46,12156.170000000002
6941,31480.54,46375.729999999996,19122.6,9955.25,12508.19
6942,33618.98,45652.58,20122.27,9325.420000000002,12235.400000000001
6943,33888.83,45815.87,19357.54,9032.230000000001,12363.849999999999
6944,33719.45,51062.5,19422.93,8794.369999999999,12345.2
6945,31494.51,52021.59,19157.809999999998,8799.810000000001,12175.04
6946,29029.41,52117.87999999999,18418.75,8846.42,12208.83
6947,28736.47,51385.98,17948.82,8812.09,12249.66
6948,28853.99,49823.119999999995,16854.47,8737.07,11665.28
6949,28860.010000000002,46019.81,15657.09,8755.22,11540.749999999998
6950,29034.409999999996,43717.95,13217.43,8625.53,10652.9
6951,27388.739999999998,42281.869999999995,11088.810000000001,8579.39,10578.9
6952,25218.679999999997,42215.399999999994,9417.02,8565.189999999999,10471.66
6953,23497.29,41973.15,8782.96,8488.449999999999,10548.47
6954,22198.980000000003,42556.479999999996,8383.83,8428.289999999999,10214.369999999999
6955,21083.699999999997,42311.990000000005,8241.289999999999,8426.18,10066.21
6956,19050.12,41301.06,9023.74,8598.36,9908.92
6957,15657.72,42809.19,11264.74,9100.53,9514.04
6958,16019.89,41912.21000000001,12403.150000000001,9934.97,9413.94
6959,16116.92,39749.09,14586.58,10770.460000000001,9402.789999999999
6960,16634.7,37552.54,17092.05,11400.66,9409.42
6961,16957.88,38536.55,18034.51,11599.09,9606.630000000001
6962,16926.359999999997,38836.44,18190.13,11594.12,9738.83
6963,17088.25,39839.06,16206.519999999999,11155.149999999998,9590.61
6964,17651.859999999997,41989.34,13426.89,10581.650000000001,9747.15
6965,19278.449999999997,40196.75,13510.54,9961.07,10837.1
6966,24600.11,37625.29,14224.619999999999,9384.84,10650.81
6967,30641.94,35792.5,15427.34,8860.160000000002,11443.41
6968,32948.48,40304.369999999995,16995.300000000003,8671.09,12462.52
6969,32441.08,42284.59,14970.26,8661.04,12842.880000000001
6970,31719.430000000004,42854.33,13620.369999999999,8784.53,12528.9
6971,31761.639999999996,42086.36,13228.76,8764.92,12401.98
6972,31648.64,40610.03,12832.09,8777.550000000001,11641.7
6973,31200.700000000004,39338.31,11498.42,8723.380000000001,10782.68
6974,28686.9,38762.719999999994,10069.95,8488.42,10589.02
6975,25586.779999999995,38194.229999999996,9385.12,8505.45,10515.26
6976,25004.470000000005,36706.979999999996,8921.970000000001,8500.09,10183.849999999999
6977,24360.739999999998,36623.49,8687.14,8301.84,9477.91
6978,24686.539999999997,35871.75,8776.68,8208.16,9293.88
6979,25895.170000000002,34894.780000000006,9005.72,8129.76,9110.09
6980,24763.03,36046.45,9209.32,8389.85,9372.75
6981,20291.18,39445.28,12062.989999999998,8974.41,10055.41
6982,17202.96,41968.51,14555.850000000002,9838.910000000002,10502.52
6983,16949.3,41917.16,15566.560000000001,10654.369999999999,10436.05
6984,17266.68,41961.92,17548.42,11140.49,10190.9
6985,17974.2,42707.97,18462.59,11323.41,10125.31
6986,17762.699999999997,42315.45,18794.66,11111.440000000002,10225.490000000002
6987,17650.760000000002,41193.4,18149.04,10840.07,10682.52
6988,19141.02,40220.270000000004,17861.14,10366.480000000001,11275.13
6989,22290.140000000007,39005.11,17454.260000000002,9551.78,11421.5
6990,29107.130000000005,37439.810000000005,15243.970000000001,8955.2,11077.429999999998
6991,33825.63,38028.100000000006,15139.57,8575.52,11947.9
6992,33339.659999999996,43631.82,17212.3,8387.42,13195.81
6993,30695.28,45035.58,16341.11,8386.130000000001,13325.76
6994,29079.729999999996,44959.99,15313.779999999999,8425.03,12563.32
6995,28915.42,43643.369999999995,14629.14,8466.92,11642.189999999999
6996,29588.649999999998,41729.14,12740.52,8588.42,11316.31
6997,29441.670000000002,39852.08,11511.619999999999,8607.34,10795.400000000001
6998,27500.39,39294.11,9264.89,8335.23,10780.480000000001
6999,25738.04,37570.52,8816.970000000001,8327.96,10434.8
7000,24666.000000000004,36231.88,8556.029999999999,8296.17,10129.67
7001,23723.380000000005,35103.78,8485.48,8355.8,10057.31
7002,25645.87,32175.43,8507.35,8426.05,10034.16
7003,26340.019999999997,30365.349999999995,9151.310000000001,8423.140000000001,9961.6
7004,23878.87,30986.14,9158.970000000001,8688.800000000001,9997.14
7005,18042.64,33354.07,13606.0,9223.9,8994.24
7006,15567.72,34258.119999999995,15023.029999999999,9968.74,8832.94
7007,15044.1,33740.17,15253.74,10623.050000000001,8795.59
7008,15432.169999999998,33016.75,15545.61,11217.18,8630.08
7009,15955.119999999999,33513.770000000004,16114.65,11644.510000000002,8679.369999999999
7010,16316.74,33471.08,16597.01,11665.13,8845.82
7011,16779.260000000002,32350.559999999998,16177.849999999999,11105.99,9224.49
7012,18691.879999999997,30616.03,15267.14,10487.289999999999,9146.66
7013,20722.02,29935.739999999998,15377.789999999999,9805.98,9456.7
7014,27603.800000000003,28447.43,14124.68,9262.82,9974.720000000001
7015,33176.9,29908.940000000002,14438.05,9001.17,11168.93
7016,34144.340000000004,35375.36,17407.04,8824.49,11951.18
7017,33750.13,35890.23,16907.88,8914.81,11903.47
7018,33334.509999999995,34755.479999999996,16876.5,9004.53,11673.09
7019,33127.869999999995,33914.72,16665.5,9032.58,11531.66
7020,33142.91,33118.700000000004,15570.19,9003.800000000001,11066.36
7021,32732.210000000003,30698.739999999998,14997.77,9015.550000000001,10464.220000000001
7022,32455.27,28907.329999999998,13055.460000000001,8685.55,10393.08
7023,31032.18,28370.03,11537.45,8380.01,10416.199999999999
7024,30836.739999999998,27187.31,10818.9,8320.83,10039.8
7025,30865.260000000002,26285.39,10218.45,8261.169999999998,9908.84
7026,30958.07,26172.230000000003,9765.34,8273.119999999999,9855.4
7027,31558.92,25644.55,9943.789999999999,8314.8,9794.75
7028,29368.54,27042.99,10369.83,8502.359999999999,9732.74
7029,21596.33,30700.640000000003,15734.81,8969.31,9072.42
7030,16685.02,34548.66,18866.32,9791.87,8270.48
7031,14783.78,36151.64,20397.010000000002,10557.67,8152.11
7032,15893.180000000002,36741.12,20400.52,11085.08,8253.78
7033,16069.69,37881.630000000005,20628.34,11329.380000000001,8537.08
7034,15638.999999999998,38382.02,20752.420000000002,11129.14,8739.14
7035,15572.130000000001,39432.9,20159.31,10555.750000000002,8735.03
7036,19304.81,36908.31999999999,18186.63,9845.06,10089.82
7037,24274.62,34390.09,16045.21,9261.52,10912.150000000001
7038,28315.54,33273.71,15825.759999999998,8829.07,10726.94
7039,33475.119999999995,34748.48,15491.36,8522.01,11219.5
7040,34298.99,39318.71,17704.98,8384.25,13246.27
7041,33967.76,40289.06,17331.93,8376.02,13696.009999999998
7042,33829.969999999994,41508.96,14569.36,8439.88,13145.59
7043,33662.77,40558.32,14189.380000000001,8486.87,12518.76
7044,32852.780000000006,39321.479999999996,13497.93,8427.49,11172.75
7045,32310.769999999997,37359.47,11979.01,8382.720000000001,10234.73
7046,31205.629999999997,35575.39,9807.83,8365.25,10225.43
7047,28617.710000000003,35460.049999999996,8974.25,8291.01,10131.57
7048,27560.24,34343.61000000001,8684.91,8321.25,10076.779999999999
7049,26644.100000000002,34469.79000000001,8217.97,8327.83,10145.04
7050,26883.739999999998,34368.08,8263.31,8334.36,10177.23
7051,28804.349999999995,35364.07,8797.68,8351.27,10373.130000000001
7052,29033.66,38132.22,10618.67,8551.52,10693.03
7053,25061.95,42438.23,14691.869999999999,9006.64,10943.529999999999
7054,22328.29,45334.16,17390.4,9671.31,11264.58
7055,17676.68,49375.74999999999,20395.489999999998,10673.279999999999,10666.98
7056,16259.79,50830.8,21165.02,11149.279999999999,11561.79
7057,17639.120000000003,49736.47000000001,21221.15,11465.01,11841.39
7058,17032.15,48409.19,21543.1,11343.33,10691.15
7059,21074.609999999997,47424.81,21178.730000000003,10923.36,10946.96
7060,24686.31,46137.13,20130.02,10174.02,12274.31
7061,27242.300000000003,45362.22,19267.28,9699.44,12473.96
7062,32241.12,44050.45,18248.36,9062.470000000001,12494.35
7063,33966.520000000004,45215.75,15264.7,8486.86,12780.04
7064,33619.12,49541.44,15955.25,8238.4,13618.33
7065,33546.05,49815.56,15614.11,8233.82,13410.119999999999
7066,33908.07,48595.93,14887.98,8268.51,13056.08
7067,33343.44,47899.51000000001,14532.26,8273.960000000001,12862.59
7068,32431.019999999997,46345.22,12675.82,8291.83,12308.13
7069,33879.98,40827.619999999995,11194.08,8302.31,11698.33
7070,32627.52,38496.68,8920.81,8236.65,10838.9
7071,31480.78,36319.7,8168.820000000001,8188.75,10630.7
7072,29696.149999999998,35768.86,7755.44,8178.099999999999,10431.07
7073,27275.86,36588.0,7729.67,8189.0599999999995,10559.390000000001
7074,27104.429999999997,36928.14,7784.21,8165.369999999999,10444.529999999999
7075,28110.740000000005,39068.28,8108.9,8146.9,10225.89
7076,25892.38,44121.41,9369.06,8403.75,10583.68
7077,21321.239999999998,48485.72999999999,13897.27,8978.69,11262.99
7078,18157.5,52484.649999999994,17061.4,9780.710000000001,10362.169999999998
7079,17772.949999999997,54246.18,17180.93,10186.21,9790.189999999999
7080,17673.71,54953.56,17429.33,10513.62,10025.27
7081,19182.460000000003,53260.649999999994,18377.3,10887.800000000001,10024.69
7082,19762.219999999998,50313.829999999994,18804.940000000002,10958.28,9190.509999999998
7083,22600.230000000003,49398.42999999999,19130.13,10874.09,9699.6
7084,26503.869999999995,48581.36000000001,17461.86,10548.29,11325.61
7085,31334.32,47441.34,16441.879999999997,9746.590000000002,11811.47
7086,32709.85,49482.600000000006,14984.04,9030.93,11614.24
7087,32507.490000000005,49644.13,13653.98,8414.51,12047.54
7088,31142.289999999997,54739.47,15134.0,8186.88,12770.689999999999
7089,28634.709999999995,55071.93,16136.599999999999,8167.34,12868.73
7090,28266.389999999996,53798.63,15741.22,8206.4,12779.630000000001
7091,28762.529999999995,51590.11,15705.630000000001,8220.84,12626.009999999998
7092,30026.719999999998,48367.08,13144.170000000002,8219.56,12394.09
7093,30386.859999999997,44806.009999999995,11086.61,8244.27,11573.73
7094,29253.499999999996,42339.14,9730.28,8262.9,10507.06
7095,25657.149999999998,41613.92,9612.09,8220.57,10311.869999999999
7096,24106.74,40515.490000000005,9710.369999999999,8172.38,10103.189999999999
7097,23017.980000000003,40451.29,9646.05,8074.01,9886.86
7098,22992.07,41175.39,9424.36,8087.48,9597.92
7099,24919.73,42921.98,9104.439999999999,8057.19,9691.85
7100,23850.619999999995,46119.79,11452.63,8234.88,10445.77
7101,17970.589999999997,50810.81,15971.279999999999,8701.269999999999,10370.83
7102,17325.100000000002,55789.47,17512.75,9489.13,10404.34
7103,17165.129999999997,57004.909999999996,18124.71,10147.19,10962.89
7104,18065.76,57335.56,19226.829999999998,10499.74,10937.45
7105,18001.0,57216.630000000005,20164.64,10828.23,10819.529999999999
7106,17761.489999999998,54617.509999999995,21047.82,10486.269999999999,9769.07
7107,21492.390000000003,53706.16,20856.18,9992.99,10626.93
7108,26485.470000000005,51613.62,19826.75,9594.800000000001,11777.0
7109,31628.35,48914.94,17996.39,8791.93,12173.65
7110,34494.450000000004,48390.36000000001,17716.12,8020.0599999999995,12092.82
7111,34158.31,49604.19,15693.820000000002,7613.99,12532.68
7112,33239.77,54084.780000000006,16076.509999999998,7500.33,13098.039999999999
7113,31948.84,53865.29000000001,15676.01,7550.07,13016.880000000001
7114,31155.93,53705.729999999996,14620.16,7600.360000000001,12494.509999999998
7115,31162.379999999997,53123.44,14151.43,7520.9400000000005,12284.17
7116,31296.17,49349.829999999994,13170.0,7433.42,11807.36
7117,30754.81,46550.29,12122.46,7460.950000000001,11106.130000000001
7118,30054.48,43645.700000000004,10734.7,7476.389999999999,10491.68
7119,28514.750000000004,41756.899999999994,9388.3,7439.969999999999,10017.42
7120,27836.089999999997,40512.57,8880.560000000001,7419.449999999999,9686.24
7121,28001.21,39389.4,8819.810000000001,7318.5599999999995,9367.69
7122,27799.699999999997,39739.91,8880.79,7325.07,9451.06
7123,28326.069999999996,41471.42,9689.1,7337.889999999999,9633.02
7124,28146.170000000002,44335.03,11584.43,7533.88,11235.14
7125,23372.329999999998,48791.39,15934.56,8285.2,12475.750000000002
7126,21750.62,54764.369999999995,15744.23,9266.45,13272.599999999999
7127,21228.570000000003,54814.42,18650.55,10044.16,13026.3
7128,22875.06,53201.25,20216.489999999998,10484.05,12813.720000000001
7129,23820.03,51407.100000000006,21505.36,10800.66,12867.97
7130,23511.0,48846.770000000004,21676.420000000002,10690.82,12453.419999999998
7131,25711.57,48791.59,21620.5,10229.85,12425.64
7132,29628.109999999997,48508.840000000004,20288.56,9522.91,12291.68
7133,32227.7,48009.35,19006.55,8859.43,11912.9
7134,33763.19,48771.86,17391.3,8211.34,11786.0
7135,35901.36000000001,48752.17,15217.36,7933.16,11894.710000000001
7136,33011.23,54252.68,15868.970000000001,7851.78,12454.51
7137,31197.309999999998,54477.340000000004,15087.439999999999,8030.040000000001,12783.3
7138,29865.66,53471.57,14332.59,8362.49,12585.07
7139,30827.55,51029.98,14424.869999999999,8377.49,12328.75
7140,32242.22,47247.36,13249.39,8325.53,12140.460000000001
7141,32974.05,43148.53,12255.95,8326.15,11337.36
7142,32231.800000000003,40440.56,11090.79,8175.67,10502.19
7143,32004.460000000003,37887.09,9823.11,8159.73,10352.970000000001
7144,31136.48,36425.88,9211.34,8137.29,10081.720000000001
7145,30034.6,35768.14,9136.52,8136.33,10026.9
7146,30011.31,35243.92,9202.0,8147.129999999999,10072.42
7147,31137.42,34292.73,9437.75,8160.629999999999,10165.99
7148,28268.49,36502.64,10508.25,8354.74,10611.36
7149,21686.16,40211.840000000004,15131.05,9112.48,10777.27
7150,18066.88,43856.14,18362.52,10029.56,9899.56
7151,17722.45,44258.130000000005,19595.91,10724.449999999999,9658.550000000001
7152,18521.74,43615.130000000005,20600.0,11209.720000000001,9880.789999999999
7153,19047.809999999998,43921.87,20522.22,11467.26,10105.810000000001
7154,18807.329999999998,43309.71,20466.0,11347.419999999998,10079.75
7155,19031.09,43476.99,20076.8,10916.26,10019.52
7156,21324.489999999998,42832.659999999996,18817.11,10161.69,10024.68
7157,25590.100000000006,41348.86,16657.45,9410.27,11058.21
7158,31712.299999999996,39332.58,16410.92,9042.310000000001,11047.119999999999
7159,32590.060000000005,43565.75,16894.28,8606.41,11115.939999999999
7160,33040.11,49749.9,16986.77,8495.47,12789.119999999999
7161,30093.73,50937.590000000004,15876.28,8483.61,12734.67
7162,28569.31,50144.99,14943.39,8515.63,12396.11
7163,27446.969999999998,49632.64000000001,14074.25,8461.78,11803.56
7164,27608.65,46839.64,12680.970000000001,8393.070000000002,11718.490000000002
7165,27582.13,44260.84,11168.92,8246.41,11651.11
7166,25308.35,41568.25,10060.130000000001,8058.299999999999,11480.52
7167,23462.309999999998,39891.74,9449.77,8043.2,11445.529999999999
7168,21948.099999999995,38696.01,9244.4,8026.0599999999995,11293.2
7169,20690.059999999998,38449.12,9212.6,8032.469999999999,10620.24
7170,20169.75,38560.14,9360.189999999999,8032.46,9830.27
7171,20548.0,37847.75,9325.619999999999,8009.4,9221.46
7172,20262.11,37213.55,9947.48,8072.780000000001,8977.33
7173,18634.46,37282.49,11479.01,8882.400000000001,9160.61
7174,16710.58,37743.71,13465.189999999999,9917.46,9472.050000000001
7175,14939.880000000001,38363.030000000006,14693.630000000001,10759.390000000001,9588.69
7176,15301.87,37340.92,16388.46,11264.0,9580.23
7177,15899.14,37903.2,17576.629999999997,11334.730000000001,9586.35
7178,16067.130000000001,38053.49,17636.33,11266.869999999999,9536.34
7179,16132.33,37938.28,16880.84,10879.28,9339.84
7180,16921.61,38949.979999999996,15725.34,10196.210000000001,9321.29
7181,19308.55,39171.12,14759.4,9380.43,10472.34
7182,24573.839999999997,37033.82,15503.84,8784.1,10891.039999999999
7183,29360.22,37966.08,17344.510000000002,8301.359999999999,11075.35
7184,31670.059999999998,42991.36,16945.58,8250.17,12920.08
7185,29590.309999999998,45257.69,14524.470000000001,8274.57,13436.699999999999
7186,28469.02,45159.09000000001,13595.66,8345.369999999999,13391.43
7187,28326.020000000004,44932.54,13470.5,8324.23,12348.710000000001
7188,28593.28,43250.49,12508.89,8242.5,11856.59
7189,28391.829999999998,41400.14,11206.33,8078.72,10851.43
7190,28973.500000000004,39482.05,10458.97,8224.42,9965.24
7191,28572.06,37210.810000000005,9918.039999999999,8205.94,9797.29
7192,27547.980000000003,36180.56,9719.71,8215.58,9716.98
7193,26775.79,35110.22,9591.99,8196.48,10412.9
7194,28400.0,33590.76,9791.95,8105.01,10862.85
7195,31879.5,33117.68,10593.21,8127.74,10787.699999999999
7196,32059.16,36563.200000000004,11605.39,8311.339999999998,11616.869999999999
7197,31042.23,41132.899999999994,13186.51,9001.849999999999,12214.380000000001
7198,30089.309999999998,44904.4,15289.710000000001,9738.710000000001,12578.51
7199,26568.16,46416.42999999999,18635.47,10438.099999999999,12953.329999999998
7200,26216.36,47402.67,21305.699999999997,11007.19,12443.7
7201,27795.710000000003,45381.5,22089.41,11344.679999999998,12663.25
7202,26714.11,43222.009999999995,20687.63,11261.67,12416.74
7203,29240.42,43085.44,20818.7,11003.06,12223.68
7204,33836.98,41998.56,20741.4,10331.17,11911.050000000001
7205,36895.16,40508.81,21224.399999999998,9573.06,11480.25
7206,37296.43,42108.05,20375.66,8969.77,11768.54
7207,36363.74,43715.04,18780.12,8491.97,12491.08
7208,36198.090000000004,47501.66,19224.190000000002,8370.980000000001,13030.57
7209,35653.45,47657.659999999996,19096.100000000002,8458.519999999999,12991.189999999999
7210,35569.5,47046.87,17983.07,8487.189999999999,12835.0
7211,35406.13,45828.47,17879.09,8495.0,12598.720000000001
7212,34957.93,42152.01,17491.2,8475.83,12050.72
7213,34660.76,36437.46,17638.78,8376.859999999999,11557.32
7214,34592.770000000004,33186.8,15616.09,8179.8,10912.859999999999
7215,34314.82,31278.57,13855.76,8154.52,10682.18
7216,34021.89,28838.550000000003,13581.23,8119.8099999999995,10619.74
7217,34109.45,27484.53,13552.699999999999,8070.49,10467.66
7218,34014.3,27345.94,14072.16,8106.23,10272.16
7219,34139.6,28871.170000000002,15468.340000000002,8111.69,10400.55
7220,33872.1,33539.049999999996,15556.99,8223.6,11060.51
7221,31373.629999999997,39651.590000000004,15752.07,8846.509999999998,12056.26
7222,27871.97,44665.509999999995,17225.49,9485.550000000001,12450.09
7223,24128.82,45138.52,20421.75,9956.89,12187.86
7224,24030.27,45415.67,22148.11,10364.23,12257.25
7225,23246.95,46225.149999999994,22330.63,10706.439999999999,12430.78
7226,20771.4,45815.65,21347.53,10699.300000000001,11692.119999999999
7227,23872.45,45052.25,21286.67,10618.45,11225.48
7228,27922.18,45010.0,20411.78,10194.880000000001,11449.869999999999
7229,31246.260000000002,45108.12,19455.059999999998,9692.57,11125.55
7230,35991.56,44617.149999999994,18126.420000000002,8981.27,11008.56
7231,35764.77,44376.049999999996,18577.57,8472.359999999999,12151.210000000001
7232,35786.62,47753.44,19171.77,8034.320000000001,13539.23
7233,35405.78999999999,47563.85,18737.39,8090.349999999999,13317.470000000001
7234,35209.22,46368.36,18706.04,8230.13,12706.399999999998
7235,35081.28,44658.21,18891.31,8316.57,12578.650000000001
7236,34526.009999999995,41294.17,17861.77,8279.42,12345.66
7237,34119.189999999995,35793.85,17083.73,8056.080000000001,11938.17
7238,33867.590000000004,32938.44,14877.5,8118.450000000001,10735.25
7239,33827.76,30791.21,12752.74,8082.07,10578.7
7240,33682.409999999996,29642.14,11183.93,7990.21,10649.73
7241,33128.27,29258.520000000004,10584.6,7966.639999999999,10681.08
7242,33156.9,29725.680000000004,10316.369999999999,8045.82,10758.21
7243,33513.81999999999,31478.109999999997,11256.289999999999,8245.57,10719.330000000002
7244,33198.630000000005,35343.56999999999,12152.480000000001,8432.17,11186.029999999999
7245,29659.279999999995,40630.22,14254.25,9100.9,11557.23
7246,24668.120000000003,44670.58,18185.17,10071.44,11931.669999999998
7247,22618.34,45412.21,19050.35,10950.039999999999,11827.720000000001
7248,22230.52,47038.24,19596.510000000002,11334.439999999999,11551.46
7249,20537.18,49770.07,19184.199999999997,11543.0,10363.67
7250,20929.71,47203.02,18713.14,11359.4,9917.029999999999
7251,25070.770000000004,45446.72,18987.21,10822.720000000001,10248.24
7252,29255.32,44411.95,18504.84,10586.98,10879.25
7253,30190.07,46528.94,15947.34,10142.880000000001,11739.07
7254,34335.29,47085.46000000001,14117.470000000001,9539.77,11421.47
7255,34102.41,48693.2,13618.98,9198.949999999999,11158.07
7256,33145.62,52733.29000000001,14226.8,9064.43,12603.17
7257,31514.1,52591.5,14113.86,9077.429999999998,12587.89
7258,30196.17,52363.719999999994,13347.09,9062.89,12212.35
7259,29933.91,51694.280000000006,12724.61,9041.009999999998,11934.68
7260,29893.34,48269.95,11537.59,8891.35,11854.03
7261,29699.570000000003,43733.87999999999,10307.81,8921.789999999999,11779.68
7262,29452.710000000003,39396.94,8978.46,9188.35,11313.82
7263,27664.72,37463.130000000005,8591.8,9250.84,10806.18
7264,26682.82,36170.47,8463.08,9138.49,10502.6
7265,25048.43,36269.990000000005,8391.41,9080.57,10357.77
7266,25277.269999999997,35718.68,8246.970000000001,9058.82,9805.699999999999
7267,25538.07,35502.99,8360.58,9105.89,9522.59
7268,22077.09,37262.82,8954.490000000002,9309.71,9540.93
7269,16795.85,42460.78,11073.91,9943.460000000001,8499.48
7270,15902.56,43522.96,12195.14,10883.699999999999,8126.6900000000005
7271,15693.91,42536.25,13197.11,11459.029999999999,8486.04
7272,16340.110000000002,41855.659999999996,13968.11,11986.220000000001,8753.4
7273,16665.45,42444.63,14682.61,12144.06,8853.970000000001
7274,16367.92,41929.770000000004,15201.88,12044.65,8921.88
7275,16394.85,41393.649999999994,16069.83,11637.130000000001,8909.960000000001
7276,18602.79,40184.09,15466.23,11141.57,8645.19
7277,22093.31,39341.130000000005,14607.41,10517.56,8511.27
7278,24777.379999999994,39188.55,13946.67,10042.470000000001,9593.04
7279,28400.170000000002,41221.7,13140.75,10061.170000000002,11576.29
7280,29565.120000000003,47465.399999999994,13996.470000000001,9858.25,13310.74
7281,28288.97,47227.2,14236.72,9965.210000000001,12921.2
7282,27205.600000000002,45910.83,13644.130000000001,10024.74,12193.510000000002
7283,27354.289999999997,44839.78,12332.13,10056.390000000001,11706.54
7284,27736.82,42995.42,10977.619999999999,9715.1,11469.14
7285,25798.139999999996,40744.6,10680.05,9522.84,11402.220000000001
7286,24023.580000000005,39994.93,10181.7,9485.880000000001,9236.390000000001
7287,23054.969999999998,38777.5,10006.31,9259.49,7773.15
7288,23001.32,37080.69,9628.96,9136.0,7435.860000000001
7289,22993.920000000002,36213.18,9428.31,9170.599999999999,7373.27
7290,22263.43,37000.63,9480.18,9162.75,7357.83
7291,21361.76,39460.16,9838.029999999999,9227.09,7347.08
7292,18723.26,44188.63,10439.599999999999,9602.080000000002,7606.51
7293,14613.619999999997,49864.5,13809.130000000001,10267.730000000001,7997.71
7294,14595.500000000002,51393.119999999995,15466.869999999999,11312.050000000001,8399.779999999999
7295,15267.259999999998,49580.899999999994,16433.69,12138.080000000002,8839.009999999998
7296,16084.619999999999,48832.32,17519.0,12525.17,9094.630000000001
7297,16266.430000000002,48137.94,19259.3,12541.58,9185.23
7298,16013.45,47040.61,19477.12,12382.0,9172.86
7299,16339.22,49045.369999999995,19489.0,11850.1,9034.4
7300,18516.28,51162.700000000004,17695.79,11287.789999999999,9023.47
7301,20550.34,51062.42,15842.68,10879.83,10571.11
7302,23892.15,49974.37,15727.28,10278.64,10540.59
7303,28133.09,50124.8,13738.41,10036.900000000001,11320.51
7304,27568.23,54789.15999999999,15321.57,9747.84,12338.82
7305,26639.42,53327.700000000004,15310.85,9698.050000000001,12540.42
7306,26597.87,50803.89,14202.32,9743.01,12576.39
7307,26956.11,49153.68,13340.089999999998,9712.01,12479.24
7308,26064.160000000003,47502.659999999996,12699.44,9553.98,11926.080000000002
7309,24504.42,45655.549999999996,11824.55,9471.92,11074.98
7310,22132.919999999995,45040.02,11564.35,9078.820000000002,8669.619999999999
7311,21798.31,42487.14,10735.01,8980.56,7748.1
7312,21837.93,40579.55999999999,10111.34,8689.829999999998,7629.379999999999
7313,21408.399999999998,39502.25,9970.48,8646.6,7404.860000000001
7314,21439.26,38811.84,10010.39,8643.74,7297.629999999999
7315,21424.059999999998,38868.240000000005,10511.89,8636.449999999999,7024.2699999999995
7316,19824.59,39921.9,11174.86,8826.92,7174.009999999999
7317,19277.329999999998,39229.06,13569.380000000001,9576.46,7474.55
7318,18088.54,40214.4,15245.55,10513.519999999999,7856.660000000001
7319,18429.29,38449.56,16736.88,11203.54,8323.03
7320,18528.760000000002,38197.090000000004,17697.54,11748.91,8702.74
7321,18543.83,38066.05,18479.63,12010.95,8922.35
7322,18530.38,37718.43,18882.99,11869.61,8979.82
7323,18329.64,37850.880000000005,18703.95,11485.699999999999,9117.220000000001
7324,17642.77,39003.78,18144.4,10900.38,8955.69
7325,18009.18,39804.82,18226.55,10323.92,8795.689999999999
7326,21279.31,41193.41,15999.09,9968.18,9880.94
7327,26685.679999999997,44646.06999999999,12760.07,10405.230000000001,11391.36
7328,27174.73,51913.45,13619.53,10724.37,12220.869999999999
7329,25954.049999999996,50775.62,13247.3,10746.2,12391.13
7330,25800.64,48464.68,11852.51,10778.840000000002,12400.949999999999
7331,25312.909999999996,47091.329999999994,10852.12,10603.74,12202.98
7332,23461.26,45773.42999999999,10625.59,10275.58,11171.830000000002
7333,22852.809999999998,43678.189999999995,10337.470000000001,10278.07,9552.86
7334,22563.58,43112.05,9912.29,8768.79,7713.119999999999
7335,21755.43,41344.630000000005,9499.119999999999,8383.8,7101.98
7336,19426.38,40971.84,9546.08,8406.76,6979.1900000000005
7337,17889.61,40724.47,9530.08,8422.83,6925.110000000001
7338,16814.79,40447.52,9712.779999999999,8364.93,6903.610000000001
7339,17569.96,39093.12,9731.880000000001,8356.119999999999,6901.66
7340,15558.150000000001,39521.88,10191.04,8522.68,7035.82
7341,14482.26,38094.0,11930.23,9180.89,7276.52
7342,15668.469999999998,34711.53,13381.560000000001,10072.16,7396.5599999999995
7343,17911.480000000003,30045.229999999996,14995.02,11005.869999999999,7675.7
7344,18919.11,29832.86,15107.57,11595.27,7920.92
7345,19624.46,30817.960000000006,15963.330000000002,11826.56,8034.1
7346,19505.89,31337.769999999997,16140.67,11545.98,8054.1900000000005
7347,19049.62,31178.45,15956.2,10823.71,7886.02
7348,18410.910000000003,32425.6,15742.86,10363.210000000001,7662.7699999999995
7349,19716.440000000002,34092.08,15418.119999999999,10280.11,7636.6900000000005
7350,21291.179999999997,36984.04,15231.98,10253.17,7999.0599999999995
7351,25367.98,40851.649999999994,13479.68,10656.73,10534.96
7352,27988.23,46003.810000000005,13898.06,10595.83,12738.880000000001
7353,27794.14,45773.049999999996,12820.599999999999,10597.26,12724.57
7354,27186.16,45248.22000000001,11651.279999999999,10656.210000000001,12624.249999999998
7355,27448.28,43828.84,10683.599999999999,10601.84,12398.079999999998
7356,26569.480000000003,42201.8,9999.97,10322.220000000001,12001.800000000001
7357,24969.03,40409.65,9557.529999999999,9423.17,11695.849999999999
7358,23305.699999999997,39590.93,9192.02,8237.820000000002,11119.51
7359,21281.79,39352.09,9034.06,7772.16,10597.990000000002
7360,19488.640000000003,39581.83,9037.25,7644.07,10297.89
7361,18963.66,40112.08,9101.82,7572.0599999999995,8999.990000000002
7362,18671.949999999997,41065.66,9319.07,7575.360000000001,8516.48
7363,21001.160000000003,41679.75,10088.78,7825.38,8633.789999999999
7364,20936.82,44926.83,12482.119999999999,7974.719999999999,9516.91
7365,17732.51,49537.75,15279.239999999998,8704.720000000001,10211.529999999999
7366,17763.5,51470.329999999994,17921.07,9846.1,9796.21
7367,18509.960000000003,50340.82,19137.980000000003,10700.68,9951.93
7368,19547.51,50111.75,19942.739999999998,11281.630000000001,10184.080000000002
7369,20325.78,49587.41,20180.11,11496.74,10367.369999999999
7370,20231.420000000002,47554.2,20357.199999999997,11327.840000000002,9873.779999999999
7371,20986.820000000003,49088.78999999999,21123.14,10758.19,9877.59
7372,22973.53,50457.450000000004,20434.68,10352.6,10043.330000000002
7373,24192.32,51184.23999999999,19124.54,9922.19,11267.460000000001
7374,28279.440000000002,51246.56,16758.02,9653.66,12002.98
7375,31385.229999999996,49602.41,14198.310000000001,9460.24,12932.02
7376,28961.499999999996,53072.0,17024.49,9229.86,13749.09
7377,26662.999999999996,53987.74,17798.53,9242.59,13596.74
7378,26074.399999999998,53443.89,17675.39,9229.49,13258.27
7379,25565.310000000005,53204.12,16959.35,9239.789999999999,13210.759999999998
7380,24502.690000000002,50761.7,15667.720000000001,9005.14,12690.630000000001
7381,23711.429999999997,47415.84,13847.51,8452.449999999999,11593.13
7382,23328.790000000005,44850.67999999999,11348.0,8365.95,10815.51
7383,23220.64,42909.9,9788.36,8275.3,9962.7
7384,23624.23,41144.85,9620.66,8202.77,8853.699999999999
7385,23885.24,40226.14,9529.720000000001,8206.34,8367.49
7386,24085.69,40005.44,9863.4,8174.67,8673.15
7387,24818.67,41286.7,10580.36,8195.75,9392.83
7388,24005.559999999998,45245.67,12191.02,8446.219999999998,10060.18
7389,20770.8,49493.0,15190.1,9218.460000000001,10791.17
7390,19603.28,51713.67,16402.870000000003,10180.98,11529.630000000001
7391,18012.789999999997,52258.619999999995,17260.449999999997,11039.099999999999,12043.920000000002
7392,18581.33,51888.810000000005,17853.3,11659.300000000001,12348.119999999999
7393,19378.45,51351.86,18275.760000000002,11917.900000000001,12404.77
7394,20782.36,48612.060000000005,18009.98,11796.270000000002,12099.470000000001
7395,24000.39,47931.53,19038.73,11395.31,11994.300000000001
7396,25837.669999999995,49101.25,18968.66,10804.74,12158.630000000001
7397,28477.63,48894.16,17834.309999999998,10291.92,12382.6
7398,31108.950000000004,49772.25,16079.45,9684.84,12730.880000000001
7399,30916.440000000002,50343.020000000004,15758.31,9127.550000000001,12632.7
7400,29544.76,52914.659999999996,18169.769999999997,8917.49,13699.86
7401,27309.71,54304.14,18634.739999999998,8927.12,13121.4
7402,25446.2,53741.450000000004,18957.7,8946.5,12944.84
7403,25081.59,53918.40000000001,18293.42,8901.300000000001,12357.11
7404,25605.699999999997,50344.61999999999,16483.97,8803.33,12245.59
7405,25992.629999999997,46701.71,13460.3,8736.86,11603.960000000001
7406,25342.979999999996,45533.990000000005,11265.17,8068.3,10752.35
7407,24073.17,44605.369999999995,9955.400000000001,7874.860000000001,9855.260000000002
7408,22839.43,43423.06,9632.45,7861.48,9436.88
7409,21795.970000000005,42709.12000000001,10041.880000000001,7836.78,9446.970000000001
7410,21373.679999999997,42912.92999999999,9917.5,7794.81,10127.310000000001
7411,23247.88,44304.33,9923.58,7810.870000000001,10465.119999999999
7412,21353.329999999998,49484.090000000004,11290.2,7890.060000000001,11066.38
7413,16626.03,53703.71,15787.210000000001,8608.47,11277.519999999999
7414,14508.790000000003,58745.42,17378.47,9490.91,10161.24
7415,15309.41,58790.85999999999,17723.61,10428.44,9425.73
7416,16182.119999999999,57977.96,19332.53,11202.7,9472.9
7417,16321.890000000001,57255.04,20804.6,11483.81,9512.310000000001
7418,16162.019999999999,54903.42,21084.28,11392.49,9211.17
7419,17990.64,56843.49,20957.96,10951.51,9612.79
7420,21038.0,55824.12000000001,19901.57,10333.01,11451.34
7421,24675.61,53232.61,19328.57,9616.579999999998,12640.04
7422,29775.450000000004,50413.44,18983.550000000003,8871.900000000001,12623.619999999999
7423,31845.399999999998,49715.84,17241.16,8236.2,13095.49
7424,32098.989999999998,53270.31999999999,18029.67,7928.639999999999,13738.81
7425,29443.86,55201.399999999994,17357.57,7914.42,13062.21
7426,27497.329999999998,55718.64,17559.95,7909.6900000000005,12721.759999999998
7427,26708.33,55008.92,17748.37,7938.040000000001,12511.52
7428,26933.17,53009.35,14959.68,7977.51,12493.5
7429,25758.769999999997,49362.88,13699.68,7880.66,12226.12
7430,24587.58,47229.53,12220.64,7531.820000000001,11194.26
7431,22417.37,46895.9,10349.38,7247.66,10819.35
7432,21333.67,45514.29,9821.83,7198.949999999999,10732.42
7433,20889.03,44941.67,9490.99,7087.949999999999,10563.57
7434,20844.829999999998,44788.78,9784.99,7057.93,10690.31
7435,21064.89,46330.32,11214.05,7013.11,10957.61
7436,19889.2,50163.95,12770.79,7148.01,11676.789999999999
7437,15752.72,54361.06,16488.72,7819.009999999999,12521.170000000002
7438,15427.840000000002,57328.09,17587.18,8813.04,12164.28
7439,16250.500000000002,58152.09,17242.78,9772.039999999999,11106.89
7440,17244.21,58223.85,18591.66,10429.529999999999,10436.41
7441,17760.42,57187.55,19906.78,10825.94,10342.44
7442,17415.980000000003,55350.17,19980.31,10798.41,9667.49
7443,17535.65,57504.41,21125.53,10571.83,9693.289999999999
7444,19454.16,58510.7,21239.01,9893.25,10121.75
7445,23220.36,55772.19,20196.61,9271.6,11655.82
7446,28649.280000000002,52552.34,18599.55,8274.83,12980.650000000001
7447,31022.76,52706.46,15892.380000000001,7595.11,13774.989999999998
7448,28710.240000000005,57061.71000000001,17821.11,7438.1900000000005,14303.47
7449,25888.87,57951.17,18219.86,7502.59,14109.13
7450,24989.839999999997,57491.56,18352.7,7492.2300000000005,13493.220000000001
7451,25269.530000000002,56736.759999999995,18062.95,7428.43,13337.02
7452,24488.53,54757.31,16059.71,7435.4800000000005,13103.86
7453,23939.469999999998,53323.240000000005,13086.68,7342.3099999999995,12416.77
7454,22993.19,49966.03,11515.9,7206.75,11497.119999999999
7455,20970.04,47629.45,11071.36,7236.14,11261.52
7456,20076.350000000002,45875.38,10558.96,7229.58,11063.96
7457,19403.699999999997,45329.75,10526.130000000001,7215.2300000000005,10865.21
7458,18774.98,46144.18,10695.49,7264.130000000001,10784.529999999999
7459,19319.760000000002,48161.48999999999,11209.06,7177.99,10791.369999999999
7460,18611.379999999997,52540.11,12963.64,7109.58,10862.0
7461,15818.87,56677.299999999996,16236.900000000001,7851.12,11750.470000000001
7462,15177.69,60818.2,16220.55,8811.88,12008.51
7463,15590.88,62279.409999999996,18410.739999999998,9627.259999999998,10331.49
7464,16327.68,63075.56999999999,19983.25,10243.090000000002,10124.14
7465,16786.500000000004,63365.380000000005,20906.38,10577.070000000002,10094.0
7466,16832.17,61459.869999999995,20816.07,10552.88,9459.96
7467,19980.22,59900.119999999995,21526.83,10504.62,10184.48
7468,23960.92,57241.64,21119.73,9916.28,11491.08
7469,28792.21,53883.77,19282.3,9088.199999999999,12483.31
7470,33743.6,50012.14,18241.67,8231.36,13440.89
7471,33840.42,51202.59,16981.28,7670.9400000000005,13822.920000000002
7472,30506.219999999998,55472.98,18337.39,7520.280000000001,14049.83
7473,28862.610000000004,55341.380000000005,18163.33,7521.02,13828.13
7474,27543.200000000004,53676.490000000005,18330.13,7500.69,13555.92
7475,26656.46,54559.09,16998.73,7517.61,13540.9
7476,25986.54,55101.78,14194.89,7447.36,13041.87
7477,25298.569999999996,53029.57,13334.220000000001,7305.6900000000005,11912.16
7478,25313.449999999997,48982.13,12834.02,7195.450000000001,11311.17
7479,24080.429999999997,45981.98999999999,11742.83,7160.530000000001,10914.5
7480,22858.660000000003,44942.83,11623.14,7116.21,9657.970000000001
7481,22547.949999999997,44184.55,11353.26,7128.59,9004.45
7482,22741.599999999995,44253.630000000005,10608.51,7151.7300000000005,8850.310000000001
7483,22724.510000000002,44402.09,10453.51,7144.41,8915.87
7484,20158.68,46589.74,11596.75,7277.66,8615.84
7485,17658.96,49545.15,13565.650000000001,8005.02,8761.69
7486,16629.22,50847.64000000001,16094.880000000001,9088.23,8812.41
7487,16687.829999999998,50150.93000000001,17454.63,9934.27,8659.52
7488,17503.09,48193.82000000001,18625.690000000002,10590.6,8817.39
7489,17971.38,46343.5,19223.43,10913.349999999999,9065.79
7490,17991.69,44926.619999999995,19699.8,10683.460000000001,9010.79
7491,18772.03,43568.15,20193.15,10318.09,8709.52
7492,19799.120000000003,43777.43,19933.239999999998,9751.800000000001,8426.12
7493,22585.460000000003,44045.100000000006,18876.72,8883.469999999998,8937.9
7494,27307.839999999997,44092.090000000004,17411.92,7936.8,8917.65
7495,27462.16,49460.89,16563.37,7595.52,11210.99
7496,26250.09,55807.3,17033.27,7519.33,12006.59
7497,24883.100000000002,55987.549999999996,15618.57,7676.54,12084.21
7498,23087.8,54203.82,15530.919999999998,7776.39,12140.05
7499,22758.63,53071.850000000006,14233.86,7721.660000000001,12041.970000000001
7500,22984.0,50142.9,13936.25,7574.400000000001,11750.98
7501,22860.43,48080.2,12937.25,7462.400000000001,11172.11
7502,21060.56,46972.130000000005,11256.69,7403.97,10637.789999999999
7503,20412.37,45007.259999999995,10083.9,7427.43,9951.320000000002
7504,19837.689999999995,43834.39,9426.93,7412.370000000001,8977.44
7505,20171.35,42132.27,9486.36,7091.82,8486.900000000001
7506,19386.57,41455.409999999996,9735.54,7026.17,8467.019999999999
7507,19244.14,40269.18,10252.73,6949.85,8455.84
7508,17344.53,40873.66,10610.37,7007.3,8368.57
7509,15376.16,40943.62,12977.529999999999,7629.620000000001,7150.26
7510,14280.220000000001,40610.98,15508.56,8156.669999999999,6925.339999999999
7511,13460.869999999999,39520.04,17064.9,8903.630000000001,7314.1900000000005
7512,13929.559999999998,38451.19,17999.11,9460.72,7593.44
7513,13904.99,38134.52,18331.01,9544.65,7578.2
7514,13581.369999999999,36071.69,18291.0,9490.49,7577.99
7515,13284.900000000001,34111.41,17601.23,9241.199999999999,7413.799999999999
7516,13895.330000000002,32669.340000000004,17157.690000000002,8770.9,7139.83
7517,15627.13,34292.57,16740.440000000002,8195.7,7020.44
7518,20174.75,37705.14,14665.29,7525.64,7685.43
7519,25586.969999999998,40860.31,13211.119999999999,7364.43,10813.07
7520,26762.500000000004,45306.74,13764.64,7321.59,14003.419999999998
7521,25863.379999999997,47642.36,11502.01,7366.0,14177.71
7522,23774.4,49304.28999999999,11367.0,7381.97,13535.09
7523,23430.44,48906.59,11111.21,7364.4400000000005,13013.210000000001
7524,22962.699999999997,47631.89,10219.779999999999,7331.540000000001,12457.539999999999
7525,20858.81,46457.11,9341.7,7333.12,11718.330000000002
7526,19956.5,45252.06,9172.63,6977.86,9220.85
7527,19399.550000000003,44539.100000000006,8963.09,6827.650000000001,7558.699999999999
7528,19416.52,43598.93,8625.849999999999,6772.300000000001,6754.03
7529,18817.239999999998,43201.299999999996,8758.68,6752.05,6378.64
7530,18476.79,44282.310000000005,8743.19,6709.710000000001,6451.209999999999
7531,19610.859999999997,46464.869999999995,9033.09,6745.32,6656.86
7532,20653.059999999998,49482.37,10999.02,6936.129999999999,7666.16
7533,18598.91,52652.32,14442.8,7598.49,8467.14
7534,16781.31,55142.28,16882.05,8448.45,8604.1
7535,16096.850000000002,55423.14,18007.96,9258.349999999999,8075.39
7536,16714.760000000002,55641.04,18231.67,9840.170000000002,8105.2300000000005
7537,17912.65,53959.33,18676.94,10121.37,8273.529999999999
7538,17604.8,50837.73000000001,18698.31,10069.230000000001,8264.53
7539,18629.170000000002,51590.21999999999,19585.71,9785.1,8608.119999999999
7540,20416.22,52868.17,19332.420000000002,9342.74,9068.54
7541,21225.969999999998,54284.76,17895.04,9124.08,9361.04
7542,23658.36,53265.86,17322.07,8658.550000000001,10627.73
7543,27000.39,53720.3,14386.679999999998,8104.700000000001,12140.64
7544,27442.340000000004,56111.850000000006,14861.580000000002,7938.76,13623.470000000001
7545,27595.55,55065.15,14219.3,7980.520000000001,13851.550000000001
7546,26812.400000000005,53813.280000000006,14247.54,7956.660000000001,13849.9
7547,26650.15,52984.76000000001,13785.31,7921.820000000001,13772.79
7548,26135.190000000002,52165.87,10871.25,7909.250000000001,12196.45
7549,26538.299999999996,47949.07,10471.58,7908.61,10581.29
7550,24362.84,46515.17999999999,9603.3,7487.68,9722.62
7551,21364.820000000003,46412.159999999996,9121.84,7413.5,8524.240000000002
7552,20258.39,45548.46,9276.56,7383.99,7641.300000000001
7553,19457.19,45014.899999999994,9312.57,7355.06,7587.34
7554,19975.91,45275.02,9233.66,7350.84,7662.35
7555,21661.760000000002,46236.8,9458.33,7269.289999999999,8361.57
7556,21020.809999999998,49849.39000000001,10657.02,7371.57,9939.220000000001
7557,18527.12,53820.340000000004,15006.109999999999,7983.39,9189.78
7558,17175.14,57121.979999999996,16764.170000000002,8905.830000000002,8750.77
7559,17430.0,55725.189999999995,17305.510000000002,9669.85,8896.76
7560,18099.46,55726.450000000004,17501.27,10275.23,8940.91
7561,19904.160000000003,54017.21000000001,17275.07,10577.89,9015.41
7562,20305.66,50646.38,16962.370000000003,10542.829999999998,9003.32
7563,21219.71,51415.53,17803.83,10205.96,8880.89
7564,22568.3,54270.130000000005,17334.66,9626.65,8871.8
7565,23174.580000000005,55777.41,16228.64,8875.27,9628.98
7566,25253.48,56490.68000000001,14614.630000000001,8020.14,10710.3
7567,26511.059999999998,56797.13999999999,12520.650000000001,7795.19,12434.41
7568,27576.999999999996,59498.509999999995,12488.97,7589.8,14227.68
7569,26937.54,57611.6,13137.08,7598.86,14045.06
7570,26894.44,55583.67,13790.55,7614.849999999999,13193.840000000002
7571,26566.749999999996,54317.049999999996,13466.96,7624.3,12993.349999999999
7572,26275.239999999998,50471.82,11807.04,7640.29,12540.789999999999
7573,25129.690000000006,45724.99,10804.14,7635.47,11983.69
7574,23651.760000000002,42594.77,9846.029999999999,7592.15,10697.79
7575,21827.390000000003,42427.020000000004,9094.42,7439.06,9071.46
7576,20920.239999999998,41875.7,8454.83,7405.31,8466.43
7577,20677.06,41648.15,8482.89,7368.81,7653.21
7578,20517.96,41802.89000000001,8767.14,7369.860000000001,7557.77
7579,21943.210000000003,42698.130000000005,9770.76,7348.670000000001,8222.22
7580,21591.93,47409.13,11387.91,7471.130000000001,9030.52
7581,19629.670000000006,51407.75,15699.990000000002,8078.589999999999,9050.55
7582,17419.03,55723.54,17390.77,8945.640000000001,8150.8099999999995
7583,15995.260000000002,56290.149999999994,17777.489999999998,9727.13,8273.5
7584,17027.09,56421.25,17932.86,10323.76,8340.57
7585,17158.56,56159.47000000001,18382.46,10610.59,8450.45
7586,16793.02,53330.55,18320.59,10559.42,8504.36
7587,17405.23,54880.94,19086.34,10160.039999999999,8413.29
7588,18261.920000000002,57265.44999999999,18255.91,9458.88,8132.13
7589,20785.329999999998,57281.869999999995,16498.190000000002,8647.35,8577.17
7590,25170.44,56773.35,14649.380000000001,7782.84,9507.34
7591,27092.350000000002,54973.090000000004,14616.48,7567.9800000000005,11497.1
7592,26924.969999999998,57413.64,15923.099999999999,7585.740000000001,13363.18
7593,25661.220000000005,57509.99,15204.259999999998,7580.22,13538.53
7594,24774.079999999998,57245.26000000001,14015.619999999999,7549.68,13155.85
7595,24664.32,55821.810000000005,13588.25,7407.3,13121.939999999999
7596,24692.8,50772.93,12811.380000000001,7407.150000000001,12950.280000000002
7597,24314.65,47048.79,10532.59,7414.320000000001,12304.73
7598,22159.97,44448.17,9923.85,7170.779999999999,11523.24
7599,19631.71,44786.090000000004,9658.55,7076.18,10346.16
7600,19128.119999999995,43912.69,9186.02,7045.7699999999995,9843.13
7601,19143.46,43356.380000000005,9026.099999999999,6975.94,9339.61
7602,19107.37,43739.8,9285.59,6961.129999999999,9265.22
7603,19928.42,45654.15,10024.18,6953.47,10122.34
7604,21036.74,49032.08,10815.95,7092.23,11154.08
7605,18621.6,51617.91,15284.51,7716.84,10707.689999999999
7606,17597.04,54332.34,16883.65,8762.48,8858.28
7607,18223.26,52311.92999999999,16337.460000000001,9579.04,8795.05
7608,19076.879999999997,51862.0,16404.13,10185.38,8964.98
7609,19491.09,50184.350000000006,17802.02,10471.509999999998,8998.32
7610,19580.109999999997,47132.670000000006,18008.84,10424.62,9029.6
7611,20020.59,48789.29,18696.53,9988.839999999998,8991.06
7612,20743.49,50185.94,20553.3,9346.77,9521.150000000001
7613,21667.31,51829.47000000001,19253.96,8536.739999999998,11319.529999999999
7614,25705.82,52792.47,16128.15,7822.219999999999,12860.920000000002
7615,29322.429999999997,53113.07,14799.69,7398.710000000001,12381.1
7616,28775.21,56968.19,16001.02,7203.719999999999,12673.32
7617,28603.489999999998,55832.29000000001,15211.79,7240.27,12770.32
7618,28016.51,55149.05,14281.16,7247.49,12674.44
7619,27589.909999999996,54407.270000000004,13555.01,7268.6900000000005,13021.140000000001
7620,25504.73,51847.38,13272.91,7253.6900000000005,12858.42
7621,23583.25,46842.490000000005,14060.21,7062.500000000001,12066.78
7622,25596.36,41583.76,12956.830000000002,6834.960000000001,10726.22
7623,24708.4,41333.27,10354.17,6785.849999999999,9885.31
7624,22026.61,43723.13000000001,8777.630000000001,6783.84,9397.1
7625,20534.190000000006,45546.37,8582.07,6717.75,8097.7
7626,19926.260000000002,46499.05,8851.77,6753.92,7967.82
7627,19875.87,49781.8,9133.29,6758.31,7940.75
7628,21127.18,52424.19,10521.150000000001,7127.490000000001,8224.4
7629,19798.59,54792.36,13413.67,7864.669999999999,8945.12
7630,17642.3,57497.090000000004,16077.66,8641.6,8711.42
7631,18493.48,55350.92999999999,17261.94,9421.83,8492.29
7632,19417.41,54192.06,17542.7,10006.23,8688.93
7633,20232.409999999996,52910.22,18269.93,10310.269999999999,8802.18
7634,20275.8,50074.03,17891.79,10247.7,8823.029999999999
7635,21528.85,50650.950000000004,18221.870000000003,9824.32,8867.41
7636,22295.95,52791.57,17444.18,9359.039999999999,8916.630000000001
7637,24056.61,52517.71000000001,15054.94,8625.04,10873.74
7638,27269.03,52038.65000000001,13293.810000000001,7920.42,12428.6
7639,28982.550000000003,53017.75,12954.86,7496.070000000001,13531.38
7640,27093.800000000003,56991.23,15121.830000000002,7309.18,14099.13
7641,26048.930000000004,57099.57,14048.670000000002,7306.77,13747.62
7642,26077.070000000007,55698.149999999994,12829.08,7309.83,12850.880000000001
7643,25264.870000000003,55318.549999999996,12041.71,7337.42,12757.43
7644,25899.12,53185.61000000001,10759.91,7335.8,12485.060000000001
7645,25151.98,49278.89,10412.58,7242.26,12203.710000000001
7646,22868.38,46358.979999999996,10195.42,7082.34,11955.42
7647,20129.65,45443.59999999999,9719.66,6737.379999999999,11452.95
7648,18517.31,44257.26,9724.54,6613.82,11370.29
7649,18017.579999999998,44282.119999999995,9362.8,6560.84,11219.04
7650,17498.420000000002,45422.21,9251.27,6608.599999999999,9938.98
7651,17837.68,45448.119999999995,9663.73,6663.0199999999995,9547.560000000001
7652,16915.63,47647.21,10349.779999999999,6858.11,8663.9
7653,14524.730000000001,49331.37,13492.59,7484.370000000001,8950.439999999999
7654,12992.339999999998,49805.57,16218.74,8520.76,8855.14
7655,13828.380000000001,49486.23,16284.5,9505.8,8697.02
7656,14400.539999999997,48308.95,17072.48,10207.990000000002,8980.95
7657,14395.350000000002,48339.200000000004,17547.04,10518.87,9025.24
7658,13805.52,46785.06,18193.739999999998,10341.87,8823.35
7659,13672.64,47365.16,18640.300000000003,9961.56,8645.5
7660,14188.109999999999,48960.45,17676.559999999998,9245.65,8562.18
7661,16253.81,49428.67,15907.6,8336.949999999999,9617.09
7662,21165.99,47813.340000000004,15152.939999999999,7614.39,10707.740000000002
7663,26283.25,48686.549999999996,15387.86,7517.700000000001,12074.61
7664,26765.059999999998,53989.81,16866.739999999998,7288.96,13450.84
7665,26070.360000000004,53055.93000000001,15801.21,7253.62,12950.900000000001
7666,25899.5,51159.74,13927.08,7336.330000000001,12549.529999999999
7667,25551.940000000002,49589.270000000004,13199.210000000001,7271.200000000001,12069.27
7668,25425.530000000002,47136.21,11960.76,7252.26,11900.390000000001
7669,24946.080000000005,44944.29,10670.1,7411.320000000001,11327.11
7670,21789.139999999996,44197.479999999996,9732.01,7351.48,11116.210000000001
7671,18362.71,44800.450000000004,9249.35,6951.389999999999,10553.82
7672,15919.75,44231.97,9564.59,6945.84,10100.56
7673,14614.98,43656.9,9782.85,6947.629999999999,9806.12
7674,14290.61,43471.55,9629.08,6912.469999999999,9743.61
7675,13968.22,42972.88,10041.85,6811.51,9124.49
7676,13886.300000000001,42676.56,10541.490000000002,6787.88,8282.73
7677,12492.71,43189.630000000005,12173.5,7345.379999999999,7638.389999999999
7678,13088.519999999999,41042.630000000005,13745.39,8416.98,7218.37
7679,13160.080000000002,39206.51,14807.27,9428.28,7468.26
7680,13165.59,39207.58,15762.539999999999,10094.890000000001,7843.389999999999
7681,13294.079999999998,40133.24,16571.85,10427.42,7995.39
7682,13346.76,39897.479999999996,17102.68,10367.89,8019.3099999999995
7683,12938.18,39429.44,17272.92,9973.17,7881.6900000000005
7684,12594.11,40522.43,16882.120000000003,9230.55,7803.17
7685,14394.529999999999,42463.29,15897.130000000001,8374.65,7695.54
7686,19493.92,42352.67,14919.83,7576.43,9156.119999999999
7687,23354.09,45736.97,13737.86,7153.700000000001,11611.18
7688,25405.01,49806.39,14694.77,7114.360000000001,13915.960000000001
7689,24561.559999999998,49199.600000000006,14285.18,7261.860000000001,13499.01
7690,23782.620000000003,48296.950000000004,14788.130000000001,7446.52,12519.15
7691,22268.57,48114.76,14639.98,7489.26,12274.970000000001
7692,21086.29,47380.90000000001,13932.8,7609.710000000001,12303.08
7693,19711.27,45281.99999999999,13078.98,7703.380000000001,11835.21
7694,17929.219999999998,44534.509999999995,11547.369999999999,7689.089999999999,11240.48
7695,17519.34,43265.200000000004,10104.83,7713.94,11117.87
7696,17182.670000000002,42541.81999999999,9626.62,7692.65,10897.050000000001
7697,16948.45,42141.51,9568.23,7683.459999999999,10758.310000000001
7698,17268.879999999997,42391.2,9283.0,7688.969999999999,10824.67
7699,18057.74,44060.159999999996,10758.43,7660.050000000001,10827.289999999999
7700,18210.65,49256.840000000004,11732.57,7864.889999999999,10705.47
7701,17769.9,52346.23000000001,14184.2,8704.449999999999,10152.05
7702,16571.170000000002,54566.479999999996,17677.48,9575.449999999999,9669.92
7703,16167.100000000002,56226.95,17808.65,10507.11,9264.720000000001
7704,16578.98,57024.73999999999,18245.47,11111.12,9380.66
7705,16687.72,56629.85,18938.54,11435.340000000002,9758.76
7706,16769.300000000003,53984.77,19116.44,11289.29,9295.79
7707,18499.55,53637.97,20048.65,10903.18,9487.490000000002
7708,20419.48,52976.06,20656.36,10125.060000000001,10551.89
7709,24208.010000000002,52255.78,19252.28,9269.01,11481.289999999999
7710,28670.890000000003,52171.05,16830.79,8369.65,12182.95
7711,28527.980000000003,52146.59,17445.59,8026.51,12929.849999999999
7712,28320.34,55114.31,18111.739999999998,7782.630000000001,14093.18
7713,26496.760000000002,55636.06,17992.32,7685.75,14385.55
7714,25330.989999999998,56550.280000000006,17196.2,7427.72,13620.07
7715,24879.73,56761.39000000001,16485.81,7414.640000000001,12817.18
7716,23900.82,53980.17,15319.84,7428.4,12523.38
7717,23330.98,50593.17999999999,12562.98,7412.78,11993.07
7718,22840.77,46406.98000000001,11712.220000000001,7526.57,11307.849999999999
7719,22373.13,44184.840000000004,10019.009999999998,7428.17,11206.599999999999
7720,21969.979999999996,42859.63,9069.73,7411.47,10946.42
7721,22214.950000000004,41936.56,8451.82,7404.32,10783.69
7722,22628.379999999997,41833.04,8496.960000000001,7417.599999999999,10785.179999999998
7723,23281.06,43512.979999999996,9509.37,7502.389999999999,10875.68
7724,22066.460000000003,47726.83,11343.65,7842.099999999999,11148.140000000001
7725,18017.92,52476.99999999999,14902.349999999999,8639.87,11329.119999999999
7726,16383.650000000001,56741.56,16937.66,9550.68,10541.489999999998
7727,15390.05,57458.21,18159.14,10654.6,9457.88
7728,14939.45,57507.520000000004,19677.82,11416.47,9540.3
7729,15211.100000000002,56921.84,21009.02,11722.41,9430.43
7730,15638.220000000001,52961.86,21598.5,11607.019999999999,9336.04
7731,18668.05,52279.240000000005,21896.65,11093.39,9682.150000000001
7732,23572.089999999997,50215.03,20885.980000000003,10426.39,11461.61
7733,27551.359999999997,49060.28,19805.699999999997,9507.42,12762.18
7734,30684.94,48972.25,17608.47,8805.61,13660.3
7735,30811.439999999995,48622.54,17792.34,8325.710000000001,13749.84
7736,29891.03,52270.52,18966.78,8036.61,14082.05
7737,29301.600000000006,52560.56,17346.38,8246.65,14198.78
7738,28798.760000000002,53120.490000000005,15174.25,8337.82,13717.179999999998
7739,28539.39,51963.32000000001,15221.130000000001,8372.220000000001,13365.989999999998
7740,27943.370000000003,48478.240000000005,14575.220000000001,8315.73,12882.630000000001
7741,27037.72,45157.91,12232.11,8126.4,12664.0
7742,24470.940000000002,42426.28999999999,11786.18,7911.75,12438.74
7743,22634.96,40297.21,11097.240000000002,7855.78,12085.5
7744,22400.940000000002,39533.82,9780.1,7495.5599999999995,11762.9
7745,22263.72,38932.59,9207.43,7432.450000000001,11812.06
7746,23348.340000000007,38769.93,8983.369999999999,7337.7699999999995,11639.26
7747,25090.790000000005,39844.54000000001,10410.14,7170.7,11588.689999999999
7748,24684.359999999997,44064.32,12793.99,7343.870000000001,11383.369999999999
7749,19834.510000000002,51421.82000000001,15128.489999999998,7993.03,10857.699999999999
7750,16399.39,57564.42,17846.59,8769.43,8996.43
7751,15333.18,60339.3,17713.73,9786.82,8399.18
7752,16063.5,60051.57,18336.86,10476.249999999998,8704.42
7753,16237.13,58667.03,19082.45,10872.17,9151.14
7754,15975.900000000001,55846.35,18988.72,10898.64,8668.17
7755,17214.149999999998,54880.25,20968.309999999998,10518.55,9027.04
7756,19819.02,53719.399999999994,20844.940000000002,9837.78,11327.42
7757,23852.31,52423.77,20112.82,8974.359999999999,12315.18
7758,29580.309999999998,51179.479999999996,18646.15,8102.330000000001,12266.460000000001
7759,30495.4,51126.02,18204.59,7565.060000000001,13007.59
7760,27195.410000000003,57156.45,18578.35,7345.389999999999,13850.630000000001
7761,24515.51,57792.19,18402.8,7378.68,13835.01
7762,24279.999999999996,56353.7,17906.510000000002,7436.01,13418.39
7763,24333.99,55173.8,17538.940000000002,7582.56,12883.0
7764,24660.949999999997,51802.369999999995,15292.16,7681.66,12586.31
7765,24319.34,47241.48,13647.7,7681.700000000001,12351.13
7766,23550.02,44541.64,11279.98,7563.28,11573.6
7767,20631.379999999997,43466.95999999999,10555.720000000001,7582.349999999999,11236.21
7768,18883.300000000003,43260.770000000004,9720.470000000001,7590.23,11203.880000000001
7769,17762.21,43604.92999999999,9344.64,7587.94,11230.75
7770,17487.9,44294.64,9420.2,7579.839999999999,11091.109999999999
7771,18384.56,45458.07,11268.93,7269.15,10993.38
7772,18758.57,48787.0,13326.61,7518.55,10957.69
7773,16589.77,53912.76,15071.09,8321.369999999999,10815.71
7774,15215.939999999999,57994.880000000005,16521.28,9387.15,9865.42
7775,14103.169999999998,59129.479999999996,17534.79,10353.07,9219.32
7776,13925.779999999997,60362.64,19499.239999999998,10936.130000000001,8799.57
7777,14365.289999999999,59927.83,20618.190000000002,11131.47,8818.09
7778,14754.56,56408.31,20924.129999999997,11058.41,8562.25
7779,18396.8,54810.69,20182.52,10870.91,9149.349999999999
7780,21596.55,52894.64000000001,19683.68,10183.359999999999,11104.150000000001
7781,24097.370000000003,51756.030000000006,19297.5,9154.21,12213.98
7782,28580.9,51018.950000000004,18185.7,8244.449999999999,12267.400000000001
7783,30052.469999999998,51640.479999999996,16561.41,7809.96,12996.250000000002
7784,28471.590000000004,55522.25,17952.05,7655.449999999999,13603.19
7785,26274.1,55413.25,17874.1,7646.56,13709.470000000001
7786,25230.47,54212.41,17471.260000000002,7642.42,13611.02
7787,24913.639999999996,53837.78,16612.5,7694.82,13307.1
7788,24747.08,52392.340000000004,13924.52,7746.950000000001,12959.01
7789,23589.239999999998,47999.1,13326.080000000002,7568.41,12395.599999999999
7790,22222.970000000005,46135.090000000004,11299.15,7451.59,11826.99
7791,20341.130000000005,44988.17,9944.39,7436.509999999999,11558.14
7792,18603.38,44087.729999999996,9600.17,7402.5599999999995,11493.9
7793,17453.62,43802.61,9379.3,7508.83,11420.51
7794,16988.37,43907.729999999996,10224.97,7505.999999999999,11438.11
7795,18378.87,43874.479999999996,12973.79,7043.77,11484.18
7796,18324.7,48156.520000000004,14696.48,7009.889999999999,11608.76
7797,16485.96,51534.880000000005,17219.190000000002,7760.3099999999995,11965.640000000001
7798,16082.560000000001,56943.32,17293.629999999997,8818.08,10720.48
7799,16388.989999999998,58183.22,18390.1,9704.689999999999,9103.74
7800,17262.42,58218.19,19371.309999999998,10367.26,8580.45
7801,17710.9,56460.270000000004,20178.55,10650.0,8713.57
7802,17570.089999999997,52435.43,21359.010000000002,10747.5,8612.029999999999
7803,18233.63,52019.68,22046.440000000002,10538.390000000001,9631.66
7804,21176.389999999996,50330.99,20906.79,9832.49,11872.9
7805,25685.980000000003,47733.81,18791.350000000002,9050.529999999999,13224.4
7806,28520.39,47297.47,17741.88,8614.140000000001,12950.35
7807,29100.160000000003,49014.149999999994,17603.34,8297.07,13122.829999999998
7808,29189.809999999998,53059.01999999999,16909.78,8044.889999999999,14343.560000000001
7809,25590.800000000003,54705.06,16749.16,8088.09,14261.380000000001
7810,24063.519999999997,53845.42,16565.370000000003,8148.219999999999,13487.02
7811,24194.4,53145.87999999999,15356.76,8141.799999999999,13290.58
7812,23782.739999999998,50342.590000000004,14885.119999999999,7995.43,13235.25
7813,23386.059999999998,47548.99,13092.810000000001,7883.46,12741.93
7814,21671.81,46873.21,10271.6,7789.259999999999,11702.12
7815,20194.46,45601.46,9321.470000000001,7793.88,10651.140000000001
7816,18437.950000000004,44592.7,9140.93,7744.87,10546.3
7817,17476.9,44231.32,8703.09,7711.56,10488.850000000002
7818,17625.45,44495.33000000001,8050.11,7696.28,10361.15
7819,18272.910000000003,44122.45,8464.26,7350.66,10288.59
7820,16472.899999999998,45913.219999999994,9780.529999999999,7468.429999999999,10216.529999999999
7821,13973.11,49534.05,12264.99,8079.07,9033.33
7822,14202.79,50951.25,14586.63,8997.4,7786.4
7823,14873.57,49934.92,16634.690000000002,9916.51,7590.91
7824,15488.910000000002,48554.5,17874.019999999997,10631.050000000001,7853.7699999999995
7825,15632.75,48220.9,18499.9,10929.48,7912.9400000000005
7826,16556.82,45711.33,18968.45,10903.769999999999,7882.030000000001
7827,16613.09,44629.86,19415.81,10509.769999999999,7817.540000000001
7828,16402.31,44603.35,19847.9,9815.689999999999,7671.300000000001
7829,17820.38,45112.22,18611.89,8975.79,8175.120000000001
7830,22863.279999999995,44511.89,15336.279999999999,8219.19,10615.35
7831,27020.210000000003,45530.479999999996,14983.8,8192.09,13005.26
7832,27197.030000000002,49370.31,17051.21,8025.0,13726.58
7833,26200.03,49885.15,15138.93,8063.7300000000005,13178.07
7834,23797.38,49974.1,13522.23,8092.12,13267.920000000002
7835,23737.370000000006,47215.82,12933.64,8086.009999999999,12969.220000000001
7836,22251.079999999998,45433.47,11880.93,8135.72,12506.99
7837,20824.730000000003,43605.270000000004,10746.15,7936.19,12520.779999999999
7838,18151.3,43368.399999999994,9591.74,7831.11,12170.529999999999
7839,16018.84,43641.97,8998.369999999999,7833.86,11175.22
7840,15237.63,42951.99,9025.18,7824.55,9935.09
7841,14993.03,41815.72,8861.869999999999,7827.4,9808.52
7842,15038.739999999998,41440.829999999994,9043.310000000001,7796.489999999999,8614.02
7843,14805.52,41311.87000000001,9840.4,7540.950000000001,7523.16
7844,13109.84,41601.3,10126.08,7415.72,7423.35
7845,11623.14,42093.59,11990.29,8167.750000000001,6936.95
7846,12193.76,40218.58,14387.779999999999,9289.000000000002,6475.620000000001
7847,12965.380000000001,37778.259999999995,15954.04,10236.199999999999,6613.86
7848,13606.880000000001,37545.06,16275.23,10966.2,6715.610000000001
7849,13787.37,38100.37,16809.79,11207.949999999999,6813.72
7850,13663.060000000001,38024.22,17041.9,11084.29,6842.17
7851,13201.679999999998,37900.49,17102.8,10662.34,6770.290000000001
7852,13306.23,37434.03,17114.34,9995.58,7150.179999999999
7853,15748.3,37340.11,17274.66,9172.62,7070.08
7854,19623.75,39815.54,15324.94,8349.82,8988.74
7855,23348.440000000002,42472.119999999995,14712.65,8237.35,12396.89
7856,24806.88,47099.5,15275.529999999999,8095.23,14717.28
7857,24131.230000000003,46695.57,15330.11,8124.620000000001,13920.25
7858,24136.140000000003,45809.200000000004,14329.02,8137.589999999999,13655.16
7859,23778.28,44838.17999999999,13570.560000000001,8170.3099999999995,13319.55
7860,21965.73,44403.24,12107.73,8270.47,13031.2
7861,19596.19,44469.74,9639.89,8207.36,12374.51
7862,16436.27,44194.36,9259.460000000001,7956.45,11145.669999999998
7863,14839.270000000002,43028.91,9082.02,7896.4800000000005,11048.59
7864,14029.97,42893.560000000005,8834.3,7848.750000000001,10479.37
7865,13269.85,43329.840000000004,8609.36,7607.87,10294.349999999999
7866,13089.02,43927.380000000005,8663.64,7517.900000000001,10760.14
7867,15423.71,44929.99,9045.98,7573.09,11168.510000000002
7868,18044.87,47266.310000000005,10243.28,7881.410000000001,11370.99
7869,16109.17,49843.149999999994,14862.2,8590.48,10809.12
7870,14565.87,52734.46,18451.77,9584.76,9776.119999999999
7871,15038.099999999999,54740.97,18951.629999999997,10483.81,8678.25
7872,15095.49,55444.29,19283.65,11187.56,8551.119999999999
7873,15380.43,55509.770000000004,19114.559999999998,11590.89,8551.36
7874,15454.480000000001,52817.03,19095.440000000002,11645.33,8371.25
7875,15694.08,54424.83,19826.65,11275.97,8329.11
7876,17993.059999999998,56113.30000000001,18877.25,10934.64,8135.75
7877,22064.090000000004,54259.71000000001,17896.78,10595.08,8977.73
7878,26953.449999999997,51207.450000000004,17002.91,10174.689999999999,10146.599999999999
7879,27787.989999999998,50916.68,15524.77,9688.91,12033.77
7880,27201.489999999998,55088.74,16562.0,7966.99,13133.53
7881,26329.240000000005,54609.020000000004,16386.010000000002,7952.97,13176.84
7882,25646.99,53565.2,15814.68,7961.829999999999,13072.67
7883,24677.800000000003,53087.24,15317.16,7900.069999999999,13072.94
7884,24366.87,51270.329999999994,12109.189999999999,7949.03,13017.03
7885,23885.760000000002,47142.630000000005,10131.71,7807.48,12678.14
7886,22058.680000000004,44182.38,9485.94,7685.87,11629.42
7887,19062.53,43889.08,9256.82,7865.12,10042.79
7888,16876.949999999997,44598.46000000001,9022.81,7887.679999999999,8922.720000000001
7889,16232.76,44977.11,8481.380000000001,8035.570000000001,8823.15
7890,16100.84,44677.64,8537.84,8205.5,9555.67
7891,17208.82,45481.880000000005,8868.2,8126.989999999999,11121.4
7892,18184.579999999998,48133.34,10961.59,8428.62,11583.74
7893,15005.31,52680.32,14115.79,9688.81,11556.420000000002
7894,13942.599999999999,55500.26,16753.83,11301.6,10372.54
7895,14587.7,55614.98,17387.16,12761.96,8842.44
7896,14734.08,57087.869999999995,18295.440000000002,13362.36,8392.27
7897,15079.26,57914.34000000001,18723.75,13097.04,8487.630000000001
7898,15031.470000000001,56544.25,19078.010000000002,11418.970000000001,8246.56
7899,15995.509999999998,57980.630000000005,19720.89,11095.3,8640.84
7900,17989.47,57947.450000000004,19621.91,10359.43,9952.3
7901,19787.56,56885.18,18163.65,9429.849999999999,11934.49
7902,23940.710000000003,55661.57000000001,16006.66,8656.98,12119.79
7903,27210.149999999998,53349.92,16141.0,8192.32,12380.62
7904,26068.149999999998,56722.36999999999,16934.65,8108.76,13531.48
7905,24132.370000000003,57812.28999999999,15615.720000000001,8122.27,13933.01
7906,24040.15,55473.060000000005,15651.66,8138.59,13650.300000000001
7907,24050.28,54390.880000000005,14978.400000000001,8141.95,13223.609999999999
7908,24276.46,51185.12,14094.77,8114.370000000001,12181.699999999999
7909,23771.319999999996,47760.62,12041.79,7871.33,11179.159999999998
7910,21962.7,45374.6,10661.32,7841.44,10601.67
7911,20593.690000000002,43573.5,10321.65,7854.97,9529.91
7912,19672.71,43372.85,9998.05,7730.96,8062.049999999999
7913,18133.300000000003,44193.3,9506.810000000001,7714.74,7756.74
7914,17644.9,44698.05,9775.84,7744.509999999999,7698.140000000001
7915,19700.2,45774.76,10394.75,7758.72,7501.5
7916,20060.1,48585.22,13305.150000000001,7822.81,7494.74
7917,18336.54,51340.32,16643.73,8215.289999999999,8100.86
7918,17841.980000000003,55251.73,17494.55,9229.689999999999,8741.810000000001
7919,18537.53,56447.2,17139.260000000002,9928.859999999999,9287.169999999998
7920,18449.12,57735.87999999999,18190.79,10310.65,9373.27
7921,18610.309999999998,58242.55,18299.0,10276.96,9432.82
7922,18553.91,56554.68,17506.37,10246.990000000002,8724.73
7923,19997.69,55895.28,18738.18,10031.14,8330.42
7924,22879.26,54584.66,19172.02,9589.91,8251.98
7925,25086.72,52380.2,19866.27,8920.71,8060.73
7926,28367.44,50753.840000000004,18610.85,8256.439999999999,8419.779999999999
7927,29457.069999999996,49965.71,17960.03,8060.67,10378.46
7928,29281.530000000002,52769.86,16745.19,7831.259999999999,13437.59
7929,26960.27,53668.229999999996,15234.949999999999,7785.02,14267.739999999998
7930,24190.46,53801.19,15237.81,7745.839999999999,14186.83
7931,23902.8,53448.31,14658.920000000002,7649.469999999999,13056.689999999999
7932,23288.879999999997,50948.11,13589.05,7415.68,11824.000000000002
7933,23271.29,46362.53,11505.830000000002,7409.2,11174.380000000001
7934,22149.059999999998,44249.21,10061.02,7255.3,10414.25
7935,19321.93,43234.009999999995,10248.55,7230.28,10136.89
7936,18390.789999999997,42561.77,9119.58,7212.849999999999,9955.02
7937,18515.92,41871.869999999995,8683.16,7246.8,9729.35
7938,19216.07,41220.3,8853.43,7334.73,9742.09
7939,20544.699999999997,40619.63,10790.67,7408.12,9815.69
7940,22139.850000000002,43403.70999999999,12004.79,7531.66,9918.0
7941,20458.789999999997,48028.94,14533.0,8168.89,9512.75
7942,18793.980000000003,52724.14000000001,16635.15,9029.6,9884.15
7943,18944.370000000003,53801.049999999996,15930.18,9724.03,10466.59
7944,18785.870000000003,54137.37,17109.739999999998,10149.45,9844.53
7945,18760.269999999997,53842.57,17576.86,10485.330000000002,8899.63
7946,17780.47,51571.88,17563.2,10367.7,8788.970000000001
7947,18226.19,51487.78,17410.72,10026.640000000001,9905.69
7948,21270.13,50407.18000000001,16746.93,9534.76,10994.01
7949,22804.939999999995,48814.46000000001,17820.510000000002,8852.44,11266.310000000001
7950,26818.47,47177.75,16928.84,8008.57,11959.410000000002
7951,30327.380000000005,46843.28,16207.44,7629.16,12608.28
7952,30221.789999999997,50989.240000000005,17073.71,7627.739999999999,13817.69
7953,28040.530000000002,51063.79,16854.92,7816.210000000001,13955.219999999998
7954,26615.44,50522.12,15990.5,7920.04,13779.710000000001
7955,26177.339999999997,51022.95,13844.95,7935.45,13298.230000000001
7956,25085.83,49647.23,11163.880000000001,7887.72,12911.07
7957,23121.649999999998,46430.77,9403.09,7700.27,12162.68
7958,20506.49,43537.46,9113.94,9949.01,11609.22
7959,18809.55,41900.630000000005,8553.1,9879.88,11158.73
7960,17440.05,41337.66,8249.99,9854.4,10140.98
7961,17487.35,40651.63,8450.64,9783.460000000001,9289.9
7962,17375.28,39532.37,9352.5,9850.52,9887.79
7963,19385.8,39244.46,10239.98,9831.59,10779.220000000001
7964,19908.51,41677.93,13223.16,9958.609999999999,11440.869999999999
7965,17129.76,47675.19,14856.16,10389.050000000001,12220.88
7966,15804.969999999998,53356.659999999996,16292.0,11156.06,11004.58
7967,15982.070000000002,55656.59,16783.440000000002,11763.91,8916.58
7968,16648.51,54135.770000000004,18301.85,12284.650000000001,8637.970000000001
7969,16765.079999999998,52380.21,19607.8,12501.74,8718.82
7970,16618.98,50084.36,18855.010000000002,10899.570000000002,9179.989999999998
7971,17511.32,48796.41,19554.75,10185.15,10368.4
7972,18462.44,49773.37,18016.309999999998,9723.67,11803.55
7973,20990.91,49247.86,17556.5,9183.19,12088.98
7974,26690.62,46729.59,16175.93,8504.99,12803.240000000002
7975,29776.47,47678.56,16009.829999999998,7990.870000000001,13595.8
7976,28251.999999999996,52842.48,16867.4,7803.76,15253.24
7977,26018.399999999998,53671.27,15996.119999999999,7829.71,15008.97
7978,23304.61,53648.56,15239.490000000002,7844.85,14799.27
7979,21394.469999999998,53911.369999999995,14483.57,7832.000000000001,14502.18
7980,21137.22,50756.94,14321.14,7799.419999999999,13404.24
7981,20950.980000000003,46589.18,13139.0,7759.99,12727.78
7982,20149.489999999998,44493.96,11067.74,7631.589999999999,11739.85
7983,19095.61,42213.09,9962.75,7353.44,11667.58
7984,17985.28,41728.37,8986.94,7106.67,11417.74
7985,17361.0,41847.02,8702.5,7112.48,10933.419999999998
7986,16926.99,42136.25,8931.65,7081.63,10223.64
7987,18177.91,41601.03999999999,9118.279999999999,6795.29,9742.96
7988,18106.56,42891.060000000005,9432.06,6892.639999999999,9632.3
7989,17661.440000000002,45652.39,11318.09,7529.570000000001,8563.34
7990,17071.41,48126.5,13107.740000000002,8518.48,7864.7
7991,17203.86,47791.9,14552.78,9379.089999999998,7735.12
7992,17668.64,46680.52,15580.69,9955.79,8045.67
7993,18006.429999999997,45816.96,16171.3,10294.06,8033.6900000000005
7994,17579.460000000003,44673.09,16427.03,10258.01,8025.86
7995,17658.96,44212.87,16098.92,9917.960000000001,7931.259999999999
7996,17664.399999999998,44703.74,15321.539999999999,9331.29,8218.82
7997,18139.170000000002,45235.08,14425.42,8645.46,9151.98
7998,20862.690000000002,46218.560000000005,13536.130000000001,7808.98,10990.58
7999,24534.68,48467.34,13954.39,7364.030000000001,12574.939999999999
8000,24272.75,54575.36,14706.8,7323.040000000001,14095.19
8001,23613.92,52959.58000000001,14074.619999999999,7380.61,13661.099999999999
8002,22052.960000000003,51332.43,13727.630000000001,7447.95,13223.18
8003,19670.89,50353.99,13459.25,7232.72,13194.949999999999
8004,18562.420000000002,49536.14,10945.35,7235.719999999999,12946.98
8005,18009.95,47567.520000000004,9368.539999999999,7266.599999999999,12190.22
8006,16366.65,47640.20999999999,8299.17,6589.05,11223.25
8007,15392.5,46360.46000000001,7704.099999999999,6501.89,9788.87
8008,14197.52,45929.15,7701.9,6467.389999999999,8669.44
8009,13447.019999999999,45206.509999999995,7741.13,6469.1,7851.710000000001
8010,13250.94,44578.619999999995,7599.21,6514.75,7828.95
8011,12672.929999999998,45362.350000000006,7726.429999999999,6510.34,7228.070000000001
8012,12698.64,45248.380000000005,7978.55,6665.18,6706.74
8013,11890.86,44690.149999999994,10643.85,7282.76,6406.8099999999995
8014,12676.52,42934.44,12436.939999999999,8256.21,6288.45
8015,13292.6,40581.79,14206.19,9126.56,6508.75
8016,13615.86,39463.990000000005,15202.87,9886.6,6621.65
8017,14426.910000000002,38990.049999999996,15846.76,10202.33,6667.13
8018,14454.32,38653.45,15906.82,10202.17,6646.290000000001
8019,14577.98,37988.04,15398.550000000001,9886.45,6657.700000000001
8020,14141.92,38803.58,14533.46,9325.989999999998,6633.99
8021,15195.89,40880.17,14103.17,8654.04,6331.43
8022,18734.73,41411.07,13901.73,8114.009999999999,8243.98
8023,23296.350000000002,43954.07,14424.04,7757.54,11527.5
8024,24105.170000000002,48720.65,14648.3,7554.66,15381.81
8025,22979.56,48727.0,13388.830000000002,7563.900000000001,15155.140000000001
8026,20894.89,49960.02000000001,12237.96,7566.97,14706.369999999999
8027,18637.84,50762.61,12090.07,7543.589999999999,14300.06
8028,17336.18,49533.95,11224.220000000001,7414.81,13683.570000000002
8029,16249.55,48169.490000000005,9188.81,7361.69,12847.130000000001
8030,15393.840000000004,45571.149999999994,8490.279999999999,7327.5199999999995,11979.650000000001
8031,15411.75,43915.39,8201.8,7181.490000000001,10756.3
8032,14816.63,44081.07999999999,7795.290000000001,7234.33,9515.25
8033,14932.710000000001,43966.170000000006,7684.92,7305.09,8877.99
8034,15126.110000000002,44228.03,7855.57,7284.49,8892.12
8035,17268.440000000002,44662.41,8489.96,7380.75,9425.89
8036,18193.09,47230.35,9436.45,7668.44,11324.919999999998
8037,16077.220000000001,50360.25,12210.169999999998,8110.759999999999,12939.26
8038,15164.800000000001,53211.01000000001,15283.57,9015.319999999998,12209.51
8039,15215.06,54109.509999999995,16789.41,9867.93,11027.11
8040,15753.23,55467.44999999999,17251.76,10400.75,10869.16
8041,16276.75,54319.32000000001,17842.33,10823.75,10786.83
8042,15018.449999999999,53284.369999999995,18346.15,10822.68,9915.18
8043,15410.380000000001,55017.79,18296.69,10348.670000000002,10275.43
8044,15897.73,56628.19,17369.03,9753.54,11578.91
8045,18188.93,54853.48,15786.73,9135.43,14325.380000000001
8046,20950.74,53200.53,15303.17,9402.84,15086.82
8047,23340.39,52140.880000000005,15574.4,9473.960000000001,14591.12
8048,23564.95,53125.47,17461.43,9079.7,16221.240000000002
8049,23566.940000000002,52828.32000000001,16136.43,9023.400000000001,16284.22
8050,23117.409999999996,51723.15,15868.849999999999,8938.12,15836.34
8051,22062.699999999993,52543.579999999994,15736.58,7915.3,15014.99
8052,22049.660000000003,50444.29000000001,14268.16,6927.7,14168.2
8053,19956.219999999998,48356.91,13676.49,6824.36,12826.87
8054,17616.42,47012.22,11812.150000000001,6887.099999999999,11957.74
8055,15936.45,46794.340000000004,9629.26,6996.8,11692.810000000001
8056,14981.67,46455.05,9084.220000000001,7029.610000000001,10791.239999999998
8057,14828.7,45785.08,8911.95,7105.28,10541.82
8058,15014.6,45943.40000000001,9023.220000000001,7066.73,10582.9
8059,16143.19,46708.259999999995,10707.61,7064.96,10871.22
8060,17378.550000000003,49070.02,13094.369999999999,7156.26,11616.009999999998
8061,16914.64,51401.75,15925.51,7563.39,12437.08
8062,15451.69,54532.32999999999,17979.82,8355.12,13188.449999999999
8063,15865.190000000002,56533.4,16961.64,9220.01,12708.1
8064,15732.189999999999,58788.659999999996,17112.809999999998,9940.96,11456.289999999999
8065,15687.630000000001,58883.19,17668.489999999998,10227.029999999999,10875.55
8066,15021.25,55453.79,18014.57,10160.010000000002,10623.699999999999
8067,15643.09,56107.25,18253.45,9788.91,11082.25
8068,16470.13,57145.05,17610.6,9195.47,12013.18
8069,17917.410000000003,55418.560000000005,17889.260000000002,8649.51,13334.029999999999
8070,21933.93,53780.38,17521.02,8013.83,14468.16
8071,24903.48,54185.44,16235.32,7561.650000000001,15184.8
8072,25149.29,56754.18,17585.84,7383.75,16245.4
8073,25305.79,55729.29,16918.94,7389.790000000001,16317.88
8074,24950.85,54347.07,16341.45,7373.849999999999,16300.71
8075,22615.68,55078.229999999996,15756.08,7326.849999999999,15931.93
8076,21473.050000000003,53037.88,14139.760000000002,7260.53,15133.699999999999
8077,19783.729999999996,49813.590000000004,12830.33,7142.099999999999,13772.41
8078,16349.89,48823.979999999996,11943.47,6871.37,12693.970000000001
8079,14923.509999999998,47414.270000000004,10281.14,6865.58,12777.57
8080,14654.86,46549.88,9201.08,6873.97,12140.53
8081,14521.389999999998,46505.28,8940.580000000002,6900.219999999999,10968.169999999998
8082,15213.789999999999,46152.89,9514.279999999999,6880.37,10548.119999999999
8083,18069.04,46028.350000000006,10646.32,6803.91,10674.61
8084,18424.93,49655.44,12770.91,6904.78,11359.67
8085,16176.889999999998,53572.06999999999,14458.46,7436.4800000000005,12511.98
8086,14582.15,56319.07,15949.470000000001,8513.51,12939.939999999999
8087,14915.839999999998,56143.16,16250.96,9488.170000000002,12449.9
8088,15653.68,55928.82000000001,17354.71,10145.98,11855.85
8089,15839.84,54945.6,17894.03,10505.920000000002,12087.3
8090,15874.379999999997,51504.61000000001,18285.71,10485.85,11416.36
8091,16368.61,52169.270000000004,19490.3,10083.079999999998,11806.0
8092,16453.51,53508.560000000005,20711.63,9429.22,12892.61
8093,18090.56,52412.85,21590.62,8620.18,14069.71
8094,23136.750000000004,52394.590000000004,19492.12,7806.79,14382.42
8095,27383.710000000006,52346.75,18035.13,7183.360000000001,14656.15
8096,27330.370000000003,55758.39,18194.37,7171.59,16113.83
8097,25789.350000000002,55851.61,17507.57,7419.93,15939.919999999998
8098,23925.17,56033.41,16722.690000000002,7465.820000000001,15514.289999999999
8099,22251.52,56711.24999999999,16150.07,7416.349999999999,14911.07
8100,21717.61,53643.649999999994,14716.52,7137.579999999999,14760.789999999999
8101,20870.159999999996,49210.22,14122.1,7121.7,13417.04
8102,20031.41,45829.77,12503.95,7240.499999999999,12265.81
8103,18252.85,44866.659999999996,10370.17,7257.219999999999,12195.75
8104,17801.579999999998,43666.46,9269.11,7256.49,12202.65
8105,16857.64,43133.58000000001,9225.400000000001,7178.610000000001,12302.73
8106,17355.960000000003,42991.31,9291.16,7103.129999999999,12280.27
8107,18830.57,43517.34,11235.03,7123.35,11919.18
8108,19409.9,45392.520000000004,13714.55,7392.98,12671.32
8109,16662.96,50458.5,15802.240000000002,8125.05,13412.93
8110,15420.869999999999,53705.700000000004,17150.75,9234.75,13878.9
8111,16323.570000000002,54560.2,16373.460000000001,10152.740000000002,13827.91
8112,16974.660000000003,54226.520000000004,17721.23,10812.019999999999,13223.53
8113,17357.51,54536.92,19114.17,11180.59,11157.11
8114,17218.039999999997,52590.82,19565.129999999997,11121.84,9982.78
8115,16871.63,52716.95,20537.43,10700.29,11558.210000000001
8116,16507.43,51896.79,22211.65,9964.050000000001,14510.67
8117,18924.730000000003,51169.439999999995,23088.870000000003,9191.289999999999,14367.009999999998
8118,24075.18,49527.030000000006,22026.19,8321.619999999999,14273.880000000001
8119,26246.140000000003,51194.08,19042.25,7747.879999999999,14719.88
8120,26461.56,54104.219999999994,19211.98,7675.01,15509.190000000002
8121,24749.64,54653.1,18540.370000000003,7724.360000000001,15495.05
8122,23083.960000000003,53435.64,17587.2,7721.44,15489.15
8123,22206.83,52536.33,17379.39,7746.849999999999,15653.019999999999
8124,21877.36,50460.73,15417.42,7577.11,15446.51
8125,20978.52,47822.43,12936.279999999999,7401.249999999999,14492.83
8126,19891.739999999998,46126.57,11786.93,7098.05,13145.05
8127,18281.469999999998,44612.61,11089.27,7046.26,12453.75
8128,17070.170000000002,43449.12,10507.02,7084.73,12276.849999999999
8129,16593.449999999997,42888.82,10311.11,7054.31,12220.579999999998
8130,16320.57,43325.53,10477.1,7048.11,12211.58
8131,18027.98,43844.340000000004,12269.470000000001,7061.88,11920.640000000001
8132,19373.83,46418.380000000005,14179.93,7176.650000000001,12416.99
8133,18403.77,47382.68,17762.940000000002,7824.56,13554.640000000001
8134,16793.29,52066.39000000001,18232.11,8783.98,13480.89
8135,16111.220000000001,54158.29000000001,18063.15,9693.490000000002,12931.009999999998
8136,16044.34,55722.29,18109.83,10455.42,12119.460000000001
8137,16372.090000000002,55746.16,18148.56,10752.21,11845.71
8138,16409.98,53062.369999999995,18115.88,10764.509999999998,11806.33
8139,17257.24,51855.03,19225.15,10624.800000000001,13954.420000000002
8140,18803.89,49799.21000000001,21038.03,10219.6,14989.419999999998
8141,20191.780000000002,50015.52,20688.77,9570.62,14356.02
8142,25432.760000000002,48452.729999999996,19713.760000000002,8705.189999999999,14045.509999999998
8143,28284.530000000002,50291.41,18639.78,8106.26,14097.43
8144,26587.760000000002,56141.130000000005,17629.53,8136.62,14941.49
8145,23561.679999999997,56888.100000000006,17172.379999999997,8246.43,15080.700000000003
8146,20481.41,56326.94,17586.23,8233.07,15076.410000000002
8147,19998.14,54842.189999999995,17645.760000000002,8243.79,14761.320000000002
8148,19527.23,52789.68,16576.35,8010.1900000000005,14487.67
8149,19801.570000000003,48725.26999999999,15750.95,7493.0199999999995,13939.05
8150,19682.690000000002,46470.6,14056.330000000002,7246.870000000001,12375.929999999998
8151,18418.37,44373.57000000001,12615.89,7246.280000000001,12165.57
8152,16763.600000000002,42971.69,12445.420000000002,7175.869999999999,11979.03
8153,15369.69,42800.920000000006,12388.93,7203.139999999999,11947.77
8154,15542.800000000001,42451.94,12060.11,7161.490000000001,11903.54
8155,15643.950000000003,42377.53,12623.43,7143.729999999999,11827.75
8156,15366.98,43425.23,13152.86,7161.360000000001,12265.93
8157,13462.56,44780.41,15853.880000000001,7700.56,12768.48
8158,12505.09,46723.66999999999,17859.739999999998,8651.850000000002,13377.779999999999
8159,12833.56,48478.33,17451.29,9451.949999999999,13227.419999999998
8160,13303.83,49293.98999999999,17984.82,10092.11,11967.449999999999
8161,13905.75,48722.64000000001,18038.25,10609.3,11765.15
8162,14084.84,47655.88,17695.08,10463.26,11997.310000000001
8163,14056.23,46746.06,17224.21,9999.53,12896.26
8164,14152.379999999997,44971.72,17918.77,9588.039999999999,13288.9
8165,14991.57,43774.11,19254.46,8986.349999999999,13251.82
8166,17062.66,45735.73,19360.46,8182.929999999999,13083.400000000001
8167,22792.23,48124.31,19104.5,7540.69,13651.289999999999
8168,25666.31,51629.090000000004,18451.22,7403.92,15203.89
8169,24565.360000000004,52300.69,15254.49,7498.19,15205.05
8170,22732.109999999997,50609.490000000005,14624.7,7455.72,14985.73
8171,21410.36,49777.05,13908.099999999999,7424.14,14603.300000000001
8172,20611.38,47853.23999999999,13142.7,7300.950000000001,13960.32
8173,20207.94,45297.45,12570.619999999999,7266.76,12776.26
8174,18841.09,43937.78,11163.58,7223.08,12092.869999999999
8175,15994.800000000001,43775.25,9899.19,7230.52,11859.68
8176,13761.890000000001,43893.03,8895.55,7206.13,11772.58
8177,12488.04,43429.15,8844.8,7230.16,11653.59
8178,11931.109999999997,42865.25,8860.26,7264.19,11542.64
8179,12240.49,42038.840000000004,9103.42,7264.39,11430.060000000001
8180,12250.33,41638.04,9337.82,7302.82,11224.91
8181,12585.6,41244.590000000004,10996.65,7783.15,9518.31
8182,12661.600000000002,41839.810000000005,13265.92,8785.519999999999,7488.279999999999
8183,11986.46,41195.049999999996,15729.289999999999,9683.16,7724.65
8184,12473.91,40861.83,17204.37,10387.42,8248.54
8185,13142.909999999998,41120.62,18125.33,10731.119999999999,8616.39
8186,13257.669999999998,39549.93,19307.01,10697.58,8521.67
8187,13295.369999999999,38163.94,18883.48,10372.2,8149.6
8188,13748.019999999997,37197.31,18077.980000000003,9748.51,8326.57
8189,15225.58,36115.600000000006,18898.629999999997,9078.38,9046.75
8190,17795.489999999998,37323.41,18000.350000000002,8371.07,11169.419999999998
8191,21759.409999999996,43225.369999999995,16992.260000000002,7740.819999999999,12920.310000000001
8192,23166.14,48558.8,17023.3,7552.84,13986.050000000001
8193,22397.19,50079.86,15314.67,7696.120000000001,14005.650000000001
8194,21123.56,50788.34,13339.18,7768.1,14049.59
8195,21324.36,49033.64,12767.61,7790.84,14021.41
8196,21052.25,47885.189999999995,10966.87,7646.34,13543.849999999999
8197,20996.45,45175.36,9539.91,7505.95,12679.329999999998
8198,18920.41,42932.700000000004,9788.86,7351.799999999999,11984.66
8199,17322.670000000002,41518.34,9866.869999999999,7351.83,11430.2
8200,16489.920000000002,40385.03,9858.49,7355.04,11422.67
8201,16507.39,38808.600000000006,10578.220000000001,7358.79,11495.51
8202,15972.85,37506.32,12809.67,7469.79,11461.48
8203,17575.180000000004,37518.7,15413.95,7497.58,11430.02
8204,20271.85,40453.81,16909.86,7659.599999999999,11501.150000000001
8205,19294.44,44047.170000000006,18997.72,8158.400000000001,12597.6
8206,15788.89,49251.37,21197.48,8955.79,13549.75
8207,15144.85,50269.740000000005,22010.68,9568.88,14180.960000000001
8208,16352.53,50668.909999999996,21939.870000000003,10121.56,14577.19
8209,16929.55,50259.55,23058.35,10416.48,14271.3
8210,16318.75,49260.73,22147.34,10367.970000000001,13171.92
8211,17851.539999999997,48940.350000000006,21791.2,10083.14,13601.630000000001
8212,20108.559999999998,48630.33,20802.4,9632.59,14217.36
8213,21834.95,47699.71,20928.14,8909.960000000001,14233.67
8214,26259.95,47123.96000000001,19395.3,8387.960000000001,14092.04
8215,28204.64,48724.36,18362.35,7994.25,14286.25
8216,28272.309999999998,52614.350000000006,18545.370000000003,7811.92,15018.380000000001
8217,27400.190000000002,52885.840000000004,18276.93,7780.04,15168.65
8218,27329.72,52238.159999999996,16775.13,7755.9400000000005,15138.32
8219,26195.030000000002,50610.77,17062.94,7746.2,14980.37
8220,23544.440000000002,48494.95,16741.98,7829.56,14073.75
8221,22225.469999999998,45243.880000000005,15568.02,7768.11,12587.3
8222,21104.140000000003,41660.72,14597.93,7444.83,11801.910000000002
8223,18501.469999999998,40459.950000000004,13986.86,7460.610000000001,11449.24
8224,16831.69,39395.06,14034.490000000002,7455.38,11339.31
8225,16847.699999999997,38253.18,14109.51,7460.94,11262.48
8226,16970.89,37535.14,15334.369999999999,7452.87,11229.49
8227,18985.49,38293.21,16643.85,7460.969999999999,11224.23
8228,21191.41,41703.79,16844.22,7461.37,11926.81
8229,18669.64,46717.799999999996,18217.43,7861.96,13025.71
8230,15368.71,51179.11,20163.54,8781.57,14512.97
8231,15399.040000000003,53910.46000000001,19215.690000000002,9631.51,14082.420000000002
8232,15998.499999999998,53746.06,19558.239999999998,10168.449999999999,13499.65
8233,16417.45,52692.45,20395.6,10570.5,12531.07
8234,16264.75,50276.01,20978.68,10672.64,10913.77
8235,16290.29,49529.759999999995,22038.79,10315.929999999998,11571.86
8236,15931.59,49117.07,23083.99,9787.490000000002,13120.92
8237,16790.93,49785.59,22216.58,9154.080000000002,13905.8
8238,21285.360000000004,50160.70999999999,18610.43,8629.78,14574.45
8239,24860.360000000004,50407.479999999996,17453.79,8154.48,14914.060000000001
8240,26880.249999999996,54495.65999999999,17410.760000000002,8005.72,15245.74
8241,26574.350000000002,55032.31,15872.99,7922.219999999999,15344.220000000001
8242,25779.129999999997,55080.21000000001,14843.04,7967.9,14693.89
8243,24734.82,54592.32,14131.49,8007.860000000001,14373.58
8244,23087.82,52253.009999999995,12939.97,8068.570000000001,13941.94
8245,21077.41,49133.29,12798.949999999999,7946.73,12832.0
8246,18251.35,45964.759999999995,12963.77,7613.84,12064.73
8247,15762.439999999999,43568.439999999995,13150.73,7546.969999999999,11488.16
8248,14068.32,42366.35,13153.369999999999,7569.89,11392.91
8249,13762.740000000002,41266.020000000004,12672.65,7536.51,11438.08
8250,13824.74,41280.34,12988.86,7520.1,11459.68
8251,13831.6,42452.75,16115.16,7548.02,11463.42
8252,13861.15,46625.38,17794.04,7687.55,12069.500000000002
8253,13907.56,51484.53999999999,17264.82,8224.59,13149.0
8254,12591.550000000001,56490.79,18261.69,8921.720000000001,12124.66
8255,12874.659999999998,55913.55,19384.5,9715.73,11191.11
8256,13799.71,55178.409999999996,20245.54,10390.84,10621.8
8257,14709.330000000002,52829.87,20388.33,10755.39,10940.37
8258,14790.95,49427.619999999995,20290.350000000002,10789.949999999999,10156.09
8259,14318.429999999998,49452.49,20639.1,10425.999999999998,11669.71
8260,15793.83,48771.090000000004,20286.82,10070.52,14071.39
8261,19252.68,47473.41,19557.42,9300.52,14903.5
8262,24093.66,47409.15,17298.89,8642.59,14858.869999999999
8263,26259.610000000004,48766.61,17246.940000000002,8029.1900000000005,15241.49
8264,26589.63,54402.03,17575.35,7904.46,15227.839999999998
8265,24909.78,57045.619999999995,15422.93,7929.74,15372.77
8266,20582.890000000003,59014.51000000001,14870.93,7914.46,15290.12
8267,19976.999999999996,58396.399999999994,13876.64,7867.8099999999995,15100.3
8268,18803.87,55400.09,12443.650000000001,7792.720000000001,14501.130000000001
8269,18086.08,51581.57,11708.44,7669.210000000001,13128.289999999999
8270,15788.979999999998,49153.64,10939.880000000001,7082.65,11858.949999999999
8271,14309.86,47467.70999999999,9878.97,6812.74,11561.17
8272,14392.460000000001,45670.44,9295.98,6787.56,11060.529999999999
8273,13998.81,45317.119999999995,9211.85,6783.71,10305.53
8274,13935.660000000002,45153.740000000005,9398.26,6743.240000000001,10551.210000000001
8275,14018.65,46837.19,10114.41,6772.150000000001,11365.56
8276,15882.989999999998,49514.26,11037.21,6915.460000000001,12290.320000000002
8277,15064.43,51823.840000000004,14774.34,7500.969999999999,13097.21
8278,13898.810000000001,54531.130000000005,17899.28,8484.02,11178.619999999999
8279,14771.919999999998,53177.41,18901.16,9495.44,9693.759999999998
8280,15841.79,52459.51,19752.16,10040.07,9183.59
8281,16612.06,51106.59,20682.629999999997,10395.43,9039.23
8282,16368.160000000002,48365.229999999996,20350.11,10382.92,8946.35
8283,17321.21,47494.83,21066.68,10043.59,9382.87
8284,17024.929999999997,48670.79,20545.75,9423.019999999999,11616.150000000001
8285,17494.26,49431.689999999995,19699.5,8610.179999999998,13624.81
8286,20027.11,50253.45,18364.24,7948.33,14668.83
8287,22087.82,54045.03999999999,16158.72,7357.660000000001,15266.64
8288,24132.129999999997,59216.380000000005,16265.320000000002,7145.74,15145.56
8289,22457.74,59502.65,15548.390000000001,7136.0,15145.890000000001
8290,19783.469999999998,58766.08,14839.369999999999,7157.049999999999,14952.470000000001
8291,18951.55,57608.85,13561.25,7166.9400000000005,14854.760000000002
8292,18293.5,55630.51000000001,11411.12,7149.33,13933.61
8293,17556.649999999998,52186.729999999996,11228.36,7070.969999999999,12368.47
8294,15788.86,49608.12,10069.560000000001,6594.56,11334.11
8295,15576.08,48915.090000000004,9008.71,6448.880000000001,9546.84
8296,15496.87,47924.659999999996,8593.7,6461.49,8283.3
8297,15260.509999999998,47353.649999999994,8336.52,6413.92,8072.64
8298,15320.14,47368.130000000005,8639.79,6415.14,8287.06
8299,16725.21,47242.35,9521.36,6398.6,8753.67
8300,17796.57,50276.18,10514.71,6525.280000000001,9838.86
8301,15857.59,52705.29,14659.98,7229.9400000000005,10620.53
8302,15279.179999999998,54008.990000000005,16356.3,8181.87,11116.01
8303,15065.400000000001,53890.7,16943.29,9100.269999999999,10074.8
8304,15777.95,53117.77,17735.21,9711.99,9588.2
8305,15916.84,52884.22,17718.58,9972.359999999999,9494.41
8306,15612.21,50724.48999999999,17347.79,9902.0,9353.29
8307,15169.64,52019.020000000004,18104.36,9566.369999999999,9338.08
8308,15225.190000000002,54196.2,17434.21,8936.599999999999,10311.92
8309,16097.65,54147.240000000005,16765.04,8069.4800000000005,12520.460000000001
8310,17714.370000000003,54699.33,15704.11,7351.53,14933.65
8311,19707.68,57541.20999999999,13857.779999999999,7075.99,16199.9
8312,21493.55,58915.71,15170.650000000001,6873.4,16999.98
8313,21126.99,58557.25,13516.76,6809.860000000001,16714.14
8314,20582.37,56986.530000000006,11745.76,6707.1900000000005,16611.989999999998
8315,19713.59,56023.78,10763.71,6716.14,17002.670000000002
8316,19072.76,54263.05,9783.11,6711.4400000000005,15970.189999999999
8317,17900.48,52488.65,8919.01,6694.76,13872.689999999999
8318,16139.93,50128.12,8795.029999999999,6478.71,12207.220000000001
8319,13775.99,49231.55,8727.91,6463.09,11089.380000000001
8320,12916.24,48132.57,8594.869999999999,6288.570000000001,10421.67
8321,12808.820000000002,47635.159999999996,8283.619999999999,6183.780000000001,9627.21
8322,12974.42,47294.009999999995,8628.69,6178.93,8966.44
8323,12989.84,46228.10999999999,10531.9,6158.8,8739.199999999999
8324,12879.659999999998,46999.719999999994,11019.12,6420.4800000000005,8804.85
8325,13228.289999999999,47374.93,13424.86,7108.55,8626.52
8326,13686.93,47458.24999999999,16289.369999999999,8206.529999999999,8555.119999999999
8327,14150.689999999999,47841.829999999994,17062.32,9175.699999999999,7887.08
8328,14480.7,46679.27,18336.37,9704.179999999998,7667.300000000001
8329,14647.46,45524.67,19063.629999999997,9987.969999999998,7758.369999999999
8330,14501.830000000002,44796.14,19113.559999999998,10007.61,7965.72
8331,14284.929999999998,45082.64,19214.29,9635.07,7898.830000000001
8332,14404.71,46037.46,18551.260000000002,8933.53,8281.25
8333,14582.130000000001,46914.130000000005,17814.620000000003,8058.049999999999,9811.87
8334,17456.299999999996,47645.92,16216.89,7186.43,11895.230000000001
8335,22092.03,50309.76,15468.46,6956.17,13824.12
8336,23095.050000000003,53797.17,16657.83,6761.280000000001,15258.81
8337,21482.84,52611.04,15635.73,6763.47,14638.85
8338,19270.82,51026.850000000006,15511.85,6753.51,13621.310000000001
8339,18070.36,50136.97000000001,13766.38,6723.42,13248.18
8340,16824.27,48906.149999999994,12500.23,6687.0599999999995,12540.35
8341,15984.369999999999,47328.899999999994,11074.779999999999,6636.370000000001,11551.41
8342,15019.349999999999,46002.09,9995.21,6667.450000000001,10087.48
8343,12520.39,45028.62,9756.470000000001,6657.570000000001,9693.509999999998
8344,11203.13,43515.6,10022.32,6549.38,8874.119999999999
8345,11159.11,42564.41,9833.65,6371.06,8760.02
8346,11126.48,42261.54,9449.529999999999,6356.529999999999,8725.55
8347,11168.330000000002,42293.79000000001,9546.59,6302.49,8478.23
8348,10753.4,41878.38,10514.130000000001,6287.89,7281.909999999999
8349,10403.220000000001,41488.090000000004,11880.029999999999,6948.28,6448.490000000001
8350,11065.18,40266.13,13315.060000000001,7932.42,6113.55
8351,12095.22,38358.69,14990.55,8820.87,6351.3
8352,12891.349999999999,37757.509999999995,16173.509999999998,9458.150000000001,6572.43
8353,13570.439999999999,38838.090000000004,16530.760000000002,9793.79,6858.17
8354,13730.449999999999,38659.100000000006,16667.86,9752.080000000002,7047.33
8355,13271.79,38400.520000000004,16499.96,9352.920000000002,7013.83
8356,12662.35,38735.27,16316.32,8679.57,7074.820000000001
8357,12877.089999999998,37942.130000000005,16608.9,7802.7,9257.369999999999
8358,14992.58,38726.630000000005,16361.53,7251.7699999999995,11886.57
8359,19945.51,41706.31,18146.73,7063.610000000001,12461.36
8360,21803.579999999998,47547.340000000004,18358.21,6890.39,13886.669999999998
8361,20561.86,48184.600000000006,16841.260000000002,6891.65,13871.4
8362,19671.99,47661.74,16414.81,6896.58,13235.31
8363,18042.68,47710.5,16366.77,6931.6900000000005,13013.09
8364,16105.26,46363.62,15824.61,6904.860000000001,12001.660000000002
8365,15715.960000000003,43684.18000000001,14268.76,6901.13,11069.23
8366,14862.16,42542.69,11818.82,6502.860000000001,10854.880000000001
8367,13351.11,41776.71,10612.54,6469.8,10903.570000000002
8368,12719.710000000001,40622.12,10624.5,6386.54,10871.750000000002
8369,12428.019999999999,40302.19,10543.68,6384.87,10847.13
8370,12286.59,40514.12,11096.55,6386.209999999999,10875.960000000001
8371,13254.850000000002,40732.74,13617.26,6360.76,11103.939999999999
8372,14765.529999999999,44630.369999999995,14956.36,6468.599999999999,11472.7
8373,14876.79,49941.19,14979.13,7175.11,12123.91
8374,15147.29,53155.96,15989.41,8177.489999999999,12119.26
8375,15743.259999999998,52711.75,17079.739999999998,9034.78,10912.4
8376,16310.74,53579.64,18441.97,9716.150000000001,9127.95
8377,16874.489999999998,54507.950000000004,18488.16,10072.41,8559.35
8378,16112.15,52091.05,18030.19,10012.78,8393.04
8379,16016.130000000001,52160.46,18598.29,9692.31,9313.02
8380,16116.319999999998,52957.61,18491.61,9102.96,11382.67
8381,18493.420000000002,52092.39000000001,18599.05,8257.29,13078.49
8382,22768.699999999997,50416.96000000001,18629.98,7380.879999999999,13477.32
8383,24751.329999999998,52264.6,17285.620000000003,7024.66,13553.63
8384,24884.760000000002,56628.78999999999,17581.03,6880.129999999999,14541.970000000001
8385,22884.88,57343.91,17372.88,6861.41,14590.619999999999
8386,20206.5,57762.75,17530.07,6807.0,14236.5
8387,18835.8,57265.080000000016,17585.1,6726.08,13708.51
8388,18195.37,52956.44,16743.84,6646.76,13345.02
8389,16709.82,49690.72,14642.41,6456.7300000000005,12408.779999999999
8390,14620.41,49687.189999999995,11252.05,6472.129999999999,11709.419999999998
8391,13509.310000000001,48092.71,9392.18,6503.51,11353.529999999999
8392,13381.849999999999,46559.52,9123.49,6490.52,10530.12
8393,12826.24,47024.96,9241.050000000001,6468.65,9272.47
8394,12653.920000000002,46880.090000000004,9612.619999999999,6461.23,9797.48
8395,13153.010000000002,47872.21,11333.970000000001,6465.84,10611.009999999998
8396,13076.64,51579.880000000005,13071.8,6599.039999999999,11361.5
8397,14463.539999999999,54027.39,16038.369999999999,7161.21,10249.48
8398,14937.55,57014.700000000004,17087.76,8147.3099999999995,9570.89
8399,15652.419999999998,56784.41,16747.95,9438.91,9024.96
8400,16278.52,56041.97000000001,17958.670000000002,10272.03,8837.07
8401,16803.539999999997,55397.73,18397.68,10624.77,8851.28
8402,16014.710000000001,53311.71,17676.1,10600.330000000002,8599.77
8403,15380.189999999999,53781.19,18757.949999999997,10166.900000000001,9610.09
8404,15731.33,55494.96000000001,18680.22,9445.42,10627.11
8405,16617.09,54439.0,19179.34,8654.619999999999,12759.73
8406,19168.89,52253.15,20329.36,7772.05,14935.44
8407,22799.800000000003,51851.86,18524.64,7385.780000000001,15200.93
8408,24831.969999999998,53618.92,19479.84,7197.26,15903.059999999998
8409,23798.57,54676.07000000001,18788.079999999998,6671.1900000000005,15821.54
8410,22217.0,54794.87,18315.04,6643.950000000001,15442.68
8411,20363.57,55789.22,17198.68,6548.030000000001,14732.010000000002
8412,19441.11,52716.729999999996,15958.55,6482.040000000001,14149.01
8413,18326.52,49336.22,14272.98,6450.290000000001,12494.070000000002
8414,15731.46,47505.159999999996,12508.64,6397.63,11775.95
8415,14507.77,45428.2,11618.04,6416.65,11459.400000000001
8416,14033.64,43786.369999999995,11218.57,6434.82,10852.68
8417,13245.6,44364.91999999999,10409.97,6309.49,10698.07
8418,12861.550000000001,45560.159999999996,10964.279999999999,6306.34,10536.27
8419,13169.390000000001,46827.479999999996,12830.73,6302.82,10859.19
8420,13798.99,49328.14,14871.760000000002,6376.39,11710.990000000002
8421,14352.1,52449.39,15769.43,7050.099999999999,12927.67
8422,14685.68,55191.17,16914.55,7993.07,12109.18
8423,15211.73,55679.94,17296.29,8975.720000000001,10601.64
8424,15992.039999999999,56125.95999999999,17983.77,9684.87,9749.49
8425,15910.84,56010.899999999994,18103.489999999998,10013.77,9827.830000000002
8426,15612.74,54020.2,18077.57,10001.890000000001,9190.29
8427,15833.909999999996,54726.520000000004,18670.74,9642.570000000002,10035.300000000001
8428,16136.400000000001,57683.59999999999,17963.29,8946.98,11024.490000000002
8429,17592.940000000002,57108.509999999995,18106.440000000002,8230.77,11688.98
8430,19035.04,56842.32,17682.989999999998,7333.15,14015.04
8431,22234.96,55138.17,17507.72,6769.599999999999,15150.899999999998
8432,22666.56,57613.11,18884.58,6568.01,15993.23
8433,20300.370000000003,57752.64,18678.3,6551.110000000001,15903.630000000001
8434,18028.37,58714.23,17357.879999999997,6589.41,15520.76
8435,17542.07,57962.95,16886.25,6299.1900000000005,14960.67
8436,17454.9,54642.43000000001,17481.68,6072.959999999999,13946.41
8437,17721.19,51007.47,15690.82,6051.31,12979.04
8438,16819.12,49084.619999999995,13609.33,6103.14,11879.4
8439,14741.3,47736.33,12366.02,6217.01,11705.94
8440,13624.67,46659.1,11148.36,6408.09,11684.519999999999
8441,13537.989999999998,45506.49,10878.29,6410.4400000000005,11315.419999999998
8442,13256.14,45383.86,11291.83,6358.92,11172.11
8443,13229.999999999998,45283.399999999994,11974.970000000001,6288.73,11146.51
8444,13900.42,45269.71,11804.880000000001,6414.760000000001,11378.869999999999
8445,13486.400000000001,47112.46,13397.099999999999,7104.68,10114.46
8446,13344.42,48377.98,16010.07,8156.84,8470.25
8447,14366.05,47259.259999999995,17475.2,9123.029999999999,7787.9400000000005
8448,14903.580000000002,46896.28999999999,18876.16,9816.99,7055.85
8449,15089.97,47483.020000000004,19765.800000000003,10111.43,7001.870000000001
8450,15246.819999999998,47515.45,19501.65,10062.3,7162.849999999999
8451,15252.95,47539.38,19561.68,9742.21,8206.66
8452,15641.08,47543.71,18531.440000000002,8946.150000000001,10798.54
8453,16496.370000000003,47393.45999999999,17364.739999999998,8090.99,13518.980000000001
8454,17819.549999999996,48845.65,17342.41,7297.82,14189.82
8455,20477.97,50774.81,17618.64,7024.070000000001,15240.580000000002
8456,22828.24,53272.69,18885.739999999998,6900.99,16410.52
8457,21927.68,52864.64,17589.96,6935.01,16394.86
8458,18773.9,52175.21,17930.35,6959.459999999999,16433.780000000002
8459,17211.66,51560.17,17388.38,6939.389999999999,16186.099999999999
8460,17267.94,50382.42,15573.369999999999,6773.210000000001,15382.71
8461,17054.0,48903.270000000004,14134.359999999999,6818.35,13601.44
8462,16389.84,47437.479999999996,12857.369999999999,6932.68,12445.45
8463,15023.729999999998,45985.72,11129.36,7312.460000000001,12308.120000000003
8464,14653.260000000002,44264.56999999999,10373.59,7437.639999999999,12274.82
8465,14460.66,43304.29000000001,9815.3,7434.5,12325.330000000002
8466,14537.16,43389.5,9549.77,7260.75,12381.41
8467,14902.96,44909.95999999999,9991.48,7029.77,12333.14
8468,15382.969999999998,45758.81,11887.720000000001,7191.37,12689.84
8469,15360.679999999998,46994.96,14572.19,7787.4400000000005,13585.64
8470,14879.09,50082.909999999996,16556.06,8849.59,13292.43
8471,14840.250000000002,52071.49,17316.760000000002,9640.34,12351.189999999999
8472,14672.02,53271.729999999996,17820.62,10280.380000000001,12179.45
8473,14877.85,52623.88,17843.65,10656.98,11902.79
8474,14789.67,51436.36,17153.86,10630.48,11200.699999999999
8475,15627.55,50626.71,18419.25,10306.359999999999,11807.67
8476,16735.510000000002,49743.77,17988.54,9669.69,14549.95
8477,19192.85,48080.53999999999,16867.690000000002,8710.97,16609.98
8478,22198.57,47619.479999999996,17165.17,7843.91,16548.489999999998
8479,24263.079999999998,49495.39,16754.23,7601.27,16920.19
8480,23918.920000000002,53471.350000000006,17232.699999999997,7532.12,17567.690000000002
8481,21964.95,55350.270000000004,14580.93,7565.31,17555.7
8482,18907.79,55391.12,13879.880000000001,7537.74,17370.64
8483,17502.34,54295.50000000001,13872.93,7409.33,17450.0
8484,16829.13,51914.65000000001,13127.74,6963.18,17370.02
8485,15813.43,49311.72,11585.91,6630.91,16687.09
8486,14583.45,47631.780000000006,10003.4,6035.120000000001,15813.330000000002
8487,13913.880000000001,45848.729999999996,8711.48,6004.0,14770.3
8488,13083.37,45147.799999999996,8385.43,6000.88,13587.71
8489,12891.79,44249.38,8406.900000000001,5999.07,12871.08
8490,12762.949999999999,43728.649999999994,8528.65,6088.73,12763.57
8491,13219.16,43795.48000000001,8986.4,6079.79,12150.39
8492,13291.640000000001,44877.229999999996,9623.59,6186.44,11601.8
8493,13872.31,45298.5,11060.779999999999,6861.41,11456.91
8494,13649.570000000002,46139.23,12740.23,7912.720000000001,11906.0
8495,13674.199999999999,46693.689999999995,14013.98,8877.51,11635.42
8496,14044.539999999999,46617.02,14815.35,9597.05,11205.36
8497,14057.89,46431.33,15405.79,9982.789999999999,11001.93
8498,14041.55,45434.45,15881.4,9967.909999999998,10911.900000000001
8499,13796.79,44118.38,16388.58,9561.2,11276.99
8500,14267.09,43323.100000000006,16159.060000000001,8723.390000000001,12391.77
8501,16164.920000000002,40571.380000000005,15513.68,7785.71,16055.679999999998
8502,18870.489999999998,42491.3,14553.210000000001,6986.32,16704.2
8503,20453.39,48857.43,14203.83,6759.09,17065.53
8504,22024.47,53321.71000000001,15568.45,6903.449999999999,17666.04
8505,19127.329999999998,53035.91,14431.57,7266.17,17585.91
8506,16607.82,52381.03,12995.279999999999,7432.07,17610.14
8507,15822.9,50799.880000000005,12441.24,7395.049999999999,17501.68
8508,15676.79,47844.47,11507.84,7172.91,17140.989999999998
8509,15057.41,45700.67,10483.4,7054.42,16272.04
8510,14733.119999999997,42875.33,9094.84,6404.450000000001,15665.24
8511,14344.39,41352.56,8314.34,6164.45,13873.880000000001
8512,14295.81,41112.81,8036.54,6154.110000000001,11643.14
8513,14352.72,40526.09,7892.47,6132.4400000000005,10587.96
8514,14049.06,40499.76,8062.1,6120.030000000001,9975.46
8515,13705.449999999999,40257.369999999995,8053.82,6086.42,10187.25
8516,13031.410000000002,40146.880000000005,8078.45,6094.340000000001,10509.380000000001
8517,11344.730000000001,39888.14000000001,10507.380000000001,6646.910000000001,9676.91
8518,11628.220000000001,37580.75,13662.41,7663.530000000001,9091.02
8519,12426.57,35922.14,15233.08,8602.13,9109.31
8520,13121.24,36096.28,16562.940000000002,9372.01,9306.93
8521,13106.27,37312.07,17269.39,9785.519999999999,9596.77
8522,13291.05,37128.31,17348.86,9674.5,9893.22
8523,13530.27,36652.02,17291.78,9080.37,10015.119999999999
8524,13111.73,37138.23,17015.0,8320.72,10534.439999999999
8525,13804.379999999997,39688.53,16495.23,7408.82,10888.98
8526,16998.059999999998,40368.100000000006,14812.42,6616.22,13250.470000000001
8527,20883.23,44153.54000000001,13585.5,6739.62,15973.36
8528,21746.98,50825.02,13630.66,7018.32,17013.23
8529,20479.26,52506.49,11024.76,7399.22,17107.17
8530,18040.460000000003,53342.28999999999,9575.599999999999,7441.410000000001,17253.31
8531,15416.470000000001,53818.88999999999,9152.07,7420.6900000000005,17173.010000000002
8532,13912.35,51904.75,8910.7,7018.860000000001,16757.86
8533,13088.89,48705.42,8608.49,6981.64,15927.21
8534,13625.170000000002,45384.15,8590.029999999999,6527.98,13854.79
8535,13640.71,43830.44,8416.5,6334.32,12346.349999999999
8536,12801.32,43681.88,8436.76,6313.18,11430.21
8537,12678.72,43672.71,8169.51,6302.45,11149.710000000001
8538,12712.44,43652.89000000001,8145.16,6291.37,11888.28
8539,14013.249999999998,44326.57,9076.5,6311.580000000001,12563.27
8540,15150.880000000001,47666.63,11334.89,6452.67,12736.89
8541,15336.710000000003,50030.96000000001,14558.779999999999,7114.71,13656.61
8542,15378.37,52799.170000000006,15845.17,8069.209999999999,14118.58
8543,15655.93,53408.200000000004,16876.91,8855.52,14490.080000000002
8544,16301.28,53728.94,18340.37,9450.64,14750.09
8545,16726.43,52888.65,18554.129999999997,9717.1,15623.98
8546,17001.47,49518.049999999996,18367.84,9696.78,15707.7
8547,18305.329999999998,48346.729999999996,19665.56,9243.86,16088.710000000001
8548,19453.59,48486.229999999996,19925.699999999997,8590.82,15997.58
8549,19893.65,49907.46000000001,19029.57,7910.7699999999995,15956.56
8550,20816.480000000003,52639.24,18244.87,7278.860000000001,15927.83
8551,21332.059999999998,55244.4,17439.43,7079.53,16164.240000000002
8552,21977.86,59857.53999999999,17742.02,6967.11,16712.03
8553,21178.37,60769.29,16427.17,6978.110000000001,16980.980000000003
8554,20401.22,60088.31,15006.71,6972.08,16968.81
8555,20315.49,58479.56999999999,13719.779999999999,6965.16,17008.32
8556,19561.25,55527.56,11863.02,6811.68,16774.27
8557,18575.84,52730.31,9800.66,6678.12,16154.66
8558,16046.48,50632.619999999995,8905.85,6585.05,15292.81
8559,14423.75,48714.61,8313.380000000001,6382.91,14898.07
8560,14247.88,46415.63,8495.58,6356.3099999999995,14673.95
8561,14276.86,45439.159999999996,8336.54,6275.9,14737.609999999999
8562,14663.22,44597.12,9099.08,6242.639999999999,14811.32
8563,15780.5,44820.950000000004,10804.55,6221.380000000001,14726.07
8564,16093.12,46725.060000000005,13265.25,6311.500000000001,14944.46
8565,15880.119999999999,49258.18,15834.18,6710.51,15388.77
8566,16950.899999999998,51735.94,17374.82,7411.33,15922.75
8567,17073.350000000002,52455.880000000005,17280.68,8112.780000000001,16387.85
8568,17693.329999999998,50773.340000000004,19584.64,8708.51,15411.47
8569,18223.6,49961.99,20133.75,8998.910000000002,14464.259999999998
8570,17770.02,48811.93,20155.47,8988.65,11768.03
8571,18031.089999999997,48748.96,20025.34,8718.099999999999,12486.169999999998
8572,18145.73,48551.28,19054.550000000003,8203.89,14757.45
8573,19390.550000000003,49340.42,17217.559999999998,7585.7300000000005,16196.259999999998
8574,22186.800000000003,51618.22,16066.35,6978.869999999999,15721.849999999999
8575,23768.81,52064.87,17055.71,6738.320000000001,16071.82
8576,24261.759999999995,56660.90000000001,18429.54,6708.3099999999995,16624.239999999998
8577,23238.420000000002,57250.020000000004,17266.31,6805.62,16899.3
8578,21751.650000000005,58232.64000000001,15044.3,6806.29,16654.41
8579,20948.05,58193.880000000005,12780.420000000002,6863.07,16551.5
8580,18428.9,56494.55,10662.45,6767.47,16429.42
8581,15352.45,53405.32000000001,9884.94,6506.68,15987.55
8582,14566.36,50354.380000000005,8380.61,6564.370000000001,14685.93
8583,14455.490000000002,48032.01,8151.740000000001,6406.27,12964.01
8584,14013.34,46734.009999999995,7889.91,6338.6900000000005,12512.99
8585,13851.57,46037.259999999995,7741.74,6263.700000000001,12334.689999999999
8586,13924.87,46305.81999999999,7648.679999999999,6223.71,12431.869999999999
8587,14163.349999999999,48683.8,7921.62,6322.68,12558.75
8588,13949.36,53780.7,8795.71,6400.57,12826.150000000001
8589,14206.13,54935.94,12328.49,7012.26,13669.31
8590,14611.33,55275.54,16043.8,8059.51,13148.490000000002
8591,14795.61,54343.579999999994,17167.74,8883.679999999998,12535.13
8592,15237.720000000001,53683.09,18005.440000000002,9529.669999999998,11948.130000000001
8593,15533.42,51974.73,18381.72,9878.23,11924.16
8594,15605.23,48440.62,18314.77,9921.970000000001,11431.32
8595,16022.21,48659.09,18385.57,9478.29,12077.89
8596,15974.61,48954.69,18264.92,8942.06,14063.26
8597,16116.920000000002,51274.06999999999,16718.29,8134.8099999999995,15962.88
8598,17729.1,55392.82000000001,14630.619999999999,7380.03,16941.14
8599,20264.260000000002,57295.67999999999,13360.93,6975.18,17328.66
8600,20928.030000000002,61659.15,14576.32,6926.87,18460.809999999998
8601,20443.469999999998,62831.590000000004,12782.36,6959.65,18493.47
8602,19418.739999999998,62948.32999999999,10636.96,7095.139999999999,18357.72
8603,18434.56,61817.99,9833.279999999999,7196.7699999999995,18009.85
8604,16375.54,59789.09999999999,8899.52,7012.08,17602.62
8605,13571.68,55452.78,8946.07,6653.860000000001,16682.98
8606,12648.21,50995.16,8646.96,6595.5599999999995,15010.96
8607,12035.41,49455.37999999999,8380.23,6553.4,12722.61
8608,11633.66,47569.28999999999,8350.17,6524.530000000001,11931.259999999998
8609,11612.880000000001,47016.04,8114.030000000001,6510.66,11649.630000000001
8610,11454.159999999998,47500.75,8140.81,6532.639999999999,11848.23
8611,12417.670000000002,49141.60999999999,8516.11,6553.66,12669.62
8612,13241.59,52907.93000000001,9035.87,6823.09,13995.380000000001
8613,13332.539999999999,53907.99,13398.85,7580.14,14466.61
8614,13626.900000000001,56297.48,16030.93,8538.14,13469.3
8615,13987.3,57042.55,17028.25,9420.27,12770.31
8616,14300.9,58263.29,18055.230000000003,10037.1,12261.990000000002
8617,14023.33,58396.979999999996,18325.33,10336.15,12035.5
8618,14287.64,55277.76,18255.28,10273.79,11643.869999999999
8619,14925.179999999998,56693.32,18285.34,9984.63,11779.14
8620,15542.989999999998,57655.76,17987.65,9449.13,12620.41
8621,16471.96,57633.36,17910.08,8731.029999999999,14417.779999999999
8622,19578.29,55913.100000000006,17768.39,7858.34,16597.23
8623,21513.78,57859.25000000001,15612.35,7298.960000000001,17284.14
8624,21897.539999999997,61411.31000000001,16030.48,7254.66,18237.309999999998
8625,20986.130000000005,61536.119999999995,15177.509999999998,7267.85,18226.59
8626,19318.050000000003,61073.250000000015,14128.109999999999,7274.9800000000005,18527.68
8627,18813.129999999997,60792.28,12274.9,7272.74,18501.52
8628,17450.91,58758.37,10285.21,7078.3099999999995,18389.39
8629,14609.009999999998,56252.649999999994,9123.869999999999,6915.93,16779.52
8630,13295.44,51713.69,8728.22,6850.51,16303.83
8631,12967.869999999999,48497.21,8367.8,6808.49,15479.65
8632,12877.78,47155.63,8198.23,6719.89,14398.720000000001
8633,12773.28,46424.51,8017.05,6650.7,14110.23
8634,13210.26,45585.6,8052.02,6642.07,14711.12
8635,13310.13,48037.06,8282.080000000002,6659.82,15340.740000000002
8636,13055.33,51680.409999999996,10564.59,6737.71,15502.56
8637,12848.84,55091.530000000006,13362.09,7256.15,15725.189999999999
8638,13556.300000000001,57453.759999999995,16856.79,8210.490000000002,15541.539999999999
8639,14390.87,58108.57000000001,16641.63,9152.18,15429.07
8640,15045.960000000001,58712.3,17496.26,9870.27,14237.7
8641,16190.929999999998,58127.37,17704.4,10206.09,13394.34
8642,16235.61,54846.23,17597.1,10150.46,13288.0
8643,17634.329999999998,54220.57,18011.85,9836.95,13684.81
8644,19271.11,52940.44,17985.25,9465.66,14859.72
8645,20086.44,51989.69,18184.620000000003,8728.96,15990.79
8646,21907.960000000003,52305.26,17785.489999999998,7922.01,17022.87
8647,22725.33,52896.2,17866.6,7427.370000000001,18042.120000000003
8648,23736.31,56332.310000000005,17392.14,7417.56,18606.98
8649,21151.93,58403.45000000001,16370.029999999999,7444.2699999999995,18701.26
8650,18940.760000000002,60146.76000000001,13359.44,7463.08,18816.98
8651,16537.15,60659.17,12686.69,7449.709999999999,18819.89
8652,14967.01,59365.630000000005,12201.23,7073.58,17791.36
8653,14248.220000000001,56114.59999999999,11205.16,6776.99,16280.07
8654,13198.53,53314.310000000005,9441.75,6495.75,15816.52
8655,12964.38,49372.619999999995,8829.130000000001,6313.5599999999995,16017.810000000001
8656,12972.539999999999,46125.74,8679.06,6212.37,15994.010000000002
8657,13012.609999999999,44796.340000000004,8696.650000000001,6205.349999999999,15378.779999999999
8658,13068.57,44634.5,8548.67,6024.44,15488.38
8659,13431.740000000002,44637.64,8572.11,5864.65,15835.91
8660,13517.16,46794.64,8911.8,5943.6900000000005,15235.25
8661,13279.73,48596.89,12506.75,6505.8099999999995,13111.029999999999
8662,13660.79,49706.83,15195.27,7404.509999999999,11746.349999999999
8663,13721.36,49262.14,18063.12,8181.87,10645.99
8664,14047.53,48907.38,19997.83,8872.970000000001,9860.09
8665,14443.09,48256.479999999996,20160.62,9307.999999999998,9578.09
8666,14983.019999999999,47323.87,19829.6,9368.05,9691.78
8667,15889.14,46690.26,18898.89,9118.69,10069.95
8668,16691.559999999998,45444.3,17911.11,8480.359999999999,11099.93
8669,17713.77,46353.03,16725.489999999998,7564.3,11475.52
8670,19692.519999999997,48393.770000000004,15824.11,6863.320000000001,12789.84
8671,22092.9,52194.47,13692.38,6377.94,15544.2
8672,22939.64,56263.77,14509.27,6465.7,17635.199999999997
8673,22228.42,54981.6,12816.64,6564.969999999999,18261.09
8674,20306.499999999996,53492.380000000005,11206.64,6591.219999999999,18086.010000000002
8675,17104.51,54436.55000000001,9737.89,6542.57,17807.52
8676,14888.380000000001,53860.630000000005,9315.470000000001,6379.98,16548.1
8677,13355.710000000001,52027.97,9127.130000000001,6283.889999999999,15433.39
8678,12571.49,49143.67999999999,8613.35,6052.03,14423.51
8679,12398.92,45954.67,8186.200000000001,5993.599999999999,14065.51
8680,12059.61,44227.48,8159.349999999999,5960.12,13031.509999999998
8681,11897.329999999998,42913.86,8286.42,5958.61,12159.34
8682,11967.1,40727.78,8144.8,5940.92,12749.27
8683,11749.95,39253.09,8086.320000000001,5924.549999999999,13300.57
8684,11692.47,39241.36,8585.529999999999,5951.12,12084.130000000001
8685,11742.470000000001,38783.73,10042.970000000001,6479.25,10901.51
8686,11739.130000000001,37255.740000000005,12143.09,7616.7,9915.2
8687,11887.509999999998,37299.619999999995,13799.080000000002,8620.83,9249.35
8688,12191.880000000001,36913.31,15198.400000000001,9372.83,9565.060000000001
8689,12650.64,36500.57000000001,17059.94,9562.94,9552.21
8690,12698.650000000001,36425.64,17806.9,9432.880000000001,9458.75
8691,12512.6,35862.41,17656.4,9024.37,9405.14
8692,12013.87,35795.88,17193.350000000002,8344.55,10759.509999999998
8693,11922.050000000001,38603.689999999995,16123.8,7593.06,11840.98
8694,14316.95,42886.42,14596.349999999999,6986.38,12817.42
8695,18425.280000000002,44333.259999999995,14941.080000000002,6644.79,16134.04
8696,19928.45,49412.44,15172.95,6454.07,18126.67
8697,18265.899999999998,50892.24999999999,14443.800000000001,6430.5199999999995,18399.04
8698,16512.600000000002,51253.81999999999,13331.189999999999,6463.84,18588.43
8699,15392.500000000002,50764.030000000006,12382.16,6426.389999999999,18546.33
8700,14264.7,51330.75,10763.630000000001,6293.12,17616.440000000002
8701,12984.359999999999,49089.0,9753.349999999999,6202.54,16961.47
8702,12025.56,47464.3,8807.380000000001,6222.92,15564.720000000001
8703,12094.09,45676.21,8503.71,6287.15,13782.74
8704,12168.93,44709.74,8420.240000000002,6356.13,12225.8
8705,12203.12,43601.520000000004,8246.09,6282.42,12505.619999999999
8706,12455.46,43985.130000000005,8239.64,6227.78,12578.32
8707,12520.39,46282.21000000001,8420.23,6292.6,14139.18
8708,12869.0,49234.1,9962.91,6365.1900000000005,15829.9
8709,13177.85,52540.4,13588.02,7079.68,15176.84
8710,14110.08,54339.090000000004,16882.33,8072.29,14399.919999999998
8711,14260.640000000001,55816.75,17607.29,8814.189999999999,14134.92
8712,14990.92,56016.61,18655.4,9345.550000000001,14280.279999999999
8713,15595.25,55590.2,18884.300000000003,9929.060000000001,14084.43
8714,15071.69,53103.44,19035.77,10107.59,13401.380000000001
8715,15449.69,51900.35,19845.12,9857.41,14138.66
8716,16846.24,50922.38,19765.03,9341.91,15974.04
8717,19007.29,50229.29000000001,19722.68,8921.33,16532.07
8718,20782.87,51435.59999999999,18050.33,8720.550000000001,16653.52
8719,22273.77,52041.04,16894.07,8755.25,17422.079999999998
8720,22244.25,55202.17999999999,18163.45,8624.16,18237.03
8721,21211.940000000002,57422.42,16497.8,8649.89,17975.47
8722,19369.94,57854.55,15852.68,8625.74,18019.41
8723,17404.83,57173.15,15494.34,8702.18,17961.24
8724,15021.64,55362.39,13733.43,8834.2,17986.13
8725,14115.179999999998,51228.94,10961.119999999999,9176.76,17150.85
8726,13544.149999999998,47840.42,9435.46,9307.71,15995.98
8727,13320.679999999998,44726.270000000004,9050.67,9330.71,15057.33
8728,13450.7,42026.41,8966.310000000001,9296.61,14749.83
8729,13346.84,41162.99,8528.51,9250.54,14778.25
8730,13293.970000000001,41214.58,8528.67,9214.61,15058.380000000001
8731,13289.340000000002,42683.76,9274.779999999999,9252.8,16238.91
8732,13624.769999999999,46881.54,10331.85,9215.99,16677.809999999998
8733,14087.02,49536.25,13690.83,9757.26,17006.4
8734,14465.220000000001,51587.87,16854.989999999998,10912.83,16718.239999999998
8735,15417.99,51598.119999999995,16764.97,11716.269999999999,16515.39
8736,15793.04,52003.56,17561.510000000002,12237.44,16039.619999999999
8737,16100.439999999999,51451.37,18166.17,12518.41,15135.33
8738,15914.54,48834.78,18454.03,12327.07,13788.15
8739,15874.350000000002,48457.020000000004,19991.92,12104.890000000001,14113.630000000001
8740,15815.970000000001,49317.42999999999,20463.68,11562.98,14666.83
8741,16543.1,48426.689999999995,20171.71,10435.59,16873.0
8742,18764.579999999998,51396.83,18456.379999999997,8505.839999999998,17408.510000000002
8743,19995.85,52731.11,17073.92,8235.94,17937.92
8744,21987.92,56460.49999999999,17682.41,8440.54,18140.33
8745,21310.79,58466.36000000001,14301.009999999998,9595.4,18169.04
8746,18899.13,59611.84,12698.67,9900.039999999999,18081.04
8747,17136.96,58114.149999999994,12944.09,9882.08,18212.64
8748,13835.21,56545.92999999999,12438.36,9958.57,18243.449999999997
8749,12407.79,53134.060000000005,9849.74,9830.529999999999,18014.850000000002
8750,11903.57,48899.950000000004,8178.63,9389.2,16810.62
8751,11718.369999999999,46758.86,7722.24,9237.619999999999,15603.21
8752,11558.470000000001,45834.09,7664.639999999999,9189.36,14050.05
8753,11552.08,45521.100000000006,7633.82,9196.77,13261.259999999998
8754,11602.37,45950.69,7752.330000000001,9186.02,13330.689999999999
8755,11988.150000000001,47239.880000000005,8016.79,9198.46,14885.630000000001
8756,12943.369999999999,49811.530000000006,8345.130000000001,9313.48,17272.82
8757,13395.490000000002,52098.89,12571.400000000001,9931.64,17355.35
8758,13862.52,52621.83,16014.96,10934.880000000001,17405.19
8759,13724.05,52897.95,16816.519999999997,11599.22,16644.730000000003
8760,14538.68,53370.03999999999,17310.63,12143.18,15432.580000000002
