Time_Index,elec_N,elec_NE,elec_CW,elec_SE,elec_S
1,10299.763,33571.173,5733.12,6751.241,7345.9439999999995
2,10202.077000000001,34702.488,5644.187,6701.162,6887.322
3,10026.48,34835.177,5557.808,6618.902,6973.37
4,9756.121,34166.543,5463.146000000001,6568.424,7076.688
5,9522.987,34221.236,5324.778,6571.897000000001,6416.49
6,8689.082999999999,34044.108,5367.206,6625.8240000000005,5367.063
7,7841.005,33711.716,6423.317,6912.666,4174.312
8,7594.89,32224.906,7651.646000000001,7521.576999999999,3892.065
9,7765.566000000001,29924.443,8613.384,8214.012,4113.048000000001
10,8383.382,28191.742,9643.162,8826.946,4314.07
11,8845.407,27883.119,10275.598,9234.353000000001,4555.959000000001
12,8991.365000000002,28447.222999999998,10499.193,9345.252,4632.978
13,8855.448,28335.556,10391.394,9217.875,4559.23
14,8507.17,28395.116,10473.491,8689.368999999999,4399.256
15,8323.15,29601.908000000003,10327.505000000001,8107.309000000001,4239.1050000000005
16,8116.206,31729.515000000003,10220.092,7706.752,4252.536
17,8453.187,32878.225999999995,9594.738000000001,7327.504000000001,5887.609
18,10239.631000000001,32676.517,8260.469000000001,6965.312000000001,8044.679
19,12459.080999999998,34413.511,7112.121999999999,7066.866,9220.159
20,14363.601,37219.524999999994,7088.9220000000005,7067.572,9624.171
21,15461.810000000001,36878.815,7328.956999999999,7071.504,9633.229
22,16267.049000000003,35926.266,7336.722,7173.263,9555.469000000001
23,15921.792,35677.924,7020.969,7232.557999999999,9169.545
24,15058.673999999999,34638.168,6673.423999999999,7193.308000000001,8864.972
25,13184.585000000001,33978.34,6584.958,7163.73,8489.974
26,10765.529999999999,33911.025,6647.154,7153.5470000000005,8142.727999999999
27,9137.842,34248.948000000004,6625.867,7147.763,7674.844
28,8456.108,33780.347,6532.99,7170.294,7688.8189999999995
29,8736.492,33191.339,6338.923999999999,7185.994000000001,7648.567999999999
30,8053.596,33557.207,6478.952,7310.441,7626.901
31,7393.613,35650.051999999996,6995.325,7691.738,7270.996
32,7409.154000000001,37742.919,8625.810000000001,8244.220000000001,7639.0689999999995
33,8113.071000000001,38076.496,10753.707,8899.732,7466.865
34,8917.524,37267.878,12007.354,9386.018,7804.927
35,9373.727,37789.681,13213.299,9809.333,8079.856
36,9747.218,37740.512,13860.666,10072.573,8479.295999999998
37,9968.018000000002,36724.277,14077.944,9892.26,8954.301000000001
38,10305.213,37736.566999999995,13888.982,9502.853000000001,9574.169
39,11365.803,38281.847,14284.386999999999,9359.603,9409.306
40,12001.056,38363.021,14710.604,8881.041,8975.232
41,13237.146,38200.395000000004,14365.701,8329.118,8850.869
42,15871.919,37188.056,11156.336000000001,7776.229,9345.575
43,18093.523999999998,36332.947,9911.108,7480.637000000001,9669.735
44,19868.442000000003,38418.854,10009.058,7384.380000000001,10039.768
45,20181.062,39381.783,9421.837,7381.652,10069.07
46,19904.332000000002,39582.117000000006,9266.622,7386.043,9990.469000000001
47,19247.095,39123.703,8493.76,7370.852000000001,9686.219000000001
48,18587.174000000003,37184.967,8060.269,7351.866,9230.493
49,17698.945,35359.448,7207.773,7296.944,8791.377
50,16260.444000000001,34763.194,6378.405000000001,7315.6900000000005,8444.509
51,14164.555,34662.8,6187.656,7350.108,8389.189999999999
52,13178.313,34445.271,6078.57,7364.266,8281.125999999998
53,13234.678999999998,34010.047,5968.9039999999995,7347.909000000001,8134.485000000001
54,12465.557999999999,33879.864,6177.043,7448.412,8113.744000000001
55,10781.066,34320.345,7788.5070000000005,7781.844000000001,8528.441
56,8879.874,36869.636,10285.507,8350.679,8568.865
57,9125.574,38353.422000000006,11658.249,8960.274000000001,8748.316
58,9652.851999999999,38230.009,13100.004,9506.110000000002,8409.235
59,10168.188,37821.932,14169.628,9894.434,8611.324
60,10980.991,36760.114,15020.197,10038.067000000001,8794.123
61,11620.894999999999,35163.045,15197.933,9864.618,9483.288999999999
62,13055.618999999999,35680.892,14830.185,9570.838,9910.960000000001
63,13978.467,37704.209,13961.838,9125.8,10003.095
64,14797.502,37895.796,13614.084,8465.367999999999,9707.771999999999
65,16284.598,37766.626000000004,11895.745,7848.215,10121.264
66,17106.864,37557.656,10267.833999999999,7388.888,10276.75
67,17577.769,38544.828,9301.087,7144.6849999999995,9901.541000000001
68,18914.479,40125.865000000005,9762.593,7191.918,9748.721
69,19236.362,40854.235,9991.67,7248.031,9560.113000000001
70,18973.707,40897.975,9854.686,7266.272999999999,9335.314999999999
71,18647.686999999998,40378.275,9569.584,7279.101,8972.124
72,18247.626,38401.509,9038.498,7279.468,8785.738
73,17850.303,36329.939,8269.122,7243.215,8397.426
74,16767.759000000002,34953.947,7828.098,7000.014999999999,8050.3
75,15907.498,33864.42,7335.19,6970.82,7971.383
76,15278.206,33283.392,6977.057999999999,6971.349,7905.32
77,15276.707,32334.39,6847.339,6974.163,8000.903
78,15292.985999999999,30593.59,6972.363,7088.345,8021.9490000000005
79,14121.177,30219.134999999995,7712.511,7478.904,8327.363
80,11167.795,32706.307,9250.27,8039.345,8644.099
81,9496.447,34093.995,10771.829000000002,8389.077,8706.775
82,9928.399,34666.266,12417.497,8729.953000000001,7857.467000000001
83,10534.851999999999,35257.867999999995,13523.973,9011.088000000002,6923.601000000001
84,10589.570000000002,35354.024,14219.805,9162.914999999999,6666.51
85,10533.529,35076.327000000005,14148.662,9080.978000000001,6685.132
86,10623.815999999999,35424.401,14213.181999999999,8748.436,7111.851000000001
87,11101.626,35626.56799999999,13383.864000000001,8431.218,7821.342999999999
88,11827.794000000002,35761.998,12326.699,7848.034000000001,7960.972
89,13260.663,36427.06,10753.574,7587.441,7867.544
90,15238.863999999998,37078.59,9690.877,7268.012,8294.392
91,17363.484999999997,38162.546,9011.612000000001,7087.8279999999995,9348.811
92,18315.449,40607.165,8906.377,7012.424,9791.18
93,18375.639,40606.131,9159.224,7000.646,9844.773000000001
94,17921.384000000002,39525.079000000005,9142.449,6998.570000000001,9568.537
95,16666.429000000004,38486.477,8944.094,7001.441,9279.149
96,16164.994,36790.675,8845.124,6984.536,8929.198
97,15380.56,34805.499,8422.214,6993.961,8816.475
98,14741.714,32996.945,8034.674,6989.231,8502.95
99,14265.056999999999,32205.343999999997,7847.648999999999,6944.262,7752.797
100,13799.439999999999,32087.046,7661.951999999999,6944.262,7020.474
101,13590.616000000002,31168.486,7578.228,6937.137,7100.68
102,12123.836000000001,30338.996,7699.763,7004.269,7159.9039999999995
103,9897.099999999999,31638.376,7638.125,7389.731,6640.879999999999
104,8460.568,32114.274,8307.988000000001,7872.914,6304.286
105,8551.233,30935.446,10160.84,8044.512000000001,5964.965
106,9163.084,29744.301999999996,11106.025,8356.455000000002,6016.781999999999
107,9356.309,30119.989999999998,11807.975999999999,8688.548999999999,6108.08
108,9600.813,31146.944,12261.623,8628.448,6230.527
109,9528.725999999999,31558.690000000002,12139.164,8541.087,6242.79
110,9491.767999999998,31608.552,11956.644,8165.733,6147.405000000001
111,9464.22,31986.182000000008,11816.544000000002,7824.009999999999,5916.68
112,10004.41,32467.307,11600.894,7595.539000000001,6116.675
113,11064.931,33548.613,10829.825,7680.178,6412.495
114,12823.011,35397.265,9377.064,7267.186,7805.925000000001
115,15768.585,36971.594,8158.5960000000005,6850.245999999999,9166.315
116,17517.418999999998,38503.013000000006,8452.26,6908.887,9292.922
117,18491.832000000002,38817.488,8681.481,7019.196,9136.235
118,18364.921000000002,38058.403,9026.672999999999,6986.469,9092.08
119,17832.120999999996,37434.414,9031.48,6935.196,9107.233
120,16336.483,36244.551,8968.288,6924.742,9065.512999999999
121,15500.422,33877.876,8797.192,6894.927000000001,9019.758
122,14359.526,32527.144999999997,8558.841,6944.445,8938.048999999999
123,13124.665,31897.048000000003,8511.455,6942.897,8817.147
124,11819.989999999998,31878.081000000002,8309.794,6948.1410000000005,9012.390000000001
125,12118.277,31659.484,8197.613,6907.13,8793.582
126,12765.881,31030.076999999997,8330.43,6893.334,8718.891
127,12448.940000000002,32459.176,9151.61,7123.176,8902.881000000001
128,11318.237000000001,35890.636,11462.207,7610.598,9044.789
129,10842.894,38824.746,13246.645,8037.964999999999,9330.267
130,10705.656,39744.537000000004,14856.62,8463.826000000001,9350.258
131,10857.118000000002,40416.777,16706.251,8947.229,9281.554
132,11018.984,41229.913,17048.487999999998,9206.280999999999,8926.278
133,11139.106000000002,40780.154,16386.911,9063.140000000001,8795.645
134,12202.045,41213.524,16308.826000000001,8815.851999999999,9516.761
135,13928.421,40765.113,15997.857,8447.568000000001,10423.762
136,16236.696,39737.555,14725.813,7954.771000000001,10928.717
137,17872.068,39851.984,13353.568,7494.65,10688.655999999999
138,17597.443,38865.172999999995,11801.094,6976.818,10642.15
139,18150.84,38370.541,10969.385,6630.446999999999,11184.537
140,20023.064,39655.253000000004,11492.875,6550.945,11353.279999999999
141,20796.009,39678.215,12143.909,6592.722,11381.92
142,21385.253000000004,38547.322,12345.422,6613.855,11435.895
143,20995.932,37017.006,11776.833999999999,6680.735000000001,11337.333
144,19122.216,34966.958999999995,11578.14,6693.37,11247.514
145,17879.157,32988.54,10587.921,6663.724,10984.179
146,17232.958,31191.345,9992.162,6642.3550000000005,10554.606
147,17169.908,29779.974000000002,9442.969000000001,6637.248,9639.118999999999
148,16780.798,29529.415,9696.289,6634.708,8730.972
149,16716.231,29366.346999999998,9543.545,6622.804,8652.86
150,16684.308999999997,29204.004,9514.141,6658.141,8656.996
151,16571.829,29202.225,11085.511999999999,6997.681,8778.887
152,16644.472999999998,31720.756999999998,13182.159,7415.280000000001,9200.579
153,16301.168000000001,34700.175,14958.413,7939.203,9321.955
154,16418.048,36157.592,16172.995,8397.876,8869.589
155,16499.14,37365.051,16372.947,8705.824,8903.538
156,16400.828,37795.065,16440.978000000003,8861.023000000001,9005.784
157,16413.065000000002,37772.367,15941.137999999999,8109.416000000001,9061.017
158,17502.860999999997,38607.004,16237.691,7853.392999999999,9307.715
159,17860.531,39778.382,15734.464,7539.081,9845.424
160,17511.552,40748.937,14796.748,7101.168000000001,10278.937999999998
161,18059.113,41390.723000000005,13545.794999999998,6718.688000000001,10403.767
162,18371.470999999998,39739.725999999995,12085.746,6354.773,10070.784
163,18385.441,39660.929000000004,11017.814,6110.121999999999,9883.542000000001
164,20529.41,40577.81800000001,11189.758000000002,6055.151,10095.758
165,20860.921000000002,40303.406,12404.673999999999,6052.661,10324.76
166,20836.922000000002,39814.393,12726.891,6042.584999999999,10567.208999999999
167,20396.339,38338.19,12281.32,6045.967000000001,10724.992
168,19882.155,35834.53,11732.687,6015.15,10360.348
169,18712.351,32815.922,11476.414,6089.085000000001,10434.004
170,18011.893,30508.688000000002,11429.796999999999,6080.868,10140.422999999999
171,17157.182,29799.512000000002,10645.125,6087.817999999999,9595.632
172,16650.395999999997,29670.371,10218.978,6089.046,9266.056
173,16618.744,29288.232000000004,10108.928,6109.428,9290.85
174,16757.803,29401.538000000004,10182.278,6187.159,9086.024000000001
175,16352.911999999998,30526.351,11073.272,6596.528,9355.231
176,17039.017000000003,33165.873999999996,12056.491,7111.303,9574.347000000002
177,17786.606,35898.917,12521.147,7562.083,9903.702
178,17167.562,37928.853,13428.331999999999,8024.650000000001,9550.039
179,17314.678,39170.45,14231.666000000001,8398.943,9497.755000000001
180,17380.239999999998,39632.511,15005.841,8575.859,9316.347
181,16737.547,39459.849,15053.262,8362.456,9370.932
182,18099.667,40281.471999999994,15761.045,7958.977999999999,9428.516
183,18510.381999999998,41303.52,16326.992999999999,7680.482,9335.386
184,18679.605,41539.75,15776.579000000002,7341.411,9417.807
185,18791.846,40978.577000000005,14845.071,7013.665000000001,9774.819
186,18811.038,39157.275,13248.04,6677.651000000001,9682.537
187,19589.462,39547.439999999995,12239.083,6482.717000000001,9498.403999999999
188,20806.178,40594.818,12476.382999999998,6485.6630000000005,10048.89
189,21095.203999999998,40488.792,12541.725999999999,6518.727,10370.934000000001
190,21120.581000000002,39839.587,12994.343,6558.5470000000005,10370.401
191,20869.546000000002,37599.09,13335.672999999999,6553.044,10081.911
192,20482.873,35080.243,12385.434,6569.227,9822.115
193,19098.311999999998,32962.432,10746.577,6548.6720000000005,9628.11
194,17794.14,31610.159,10217.946,6529.832,9266.258
195,16642.142,30344.808,9780.688,6578.645,9267.635
196,15782.794000000002,30125.735999999997,9367.492,6621.575000000001,9257.818
197,15956.487000000001,30425.867,8792.062,6566.0599999999995,9134.28
198,16853.048000000003,30073.826000000005,8746.583,6598.6810000000005,8929.204
199,17334.59,30732.560999999998,9598.607,6899.894,9005.803
200,17763.926,33866.80100000001,10868.261,7419.565,8990.54
201,18048.059,36918.411,11473.613000000001,7886.601,9395.682
202,18195.877,37771.789000000004,12673.911,8329.106000000002,9375.282
203,17059.077999999998,38662.767,14750.830999999998,8603.446999999998,9269.499
204,16627.109,39439.35,14895.366000000002,8842.955,9257.444
205,15881.496000000001,38875.652,15069.723,8757.859,9020.688
206,17576.433999999997,40020.130000000005,15169.824,8364.258999999998,8870.932
207,19395.195,41340.228,14127.911,8104.504,9395.3
208,19905.707999999995,41032.435,13333.204000000002,7667.170000000001,9950.408
209,19599.397,40721.85,12971.319,7241.32,9886.365
210,19204.003999999997,39555.204,11737.626,6908.47,9493.387999999999
211,19901.513,38827.447,11289.308,6626.759,9654.317
212,20691.086,39689.987,12207.349,6503.456,10565.69
213,21595.272,39481.098,12276.226999999999,6512.167,10733.855
214,21581.52,38805.073000000004,12240.075,6520.76,11097.792000000001
215,21351.565,36419.179,12195.744,6563.192,11128.213
216,19986.547,34544.762,11692.801,6568.088,10890.369999999999
217,18730.734,32983.21,10081.872,6531.803,10480.035
218,17902.326999999997,30929.323000000004,9554.486,6512.346,9443.886999999999
219,17536.305,29374.645,9190.552,6489.623,8955.831
220,17436.155,28391.996000000003,9011.219000000001,6531.494000000001,9008.286
221,17401.475000000002,28144.496000000003,8837.861,6527.4400000000005,9218.834
222,17292.566,28100.358,8788.7,6604.693,9408.776
223,16912.751,29805.927,9514.963,6977.769,9352.487
224,17113.459,33076.479999999996,11104.918,7533.612999999999,9444.289999999999
225,17108.716,36256.191,12645.579,8014.77,9298.176
226,15363.373,38961.886,13655.791000000001,8398.715999999999,8907.339
227,14428.457999999999,42667.296,14775.423999999999,8770.713,7881.0869999999995
228,14169.314,43332.372,15993.690999999999,8965.835000000001,7346.427
229,13640.449999999999,43318.426,15812.6,8841.538,6837.064
230,14334.984,43589.611000000004,15729.858,8557.707,7947.3589999999995
231,14930.048999999999,44184.28400000001,15142.597000000002,8342.362,8408.623
232,17274.157,43076.636999999995,13170.571,7941.6630000000005,9490.088
233,18098.943,40830.639,12844.95,7456.724999999999,9773.639
234,18872.865,38447.754,11722.444,7123.681,9760.228
235,20500.966,38309.58500000001,9651.401,6787.46,10294.782
236,22361.608,37925.446,11225.416,6656.636,10921.978
237,23341.73,37012.82,11561.142,6632.127,10972.221
238,23364.724,36068.453,11631.508,6677.083,10980.559
239,22072.159,34933.752,11530.111,6720.257,10893.896999999999
240,20849.550999999996,34086.838,10789.097,6695.101999999999,10209.477
241,18762.159,33117.134,9899.093,6723.606,9916.849999999999
242,18051.144,31271.438,9365.861,6733.995,9160.440999999999
243,17990.569,29311.492,8813.536,6736.308,8680.628
244,17241.27,28549.633,8532.733,6740.967000000001,8877.118
245,16816.259,28195.658,8350.947,6748.9980000000005,9002.43
246,16108.377999999999,28128.07,8265.111,6815.845,8921.517
247,14877.68,28977.752999999997,8996.621,7193.508999999999,8995.137999999999
248,12768.443,30649.627999999997,11101.628,7789.535,9118.782
249,10374.797,34336.871,12520.964,8398.248,8458.258
250,9672.050000000001,35702.822,14600.146999999999,8822.829,8007.0599999999995
251,9332.365000000002,37368.187999999995,15466.343,9022.216,7292.61
252,9405.675000000001,38919.166,16250.997,9221.627,6069.46
253,9895.048999999999,39017.949,15738.743,9211.0,6034.146000000001
254,11196.727,37322.574,15351.946,8938.638,6950.213
255,11523.8,35859.592,15906.819,8409.714,7177.309000000001
256,11410.815,35753.944,15223.94,8127.494,7587.225
257,12427.241999999998,35554.87699999999,13890.826000000001,7591.342000000001,8880.45
258,14437.217,34479.134000000005,12848.336000000001,7092.612,9502.429
259,16392.803,35945.81,11993.096000000001,6812.794,9995.773
260,18268.231999999996,36575.085,13264.696,6712.994999999999,10173.061
261,18775.183,35790.836,13153.544,6764.9,10346.613000000001
262,17962.118000000002,35210.364,12372.575,6771.695000000001,10267.378999999999
263,16728.891,34344.371,11979.045,6754.409,10196.693
264,16634.483,32461.978,11476.634999999998,6783.9259999999995,9927.697
265,16250.033,30092.106000000003,10576.435,6784.3099999999995,9471.08
266,16126.714,27978.719,10056.97,6772.450999999999,9163.452000000001
267,16013.358,26486.02,9524.172,6772.034,9173.133
268,15628.076999999997,25884.127999999997,8810.996,6764.364,9284.951
269,15564.456,25595.512,8278.262999999999,6761.554,9213.58
270,14335.953999999998,25056.25,8303.003,6834.3820000000005,9336.354
271,12712.899000000001,25646.275999999998,8615.027,7140.1050000000005,8814.928
272,11510.545,26827.118,9729.948,7401.808,8321.438
273,9994.348,28547.248,11736.437,7672.528,7148.334999999999
274,8563.612000000001,29822.510000000002,12398.885999999999,7935.271999999999,6585.196
275,8515.896,29961.605,13436.046,8146.2609999999995,6349.248
276,8633.352,30909.557,14161.752,8268.459,6153.209
277,9180.397,31295.862,13979.227,8177.487,5873.905000000001
278,9447.667000000001,31036.662000000004,14133.55,8049.7609999999995,5837.5419999999995
279,10916.134000000002,29757.725000000006,13234.471000000001,7835.055,6821.052
280,11432.745,28916.726,12533.088,7539.809,7647.423000000001
281,12612.240000000002,27560.048000000003,12233.293,7367.599,8709.403999999999
282,14644.936,29019.862,11025.329,7004.503000000001,9354.24
283,15589.336000000001,31740.741,10209.171,6807.751,10282.793000000001
284,16003.307999999999,34106.441000000006,10876.526,6829.888,10705.892
285,17138.424,34204.199,11004.775,6835.423,10624.873
286,17325.769,32862.116,11334.917,6837.791,10691.322
287,17030.824,31803.153,11052.099,6855.968999999999,10707.622000000001
288,16500.805,30171.200000000004,10402.757,6855.214,10549.396
289,17066.268,27648.803999999996,9968.257,6691.089,9786.978000000001
290,18821.881999999998,25204.155,8881.479,6626.43,8941.229
291,19463.07,23527.276000000005,8425.527,6624.1939999999995,8938.190999999999
292,18792.794,23707.544,7642.372,6620.2080000000005,9068.763
293,18713.097999999998,24100.244,7421.741,6599.497,8848.296
294,18810.815000000002,24794.065,7539.073,6624.615,8816.087000000001
295,18480.123,27025.493999999995,7860.002,6856.266999999999,9100.355
296,18756.517000000003,30299.162,9441.092,7281.875,9584.992999999999
297,17189.961000000003,34430.753000000004,11195.883,7694.067,9933.484
298,15661.344000000001,37061.041,12356.628,8042.973,9548.880000000001
299,15877.613,38401.394,13567.463,8403.518,9514.717
300,15157.368999999999,38329.682,14947.975,8490.68,9709.171
301,15692.003999999999,36928.825000000004,14904.636,8478.436,9930.300000000001
302,17120.460000000003,38950.292,14395.938000000002,8378.155999999999,10402.265
303,18509.020999999997,40216.734000000004,13603.319,8171.686,10155.732
304,20927.987000000005,38350.448000000004,13483.543000000001,7776.8910000000005,9899.068
305,22663.719,37271.555,11653.294,7353.796,10664.328
306,23249.251999999997,34698.742,10195.386,6937.330000000001,10961.646
307,22974.788,34128.16,10275.411,6665.336000000001,11184.652
308,23127.038999999997,35509.563,12090.221000000001,6582.3189999999995,11706.453
309,23084.999999999996,35795.763,13068.879,6528.338,11843.909
310,23120.869,35929.937999999995,12347.240999999998,6491.553,11951.659
311,23054.809,33342.941,11772.863,6546.78,12086.947
312,22688.062,31085.4,10736.391,6537.621,11285.595
313,21080.758,29617.352000000003,9799.236,6580.2880000000005,10239.835000000001
314,20186.063,27878.639,9461.116,6569.052,9658.172
315,19866.841,26044.853000000003,9203.183,6564.764,9545.809000000001
316,19638.747000000003,24463.396999999997,9027.164,6572.511,9508.577
317,19787.129999999997,24289.275,8972.896,6594.004,9427.178
318,19190.394,25255.290999999997,8945.815,6626.679,9552.001
319,18039.097999999998,27647.401,9779.918,6899.079,9852.57
320,17596.044,31344.347999999998,11899.978,7317.580999999999,10297.37
321,17428.715,34870.780999999995,13047.165,7724.903,10295.158
322,16573.053,36912.803,13953.192,7964.763999999999,9968.187999999998
323,15258.431,39098.947,14757.594,8185.630999999999,9284.648
324,14947.547,39892.405,15305.439,8275.523000000001,8594.998
325,15123.621,40143.615,14451.295,8222.224,8778.023000000001
326,16603.296000000002,40346.377,14749.87,8293.561000000002,9691.093
327,18287.289,40442.251,13965.913,8176.282000000001,10565.394
328,20034.173,39378.181000000004,13512.877,7906.43,10626.016
329,22394.304,37154.450000000004,12834.649,7457.006,10917.039
330,22379.595,35226.547,11102.774,7065.178,11129.954
331,21983.533,35623.791,10199.43,6775.351000000001,11215.598000000002
332,23015.083000000002,37102.542,10676.179,6719.049999999999,11951.783
333,23332.131,37160.236,10549.342,6718.365,12427.133
334,23010.673000000003,36884.889,10345.984,6785.729,12272.697
335,22543.252,35352.028,10511.534,6813.5019999999995,11064.589
336,22214.19,32003.943,9882.371,6656.0689999999995,10298.811
337,20870.597,29719.11,9339.829,6532.311000000001,9835.4
338,19884.025,28323.087000000003,9110.96,6496.492,9246.673
339,19395.936999999998,27123.087,8865.133,6474.264,8979.882
340,18854.165999999997,25963.221999999998,8833.848,6473.244,8773.569
341,18765.380999999998,26295.335000000003,8563.381,6470.227,8758.35
342,18529.592,27261.644999999997,8333.281,6465.268,9065.432
343,18455.676000000003,28707.905,8896.278,6695.207,9354.47
344,18733.483,32494.605,10072.204,7073.437,9830.436
345,18240.179,35888.898,10717.79,7540.106000000001,10084.659
346,16770.439,37269.493,11359.753999999999,7932.481,10226.943
347,16455.266,37816.600000000006,12374.898000000001,8306.64,10615.694000000001
348,16113.383,38444.272999999994,13143.948,8490.963,10527.309
349,15713.698,37985.047000000006,13342.903,8520.19,10523.109
350,17449.375,37989.617,13991.865,8421.995,10535.801
351,20207.213,37872.517,13734.846000000001,8214.372,10471.773000000001
352,21970.978,37556.615999999995,13829.496,7707.344999999999,10250.764
353,22222.155,36317.381,13822.886000000002,7474.513,10885.511
354,22105.093,33160.207,12663.243999999999,7052.783,11550.565
355,23127.379,33371.669,11688.935,6749.431,11838.835
356,23999.054999999997,33537.126000000004,13431.048999999999,6669.187,12284.52
357,24191.748,33280.833,13931.933,6656.985000000001,12389.028
358,24205.697,32980.857,13709.077,6604.031,12428.081
359,24145.781,31843.508,12874.795,6608.865,12240.487
360,23851.19,29325.386,11349.966,6633.66,11940.468
361,22872.299000000003,27963.416,10241.925,6725.0779999999995,10434.373
362,22083.046000000002,26783.985,10156.716,6736.141,9027.106
363,21442.074000000004,25218.872,10127.987,6694.888999999999,8841.458999999999
364,20138.3,24975.768000000004,9579.306,6685.922,8806.868
365,20484.958000000002,24787.775,9310.021,6719.471,8824.847
366,20573.575999999997,25162.538999999997,9519.292,6746.437,8858.005000000001
367,20002.524,27768.027000000002,9409.873,6930.849999999999,9006.253
368,19948.626,31808.252999999997,10340.234,7329.669,9558.127
369,19469.874,35342.284,11763.503,7780.299,9913.864000000001
370,19400.762,37344.036,12837.844,8243.131000000001,9454.557
371,18671.029000000002,38366.343,13652.329,8556.423999999999,10281.428
372,17588.828,39319.466,14303.975999999999,8784.366000000002,10998.613
373,16038.336,38694.835,14437.623,8754.613,11021.336
374,16718.601000000002,40309.562,14588.771999999999,8594.38,10839.614000000001
375,17468.616,41243.588,14794.552,8398.908,11069.694
376,18324.734,42073.713,13669.579000000002,8010.128000000001,11477.181
377,19921.826,41140.594,12153.067,7598.835999999999,11913.706
378,20821.309,37968.234,10577.232,7133.701999999999,11950.162
379,21602.312,37797.172999999995,10263.477,6814.835999999999,11844.638
380,23130.827999999998,38067.509999999995,11364.916000000001,6729.331,12746.369999999999
381,23223.883,37522.261,11967.989,6737.639999999999,13024.229000000001
382,22187.788,37636.331,12013.778999999999,6748.888,12989.318
383,22685.824,35819.796,11725.004,6717.487000000001,12045.127
384,21664.528,33955.37699999999,10980.403,6734.011,11024.331
385,20968.212000000003,32607.837999999996,10626.089,6706.632,9044.510999999999
386,20219.509000000002,31519.424,10440.530999999999,6642.298,8054.817000000001
387,19950.406,29404.575000000004,10326.095000000001,6618.475,8006.707
388,19110.081000000002,27959.477999999996,10132.876,6622.941,8720.074999999999
389,19647.54,27366.904000000002,9668.935,6625.601000000001,8839.348
390,20627.854000000003,27572.822,9462.672,6653.164,8818.325
391,18807.062,30154.436,10642.452000000001,6949.609,9093.508
392,15623.536999999998,34857.047,13346.186,7501.529,9607.842
393,13774.177,38095.639,14928.84,8110.976,10743.114
394,14130.492999999999,38576.600999999995,14886.144,8604.512,11925.506
395,14882.295999999998,38866.25,15511.067,8903.701,12040.256
396,14208.357999999998,38701.50199999999,16313.107,9080.475,11539.324
397,13447.462,38821.119,16241.176,9041.121000000001,10760.845000000001
398,15467.122,39027.327000000005,16179.098,8835.034000000001,10775.209
399,18042.053,40002.285,15487.080000000002,8437.742,10619.752
400,19173.734,40309.241,14808.621000000001,8057.689999999999,10594.947
401,19922.797,39207.44,14067.152,7635.54,10820.828000000001
402,20344.404000000002,38377.067,12348.981,7134.827,10965.635
403,21136.612,38459.341,10910.699,6769.061000000001,11295.009
404,20933.851,41026.674,11650.722,6700.200999999999,11940.311000000002
405,19982.47,42101.999,11774.944,6712.017,11799.319
406,19906.869,41954.827000000005,10796.629,6716.4,12111.353
407,19690.431999999997,41099.259,10476.911,6714.656,11143.533
408,19739.089,38260.119,10385.297,6696.262999999999,10388.372
409,19609.985,35250.561,9606.678,6686.665,10169.335000000001
410,19411.65,32909.486000000004,8512.079,6709.9349999999995,9719.492999999999
411,19123.695000000003,31707.246000000003,8263.226999999999,6688.918,9057.258
412,17616.001,32806.864,8011.173,6707.551,7957.264999999999
413,16636.908,32976.890999999996,7772.710999999999,6712.645,7992.379
414,16343.842,32254.203999999998,7745.71,6775.039,8061.501
415,15114.416000000001,31392.077999999998,9798.685,7131.57,8301.408
416,12871.938,32745.327000000005,12973.853000000001,7664.147,8195.666
417,11108.396,34869.297999999995,14901.765,8266.014000000001,8486.583999999999
418,10443.755000000001,36561.329,14873.592,8731.031,8703.263
419,10695.632000000001,37360.649,15058.74,9021.904,8796.237000000001
420,11592.065999999999,36992.076,15654.113,9210.652,8518.903
421,11336.52,34997.602,16982.646,9338.607,8355.191
422,11266.117999999999,34992.326,16615.783,9221.738,8808.732
423,10976.189,35285.875,15880.065999999999,8770.02,9741.061000000002
424,11772.893,34174.475,15369.404,8219.226,10390.702000000001
425,14542.383,34108.492,13427.46,7625.263,10101.872
426,16624.786,34995.992,12106.217,7159.894,10142.005000000001
427,19654.773999999998,36458.276,10617.752,6796.302,10856.471000000001
428,20317.333,38239.55499999999,11723.981,6257.753,11898.992
429,19664.732,38793.424,12064.16,6093.501,12015.875
430,19403.496,37853.311,11966.75,6107.3240000000005,11707.069
431,20156.222,35946.106,11076.172,6101.075000000001,11600.490000000002
432,20405.589,33635.738,10287.027999999998,6107.154,11429.961
433,19369.248,31514.68,10563.167,5886.001,11132.329
434,17497.393,30213.190999999995,10470.248,5860.164000000001,10549.621
435,15451.170999999998,30940.549,10573.269,5871.5419999999995,9099.153
436,13868.987,30757.251000000004,10794.556,5865.264,8758.438
437,13446.426,29662.833,11096.422,5870.698,8793.145
438,13349.525000000001,28424.039999999997,10703.302,5961.6539999999995,8696.842
439,12747.185,27032.237999999998,11088.755000000001,6350.907,8825.517
440,11598.710000000001,27098.397,13534.582,6928.025,7895.923999999999
441,10725.621,27459.974,15214.735999999999,7551.246999999999,7992.081
442,10057.382,27448.419,16363.672999999999,8026.612,8229.102
443,10509.068,28210.824,16793.456,8330.163,8234.771
444,11122.544,29400.775,16420.414,8635.059,8657.322
445,11215.305,29731.91,16112.23,8735.565999999999,8752.585
446,11331.621,29221.136,15800.63,8632.345,8740.572
447,12319.343,28261.675,14977.917,8185.21,9314.21
448,14328.705000000002,26921.595999999998,15062.557999999999,7617.567999999999,9351.989000000001
449,16996.622000000003,27171.416999999998,14557.172999999999,7133.857,9002.259
450,18683.56,27821.258,13689.48,6533.551,9952.925
451,20495.299000000003,30188.807,12265.635,6175.264,11022.172999999999
452,22727.707000000002,31664.46,12567.982,6138.392,11382.405999999999
453,23110.492000000002,32219.386,13109.162,6128.295,11428.846000000001
454,22861.342,32184.663999999997,13439.652,6094.493,11489.724999999999
455,22415.841,31252.853000000003,13952.923999999999,6075.817000000001,11353.567000000001
456,22318.79,29484.518999999997,13278.518,6069.033,10919.439
457,21854.278,28182.986,12407.382,6064.450000000001,10248.169
458,21785.294,26997.295,10701.891,6096.566,9997.936
459,22095.719999999998,26248.167999999998,9496.144,6081.219,9593.794
460,22571.054999999997,25496.233,8557.389,6072.280000000001,9502.673999999999
461,22605.785,25366.746,8363.803,6078.207,9535.947
462,22571.969,25276.568,8823.419,6159.763,9477.153999999999
463,22060.933999999994,26143.589,10461.695,6523.767,9344.850999999999
464,21154.184999999998,28444.827999999998,13986.167,7152.186,9118.886999999999
465,19736.421000000002,31842.446,15644.045,7703.284000000001,9988.838
466,18140.521999999997,34405.455,16868.665999999997,8080.722000000001,9930.136999999999
467,18182.887,36095.975999999995,17330.793,8465.717999999999,9742.09
468,18122.460000000003,36983.124,17491.871,8705.984,9373.711
469,17835.547,37004.44,16843.55,8821.908,9105.225
470,18517.917,38520.771,17256.126,8644.489000000001,9568.419
471,19465.5,38875.987,17305.691,8410.321999999998,10294.408
472,20945.837,38565.898,16424.196,8232.651,10630.544
473,23376.535999999996,36454.909,14841.105,7748.821000000001,11926.493999999999
474,23949.832000000002,34541.684,12767.467,7310.789000000001,12138.182
475,23475.655000000002,33782.827,11816.008999999998,7362.968000000001,12020.037
476,23667.754000000004,35319.797999999995,13083.983,7549.588000000001,12965.385999999999
477,23965.775999999998,36030.189,13494.603,7260.198,13566.55
478,24095.456,36196.768000000004,13573.497000000001,7254.0869999999995,13646.715
479,24002.176000000003,35032.978,13526.192000000001,6943.03,13507.146999999999
480,23706.681,33108.677,12945.593,6133.719999999999,13402.241999999998
481,23418.059,30429.292,11734.565,6121.5380000000005,12823.302
482,23234.019,28676.219999999998,10746.828,6081.011,12127.528
483,22908.831,27765.137000000002,10525.536,6082.723,11036.917000000001
484,22728.840999999997,26869.920999999995,10403.578000000001,6062.279,10615.696
485,22750.966999999997,26915.191,10299.507,6046.974,10098.811
486,22618.415999999997,26959.975000000002,10328.327000000001,6137.6269999999995,10099.439
487,21456.989999999998,28053.269,11692.19,6544.807,10201.545
488,19389.786,31747.091,14406.678,7224.936,10497.977
489,17211.444,36165.278000000006,17000.868,7918.241,9926.68
490,16481.869,37766.337,18070.61,8500.268,9997.124
491,16866.107,39110.045,18647.994,8944.311999999998,10244.484
492,17244.825999999997,39742.561,18605.477,9043.511999999999,10312.220000000001
493,16753.877,39238.920999999995,18263.566,8898.846000000001,10262.135
494,17824.031,40167.630999999994,18307.486,8621.432999999999,11324.286
495,18765.631,40672.305,18052.868000000002,8219.722,11809.91
496,19717.123999999996,41359.338,16682.775,7706.273,12145.512999999999
497,21655.801,41289.101,14374.604,7177.784,12511.711
498,22714.107000000004,39130.848000000005,11792.375,6704.723,12747.858
499,22649.466,38663.956,10629.558,6475.055,12646.650999999998
500,23211.454,39900.993,11990.548999999999,6526.989,13276.091
501,23522.161000000004,40843.015,12445.287,6560.034,13398.347
502,23627.951,41095.436,12694.481,6561.232,13396.041000000001
503,23611.305999999997,39781.575,12368.305,6419.584999999999,13216.504
504,23528.025999999998,36663.505,11456.527999999998,6277.674,12812.702000000001
505,23057.800999999996,34696.93,10711.723,6166.521,11914.253
506,22513.065,33565.218,9607.349,6155.242,10867.006000000001
507,22250.408,32620.693000000003,9129.806,6128.187,10034.074999999999
508,22142.84,31264.911,8834.577000000001,6090.079,10074.844
509,22090.484000000004,30351.900999999998,9101.873,6078.735000000001,10123.499
510,22075.547,29645.331000000002,9893.871,6145.419,10026.241
511,21534.128,30396.766999999996,10880.057999999999,6503.1179999999995,10279.329
512,18683.494000000002,34727.304,13174.944,7140.314,11350.097
513,18017.404000000002,38508.424999999996,14378.439,7840.793000000001,11723.612000000001
514,16577.16,40783.475,15749.350999999999,8444.805999999999,11530.171999999999
515,16148.543000000001,42714.081000000006,16819.120000000003,8839.871,11170.436000000002
516,16255.435,43361.74799999999,17240.095,9064.328000000001,11220.57
517,16163.767,43172.161,16394.762000000002,9048.613000000001,11283.659
518,18061.066,43675.06800000001,16643.419,8728.594,11815.363
519,19088.584000000003,43459.358,17115.368,8286.890000000001,12527.23
520,18775.427,44536.464,16411.394,7690.985000000001,12726.960000000001
521,19576.755,43627.377,14905.162,7264.996,13785.400000000001
522,21270.559999999998,40624.857,12077.42,7134.415,13699.65
523,22328.688000000002,39505.046,9811.226999999999,6825.2210000000005,13518.226999999999
524,22797.18,41190.208,10534.971000000001,6624.429,14092.836
525,23022.809999999998,41448.962,11141.208,6468.371,14140.576000000001
526,23021.666999999998,42289.694,11161.262999999999,6536.513,14127.89
527,21632.939,41909.936,11445.234,6318.752,13989.498
528,18980.028000000002,40046.853,12392.2,6123.241,13042.1
529,19179.401,36608.168999999994,11073.643,6035.31,12640.519
530,18688.419,35656.501000000004,9829.069,6020.698,11439.8
531,17511.404,35126.099,9597.77,6035.665,10427.204
532,16988.339,35010.682,8738.392,6029.993,10148.61
533,16115.357,35075.588,8712.832,6025.031,10139.855
534,15806.328000000001,35233.261,8788.206,6057.072999999999,10284.244
535,15685.634,34771.9,10872.738000000001,6412.705,10368.817
536,15970.545,35630.022000000004,13985.567,7039.941,11310.195
537,16084.982,38514.265,15313.576,7770.633000000001,11675.657
538,16434.746,39280.433999999994,15945.597000000002,8414.68,11636.42
539,17200.168999999998,39240.405,16069.052,9126.009,12162.726
540,17481.450000000004,39673.558000000005,15921.211000000001,9635.663999999999,12049.035
541,17520.963,39482.00199999999,15206.358,9954.599,11784.746
542,17644.747,41980.079,15377.319,9817.937,12198.698
543,18089.601,42520.607,15440.815,9893.906,12509.189000000002
544,18492.647,42718.66499999999,14544.649000000001,9667.005000000001,12707.32
545,19675.84,42199.731,13811.494999999999,9146.701000000001,13001.130000000001
546,18903.334,39943.448000000004,12797.301,8652.76,12744.458999999999
547,19151.913,38457.566,10895.38,8286.625,12686.858
548,20135.142,39805.564,11235.068,8372.233,13045.012999999999
549,20450.319,39900.386,11641.27,8486.172,13024.738
550,20489.165,40189.115000000005,11457.538999999999,8575.774000000001,12891.016
551,20376.723,40245.722,10623.448,8348.701000000001,13238.687
552,20408.380999999998,38576.96599999999,10885.91,7197.862,12391.170999999998
553,19074.074,37312.608,10758.632,6583.053,11469.505000000001
554,17646.789999999997,36926.711,10136.632,6561.891,10274.202000000001
555,17410.807,35774.317,9469.764,6467.308,9674.797999999999
556,16864.342,35582.604,8125.812999999999,6407.705,9618.093
557,16603.845,35465.189,8009.408,6350.352,9564.624
558,16150.798999999999,35215.16,8316.766,6553.241,10065.823
559,15108.326999999997,35171.155999999995,10329.157,6957.438,10545.583
560,14769.229,36961.137,13569.938000000002,7263.741999999999,11070.428
561,15604.291000000003,39238.873999999996,14978.559000000001,7698.071,11617.636999999999
562,16244.224999999999,39894.490000000005,16134.587,8324.846,11527.592999999999
563,16863.279000000002,40337.076,16620.243000000002,8786.589,11249.455
564,17210.719,40716.490000000005,17051.679,8993.971,11335.329
565,17158.98,40073.396,16688.404,8924.211,11065.944
566,18199.939000000002,40575.308,17171.284,8729.28,12087.492
567,19246.899,41121.397,15754.448,8398.819,13298.998
568,19049.476,39925.011,16705.667999999998,8146.485000000001,12749.272
569,18862.334,38750.356,16594.642,7982.545999999999,11681.931
570,19199.410999999996,37139.116,14873.268,7887.044,10665.355
571,20748.352000000003,37114.988,12277.960000000001,7502.257,10900.43
572,21820.268999999997,37757.872,12446.15,7473.619,12291.954
573,21895.796,38138.106999999996,12569.717,7150.151,12400.799
574,21918.520000000004,38231.687999999995,12516.0,7140.768,12160.098999999998
575,22000.055,38519.555,12352.56,6552.795,11800.099999999999
576,21442.680000000004,37397.574,11430.586,6268.937,11635.166
577,20771.235,35098.24,10535.948,6330.634,11278.332
578,19821.492000000002,33687.549,9829.189,6476.965,10532.029999999999
579,18921.271000000004,33412.198,8503.296,6478.8060000000005,10044.063
580,17688.489,33635.138,7214.783,6534.92,10018.260999999999
581,17118.74,33352.021,7046.064,6705.840999999999,9813.484
582,16371.957999999999,32989.78,7022.389,6770.057999999999,9771.384
583,14542.256,32692.750999999997,8686.857,6974.705,9643.679
584,13725.428,33202.34,10377.264,7611.522,9697.735
585,14560.338,33590.457,11082.726999999999,8231.146,9848.347000000002
586,15167.73,33910.909999999996,12038.271,8829.957,9918.132
587,15435.592,34600.377,12454.711,9272.279,9564.634
588,15399.81,34464.693,14255.793000000001,9525.209,8380.326000000001
589,15114.664,33611.442,15463.798,9471.162,7385.129
590,14978.576,33629.676,15815.727,9246.721000000001,6970.297
591,15392.618999999999,33294.875,15462.489,8982.660000000002,7430.743
592,15622.486000000003,32627.586,14671.392,8541.376999999999,9144.514
593,16173.514000000003,32513.367,13877.009,7954.875,10615.471
594,17814.858,33675.212,11750.108999999999,7401.726000000001,11361.532
595,19093.703,35638.687,10866.504,6938.595,12005.658
596,19837.24,36996.471,11455.465,6884.888000000001,13013.249
597,19690.774,38062.276,10330.106,6915.343999999999,13168.032
598,18640.42,37707.862,10209.926,6977.734,13103.237000000001
599,18054.407,37224.161,10201.702000000001,7032.065,11782.506000000001
600,17824.29,35952.962999999996,9310.461,6976.532,11427.959
601,17174.521,34161.006,8240.974,6997.531,11306.389
602,16643.972,32912.89,7453.938,6979.348,10904.318
603,16038.3,31966.512000000002,6999.6849999999995,6967.455,10556.401
604,16024.271999999999,31177.775,6419.608,6959.971,10084.283000000001
605,15573.286,31156.217999999997,5921.4169999999995,6969.845,9836.189
606,14951.105000000001,30329.214,5932.503,7114.587,9376.848
607,12458.510999999999,30620.791,7808.967000000001,7381.474000000001,7729.163
608,10885.347000000002,30246.245999999996,10865.116,7926.004000000001,6504.91
609,10452.610999999999,29861.295,11882.74,8663.003,6425.968000000001
610,10732.44,29238.746999999996,12952.91,9261.41,6364.308999999999
611,11292.853000000001,28878.317,13587.503,9683.285,6493.841
612,11790.610999999999,29376.135000000002,14242.115,9817.356000000002,6635.241
613,11866.034,29727.57,14657.325,9776.719,6589.838
614,11737.427999999998,29735.074,14529.946,9566.317,6667.969
615,11679.843,29453.714,13846.548,9160.862,7559.030000000001
616,12732.228,28363.17,13877.670999999998,8813.130000000001,8590.805
617,14554.046999999999,27424.847999999998,13300.963,8351.791,9632.806
618,16680.007,28332.461000000003,11723.542000000001,7837.7660000000005,11029.675
619,18519.096,31173.39,9772.753,7504.717,11899.208999999999
620,18702.954999999998,34391.129,9996.856,7433.339,12311.216
621,18823.405000000002,36049.254,9322.007,7427.457,12499.317
622,18913.942,36582.204,8891.851999999999,7418.360000000001,12124.398000000001
623,18691.791999999998,36301.32,8668.483,7421.408,12037.698
624,18069.664,34133.868,8268.971,7514.673,12015.522
625,18178.864999999998,32330.062,7190.487999999999,7518.271000000001,11502.132
626,18228.561,30110.855000000003,6967.876,7510.655000000001,10982.760999999999
627,17645.524,29235.362,6845.274,7516.524,10563.476
628,17621.297000000002,28247.949999999997,6854.243,7503.264000000001,10286.804
629,17620.215,28145.497,6857.463,7508.35,10126.159
630,17615.809,28765.012,6877.227,7538.972999999999,10396.516
631,16867.058,29578.622000000003,8530.636999999999,7795.652,10827.108
632,16542.84,30468.386,12594.026999999998,8367.242,11681.333
633,16864.847,31783.906,15672.427,9056.604000000001,12394.145
634,17366.881999999998,32947.06,16964.479,9613.920999999998,12187.53
635,17586.05,33415.307,17536.339,9861.968,11789.872
636,17605.477000000003,33425.267,17504.549,9979.448,11501.411
637,17721.764,33301.096,16761.926,9955.608,10910.078000000001
638,18117.547000000002,35440.879,16768.059,9724.320000000002,11456.126
639,18415.278,38434.843,16286.608,9459.952,12035.204000000002
640,19552.429999999997,39479.753,16365.411,9119.838,11960.918
641,21284.688,38230.263,14390.11,8438.52,12255.407
642,21922.490999999998,35409.66,12021.662,8122.191000000001,12749.238000000001
643,21885.125,34924.752,10335.896999999999,7795.249000000001,13166.176
644,22417.184000000005,36779.132,11315.616,7682.904,13297.574
645,23005.681,37160.099,11374.911,7691.544,13217.402000000002
646,23090.060999999994,37581.537,11484.208,7685.023,13107.267
647,22985.939000000002,36092.691,10734.864,7689.360000000001,13022.671
648,22568.371,33918.432,8998.547999999999,7688.392,12959.634
649,21838.343,32009.128000000004,8516.237000000001,7682.603999999999,11862.151
650,21551.621,30254.161,7912.406000000001,7604.513999999999,10732.842
651,21363.71,28328.356,7424.135,7622.404,10282.578
652,21290.773,27148.102,7227.165,7644.1669999999995,10160.075
653,20990.997999999996,27107.012,7383.5,7638.98,10052.16
654,20718.944999999996,27893.565000000002,7643.484,7694.279,9988.053
655,19401.385,29963.966000000004,8383.536,8026.75,10302.053
656,16687.387,33207.08,12277.518999999998,8682.118,11030.277
657,16072.312999999998,35125.872,14622.231,9431.284,11827.899
658,16508.771,35338.181,15642.157000000001,10072.592,11872.722
659,16797.031,35719.881,17108.876,10468.254,11367.176
660,16947.914999999997,35947.694,17580.058,10625.866,11055.456999999999
661,16742.552,35238.378,16927.07,10513.214000000002,10466.467
662,16741.195,37192.68,16389.429,10224.492000000002,10925.981
663,16934.663,39904.864,15230.365000000002,9794.696,11777.375
664,17896.996,40740.44,15020.473999999998,9208.271999999999,12155.972
665,20601.362,38962.42999999999,14783.07,8584.135,12222.254
666,22213.013999999996,36072.734,12736.325,7724.889,12121.19
667,22366.681000000004,35890.176,10783.056,7314.886,13000.969000000001
668,22708.627,37985.594,11745.874,7296.888,13335.142
669,22409.681,38938.820999999996,11995.198,7389.656,13426.052
670,22521.155,38812.11,11977.897,7493.497,13438.812000000002
671,22167.692,37508.631,11207.091,7547.4349999999995,13280.846
672,21959.176,35314.445999999996,9726.237000000001,7580.134,12617.354
673,21753.67,33404.259,8348.671999999999,7645.034000000001,11728.3
674,21217.152000000002,32201.769999999997,8083.111999999999,7628.200999999999,10172.641
675,20601.274000000005,30401.608,8051.682,7651.63,9744.025
676,19694.677,30520.352,7519.314,7641.0599999999995,9473.44
677,17982.879,31535.978999999996,7414.585999999999,7632.973,9419.139000000001
678,18119.117000000002,31983.74,7561.547,7684.477999999999,9521.461
679,17680.929,32472.449,8969.314999999999,7932.369,9774.423999999999
680,15855.505000000001,35434.316,12110.015,8495.840999999999,10575.339
681,15958.284000000001,37304.254,13284.367,9149.308,11746.432999999999
682,16480.803,37691.666000000005,14654.295999999998,9598.989,11726.268
683,16838.057,37654.376000000004,15530.629,9867.168,11616.766
684,16852.142,38374.609000000004,15768.911,9761.679,11391.908
685,16793.144,38467.007,14973.510999999999,9616.775,10693.908
686,16998.874,41272.399,14271.091999999999,9332.046,11404.068000000001
687,17891.332,43417.067,13626.487000000001,9057.026,12085.051
688,19316.197,43079.953,13192.769,8668.635,12211.491000000002
689,21681.263,40046.322,12656.646,8206.874000000002,12182.512999999999
690,22539.524999999998,36559.541000000005,11270.327000000001,7729.893,12297.14
691,22118.991,35878.036,10505.556,7449.652,12485.101999999999
692,21911.759000000005,37962.656,11910.786,7348.769,12641.401
693,20913.986,39248.462999999996,12184.275,7354.3,12641.270999999999
694,20869.302999999996,39633.567,11768.207,7365.405,12539.286
695,21596.338000000003,38239.678,10130.662,7395.146999999999,12306.965
696,20972.020999999997,36466.003,8921.249,7373.942000000001,11342.350999999999
697,19844.715,34920.751000000004,7912.304,7322.8460000000005,10192.626
698,20191.556,32313.784,7320.116,7315.3279999999995,9743.229
699,20319.364,29969.595999999998,7084.75,7265.984,9526.356
700,19852.895999999997,29245.77,6893.548,7291.9400000000005,9390.609
701,19124.055,29634.511999999995,6902.64,7284.352,9383.852
702,17837.765,31474.678,7191.465999999999,7317.314,9397.647
703,17675.650999999998,31784.108000000004,8716.853,7565.259,9543.851
704,17568.381,33906.56,11268.260999999999,8071.222,9852.168
705,16863.940000000002,36784.198000000004,13086.451000000001,8711.717999999999,10005.076000000001
706,16245.764000000001,37849.186,14586.246,9254.220000000001,10244.748
707,16563.949,38318.828,15380.571,9597.788,10454.044
708,16811.258,37498.955,16089.847,9807.187999999998,10315.312
709,16757.759000000002,35460.412,16186.803,9727.85,10039.323
710,16924.816000000003,37437.899000000005,16545.534,9253.288,10239.695
711,17651.934999999998,39084.454,16311.118,8829.135,10643.8
712,19076.025,39292.683000000005,15141.578,8531.742,11338.048999999999
713,20923.603000000003,38514.818,13987.086,8052.595999999999,11340.801
714,22159.757,35943.201,11586.66,7583.459999999999,11801.594000000001
715,21901.707000000002,35091.912,11070.798,7330.294000000001,12528.868
716,21369.05,38281.004,11475.871,7235.418,12849.695
717,20951.433000000005,39619.520000000004,11067.985,7236.267,12830.030999999999
718,20776.559999999998,39938.598,10568.977,7214.871,12712.774000000001
719,20777.379999999997,38747.931,9624.632000000001,7248.995,12144.085
720,21031.606,35512.856,8755.311,7254.253,11597.931
721,20959.253000000004,32988.678,7815.028,7273.729,10609.792000000001
722,20599.031000000003,31043.138,7109.063,7277.9529999999995,9953.533
723,19046.273,30518.561,6994.677,7284.206,9804.067
724,18579.721999999998,30068.117,6978.038,7255.218,9695.278
725,18032.737,30810.899,6993.942999999999,7259.219000000001,9570.712
726,17882.222,31790.902000000002,7187.346,7375.218,9608.87
727,17776.14,31605.123999999996,8373.484,7558.536999999999,9874.093
728,17592.267,32944.799999999996,10708.381000000001,7788.564,9888.144
729,16963.889,34391.234,12849.236,7984.78,9614.204000000002
730,16669.375,33846.145,14254.007999999998,8016.94,9400.062
731,16554.942000000003,34491.801999999996,15054.701000000001,7756.484,9316.329
732,16380.071999999998,33861.672,15277.334,7857.009999999999,9548.848
733,15683.14,32535.042,15325.634999999998,7866.465999999999,9731.165
734,16583.815000000002,35388.456,14186.934,7726.472,9944.096
735,16975.54,38447.75199999999,12988.208,7585.65,10262.978000000001
736,17845.485,38507.271,12787.681,7328.561,10927.942
737,19389.467999999997,38072.612,11985.065,7114.994000000001,10941.407
738,20459.033,36737.935,10870.483,6956.635,11510.039
739,20319.978,37509.43,10700.234,6961.741,12179.946
740,19709.304,39919.181000000004,12138.715,6968.321,12453.003
741,18887.530999999995,39762.759,12758.675,6940.316000000001,12749.904999999999
742,18851.695,39113.827000000005,12678.966999999999,6936.238,12830.386
743,18677.339999999997,37796.895000000004,11971.933,6969.015,12598.024000000001
744,18487.386000000002,36840.682,10867.945,6972.335,11381.237
745,18295.839999999997,34896.328,9597.783,7054.635,10797.106
746,18283.082,32544.963,9246.806,7045.111,10117.142
747,17927.869,30863.035,8796.382,7025.226000000001,10042.675
748,16519.74,30314.921000000002,8785.233,7033.071,10034.722
749,16017.744,30049.091,8835.261,7036.575,9963.825
750,15824.705,29432.243000000002,8915.811,7080.660999999999,9989.431
751,16036.007,27829.205,9152.975,7389.024,10216.661
752,15443.115999999998,28577.269000000004,10332.866,7818.031000000001,10478.163
753,14457.052,30407.233,11761.845000000001,8399.020999999999,10069.626
754,14165.448,30075.359,13435.898,8910.746,9617.594000000001
755,13490.33,30621.038,14355.686,9164.985,9410.826000000001
756,12864.054,31224.438000000002,14876.512999999999,9485.369999999999,9025.283
757,12694.347000000002,30200.032000000003,15173.55,9474.658,8790.107
758,13392.189,29796.777000000006,15338.220000000001,9085.45,8952.038999999999
759,13878.021999999999,30349.158,15056.474000000002,8793.618,9597.705
760,14394.677000000001,31226.716999999997,14199.344000000001,8361.727,9987.545999999998
761,14073.356999999998,33749.072,11993.907,7838.951,10869.803
762,15682.257000000001,34865.364,10896.007,7393.515,10941.96
763,16807.076999999997,35899.611000000004,11710.367000000002,7147.342000000001,11581.063
764,17234.726,37600.918999999994,12631.326000000001,7070.297,12491.3
765,15923.56,38407.787,12325.744999999999,7074.944,12838.288
766,15311.114999999998,38075.481,11542.833,7061.8279999999995,12494.812
767,15082.323,37208.975999999995,10596.342,7045.679,11760.879
768,15795.329,35246.438,9947.545,7039.539,10709.501
769,15329.917,33823.51700000001,8987.825,7010.008,10147.442
770,15186.543999999998,31507.194,8807.436,7005.844000000001,9907.441
771,15142.800999999998,29451.257,8757.69,7005.782999999999,9798.902
772,14898.271,28488.565000000002,8346.637,7009.125,9806.559000000001
773,15103.656,28062.694000000003,8239.332999999999,7024.999,9028.515
774,14927.314999999999,27839.615,8223.967999999999,7078.237999999999,8085.07
775,13800.11,26333.239999999998,8417.198,7302.106999999999,8455.293
776,11823.305,27035.746000000003,9376.387999999999,7691.841,8616.859999999999
777,10218.136,27631.862,11044.948,8024.812,7915.6990000000005
778,10051.613,27834.006999999998,12364.520999999999,8314.436000000002,7240.879000000001
779,10423.386,27996.722999999998,13726.593,8532.420999999998,7236.691
780,10845.578,27969.482,14389.423,8962.961000000001,7500.544
781,11021.621000000001,27995.718,14881.989999999998,9171.789,7541.352
782,11208.023,28459.733999999997,14389.375,8986.899,7888.583
783,12108.425,29334.391000000003,12810.42,8749.65,8565.751
784,12876.422999999999,29779.739,11910.309,8435.418000000001,8968.811
785,13828.863000000001,31650.349000000002,11511.194,8029.276000000001,8857.353
786,16759.296000000002,32203.545,9499.354,7470.704000000001,10096.617999999999
787,18797.155,33842.76,9177.867,7152.231,11327.105
788,18792.141,35836.71,9855.238,7074.561,12659.098
789,18438.028,36432.255000000005,10620.394,7079.084,12869.073
790,17373.666999999998,37027.335999999996,11103.901,6963.576999999999,12342.627
791,16956.74,37008.334,11070.761,7029.736,11017.304
792,16946.719999999998,35396.151,10013.69,7078.636,10461.877999999999
793,16288.483000000004,33850.103,9175.868,7067.205,10132.247
794,16265.17,31318.093,9587.341,7062.549,9918.978
795,17983.826999999997,28391.741,9211.205,7060.962,9785.056
796,17939.258,27712.502,8863.01,7059.144,9701.280999999999
797,17684.276,28027.42,8813.744,7058.652,9616.270999999999
798,17646.342999999997,29455.476000000002,9011.690999999999,7086.252999999999,9559.881
799,17244.339,30592.23,10087.526,7380.155000000001,9880.534
800,16279.781,33242.583999999995,12079.978,7862.403,10689.359
801,17542.143,33839.952999999994,14127.452,8402.123,11324.631
802,17800.679999999997,33635.254,16198.010999999999,8992.811000000002,11397.114
803,18115.478,34546.614,17102.168,9382.105,11504.356
804,18382.921000000002,34684.565,17228.006,9516.720000000001,11401.917
805,17806.248000000003,33083.066,16645.391,9401.065,11406.953
806,18405.686999999998,35595.785,17153.357,9327.107999999998,11531.355
807,19488.962,37102.788,16930.992,9096.249,11801.962
808,20044.271,37783.697,15844.318,8591.298999999999,11774.324
809,19900.736,38943.307,14401.815999999999,8045.806,12291.756000000001
810,20496.665,37961.731,12057.504,7367.138,12570.818
811,20861.724000000002,38397.969,10539.776,7037.561,12792.699
812,20873.189,40547.895000000004,12613.535,6948.255,13048.119999999999
813,21094.603000000003,40778.118,13319.755,6909.9,13227.665
814,21141.558,40076.403999999995,13951.360999999999,6900.052,13354.08
815,20952.43,39722.531,11846.977,6915.959000000001,12906.999
816,20289.312,38088.487,10303.242,6909.227000000001,11781.296
817,18942.362999999998,37327.769,9471.176,6852.581,10300.546
818,18999.082000000002,33886.863000000005,10165.331,6863.183,9509.543000000001
819,19174.094999999998,31420.790999999997,10056.457999999999,6839.0470000000005,9475.497000000001
820,19053.638,30188.306000000004,9873.323,6845.043,9471.894
821,19110.799,29510.962,10227.206,7015.207,9465.625
822,19045.908,30289.884,10569.776,7085.378000000001,9482.973
823,17268.264,31463.263,12050.951000000001,7452.482999999999,9801.562
824,16346.325,31659.201,16067.171,8023.321,10377.956
825,16802.145,32795.071,17406.498,8684.398000000001,11054.765000000001
826,17396.832,33301.689,17561.896,9300.067000000001,11558.695
827,17896.409,34973.635,17736.947,9742.515,11511.208
828,17883.078,35616.990999999995,18156.956,9915.285,11535.321
829,16909.951999999997,35432.219,17776.21,9834.833000000002,11555.008000000002
830,17674.327,37112.558999999994,18474.947,9574.953,11364.705
831,18830.334,37922.172,18300.788,9267.11,11652.55
832,19047.913,38527.168000000005,17865.327,8760.295999999998,11776.297
833,19469.261,38444.968,17450.869000000002,8573.314,12008.248
834,19307.346999999998,37634.318,14939.278999999999,8357.382,12221.854
835,19918.086,38048.21399999999,12605.564,8032.3099999999995,12303.982
836,20152.155,40427.460999999996,13752.594,7910.681,12736.601999999999
837,19890.804,41312.817,14067.101999999999,7883.518,12844.753
838,19976.849000000002,41112.894,14024.274,7837.683999999999,13162.940999999999
839,19803.538,40120.112,13922.694,7304.052,12874.920999999998
840,19338.237,37653.746,12735.335000000001,6989.812,12328.259
841,18835.175000000003,36001.795,11385.507,6968.999,11282.68
842,18354.777,34531.149999999994,10430.4,6957.862999999999,10345.975999999999
843,17994.132999999998,32955.676,10059.705,6948.733,10004.213
844,17579.824,31897.837,10114.429,6952.084,9939.701000000001
845,17906.661999999997,31667.400999999998,10085.211,6953.817000000001,9675.524
846,18429.26,31767.768,10973.178,6997.13,9694.236
847,18466.046,31499.047999999995,12828.622000000001,7356.406999999999,9620.936
848,18172.771999999997,32268.069,15320.822,7953.742,9737.389
849,18380.079999999998,34161.409,17602.512,8638.940999999999,10041.477
850,18465.226,34618.652,18952.038,9205.057,10359.564
851,18777.493,35090.123,19366.904000000002,9618.219,10888.273
852,18520.385000000002,35991.262,18779.208,9795.903,11158.578000000001
853,17504.642,36593.225,17795.55,9724.582,11314.238
854,18660.790999999997,37995.628,18087.932,9328.062,11744.259999999998
855,19220.893000000004,38534.603,18549.881999999998,8911.584,12265.367
856,19806.122,39361.444,18256.291,8434.279,12020.850999999999
857,20401.938,39613.975,17391.051,7946.144,11686.413
858,20074.397,38075.909,15043.719,7537.526,12472.149
859,20578.448,37999.085999999996,12286.612,7418.371999999999,13295.217
860,21278.395000000004,40046.667,13336.607,7438.251,13203.766
861,20566.562,41139.138,13714.822,7453.5,13105.844
862,20300.745,41539.919,13506.947,7481.161,13092.944
863,20084.988999999998,40876.710999999996,13551.555,7232.195,12725.849
864,19933.385,39192.177,12140.248,7086.129,11759.32
865,18664.419,37794.116,11181.966,7054.341,10559.613
866,17824.655,35336.277,10926.596,7064.383,10182.355
867,18190.337,32805.626,10286.015,7080.914999999999,10250.952
868,18298.789,31521.514,9870.635999999999,7064.137,10246.498
869,18192.092,31485.155,9710.608,7059.975,10021.616
870,17989.64,32829.729,9770.612000000001,7098.127,9878.405999999999
871,18285.719999999998,32509.442,11767.705,7400.967000000001,9987.985
872,18520.756999999998,32672.17,15041.628999999999,7890.286999999999,10187.336000000001
873,18780.452,34860.737,16982.27,8496.866000000002,10803.09
874,18785.251,36475.911,17098.046,9074.67,10654.615
875,19146.882,36543.7,17936.189,9513.977,10758.735
876,19068.916,35987.146,18160.942,9751.605,11113.532
877,17753.778,35907.084,17481.638,9757.192,10836.68
878,17538.575000000004,37567.126000000004,18286.412,9559.971,11670.028
879,17854.523,40237.95300000001,18066.583,9198.416,11937.037999999999
880,18157.142,39190.527,18119.892,8694.613,13002.841
881,18702.509000000002,38951.475,17455.558,8098.414000000001,13256.918
882,18585.696,39169.623,14754.184000000001,7424.705,13296.646
883,18682.07,39996.787,12933.196,7097.338000000001,13410.189
884,19879.888,40568.756,14173.613,7022.0,14299.699
885,20109.074,40899.382,14494.342,7035.355,14413.866
886,20398.757999999998,40929.23,14133.612000000001,7030.049,14422.023000000001
887,20572.504,39536.115999999995,13454.979,7036.488,13839.427
888,19970.38,38866.936,12258.011,7078.239,12031.781
889,19093.796,37130.323,11178.825,7018.627,11444.52
890,18409.776,34729.359000000004,10569.453,7002.602,10903.751
891,18232.462,33106.676,10682.363000000001,7011.04,10180.43
892,17786.643,32017.797,11276.484999999999,6943.022999999999,9259.851
893,18071.143999999997,31525.827999999998,10967.965,6961.031000000001,8969.354
894,17948.636000000002,33051.159999999996,10836.186,7019.603,9233.591
895,17483.932,33697.898,12300.262999999999,7321.682000000001,9395.111
896,17600.436,34064.234,15059.723000000002,7908.63,9645.742
897,17255.024999999998,35806.461,17652.838,8643.144,10261.054
898,17118.231000000003,36820.724,18931.335,9313.898000000001,10131.098
899,17354.958000000002,38107.537,19487.36,9725.359999999999,10312.796
900,16743.879,39408.424,19512.767,9903.431999999999,10545.456
901,15713.545,38961.627,18151.858,9846.938999999998,11123.856
902,16452.747,40526.997,18217.261,9630.767,11922.859
903,17473.977000000003,41762.205,18230.426,9275.834,13089.234
904,18472.628,40657.796,17828.892,8713.939,13241.079000000002
905,19244.131999999998,39492.237,16715.322,8142.717000000001,12977.369
906,19345.387000000002,38160.304000000004,14281.349999999999,7514.517999999999,13131.871
907,18956.628,39050.813,12776.923999999999,7072.546,13747.552
908,19587.469999999998,40920.383,13134.538,6942.262,14442.111
909,20009.905,39996.967,13366.602,7011.437,14514.212
910,20105.541,40319.94900000001,12504.297999999999,7004.79,14467.394
911,20030.485,39667.258,11439.448999999999,6989.861,13934.713
912,19691.84,38626.979999999996,10811.044,7199.558999999999,12488.236
913,19468.178000000004,37008.12,9755.091,7399.592000000001,11534.077
914,18709.100000000002,35626.426,9490.164,7553.945,10426.823
915,18216.77,33571.295999999995,9409.310000000001,7715.844,10443.268
916,17439.841,32459.220999999998,9339.038,7803.218,10336.76
917,16843.984,31844.542,9423.698,7813.702,10248.9
918,16344.926,30974.988,9732.757000000001,7856.505,10100.269
919,15451.371,29922.843,9912.626,8205.598,10429.564
920,14319.74,31161.385,11441.223999999998,8868.151000000002,10134.649000000001
921,13005.118,33255.029,13076.617,9586.432999999999,9619.081
922,12830.363,33460.719,14205.667000000001,10062.561,9217.372
923,13057.753,33743.821,15167.147,10364.146,8943.663
924,13215.805999999999,34627.847,15515.043000000001,10570.044,8389.435
925,13160.384,34883.894,15569.613,10568.547999999999,8121.652
926,13880.829,34781.58,14756.041,10429.682,8577.552
927,14368.388,34836.769,13265.575,10089.441,9922.385
928,14707.022000000003,35052.7,12316.083999999999,9589.46,11008.265
929,17089.061,34834.61,11404.198,9002.827,11169.994999999999
930,17815.924,36827.273,10650.292,8362.031,11035.408
931,18123.102,38792.653,11535.298999999999,7930.267,11802.621
932,18303.528,40326.988,12924.810000000001,7812.805,12808.524000000001
933,18405.771,40007.042,12571.027,7809.03,13098.743999999999
934,18151.289,39570.100000000006,12151.407,7817.382,12593.012
935,18077.968999999997,38630.652,11095.476999999999,7829.772999999999,12216.161
936,17868.093,37461.173,10344.896,7820.816,11687.948
937,17334.894999999997,36231.272,9630.81,7355.246999999999,11126.436
938,17576.934,34075.077,9629.117,7350.686,10117.772
939,17364.206000000002,32313.571000000004,9568.66,7350.1320000000005,9745.653999999999
940,16667.593,31111.411,9262.399000000001,7349.519,9721.675
941,16001.255,30839.341,8847.433,7359.206,9763.383
942,14563.659999999998,30408.367,9084.484,7377.5830000000005,9773.019
943,13347.907,29437.273999999998,9066.067,7575.085,9648.306
944,12904.217,29733.353,10185.628,8030.12,8727.508
945,12992.801000000001,28679.811999999998,11111.136999999999,8698.39,8000.360000000001
946,13120.083,28011.612,11627.412,9284.948999999999,7882.1990000000005
947,13568.529,27586.092,12350.201000000001,9708.66,7509.863
948,13763.124,28262.208,12863.956,9975.308,7581.261
949,13791.873000000001,28594.620000000003,13228.137,9907.986,7584.227
950,13778.939,28821.843,13207.842,9533.690999999999,7498.8330000000005
951,13523.492,29590.165999999997,13482.504,9013.761,7332.405000000001
952,13631.913000000002,30723.962,12843.918000000001,8483.387999999999,8189.273
953,14782.308,32104.667999999998,11019.855,8114.986,9668.411
954,16546.022,34181.634000000005,9620.994999999999,7709.749000000001,11393.172
955,17720.222,36292.326,9207.476999999999,7513.874,13074.661
956,18399.673,38029.282999999996,11386.778,7492.141,13939.723000000002
957,18399.095,38780.130000000005,12498.898000000001,7474.352000000001,13846.871
958,18994.750999999997,38460.613,12699.704,7473.8550000000005,13506.413
959,19199.378999999997,37335.099,12336.048999999999,7462.224,13569.963
960,19103.683999999997,35383.773,11101.719000000001,7449.303,13484.75
961,18729.074000000004,34693.164000000004,10084.316,7584.5419999999995,11595.793999999998
962,17976.932,32958.865999999995,10326.195,7283.522,10708.177
963,17790.499,31948.91,10152.82,7189.757,9931.307
964,17768.327,31162.618,10058.646,7081.735000000001,9599.514
965,17649.506,30080.647,11019.067000000001,7067.109,9501.676
966,18001.23,30928.541,11505.364,7067.776,9530.465
967,18233.917999999998,31136.714,12784.969,7405.499000000001,9874.499
968,17804.426000000003,32198.876,15852.131000000001,8004.171,10302.077000000001
969,17963.334,35189.153,17024.554,8644.697,10988.848000000002
970,18318.158,36771.158,17172.95,9123.163,11296.69
971,18879.163999999997,37459.056,17721.727,9586.751999999999,11458.546999999999
972,19088.113,37387.814,18071.697,9907.545999999998,11840.706000000002
973,19165.138,36756.795,17162.963,9839.114000000001,11814.948
974,19395.336,38955.477000000006,17842.238,9545.785,12337.604
975,19593.245,41241.55099999999,17516.289,9532.205,13053.837
976,19306.198999999997,42293.061,17330.428,9376.25,13297.728
977,19658.123,42119.270000000004,16002.737,8809.372,14146.417000000001
978,20529.338,40166.323000000004,13023.102,8157.352,14584.664
979,20104.957000000002,38831.418,11179.989,7808.451,14094.851000000002
980,19668.117,40080.475000000006,13062.829,8263.529999999999,14285.295000000002
981,19644.338,40834.733,13516.068,8662.319,14060.961
982,19309.669,41404.925,13741.129,8732.952000000001,14027.912
983,19182.168999999998,39717.391,13142.668000000001,8599.828000000001,14014.810000000001
984,18976.67,38679.615999999995,12417.338,7596.870999999999,13845.688
985,18681.827999999998,36253.428,11690.108,7498.8,12766.726
986,18174.426,34672.945999999996,11616.622,7413.178,11376.262999999999
987,17270.133,33458.326,11904.04,7223.374,10606.142
988,16516.241,33255.848,11385.585000000001,7214.700000000001,10451.597
989,16097.548999999999,33655.41,11130.350999999999,7202.914999999999,10417.198
990,15929.418,33413.895000000004,12342.241,7243.482,10472.667
991,16254.628999999999,33785.471999999994,13416.749,7500.545999999999,10629.707999999999
992,16149.248999999998,35108.912,15344.355,8016.763000000001,11432.481
993,16718.69,36423.835999999996,17243.96,8454.337,11962.244999999999
994,16361.047,38837.341,17251.138,8958.086000000001,12008.917
995,16981.375,39601.927,17658.575,9354.203,12245.573
996,17762.733,39699.116,17935.042,9583.243,12293.881000000001
997,18879.637,39450.341,17379.012000000002,9665.619999999999,12013.114
998,20308.779,39839.384999999995,18460.678,9436.821999999998,12060.748
999,20373.785,41230.524,18714.083,9144.719,12042.98
1000,20961.745,40116.809,18473.147,8777.618,12744.243999999999
1001,21640.091999999997,39502.406,17326.881999999998,8345.595,13220.61
1002,21545.317,39116.704,15027.32,8058.066999999999,13143.989
1003,21368.847,39079.621,12756.852,8207.755000000001,13293.854
1004,21376.68,39459.165,13712.649,8598.447,14214.365000000002
1005,21273.415,40094.099,14334.095,8753.929,13809.644
1006,21471.775,40677.636,14275.152,8708.633,13544.703000000001
1007,21506.539,39071.545,13410.8,8699.141,13507.918
1008,21436.142000000003,37006.056,12760.776,7731.880000000001,13385.668000000001
1009,20140.655,36429.553,12109.467,7111.049999999999,12543.317
1010,19280.874,35319.295000000006,12102.796999999999,7049.094000000001,11128.055
1011,19055.001999999997,33445.158,12113.063999999998,7036.959999999999,10589.987000000001
1012,19113.25,32567.978000000003,11779.682999999999,7043.072,10274.568
1013,18774.839,32481.463,11667.116,7059.005,10298.467
1014,18196.06,33630.63,12330.885000000002,6942.023999999999,10325.280999999999
1015,17110.941,34617.681,13823.811,7203.141,10629.632
1016,15752.772,35816.038,17032.713,7656.352000000001,11330.760999999999
1017,16131.718,38109.587,18760.703,8228.486,11800.345
1018,16530.79,39401.671,18427.669,8733.714999999998,11998.316
1019,16999.855,40381.761,18506.955,9094.618999999999,12217.669
1020,17136.227000000003,41063.651,18637.51,9362.684,12192.895
1021,17562.941,38938.676999999996,18299.45,9517.574999999999,12846.356
1022,18274.856,40688.436,18992.962,9478.276,12563.991999999998
1023,18784.921000000002,41084.157999999996,19615.252,9050.722,13095.557
1024,19481.394,40766.758,19781.139,8501.671,13280.043000000001
1025,19688.262000000002,41682.962,18264.631,8067.45,13116.328000000001
1026,19760.073999999997,39962.159,15373.192,7660.683,13094.219000000001
1027,19975.409,39755.979,12805.338,7760.407999999999,13363.347000000002
1028,20559.22,40775.73700000001,13770.149,7876.324,13442.876
1029,21003.864,40371.371,14277.773,7897.895,13428.891
1030,20916.925,40590.880000000005,14326.951000000001,7894.402,13331.422
1031,20725.885000000002,39274.379,13787.427,7765.412,13215.498
1032,20595.593,38579.077,12367.861,7226.169,12934.485
1033,20404.996,36690.981,11252.198,6900.200000000001,12280.774000000001
1034,19651.423,34730.449,11554.592,6896.344,11086.878999999999
1035,19442.998000000003,33363.18,10920.915,6843.359,10525.109
1036,19635.884,32577.297,10364.746,6844.371,10244.601
1037,19818.638000000003,32205.909,10407.527,6824.51,10101.904
1038,20000.813,31725.554000000004,11807.411,6885.236000000001,10208.727
1039,19259.871,33329.63,12241.315999999999,7116.692,10511.363
1040,18034.979,35369.262,14739.123,7554.517999999999,11011.029
1041,17399.415,37704.654,17495.747,8182.808,11320.496
1042,17241.372,37631.691999999995,19017.004,8826.366,11520.124
1043,17572.343,38250.949,19055.249,9276.18,12295.338
1044,17755.841999999997,38443.204,19221.285,9509.600999999999,12856.666
1045,17879.703,37229.71,18849.260000000002,9571.750999999998,12466.329
1046,20313.528,38358.041,18524.424,9347.502999999999,12591.418999999998
1047,22895.202999999998,41181.443999999996,15883.691,8971.694,12575.659
1048,23478.324,40793.672999999995,15414.902999999998,8364.473,12674.545
1049,23840.042999999998,40309.336,14330.898000000001,7747.572999999999,12478.561
1050,23606.397999999997,38877.168,11652.672,7214.079,12784.357
1051,22788.964999999997,39877.431,9798.207,6821.012000000001,13468.483
1052,21868.082,42077.855,12006.451,6679.579,13673.637999999999
1053,21490.665999999997,42454.024000000005,12459.318,6677.1759999999995,13650.083999999999
1054,21613.913,42382.768,12480.271,6672.369000000001,13592.198
1055,21279.54,42097.83,11484.133,6657.024,13123.905999999999
1056,20972.914999999997,40841.203,9569.654,6623.385,12295.659
1057,20841.389000000003,38413.354999999996,8927.891,6631.8820000000005,11251.871
1058,19812.595,37133.386,8431.568,6530.184,10632.124
1059,19431.897999999997,35521.262,8060.785,6528.858,10567.994999999999
1060,19189.958000000002,34079.557,8228.85,6530.223,10526.203
1061,19288.282000000003,33248.354,9073.202000000001,6535.885,10290.021
1062,19639.027000000002,33326.534999999996,9708.83,6542.406,10540.751
1063,19203.716,33969.29,11196.908,6923.741,10768.451000000001
1064,18222.479,34924.83,14188.632999999998,7487.243,11496.507
1065,17214.262,37127.172999999995,15934.900000000001,8122.090999999999,12149.488
1066,17326.336,38442.032999999996,16077.36,8700.766000000001,12197.665
1067,17483.108,39830.259999999995,16786.038,9117.446,11910.594000000001
1068,18118.852,40989.73,16698.581,9365.456000000002,11584.547
1069,18951.864,38532.808,16586.924,9327.296,11617.891
1070,20451.874,39241.579,17214.135000000002,9046.742,11600.677
1071,21645.556,39914.357,17233.588,8618.861,11939.326000000001
1072,22020.122,39536.837,16798.721999999998,8036.496,11959.624
1073,22408.427000000003,38396.676999999996,15687.848999999998,7595.643,11544.826000000001
1074,22498.232,37811.917,13155.925000000001,7201.513999999999,12009.728
1075,22760.778000000002,38907.985,10979.36,6877.621999999999,12995.273
1076,23024.251999999997,40796.631,12135.901000000002,6835.888,13447.152
1077,23147.342999999997,40031.921,12234.275000000001,6843.6900000000005,13858.514
1078,23263.965000000004,40191.245,11585.564,6820.54,13754.896
1079,23061.392,39316.417,11172.725,6767.6720000000005,13367.818
1080,22780.483,38330.409,9993.766,6755.067999999999,12650.624
1081,22669.713,36690.768000000004,8797.671999999999,6765.557000000001,11461.775000000001
1082,21226.33,36067.829,8614.883,6737.96,10258.346
1083,20908.032,34295.511000000006,8673.923999999999,6737.945,9787.411
1084,20155.695,33089.163,8645.695,6742.004,9830.072
1085,20011.936,32279.378000000004,8678.312,6734.179,9846.567000000001
1086,19784.5,31690.274,8897.743,6737.1140000000005,9930.806
1087,17870.234999999997,31565.739000000005,10040.625,7028.625,10016.098999999998
1088,16767.168999999998,32847.162,11491.205,7577.594000000001,9471.204
1089,16508.761000000002,34336.45,12302.393,8094.811000000001,9322.661
1090,15522.731,34839.424,13230.551,8633.903,9542.124
1091,14856.591000000002,35120.216,14156.215,9072.473,9752.795
1092,15360.792,35714.44,14617.21,9351.357,9938.149000000001
1093,15386.645000000002,35455.662,14752.644,9479.23,9894.884
1094,14924.267,36657.343,14124.475999999999,9209.458,9736.178
1095,14737.768,37851.795,13616.755000000001,8751.509,9521.785
1096,15043.832999999999,37225.078,13431.577000000001,8303.172,10449.27
1097,16589.488,38035.359,11976.462,7783.292,10614.076000000001
1098,18625.166999999998,38837.008,9999.07,7319.674999999999,11164.668
1099,20825.298000000003,39456.21800000001,9706.352,6970.67,12016.163
1100,20601.457000000002,41057.502,10993.391,6923.096,13287.047
1101,20463.097,40712.460999999996,10713.799,6939.548,13375.672999999999
1102,20361.33,40027.975,10435.963,6946.893,13102.181999999999
1103,20100.265,39991.127,9895.869,6953.119,11924.322
1104,19718.799,39082.964,9166.057,6853.546,11274.335
1105,18290.174000000003,37857.298,8669.822,6706.093000000001,11003.81
1106,17481.413,36542.494999999995,8449.06,6701.0560000000005,10305.423
1107,17032.376,35348.827,8103.504,6656.204,9972.791000000001
1108,16755.229,34579.494999999995,7556.383,6629.365,9651.436
1109,16877.974,34465.861,7294.6320000000005,6622.32,8266.393
1110,16488.22,33864.01,7284.378000000001,6644.704000000001,7782.5689999999995
1111,14473.293000000001,33224.061,8568.907,6916.762,7465.203
1112,12195.665,32357.187,11963.376,7344.335,6963.988
1113,11205.588000000002,31658.994,13944.26,7876.205,6579.896999999999
1114,10976.958,30941.64,14826.223,8479.206,6045.871999999999
1115,11076.262,31141.371,15555.206,8866.208999999999,5858.53
1116,11239.404999999999,32157.33,15904.61,9063.276000000002,5963.0779999999995
1117,11211.049,33115.818,15798.092,9025.481,5956.059
1118,10874.213,34806.738999999994,14935.806,8678.435,5721.16
1119,10417.309000000001,36468.049,14187.187999999998,8278.589,5805.094
1120,11260.317000000001,36141.311,13215.219000000001,7818.419000000001,7058.363000000001
1121,13724.326000000001,34988.886999999995,12168.106,7638.288,8611.214
1122,17255.351000000002,36461.429000000004,10395.056,7230.322,10012.416
1123,18836.46,38764.21,8755.277,6871.647,12708.709
1124,19564.590000000004,41079.861000000004,10075.652,6829.739,13773.025999999998
1125,20125.336999999996,41206.722,10789.131000000001,6756.379999999999,13704.642
1126,20400.603,41403.702999999994,10487.671,6718.079,13601.259
1127,20496.005,40941.024000000005,10097.829,6611.248,13295.213
1128,20435.259,39283.508,9218.557,6607.030000000001,12576.544000000002
1129,19768.603,37583.386,9391.828000000001,6602.581,11144.46
1130,19462.606000000003,35151.08,10005.324,6582.912,10204.599
1131,19703.583000000002,32952.702999999994,10099.272,6566.007,10023.635999999999
1132,19706.083,31781.910000000003,10091.024,6557.958,9855.131
1133,19588.221000000005,31741.447999999997,9777.167,6500.130999999999,9865.387
1134,18932.526,33232.676,10286.66,6549.256,9835.942
1135,17319.296,35625.622,11283.818,6858.868,10240.583
1136,16646.084,38222.328,12647.747000000001,7430.553000000001,11122.001
1137,17843.391,41035.601,13512.729,8125.972,12058.175000000001
1138,18166.816,41727.18,14454.256000000001,8708.633999999998,12486.366000000002
1139,18156.984,42726.346000000005,14978.871,9220.589,12603.628999999999
1140,17995.493000000002,42849.857,15481.886999999999,9623.262999999999,12614.956
1141,17850.486,42303.334,14983.558,9728.572999999999,12382.943
1142,19667.102,43320.423,15749.583999999999,9291.891,12217.401
1143,21416.596,43000.736000000004,16419.28,8651.276,12141.832
1144,22171.985999999997,41484.918000000005,16734.822,8276.12,12031.819
1145,23523.666999999998,40181.526,16937.638,7693.628,12093.244999999999
1146,23199.123,38334.981,14790.922,7255.949,12386.283
1147,22795.703,38230.534,13278.411,6719.656,13003.208
1148,22935.967,41202.225999999995,13666.195,6691.159,13432.639
1149,22413.218999999997,41944.627,13967.647,6745.724,13714.355
1150,21621.078,43326.339,14147.533,6615.971,13450.118999999999
1151,21222.587,42731.990999999995,13328.05,6520.518,12859.035
1152,21038.359999999997,40205.364,12142.87,6521.698,11940.202000000001
1153,21887.987,38155.719000000005,10297.696,6467.473,10523.828
1154,22256.382000000005,35342.335999999996,9765.736,6452.168,9992.855
1155,22402.782,33008.272,9667.963,6461.120999999999,9675.938
1156,22381.534,31807.264000000003,9540.95,6468.5869999999995,9370.801
1157,22246.722,32018.604,9063.186,6496.157999999999,9183.884
1158,22308.167,32922.42,8831.51,6520.79,9326.679
1159,21479.972,33867.174999999996,9956.963,6827.456999999999,9764.065
1160,19886.182,35601.518,12851.986,7497.664000000001,10589.091
1161,19937.915999999997,37643.950000000004,13251.362,8314.019999999999,12287.439
1162,20080.411,37896.509,14333.518,8812.5,12652.899
1163,20946.369000000002,37757.246,15400.383,9186.305,12670.096999999998
1164,21950.761,37073.216,16607.371,9397.507000000001,12300.266000000001
1165,21926.982,36434.453,16277.837,9467.911999999998,11630.792000000001
1166,23224.905,37678.369000000006,16453.349000000002,9294.697,11895.567000000001
1167,24327.616,39180.391,15701.642,8985.715999999999,12067.802000000001
1168,24081.614,40023.867,15515.424,8396.024000000001,12057.692
1169,23682.888,40764.047999999995,14203.721,7691.191,12006.695
1170,23828.579999999998,38410.637,11921.071,7174.863,11893.782000000001
1171,23581.368,38835.742,11681.297,6817.827,11698.501
1172,22516.219,40819.752,13306.264,6814.239,12115.485
1173,22010.147999999997,40990.133,13188.661,6796.769,12153.079999999998
1174,21990.345,41504.112,12499.204000000002,6850.888,12125.293
1175,21887.024000000005,40972.576,11524.871,6776.249,11752.047
1176,21631.506000000005,39673.526,9861.822,6560.816999999999,11210.085
1177,20404.693,39093.709,8244.73,6506.516,10344.155999999999
1178,20423.353,36849.24,7404.876,6500.448,9975.653
1179,20641.626999999997,34637.314999999995,7116.494000000001,6517.279,9730.960000000001
1180,19977.878999999997,34302.834,6611.182000000001,6526.696,9732.432
1181,19591.539999999997,34015.313,6567.226000000001,6515.865,9806.835
1182,20398.364999999998,33787.481999999996,7346.6630000000005,6529.65,9647.137
1183,20735.201,33033.998,9586.194,6857.135,9971.317
1184,19540.646,35244.465,11906.944,7507.602999999999,10614.726
1185,19684.686,37938.827,12685.037,8301.184000000001,10953.083
1186,20268.831,38361.495,13796.016,8940.028,11004.829000000002
1187,20955.821,38946.263999999996,15024.833999999999,9233.045,10995.212
1188,21235.914999999997,38652.44,15665.684000000001,9416.202000000001,11008.756000000001
1189,21048.722999999998,37482.199,15371.616,9399.217999999999,11254.955
1190,21598.852,38014.937,16273.925,9151.905,11533.275
1191,22347.638000000006,38353.151,16598.112999999998,8752.128,11788.308
1192,22773.622000000003,38905.651999999995,15997.615,8305.383,12209.557999999999
1193,23454.118000000002,37849.960999999996,16133.137999999999,7689.267000000001,12194.228
1194,23635.969999999998,36796.576,13952.443,7054.845,12070.207
1195,23223.054,37745.121,12814.99,6638.8550000000005,12726.19
1196,22542.987999999998,40149.428,14485.507,6638.921,13028.793
1197,22303.45,41165.524000000005,14182.896999999999,6701.856,12688.611
1198,21985.189,42658.072,13302.19,6716.274,12665.963
1199,21540.024999999998,41642.473,12631.947,6697.871999999999,12272.648
1200,21638.386000000006,40209.289,10310.117,6654.775,11304.054
1201,21307.483,38488.228,8770.725,6547.124,10763.673
1202,20385.621,36812.24100000001,8331.548999999999,6535.845,10347.083999999999
1203,20196.004,35389.227,7267.91,6550.255999999999,10498.915
1204,20010.136000000002,34222.632,6931.715,6518.971,10505.743999999999
1205,20456.472999999998,33402.457,6951.084,6517.93,10349.289
1206,20505.479,33823.132999999994,7683.526,6562.131,10383.455
1207,20102.45,34429.395000000004,9034.057,6849.662,10698.497
1208,19930.293,36045.25399999999,11222.005,7491.5199999999995,11138.662
1209,20364.477999999996,38166.201,12678.716,8236.688,11657.877
1210,20054.957,39439.960999999996,13699.157000000001,8881.113,11925.173
1211,20722.239,39736.069,14592.764,9364.859,12251.675000000001
1212,20977.249999999996,39777.036,15049.96,9549.180999999999,12416.321
1213,20505.618000000002,39253.97,14903.66,9407.929,12220.166000000001
1214,22732.153,39798.777,14717.106,9278.01,12208.749
1215,24150.499,40484.98300000001,14262.215,8836.991000000002,12139.881
1216,24023.564,40773.833999999995,14284.071,8261.564,12075.100999999999
1217,23646.152000000002,41105.587,14183.917,7702.271,12111.758000000002
1218,22846.211,39300.399,13107.198,7099.400000000001,12317.781
1219,23048.572999999997,39906.054000000004,11336.892000000002,6755.237999999999,13075.417
1220,22562.420000000002,42461.576,12855.314,6752.842000000001,13103.317000000001
1221,21594.366,43774.988,13080.557,6777.876,13053.968
1222,21430.106000000003,44135.83,13143.637999999999,6789.109,13163.877
1223,21591.36,43368.128000000004,11911.39,6797.880999999999,12805.642000000002
1224,21682.627999999997,40789.630999999994,10489.728000000001,6664.403,12287.764
1225,20626.206,39540.304000000004,8616.293,6533.419,11778.408000000001
1226,19980.351,37675.82000000001,7871.197,6519.059,11249.039
1227,18984.646999999997,37267.536,7193.166,6500.317,10478.887
1228,18699.825,36720.843,6996.293,6498.138000000001,10215.742
1229,18216.283,36849.902,7114.167,6491.275,10148.067
1230,18074.072,37496.701,7352.591,6543.718,10292.594000000001
1231,17851.737,37636.924999999996,8402.515,6857.079000000001,10655.189
1232,17880.267,38757.12100000001,10108.129,7507.291,11860.164
1233,19323.648,40274.891,11480.194,8282.665,12048.626
1234,20228.436,41137.988,12798.922,8917.165,11791.137
1235,20834.24,41704.437,13753.158,9244.113,11783.267
1236,20922.114,42091.72,14230.004,9374.494,11776.866999999998
1237,20212.95,41882.664000000004,14286.368,9358.052000000001,11672.074999999999
1238,21466.7,43367.407,15121.766,9280.330000000002,11719.565999999999
1239,22908.975000000002,43277.255,15661.581,8981.026000000002,11957.419
1240,23201.350999999995,43049.4,15484.233,8373.176,11806.952
1241,22943.713,41920.615,14415.150000000001,7784.812,12060.085000000001
1242,22974.882999999998,40259.943999999996,13380.922,7130.365000000001,11073.184
1243,22351.683999999997,41435.635,11756.109,6827.089,12303.063
1244,21918.835,43271.826,12734.394,6748.09,12874.617
1245,21234.174,43231.332,13076.134,6806.224,12913.035
1246,20989.966,44331.379,12853.108,6828.132,12636.034
1247,21358.619,44308.998999999996,11657.675,6715.6669999999995,12068.753
1248,21486.899999999998,42546.261,10958.33,6572.451,11148.319
1249,21558.967,40281.80500000001,9975.483,6490.1759999999995,10827.421
1250,21158.357000000004,39045.964,8970.87,6474.684,10023.956
1251,20849.575,37138.416,8691.694,6481.101000000001,9684.891
1252,20941.759,35900.34,8192.188,6478.111999999999,9344.606
1253,20948.426999999996,35455.948,7472.056,6396.773999999999,9374.47
1254,20546.678000000004,35207.671,7263.285,6355.226000000001,9480.058
1255,17604.708,35405.479,8487.395,6646.511,9667.115
1256,16656.306,36188.761,10073.295,7318.732,9897.614
1257,15943.676999999998,37354.373,11190.435,8069.568,9997.306
1258,14109.454,39547.35399999999,12171.245,8747.721,9009.964
1259,14363.387000000002,39315.028,12835.008999999998,9283.478,8565.07
1260,14827.512000000002,37863.458,14442.334,9378.504,8566.327
1261,14555.076000000001,36855.061,15356.088,9350.486,8527.318
1262,14268.375,36426.513999999996,15393.061,9190.041000000001,8956.337
1263,14381.842,36575.757,14736.601999999999,8841.235,9304.822
1264,15779.192,36840.277,13522.598,8293.961000000001,9525.723
1265,17644.521999999997,36337.575,12582.926,7765.776000000001,10169.168000000001
1266,20770.494000000002,35746.717000000004,11632.647,7116.302,11221.99
1267,21985.059,39009.91499999999,10551.994999999999,6711.171,12118.119
1268,22390.989999999998,41139.263000000006,11395.601999999999,6667.525,12517.391
1269,20579.571,42169.31999999999,11362.717,6687.177,12524.812
1270,20185.747,42115.122,10954.443000000001,6691.2,12249.132
1271,19815.884000000002,41694.437,10281.195,6593.8060000000005,11419.235
1272,19765.96,40625.824,9706.526,6577.744000000001,10663.172999999999
1273,20323.497,39447.987,7450.495,6490.478,10363.701000000001
1274,20402.99,37567.873,6808.21,6477.067,9854.547
1275,20215.652000000002,35899.808000000005,6625.329,6433.4490000000005,9433.73
1276,20473.218,33977.019,6415.174999999999,6415.913,9452.572
1277,20100.105,33343.582,6204.381,6412.894,9320.077
1278,19315.48,32687.267000000003,6205.456,6470.532999999999,9228.801
1279,16243.202000000001,31760.047000000002,7474.5380000000005,6824.036000000001,9646.577000000001
1280,13176.121000000001,31529.663,10552.989,7588.206,9617.064
1281,12692.273000000001,31243.443000000003,12179.984,8370.846,8976.432
1282,13509.387999999999,30195.48,13491.349999999999,9056.136,8041.453
1283,13793.939,29862.206000000006,14502.127,9655.755000000001,7939.24
1284,14009.125999999998,30743.102000000003,15071.485,9890.016000000001,8207.093
1285,14167.599,30995.85,15490.425,9907.434000000001,8227.125
1286,13709.097000000002,31633.593,15366.780999999999,9597.675,8504.405
1287,13597.793,32660.263,14651.895,9089.022,8735.306
1288,14206.142,32986.969,13646.343,8398.702,9479.364
1289,16048.188000000002,33334.858,12483.872,7657.037,10054.47
1290,18377.466999999997,34710.619,10039.69,6926.323,11215.373
1291,20702.815,36974.735,8576.52,6675.378000000001,12441.853
1292,21975.831000000002,39808.975999999995,9042.644,6592.174,12562.101999999999
1293,21930.667999999998,40580.648,9235.185,6667.448,12537.412
1294,21886.886,40684.21799999999,9224.645,6682.246999999999,12656.425
1295,21986.578,39601.243,9154.077000000001,6634.823,12362.897
1296,22076.096,37651.813,8803.458999999999,6594.041,11744.380000000001
1297,22414.68,35226.522,8229.065999999999,6496.643,10897.216
1298,22396.405,32976.197,8204.329,6489.538,10391.612000000001
1299,21477.974000000002,33171.563,7780.045999999999,6489.438,9509.73
1300,21066.667999999998,32663.956000000006,7638.893,6491.548,9166.648000000001
1301,20797.314999999995,32485.17,7760.399,6524.628000000001,9021.159
1302,19999.015,34377.871,8027.763000000001,6573.826999999999,8966.172
1303,19105.867000000002,35344.66,9855.857,6836.556999999999,9559.612
1304,18496.186999999998,37706.587,12532.769,7523.992,10482.811
1305,19415.670000000002,40724.351,13430.224,8279.482,11155.022
1306,20668.475,41223.699,14141.609,9050.687,11650.701000000001
1307,22144.219,41395.07200000001,15011.534,9717.555999999999,11717.473
1308,23397.888,41151.606,15239.761,10006.32,11698.575
1309,22620.912,41227.413,14616.319,9795.816,11574.846000000001
1310,24052.384999999995,43713.617,14329.304,9280.360999999999,11635.421
1311,25244.140999999996,44257.495,14319.404,8916.954999999998,11736.803000000002
1312,25083.13,43384.143,14964.34,8470.934,12203.26
1313,24339.306,42403.845,15428.701000000001,7838.945,12526.328
1314,24365.087000000003,40056.658,13549.655,7150.474,12608.542
1315,23978.006999999998,40311.521,12079.482,6737.715,12699.897
1316,23266.431,42454.838,13538.409,6720.97,13321.99
1317,22406.488,43601.812,13990.055,6735.851000000001,13558.701
1318,22921.879,43777.32600000001,13913.08,6733.836,13560.514
1319,22701.416999999998,42821.023,12657.805,6613.661,13337.536
1320,22455.942,41144.979,10747.720000000001,6571.784,12428.218
1321,21826.081,39118.0,9100.572,6444.173999999999,11911.094000000001
1322,21315.576000000005,37445.729999999996,8068.337,6418.184,11807.112000000001
1323,21139.997,35306.733,7806.144,6385.374,11658.185
1324,21168.430999999997,34298.19700000001,7381.786,6376.836,11221.52
1325,20739.682,34238.771,7298.654,6397.939,11161.799
1326,20335.474000000002,34890.686,7977.956,6364.946,11364.913
1327,19094.178,35712.258,9540.095000000001,6638.216000000001,12035.288999999999
1328,18231.685,37072.926999999996,13510.357,7301.25,12690.187
1329,18948.421,41773.52,12888.640000000001,8210.231,13125.088
1330,19331.007999999998,42592.600000000006,14075.654999999999,8994.308,12783.758999999998
1331,19862.325,44293.14599999999,14588.633000000002,9364.988,12378.413
1332,19886.924,45337.103,14916.149000000001,9687.377,12556.359
1333,19424.756,45356.16300000001,14427.405,9698.579,12343.619
1334,21454.76,45542.937000000005,14554.919,9256.734,12801.64
1335,22524.126,44865.554,14528.427,8697.231,13143.523999999998
1336,22334.981,44696.061,14928.512999999999,8220.936,13462.814999999999
1337,22112.781000000003,43897.009,15364.064,7656.244,13244.339
1338,23137.463000000003,40461.773,13428.283,7019.342999999999,12928.951
1339,23316.847999999998,39756.377,11994.207,6795.852999999999,12711.065999999999
1340,22866.142,41756.585,13332.537999999999,6743.586,13397.008999999998
1341,22690.267,41965.714,13852.305,6746.213,13613.842
1342,23113.454,42575.25,13821.619999999999,6700.6,13547.996
1343,22848.052000000003,42437.172,13299.794,6593.6720000000005,13036.334
1344,22594.022,40073.81,12047.351999999999,6482.046,12446.471000000001
1345,21630.987,39497.069,9887.541,6407.907000000001,11494.118999999999
1346,21241.052000000003,37363.297999999995,8874.707999999999,6408.3099999999995,11314.126
1347,20844.544,36383.809,7916.8189999999995,6397.409,11084.003
1348,20877.767,35564.603,7378.207,6406.374,10605.423999999999
1349,20835.635,35247.358,7383.267,6399.121,10327.922999999999
1350,20719.115999999995,35131.057,8436.074,6427.372,10750.295
1351,19663.55,35480.328,9814.066,6701.427,11854.055
1352,18210.928,38115.941,12724.676000000001,7202.549,12705.181
1353,18060.897,41811.802,14388.034,8060.340999999999,13094.316
1354,18078.592,43781.97,15192.502,8827.993,12516.613000000001
1355,18569.466,45488.59,15713.570000000002,9269.738,12105.573
1356,19003.957000000002,45972.481,15972.581,9544.3,12083.643
1357,19310.712,44583.498999999996,15458.741,9340.708999999999,12529.27
1358,20883.326,44215.795000000006,16337.651000000002,9187.733,13272.435000000001
1359,22192.960000000003,42646.41,17951.137,8711.229999999998,13413.807
1360,22711.904,42029.348,17262.988,8058.66,13270.508
1361,22956.95,41618.83,16795.486,7271.8009999999995,13250.098
1362,23352.75,39859.896,13485.03,6656.593999999999,13005.775
1363,23563.208000000002,39926.437,11906.295999999998,6508.275,13231.524
1364,23222.767,42127.691000000006,13285.456,6556.244,13682.718
1365,22125.056,43906.514,12980.103,6463.096,13646.520999999999
1366,21401.647999999997,45271.443,12865.535,6509.603,13239.2
1367,21836.667999999998,43803.248,12104.103,6340.734,12901.029999999999
1368,22455.86,42040.036,10328.19,6258.475,11983.362000000001
1369,22048.965,39962.84,8922.79,6308.698,11469.751
1370,21963.701,37076.926999999996,8644.916000000001,6376.549999999999,11151.432
1371,21877.243,34926.687000000005,8499.784,6346.84,10990.777
1372,21840.297999999995,33481.655,8040.48,6350.4439999999995,11074.029999999999
1373,21772.069999999996,32913.432,8033.341,6349.2119999999995,11211.581
1374,21691.046,33449.327,8886.368,6388.7570000000005,11215.592
1375,20502.879,34068.181000000004,11058.93,6605.1320000000005,11319.711
1376,18745.07,37945.869999999995,12917.55,7149.379,11847.475999999999
1377,18714.692,41331.942,14461.749,7762.177,12345.915
1378,19211.922,42360.55,15214.289,8454.797999999999,12542.277
1379,19907.542999999998,42920.601,15464.163,9015.82,12614.064999999999
1380,20354.822000000004,42524.945,16197.651,9220.565999999999,12705.515
1381,20535.279,41656.011,15990.733,9299.229999999998,12383.057
1382,21854.38,42771.654,16153.476999999999,8925.096,12779.172
1383,23107.842999999997,42644.38,16836.514000000003,8366.052000000001,12743.494999999999
1384,23257.769,42142.225000000006,16579.397,7950.2699999999995,12878.083999999999
1385,24334.840000000004,41222.35400000001,15427.654,7343.049,13079.619
1386,23730.706000000006,40053.098,13076.300000000001,6885.624,12722.678
1387,22887.302,40842.469,11246.838,6686.9800000000005,13083.124
1388,22802.882,41904.265,13018.776,6719.531000000001,13300.984
1389,22776.189000000002,42587.058999999994,12762.972,6658.795,13339.680999999999
1390,22556.936999999998,43294.148,12537.373,6612.886,13330.165
1391,22367.688000000002,42298.013,11907.864000000001,6450.695,13067.204000000002
1392,22066.392999999996,40835.917,10619.637,6449.284,12506.184000000001
1393,21853.382999999998,38687.804000000004,10438.016,6470.65,10927.657
1394,21598.232,36265.335999999996,10027.701000000001,6447.916,10210.706
1395,21118.082000000002,34743.755999999994,9566.168,6412.7,9863.237000000001
1396,20957.503999999997,34516.247,8763.26,6406.269,9467.021999999999
1397,20716.489999999998,34233.244000000006,8566.634,6395.071,9494.496
1398,20683.68,34885.608,8674.948,6425.775,9911.502
1399,20748.345,34085.082,9896.029,6736.763999999999,10979.848
1400,18417.628,37299.199,13188.322,7375.790999999999,11344.193
1401,18360.024999999998,42502.414000000004,12853.875,8091.6449999999995,12130.442000000001
1402,19144.461000000003,43754.984,13429.762,8724.783000000001,12030.632
1403,19492.373999999996,44633.517,14503.657,9242.348,12130.591
1404,19534.44,44878.257,14987.064,9593.738000000001,12005.889000000001
1405,19583.527000000002,44695.022,14912.374,9509.22,11273.348999999998
1406,20165.061999999998,45245.154,15280.553,9296.937000000002,11863.121
1407,23148.903,42205.134999999995,15727.813999999998,8789.314,12781.666
1408,24441.494999999995,39737.835,16329.34,8094.377,12662.987000000001
1409,24736.844999999998,38772.175,15308.469,7392.616000000001,12811.788
1410,24022.929,38817.628,12445.471,6855.277999999999,12738.940999999999
1411,22453.353,40786.677,11483.529,6530.250000000001,12858.953
1412,20491.153,43573.235,13314.806999999999,6542.277,13110.617999999999
1413,19857.893999999997,44252.56,12895.848,6516.748,13034.692
1414,20175.625999999997,44120.954,12665.223,6415.91,12957.534
1415,20648.966,43029.70999999999,11926.949,6446.6849999999995,12284.229
1416,20741.44,41251.348,11089.189999999999,6493.7119999999995,11341.413
1417,20829.111999999997,40284.99,9918.42,6615.442,9899.560000000001
1418,21045.404,38134.994,8909.797999999999,6597.129,9362.039
1419,20924.034,36151.922,8313.982,6643.089,9301.164999999999
1420,20216.860999999997,35171.513,8212.525,6638.737999999999,9139.456
1421,19468.005999999998,35150.331999999995,7819.289000000001,6578.326,9173.313999999998
1422,19222.676000000003,34581.233,7699.071,6522.5289999999995,9134.619
1423,17713.933999999997,34240.138,8263.335,6688.941000000001,9214.111
1424,15662.979000000001,35814.28600000001,10860.504,7138.424,9303.706999999999
1425,14337.928999999998,37886.564,11964.224000000002,7731.626,8905.994999999999
1426,13637.678,38008.887,13795.173999999999,8439.442000000001,8416.009
1427,14248.496,37466.732,14727.562000000002,9012.234000000002,8387.163
1428,14633.038999999999,37426.415,14949.349,9408.561,8495.012
1429,14869.784,36893.912,15183.336000000001,9534.63,8499.511999999999
1430,14887.251000000002,37792.085999999996,14737.546,9263.097,8542.835
1431,15647.982,38509.284,13175.097000000002,8781.409,8979.201000000001
1432,15909.521,36873.818,13586.670999999998,8192.653999999999,9780.038
1433,17384.665999999997,35952.12,12683.419000000002,7651.607999999999,10713.942
1434,19814.743,36352.843,11177.137999999999,7063.4349999999995,10880.727
1435,22068.445,38777.054000000004,9450.741,6697.009,11955.723
1436,21584.226999999995,41491.172,10099.055,6626.101,12986.412
1437,20595.71,42387.924,9592.874,6651.102000000001,12583.133
1438,20574.829,41463.226,9278.533,6663.701999999999,12495.177
1439,20485.729999999996,40557.883,8498.868,6633.544,12167.089
1440,20760.278000000002,38937.109000000004,8013.875,6600.044,11400.947
1441,20482.402000000002,36687.448,8610.346,6655.171,10249.635
1442,19947.247,35346.85400000001,7864.974,6596.179,10003.275
1443,18846.908,34933.48100000001,7298.302,6598.969,9634.005000000001
1444,18626.862999999998,34173.498999999996,6777.546,6602.0470000000005,9435.977
1445,17848.774,34070.246,6650.976,6608.886,8982.729000000001
1446,18251.96,32269.642,6896.549000000001,6559.8949999999995,8925.615
1447,18129.918,30531.492000000002,6812.147999999999,6735.466,9156.695
1448,15029.627,31607.635000000002,8830.867,7306.120999999999,9433.543000000001
1449,12915.320000000002,32930.09,10643.657,7913.996,8513.587
1450,11538.488,34473.455,11680.315,8592.027,7805.61
1451,12008.395,33860.563,12782.411,9145.336,7441.826
1452,12354.955,33299.763999999996,13359.796,9440.406,7832.815
1453,12375.57,33016.12,14272.575,9406.821,7895.436
1454,12003.166000000001,33360.509,14680.583999999999,9107.898000000001,7677.619
1455,12396.809,33620.191,14475.044,8711.316,7562.5509999999995
1456,14175.958,33046.248999999996,13517.880000000001,8184.188999999999,8191.984
1457,16214.881000000001,33125.433,11750.537,7761.6939999999995,9575.470000000001
1458,19362.825,33609.134,9086.388,7201.894,11265.379
1459,20491.815,36179.19,8483.925,6728.772,12508.767
1460,19508.183,39795.241,10081.779,6557.662,12870.079000000002
1461,19123.711999999996,40522.61,10341.004,6509.308,12833.756
1462,19054.661999999997,40608.577000000005,10195.125,6511.802,12890.444
1463,19215.026,40419.968,9627.347,6514.144,12853.043
1464,19371.367,39734.331,8352.132,6381.882,12340.835
1465,19135.348,39031.04,7430.012,6333.7880000000005,11394.808
1466,18864.854,37723.591,7364.504999999999,6303.567,9952.597
1467,18827.52,35777.051,7812.284,6227.294,9362.693
1468,18828.816,34150.662000000004,7837.221,6267.149,9003.039999999999
1469,18716.610999999997,33953.834,7460.161,6396.869,9066.642
1470,18637.796000000002,33999.774,7477.023,6432.562,9199.538
1471,15204.189999999999,35859.079,8560.633,6690.441000000001,9395.535
1472,13647.815000000002,38005.009999999995,10968.344,7165.407,9716.479
1473,13707.374000000002,39472.365000000005,12768.973999999998,7768.7970000000005,8687.597
1474,14273.875,39884.365,13656.2,8444.289,7754.634
1475,14967.364,39707.789,14387.496,8907.797,7874.385
1476,15420.728,39893.272,14728.404,9419.589,7994.039
1477,15328.081,39917.533,14796.300000000001,9504.791,8041.228
1478,15660.644,41383.415,14537.321,9150.089,8166.266
1479,17444.395,40887.893,12949.178,8719.169,9740.595000000001
1480,18357.281,40005.28800000001,12026.716,8377.962000000001,10620.927
1481,17629.597999999998,40192.226,11365.173999999999,7761.43,11420.544
1482,18228.386000000002,39507.481,9641.601,7093.259000000001,12164.994999999999
1483,19412.326,40181.534,9040.117999999999,6906.118,12448.577
1484,19829.793999999998,41588.74,10532.364,6900.4710000000005,12971.015
1485,19798.597,41636.396,10793.419,6901.717,13019.037999999999
1486,19655.272,42351.091,10519.201000000001,6919.832,12935.659
1487,18933.459,42531.188,10046.232,6875.0470000000005,12641.206
1488,18655.48,41180.782,9816.164999999999,6700.919,12175.27
1489,18345.36,40092.774,8641.112000000001,6649.3060000000005,11428.651
1490,18678.769999999997,38624.06,7863.558,6643.814,10459.109
1491,18989.703999999998,36812.566999999995,7907.757,6584.874,9603.601
1492,18728.327999999998,36064.493,7717.489,6545.486,9139.021
1493,18203.338,35850.576,7713.723,6533.104,8937.937
1494,17515.039,35999.087,7736.189,6550.66,8970.023000000001
1495,14491.811999999998,37335.451,8327.164,6836.628000000001,9182.663
1496,13250.907000000003,38590.12699999999,11071.09,7369.847,8994.032
1497,12911.418,39636.443,12328.625,7870.121,8211.462
1498,12992.948,39396.153,12828.96,8435.237000000001,8182.546
1499,13428.492999999999,39068.135,13461.991,8801.188999999998,8232.99
1500,13474.534,39184.367,13947.242999999999,9079.927000000001,8310.726999999999
1501,13611.786,38956.053,14084.879,9237.725,8233.150000000001
1502,13858.952,40677.546,13995.711000000001,9119.579000000002,8153.169
1503,14628.116,40536.17999999999,13392.599,8828.254,7956.566
1504,15451.456999999999,39824.737,12550.714,8292.017,8491.935
1505,16138.087,39645.47,12012.497,7611.4890000000005,9694.058
1506,17690.934,38970.86,10408.49,7053.174999999999,10717.903
1507,19629.601,40304.837,9190.288,6931.2390000000005,11865.708
1508,20290.938000000002,43266.963,9811.67,6963.56,12255.395999999999
1509,19923.791,43271.282,9979.470000000001,6973.388,12502.062
1510,19769.485,43063.624,10157.709,6995.710000000001,12508.301
1511,19931.886,42135.453,9994.181,7007.424000000001,12161.283
1512,19829.906000000003,40202.234000000004,9514.706,6837.249,11799.379
1513,19554.421999999995,38831.433,7924.56,6744.589,11520.534
1514,19295.707,37577.909,7498.733,6672.668,10487.625
1515,19206.309,36140.827,7617.392,6636.623,9699.557
1516,19177.611999999997,35335.996,7637.352000000001,6628.874,9171.004
1517,18881.932999999997,34851.183000000005,7663.465,6623.418,9186.727
1518,17352.064000000002,36663.041,7552.527,6637.396,9312.162
1519,15361.352,37874.014,8469.611,6894.725,10073.718
1520,15522.984,39796.001000000004,10042.389,7473.504,10913.001
1521,15988.638,41240.783,11012.925,8150.545000000001,11502.679
1522,16123.833999999999,42858.613,11747.02,8716.562,10867.983
1523,16303.34,44280.636,13156.055,9160.800000000001,9953.605
1524,16636.927,44912.857,13906.065,9283.214,9618.315999999999
1525,17154.247,43750.625,14356.346,9319.323,9598.738
1526,18068.083000000002,45500.89199999999,15260.207,9175.835000000001,10579.873
1527,19304.421000000002,45297.1,15284.882,8857.261999999999,12074.265
1528,20956.362,44348.292,14941.989000000001,8449.625,12167.501
1529,21457.938,42083.615999999995,15340.835,7916.409000000001,12740.842
1530,20911.854,40931.709,12632.169,7140.055,13128.780999999999
1531,21183.977,41405.576,10979.592,6727.964,13208.537
1532,21573.748,43497.846,11678.007,6663.373,13134.611
1533,21166.575999999997,44105.895000000004,12219.732,6625.995,13179.613000000001
1534,21426.299999999996,44156.27100000001,12322.057999999999,6578.704,13273.674
1535,21534.300000000003,43687.354999999996,11991.958999999999,6533.471,12445.721
1536,21497.144,41927.886,10700.116,6509.868,11022.815
1537,20556.486,39745.812,9139.449,6562.607,10457.152
1538,20179.397999999997,37386.475999999995,8842.758,6567.402,9975.301
1539,20083.054,35666.411,8564.3,6614.666,9491.545
1540,20044.597,34369.784,8145.601000000001,6680.718000000001,9582.925
1541,19990.256999999998,34029.543,7955.82,6614.9619999999995,9593.592999999999
1542,19833.109,34519.829999999994,8998.482,6441.884,9496.61
1543,18093.293999999998,37168.287,9330.714,6806.031,10029.267
1544,17283.382,39404.454,11392.15,7520.793000000001,11139.205
1545,16759.779,42023.867000000006,13589.582999999999,8366.552000000001,11413.863000000001
1546,16756.816,43896.358,14451.717,9110.164,10728.143
1547,16790.422,45212.207,15189.044999999998,9539.893999999998,10438.021999999999
1548,16903.157,45373.13500000001,15244.276,9736.829,10966.684000000001
1549,16341.827000000001,44738.981,15110.006,9667.777,10662.185000000001
1550,16860.537,46276.356,15631.715,9678.426,10981.089
1551,19160.692000000003,47143.591,14738.316,9188.061000000002,11754.948
1552,20469.197999999997,46323.716,14656.31,8541.367999999999,12203.211
1553,21474.047,44870.779,14301.563,7480.23,12647.104
1554,21342.248999999996,43480.861,12685.032000000001,6856.757,11899.748
1555,21372.765999999996,43581.372,11694.497,6467.758000000001,12423.408000000001
1556,21703.354000000003,45536.73300000001,12604.642,6424.841,12777.064999999999
1557,21943.449999999997,45682.67,12606.271999999999,6458.273,12461.514
1558,22183.074,45474.888999999996,12746.483,6454.253000000001,12558.793999999998
1559,22531.940000000002,44245.576,11407.414,6166.212,12375.719000000001
1560,21946.302999999996,42465.707,10346.167,6073.794,11691.356
1561,20666.991,39624.17,10315.606,6074.251,10688.195
1562,19968.006,37714.538,10131.07,6115.375,9933.538
1563,19772.388,36750.44899999999,9252.777,6066.142,9495.264
1564,19950.049000000003,35723.372,8956.136,6079.348,9039.749
1565,19844.976000000002,35142.173,9049.879,6139.587,8981.908
1566,19863.032,35929.776999999995,9508.901999999998,6129.948,9145.649
1567,18971.327999999998,36777.876,10304.384,6356.823,10013.385
1568,17177.773,39888.81,12868.053,6981.5509999999995,10461.194
1569,16804.382,42278.92800000001,14247.211,7719.631,11175.463
1570,16850.168,43871.710999999996,14744.368,8416.324,10893.077000000001
1571,17098.632999999998,45113.623,15321.298999999999,9010.213,10844.434000000001
1572,17569.338,46514.438,15025.865000000002,9267.788,10600.312
1573,17405.198,46044.524,14821.546,9195.452000000001,10489.169
1574,18274.539999999997,47608.625,14766.415,8889.918,11319.787
1575,21551.141,46282.602,14844.69,8451.732000000002,11774.625
1576,23156.511000000002,44252.23,15410.464,7845.467000000001,11730.573
1577,22303.081,43188.719000000005,15095.844000000001,7255.383,11904.206
1578,21441.523,42251.155,14242.763,6576.094,11483.726999999999
1579,21544.816000000003,42921.909,12895.129,6716.296,11351.945
1580,21137.356,45241.117,13395.313,7231.246999999999,12130.784
1581,20488.608999999997,45483.798,13173.41,7467.0779999999995,12359.36
1582,20809.589000000004,46282.202999999994,13016.633,7393.389000000001,12343.786
1583,20860.163,44830.416,12874.192000000001,7384.541,12181.617999999999
1584,20953.341,42539.016,12348.069000000001,7205.728,11512.947
1585,19852.263,40225.371,11078.723999999998,6342.198,10665.342
1586,19135.487999999998,37731.985,10156.203,6291.448,9892.491
1587,19788.561,36339.92,8860.854,6296.939,9422.847
1588,20513.233,34625.775,9080.521,6279.772,9255.072
1589,20294.948,34199.747,8851.631,6308.677,9208.4
1590,19078.918,34999.574,8467.332,6210.4839999999995,9260.641
1591,17059.099,36477.276,7815.984,6424.866,9439.256
1592,15095.913999999999,38577.364,8648.614000000001,7073.689,9653.099
1593,14232.122000000001,40874.293000000005,9765.71,7733.798,9101.694
1594,14289.589,42033.831999999995,10916.341,8297.545,8638.827000000001
1595,14781.383999999998,42076.998,12222.462,8855.207999999999,8189.2
1596,15101.798999999999,41848.07000000001,13187.294,9213.245,7991.237000000001
1597,14884.977,40724.749,14183.629,9187.868,8118.2300000000005
1598,15917.388,40061.380000000005,14152.493,9048.274999999998,8102.57
1599,16695.907,37875.906,14551.728000000001,8492.443,8707.856
1600,18020.779,35771.045,14050.874,7791.725,9697.417
1601,20177.914,35249.941999999995,13748.558,7225.544,9542.711
1602,21033.612,38437.754,11380.786,6822.192,9736.968
1603,21320.525,41348.236000000004,10049.669000000002,6515.549,11604.310000000001
1604,21689.0,42592.032,11033.347999999998,6572.655,12126.548
1605,20894.456,42846.716,10884.261,6609.807000000001,11538.7
1606,20720.867,42377.758,10093.697,6626.637000000001,11528.872000000001
1607,20846.053999999996,41051.18,9739.482,6626.098,11176.532
1608,21087.673,39170.437999999995,9754.588,6581.744000000001,10590.270999999999
1609,19910.442,38434.031,9394.26,6502.1179999999995,9181.164
1610,19032.011,37482.583,9067.604,6498.927,8255.394
1611,18455.898,36037.092,8489.655999999999,6512.543,7913.7880000000005
1612,18066.132999999998,34647.801999999996,8226.138,6458.064,7843.909
1613,17573.387,33834.297000000006,8211.311,6511.745,7875.313000000001
1614,16218.462999999998,33871.249,8219.051,6556.908,7942.342
1615,13649.155999999999,33529.334,8770.094000000001,6748.583,8013.406
1616,12003.836000000001,34079.71399999999,10036.875,7190.326999999999,7602.3
1617,10778.697,34708.815,10866.101999999999,7821.007,6958.647999999999
1618,10856.455999999998,33635.43,11960.276,8443.384000000002,7024.782999999999
1619,11080.907,33208.308000000005,12656.187999999998,8983.595,7203.093
1620,11548.403,33365.001000000004,13377.18,9343.206,7271.570000000001
1621,11878.360999999999,33760.166,13972.185000000001,9423.534,7290.169
1622,11618.057999999999,33739.628,14694.431,9151.898,6976.655999999999
1623,12112.307999999999,33628.82,14726.083999999999,8657.514000000001,7163.698
1624,13993.247,32905.740000000005,13169.117,8094.652,8556.483
1625,18861.5,30794.226000000002,11804.401,7674.1939999999995,8769.528999999999
1626,23083.272,31173.074999999997,9366.494999999999,6962.345,9715.009
1627,23917.015,33622.561,9418.322,6560.816,11410.385
1628,24221.457,35477.618,10155.47,6546.429,11841.821
1629,23827.815,36429.944,9703.702000000001,6561.349,11640.664
1630,23660.056,37231.121,9576.229,6567.1810000000005,11263.529
1631,23420.612,36946.603,9200.992,6554.154,10934.711
1632,22935.716999999997,35865.55100000001,8279.053,6591.004000000001,10207.446
1633,22008.03,35500.974,7719.01,6516.05,8561.555
1634,22444.510000000002,32662.278999999995,7650.223,6478.731,8301.328
1635,22090.405999999995,30810.289999999997,8003.42,6474.096,8183.156999999999
1636,21905.764999999996,29421.291,8238.163,6461.159,8214.863000000001
1637,22072.378,29148.281000000003,8377.262999999999,6354.981,8105.960999999999
1638,21894.717,30215.393000000004,8913.164,6403.5070000000005,8282.537
1639,19680.981,32520.855999999992,10381.273000000001,6700.170999999999,8887.868
1640,17425.439000000002,36040.064,13149.793,7361.222,9540.54
1641,16271.44,39326.668000000005,15251.937999999998,8209.175,10103.564
1642,16807.204999999998,40075.751000000004,15667.861,8977.003,10192.619999999999
1643,17673.043,40415.149,16507.864,9460.758999999998,9939.085
1644,18842.082,40277.94,16401.277,9633.826000000001,9998.296
1645,20514.957,37533.838,16492.512,9582.091,9721.7
1646,23655.528000000002,37468.488,16531.228,9293.389,10001.537
1647,24743.509,36355.43,17529.706,8784.591999999999,10617.689
1648,25634.775999999998,35362.792,17884.792,8205.223,10573.983
1649,25485.601,34622.748,18040.142,7513.585,10806.447
1650,24995.409,34280.58,14509.92,6864.448,11139.929
1651,24693.368000000002,36842.015,12408.188999999998,6632.258000000001,11397.928
1652,23741.016,40450.97900000001,12538.385,6754.276,11370.002
1653,22310.671000000002,42328.683000000005,12392.835,6804.7970000000005,10989.065
1654,21835.438,43252.784999999996,11802.767,6797.9310000000005,11230.720000000001
1655,21579.214,42015.25,10770.327,6641.755999999999,11338.497
1656,20973.072,40153.23099999999,10001.457,6554.284,10586.473
1657,19906.4,38616.363,10409.725,6496.63,8854.645999999999
1658,19467.030000000002,35880.388999999996,10294.056,6430.942999999999,8524.824
1659,19220.227,34475.185000000005,9934.658,6434.339,8309.009
1660,19173.463999999996,33591.081,9696.998,6417.603999999999,8129.266
1661,19181.165,33547.918000000005,9644.101999999999,6388.058999999999,8132.204
1662,18991.476,34559.123999999996,10528.931,6426.992,8054.021
1663,18024.120000000003,35761.758,11783.405999999999,6802.883000000001,8799.275
1664,16586.917999999998,38071.001,14068.467,7507.012,9900.01
1665,17383.929,40076.152,15961.955,8384.764,10571.613
1666,18058.783,40722.814,16487.796000000002,9094.441,10796.426000000001
1667,18881.364999999998,42563.00200000001,16647.503,9582.756,10369.197
1668,19103.701,43332.524000000005,16494.406,9868.443,10284.813
1669,19101.799,42274.837,15402.685,9820.556,10192.045
1670,21041.894999999997,42214.442,16286.926,9494.793,9829.149
1671,22668.701,41989.626000000004,16711.920000000002,9015.185999999998,10012.02
1672,23667.379,41313.623999999996,16365.368999999999,8351.735999999999,10309.753
1673,23661.946000000004,39525.6,16412.612,7572.76,10316.682999999999
1674,22957.051,38923.597,13575.007000000001,6947.986,10064.257
1675,23605.138000000003,39082.704,12200.847000000002,6743.625,10661.154999999999
1676,22975.441000000003,41437.56,12134.919,6852.861999999999,10889.310000000001
1677,21770.722999999998,42553.913,12126.891,6875.107,10753.448
1678,20987.955,43145.001,12205.716,6914.927,10296.443
1679,21173.712999999996,41354.313,11299.941,6770.564,10161.146
1680,20824.510000000002,38923.981,10797.969,6725.43,9171.278
1681,20026.139,37097.501000000004,9568.679,6694.317999999999,8577.76
1682,19937.222999999998,35658.051999999996,7946.746,6656.7029999999995,8370.744999999999
1683,19729.291,34083.172,7723.713,6601.064,8091.782
1684,19981.968,33369.018000000004,7430.64,6354.398999999999,7962.489
1685,19801.936999999998,33335.816,7526.941,6315.722,8008.628
1686,19003.138,34284.712,8906.068,6381.959,8137.5689999999995
1687,17239.739,36075.418999999994,10840.701000000001,6757.878,8467.252
1688,16703.175,38383.708,12625.804999999998,7387.665,9330.841
1689,17325.188,40234.658,13821.866999999998,8316.498,10123.368
1690,18074.029000000002,41754.977,13448.178,9053.659999999998,10362.726999999999
1691,18301.053,42799.28,14395.62,9599.901999999998,10312.979
1692,18265.068999999996,43687.634,14860.795,9904.203999999998,10287.234
1693,17693.821,43143.215,14661.748,9932.023,9906.324
1694,19182.329999999998,43842.123999999996,15563.853,9592.053000000002,9577.797999999999
1695,21190.006,44221.872,15831.824999999999,9026.322,9566.251
1696,22109.527000000002,42947.081,16580.017,8317.971000000001,9384.224
1697,22442.204999999998,42918.600000000006,15359.79,7599.5830000000005,9463.782
1698,22321.617,39651.03,14217.105,6995.751,9346.794
1699,22029.308000000005,40925.538,13172.098,6743.978999999999,10028.021
1700,20772.009,43615.489,13168.076,6807.897000000001,10513.938999999998
1701,19732.236999999997,44696.174,13227.868,6868.5830000000005,10327.917
1702,20542.068000000003,44159.027,13147.974999999999,6789.161999999999,10317.725
1703,20804.47,42803.377,12241.325,6614.121999999999,10193.453000000001
1704,21295.791,39726.619999999995,11282.221,6608.2,9389.115000000002
1705,21087.807999999997,37977.62899999999,9282.919,6640.0560000000005,8803.133
1706,20332.897999999997,36566.253000000004,8817.373,6580.764,8233.875
1707,19927.748,35278.205,8679.525000000001,6550.5560000000005,7894.504000000001
1708,19527.043999999998,34375.708,8699.604,6552.505999999999,7808.011
1709,19737.445999999996,33487.314,9221.927,6550.008,7805.315
1710,20272.5,34070.704,9624.05,6565.749,7899.748
1711,17468.642,36819.628000000004,10667.476999999999,6895.348,8871.498
1712,16135.172999999999,39408.158,12574.249,7604.312,9698.517
1713,16672.352,41058.649999999994,14327.982,8467.232,10446.279
1714,17386.734999999997,41686.354999999996,15105.694,9209.058,10234.148
1715,18076.904,41574.688,16165.394,9656.301,10349.993
1716,19348.479000000003,40917.231999999996,17338.561,9901.616,10223.958
1717,18892.643,39673.570999999996,18018.823,9892.798,9456.222
1718,20242.777000000002,40202.857,18603.61,9679.902000000002,9341.971
1719,22268.085999999996,40555.752,18272.307999999997,9079.956,9241.787
1720,23766.178,39442.426,17655.289,8235.835,9140.670999999998
1721,24424.460000000003,37926.418,17876.447,7544.902999999999,8966.985999999999
1722,24283.131,37551.769,14951.967,7030.442,9281.434
1723,23814.182999999994,39150.731,13359.705000000002,6908.708,10256.161
1724,23613.060999999998,41415.003000000004,13113.576,7033.678,10478.597
1725,20991.45,43662.611999999994,12950.041,7069.4310000000005,10302.939
1726,20345.524999999998,44064.40699999999,13335.653,7050.653,10058.272
1727,20775.081,41650.053,12859.676,6978.938,10077.551
1728,21825.646999999997,37695.515,12001.267,6767.937,9749.173999999999
1729,22067.835,35503.636,10746.694,6688.834,8529.46
1730,22011.824999999997,33649.324,9798.756000000001,6644.76,7935.368
1731,21556.668,32071.95,9635.912,6620.696,7748.873
1732,21670.072999999997,30667.436,9563.463,6557.514,7738.399
1733,21922.576,29735.602,9800.892,6587.532999999999,7670.374
1734,22647.301000000003,30062.212999999996,10706.05,6598.481,7633.057999999999
1735,21802.244000000002,31900.767000000003,11633.871,6888.22,7829.351
1736,19031.983999999997,34639.815,14391.433,7526.194999999999,8337.198
1737,18568.747,36847.269,16524.026,8255.465,8268.656
1738,19379.065,37235.729999999996,17119.529000000002,8953.600999999999,8039.524
1739,20055.631999999998,37699.235,17907.311,9509.291,8299.414999999999
1740,20408.086,38037.87699999999,19077.472,9760.17,8428.276
1741,20627.199,36252.634000000005,18953.705,9620.903,8555.257
1742,21920.510000000002,36144.695999999996,19565.044,9293.55,8455.585000000001
1743,23783.070000000003,34798.579,19147.378,8881.298999999999,8985.866999999998
1744,24908.172000000002,34197.649000000005,19059.741,8259.496,8795.868999999999
1745,25644.536,33829.595,18067.017,7488.935,8930.387999999999
1746,25179.229000000003,34450.448,14473.633,6989.142000000001,9804.697
1747,24653.705000000005,36259.049,13561.158,6849.607999999999,10243.997
1748,24415.398,38249.955,13588.995,6838.1669999999995,10617.333
1749,24300.49,37779.736,13179.875,6863.9220000000005,10468.526
1750,24378.087,38034.137,13436.426000000001,6826.251,10071.453
1751,24284.574,36511.764,13061.436,6878.976000000001,9955.728
1752,23817.031,34580.599,12593.604,6884.102,9544.124
1753,23444.645,32430.206999999995,12572.909000000001,6817.244,8124.2570000000005
1754,23221.806999999993,30367.136,12064.265000000001,6699.22,7819.49
1755,23005.906000000003,28970.641000000003,11073.949,6670.174,7865.2609999999995
1756,22777.811,28534.622,10436.75,6570.135,7729.178999999999
1757,22794.423,28768.873,9767.84,6560.795,7677.222
1758,22164.864999999998,29002.116,9762.9,6593.881,7687.551
1759,19060.099000000002,30514.553000000004,10501.687,6872.913,8124.603999999999
1760,17476.396,31966.401,12016.168,7559.759,8587.973
1761,15310.509,34837.58,13091.472000000002,8291.572,8669.582
1762,13816.389,37381.89,14371.421,8824.333,7761.751
1763,14062.400000000001,37378.039,15658.055,9238.817,7576.097
1764,14946.435,36628.289,16738.495,9483.941,7426.612999999999
1765,15797.467,34835.693,16722.369,9732.896,7641.542
1766,16372.695999999996,32841.732,16573.065000000002,9491.493,8331.992
1767,16994.556,31743.478000000003,15572.536,9030.104000000001,8496.855
1768,18762.475,31387.620000000003,14340.658,8357.771,8240.671
1769,20883.721000000005,30994.11,14142.25,7634.407999999999,8107.684
1770,22185.102,32528.683999999997,13209.553,6710.317,8682.485999999999
1771,22187.223,37236.369000000006,12332.619999999999,6252.879000000001,9782.032
1772,22508.113,39526.335999999996,11757.144,6254.697,9968.161
1773,21317.809,40433.378,11008.768,6277.853999999999,9275.689
1774,20774.004999999997,39587.269,10545.245,6311.698,9244.208999999999
1775,20844.416,37916.917,9663.154,6309.155000000001,9405.25
1776,20730.264,36120.29,9091.089,6200.5560000000005,9080.387999999999
1777,20269.635,35317.473000000005,7936.076,6142.456,8528.978
1778,20530.007999999998,32867.355,7465.155999999999,6128.445,8241.734
1779,20104.817000000003,31342.815,7163.849,6133.273000000001,8107.407
1780,20486.762,29528.635,7043.713,6106.225,8011.691999999999
1781,20546.902000000002,28453.005,7118.933000000001,6074.885,7841.3730000000005
1782,20351.925,28237.852,7044.1630000000005,6090.086,7390.740000000001
1783,18610.848,28127.241,8508.885,6270.857999999999,6580.611
1784,14078.759000000002,31208.517999999996,9877.907,6808.199,6577.472
1785,10463.162,33721.64,10382.872,7491.294,7022.928
1786,10473.063,32365.389000000003,11390.248,8175.628,7239.411999999999
1787,11668.517000000002,30971.191999999995,12729.796999999999,8632.758999999998,7222.604
1788,12104.457,30258.882,14435.678,9074.976,7145.754
1789,12262.224,30136.359000000004,15398.175,8937.888,7065.224999999999
1790,12650.923999999997,29143.759000000002,15467.116000000002,8683.426,7853.124
1791,13857.713000000002,27769.376999999997,14891.051,8278.679999999998,8663.609
1792,17403.538,25359.744,14127.831000000002,7610.458,8708.526
1793,19996.971,25006.227,13411.068,6917.839,8885.714
1794,22710.334,27181.578999999998,12122.856,6457.474,9031.467
1795,22965.373,32042.403000000002,11654.858,6289.985000000001,9671.737
1796,23152.212000000003,34252.192,11201.782,6456.746999999999,10216.159
1797,22813.158000000003,34392.015,10453.732,6709.321,10338.693
1798,22874.808000000005,35206.302,9286.205,6820.099,10359.123000000001
1799,22807.141,35043.117,8695.995,6824.8679999999995,9691.883
1800,22775.052,32859.151,8422.555,6738.13,9269.89
1801,23416.732,30140.826,8350.077,6664.186000000001,8314.045
1802,23039.130000000005,27857.386,9033.044,6657.803,7934.013999999999
1803,22712.888,27091.132999999998,8439.651,6666.286,7832.157
1804,22043.474,27047.12,8166.376,6628.838,7821.830999999999
1805,21813.325,27058.092000000004,8487.943,6626.464,7764.137
1806,21890.292,27740.608,10114.615,6666.378,7680.621999999999
1807,21260.848,29734.396999999997,11857.161,6896.147000000001,7590.8
1808,18044.981,34275.575000000004,14344.358,7480.133,8155.277
1809,17979.200999999997,37857.405,14915.804,8279.451,8960.707999999999
1810,19045.935,38032.278,15227.878,8928.37,9498.64
1811,19504.053,37759.604999999996,16591.464,9248.634999999998,9441.542000000001
1812,20028.381999999998,36673.582,17634.913,9485.784999999998,9147.071
1813,19552.893,35653.378,17284.554,9368.718,9248.903
1814,21022.908,36393.827000000005,17963.373,9199.127,8998.361
1815,23826.194000000003,36377.221000000005,17334.414,8850.92,8684.849
1816,24621.132,35707.843,17260.224,8287.323,8826.822
1817,24087.703999999998,35991.852,17034.579,7686.984,8952.998
1818,23614.948999999997,35182.102,14350.311000000002,7111.338,9404.975999999999
1819,23883.875,36617.97,12791.34,6875.236,10164.312
1820,22734.149999999998,40704.569,12534.67,6860.611,10200.145
1821,22014.142,41808.712,11817.619,6860.556,10087.954
1822,21670.431,42075.93,11645.045,6859.071,10126.664
1823,22167.363,40057.637,10934.071,6866.33,10015.997
1824,21483.261,37763.43,10775.067,6777.697,8788.755
1825,20897.09,34660.134,10328.868999999999,6732.27,8366.698
1826,20118.19,32802.859,10005.285,6683.4259999999995,8237.325
1827,20214.777,30131.203999999998,10094.416,6700.362999999999,8270.612
1828,20826.736000000004,28760.019,9480.734,6703.763,8108.073
1829,20986.547000000002,28359.061999999998,9719.429,6672.142,7894.128
1830,21371.38,28434.826,11264.229,6681.018,7729.022
1831,21023.271999999997,30131.017,12515.481,6853.053,7724.752
1832,17906.745000000003,33700.358,15696.734,7501.245,8292.663
1833,17718.476,37612.289,15020.871,8333.476999999999,9274.83
1834,17431.099000000002,38767.144,15202.279,9053.733,9647.559
1835,18136.217999999997,39453.221999999994,16344.205,9444.649,9519.261
1836,19157.763,39142.875,17605.994,9615.305999999999,9361.381
1837,19249.977,37705.637,17328.243000000002,9510.957,9133.476
1838,20225.645,37938.863,18030.913,9211.750999999998,8895.081
1839,22023.307,37022.173,19628.194,8757.763,8702.014000000001
1840,23866.253,36088.774000000005,19692.427,8289.399000000001,8251.048999999999
1841,25244.23,35253.606999999996,18677.316,7793.087,8071.554
1842,24778.957000000002,34303.933000000005,14921.615,7178.516999999999,9153.328000000001
1843,24526.976,36099.653999999995,13848.101999999999,6856.365,9611.346
1844,24723.76,37330.024,13347.908,6760.932000000001,10081.719
1845,25025.545,37223.347,12892.776,6800.986,10184.875
1846,24949.044,37338.733,12609.460000000001,6776.955,10104.236
1847,24550.379,36503.542,11067.458,6757.0779999999995,9976.192000000001
1848,24473.129999999997,34068.317,10686.565999999999,6639.9400000000005,8944.096
1849,23771.125999999997,31983.461000000003,10127.848,6657.366999999999,7946.258
1850,23185.154,29744.609,9701.543,6699.749,7698.326
1851,22917.088,28571.290999999997,8984.74,6704.52,7605.537
1852,22798.907000000003,27886.109999999997,8542.071,6704.689,7455.467
1853,22890.109,26643.619000000002,9447.047999999999,6690.031,7392.956
1854,22941.646999999997,25738.978000000003,12040.841,6712.736,7498.868
1855,22782.644,27635.260000000002,12795.243000000002,6916.102,7886.494000000001
1856,19885.363,32975.465000000004,13082.267,7551.843,8447.038
1857,18887.53,35525.585,14190.161,8321.389000000001,9238.576000000001
1858,19095.587,35206.263999999996,15878.883000000002,8823.085,9409.518
1859,19841.093,35022.257000000005,17167.105,9221.314999999999,9196.108999999999
1860,19842.441,34935.66,17644.502,9444.925000000001,9228.738
1861,19164.293,33344.990000000005,17506.888,9309.114,9061.0
1862,20517.981,34003.201,17679.772,9214.709,8976.956
1863,22938.372,34039.761,17933.457000000002,8632.952000000001,8583.336
1864,23835.301,34001.886,18439.932999999997,7997.228,8185.442999999999
1865,24533.947999999997,33971.963,17452.11,7504.943,7998.662
1866,24350.344,34347.897,14180.693,7072.956,8368.350999999999
1867,24073.311,37248.361999999994,12680.836,6847.401,9047.304
1868,24013.669,39053.016,12744.394,6826.476,9211.014
1869,23847.137000000002,39165.955,11915.539,6813.019,9181.749
1870,23824.914,39208.226,11609.83,6759.359,9021.971
1871,23699.054,38025.564,10152.534,6753.84,8810.948
1872,23712.374999999996,34739.115,9674.052,6632.2119999999995,8298.095000000001
1873,23297.518000000004,31690.301000000003,8854.401,6638.795,7822.1759999999995
1874,22982.857999999997,28036.855000000003,9585.622,6626.001,7778.433
1875,22965.194000000003,24832.177,10591.169,6628.41,7848.627
1876,22929.412,23261.177,10880.060000000001,6688.566000000001,7839.991
1877,23103.653,22904.804,11345.665,6701.145,7863.284
1878,23220.162,23782.478,12137.319000000001,6669.814,7976.798999999999
1879,22785.464999999997,25990.432,12785.154999999999,6878.285,8280.043
1880,18861.69,30843.709000000003,14849.472000000002,7484.228999999999,8640.017
1881,16811.069,34384.766,15882.437,8268.574999999999,9099.932999999999
1882,16273.333999999999,35613.047,16300.636999999999,8863.319,9107.305
1883,16628.971,37232.744,17204.843,9198.99,8420.43
1884,17486.724000000002,37618.918999999994,17439.177,9402.125,8028.717000000001
1885,17648.999999999996,35688.038,17117.667999999998,9475.345000000001,8270.838
1886,18674.878999999997,36299.823000000004,17506.934,9134.114999999998,8905.401
1887,19662.240999999998,38074.816,17165.541,8466.905999999999,8852.918
1888,21198.834,37514.003,15782.125,7878.972,8596.801
1889,23099.149,36728.591,14696.723,7467.762,8323.932999999999
1890,23562.163000000004,36937.704,11663.796999999999,7033.070000000001,8458.202
1891,23421.818,38764.034,11024.759999999998,6672.33,9269.847000000002
1892,23380.514000000003,39872.85999999999,12028.483,6678.88,9699.87
1893,23726.128,39188.388,11521.971,6702.290999999999,9648.967
1894,24177.782000000003,38139.468,11442.806,6709.849,9587.337
1895,24218.77,36720.673,10188.305,6708.638,9507.44
1896,24461.947000000004,32808.51,9739.319,6716.294,9241.928
1897,24188.144999999997,29858.702,9781.574,6765.83,8296.65
1898,23780.124999999996,27463.258,9518.265,6767.669,7763.232000000001
1899,23798.660999999996,25307.079999999998,9149.749,6756.8279999999995,7724.446
1900,23777.987999999998,24133.608,8823.098,6786.918,7657.96
1901,23837.302,24156.246,8992.904,6803.361999999999,7687.974999999999
1902,23698.051000000003,25208.63,9770.384,6813.294,7620.729
1903,22896.645999999997,28523.379,10257.968,6981.674999999999,7667.6939999999995
1904,19615.439,33722.006,11120.579000000002,7558.536,8257.288
1905,17610.923000000003,37176.632,12590.089,8247.216999999999,8581.492
1906,17468.803,38545.113000000005,13979.916000000001,8873.08,7765.192999999999
1907,17948.479,38590.141,15473.997,9358.954999999998,7929.836
1908,18512.906000000003,38836.805,15375.848999999998,9667.851999999999,8183.554
1909,17692.739999999998,37695.746999999996,14645.132,9675.889,8428.363
1910,18724.524999999998,39354.655,14164.231,9335.868,8384.157
1911,21075.514000000003,39566.262,13623.859,8694.993999999999,8739.838
1912,22946.104000000003,38621.36,12977.936,8054.424,9082.719
1913,24297.687,36586.195999999996,12599.247000000001,7711.972,9086.129
1914,24581.025,34867.314999999995,12319.604,7187.393000000001,9244.198
1915,24107.626999999997,36831.289000000004,12520.07,6881.789000000001,9846.823
1916,23603.373,38424.898,13087.801,6793.648999999999,10101.91
1917,23441.402000000002,37654.721999999994,12327.304,6857.612999999999,10016.313
1918,23664.839999999997,37218.472,12163.240000000002,6882.118,9683.489
1919,24068.851,35541.441,11735.607,6872.266,9400.633
1920,24459.716,32689.878999999997,10665.410000000002,6873.976000000001,9255.34
1921,24706.046999999995,29997.461000000003,9361.799,6602.235,8727.576
1922,24587.092,27268.519,8721.295,6556.3060000000005,8264.879
1923,24228.327999999998,25494.967,8984.208,6520.171,7762.3009999999995
1924,24021.025999999998,24155.927999999996,8883.999,6576.0960000000005,7661.878
1925,23861.835,24273.653,8267.29,6613.412,7701.819
1926,23651.364,24841.506,7901.111,6633.258000000001,7598.016
1927,20868.440000000002,27590.370000000003,7977.426,6765.685,7566.875
1928,17022.965,32448.372,9151.453000000001,7129.11,7784.727
1929,14101.886,36021.278999999995,10930.927,7797.219,7629.245
1930,13075.280999999999,36561.426,13539.158,8414.768,6901.709999999999
1931,13082.461,36091.167,15057.279,8891.836,7109.105
1932,13253.735,36029.322,15405.956,8940.784,7261.286
1933,13178.201,34876.460999999996,14903.653999999999,8549.156,7402.759
1934,13375.9,33881.164000000004,14605.668,8359.149,7968.123000000001
1935,14517.041,33634.947,14049.774,8147.856000000001,8249.354
1936,16588.866,33418.623999999996,12783.576000000001,8014.717000000001,8736.678
1937,18841.699,33811.577000000005,11385.087,7500.797,8568.818
1938,21572.082,33625.515,9887.009,6878.526000000001,9447.134
1939,23617.304999999997,35926.028,10372.018,6628.311999999999,10144.85
1940,22689.570000000007,37603.03199999999,11253.257,6597.025000000001,10090.892
1941,20866.889,38253.17399999999,10057.717,6609.876,9926.595000000001
1942,20842.578,38007.024999999994,8880.428,6556.272,9877.67
1943,22126.267,35804.925,7628.18,6542.614,9626.469
1944,22917.237999999998,33533.771,7406.822,6573.563,8829.126
1945,22719.829999999998,31678.549,7146.9800000000005,6505.098,8065.805
1946,22558.49,29723.172000000002,7012.509,6370.162,7659.304
1947,22046.397999999997,28085.583000000006,7067.991,6355.126,7483.7210000000005
1948,21044.43,27389.817000000003,7050.201999999999,6457.929,7421.261
1949,20595.618000000006,26660.04,7091.142,6621.377,7331.098
1950,20042.120000000006,25852.135,7591.0779999999995,6650.695,7226.380999999999
1951,17793.183,26181.405000000002,8482.558,6837.938,6759.208
1952,15460.578,28294.269999999997,9828.198,7083.138000000001,6262.825
1953,13429.283,29724.486,10846.047,7920.175,6470.71
1954,12095.259,30107.542,11943.545,8610.708,6523.661
1955,11338.877,31182.267999999996,12936.092,9084.534,6581.450000000001
1956,10444.035,32416.924,13215.105,9192.804,7014.25
1957,10463.609,32595.991,12850.88,9145.464000000002,7119.518
1958,11432.015,31096.085999999996,12862.585,8851.729,6909.077
1959,14160.954999999998,29347.63,12066.249,8392.138,7561.53
1960,16345.969000000001,29197.495000000003,11603.907000000001,7887.554,8195.301
1961,19359.985,28366.876000000004,11536.197,7335.714,8527.868
1962,21496.987,29895.373,10429.69,6912.102,8675.964
1963,22430.935999999998,34117.469,10423.576000000001,6876.901,9132.317000000001
1964,22266.94,35591.122,10732.220000000001,6813.266,9509.948
1965,21348.666,35673.662,10939.909,6903.091,9516.848
1966,20967.413,34797.504,11180.071,6950.932000000001,9717.826000000001
1967,22061.050000000003,33622.456,10307.539,6967.893,9205.365
1968,22727.711,31955.829,8920.429,6981.917,8568.053
1969,23067.865,29318.499999999996,8004.826,6919.885,8380.858
1970,23175.712,27381.254,8018.9400000000005,6842.1140000000005,7701.533
1971,22774.553000000004,26407.221,7772.517,6785.262,7551.508
1972,22679.704,25515.288,7911.093000000001,6756.16,7508.414999999999
1973,22624.370999999996,25529.967999999997,8041.642,6803.736,7453.223
1974,22665.211,27181.773999999998,8800.538,6770.974,7481.289
1975,20662.162,30774.337000000003,10123.137,6963.100999999999,7560.187
1976,18719.425,34596.922,12454.869,7508.374000000001,8112.329
1977,17880.395,39310.982,12869.391,8260.876,9009.216
1978,18635.104,39419.039000000004,13937.901,8887.332,9064.385
1979,19855.416,38761.64,15174.978,9285.919000000002,9360.041000000001
1980,19595.464,39229.899000000005,15835.291000000001,9391.472,9495.326
1981,18566.509000000002,37822.814,15297.215,9140.210000000001,9515.895
1982,20230.398999999998,39047.837,14417.675,8759.395,9398.522
1983,23516.184000000005,39405.687000000005,13543.347,8339.072,9440.448
1984,24259.208000000002,39366.593,14076.36,7857.075,9278.381000000001
1985,24553.266,39403.683000000005,13126.372,7530.820000000001,9507.662
1986,24049.084,38054.107,11184.126,7200.724,9451.764000000001
1987,23221.693,39433.902,11335.052,7034.227000000001,9932.655
1988,22012.003,41499.929000000004,12603.66,7004.371999999999,9983.614000000001
1989,21927.342,41462.974,12163.508,6981.305,9916.092
1990,22791.322,40419.206,12208.235999999999,6973.179,9518.972
1991,23273.181999999997,38442.416,11502.841,6961.624,9307.502
1992,23468.756,35046.782999999996,10874.15,6905.37,8698.280999999999
1993,23375.528000000002,32411.841999999997,9716.194,6885.0509999999995,8076.188
1994,23343.470999999998,30248.471,9149.491,6885.989,7506.386
1995,22892.310999999998,29158.945,8191.616,6913.389999999999,7351.23
1996,22000.713999999996,28439.188000000002,8323.151,6819.637,7364.6089999999995
1997,22019.235999999997,28184.292,8428.982,6718.356,7455.018
1998,22658.928,29118.410999999996,8872.902,6720.716,7437.303000000001
1999,20256.381,33179.688,9128.892,6996.875,7675.686
2000,19205.267,36021.079,10482.606,7571.5160000000005,8515.275
2001,18584.319,38011.79,12682.537999999999,8163.630999999999,9041.547
2002,17428.844,39894.475999999995,13871.547999999999,8750.092999999999,8855.657
2003,18023.805,40215.035,15267.166,9277.39,8991.715
2004,19632.850999999995,39955.52099999999,15563.285,9540.273,9189.769
2005,19788.027000000002,38309.755,15039.784,9191.758999999998,9025.165
2006,22042.981,38550.122,14607.809000000001,8862.151999999998,9091.53
2007,22989.277,38970.074,14985.455999999998,8551.14,9612.091
2008,24463.251,39140.121,14760.900000000001,8056.575,9455.111
2009,24888.75,38107.783,14480.392,7454.210000000001,10280.075
2010,24830.781000000003,35196.933,13937.659,7121.276,9821.901
2011,24614.552,36858.424,13223.990999999998,6919.421,10254.453
2012,24547.518999999997,38779.171,13316.068000000001,6831.499,9869.721
2013,24625.818000000003,38789.888,13000.967,6952.151,9502.935
2014,24369.399,38704.868,13071.181,7000.539000000001,9403.789
2015,24404.457000000002,37135.926999999996,11764.635,6991.9169999999995,9180.025
2016,24343.44,35213.83900000001,10370.7,6874.254,8565.503
2017,23915.956000000002,31773.880999999998,9930.727,6835.457,7825.601000000001
2018,23412.894999999997,29003.470999999998,9964.803,6840.036,7615.685
2019,23133.879999999997,27887.371999999996,9295.206,6839.797999999999,7496.800000000001
2020,22810.252,27691.896999999997,8546.84,6799.907999999999,7467.323999999999
2021,22700.933,27720.943,8631.902,6785.737,7504.445000000001
2022,22075.780000000006,28917.648,10291.296999999999,6802.347,7253.844999999999
2023,20630.394,31818.586,11459.398000000001,7004.907999999999,7352.781000000001
2024,19564.274,35500.679,13035.522,7621.995,7751.621
2025,19513.559,37635.327,15128.098,8401.677999999998,8290.272
2026,19889.638,37419.166,16049.877,9016.03,8652.311
2027,20147.412,38004.212,16832.768,9531.392000000002,8867.296999999999
2028,20480.199,37443.293999999994,17705.135000000002,9597.409,8860.158
2029,20574.539,36353.579,16632.557,9205.731,8899.335000000001
2030,21394.968,37380.703,16867.834,8975.226,8749.314
2031,22004.572,37375.506,17681.291,8791.445000000002,8705.851999999999
2032,24174.803000000004,36848.882,15935.99,8305.701,8969.097000000002
2033,25427.644,35561.293,14214.706,7627.673000000001,9964.564
2034,24973.429,34062.876000000004,12541.206999999999,7139.058000000001,10425.931
2035,24845.611999999997,36636.48,12120.587,6894.902,10683.479
2036,24961.344999999998,38333.167,11872.52,6877.842,10833.414
2037,24113.287,38197.818,11790.172999999999,6890.121,10818.944
2038,24191.585,37674.554,11701.352,6810.518,10803.336
2039,24442.198,35598.077000000005,11241.249,6763.344999999999,10222.35
2040,24533.275999999998,32768.02,10476.752,6678.192999999999,9393.976
2041,23785.220999999998,29813.932,9887.342,6674.749,8695.415
2042,23012.43,28163.109000000004,9717.905999999999,6658.727,7961.772000000001
2043,22432.704999999998,27179.066999999995,9515.117,6652.009,7502.214
2044,21738.326,27053.481,8914.176,6653.401,7428.486
2045,21803.074,27066.468999999997,9118.644,6665.215,7111.280999999999
2046,22378.437,28213.636,9496.914,6694.398000000001,7063.790000000001
2047,21693.204,31349.833999999995,9546.585,6940.072,7450.68
2048,19745.012000000002,34137.705,11850.724,7573.465999999999,8199.535
2049,19035.479,37794.795,12399.502,8378.056999999999,7910.621
2050,19155.676,38147.596000000005,13532.802,9000.157000000001,7788.058000000001
2051,19300.862,39402.956,14489.133000000002,9532.625,7499.0019999999995
2052,19345.596,39788.748999999996,15277.126,9655.204,7620.343
2053,19453.36,38173.460999999996,14677.274,9460.344,7563.450999999999
2054,21444.991,38717.63,14667.885999999999,9051.79,7936.296
2055,23112.306,39266.683999999994,14862.383000000002,8601.423,8574.577
2056,24699.726,38421.07,14796.8,8173.798000000001,8736.991
2057,25402.246999999996,36120.979,15998.848000000002,7551.593,8889.739000000001
2058,25099.934999999998,35440.788,13710.653999999999,6961.324,8949.47
2059,24898.802,37210.958,13414.431,6710.417,9385.133
2060,25034.760000000002,37857.856,13620.827000000001,6674.302,9381.261
2061,24050.603999999996,38371.985,13239.719000000001,6733.508,9138.604
2062,23814.111999999997,38105.971000000005,13050.357,6743.106,9111.322
2063,23761.663,36110.915,12518.792000000001,6833.906999999999,9109.367
2064,23785.508,32462.702999999998,12231.717,6933.3189999999995,8636.369999999999
2065,23287.602000000003,30944.908000000003,11155.54,6928.45,7914.122
2066,22449.610999999997,28009.195,11509.696,6913.298,7471.876
2067,21309.923000000003,26704.016,11251.693,6875.223,7434.023
2068,21174.291,25891.664999999997,10559.408,6874.387999999999,7420.035
2069,21036.323,25639.856,10862.996,6848.904,7297.200999999999
2070,21581.576000000005,25740.136,11278.746,6892.956,7620.185
2071,21183.504999999997,27607.785,12481.562999999998,7074.808,7740.120000000001
2072,19586.746000000003,31324.134,14714.465,7605.045,8000.016
2073,20731.57,33921.357,15240.936,8397.007,7553.156
2074,20120.69,35961.587,15410.33,8971.537999999999,8069.595
2075,19876.79,36403.564,16789.494,9507.217999999999,8680.403
2076,19179.974,37158.932,16840.198,9800.596,9086.785
2077,17122.722999999998,37154.559,16944.898999999998,9556.709,8977.888
2078,18976.564,38271.89,17382.872,9199.696,8809.885
2079,20598.228000000003,39008.3,18067.038,8782.032,8473.708
2080,21439.285999999996,38855.341,17220.017,8246.993999999999,8686.065999999999
2081,23301.911,37010.94,16265.552,7726.878,8647.067
2082,23608.850000000002,35741.053,14712.492999999999,7180.427,8744.286
2083,23734.169,37059.579999999994,14961.116,6998.892000000001,9188.296
2084,23944.383,37524.390999999996,15123.461,6961.3279999999995,9396.963
2085,23657.253,37303.534,14310.888,6983.357,9422.936000000002
2086,23428.532999999996,37414.659999999996,13614.267,6992.496999999999,9320.955
2087,23581.015000000003,36252.038,12887.555,6958.696,8924.614000000001
2088,24086.565000000002,34071.738,11816.18,6866.646,8666.310000000001
2089,23701.447,32154.964,10634.235,6821.146,7965.487000000001
2090,23599.570000000003,28850.634999999995,10246.992,6758.858,7910.068
2091,23193.790999999997,26929.14,10041.434,6734.882,7624.915999999999
2092,21658.936999999994,26868.709,9872.626,6713.599,7568.0380000000005
2093,20142.526,26505.811999999998,10120.39,6687.897,7559.967000000001
2094,20001.532000000003,26219.206,10279.981,6688.48,7544.625999999999
2095,18855.345000000005,26859.412,10286.547,6916.007,7803.612
2096,15432.013,30065.445000000003,12541.921,7611.727000000001,8195.678
2097,13801.243,32280.044,14583.725999999999,8315.733,8437.11
2098,13122.936,33764.953,15652.452,8990.314,8269.68
2099,12778.646999999999,34543.387,16269.194,9374.949999999999,8360.029999999999
2100,12967.281,35119.731,16959.529,9547.195,8194.175000000001
2101,13373.66,34671.976,17122.356,9422.918999999998,8025.786
2102,14105.085000000001,34611.946,16628.549,9122.369,8374.749
2103,15446.792,33968.936,15204.442000000001,8858.762,9149.324
2104,17771.372000000003,32841.057,14211.778,8240.172,8601.418
2105,20731.656000000003,32210.839,13226.268,7684.409,8343.452
2106,22576.722999999998,32490.081,11799.009,7207.471,8976.972
2107,23181.115999999998,35978.761,13268.503,7000.553,9227.608
2108,21350.960000000003,38251.297,12978.576000000001,7022.383000000001,9238.008
2109,20363.624,37440.415,12447.177,7059.572,9189.199999999999
2110,20400.552999999996,37260.189,12107.375,7035.369,8946.417000000001
2111,20521.23,35921.049,11895.092,7024.374000000001,8841.18
2112,21150.471999999998,32265.814,11026.347,6919.648999999999,8555.091
2113,20882.912,30506.331,10446.347,6700.017,7983.332
2114,20521.239,28887.489,9693.427,6683.365,7691.553
2115,20350.263,27525.458,9209.280999999999,6641.553,7394.799
2116,20551.451999999997,26376.841000000004,8488.292000000001,6637.718999999999,7379.088
2117,20130.695,25833.064,8275.681,6638.16,7379.351000000001
2118,20249.299,25268.594,7975.378000000001,6640.9490000000005,7282.961
2119,18674.564,25817.444000000003,8097.928,6855.445999999999,7101.009
2120,14751.836999999998,28421.662000000004,10035.742999999999,7289.138999999999,6402.228999999999
2121,12541.003,29209.01,11455.354,7880.604,6572.475
2122,12306.866999999998,28272.378999999997,12336.805,8666.601999999999,6693.624
2123,12863.729,28008.614,13041.268,9191.857,6761.377
2124,12966.452,28298.388,14144.408,9404.101,6892.648
2125,13064.903,28042.980000000003,14683.115,9157.021,6915.110000000001
2126,13179.17,27687.780999999995,14670.357,8729.743,6873.228999999999
2127,13469.783000000001,27781.115999999998,14615.848999999998,8465.733999999999,6764.281000000001
2128,13998.642999999998,28474.222999999998,14726.638,8130.1539999999995,6677.454
2129,18135.975,29165.019,12729.341,7531.544,6858.737
2130,21873.341999999997,28873.171000000002,12085.929,7054.0109999999995,8082.619000000001
2131,22038.912000000004,33529.467000000004,12545.628999999999,6943.084000000001,9090.013
2132,20733.012,36398.815,12125.266,6980.729,9734.463
2133,20142.978000000003,36544.134999999995,12025.488,6985.357,9758.831
2134,19858.448,36525.905,11808.17,6909.281,9727.16
2135,20384.109000000004,35538.046,11073.927,6980.391,9531.526
2136,21058.814,34091.68,9352.547,7020.948,8745.633
2137,20760.534000000003,33047.87499999999,8325.424,7192.375,7776.161
2138,20393.653,31188.572999999997,8082.494000000001,7208.171,7623.648
2139,19521.031000000003,30216.858999999997,7796.0560000000005,7253.467000000001,7623.009
2140,18776.494999999995,30410.869,7235.842,7448.146,7560.276000000001
2141,18507.589000000004,30790.077,7180.687,7447.242,7496.641
2142,18083.877999999997,31956.311999999998,8433.057999999999,7482.844999999999,7526.262000000001
2143,16813.953,34587.590000000004,9776.376,7730.622,7885.427000000001
2144,16367.056999999999,38305.812,10790.736,8314.309,8574.602
2145,16933.162,41182.056000000004,12635.48,9063.701000000001,8908.008
2146,17832.105,40779.939000000006,14407.706999999999,9870.8,9183.503
2147,18720.928000000004,40979.869,15138.108,10578.737000000001,9351.471000000001
2148,19058.113999999998,41109.601,15505.318,11285.382999999998,9385.939999999999
2149,18828.965999999997,39968.629,14982.423999999999,11095.532,9238.305
2150,19340.537000000004,40484.386,16682.41,10436.678000000002,9056.379
2151,20677.924,39647.157999999996,17397.061999999998,9908.037,9217.189
2152,22658.193000000003,38330.466,16980.728000000003,9352.009,9223.824
2153,23582.756999999998,36880.82199999999,16229.588,8750.901,9361.912999999999
2154,23148.515999999996,35662.377,13655.369999999999,8195.097,9244.976
2155,23126.789,37391.944,12960.285,8121.025,9673.909
2156,21268.874000000003,39768.818,12699.939999999999,8195.028,10183.554
2157,20895.139,40132.804000000004,12419.934000000001,8190.632,9896.088
2158,20695.383,40351.213,12187.548,8245.077000000001,9821.717
2159,19908.359,39150.25,11540.306,8338.8,9646.728000000001
2160,19431.309999999998,36981.179,10366.285,8340.472,8918.034
2161,19838.886000000002,35696.614,8835.44,8226.957,8129.978999999999
2162,19328.816,34172.782,8030.638,8175.201999999999,7929.535
2163,19404.35,32840.176999999996,7596.0689999999995,8182.998,7493.634
2164,19185.746000000003,32041.958000000002,7471.394,8165.393999999999,7363.458
2165,19113.104,31840.102999999996,7503.0199999999995,8088.259,7468.567000000001
2166,19249.894,33051.203,8285.297,8010.204000000001,7460.039000000001
2167,17599.571,36381.959,9459.248,8063.036000000001,7463.722
2168,16533.332000000002,38459.097,11768.042000000001,8612.006,8151.942999999999
2169,16749.066,40697.759,12818.625,9226.897,8548.649000000001
2170,16011.675000000001,43314.505999999994,12905.265,9853.505000000001,8088.52
2171,16079.213000000002,44334.182,13985.021999999999,10400.372999999998,7983.117
2172,16531.472999999998,44110.926999999996,14272.280999999999,10631.745,8213.827000000001
2173,15478.417000000001,43125.84700000001,14120.446,10476.764,7848.322
2174,16324.777000000002,43538.014,14575.97,10720.090999999999,7799.518
2175,19322.761,42475.324,14681.224000000002,10463.134999999998,8470.81
2176,20543.269999999997,41973.424,14667.725000000002,9901.818,8521.8
2177,21337.153000000002,40671.709,14494.544000000002,9233.298,8895.803
2178,21535.113,39184.271,12431.801,8821.242,9058.924
2179,20700.197,41505.119999999995,12239.869,8731.788,9290.654
2180,19816.478,43237.986000000004,12419.575,8780.863,9389.875
2181,19936.990999999998,42495.352,12582.512,8894.393,9119.514
2182,20144.692,42061.979,12689.490000000002,8993.49,8804.088
2183,20124.543999999998,40366.923,11863.602,8979.190999999999,8556.315999999999
2184,20257.587,37099.975999999995,10676.631000000001,8997.667000000001,8308.753
2185,20618.484,34003.704999999994,9635.028999999999,8722.3,7875.808000000001
2186,21097.435,31096.411,8812.663,8667.887999999999,7698.307
2187,21302.792999999998,29070.986,8548.005000000001,8614.632000000001,7483.054
2188,21282.113,27978.996000000003,8514.408,8643.49,7407.347
2189,21233.986,27577.741,8811.851999999999,8669.454,7299.923000000001
2190,21196.155000000002,28718.498,9619.755000000001,8672.808,7209.831
2191,19406.794,31888.221999999998,10503.322,8874.732,7363.829000000001
2192,16168.765000000001,36732.817,12758.380000000001,9390.178,7563.494
2193,15511.613000000001,41549.971,13476.246000000001,9876.201,6651.659
2194,15246.192,43019.07399999999,14068.642,9802.455,6953.677
2195,16148.666,43545.947,14743.800000000001,10321.755,7384.464
2196,16554.149,43192.595,14962.978,10627.674,7760.864
2197,16354.631000000001,40915.414,15593.631,10695.997000000001,7643.411
2198,18790.013,40064.614,16093.687999999998,10597.306,8382.541000000001
2199,21433.611,39488.32,15812.735999999999,10068.148000000001,8555.321
2200,23416.152000000002,38207.865000000005,16384.962,9422.282,8542.269
2201,24215.114,35726.22,17828.239,8680.654,9056.741
2202,24675.953999999998,35096.736000000004,15459.039,8037.773999999999,9276.642
2203,24384.549,37764.064,14396.287,7801.609,9805.627
2204,24290.696,38665.011,14126.948,7788.481,9745.997
2205,23860.857,38666.136,14332.776,7825.019,9540.255000000001
2206,23470.142,38832.488,14545.729,7815.507,9457.822
2207,23203.453999999998,37341.622,13668.542,7857.1089999999995,9124.664
2208,21562.779999999995,35266.096999999994,12388.278,7622.9619999999995,8682.762999999999
2209,20573.772,33331.405000000006,11145.199,7460.192,7980.985
2210,19909.483,32050.304999999997,10187.526,7471.496999999999,7796.027
2211,19911.23,30840.281,9121.566,7464.593999999999,7637.112999999999
2212,19794.627,30215.462999999996,8621.408,7433.842000000001,7469.755
2213,19878.946,29942.409,8789.607,7403.397000000001,7451.0689999999995
2214,19738.352000000003,30578.308,10015.689999999999,7444.366,7480.894
2215,18286.419,32681.584000000003,11573.564999999999,7871.899,7592.507
2216,17691.351,35492.901,12825.269,8764.266,7870.142
2217,16848.043999999998,39781.78,14268.215,9553.960000000001,8394.968
2218,17107.714,40920.878,14506.559000000001,10247.428000000002,8748.112000000001
2219,17512.923000000003,41185.612,15537.155,10824.169999999998,8391.609
2220,17673.994,41460.965,15864.271999999999,11024.028,8370.13
2221,17851.697,38981.685,15760.305,10901.505,8494.324
2222,20779.89,37930.520000000004,16018.547999999999,10667.285,8809.246
2223,22880.027,38276.590000000004,16529.393,10019.216,8877.664
2224,23259.626,37450.377,17580.294,9161.403999999999,8774.156
2225,23790.203,36952.193,16939.816,8472.348,8628.342
2226,23668.416,36892.634,14514.839,7923.738,8649.397
2227,23387.028000000006,39295.882000000005,13551.006000000001,7809.89,9581.293000000001
2228,21317.867000000002,41553.527,14001.068,7908.352000000001,9307.739000000001
2229,19971.384,42611.604,13606.578,7930.682000000001,9076.492
2230,20067.189000000002,42329.11,13614.215999999999,7972.448,9063.026
2231,20231.836,39891.044,13725.939999999999,7972.697999999999,8851.172999999999
2232,19872.847999999998,37432.639,12905.405,7888.553,8318.569
2233,19019.890999999996,35961.036,11669.346000000001,7478.575000000001,7897.045999999999
2234,19159.899,34427.365,10853.433,7071.9490000000005,7618.152
2235,19263.359,32930.693,9884.457,6951.331,7469.828
2236,19518.904999999995,31735.582000000002,9492.365000000002,6892.331,7417.281000000001
2237,19550.509,31304.213000000003,9527.837,6852.43,7469.905000000001
2238,19814.720000000005,31788.89,10640.372,6859.893,7346.192000000001
2239,18837.074,33690.445999999996,12053.993999999999,7130.809,7566.704000000001
2240,17699.368000000002,36907.981999999996,13868.666,7760.505999999999,7433.05
2241,17539.462,39725.176,15370.917,8359.589,7529.643
2242,17696.103,40331.167,15170.467,9016.581,8067.479
2243,18223.509,40465.563,15037.137999999999,9582.12,8795.172999999999
2244,19400.441,39320.019,14981.169,9818.567000000001,8800.395
2245,18329.274999999998,37332.119,14772.206999999999,9847.069,8721.777
2246,20265.324,37155.965,15083.385,9565.338,8491.532
2247,23215.996000000003,36590.136000000006,14745.923999999999,8827.277000000002,8210.519
2248,23960.305999999997,35887.0,15698.712,8325.845000000001,7746.001
2249,23651.948999999997,35888.464,15205.356,7833.681999999999,7423.4710000000005
2250,23369.277000000002,35510.39,13675.697,7431.239,8040.652999999999
2251,22251.019,38759.835,13357.639,7211.418,8589.537
2252,21223.828,39724.85,13133.092,7287.909,8525.854000000001
2253,20195.582,39031.960999999996,13216.845000000001,7453.407999999999,8423.69
2254,20106.623000000003,38324.297,13257.152,7581.741,8253.302
2255,19990.038,36895.706,12808.634999999998,7459.4259999999995,8208.807
2256,20655.618,34014.791,11574.171,7235.398,7923.209000000001
2257,20992.783,31640.271,11002.716,6921.258000000001,7564.036999999999
2258,20768.677,29626.596000000005,10185.15,6901.063,7372.695
2259,20172.992000000002,29650.157,8255.546999999999,6897.289,7267.472
2260,18985.366999999995,30012.57,7393.1539999999995,6894.115,7294.671
2261,18533.96,29724.006,7131.195,6910.229,7385.1410000000005
2262,18765.391,29525.614999999998,7142.401,6859.374999999999,7344.308
2263,16706.412,30411.242000000002,7932.834,7011.299,7640.106
2264,14573.746000000001,31453.455,10778.187,7330.849000000001,7960.79
2265,14605.984,32679.411,11507.944,7205.713,8187.307000000001
2266,13934.248000000001,32794.781,12158.503999999999,7228.599999999999,8293.128999999999
2267,14124.542000000001,31845.166,12721.908,7539.343,8049.214
2268,14444.428,30866.979,13289.945000000002,7828.473,7910.993
2269,14765.288999999999,29444.896999999997,13463.594,7942.0599999999995,7795.676
2270,14972.241,28415.78,13619.998,7679.656000000001,7587.224
2271,15351.100000000002,28072.176000000003,13668.595000000001,7402.626,7416.335
2272,16540.047000000002,28236.400999999998,13262.36,7389.614999999999,7183.766
2273,19444.056999999997,28277.926,11786.833,7107.749000000001,7608.314
2274,21502.221000000005,29817.611000000004,11496.323,6718.132,8253.284
2275,22717.905999999995,34019.053,12184.104,6485.646000000001,8639.807999999999
2276,20869.264,36119.356999999996,11769.301,6459.842000000001,8650.472
2277,19579.801999999996,36651.293,10108.962,6465.294,8477.805
2278,19194.449999999997,35461.014,9670.226999999999,6500.831,8345.993
2279,18653.812,34219.32,8556.208999999999,6509.46,8135.669
2280,17986.383,33016.361000000004,7616.043000000001,6493.407999999999,7825.2080000000005
2281,17359.542,32249.731,7148.073,6354.130999999999,6876.283
2282,16263.956,31804.815,6816.639999999999,6195.013999999999,6141.37
2283,15410.77,31267.211,6483.43,6172.647,5685.911
2284,14730.163,30747.299,6190.626,6290.174999999999,5677.842
2285,13688.548999999999,31025.834999999995,6153.299,6312.0419999999995,5582.224
2286,13069.608000000002,31686.439,6360.598,5939.171,5479.558000000001
2287,12318.898,31077.664,6723.3330000000005,5912.095,5434.119999999999
2288,12003.622,30595.047,7382.805,6031.911,5658.767
2289,11269.451,29182.371999999996,9044.509,6444.211,5935.0
2290,11155.215999999999,27588.659,10789.155999999999,6912.725,5844.745
2291,11614.582,27789.042999999998,11384.024,7259.287,5695.346
2292,11778.186,28104.731000000003,11921.665,7565.283,5735.275
2293,11792.598,27707.927000000003,11880.366,7786.896,5924.599
2294,11601.576,26998.404,11570.192,7643.067,5880.037
2295,12249.236,26383.702,11236.664,7286.2609999999995,5814.99
2296,14487.416000000001,25491.426999999996,11145.461,7060.37,6017.821
2297,16725.685,26323.978,10632.465,7250.699,6128.038
2298,19533.494,30389.644,8984.011999999999,6960.831999999999,6780.913
2299,19806.992,33844.84299999999,11605.362,6760.496000000001,7963.416
2300,19084.318,34946.9,11543.588,6708.369,8576.081
2301,18618.603,35117.251,10762.935,6746.468000000001,8391.104
2302,18658.814,34817.075000000004,10133.161,6677.133,8123.155999999999
2303,18376.162999999997,33690.822,9021.655999999999,6737.51,7884.825999999999
2304,17935.482,31713.343999999997,7962.041,6865.527,7535.648
2305,16627.573,31928.592,6422.135,6633.643,7225.152
2306,15935.244,31499.785999999996,5977.637,6334.5509999999995,6894.84
2307,15488.177999999998,31331.071999999996,5890.107,6220.081,6308.995000000001
2308,14946.843999999997,31107.690000000002,5806.343,6121.885,6348.156
2309,15123.318999999998,31122.042999999998,5886.439,6202.8279999999995,6487.749
2310,15856.743,31219.157,7003.965,6351.8009999999995,7290.824999999999
2311,15758.976999999999,32826.696,8934.269,6796.738000000001,7705.644
2312,14876.012999999999,34800.073,11495.512,7349.995999999999,8002.871
2313,14109.89,37587.130000000005,12274.032000000001,7913.119,7767.054
2314,14561.052999999998,37089.039000000004,12448.304,8542.327000000001,7794.839
2315,15092.679,36865.749,13172.12,9018.528,8051.383
2316,15355.951000000003,36457.5,14205.689,9272.604,8110.3
2317,14904.165,34585.57000000001,14032.143,9269.812,7938.210999999999
2318,16163.842999999999,35093.044,14529.268,8961.708,7874.182
2319,19926.506999999998,34986.455,13212.560000000001,8652.256,8136.018
2320,23211.941,33781.420999999995,12675.436,8126.956999999999,7966.811
2321,25029.887000000002,32100.79,13806.526000000002,7554.87,7701.704
2322,25357.337999999996,32077.47,12102.357,7067.517000000001,7865.338
2323,23941.861,35017.736000000004,13176.356,6902.179999999999,8875.452000000001
2324,23039.14,36032.811,13778.129,6931.460999999999,9157.838
2325,22472.250999999997,35915.005000000005,13617.758,6921.002,9120.063
2326,21562.102000000003,36388.401,13005.205,6895.047,9042.003
2327,21049.229,35289.555,11229.01,6898.4220000000005,8699.469
2328,19908.221,33837.015999999996,9481.649,6949.159,7960.457
2329,19679.621,31616.415,8540.04,6797.9400000000005,7269.496999999999
2330,18928.936,30801.384000000005,7170.795,6821.633,7071.416
2331,18504.159,30739.988,6562.401,6602.9800000000005,6420.186
2332,17866.365,30568.184,6539.919,6571.147000000001,6144.306
2333,18072.164000000004,30483.027000000002,6713.216,6508.834000000001,6089.035
2334,18764.737,30079.248999999996,7838.325,6681.4890000000005,7055.521
2335,17575.932999999997,32373.285,9864.208999999999,6882.927,7339.915000000001
2336,15636.057,35555.933000000005,11645.731,7237.890999999999,7682.711
2337,15166.086,36920.683000000005,12953.369,8014.607000000001,7719.664999999999
2338,14774.159999999998,36930.842,13716.145,8499.901,7946.552000000001
2339,14617.775999999998,37761.747,14520.757,8934.693,8008.241
2340,14617.360999999999,38207.786,14933.551,9188.463,8111.673000000001
2341,14990.711,36121.333,15318.503999999999,9099.742999999999,7663.689
2342,17123.668999999998,35878.686,16225.548,8889.284,7769.107
2343,21117.987999999994,34593.593,15833.068,8652.154,7793.9529999999995
2344,23399.702,33443.26700000001,15275.017,8155.613,8060.426
2345,24045.154000000002,33401.021,14615.244999999999,7689.734,8556.49
2346,24688.271999999997,32566.401999999995,12807.91,7210.733,8797.802
2347,23488.451,35902.422,13872.716,7017.188,9262.388
2348,20922.609,38313.583,14428.761,7081.0289999999995,9217.574
2349,20064.219,38991.157999999996,13552.032000000001,7139.5,9146.244999999999
2350,20038.014000000003,38881.042,13111.061000000002,7137.142,9013.594000000001
2351,19692.992000000002,37722.881,11497.01,7126.844,8723.356
2352,18921.565,36212.433000000005,9991.089,7057.768,7903.116
2353,17966.9,34681.153999999995,8307.543,6991.036,7583.061000000001
2354,17572.303999999996,32837.073,7456.845,7001.876,7379.275
2355,17571.722,31258.319000000003,7120.744000000001,6737.8009999999995,7124.682000000001
2356,17471.163,31227.666999999998,6546.141,6594.892,6841.069
2357,17745.065,31475.263000000003,6263.602000000001,6599.131,6783.905999999999
2358,18004.726000000002,32111.174,7585.618,6612.478,6806.563999999999
2359,17163.608,33074.200000000004,10308.537,6859.521,7179.187
2360,14702.856999999998,36194.471,12350.849,7477.745,7897.8550000000005
2361,14685.378,39290.0,12581.399000000001,8099.945,8108.99
2362,14717.001,40136.707,13359.149,8614.778999999999,7694.8949999999995
2363,15818.784,39372.041,14621.801,9109.286000000002,7816.815
2364,17303.951999999997,37971.015,15719.899,9439.587000000001,7722.015
2365,17531.928,35488.903999999995,16070.148000000001,9364.833999999999,7655.723
2366,20322.295000000002,34077.506,15995.501,8991.402,8525.929
2367,22977.631,33558.903999999995,16322.733,8471.756000000001,8580.446
2368,24617.359,33134.791000000005,16357.193000000001,7844.164,8292.14
2369,25300.844,32819.001000000004,16745.866,7294.272000000001,8033.438
2370,26037.981999999996,32110.614,14974.994,6931.588,8357.774000000001
2371,24986.058,36102.202000000005,14689.143,6756.491,9143.971
2372,23280.562,37912.421,14141.6,6739.506,9251.347
2373,22412.418999999998,37152.372,14374.385999999999,6733.783,9121.865
2374,22942.864,36086.877,14362.014,6695.554,9101.03
2375,22617.293,34557.846,13154.943,6666.151,8780.342
2376,22255.976000000002,32448.83,11541.705,6690.572,7948.8820000000005
2377,22082.028,29843.273000000005,10240.83,6215.466,7564.246
2378,22197.502999999997,28063.691,8523.100999999999,6074.844,7537.000999999999
2379,22336.818000000003,27074.233999999997,7226.168,6101.661,7471.370000000001
2380,22293.52,26415.805,6879.22,6058.63,7498.804
2381,22901.351,25502.766,7353.302,6020.829,7466.532
2382,23178.815000000002,25302.002000000004,9503.454,6071.769,7446.561
2383,23094.652,26990.520999999997,11168.037,6374.604,7505.341
2384,22368.92,29954.049000000003,12341.229000000001,7020.024,7919.29
2385,22018.301999999996,32757.463999999996,12694.103,7578.512,8165.499
2386,22637.482000000004,33299.853,13451.648,8304.179,8443.03
2387,23317.992000000002,32851.004,14821.123,8804.69,8600.330999999998
2388,23274.87,32161.014,15824.747,9038.733,8598.43
2389,21638.598,30774.121,15783.318,8996.958,8482.800000000001
2390,22112.877,31579.95,15926.895,8753.521,8226.814
2391,25233.790999999997,30333.882,16161.779999999999,8214.048,8152.886
2392,27183.292,29031.742,16274.949,7510.372,8205.106
2393,26840.143,29164.889999999996,16275.55,6971.767000000001,8644.293000000001
2394,26384.584999999995,29505.144,14919.082,6639.536,8689.385
2395,26492.682,32294.188000000002,14853.538,6483.42,8943.021999999999
2396,26305.016,32736.192,14427.362000000001,6476.302,8996.791000000001
2397,26070.643000000004,32627.134,14128.713,6506.588,8558.801
2398,25937.042,31924.449000000004,14162.009999999998,6526.293,8422.712000000001
2399,25630.036,28959.6,14169.465,6506.9349999999995,8372.06
2400,25421.121,26726.128,12257.081999999999,6444.352,8189.146000000001
2401,24933.929,24237.838,11039.699,6422.431,8018.160999999999
2402,24947.124,22407.195000000003,10148.663,6436.546,7737.294000000001
2403,24805.638000000003,21198.642,9708.39,6415.978999999999,7412.330999999999
2404,24693.443,20185.811999999998,9846.785,6437.835,7331.201
2405,24611.588000000003,19769.33,10066.479,6448.406000000001,7388.721
2406,24758.020999999997,20350.77,11503.149,6441.7390000000005,7447.701
2407,24443.677,22915.849,12114.989,6617.908,7794.775
2408,23035.010000000002,25937.884,13292.593,7131.109,8384.017
2409,21649.512000000002,29300.263,14470.168999999998,7753.394000000001,8521.885
2410,18597.603,30633.275,16081.689,8401.899000000001,8539.882
2411,18934.456,31080.033000000003,16399.324,8844.589,8585.806
2412,18982.029,32362.900999999998,16383.155,9121.017,8262.622
2413,17866.235999999997,32684.575000000004,16252.463,8983.326000000001,7516.938999999999
2414,20452.960000000003,32708.875,15654.749,8668.827000000001,7822.575999999999
2415,21556.181,32137.463000000003,16334.367999999999,8177.73,8502.07
2416,22779.270999999997,30830.517,16191.44,7549.075999999999,8495.481
2417,24630.959,28853.701999999997,15256.987000000001,7072.291,8386.555
2418,25802.923,30254.552999999996,13890.29,6629.234,8236.566
2419,25885.225,32752.931,14996.131000000001,6464.460999999999,8801.537
2420,26153.315000000002,33051.119999999995,14740.912,6436.3240000000005,8688.302
2421,25996.217000000004,31818.464,14644.238000000001,6508.63,8598.538
2422,25585.546999999995,31134.041,14634.953,6572.989,8410.7
2423,25296.439,28632.596999999998,14538.907,6719.144,8201.063
2424,24537.97,26097.457,14427.317000000001,6695.956,7987.634
2425,24423.843999999997,23203.36,13454.672999999999,6738.9310000000005,7731.692
2426,24224.788999999997,21641.272,12417.878999999999,6718.617,7312.006
2427,24275.74,21151.789,10961.392,6664.322,7053.187
2428,24297.237999999998,20644.104,9936.453,6581.072,7133.9580000000005
2429,23668.802000000003,20138.948,10402.095000000001,6586.778,7211.577
2430,23519.36,20080.725,10676.465,6617.0869999999995,7192.1230000000005
2431,22727.511000000002,21600.617999999995,10844.198,6825.333,6830.462
2432,19028.162,24650.278,13336.842,7440.831,6868.446
2433,15844.338999999998,28562.003,14791.462,8131.621,6495.552000000001
2434,13349.239,30712.308,16110.238,8628.407,6067.6759999999995
2435,12402.149,32106.554000000004,16650.242,9026.395999999999,6175.527
2436,13035.386999999999,31446.073999999993,17064.172,9187.612000000001,6425.585999999999
2437,13481.492999999999,30654.875,16962.968999999997,9097.713,6301.996
2438,14672.267000000002,29604.422000000006,16299.088,8647.622000000001,7132.779999999999
2439,17197.872,27685.104,15070.933,8141.145,7796.743
2440,19879.316000000003,26469.64,14734.277,7559.01,7653.354000000001
2441,22380.657,25980.386,14155.656,7072.327,7582.771999999999
2442,25358.083000000002,27103.631,12694.262999999999,6709.474999999999,8191.046
2443,25348.56,30053.917999999998,15024.955,6593.955,9119.494999999999
2444,25323.807999999997,29704.15,14704.158,6560.7699999999995,8833.21
2445,25157.611999999997,29089.201,14230.386,6565.759,8659.98
2446,24751.035999999996,27999.809999999998,12863.668999999998,6602.111,8105.766
2447,23950.312,26814.667,12665.636,6565.226,7484.624000000001
2448,24189.7,25094.02,11584.495,6570.11,7177.061000000001
2449,24445.854000000007,23492.980000000003,10920.288,6626.759999999999,7018.561
2450,24448.305,22448.387,9225.56,6602.361000000001,6810.129
2451,24516.679,22754.979,6955.665,6384.956,6786.296
2452,23639.734999999997,23032.304,5992.669,6376.249,6757.814999999999
2453,21708.527,24058.887,5933.37,6390.758,6812.242
2454,21381.192999999996,23652.828999999998,5999.552,6393.58,6801.592
2455,18607.516,24512.479,6685.186,6574.908,6919.594999999999
2456,11710.305,28024.717000000004,10909.555,6730.197,6593.27
2457,10444.771,29475.457,12437.792,7313.663,6059.583
2458,10790.773,28684.349000000002,13373.765000000001,7734.348,6154.849
2459,11314.28,28599.911,13710.82,8074.794,6264.6089999999995
2460,11646.506999999998,29221.585,14291.029999999999,8234.762,6394.298000000001
2461,11229.496,29571.714,14584.829000000002,8299.844000000001,6106.717999999999
2462,11319.754,29528.75,13903.57,8040.241,5924.086
2463,12133.405,30012.895999999997,12497.984,7615.290999999999,6014.062
2464,13405.079000000002,29853.981999999996,10847.591,7022.5830000000005,7325.1359999999995
2465,17454.56,29365.369,9198.31,6518.880999999999,7825.261
2466,21246.321,29177.461000000003,9622.159,6301.283,8784.122
2467,22640.935,32274.360999999997,11283.85,6187.297,9732.677
2468,21842.602,33232.738,11767.369,6200.8189999999995,9229.182999999999
2469,21537.278000000002,32683.630999999998,12061.044999999998,6221.457,8878.326
2470,21959.369,31885.939000000002,12132.698,6211.09,8292.31
2471,22174.603000000003,30680.567,11543.003,6217.938,7958.657
2472,22627.092000000004,28871.775999999998,9710.351,6199.483,7470.102000000001
2473,23129.759,27791.567000000003,7413.129000000001,6203.619000000001,7171.379000000001
2474,21888.708999999995,27378.370000000003,6665.36,6168.4439999999995,7135.875
2475,20129.558,27597.510000000002,6554.913,6110.228,6809.114
2476,20545.922000000002,26730.261000000002,6393.016,6130.5509999999995,6473.467
2477,21789.742000000002,26026.626000000004,6350.888000000001,6169.175,6616.505000000001
2478,23090.551,26249.89,7371.418,6159.81,6958.411999999999
2479,22306.487999999998,29259.434,8618.150000000001,6404.490000000001,7383.4039999999995
2480,21505.885,31809.988,10400.426,6949.729,7746.822
2481,20157.772,33817.291,12491.073,7615.789000000001,8325.336
2482,19150.123,33741.194,13922.219,8226.124,8718.29
2483,18466.795000000002,34064.476,15596.485,8732.006999999998,8742.498
2484,19043.465,33573.688,16297.725000000002,8968.534000000001,8754.466
2485,18024.176,32926.968,15210.437999999998,8831.571,8831.92
2486,19735.683,32760.78,15210.712,8535.758,8748.033
2487,22288.271,32794.931,14925.472,8044.601,8820.150000000001
2488,25033.821000000004,32464.398,13877.814999999999,7451.4580000000005,8753.835
2489,26202.576999999997,31679.36,13771.935000000001,6933.887999999999,8913.442000000001
2490,25984.612999999998,31197.727999999996,13459.448999999999,6562.590999999999,9233.041
2491,25527.554000000004,34625.205,13386.95,6374.878,9531.786
2492,25339.283000000003,35233.36899999999,13326.248,6383.861000000001,9658.859
2493,25341.35,34221.527,13171.807,6424.137000000001,9626.469000000001
2494,25400.94,33051.333,13175.515,6443.135,9626.403
2495,25485.441999999995,30471.935,13051.698,6461.642,8797.735
2496,25123.315,27475.705,12754.802,6450.87,7698.287
2497,24698.553999999996,25421.925,11247.857,6201.1179999999995,7375.469000000001
2498,24617.013,24340.891,9199.645,6189.209,7341.214
2499,24590.347999999998,23587.493000000002,7858.268,6181.119000000001,7278.737
2500,24365.302,23125.439000000002,7457.744000000001,6129.657999999999,7250.186
2501,24028.346999999998,23688.012000000002,7349.896,6123.0869999999995,7230.277
2502,23811.555000000004,24351.935,8770.412,6146.873,7403.324
2503,23736.591,26381.742,9836.95,6349.325,7753.608
2504,23241.291,29107.719,11508.815999999999,6915.942,8060.014999999999
2505,22338.777,32085.779000000002,11540.107,7514.715999999999,9026.038
2506,20461.313,33009.045,12947.521,8020.762,9423.933
2507,20352.438000000002,33032.058,14449.718,8427.213,9230.028
2508,19928.624,33542.683000000005,14602.453000000001,8730.172,9195.876
2509,18280.677,33280.458,14327.309000000001,8610.751,9217.903
2510,20555.684999999998,33643.015,14567.879,8308.282,9096.7
2511,22321.807,34082.456,14520.293000000001,7938.832,9015.845
2512,25281.406000000003,33516.41,14163.696,7408.3240000000005,8830.601
2513,25952.665,32413.856000000003,15185.282000000001,6860.65,8900.657
2514,25638.087,32187.776000000005,14384.725999999999,6499.104,8931.196
2515,25175.038999999997,35204.695999999996,14268.545,6287.476000000001,9226.707999999999
2516,25169.478000000003,35248.219,14079.408,6243.782999999999,9327.836
2517,24976.253000000004,34005.958999999995,14024.127,6307.6810000000005,9505.342
2518,25028.444,32897.261999999995,14047.697,6339.329,9517.664
2519,25208.95,30838.208999999995,12624.764,6381.859,9251.051
2520,24794.690000000002,28615.316,11281.74,6339.598,8357.492
2521,24366.316000000003,26653.815000000002,9819.448,6094.106,7843.6770000000015
2522,24370.054,25422.109999999993,7891.048,6113.532999999999,7716.67
2523,24295.817000000003,24157.186,7248.540999999999,6156.838,7630.659
2524,24098.104,23406.106,7226.109,6093.630999999999,7562.420999999999
2525,23926.980000000003,23198.878000000004,7412.358,6072.821,7829.919
2526,23495.402000000002,23994.449,9107.546999999999,6124.603999999999,7945.535
2527,22050.171000000002,27455.903000000006,10050.484,6282.339999999999,8533.481
2528,19907.230000000003,32167.765,10569.556,6786.022999999999,9523.939999999999
2529,18055.718,36642.918,11720.392,7483.971999999999,10009.753
2530,17671.525,37128.759000000005,12236.003999999999,8033.992,10097.32
2531,18084.778000000002,36861.68000000001,13631.964,8365.585,9807.688999999998
2532,18502.510000000002,35498.042,14559.711,8435.449,9616.556
2533,17662.932,33646.772000000004,14609.275000000001,8251.326000000001,9212.148000000001
2534,19857.33,33864.433,14574.386999999999,7961.622,9019.913
2535,22622.96,33293.093,14508.601999999999,7563.857,9083.716
2536,25058.363,31791.852,14687.251,7102.6849999999995,9037.287
2537,26099.076999999997,31701.412000000004,14570.914,6669.285,9168.694
2538,25570.002,31085.592000000004,14620.489000000001,6492.524,9431.777
2539,25173.456,35465.662,14400.273000000001,6356.169,9634.683
2540,24556.413,36471.00199999999,13921.585,6356.052,9560.107
2541,23710.424000000003,37028.201,12964.504,6382.869000000001,9116.654
2542,23863.602000000006,36146.416,12982.768,6371.737,8965.130000000001
2543,24003.391000000003,34088.147,12243.803,6350.671,8459.147
2544,24057.416,31177.876000000004,10831.474,6364.42,7913.787
2545,23947.519,28579.760000000002,9386.605,6170.294,7568.495000000001
2546,22399.614,27463.321,8390.431,6164.862,7534.102999999999
2547,20837.698,27510.371,7581.397999999999,6169.6630000000005,7502.794999999999
2548,20718.743,27108.458,7004.282999999999,6141.461,7474.043999999999
2549,20293.936999999998,27415.466999999997,7040.523,6091.04,7543.719
2550,20351.886,28191.32,7894.31,6094.175,7714.32
2551,19274.129999999997,30974.030999999995,8885.152999999998,6230.021,8213.468
2552,16916.436999999998,34515.71,10399.746000000001,6626.317999999999,9061.551
2553,16169.735,36667.873999999996,11445.458,7243.320000000001,9302.502
2554,16505.731,36111.99399999999,12170.497,7884.541,9059.002
2555,16971.795000000002,35365.177,13407.455000000002,8323.921,8807.306
2556,17765.986999999997,34835.834,14507.061,8665.933,8509.011
2557,17300.58,34014.288,14836.402,8658.239000000001,7997.468
2558,18330.491,34435.929000000004,14462.024000000001,8320.631,8436.721
2559,20233.292,34778.164000000004,13970.922,7804.804,8871.557
2560,22974.456,33844.952999999994,13955.644,7265.329000000001,9128.457999999999
2561,24535.077,33317.181,14685.199999999999,6805.683,8929.376
2562,24732.025,33436.354,14127.102,6591.709,9023.118999999999
2563,24608.411,37265.338,14174.823,6418.117,9009.506
2564,22984.652,37965.285,13981.341,6422.091,8885.319
2565,21185.622,38035.554,13441.981,6456.106,8909.992
2566,20971.835,37501.421,13099.026000000002,6431.0470000000005,8939.788
2567,21057.603,36360.835,12300.367000000002,6376.302,8513.308
2568,21061.994000000002,33585.193,11426.523,6389.555,8422.421999999999
2569,21189.274999999998,31905.308,9646.059,6294.89,7774.468999999999
2570,19988.259000000002,30857.257,8092.6,6261.226999999999,7720.4619999999995
2571,18404.564,30808.735000000004,6872.532000000001,6250.873,7642.201
2572,17148.286,30631.961000000003,6409.793000000001,6194.857,7698.2570000000005
2573,16200.781,31057.666000000005,6118.516,6150.955,7454.431
2574,15386.847000000002,30879.235,6014.478,6149.419,7346.309
2575,13902.747999999998,30141.463,6585.512000000001,6275.075999999999,7231.523
2576,11426.98,31242.083,8220.992,6641.553000000001,6943.3369999999995
2577,11691.295,30587.485,9051.801,7250.526,6870.283
2578,11762.100999999999,29008.825999999997,10645.256,7860.264999999999,6862.143
2579,12139.972999999998,27405.795,12473.766,8320.188,6866.982
2580,12375.844000000001,28123.912,13161.555,8464.998,7010.911
2581,12352.839,28342.788,13275.137,8461.374000000002,7107.384
2582,12470.976,29074.5,11827.503,8141.013,6999.215999999999
2583,12882.306999999999,30643.757,9798.918,7722.477,7113.461
2584,14069.379,29335.529000000002,9859.975999999999,7269.57,7908.896000000001
2585,17953.126,27458.878,10381.1,6849.036999999999,7772.94
2586,22362.441000000003,26121.319,11258.855,6466.134999999999,8351.387999999999
2587,24045.752999999997,29414.074,12403.151,6328.147,9095.132
2588,23675.448999999997,30859.235,10925.279,6320.812,9372.71
2589,23148.793999999998,31275.025999999998,9940.126,6410.935,9143.577
2590,23179.592,30714.576,9654.333,6396.628000000001,9050.943
2591,23097.122000000003,29637.146,9364.844,6405.847,8496.1
2592,22770.227000000003,28709.051,8391.535,6366.3099999999995,7869.186
2593,20935.661,28288.981,7349.037,6194.836,7727.853999999999
2594,18673.2,27874.1,6849.246,6207.263,7674.023
2595,18248.229,26788.694,6511.2390000000005,6203.357,7432.156
2596,17778.439,26727.759999999995,6339.871,6058.67,6916.964
2597,18016.201999999997,26179.155999999995,6405.210000000001,5990.308,6782.656
2598,18898.262000000002,25466.165,6572.3589999999995,5933.09,6648.530999999999
2599,18072.029,26306.658,6720.951,6122.9,6840.218999999999
2600,14808.476999999999,28787.109,8803.548,6549.517,7338.424000000001
2601,12554.693,30628.556000000004,10622.842,7180.4310000000005,7664.723
2602,12369.579,30591.086000000003,11360.456,7775.55,7616.213
2603,12601.204,30623.766,12806.811999999998,8130.312,7437.302
2604,13117.538999999999,31168.214,13473.975999999999,8263.812,7389.433999999999
2605,12963.188999999998,30881.764000000003,13716.314999999999,8109.112,7462.553
2606,12881.494,30062.888999999996,13245.144,7911.07,7796.085999999999
2607,13969.094000000001,29352.689,13035.038999999999,7565.446,8228.572
2608,16267.309,28465.870000000003,12738.096000000001,6970.875,8335.391
2609,21242.343,27323.512000000002,11125.035,6535.497,8084.295
2610,24685.903000000002,27752.849000000002,11048.837,6258.392,8719.561
2611,24331.241,31842.462,12561.515,6121.123,9630.291
2612,22401.369,32866.904,11925.718,6120.1849999999995,9725.119999999999
2613,21222.345,32811.733,11175.976999999999,6148.58,9168.693
2614,21102.428,31850.868,10676.328,6179.146000000001,8496.45
2615,21593.753,30453.865,9298.016,6267.8150000000005,8258.628999999999
2616,21486.486,29083.991999999995,8401.166,6281.62,7878.473
2617,20069.740999999998,28676.781000000003,6761.501,6083.040000000001,7867.582
2618,18783.575999999997,27418.917999999998,6434.612,6077.742,7615.302000000001
2619,18001.208,26441.977,6244.179,6054.5380000000005,7392.616
2620,17313.292999999998,25618.679,6192.695,6098.0509999999995,7339.8150000000005
2621,18716.32,23481.590000000004,6208.653,6149.32,7322.91
2622,19222.913,22160.585,6678.615,6147.198,7269.965
2623,17426.771,22613.638,6684.202,6341.070000000001,7295.902
2624,13167.5,24341.759,9929.639,6731.588000000001,6563.984
2625,11361.304,25001.524999999998,10963.792,7275.175,6446.265
2626,10979.167000000001,24623.525,11132.158,7752.693,6419.009
2627,11262.372,24095.589,11345.162,8186.28,6298.216
2628,11644.03,24458.313,11760.446,8498.15,6334.192
2629,11907.927,24427.147,12112.469000000001,8513.207,6455.668
2630,12245.489000000001,23609.396,11806.572,8105.137,6732.023999999999
2631,13641.308999999997,22343.532000000003,11141.938,7653.61,6675.214
2632,15122.897999999997,21847.061999999998,11222.697,7156.394,6901.489
2633,20145.216,20760.899,10308.167,6759.9890000000005,7279.54
2634,24212.459000000003,21827.507,10536.873,6569.036,8151.071
2635,24918.484999999997,25816.89,12703.629,6440.103,8721.949999999999
2636,24630.798,26192.644,12339.348000000002,6506.0160000000005,8687.144
2637,24327.476,25364.501,12316.449,6571.495,8519.008000000002
2638,24176.671000000002,24750.926,12162.452,6591.963,8415.784
2639,24187.648999999998,24169.989,11363.1,6570.964,8076.216
2640,23887.913,22403.903,10945.349,6579.535,7636.768
2641,23685.807,21096.517,9527.861,6338.7080000000005,7584.863
2642,22647.233000000004,20704.418,8420.015,6115.722,7601.731
2643,22504.609,19841.269,7895.621,6072.525,7327.029
2644,22525.429,19183.039,7457.409,6028.989,7231.451
2645,22593.159,19100.456,7126.736000000001,6037.717000000001,7192.455
2646,23031.643,18715.357,7256.957,6068.127,7148.1939999999995
2647,21433.115999999998,19735.945,7567.886,6205.008000000001,7102.943
2648,15760.969,22405.285,11483.242,6545.786999999999,6621.046
2649,12176.689000000002,25213.568,13768.614999999998,7146.088,6035.782999999999
2650,10789.175,26383.419,14885.704,7704.973,5949.403
2651,11598.814,26813.611,14888.274,8089.880999999999,6023.597
2652,11727.635,27645.963000000003,15054.534,8268.171999999999,6230.352
2653,11413.313999999998,28011.142,15145.078,8122.034,6377.812
2654,11364.518,28778.072,14712.236,7703.57,6374.815
2655,14088.625,26935.639000000003,13272.582999999999,7184.9039999999995,7363.536
2656,17715.588999999996,25097.843,11709.773000000001,6759.05,7963.673
2657,20664.635,24283.105000000003,11549.623,6443.445,7828.503
2658,24430.103,25359.394,11305.581999999999,6219.348,8187.982
2659,25031.357,28694.736999999997,12921.073,6118.813,9667.114
2660,24789.614999999998,29402.907,12648.822,6112.8060000000005,9995.324
2661,24689.068999999996,30293.173000000003,10632.7,6159.412,9593.631
2662,24567.049000000003,29599.407,10355.392,6193.717000000001,9136.173999999999
2663,23975.91,28696.767,9850.77,6150.367,8153.851
2664,23580.362,27264.881,8742.269,6117.697,7469.295
2665,22773.826,25962.862999999998,7157.74,6104.950999999999,7462.509
2666,20885.147999999997,25878.693999999996,6549.392,6050.772,7394.005
2667,20113.426,25063.91,6338.241,6072.835,7354.026
2668,19444.827,25155.998,5997.461,6077.634,7403.836
2669,19619.709999999995,25081.777,6030.555,6082.408,7427.329999999999
2670,21021.377,25808.644,6420.527,6094.744,7570.299
2671,21188.729,27828.836,7749.489,6240.878,7803.762000000001
2672,18290.18,30971.354000000003,10722.111,6573.031,7986.573
2673,16295.160000000002,33084.807,12691.483,7058.103,8220.874
2674,12900.410999999998,36034.356,14884.598000000002,7789.3460000000005,7784.746
2675,11866.383000000002,37096.25199999999,15446.197999999999,8136.722999999999,8437.771
2676,12873.001999999999,36297.61,15487.161,8367.148,8641.828
2677,12430.038,35328.958,15722.125,8278.352,7802.382
2678,15380.217,34610.558,15456.205000000002,7971.8550000000005,7989.071000000001
2679,18016.025,33670.81,14690.858,7424.985,8957.773000000001
2680,19881.386,33105.28200000001,14061.225,7078.642999999999,9103.475999999999
2681,23529.532,32147.952999999998,13317.627,6613.781,9118.356
2682,24788.710000000003,32998.396,11140.157,6193.702000000001,9326.854
2683,24535.187000000005,36155.273,11644.121,6012.37,9938.636999999999
2684,24481.867,36355.327,11395.155999999999,6009.030000000001,9786.685
2685,24746.063,35465.237,10865.23,6034.35,9528.307999999999
2686,24333.997,34956.99,10605.631000000001,6038.323,9387.104
2687,23668.111999999997,33822.673,9250.8,6051.371999999999,8982.463
2688,24725.561,29795.943000000003,8169.429,6059.017,8537.422999999999
2689,23811.510000000002,28094.829,6510.395,6011.092000000001,7910.214
2690,22974.618000000002,26506.075,5961.588,5976.134,7758.268
2691,21672.201,26104.072999999997,5659.911,5968.368,7612.579
2692,19905.879,26701.879,5641.105,5976.366,7706.238
2693,19780.769,26950.114,5680.906000000001,5959.076,7622.406000000001
2694,20515.174,28511.988999999998,5917.862,5945.602,7462.838000000001
2695,18896.225000000002,32199.743000000006,6837.527,6133.038,7723.955
2696,15560.216999999999,35384.82,10142.205,6552.636,8219.708999999999
2697,13251.311999999998,38303.214,12451.379,7137.948,7562.297
2698,12970.677000000001,39588.784,12538.614,7433.881,7144.865
2699,12898.239000000001,40105.035,12719.901,7672.826,7316.421
2700,13999.328,38869.548,13411.726999999999,7945.901000000001,7316.007
2701,14422.438,36718.956,13723.825,7997.346,6707.219999999999
2702,16493.608,36050.906,13961.139,7935.889999999999,7078.756
2703,19342.488,35454.608,12743.644,7698.132,8265.417
2704,22867.745,34622.624,11999.257000000001,7113.046,8620.0
2705,23871.61,36112.337,10935.334,6590.758,8476.059
2706,23723.917000000005,36230.216,9964.653,6140.898,8792.28
2707,22727.609,39948.797,11044.773000000001,5974.772,9320.038
2708,20897.574999999997,40191.41499999999,11776.47,5960.516,9391.578
2709,20628.768999999997,39262.16,11487.928,5989.022,9326.552
2710,20990.867,37650.386,11461.949999999999,5999.558999999999,9214.445
2711,21913.462999999996,35298.222,9592.598,5998.626,9045.190999999999
2712,22176.281,32699.359000000004,8090.99,6016.653,8446.489
2713,21349.164,30899.046,7101.144,6030.255999999999,7668.041
2714,18724.54,30369.782000000003,7014.897999999999,5999.368,7525.592999999999
2715,17593.068,29568.141,7086.615,5964.188,7373.293
2716,16798.483999999997,29521.304,7039.676,5892.4,7215.42
2717,16779.581000000002,30049.738,6877.888999999999,5902.225,7004.544
2718,18186.387000000002,31324.398000000005,6644.412,5880.126,7073.101999999999
2719,17406.149,33658.17,8358.11,6009.805,7623.310000000001
2720,13114.910000000002,37081.663,11655.812999999998,6350.182,7568.618
2721,12643.833,40715.08899999999,12780.784,6925.159,7593.0740000000005
2722,12527.100000000002,41602.102999999996,13227.392,7405.403,8000.7029999999995
2723,13184.37,41843.407,14031.716,7662.698,7982.133000000001
2724,13137.104,41756.615000000005,14716.131,7902.422999999999,7896.076
2725,12962.311,39859.78499999999,15360.666000000001,7652.86,7129.451999999999
2726,15685.11,39194.678,15220.815,7292.869999999999,7755.522000000001
2727,19329.047,37667.541,14469.534,7002.269,8594.839
2728,23082.317000000003,35698.041999999994,13133.735,6416.346,8884.308
2729,25174.007999999998,35315.215,12929.190999999999,5853.032999999999,8825.327
2730,24928.675,36201.079,11453.328,5556.680000000001,9146.328
2731,24258.348,39471.0,11732.622,5473.73,9558.928
2732,23316.219000000005,39310.812999999995,11440.333,5510.0380000000005,9499.698
2733,22737.555,39194.367,10669.778,5546.734,9118.475
2734,22742.262,38769.422000000006,10327.7,5488.774,8964.973
2735,22839.892999999996,36015.439,9611.454,5424.901,8617.001
2736,22444.814000000002,33972.333,8846.958,5444.991,8105.237
2737,21933.711000000003,31852.574999999997,7834.164999999999,5456.254,7656.808
2738,20810.022,30474.122,6851.572,5429.682,7310.698
2739,20314.742000000002,29566.017,6481.022999999999,5414.71,7069.002
2740,20435.254,28746.327,6436.688,5341.0740000000005,6836.533
2741,20288.183999999997,29002.131,6481.186,5345.83,6897.370000000001
2742,20672.323000000004,30265.794,7071.101,5355.187,7030.165000000001
2743,20541.033,32355.649999999998,8454.296999999999,5498.223,8199.385
2744,17057.088,35607.888999999996,11629.021,6046.527999999999,9104.781
2745,15873.581,39966.967,11490.12,6762.64,9686.328
2746,15492.59,40003.476,13611.143,7330.213,9506.574
2747,16694.19,38826.19899999999,14753.968,7651.241,9351.437000000002
2748,17383.827,37516.834,15694.578,7882.309,9391.023000000001
2749,17158.292999999998,35648.307,15819.421999999999,7802.144,9088.482
2750,18764.267999999996,35608.028,15778.605,7465.732999999999,9068.218
2751,21622.542,35401.695999999996,14806.561999999998,6949.807,8970.447
2752,23519.729,35037.153,13870.958,6465.595,8694.012999999999
2753,24640.326999999997,35593.641,12692.151,5992.626,8601.409
2754,26200.759000000002,35579.263,11105.597,5789.616,8680.743
2755,24091.545,39593.528999999995,11581.148000000001,5730.213,9089.282
2756,22767.745,39757.496,11010.789,5860.314,9329.23
2757,21795.912000000004,39023.477,10459.898000000001,6102.937,9184.563
2758,22497.901,37241.606,10527.253,6113.884,8997.501
2759,23530.336000000003,34481.05499999999,9669.385,6075.961,8860.091
2760,24064.412999999997,31489.729,8944.373,6076.41,8273.987000000001
2761,23522.720999999998,29513.46,8094.046,5966.596,7664.485999999999
2762,23356.813,27649.945999999996,7168.893,5954.954,7555.581999999999
2763,22723.356999999996,26583.559999999998,6722.4220000000005,5938.581,7357.619
2764,21919.202000000005,26103.536000000004,6667.826,5937.879999999999,7317.619
2765,21902.212,25720.954999999994,6715.607,5945.769,7350.843999999999
2766,22724.046,25026.782,6887.66,5955.611000000001,7419.123
2767,20630.309999999998,26639.574,7668.896,6097.281999999999,7744.160000000001
2768,15826.528999999999,29346.553,11042.618,6650.271999999999,7865.238
2769,13185.178999999998,32006.159,13400.947,7319.555,7224.681
2770,12933.820000000002,32299.532,14301.07,7826.691000000001,7048.7970000000005
2771,13517.141999999998,31830.259,15033.849,8180.838999999999,7210.9890000000005
2772,13901.063999999998,32054.122,14977.091999999999,8368.787,7375.206
2773,13725.56,31607.367,14936.056,8281.333999999999,7356.1849999999995
2774,13888.857000000002,31729.438,14652.026,7966.664000000001,7312.228
2775,15562.581,31259.224999999995,13732.695000000002,7415.982,7316.001
2776,18675.625,30176.342999999997,12156.586,6867.597,8070.266
2777,23143.585,28704.863,11976.662999999999,6599.064,8062.175
2778,23784.180999999997,31794.224000000002,12329.426,6280.947,8112.397999999999
2779,24112.627,36307.422,12396.918,6199.975,9333.479
2780,21962.362999999998,37174.191,11586.49,6191.327,9293.746
2781,20849.84,36595.743,10905.664,6214.69,9046.663999999999
2782,20030.757,36221.825,10271.375,6175.393,8614.223
2783,20148.754,34183.498999999996,9254.551,6125.253,8552.135
2784,20129.398,32301.490999999995,8151.062,6018.223,8502.967
2785,18469.989999999998,30336.45,7341.869,5880.935,8378.468
2786,17122.765,29112.943999999996,6896.438,5869.918,8352.939
2787,16017.696,28240.302,6746.554,5857.398999999999,8241.766
2788,15099.578999999998,28060.106000000003,6723.342000000001,5862.084,7750.641
2789,14719.857,28141.130999999998,6831.057000000001,5862.079,7174.112
2790,14995.902,27621.239999999998,6805.822,5845.246999999999,6729.812
2791,14787.268,27158.387000000002,7259.649,5891.5,6551.643
2792,13599.401999999998,27208.702999999998,8377.367,6482.37,6685.398
2793,12195.362,27545.294000000005,9826.871,7237.7570000000005,6912.697
2794,10903.097000000002,27997.284,10723.393,7852.189,6997.811
2795,11167.282000000001,27251.35,11960.280999999999,8220.449999999999,6991.642
2796,11603.173,27661.696999999996,12827.396999999999,8272.069,6996.105
2797,11725.778999999999,27771.375999999997,12870.967,8222.546999999999,6959.603999999999
2798,11773.356,27687.306,12319.614000000001,7939.684,6816.205
2799,12349.369999999999,28425.637,11476.331,7441.185,6802.66
2800,14091.36,28587.029,10771.389,6845.824999999999,7642.704
2801,17933.956000000002,27027.23,11314.685,6410.622,7948.264999999999
2802,21427.039,27707.597999999998,12658.005000000001,6058.32,8082.780000000001
2803,23112.762000000002,31375.03,12366.865,6020.965,9429.053
2804,21594.961,33028.991,10599.941,6038.769,9806.083999999999
2805,20776.651,32957.043000000005,9922.094000000001,6090.447,9773.051
2806,20672.280000000002,32791.710999999996,9830.757000000001,6075.015,9012.071
2807,20867.331000000002,31564.142999999996,9128.973,6015.359,8652.918
2808,20720.320000000003,30213.767,8178.367,5895.832,7919.36
2809,21144.816000000003,28813.934,7632.942999999999,6002.17,7272.621
2810,20851.844,27156.409,7238.173000000001,5988.688,7150.049999999999
2811,20104.483,26404.524,7093.436,5995.723,7091.438
2812,19540.931,25623.384000000002,7000.219999999999,5981.779,7599.323
2813,20726.279,24514.495,7146.153,5915.032,7927.695
2814,23265.616,24169.235999999997,7730.91,5931.611,7872.845
2815,23396.729,26683.772000000004,8469.593,6065.596,8477.977
2816,22654.58,30018.734,9623.496,6569.537,8914.041000000001
2817,21959.14,32771.166,11158.418,7107.298,9179.780999999999
2818,19389.407,33874.649000000005,13600.143,7617.708,9453.323
2819,19132.659,34594.388000000006,15548.871000000001,8033.031,9081.403
2820,20285.271,33119.348,16120.817000000001,8279.328,9241.622
2821,19495.921000000002,31543.356999999996,15097.803,8218.75,9061.713
2822,21339.605,31443.698000000004,15193.455999999998,8030.021000000001,8920.821
2823,24694.183,30650.489999999998,15137.039,7539.675,8692.663
2824,26926.047000000002,29563.278,15489.534,6986.411,8378.267
2825,27218.880999999998,30730.394,14870.123,6546.1179999999995,8588.662
2826,26538.203,31903.182,13705.705,6197.426,9115.976999999999
2827,26417.309,34666.646,14029.791,6109.131,9509.688
2828,26019.839,34780.483,13936.305,6173.018,9480.955
2829,25958.584,34334.742,13124.023,6193.9400000000005,9366.961
2830,25839.349000000002,33445.553,13048.136999999999,6199.642,9194.533
2831,25512.250000000004,30762.470999999998,12765.062,6185.651,8794.603
2832,25295.375,26592.015000000003,12872.76,6113.424000000001,8434.513
2833,25245.756,24219.68,11396.608,5969.605,7964.188
2834,25042.899,22827.06,10111.911,5951.16,7795.835999999999
2835,24829.124000000003,21046.341,9911.562,5925.8150000000005,7750.274
2836,24893.023999999998,20058.170000000002,9890.739,5889.832,7639.284000000001
2837,24823.586000000003,19957.035,10269.841,5915.9130000000005,7496.604
2838,24915.035,21070.132,11288.776,5919.895,7590.3060000000005
2839,24719.81,24476.744000000002,11353.47,6001.577,8071.945
2840,22896.433,28937.681999999997,11495.833999999999,6456.165,8798.643
2841,20340.918,32596.825,12571.143,6922.539,9086.063
2842,17609.183,32942.026,14903.765,7266.531,8894.682
2843,17537.260000000002,33144.297,16163.658,7563.802000000001,8945.318
2844,16965.586,33735.055,16296.861,7813.544,9071.962000000001
2845,15158.949999999999,33436.195,15579.394999999999,7808.335,8532.890000000001
2846,17422.08,32879.068,15534.984,7749.3240000000005,8192.342
2847,20377.568,32848.240999999995,14896.487000000001,7440.204,8356.104
2848,22803.474,32919.837,14198.279999999999,7073.631,8119.412
2849,26266.592,32561.547,13228.633,6554.513,8034.03
2850,26101.086,32385.586000000003,13557.886,6183.115,8867.939999999999
2851,26117.021999999997,34850.391,13991.526,5863.439,9880.915
2852,25839.101,34712.032,13674.523000000001,5904.3240000000005,9719.071
2853,25695.645999999997,33839.568,13651.649,6006.336,9273.115
2854,25602.271,32591.494999999995,13786.854000000001,6069.4220000000005,9179.875
2855,25197.033,30136.429,13035.5,6042.317999999999,9009.849999999999
2856,24900.146999999997,26122.296,12467.681,5879.32,8712.464
2857,24716.527000000002,24038.415,10857.576,5924.832,7834.571
2858,24687.458,22471.382999999998,9306.939,5898.29,7720.319
2859,24581.38,21632.787,8162.014999999999,5831.241,7772.157
2860,24176.967,21352.807,7724.6269999999995,5814.035,7795.044
2861,24197.869000000002,21693.763,7528.869,5871.8369999999995,7851.335
2862,24458.331000000002,22972.685,8214.826000000001,6017.608,7822.947
2863,24228.32,25793.679,8868.861,6153.785,8163.5470000000005
2864,21645.302,29651.872999999996,10402.733,6641.823,8434.445
2865,18002.766000000003,32600.533,13271.513,7350.119999999999,8707.721
2866,16506.833,33141.771,13902.922999999999,7991.319,8631.858
2867,16223.799,34328.453,14301.502,8271.86,8430.245
2868,14987.992,36322.122,14000.606,8424.059,7563.394
2869,15274.473,34448.701,13656.83,8290.081,7237.437
2870,18296.621,33166.967,13856.838,7898.405,7479.1449999999995
2871,21350.495,32411.78,13504.81,7726.364,7939.659
2872,22032.669,33956.75,11638.345,7402.265000000001,8567.16
2873,25057.852,34362.919,10302.913,6962.113,8335.369999999999
2874,24887.883,35536.225999999995,9939.113000000001,6713.383000000001,8143.143
2875,24189.632999999994,38484.68,10382.695,6615.2119999999995,9197.771
2876,22998.942,38381.191999999995,10300.277,6624.696,9186.623
2877,22037.108,38214.985,9740.696,6614.084,8912.555
2878,21845.73,37726.431,9286.4,6598.120999999999,8709.911
2879,21816.123000000003,35227.35,8420.119999999999,6488.894,8651.056999999999
2880,21674.710000000006,31916.934,7522.628000000001,6511.11,8596.795
2881,21494.543,28751.835999999996,6552.468000000001,6705.646,8256.805
2882,20189.673000000003,27340.537,6270.283,6751.245,7886.339000000001
2883,19473.083,26397.154,6176.349,6669.264999999999,7664.786999999999
2884,18280.309,26469.801,6124.039,6626.987999999999,7559.093000000001
2885,18447.314000000002,26067.436999999998,6018.625,6611.108,7156.1900000000005
2886,18637.642999999996,25910.035,6101.5470000000005,6645.465,6949.574
2887,16111.821000000002,27194.353000000003,6534.973,6794.215999999999,6962.955
2888,12257.596999999998,30987.807999999997,8081.727,7256.727,6202.906
2889,11605.662000000002,31762.997,8900.002,7942.909,5930.843000000001
2890,11453.402,31042.882,9631.232,8362.784000000001,6193.094999999999
2891,11924.994999999999,30546.201999999997,10193.91,8747.53,6388.215
2892,12162.419000000002,30976.027000000002,10715.348,8862.723,6461.616
2893,11945.280999999999,30600.281,11094.313,8790.165,6511.169
2894,11964.942,30209.028,11727.735,8492.765,6502.476
2895,13576.291000000001,29326.292,11287.23,8131.106000000001,6309.2429999999995
2896,16123.675000000001,28711.103,10660.463,7675.6990000000005,6211.513
2897,18082.492,28599.753,10178.253,7328.98,7000.987
2898,20726.403,30083.536,9590.104,7342.6320000000005,8448.362000000001
2899,21576.573000000004,34640.191999999995,10214.609,7194.539999999999,9714.165
2900,20645.255999999998,34466.36,10389.934000000001,7272.595,9429.873
2901,19854.609,33505.655,9957.467,7316.0419999999995,8898.806999999999
2902,19963.127,32724.003000000004,8999.972000000002,7339.143,8543.419
2903,20242.295,31377.995000000003,8011.455,7090.0689999999995,8370.166000000001
2904,18827.448,29735.355,7794.286,6949.758,8321.32
2905,17532.371,29188.247,7430.59,6922.785,6740.7029999999995
2906,16825.488,28299.771,7302.597,6757.5599999999995,5672.834
2907,16786.326,27061.445000000003,7027.209,6667.442999999999,5426.6810000000005
2908,16780.927,26428.329999999994,6880.775000000001,6692.694,5381.008
2909,16247.821999999998,27003.006,6918.618,6686.951999999999,5369.73
2910,15589.779000000002,28797.963000000003,7179.779,6733.918000000001,5361.886
2911,13664.201000000003,32248.796000000002,7618.803,7007.580000000001,5551.218
2912,10664.998,36391.041000000005,10077.883,7493.377,5836.716
2913,10651.778999999999,37506.619,11287.705,8255.516,6130.1410000000005
2914,11142.037,36184.066,11993.279999999999,8858.355000000001,6450.7
2915,11738.544,35637.765,12785.344,9140.848999999998,6637.25
2916,11871.218,35131.011,14055.408,9152.831,6703.3640000000005
2917,11686.601999999999,34330.18,14214.381000000001,9036.369999999999,6694.339999999999
2918,11924.339,35793.239,14223.047999999999,8648.188999999998,6593.294
2919,13513.16,37338.458,12914.358,8237.807999999999,6585.312000000001
2920,14997.6,37265.286,11561.971,7940.089,7714.785
2921,17436.459,36471.221,11477.745,7501.343,7692.506
2922,20531.497000000003,36581.006,10026.269,7324.92,8261.692
2923,20119.249,39985.049,11181.666000000001,7113.957,9004.853000000001
2924,19441.411,38918.482,11173.84,7077.620000000001,9151.976
2925,19411.087999999996,37076.61,10364.834,7110.436000000001,9178.231
2926,19672.531,35872.297000000006,9735.582,7087.813,9107.331
2927,19021.583000000002,34667.359000000004,9268.036,6972.485,8703.634
2928,17883.292999999998,33319.350000000006,8629.545,6912.6,8082.5019999999995
2929,16152.576,32870.151,8439.649000000001,6625.710000000001,6327.077
2930,15908.374000000002,31007.048,7834.401,6554.004,5654.553
2931,15937.284,29614.897,7379.248,6341.831,5567.903
2932,15623.82,28828.682999999997,7276.446,6310.279,5404.057000000001
2933,15646.339,28324.822999999997,7305.571,6308.187,5325.799
2934,15635.244999999999,28365.987,7671.563,6302.871,5126.298
2935,14467.959,29134.943,8155.3910000000005,6441.869000000001,5235.577
2936,14068.568000000001,28629.316,9902.916,6988.885,5454.915
2937,13200.995,29348.413,11126.18,7672.754000000001,5733.781
2938,13449.676,28060.434,12214.555,8176.319,6074.133
2939,13522.252,27876.187,12915.643,8574.335000000001,6351.247
2940,13533.251,27780.544,13486.411,8765.578,6511.518
2941,13523.449000000002,27526.864999999998,13780.782,8662.432999999999,6553.455
2942,13376.955000000002,27623.524999999994,13650.115000000002,8382.243,6653.732
2943,12875.676000000001,28464.91,13241.756000000001,7955.085,6535.847
2944,13143.071000000002,29049.489999999998,13301.703000000001,7534.38,6419.079
2945,15529.613,30062.892,11676.113000000001,7274.763000000001,7211.093999999999
2946,19475.166,32582.626999999997,9312.277,7593.7210000000005,8313.396
2947,19832.077999999998,37886.367,9939.515,7826.635,8918.775
2948,18941.238,37055.974,9667.865,7842.561000000001,9043.029999999999
2949,18829.272,35369.451,8649.942,7866.379999999999,9050.195
2950,18473.322,34367.199,7919.863,7738.6,8905.715
2951,17121.99,33405.386,7754.539,7499.105,8153.18
2952,16677.956,31876.282999999996,7544.266,7500.921,6971.657999999999
2953,16466.871,31463.115,7233.9800000000005,6399.457,5629.026
2954,15877.088999999998,30173.261,6932.446,6118.489,5183.011
2955,14177.348000000002,29901.194000000003,6966.721,6135.249,5093.405
2956,13055.818000000001,29720.663,6955.047,6146.969,5053.942
2957,12271.416,29518.537,7088.370999999999,6104.710999999999,5038.238
2958,12822.534000000001,28530.118000000002,7102.318,6098.2919999999995,5036.821
2959,11354.312,28843.016,7437.401,6219.838,5134.73
2960,10569.133000000002,27800.932999999997,8706.671,6700.197,5310.39
2961,11434.826,25332.413999999997,9765.844000000001,7350.647,5398.001
2962,13071.767000000002,21926.967,10943.344000000001,8032.0650000000005,5601.710999999999
2963,13807.14,21771.982,11025.482,8462.205,5780.6759999999995
2964,14321.905,22490.908000000003,11650.017,8630.996,5863.275
2965,14235.365,22870.251,11779.438,8426.246000000001,5877.9349999999995
2966,13902.389,22753.989999999998,11644.814,7899.125999999999,5755.206
2967,13436.258999999998,23664.153,11489.116,7563.050000000001,5592.277
2968,14389.028,24880.341,11252.119,7502.411,5573.248
2969,15538.273,26990.904,11116.276,7482.748,5837.709
2970,18513.514,29813.478000000003,9837.451000000001,7777.2660000000005,7688.392999999999
2971,20425.774,33573.505000000005,10142.782,7732.821,9296.812
2972,20284.123,33405.106,9356.459,7733.862999999999,9286.365
2973,19840.416,33022.079,8503.082999999999,7776.889,9213.159
2974,20031.725000000002,31986.232,7796.871999999999,7737.200999999999,9048.103000000001
2975,19390.37,30798.814000000002,7297.962,7533.137,8758.891
2976,18222.360999999997,29490.899,6975.072,6877.012999999999,8535.614
2977,17008.476,28893.397999999997,6708.329,6011.945,8115.005000000001
2978,15531.419000000002,28719.104,6593.040000000001,5672.104,7734.394
2979,14222.775,28886.769,6595.374,5578.634,7515.391
2980,13839.651000000002,29273.741,6642.494000000001,5526.075,6568.171
2981,13626.759,29969.659999999996,6801.0419999999995,5528.481,6215.31
2982,15326.616999999998,30417.819,7362.781,5710.952,6300.936
2983,15279.661,32787.545999999995,9109.433,5819.936000000001,6945.429
2984,12941.158999999998,36152.576,11150.769,6352.693,7452.360000000001
2985,12963.777,37562.978,13078.765,7185.674,7149.255999999999
2986,13508.535,36738.66299999999,13966.875,7809.343,7262.9039999999995
2987,14265.750999999998,36571.497,14554.187,8233.313,7432.3240000000005
2988,14833.725999999999,36188.832,14727.416000000001,8390.305999999999,7566.089
2989,14764.864999999998,34704.994999999995,14856.655999999999,8267.037,7205.869000000001
2990,15316.152,35824.93,15415.636000000002,7851.315,7208.654
2991,16766.043,36823.777,14913.194,7555.312999999999,7329.606
2992,17655.521,37354.186,13957.067,7241.1990000000005,8222.976999999999
2993,20638.296,37399.65699999999,12229.989000000001,7045.222000000001,8759.758
2994,22904.902999999995,36199.765999999996,10361.907,6904.069,9437.768
2995,21136.06,38731.862,12424.454000000002,6735.932,10034.064
2996,19458.627999999997,39400.17,12989.345000000001,6745.232,9922.88
2997,19029.065,39003.282,12899.481,6735.674,9675.860999999999
2998,18657.529000000002,38828.29099999999,12376.913,6743.188,9641.197
2999,17882.022000000004,37045.808,11434.287,6571.940999999999,9261.601
3000,17304.572,34604.008,10105.896999999999,6168.59,8460.655
3001,17025.314,32731.957000000002,8281.754,6105.459000000001,7893.143999999999
3002,16946.391,31315.574,7143.533,6039.298,7270.767
3003,17240.937,30027.464,7021.156,5986.37,6461.42
3004,17431.413999999997,29356.975,6954.78,5988.974,6106.574
3005,17577.698,29195.911,7198.294,5965.860000000001,6329.656
3006,18112.634,30130.975,7721.528,5981.255999999999,6854.874
3007,17519.229,33020.22,8896.986,6164.036,7341.901
3008,15158.49,36119.926999999996,11085.715,6727.619,7875.383
3009,14306.455999999998,37740.567,11970.794000000002,7430.061,8414.31
3010,13145.717999999999,38138.262,12596.649,8056.322,8789.636
3011,13560.623,37868.373,13029.309000000001,8508.939,9011.64
3012,14142.361000000003,37476.520000000004,13337.616,8697.664,9052.982
3013,15166.932,35477.008,13143.663,8608.902,8830.169
3014,17515.449,34980.375,13894.435999999998,8316.281,8753.419
3015,18856.297,35834.024000000005,13843.306,7885.282999999999,8873.353
3016,20782.938,35682.881,13015.45,7511.023999999999,9036.808
3017,22703.262,36323.727,11734.762,7067.9800000000005,9290.981
3018,22562.785,36740.262,11500.391,6661.272,9219.324
3019,21561.724000000002,38617.041,13260.275000000001,6507.968999999999,9998.139
3020,19930.582,39631.093,13599.611,6515.001,9575.977
3021,18570.599000000002,39220.43,13835.3,6529.145,9447.13
3022,18304.514000000003,39349.572,13350.513,6496.157,9018.204
3023,18687.004,36741.426999999996,12029.987,6424.659,8936.806
3024,18969.391000000003,34082.846,9823.307,6376.147,8468.554
3025,18495.265,33230.636,8221.307,5888.236,7847.0470000000005
3026,17568.575,32552.935999999998,7265.437,5747.062,7192.348
3027,16668.177,31690.098,7029.755999999999,5737.303,6887.021
3028,15906.669,31169.054,7328.55,5719.271000000001,6894.388
3029,15598.481,31317.803000000007,7237.778,5688.641,7390.9
3030,16966.267,32333.242,7242.209,5700.356,7637.436
3031,15583.635999999999,36113.416000000005,8239.57,5758.151000000001,8076.228999999999
3032,12133.661,39192.892,11521.487000000001,6282.455,8230.323
3033,10588.479,42872.31999999999,12682.792000000001,6926.45,7415.661
3034,11172.787,42905.485,12934.67,7610.658,6878.883
3035,11809.689,42312.239,14108.854,8175.713,6913.312
3036,11911.690999999999,41784.638,15183.162,8380.871,6942.064
3037,11795.026,40068.445,15387.277,8314.216,6722.298
3038,13129.544000000002,41484.304,15295.096,7992.398000000001,7015.395
3039,15353.505000000001,40740.348,14524.137,7541.016999999999,8357.173999999999
3040,18008.23,38849.074,14105.964,7018.167,9224.683
3041,21730.084,36791.67,13854.167,6474.711,9212.697
3042,23240.719,36282.543999999994,12582.577000000001,6010.759000000001,9557.067
3043,23425.799000000003,38876.606999999996,13158.033,5786.311,10026.562
3044,21488.089,40285.909,12667.536,5775.933999999999,9532.780999999999
3045,20067.503999999994,40663.391,12815.222,5772.487,9284.323
3046,19491.699,40145.441,12952.738,5793.175,9130.886
3047,19655.796,38686.155,10917.553,5821.978,9117.739
3048,18798.724,36024.962,9998.007,5751.295,8922.607
3049,17943.985,34468.039,8918.607,5496.711,8169.56
3050,16360.17,34224.558000000005,7552.968,5289.33,7895.9439999999995
3051,15569.28,33216.259,7167.956999999999,5253.787,7832.5109999999995
3052,15244.781,32798.37,6926.513999999999,5172.778,7709.277
3053,15212.524,32686.789000000004,7141.07,5150.868,7801.771
3054,15373.131999999998,33811.799,8183.998,5118.152,7996.85
3055,14515.107,36609.582,9320.113,5216.608000000001,8521.707
3056,11496.319,39672.627,12033.445,5706.3009999999995,9137.936
3057,11259.213,41837.964,12835.103000000001,6431.748,8877.481
3058,11859.587,42439.320999999996,12583.761999999999,7131.622,8105.794
3059,12584.797,42491.679000000004,13568.164,7611.459000000001,7616.477000000001
3060,12961.532,41735.395000000004,14527.937999999998,7900.753,7547.902
3061,12710.168000000001,40394.474,14581.592,7880.6720000000005,7055.316
3062,12797.492,41966.643,15417.384,7715.308,7074.150000000001
3063,14197.604000000001,42701.015,15500.196,7220.081,7386.840999999999
3064,16946.180999999997,40702.46,14739.451000000001,6766.3949999999995,8506.399
3065,20908.205,38352.623,13573.923999999999,6038.96,9473.262
3066,22640.373,38465.095,11598.236,5542.897,10052.966
3067,20952.696,41643.555,13005.823,5428.379000000001,10438.646
3068,18893.672,42292.681,13296.828,5475.384,10296.827
3069,18237.553,41957.262,13393.777,5467.822,9847.330999999998
3070,18441.668,41406.407999999996,13182.318,5421.258,9733.331999999999
3071,17871.706,39961.801,11720.351999999999,5426.407999999999,9563.182
3072,17470.987,38915.22,9550.644,5358.4130000000005,9061.738
3073,16780.394999999997,36465.145000000004,8404.291000000001,5259.477,8390.584
3074,15303.903999999999,34759.905,8079.863,5280.93,8218.643
3075,14651.689,33479.789000000004,7705.915999999999,5276.138999999999,8074.468
3076,14160.795000000002,33081.601,7681.956,5265.67,7929.4169999999995
3077,13701.947,33675.966,7805.558,5301.359,7870.535
3078,14099.538,35148.187,8180.353999999999,5238.487999999999,7875.525
3079,13582.568,38343.705,9460.844000000001,5188.559,7927.078
3080,11544.583999999999,41363.021,11849.668,5729.734,8575.485
3081,11076.655999999999,44385.032,11837.726999999999,6430.892,8763.798999999999
3082,11378.211,45451.424000000006,13436.134,7025.964,7539.902
3083,11915.916,46032.466,14583.744999999999,7475.389,7388.584999999999
3084,12250.764,46243.96800000001,15257.448,7719.138,7366.5869999999995
3085,12284.089,44853.333,15191.537,7701.468,6903.863
3086,14581.541000000001,43715.016,15710.247000000001,7666.263999999999,7432.616
3087,17486.648,41774.885,15413.145,7236.884999999999,8386.181
3088,21012.522999999997,39324.297999999995,14072.185999999998,6632.562000000001,9110.297999999999
3089,24626.028,36498.784999999996,13312.744,6007.235000000001,9809.145999999999
3090,24696.701,37367.577,12392.907,5598.246,10087.942
3091,22263.386,40484.085999999996,13382.599,5488.289999999999,10253.551
3092,21063.892,40388.059,13255.576,5488.826,10091.746000000001
3093,20100.982,39173.027,13377.303,5473.991,9893.087000000001
3094,19453.841999999997,39817.144,12405.648000000001,5486.347,9882.133000000002
3095,18964.941,40213.202,10359.412,5435.08,9517.943
3096,18462.865,38700.907,9731.296,5331.685,8693.476999999999
3097,18473.720999999998,35747.099,9366.247,5251.233,8254.873000000001
3098,17573.860999999997,33557.591,8569.902999999998,5225.746999999999,7965.388999999999
3099,16682.214,32799.21,8482.546999999999,5193.405,7048.374
3100,16455.464,32245.815999999995,8285.595000000001,5202.43,6571.434000000001
3101,16596.786,32296.233,7742.081,5219.3240000000005,6458.95
3102,16584.32,32404.585,7628.956,5213.983,6506.784
3103,14711.771,34001.125,8463.283,5311.233,6287.829
3104,12887.472000000002,36157.986,9900.186000000002,5842.06,6394.266
3105,12135.978,37108.536,11746.021,6632.575000000001,6431.282999999999
3106,12178.75,36600.076,12738.358,7250.0199999999995,6319.705
3107,12773.720000000001,35171.793,13592.996,7729.011,6434.926
3108,13115.488000000001,33821.431,14029.237000000001,7964.555,6616.197
3109,13130.300000000001,32787.388999999996,14376.887999999999,7796.773999999999,6576.061000000001
3110,13699.806000000002,31795.979000000003,14736.925,7530.130000000001,6356.196
3111,14449.371,31948.724000000006,14547.244999999999,7116.851,6149.374
3112,16482.834,32144.046000000002,13776.202000000001,6483.133,6522.870999999999
3113,19929.225000000002,32178.340000000004,12707.189,5792.27,6508.091
3114,20041.851,36096.490000000005,12087.928,5543.196999999999,8181.759
3115,19157.283,40728.084,12430.86,5487.593000000001,8762.392
3116,18159.646,40859.637,11398.419,5602.334,8819.037
3117,16849.440000000002,39557.866,11334.440999999999,5675.2,8859.791
3118,16609.222,38731.75,10387.851999999999,5635.257,8788.21
3119,16773.678,36594.213,10170.654999999999,5527.785,8575.852
3120,16683.512,35088.861,9441.582999999999,5446.045,8153.3859999999995
3121,15369.973999999998,34280.19699999999,8215.118,5403.407999999999,7763.448
3122,14896.916,32846.234,7359.222,5420.535,7262.46
3123,14477.520999999999,31990.271999999997,6879.762000000001,5409.542,6551.721
3124,14721.018,30748.068,6923.139,5175.596,6193.727
3125,14148.292,30254.106999999996,7104.9800000000005,5127.689,6179.218999999999
3126,14044.35,29388.388000000006,7482.428,5071.986,6171.057000000001
3127,12658.005000000001,29829.545000000002,7743.427,5113.916,6107.372000000001
3128,11221.498000000001,29880.606,9470.99,5568.089,5218.24
3129,10421.688,29637.841,11318.121,5952.728,5054.102
3130,9823.727,28841.677000000003,12453.943,6497.856,5337.888
3131,10165.772,28061.635,13135.724,6904.427000000001,5541.688
3132,10147.843,27830.529,13377.942,6965.679999999999,5530.551
3133,9911.654999999999,26325.055000000004,13348.740999999998,6926.148,5530.405000000001
3134,9695.302,24894.456,12845.347,6744.217,5410.582
3135,10140.796,23842.03,12521.658,6400.99,5210.644
3136,11404.657000000001,25026.665,12217.152,5981.202,5123.504
3137,14723.502999999999,27517.155,10702.714,5492.196,5608.820000000001
3138,18673.340999999997,29819.803999999996,9641.455,5374.548,7891.369000000001
3139,19531.245,33064.792,10045.416,5343.284,10219.677
3140,18875.061999999998,34769.326,8394.152,5375.696,10346.872
3141,17350.523999999998,35982.204999999994,8295.626,5387.3460000000005,9877.892
3142,17099.5,35691.96,8108.945,5374.552,9497.021
3143,16758.148,34761.676999999996,7458.38,5350.548000000001,9091.491
3144,15222.717999999999,33904.340000000004,6817.559,5351.695,8552.022
3145,14564.229000000001,33024.899,6694.177,5092.43,6729.3589999999995
3146,14157.760999999999,32504.567,6541.254,4982.811,5516.334
3147,14170.154000000002,31818.434,6295.136,4942.407,4929.08
3148,13732.785,31528.247999999996,6392.076,4927.629999999999,4655.125
3149,13484.334,32317.171,6380.767,4896.735,4708.08
3150,14311.988,33910.003,6592.332,4922.725,4858.169
3151,15072.565,36112.164,8027.072,5061.983,5594.758
3152,13573.455999999998,38425.592000000004,10540.325,5545.372,6179.309
3153,12246.979000000001,40242.761000000006,12320.493,6165.672,6279.258
3154,11747.457,40447.742,13142.183,6756.728,5893.402
3155,12198.402,40606.748999999996,13305.457,7181.343,5915.184
3156,13072.632,39379.452,13630.413,7386.568,6038.013
3157,12847.954,37101.301,13646.004,7348.51,6031.441
3158,13595.547,37650.464,14293.625,7141.152999999999,6282.193
3159,14899.734000000002,38583.114,14108.782,6818.32,6618.213000000001
3160,15490.684,39616.936,13059.777000000002,6658.731,6831.675
3161,17265.844,38873.35799999999,12641.623,6318.994,7756.103
3162,19704.841,39204.998999999996,10499.375,5914.803,8860.218
3163,20027.374,40950.350999999995,10845.962,5793.702,9942.395999999999
3164,20139.195000000003,40186.474,10377.229,5824.177,10108.843
3165,19567.645999999997,39272.85400000001,10397.841,5806.757,10107.635999999999
3166,19449.244,38668.205,10060.498,5781.33,10051.367
3167,19073.415,38070.585,7933.8189999999995,5772.159,8900.95
3168,19367.614999999998,34993.165,7642.144,5771.689,7722.211000000001
3169,17779.958,33946.716,7008.475,5464.504000000001,7095.553000000001
3170,15592.020000000002,33871.515,6657.111,5410.367,6220.98
3171,14784.546,33241.209,6770.021000000001,5388.8240000000005,5576.616
3172,14199.835999999998,32851.810000000005,6796.299999999999,5367.713,5537.232
3173,14578.398,33041.649000000005,6738.714,5364.630999999999,5591.971
3174,15808.723999999998,33743.556,6902.676,5305.1140000000005,6102.255999999999
3175,15340.969000000001,36380.012,7777.481,5379.768999999999,7253.635
3176,13521.063999999998,39278.011,10951.443,5826.266,6706.688
3177,12534.388000000003,41687.541000000005,12234.474,6499.46,6386.3009999999995
3178,12720.380999999998,40668.166999999994,12629.541000000001,7057.039,6492.843000000001
3179,13208.957999999999,40669.079,12772.399,7498.8550000000005,6525.058999999999
3180,14526.039,39421.687,12607.325,7719.733,6579.439
3181,14819.047,36961.667,12379.119999999999,7694.15,6570.613
3182,15486.124,37522.978,12993.214,7448.302,6481.263
3183,16470.311999999998,39606.257,12650.812999999998,7025.511,6474.63
3184,16912.773,40706.268000000004,11843.638,6477.1630000000005,7027.22
3185,18429.961,41226.818,10665.741,5853.089000000001,7816.355
3186,19347.737,41450.47,9137.557999999999,5688.919,9074.612000000001
3187,20125.655,43421.933,9114.438,5539.030000000001,10383.338
3188,19658.98,42044.850000000006,9587.425,5545.638,10250.068
3189,19627.522,40564.890999999996,10064.323,5557.313,9628.841
3190,19388.378,39640.513000000006,9828.167,5564.209,9482.53
3191,19175.635000000002,36834.26,8616.759,5575.874,9152.256
3192,18339.616,33370.037,7884.8460000000005,5572.354,8745.673
3193,17261.017,31085.595999999998,7185.615,5540.733,7807.2339999999995
3194,15929.593000000003,30963.183999999994,6637.097,5429.013999999999,6620.343
3195,15267.562,30560.82,6170.318,5404.385,6178.788
3196,15090.092,30394.755,6190.798,5377.752,5585.3
3197,14973.971999999998,30507.689,6398.245,5378.511,5515.646
3198,16014.126,31161.04,7130.693,5363.053,6000.566
3199,15757.759000000002,34599.113,8310.882000000001,5452.428,6590.466
3200,14325.713,37517.291000000005,11457.831,5895.737999999999,6605.075
3201,12712.389,40666.957,12691.769,6528.521,5948.451999999999
3202,11673.315999999999,41080.465000000004,12973.984,7098.847000000001,6037.987000000001
3203,12426.349,41176.147000000004,13087.369999999999,7534.2660000000005,6086.93
3204,12522.294000000002,40985.102,13415.495,7743.595,6167.137000000001
3205,12255.517,38920.558000000005,13370.34,7706.247,6206.469
3206,12702.315999999999,40052.028,13929.187000000002,7414.779,6140.006
3207,13327.520999999999,41792.248999999996,13323.145999999999,6903.086,5934.818
3208,15169.103999999998,41804.216,12040.352,6310.819,6259.607
3209,18369.345999999998,41433.116,10691.094,5679.907,6938.4400000000005
3210,19771.957,40119.275,10667.08,5523.1,8390.571
3211,19649.806,41900.39,11620.654,5536.0650000000005,9752.434
3212,18727.522,41970.715,11096.050000000001,5532.04,9880.4
3213,18080.086000000003,41777.509000000005,10228.589,5509.753000000001,9601.128
3214,17999.986,40738.683,9916.689,5405.8369999999995,9576.376999999999
3215,18020.766,37054.018000000004,9349.732,5405.733,9451.105
3216,17744.798000000003,34336.136,7686.67,5410.965,8979.975
3217,16172.312000000002,32438.213000000003,7242.418,5233.231000000001,8409.636
3218,14327.203000000001,32684.826,7048.795999999999,5164.188,7550.613
3219,13959.668999999998,32047.411,6703.947,5141.992,7183.504
3220,13970.878999999999,31641.424000000003,6587.233,5091.032999999999,6816.032999999999
3221,13944.532,31921.252000000004,6776.6089999999995,5080.219999999999,6761.75
3222,14543.725999999999,33318.347,7315.634,5074.631,7387.266
3223,15352.575,35783.541000000005,7893.471,5175.892999999999,8140.228999999999
3224,13590.027,37670.683999999994,11154.612,5631.748,7814.459000000001
3225,12842.298,39651.659,12321.672,6394.841,6464.756
3226,13299.317000000001,38177.174,11923.059000000001,6990.771000000001,6418.621
3227,13922.271999999997,37848.815,11971.707999999999,7433.277,6542.629999999999
3228,14224.568,36624.477999999996,12991.889,7642.0869999999995,6566.959000000001
3229,14289.543000000001,34397.371,13142.829000000002,7607.881000000001,6589.79
3230,14610.999,35606.35799999999,13644.704000000002,7289.841,6561.663
3231,15138.565999999999,36625.623,14999.769,6821.253,6948.5199999999995
3232,15812.769999999999,37825.081,14051.508,6230.1089999999995,8260.97
3233,18760.072,38527.863000000005,11770.303,5708.647,9385.875
3234,21399.463,38761.842,10800.796,5399.569,9035.703
3235,21000.113,41575.312999999995,11677.522,5257.262000000001,9248.972
3236,20874.784000000003,40746.325000000004,11101.548999999999,5283.939,9319.761
3237,20446.417,40247.702,10422.372,5289.21,9249.783
3238,20135.070999999996,39706.35799999999,9892.422,5304.685,9502.812
3239,18613.323,37838.145000000004,9686.546,5293.728999999999,9384.062
3240,17211.029,34185.59,10261.127,5154.1990000000005,8806.317
3241,18680.193000000003,30347.765,9455.872,4988.1449999999995,7827.977
3242,18032.152000000002,30164.97,7556.461,4952.307,7214.280000000001
3243,16074.995,31909.082,6405.907999999999,4950.839,6857.987
3244,14985.830000000002,33239.684,6263.182,4902.608,5909.69
3245,14542.161999999998,33934.943,6460.012,4929.004000000001,5814.901
3246,14505.377,36330.695999999996,6665.464,4932.211,5795.156999999999
3247,15418.583999999997,38259.104999999996,7678.317999999999,5201.633,6002.148999999999
3248,14448.982,39987.395,9789.276,5739.624000000001,6528.139
3249,12875.337,41961.299999999996,11733.461,6306.6320000000005,6357.582
3250,13496.510999999999,40395.035,12597.735,6876.044999999999,6197.6630000000005
3251,14170.801000000001,39549.3,12802.639000000001,7302.535,6341.1720000000005
3252,14765.592,38613.80500000001,13333.363,7524.428000000001,6423.817
3253,14797.247000000001,36543.971,13057.404999999999,7478.749000000001,6439.0380000000005
3254,15711.721000000003,36964.994000000006,13298.292000000001,7169.7699999999995,6471.42
3255,16271.563,38527.195,12730.735999999999,6830.215999999999,6507.343
3256,17556.479,38327.348,10987.069,6294.546,7935.644
3257,19900.904,37977.739,9701.795999999998,5780.31,9070.376
3258,21151.416999999998,38692.276000000005,9454.446,5470.623,9875.186
3259,19773.018,41592.11,11035.896999999999,5334.232,10289.522
3260,19010.47,41671.181000000004,10252.701000000001,5332.477,10032.996000000001
3261,19031.008,40648.436,9362.645,5334.706,9378.551
3262,18438.257999999998,40371.409999999996,8788.033,5354.841,9310.354
3263,18901.128,38814.775,7852.575000000001,5353.657,9111.577000000001
3264,18355.884000000002,35963.665,7599.0869999999995,5285.396,8906.255000000001
3265,16689.316000000003,33832.722,7440.611,5168.68,8725.053
3266,14690.59,33164.666,7093.399,4916.933,8358.346
3267,13513.913999999999,32298.879999999997,7096.959,4826.754,8298.029
3268,13149.203,32317.020000000004,6832.960000000001,4788.094,8187.6449999999995
3269,12770.316,33149.059,6751.566,4822.9490000000005,7253.4580000000005
3270,13017.908999999998,33167.973000000005,7052.5740000000005,4862.659,6967.8
3271,12344.994999999999,34772.86099999999,7553.2609999999995,5005.046,6322.898999999999
3272,10600.135,36001.956,9846.874,5462.075,6532.022000000001
3273,9481.784,36348.039,11836.42,6218.433999999999,6462.467000000001
3274,10091.936,36114.975999999995,11884.41,6937.3150000000005,6347.072
3275,10509.484999999999,35255.809,12459.469000000001,7449.78,6554.277
3276,10505.702,35277.871,12805.801,7676.656000000001,6586.606000000001
3277,10075.252,34143.675,13277.762999999999,7547.477999999999,6439.267
3278,9978.276,34567.031,13603.669999999998,7269.932999999999,6309.468
3279,10354.468,35731.259999999995,12900.324,6747.463000000001,6248.67
3280,11862.003,36072.973999999995,11609.341,6084.289,7018.535
3281,15446.896,34894.104,11058.598,5556.965,7814.493
3282,19181.478000000003,35531.359,11230.044,5486.401000000001,8812.038
3283,19533.112999999998,39401.69499999999,12309.314999999999,5319.473,9816.404
3284,19026.098,38720.14,11531.7,5293.6810000000005,9451.554
3285,18901.419,37336.297999999995,10163.965,5354.044,9158.636
3286,18647.774,36190.17600000001,9632.77,5306.517,8808.130000000001
3287,18555.517,34399.929000000004,8728.95,5292.692,8684.886999999999
3288,18205.620000000003,32800.287,7787.027,5408.776,8266.506000000001
3289,15901.686,32255.263,7102.409000000001,5365.1,8112.598
3290,13401.081999999999,32695.306999999997,6750.164000000001,5073.116,7702.169
3291,11618.213,32280.420000000002,6980.222,5069.0689999999995,7371.375
3292,10665.993,31860.750999999997,7139.506,5070.376,7156.492
3293,10429.266,31725.474000000002,7027.292,5044.707,7110.876
3294,10193.992000000002,31361.554,7328.529,4971.034000000001,6659.037
3295,10134.199,31145.279999999995,7693.155999999999,4953.781999999999,6044.723
3296,9117.16,31519.722,8884.205,5360.648,5574.486
3297,9551.987,29952.854,10031.371,6142.702,5267.954
3298,9604.213,28612.863,10806.323,6880.745000000001,5450.3240000000005
3299,9608.23,28613.638000000003,11503.486,7367.236,5724.1
3300,9702.002999999999,29289.171000000002,12094.107,7609.9220000000005,5835.021
3301,9740.442000000001,29117.117,12481.519,7566.479,5852.484
3302,9442.261,28775.547,12605.752,7278.407,5752.046
3303,9191.168,29573.211,12320.55,6736.438,5694.743
3304,10505.112000000001,30989.655,11601.702000000001,6111.801,5616.197
3305,14226.639000000001,30908.914000000004,10888.474,5529.2699999999995,6682.120000000001
3306,17043.782,33378.769,10025.874,5220.768,8473.83
3307,18540.536,36348.647,10724.227,5192.048000000001,10155.853
3308,17924.983,35905.805,10425.304,5299.6990000000005,9851.566
3309,17356.528000000002,35247.049,10792.359,5434.4619999999995,9136.458
3310,16251.561999999998,35114.082,10684.242,5465.648,8958.25
3311,15388.749000000002,34578.511,10168.137999999999,5553.5560000000005,8978.774
3312,14385.257000000001,33046.739,9545.025000000001,5621.919,8637.317
3313,13084.715,32501.229999999996,8427.256000000001,5611.494000000001,8203.283
3314,12785.594000000001,31574.878,7374.495000000001,5629.621,8113.797
3315,12539.894,31046.96,7025.5,5614.085,7952.647000000001
3316,12368.95,30754.822,6982.888999999999,5607.374,7851.3949999999995
3317,12602.803,30937.024999999998,6774.723,5611.398,7899.822
3318,13178.514,32155.054999999993,7851.487,5590.294000000001,7901.736000000001
3319,13290.107,35947.568,8562.412,5739.785999999999,7812.831
3320,12968.447,38202.208000000006,10351.611,6352.4929999999995,7408.948
3321,12093.617,39822.55100000001,12900.993999999999,6988.149,7057.101000000001
3322,11798.728,41034.361,12996.717,7668.079000000001,6761.373
3323,12099.322,41616.578,13315.521,8108.879999999999,6845.996
3324,12178.670999999998,41328.38100000001,13821.321,8345.49,7121.93
3325,12238.210000000001,39398.005,13951.145999999999,8238.907,6784.049
3326,13500.952,39144.91,14631.474999999999,7957.136,6923.954999999999
3327,14902.116,38661.849,15074.985,7389.258000000001,7700.7519999999995
3328,17666.968,38136.195,14050.285,6764.509000000001,8379.020999999999
3329,20923.966000000004,38074.354999999996,12283.09,6108.1669999999995,8891.098
3330,20819.691,38056.517,12731.765,5857.735000000001,9436.18
3331,20668.154,40222.344,13217.929,5679.751,10285.179
3332,19337.292,40603.124,13130.769,5609.046,10498.551000000001
3333,18486.517,41270.312000000005,12549.758000000002,5420.74,9939.905999999999
3334,18157.2,41424.384,12031.32,5411.1939999999995,9353.962
3335,17442.788,39394.65,11180.403,5421.231,9139.548999999999
3336,17026.916999999998,36922.831999999995,9168.45,5409.842000000001,8752.533
3337,16669.159,33867.74399999999,8547.565,5492.881,8252.452000000001
3338,16327.884,32246.035999999996,7311.862999999999,5421.064,8178.562
3339,16033.656,31278.888999999996,6619.083,5408.881,7988.673
3340,16212.442999999997,30605.236999999997,6168.128000000001,5403.6669999999995,7869.921
3341,16514.163,30529.698999999997,6201.075,5413.359,7871.008
3342,16990.486999999997,31755.707,6939.929,5475.237999999999,7937.058999999999
3343,16104.067000000003,34830.977000000006,8278.58,5723.157999999999,8135.889000000001
3344,13149.453,38297.652,10875.717,6305.3589999999995,8267.977
3345,11956.756000000003,41409.903999999995,12361.075,6970.070000000001,7693.168
3346,11231.641,41932.919,13252.518,7775.714000000001,6902.348
3347,10902.793999999998,41968.91900000001,14360.845000000001,8331.723,6962.5
3348,11101.043,41541.477999999996,15332.35,8555.0,6882.316000000001
3349,11412.747,38651.477999999996,15762.548999999999,8470.784,6813.427000000001
3350,13623.91,38153.323,15980.149,8095.947,7066.022999999999
3351,17202.866,36646.86600000001,15242.563,7609.166,8364.668
3352,20106.951999999997,35804.129,14454.171,6938.502,9313.822
3353,22393.823999999997,35739.882,12850.633000000002,6426.319,9969.267
3354,22486.142,35484.67,12984.829,6076.094999999999,10034.617
3355,21814.438000000002,38146.96,13841.93,5865.111,10277.063
3356,21384.275,38358.628,12659.363,6018.396000000001,10362.257
3357,21017.295000000002,38767.261999999995,11074.146999999999,6084.936,10010.778
3358,20828.011,37922.759,11108.364,6110.0380000000005,9754.484
3359,20393.027000000002,35379.355,10636.973,6068.812,9401.726
3360,19732.097,32956.18000000001,8926.973,5930.629,9242.161
3361,17858.869,30962.646,8601.54,5773.988,9077.776
3362,16518.966,29408.847999999998,8098.757,5733.143,8819.984999999999
3363,16348.176,28851.735,7137.506,5470.254,8584.550000000001
3364,16248.035000000002,28412.947,6719.572,5424.191,8620.423999999999
3365,17039.583,28294.231,6556.05,5355.093,8494.315999999999
3366,18311.224,29078.487000000005,7597.306999999999,5233.162,8457.404
3367,18014.607,32158.075,9337.036,5359.552000000001,8307.564
3368,14475.207000000002,37527.573000000004,11040.749,5833.3009999999995,7923.936
3369,11968.244999999999,42010.435,13024.422999999999,6399.91,6565.588
3370,11190.136,44035.534999999996,12927.464,7142.409,6129.705
3371,11723.129,43825.547000000006,13382.219000000001,7645.556,6352.47
3372,11849.832,42815.108,13926.341,7934.496999999999,6678.49
3373,11659.190999999999,40756.575,13857.943,7953.809,6326.02
3374,12562.857000000004,40051.518,15302.64,7676.419000000001,6587.929
3375,14463.895,39204.34300000001,15212.614,7179.601,8266.737
3376,17407.375,38258.806,14678.305,6549.473000000001,8987.603
3377,21587.677000000003,37350.71000000001,13607.93,5913.069,8952.045
3378,22255.498000000003,37311.702,13285.684,5520.978,9492.916
3379,19847.172000000006,41712.695999999996,13558.461000000001,5360.659,10108.164
3380,17891.388,42176.654,13430.341,5384.9490000000005,10096.774
3381,17719.515,41126.85300000001,13068.143,5426.790999999999,9792.72
3382,17758.902000000002,40265.773,12799.893999999998,5533.743,9401.996
3383,17997.528000000002,37805.291,11160.198,5606.062,9185.475
3384,17748.219000000005,34476.777,9960.07,5606.091,9013.837
3385,17186.765,32506.428,8232.119,5519.668000000001,8446.396999999999
3386,15056.75,31722.128,7703.551,5533.5869999999995,8200.17
3387,13781.000000000002,31571.639,7093.987,5539.338,8176.576999999999
3388,12962.83,31822.816000000003,6819.699,5537.671,8196.188
3389,12762.644999999999,32326.163,6874.851000000001,5531.763,8094.269
3390,13417.028,33175.240999999995,8224.047,5305.019,8022.954000000001
3391,13689.981,35604.689,9725.745,5487.029,7996.906
3392,12107.190999999999,39345.455,10998.861,6072.931,7893.285
3393,11104.569000000001,42324.583,12057.205,6850.723,7199.769
3394,10292.476999999999,43152.613,12796.866,7555.654,6728.246
3395,10163.015,44052.573000000004,14230.514,7981.166,6421.914
3396,10483.762,43735.257,15047.121000000001,8123.734999999999,6435.436
3397,10767.850999999999,41166.707,15270.403,8070.422,6248.719
3398,13425.964,40000.759999999995,14729.176000000001,7933.576,6677.185
3399,15761.13,38602.423,14365.122,7431.807,8103.79
3400,17586.224,37771.485,14083.291,6680.734,8913.739000000001
3401,20858.302000000003,37233.561,13271.903999999999,6016.786999999999,8952.724
3402,21932.243,37687.149,12086.489,5699.7,9484.646
3403,20778.528000000002,40520.064,13101.382,5586.947,9927.586
3404,19174.805,40440.517,13044.495,5580.448,10005.155
3405,18413.149999999998,39564.145000000004,12750.505000000001,5577.4349999999995,9933.303
3406,18181.943,39290.748999999996,12123.780999999999,5615.669,9711.507
3407,18060.38,38235.849,10162.095,5653.7119999999995,9457.468
3408,17215.393000000004,35029.682,9725.357,5523.418,9046.286
3409,16218.294000000002,33669.321,8246.105,5438.167,8631.322
3410,14844.932,32832.301,7257.406,5427.155,8435.11
3411,13576.713999999998,32175.165,7006.189,5402.382,8388.235
3412,12737.629,31967.092000000004,6845.003000000001,5479.937,8334.679
3413,12398.079999999998,32043.798,7462.177,5477.87,8347.520999999999
3414,13412.874,32019.541999999994,9468.254,5140.525,8381.135
3415,13373.339,35144.559,10725.472,5115.807,8472.063
3416,12031.434,37610.081999999995,12566.543000000001,5663.471,8732.502999999999
3417,11737.02,41557.151999999995,12620.871,6435.419000000001,7823.796
3418,11960.666,42462.03,13421.064999999999,7082.469,6643.894
3419,12598.091999999999,42487.551999999996,14137.154,7566.015,6261.996999999999
3420,12925.387999999999,41204.619999999995,14726.277000000002,7772.351,6359.151
3421,12822.63,38267.320999999996,15587.772,7843.509999999999,6285.048
3422,13306.881,37963.888,16089.454,7690.903,7029.173000000001
3423,15454.499000000002,36731.492,15257.751,7175.739,8664.827000000001
3424,18745.584,34836.058,13713.902999999998,6605.063,9651.152
3425,20814.136000000002,34517.627,12947.997,6286.588,9451.146999999999
3426,21237.250999999997,35770.452,12846.89,6055.1900000000005,9577.029999999999
3427,21302.685,38722.406,12340.734,5871.15,10467.914
3428,18676.135,39923.671,12223.508999999998,5902.677,10407.933
3429,17561.522,39296.302,12089.385,5946.561,9842.802
3430,17657.044,38785.789000000004,11207.34,5941.874,9699.446
3431,17356.605,36739.951,10863.145,5835.0470000000005,9659.072
3432,17067.117000000002,34701.187999999995,9555.114000000001,5753.343000000001,9299.041
3433,15816.059000000001,34207.994,7496.200999999999,5684.588,8540.192
3434,14737.89,33279.882000000005,6802.796,5687.967,7773.184
3435,13455.99,32543.696,6671.032999999999,5652.197,7696.679000000001
3436,12754.612,32279.959000000003,6351.51,5627.889999999999,7654.747
3437,12863.031,32472.638000000003,5874.954,5616.735000000001,7561.544
3438,13335.543,32200.509000000002,6177.207,5364.502,7508.598
3439,12021.898000000001,33507.405,7137.822,5450.447,7456.012
3440,10197.554999999998,36149.873999999996,8950.97,5896.094,6592.514
3441,10365.17,37184.155999999995,10645.301,6566.286,5682.5
3442,10854.706999999999,36442.438,12139.98,7237.057000000001,5539.831999999999
3443,11303.783000000001,35435.015,13044.426,7758.526,5731.6759999999995
3444,11408.766,35191.551,13501.203,7976.319,5774.855
3445,12083.138,33360.065,13843.157,7957.558,5752.293
3446,12124.206,32570.814,14169.628,7670.017000000001,5705.227000000001
3447,11970.386,32551.464,14484.97,7163.471,5598.505999999999
3448,13005.286,32922.823,13582.933,6550.524,5966.191000000001
3449,16685.589,32484.726000000002,11192.391,5998.352000000001,7747.069
3450,19719.308,33228.079,10935.152,5978.5689999999995,9491.22
3451,19848.359,36030.37,12443.949,5856.635,10017.636
3452,19120.746000000003,36406.113000000005,11048.369999999999,5884.898,9617.335
3453,17367.3,36471.024999999994,9868.505000000001,5905.623,9682.905999999999
3454,17323.506,34458.049,9438.95,5901.161,9464.918
3455,16238.808,33157.282,8670.688,5937.433999999999,9127.58
3456,15197.850999999999,31823.069,7842.53,5791.822,9137.649
3457,13246.791000000001,31650.203999999998,7000.04,5715.133,8882.033
3458,11690.52,31849.841999999997,6567.0,5717.142,8155.659
3459,11120.412000000002,31346.309,6586.567,5710.352,7250.612000000001
3460,10941.887999999999,30517.057,6467.382,5712.425,7158.246
3461,10975.249000000002,30243.463,6599.793,5689.872,6286.499
3462,10805.051,30149.332999999995,7181.504000000001,5503.367,5490.394
3463,9567.54,30360.560999999998,7390.004,5411.972,5417.5509999999995
3464,8482.556,30719.838,8750.503,5960.809,5062.575
3465,8898.988000000001,29351.46,10500.181,6779.103999999999,4725.897
3466,9462.131,27570.518000000004,11643.241000000002,7470.361,4826.7919999999995
3467,9930.289,27400.334000000003,11877.637999999999,8003.1230000000005,4901.043
3468,10062.001,27805.6,12267.768,8179.541000000001,4972.643
3469,9971.278000000002,27750.015,12437.154,8089.304,4993.411
3470,9634.573,27659.72,12481.603,7781.36,4940.953
3471,9710.874,27319.31,12490.019,7294.762999999999,5218.196
3472,11493.079,27250.764,12607.019,6694.1669999999995,5159.733
3473,14321.384999999998,29057.324,11184.117,6093.695,6559.964
3474,17039.655000000002,30996.089,10737.268,6011.603,9047.229
3475,18104.028,34373.148,11148.068,5907.891,10740.652000000002
3476,17610.934000000005,34078.362,11187.892,5929.334,10158.981
3477,17614.515,33431.488,10457.298999999999,5938.804,9965.523000000001
3478,17353.353000000003,32722.849000000002,9903.782,5962.682,9720.585
3479,16030.552,32405.418999999998,8836.202,6035.772,9510.152
3480,14301.278,32453.962,7035.181,5989.719999999999,9030.898
3481,11995.168000000001,32252.965999999993,6757.5419999999995,5806.608,8134.095
3482,10829.684000000001,31402.447,6628.057,5762.842000000001,8063.244000000001
3483,10239.051,31303.668999999998,6447.264999999999,5728.008,7647.827000000001
3484,9684.310000000001,31622.051,6283.095,5552.214,7512.8
3485,9552.347,32058.138999999996,6322.705,5486.549,7852.7390000000005
3486,11256.202000000001,32789.849,6601.744000000001,5526.829000000001,8150.754
3487,13169.122000000001,34494.892,7475.535,5751.839,8298.530999999999
3488,11756.455,36375.46,10846.412,6269.3189999999995,7888.482
3489,10630.153,38485.531,13466.073,6994.939,7134.599
3490,10974.786999999998,39949.88399999999,13830.871,7651.071999999999,6333.375999999999
3491,11016.673999999997,40463.166,14073.183,8164.664,6240.5960000000005
3492,11224.608,40510.94499999999,13949.783,8459.016000000001,6240.776
3493,11278.657,38545.788,13935.830999999998,8498.744999999999,6109.332
3494,11453.521,39719.167,14469.466,8229.184000000001,6078.575
3495,13131.307,40951.408,13776.59,7980.0830000000005,5937.460000000001
3496,16102.336000000001,39598.666,13061.045,7732.274,6551.933999999999
3497,19670.593,37371.134000000005,12408.699,7425.474999999999,7404.969000000001
3498,20279.649,37158.923,11329.954,7070.956,8782.23
3499,19851.61,40203.68,12086.926,5814.298000000001,9584.831
3500,19215.052,39853.582,11958.492,5804.063,9616.441
3501,18717.134,39091.811,11541.527,5810.539000000001,9540.422
3502,18009.828,38742.982,11178.442,5765.4580000000005,9540.610999999999
3503,17782.908000000003,37417.019,8837.273000000001,5801.184,9499.81
3504,17431.8,34404.631,7394.109,5697.897,9252.497
3505,16098.398000000001,32244.239,6922.83,5609.146000000001,8487.134
3506,13911.809999999998,32030.193,6755.615,5739.954,7329.213
3507,12316.766,32547.892000000003,6584.832,5756.42,6511.784
3508,11846.651000000002,32824.231,6189.697,5864.353,6439.128000000001
3509,11750.371,32605.687,6230.904,5988.366,6973.713
3510,12558.971000000001,33192.604999999996,6472.004,5931.071,8116.39
3511,13271.091,35127.639,7999.7519999999995,6151.202,8453.798999999999
3512,10950.853,38446.017,10301.681,7070.884999999999,8433.862
3513,10175.293,40504.015,12226.92,8247.894,7569.87
3514,10646.088,40587.743,12689.121,9313.66,6453.202
3515,10752.902,41662.644,13351.990999999998,9751.835,6124.673999999999
3516,11004.827000000001,42265.805,13664.571,9558.202000000001,6194.265
3517,10969.945000000002,41265.916,13923.1,8333.548999999999,6018.33
3518,11673.5,42314.184,14392.282000000001,8097.338,6306.073
3519,13128.688999999998,42289.969,14320.042,7560.302,7263.168
3520,14440.931,41514.727,13255.801,6881.891,8709.776
3521,17471.900999999998,40621.728,11681.644,6317.85,8845.006000000001
3522,19857.938000000002,38934.695999999996,11779.681,5978.7480000000005,9035.36
3523,19024.501,41395.91,12358.89,5917.762000000001,9875.252
3524,17611.767,42191.331999999995,11396.331,5927.621999999999,10168.287999999999
3525,17544.466,40484.172999999995,11422.567,5939.5380000000005,9961.969
3526,17551.868000000002,39694.380999999994,10931.214,5941.992,9650.57
3527,17716.925000000003,37354.826,10286.342,5921.855,8890.190999999999
3528,17348.275,34855.639,8788.078,5744.486000000001,8158.54
3529,16028.344,33114.311,7780.619,5722.674000000001,7737.088
3530,15029.251,31799.869000000002,7532.719999999999,5732.546,6954.916
3531,14357.118,31653.44,7296.558999999999,5642.046,5883.6759999999995
3532,13233.660999999998,32252.216999999997,6938.058,5630.208,5660.857
3533,12877.234,32620.588,7134.393,5651.938,5618.097
3534,14377.169,33406.359,7586.076999999999,5662.297,5474.592000000001
3535,14639.837,35457.425,9710.08,5709.078,5469.647
3536,13381.985,37468.103,12146.567,5995.506,5912.002
3537,13021.054,40322.632,12767.504,6735.821,6379.7609999999995
3538,13528.671999999999,41195.087999999996,12508.202,7246.066,6777.769
3539,13464.136,42135.56,13275.615999999998,7524.7029999999995,6840.599
3540,13581.784,42505.33,13354.591,7500.105,6884.061
3541,13540.618,41273.53,12776.123,7478.237999999999,6367.293
3542,14594.285,40792.305,13675.102,7320.7029999999995,6079.530000000001
3543,16697.253,39835.811,13991.715,6998.696,6022.285
3544,18308.266,38226.996,14498.376,6510.314,5882.709999999999
3545,20702.511,37040.083,13582.169,6025.536,6144.747
3546,21497.732,36464.914,13107.197,5882.673,7574.178
3547,21369.623,38511.373,12220.618999999999,5715.251,9806.738
3548,19675.557999999997,39167.002,11118.452,5681.499,10412.574999999999
3549,17654.161999999997,39264.03,11120.536,5652.903,10353.525000000001
3550,17444.225,39006.509,10698.058,5582.5830000000005,9528.756
3551,16996.184,37181.863,9917.273000000001,5411.954,8629.143
3552,16983.351000000002,33835.326,8396.94,5407.221,8155.046
3553,16164.357,32293.017,7342.523,5294.914,7600.305
3554,14101.123000000001,31552.126000000004,7479.38,5276.653,7397.886
3555,13421.569,31061.524999999998,6655.454000000001,5263.925,7265.164000000001
3556,13512.885,30558.024999999998,6336.958,5288.700000000001,7100.47
3557,14023.867999999999,30082.528,6461.226000000001,5352.879,7109.764
3558,14993.492999999997,29644.144999999997,7875.018,5406.434,7163.476000000001
3559,16157.626999999999,31675.956,8761.072,5496.598999999999,7238.139
3560,14930.793000000001,35051.439000000006,10606.159,5961.647,6942.3910000000005
3561,13715.826,38478.003,12140.312,6589.789,7213.438000000001
3562,13825.574,39263.941,11625.823,7096.574,7638.498
3563,13709.896,39509.373,12486.672999999999,7407.049,7184.52
3564,13691.229,39294.238,12827.561999999998,7652.170999999999,6494.937
3565,12976.163999999999,37637.09,12817.604,7566.334,6414.175
3566,13301.439999999999,37575.709,12706.307,7317.427,7229.159
3567,15522.912000000002,36787.097,12221.880000000001,6958.4580000000005,8023.415999999999
3568,16643.017,35624.722,13005.387999999999,6460.500999999999,8222.14
3569,19572.085,34430.268,12354.637999999999,5844.637000000001,8727.963
3570,22132.890000000003,34186.159,11828.17,5567.754999999999,9201.505000000001
3571,22055.82,37211.879,12460.374,5566.718999999999,10084.133
3572,20463.941000000003,37266.284,12300.696,5704.257,10184.497
3573,19423.914,36870.971,11669.849,5780.0419999999995,10056.412999999999
3574,19104.177000000003,37236.483,10104.029,5791.277,9705.028
3575,18307.603,36232.471,8147.385,5756.45,9422.476999999999
3576,16874.144,33885.106,6862.357,5619.65,8876.306
3577,14965.613000000001,31773.577999999998,6651.34,7260.781000000001,8472.391
3578,13727.180999999999,30579.025999999998,6242.042,7210.321,8143.626
3579,12727.728000000001,30168.184999999998,6020.823,7191.726000000001,7400.864
3580,12762.239,29667.494000000002,6167.269,7139.9580000000005,6779.754999999999
3581,12680.458,28850.662,6825.441,7188.901,7216.094999999999
3582,14147.729,28640.55,7473.119,7175.078,7866.658
3583,14529.207,30416.492,9650.241,7267.782,8349.532
3584,12501.283000000001,34793.289,10841.997,7581.923,8918.78
3585,11534.449,38939.612,11889.878,8141.6810000000005,8031.129
3586,11663.691,40618.095,12248.524,8585.29,6507.3009999999995
3587,12150.055000000002,39508.206,13356.661,8965.311,6303.979
3588,12235.14,38227.00200000001,14309.742,9123.753999999999,6362.986
3589,12128.497999999998,36551.493,13760.365,7954.492,6699.54
3590,12779.732,35611.543999999994,14271.024000000001,7433.1050000000005,7566.847
3591,13473.866999999998,36324.532,13148.284,7096.326999999999,8614.209
3592,15319.140000000001,35941.016,12812.706,6701.8859999999995,8822.521999999999
3593,19478.781000000003,34103.195999999996,11805.179,6206.929000000001,9343.779999999999
3594,21730.828999999998,34795.745,11683.959,5831.722,9922.197
3595,20618.275,38564.368,12309.805,5695.1669999999995,11131.789
3596,18988.184999999998,39169.215000000004,11673.946,5714.111,10953.527
3597,17007.671,39152.644,11121.758,5725.161,10800.484999999999
3598,15613.649,39344.443,10570.094000000001,5715.779,10583.672
3599,15425.920999999998,37042.337,10451.547999999999,5692.004000000001,9782.396
3600,15289.989999999998,34000.708,9588.826000000001,5663.234,9288.715
3601,14705.067,32471.623,8077.224,5569.534,8567.728
3602,13935.955000000002,30807.044,7270.8060000000005,5366.531,8514.986
3603,13125.649000000001,30453.308000000005,6558.66,5186.439,8332.649
3604,12670.034,30539.893,6351.071,5190.6759999999995,7979.191
3605,12353.291000000001,30750.966,6518.306,5168.17,7461.197
3606,13266.221,30360.378999999997,6654.511,4959.194,7110.402
3607,13214.134,31301.832999999995,6883.505999999999,5030.231,7029.637000000001
3608,12889.287000000002,33317.058,8259.924,5495.071,6249.513
3609,12458.696999999998,35122.644,9566.009,6216.772999999999,5739.651
3610,12555.353,34878.462,10620.598,6844.8460000000005,5645.081
3611,12894.551000000001,34067.380000000005,11370.766,7265.723,5871.717000000001
3612,13141.069,33437.151,11801.791000000001,7512.593,5862.981
3613,12829.463,32602.369,11988.422999999999,7486.283,5857.264
3614,12887.494,32266.483,11748.968,7238.111000000001,5788.221
3615,12891.461,32624.731999999996,11181.643,6809.967000000001,5998.082
3616,13237.938,33012.499,10527.649,6309.443,6679.101
3617,15225.564999999999,33730.244999999995,9878.655,5698.987999999999,8020.914000000001
3618,17905.384000000002,35371.397,10183.893,5374.258,9177.168
3619,17714.228000000003,39829.011,10733.006,5344.345,10286.647
3620,17233.405,38649.832,10271.636,5386.362999999999,9969.857
3621,16094.220000000001,37462.341,10018.415,5435.507,9650.259
3622,14355.789,36748.268,9822.543000000001,5278.424,9629.654
3623,13546.832999999999,36151.414,7987.9,5280.622,9448.694
3624,13143.639,34714.716,6837.1449999999995,5303.153,8896.402
3625,11944.366999999998,34767.752,6056.724,4808.6810000000005,8190.711
3626,11233.432999999999,33833.793,5622.442999999999,4745.067,7143.897000000001
3627,10361.329,33519.034,5620.838,4719.891,6326.951
3628,9813.614,32991.65699999999,5649.471,4721.139,5730.161
3629,9670.523,32533.402000000002,5545.896,4754.4490000000005,5713.561
3630,9248.679,33105.381,5638.739,4751.235000000001,5275.04
3631,9267.446,33022.213,5822.734,4864.24,4894.568
3632,8677.923,32614.820999999996,7767.867,5314.952,4675.682000000001
3633,9251.304,31333.500999999997,9076.454000000002,6025.371000000001,4589.299000000001
3634,9700.923,29616.537999999997,10367.664,6660.5509999999995,4750.071
3635,9936.831,28800.771999999997,11095.027999999998,7215.228,4832.468000000001
3636,10528.74,28454.887000000002,11564.946,7445.642,4865.662
3637,10548.735,28209.237999999998,11608.772,7445.531,4850.4529999999995
3638,10638.983999999999,27723.625000000004,11237.836,7215.116,4858.778
3639,10320.76,28318.791999999998,10606.504,6806.09,4841.478
3640,11089.945000000002,29834.304000000004,10292.471,6315.7,4620.673
3641,13672.58,30221.734,10145.46,5921.597,6016.439
3642,17001.643,32077.617,10526.650000000001,5661.448,8412.757
3643,17591.918999999998,35556.270000000004,10690.313,5513.379,11225.624
3644,16770.441,35560.897999999994,9771.148000000001,5520.121,11060.205999999998
3645,15249.053,36460.761,8931.241,5522.362999999999,10732.685
3646,13601.865,37046.478,8823.323,5505.3009999999995,10436.164
3647,12651.918,36149.810000000005,8191.419,5411.322,9986.247
3648,11858.898,35154.028,6705.981,5372.549999999999,9375.816
3649,11234.404999999999,33257.754,6196.192999999999,5347.612,8742.736
3650,11247.47,32049.4,5985.668,5241.037,7849.934
3651,10813.149,32170.316,5688.991,5279.611,6944.218999999999
3652,10897.871000000001,32086.442000000003,5608.4490000000005,5331.243,6479.148999999999
3653,11039.007999999998,32277.555,5732.98,5316.209999999999,6489.459999999999
3654,12602.48,32594.57,6195.963,5386.46,6879.008
3655,13277.287999999999,34468.638,6886.701,5596.414,8264.914
3656,11733.135999999999,36752.840000000004,8910.964,5919.217000000001,9443.052
3657,11067.257,38833.313,11153.932,6579.368,8910.483
3658,11103.925,39489.049000000006,12252.891,7201.602000000001,8047.567
3659,11496.676,40480.066,12590.305,7590.455,7932.2919999999995
3660,11878.753999999999,39642.161,13021.302,7899.162,7872.217
3661,10960.446,38886.855,13388.992,7898.375999999999,7236.0869999999995
3662,11246.482,40151.915,13352.895,7552.4439999999995,7498.99
3663,11602.14,41327.175,12675.895,7118.1230000000005,8450.272
3664,13274.255000000001,40031.989,11521.142,6667.027,10454.646
3665,15289.82,38825.67,11168.234,6862.179000000001,11010.338
3666,17033.789,38052.341,11366.169,6914.076,10648.579
3667,17197.664,38770.884,12743.328000000001,6626.348,11838.233
3668,17199.12,38554.027,11776.341,6585.261,11884.197
3669,16871.052,37747.479,11581.071,6523.032,11557.343
3670,16101.321,38346.224,11484.535,5776.5779999999995,10957.918
3671,16091.812,36814.185,10412.884999999998,5055.822,10339.931
3672,14564.014000000001,35290.808000000005,9981.083999999999,4980.414,9361.029
3673,12856.440999999999,34309.452,8620.487,5026.201,8726.741
3674,11630.389,34150.442,7027.423,5106.25,8533.397
3675,10933.605,33902.828,6629.646,5130.198,7875.431
3676,10821.965,33413.878,6503.929,5185.425,7693.406
3677,10957.644,33529.437999999995,6585.13,5157.292,7723.386
3678,11781.271,34087.615000000005,7814.394,5155.992,7933.806
3679,12682.845000000001,35811.229,9556.261,5222.633,8477.349
3680,12344.280999999999,37512.922,11622.418999999998,5519.75,9076.564999999999
3681,11276.622,39797.64,13121.643,6097.558999999999,9624.907
3682,11578.384,41257.996,12378.579999999998,6728.75,9274.354
3683,11481.343,42903.880000000005,12488.903999999999,7254.891,8360.787
3684,11448.804,42972.869,12894.434,7463.671,7936.959
3685,10962.487000000001,40470.098999999995,13147.01,7414.76,7753.161
3686,11416.305,40946.994999999995,13321.339,7143.939,8087.807
3687,12019.885,41704.371,12852.192,6710.837,8767.203
3688,13076.108,40444.372,13055.555,6312.394,9731.154
3689,16007.357,39248.845,12786.815,5848.482,10558.836
3690,18174.524,39544.461,11848.513,5518.485999999999,11081.844
3691,18353.932,41419.121,12834.122,5388.651,11855.864999999998
3692,18468.129,40671.161,12347.42,5393.054,11908.761999999999
3693,18209.100000000002,39662.413,11925.968,5381.432000000001,11896.238000000001
3694,16504.892,40196.015,11498.77,5347.129,11627.099
3695,15671.0,38706.97,10319.178,5298.73,11044.554
3696,14438.137,36353.894,9363.559000000001,5212.296,10051.083999999999
3697,11932.134999999998,35631.68,8716.329,5014.719999999999,9264.041
3698,10891.154999999999,34602.882,7503.168,5010.483,9325.05
3699,10695.092,33972.038,6714.933999999999,5016.618,8860.146
3700,10597.702999999998,33939.494,6524.83,5035.768,8004.5599999999995
3701,11103.004,33682.319,6943.515,5021.282,7698.007
3702,13186.764999999998,33591.429000000004,7769.673000000001,4965.485000000001,7790.322
3703,13446.480000000001,36238.462,9320.190999999999,5039.107,8290.276
3704,11805.877999999999,39096.823,10551.767,5427.138999999999,9131.223
3705,10642.03,41101.58,11639.898,6213.143,9443.55
3706,10885.564,40973.202,11859.934000000001,6924.449,9085.921
3707,11424.044,40816.765999999996,12665.447,7404.5199999999995,8652.381
3708,11559.886,40099.22,13059.041000000001,7667.201999999999,8821.298
3709,11585.099999999999,37587.99,13344.882000000001,7652.557000000001,8331.648000000001
3710,11945.787,38073.068,14223.988000000001,7358.616,8616.002
3711,12007.758,39050.460999999996,15115.311999999998,6881.425,9409.007
3712,13202.467,38250.823000000004,15756.807,6290.995,10268.056
3713,16885.166,38237.498,14225.322,5697.381,10496.269
3714,19984.594999999998,38202.58200000001,13162.011,5242.416,10696.039
3715,19945.666999999998,40692.394,13278.224999999999,5233.821,11759.850999999999
3716,18821.03,40760.42799999999,12776.996,5415.053,11632.928
3717,17460.554,40893.109000000004,12204.199999999999,5448.552,11322.306
3718,16239.132999999998,41387.787,11786.301,5412.4439999999995,10882.075
3719,15849.490999999998,39149.06,10740.101999999999,5208.999,10772.404
3720,15231.012,35913.542,10306.287,5197.407999999999,9791.733
3721,14618.899999999998,33446.498,9125.371,5284.116,8951.567000000001
3722,13320.899,32743.623,7568.135,5296.304,8900.438999999998
3723,12991.576000000001,31867.715000000004,6764.584999999999,5295.777,8905.479000000001
3724,12302.684000000001,31478.827,6732.691000000001,5238.941,8978.519
3725,12666.357999999998,31374.991,6780.678,5183.851000000001,8962.127
3726,13742.521999999999,31758.885000000002,8199.308,5198.6140000000005,8698.609
3727,14165.319999999998,33127.4,10008.865,5395.389,9247.516
3728,12160.604,36824.543000000005,11532.444,5929.65,9788.737000000001
3729,11254.122000000001,39194.346,12516.59,6739.506,10128.807
3730,11912.923,39817.958,11949.329,7409.450999999999,10091.583999999999
3731,12388.09,39574.443999999996,12932.926,7890.597,9650.508
3732,12667.481,39800.975000000006,13949.498,8159.581000000001,8142.440999999999
3733,12565.707,38380.705,14278.605,8116.703,7285.418
3734,12312.892,38472.757,14988.189,7809.0599999999995,8435.164
3735,12047.098000000002,37874.212,16210.029,7271.745999999999,10589.862000000001
3736,13811.234,37343.38,16850.219,6707.778,10485.021
3737,17570.03,36144.751,16074.679,6073.101000000001,10417.058
3738,19154.405,37361.367,13897.002,5654.392,10742.546
3739,19311.618,39485.185,14020.881000000001,5601.205,11318.582000000002
3740,18062.248,39885.76500000001,13530.737,5637.223,11308.266
3741,16846.637,38997.25399999999,12835.109,5635.094,11303.957
3742,16206.515,38340.937,12683.461,5653.641,11423.552
3743,15966.070000000002,36826.168,11251.611,5529.775,11272.846
3744,15310.089999999998,34900.725999999995,9440.88,5401.428,10576.846
3745,14516.969000000001,33663.106,8602.085,5180.144,9593.241
3746,13341.787999999999,32558.219999999998,8092.932,5142.352999999999,9088.737
3747,12457.775,31709.094,7668.007,5170.43,8959.630000000001
3748,12109.877,31300.21,7525.035,5148.223,8918.564
3749,11910.733,31618.915,7646.1759999999995,5143.7,8911.992
3750,13156.789999999999,31997.542999999998,8954.24,5153.742,8699.671
3751,14138.987000000001,33876.064000000006,10348.49,5237.503000000001,9061.905
3752,13431.049,34579.816,12963.377,5710.345,9892.161
3753,12255.724999999999,37997.987,13305.768,6410.527000000001,9838.332
3754,11757.939000000002,39524.635,13182.463,7074.297,9437.04
3755,11709.139,40666.045,13216.526,7630.349,8844.771
3756,11948.323,40683.475999999995,13244.79,7846.95,8644.979000000001
3757,11975.982,38724.848,13220.939000000002,7855.928000000001,8616.246
3758,12594.314,37843.727000000006,14030.491000000002,7753.968000000001,10183.912999999999
3759,13723.051,36343.395000000004,15353.527,7458.249000000001,10939.255000000001
3760,14735.935,36501.261,15098.639000000001,6984.628,10477.001
3761,18560.793999999998,35360.725,14387.075,6353.026000000001,10250.396
3762,20642.017,36702.595,13603.283000000001,5915.937,10288.284
3763,19403.712999999996,40971.724,12866.011,5938.094,10904.274
3764,17195.277,41516.862,12532.38,6018.233,11005.871
3765,14947.306999999999,41107.329,12834.407,6008.488,11002.744999999999
3766,14594.614,40023.746,12877.853000000001,6016.308000000001,10772.786
3767,14250.935,38525.834,12097.396999999999,5845.826,10573.078
3768,14451.158000000001,35559.626000000004,11495.024,5468.398999999999,10172.694
3769,14364.396999999999,33914.172,10258.289,5288.763,9031.931
3770,13441.703,32383.769999999997,9207.058,5288.322,8878.415
3771,12234.046000000002,31360.675000000003,9082.649,5236.943,8742.277
3772,11216.774,31236.047999999995,9041.423,5256.835,8719.466
3773,11343.103,30981.361000000004,8801.452000000001,5226.447,8687.19
3774,11416.931999999999,30927.068,9212.562,5213.483,8631.884
3775,11214.795999999998,31691.670000000006,9598.937,5226.347,8951.654999999999
3776,9824.952000000001,32680.68,11570.144,5619.862,9318.416000000001
3777,9126.206,34098.866,13034.014,6314.109,9763.086
3778,9365.912,35379.412000000004,12735.929,6898.022,9653.354000000001
3779,9709.123000000001,35974.684,13125.295,7365.207,8733.827
3780,10148.397,35557.710999999996,13164.284,7742.657,8586.194
3781,10279.094,34779.193,12913.85,7636.076,8755.621
3782,10258.211000000001,34115.195,12570.206,7297.645,9411.663
3783,10328.383,32820.291,13077.100999999999,6997.340999999999,9698.22
3784,10940.826,31946.290999999997,14051.877,6558.236,9671.159
3785,12452.307,33377.876000000004,14129.234999999999,5971.889999999999,9548.242
3786,16633.73,35121.044,13942.44,5503.186,9962.692000000001
3787,18731.231,37678.845,13465.679,5403.365,11095.774000000001
3788,17927.761,38168.977,11132.711,5472.1759999999995,11096.631000000001
3789,16589.865999999998,36934.754,10673.088,5441.1759999999995,10936.566
3790,15625.248,36327.214,10150.11,5418.126,10657.461
3791,15042.157000000001,34923.225999999995,9591.529,5328.225,10188.219000000001
3792,14747.717000000002,33058.006,9174.016,5303.275,9324.095000000001
3793,13750.205000000002,32065.732,8147.163,5271.394,8825.359
3794,11672.982,31947.110999999997,7224.4130000000005,5276.832,8655.172
3795,10043.404,32033.078000000005,6491.956,5259.023,8591.611
3796,9113.760999999999,31694.525999999998,6454.921,5276.557,8504.769999999999
3797,8707.303,31283.006,6466.2029999999995,5301.405000000001,8423.8
3798,8933.089,30679.896,6643.6630000000005,5301.541,8341.64
3799,8940.267,30387.381,6814.736000000001,5329.596,8191.924
3800,9184.952,30100.229,8025.332,5680.128000000001,6946.449
3801,9240.428,30534.642,9681.457,6411.661,5464.935
3802,8747.704999999998,30064.099000000002,11479.214,7066.756,5637.4349999999995
3803,9103.437999999998,29820.91,12555.716,7580.723,6019.774
3804,9591.679,30009.766999999996,13227.842,7831.559,6288.233
3805,9675.43,28863.482,14090.226999999999,7807.0779999999995,6219.099
3806,9702.946,27851.986,13781.134,7569.614,5947.5650000000005
3807,10033.280999999999,27146.538999999997,13193.287,7114.456,6076.726
3808,11111.606,26357.117000000002,13792.189999999999,6625.389999999999,6602.3060000000005
3809,12987.127,27238.575000000004,13136.634,6109.196,8151.425
3810,15879.981,31545.804000000004,12400.928,5649.243,9429.223
3811,16906.622,35438.14600000001,12423.578,5512.0470000000005,10207.003999999999
3812,16345.437000000002,36548.215000000004,11176.624,5616.611,10221.296000000002
3813,15415.940999999999,37065.267,9734.922,5669.155,10253.372000000001
3814,15562.486,35784.684,9317.787,5685.74,10232.803
3815,15363.901,34946.547,8003.605,5580.293,9884.286
3816,15323.179999999998,32968.922,6962.212,5477.839,9253.353
3817,13808.097,31332.235,7143.899,5365.334000000001,8746.387999999999
3818,12642.055,30300.019,7200.83,5365.358,8341.744999999999
3819,12034.328000000001,29472.932,7194.714,5367.701,8336.251
3820,12047.067,28322.461000000003,7719.966,5370.427,8389.41
3821,11656.968,27372.065,9348.48,5451.448,8364.578
3822,12826.343,27381.091000000004,11249.073,5471.723,8341.61
3823,14794.367000000002,29523.133,12340.793,5589.965,8393.528
3824,14081.050000000001,32145.566,13864.505000000001,5953.993,9193.714
3825,11522.711,35943.587999999996,15469.886999999999,6535.93,9888.586
3826,11052.686,36686.786,16063.357999999998,6983.365,10349.247
3827,11934.062,36978.096000000005,16011.687,7386.699,10638.414
3828,12355.16,36679.345,16827.953999999998,7601.927,10415.17
3829,11909.405,35950.415,16163.100000000002,7566.529,9612.848
3830,13028.022,35716.602,15903.189,7358.667,9926.451000000001
3831,14675.203,35490.342000000004,15181.563999999998,7029.844999999999,10375.802
3832,15935.114,34811.187000000005,15273.331,6502.474,10387.71
3833,19164.47,34391.001,14154.66,6121.521,10284.347
3834,20583.706,35558.971999999994,13400.821,5834.19,10426.089
3835,20633.088,38397.87700000001,13534.387,5701.123,10960.395
3836,19996.622,38596.011000000006,13338.48,5677.861,11070.06
3837,19945.195,38123.333999999995,12242.465,5660.274,11047.919
3838,19117.095,36935.661,12452.514,5653.165,10932.653
3839,17182.696,35391.538,12218.275,5714.01,10271.002
3840,16220.115000000002,33018.91100000001,11361.517,5669.153,9186.192000000001
3841,15401.767,30403.931,10653.545999999998,5433.224,8613.017
3842,13502.344,29527.612,10207.589,5444.737999999999,8355.643999999998
3843,12283.745,28750.458,10242.353,5440.927,8275.412
3844,12295.430999999999,27917.106,10297.098,5444.978,8219.343
3845,12385.331000000002,27393.092,11191.0,5439.094999999999,8195.27
3846,13855.590999999999,27946.326999999997,12146.652,5445.002,8191.43
3847,15465.471,30435.37,12292.885,5445.2919999999995,8704.168
3848,13625.078000000001,34094.583,13295.055,5737.655,9506.143
3849,11216.066,37350.457,14715.323,6408.779,10591.552
3850,11238.203,39343.770000000004,14023.580999999998,7029.069,10277.33
3851,11675.687,39223.804000000004,14273.576000000001,7420.919,9852.019
3852,11981.441,38454.880999999994,14884.683,7714.336,9145.159
3853,11869.993999999999,36691.361000000004,15310.208,7788.878000000001,7964.856
3854,11888.635999999999,36146.754,16083.88,7528.547,8445.131
3855,11626.847,35845.575,16846.668,7142.893,9575.631000000001
3856,12253.994999999999,36333.459,16213.630000000001,6680.628,10148.43
3857,15534.024,36607.223,13581.865999999998,6298.0,10636.42
3858,18143.058,36787.306,12737.751,5951.129,10884.257
3859,19617.172000000002,39770.859000000004,12706.356,5842.564,11126.32
3860,19393.911000000004,40162.509,11584.084,5781.628000000001,11198.19
3861,18813.568000000003,40197.463,10832.426,5814.964,10723.575
3862,18051.432999999997,39841.403000000006,10313.144,5844.128000000001,10489.815999999999
3863,16849.454,38134.173,9443.577000000001,5888.4310000000005,10174.806
3864,15382.262,35857.406,9340.651,5799.515,9364.775000000001
3865,13319.809,33545.017,9460.939,5556.567999999999,8804.827000000001
3866,11503.407000000003,31796.184,9597.388,5507.768,8384.043
3867,10267.041000000001,30918.913999999997,9599.313999999998,5524.496,8314.531
3868,10044.030999999999,30115.897000000004,9248.479,5500.13,8347.491
3869,10089.273000000001,30126.33,9479.248,5488.164,8363.262
3870,10094.277,30981.956000000002,11760.82,5508.531,8365.983
3871,10115.848,34027.129,12986.063,5610.362,8808.297
3872,10149.708999999999,37573.357,12599.847,6002.2880000000005,9596.119999999999
3873,9189.289999999999,41226.902,13327.353,6511.063,8848.555
3874,9395.901,40805.62700000001,14146.784,7090.525000000001,8167.255999999999
3875,10071.01,40269.12300000001,14775.167,7583.225,7751.776
3876,10734.856000000002,38555.164,14879.378,7849.267,7984.269
3877,10794.419,36072.214,14807.868999999999,7874.494,7411.906000000001
3878,10449.572,36090.364,15062.383,7608.879,8516.54
3879,11526.311,35593.072,14805.292000000001,7349.455,10269.279999999999
3880,14050.569,34646.027,14272.976999999999,6787.505,10876.557
3881,17583.527000000002,34599.138999999996,12624.707999999999,6307.347,10843.984
3882,19164.228999999996,35589.810000000005,12586.793,5859.691,11123.223999999998
3883,19405.085,39702.526,12826.457,5768.6630000000005,11113.256
3884,18179.121,41631.816999999995,11255.634999999998,5787.113,11219.026
3885,15021.369,43068.706999999995,10852.784,5775.967000000001,11158.708999999999
3886,14579.199,42617.617,10127.154,5741.92,11020.178
3887,13723.038000000002,40430.90700000001,9081.364,5687.111999999999,10582.904999999999
3888,13199.189,37644.159,8544.804,5596.974,9581.013
3889,11522.774000000001,35872.25199999999,7983.9130000000005,5168.91,8654.645
3890,10443.311999999998,34641.868,7209.661,4971.929,8437.331
3891,10503.601999999999,33330.23,6784.195,4953.551,8071.955
3892,10216.310000000001,33072.366,6722.795,4950.744,7520.956
3893,10170.23,32953.134,6858.842000000001,4921.209000000001,7700.255999999999
3894,10230.793000000001,34181.714,7381.485000000001,4942.299,8294.57
3895,11591.385,36135.443999999996,8054.937,5046.896,8969.463
3896,10994.0,37820.964,10782.295,5474.195,9558.326000000001
3897,10143.326,39796.734,13062.873,6191.619000000001,8158.150000000001
3898,10780.527999999998,38808.794,13794.039999999999,6929.765,7074.5
3899,11561.307999999999,38284.87300000001,14415.101999999999,7327.225,6702.175
3900,12123.457,37297.525,15094.149000000001,7586.571,6596.817999999999
3901,11945.456999999999,35296.881,14851.486,7577.444,6529.034000000001
3902,12640.996000000001,34661.647,15374.437,7329.8,6847.605
3903,12424.769,35519.876000000004,14994.255000000001,6876.91,8477.456
3904,12767.291000000001,36075.176,14376.666,6283.700999999999,9943.372
3905,14615.757,36674.90699999999,13402.193,5800.681,10705.289
3906,16119.657000000001,39441.998999999996,11792.616,5369.613,11141.569000000001
3907,17611.591000000004,43216.026,11870.412,5214.948,11053.211
3908,16389.626,43424.952,11347.198,5207.847,11053.451000000001
3909,14437.96,42887.403,10829.755000000001,5223.206,10912.295
3910,13830.809,42042.845,9896.984,5230.432000000001,10840.979000000001
3911,13350.561999999998,40599.074,8327.823,5217.5689999999995,10168.728
3912,12812.817,38085.806,8194.440999999999,5160.391,9026.494999999999
3913,11522.692000000001,36203.932,7348.761,4812.702,8271.618
3914,11367.395999999999,35698.151,6574.548,4706.383,6967.277
3915,11309.588,34975.348999999995,6271.6630000000005,4715.586,6045.138000000001
3916,11137.094,34558.627,6083.975,4680.875,5891.396
3917,11180.624000000002,34569.199,6305.3099999999995,4681.759,6047.884
3918,12206.039,34477.397000000004,6948.672,4669.694,6388.423000000001
3919,12987.908000000001,36691.495,7673.615,4762.138,7180.384
3920,11572.844,38464.246,10698.828,5276.405,7750.846
3921,11150.722,39415.691000000006,11936.797,5971.121,8112.4439999999995
3922,10994.7,39329.36,12365.188999999998,6641.365,7352.584
3923,11514.732,38765.266,12943.133,7087.798,6997.455
3924,11616.087999999998,38594.834,12931.001,7277.818,6929.013999999999
3925,11393.771999999999,37018.664,12660.395,7226.47,6826.018
3926,11070.778000000002,37963.411,13212.543000000001,6981.527999999999,6814.923000000001
3927,11111.322,39552.306,12723.461,6521.915,7525.619999999999
3928,11748.051,39516.575,12235.101,5889.098999999999,9137.419
3929,12927.928,39919.493,11460.837,5365.126,10898.557999999999
3930,14382.633,41993.482,10113.387999999999,5164.04,11822.663
3931,15685.968,42996.595,11071.528,5016.196,12406.564999999999
3932,15418.453,42734.987,9864.508,4969.831,12197.958999999999
3933,15020.99,41588.687,8572.037,4894.902,12123.406
3934,14386.954000000002,40886.083999999995,7855.343,4901.43,12408.527999999998
3935,13919.275000000001,39601.087,7139.704,4898.006,11655.024000000001
3936,13063.747,38306.138,6509.081,4885.825000000001,10124.272
3937,11778.899000000001,36583.43400000001,6418.606,4728.153,8908.814
3938,10053.699,35929.126000000004,6369.626,4716.76,8093.018
3939,9426.256000000001,35127.081999999995,6272.519,4589.394,7605.722000000001
3940,9347.851,34764.068,6045.376,4512.911,7025.923999999999
3941,9468.717,34515.09,6297.205,4509.367,6543.6900000000005
3942,9479.971,33737.212,7686.1630000000005,4494.689,6377.859
3943,9399.550999999998,34300.327000000005,8041.746,4685.66,6425.766
3944,9653.984,34574.15900000001,9797.435,5187.803,6295.617
3945,9988.705,34634.956000000006,11887.961,5989.122,6243.518
3946,10327.151000000002,34914.906,12452.056,6696.412,5755.981
3947,10567.998,34066.467,13381.857,7082.098,5595.5869999999995
3948,10689.703000000001,33223.834,13912.614,7289.207,5662.045
3949,10583.418,32692.15,13949.052,7303.544,5813.371
3950,10425.114,32901.242,14022.565,7031.655000000001,5764.558
3951,10512.533,33598.089,13538.69,6519.679,6043.647
3952,10642.006999999998,34237.863999999994,13001.09,5880.753000000001,7160.689
3953,12739.578,34771.926,11835.067,5244.647,8681.124
3954,16122.737,36715.990000000005,11288.859,5076.609,10088.821
3955,16854.723,39261.1,12156.855,4934.373,11135.86
3956,15678.149,38395.457,11410.931,4935.976,10683.407
3957,14063.818000000001,37239.324,11320.533,4928.706,9940.812
3958,13187.737,36589.891,10046.683,4906.746,9668.505
3959,12278.328,35691.632,9122.651,4880.21,9151.926
3960,11665.373,34540.566,8082.359,4843.223,8430.199
3961,10961.098999999998,33572.254,7294.484,4865.898999999999,7361.833
3962,9137.362000000001,32861.822,7120.257,4858.684,7074.307000000001
3963,8176.027,31757.629,7314.275,4779.732,6476.323
3964,8143.901,31063.443000000003,7176.584000000001,4649.593,6393.048000000001
3965,8120.097000000001,30842.419,6896.261,4638.977,6367.895
3966,8150.633,30865.943,6967.086,4599.548,6187.396
3967,7847.813999999999,30562.788,7673.193,4588.896,5314.332
3968,7592.264000000001,30277.948999999997,8670.033,5070.847,4706.098
3969,8075.3550000000005,29386.177,9717.307,5789.071,4461.666
3970,8827.078,27994.109,10940.082,6437.457,4635.164
3971,9408.082,27555.371,11803.394,6902.550000000001,4796.554
3972,9903.69,28343.990999999998,12064.130000000001,7147.498,5005.089
3973,10020.467999999999,28213.356000000003,12164.179,7117.053,5143.136
3974,9685.742,28024.638,12041.64,6825.744,5118.683999999999
3975,9240.957,28268.942000000003,11907.626,6334.344999999999,5163.1990000000005
3976,9397.68,27690.122000000003,12121.150999999998,5694.3949999999995,6756.018
3977,10941.564,28262.64,11940.622000000001,5292.33,8674.801
3978,14556.201,30437.201,13243.449999999999,5155.018,9094.283
3979,15912.217999999999,34699.991,13397.798999999999,5028.589,10134.471000000001
3980,15006.012999999999,35165.048,12290.732,5029.518,10123.331999999999
3981,14356.595,34783.471000000005,11979.511999999999,5033.112999999999,9659.106
3982,13167.521000000002,34819.062000000005,11944.439,5058.742,9496.93
3983,11753.607,33836.102,11548.783,5039.164,8758.793
3984,11469.487,31880.659000000003,10413.314,5036.436,8078.307
3985,10846.388,31047.592,8625.363,4745.776,7921.8820000000005
3986,9743.625,30488.583,7745.019,4721.656,7957.411
3987,9282.827,29645.966,7753.751,4660.894,7934.182
3988,9069.947,29412.462999999996,7694.766,4659.674,7916.224
3989,8966.736,29567.146999999997,8098.252,4660.644,7937.26
3990,9673.368,29726.698000000004,9937.855,4642.072999999999,8103.645
3991,10775.866,32571.182999999997,10915.124,4720.77,8372.758
3992,10857.056,36447.004,10931.749,5236.3820000000005,8848.01
3993,11054.472000000002,38793.146,11669.053,5967.924,8844.625
3994,11489.398,38468.961,12464.771,6593.572,7963.851999999999
3995,11903.552,39102.347,13458.928,7090.833,6661.564
3996,12314.980000000001,39779.84,13492.628,7350.833,6246.602999999999
3997,11758.623,38015.979,13158.409,7307.3060000000005,6125.233
3998,11688.543000000001,38066.629,13573.003999999999,7073.43,6796.634
3999,11761.664999999999,38648.384999999995,13495.155,6643.323,8307.056
4000,13496.468,38016.954,13573.567,6026.159,9544.665
4001,16616.556,36794.231999999996,13596.128,5386.5560000000005,9835.731
4002,18063.489,38142.632,12615.021999999999,5126.59,9891.427
4003,18160.856,41327.61,12830.607,5021.108,10612.709
4004,16701.356,41849.515,12678.708999999999,5007.447,10648.212
4005,14746.678,42155.168,12793.423,4967.737,10389.776
4006,13746.348000000002,41791.973999999995,12833.578000000001,4908.6849999999995,10004.45
4007,13278.948999999999,38647.534,12219.629,4850.805,9739.177
4008,12194.795,36264.213,10686.009999999998,4712.114,9055.91
4009,10669.956,36261.641,8211.731,4723.354,8545.516
4010,9859.077000000001,35097.988,6854.396,4746.251,8285.792
4011,9766.055999999999,33979.077,6658.312,4736.778,7684.862999999999
4012,9360.568,34318.75,6744.102,4720.812,6767.032000000001
4013,9234.821,34213.026,7015.281,4715.389,7150.1900000000005
4014,9599.047999999999,34937.074,8271.513,4718.751,7743.899
4015,9543.314,37642.919,9539.785,4815.958,8291.611
4016,10555.475,39429.101,11704.775000000001,5226.2390000000005,7480.0650000000005
4017,10901.404,41609.246999999996,12470.625,5945.887000000001,6984.821
4018,11423.119999999999,41441.18,12222.627,6888.5019999999995,6586.4
4019,11880.049,40899.347,13106.217,7496.514999999999,6449.28
4020,12263.190999999999,40429.181,13426.599000000002,7753.947,6459.651
4021,11687.520000000002,38906.806000000004,12899.991,7736.11,6276.106
4022,11224.44,39249.439,13689.532000000001,7419.786,7013.4310000000005
4023,11480.699999999999,40500.159,13632.801,6893.258,7755.645
4024,12127.136999999999,39729.501000000004,13997.053,6316.129000000001,9312.034
4025,13989.424999999997,38134.281,14836.337,5672.029,10899.861
4026,16639.265,37841.415,13519.257,5390.135,11093.612000000001
4027,18122.333,39131.009,14216.355,5252.555,11606.03
4028,17368.174,39902.518,13711.521,4868.630999999999,11546.542000000001
4029,16213.933,39989.22900000001,13366.295999999998,4848.751,11270.049
4030,14861.306999999999,40714.890999999996,12551.573999999999,4778.7429999999995,10751.397
4031,14188.091000000002,38472.603,11646.523000000001,4730.577,10325.927
4032,13374.668,36005.515,10416.398000000001,4707.406,9118.159
4033,11480.792999999998,34669.194,9128.784,4668.985,8594.074
4034,10587.747,33153.433000000005,8478.828000000001,4682.869000000001,8363.051
4035,10241.722,31955.234,8187.303,4696.118,7920.270999999999
4036,9666.622,32377.461,7597.179,4604.659,7807.433999999999
4037,9386.342,33249.738,8001.717,4602.358,7689.358
4038,9610.995,34174.628000000004,9363.843,4599.79,7925.022999999999
4039,10070.488000000001,35999.603,10853.39,4653.482,8546.664
4040,10474.145,38277.502,11508.509,5145.155999999999,9434.586
4041,10717.587,40278.44899999999,12344.21,5833.334,8837.266
4042,11101.502,40635.159,12622.802,6550.463,7737.061
4043,11670.963,40960.652,13124.523000000001,7068.002,7115.1630000000005
4044,11611.703,40876.683,13211.908,7308.034,7172.335
4045,11394.151,39423.869,13192.983,7299.364,6707.066000000001
4046,11555.561,39939.331,13625.880000000001,7037.13,7323.741
4047,11776.322,42097.409,13109.585,6529.496999999999,8045.656
4048,12839.292000000001,41677.702000000005,13214.058,6006.808,8530.602
4049,13891.754999999997,41483.44500000001,12905.019,5351.723999999999,10228.157
4050,16227.041,40239.757,12777.109,4940.45,11057.109
4051,16542.024,42045.958,13781.945,4793.323,11671.833
4052,14815.181,42147.801,13631.404,4780.996,11606.452
4053,13157.081,42849.560000000005,12667.75,4808.946,11327.025
4054,12802.183000000003,42301.271,12323.557999999999,4597.136,10918.276
4055,12738.567,39877.967000000004,12758.107,4432.04,10178.069
4056,12932.896,37225.172000000006,11451.141,4416.24,9472.088
4057,12274.57,35821.883,9932.061,4454.066,8669.566
4058,10758.179,34837.896,9024.698,4537.1720000000005,8542.98
4059,9943.256000000001,34051.744999999995,8136.064,4676.623,8527.349
4060,9880.006,33210.581,7938.963,4678.33,8257.974
4061,9674.314,33121.072,8240.764,4640.724,8153.3859999999995
4062,9655.236,33047.759,8739.314,4589.5070000000005,8134.706
4063,10144.501,33037.773,8615.190999999999,4681.486,8304.279
4064,9842.350999999999,34382.601,9777.185000000001,5184.984999999999,7381.523999999999
4065,9738.746,35306.179000000004,11684.119,5952.852,6181.576000000001
4066,10484.313,34489.746,12753.367,6657.983,5683.628000000001
4067,10876.615000000002,34224.852,13775.792,7164.428999999999,5149.348
4068,11012.635,34653.041999999994,14425.059,7379.3060000000005,5109.955
4069,11127.116,34676.718,14232.282,7343.46,5227.435
4070,11131.581,34694.178,14276.079000000002,7109.852,5989.207
4071,11414.832,34697.333,13524.219000000001,6528.884,7880.761
4072,12039.034000000001,34587.678,12672.764,5904.794999999999,9866.127
4073,13004.675000000001,35647.492,12656.470000000001,5325.938000000001,10355.709
4074,14944.797000000002,37055.384,12858.054,5126.158,11122.555
4075,16660.006999999998,38878.333,13782.784,5036.328,11976.372000000001
4076,16002.781000000003,38580.543000000005,12837.123,5061.157999999999,11964.953
4077,13701.159000000001,38077.387,13085.547999999999,5079.003,11993.345
4078,12561.044000000002,37628.539000000004,12690.011999999999,5064.357,11812.589
4079,12602.117999999999,36769.022,11365.423,4943.088,11226.278
4080,12445.99,35689.542,10315.23,4976.026,9926.317000000001
4081,11961.289999999999,34619.807,9383.29,5059.455,9082.675
4082,10964.288,33560.323,8122.192,5336.624,8982.444
4083,10693.931,32304.208000000006,7570.634,5427.984,8958.143
4084,10553.364000000001,31603.404000000002,7163.192,5425.691000000001,8995.01
4085,10609.201,31665.595,6969.414,5298.878,9035.942
4086,10876.158000000001,32775.218,7291.767,5130.313,9000.714
4087,11226.467999999999,33394.712,8675.64,5248.254000000001,9261.035
4088,11210.2,34296.86,10634.756000000001,5683.262000000001,9914.785
4089,10858.738,36550.435,12082.585,6458.4169999999995,9700.794
4090,10830.384,38001.709,12637.752,7035.508,9013.879
4091,10707.623,38877.625,13005.471999999998,7502.614,8888.544
4092,10857.84,38404.836,13022.273,7777.446,8686.64
4093,10793.481,37538.191,12518.868999999999,7758.109,8174.2570000000005
4094,11404.957,36947.296,13442.341,7521.569,8617.216
4095,12213.553,36302.935,13128.016,7056.925000000001,10618.535
4096,14006.909000000001,35089.111,12310.018,6357.251,12121.935
4097,16200.474999999999,34752.636,12527.119999999999,5724.478999999999,12077.063000000002
4098,17707.163,36121.668999999994,12227.207999999999,5547.401999999999,12348.336
4099,17455.989,39023.315,12576.395999999999,5496.932,12820.880000000001
4100,16029.991000000002,40394.55,10641.141,5521.151,12812.125
4101,13798.878999999999,40424.374,10129.52,5501.033,12677.075
4102,12773.179,39624.787000000004,10124.45,5407.312,12734.979
4103,12281.884,37887.234,9580.61,5081.722,12676.614000000001
4104,11540.623,35987.616,8455.374,4839.231,12178.21
4105,10642.983,34761.613000000005,7300.467000000001,4404.42,11540.553
4106,10154.337000000001,33460.337,6357.633,4381.7080000000005,10779.344000000001
4107,9548.223000000002,32948.808,6119.683,4379.444,9916.296999999999
4108,9408.407000000001,32293.129999999997,6135.349,4378.116,9393.296
4109,9314.382999999998,31913.098999999995,6224.193,4443.543,9314.844000000001
4110,9647.327,31961.88,6558.264999999999,4437.019,8867.337
4111,9700.208,32751.327,7023.271999999999,4514.859,8466.98
4112,10123.982000000002,33058.773,8072.142,5007.4529999999995,8361.237
4113,9961.447,33672.341,9297.8,5774.698,8688.979
4114,9979.411,34076.993,10227.385,6478.803000000001,8491.518
4115,10249.685000000001,34021.046,10812.226999999999,7003.918,8177.65
4116,10259.423999999999,33885.523,11243.126,7285.42,8029.196
4117,10247.5,33158.001000000004,11590.223,7274.565,7963.489
4118,10068.883,32197.536999999997,11960.359,6977.756,8229.938
4119,10412.106,31617.146999999997,11792.861,6366.320000000001,9043.501
4120,11797.129,29608.931,11321.858,5682.001,11717.409
4121,13771.662999999999,31010.097,10620.91,5098.609,12190.7
4122,14926.843,35656.077,10365.933,4932.780000000001,12454.398
4123,16073.432999999999,38914.104,11361.837,5038.129,12892.652999999998
4124,13959.105999999998,38705.54,10532.141,5302.84,12834.17
4125,12120.366,38227.607,9483.936,5423.912,12851.854
4126,11547.529,37073.683,9079.604,5396.903,12772.708999999999
4127,11440.894,34916.835,8398.401,5234.786,12509.467
4128,10988.876,33352.291,7650.769,5148.304,11875.311
4129,10752.208,31290.356,6637.401,4673.954,11432.472
4130,10468.52,30179.036,6067.791,4498.8150000000005,10125.141
4131,10433.06,30004.062000000005,5865.056,4491.261,8497.142
4132,10474.591000000002,29575.873,5759.911,4475.453,7727.086000000001
4133,10252.979000000001,29556.669,5883.707,4466.384,7280.072
4134,10002.213999999998,29379.771,5877.6630000000005,4441.852,7434.646000000001
4135,9510.312999999998,29299.132,5895.644,4447.643000000001,7669.7300000000005
4136,8279.366,29110.302,7668.272,4850.9039999999995,7062.192
4137,8486.256000000001,27426.371000000003,9970.803,5592.832,6634.608
4138,9068.895,26215.921000000002,11117.082,6277.826,6647.963
4139,9575.855,26343.002999999997,12087.604,6839.687,6792.1849999999995
4140,9564.940999999999,27230.298999999995,12603.18,7141.460000000001,7003.7119999999995
4141,9699.785,27096.182,12661.176,7060.436999999999,7220.054999999999
4142,9874.363,26748.597999999998,12619.512999999999,6626.835999999999,7309.028
4143,9568.928999999998,27103.439,12417.525000000001,6072.447,7688.027
4144,10074.422,28964.624,12038.197,5406.949,7946.76
4145,12405.158,29460.586000000003,10810.089,4828.507,9670.18
4146,15240.55,32223.182,9914.682,4918.564,11657.337
4147,15870.925,37092.024,9947.64,5121.959,12416.23
4148,14945.726999999999,38319.167,8045.853,5399.938,12484.789
4149,13165.899,38929.133,6988.257,5430.737,12591.436
4150,11250.92,39276.956,6679.17,5415.614,12532.835
4151,10153.223,37880.019,6503.016,5122.358,12229.857
4152,9552.257,35545.147000000004,6282.472,5095.192,11623.653
4153,9943.624,33121.286,6268.999,4764.112,10111.201
4154,9954.975999999999,31987.388000000003,6142.351000000001,4622.785,9010.347
4155,9342.384,31878.965,6157.136,4607.352,8341.752
4156,9252.919,31872.286,5962.098,4599.523,8137.0419999999995
4157,9277.529999999999,31857.81,5944.3240000000005,4591.424999999999,8676.048999999999
4158,10226.850999999999,32349.463999999996,6624.02,4606.18,9168.653
4159,11057.087999999998,34787.047,8272.189,4709.156,9295.365
4160,11192.708999999999,36512.519,10624.973,5192.311,9966.578000000001
4161,11223.105,38532.765999999996,11563.788,5888.901000000001,10303.721
4162,11425.687999999998,38977.232,12316.752,6462.745999999999,10574.843
4163,11896.652,39211.299,13384.779,6897.068,10764.598999999998
4164,12206.918999999998,38598.063,13540.776,7091.527,11402.362000000001
4165,12407.650000000001,36138.2,13404.828,7076.701,11463.457999999999
4166,13359.205,35283.38,14351.907,6746.159000000001,11741.524
4167,14197.195,35385.19,14541.751,6269.57,11675.014
4168,14518.359,36422.384,13887.752,5773.266,11645.071
4169,15191.837000000001,38416.038,13315.077000000001,5312.099,11624.105
4170,15568.098,40317.295,12727.276,5166.639,11796.641
4171,16039.408999999998,43683.937999999995,12948.108,5084.582,12196.414
4172,15455.953,44349.344,11988.529,5092.621,12392.699
4173,14888.782000000003,43852.362,10951.875,5088.218000000001,12383.817
4174,14826.215000000002,42678.307,10012.679,5083.163,12412.652000000002
4175,14275.772999999997,40523.944,8657.617,4971.161,12241.830999999998
4176,13556.619,38482.513,7152.512,4873.683,11789.652999999998
4177,11710.696,36951.614,6499.476,4805.759,11160.664
4178,10526.429,35551.852,6067.093000000001,4658.245,10872.601
4179,10398.08,33874.064,6200.061,4638.828,10709.031
4180,10419.232,33161.426,6083.996,4580.141,10755.490000000002
4181,10701.198,32546.919,6640.497,4555.868,10809.279999999999
4182,11516.581,32710.271,7885.145,4540.353,10747.062000000002
4183,11744.739,34099.884,9680.961,4606.129,10906.444
4184,11589.287999999999,35948.55,11555.761,4897.323,11230.699
4185,12370.745,37756.809,12680.12,5408.782,11620.401
4186,12460.103,38282.222,12611.421999999999,5920.695,11959.826
4187,12912.570000000002,37054.307,14292.839,6355.457,11247.272
4188,13299.566,36462.205,14693.579000000002,6567.394,10555.998
4189,12968.537,35622.88,14709.429,6559.907,8588.285
4190,13159.064999999999,35576.919,14614.467,6362.455,9112.392
4191,13242.720999999998,35432.66099999999,13905.991,5987.192,10769.971
4192,14151.196,36008.570999999996,12565.353,5536.049999999999,11820.014
4193,16191.889000000001,37670.905,11725.197,5093.167,11473.780999999999
4194,17346.438,37996.876000000004,12447.232,4917.611999999999,11729.195
4195,17706.195,41351.047999999995,13449.851,4895.71,12132.339
4196,16959.363,41780.990000000005,12600.93,4966.7339999999995,12333.082999999999
4197,15874.322,42498.109,10979.315,4967.219,12154.365
4198,15287.864,42469.806000000004,9327.139,5008.665,12079.262999999999
4199,13449.388,41229.656,7781.440999999999,4938.888,11990.173999999999
4200,11204.192,38975.122,7214.013000000001,4748.567,11667.696
4201,10630.507999999998,36748.551,6116.156,4790.667,10717.772
4202,10549.594999999998,35053.696,5949.126,4675.281,9461.113000000001
4203,10226.917,34106.429000000004,5758.043,4625.969999999999,9131.963
4204,10108.857,33597.93200000001,5649.907999999999,4571.246999999999,9001.842
4205,10162.345,33793.924999999996,5581.994000000001,4542.055,9072.762999999999
4206,10336.384999999998,35529.367,5781.19,4614.286,9165.36
4207,10180.226,39249.08299999999,6419.094000000001,4671.134000000001,9360.51
4208,10367.614,40092.163,8997.311,5117.531,9975.839
4209,10663.329999999998,40340.016,11708.741,5881.817,9595.744999999999
4210,10797.817000000001,39659.866,12528.988,6483.299,9148.114000000001
4211,11120.464,39177.846,13140.336000000001,6954.742,8719.723
4212,11336.272,37931.081000000006,13414.962,7209.110000000001,8702.234
4213,11388.671999999999,35351.898,13366.096000000001,7241.040999999999,8342.559
4214,11692.990000000002,35511.337,13417.764,6917.238,8814.429
4215,11658.243,35727.072,13329.703,6525.9039999999995,10263.344000000001
4216,11762.102,37419.744,12200.989,5936.7699999999995,11649.685000000001
4217,12938.666,40425.596999999994,10677.407,5385.936,12363.617999999999
4218,14788.831,41814.318,9750.792000000001,5090.484,12646.434000000001
4219,15273.249,44998.76,10637.782,5055.22,13472.676
4220,14919.607999999998,45854.409,9328.546,5079.147,13496.503999999999
4221,14171.769,45939.599,7762.837,5178.023999999999,13397.443000000001
4222,13453.517,45114.686,7176.316,5252.197,13143.563
4223,11950.849000000002,43634.0,6494.856,5117.406,12846.373
4224,9904.595,40469.363,6528.83,4855.981,12175.219000000001
4225,9230.645,37216.197,6310.5380000000005,4813.429,10954.979
4226,8783.422999999999,36092.467,6115.877,4782.662,9284.940999999999
4227,8490.226999999999,34716.005999999994,6093.945,4761.594,8707.419
4228,8475.067000000001,34312.242,5921.601000000001,4751.474,8501.883
4229,8359.225999999999,34665.986,5941.155000000001,4767.5109999999995,8646.82
4230,9062.398,35863.488,6215.039,4782.845,9246.275
4231,9663.692,38612.134000000005,6594.369,4979.477,10213.810000000001
4232,9730.069,39341.977,9778.457,5531.968,10557.715
4233,9944.889,41085.829,11699.353,6231.122,9829.874
4234,10207.913,41629.573,12427.187000000002,6874.898,9319.759
4235,10436.775,42520.458999999995,13176.678,7325.064,8948.784
4236,10234.2,42618.028000000006,13373.794000000002,7543.308,8783.487000000001
4237,10427.093,40341.63799999999,13322.678,7497.802,8497.679
4238,10892.38,41374.709,13344.613,7286.758,8596.399
4239,11343.254,42077.103,13127.355,6895.96,9210.359
4240,12021.217,42060.74,13070.747,6371.891,10522.07
4241,14288.206,40805.307,12967.348999999998,5735.015,12112.633999999998
4242,15700.72,42225.607,11393.863000000001,5326.782,12613.934000000001
4243,15980.796,44817.889,11699.024,5294.437,13309.562000000002
4244,15315.648,44908.981,11076.521,5304.077,13301.740999999998
4245,14098.286,44571.173,10310.671,5309.272000000001,13521.473
4246,13729.805,44366.115,8958.204,5307.642,13502.383
4247,12735.660999999998,42881.770000000004,7506.133,5165.746,13420.55
4248,10661.641,41053.101,6658.592000000001,5047.238,12245.675
4249,9702.993,37740.572,6369.843999999999,4999.487,11898.507000000001
4250,9463.937,35393.199,6106.809,4968.8240000000005,11297.028
4251,9398.187,34414.128000000004,5983.048,4904.161,10508.166
4252,9321.92,33880.548,5850.84,4853.671,10297.623
4253,9640.823,33268.308,5876.355,4847.372,10736.154
4254,9713.72,35057.375,6044.246999999999,4860.325,11195.650000000001
4255,9527.756,37716.282,7710.015,4917.175,11313.752
4256,9377.071,40205.712999999996,9751.636,5295.53,11476.22
4257,9893.371,41929.683,12302.064,5992.0070000000005,11342.198
4258,10502.431,42407.557,12145.041000000001,6679.249,11260.118
4259,10980.515,42848.154,12768.747,7203.3,10390.651000000002
4260,11816.108,42421.273,12920.647,7448.389000000001,9775.170999999998
4261,11848.729,40026.698,12842.335,7407.789000000001,9697.567
4262,12869.519,39570.1,13145.023,7178.988,9987.158
4263,14064.024000000001,38635.859000000004,13125.61,6908.031,10844.599999999999
4264,14659.061,37942.0,13271.107,6370.384,11670.057
4265,15988.392999999998,38172.297999999995,12979.822999999999,5781.474999999999,12423.268
4266,16584.908,38603.57,13039.025,5420.493,13167.113000000001
4267,17322.715,41111.238,12692.765,5413.326999999999,13579.350999999999
4268,15436.651000000002,42622.753000000004,11946.821,5432.823,13648.149000000001
4269,13822.946,43895.027,9749.702000000001,5446.5470000000005,13732.608
4270,12068.788,44268.984000000004,9258.727,5436.795,13734.722
4271,10922.905999999999,43324.961,8904.442,5162.292,12984.112000000001
4272,10398.324,40952.347,8177.504000000001,4945.842000000001,11881.178
4273,9632.275000000001,38908.717,6890.576999999999,4740.597,11542.879
4274,9461.387999999999,36032.079,6443.49,4607.624,11689.778
4275,9467.351,33662.502,6333.969999999999,4533.783,11672.409
4276,9496.575,32692.291999999998,6346.7970000000005,4528.655,11223.412
4277,9537.421999999999,32574.203,6238.804,4396.630999999999,11303.397
4278,9802.463,32576.489,6255.915,4280.009,11557.027
4279,9864.787999999999,34150.665,6503.822,4337.695,11118.666000000001
4280,9691.524,35465.946,9127.41,4747.93,9568.411
4281,9969.616999999998,36275.98,11089.483,5403.802999999999,8572.478
4282,10013.822999999999,35951.43199999999,13182.435,5971.123,7769.433
4283,10251.869,35692.54,14594.384,6475.478999999999,7195.884
4284,10540.545,35217.513999999996,14713.196,6792.959,6990.073
4285,10934.583,34536.89,14471.606,6836.781000000001,7073.048000000001
4286,11595.857,34074.478,13792.380000000001,6654.804000000001,7349.039
4287,12181.473999999998,33165.187999999995,13071.505000000001,6188.9580000000005,8100.714
4288,12927.487999999998,33828.378000000004,12206.244999999999,5520.413999999999,8374.822
4289,14371.567,35317.702000000005,11548.415,5008.841,9334.0
4290,16123.368,38091.451,9992.68,4654.617,11344.136
4291,16741.324999999997,41061.210999999996,10588.843,4718.6669999999995,12870.145
4292,16222.273,40125.505000000005,9353.564,4791.104,13326.920000000002
4293,14819.648,39038.668,8178.59,4810.268,13199.144
4294,12482.854,39727.722,7106.698,4774.758,12995.903999999999
4295,10865.52,39307.416999999994,6798.411,4656.097,12076.778999999999
4296,9746.975,37969.952999999994,6660.968,4585.976000000001,11263.268
4297,9174.667,35865.001000000004,6286.01,4416.763,10526.254
4298,9048.715,33537.657,5974.280000000001,4374.12,10264.993
4299,8801.088,32277.160000000003,5954.678,4349.6900000000005,9510.382
4300,8682.655999999999,31318.460999999996,6047.411,4348.586,8873.866
4301,8733.58,29723.074999999997,5944.059,4335.6759999999995,9304.401
4302,8575.084,28646.851,5901.386,4323.731,9706.731
4303,8533.158000000001,28638.294,6265.706,4343.123,8818.985
4304,8569.629,28304.307,7329.345000000001,4728.548,7955.904
4305,8567.208,27189.173000000003,8862.017,5558.655,7236.102
4306,8675.483999999999,27221.208,10070.547999999999,6291.469999999999,6750.164
4307,8897.61,26939.269999999997,11091.775,6840.277,6980.562
4308,9232.427,26638.057,12450.324,6979.030000000001,6971.192
4309,9267.458,26583.381,12995.448,6884.108,6902.982
4310,9131.671,26172.326999999997,12885.615,6585.977999999999,6863.866
4311,8767.708999999999,26123.78,12547.690999999999,6089.843,7852.269
4312,8700.695,28172.915,11767.128,5541.402,8641.532
4313,10448.486,31298.453999999998,10652.395,5098.654,9354.135
4314,13446.737,32354.36,10903.977,4849.366000000001,11774.594000000001
4315,14543.761999999999,36061.133,11073.189999999999,4710.1720000000005,13228.819
4316,13330.435000000001,37141.087,10541.062,4692.99,13427.599
4317,12050.865,37404.97,9729.085,4717.3,13565.808
4318,11233.42,37047.519,9036.486,4689.9710000000005,13535.085000000001
4319,10410.353,37461.123,7855.277,4592.719,12856.455
4320,9475.965000000002,35825.092,7117.981,4526.604,12378.462
4321,8776.241999999998,34639.380000000005,6427.608,4541.478,11359.113000000001
4322,8826.249,33334.432,6205.999,4588.353999999999,10058.629
4323,8880.868999999999,32629.097,6145.077,4638.693,8922.374
4324,8905.822,31820.322,6017.981,4584.906,9126.581
4325,9089.973,32100.283,6013.274,4545.029,9179.646
4326,9137.355999999998,33776.685,6145.067,4592.331,10318.753
4327,9391.773,35930.979,7270.919,4645.313999999999,11552.636999999999
4328,9617.182,38343.912,9916.526,5166.746,11076.033
4329,10297.51,39656.58,12320.704000000002,5891.148,10509.035
4330,10407.387,40734.99,12849.775,6432.5869999999995,10315.647
4331,10940.356000000002,40880.84299999999,13614.682,6820.364,10421.724999999999
4332,11381.387,40569.651999999995,13781.739,7246.209999999999,10278.796999999999
4333,10999.296,38754.823000000004,13892.276000000002,7376.499000000001,9780.307
4334,11275.162000000002,37876.809,14482.937999999998,7193.924999999999,10318.375
4335,12294.358,37163.092,14424.489,6817.713999999999,11657.826000000001
4336,13871.507999999998,36657.264,14393.588,6510.775000000001,12065.081999999999
4337,15167.308,37537.632000000005,13173.103000000001,6364.247,12153.712
4338,16255.361,37979.479999999996,12329.274,6389.566,12714.611
4339,16233.824,40286.478,13255.661,6293.904,13309.362
4340,15480.437999999998,41906.807,12040.065,6312.684,13118.472000000002
4341,14136.160999999998,42222.166000000005,11569.266,6295.048,13150.530999999999
4342,12702.021,41724.890999999996,11307.749,6350.8369999999995,13108.089
4343,10962.768,40403.409,10022.644,6447.195,13126.247
4344,10301.233,37386.808000000005,7999.4130000000005,6697.1939999999995,12516.665
4345,9884.497999999998,34913.871999999996,6885.990000000001,6792.753000000001,11673.84
4346,9721.405999999999,32641.167999999998,6605.161,6809.531999999999,10988.824
4347,9816.303,30670.82,6543.601000000001,6784.649,10764.408
4348,9740.507,30040.692000000003,6224.091,6751.036,10785.141
4349,9701.914,30078.341999999997,6224.210999999999,6724.807000000001,10989.587
4350,9698.534,31150.550000000003,6768.717000000001,6752.682,11851.136
4351,9943.329000000002,34214.077000000005,7540.168,6725.821,12171.446
4352,10280.687,36151.49,9991.556,7120.842,12411.254
4353,10556.698,37648.74799999999,12300.758,7964.1759999999995,12200.945
4354,11252.029,37656.240999999995,12235.056,8550.519,12052.91
4355,11525.745000000003,37952.127,12816.363000000001,8930.859,11705.694
4356,11750.079,37549.137,13257.647,9135.916,11045.744999999999
4357,11614.418,35639.55,13467.72,8996.279999999999,10062.571
4358,11585.078,35363.872,14590.08,8834.131000000001,10300.099
4359,11542.469,35991.782999999996,14934.369,8438.65,10703.828
4360,12073.127,35341.726,14721.286,7615.875999999999,12313.892
4361,13694.358999999999,37509.319,13469.431,6207.554999999999,12704.704000000002
4362,14592.939,38483.096999999994,12460.525000000001,6010.5830000000005,13091.077
4363,16046.753999999999,41204.798,12904.597,6159.89,13238.789999999999
4364,15552.589000000002,42668.667,10436.858,7002.710999999999,13259.74
4365,13792.556,43504.63900000001,9267.472,7225.039000000001,13195.526
4366,12506.530999999999,42411.62500000001,9446.58,7211.9220000000005,13291.555
4367,10096.915,41267.149000000005,9077.491999999998,7267.747,13314.043000000001
4368,9055.187,38777.162000000004,7188.33,7174.3060000000005,13147.212
4369,8687.211000000001,35687.121,5968.755,6852.232,12268.361
4370,8552.05,34124.543,5635.683,6741.601000000001,11387.2
4371,8435.348,33449.65,5593.648,6706.389999999999,10253.706
4372,8430.687999999998,33221.232,5571.151,6711.791,9678.053
4373,8467.39,33534.748,5657.637,6703.944,9728.719000000001
4374,8748.934000000001,34475.6,5850.642,6713.027,10863.51
4375,9446.053,36352.387,6090.268,6796.963000000001,12605.681
4376,9775.998,38021.703,9174.589,7248.093000000001,12665.914
4377,10116.847,38403.344,11687.7,7980.2570000000005,12702.278999999999
4378,10015.793,38604.849,12272.670999999998,8465.095,12147.296999999999
4379,10610.306,38949.374,12633.274000000001,8862.082,11262.672
4380,11067.066,39276.801999999996,12735.081999999999,8986.652999999998,9834.904
4381,10895.155999999999,37964.907,12688.056,8962.236,8658.659
4382,10939.539,38439.59,13014.398000000001,8532.988,8829.086
4383,10868.331,40105.927,13089.796,7017.638,9259.401
4384,11431.417999999998,40369.136,12393.9,6039.879,10722.474
4385,12529.588999999998,41097.151,11740.855000000001,5750.405000000001,12172.171
4386,13613.147,42458.907999999996,10846.639,5809.019,12819.233
4387,14739.307999999999,44744.393000000004,11808.564,5977.271000000001,13455.026
4388,13616.064,45559.912000000004,10944.229,6286.9710000000005,13577.267
4389,11645.446,44939.683999999994,10786.843,7082.13,13546.111
4390,10385.147,45318.429,9179.897,7301.630000000001,13518.171
4391,9285.486,43404.087,8203.597,7081.485000000001,13409.144
4392,8819.422,40187.602,6850.778,6848.251,12718.741999999998
4393,8510.483,36373.583999999995,6006.159,6357.205,12569.817
4394,8446.744,33816.060999999994,5810.249,6301.944,12095.744
4395,8287.195,32409.248999999996,5567.07,6298.519,11800.482
4396,8210.806,32394.366000000005,5286.987999999999,6297.254000000001,11244.164
4397,8294.616,32268.164999999994,5408.558999999999,6301.08,11379.153
4398,8457.517,33760.634000000005,5996.662,6309.42,11430.510999999999
4399,9111.214,36866.532,6398.244,6360.389,11681.831999999999
4400,9105.133,38789.03600000001,8547.608,6768.110000000001,12193.117
4401,9327.474999999999,39453.274000000005,10385.507000000001,7504.912000000001,12212.758
4402,9470.455,38875.884,11771.530999999999,8033.336,11368.21
4403,9986.241999999998,39034.395000000004,12701.606,8408.68,10011.132000000001
4404,10076.168000000001,39335.593,12842.446,8698.54,9163.061
4405,9754.873999999998,38618.474,12511.136,8732.408,7855.837
4406,9911.319,38077.933,12759.206,8594.414999999999,9179.166000000001
4407,9961.196000000002,38294.441,12064.595000000001,8231.473,11294.154999999999
4408,9944.662,38378.542,11883.537,7760.061,12575.462
4409,11076.231,39653.056000000004,11302.187,7600.551,12942.69
4410,12813.528000000002,40486.859000000004,10834.154,7593.833,13143.21
4411,14141.757,43827.668000000005,11402.65,7509.951999999999,13631.624
4412,13342.841999999997,44431.043,10522.599999999999,7506.092,13608.813999999998
4413,11931.214,43814.838,10189.907,7499.227000000001,13610.741
4414,11120.105,43289.773,9554.823,7458.118,13545.482
4415,9725.533,41909.701,8262.655999999999,7363.856,13434.61
4416,9532.108,39407.44,6703.389999999999,7122.452,12488.877
4417,9334.068,37288.369000000006,5909.737,6430.89,10967.385
4418,9148.897,34564.185,5775.105,6328.451,10734.806999999999
4419,9289.293,32807.506,5658.154,6341.821,10515.283
4420,9167.722999999998,32246.394,5679.5869999999995,6351.062,10262.198
4421,9407.334,32211.64,5706.34,6353.231,10523.208999999999
4422,9475.990999999998,33500.40700000001,5758.915000000001,6344.056,11373.86
4423,9366.757000000001,37236.853,6320.818,6405.622,11580.772
4424,9293.608,39354.151,8944.380000000001,6843.232,11411.997
4425,9574.793000000001,39826.341,11463.494999999999,7493.8009999999995,10792.937
4426,9980.407,39830.359000000004,12133.381000000001,8110.061,9807.225
4427,10371.860999999999,39165.777,12606.678,8614.220000000001,9516.232
4428,10226.44,39080.27099999999,12817.597000000002,9116.821,8695.64
4429,10231.466999999999,37040.079,13073.418,9285.976,7860.217000000001
4430,10968.837,36239.328,13634.762999999999,9200.3,8473.773000000001
4431,12069.69,35565.025,13022.235,8782.117,9959.606
4432,12612.236,35288.546,12205.901,8478.944,11199.532
4433,13448.876,36896.457,10708.216,8347.296,12203.009
4434,14060.862000000003,38918.689,9808.585,8247.123,13227.217
4435,15426.005,42041.588,10264.854,8059.495999999999,13718.304
4436,15627.276,42750.558999999994,8281.819,8064.638,13759.033
4437,15345.712,41613.516,7135.263000000001,8014.115,13648.955
4438,14029.853000000001,41806.81999999999,6633.977,7487.298,13581.445
4439,11832.347,40545.44899999999,7139.517,7240.672,13518.686000000002
4440,10695.003999999999,37711.365,6786.946,6954.161,12984.146
4441,9074.712,35387.146,6372.878000000001,7104.0830000000005,12512.294
4442,8134.248,33165.156,5918.66,7058.865,12068.719000000001
4443,7814.629000000001,31296.045,5887.724,6992.130999999999,11786.548
4444,8001.507,30669.992,5774.860000000001,6968.062,11115.05
4445,8207.474,30673.925,5765.557999999999,6897.186000000001,10673.735
4446,8334.554,30994.02,5946.113,6808.455,10678.407
4447,7831.646000000001,32319.375999999997,6113.756,6894.172999999999,10676.940999999999
4448,7780.603999999999,33728.401,8371.04,7325.0869999999995,9592.403
4449,8335.308,33573.820999999996,10749.003,8082.371,8417.639
4450,8870.645999999999,31760.498999999996,11852.5,8808.072000000002,8142.322
4451,9245.044,30304.572999999997,12607.839,9353.354000000001,8310.161
4452,9644.251999999999,29304.596999999998,12892.804,9397.671,8495.237
4453,9727.398,28712.587999999996,12819.659,9269.436,8469.236
4454,9696.115,28405.795,12588.717,9374.667999999998,8411.52
4455,9283.514000000001,28802.138,12103.547999999999,9046.326000000001,8757.484
4456,9825.962000000001,30412.422,11172.311000000002,8720.127,8798.414
4457,11397.218,31673.258,10610.592999999999,8426.967,9332.382
4458,12987.109,34605.195999999996,11774.212,8183.935,9822.647
4459,14784.585000000001,38207.227999999996,12069.211,8042.83,10216.207999999999
4460,14136.323,38099.924,10868.429,7981.074999999999,10174.123
4461,12438.964,37844.327999999994,9483.505000000001,7875.121999999999,10163.985
4462,10332.545999999998,38199.386,8417.793,7426.1849999999995,10178.282
4463,9136.946,37401.888,7167.299999999999,7280.928,10246.759999999998
4464,8273.343,36296.214,6578.929,7102.6630000000005,9496.378
4465,7502.081,34565.951,6130.118,7023.024,9212.232
4466,7555.059,31959.32,6018.716,6970.601,8876.328000000001
4467,7341.7660000000005,30526.326,5951.24,6745.1939999999995,8692.287
4468,7188.7429999999995,29940.904,5674.976000000001,6661.528,8488.467
4469,7139.919,29523.5,5714.5560000000005,6666.588,8322.057
4470,7364.873,29096.581000000006,5882.686,6415.4439999999995,8406.435000000001
4471,7160.117,28779.408000000003,6095.549999999999,6396.803,8219.964
4472,6738.3460000000005,26647.326,8192.456,6871.3189999999995,7463.994999999999
4473,6999.148,25983.702999999998,10057.119999999999,7630.732,6762.008
4474,7511.093,24659.319000000003,10831.657,8397.109,6804.8279999999995
4475,8045.2339999999995,24381.215000000004,11566.283,8931.868,7329.364
4476,8496.724,24547.343999999997,11791.624,9268.038,7421.857
4477,8590.300000000001,23952.222999999998,11779.886999999999,9376.442,7361.1410000000005
4478,8548.993,23189.981,11457.211,9324.791000000001,7192.779
4479,9361.466999999999,22213.47,10681.112000000001,8887.071,7898.808
4480,9900.931999999999,22950.462,10474.900000000001,8297.55,8192.498
4481,10889.543,26141.252,11226.345000000001,7746.823,8480.929
4482,12300.783,30230.753,11887.072,7620.369,10260.643
4483,13023.772,34902.149,11612.758000000002,7519.141,12734.059
4484,11988.402000000002,36368.268,9335.970000000001,7487.966,13243.622
4485,10286.631,37492.057,8259.048999999999,7489.072,13216.219000000001
4486,9275.792,36922.056,7926.743,7361.215,13222.956999999999
4487,8448.198,36337.097,6991.316,7301.214,13073.93
4488,7955.051,35230.697,6191.994000000001,7208.33,11399.314999999999
4489,7630.0470000000005,33088.589,6042.239,7157.369000000001,10458.567
4490,7486.606000000001,31971.318,5933.603,7213.181,9407.952
4491,7398.648,31712.232,5881.365,7254.605999999999,8302.935
4492,7524.915000000001,31347.442000000006,5761.773,7312.659,7993.072
4493,7681.976,31112.399,5802.884,7429.365000000001,8459.622
4494,7674.396999999999,32537.397,5988.736,7685.324,9265.601
4495,7689.468999999999,36805.573000000004,6197.1810000000005,7632.495000000001,9326.869
4496,7969.62,38467.506,9031.497,7473.9169999999995,9431.784
4497,8295.515,38844.594,10685.142,8078.259999999999,9694.784
4498,9019.839,36583.919,11964.222000000002,8693.562,10064.718
4499,9524.176,36353.351,12978.389,9244.743,9568.7
4500,9753.525,35850.93,13503.484,9616.947,9166.329
4501,9905.285,33873.35,13560.903,9605.356,9047.221
4502,10445.921,33234.74,14201.086,9300.669000000002,9527.247
4503,11229.109999999999,33369.153000000006,14080.092,8768.42,9909.086
4504,12025.308,34318.974,13020.212000000001,8504.576000000001,10497.509
4505,12504.350999999999,36928.203,11648.925,8429.643,10658.632
4506,13781.009,38523.276,10877.137999999999,8134.659,12127.855
4507,14038.514,42181.40699999999,11476.096,7929.189000000001,13109.874
4508,12578.365,43268.583,10920.435,8003.562,13348.703999999998
4509,11987.845,42925.766,9973.714,8012.597,13341.671999999999
4510,11194.431,41792.013,9819.33,7955.914000000001,13148.712
4511,10075.343,40288.255000000005,8286.237000000001,7877.03,13048.267
4512,9102.6,38349.559,6982.317000000001,7717.768,12516.488000000001
4513,7801.829000000001,36405.168000000005,5794.231,6948.4310000000005,12013.733
4514,7089.731000000001,34984.818999999996,5650.530000000001,6468.871,11307.841
4515,6955.709,33879.316000000006,5569.857,6408.1669999999995,10791.262999999999
4516,6832.51,33468.034,5412.5740000000005,6308.29,10657.825
4517,6868.638,33801.708,5444.407999999999,6297.329,10650.720000000001
4518,7064.129,35181.2,5633.58,6291.487999999999,11387.361
4519,7337.1320000000005,37809.375,7019.029,6372.079,11352.307
4520,7595.639999999999,40054.508,9723.565999999999,6858.362999999999,10778.061
4521,8001.980999999999,41089.787000000004,10207.168,7649.544000000001,10518.43
4522,8568.622,39171.434,11163.787,8404.986,9850.164
4523,9011.721,37565.671,12703.437,8927.6,9216.403
4524,9127.98,36249.019,13376.467,9204.475,9024.519
4525,9088.835,34334.71,13557.104,9216.14,8442.720000000001
4526,8965.591,34756.575,14088.755,8956.484999999999,9216.379
4527,8744.825,35182.395000000004,14633.490000000002,8472.695,10675.984
4528,9539.324,35908.15,14271.704,8021.369000000001,11444.562999999998
4529,12230.048999999999,36637.619,12663.669,7843.777999999999,11972.473000000002
4530,14045.446,36911.611999999994,12800.807,7647.851,12462.573999999999
4531,15786.648000000001,39750.838,13529.036,7611.112,13233.234
4532,15029.275,40055.21,12577.956,7592.007,13510.777
4533,14085.016,40793.326,10697.012,7557.509,13398.758
4534,13796.198,40503.329000000005,9948.118999999999,7446.726,12873.557
4535,12535.266,38630.146,9059.566,7206.503000000001,12717.127
4536,10972.613000000001,37066.377,7258.575,6757.277,12152.661
4537,9157.730000000001,35058.126,6174.195,6625.398,11987.25
4538,7815.435,33524.57,5903.505,6620.162,11788.144
4539,7347.6900000000005,32435.437000000005,5833.543,6607.754000000001,11685.976999999999
4540,7390.422999999999,31923.416,5683.645,6568.363,11610.223
4541,7462.945000000001,32004.893000000004,5683.393,6556.384,11609.685000000001
4542,7677.41,32941.17,5980.825,6558.387999999999,11789.966
4543,7718.759000000001,35978.986000000004,6148.346,6494.553,11999.546
4544,7979.941999999999,37417.115,9060.766,6767.314,10964.576000000001
4545,8253.293,38198.092000000004,11692.464,7472.663,9576.155999999999
4546,8696.692,37792.064,12590.102,8194.972,8894.122
4547,9048.728,36274.069,13769.79,8827.391,9147.741
4548,9364.858,35557.278,14401.981,9037.062000000002,9492.088
4549,9521.273,33228.662,14272.142,9041.544,9782.444
4550,9448.337000000001,33359.951,14711.199,8800.026,10163.81
4551,9690.919000000002,33084.878,14931.113,8327.515,11590.805
4552,9768.116,34620.491,14047.970000000001,7767.702,12484.580000000002
4553,12100.976,37396.887,11525.339,7321.363,12257.101999999999
4554,13646.77,39223.625,10783.748,7064.639,12145.948
4555,13079.891,42742.172000000006,12587.976999999999,6972.960999999999,12808.506
4556,11919.157,44000.524,10786.094000000001,7114.609,12823.377
4557,11646.442000000001,43356.859,9224.707999999999,7203.112999999999,12767.102
4558,10946.22,42988.79299999999,9200.595,7097.7699999999995,12712.360999999999
4559,9539.626,41810.513,8497.176,6964.4310000000005,12434.702000000001
4560,8864.112,38853.933000000005,7395.356,6818.365,12047.407
4561,8393.082999999999,36710.955,5805.344,6787.498,11315.113000000001
4562,7497.308000000001,35814.757000000005,5682.1900000000005,6744.781,10272.159
4563,7000.531000000001,35260.670999999995,5677.754000000001,6722.993,9332.922
4564,6906.9400000000005,34768.23,5545.348,6694.551,9168.012
4565,6897.033,34834.24,5576.919,6701.367,9213.546
4566,7299.338,36537.337,5904.089,6727.139,9294.507000000001
4567,7677.630000000001,39427.134999999995,6796.277999999999,6779.401000000001,9808.241
4568,7825.908,40449.924,9951.298999999999,7233.484,10061.074
4569,8493.992,39499.627,12270.039,7946.214,10683.907
4570,8408.511,38964.423,12727.999,8643.779,10950.764
4571,8845.466999999999,39515.686,12967.277,9204.26,9791.107
4572,8936.548999999999,38353.199,13182.605,9419.417,9494.11
4573,9145.928,36791.597,13136.445,9449.807,9002.380000000001
4574,9147.423999999999,37605.853,13742.123,9217.348,9115.741
4575,9333.968,39611.796,13468.645,8758.501,9261.507
4576,10206.923,39589.799,12840.264,8175.726000000001,10970.172999999999
4577,11832.407000000001,41056.168999999994,10817.148,7585.7699999999995,11273.507000000001
4578,12943.284,41354.716,10885.983,7333.339,11813.053
4579,12819.354,44841.841,12017.454,7398.713,12212.571
4580,11076.033,45361.053,12229.847,7374.261,12238.073
4581,9722.928000000002,44674.565,11606.294,7339.131,12433.506000000001
4582,9553.223,44362.861,10084.481,7309.259,12329.715
4583,9528.835,43374.717000000004,7749.486999999999,7241.234,12251.481
4584,9117.735,40393.246999999996,6284.76,7357.639999999999,11763.817
4585,7631.8099999999995,37846.024000000005,5937.701,7420.371000000001,10673.914
4586,7178.218000000001,36221.985,5859.657,7417.933999999999,9431.306
4587,6697.223999999999,35352.274999999994,5870.737999999999,7378.7880000000005,8995.868999999999
4588,6411.153,35379.31,5697.731,7343.456,8660.538
4589,6447.768,35429.615999999995,5705.243,7365.1849999999995,8662.022
4590,6528.974,36630.884,5861.9169999999995,7342.269,9528.954
4591,7259.137,38732.134999999995,6208.235000000001,7393.022,10673.907
4592,7572.437,40066.04,9317.966,7797.845999999999,10922.403
4593,7966.267,40430.617999999995,11822.218,8514.708,10607.292000000001
4594,8464.5,41936.188,12065.572,9168.865,8828.426
4595,8978.019999999999,41304.748,12701.557,9605.133,8591.981
4596,9163.499,39719.074,13610.73,9831.468,8531.341
4597,8890.864,37562.825000000004,13670.687999999998,9899.255,7841.379000000001
4598,8611.947999999999,39253.486,13112.898,9721.06,7797.186
4599,8813.86,41081.352,11373.421,9351.84,8622.817000000001
4600,9223.797,42045.418,10739.979,8778.303,9753.153
4601,10090.123,42480.227000000006,9710.145,8326.067,11101.503
4602,11133.068000000001,43222.734,9007.559,8173.325000000001,11968.355
4603,12484.466999999999,45047.342,10793.733,8116.606,12259.035
4604,13042.603000000001,45356.307,7833.76,8136.567,12635.801
4605,12421.461,44972.159,6537.713,8151.164,12451.953
4606,11296.952000000001,44432.327,6393.459000000001,8027.238,12551.134999999998
4607,9473.618,43346.719000000005,6188.3,7832.357,12327.996
4608,8166.081,40800.57,6063.206,7798.405,11626.536
4609,7164.014,38238.51499999999,5899.152,7199.188,10113.529
4610,6752.34,37143.243,5849.591,6984.845,8245.702
4611,6436.253,36194.602,5690.774,7069.671,7267.447
4612,6269.254,35668.751,5449.803,7073.604,6986.903
4613,6204.558,35343.2,5406.662,7176.157,6930.356
4614,6199.981000000001,35566.707,5560.398,7177.143,6914.0650000000005
4615,6193.267,36029.705,5902.749,7075.813999999999,7258.971
4616,6513.793,36101.162,7787.737,7482.007,7467.231
4617,7225.710999999999,36651.072,9887.516,8208.9,7364.0689999999995
4618,7627.975,36864.678,10775.235,8928.171,7157.293
4619,8126.589999999999,36040.051,11511.785,9439.616,7207.1630000000005
4620,8523.639,34630.672999999995,11769.305,9732.192,7185.379
4621,8652.985,32980.618,11436.483,9759.344000000001,7205.404
4622,8410.214,32621.266000000003,11140.234,9528.592,7395.514999999999
4623,8236.721000000001,33936.627,10735.683,9082.547,7422.941
4624,9490.28,34235.456000000006,10177.012999999999,8514.381,7676.388000000001
4625,11134.866,34972.734,10184.447,8040.993,7669.379
4626,13179.487,36818.178,10549.315999999999,7667.544,8907.991
4627,13241.611,40296.043999999994,11643.606,7757.094,9660.117999999999
4628,12139.161000000002,41390.487,9215.435,7815.003,9485.997
4629,11278.95,40337.074,7556.856,7819.955,9373.848
4630,9925.212,39459.061,6768.771,7772.435,9556.592
4631,9271.503,37695.524999999994,6173.779,7666.349999999999,9418.083
4632,8353.132,36328.32,5869.844,7485.1230000000005,8963.19
4633,7276.9310000000005,35483.322,5625.415,7303.853,7836.478999999999
4634,6645.8910000000005,34038.042,5538.131,7233.189,7089.233
4635,6193.237999999999,32746.498,5487.903,7224.8189999999995,6648.832
4636,6008.776000000001,32075.73,5315.222,7211.772999999999,6558.391
4637,6056.688999999999,31073.779,5329.432000000001,7208.492,6580.4619999999995
4638,5973.249,30810.663999999997,5487.017,7208.193,6687.2970000000005
4639,5814.765,31218.933,5644.906999999999,7302.121,6424.791
4640,5812.56,30888.691999999995,7130.146999999999,7790.948,5780.064
4641,6230.384000000001,29484.922,8812.779999999999,8520.932,5955.412
4642,7013.486000000001,27910.111000000004,10041.699,9267.641,6115.143
4643,7602.781999999999,27062.489,10738.909,9864.66,6330.465
4644,8104.0830000000005,26810.061999999998,10773.831,10185.031,6449.89
4645,8250.405999999999,25878.788,10496.58,10212.481,6555.172
4646,8024.219000000001,25120.040999999997,10065.617,9969.323,6531.513
4647,7581.176,25883.536,9814.617,9484.697999999999,6409.47
4648,7442.414000000001,29420.896999999997,8938.208999999999,8678.587,6384.766
4649,8681.4,33172.935,7825.453,7956.234,6730.546
4650,11252.824999999999,34700.928,8624.940999999999,7702.155000000001,9356.792000000001
4651,13429.428,36710.083999999995,9977.429,7692.3679999999995,11714.751
4652,12812.742000000002,37064.809,8513.576000000001,7718.707,11917.234
4653,11940.269,37199.098,7507.742,7829.501,11850.361
4654,10339.508,37521.047999999995,6797.433999999999,7813.352999999999,11881.133000000002
4655,9250.919,37021.666999999994,6078.3150000000005,7742.411999999999,11375.874
4656,8219.376999999999,35692.973,5887.005999999999,7569.462,9868.857
4657,6847.432000000001,33966.865,5811.766,7451.009,8808.035
4658,6408.545,32628.42,5719.669,7574.703,7995.758
4659,6072.503,31749.035,5701.93,7719.776,7472.896
4660,6139.290999999999,31236.009,5546.646000000001,7789.742,7535.610000000001
4661,6479.089,31489.158,5547.7300000000005,7779.749,7515.778
4662,6775.122,33350.645000000004,5697.696,7903.951999999999,7710.9169999999995
4663,7130.624,36506.875,6218.9220000000005,8034.553,8589.21
4664,7483.312000000001,39435.68400000001,8104.32,8562.84,8969.517
4665,7874.040999999998,40322.723000000005,10904.664,9281.99,9042.099
4666,8047.437000000001,39484.009000000005,12680.678,10052.267,9072.418000000001
4667,8513.7,38291.191000000006,13730.291000000001,10597.203000000001,8996.853
4668,8921.256000000001,36769.547999999995,13854.539,10849.265,9010.466
4669,8951.359,34829.219,13074.552,10836.695,9031.803
4670,9118.273000000001,36159.873,12422.026,10662.721,9136.849999999999
4671,9422.222,37461.721,12391.091,10036.914999999999,9215.97
4672,10318.043,38532.712999999996,11484.891,9390.538999999999,10225.457999999999
4673,10970.538999999999,40115.494,11098.082,8692.953000000001,11316.545999999998
4674,12118.661000000002,40106.004,11256.626,8227.477,11899.638
4675,13292.101,42613.381,12426.115,8141.585,12153.6
4676,13212.880000000001,43140.212999999996,11388.069,8140.688,12278.645
4677,12064.571,42917.78,10640.555,8122.993,12275.323
4678,11175.326,42341.33,10328.062,8027.489,12096.3
4679,9515.956,41401.96,8988.003,7939.565,11948.67
4680,8276.738,39860.844999999994,6738.762,7879.148,11418.175
4681,7116.208,37805.967000000004,6058.964,7870.617,10282.551
4682,6822.0650000000005,36015.728,5974.668,7849.046,9580.789
4683,6624.463,34773.996,5968.145,7854.0289999999995,9109.247
4684,6617.691,34278.746,5803.619000000001,7879.821,8973.292
4685,6637.723999999999,34408.13100000001,5657.706,7966.438,9007.106
4686,6940.455999999999,35714.298,5808.107,7960.724999999999,9653.901
4687,7465.026999999999,38209.313,6127.112999999999,8043.715999999999,10277.274000000001
4688,7954.504999999999,39940.994000000006,8824.473,8284.9,10349.780999999999
4689,7888.256000000001,40794.5,10766.809000000001,8787.016,9672.978
4690,7997.128999999999,39953.94700000001,13529.555,9550.675,7986.51
4691,8395.294,38803.757,15477.144,10162.205,7189.495000000001
4692,8661.979,37973.068,14861.936,10777.811000000002,6809.439
4693,8503.08,37116.752,14137.705,10996.043000000001,6611.495999999999
4694,9152.711000000001,37509.558999999994,13860.073,10794.322,7057.204
4695,9346.571,38463.600999999995,13150.663,10333.639,7897.996
4696,10197.952000000001,39746.457,11724.534,9685.624000000002,8987.162
4697,11488.804000000002,38865.344999999994,12793.420999999998,8579.482,10659.327
4698,12887.29,39011.724,12560.529999999999,8163.462,11670.754
4699,14450.79,42190.689,13052.436,8006.696,11934.887
4700,12921.958999999999,43439.931000000004,12106.550000000001,8029.446,12000.847
4701,11764.948,43741.759999999995,10591.701000000001,8017.265,11846.904
4702,10802.484,43880.064,9413.666,7924.552,11855.628
4703,9572.652,42126.896,8613.581,7822.196,11379.922
4704,8627.643,39804.024000000005,7042.504999999999,7791.999000000001,10703.639
4705,7742.499000000001,37698.256,5869.394,7822.847,9789.117
4706,7387.654,35444.522000000004,5873.168,7614.536,8860.49
4707,7176.175,34264.289,5870.238,7552.939,8417.98
4708,7163.298,33642.919,5573.872,7658.091,8174.995000000001
4709,7122.418,33651.859000000004,5612.614,7920.030000000001,7992.623
4710,7208.436,34905.866,5743.021,8049.418000000001,8518.483
4711,7565.4,38163.949,6024.623,8260.02,9220.905999999999
4712,7934.1810000000005,40595.938,7778.038999999999,8787.809,9827.868
4713,8149.451999999999,41539.188,9498.606,9544.003999999999,9036.416000000001
4714,8549.612000000001,39491.27,12593.238000000001,10249.124,7649.233
4715,8848.551000000001,39666.483,14338.344000000001,10733.569,6756.851000000001
4716,9016.063,39416.452000000005,14230.899,11012.963,6560.473
4717,8719.306,37246.909,14393.153,11012.929,6130.742
4718,8520.429000000002,38871.351,14183.458,10767.681,6553.602
4719,8362.76,39630.82,13561.478,10297.034000000001,7944.695
4720,8989.633,40067.87700000001,12577.229,9675.756000000001,9739.837
4721,10328.255000000001,39459.53,13212.437,9076.931999999999,10722.888
4722,11843.857,39413.198,13284.702000000001,8665.77,11096.618
4723,13487.831999999999,42445.627,13921.426000000001,8432.426,11622.936999999998
4724,13172.657,43066.357,12413.162,8400.258,11360.923999999999
4725,11568.539,43966.407999999996,10357.927,8402.636,11487.679
4726,10267.069,43806.363,10178.272,8356.962,11426.541000000001
4727,9013.596,42093.826,9567.983,8232.92,11285.936000000002
4728,8662.463,40275.4,7013.619999999999,8181.374,10791.436000000002
4729,7816.754,38489.795999999995,6384.046,8074.11,9625.339
4730,7547.914,37038.143,6155.993,8022.645,8375.658
4731,7343.858000000001,35904.999,6134.527,8028.785,7523.003000000001
4732,7528.211,35697.119999999995,5820.8279999999995,7984.709,6823.907
4733,7741.35,35993.311,5764.998,7660.6,6906.103
4734,8008.710999999999,37198.558,5866.282999999999,7577.648,7567.105
4735,8644.991,39242.943,6328.599,7678.875,8337.097
4736,8891.899,39499.482,9542.911,8191.980999999999,8445.449
4737,8830.077000000001,39776.742,12837.28,9041.088,7397.4310000000005
4738,8779.612000000001,40098.651,13328.512999999999,9811.037,6742.395
4739,8848.193,40704.809,14113.016,10253.828000000001,5909.58
4740,8809.485,40479.688,14365.595,10471.945,6217.666
4741,8835.077000000001,38390.381,14712.835000000001,10546.664,6585.425
4742,9768.892,38800.949,14698.907,10369.296,6983.021000000001
4743,10280.761999999999,39432.224,14008.467,9850.716000000002,8286.212
4744,10159.055999999999,39676.821,14399.122,9170.355,9316.902000000002
4745,11830.747000000001,39740.847,14895.257,8565.663,9907.155999999999
4746,13971.687,39767.312000000005,13662.098,8405.03,10635.164
4747,15531.027000000002,42142.655999999995,13785.185000000001,8392.84,11449.89
4748,15628.057,42626.907,12261.476,8481.058,11352.038
4749,14124.599999999999,43297.098,10818.798,8505.439,11162.453000000001
4750,12468.328000000001,43649.346000000005,10198.153,8286.169,11111.986
4751,11277.028000000002,42614.788,9698.277,8166.014,10787.389
4752,10442.557,39736.2,8914.407,8151.906,10100.193
4753,9121.453000000001,38474.151999999995,6655.548,8155.464,9349.498
4754,8520.683,36910.007999999994,6433.284,8146.808999999999,8543.798999999999
4755,8248.930999999999,36229.395000000004,6362.665,8014.095,7782.406000000001
4756,8086.483,35933.043999999994,6136.071,7967.9580000000005,7301.598
4757,7926.296,35909.986000000004,6162.664000000001,8000.5779999999995,7415.045
4758,7909.393999999999,36665.293000000005,7102.159,8012.036999999999,7862.745
4759,8586.308,39243.89200000001,7414.665,8102.388,8493.952
4760,9069.833999999999,40112.015,9989.775,8560.904,8684.625
4761,9391.469000000001,40520.195,12135.603,9268.739,8339.474999999999
4762,9506.224,39412.095,13515.807999999999,9952.603000000001,7835.818000000001
4763,9649.501999999999,39481.792,15010.065999999999,10514.885,6885.568
4764,9480.518,38660.588,15336.25,10848.203,6662.549999999999
4765,9198.010000000002,37059.461,15268.035,11022.013,6577.733
4766,9191.628,37927.138,15104.463,10857.883,6757.191
4767,9095.539,38608.085,14721.883999999998,10502.598,7709.727
4768,10191.400000000001,38970.932,13357.993,9818.014,9044.084
4769,11055.497,38939.935,12727.074,9132.009,10178.789
4770,14233.025,39745.421,11135.435,8733.278999999999,10900.637999999999
4771,15357.313,42546.757,12224.082,8589.139,11450.978
4772,14314.987000000001,43118.66,11236.184,8559.154,11367.215
4773,12169.140000000001,43130.457,10739.21,8431.5,11336.085
4774,10593.173999999999,43335.751000000004,10470.878,8343.715,11328.931
4775,9739.235999999999,41845.240999999995,9934.016,8271.122,10977.404
4776,8808.425,39513.291,9587.57,8194.452,10175.865
4777,8053.820999999999,37519.504,8463.773000000001,8008.384,9539.854
4778,7622.566,36220.535,7868.0560000000005,8000.38,8542.12
4779,7479.276999999999,35093.714,7241.781,8006.264,8087.0509999999995
4780,7310.6,35024.18,6446.165,8008.843,7764.786
4781,7301.168,35112.756,5928.933,7991.942,7788.223999999999
4782,7965.4929999999995,35571.82,5803.8099999999995,7903.095,7515.566000000001
4783,8071.011,36650.514,6042.719,7781.706,7686.385
4784,8521.114,37124.934,8407.664,7886.139,7352.246
4785,8699.009,36755.719000000005,10435.544,8364.105,7042.762000000001
4786,8766.144999999999,36763.564,11554.632000000001,9089.473,6182.839
4787,9171.783,35157.675,12493.166000000001,9635.7,5950.719999999999
4788,9453.684000000001,33873.218,12779.689999999999,9913.159000000001,5711.51
4789,9523.858999999999,32421.184999999998,12742.087,9966.086,5704.883
4790,9439.548,32067.729,12407.417000000001,9722.747000000001,5782.276
4791,9124.271,32618.193,11921.304,9277.642,5937.621
4792,9012.838000000002,33101.365,12215.399,8846.846000000001,6357.911
4793,10764.383,33851.990000000005,11628.481,8519.664,7286.269
4794,13077.246000000001,36584.513,10884.643,8219.521,9108.819
4795,13592.091999999999,40988.640999999996,12040.229,8058.218999999999,10940.976999999999
4796,12510.507999999998,40905.509999999995,10996.814999999999,7900.959,10914.956
4797,10721.593,40353.133,9704.624,7806.489,10933.328000000001
4798,8884.962,39985.283,8751.04,7656.8820000000005,11040.903
4799,8395.159,38907.908,7735.7029999999995,7666.557000000001,10611.5
4800,7978.267000000001,37183.307,7173.197,7654.354,9927.150000000001
4801,7944.736,35458.365,6335.26,7399.549,8891.963
4802,7605.659,34102.065,5912.35,7254.290000000001,8477.378999999999
4803,7526.418,33060.689,5949.021000000001,7263.807,7448.022
4804,7476.986999999999,32512.059,5959.421,7260.295,6689.653
4805,7574.5109999999995,31868.440999999995,5797.592,7303.353,6435.393
4806,7582.472000000001,31752.659,5556.966,7428.1630000000005,6333.3150000000005
4807,7203.322999999999,31642.307,5870.568,7532.688999999999,6574.0509999999995
4808,6892.982,31280.573,7618.331,8018.603,5891.8060000000005
4809,7322.94,28898.696000000004,9877.199,8734.960000000001,5582.159
4810,7941.447,27794.971,10845.02,9460.052,5470.496000000001
4811,8406.163,27402.155000000002,11624.242,9992.699,5482.516
4812,8723.896999999999,27372.158,11969.187,10273.348,5661.469999999999
4813,8817.465,27144.485,11623.112,10288.405,5605.377
4814,8625.659,26378.391000000003,11183.001,10074.221,5403.424
4815,8270.112,26614.228,10719.956,9689.635,5200.647000000001
4816,7997.487,28228.609000000004,10766.987000000001,9015.090999999999,5239.614
4817,9840.001,30097.008,10311.044,8398.024,6410.831
4818,12030.331999999999,32712.475000000002,9525.035,8156.026000000001,9742.628
4819,12458.904,37427.327999999994,10739.644,8098.782,11059.234
4820,11983.383000000002,38275.314,10057.179,7708.261,11096.486
4821,10841.756000000001,38389.469000000005,9320.099999999999,7674.927,11159.642
4822,9156.121,39124.512,8512.891,7580.657999999999,11105.841
4823,8249.081,38238.861,8163.387999999999,7342.124000000001,10659.651
4824,7828.425000000001,37210.262,6653.892,7175.799,10004.368
4825,7467.925999999999,35210.431,6118.798,7253.847,9361.427
4826,7222.896000000001,34186.348,5950.275,7217.223,8436.736
4827,6719.724,33820.904,5927.961,7141.6410000000005,7723.0419999999995
4828,6620.178,33697.967,5916.748,7168.106,7236.567
4829,6746.956999999999,33523.852,5934.493,7192.553,7755.983
4830,7133.745999999999,34162.718,5865.321,7276.226,9032.037
4831,7681.045,36705.672,6476.691000000001,7270.508,9622.849
4832,8123.3550000000005,37373.744,9751.105,7789.454,9905.45
4833,8468.668,38491.01,12440.521,8543.316,9027.79
4834,8591.354,38701.878,14073.925,9195.247,7490.3460000000005
4835,9090.268,38036.945,15004.802,9703.324999999999,7443.585
4836,9313.064,37207.005000000005,15360.899,10043.6,7453.073
4837,9346.426999999998,35317.10400000001,15093.93,10065.969,7435.295
4838,9520.763,35915.477,14952.71,9963.796,7903.639999999999
4839,9969.934000000001,37369.421,13789.277,9584.102,8678.535
4840,12218.041000000001,37719.531,12409.663,8975.113000000001,9259.056
4841,13652.800000000001,37989.043000000005,11744.515,8334.696,10295.783
4842,15662.874,37930.452000000005,11744.857,8031.562999999999,10980.909
4843,16000.845999999998,41930.472,12279.916,7997.2609999999995,11567.999
4844,14796.668999999998,43632.383,11390.539,8003.965,11519.921
4845,12624.813999999998,44383.939,10552.133,7733.4529999999995,11394.386999999999
4846,11423.424,44331.884999999995,9953.528999999999,7688.114,11349.412
4847,10699.998,42114.22,8990.337,7935.4439999999995,11148.007
4848,9565.371,40315.221999999994,7115.456,8064.656,10331.819
4849,7863.657999999999,38964.769,5934.053,8293.082999999999,10023.58
4850,7215.280000000001,37695.297999999995,5843.382,8341.314,8825.825
4851,7184.229,36201.579999999994,5866.096,8327.295,8260.811
4852,7177.52,35365.475999999995,5877.816000000001,8436.65,8237.733
4853,7146.563,35346.144,5919.496,8577.724,8311.115
4854,7314.335000000001,36443.811,5826.344999999999,8580.561,9085.983
4855,7772.291,39318.65200000001,5873.77,8662.22,9712.182
4856,8204.83,40238.100000000006,8946.319,9199.562,9806.517
4857,8749.932,38948.413,11711.574,9680.646,9767.524000000001
4858,8709.328,38425.897,13054.314,10152.16,8825.795
4859,9029.004,39070.115,14149.597000000002,10857.375,7763.968
4860,9375.624,38209.03,14771.232,11157.867,7195.656
4861,9797.403,35741.797,14636.068,11213.014000000001,7075.107
4862,10342.151,35885.095,15379.478,11359.202,7463.499
4863,11128.837,36960.39,14666.537,10912.755,8690.134
4864,12056.427000000001,37942.889,13662.830000000002,10268.303000000002,9516.673999999999
4865,14093.05,38338.456999999995,12757.189999999999,9554.798999999999,10339.472
4866,15168.969999999998,38565.523,12375.136,9186.948,10822.008
4867,15770.656,42073.648,12996.667000000001,9080.114000000001,11420.795999999998
4868,14211.909,44068.26,12012.394,9045.421,11554.821
4869,13151.092999999999,44728.716,10552.203,8851.643,11486.985
4870,12183.062,45221.707,9619.627,8778.61,11322.9
4871,11124.560000000001,43633.065,9182.779,8636.194,10868.23
4872,9799.785,41219.289,8061.8730000000005,8570.403,10247.926
4873,9532.293,38136.174,7373.304999999999,8292.117,9137.955999999998
4874,8927.351,36288.942,7133.081,8263.258,8295.593
4875,8565.393,35129.489,6836.263000000001,8255.454,8166.403
4876,8496.071,34241.197,6833.377,8259.632,8096.301
4877,8560.582,34183.823000000004,6840.367,8258.953,8240.104
4878,8677.689,34770.818,7605.859,8257.489,8868.154999999999
4879,8831.491,36791.675,9175.547999999999,8366.776,9142.361
4880,9065.031,38946.221000000005,11760.696,8906.588,8758.619
4881,9334.367,38938.686,13036.524,9570.749999999998,8585.997
4882,9018.402,39287.4,13802.307,9967.06,7754.863
4883,9055.675000000001,39482.464,14679.728,10474.838,7180.625
4884,9327.544,38413.156,15269.186,10837.186,7237.613
4885,9441.024,36743.767,15073.486,10910.529999999999,7288.0070000000005
4886,10006.99,37106.648,15911.927,10716.338,7781.299000000001
4887,10438.157,36951.566,15420.503,10294.692000000001,9083.514
4888,10920.109,37356.554000000004,15287.365,9833.869,9912.919
4889,12637.480999999998,38364.990000000005,14580.911,9364.646000000002,10472.656
4890,15456.595,38361.375,12351.247,9186.358,10736.616
4891,16710.056,41783.214,12171.530999999999,9107.158,11110.667
4892,14849.324999999999,42879.509000000005,12108.222,9051.433,11214.892
4893,11959.281,43478.796,12435.831999999999,8801.163,11244.298999999999
4894,10775.217,43816.672999999995,12004.796999999999,8549.392,11102.264
4895,10520.212000000001,42538.007,10651.880000000001,8517.96,10819.418
4896,9835.41,40595.22900000001,8767.164,8436.874,10093.869
4897,9205.234,38517.898,7612.244999999999,8336.853,8930.182
4898,8595.981000000002,36745.96,7282.351,8327.935,8041.808
4899,8490.596,35562.625,6949.7,8337.167,7654.398
4900,8621.43,34795.062,6718.467000000001,8328.09,7508.098
4901,8609.532,34967.499,6665.705,8312.81,7637.441000000001
4902,8379.622,36548.396,6984.622,8342.454,8454.664
4903,8474.162,38550.248,8109.308,8293.846,9080.429
4904,8932.461,39412.75199999999,11783.469000000001,8706.083,8587.347
4905,9310.336,40049.044,14048.437,9295.906,8350.066
4906,9448.017,39934.432,14387.117,9691.776,8373.314999999999
4907,10068.255000000001,40060.697,14705.155,10082.082,8509.319
4908,10872.211,39820.181000000004,14716.313,10461.937,7904.337
4909,11011.347,38217.401,14529.525000000001,10499.414999999999,7675.826
4910,10905.711000000001,38395.668,14816.895,10328.803,8551.866
4911,10852.633,38755.19099999999,14764.152999999998,10200.592999999999,9752.89
4912,11376.630000000001,39686.055,14618.911,9705.26,10246.855
4913,12792.763,40716.191,12572.494,9130.903,10643.371
4914,15700.734,40969.443,10631.345,8891.579,10592.377
4915,17198.647,43613.064,10639.019,8701.0,11079.439
4916,15691.826,45488.804000000004,9826.363,8455.699,10856.701000000001
4917,13443.435,45851.642,9636.673999999999,8249.612,10710.404
4918,12130.814000000002,45754.054000000004,9130.536,8071.058999999999,10897.708999999999
4919,11819.265,43711.783,8519.909,7986.861000000001,10560.16
4920,10699.707000000002,40931.691999999995,7925.042,8048.476,9689.325
4921,10357.597999999998,38201.266,7392.681,8213.7,7970.102
4922,9875.595,36263.173,7492.045,8191.979,7011.139
4923,9209.886,35119.215,7327.981,8167.218999999999,6896.181
4924,9135.388,34844.14000000001,6638.267,8212.177,6904.062
4925,8894.571,35151.221999999994,6674.45,8199.456,6853.494000000001
4926,8556.142,36278.524000000005,7731.466,8194.328,7331.474
4927,8764.817,36876.964,9496.105,8314.361,8245.43
4928,9097.36,37157.37,12767.213,8675.411,8698.994999999999
4929,9620.974,37935.737,14239.609,9192.541000000001,8647.853
4930,10195.109999999999,38192.094,14580.640000000001,9438.436999999998,8036.89
4931,10481.646999999999,38579.145000000004,14376.100999999999,9856.376,8165.496
4932,10415.107,38790.269,14664.736,10206.079000000002,7721.356000000001
4933,10393.328999999998,37598.919,14646.579,10323.199999999999,7389.935
4934,10297.399000000001,38222.16900000001,14375.223000000002,10230.223,8038.686
4935,10263.49,39643.399000000005,13618.157,9923.256,8860.479
4936,10230.231,39781.191999999995,13716.038,9467.873,9368.162
4937,11278.664,40092.16,13042.123,8939.214,9312.912
4938,13895.576000000001,39963.076,11432.724,8671.053999999998,10171.292
4939,15400.297000000002,41436.136999999995,11995.758,8582.436,10723.951000000001
4940,13165.662,44456.716,10932.161,8449.643,10805.461
4941,10372.865999999998,45493.019,9956.131,8250.556,10859.17
4942,8764.28,45441.181000000004,9894.899000000001,8068.2660000000005,10876.322
4943,8428.125,43660.009,9701.037,8012.338,10401.529999999999
4944,8549.675000000001,41875.382,9149.997,6473.676,9760.577
4945,8011.4220000000005,40425.6,8086.889,5996.198,9064.926
4946,7800.967000000001,38305.178,7961.227,5731.68,8746.729
4947,7894.625,36494.210999999996,7615.657999999999,5709.205,8299.391
4948,8030.9580000000005,35610.501000000004,7114.494000000001,5758.673999999999,8102.379
4949,8492.491,35084.476,6777.614,5770.108,8225.947
4950,9245.572999999999,34727.718,6907.506,5766.434,8295.126
4951,9265.965,35010.081,6854.894,5855.304,8784.534
4952,8918.395999999999,35974.852,7691.866,6341.378,9136.853
4953,9176.864,36719.007,8540.891,7104.504,9037.774000000001
4954,9679.557999999999,36600.65,9727.211,7740.374,8374.142
4955,10015.711,36318.240999999995,10787.94,8333.533000000001,7298.636
4956,10340.868,35357.304,11484.355,8678.938,6861.519
4957,10371.373,34554.837,11692.409,8716.387,6553.757
4958,10847.354000000001,33921.7,11582.693,8417.271,6436.262000000001
4959,10338.434000000001,34514.391,11203.4,7965.456,6652.034
4960,10343.934000000001,34583.988,11119.604,7322.312,7479.126
4961,11884.514000000001,35374.584,10328.887,6671.606,8823.822
4962,13943.907000000001,36115.262,11857.398000000001,6447.442,9611.046
4963,15795.117,39944.706999999995,12979.185,6438.491,9894.957999999999
4964,13671.079000000002,41774.89200000001,11815.32,6389.116,10055.425
4965,10660.844,42568.508,10688.028,6322.284,10012.64
4966,8751.159,42326.566999999995,10150.653999999999,6287.123,9786.579
4967,8379.703000000001,40875.996999999996,8919.898,6599.937,9448.332999999999
4968,8308.612,39274.731,7600.077,6937.817999999999,8701.267
4969,8193.895,37653.189,6595.87,6947.326999999999,7579.043
4970,7920.605,36381.597,6269.114,6919.7119999999995,6762.1810000000005
4971,7722.558,35133.324,6122.481,6881.728999999999,6687.805
4972,7328.630000000001,34840.484000000004,5782.347,6852.218,6285.439
4973,6925.450000000001,34747.853,5686.644,6850.101,6171.228999999999
4974,7008.459,34429.525,5638.351000000001,6857.597,6121.037
4975,6880.563,33887.03,5867.521,6928.928,6136.165
4976,7061.313,32542.038999999997,7512.642999999999,7371.854,5606.5869999999995
4977,7255.361999999999,31238.521,8959.266,8151.544,5139.341
4978,7476.874999999999,29943.961000000003,10646.421999999999,8891.939999999999,5093.991
4979,7699.75,29868.730000000003,11727.457999999999,9461.850999999999,5259.142
4980,7861.5470000000005,30854.667,11956.432,9671.355,5435.591
4981,7850.767000000001,30831.936999999998,12070.665,9645.037999999999,5550.991
4982,7946.482999999999,30588.706999999995,11894.182,9378.712,5488.313
4983,8602.56,29811.339,11330.963,8862.437999999998,5802.678
4984,8726.579,30091.848,10902.908,8296.848,6489.381
4985,10287.445,31435.717,9796.432,7687.647,8376.025000000001
4986,13101.972,33285.898,10608.826000000001,7245.432,9786.785
4987,14313.006000000001,37381.151999999995,12294.612000000001,7085.929,10242.023
4988,13094.888,39809.556,10235.293,7250.871999999999,10159.275000000001
4989,11252.152,40907.736,9552.611,7149.179,10113.552
4990,9720.664999999999,41363.439,9172.131,7038.956,9973.691
4991,9530.088,40076.481,8496.861,6947.715,9708.587
4992,9429.858,38442.29699999999,7422.1939999999995,7006.5960000000005,8897.127
4993,9193.443000000001,36061.379,7171.002,6807.656999999999,8081.936000000001
4994,8790.891,33781.593,7257.889,7443.7970000000005,7349.389
4995,8636.940999999999,32748.076,7211.654,7470.884,6750.518
4996,8382.867999999999,32630.568,7049.326000000001,7467.541,6607.159
4997,8472.223,32698.356999999996,7288.763,7334.387,6669.362
4998,9125.38,32886.627,8437.378999999999,7286.713999999999,7271.829
4999,9329.6,35132.257000000005,9252.219,7402.708,7852.865
5000,9441.985999999999,37109.636,11237.673999999999,7944.862999999999,7765.249
5001,9980.708999999999,38324.231,12167.452,8685.365,8144.32
5002,10126.407000000001,37380.12,13445.27,9352.268000000002,8609.248
5003,9927.066,37046.16,15099.421,9855.538,8867.628
5004,10088.756000000001,36521.011,16294.306,10108.217,9069.996
5005,10255.851,35562.714,16447.494,10005.632,8461.728
5006,10635.75,34832.896,17037.157,9815.662999999999,8990.969000000001
5007,11512.345,33271.403999999995,18052.099000000002,9422.359,9193.675
5008,12130.727,33402.309,18753.32,8841.733,8958.415
5009,14103.899,34567.274,16822.625,8185.445000000001,9735.920999999998
5010,16161.189999999999,35872.809,13513.467,8006.258,10375.659
5011,17152.084,39801.306,12377.279,8072.905,10928.668
5012,16715.415,40247.474,12136.544,8128.405,10879.84
5013,15817.284,39566.572,12291.934,8062.137,10862.203000000001
5014,14948.089,39236.677,12472.493999999999,7995.589,10844.826000000001
5015,13265.560000000001,37373.141,12515.58,7778.532999999999,10556.674
5016,12375.939,34150.706,12521.780999999999,7594.513999999999,9647.461
5017,10303.918,33238.151,11589.197,7482.986,9158.104
5018,9868.715,32206.408,10017.91,7457.615,8801.429
5019,9407.807999999999,31925.407,8835.271,7449.683,8697.547
5020,9527.975,31871.653999999995,8173.608,7484.69,8224.296
5021,9639.244999999999,31864.150999999998,7922.767,7418.353999999999,8774.639
5022,9566.401000000002,31678.790999999997,10029.657,7451.7919999999995,9259.582
5023,9719.135,32751.093,12549.232,7552.768000000001,9277.876
5024,9986.944,34735.704,13698.241,8052.117,9348.287
5025,10185.949999999999,35673.132,15283.713,8706.705000000002,8863.457999999999
5026,9978.633,35642.27099999999,15677.542000000001,9246.961,8128.98
5027,10343.173999999999,35972.020000000004,16106.62,9645.273,7161.99
5028,10500.208,35710.527,16499.945,9955.555999999999,6432.255
5029,10155.578,34821.011,16144.858,10053.977,6062.41
5030,10616.761999999999,34246.873,15833.690999999999,9932.092999999999,7060.989
5031,11060.063,33849.824,15908.687,9561.368999999999,7838.497
5032,11375.223,33849.676999999996,16398.12,9030.757,8198.735
5033,12333.096000000001,34866.917,16236.558,8368.301,8840.306
5034,14029.055999999999,36269.882,14117.341,8037.902999999999,10210.897
5035,16840.781999999996,39373.240999999995,13832.779999999999,7976.983,10895.130000000001
5036,16232.715,40289.296,13028.742,8034.160999999999,10897.869999999999
5037,14398.875,40272.79,13317.494,7778.307000000001,10814.047999999999
5038,13880.087,39736.521,13085.522,7493.277,10808.539
5039,12941.659000000001,37319.348000000005,13000.863000000001,7317.785,10313.951000000001
5040,11401.748000000001,34397.756,12614.82,7219.429,9613.511999999999
5041,9463.288,33359.996,11195.79,7166.563999999999,8806.117
5042,8424.907,32647.16,9633.298999999999,7175.225,8750.130000000001
5043,8332.225999999999,31979.139000000003,8598.796,7166.267,8517.452
5044,8290.468,31802.617,8117.195,7144.459,8307.713
5045,8250.444,31741.873,8292.776,7141.081,8458.275
5046,8122.719000000001,32208.564,9458.821,7145.819999999999,8810.095000000001
5047,8546.238000000001,33665.392,11103.153999999999,7247.32,9305.155999999999
5048,8659.423999999999,36145.897,11846.569,7740.789000000001,9547.537
5049,9228.402,37614.548,13098.321,8471.418,8220.027
5050,9557.994999999999,37295.162,14111.912,9149.078,6662.215
5051,9729.396,37135.565,14974.516,9672.383,5901.374
5052,9608.203,36182.744999999995,15625.349000000002,9962.081,5923.469
5053,9500.407,34429.723,15455.48,10028.617,5574.957
5054,9928.176,34956.668999999994,15517.589,9881.972,5702.6630000000005
5055,10120.964,35225.157999999996,15821.421999999999,9624.155,6307.648999999999
5056,10473.125000000002,35349.353,15621.034,8903.764,7573.320000000001
5057,11224.811000000002,37007.743,14885.301000000001,8137.615,9115.808
5058,11983.37,40372.532,13180.144999999999,7759.9349999999995,9986.693
5059,14291.130000000001,44383.659,12807.022,7680.251,10676.457999999999
5060,13373.461,45096.444,12460.238000000001,7781.237,10720.395
5061,11869.067,45040.975,12052.308,7556.153,10784.113000000001
5062,10978.992,44355.139,11898.657,7286.924,10677.957999999999
5063,10096.030999999999,42559.826,11140.027,7195.735000000001,10154.821
5064,9741.766,39832.953,9891.961000000001,7204.424999999999,9137.776
5065,9117.866000000002,37727.142,8086.960999999999,7238.594,8204.496
5066,8817.303,36332.172999999995,7017.775,7409.575,7413.266
5067,8855.746000000001,35642.981,6776.055,7419.732,6306.843000000001
5068,9033.440999999999,35233.255999999994,6596.0,7415.866,5838.342999999999
5069,8979.918,35668.308,6692.118,7187.019,5890.9220000000005
5070,9330.360999999999,36570.629,6803.312,6963.47,6860.144
5071,9506.071,38493.53,7146.912,6684.724,8669.762999999999
5072,9835.670000000002,40335.842,9150.728,7198.816000000001,8759.143
5073,10284.699,40490.16,11938.931999999999,7991.648999999999,6911.206
5074,10347.44,39216.065,13458.107,8641.534,5631.591
5075,10667.455,38412.273,14238.652999999998,9090.733999999999,5498.926
5076,10376.54,38339.229,14424.791000000001,9367.139,5561.886
5077,10002.035,36485.465,13896.658,9410.771999999999,5451.246000000001
5078,10169.145999999999,37286.394,14190.636,9187.523,5518.360000000001
5079,9984.684,39740.755999999994,13681.392,8804.938,5987.004
5080,10010.355,40360.178,12976.204999999998,8429.935000000001,7391.156
5081,10340.215,42838.953,12120.258,7841.5019999999995,8067.307
5082,11681.744,44251.435,11330.716,7453.638,9043.101
5083,12731.045999999998,46609.528999999995,12933.423999999999,7368.445,9836.356
5084,12041.957,45709.324,13381.427,7467.285,10196.122
5085,11443.387,44738.81,12859.243999999999,7181.39,10265.280999999999
5086,10729.488999999998,43557.189000000006,13280.36,6884.6089999999995,10268.975999999999
5087,10782.932999999999,41831.454,11665.809,6834.591,9836.86
5088,10180.669000000002,40327.246,9263.16,7067.973,8847.545
5089,9452.708,38553.38,7380.255,7096.280000000001,8017.515
5090,9268.913,36267.605,7085.212,6981.281999999999,7477.736
5091,9211.496000000001,34528.951,7024.92,6980.610000000001,7054.856
5092,9122.833999999999,34248.032,6889.827,7049.761,6557.0470000000005
5093,9232.962,34216.91499999999,6999.796,7067.964,6559.173999999999
5094,9198.01,35464.35,6915.664,7029.788,7712.191000000001
5095,9561.705,37738.229999999996,7417.329,7067.453,8604.687
5096,9857.432999999999,39023.263999999996,10788.128,7651.692,7962.155
5097,10345.375999999998,39297.962,12968.681999999999,8464.387,6965.882
5098,10018.307,38780.748,13964.5,9151.91,6446.665999999999
5099,10338.422,39159.467,14290.225,9578.296999999999,6273.281
5100,10055.852000000003,39100.921,14574.84,9675.391,6063.049
5101,9939.095,36539.223,14656.753999999999,9709.387,5766.280000000001
5102,10487.623,37633.831,14327.586,9514.056999999999,5979.8279999999995
5103,10430.748,39304.796,13765.498,9157.187999999998,6707.017
5104,10223.588999999998,39558.072,13542.208999999999,8527.255000000001,8166.108
5105,10375.937,40541.943,13257.100999999999,7787.292,8762.968
5106,12282.440999999999,41255.33,12271.029,7381.505,9581.847999999998
5107,14180.796999999999,44232.707,12708.231,7440.861000000001,10307.678
5108,13080.899000000001,44944.721000000005,12223.943,7512.164,10269.426
5109,10920.454,44580.176,11494.780999999999,7388.021000000001,10326.852
5110,9859.217,43862.667,11562.302,7126.671,10264.632000000001
5111,9801.771,41738.049,11302.399000000001,7014.450000000001,9587.843
5112,9426.627,39981.148,9683.124,7056.168,8542.261
5113,9406.594000000001,38238.073,7800.959,6865.247,7184.196
5114,9163.465,36026.875,7102.492,6827.066000000001,6716.695
5115,8783.253,34997.025,6291.549,6767.911,6523.99
5116,8794.789999999999,34115.439,5848.059,6763.729,6597.2570000000005
5117,8544.64,33815.943999999996,5845.709,6742.396,6711.497
5118,8460.507,33955.416,6137.041,6714.844,6694.475
5119,8125.655000000001,34738.248999999996,6691.018,6845.9439999999995,6743.76
5120,7140.597,35723.477,9175.280999999999,7422.2080000000005,6159.2119999999995
5121,7280.947,35094.485,10736.136,8179.776999999999,6236.389
5122,7697.392,33179.471000000005,12060.271999999999,8765.627,6177.269
5123,8240.774,31943.035000000003,12885.472,9266.278,6191.780000000001
5124,8451.984,31434.784,12955.642,9521.299,6346.3
5125,8453.753,30642.277000000002,13013.543,9525.22,6262.871
5126,8453.075,30438.708000000002,12716.113,9302.099,6345.4349999999995
5127,8222.443000000001,31406.946,12252.887,8758.2,6576.985000000001
5128,7694.888,33073.157,11918.814999999999,8232.72,7382.617
5129,8311.211000000001,35580.577,11872.464,7469.264,7845.500999999999
5130,10143.932999999999,38373.695999999996,12056.340999999999,7033.000999999999,8555.715
5131,11273.770999999999,41743.091,13538.593,7204.78,9551.996
5132,10186.071000000002,41511.395,13175.094000000001,7261.65,9399.862000000001
5133,9093.219,40842.657,11503.469,6943.05,9337.073
5134,8846.541,40232.638000000006,10337.402,6705.907,9222.933
5135,8455.692,39052.206999999995,9224.551,6674.058,8359.333
5136,8256.207,38342.66499999999,7970.719,6753.742,7391.688
5137,7902.937000000001,37370.407999999996,6288.0470000000005,6803.594999999999,6632.849
5138,7907.6630000000005,34826.257,5980.232,6788.564,6291.233
5139,7289.959,33749.443,5862.585,6774.357,6258.343
5140,6710.529999999999,33387.361000000004,5655.48,6768.71,6313.864
5141,6896.307,32338.08,5686.597,6771.683,6355.988
5142,7049.088,32152.61,5787.076,6766.3460000000005,6031.385
5143,6910.335000000001,32036.631,6146.099,6895.566,5498.668
5144,6596.548,29625.904,8144.454,7331.853,5465.723
5145,6723.116,28111.778,9605.976,8051.275000000001,5418.904
5146,6900.968000000001,27113.186,10933.577000000001,8730.312,5344.162
5147,7178.058000000001,27071.111999999997,11405.679,9162.167,5430.156000000001
5148,7347.959000000001,27746.010000000002,11744.693,9413.798999999999,5611.352
5149,7385.6810000000005,27724.103,11948.621,9441.365,5465.799
5150,7425.996999999999,27171.288999999997,11839.864,9147.101,5376.915000000001
5151,7152.471,26755.729,12500.018,8680.628,5391.455
5152,7151.564,28706.251,12052.097,8086.472999999999,5722.277
5153,8032.986,31785.513000000003,11494.871,7443.642,6395.98
5154,10504.896999999999,34625.197,9931.476999999999,7168.615,8818.939
5155,12760.568000000001,37349.55100000001,12594.746000000001,7065.126,9107.843
5156,11730.532000000003,37692.041,12680.217,7069.35,8982.982
5157,10079.143999999998,38964.178,11631.98,6970.257,8697.118999999999
5158,8928.732,39617.29,10238.935,6836.681,8664.848
5159,8960.662,38588.32,8548.027,6741.044,8576.819
5160,8978.816,36330.731,7322.075,6721.748,7967.124
5161,8851.852,33788.954,6832.949,6714.644,7081.195
5162,8263.428,32666.451,6627.947,6700.860000000001,6831.058999999999
5163,8210.006000000001,31635.566,6527.769,6706.715,6526.572
5164,8133.543,31879.706000000002,6188.169,6709.246999999999,6051.731
5165,8263.919,32209.898,6152.812,6713.714,6079.245
5166,8523.601,33617.157,6832.293,6752.035000000001,6679.412
5167,8733.636000000002,36870.312,8108.522,6913.3060000000005,7012.317
5168,8734.357,37851.716,10505.015,7451.187,7124.019
5169,9240.794,38481.637,12153.149000000001,8328.358999999999,7263.985000000001
5170,9526.649000000001,38688.19,12902.377,9039.934000000001,7322.2
5171,9937.426000000001,39394.166,13573.34,9597.385,7302.2
5172,10079.217999999999,38748.782999999996,14070.206,9762.119,7317.464
5173,9859.210000000001,36766.167,14561.952,9558.313999999998,6701.075000000001
5174,10073.543999999998,36926.417,15309.274000000001,9235.848,7021.036
5175,9960.499,37498.316,16490.34,8841.872000000001,7165.75
5176,10117.441,38955.615,15910.813000000002,8149.988,7430.832
5177,11040.778,41437.43000000001,13916.595,7494.522000000001,7889.059
5178,12910.478,41873.443,11859.401,7390.4439999999995,8403.056
5179,14488.355,44856.401,11152.005,7341.727,9451.863000000001
5180,13697.017,45825.163,11098.059000000001,7313.779,9332.703000000001
5181,11633.652999999998,45698.111000000004,11550.425,7244.956999999999,9119.359
5182,9930.045999999998,45747.399,11764.592,7040.085999999999,8990.973
5183,9236.535,43949.555,11118.137999999999,6948.718000000001,8484.504
5184,8756.190999999999,40446.896,9500.598,6922.798999999999,8162.067000000001
5185,8008.481,38261.725000000006,8587.175,6879.377,7160.196
5186,7881.545,36495.539,7587.973,6876.229,6758.148999999999
5187,7872.78,35275.583,7193.063,6872.067999999999,6539.499
5188,7901.905999999999,34860.617,7055.853,6880.081,6330.817999999999
5189,7925.397,34727.606,7542.879999999999,6883.02,6372.807
5190,8264.780999999999,35871.718,8563.47,6889.876,6788.311
5191,8283.091,39235.078,9740.342,6961.17,7447.116
5192,8738.026,40164.280000000006,11999.997,7294.865,7582.393
5193,9362.798999999999,39683.954999999994,14586.124,7945.27,7458.488
5194,9960.447,38628.962,15952.029999999999,8576.930999999999,7025.618
5195,10399.216999999999,38554.240000000005,16356.339,9095.847,7121.1669999999995
5196,10656.575,38232.736000000004,15997.026,9475.179,7232.259
5197,10381.353,36243.829,15119.187,9458.352,7336.05
5198,10298.446,37061.14,15774.123,9218.098999999998,7435.9169999999995
5199,10177.338000000002,38969.182,15952.718,8731.631,7493.687
5200,10431.678,40572.317,14825.742999999999,8124.903000000001,7844.0689999999995
5201,11522.126,40823.541,14273.618999999999,7592.577,8394.02
5202,13186.475,40357.823000000004,13005.754,7435.210000000001,9023.443
5203,13869.186,44899.849,12331.979,7428.982,9663.462
5204,12801.554,46012.52,11998.331999999999,7330.804,9921.521
5205,10530.446,46494.23400000001,12569.779999999999,7161.543,9782.233
5206,9938.671,45644.08,12723.545,6857.255,9537.317
5207,9443.064,43721.924,11185.083,6880.369000000001,9123.599
5208,8809.926,40931.893,9578.085,6880.173,8625.898
5209,8278.705,39235.009,7769.576,6895.868,7684.584000000001
5210,8044.7339999999995,37045.995,7181.487000000001,6868.617,7501.084999999999
5211,8004.932,35750.530000000006,6947.407,6869.361,7039.757
5212,8003.713,35100.532,6568.094,6866.799,7069.55
5213,7991.72,35268.673,6680.9259999999995,6863.409,7347.309
5214,7943.033,36905.946,6929.234,6856.141,8201.912
5215,8106.080000000001,39304.157,8795.807,6970.721,8248.81
5216,8579.037,41684.998,9822.029,7356.450000000001,8350.83
5217,9282.047999999999,40817.139,11354.974000000002,8161.289000000001,8089.107
5218,9782.004,39326.068,12860.464,8855.286,7420.743
5219,10292.861,39259.966,13773.438999999998,9331.267,6655.457
5220,10574.779999999999,38932.062999999995,14109.502,9671.826,6537.729
5221,10514.762,37427.866,14125.628,9730.110999999999,5701.831
5222,10325.533000000001,37620.116,14026.899000000001,9478.042000000001,7020.478999999999
5223,10271.091999999999,38838.188,14176.276999999998,8985.944000000001,7537.626
5224,10335.975,39628.028999999995,13820.975999999999,8326.002999999999,8377.041000000001
5225,10705.315,41202.834,13171.310000000001,7625.661,8869.922
5226,12264.146,41434.776,12136.082,7347.173,9411.884
5227,13653.606,44349.600999999995,12415.614000000001,7228.968,10345.085
5228,12449.864000000001,46456.206999999995,11340.216,7187.263,10267.983
5229,10634.121,47316.777,11250.044,7188.393,10024.967
5230,9295.448,47049.685999999994,11793.675,6983.563999999999,9736.074
5231,9125.359,44576.448000000004,11541.737000000001,6878.317999999999,8985.59
5232,8155.966,42701.044,9461.161,6863.165,8394.766
5233,7991.356000000001,39825.457,7813.444,6863.624,7869.855
5234,7805.423000000001,36883.768,7315.802000000001,6873.762000000001,7753.424
5235,7597.670999999999,35956.474,7083.82,6874.043,7087.936000000001
5236,7505.116,35709.988000000005,6788.452,6879.746999999999,6879.644
5237,7513.131999999999,35676.959,6851.407999999999,6870.778,7152.422
5238,7579.152,37105.617999999995,7423.066,6873.994000000001,7791.8279999999995
5239,7663.849,40188.606,8604.292,6976.981999999999,8196.055
5240,8101.439999999999,40890.17599999999,10387.146,7531.527,8491.813
5241,8702.836,39659.0,12611.022,8215.082,8313.154
5242,8559.360999999999,39437.443,13300.022,8919.145999999999,8111.444
5243,9164.717999999999,39305.826,13717.469,9451.82,7835.975
5244,9221.534,39137.027,14416.508,9789.383,7706.268
5245,9212.238,36955.381,14114.856,9814.059000000001,7328.991999999999
5246,9965.1,36614.762,14287.987,9533.119999999999,7749.258
5247,10459.35,36382.892,15108.944,9145.711000000001,8899.016
5248,10812.48,37655.276,14918.197,8476.894,9188.569
5249,11022.811000000002,40573.869,14143.423,7825.658,9214.006000000001
5250,12696.727,42780.445999999996,11804.295,7389.5419999999995,9376.418
5251,14066.853000000001,45922.667,12620.372000000001,7273.67,9947.858
5252,12688.831,46858.272,12893.326000000001,7265.708,9829.713
5253,10979.319000000001,47104.97499999999,12450.650000000001,7258.534,9692.272
5254,10069.804,46947.329999999994,12177.533,6963.414999999999,9599.332
5255,9617.517,44754.435000000005,11911.766,6698.172,8965.536
5256,9246.782000000001,42160.651999999995,10128.534,6712.819,8385.333999999999
5257,9174.328999999998,39285.957,7869.719,6861.243,8105.861
5258,9017.530999999999,36559.488,7178.959,6875.256,7989.7480000000005
5259,9100.847,35378.293999999994,6490.229,6857.22,7605.77
5260,8983.419999999998,34681.985,6437.287,6845.487,7576.2970000000005
5261,8951.432,34487.543000000005,6779.085,6837.215,7778.739
5262,9125.831000000002,35961.337,7579.111,6823.195,8104.677000000001
5263,9355.829,38856.494999999995,8562.108,6900.276,8553.961
5264,9543.775999999998,38667.455,11814.010999999999,7357.118,8549.713
5265,9858.715,38580.744999999995,14198.377,8195.098,8424.957
5266,10449.244999999999,38838.552,14653.896,9005.716999999999,8089.068
5267,11147.166000000001,39771.546,13951.724,9681.327000000001,8217.52
5268,11382.096,39236.578,14440.853,10022.118,7561.209
5269,11247.459,36749.498999999996,14580.268,9894.362000000001,7193.25
5270,11343.976,36232.946,15556.396,9640.993999999999,8010.858
5271,11257.489,37742.578,15222.648000000001,9173.27,8302.7
5272,11137.785,38394.452,14494.614000000001,8472.767,8725.217
5273,11818.458,37703.397,14658.536,7794.303000000001,8841.887999999999
5274,14996.787,36944.034999999996,14235.399000000001,7413.679999999999,8986.626
5275,16406.583,41704.75,12957.912,7493.244,9397.404999999999
5276,15263.308,42668.424,12490.023,7467.8330000000005,9239.231
5277,13294.202000000001,42467.879,12403.805,7315.171,9036.252
5278,12028.186,42696.332,12213.089,7112.737999999999,9073.163
5279,11478.492,40661.392,12533.810999999998,7015.367,8653.220000000001
5280,10939.878,37991.606999999996,11595.316,7031.978,7987.625
5281,9669.757000000001,36613.476,8972.823,7309.685,7560.755999999999
5282,8953.608,35227.524,7011.362999999999,7528.594999999999,7377.023
5283,9000.133,33968.47,6007.8279999999995,7582.316,7320.53
5284,9006.68,32832.673,5763.043,7625.3820000000005,7206.582
5285,9019.506,32187.546000000002,5838.318,7683.849,7190.174999999999
5286,9059.389,31585.283,6657.896,7718.073,7182.358
5287,9178.698999999999,32386.959,6873.877,7841.842000000001,7259.424000000001
5288,9338.846,33309.731,8350.432,7918.164,7141.253000000001
5289,8975.386999999999,33711.933000000005,11404.39,8450.081,5924.9130000000005
5290,8513.477,32845.204,13118.899000000001,9019.651,5629.238
5291,8708.264,31835.582000000002,13839.589,9540.828,5525.15
5292,8819.864,31463.090000000004,14259.118999999999,9889.945,5200.610000000001
5293,8668.147,31014.087,13894.310999999998,9973.777,5125.610000000001
5294,8298.08,30418.36,13648.402000000002,9758.324,5311.541
5295,8148.972,30157.813000000002,13130.479,9299.248,6023.647
5296,8628.279,30177.277000000002,12805.808,8818.858,6603.04
5297,9617.136999999999,29886.049,13939.945,8464.622000000001,7363.841
5298,12558.972000000002,32383.096999999998,13685.342,8180.918000000001,8122.364
5299,14671.6,37162.166000000005,13540.538,8051.4529999999995,8878.244
5300,14503.037999999999,37002.196,13224.103,7998.912,8840.021
5301,12548.611,36723.709,12037.812,7999.839,9062.399000000001
5302,10670.007,36309.193,11782.887999999999,7939.1720000000005,8797.963
5303,10333.672,35145.81700000001,10937.44,7765.356,8167.513000000001
5304,9866.823999999999,34069.059,9140.064999999999,7742.49,7660.686
5305,9021.796,32391.950000000004,7533.107,7764.495999999999,7205.4529999999995
5306,8218.896999999999,31153.132999999998,6707.124,7755.276,6990.332
5307,8027.353999999999,29752.647000000004,6416.807000000001,7752.456,6674.269
5308,8089.370000000001,28568.272,6297.978,7751.529,6503.326999999999
5309,8181.277999999999,27736.445,6323.763,7756.067,6446.1
5310,8194.465,27502.798000000003,6659.361999999999,7497.783,6051.423
5311,7958.251,27780.243,6953.084999999999,7367.6539999999995,5797.973
5312,7610.749,27136.645,8366.805,7386.257,5914.393
5313,7681.786999999999,25568.779,10210.134,7909.346,5956.331
5314,8380.275,24714.751,10718.202,9037.907,5413.851000000001
5315,8861.788999999999,24846.326,11333.778999999999,9511.390999999998,5311.251
5316,9069.193000000001,24890.416,11516.348000000002,9808.502,5509.405
5317,8825.009,24238.351000000002,11338.292,9929.716,4924.798
5318,8569.975,22827.271999999997,10942.107,9711.169,4641.272999999999
5319,8195.158,21980.137,10336.835,9284.21,5143.977999999999
5320,7637.557,23062.056,10506.752,8919.225,5733.9169999999995
5321,8152.81,25622.483999999997,11249.464,8581.869999999999,6393.0689999999995
5322,10008.646,31565.865999999998,10766.554,8228.967,7677.522999999999
5323,11966.432999999999,35761.545,12238.375,8047.965,8827.885
5324,12203.987000000001,35564.238,12466.795,8020.325,8710.344
5325,10984.001,35489.496,12220.283,7931.161,8629.939999999999
5326,9507.895999999999,35561.16099999999,12235.662,7789.104,8579.223
5327,8660.715,35045.321,10893.588,7801.9259999999995,8011.46
5328,8032.1050000000005,35263.382000000005,8169.519,7786.870999999999,6926.138
5329,7977.647,33011.709,6947.684,7773.052,6724.387000000001
5330,8068.916,30820.791,6449.766,7749.325,6744.64
5331,8091.437000000001,29762.93,6059.581,7723.327,6847.405
5332,8088.908,29269.076999999997,5966.973,7678.115,6993.546
5333,8073.099,29365.194000000003,6487.18,7656.944,6835.794
5334,8118.355,30970.247,7337.6630000000005,7663.6669999999995,7198.508
5335,8161.357,33861.487,8778.16,7812.398,7751.893
5336,8296.494,35482.229,10503.688,8368.179,7744.894
5337,8345.952000000001,36351.325,12337.020999999999,9188.832,7291.503000000001
5338,8874.521999999999,35683.674,13733.351,9973.533,6429.396
5339,9557.636,35217.901000000005,14426.285,10489.805,6224.264999999999
5340,10271.851999999999,34313.409,14610.955999999998,10701.605,6390.871999999999
5341,11218.526,31078.335000000003,14076.16,10780.479,6159.108
5342,12468.04,30248.013999999996,13795.100999999999,10592.57,6233.885
5343,12192.521,32057.340000000004,13354.136999999999,10117.659000000001,6688.302
5344,12208.037,32944.756,13372.7,9483.59,7404.707
5345,12874.851,34497.572,13604.966,8863.687,7475.152
5346,13325.255,37320.254,12719.911,8536.937,8352.582999999999
5347,15239.229000000001,40897.57,13230.897,8429.993,8876.479
5348,14643.472000000002,43662.490000000005,11722.974,8485.017,8772.559000000001
5349,13019.532000000001,43903.338,10988.858,8503.06,8826.547999999999
5350,11868.054,43557.33700000001,10506.044,8383.547,8811.758
5351,9959.969,42267.845,10072.717,8293.681,8308.913
5352,8499.888,39619.735,8452.926,8258.196,7906.089
5353,8430.082999999999,36581.001000000004,7181.224999999999,8164.838,7358.349
5354,8301.709,34076.741,6759.557,8092.29,7251.688
5355,8227.903999999999,32483.495,6506.715,8084.3910000000005,7253.465
5356,8157.581000000001,31766.587,6323.685,8082.4619999999995,7283.1759999999995
5357,8208.614,31269.343,6727.637000000001,8084.166,7470.375
5358,8304.141,33084.047999999995,7358.338,8093.722,7774.365
5359,8350.167,36024.918,8851.048999999999,8224.22,7942.512000000001
5360,8459.521,37341.832,12376.702000000001,8347.693,7533.602
5361,8787.965,36978.325,14154.375,8818.042000000001,7551.057
5362,9258.918000000001,36651.53,14288.179,9598.419999999998,6692.374
5363,9691.003,36526.15,14784.455000000002,10139.631,6491.216
5364,9900.998,36579.552,14658.662,10373.399,6579.4490000000005
5365,9614.596000000001,34745.993,14303.893,10361.959,6221.146000000001
5366,9208.239,34915.402,14689.205,10118.765000000001,6703.5869999999995
5367,9917.707,35756.512,14161.273000000001,9704.493,7013.739
5368,10307.660999999998,36432.424,13727.833999999999,9342.373,7146.602999999999
5369,10165.953,38570.651000000005,13320.718,8957.064,7770.621
5370,11715.276,40065.229999999996,12199.511999999999,8636.869999999999,8269.107
5371,13848.166,43820.906,12373.693,8753.962,9078.312
5372,13347.051,44895.91799999999,12390.237000000001,8787.048999999999,8992.688
5373,11379.602,44630.229999999996,12819.915,8663.283,8937.375
5374,9639.181,44685.103,12438.432,8572.429,8848.886
5375,8633.042000000001,43194.831,10696.424,8567.416,8749.262999999999
5376,8375.659000000001,40398.667,8743.877,8560.62,7850.343000000001
5377,7858.498,38218.247,7587.909,7935.7519999999995,6883.824
5378,7737.887,36399.630999999994,6764.5830000000005,7818.287,6631.643
5379,7701.901,35525.202000000005,6566.796,7799.781000000001,6031.383
5380,7540.434,35010.695999999996,6542.558,7752.603,5990.023
5381,7474.445000000001,34913.782999999996,6938.287,7708.08,6062.54
5382,7789.418,35773.667,7858.946,7753.787,6684.163
5383,7851.917,38267.097,9834.690999999999,7873.862999999999,6900.858
5384,8410.273,39467.406,11496.542000000001,8428.172,7071.485000000001
5385,8959.611,39768.340000000004,11935.403999999999,9418.829000000002,7303.338
5386,9212.163999999999,38830.961,12232.565,10210.751999999999,6813.111000000001
5387,9479.215999999999,37717.303,13422.219,10694.771,6895.873
5388,9609.041,36783.634000000005,14300.969,10985.085000000001,6975.161
5389,9553.775,34121.784,14202.073,11036.99,6824.55
5390,9504.463,34782.08,14555.562,10914.468,6640.214
5391,9321.734,36129.627,14576.844,10482.962000000001,7138.533
5392,9281.893,37672.286,14244.18,9912.583,7980.263
5393,10407.85,40283.069,13183.934,9276.033,8254.396
5394,11842.889,41671.219,12134.406,8881.348,8516.893
5395,14438.18,43864.054,13247.900000000001,8832.176,9149.062
5396,13484.378,45069.643000000004,12943.014000000001,8815.471,9096.898000000001
5397,11138.424,46367.483,12218.909,8838.556,9003.059
5398,9622.489,46181.399999999994,12044.583999999999,8731.329,8936.824
5399,8746.931999999999,43719.493,11365.053,8540.038,8665.292
5400,8145.741,40285.876,10260.380000000001,8635.82,7911.582
5401,7825.059,36609.206,8746.461,8660.052,7699.373
5402,7677.826,34838.281,7933.008,8355.421,7502.798000000001
5403,7543.296000000001,33911.00399999999,7669.24,8120.082,7544.638000000001
5404,7574.504000000001,33182.342,7608.831999999999,8065.065,7421.669
5405,7633.754,33484.721000000005,7517.34,8057.661999999999,7412.092000000001
5406,7659.130999999999,36214.761,7552.356,8062.449,7241.731
5407,8055.4349999999995,38438.639,9259.832,8204.82,7923.325
5408,8395.277,39231.712,11208.747,8819.654,8193.119
5409,8826.189,39460.021,12016.753,9581.631,8128.118
5410,8585.438,40084.881,11723.926,10167.085000000001,7958.265
5411,9221.15,40388.068,12295.280999999999,10680.284,7551.142
5412,9413.001,38634.833,14578.282000000001,10997.506,7155.302
5413,9207.446999999998,35838.225,15010.484,11003.882,6671.448
5414,9460.482,35909.394,15577.128,10847.161,6920.814
5415,9438.349,36652.447,15525.771,10337.878999999999,7936.493
5416,9833.794,36659.38,15866.432,9762.571,8212.380000000001
5417,10469.711,38712.873,15189.626,9109.73,8809.152
5418,12536.064,40392.045999999995,13544.234,8608.482,9124.622
5419,14994.952,43280.59,13888.731,8352.323,9698.328000000001
5420,13420.617999999999,45087.697,13999.218,8272.198,9715.394
5421,11503.891000000001,44886.728,13721.609,8294.277,9674.939
5422,10524.196,44349.988,13436.086,8226.483,9614.795
5423,10008.384,43679.227,11456.17,8091.281,9238.329000000002
5424,9377.248,40519.437000000005,9867.663,8095.579,8682.138
5425,8227.748000000001,37130.996,9601.934,8074.606,7602.969
5426,7380.831,35093.199,9450.028999999999,7999.744,7491.426
5427,7196.834999999999,33933.971,9056.49,7956.111,7407.867
5428,7005.289999999999,33385.071,8892.309000000001,7958.798000000001,7297.093000000001
5429,6900.258,33405.856999999996,9378.438,7967.834999999999,7236.1900000000005
5430,7173.592000000001,34989.037000000004,9711.114,8029.575000000001,7546.025
5431,7618.704999999999,38359.531,10165.6,8341.145,7596.348
5432,7941.066000000001,39475.23299999999,12090.009999999998,8759.482,7663.738
5433,8535.501,40513.630000000005,12691.409,9476.594,7678.082
5434,8984.865,40718.645,12810.394,10146.924,6735.673000000001
5435,9828.261,40197.388,13642.07,10455.776,6329.169
5436,10366.653,39230.638,14102.7,10586.805999999999,6290.392
5437,10287.806,36329.819,14561.803,10549.884,6160.079
5438,11317.738,35688.403999999995,14535.889,10514.999000000002,6234.191000000001
5439,12000.884,36198.445999999996,14691.081999999999,10228.701,6369.379
5440,12270.901000000002,36374.024,14661.375,9682.118999999999,7190.133
5441,11891.135999999999,38391.09,13961.523000000001,9087.931,7764.196
5442,12877.940999999999,41442.714,11956.068,8654.233,8806.487000000001
5443,14487.278999999999,44042.564,12606.328,8458.126,9730.026000000002
5444,12704.232,45708.738,12571.426,8450.444,9666.234
5445,10725.446,44843.742,12557.225,8458.096,9591.268
5446,9631.815,44640.861000000004,12356.271,8355.145,9381.737
5447,9134.331,42918.552,12388.599999999999,8273.811,8707.005000000001
5448,8822.708999999999,40086.37,11460.573,8250.141,7815.9220000000005
5449,8535.66,37585.710999999996,9548.103,7824.142,7560.6230000000005
5450,8180.992,36598.554000000004,8056.884,7599.473,7399.277
5451,7801.561,35993.41,7257.476,7561.255,7061.181999999999
5452,7864.5779999999995,34962.41,6896.985000000001,7567.15,6604.795999999999
5453,7988.402,34378.231999999996,6842.225,7586.09,6760.1849999999995
5454,8158.873,34399.37299999999,6824.883,7589.923,6920.095
5455,8350.254,34595.377,7717.915000000001,7669.726,6644.32
5456,8627.720000000001,33940.433000000005,10909.945,8051.294,6264.982
5457,8886.832,34200.587,12259.179,8534.741,6239.561
5458,9025.633,33398.339,13145.510999999999,9116.897,5920.946
5459,9331.94,31996.803,13980.993,9615.44,6037.392
5460,9406.582999999999,31683.989,14387.702,9881.393,6087.12
5461,8896.990000000002,31162.004999999997,14559.332999999999,9894.242,6071.994000000001
5462,8625.732,30655.906000000003,14656.938000000002,9566.829000000002,6051.251
5463,8134.128,30374.788,15181.554,9114.548999999999,6316.812
5464,8307.023,31075.267,15457.902,8658.581,6772.621
5465,8616.477,33290.516,14457.434000000001,8333.586,7686.818
5466,10022.300000000001,40193.432,11746.895,7986.597,8335.563
5467,12063.466,43772.941,12843.036999999998,7800.898,9367.443
5468,10741.744999999999,44110.686,12545.524,7796.9710000000005,9408.996
5469,9509.292000000001,43512.97,11166.8,7750.012999999999,9226.183
5470,8855.347,42301.871999999996,10259.591,7611.9220000000005,8905.339
5471,8725.748,39968.67999999999,9704.273000000001,7595.465,8376.619
5472,8348.723,38231.519,8566.880000000001,7595.028,7966.005
5473,7922.437999999999,36959.46,6813.803,7534.186000000001,7662.492
5474,7202.174999999999,35705.375,6354.741,7439.29,7082.585999999999
5475,6953.191,34824.644,6176.082,7398.393,6346.623
5476,6805.474000000001,34137.811,6133.6759999999995,7354.511,6015.884
5477,6694.363,33675.387,6123.326999999999,7336.554,6052.9529999999995
5478,6737.205,32711.099000000002,6058.9619999999995,7349.027,6694.844
5479,6696.831,31106.188,6515.780000000001,7493.307,7147.449
5480,6437.018999999999,29950.171,8104.609,7825.916,7142.764
5481,6745.567000000001,28630.448,9333.552,8464.289999999999,6621.95
5482,7214.43,26965.147,10568.714,9048.7,6313.772999999999
5483,7997.241,25702.563000000002,11582.086,9469.662,6344.579
5484,8651.614,25968.032,11948.633,9717.384,6660.634
5485,8721.864,25776.866,12025.747,9770.438,6456.451999999999
5486,8611.427,25365.415999999997,11686.342,9692.208,6315.085999999999
5487,8004.245,25847.879999999997,11261.458,9188.612000000001,6144.816000000001
5488,7728.414999999999,27665.690000000002,11089.984,8591.759,6476.448
5489,7685.839,32032.593000000004,10798.716,8141.191,7244.168
5490,9346.092999999999,37605.04,9196.198,7824.2,8689.898000000001
5491,11390.033,41223.06999999999,11251.190999999999,7683.872,9469.867999999999
5492,10029.777999999998,41966.808000000005,11428.031,7681.468,9477.829000000002
5493,8896.08,41641.382,10940.639,7573.834,9602.856
5494,8500.253,41096.983,10241.48,7498.076,9541.579000000002
5495,8493.419,40112.085,8640.455,7486.162,9100.496
5496,8299.015,38432.912,7265.144,7428.325,8323.728
5497,7790.06,36820.833000000006,6948.254,7366.153,6962.833
5498,7628.27,35411.401,6600.174999999999,7344.6849999999995,6602.845
5499,7610.363000000001,34634.972,6433.599,7342.205,6140.405
5500,7567.352,34085.897999999994,6409.098,7337.249,6004.460999999999
5501,7495.4439999999995,34514.291000000005,6428.22,7352.153,6056.146000000001
5502,7873.453,36110.541999999994,6810.218,7349.03,6813.659
5503,8136.588,37928.857,8764.438,7530.246000000001,7778.236999999999
5504,8638.065,37653.517,11788.973999999998,8014.325000000001,7803.164
5505,9391.417,37162.41499999999,13817.455,8791.099999999999,7624.518
5506,9944.395999999999,37478.878,14633.475,9271.078,6665.860000000001
5507,10044.583999999999,37719.816,15627.683,9587.221,6437.947
5508,10181.634,37821.263,15863.811999999998,9823.95,6417.593000000001
5509,10039.851999999999,36864.348,15388.508999999998,9832.702,6013.956
5510,10264.355,37485.316999999995,15646.158,9658.716,6561.755
5511,9952.260999999999,37925.429000000004,16843.150999999998,9249.779,7281.5289999999995
5512,9987.516,38214.055,17724.084000000003,8631.471,7616.714
5513,10202.419999999998,39302.242,17008.535,8143.526,8315.223
5514,12573.232999999998,41290.862,13210.742,7782.119000000001,8692.813999999998
5515,15093.694,43786.566999999995,13097.798999999999,7627.097000000001,9469.582
5516,13499.778,45990.013000000006,12494.988,7625.187,9706.668
5517,11476.245,46437.893,12237.844,7557.152,9771.579
5518,10661.422,45771.013000000006,12013.957999999999,7448.656,9662.974
5519,9835.396999999999,43551.551999999996,11362.948,7443.412,9380.885999999999
5520,9483.858,40531.412,9771.555,7445.559,8644.625
5521,8751.703,37503.24800000001,9707.989,7740.097,6362.934
5522,8231.175,35760.785,10275.998,7760.698,5217.174
5523,7888.891,34802.374,10134.006000000001,7808.3859999999995,4800.967
5524,7956.705,34347.328,10005.026,7818.3769999999995,4590.076999999999
5525,7939.473000000001,34388.977,9993.212,7779.608,4861.48
5526,8498.045,35170.577,10599.691,7848.364,5428.049
5527,9396.104,36344.652,11326.213,8054.215999999999,7105.08
5528,9769.899000000001,37841.505999999994,12351.989,8536.982,7367.4619999999995
5529,10219.922,38840.894,12619.381,9239.839,7398.483
5530,10429.077000000001,37880.306,14149.891,9951.467,6826.275
5531,10861.009,37665.397,15520.478,10390.02,6634.742
5532,10897.643,37545.947,15635.515,10536.498,7335.397999999999
5533,10495.865,35401.576,15653.133000000002,10468.336000000001,6999.523
5534,10520.228,36485.429000000004,15857.877,10256.97,7100.933999999999
5535,10298.119,37821.116,16751.622000000003,9749.766,7596.235
5536,10011.524,39058.488999999994,17206.342,9252.344000000001,7868.373
5537,10387.765000000001,40652.253000000004,16895.131,8680.313,8139.225
5538,12207.202,42459.7,13676.765000000001,7862.222000000001,8654.725999999999
5539,13947.894,45393.044,13537.14,7542.005,9262.105
5540,12308.723999999998,47259.668999999994,13147.604,7550.34,9305.726999999999
5541,10785.605,46710.081,13484.42,7534.179999999999,9522.491
5542,9952.304999999998,46239.116,13500.617,7366.492,9203.092
5543,10008.276,43631.135,12863.1,7361.727,8038.118
5544,9339.669,39829.933000000005,12647.137999999999,7361.603,7373.838000000001
5545,8341.750999999998,37343.736,12421.49,7151.632,6501.723
5546,8068.454000000001,35365.247,12144.256,6915.003,5712.989
5547,8118.194,34603.782,11112.384,6909.18,5537.85
5548,8103.968,34527.138,9996.548999999999,6899.562,5563.183999999999
5549,8170.84,34434.406,10162.141,6898.396,5560.584000000001
5550,8255.082,35420.202000000005,11371.688,6908.354,5879.4349999999995
5551,9070.5,37990.58,11694.326,7070.320000000001,6530.072
5552,9546.687,39937.514,12669.507,7583.983,6785.719999999999
5553,10205.705,39482.306,14122.339,8379.264000000001,7051.517
5554,10502.793,36406.274999999994,16635.296000000002,8953.689999999999,7220.123
5555,10787.758,36630.668,16236.735,9364.238000000001,7746.555
5556,11246.939,37313.89,16491.021,8921.291000000001,7399.108
5557,10755.701,36716.774,16299.68,8562.85,6813.642
5558,10850.714,37155.022,17183.965,8139.744,7505.755
5559,11870.285,37427.511,17539.093,7747.467,7983.719
5560,12235.315999999999,38272.808000000005,17867.69,7125.311000000001,8001.807
5561,12489.686,39774.913,17319.575,6397.7699999999995,8195.495
5562,14997.139,40588.172,13924.319000000001,5991.171,8852.575
5563,17369.995,42758.168999999994,13932.064,5961.747,9198.399000000001
5564,14662.764000000001,44964.99599999999,14088.985,6066.889999999999,9206.133
5565,11520.939,46584.556,14030.0,6113.134,9325.544999999998
5566,11243.629,46389.546,13139.306,6270.028,9033.332
5567,11050.369999999999,44323.893,12512.703000000001,6125.303,8348.190999999999
5568,10577.616999999998,40447.529,12615.744999999999,6276.539,7319.0560000000005
5569,9216.525,37545.308,12428.829000000002,6681.456,6314.723
5570,8497.226,35921.586,11784.256,7187.828,5307.539
5571,7930.205,35534.849,11296.679,7366.344,4811.005999999999
5572,7844.73,35329.028,10791.75,7375.832,4732.434
5573,7773.573,35691.106,10504.82,7391.263,4792.383
5574,7856.077,36575.17600000001,11391.695000000002,7403.988,5517.9
5575,8643.526,38529.615,11928.672999999999,7539.895,6672.2
5576,9011.582,39166.868,14514.114,8039.703,6521.450000000001
5577,9359.170999999998,38816.081000000006,15616.585,8776.982000000002,6821.110000000001
5578,9816.329,38196.717,16184.229000000001,9499.752,6536.823
5579,10243.528999999999,37890.913,16431.515,10038.357999999998,6666.944
5580,10585.046,37331.554000000004,16471.161999999997,10228.489000000001,7238.331999999999
5581,10185.103,36561.075,16439.936,10126.562,6460.746999999999
5582,10094.118999999999,38102.223,16959.648999999998,9977.684,7090.629
5583,9706.919,40414.443,17515.744,9473.480000000001,7729.867
5584,9445.419,41453.941,18207.397,8768.11,8109.007
5585,10131.429,41908.452,18368.81,7985.348,8259.942
5586,12572.474,43653.835,14609.769,7549.17,8592.061000000002
5587,14628.778,45809.403,14370.679,7409.893,8944.893
5588,12408.006000000001,48081.081000000006,14108.184000000001,7403.5380000000005,8862.752
5589,10938.405999999999,47736.069,14029.124,7410.326,8760.880000000001
5590,10341.687999999998,47175.067,13767.913,7413.644,8789.551
5591,10295.807,44456.159,13334.795,7369.605,8637.349999999999
5592,9763.99,41222.507000000005,12973.74,7346.021,7774.358
5593,9069.624,38121.785,12357.103,7350.41,6150.623
5594,8744.481,37061.331999999995,11763.149,7404.816,4951.015
5595,8280.825,36617.35,11087.516,7290.620000000001,4843.3009999999995
5596,8031.127,36151.700000000004,10645.469000000001,7295.187,4948.6849999999995
5597,7995.902999999999,35904.263,10612.189,7292.3009999999995,5476.558
5598,8187.326999999999,36582.992,10795.809,7874.36,6137.543
5599,8925.63,37883.221,11818.612000000001,7973.386,6708.616
5600,9262.758000000002,38641.573,14445.598,8523.473,6861.685
5601,9805.099,40094.702,14462.046000000002,9324.507,6921.102
5602,10700.074999999999,39776.084,14808.246,9967.956,6382.475
5603,11120.777,39931.819,16189.972000000002,10020.474999999999,6023.114
5604,10862.981,40049.615000000005,16814.506,10280.737,5982.412
5605,10899.849999999999,38687.271,16301.806,10132.060000000001,5902.4
5606,10900.58,39599.803,16314.009,9958.368,6612.794
5607,11037.682999999999,39390.797999999995,17016.95,9483.824,7967.798999999999
5608,11098.403,39382.979,17877.626,8746.015000000001,8549.48
5609,11124.903999999999,41170.824,17213.533000000003,7968.347,8496.514
5610,12388.025999999998,42932.303,14365.176,7485.83,8848.313
5611,13513.254999999997,45776.924,14425.538,7368.219999999999,9314.813999999998
5612,11634.834,47139.369,14135.095000000001,7450.8730000000005,9390.993
5613,10203.669,46565.772000000004,14198.691,7492.808,8742.455
5614,9710.313,46046.272,13795.034,7482.478999999999,8686.289
5615,9536.938,44599.955,13358.456999999999,7404.15,8051.851000000001
5616,9114.744,42223.503,12490.47,7296.009,7545.253
5617,8605.296,39908.234000000004,12128.345,7393.378,6653.177
5618,8180.66,38062.315,11423.512,7697.016,5744.385
5619,7951.035,37112.257,10830.732,7968.33,5124.493
5620,8009.826,36926.704,9927.195,7957.698,4725.535
5621,7819.422,36415.58900000001,9791.381000000001,7953.726000000001,4731.0380000000005
5622,7906.8859999999995,35649.325000000004,10215.61,7966.275999999999,5090.179
5623,7760.28,34777.51500000001,10761.662,8146.833,5763.656
5624,7788.358999999999,35486.721,12687.122,8249.651,5656.875
5625,8010.122,36452.181000000004,13415.611,8819.964,5488.3099999999995
5626,8197.741,36947.569,13413.762999999999,9502.688,5358.436
5627,8450.327,37465.511,13940.758999999998,9841.631,5355.709
5628,8788.97,37542.802,14095.369,10088.657,5473.416
5629,8642.613,36460.638999999996,14493.489,10119.086000000001,5435.305
5630,8573.152,35777.403999999995,15090.919,9827.16,5442.968000000001
5631,8477.168,35712.329,15561.505,9468.778,5433.618
5632,8606.028,36952.377,15438.298,8869.615,5810.385
5633,9458.479000000001,38480.945999999996,14450.713,8214.793,6772.148999999999
5634,10948.407,40522.137,13492.778,7993.525,7695.688
5635,13395.387,42273.53,14280.586,8201.73,8526.695
5636,11449.945,43505.581,14310.405999999999,8238.440999999999,8376.772
5637,9022.52,43859.65800000001,13645.466,8341.856,8232.559000000001
5638,8437.725999999999,42961.097,12847.123,8216.154,8033.646
5639,8309.485999999999,40807.588,12626.884999999998,7938.141,7804.478
5640,7892.135,38400.89,11384.611,8532.127,7356.519
5641,7719.739,36713.835,10752.811,7780.254999999999,6790.6179999999995
5642,7175.894,35764.134,10343.752,7289.88,6011.951999999999
5643,7067.0160000000005,34881.506,9499.998,7247.932,5599.516
5644,6980.868,34200.056,8805.112000000001,7226.974,5393.457
5645,6823.52,34052.548,8186.33,7217.1939999999995,5255.3330000000005
5646,6786.119,33388.087999999996,8129.652,7231.4400000000005,5452.015
5647,6666.684,33280.156,8427.794,7401.803,4890.648999999999
5648,6067.16,33841.445,9424.163,7837.623,4170.195
5649,6378.478999999999,32670.300000000003,10483.349,8549.324999999999,3886.4350000000004
5650,6981.818,31370.882999999998,11672.192000000001,9230.708999999999,3792.2309999999998
5651,7913.699999999999,30209.972,12410.104,9779.453,4209.071
5652,8717.724,30484.909,12782.632000000001,10155.308,4298.687
5653,8730.657,30101.534000000003,12866.880000000001,10192.881,4042.5510000000004
5654,8509.810000000001,29382.822,12571.212,9897.319,4193.615
5655,7914.802,29200.629,12603.973,9393.329000000002,4525.75
5656,7421.606999999999,29697.117,12726.918000000001,8813.095,5785.299
5657,7791.397999999999,31253.413000000004,13557.42,8286.553,6416.791
5658,8936.304,37123.044,11497.482,7970.86,7853.389
5659,11428.443,41814.701,11658.629,8036.943,8309.95
5660,10391.544,42952.131,11868.58,8054.993,8013.11
5661,9120.763,43434.721,11477.617,7953.218,7760.124
5662,8546.139,42050.725000000006,11374.397,7843.707,7650.759
5663,8352.603,39512.755000000005,10784.286,7857.286,7661.428
5664,7703.557,37604.466,9576.925,7855.492,7420.461
5665,7233.463,36301.731,8169.553,8003.249,6833.393
5666,6917.95,34929.523,7995.433999999999,8340.229,5762.403
5667,6799.742000000001,34802.684,7348.709000000001,8505.862,5084.3099999999995
5668,6573.416,34977.130999999994,7042.883,8507.616,4795.655
5669,6773.327,34738.915,7482.807000000001,8504.607,4884.9490000000005
5670,7274.385,36109.9,7979.805,8518.426,5455.173000000001
5671,7999.5599999999995,37989.077000000005,9173.767,8634.288,6559.117
5672,8580.971,37122.567,12432.697,8558.911,7023.39
5673,9290.689999999999,37323.6,14101.894,9219.356,7273.037
5674,9541.342,37204.416,15524.132,9883.983,6606.7
5675,10116.829,37310.149000000005,16455.675000000003,10576.34,6289.986000000001
5676,10538.094,37345.935,15592.287,10938.167,6720.037
5677,10430.233,35975.016,15381.796,10975.513,6071.401
5678,10321.678,36274.689,16495.137,10724.704,6440.530000000001
5679,10324.803999999998,37329.33,17326.779000000002,10346.403999999999,6681.621999999999
5680,9872.702000000001,38288.385,17932.733,9673.261,7122.031999999999
5681,9513.358,40549.814,17369.753,9367.087000000001,7670.412
5682,10083.68,43963.988000000005,13646.841,9179.019,8045.903
5683,11655.607,47064.651,13107.363000000001,9130.614,8666.261
5684,10224.282,48518.87100000001,13016.131,9138.662,8772.289
5685,8741.74,48676.22,12935.337,9106.451000000001,8457.583999999999
5686,8557.025,47078.087,13151.44,8985.584,8442.662
5687,8106.169999999999,44286.691999999995,12492.545,8848.027,8282.501
5688,7759.352,40884.729,11039.417,8848.412,7689.196
5689,7298.249,38468.096,9245.447,8550.3,7556.009
5690,7178.964,36979.587999999996,7884.384,8490.761,7509.287
5691,7015.465999999999,36164.356,6710.804,8442.633,7565.064
5692,7091.1720000000005,35635.89,6315.15,8450.030999999999,7372.298999999999
5693,7113.656,36064.054000000004,6465.9,8446.83,7269.256
5694,7340.17,37042.937,7831.128000000001,8460.449999999999,7557.548999999999
5695,7442.41,39048.852,9997.144,8658.055000000002,7769.6720000000005
5696,7757.498,38169.892,14015.939,9282.037,7988.834
5697,8565.916,38675.328,14363.033,10018.133,8268.539
5698,8945.970000000001,39066.531,13978.296999999999,10641.595,8493.943
5699,9329.465000000002,39514.26699999999,14361.615000000002,11083.653,8642.644
5700,9604.268,39544.792,14811.948,11449.521999999999,8581.95
5701,9189.99,37552.824,14618.217,11580.58,8182.515
5702,9013.631000000001,38107.368,15193.213,11379.09,8520.701000000001
5703,9037.704,39760.855,15360.13,10847.618,8417.518
5704,9336.8,40646.201,15168.894,10165.476999999999,8557.719000000001
5705,9118.554,41309.76,15828.327,9626.261,8010.791
5706,9965.494,43400.808,13506.23,9021.901000000002,8095.094999999999
5707,11527.608,46990.258,13134.034,8821.286,8780.405
5708,10578.243,47796.69799999999,13607.205999999998,8909.471,8851.759
5709,8497.234999999999,48434.664,13393.612000000001,8907.844,8610.375
5710,8050.084000000001,47648.821,13170.858,8883.902,8529.432
5711,7962.357000000001,44353.950000000004,12922.706999999999,8807.816,8189.987999999999
5712,7734.978,40381.093,11522.961,8789.345000000001,7870.1089999999995
5713,7642.253000000001,37992.476,9701.24,8215.161,7520.45
5714,7614.418999999999,36185.181000000004,8266.395,8106.931,7355.713
5715,7525.801,35393.065,7361.249,8087.165000000001,7140.259
5716,7116.112,34866.725999999995,7311.959,8097.017,7148.37
5717,7026.409,35184.464,7394.058,8097.453,7223.505
5718,7165.553,36323.09299999999,8459.009,8121.110000000001,7417.126
5719,7772.348999999999,38531.450000000004,10030.782,8343.572,7548.068
5720,7840.369,38580.914,12802.711,8876.207,7682.799000000001
5721,8203.984999999999,39811.784,13035.869,9602.789,7622.501
5722,8504.489,38788.71,14411.996,10285.372,6947.318
5723,9149.643,38563.382,15060.735,10662.139,7054.899
5724,9607.107,37714.606,15174.368,11027.742,7745.539
5725,9395.431,36324.695999999996,14369.394,11081.283,6970.227
5726,9245.999999999998,36467.809,14937.239999999998,11032.775000000001,7736.071
5727,9107.012999999999,36996.293,15654.661,10704.026000000002,8070.159000000001
5728,8843.931,37771.69499999999,16722.59,10049.531,7840.273999999999
5729,9126.738000000001,39297.745,17840.545,9347.155,8010.629
5730,10951.126,41500.456999999995,14799.859,8845.598,8174.675
5731,12501.086,45744.93699999999,13941.544999999998,8737.069000000001,9039.864
5732,11608.246000000001,46674.704,13601.752,8694.028,9015.597
5733,9664.211,46851.027,13448.008,8735.793,8816.775
5734,8814.042,46538.112,13081.492999999999,8618.577,8688.212
5735,8775.774,44346.111000000004,12519.548,8559.669,8188.389
5736,8182.974,40421.702,11842.878999999999,8492.548999999999,7964.366
5737,7763.543,38045.253,10235.84,8119.544999999999,7726.998
5738,7593.344999999998,37408.166,8226.718,7947.147,7281.617
5739,7467.424,37076.523,7126.469,7891.351000000001,6730.308
5740,7427.371,36595.957,6736.124,7851.824,6705.49
5741,7433.2390000000005,36426.688,6797.273,7854.592,6892.898999999999
5742,7761.471,37849.082,6984.951,7849.276,7488.154
5743,8033.963999999999,39889.098000000005,8796.22,8087.235,7629.457
5744,8320.582999999999,38833.361,11892.711,8600.779999999999,7621.446
5745,8618.912,38704.019,13104.833999999999,9326.235,7546.165
5746,9009.257,38360.058000000005,14071.401999999998,10017.864000000001,6626.131
5747,9314.961000000003,38618.03,15013.35,10410.427000000001,6527.602000000001
5748,9418.162,38745.886,15242.468,10582.982,6758.514999999999
5749,9139.918000000001,36872.615,14762.014,10606.445,6656.032
5750,9067.06,37126.589,15304.579,10489.750000000002,7579.833
5751,9019.173,37669.522,16325.254,10020.303000000002,8320.735
5752,8743.373,38819.236000000004,17554.628,9289.007,8356.661
5753,9640.932999999999,40910.883,17248.222999999998,8526.335,8183.638
5754,10603.357,44161.903999999995,13854.005000000001,8138.669,8363.505
5755,12196.589,47307.475999999995,13615.751,7979.66,8595.182
5756,11259.133999999998,48795.505000000005,13146.471,7972.395,8523.541000000001
5757,9756.678000000002,48772.76699999999,12858.175000000001,7944.242,8419.125
5758,9010.004,48717.524,12747.562,7845.4130000000005,8341.228
5759,8716.892,45946.977,12597.504,7844.354,8026.965
5760,8164.8859999999995,41942.492,12076.035,7819.737999999999,7566.785
5761,7766.638999999999,38663.604,10895.409,7702.665,7649.561
5762,7545.561,36897.079999999994,9395.492,7604.868,7678.5689999999995
5763,7611.594,35557.65700000001,8469.946,7609.808,7685.4529999999995
5764,7505.39,34933.204,7931.062,7602.123,7790.262000000001
5765,7468.87,34677.268,8339.816,7604.530000000001,7822.708
5766,7885.767,36040.97,8953.165,7616.977,7789.224
5767,8018.233,39185.139,9643.072,7796.855,7887.4619999999995
5768,8621.559000000001,39772.016,11293.868,8260.598,8131.573
5769,9065.814,39700.325,13084.317,8943.416,8253.942
5770,9267.549,39313.752,14213.755000000001,9656.954,8176.643
5771,9968.487000000001,38619.885,15295.276,10202.339,8015.725
5772,9967.395,38795.216,15483.632000000001,10514.465,7979.47
5773,9464.574,37335.708,14877.621,10553.361,7489.246999999999
5774,9557.242,37564.553,15389.468,10151.661,8056.969999999999
5775,9534.511999999999,37681.029,16450.415999999997,9591.056,8189.817
5776,9297.902,39198.602999999996,16205.916000000001,8871.715,8219.501
5777,9585.187,41016.885,15090.18,8201.871000000001,7979.700000000001
5778,10660.831,43722.147999999994,13196.07,7820.3189999999995,8024.501
5779,12493.698999999999,45981.893,13391.130000000001,7758.688,8920.082
5780,10427.954000000002,47733.047,13395.367,7762.828,8927.189999999999
5781,9621.804000000002,46693.481,13165.513,7606.6939999999995,8910.189999999999
5782,8942.958,46528.696,12639.641000000001,7536.821,8815.175
5783,8665.568,45175.596999999994,11877.273000000001,7580.707,8304.449
5784,8251.288,42894.33,10874.367999999999,7581.312,7354.344999999999
5785,7908.087,39673.212,9699.544,7513.929,7358.701999999999
5786,7898.896000000001,37453.388999999996,8941.901,7425.493,6863.035
5787,7808.626,36752.769,8475.066,7317.923000000001,6214.335
5788,7417.768,36745.263,7921.483,7306.811000000001,6071.106
5789,7549.588000000001,36520.604,7888.8099999999995,7317.148,5931.048000000001
5790,7618.002,35819.852,8354.235,7332.86,6284.23
5791,7620.794,34502.247,8742.387,7473.526,7370.128
5792,8029.129000000001,34439.261,9968.824,7788.529,7466.182000000001
5793,8381.949,34697.102999999996,10334.487000000001,8448.149,7494.795999999999
5794,8495.992,33902.592,11001.849,9087.072,7373.540000000001
5795,8958.635,32753.364999999998,11930.993,9611.712,7569.791
5796,9211.287999999999,31937.449,12763.319,9950.955,7499.25
5797,9194.717,31114.060000000005,12731.356,9861.690999999999,7424.184
5798,8953.084,31057.340000000004,12354.866999999998,9558.718,7507.787
5799,8557.701000000001,31034.252,12391.653999999999,9017.806,7914.986999999999
5800,8488.993,31417.636,11665.9,8345.791,8241.873
5801,8340.466,33706.472,12257.237000000001,7721.699,7868.4400000000005
5802,10732.725000000002,36816.892,12748.252,7356.610000000001,8135.487
5803,13311.015,41385.44,13639.108,7224.932,8495.523000000001
5804,11166.946000000002,43230.18,13388.585,7220.107,8387.451
5805,9664.789,43501.573000000004,11410.655999999999,7205.667,8377.859
5806,9254.925,42242.070999999996,10196.434000000001,7106.1,8322.857
5807,8833.55,40183.564,9836.956,7093.105,8158.554
5808,8234.641,38669.32399999999,9368.037,7083.15,7431.524
5809,7895.509999999999,37367.192,8222.452000000001,6949.223,6850.236999999999
5810,7495.6669999999995,35959.801,7637.6630000000005,6884.878,6422.923
5811,7297.092,35138.802,7159.552000000001,6885.12,6277.143
5812,7143.715999999999,34305.744000000006,6897.869000000001,6889.950000000001,6262.3279999999995
5813,7098.972,33784.797,6699.915999999999,6901.375,6259.687
5814,7214.296,33635.21,6337.8060000000005,6905.854,6165.602
5815,6801.8820000000005,33215.864,6775.577,6961.532,5595.8060000000005
5816,6603.126,31947.734999999993,7790.262,7439.412,5167.402
5817,7670.037,28730.223,8609.587,8255.96,5304.209
5818,7840.032999999999,26616.251000000004,10259.229,8918.565,5445.489
5819,8384.735999999999,26401.176,10717.669999999998,9432.54,5643.245999999999
5820,8899.154,26839.239999999998,10979.64,9750.126,5775.25
5821,8982.61,26531.889,11198.747,9711.935,5851.294
5822,8800.936,26271.592,11085.879,9446.165,5825.465
5823,8597.698,26459.705,10995.71,9025.626,5929.396000000001
5824,8680.645999999999,28020.754,10964.739,8294.460000000001,6083.965
5825,8152.332,31583.460000000003,11162.128999999999,7592.231,6710.236
5826,10097.665,35546.301,10610.717999999999,7180.905,7901.6
5827,11882.709,39678.151,11723.301,7125.365000000001,9244.681
5828,10584.643000000002,41298.945999999996,11818.396,6727.25,9301.015
5829,9153.444000000001,42169.888999999996,12156.466,5432.4529999999995,8972.987000000001
5830,8707.689,41888.526000000005,11876.967,5330.172,8550.669
5831,8553.126,40631.637,11000.759,5248.299999999999,8135.1630000000005
5832,8144.286,38753.981999999996,9557.522,5260.221,7725.971
5833,7527.886,37436.523,8144.215,5214.473,7458.641
5834,7360.402999999999,35766.273,7529.504,5197.24,7433.776
5835,7136.263,34693.141,7455.344999999999,5185.9439999999995,7426.8099999999995
5836,7156.572,34313.164,7178.366,5190.805,7475.647999999999
5837,7184.464000000001,34254.634,7699.11,5188.874,7401.989
5838,7266.842000000001,35800.6,8612.824,5208.519,7519.341
5839,7311.240999999999,37922.71000000001,10286.456999999999,5358.189,7777.52
5840,7772.866,37839.559,12490.571,5909.416,8015.718
5841,8382.829,39698.304000000004,12488.928,6560.871999999999,8335.298999999999
5842,9014.587,41475.054000000004,11623.844000000001,7031.202,8445.253
5843,9504.027,42521.14200000001,12449.222000000002,7453.97,8752.482
5844,9842.44,42579.079,13025.028999999999,7931.664000000001,8634.323
5845,9644.694000000001,40614.804000000004,12986.254,8030.311000000001,8217.612000000001
5846,9563.351,41819.767,13183.3,7763.636,8808.804
5847,9423.39,41962.945999999996,14686.045,7352.780999999999,8949.817
5848,9122.026,41568.19,16204.648,6785.801,8776.331
5849,9683.776,42672.996,16614.923,6184.469,8075.601
5850,11191.815,44870.157999999996,13389.844000000001,5857.374,8283.706999999999
5851,12586.164999999999,46853.46000000001,13630.398,5780.917,9098.457999999999
5852,11282.371,47911.026,14189.115,5790.490000000001,9167.31
5853,10091.106,48081.41099999999,14264.529,5909.842000000001,8832.411
5854,9178.634999999998,48632.431000000004,13318.304,5871.896,8694.667000000001
5855,8273.011,47061.868,12535.703000000001,6018.718999999999,8464.355
5856,7595.997,42434.80500000001,12444.131,6114.477,8137.029
5857,7267.74,38852.812000000005,11602.41,6281.379999999999,7753.629
5858,7173.166000000001,37461.456000000006,9993.364,6380.546,7678.46
5859,7288.913,37031.555,8322.824,6508.986000000001,7463.93
5860,7002.335,36495.714,7526.521000000001,7336.530000000001,7373.171
5861,6720.911999999999,36790.811,7272.781,7685.039,7510.619000000001
5862,6730.279999999999,38114.997,8363.546,7402.578,7693.43
5863,7144.435,40267.32000000001,9852.956,7283.077,7828.172
5864,7649.884,40087.39,12315.544,7785.934,7880.396
5865,8305.753,41216.236000000004,12432.044999999998,8399.037,8123.976000000001
5866,8579.428,41347.37699999999,13401.048999999999,8855.4,7958.811
5867,8766.115,40996.809,14509.178,9357.634,7830.6630000000005
5868,9020.115,40937.133,14495.488,9746.453000000001,7683.6759999999995
5869,9020.935,39301.134999999995,14585.389,9222.989,7669.693
5870,8981.18,41432.787,14811.329,8901.007,7765.573
5871,9097.968,43392.167,14549.267,8540.2,8003.459999999999
5872,8629.476,44633.004,14710.462,7994.670999999999,8167.7880000000005
5873,8291.550000000001,46088.827000000005,15410.381000000001,7355.004000000001,7904.685
5874,10045.027,46636.947,13287.545999999998,6946.6630000000005,8318.417
5875,12162.807,48863.818,13187.848,6811.862,8894.706999999999
5876,10973.392,49341.433,13796.965,6829.422,8971.891
5877,9628.014,49302.871999999996,13568.767,6808.697,9028.498
5878,8922.566,49016.276999999995,13039.723999999998,6677.011,8968.796
5879,8647.388,46409.851,12418.055,6678.469,8572.95
5880,8156.558,42532.097,11959.900000000001,6685.26,7986.549999999999
5881,7535.393999999999,39402.91,10842.478,6659.383,7922.418000000001
5882,7364.6720000000005,36439.22,10627.972000000002,6676.714,7797.918
5883,7249.308999999999,35670.232,9447.993,6862.842000000001,7858.367
5884,7099.089999999999,35157.01,9015.761999999999,6943.288,7893.303
5885,7124.107,35580.713,9127.596000000001,6573.271,7810.138000000001
5886,7201.102,37416.175,9322.254,6596.703999999999,7998.49
5887,7186.936,39943.218,10217.508,6814.945000000001,8221.014
5888,7900.372000000001,39184.098,12779.097,7432.213,8358.047
5889,8596.247,39821.685,13349.403000000002,8090.247,8374.546
5890,8843.327,40444.989,13187.483,8751.565999999999,8196.957
5891,9301.017,41225.638999999996,13600.914999999999,9113.315,7959.796
5892,9746.168000000001,40832.795999999995,13671.18,9358.549,7863.479
5893,9547.535,38906.348,13241.125,9357.833999999999,7829.851
5894,9544.002,39676.276999999995,13788.849,9268.425,8291.904
5895,9414.356,43037.357,13304.732,8792.426,8470.229
5896,9263.242,44287.095,13622.526000000002,8328.610999999999,8519.053
5897,8816.865,45626.615,14586.563,7799.668000000001,8455.083999999999
5898,10317.588,47186.018000000004,12720.501,7513.705,8337.314999999999
5899,12362.267000000002,49281.303,12964.148,7378.839,8991.839
5900,11449.813,49924.941000000006,13280.429,7370.682,9067.598
5901,9397.563,49974.913,13409.696,7372.0599999999995,9080.595
5902,8617.03,49030.491,13833.286,7278.3640000000005,8935.744999999999
5903,8354.59,46633.67,12661.594000000001,7296.522,8668.407
5904,8471.264,42641.047,11695.432999999999,7290.448,7832.852999999999
5905,8082.745000000001,39485.091,10913.976999999999,7237.285,7569.383
5906,7891.559,37870.245,10511.207,6587.196,7430.467000000001
5907,7543.37,36930.431,9849.676,6561.796,7423.6939999999995
5908,7550.937,36843.792,8812.986,6557.362999999999,7600.986
5909,7739.777,36453.912,8715.098,6680.290999999999,7850.463
5910,7427.0019999999995,38692.676,9069.502,6639.371999999999,8043.258000000001
5911,7281.417,40702.913,10174.049,7337.217,8257.127
5912,7573.266,38129.802,14015.331,7976.497,8376.029
5913,7892.223999999999,39458.31,13632.441,8672.812,8731.628
5914,8212.142,40284.755,13230.361,9275.995,8667.255000000001
5915,8518.257000000001,41552.854,13593.635999999999,9782.561,8477.084
5916,8748.886,41778.083,13989.093,9849.095,8470.553
5917,8832.593,41166.575,13936.33,8891.673,7959.442
5918,9206.851999999999,41477.257999999994,15335.18,8674.933,8161.811000000001
5919,9131.834,41851.122,17226.402000000002,8084.486000000001,8313.199
5920,8875.974000000002,42400.177,17991.679,7369.62,8256.384
5921,8843.614000000001,44266.88900000001,18071.933,6495.2,7968.321
5922,10246.217,46990.458,14768.595000000001,6118.415999999999,8163.939
5923,12367.837000000001,49893.16900000001,14312.836,5936.089,8954.444
5924,10729.045,50966.318999999996,14560.05,5956.237,9041.164
5925,8998.98,51128.23099999999,14760.601999999999,5929.293,9000.41
5926,8541.673,50651.077,14319.682,5788.382,8914.271
5927,8481.517,48569.852999999996,13320.242999999999,5712.819,8593.491999999998
5928,8152.878,45113.605,12771.301,5732.43,7657.717
5929,7652.4349999999995,41814.166000000005,11800.048,5724.815,7079.525
5930,7685.668,38678.935,11264.639,5711.811000000001,7061.445000000001
5931,7645.526,38336.024,9582.285,5742.449,7043.689
5932,7780.639,37887.139,8570.056,5828.133,7111.518
5933,7760.52,37870.070999999996,8595.839,5841.947,7123.804
5934,7715.2119999999995,39887.24,8639.58,5864.485,7606.882
5935,7771.068,41564.11400000001,10341.371,6147.209999999999,7650.839
5936,7712.436000000001,40272.494000000006,14435.842,6790.794,7676.516
5937,7813.494,40143.719,16362.841,7598.247,7207.103999999999
5938,8416.223,40532.099,16167.753,8191.6849999999995,7174.625
5939,9194.823999999999,41434.976,16507.302,8765.08,7183.025
5940,9652.749,41915.46,16371.926,9101.383,7335.686
5941,9908.34,40201.88,15955.337,9126.149,7314.581999999999
5942,9876.063999999998,41163.58,16663.025,8750.061,7718.642
5943,9636.717,41298.796,18248.302,8148.313999999999,8008.035
5944,9082.181999999999,41662.845,19232.359,7449.133000000001,7783.472
5945,8764.453000000001,42999.123,18874.515,6722.031000000001,7945.673000000001
5946,10222.889,44873.291000000005,15694.781,6228.2080000000005,8465.278
5947,11992.475999999999,47547.231999999996,15206.588,6061.704,8998.954
5948,10723.335,48396.176,15225.488000000001,6065.001,8833.044
5949,8680.837,48343.71,15268.399000000001,6052.965,8797.715
5950,8700.404999999999,47350.58,14975.847000000002,5872.0740000000005,8691.393
5951,9132.891,44931.92,14730.414999999999,5859.262000000001,8247.813
5952,9042.626,41985.259999999995,14047.293,5853.688999999999,7604.559
5953,9132.839,38692.858,12026.69,5746.005000000001,7521.439
5954,8742.436,36988.437999999995,10679.452,5724.184,7431.816000000001
5955,8550.62,36286.054000000004,9192.637,5719.247,7220.454
5956,8531.192000000001,35322.74800000001,8727.733,5686.491,7191.098
5957,8545.747,34760.69500000001,8638.788,5722.313,7210.232
5958,8600.4,34553.592000000004,8649.127,5740.0199999999995,7354.421
5959,8043.142999999999,34409.433999999994,9189.408,6006.011,7571.509
5960,7605.153,34602.757,11119.355,6618.606,7132.7119999999995
5961,7350.783,35284.606,12004.756000000001,7311.7339999999995,6948.551
5962,7444.745,34524.945,13106.775,7965.312,6815.213000000001
5963,7757.183999999999,34176.731999999996,13623.934,8484.902,7058.392
5964,8052.875999999999,33933.81,13892.255,8767.162,7118.661
5965,8080.008999999999,32940.395000000004,13623.010999999999,8761.768,7090.569
5966,7726.438000000001,32657.045,13583.526000000002,8541.256,6869.2080000000005
5967,7397.766,33074.844,13197.178,7991.459000000001,7186.657999999999
5968,7522.367,34903.345,12645.785,7418.719,7230.572
5969,8173.125,34953.421,13675.664,6625.964000000001,7990.25
5970,9292.467,39361.463,13215.681999999999,6204.509999999999,8144.202
5971,11416.971,44058.627,13303.319,6043.118,8703.385999999999
5972,9913.525000000001,44724.754,14004.205999999998,6034.875,8686.788
5973,8345.046999999999,44377.702000000005,13032.469000000001,6000.91,8612.251
5974,7895.437,43679.74100000001,12453.643,5852.177,8353.505000000001
5975,7814.938,41848.365000000005,11785.97,5827.878000000001,7849.637
5976,7507.616,39638.543,10911.708,5873.643,7669.069
5977,7301.736999999999,37521.899000000005,9441.359,5848.865,7353.308999999999
5978,7239.203,36306.18,7700.614,5808.68,7331.35
5979,7123.067,35487.238,6582.9130000000005,5790.609,7131.499
5980,6904.438,34983.593,5857.196,5767.710999999999,7065.91
5981,6828.684,34552.102,5830.054,5773.234,6659.879
5982,6707.1449999999995,34188.542,5926.188,5772.263,6486.148999999999
5983,6346.148,33319.773,6516.447,5913.0160000000005,6182.362
5984,6145.599999999999,32267.565,8128.907999999999,6329.696,5844.409
5985,6578.839999999999,30467.493,9291.625,6914.495000000001,5394.825000000001
5986,7188.381,27938.119,10684.776,7527.268999999999,5555.592000000001
5987,7878.497,27309.238,11673.033,7973.866999999999,5698.698
5988,8128.981000000001,28298.767999999996,12346.122,8260.13,5764.435
5989,8077.28,28494.664000000004,12475.896,8316.168,5644.733
5990,7707.848999999999,28064.263,12390.016,8092.319,5675.485000000001
5991,7460.761,28446.112999999998,12082.912,7562.581999999999,5793.021000000001
5992,7870.127,29638.216,11291.675,6924.899,6706.29
5993,8285.561,33610.209,10043.471,6379.387000000001,7274.421
5994,10114.114,37879.518000000004,9404.895,5966.651,7989.626
5995,11822.672999999999,40461.662,11586.554,6009.091,8658.018
5996,10670.22,41644.301,11794.877,6003.44,8876.023000000001
5997,9103.374,41967.58900000001,11510.044,5963.752,8832.615
5998,8954.978000000001,41376.13799999999,11335.286,5835.873,8389.452000000001
5999,8715.72,40560.019,10485.937,5800.937,7416.2119999999995
6000,8562.777,38778.555,9732.464,5804.883,6626.512000000001
6001,8313.259,37793.399000000005,7672.4349999999995,5806.461,6710.733
6002,8039.626,36806.57,6731.367,5803.0470000000005,6672.611000000001
6003,7890.469999999999,35977.75,6146.644,5794.731,6739.888
6004,7753.2699999999995,35137.405,6073.812,5786.040000000001,6925.306
6005,7573.089,35143.932,6526.103,5787.449,7090.933
6006,7551.132,35972.657999999996,8297.559000000001,5832.122,7195.095
6007,7478.749,37510.42,10962.161,5997.981,7342.887000000001
6008,7887.829,38222.75,12308.860999999999,6532.365000000001,7809.325000000001
6009,8607.506,39924.483,12433.131,7183.557,7963.2480000000005
6010,8657.437,40477.026,12796.086,7764.285000000001,7949.445
6011,8303.925,41342.993,13637.191,8179.744000000001,8038.84
6012,8574.12,41836.183000000005,13913.199999999999,8440.582,8301.452000000001
6013,8393.848999999998,41282.056,13680.071,8400.519,7419.3550000000005
6014,8744.354,41832.787,14254.891,8148.218999999999,8085.938999999999
6015,9308.712,42592.023,15241.781,7689.910999999999,8666.547
6016,9056.743,44035.279,16157.207,7053.017000000001,8526.987
6017,9464.363,45088.793,16910.468,6433.947000000001,8496.276
6018,11134.264,46173.976,13783.736,6009.2970000000005,8763.155
6019,13288.835,48059.015,14106.132,5879.426,9130.048999999999
6020,11856.911999999998,50126.228,14040.355,5925.519,9255.251
6021,10522.27,50611.293000000005,13608.034,5896.192999999999,9201.736
6022,9255.141,50729.075999999994,13553.838,5808.744000000001,9024.126
6023,8831.547,48593.697,13272.815999999999,5766.65,8347.574
6024,8335.481,45921.538,11788.216,5775.711,7593.403
6025,8471.435,42938.338,9608.271,5764.418000000001,7553.619
6026,8384.020999999999,40535.777,8509.099,5759.251,7734.1410000000005
6027,8336.602,39123.554000000004,7730.5599999999995,5768.522000000001,7680.275000000001
6028,8417.699,37830.485,7692.857,5776.798,7714.825
6029,8417.201,37484.037000000004,8020.406,5777.279,7864.4980000000005
6030,8440.077000000001,38736.030000000006,8805.307,5805.111,7992.922
6031,8422.921,40545.878,10587.392,6062.398999999999,7911.981
6032,8936.017999999998,41900.573000000004,11725.613,6726.981999999999,8113.16
6033,9726.682999999999,42655.474,12693.892,7532.939999999999,8440.47
6034,10172.738000000001,40926.584,14566.936999999998,8148.872,8663.346
6035,10422.642000000002,41234.165,15272.499,8572.284000000001,8968.934
6036,10504.920000000002,40341.833,16473.066,8725.85,8513.923999999999
6037,10454.182,39306.786,16263.42,8680.092,7749.861
6038,10419.802,39731.646,17030.75,8386.354,8246.999
6039,9887.466,39904.59099999999,17834.920000000002,7856.308999999999,8863.165
6040,9890.423999999999,38854.519,18888.741,7192.058000000001,9073.433
6041,11304.100000000002,40593.984000000004,17959.889,6675.408,8708.997
6042,12837.14,42399.068,13874.329,7019.304,8505.242
6043,14545.034,45133.936,13660.975,7336.389,8798.439
6044,12878.579,47563.679,14112.921,7344.3369999999995,9001.664
6045,10410.284,49422.075,14032.710000000001,6985.662,9142.404
6046,9354.586,50118.543999999994,13621.474,6685.434,9087.774
6047,8851.333,48126.134000000005,12698.355,6619.266,8567.923999999999
6048,8333.044,45303.258,11232.621000000001,6416.168,8160.642
6049,7467.142,42247.104999999996,10240.884999999998,5949.131,7963.355
6050,7336.879,40293.176999999996,8857.933,5921.088000000001,7879.835
6051,7130.808999999999,39339.864,7499.53,5925.187,7835.414999999999
6052,6973.6630000000005,38718.602,7054.657999999999,5924.452,7778.769
6053,6959.613,38754.297,7126.9400000000005,5928.1449999999995,7806.128000000001
6054,7146.897,39426.354,8401.739,5963.0869999999995,7842.721
6055,7557.024,40076.59799999999,10387.091,6257.857999999999,8224.464
6056,7550.146,41658.824,11506.274,6958.137,8573.269
6057,8167.458,40467.668,12628.887999999999,7743.436000000001,8808.672999999999
6058,8843.619999999999,38308.492,14015.597,8492.249999999998,8560.45
6059,9485.206,38283.621,14618.757000000001,9015.712,8395.202000000001
6060,9851.619,38323.94,15201.103,9258.809000000001,8387.973
6061,9563.285,37036.958,15360.54,9065.052,7632.061
6062,9573.538,38021.002,15817.61,8856.472,8195.702000000001
6063,9523.936,39815.972,16276.901999999998,8302.315,8757.719000000001
6064,10405.210000000001,40478.663,16692.465,7554.672999999999,8713.337
6065,11172.728000000001,41971.755,17216.754,6727.524,8331.617
6066,13069.246,44109.8,14020.892,6289.053,8175.636
6067,15325.296,46111.644,13834.921999999999,6158.090999999999,8842.07
6068,13691.318000000001,48287.219,13966.400000000001,6145.435,8927.068
6069,11256.369999999999,49355.691000000006,13807.923999999999,6132.657,8918.557
6070,10104.873,49545.61099999999,13794.827000000001,6105.941,8777.825
6071,10221.529,47411.387,12866.9,5938.573,8315.415
6072,8814.098,44754.244,12023.896,5914.38,7931.017
6073,8080.061,42050.298,10320.027,5901.1759999999995,7745.064
6074,7974.831999999999,40372.42,8620.321,5904.152,7734.688
6075,7807.902999999998,39093.235,7701.705,5900.701,7743.359
6076,7531.768,38672.263999999996,7265.378000000001,5884.488,7709.45
6077,7616.738,38895.248,7112.49,5878.596,7700.984
6078,7986.120999999999,40429.883,7708.795,5910.316,7647.471
6079,8394.939,41518.525,9300.934,6191.654,7729.8009999999995
6080,8740.625,40836.686,12661.535,6866.801,7854.163
6081,8558.851,41749.815,14292.218,7708.986,7051.697
6082,9058.219,40774.19500000001,15493.309,8445.945999999998,6296.157999999999
6083,9656.176000000001,40174.810000000005,16432.771999999997,8986.451000000001,6230.523999999999
6084,9994.664,39557.617,16987.753,9247.398000000001,6316.362999999999
6085,10122.078,37514.587,17086.532,9235.071,5864.943
6086,10237.703999999998,37763.244999999995,17880.76,8860.642,6836.758
6087,10407.820000000002,39569.306,17547.900999999998,8213.171,8056.777
6088,10698.566,41193.683000000005,17261.354,7474.477,8503.527
6089,10524.466999999999,44339.918,17009.022,6677.045,8436.989
6090,11623.963000000002,45630.701,14660.965,6148.985,8523.984
6091,13157.667,48668.202,14246.065,6092.3910000000005,8833.243
6092,11326.949999999999,51022.87999999999,13887.017,6080.494999999999,8971.403
6093,9486.599,51720.787,13629.210000000001,5949.972,9144.153
6094,8622.185000000001,51657.90299999999,13462.964,5907.066000000001,9100.702000000001
6095,8107.228999999999,49331.695999999996,13348.478,5898.187,8868.86
6096,7865.146,45432.94499999999,12469.857,5900.229,8505.152
6097,7781.256,42574.71799999999,10481.379,6027.52,8038.446
6098,7597.309000000001,41477.908,8674.494,6063.3,7764.956999999999
6099,7379.567,40015.253,7699.778,6060.179,7684.439
6100,7288.134000000001,39106.31,7514.314,6060.9259999999995,7661.289
6101,7240.289000000001,39338.456,7564.299000000001,6044.826,7556.687
6102,7276.006,40678.185,8314.907000000001,5977.852,7583.258
6103,7705.512000000001,41338.729,9706.84,6154.847000000001,8219.778999999999
6104,8207.317000000001,40812.087,12226.632000000001,6761.1,8499.475999999999
6105,8785.387,41135.785,13432.205,7500.166,8368.958
6106,8810.965,40866.837,14644.098000000002,8083.669,7841.798000000001
6107,9035.152000000002,40499.459,15968.44,8606.359,7737.79
6108,9271.196,39859.523,16683.141,8873.353,7651.903
6109,9297.318000000001,37605.55,16455.645,8833.011999999999,7410.442
6110,9137.730000000001,39291.757000000005,16466.813000000002,8517.642000000002,7481.397
6111,9393.536,41240.392,15677.594,7976.274,8293.712
6112,9311.071000000002,42672.717000000004,15441.645,7321.066,8848.995
6113,9734.666,43444.667,16177.134,6605.682,8664.993
6114,11494.453000000001,45302.274999999994,14336.756999999998,6173.882,8632.587
6115,12596.2,48339.14,14297.578000000001,6096.674999999999,9150.511
6116,10714.328000000001,50452.84299999999,14170.226,6083.163,9173.986
6117,9120.383999999998,50229.886,13887.996000000001,5927.059,9250.953
6118,8792.162,49337.28200000001,13571.654,5919.888,9237.136
6119,8629.0,47974.361,12424.526,5957.3679999999995,9180.796
6120,8050.294,45192.78400000001,11603.795,5960.125,8922.991
6121,7714.43,42784.248999999996,11338.454999999998,5961.906000000001,8019.611
6122,7619.215,40429.450999999994,10730.112000000001,5956.111999999999,7758.845
6123,7378.046999999999,39379.703,9475.792000000001,5995.165,7684.349999999999
6124,7128.521999999999,39059.284,8594.839,5980.7919999999995,7705.737000000001
6125,7166.78,38792.553,8343.809,5976.957,7436.148999999999
6126,7291.341999999999,38629.899,8533.366,5979.222,7385.856
6127,7345.027,38013.271,9209.196,6069.367,7264.808
6128,7978.121,38581.85,9346.662,6129.678,7493.598
6129,8815.327,37471.778000000006,10197.699,6308.237000000001,8025.3189999999995
6130,9112.163,36035.326,11564.838,6805.375,7667.5160000000005
6131,9485.724,34395.419,13224.18,7196.938,7798.287
6132,9530.913,33739.913,14208.423,7520.753000000001,8009.141
6133,9621.717999999999,32800.734,14260.562,7631.532,7869.682000000001
6134,9378.757000000001,32484.140999999996,13798.008,7391.639,7911.1720000000005
6135,8932.31,33122.426,13566.823,7009.335999999999,7732.976000000001
6136,9016.881,34216.902,13688.397,6493.036000000001,7696.6759999999995
6137,9667.515,35308.227999999996,14383.021,5959.586,8132.326999999999
6138,11653.341999999999,39376.258,13165.234,5632.626,8568.403999999999
6139,14271.635,43079.895000000004,13601.865,5583.8330000000005,8753.462
6140,12702.027,44837.56899999999,13282.543000000001,5631.228,8920.337
6141,9934.699999999999,44825.41199999999,12863.151,5642.752,9061.182
6142,9614.234,43271.671,12153.536,5604.219,8880.886
6143,9582.307,42400.757,10696.726999999999,5396.807,8632.472
6144,9256.626,40122.657,10497.321,5134.530000000001,8389.664
6145,8944.076000000001,38373.195,9488.52,4825.666,8130.473
6146,8649.055999999999,37441.441,8553.877,4807.877,7582.788
6147,8494.423999999999,37117.475000000006,6965.1410000000005,4803.448,7664.064
6148,8374.491,36403.275,6153.3189999999995,4799.358,7835.747
6149,7553.319,36602.95,6513.739,4759.396000000001,7314.505999999999
6150,7099.356000000001,35941.524000000005,7380.008,4778.408,6951.624
6151,6685.084000000001,34476.577000000005,7718.983,4941.817,7066.124
6152,6814.83,32879.366,8422.992,5405.457,6885.678
6153,7209.232999999999,30808.337,9506.019,6089.335,6912.1410000000005
6154,7623.110999999999,29466.399,10590.595000000001,6657.672,6806.711
6155,8221.017,29009.982000000004,11410.163,7210.82,6704.5650000000005
6156,8755.948999999999,29880.833000000002,11876.318,7583.906000000001,6667.0289999999995
6157,9022.328,29838.528999999995,11707.496,7543.335999999999,6550.888
6158,8908.364,29190.373,11402.695,7374.454,6499.777
6159,8614.16,29483.255999999994,11249.895,7069.999000000001,6123.112999999999
6160,8247.677,31255.322,11098.568,6406.088,6372.507
6161,8084.355,33224.818,12134.25,5843.62,7629.982
6162,9728.418,38851.676,11354.324,5576.958,8498.019
6163,11785.459,43295.268,11871.348,5442.332,9216.953
6164,10790.109999999999,44847.903999999995,12115.918,5532.9710000000005,9241.825
6165,9400.925,45037.368,11895.640000000001,5566.791,9234.875
6166,9025.662,44215.683999999994,11609.603,5490.103,9237.647
6167,8795.443,42461.978,11195.822,5452.303,8964.143
6168,8675.521999999999,40012.02,10139.942000000001,5444.513999999999,8677.889
6169,7767.287,37508.687999999995,9459.666000000001,5386.334,8578.867999999999
6170,7636.169,36680.121,8665.834,5351.405000000001,8150.161
6171,7481.333,36107.59099999999,7915.602000000001,5325.127,7943.34
6172,7207.274,35741.23,7760.407,5322.492,7963.531000000001
6173,7126.529,35729.034999999996,8027.942,5333.515,8124.008
6174,7422.836,37298.308,8585.118999999999,5361.641,8228.078
6175,7636.272,38625.149,10500.539,5631.092,8221.257
6176,7554.759,38380.541,13692.112,6155.437,8335.732
6177,7821.325,39588.796,15294.179999999998,6875.766,7981.5289999999995
6178,7885.427,38997.849,16613.64,7611.398,8028.304999999999
6179,8343.684,39771.377,17049.234,8177.499,8183.68
6180,8535.421,40798.417,17159.756,8445.025,8025.001
6181,8424.553,39214.257,17084.796,8407.967,7697.643
6182,8788.276,40425.121,17230.852,8111.101000000001,8139.158
6183,8686.682999999999,43350.91499999999,17009.887000000002,7551.686,8668.619
6184,8974.02,45684.020000000004,16120.168,6943.996999999999,8997.01
6185,9161.565999999999,48480.559,15360.503,6161.469,8994.062
6186,10473.993,49381.355,12736.635999999999,5692.827,9146.197
6187,11885.207999999999,50977.468,13023.745,5655.175,9463.333999999999
6188,10007.06,52637.13,13720.665,5668.205,9394.594
6189,9044.255,52605.081999999995,13561.104,5625.996999999999,9278.631000000001
6190,8277.712000000001,52552.11799999999,13217.574,5678.519,9074.448
6191,7986.405,50631.905,12267.359,5688.421,9105.854
6192,7605.518999999999,46689.087999999996,11699.649,5645.949,8793.821
6193,7237.6720000000005,42370.982,10132.747,5540.534000000001,8471.403
6194,7301.451,39812.632000000005,9749.916,5588.781,8070.422
6195,7297.356000000001,38501.219000000005,9411.831,5512.878,7821.967
6196,7323.565,37706.308000000005,8980.99,5507.111999999999,7680.334000000001
6197,7459.672,37428.174,9238.987000000001,5483.530000000001,7785.951
6198,7541.084000000001,38301.336,9830.087,5503.243,7874.204000000001
6199,7761.820999999999,39149.904,11322.973999999998,5792.888999999999,8448.491
6200,7990.741,38837.171,13989.677,6434.225,8895.356
6201,8418.754,40655.3,14483.725,7249.436,9198.292
6202,8916.583,41042.270000000004,14487.378,7971.179999999999,9370.954000000002
6203,9449.261,41061.16,15651.124,8519.552,9189.736
6204,9853.781,40513.941000000006,16068.768,8819.278999999999,9086.489
6205,9571.173,38514.88,15831.452000000001,8709.852,8658.979
6206,9563.295,39458.824,16454.69,8318.288,9038.841
6207,9849.58,39760.58,17884.416999999998,7756.582,9388.185000000001
6208,10324.998,40595.615000000005,17974.626,7009.25,9309.401
6209,10177.750000000002,43300.118,17166.779,6257.089,8971.887999999999
6210,11540.77,44507.94,14270.747,5827.391,9148.083999999999
6211,12895.233,47371.105,13606.158,5777.438,9481.747
6212,11378.988,49572.69500000001,13655.329000000002,5771.072999999999,9538.271
6213,10277.896,50336.778999999995,12744.002,5641.889,9524.204
6214,9534.463,50655.047000000006,12118.688,5604.207,9369.697
6215,9005.555,49039.878,11540.630000000001,5633.009,9096.289
6216,8530.216,45752.439000000006,10416.239000000001,5624.65,8709.195
6217,8005.027,42578.668,9501.228,5614.345,8454.707
6218,7825.332,39577.4885,9187.956,5603.382,8380.032000000001
6219,7584.634,38182.551999999996,8844.486,5603.704,8074.285
6220,7612.130999999999,37455.37,8640.177,5603.874,7949.833
6221,7538.2080000000005,37614.6065,8774.921999999999,5589.147,7907.539000000001
6222,7665.177,38859.5835,9235.684000000001,5613.95,8057.718
6223,7737.238999999999,40500.764,10463.813,5896.138,8542.5
6224,8383.925,40117.271499999995,13137.913,6449.503000000001,8942.586
6225,8701.068000000001,41259.853,13740.597999999998,7136.414999999999,8989.025000000001
6226,8960.3,41571.3675,13757.788,7852.412,8327.332999999999
6227,9412.850999999999,41342.3395,14675.963,8391.497000000001,8044.842000000001
6228,9682.083,40307.9305,15545.142,8685.284,8002.451999999999
6229,9732.667000000001,37485.1615,15299.754,8682.345,7885.959
6230,10284.398000000001,37308.384,16326.452000000001,8447.226,8804.889
6231,10732.495,38213.767,17061.854,7912.985999999999,8984.645
6232,11116.327000000001,39877.554500000006,16551.836,7226.789999999999,9331.779
6233,11117.792,42665.05499999999,16184.778,6444.853,8954.157
6234,13188.417000000001,43267.795,13553.448,5995.909999999999,9185.212
6235,14186.469000000001,47117.6635,12787.697,5921.460999999999,9388.657
6236,12762.865,49358.945999999996,12743.063999999998,5957.311000000001,9431.396
6237,10498.416,50564.67,12320.134,6078.898999999999,9414.706
6238,9395.647,50277.795,12247.508,6266.528,9319.966
6239,9214.182999999999,47691.84,11930.339,6373.262000000001,9089.236
6240,8881.195,43715.6825,11063.576000000001,6699.566000000001,8745.835
6241,8690.947999999999,40144.169,9862.405999999999,6484.861000000001,8630.472
6242,8609.822,37758.528000000006,9041.663,6286.463,8280.706
6243,8069.398999999999,35995.253,8909.404999999999,6349.880999999999,8174.225
6244,7686.29,35446.458,8966.41,6346.209,7871.616
6245,7485.335999999999,35106.338,9460.684,6349.393,7989.0
6246,8006.847,35940.358,10262.118,6383.452,8162.29
6247,8472.530999999999,37944.824,10959.18,6562.701999999999,8357.949
6248,8895.88,38184.458,12673.436,7042.811000000001,8868.162
6249,9101.63,39348.665,13397.297,7754.84,8543.195
6250,9159.353,40448.956,13618.265,8309.429,7540.741
6251,9759.866,40422.467,14500.916,8721.428,7440.588
6252,10133.537,39944.939,15360.146,9039.375,7393.897000000001
6253,9846.893,38285.12300000001,15282.439999999999,9457.928,7314.169
6254,10085.729000000001,40633.632,15291.168,8935.637999999999,7537.752
6255,9864.952,42592.122,15807.782000000001,8195.958,8290.097
6256,10276.847,42408.932,16644.13,7470.308999999999,8652.252
6257,10122.616999999998,44124.549999999996,16106.008,6859.068,8633.350999999999
6258,11995.249,45393.201,12582.664,6793.388999999999,8806.98
6259,13663.96,47795.780999999995,12627.770999999999,6887.575,9089.034
6260,12137.696,49923.435,12900.176,6905.168,9145.162
6261,10315.668999999998,50388.406,12632.884,6779.593,9150.085
6262,9709.994999999999,50665.276000000005,12420.035,6599.272000000001,8952.298
6263,10039.199999999999,47093.849,11813.336,6661.0869999999995,8817.611
6264,10153.589,42547.8,11361.673,6855.512,8550.969000000001
6265,9394.842,39095.182,10919.119,7302.449,8252.01
6266,8947.671,37196.882,10404.648000000001,7563.526,7579.700000000001
6267,7910.731,37170.891,10044.546999999999,7640.091,6824.688
6268,7075.3550000000005,37791.462,9958.614000000001,7635.418,6045.8009999999995
6269,6656.635,37607.083,10445.639,7624.246999999999,6277.088
6270,7020.648,37908.356999999996,10823.922,7662.676,7144.5
6271,7681.457,38627.772,11490.587000000001,7895.741,8046.374
6272,8347.94,40360.308000000005,12279.824999999999,8056.865,8571.214
6273,9030.166000000001,40961.649000000005,13988.371000000001,8494.744,8605.594000000001
6274,8880.675000000001,42002.585,14488.56,8885.298,8429.659
6275,9083.194,43139.046,15106.787,9197.999,8254.747
6276,9270.351999999999,43140.688,15352.141000000001,9424.431,8240.467
6277,9313.306,41206.845,15578.745,9542.173999999999,7651.918000000001
6278,9656.446000000002,42366.459,16122.286,9529.402,7995.27
6279,9644.621,42638.009,17307.119,9103.05,8712.465
6280,9300.038999999999,43606.008,17508.162,8353.94,8854.593
6281,9658.723,45073.600000000006,15967.737000000001,7610.595,8997.421
6282,11376.66,45813.149000000005,13709.439999999999,7188.939,8829.329
6283,12775.023,48931.625,13143.688,7019.289,9091.761999999999
6284,10852.142000000002,51144.572,12841.955,6887.189,9151.182
6285,8914.614,50684.394,12828.958,6822.816,9014.569
6286,8363.246000000001,49786.613999999994,12883.117999999999,6809.841,8929.98
6287,7989.12,47775.642,12568.629,6842.106,8880.283
6288,7850.396000000001,45317.65,11966.356,6847.35,8605.766
6289,7844.397,42651.359000000004,10898.149000000001,6839.552,8422.198
6290,7628.175,40729.606,9881.625,6821.275,8233.927
6291,7680.845000000001,39172.348,9078.916000000001,6756.339,8175.068
6292,7583.587,38377.403999999995,9046.466,6387.619000000001,8074.487999999999
6293,7608.869000000001,37953.504,9146.36,6314.089,7836.277
6294,7456.673,37885.471,9256.873,6365.53,7734.151
6295,7056.493,37718.616,9995.041,6661.774,7325.376
6296,7224.927000000001,39493.569,9638.247,7250.706,7403.652
6297,7334.439,40272.596,10089.877,7949.876,7033.348
6298,7749.897,39060.376000000004,11280.908,8567.507,7109.3099999999995
6299,8199.918,38406.574,12228.474,9017.465,7297.608
6300,8415.858999999999,38351.691999999995,12554.67,9858.246,7180.351
6301,8212.264000000001,37261.462,12905.88,9878.471999999998,7305.067
6302,8032.017,36670.913,13302.390000000001,9541.018,7164.695
6303,7844.9710000000005,36184.225999999995,14072.021999999999,8966.832,7225.518
6304,7702.021000000001,36331.063,14907.202000000001,8236.94,7829.626
6305,8570.736,37590.838,14974.965,7789.182999999999,8246.296
6306,10066.87,41279.157999999996,12814.761999999999,7795.5199999999995,8421.877
6307,11716.689999999999,45632.746,13129.571,7766.994000000001,8709.881000000001
6308,11186.884999999998,46456.890999999996,12853.462,7819.8769999999995,8697.119999999999
6309,9028.52,46948.597,12216.853,7760.666,8661.61
6310,8772.789,46009.481,11541.74,7662.969,8410.892
6311,8691.645,44893.57,10615.348,7741.926,8000.981
6312,8347.976,44295.713,9018.403,7805.002,7478.399
6313,7811.586,43263.502,7290.05,7712.637000000001,7358.124
6314,7637.492,42278.766,6407.3060000000005,7405.841,7224.338
6315,7773.57,40779.649000000005,6139.718,7382.143,6750.429
6316,7574.035,39291.612,5936.191,7376.861,7072.374
6317,7402.062,38302.291,5964.6720000000005,7376.403,7158.475
6318,7234.294,37608.279,5900.47,7404.512,6967.344
6319,7296.201000000001,35594.285,6360.158,7723.943,6871.946
6320,6580.075,35045.58,7828.4490000000005,8157.706,6345.120000000001
6321,6701.551,32332.292999999998,9760.676,8857.235999999999,6077.2919999999995
6322,7184.651,30156.921000000002,11873.985,9563.271,6009.512000000001
6323,7533.803,29908.074,12803.123,10095.854,5926.504
6324,7844.387000000001,30572.640999999996,13079.733,10322.97,6407.504
6325,7973.892,30661.396999999997,13308.993999999999,10262.227,6419.8369999999995
6326,7887.293,30141.881,13006.884,9996.413999999999,6600.016
6327,8061.957,31978.114999999998,12327.284,9403.923,6354.146
6328,8667.780999999999,33500.496,12294.445,8712.211000000001,6209.142
6329,8562.294,36430.717000000004,11911.903999999999,8104.155,6757.775
6330,10303.944,38391.631,11927.872,7725.489,7832.3240000000005
6331,13137.851,43160.243,11514.131000000001,7591.387000000001,8087.157
6332,11143.036,45784.414000000004,11843.547,7564.05,8169.057
6333,9681.85,46315.045999999995,11799.555,7571.611,8493.344000000001
6334,8862.196,45409.545,12206.235,7514.867,8872.557
6335,8666.298999999999,45062.45,11302.164999999999,7382.401,8703.783
6336,8426.925,43667.079999999994,9729.921,7377.192999999999,8348.062
6337,8184.992,41688.398,8509.624,7397.554999999999,8108.091
6338,7954.468000000001,38895.382,8835.201,7390.003,7923.894
6339,8402.094,37224.051999999996,8378.872,7374.112999999999,7785.867
6340,8333.851,36644.331999999995,7952.247,7375.625,7697.48
6341,8385.642,36170.934,8315.258,7371.677,7755.499
6342,8417.043,36909.045,9246.824,7430.753,7776.78
6343,8589.653,38016.274,10823.229,7788.465999999999,7808.02
6344,9098.994,39530.85799999999,12234.272,8421.054000000002,8203.937
6345,9357.363,41203.546,14477.102,9058.011,8566.996
6346,10133.014000000001,40902.243,16170.248,9772.934,8762.253
6347,10649.527,41752.417,16385.528,10320.887,8905.208999999999
6348,11391.624,40409.38900000001,16579.828999999998,10554.373,8964.457
6349,11638.301,38435.183,16338.145,10540.663,9024.697
6350,11623.668,38108.385,17342.611,10155.765,9098.443
6351,11846.337,37583.667,16772.868,9629.709,9059.396
6352,12259.438,39515.528,15712.740999999998,8861.456000000002,8987.556
6353,12993.971999999998,40621.291,14439.738000000001,8238.572,8722.281
6354,13326.114,41424.037,11862.722000000002,7877.759999999999,8890.675
6355,13445.275000000001,44389.225999999995,11338.610999999999,7788.981000000001,9136.694
6356,13154.216,46218.01000000001,11231.478000000001,7727.562,9104.704
6357,11486.062999999998,47009.55500000001,11074.42,7725.829,9094.541000000001
6358,9968.696,47728.08899999999,11177.516,7711.158,8960.599
6359,9198.725,46081.89,11127.798,7566.821,8661.989
6360,8780.878999999999,43046.420000000006,10623.665,7544.031000000001,8448.650000000001
6361,8237.463,39873.310999999994,9906.394,7509.063,8077.309
6362,8147.495000000001,37402.085,9638.468,7476.902,7738.0160000000005
6363,8246.524000000001,35640.826,9555.76,7474.642,7685.464
6364,8160.7609999999995,34482.405,9664.175,7481.027999999999,7686.017
6365,8101.162,34567.458000000006,9786.003,7543.046,7627.097
6366,8168.532999999999,36227.154,9867.110999999999,7587.498,7666.519
6367,8416.252,38336.059,10142.938,7774.944,8198.09
6368,9166.132,39336.795,11406.728000000001,8199.073999999999,8608.744999999999
6369,9713.19,40229.142,11901.550000000001,8705.705000000002,8993.521
6370,9584.077,39529.476,12731.898000000001,9280.814,8931.047
6371,9980.267,38624.02,13804.074,9860.928,8652.807
6372,10248.567000000001,38214.517,14500.273,10075.402,8662.384
6373,10091.518,36388.822,14010.277000000002,10013.469,8584.607
6374,10194.571,36931.172,13938.021,9786.371,8753.778
6375,10270.818000000003,38353.426,13254.503,9442.978,9064.704
6376,9683.064,40459.873999999996,12750.015000000001,9029.586,8967.324
6377,8905.193,44923.009000000005,12210.798999999999,8564.762,8428.435000000001
6378,9296.564,47265.194,10287.089,8211.028,8655.248
6379,11015.052,49648.789000000004,10506.899,8055.865,8977.600999999999
6380,10412.693,50183.58499999999,11893.253,8048.118,8982.988
6381,8357.532,49812.361,12596.091,8042.98,9006.625
6382,8131.0599999999995,49803.16100000001,11687.12,7935.624999999999,8967.485
6383,7811.391,48055.865999999995,10501.469000000001,7862.446,8802.491
6384,7723.804999999999,44116.398,9242.015,7795.829,8523.108
6385,7521.867,39975.63399999999,9239.813,7781.576,8125.952
6386,7267.649999999999,37804.435,9115.95,7771.985000000001,7462.610000000001
6387,7211.311,37331.687,7917.689,7753.869000000001,7220.5830000000005
6388,7335.547,36642.019,7507.1449999999995,7668.37,7150.902
6389,7667.12,36328.542,7731.219999999999,7435.9439999999995,7347.28
6390,7756.803,36982.042,9409.045,7393.459999999999,7396.641
6391,8217.11,38760.875,10335.360999999999,7716.648,7758.272
6392,8640.671999999999,40546.616,11086.804,8369.195,7779.984
6393,8885.6,41562.066999999995,11956.567,8973.155,7842.956
6394,9219.27,40298.78,13143.73,9358.211000000001,7792.046
6395,9709.729999999998,40029.50199999999,13831.687,9621.961000000001,7837.263
6396,10007.045000000002,39566.654,14255.649,9818.302,7944.346
6397,9870.807,37417.761,14081.384999999998,9747.081999999999,7646.902
6398,10220.077,38218.67,14412.801,9625.611,8046.374000000001
6399,10352.483,39244.770000000004,14618.16,9236.485999999999,8209.687
6400,9654.163,41493.346,14160.829000000002,8661.427,8133.074
6401,9370.378,44800.521,13324.35,8096.251,8159.846
6402,9794.024,45990.01699999999,12009.059000000001,7706.502,8311.946
6403,11382.043,48381.706,12424.925000000001,7560.793,8908.028
6404,10278.082000000002,48974.388,13499.346,7572.934,8845.736
6405,9079.723000000002,48853.920000000006,12858.726999999999,7570.053,8836.468
6406,8613.57,48122.261,12468.679,7552.888,8723.297
6407,8535.844,45819.066000000006,11589.762,7540.0289999999995,8486.947
6408,8142.4890000000005,41890.001000000004,11111.525000000001,7540.2029999999995,8273.75
6409,7754.814,39109.9,9957.547,7529.201,7339.459
6410,7296.611,37621.141,8764.464,7491.849,7061.962
6411,7110.114,36865.399999999994,7807.52,7479.442,6984.284
6412,7193.460000000001,36112.456,7427.281,7418.116,7075.608
6413,7332.240000000001,36005.797,7780.621999999999,7385.112,7024.382
6414,7548.580999999999,35979.394,9803.168,7441.313999999999,6935.022
6415,7672.052,37996.72,10623.394,7612.742,7437.017999999999
6416,8429.947,39988.481,10085.915,7913.775,7808.182000000001
6417,8254.932,41483.926999999996,10647.152,8289.292000000001,7821.87
6418,8703.854000000001,40904.885,11073.178,8803.704,7570.027
6419,9496.145,40111.966,11826.096,9173.860999999999,8052.285
6420,9476.711,39706.104,12291.488,9313.291,8181.521
6421,9238.167,37601.664,12314.271,9274.471,7972.755
6422,9322.341999999999,37552.805,13753.907000000001,9260.599,7925.277
6423,9515.039999999999,38295.172,14320.52,9122.333,7866.981
6424,8993.425,39402.37300000001,15093.196,8682.409,7974.959
6425,8777.669,41176.471000000005,14661.788999999999,8203.753999999999,8185.847
6426,9295.015,43817.905,13285.522,7810.182999999999,8300.895
6427,12043.659,45773.417,13300.751,7647.711,8577.863
6428,11139.373,47643.423,13288.327,7642.956,8712.407
6429,9225.144,47417.956,13219.384999999998,7738.388000000001,8739.081
6430,8560.062,46768.418,13106.294000000002,7645.302000000001,8767.534
6431,8641.321,44819.869999999995,11681.585,7589.034000000001,8361.552
6432,8199.524,41202.645000000004,11219.222,7543.8060000000005,7550.491
6433,8133.084,38563.079000000005,10192.87,7120.64,6967.282999999999
6434,7865.2609999999995,37066.369,9407.746,6566.838,6317.502
6435,7399.891,36347.499,9019.25,6137.518,6154.367
6436,7452.411,35737.367999999995,8693.197,6119.733,6162.428
6437,7294.64,36221.738999999994,8752.719000000001,6111.262,6054.928
6438,7574.414,37113.894,9428.24,6143.483,6251.549999999999
6439,7690.472,38567.770000000004,10891.673999999999,6385.095000000001,6704.431
6440,8255.957,40385.471999999994,11079.792,6955.112,6752.729
6441,8260.196,40098.53599999999,11959.383000000002,7723.323,6839.936
6442,8899.251,37450.21,13600.670000000002,8450.246000000001,6746.459
6443,9455.263,37050.585999999996,14492.064,8943.869999999999,6997.835
6444,9751.36,36910.064,14469.95,9049.432,7100.6939999999995
6445,9710.52,35351.531,13586.406,8991.542,6945.862999999999
6446,9376.754,36313.956,13964.532,8851.188,6958.460999999999
6447,9380.723,37567.104999999996,14206.258000000002,8515.512999999999,6884.841
6448,9160.108,38757.471000000005,14333.784,8065.194,7012.4039999999995
6449,9233.469,39984.524000000005,14171.804,7965.903,7315.139
6450,10912.579000000002,41983.78,12828.953,7748.424999999999,8457.303
6451,12369.317,44887.412,13323.930999999999,7614.138,8634.347
6452,10967.767,46917.854999999996,13286.137999999999,7646.669,8976.109
6453,9478.853000000001,46446.712999999996,12865.470000000001,7723.13,8744.339
6454,9201.667,45501.58900000001,12352.178,7705.693,8545.815999999999
6455,8889.218,44035.439999999995,11241.416,7524.992,8168.1410000000005
6456,8451.108,41630.585999999996,10624.908,7447.239,7326.761
6457,8578.412,39248.918999999994,8904.544,7214.359,6721.959000000001
6458,8430.979000000001,38214.826,7807.4490000000005,6716.495,6071.769
6459,8046.9400000000005,36337.628,7669.129999999999,6676.844,5980.748
6460,7860.324,35393.331999999995,7413.262,6666.655000000001,6024.949
6461,7776.677,34898.507000000005,7634.9310000000005,6664.344999999999,5991.345
6462,7710.954,34178.979,8092.59,6668.013,6045.963
6463,7423.75,33989.927,8509.633,6949.917,6104.404
6464,7446.046,34068.126000000004,9453.088,7756.297,5865.387
6465,7748.207,31694.610000000004,10974.805,8515.807,5768.98
6466,8208.109,30386.599000000002,11872.253999999999,9137.291,5806.6900000000005
6467,8417.207,30658.075,12407.231,9497.280999999999,5859.139
6468,8591.006,30779.25,13081.007000000001,9658.276,5746.289999999999
6469,8623.874,30784.303,13229.708999999999,9021.414,5669.636
6470,8207.875,30291.273,13225.327000000001,8812.955,5619.582
6471,7845.901,30437.989,12962.17,8659.122000000001,5536.379999999999
6472,8130.942000000001,32991.865,11829.975,7758.011,5691.029
6473,8153.2339999999995,36251.038,12443.366000000002,7301.648,6243.915
6474,10220.245,38798.503,12023.796,6980.21,7850.984
6475,12787.960000000001,42989.909999999996,12391.957,6964.902,8288.312
6476,11749.335000000001,43866.747,12379.281,7033.643,8405.998
6477,9515.962,42987.351,12453.827000000001,7055.366,8163.777
6478,8685.902,42207.734000000004,11716.778999999999,6894.661,7936.004
6479,8092.986000000001,40504.202000000005,10900.46,6856.8369999999995,7676.477
6480,7785.112000000001,38856.038,9917.949,6824.842,7078.609
6481,7544.458,37358.018,8227.069,6762.2970000000005,6800.621999999999
6482,7342.429999999999,36368.707,6532.284,6744.2080000000005,6595.62
6483,7313.625,35630.994,5487.842000000001,6695.305,6185.9259999999995
6484,7506.92,34980.919,4669.77,6685.357999999999,5920.6539999999995
6485,7419.356,34598.503000000004,4466.039,6675.019,5788.093000000001
6486,7037.382,34199.513,4546.99,6724.714,5782.29
6487,6076.487999999999,33207.959,5700.379000000001,7074.134,5461.636
6488,6276.544,30431.435999999998,7113.515,7735.988,5298.3949999999995
6489,6357.855,27975.815,9532.026000000002,8498.687000000002,5192.455
6490,6321.152999999999,26689.554,11106.728,9114.877999999999,5396.889
6491,6892.205,26636.501000000004,11986.878,9535.565,5499.107
6492,7219.735000000001,27700.498,12393.055,9739.109,5721.04
6493,7349.11,27243.162,12592.758,9659.914,5605.478
6494,7261.876000000001,27168.011000000002,12124.489,9344.275,5596.998
6495,6993.664,26753.235,11918.558,8999.724,5879.697
6496,7116.371,28823.697999999997,11233.476999999999,8338.784,6045.425
6497,7391.146,32144.285000000003,11107.702,7692.057,6771.255
6498,8284.898000000001,37981.244,10206.135,7264.546,7574.52
6499,10713.883,41501.654,11000.01,7263.45,8473.529
6500,10368.240000000002,42473.844,10818.629,7333.958,8731.343
6501,8568.823,42909.941,10769.595000000001,7359.538,8710.259
6502,7596.368,42557.825,10577.038,7299.336,8565.131
6503,7388.405000000001,41637.514,9352.669,7385.879999999999,8490.605
6504,7083.477999999999,39528.402,8461.473,7353.313,8082.168
6505,6754.71,37070.884,7860.2429999999995,7162.959,7559.8099999999995
6506,6660.851999999999,36744.027,6782.624,7069.8240000000005,6402.616
6507,6555.1179999999995,36473.897,6165.5830000000005,7070.264999999999,5798.277
6508,6690.178,35698.591,5949.739,7072.8,5867.9169999999995
6509,6686.121,35413.78,6503.197999999999,7065.637,6089.932999999999
6510,6826.5380000000005,36052.82000000001,7672.234,7186.124000000001,6392.77
6511,7046.775999999999,36802.458,10424.224,7395.873,6395.383
6512,7644.895,37333.222,12518.746,7808.946000000001,6077.353000000001
6513,7892.091,38547.001000000004,13448.648000000001,8718.791000000001,6007.99
6514,8277.305,37938.573000000004,14400.368,9480.504,6193.517
6515,8964.47,37724.369999999995,15418.922999999999,10102.61,6359.615000000001
6516,9343.243,36684.953,17121.949,10516.044,6379.605
6517,9010.366,34617.537,17651.87,10596.038999999999,6160.4490000000005
6518,9322.816,35732.203,17857.183,10340.503999999999,6406.496999999999
6519,9394.931,37770.691999999995,17765.182,9775.057999999999,7255.793000000001
6520,8951.025000000001,39124.945,17925.512,9032.256,8233.846
6521,9728.495,41244.83,17143.276,8411.169,8659.625
6522,11447.797999999999,42995.604,13836.339,8040.403,8701.872
6523,13685.122,44816.062000000005,12938.081,8116.0650000000005,8821.901
6524,12060.583,46021.567,13563.456999999999,8871.87,8968.369999999999
6525,11029.605,46109.801999999996,13447.785,9068.283,8875.467
6526,10516.507,46164.578,13222.795,8975.837,8764.986
6527,9151.385000000002,44936.35999999999,13064.636999999999,8667.874,8553.409
6528,8400.803,41468.326,12660.888,8543.762999999999,7616.416
6529,7873.900999999999,38553.193999999996,11988.433,8511.038,6957.277
6530,7488.652,37347.371,10180.391,8480.575,6911.262
6531,7245.575,36495.511999999995,9336.474,8435.463,6722.697
6532,7156.437,35999.2,8853.561,8357.603,6500.937
6533,7160.809,35967.782,8697.042000000001,8357.636,6650.253000000001
6534,7544.513,36434.621,9165.068,8429.951,7109.817
6535,7898.235000000001,35700.83,12361.26,8880.593,7092.0560000000005
6536,7869.749,33635.635,16342.643,9579.813,7092.749
6537,7964.702,35483.11,17158.924,10253.067,7140.545
6538,8351.896,37400.54000000001,16977.081,10796.418,7182.557
6539,8664.994,38451.678,17658.256999999998,11334.055,7335.807999999999
6540,8807.067000000001,39103.802,18071.873,11587.756000000001,7430.317999999999
6541,8666.456,37513.69,17987.343999999997,11611.225999999999,7306.065
6542,8600.511,38962.323,18796.602,11434.463999999998,7443.375
6543,8256.986,40262.844,19653.739,10905.179,7584.697
6544,8294.729,41448.126,19307.388,10595.069,8077.842000000001
6545,9283.364,43295.563,17949.563000000002,9838.85,8338.048999999999
6546,10450.351000000002,44972.18,14253.137999999999,9295.731,8494.101999999999
6547,12806.759,45868.23,13570.249,9145.864000000001,8712.226
6548,12274.488,46561.306,13648.452000000001,9148.373,8699.633
6549,10188.186,47180.097,13629.133000000002,9170.486,8730.445
6550,8566.716,47893.53,13516.583,9054.262999999999,8823.131
6551,8297.977,46922.066999999995,13039.719000000001,8968.47,8646.15
6552,8040.955999999999,43205.861000000004,12578.683,8614.36,7701.887
6553,7546.027000000001,40543.053,10917.567,8449.901,7332.8910000000005
6554,7576.5470000000005,38069.389,9775.081,8382.539,7242.731
6555,7491.151,36388.832,9152.045,8365.109,7092.74
6556,7243.453,35842.634,9063.427,8363.042000000001,6751.5419999999995
6557,7189.073,35785.349,8974.611,8359.52,6697.209000000001
6558,7661.206,36297.405000000006,9272.856,8430.299,7230.549
6559,7641.635,35252.267,13002.571,8849.038,7485.961
6560,7279.653,35462.01,15812.236,9546.801,7257.915000000001
6561,7703.267,37617.592,15892.576000000001,10332.555,7326.764
6562,8034.3910000000005,38219.573,16030.304,10985.203,7082.6939999999995
6563,8286.744,38653.019,16854.222,11377.867,7222.496
6564,8416.392,38660.130999999994,17218.682999999997,11593.659,7323.02
6565,8469.658,36984.087,16626.33,11508.269,7430.945
6566,8668.352,38723.871,16570.397,11220.585000000001,7928.7519999999995
6567,8602.25,40597.25,16858.159,10710.029,8493.721000000001
6568,8633.173,39431.986999999994,18246.32,10345.865000000002,8565.71
6569,9664.437,40041.174,17847.079999999998,9711.553,8679.556
6570,10745.993999999999,42371.752,13798.518,9220.479000000001,8964.277
6571,12574.169999999998,44781.087999999996,12786.919,9095.117,8940.143
6572,12601.164,46044.275,13255.062000000002,7813.115,8975.280999999999
6573,10693.385,46865.162000000004,13216.203,7797.755,9009.146
6574,10375.356,46396.603,13376.030999999999,7924.206,8866.343
6575,9279.441,44857.468,13519.445,8153.46,8671.254
6576,8392.695999999998,41576.79,12832.555,8161.134999999999,8170.711
6577,7740.941000000001,39607.024000000005,10536.078,8316.628999999999,8049.547
6578,7509.3550000000005,37732.002,9154.778,8380.591,7829.959
6579,6663.615,36981.513,8933.05,8370.665,7318.152999999999
6580,6506.711,36719.028000000006,8922.801,8375.983,6625.188999999999
6581,6499.899,36854.634,9022.24,8350.939999999999,6567.427
6582,7206.816,36104.858,10507.054,8345.266,7053.524
6583,7686.809,34686.458000000006,14220.651999999998,8750.024,7218.737
6584,7704.551,34391.716,17682.41,9414.421,6405.646000000001
6585,8138.629,35607.496,17841.67,10367.26,6804.191
6586,8678.954,36124.323000000004,17129.174,11074.237000000001,6909.09
6587,9155.621,36459.913,17520.087,11527.475999999999,7104.615
6588,9336.103,36530.129,17661.404,11606.421999999999,7201.463
6589,9266.428,35317.109000000004,16493.039,11520.048999999999,7099.915
6590,9302.11,37141.964,16593.843999999997,11250.737,7525.143
6591,9202.237000000001,38422.33500000001,17580.372,10708.117,7878.191000000001
6592,9303.491999999998,38086.990000000005,18811.982,10307.137,8327.729
6593,10027.818,39543.051,18682.381,9553.456,8524.855
6594,11416.971,41665.157,14906.68,8929.974,8968.712
6595,14292.449,43828.145000000004,13361.928,8765.609,9234.964
6596,13126.062000000002,45639.821,13353.17,8698.798,9396.212
6597,11323.928,45730.307,13364.731,8707.351999999999,9513.778999999999
6598,9951.595000000001,46005.194,13327.753,8710.834,9436.488000000001
6599,9600.626000000002,44390.907,13533.887,8484.709,8960.667
6600,8745.342999999999,41275.273,13096.047,8360.167,8465.789
6601,8444.231,38529.460999999996,11610.973,8395.557,8127.472000000001
6602,7663.946,37011.29,10651.107,8301.787,7550.891
6603,7576.468999999999,36447.420999999995,9675.714,8231.074,7438.661
6604,7605.893,35852.531,9156.797,8205.190999999999,7514.256
6605,7567.29,36166.35,9006.708,8206.019,7586.884999999999
6606,7570.4619999999995,36772.685,10127.913,8323.528,7553.971
6607,7724.755,36615.63,12900.514000000001,8682.695,7345.873
6608,8024.4890000000005,35077.16500000001,16641.690000000002,9340.431,7144.9580000000005
6609,8545.073,37335.321,16492.288,10136.15,7330.928999999999
6610,8951.536,38192.706999999995,16301.932,10831.962,7355.535
6611,9313.741,38985.165,16771.633,11333.177,7726.157
6612,9541.645,39298.626000000004,17029.374,11576.048999999999,7880.845
6613,9577.691,38023.556,15945.193000000001,11454.608999999999,7879.026
6614,9488.806,38753.511,17262.09,11094.261,7755.473
6615,9811.399999999998,38746.61,18148.424,10680.062999999998,8010.231000000001
6616,9715.725999999999,39304.373,18310.123,10230.460000000001,8107.267
6617,9915.891,41188.714,17211.303,9569.66,8070.657
6618,10193.314,44439.858,13773.845,9078.525,8872.894
6619,13139.925000000003,44656.4,13575.372,9000.285,9016.408
6620,13088.022,44677.335999999996,13723.217,8973.069,9201.684
6621,11494.410000000002,44744.506,13593.142,8892.75,9215.788
6622,10577.916000000001,44661.39699999999,13643.006,8772.123000000001,9143.186
6623,10206.375,42868.543999999994,13377.918000000001,8797.544,9065.364
6624,9040.804,41917.718,12235.257,8894.686,8481.612000000001
6625,8883.599,38944.754,10805.352,8900.053,8213.891
6626,8501.346000000001,37081.051,9430.359,8901.422,8166.34
6627,8137.26,35759.481999999996,8717.347,8897.081,7894.315
6628,7798.133,35647.752,8430.912,8895.476999999999,7337.661
6629,7063.33,35642.616,8114.989,8899.506000000001,7735.824999999999
6630,6649.152999999999,35809.112,7804.607,8950.747,7763.394
6631,6753.379,33004.356,9516.856,9261.509000000002,7887.013000000001
6632,6771.846,32781.369999999995,11444.869999999999,9619.31,7529.057000000001
6633,7581.331,32968.966,12099.588,10337.215,7499.107
6634,8147.495999999999,32120.930999999997,12348.123,10982.259,7303.418000000001
6635,8687.177000000001,31866.289999999997,12487.630000000001,11435.114000000001,7499.392
6636,9107.302,32135.253999999997,12577.224,11641.706,7739.53
6637,9288.681,31688.587,12408.125,11471.460000000001,8045.838
6638,8932.406,32395.358999999997,11981.861,11116.475,8034.91
6639,8614.599999999999,33210.684,11649.988,10724.29,7945.111
6640,8687.086,34832.171,11233.631000000001,10210.353,7870.887
6641,8550.593,37502.505000000005,11313.416000000001,9672.925,8540.737000000001
6642,9253.315,40469.762,11985.266,9120.059000000001,8691.356
6643,11335.344,44100.22899999999,12420.451000000001,8891.494999999999,9117.710000000001
6644,11402.641,44226.40400000001,12651.845,8979.545,9136.752
6645,9962.497000000001,42964.274000000005,12486.970000000001,9006.766,9174.813
6646,9012.312,42418.841,11761.793000000001,8998.652,9153.416000000001
6647,8684.744,41322.681,10791.207,9004.438,8881.029999999999
6648,8377.381,39457.231999999996,9929.087,8999.109,8574.931
6649,8497.943,38088.314,7953.982,8902.521999999999,8141.589
6650,8391.168000000001,37302.778,6821.535,8896.762,7402.474999999999
6651,8214.124,36092.411,5978.736000000001,8897.728,7136.914
6652,8071.943,35187.448000000004,5504.701,8893.692,6907.804
6653,7771.808999999999,34749.594,5491.021,8895.409,6784.145
6654,7175.088,34024.228,5579.778,8922.4,6813.484
6655,6693.369999999999,32182.403,6594.911,9054.930999999999,6672.686
6656,7144.597,29183.358000000004,8001.620000000001,9568.304999999998,6145.456
6657,7343.845,27914.763000000003,9029.087,9948.553,6266.988
6658,7770.0729999999985,26603.992,9878.703,10657.732000000002,6339.294
6659,8309.304,26506.322,10364.395,11168.672999999999,6619.884
6660,8565.15,27705.61,10611.365,11305.413999999999,6790.478
6661,8745.297,27688.778,10702.991000000002,11139.581,6687.403
6662,8564.715,27507.242000000002,10679.322,10803.126,6538.432999999999
6663,8229.242,28449.502999999997,10423.873,10400.897,6372.74
6664,8064.670999999999,30845.492000000002,10092.464,9891.905,6606.508
6665,7389.919,35507.942,10418.437,9497.215999999999,7207.941000000001
6666,8567.11,41328.581,9007.081,9088.278,8277.114
6667,11086.999,44115.882,10666.813,8896.654,8564.714
6668,11013.257,44544.76700000001,11520.171,8887.802,9159.179
6669,8849.015000000001,45470.327,11650.432,8904.648000000001,9199.627
6670,8076.033,45361.966,11815.66,8901.589,9093.211
6671,7805.679,44636.421,11348.875,8907.119,8629.685000000001
6672,7853.219,42679.492999999995,10219.506000000001,8845.751,8513.064999999999
6673,8019.945000000001,40325.637,8282.596,8871.534,8358.822
6674,8537.21,38164.513999999996,7889.442999999999,8602.916000000001,8005.475
6675,8296.72,37721.132,7566.589,7688.213,8011.487
6676,8049.403,37048.952999999994,7389.639,7674.985,7969.839
6677,8154.523000000001,36810.242999999995,7498.1900000000005,7632.601,7982.398999999999
6678,8135.192999999999,36989.821,8605.439999999999,7747.740000000001,8144.047
6679,8302.053,36148.24,11413.361,8115.961,8421.411
6680,8255.005000000001,36479.871999999996,13811.04,9272.198,8279.933
6681,9003.617999999999,38293.338,15100.346000000001,9888.549,8692.911
6682,9224.861,39432.80100000001,15941.027,10766.829,8811.559000000001
6683,9831.016,40239.447,16221.083999999999,11543.338000000002,9162.192
6684,10004.584,40674.299999999996,16686.58,11850.512999999999,9109.883
6685,10061.176000000001,39170.297,17147.522,11812.056,8570.055
6686,10467.465,40199.629,17926.824,11400.003,8718.345000000001
6687,11032.171999999999,41071.448,18429.767,10827.484,8555.585
6688,11132.796000000002,42419.106,18730.416,10092.446,8316.277999999998
6689,11911.14,43577.807,17966.013,9301.008,8272.829
6690,13203.795,44222.070999999996,14800.343,8693.563,8787.717
6691,14348.019999999999,46513.175,13127.583,8506.633,8984.095
6692,12046.493000000002,48719.056,13924.597,8510.758,8970.89
6693,10605.503,49682.811,14054.619999999999,8523.311,8981.802
6694,9790.374,50311.668999999994,14065.303,8542.23,8884.491
6695,9731.948,48103.30699999999,13892.889,8540.871,8709.527
6696,9193.334,45038.116,13486.761999999999,8492.087,8464.352
6697,8641.052,41721.602,12525.557,8395.84,8000.49
6698,7997.552,41221.76,9938.773000000001,8231.196,7903.414000000001
6699,7789.670999999999,40471.081000000006,8213.968,8199.988000000001,7935.777
6700,7885.785,39166.064000000006,8202.45,8170.026,7931.773
6701,7788.362000000001,38970.543999999994,8277.943,8046.794,7892.102000000001
6702,7550.963,39356.405,9080.637999999999,8378.103,7909.344999999999
6703,7818.407,37519.76,12750.426,9141.196,8235.081
6704,8452.659,35721.971,16853.355,9785.531,8208.654
6705,9034.384,37384.46799999999,17788.336000000003,10679.720000000001,8365.327000000001
6706,9204.338000000002,38419.193,17333.877,11515.58,8327.212
6707,9535.409,39128.745,16929.87,12016.492,8490.17
6708,10025.519999999999,38589.505,16543.215,12378.672,8512.878
6709,10153.417000000001,37077.905,15811.905999999999,12272.050000000001,8414.164
6710,10218.14,37162.902,17650.186,11891.035,8299.447
6711,10813.007,37565.096000000005,18749.207,11223.195,8157.835
6712,10629.583,39094.92600000001,18411.367,10487.090999999999,8137.325999999999
6713,10731.365,42158.148,16517.703,9647.016,8334.068
6714,10830.426000000001,43917.698,13151.247,9093.831,8922.671
6715,12358.817000000001,45938.757,12091.501,9061.858,8981.720000000001
6716,11726.93,48087.382,11722.900999999998,9147.457999999999,8844.796
6717,10597.508000000002,47980.878000000004,11960.666,9164.672999999999,8801.807
6718,9833.892,47955.491,11809.799,9148.975999999999,8803.878999999999
6719,8673.439,47115.659,11657.01,9098.010999999999,8609.909
6720,8162.615,44267.515999999996,10685.95,8984.229,7852.465
6721,7887.284000000001,42151.17,9280.533,8942.542000000001,7160.726
6722,7841.665000000001,40204.4,8059.188,8905.072,7015.256
6723,7771.903,39010.072,6881.148999999999,8893.659,7268.0689999999995
6724,7576.500000000001,38522.779,6757.994000000001,8872.227,7041.203
6725,7498.143,38447.962,6673.419,8875.335,7230.655000000001
6726,7588.811,38145.258,8030.2300000000005,8934.625,7534.15
6727,8214.818,36680.897,11171.366,9267.023,7745.058999999999
6728,9031.964,36063.375,13650.975999999999,9754.941,7560.034000000001
6729,9304.128999999999,37081.748,14905.849,10451.281,7595.721
6730,9225.051,37524.954000000005,15452.287,11111.216999999999,7447.331999999999
6731,9557.772,38065.599,15942.217,11642.642,7045.985000000001
6732,10011.776999999998,38376.062,15797.068,11891.349,7055.201999999999
6733,10017.505000000001,36829.942,15324.784,11819.366999999998,7210.281
6734,9871.252,37613.995,16435.896,11455.819,7171.645
6735,9676.846,37478.210999999996,18310.438000000002,10897.396999999999,7272.925
6736,9488.69,38949.853,18812.985,10334.038,7316.085
6737,10081.755,40903.294,17295.138,9679.704,7913.861999999999
6738,10920.507000000001,42025.292,13474.037,9344.467999999999,8368.262999999999
6739,11895.932,45074.093,12736.722,9221.857,8697.760999999999
6740,10962.623,46938.382,12873.283000000001,9233.817000000001,8607.557
6741,9248.504,47908.668999999994,12427.777000000002,8912.986,8683.541
6742,8719.574999999999,48057.059,12213.014,8495.534,8675.478
6743,8641.76,45350.507999999994,12095.883999999998,8470.988,8568.01
6744,8677.257000000001,42650.655,10969.581,8329.396,8389.966
6745,8492.580000000002,39852.31800000001,9265.724,8917.896999999999,7693.601000000001
6746,8291.885,38158.489,7997.816999999999,8866.493,7428.224
6747,7927.459999999999,37480.587,7185.946,8832.955,7169.591
6748,7806.744000000001,36809.153,7013.5599999999995,8805.123,7071.427
6749,7801.4439999999995,36620.032999999996,7032.349,8766.840999999999,7117.793
6750,7930.758,37620.573000000004,7542.968,8870.183,7363.585
6751,8357.823,37827.968,10197.761,9367.604000000001,7630.972
6752,8609.871000000001,37325.835,14390.382,9986.489000000001,7258.744000000001
6753,9085.192,38178.478,15698.938999999998,10760.644999999999,7393.863
6754,8740.123,38870.639,16900.876,11298.69,6801.687
6755,8522.755,39730.816999999995,17256.961,11710.096000000001,6537.767
6756,8311.408,39409.058,17305.202,11892.127,7013.889
6757,8208.457999999999,37653.096000000005,16143.499,11790.058,7084.647
6758,8442.642,38835.975000000006,16055.564,11485.998,6886.564
6759,8538.764,39149.564,17746.092,10877.672,6986.630999999999
6760,8725.855,40098.985,18279.015,10324.817000000001,7190.156
6761,9109.327000000001,42216.689000000006,17107.86,9694.440999999999,8122.656
6762,9732.735,44239.744,14051.841999999999,9288.119999999999,8795.331
6763,11502.498000000001,46316.727,13248.262999999999,9093.579,9137.416
6764,11325.709,47091.064,13248.903999999999,9043.342,9380.688
6765,9959.017,46704.649000000005,13434.851,9024.452,9417.463
6766,9918.499,45947.979,13300.102,8953.8,9383.615
6767,9972.534,43606.474,12761.743999999999,8899.512,9019.565999999999
6768,9199.204,40755.581999999995,11585.015,8924.255000000001,8663.591
6769,8339.242999999999,38667.707,10481.071,8896.23,7776.861
6770,8247.621000000001,37328.675,8642.042000000001,8878.238000000001,7428.121999999999
6771,7883.78,36735.118,7708.3910000000005,8864.614,7090.723
6772,7553.176,36303.749,7492.986000000001,8835.800000000001,7082.347
6773,7403.282999999999,36302.613,7617.875,8841.712,7111.005999999999
6774,7645.853999999999,36789.302,8158.249,8884.456,7525.11
6775,7601.704,36927.316,11138.576,9203.532,7721.599
6776,8211.810000000001,37310.011,13989.308,9686.383000000002,7575.254
6777,8679.724,39046.729999999996,14937.511999999999,10373.867,7440.014999999999
6778,9178.321,40012.79,14605.334,10845.246,7622.227
6779,9817.067000000001,40722.07000000001,14803.581,11149.701,7897.758
6780,9995.783,40864.859,14332.64,11193.771,7955.92
6781,9810.31,37984.142,15170.874,11021.908000000001,7490.169
6782,9934.770999999999,39023.929000000004,15271.599,10878.053000000002,8046.096
6783,9937.642000000002,39222.22,16126.976,10534.123,8690.465
6784,9564.314,39257.437999999995,16668.266,10017.931,8730.855
6785,9972.815,38171.182,17953.979,9545.581999999999,8807.955
6786,11233.057999999999,40729.151000000005,14928.14,9180.573,8937.589
6787,12935.423999999999,43475.416000000005,14072.639,8998.655,8853.98
6788,12561.036,44841.551,13591.033,8962.862000000001,9072.851999999999
6789,10319.097000000002,44931.081999999995,13567.485,8987.659,9144.136999999999
6790,9453.949999999999,44988.02099999999,13694.383,8556.188999999998,8937.828000000001
6791,9585.231000000002,43668.277,12630.321,8460.136,8714.350999999999
6792,9566.162,40677.138,12138.953,8459.652,8225.313
6793,8706.778,38863.742,10700.426,8455.21,7812.322
6794,8490.392,38119.186,8298.913,8409.169,7691.1849999999995
6795,8260.083,36595.615,7462.8009999999995,8581.940999999999,7538.272
6796,7757.019,35795.029,7147.132,8986.544,7344.624
6797,7445.686000000001,35616.284999999996,7057.791,9003.408,7358.062
6798,7588.545,35038.009,6981.167,9024.493,7468.812
6799,7379.552000000001,34376.71,8026.248,9079.766,7605.813
6800,7505.879,35054.709,9885.275,9432.201,7268.991
6801,8027.812,34313.706,11103.071,10110.071,7234.431
6802,8771.452,33382.012,11916.157,10839.019,7200.653
6803,9327.006000000001,32577.089999999997,12275.21,11362.350999999999,7363.38
6804,9690.743,32419.11,12393.350999999999,11588.006,7511.531999999999
6805,9562.566,31949.289,12210.701000000001,11503.535999999998,7360.394
6806,9357.581,32192.304000000004,12061.858,11177.489,7124.544
6807,9086.794,33635.746999999996,11742.045000000002,10578.164,6925.1
6808,9364.369999999999,34710.086,11663.975999999999,9829.964,7099.753000000001
6809,10328.447000000002,34047.989,12051.562,9244.494999999999,8028.856
6810,11158.449999999999,35933.123999999996,12601.990000000002,8827.997,8686.076000000001
6811,12997.777999999998,39742.247,12631.456,8649.848,9395.159
6812,12718.255,41090.399,12520.934000000001,8662.483,9464.09
6813,11377.297,40971.99100000001,11604.231,8674.559000000001,9516.712
6814,10010.003999999999,40951.109,10802.264000000001,8587.4,9493.091
6815,9689.657000000001,39873.64,9843.549,8566.161,9128.501
6816,9128.808,38959.656,9074.73,8529.521999999999,8624.678
6817,8682.713,37623.609000000004,8069.084,8391.244999999999,8362.720000000001
6818,8203.553,36776.215,6188.73,8261.827000000001,8361.265
6819,7868.519000000001,36733.74799999999,5077.86,8265.060000000001,7571.637
6820,7323.054999999999,36308.114,4598.566,8289.87,7350.4310000000005
6821,7068.129,35903.887,4482.867,8283.412,7159.405000000001
6822,7017.615,35113.294,4503.709,8349.63,6891.642
6823,6178.279,33302.452,6521.5869999999995,8760.421,5858.623
6824,6020.383,32299.934,8693.73,9473.592999999999,5055.317999999999
6825,6564.375999999999,31076.314000000002,10291.688,10237.766,4843.201
6826,6768.168999999999,30636.499,11461.135,10881.68,4739.489
6827,6963.053,30879.176,11940.24,11241.830999999998,4834.63
6828,7521.368,31646.302000000003,12361.724,11307.403999999999,4909.614
6829,7709.503000000001,31537.208,12073.402,11228.839,4861.647999999999
6830,7640.873999999999,30973.697999999997,11536.670000000002,11006.314,4709.027
6831,7552.883,31522.045999999995,10909.964,10472.547,4684.91
6832,7310.223,33081.445,10558.886,9795.417000000001,5014.610000000001
6833,7584.441,35201.273,10551.338,9101.909,6019.618
6834,9076.008,36523.566999999995,10120.166,8622.069,7903.5470000000005
6835,11403.594,38607.483,10703.462,8492.244,8871.853
6836,11990.145,40022.666,9887.796,8480.209,9153.717
6837,10609.731,40377.61,9804.505,8460.983,9406.633
6838,9431.309000000001,41395.022,9469.521,8428.068,8998.355
6839,8848.67,41990.568,8369.844000000001,8407.443,8454.232
6840,8166.48,40027.42600000001,8022.858,8421.945,8035.08
6841,7033.702000000001,38437.538,8487.511999999999,8342.192,6805.965
6842,6558.135,37422.488,8262.896999999999,8293.022,5929.47
6843,6558.7119999999995,36582.706999999995,7995.06,7897.8009999999995,5794.243
6844,6486.5289999999995,36301.758,7991.8330000000005,7716.535,5522.097
6845,6676.401000000001,36631.644,7916.276,7719.914,5490.534
6846,7130.774,37204.356999999996,8207.005000000001,7782.108,6254.695
6847,7944.813999999999,38582.225,9253.384,8197.981,7165.069
6848,8999.494,38774.083,11962.952000000001,8926.027,7626.32
6849,10034.903999999999,40806.613,13560.360999999999,9673.668,7865.896999999999
6850,10757.616999999998,41585.44899999999,15059.71,10407.189,7268.400000000001
6851,11339.829000000002,41272.127,17126.215,11004.933,6990.433
6852,11945.669,39980.960999999996,17625.944000000003,11153.896,7649.904
6853,12128.606,38375.928,17282.697,11060.12,7672.139
6854,11802.399000000001,39175.387,18289.92,10641.874,7562.272
6855,11525.103,41098.537,18642.314,10134.73,7385.826
6856,11654.079000000002,41601.657,18225.275,9636.151,7318.028
6857,11722.585,41769.191999999995,16488.58,9113.243,8440.978
6858,12163.091,41788.853,14376.804,8708.28,8653.679
6859,13884.101999999999,44066.204,13061.706,8683.591,8740.812
6860,13611.598,46103.144,12836.358,8703.799,9277.470000000001
6861,12117.493,47114.119999999995,12482.191,8699.153999999999,9423.632
6862,10711.935999999998,46843.704,12885.738000000001,8658.453,9518.911
6863,9722.260999999999,44591.944,12735.201,8552.577,9422.788
6864,8737.637,42570.15800000001,11479.434000000001,8535.543,8365.05
6865,7297.43,40719.206,10440.603,7408.996,6094.616
6866,7727.01,39723.007,12039.976999999999,5168.882,4250.468000000001
6867,7389.752999999999,39336.797000000006,10972.337,5225.5650000000005,5210.752
6868,6839.17,38584.67600000001,10258.854,5511.685,5958.079
6869,7070.073,38008.047999999995,10640.52,5483.635,5952.767
6870,7353.700999999999,38527.608,11123.18,5805.264,6455.867
6871,7619.755999999999,38642.955,12970.726999999999,7009.174000000001,7322.031999999999
6872,8320.279,39793.178,14861.84,7827.67,7864.703
6873,8471.974,41330.717000000004,16140.393,8155.741000000001,8288.760999999999
6874,8841.396999999999,41549.705,16315.705999999998,8893.838,8073.415
6875,9126.579999999998,42873.555,16288.883999999998,9560.358,7702.689
6876,9318.51,43190.770000000004,16595.787,9654.201000000001,7390.938
6877,9294.713999999998,41444.597,15728.497,9424.91,7020.921
6878,9275.599,42090.249,15980.289999999999,9102.231,7465.104
6879,9194.337,42813.021,16478.521,8473.992,8345.621
6880,9069.73,43509.959,16504.449,7946.53,8671.221
6881,10804.286,43573.371,15667.033,7418.96,8797.618999999999
6882,12489.385,42057.168,14013.819,7733.008999999999,9280.777
6883,14346.657000000001,43230.854,13220.17,8223.472,9392.268
6884,14201.993999999999,45227.840000000004,12987.966,8280.074,9400.707
6885,11948.514000000001,45710.912,13125.579,8346.28,9503.428
6886,10360.906,45824.907999999996,13441.871,8167.535,9475.326
6887,9984.322,44337.878,13234.669000000002,7606.921,9174.529999999999
6888,9300.445,41730.673,12413.704,7465.835,8660.438
6889,7978.995999999999,40124.47,10662.645,7370.5830000000005,8354.437
6890,7228.328,38915.849,9851.833,7212.986000000001,8003.893
6891,7030.219,38049.29,9002.555,7189.620999999999,7513.996
6892,6903.3150000000005,38235.244999999995,7455.372,7205.688,7835.967
6893,6866.856,38276.964,7532.671,7217.406,7735.589
6894,6936.123999999999,38769.75399999999,8187.782999999999,7314.022,7456.543
6895,7229.408,39218.239,9236.414,7725.0,8044.9580000000005
6896,7684.961,39008.609,12454.775,8335.537,8006.738
6897,8449.859,39373.144,13761.480000000001,9047.277,7700.057
6898,9006.896999999999,39609.811,14074.261,9627.25,7267.682
6899,9502.243999999999,40046.918000000005,14916.868,9986.252999999999,7492.33
6900,9795.609,40223.375,15303.225999999999,10151.253,7568.299999999999
6901,9747.533,38985.031,14788.099999999999,10069.597000000002,7551.983
6902,9634.391,40964.291000000005,14625.336,9827.299,7705.669
6903,9517.377,41864.298,15589.564999999999,9364.31,8097.946000000001
6904,9659.187999999998,41963.044,15975.399,8815.638,8783.585
6905,10065.860999999999,43184.572,15880.251,8183.789,8523.223
6906,11012.447,43686.612,14260.568,7753.595000000001,9065.889
6907,13342.546,45021.151,13741.401,7582.857999999999,9282.367999999999
6908,13787.273,46555.374,13555.622,7559.927000000001,9421.74
6909,12075.780999999999,46953.688,13419.308,7578.695000000001,9418.122
6910,10857.820000000002,47381.914,13155.572,7586.621999999999,9311.383
6911,10609.621,45854.969000000005,12456.514,7401.308999999999,8969.161
6912,9868.483,43391.472,11360.713,7370.731000000001,8290.971
6913,8679.161,41539.931,9843.34,7334.343,7776.105
6914,7779.324,40662.367,8254.37,7306.076000000001,7425.969
6915,7375.407000000001,40008.798,7617.078,7295.525,6982.320000000001
6916,7199.907999999999,39586.425,7059.008,7293.009999999999,7002.790999999999
6917,7082.696,39862.952,6789.932000000001,7289.7919999999995,7073.115
6918,6845.039,40611.15699999999,6923.469,7397.724,7655.967999999999
6919,6870.411,40784.386,9201.048,7683.026000000001,7978.1849999999995
6920,7120.035999999999,39476.84,13338.938,8314.11,8207.803
6921,7611.282,40002.145,15331.435,9069.466,7826.210999999999
6922,7957.115,40754.537,16217.002,9606.726,7054.482
6923,8209.176,42032.433999999994,16508.258,10062.403,7165.939
6924,8112.134,43268.299,16239.624,10315.288999999999,7472.476000000001
6925,8192.347,42724.91,15702.675,10249.832000000002,7259.023999999999
6926,8754.33,43581.735,16199.729,9960.710000000001,8130.903
6927,8472.076000000001,44163.554000000004,18178.595999999998,9415.071,8313.079
6928,8895.673999999999,44788.420000000006,18492.838,8690.778999999999,8458.123
6929,10120.506,45136.273,17363.845,7911.018,9263.158
6930,11871.679,45133.702,14548.471,7286.405,9467.189
6931,14256.839,46282.78400000001,13706.303,7155.92,9579.538
6932,13528.009000000002,48056.634,13861.11,7158.725,9293.888
6933,11388.592,48387.674,13992.204000000002,7160.566000000001,9433.48
6934,10843.089,48523.58,13768.238,7140.312,9338.526
6935,10135.829,46813.584,13640.309000000001,6967.264,9309.69
6936,9119.043,44797.83,12583.082,6939.51,8965.403
6937,8378.677,43608.426,10238.32,6890.909000000001,8478.441
6938,7554.362,41829.2,9325.654999999999,7018.985000000001,8395.444
6939,6800.932,40883.087,8584.874,7056.44,8260.382
6940,6701.067,40499.78,7642.131,7159.37,8192.62
6941,6545.335,39958.747,7559.362999999999,7297.093000000001,8310.656
6942,6511.747,40700.583,7884.231,7469.392,8278.564
6943,6745.781999999999,40689.257,10065.951000000001,8206.291000000001,8137.953
6944,6573.106,40324.623,14448.744999999999,9097.172,7396.251
6945,6982.07,41523.367,16323.928,9953.163999999999,7482.191000000001
6946,7386.077,42171.809,17400.402000000002,10602.740000000002,7175.484
6947,7755.326999999999,43080.037,18176.254,10996.815999999999,7304.383000000001
6948,7919.182,44641.765,16855.956,10926.630000000001,7730.369
6949,7915.5560000000005,43704.058000000005,17355.209,10562.04,7425.557
6950,8225.463,44453.965000000004,18450.962,10293.282,8438.525
6951,9044.045999999998,44863.155,18833.701,9711.382,8500.954
6952,9540.734999999999,44561.46400000001,19235.689,8907.335,8898.28
6953,11324.002,44598.134,18214.121,8086.367,9102.165
6954,13376.107,44656.499,14789.967,7571.195,9371.799
6955,14835.715999999999,46972.12,13545.76,7441.715,9399.718
6956,14025.154,48419.941,13209.680999999999,7436.243,9156.778999999999
6957,11803.579,48885.018,13413.556,7277.927000000001,9115.698
6958,10304.342,48870.23,13261.332,7251.406,9299.744999999999
6959,9947.653999999999,47259.456000000006,12803.092,7266.9980000000005,9153.567
6960,9805.880000000001,45332.102000000006,12444.348,7483.714,8683.432
6961,9174.541,44142.037000000004,10945.604,7593.17,7908.322
6962,8582.767,42717.576,9434.748,7452.198,7901.4529999999995
6963,7914.3060000000005,42257.816,8366.708999999999,7242.431,7900.0740000000005
6964,7525.034000000001,41957.80100000001,7715.725,7207.633,7700.620999999999
6965,7536.5,41877.776999999995,6836.9529999999995,7207.996,8085.935
6966,7516.6359999999995,41084.019,6577.96,7343.0,7953.715
6967,7348.896,39361.713,8943.364,7830.022,6657.594
6968,7683.354,38060.318,11258.577,8579.085000000001,6711.2970000000005
6969,8106.486999999999,39468.377,12972.898000000001,9455.261999999999,6572.68
6970,8810.369,40778.024000000005,13181.537999999999,10127.648999999998,6353.88
6971,9166.817000000001,40899.594,13210.640000000001,10482.06,6753.7880000000005
6972,9514.234,40373.44,13068.657,10516.408000000001,7191.086
6973,9695.456999999999,38784.64599999999,12898.255000000001,10223.560000000001,7204.548000000001
6974,9549.063,38583.01,12351.637,9768.247,7170.616
6975,9194.18,37362.661,12715.311000000002,9124.363,7928.602000000001
6976,9637.286,36607.62700000001,12815.598,8355.716,8366.637999999999
6977,11028.818,35644.53,13483.135000000002,7724.884,8760.287
6978,12602.275000000001,36919.78,13200.24,7346.656,8838.495
6979,13777.161000000002,40236.412000000004,12874.897,7333.64,9607.423999999999
6980,12744.097,42578.087999999996,12276.608,7544.451,9512.665
6981,11187.551000000001,43022.66700000001,11589.229,7572.546,9172.423999999999
6982,9868.236,43140.122,11127.605,7581.970000000001,9126.079000000002
6983,8610.111,41409.596,11736.021999999999,7398.262000000001,8916.043
6984,7920.629,39081.842000000004,12454.706,7209.119000000001,8003.025
6985,7286.747,37719.554000000004,9884.809000000001,7113.137999999999,7997.805
6986,7360.194,37198.637,7275.170999999999,7068.182000000001,7986.199999999999
6987,7221.5689999999995,36463.746999999996,5867.949,7620.343000000001,7529.964
6988,6834.402999999999,35723.448000000004,5701.392,7656.652,7417.435
6989,6757.967000000001,34974.548,5570.0779999999995,7679.869999999999,7377.52
6990,6699.34,33826.348999999995,5067.697,7900.352,7506.117
6991,6330.794,32188.421,6624.934,8208.155,6817.254
6992,6359.656000000001,30635.72,8474.5,8650.630000000001,6043.079
6993,6838.741,29339.641,9584.922,9066.289,5300.848
6994,7430.228999999999,29147.294,9482.498,9422.668,5003.4349999999995
6995,7959.206000000001,29429.486,10037.971000000001,9752.341,5045.375
6996,8293.325,29900.199,10548.72,10034.345000000001,5260.052
6997,8239.969000000001,29704.192000000003,10563.085,10064.539,5416.464
6998,7980.827,29356.735,10391.36,9825.334,5284.113
6999,7726.745,29755.765000000003,9909.917,9426.603000000001,5788.603999999999
7000,7458.843,31016.764,9049.776,8857.467,6061.994
7001,7715.657,31851.587,9994.586,8484.526,6582.154
7002,8998.225999999999,34618.815,10724.86,8047.589,7252.064
7003,12593.899000000001,36762.487,11261.372000000001,7916.35,7771.558
7004,12957.853000000001,37134.009999999995,11827.601,7799.51,8590.353
7005,11875.923,36060.7,11735.744,7735.578,9651.873
7006,10942.528,36696.214,10439.858,7688.368,9628.993999999999
7007,10373.139,35654.301,9862.081,7792.278,9257.612000000001
7008,9075.335000000001,34768.479,9230.838,7828.182,8241.510999999999
7009,8500.692000000001,32628.456,8452.831,7833.871999999999,8201.275
7010,7708.610000000001,31101.629,7903.486,8410.773,8165.442000000001
7011,7632.097,30251.372,7654.244,8509.482,8130.026
7012,7609.941,29404.947999999997,7704.177,8611.589,8158.8279999999995
7013,7592.363000000001,29110.623,8423.958,8602.053,7993.345
7014,7652.553,30624.255,8466.01,8687.326,7931.193
7015,7831.6669999999995,34148.931,8074.329,9064.627,8167.824
7016,7799.174,37589.25,8101.437,9717.196,7281.31
7017,8382.264000000001,38901.411,9350.792,10365.963,6632.174999999999
7018,8964.024000000001,37882.88100000001,10789.978,10924.442000000001,6543.522
7019,9171.512999999999,38898.513999999996,11470.83,11340.678,6585.442
7020,9515.03,39683.711,11621.437999999998,11473.237000000001,6687.407999999999
7021,9357.878,38331.418999999994,11335.082,11333.842,6283.864
7022,9263.181,38016.887,12565.279,11000.100999999999,6369.067999999999
7023,9663.697,38153.850000000006,12709.828,10573.373,6355.577
7024,9389.064,38900.492,13238.076000000001,10048.312,6895.746
7025,9520.815,39786.221000000005,13136.363000000001,9504.3,7943.1630000000005
7026,9612.082,40509.479999999996,12481.241,8729.723,8149.524
7027,11639.658,42285.201,12180.665,8553.768,8804.837
7028,12273.767,43793.348,12810.289,8824.132,8871.207
7029,10624.635999999999,43486.918999999994,12888.018,8909.545,8783.043
7030,9663.44,43680.19,12568.466,8709.940999999999,8540.458
7031,9095.521,41909.97,11798.221,8679.375,7778.944
7032,8244.857,38849.159,10468.133,8694.974,6855.695
7033,7769.130000000001,37837.37,7461.562,8736.734999999999,6779.589
7034,7563.868,36985.481,5651.884,8760.451,6416.111
7035,7357.837000000001,35991.977,5295.114,8780.864000000001,6013.831
7036,7216.894,35331.793999999994,4982.22,8778.554,6246.446
7037,7313.433,35422.504,4995.728,8992.491,6036.971
7038,7329.223999999999,37293.851,4933.625,9169.690999999999,5971.612999999999
7039,7663.371999999999,39028.975999999995,6404.73,9694.235,5774.327
7040,8141.218000000001,38445.011,8897.532,10450.527,5780.089
7041,8585.423999999999,36909.272,10886.083,11129.851,5918.374
7042,9040.426,35882.145000000004,12067.333999999999,11600.965,5877.744
7043,9195.874,37223.741,12613.354,11848.803,6010.214
7044,9090.437000000002,37911.197,12587.456,11988.276,5943.8189999999995
7045,9075.302,36302.757,11942.527,11862.347,5877.516
7046,9743.505000000001,36941.134,11824.345000000001,11615.809000000001,5958.450000000001
7047,9590.639,39274.047000000006,10948.491,11079.61,6203.664000000001
7048,9120.387,40810.12,11523.982,10502.74,6363.273
7049,8924.033000000001,41098.137,12590.483,9975.815999999999,7144.147
7050,8975.592999999999,42212.922999999995,11814.058,9590.811,7518.2390000000005
7051,10411.983,44883.151,11304.137999999999,9551.281,8464.172999999999
7052,10999.382,45827.748,11395.960000000001,9578.774,8994.106
7053,9598.961,45947.712,10959.924,9590.373,8990.083999999999
7054,8870.051,44704.89499999999,10942.189,9402.41,8974.707999999999
7055,8470.785,41941.794,10664.635999999999,9318.416,8410.768
7056,7811.397000000001,39243.392,9792.007,9291.432,6847.526
7057,7559.9130000000005,37793.321,7397.022,9271.518,6195.706
7058,7443.646000000001,36669.651,5288.838,9254.061,6231.863
7059,7028.1230000000005,36473.528999999995,4680.105,9213.17,5636.938
7060,6696.379000000001,36776.937,4527.701,9200.071,5188.878000000001
7061,6601.28,36935.302,4635.716,9231.707999999999,5226.239
7062,6646.294,38127.643000000004,5036.384,9346.261,5411.704
7063,7093.641,36519.72,8154.235,9696.951000000001,6472.867
7064,7585.616000000001,35382.951,11024.692,10259.918000000001,5970.972
7065,8062.058,35306.901,11764.623,10867.828000000001,5812.0
7066,8562.318000000001,35142.429,12435.335,11443.073,5766.563
7067,9295.685,35947.752,13111.858,11865.046,5677.061
7068,9455.938,37000.146,13041.083999999999,11990.768,5937.331
7069,9096.587,35275.24,12667.842,11890.969,5882.84
7070,9345.197,35765.221,12873.179,11602.124,5916.811
7071,9639.34,36753.058,13159.282,11104.78,6400.063
7072,9364.247000000001,38117.836,13243.076000000001,10561.86,7185.347
7073,8942.008000000002,39154.602,15142.346,10065.476,7093.061
7074,9002.324,42280.199,12801.027,9676.974,7355.432
7075,10933.998,44520.394,12133.166,9519.511,8418.665
7076,11351.99,45005.873,11906.134,9487.142,9530.54
7077,9593.946,45234.524999999994,11833.296999999999,9485.058,9610.26
7078,9200.017,44276.364,11927.496,9384.094,9147.066
7079,8473.437,42374.488,11414.02,9287.949,8337.583
7080,7501.7029999999995,40441.39,10650.383,9236.646999999999,6954.509
7081,6654.518,38647.839,9713.497,9170.825,5284.335
7082,6494.301000000001,37442.095,8279.048,9148.594000000001,4826.113
7083,6028.563999999999,37284.248,6892.429,9104.796,4818.618
7084,5953.619,37535.869999999995,5559.522000000001,9083.103000000001,4989.808
7085,6033.984,37617.611000000004,5530.964,9079.707,5109.696
7086,6211.048,37911.583000000006,6491.428,9223.939,5291.317
7087,6580.7750000000015,37170.433,9473.876,9733.57,5941.818
7088,7050.707,35873.46799999999,11563.431999999999,10448.515000000001,5851.896000000001
7089,7662.929999999999,35050.783,12440.293,11228.663,5791.344
7090,8429.477,34404.276,13120.855,11856.314,5730.965
7091,9038.331,35381.872,13647.272,12298.746,5718.722
7092,9272.949999999999,36046.149999999994,13852.498,12452.141000000001,5867.418
7093,9240.987000000001,34643.118,13553.356,12251.364000000001,5805.737999999999
7094,9847.267,35634.723,13668.581999999999,11860.155999999999,5873.143
7095,9722.31,38089.295000000006,13446.449,11319.288,5794.678
7096,9028.588,40331.736000000004,13950.074,10727.432,6010.528
7097,8723.394,42501.539000000004,13762.725,10116.64,6960.249
7098,8939.321,43200.059,13066.676,9689.062,7616.955
7099,11017.820000000002,44342.316000000006,12692.171,9527.345000000001,8661.687
7100,11257.715,45404.226,12695.342,9513.579000000002,9152.129
7101,9506.809000000001,45354.16100000001,12603.607,9516.176,9271.159
7102,8750.369999999999,45294.177,12518.519,9392.315999999999,9052.605
7103,8593.811,42684.28,12252.15,9269.923,8613.298999999999
7104,8087.862999999999,40326.446,11866.715,9224.539999999999,6861.91
7105,7294.887,38366.950000000004,10763.483,9149.968,5956.934
7106,7254.004000000001,37846.044,8384.982,9133.408,5546.358
7107,7398.579,37718.915,6315.659,9122.48,5405.011
7108,7159.311,37788.877,5737.584,9130.16,5375.601
7109,7173.719000000001,37884.412,5744.664000000001,9094.436,5579.6
7110,7216.391,37632.11,6874.576,9259.406,6104.624
7111,7337.728000000001,38229.676999999996,9692.069,9828.969000000001,5827.679
7112,7473.589999999999,38068.956000000006,11543.124,10569.690999999999,5632.468
7113,8041.081,37383.991,12711.649,11435.345000000001,5780.655
7114,8332.796,36705.49,13609.358,12078.835,5823.271
7115,8769.713,37339.40700000001,14268.911,12428.630000000001,5993.079
7116,9030.601,37822.555,14518.319,12491.569000000001,6301.737999999999
7117,8925.848,36477.740000000005,14186.54,12370.666000000001,6084.387000000001
7118,9192.131000000001,37961.625,14077.714,12065.871,6403.994000000001
7119,8727.123,39833.205,14465.674,11558.209,6411.467000000001
7120,8196.418,41060.242,14581.409,10919.344000000001,6719.009
7121,7943.6669999999995,41752.477999999996,14991.511,10168.002999999999,7453.51
7122,8789.995,42029.967,13520.703000000001,9676.296999999999,8583.374
7123,11760.441,43646.622,12393.756000000001,9474.721000000001,9296.271
7124,11484.76,46162.403,12441.657,9462.835000000001,9489.913
7125,9246.272,46395.87500000001,12338.904999999999,9455.708999999999,9391.736
7126,8189.966,46483.17600000001,12445.286,9272.511,9183.684
7127,7932.159000000001,44494.3,12194.309,9232.551,8801.295
7128,7634.442000000001,42122.409,11759.371000000001,9228.408,7641.798
7129,6953.619,40667.74,9998.02,9192.916000000001,6948.488
7130,6807.786,39550.554000000004,7553.424000000001,9196.558,6964.8009999999995
7131,6648.898,38833.44099999999,6207.006,9192.986,6822.063
7132,6696.195,38169.179,5991.235,9174.374,6285.219
7133,6875.354,37661.094,6012.951,9141.581,6080.781999999999
7134,6592.648,37235.105,5885.053,9231.532,6074.278
7135,6239.638,35481.399999999994,8027.596,9707.193000000001,6004.348
7136,6307.659000000001,34374.518,10013.098,10385.675,6010.335999999999
7137,6632.901,34059.549000000006,11425.097,11175.779,5956.0779999999995
7138,7382.526999999999,33741.394,12326.045,11912.982,5690.0560000000005
7139,7825.211999999999,34393.769,12812.805,12388.303,5667.522000000001
7140,8060.978,35384.852999999996,12612.376,12443.663,5911.26
7141,8132.922,35214.35400000001,12194.781,12257.475000000002,5838.316
7142,7910.664,35390.484,11803.374,12017.822,5701.045
7143,7870.426,36286.151,11265.029,11624.294000000002,5770.61
7144,7734.193,38118.735,11004.725999999999,10713.071,6419.414999999999
7145,7645.270999999999,39368.313,11587.992999999999,9813.627,7461.251
7146,8355.408,41390.473,11743.720000000001,9286.741,8276.551
7147,11783.572,43396.247,11672.997,9049.863,9417.517
7148,11691.116000000002,44651.812999999995,11876.735,9020.143,9454.029999999999
7149,9128.721999999998,44747.62300000001,12053.89,8979.379,9272.922999999999
7150,7847.900999999999,44049.421,11646.131000000001,8991.059000000001,9191.286
7151,7526.643000000001,42283.78999999999,11641.769,8978.851999999999,8397.89
7152,7435.84,40468.88,10906.812,8981.319000000001,7600.8369999999995
7153,6937.749999999999,39793.57,8414.639,9018.721,7380.073
7154,6845.977,39208.92699999999,5989.236,9045.764,7256.581
7155,6731.156999999999,38160.16300000001,5194.839,9032.613,6861.791
7156,6510.815,37506.469,4678.72,9021.567,6812.44
7157,6348.153,37122.534999999996,4451.066,9021.848,6628.566
7158,5929.347,36038.108,4870.960999999999,9118.878,6045.981
7159,5472.898999999999,35277.573,6245.053,9518.645,5202.848
7160,5907.268,31363.522,8386.63,10361.118999999999,5115.234
7161,6349.9710000000005,29325.555000000004,9983.099999999999,11191.297999999999,4991.846
7162,6841.942000000001,28970.782,10795.802,11932.706000000002,4908.4490000000005
7163,7299.715,29452.47,11057.113000000001,12384.916000000001,4765.15
7164,7547.874999999999,30430.063000000002,11258.994999999999,12363.284000000001,4965.924
7165,7473.375,30945.002,11240.005000000001,12239.001,4950.683
7166,7247.423999999999,30699.224000000002,11224.679,11915.993,4919.374
7167,6679.880999999999,31582.142,10969.501,11397.322999999999,5107.996
7168,6342.843000000001,33698.622,10640.493999999999,10745.028999999999,5666.696
7169,6235.531999999999,36738.131,10029.715,10070.641,7107.308
7170,7213.704000000001,40253.58899999999,9457.168,9620.338000000002,8584.009
7171,9465.752999999999,42892.96,10044.670999999998,9555.017,9417.037
7172,9495.223,44440.185,10332.912,9567.599,9598.164
7173,7997.681,44153.905,10360.612,9544.822,9663.946
7174,7273.201,43653.666,10352.669999999998,9419.718,9572.784
7175,7110.282999999999,42901.969000000005,10104.501,9368.316,9053.474999999999
7176,7056.464,41271.638999999996,9285.673999999999,9358.987000000001,8548.026
7177,6452.824,40091.388000000006,8276.011,9230.948,7915.817999999999
7178,6344.573,39267.931000000004,6687.834999999999,9206.44,7731.06
7179,6127.6410000000005,38809.333,6043.048000000001,9198.357,7321.302000000001
7180,6018.594,38568.906,5320.302,9189.305999999999,7303.842000000001
7181,5976.032999999999,37944.864,6097.139999999999,9176.03,7192.1630000000005
7182,5942.426,37433.305,7518.033,9345.258,7255.084
7183,6119.598,37079.794,11042.391,9643.463,7256.291
7184,7079.518999999999,37674.039,13127.932999999999,10343.981,7656.5070000000005
7185,8238.092,39361.635,13449.917,11207.116000000002,7988.709000000001
7186,9128.976,39597.011,13738.821,11980.722,7752.157999999999
7187,9943.583999999999,40179.459,14312.702000000001,12538.739000000001,7331.0830000000005
7188,10343.828,38511.497,15917.711,12641.166,7346.0779999999995
7189,10237.971000000001,36416.336,15763.163,12371.395,7310.766
7190,10774.943000000001,37535.519,16155.891,11945.71,7360.013999999999
7191,10741.326000000001,39319.744,16450.692,11286.299,7762.8369999999995
7192,10667.215,40883.443999999996,16082.896999999999,10457.675,7996.474999999999
7193,10894.363000000001,41421.744,16365.358,9691.033000000001,8285.777
7194,11796.268,42151.97,13409.229,9271.623,8800.012999999999
7195,12824.637999999999,44809.846,10913.078000000001,9430.79,9234.685000000001
7196,11474.279,47313.502,11031.042,9444.051,9730.741999999998
7197,8642.091,47977.35799999999,11739.91,9448.818,9705.962
7198,8061.699,47968.65700000001,11597.085000000001,9343.368999999999,9600.848
7199,7923.974999999999,45738.794,11809.78,9059.233,9158.242
7200,7698.838000000001,43533.308,10642.114000000001,8895.631,8591.178
7201,6950.8330000000005,42013.761000000006,8868.573,8878.661,8122.1849999999995
7202,6889.571,40647.201,7045.656,8843.216,8200.036
7203,6811.682000000001,39230.259,6744.023999999999,8809.646,7830.441
7204,6713.808999999999,38942.145000000004,6447.519,8812.178,7512.1849999999995
7205,6530.541,38810.808,6928.023999999999,8808.107,7429.846
7206,6394.307000000001,39703.224,7266.652,8914.149,7630.918
7207,6632.272,38605.818,10439.561,9284.77,8253.998
7208,7816.224,39848.483,11682.969000000001,9826.491,8967.044000000002
7209,8851.866999999998,41054.246,13614.767,10684.466,8930.655999999999
7210,9300.516,42448.307,13392.332,11410.295,8777.331
7211,9868.743,43072.073000000004,14173.509999999998,11941.063,8852.734
7212,10091.388000000003,43152.74,14306.273000000001,12123.548,8831.874
7213,9831.532,41487.585999999996,14093.219000000001,11902.105,7843.465
7214,10334.171999999999,41533.789000000004,15161.739,11605.711000000001,8477.468
7215,10583.757000000001,41365.965000000004,16407.510000000002,10984.275999999998,9266.359
7216,10533.778,41561.456999999995,16973.861,10391.202000000001,9320.482
7217,11214.133,42600.316,15504.193,9658.367999999999,9554.203
7218,11539.469,42302.415,12616.982,9111.995,9577.741
7219,12985.545999999998,43426.552,12370.362,9074.185,9696.058
7220,11201.721,46167.98700000001,12605.458,9057.315,10108.829
7221,10517.283,46137.668000000005,12289.993,9003.103,9760.665
7222,10448.769000000002,45625.309,12151.316,9160.805,9604.907
7223,10037.643,44293.67100000001,11685.187,9296.891,9328.969000000001
7224,9305.237,41869.782,10644.244999999999,9322.357,8758.422999999999
7225,8383.095,40057.92,9609.704,9327.817000000001,7630.173
7226,7457.901,38785.270000000004,8676.056999999999,9334.364,7244.974
7227,6966.973,38070.159,7963.235000000001,9347.662999999999,6939.642
7228,6742.005,37786.399000000005,7323.593,9311.442,6817.567
7229,6747.518999999998,37885.896,7183.15,9315.063,6946.02
7230,6855.823,38592.672999999995,7565.555,9507.414999999999,7060.790999999999
7231,7108.888000000001,38745.568,9542.889000000001,9978.927,7313.579
7232,7589.753,40678.111999999994,10937.914999999999,10687.932,7666.384
7233,8100.535,41754.231999999996,12971.529999999999,11401.592999999999,8314.682
7234,8786.487,41435.034,15445.962,11986.058,8038.128000000001
7235,9566.43,42602.398,15535.094000000001,12487.224,7952.786
7236,9816.949,41468.777,15882.78,12802.035,7953.058999999999
7237,9380.179,40687.705,15319.323,12680.943000000001,7588.409
7238,9841.123,41299.007,14937.45,12314.415,8133.412
7239,9855.534,41163.933,16764.100000000002,11744.347999999998,8428.1
7240,9413.093,42458.565,17267.116,11000.748,8259.81
7241,10795.861,41821.01700000001,16968.145,10165.483,8634.782
7242,11385.643,41862.10800000001,14001.942,9692.78,9089.022
7243,12624.176000000001,43956.84,13139.967,9602.256000000001,9006.813999999998
7244,11140.309,46678.615999999995,12673.06,9682.824,9558.82
7245,10179.242,46450.456999999995,12318.627,9754.896,9576.16
7246,10102.377,46476.439,12067.583999999999,9729.331,8973.889
7247,10198.69,44157.001000000004,11797.246,9489.975,8819.723
7248,9166.053,42476.691,11031.977,9507.25,7688.916
7249,7797.475,41183.645000000004,9692.993999999999,9701.705,7049.957
7250,6855.2480000000005,40151.893,8471.886,9707.608999999999,6644.195
7251,6216.688,39364.219000000005,8147.322,9683.691,6210.358
7252,6132.826,38759.53,7766.073,9705.016,6160.753000000001
7253,6249.549,38685.236000000004,7741.127,9695.053,6388.172
7254,6312.21,39146.62300000001,8401.413999999999,9779.056,6739.919
7255,6371.322,39259.52300000001,10952.863,10104.313,7334.486000000001
7256,6862.359,40134.121,13206.670999999998,10636.916000000001,8123.92
7257,7770.167,41449.07,14354.123,11275.652,8335.306
7258,8679.017,41215.791000000005,14952.178,11796.794,8367.775
7259,9137.457999999999,41053.03200000001,16094.829,12139.416,8205.817
7260,9535.634,41152.565,16044.639,12364.515,8206.783
7261,9486.780999999999,40119.79,14806.426,12428.241,8169.42
7262,10185.866999999998,40421.042,14435.791,11948.853,8700.503
7263,10544.095,41258.64199999999,14402.957,11309.856,8699.130000000001
7264,10997.893000000002,40423.905,14992.796000000002,10608.756000000001,9042.086
7265,11615.343,40858.941999999995,13956.702,10088.235999999999,9394.242
7266,11736.036,40655.011,12901.957,9677.981,8776.019
7267,12095.065,43425.604,12420.124,9447.377,8965.536
7268,12332.084,46051.942,11765.996000000001,9175.091,9347.221000000001
7269,11503.314999999999,46619.062999999995,10618.918,9214.649000000001,8917.582999999999
7270,10214.472999999998,46995.078,10447.369999999999,9147.658,8844.815
7271,9468.85,44627.316,11016.833,9045.99,8619.259
7272,8201.551000000001,42582.71,10988.954000000002,8876.261,7181.27
7273,6891.959,42009.77,9022.627,8578.917,6653.006
7274,6631.553000000001,40944.105,7685.446,8346.019,6301.812
7275,6337.105,40293.693,6349.923999999999,8368.622,6330.927
7276,6224.621,40297.242999999995,5775.558,8329.454,5878.455
7277,6140.964999999999,40268.144,5668.737,8626.95,5980.864
7278,6299.791,40885.719000000005,6260.509,8600.339,6312.985
7279,6486.8769999999995,41324.921,8170.269,9078.336000000001,7130.93
7280,6889.048,41726.671,11091.583999999999,9790.37,7541.784000000001
7281,7580.986,43209.888,12133.844000000001,10752.159,7409.995000000001
7282,8064.4929999999995,43367.562000000005,12289.209,11927.29,6835.296
7283,8647.272,42115.299,13986.455000000002,12352.27,6659.23
7284,9021.671999999999,41750.623999999996,14438.807,12182.421999999999,6683.363
7285,9107.202,40741.908,13721.057,12128.04,6527.4529999999995
7286,9283.435,40758.227,13431.48,12036.366000000002,6871.926
7287,9214.788,41573.89600000001,13047.866000000002,11730.298000000003,7187.0650000000005
7288,9404.738000000001,41711.25800000001,13150.094000000001,11286.627,7381.918
7289,9891.386,41604.205,12570.330999999998,10729.411,8243.111
7290,10690.904,41854.765999999996,11390.967,10414.598,8295.047
7291,12297.38,44029.399000000005,10629.166,10337.518,8462.338
7292,11979.665,46190.595,10558.879,10326.206,8472.018
7293,10194.541000000001,46704.219,10054.210000000001,10305.255,8158.234
7294,9312.945,46634.579,9624.942,10182.267000000002,8219.548
7295,8827.403,45649.715,9186.403,10076.833999999999,7817.147
7296,7969.119000000001,44059.672000000006,8547.919,10038.385,7036.923
7297,7527.737000000001,41640.102,7893.775,9502.216,6642.197
7298,7138.290000000001,41364.64000000001,6491.311,8391.751,6305.284
7299,6512.213999999999,40210.08900000001,6071.219,8306.793,5934.54
7300,6379.639999999999,39244.763,5983.789,8293.135,5601.844
7301,6211.652999999999,38890.081000000006,6078.905,8288.216,5530.042
7302,6191.65,38712.80499999999,5496.397,8406.526,5324.772000000001
7303,6388.911999999999,38080.112,6172.023,8837.634,5358.41
7304,6761.125,37613.415,8251.737000000001,10275.702,5273.7210000000005
7305,7644.362000000001,36614.629,9805.496,10836.269,5190.648
7306,8355.912,35700.353,10723.061000000002,11388.438,5102.882
7307,8777.162,35381.629,10990.705,11821.539,5275.187
7308,8987.642,35248.33,11244.913,11987.199,5582.545
7309,8763.295,34661.136,11373.926,11949.205,5621.867
7310,8343.715,34945.642,11287.437,11671.010999999999,5588.316
7311,7831.724,37348.089,10314.398,11135.865,5469.2880000000005
7312,7980.632,39323.132999999994,9534.594000000001,10420.458999999999,6248.290999999999
7313,8475.716999999999,40922.099,9933.89,9816.503,6561.063
7314,9125.036,42514.933000000005,10045.152,9480.502,7058.085
7315,10861.08,45291.475999999995,10133.004,9443.308,8201.538
7316,10379.673,46015.105,9967.466,9524.791000000001,8931.036
7317,9357.835000000001,45572.700000000004,9557.516,9582.21,8409.318
7318,8337.237,45174.56,9331.863,9574.259,7787.96
7319,7903.39,43778.291,9192.053,9461.529,6940.456
7320,7094.182,42239.22699999999,8973.306,9439.205,6349.532
7321,6634.9439999999995,42042.528,6873.011,9434.710000000001,5915.553
7322,6105.553,41442.595,5400.201999999999,9433.654999999999,5450.801
7323,5778.907,40420.292,4539.41,9384.397,5357.476000000001
7324,5479.403,39245.979,4304.835,9350.362,5178.041
7325,5457.339,38536.426,4589.404,9167.926000000001,4766.8189999999995
7326,5317.951999999999,37622.896,4711.052,8875.604,4396.385
7327,5173.82,35717.926,6367.341,9268.974999999999,4323.711
7328,5784.597000000001,33339.157999999996,8160.632,9576.093,4530.105
7329,6504.218000000001,32035.988999999998,9248.122,10305.927,4587.645
7330,7185.669999999999,31247.595,10077.780999999999,10810.832,4642.379999999999
7331,7755.547,31327.225000000002,10618.788,11086.118999999999,4807.192999999999
7332,7903.172999999999,32215.336,11111.953,11190.671,5083.639
7333,7819.058000000001,32611.251000000004,11341.267,10851.136999999999,5281.634
7334,7825.898,32802.837,10809.98,10365.867999999999,5200.17
7335,7316.097,33880.752,10019.369999999999,9968.213,5149.037
7336,6878.572999999999,36642.007,8956.486,9689.960000000001,5224.67
7337,6917.735,37180.123999999996,8710.298999999999,9533.443,7126.936
7338,8460.418,38733.252,7445.732,9288.764,8386.34
7339,10011.175000000001,42224.546,7906.0470000000005,9148.779,8799.245
7340,9509.955,44677.022999999994,8014.025,9110.413,8809.687
7341,8486.772,44944.992000000006,7751.073,9164.295,8882.384999999998
7342,8216.146,44383.028000000006,7472.04,9133.64,8575.864000000001
7343,7633.3369999999995,42876.316,7345.894,9111.31,8382.565999999999
7344,7393.151,40545.29999999999,7240.905000000001,9021.101,7516.098
7345,6949.776000000001,38597.907,7192.036,8729.82,6798.626
7346,6874.487999999999,38124.865,7041.3009999999995,8099.418,5815.111
7347,6598.568,37489.487,6831.08,8022.954,5555.866
7348,6513.904999999999,36817.281,6856.545,8000.870999999999,5569.521000000001
7349,6599.467,36911.367000000006,6983.5,7997.321999999999,5626.07
7350,6583.620999999999,37545.828,7755.616,8157.225,5822.224
7351,6800.554,39713.77,8253.777,8673.280999999999,7009.629999999999
7352,7591.514,40857.963,9730.455,9421.078,8234.158
7353,8819.233,41396.460999999996,10902.091,10186.384,9079.24
7354,9393.712,42044.791,11940.015,10883.959,8788.929
7355,9326.197999999999,42526.622,13832.641,11261.429,8277.944
7356,9259.444000000001,42690.867999999995,14700.766,11235.864,8089.224
7357,9240.400000000001,41605.902,14257.476999999999,10920.743,7602.809
7358,9610.916000000001,41410.378,14983.179,10472.489,7725.156000000001
7359,10346.771,40921.174,15260.775000000001,10047.528,8344.236
7360,10507.351,40555.984,14326.538,10072.637,9412.641
7361,11447.724,40227.288,14843.135,9651.722,9662.333999999999
7362,12133.617,39875.322,14135.030999999999,9260.800000000001,9774.991
7363,13721.557,41159.642,13316.233,9140.825,10228.117999999999
7364,14198.826,42829.816000000006,13638.153,9183.044,10841.701000000001
7365,13702.867999999999,42862.596000000005,13432.561,9200.657,10474.236
7366,12222.322,43134.382,13327.383,9164.854,10418.26
7367,12144.759,41072.232,12564.023,9129.646,9485.780999999999
7368,11302.698,39258.888,10741.107,9056.606,8942.172999999999
7369,10894.957,36469.126000000004,9743.849,9032.519,7776.009
7370,9287.361,35408.073000000004,9425.292000000001,9026.429,7419.632
7371,7893.078,34922.883,9336.168,9028.621,6998.312
7372,7144.561000000001,34591.62,9300.213,9033.411,6989.651
7373,7245.436000000001,34641.670999999995,9268.931,9018.222,7078.939
7374,7168.8730000000005,34903.909,9414.257,9080.73,7759.331
7375,7681.337,37561.855,9133.348,9555.396,8381.976999999999
7376,8378.541,39306.4,10207.528,10258.211,8329.672
7377,8962.235999999999,40114.288,11461.29,10921.775999999998,7915.026
7378,9451.473,39993.183,12925.85,11416.937,7117.0689999999995
7379,9996.628999999999,40998.084,13874.89,11850.051000000001,7044.034
7380,10218.917,41317.219,14487.214,12022.497,6830.629000000001
7381,10263.15,40439.657,13720.814,11709.789,6677.416
7382,10674.051,42190.731999999996,14285.616,11087.08,6892.293
7383,11063.447,43306.462,15150.342,10468.867,8184.671
7384,11306.398,43223.833,15649.43,9968.853000000001,9065.699999999999
7385,12899.771999999999,43071.184,15015.175,9428.721000000001,10208.373
7386,12966.69,42457.247,13002.01,8914.128,10735.365000000002
7387,13726.632,44076.672,12386.767,8746.429,10765.432
7388,14014.546999999999,46106.681,12447.547999999999,8733.066,11011.949
7389,12411.144,47135.115000000005,12288.24,8752.616,10826.89
7390,10714.851999999999,47927.520000000004,12222.025000000001,8719.470000000001,10718.131000000001
7391,9475.126,46837.12299999999,11058.558,8707.467,10540.856
7392,8942.819,43148.414000000004,10437.19,8674.499,9929.183
7393,8326.180999999999,41747.341,10028.0,8323.222,8709.963
7394,7736.973,40414.679,9265.228,8292.59,7775.177
7395,7599.746,38802.439000000006,9207.173999999999,8297.128,7029.859
7396,7985.465,37514.266,9253.223,8296.194,6413.827
7397,8122.085,36960.752,9546.307999999999,8284.802,6247.717000000001
7398,8163.745,37872.176999999996,9367.003,8337.530999999999,6576.964
7399,8303.003,39587.387,10234.092,8823.943,7280.694
7400,8894.676000000001,41023.339,12195.902,9486.676,7225.49
7401,10338.606,41672.64800000001,14115.898000000001,10188.878,6995.373
7402,11029.371000000001,41476.96799999999,15767.401,10903.831,6922.5380000000005
7403,11603.344000000001,41672.209,16659.718,11360.887999999999,7351.696
7404,12160.652999999998,40897.441,17102.593,11557.088,7826.111000000001
7405,12168.42,39813.145000000004,16730.001,11440.698,7686.48
7406,12379.664,41615.24399999999,16312.624,11093.163999999999,8689.01
7407,12407.943,43936.695999999996,16094.795,10529.490999999998,9707.676
7408,12374.495,44498.024,15954.839,9799.639,10221.883999999998
7409,12303.942,45734.463,14672.391,8998.442,10420.414
7410,11721.227,46095.83,11798.983,8428.045,10293.927
7411,13280.529,47139.988,11659.582999999999,8216.276,9987.346000000001
7412,13810.709,48078.92,12286.152,8217.041,10142.64
7413,13124.395,47520.278000000006,12657.786,8240.095,10297.479
7414,12000.956000000002,47070.691999999995,12854.997,8284.686,10530.518
7415,11409.63,45091.024999999994,12887.731,8326.192,9839.978
7416,10411.030999999999,42024.187,12373.197999999999,8340.244,9510.908
7417,9713.884000000002,38184.751,11881.968,8207.056,9282.764
7418,9716.816,35745.490999999995,11757.307999999999,8032.705,8777.258
7419,9740.204,33572.613,11680.919999999998,8023.219999999999,8481.296
7420,10036.086,32650.618000000002,11169.502,7885.725,8443.754
7421,10728.865999999998,31505.953,11208.479,7897.59,8852.82
7422,11364.212,30995.553,11671.714,8039.418,9124.845000000001
7423,10876.771,33192.024,11883.562,8484.239,9711.288
7424,9503.419,35994.227,14078.315999999999,9209.43,8997.642
7425,9478.323999999999,38170.511,15982.007,9926.801,7322.728999999999
7426,10189.366,38372.225,16341.648,10473.404,6462.581
7427,11060.919,39496.394,16045.371,10875.773000000001,6622.054
7428,11155.091,39133.425,16945.777000000002,11027.865999999998,6619.846
7429,11114.779,37774.922,15805.809000000001,10909.597,6672.159
7430,11123.163,38184.913,16304.723,10597.613000000001,7569.518999999999
7431,10916.201,37965.535,17523.235,10013.907000000001,8636.289
7432,10983.291,37144.023,17351.542,9495.802,9797.350999999999
7433,12612.686,37912.87299999999,15801.533,8911.455,10017.79
7434,13207.613,39070.28,13998.845,8412.143,10181.884
7435,14131.518,40381.879,13729.433,8245.108,10413.008
7436,15940.422,40963.843,14057.561,8219.723,10422.511999999999
7437,14875.435000000001,40921.82,14148.642,8172.4,10674.225
7438,13843.182,41182.138999999996,14107.341,8170.355,10634.415
7439,12966.121,38950.262,13860.459,8694.347,10285.82
7440,12571.492,35607.636999999995,13421.693,9498.804,9972.376
7441,12493.292,32493.558000000005,11882.635,9575.933,9444.525000000001
7442,11703.477,30919.096,10858.868,9117.686,9161.280999999999
7443,11633.69,29259.477000000003,10458.259,8998.188,9012.302
7444,11766.952000000001,27920.681999999997,10521.285,8970.499,8943.83
7445,11699.009,27810.111999999997,10930.073999999999,8782.098,9051.555
7446,11615.894999999999,28962.329999999998,11106.956,8611.195,9079.444
7447,10085.962000000001,32420.789999999997,12310.701000000001,8571.765,9107.633999999998
7448,8713.447,35973.202000000005,14101.057,9128.469,8385.008
7449,9245.529999999999,39251.882,15385.532000000001,9737.133,7062.2080000000005
7450,9675.427000000001,40466.792,16497.006,10240.398,6285.960000000001
7451,10056.807999999999,41919.890999999996,16856.411,10560.351999999999,6213.171
7452,10200.748000000001,42523.861,17392.606,10711.828,6037.488
7453,9897.070000000002,41859.183999999994,16967.648999999998,10489.205,5331.048
7454,10234.460000000001,41667.649000000005,18135.103,10161.410999999998,5695.184
7455,11150.303,39824.894,18154.551,10000.692000000001,7747.995999999999
7456,11813.11,39854.513999999996,16541.399,9560.016,9215.61
7457,12075.537,40293.552,14865.822,8942.82,9750.082999999999
7458,12702.057999999999,40700.436,13303.773000000001,8529.812,10059.973
7459,14641.868,41036.759,13122.521,8326.63,10607.901
7460,15267.604,41272.184,13678.801,8346.699,10754.73
7461,14840.559,39768.026,13570.92,8401.609,10778.851
7462,14877.235999999999,38926.444,13234.097,8348.161,10835.58
7463,14480.693000000001,36648.277,12946.555999999999,8554.605,10772.852
7464,13150.394999999999,33925.368,12427.335,9433.864,10355.761999999999
7465,12806.886,30953.397000000004,11634.963,9789.339,9921.934000000001
7466,12226.751000000002,29430.826,10656.404,9814.172999999999,9467.921
7467,11833.016,28642.064,9307.123,9791.097,9384.317
7468,10752.145,28675.847,8373.574,9796.784,9353.152
7469,10439.634000000002,28775.341,7858.983,9813.309,9310.022
7470,9976.627999999999,29459.547,7562.992,9928.256,9050.322
7471,9260.586,31992.714000000004,7445.798,10144.301,8206.082
7472,9360.708,33994.29,7848.512000000001,10416.211000000001,8268.714
7473,9614.918000000001,35694.022,9469.173999999999,10930.295,7524.722
7474,9766.082999999999,36252.183,10973.237,11558.938,6735.056
7475,9779.593,36556.404,12051.484,11956.823,6239.614
7476,9512.858,36210.702000000005,12484.456,12048.952,6231.503
7477,9315.604,35658.871,12670.238,11907.234,5851.647
7478,9364.646,35126.087,12344.331,11536.899,5721.706
7479,9595.141,35524.426999999996,11214.849,11018.263,5886.582
7480,9289.268,35952.621,10799.42,10552.497,6440.034
7481,10214.61,35368.396,10619.886,9969.995,7785.388
7482,11822.332999999999,35455.577999999994,10685.557999999999,9573.562,8497.917
7483,13734.350000000002,36756.221999999994,12297.2,9274.738,8822.353
7484,13823.598,37412.766,12878.868999999999,9269.122,9226.837
7485,12914.489,36792.129,12378.108,9247.452000000001,9028.125
7486,12230.300000000001,35331.666,12171.666000000001,9230.298,9202.765
7487,11589.730999999998,33666.189999999995,11759.550000000001,9198.179,9243.079
7488,11579.330999999998,31792.674,11203.667000000001,9146.095000000001,8492.336
7489,11186.022,30477.789,9605.673,9249.028,8143.369000000001
7490,10716.299,28625.071000000004,8960.677,9138.814999999999,8129.113
7491,10478.970000000001,27758.136,8045.559,9113.588,8074.454
7492,9361.692,28542.627,6955.223,9106.536,7819.4439999999995
7493,8908.607999999998,29145.013999999996,6072.321,9117.981,7689.835
7494,8113.606,29207.448,5775.93,9198.367,6794.603999999999
7495,7169.668999999999,30242.119000000002,6237.771000000001,9499.73,6035.362999999999
7496,7601.549999999999,28989.614,8260.815,10053.887999999999,5440.349
7497,8513.382999999998,27734.879,8950.469,10725.777,5168.44
7498,9267.722000000002,27431.281000000003,9349.456,11285.063,5178.282
7499,9899.639,27929.260000000002,10022.943,11659.767,5046.498
7500,10041.843,28303.301,10538.234,11824.411,5072.995
7501,9821.818000000001,27693.523999999998,10573.863000000001,11852.667000000001,5496.23
7502,9549.738,27317.752999999997,10456.374,11308.860999999999,5431.6849999999995
7503,8985.387999999999,28146.780999999995,9820.976,10764.321,5367.969
7504,8694.3,30565.104,8858.133,10369.085000000001,5366.474
7505,8831.271,31551.902000000002,9772.012999999999,9873.199,6382.032
7506,10131.128,32009.568,10311.797,9623.146,7891.948
7507,12485.648,35230.162,9903.041,9465.719,8782.212
7508,13222.166,36524.198,10229.626,9442.532,9485.595000000001
7509,12048.8,36743.334,10496.409,9446.112,9798.344
7510,11787.725,36457.279,10547.914,9348.009,9348.350999999999
7511,11189.74,36119.09,9748.191,9290.04,8775.579000000002
7512,10481.116,34138.846000000005,8710.224,9387.571,8458.701000000001
7513,9123.269999999999,32910.245,7850.304,9439.02,8439.075
7514,8326.071,31706.499000000003,7280.651,9311.955,8322.806
7515,8071.727000000001,31435.478000000003,6492.42,9284.068,8012.030999999999
7516,7606.125999999999,31782.031,6588.009,9247.782,7209.67
7517,7466.410000000001,32595.907,6600.717999999999,9286.597,6732.582
7518,7408.493,33639.811,7223.799,9515.979000000001,6135.552
7519,7475.835000000001,37341.846000000005,7957.536,9996.966,6207.162
7520,7940.675,38805.755,9817.695,10682.516,5756.28
7521,8711.707,39752.805,10601.741,11395.812,5530.135
7522,9472.664,39554.395000000004,11147.378,11935.231,5494.362
7523,10129.197000000002,40174.077,12044.504,12289.149,5491.903
7524,10425.39,40838.084,12438.214,12556.649000000001,5491.13
7525,10314.806,39176.247,12428.17,12515.695,5459.647
7526,10269.359,40427.95,12324.415,12070.527,5370.486
7527,10347.029999999999,40373.43,13006.467999999999,11673.993999999999,5345.635
7528,9833.780999999999,41513.486,12468.371,11227.258,6148.8
7529,9357.002,41996.303,13982.673999999999,10679.09,6582.299999999999
7530,9148.746,43305.401,11915.872,10378.390000000001,7186.305
7531,10385.275000000001,45641.674,10871.010999999999,10325.86,7617.679999999999
7532,10156.841,47992.284999999996,11570.409,10342.204,8465.583
7533,9033.479,47298.22200000001,11782.071999999998,10345.597,8959.021
7534,8390.478,46907.191000000006,11669.376,10286.746,9005.86
7535,7894.761,44792.494,11298.902,10187.230000000001,8454.481
7536,7507.094,41851.275,9657.476,9903.811000000002,7812.695
7537,7110.831,39789.62900000001,7207.606,9850.895,7612.497
7538,6742.549,38630.727,6709.83,9643.747,6430.514
7539,6686.872999999999,38030.89800000001,5849.148999999999,9581.980000000001,5945.473
7540,6647.236999999999,37689.503,5669.755999999999,9489.187,5604.645
7541,6623.9130000000005,37702.431,5799.429,9467.906,5632.279
7542,6805.014,37918.655999999995,6137.755,9625.537,5867.833
7543,7324.595,38093.322,8763.772,10121.803,6335.630999999999
7544,7701.503000000001,38006.273,10944.831999999999,10893.371000000001,7035.493
7545,8542.053,39096.020000000004,12304.333999999999,11484.621000000001,6482.829
7546,9274.757,38955.55499999999,13264.974,11992.329,6219.392
7547,9722.842,39056.764,14520.042000000001,12306.893,6346.929
7548,10071.618999999999,39223.801999999996,14664.82,12457.886999999999,6479.611
7549,9961.664,37927.892,14212.044,12391.214,6412.1759999999995
7550,10360.466,38084.477,15136.68,12062.078,6639.008
7551,10589.244,39618.726,15266.106,11672.611,6620.501
7552,10547.571,40585.651,15226.508000000002,11146.114,6865.019
7553,10302.104,41387.454,14953.881000000001,10534.641,8183.429
7554,9978.594,42730.628,12092.322,10054.785,9068.439
7555,11612.693000000001,43815.106,10749.869,9853.078,9775.325
7556,11497.75,46569.489,10953.161,9853.34,10344.931
7557,11044.457999999999,46462.975999999995,10740.807999999999,9873.104,10322.746
7558,10425.262,46236.572,10962.044,9817.737,10362.562
7559,9525.635999999999,44578.786,10367.542,9740.248,9679.833
7560,9076.148,41348.34700000001,9802.666000000001,9735.367,8295.161
7561,8375.789,40126.759999999995,7700.615,9611.939999999999,7793.665
7562,8017.875999999999,39405.626000000004,6806.379,9543.855,6666.467000000001
7563,7951.529,38424.64399999999,6149.057,9506.152,6043.859
7564,8085.071,37338.115,5829.859,9480.348,5857.856
7565,8102.493,37414.007000000005,5799.988,9466.917,6043.164000000001
7566,7744.999,38107.998999999996,6890.994,9466.179,6005.14
7567,8032.793,37179.758,11153.276,9987.275,6223.709000000001
7568,8923.374,37274.903999999995,13528.225,10541.622000000001,6463.941000000001
7569,9447.068000000001,38859.671,14761.333,11046.893,6104.459000000001
7570,9597.17,39528.944,15433.368,11726.249,6056.754000000001
7571,10079.738,40497.301,16190.681,12088.479,6421.708
7572,10436.333,40496.02,16414.589,12424.282,6885.824
7573,10405.514000000001,38512.164,16197.854,12539.568,6594.843
7574,10546.929000000002,40107.135,16004.414,12439.805999999999,7405.261
7575,10591.221,42301.126,15739.722,11902.237,7807.236
7576,10239.151,43427.603,15570.380000000001,11283.664,8913.337
7577,9877.398000000001,43530.742999999995,16392.196,10642.269999999999,9700.773000000001
7578,9800.587,44467.134000000005,12996.059,10169.829,9863.903999999999
7579,11449.599999999999,46720.992,10891.801,9986.107,10146.329
7580,11334.919,48034.832,11682.881000000001,9987.010999999999,10716.695
7581,10307.535,48628.62000000001,11247.657000000001,10030.935000000001,10560.072
7582,9567.708,48111.378000000004,11565.484,9985.994,10693.139
7583,9057.344000000001,46417.937,11177.265,9864.13,9664.378
7584,8314.043,43757.994,10634.136999999999,9880.079,8221.646
7585,7904.156,41979.688,9343.082999999999,9901.733,6955.101999999999
7586,7857.227,40558.560000000005,8233.665,9905.292,6033.13
7587,7860.089,40114.161,6841.445,9912.298,5881.349
7588,7700.967,39748.215000000004,6379.153,9847.192,5549.380999999999
7589,6863.7919999999995,40845.44499999999,6303.111000000001,9763.587,5176.605
7590,6977.025,39712.525,7688.223,9996.779000000002,5350.9529999999995
7591,7637.183,37161.543,12485.927,10476.632,5844.696
7592,8670.467999999999,35788.661,15450.827000000001,11365.48,6744.985000000001
7593,9799.258,37601.868,15824.759999999998,12239.074999999999,6882.481
7594,10547.479,38367.594,16081.941,12851.871000000001,6600.884
7595,11061.311,39724.461,16300.242,13020.757000000001,6729.485000000001
7596,11374.394999999999,39832.296,16848.215,13221.128,7086.25
7597,11195.845000000001,38517.007,16573.55,13060.386,6909.479
7598,11018.365,39506.222,17210.688000000002,12678.312999999998,7418.977
7599,11694.318,39640.386,17384.244,12073.455,8355.885999999999
7600,10227.721,41988.481,16623.457000000002,11599.990000000002,8566.380000000001
7601,9551.331,43295.108,16335.292999999998,10829.186000000002,8857.91
7602,9543.198,43883.612,13385.295,10239.781,9587.172
7603,11165.081,45314.89,11724.530999999999,10035.322000000002,10293.513
7604,11777.543,47032.065,11848.713,10043.333999999999,10371.981
7605,10571.430999999999,47884.531,11540.804999999998,10045.046999999999,10231.636
7606,9452.332999999999,48100.227,11939.258,9970.74,10651.017
7607,8944.266,46578.786,11252.706999999999,9877.284000000001,9900.081999999999
7608,8233.201,44015.455,10365.384,9914.423999999999,8662.228
7609,7704.161000000001,41326.253,9319.868,9920.286,8054.144
7610,7584.362999999999,40143.857,7013.5380000000005,9899.684000000001,8114.9439999999995
7611,7794.475999999999,39591.28,5572.772,9723.179,7842.198
7612,7725.491999999999,39277.219000000005,4805.634,9707.547,7628.07
7613,7355.044,39408.928,5228.545,9658.569,7382.304
7614,7351.976000000001,39137.081,6309.344,9847.269999999999,7323.461
7615,7819.058999999999,37601.159,11278.791,10326.349999999999,6336.387000000001
7616,8194.233,37148.134999999995,14561.639000000001,11048.414999999999,6385.244
7617,9172.429000000002,38245.384,15830.965,11945.156,6558.691999999999
7618,9956.197999999999,38992.16,16317.754,12600.218,6528.494
7619,10482.265,40299.915,16642.717,13044.938,6816.21
7620,10799.683,39888.072,17177.119,13337.464,7015.04
7621,10548.317000000001,38312.856,16746.298,13201.079,6729.344
7622,10506.689999999999,38232.494000000006,17255.043,12680.513000000003,7398.3009999999995
7623,10521.681999999999,38082.58,17773.037,12135.665,8455.706
7624,10158.696999999998,39346.572,17949.651,11540.871000000001,8888.600999999999
7625,9705.063,41138.842,16946.692,10865.102,9100.548999999999
7626,9487.885,43425.576,13645.734,10212.195,9968.261999999999
7627,11093.405999999999,44993.842,11745.571,9959.807,10971.586
7628,11726.074,46800.484,11507.242,9936.31,10789.785
7629,10120.143,47892.793000000005,10933.942,9955.76,10190.487
7630,9074.201000000001,48219.33099999999,11184.028999999999,9918.916,9722.655999999999
7631,9100.961,46145.562999999995,11257.392,9903.204,9598.287
7632,9106.817,44310.367999999995,9513.678,9910.000000000002,9147.986
7633,9103.048999999999,43439.861000000004,8005.005999999999,9122.902000000002,8065.369
7634,8832.533,41970.543000000005,6848.549,8733.016,7610.603999999999
7635,8470.205,41424.043000000005,5956.405,8658.009,6683.917
7636,8321.822,40994.08700000001,5461.354,8609.94,6158.87
7637,8247.687,40429.617999999995,5346.291,8609.777,5834.512000000001
7638,7781.031999999999,39337.772,5584.157,8756.415,5249.796
7639,8231.932999999999,36506.345,7171.434,9196.512999999999,5385.764999999999
7640,9133.305999999999,33227.403,9585.756,9824.061000000002,5536.831
7641,9812.312999999998,30047.615999999998,12542.784,10612.589,5449.353
7642,10552.056,29392.548000000003,13558.967,11267.774000000001,5393.526
7643,10671.176,29936.97,14070.438,11800.051,5533.779
7644,10812.936,30464.554,14197.154999999999,12080.422,5660.076
7645,10879.619,30783.184,14000.095,12056.027,5703.622
7646,10600.352,31247.019999999997,14397.635,11780.227,5644.387
7647,10737.446999999998,31525.334999999995,14137.319,11136.287999999999,6338.188
7648,10407.030999999999,32546.958,13362.723,10355.729000000001,7328.838000000001
7649,9783.604,34959.552,12945.802,9680.353,8032.254
7650,9763.421999999999,39037.985,11000.538999999999,9068.498,9606.706999999999
7651,11230.848999999998,41872.826,10760.096,8861.356,10411.463
7652,11359.957999999999,43934.40699999999,10968.368,8817.792,10219.106
7653,10418.153999999999,44854.087,9146.799,8835.749,10260.197
7654,9468.83,45103.231,8819.738,8797.093,9804.069
7655,9376.276000000002,43262.065,8708.677,8847.866,9577.662
7656,9006.276,41731.956999999995,8338.457,8802.298,8951.074
7657,8852.994999999999,40674.33,6916.3279999999995,8546.052,8460.062
7658,8273.66,40143.117,5867.553,8139.0869999999995,7849.98
7659,7958.0019999999995,39621.016,4822.039000000001,8038.739,7286.207
7660,8283.004,38674.079,4320.398999999999,8023.071,6755.47
7661,8490.764,37834.524,4358.665,8002.862999999999,6340.173
7662,8290.768,36588.723,4703.5740000000005,8141.414,6228.216
7663,8346.592,33751.272,7228.972,8724.677,6328.128
7664,8560.523000000001,31358.365999999998,8754.945,9489.537,6443.697
7665,9297.179999999998,29754.584000000003,10143.623,10254.446,6447.521
7666,9898.515,30109.424,11148.244999999999,10784.447000000002,5401.866
7667,10222.295,30855.485000000004,11992.345,11020.339,4893.155
7668,10268.449,31048.197000000004,12598.745,11188.849,5739.213
7669,9863.522,31105.433,12458.797,11111.401,6064.098
7670,9373.067,31719.495,12138.117999999999,10770.782000000001,5962.955
7671,9002.187,32776.99,12399.215,10297.787999999999,6130.138999999999
7672,8431.710000000001,34488.292,12375.437,9629.689,7139.402
7673,8590.614,37190.876,10178.096,9103.522,7891.393
7674,9810.25,39664.132,8581.423999999999,8603.331,9683.757000000001
7675,11946.536,42162.162000000004,7583.102999999999,8344.911,11059.639
7676,12053.627000000002,45636.12100000001,7325.326000000001,8331.77,10536.196
7677,10741.483,46646.356,7272.696,8355.306,10622.194
7678,9718.722,46912.674,7036.072999999999,8337.919,10722.348
7679,9590.82,45856.796,6701.025,8338.453,10588.428
7680,9528.03,44015.1,6632.826,8343.94,9079.625
7681,8978.736,42551.59,6503.793,8352.341,7576.887000000001
7682,8725.539,41247.358,6382.905,8291.414999999999,6608.108
7683,8576.35,40335.417,6252.49,8268.371000000001,5903.9310000000005
7684,8147.739,40116.082,6167.678,8239.664,5733.317999999999
7685,8170.009,40279.328,6208.999,8222.155999999999,5741.535
7686,8319.26,40442.622,6876.531000000001,8362.777999999998,6060.4980000000005
7687,8608.827,39972.556000000004,9770.402,8841.556,6911.178
7688,9427.837,39898.881,13462.100999999999,9678.644,7125.624
7689,10186.32,40729.585,15630.288,10705.925,7390.546
7690,10510.618999999999,40954.236999999994,17135.579999999998,11833.379,7377.402
7691,10894.722999999998,41814.296,17924.125,12558.733,7540.529
7692,10886.178999999998,42468.024000000005,17650.291,12822.002,7949.397
7693,10554.145,40475.241,17037.809,12667.887,8114.248
7694,10414.27,41229.5,16642.76,12416.011999999999,8882.319
7695,10123.783000000001,41791.35,16848.575,11681.61,9539.829
7696,9625.973,42273.123,17240.23,10854.115,9877.357
7697,10397.909,44130.911,15261.947,9936.487000000001,10405.59
7698,11661.769,42646.893,12780.054,9398.399,10540.627
7699,12186.451000000001,44648.93,12141.14,9197.958999999999,10530.510999999999
7700,12179.787,47217.917,12505.518,9180.532000000001,10645.169000000002
7701,10804.466,47931.62100000001,12168.144,9378.796999999999,10551.578
7702,10364.3,47707.36600000001,11705.755000000001,9391.627,10758.916000000001
7703,8549.518999999998,46619.239,11694.086000000001,9364.711,10366.005000000001
7704,8008.546,44012.172,11164.243999999999,9356.017,8935.371
7705,7904.997000000001,41888.045,9638.243999999999,9347.627,8216.432
7706,7853.445,40137.413,8470.228,9344.381000000001,8019.123
7707,7464.513999999999,38766.058,8085.282999999999,9363.132,7576.409
7708,7345.673,37345.801,8288.440999999999,9370.380000000001,7629.561
7709,7444.697000000002,36921.811,8614.666000000001,9375.663999999999,7589.604
7710,7655.969999999999,37322.569,8819.077,9591.083,7767.9619999999995
7711,7710.551,39205.259000000005,10152.673999999999,10022.388,7903.403
7712,8430.931,40541.119,12335.824999999999,10782.678,7436.775000000001
7713,9269.268,41324.825999999994,14881.93,11603.706000000002,7040.465999999999
7714,10160.085,40950.743,16129.27,12256.437000000002,6910.512
7715,11051.204,41214.714,17408.747,12431.557,6975.155
7716,11480.292000000001,40768.473,17861.871,12554.234,7025.320000000001
7717,11321.359,39341.193999999996,17205.038,12506.054,6589.216
7718,11397.846,41032.916999999994,17438.731,12039.885999999999,7124.282999999999
7719,11948.164999999999,42014.184,16334.427,11389.895999999999,8529.89
7720,11532.893,40820.702000000005,16366.105,10598.670999999998,9872.819
7721,11810.279999999999,40528.776999999995,15652.358,10082.055,10996.44
7722,12246.017,40280.299999999996,13655.897,9578.676,10753.92
7723,14238.992,40674.142,12971.968,9342.401,10624.024
7724,14613.746000000001,43027.81999999999,13239.776999999998,9409.285,11302.769
7725,13470.039999999999,43450.389,12605.175,9467.734,11805.402
7726,12406.705000000002,43472.92600000001,13116.797999999999,9481.539,11326.876
7727,12265.313,41354.517,12200.431,9470.485,11153.555
7728,11890.707999999999,38061.373999999996,11737.788,9469.624,10184.326000000001
7729,11557.17,34885.362,10999.241,9454.788,9371.49
7730,10454.368,33686.530999999995,9756.891,9431.644999999999,9185.971000000001
7731,9525.067000000001,32464.73,9619.164,9416.505000000001,9229.112000000001
7732,9397.568000000001,31267.954000000005,9620.493999999999,9446.646999999999,9242.267
7733,9274.25,30861.542999999998,9961.069,9477.129,9400.412
7734,9306.397,31030.295,10602.398,9634.474,9645.385999999999
7735,8974.63,33136.297,11770.345000000001,10188.842,9965.677
7736,8071.960000000001,36400.047999999995,13360.152,11080.612000000001,8841.875
7737,8125.746,37964.475,15186.407,11953.359,7690.962
7738,8844.128,38534.905000000006,15905.368999999999,12686.335000000001,6953.772000000001
7739,9387.227,39132.355,16481.188000000002,13092.64,6999.321
7740,9675.234,39506.379,16490.523,13164.54,7063.156999999999
7741,9835.985999999999,37831.78,15865.802,13105.386999999999,6828.8279999999995
7742,9897.812000000002,38864.67,15865.342,12744.377999999999,7000.873
7743,9949.314,39795.844000000005,15960.444,12446.106999999998,7709.201
7744,9708.337000000001,38448.615000000005,17608.886,11769.494999999999,8713.414
7745,9594.054,38381.015,18495.488,11090.982999999998,9203.111
7746,10008.124,39620.969000000005,14676.187,10901.954,9596.646
7747,11310.531,39508.062,13691.634,10868.975,10380.604
7748,13257.307,40109.208999999995,13594.044999999998,10843.81,11055.454
7749,13160.216999999999,39486.224,13615.323,10852.79,10941.235
7750,13272.038000000002,38805.927,13589.247000000001,10759.328000000001,10739.883
7751,12163.833,38139.381,13346.222000000002,10522.891,10873.33
7752,12266.363,35917.459,12821.665,9151.869999999999,10956.649000000001
7753,11908.223999999998,33915.424,12507.579,8544.464,10339.468
7754,11539.696,31995.989,12060.98,8259.452,9674.229
7755,11335.145,30507.109000000004,11012.446,8242.332999999999,9530.517
7756,11375.778999999999,28931.688,10750.749,8248.182999999999,9659.05
7757,11285.012999999999,28391.31,10520.256000000001,8286.476,9791.255000000001
7758,10849.036,28863.996,9326.235,8502.81,9647.702000000001
7759,10205.201,29369.462,10818.622,9055.502,8210.496
7760,9216.6,30761.542,12376.646,9898.766,7578.085999999999
7761,9070.2,31720.771,12843.374,10630.232,7327.111
7762,9590.675000000001,32189.322999999997,13473.772,11282.874999999998,6192.874
7763,10150.187,32591.985999999997,14028.83,11734.965,5984.903
7764,10392.587,33341.07,14291.275000000001,11881.576,5877.839
7765,10317.881,33060.627,13844.571,11793.916,5759.361000000001
7766,10301.965,33396.951,13950.198,11409.726,5741.53
7767,10059.384000000002,34502.817,13775.464,10885.355000000001,5609.829
7768,10272.906,35215.945,13949.392,10172.705999999998,5649.07
7769,11046.27,35233.024000000005,13934.897,9402.162,6409.23
7770,13269.463,35806.865,11476.256000000001,8687.017,8828.146999999999
7771,14334.512999999999,39041.102999999996,10522.655999999999,8342.797,10373.399000000001
7772,15184.714,40139.0,12459.528,8394.37,10365.891
7773,14671.562,39354.493,12500.213000000002,8388.896,10458.711
7774,13365.481,38570.975,12892.348,8381.798,10784.504
7775,13038.781,36629.03,12860.712,8430.859,10719.625
7776,12315.911,34379.564,11934.271,8476.251,10772.808
7777,11820.146,32821.996,10315.82,8699.871,10393.266
7778,11481.499,31466.022999999997,8616.974,8809.325,10352.836
7779,11215.104000000001,31378.546000000002,6546.509,8816.341,10136.21
7780,10874.739,31540.192,6331.546,8828.238000000001,9074.628
7781,10700.466999999999,31658.578,6066.889999999999,8811.443,9059.864000000001
7782,10316.051,32459.214999999997,6032.179,8797.658,8367.525
7783,9035.589,35752.59299999999,7859.432000000001,9090.194000000001,7520.853999999999
7784,8113.446999999999,38582.12,10116.987000000001,9865.291000000001,6965.215
7785,8362.564999999999,39490.003,12091.29,10578.357000000002,6698.4439999999995
7786,8861.026,38509.36,14412.41,11190.320000000002,6411.745
7787,9439.722,38194.49,15906.467,11636.036,6544.338
7788,9840.347,38572.184,16394.683,11849.335,6701.073
7789,9997.354,38100.382000000005,16015.145,11702.659,6736.02
7790,10664.789,39691.955,14637.003,11131.777,7772.9980000000005
7791,10788.603000000001,40520.612,13993.008999999998,10572.632,9262.935000000001
7792,10944.378,39828.635,14480.315999999999,10252.672,9939.625
7793,11970.383,38832.459,14203.374,9681.09,10498.58
7794,12746.348,39465.197,12995.723,9149.789999999999,10694.985
7795,14001.454000000002,40755.882,11833.76,8862.57,10967.347
7796,13774.765,43588.42700000001,12668.978,8846.158,10990.02
7797,12888.091,44120.421,11659.789999999999,8850.918,11011.059000000001
7798,12476.101,44282.99,11026.442000000001,8842.235,10947.453000000001
7799,12038.502,42334.185999999994,10798.845,8856.395,10865.914
7800,11937.125,39438.811,10515.172999999999,8823.473,10369.899000000001
7801,10581.389000000001,38133.58899999999,9334.675000000001,8802.753,10133.967
7802,9096.623,36830.369,8760.255000000001,8806.375,10017.733
7803,9015.307999999999,35337.859,7874.414000000001,8810.065,10037.557
7804,8810.347,34259.553,7544.745,8808.807,10044.988
7805,8476.312,34157.679,7054.9580000000005,8818.704,9938.598999999998
7806,8207.73,33773.786,6422.259,9028.908,9732.891
7807,7602.4039999999995,35354.806000000004,8647.27,9510.634,7745.413
7808,7381.9039999999995,36838.33700000001,11045.452,10234.846,6619.1269999999995
7809,7545.484,36692.937999999995,12858.155,10904.102,6491.294
7810,8066.392,36240.111000000004,14126.513,11534.7,6147.668
7811,8521.431,36170.406,14772.01,11988.814,6388.749
7812,8686.863,36303.314,15126.63,12101.289,6464.221
7813,8679.499,36411.333,15246.178,11976.332999999999,6169.700000000001
7814,8712.913,36293.482,15015.884,11549.939,6093.6939999999995
7815,8986.939,36909.509,13549.992,10914.443,6721.335999999999
7816,9184.874,38233.443999999996,11919.766,10333.904,7467.588
7817,9416.327,38077.295,12086.208,9671.387999999999,8621.043
7818,11455.509,38495.56,11009.739,9079.258,9887.679
7819,13104.490999999998,40888.421,11432.667,8796.627,9997.405999999999
7820,13414.716,42409.511,12019.307,8765.142000000002,10006.341
7821,12438.539,42733.943999999996,11342.875,8773.132,9641.02
7822,10706.181,43298.176,10535.338,8782.857,9583.069
7823,9855.447,42814.194,9368.883,8770.079,9327.023000000001
7824,8956.525,41874.876,8707.604,8770.455,9061.216
7825,8594.835000000001,40423.115,7736.347,8736.197,8418.493
7826,8206.157000000001,39291.455,7029.744,8730.11,7832.683999999999
7827,7763.090000000001,38717.22,6454.69,8727.928,6850.127
7828,7724.047,38454.773,5471.749,8727.641,6460.498
7829,7634.784,38019.545,5097.534,8736.555,6547.731
7830,7419.303,36913.49,4915.78,8894.822,6120.798000000001
7831,7052.66,37417.564,5918.471,9276.374,4892.816999999999
7832,7145.371,36538.379,7417.6990000000005,9970.052,4709.559
7833,7501.380999999999,34359.825,8928.646,10702.722,4620.123
7834,7928.247,32858.857,10305.711,11347.463,4612.914000000001
7835,8246.555,33045.085999999996,10902.894,11765.815,4738.299999999999
7836,8498.225999999999,33954.916,11680.322,11816.979,4837.291
7837,8530.929,33329.734000000004,12193.328,11386.16,4732.628000000001
7838,8494.144,32275.994,12517.248,10885.411,4735.862999999999
7839,8542.292,33499.41,11051.294,10427.939999999999,5042.423
7840,8488.302,35209.454,9602.988,10007.925000000001,6284.974
7841,8376.419,37607.089,7771.867,9606.514,8268.170999999998
7842,9070.19,38876.844000000005,7509.388,9166.277,9987.608
7843,11417.852,40972.39,8546.286,8916.393,10231.934000000001
7844,11137.445999999998,43005.496,9219.042,8881.996,10501.109
7845,10073.298,42992.659,9841.018,8889.539,10527.445
7846,8877.329000000002,42647.462999999996,10331.506000000001,8885.62,10249.532
7847,8327.624,41719.134,10039.774,8896.838,9368.357
7848,7860.945,40098.19300000001,8921.583999999999,8881.597,9087.566
7849,7459.660000000002,38281.991,8087.59,8792.184000000001,8606.08
7850,7047.631,37533.759999999995,7732.046,8774.44,7624.025
7851,6689.969,37224.602,7674.449,8815.867,6851.591
7852,6622.163999999999,36987.42799999999,7422.25,8702.237,6817.806999999999
7853,6756.415,36743.328,7368.798000000001,9208.331999999999,6843.151
7854,6839.598999999999,36236.69,8566.09,9421.876,6946.167
7855,7500.362,37697.522,9664.463,9854.934000000001,8322.33
7856,8847.473,38420.604,11104.678,10556.72,8583.899000000001
7857,9928.279999999999,38122.516,13300.202000000001,11267.409,8583.416
7858,10340.814,37933.221999999994,14493.045,11939.895,8141.89
7859,10556.276999999998,38790.106,15572.838,12297.737,8010.033
7860,11070.283000000001,39508.113000000005,16151.394,12298.605,8070.594
7861,11055.123,38524.2,16127.188,11940.105,7659.018
7862,11122.624,38627.156,16894.032,11531.196,8040.287
7863,11168.815,39268.905,16406.747,11197.751,9298.463
7864,10972.284,39354.194,16491.645,10739.003,9988.866
7865,11467.292,39335.191999999995,16177.272,10211.681,10535.969000000001
7866,11441.657,40645.268000000004,13186.322,9830.985,10653.581999999999
7867,11979.726999999999,42781.384,12145.628,9696.624,10694.094000000001
7868,13112.41,44934.933000000005,11263.203,9644.292,11147.988000000001
7869,13110.215,44486.581,10852.543,9682.044,11653.440999999999
7870,12735.457999999999,44192.265,10554.92,9654.072,11488.241
7871,11532.028,42412.708,10030.15,9613.67,11890.611
7872,11015.013,38570.332,9885.19,9409.01,11526.528
7873,10037.643,35852.064,9719.051,9477.743,10386.567
7874,9234.206,34726.979,9394.843,9420.921,9401.143
7875,8886.386,33431.850999999995,8678.439,9432.84,9354.71
7876,8316.190999999999,33650.471,7993.603999999999,9420.901,9198.806
7877,8187.789000000001,33575.746,8194.225999999999,9440.067,9364.359
7878,8393.9,33672.494000000006,9126.509,9601.756,9034.205
7879,8345.933,35799.795,10205.291000000001,10073.391,9896.454
7880,8853.141,37062.866,11442.542000000001,10739.641000000001,10041.089
7881,9392.579000000002,38612.46000000001,12816.525,11387.592,9170.73
7882,10004.851999999999,38113.625,15137.857,11900.714,7320.407999999999
7883,10776.27,38897.262,15616.771,12181.936,7115.973
7884,10846.817000000001,39554.083999999995,15983.188,12209.595000000001,7162.9349999999995
7885,10482.035,38635.773,15470.364,12169.478000000001,6995.708
7886,10554.88,39159.943,16568.552,11994.265,7533.076
7887,10631.468,39853.955,16942.107,11190.891,9290.825
7888,11022.977,40220.143,15785.836000000001,10619.824999999999,10761.844000000001
7889,11896.743,40502.273,15148.364,9965.723,11402.882000000001
7890,12768.072999999999,39639.913,13313.563,9800.833,11166.413
7891,13549.893,40370.672,12357.142,9780.667,11354.087
7892,14447.65,42285.901,12615.960000000001,9725.553,11766.6
7893,13870.154,42533.89,12465.861,9739.975999999999,11961.632
7894,13508.8,42527.604,12159.275000000001,9672.195,11638.075
7895,12008.904999999999,41468.688,11648.177,9407.47,11639.744999999999
7896,11717.555,38382.194,11078.946,9408.171,11130.990999999998
7897,10669.005000000001,35663.483,11046.240000000002,9287.51,9836.573
7898,9340.576000000001,34437.918000000005,10750.915,9271.623,8850.363
7899,8581.741,33872.738,10156.577000000001,9264.302,8448.905
7900,8320.636,33417.677,10037.581,9266.966,7919.637000000001
7901,8282.232,33513.204,10010.146999999999,9282.154999999999,7786.119000000001
7902,8137.165,34117.054,10494.241,9492.562,7893.346
7903,8330.728000000001,36505.13,11405.445,9940.083,7992.4580000000005
7904,9230.676,37811.352,12895.239000000001,10690.262,7272.762000000001
7905,10045.016000000001,38752.209,15152.054,11299.0,6505.516
7906,10139.423999999999,38392.136,17256.171000000002,11765.155,5950.508
7907,10520.642,39008.34,17840.599000000002,12206.042,6467.43
7908,10602.871,39338.412,19013.987,12177.844,6495.013
7909,10852.123000000001,37976.399000000005,18214.444,11732.692,6422.019
7910,11169.12,38306.201,19094.573,11583.026,6616.615
7911,11574.665,39506.235,18456.08,11230.692000000001,7687.871999999999
7912,11546.546,40571.856999999996,17084.371,10726.582,9119.664
7913,11931.555,40852.358,16438.05,10097.92,10206.634999999998
7914,12325.345,40438.43199999999,13695.318000000001,9697.378999999999,11088.974
7915,13944.008,41047.593,12288.275,9517.448999999999,10998.104
7916,14878.216,43352.352,12249.237000000001,9509.631,11306.246000000001
7917,13887.232,44051.05,11883.332,9524.332,11381.657
7918,12987.287,44559.08,11782.473,9470.67,11452.752
7919,11873.418,43460.372,10862.838,9458.379,11404.783
7920,11295.496000000001,40261.545000000006,10041.837,9468.038999999999,10709.635
7921,10667.217999999999,37802.331,9515.7,9447.301,9181.725
7922,9094.758999999998,37138.181,9348.359,9438.993,8523.353
7923,7849.014999999999,36426.172,8894.841,9332.948,8373.902
7924,7659.4619999999995,35597.616,8815.166,9236.316,8116.1990000000005
7925,7693.268,35223.157,9018.267,9157.352,8324.469000000001
7926,7789.0019999999995,35798.505,9208.502,9334.221,8229.403
7927,8426.953,38471.39,9677.883,9855.815,8410.995
7928,9225.714999999998,39506.475,12198.058,10628.066,7555.9529999999995
7929,9791.682999999999,41215.554,14342.310000000001,11350.32,6250.943
7930,10271.709,41134.602,15810.105,11856.717,5597.98
7931,10647.023,40942.278999999995,17208.400999999998,12120.612000000001,5629.287
7932,10846.412,41259.581999999995,18149.078,12387.255000000001,5519.013999999999
7933,10703.638,40038.508,17796.006999999998,12342.369,5353.71
7934,11197.547,43105.841,16370.993,11907.373,6162.228
7935,11550.424,43632.667,15832.57,11390.59,8182.298000000001
7936,11145.429,42388.075999999994,16771.951,10834.281,10061.839
7937,10895.259,44873.545,15162.215,10209.761,10707.669000000002
7938,10902.539,46083.767,12474.668,9665.819,10559.862000000001
7939,11852.121,46711.392,11226.937,9405.007,10670.005000000001
7940,11582.29,48746.879,11821.044,9359.912999999999,11031.935000000001
7941,10365.483,48916.395,12036.855000000001,9351.52,11172.479
7942,10028.275,48168.035,11949.05,9288.151,11933.409
7943,9830.504,47172.35599999999,11370.966,9277.6,11039.266
7944,8989.497,44479.06599999999,10952.439,9270.882,10546.973
7945,7541.962999999999,42244.832,11037.055,9161.201,9398.36
7946,7002.058,39865.592000000004,10601.903,9144.359,8991.658
7947,6839.762,39240.694,10924.955,9114.454,7285.048
7948,6729.74,38962.667,10996.323,9114.714,6257.882
7949,6657.284,38552.931,10825.591,9128.382,6218.867
7950,6724.485,39032.16500000001,11282.236,9322.765,6209.736999999999
7951,7400.896,38874.519,13282.189999999999,9872.344000000001,7080.966
7952,8265.426,40738.678,13687.298,10621.708,7766.963000000001
7953,9050.982,42037.191999999995,15345.538,11220.706,7637.928
7954,9938.344000000001,41539.647000000004,16447.072,11592.575,7528.876
7955,10925.066,41489.539000000004,17490.331,12009.984,7947.653
7956,11759.051,41534.204,17729.745000000003,12226.638,7960.284
7957,10939.743999999999,41057.948000000004,17430.753,12289.404,7732.784
7958,10713.471,43478.89200000001,16898.566,12058.116,8652.433
7959,10326.931,45303.877,17588.153,11528.041000000001,9024.766
7960,10343.063999999998,44521.657,18350.486,10865.141,10143.394
7961,10467.543000000001,43293.609000000004,17369.074,10272.998,11381.663
7962,10938.432999999999,43600.342,14040.891,9675.059,12001.166
7963,13291.508,44635.281,12171.975999999999,9434.732,11802.673999999999
7964,13639.192,46611.118,12179.89,9430.181999999999,12220.994999999999
7965,12484.1,46463.76400000001,12153.757,9362.393,12248.923
7966,11730.312,46301.558,12199.215,9353.255,12200.701
7967,10846.903,45892.691999999995,12087.711000000001,9351.997,11398.385999999999
7968,9715.628,44443.583,11724.723,9326.903,10896.635999999999
7969,9320.628999999999,42568.700000000004,10497.973000000002,8459.957,10233.437
7970,8772.703,40905.235,9970.993,7457.239999999999,9842.576000000001
7971,8040.897,39632.774,9397.612,7432.9580000000005,9525.380000000001
7972,7572.830000000002,38902.282,9039.453,7439.17,9277.69
7973,7233.0019999999995,38777.907,8444.351999999999,7446.0,9170.041000000001
7974,7338.414,38555.824,7904.348,7665.89,8185.731
7975,7802.327000000001,38169.937000000005,10403.693,8234.429,6699.522
7976,8136.210999999999,35332.373,14000.762999999999,8988.927,6855.0830000000005
7977,8340.76,36951.042,14128.957,9800.346,6955.514999999999
7978,8867.382,37457.419,14168.032000000001,10528.74,6961.127
7979,9566.431999999999,37292.945,14434.494999999999,10991.185,7098.875
7980,10045.318000000001,37011.596999999994,14795.824,11116.105,7294.74
7981,10117.733999999999,36384.709,14908.496,10855.177,7198.04
7982,9815.756,36501.756,14970.583999999999,10274.497,6970.9
7983,9711.23,37186.498999999996,14335.077000000001,9748.981,7650.483
7984,9731.756000000001,35844.951,14472.086,9414.390000000001,9627.775
7985,9581.728,36018.567,14819.831,8767.956,11082.451000000001
7986,11782.311,37803.427,13458.92,8162.379000000001,11482.921999999999
7987,12919.750999999998,41320.388999999996,11784.448,7857.486999999999,11906.279999999999
7988,13194.012999999999,43500.490999999995,12137.212,7804.57,11838.3
7989,12902.355000000001,42675.362,11991.854,7826.326,11712.014
7990,12796.375,42387.062000000005,11409.980000000001,7842.068,11607.573
7991,12725.911000000002,40910.307,11331.99,7808.174999999999,11046.907000000001
7992,12005.823,39007.917,11670.962,7747.883,10522.493999999999
7993,11437.621,36823.195999999996,11211.288999999999,7566.523,10319.044
7994,11375.119999999999,35674.299000000006,9154.579,7551.268,10184.782
7995,11553.956,33826.194,8130.617,7571.338,10332.839
7996,11472.583,32643.529,7678.447,7497.546,10173.571
7997,10983.142,32398.499,7429.564,7499.376,9820.291000000001
7998,10133.395999999999,31933.664,7623.445,7716.974000000001,8406.408
7999,8828.628,31822.072,9802.354,8338.076000000001,6959.484
8000,8378.245,30517.428,10501.664,9162.117999999999,7267.669000000001
8001,8067.7300000000005,30404.39,10713.284,9917.205,7031.798
8002,8642.359,30319.046000000002,11171.55,10539.541,6625.156000000001
8003,9254.634,31008.364,11885.339,11001.846,6410.496
8004,9660.547,32156.769999999997,12428.824,11157.891,6641.389
8005,9512.348000000002,33001.291000000005,12301.44,10982.466,6642.731
8006,9177.249,33142.88,12045.617,10587.548999999999,6581.336
8007,8973.084,33269.681,12202.601999999999,10031.325,6600.768
8008,9276.41,34122.634,11665.451000000001,9439.776,8087.445
8009,10323.571,33363.807,12328.644,8755.397,9778.190999999999
8010,11432.233,35419.644,11639.588,8047.602,11020.713
8011,13238.89,37766.163,11180.295,7678.009999999999,12057.404999999999
8012,14552.830000000002,39272.347,11613.742999999999,7645.282999999999,12371.107
8013,14623.818000000001,39952.498,10984.479,7676.13,12408.099999999999
8014,14751.797999999999,39504.765,10735.644,7776.509,12372.224
8015,12898.488,39965.643000000004,10661.3,7772.693,12378.841
8016,12215.038,38058.058000000005,10707.322,7780.402999999999,12001.940999999999
8017,11693.041999999998,37082.329,9813.063,6976.210999999999,11553.997
8018,11451.169,36372.44,8911.637,6286.517,11147.912
8019,11154.37,35953.102000000006,8076.225,5998.277,10948.339
8020,11008.194,35483.512,7625.3099999999995,5974.178,10662.48
8021,11001.635999999999,35037.725,7485.01,5920.372,10936.470000000001
8022,10882.636,35488.035,8146.253000000001,6131.506,10565.702000000001
8023,9969.265,37828.950000000004,10990.698,6768.6320000000005,9500.154
8024,9786.544,40718.712,13422.233,7644.275,8992.652
8025,10308.913999999999,42768.766,15124.268,8507.169999999998,9511.309000000001
8026,10761.335000000001,43402.358,16038.575,9218.391,9584.999
8027,11026.426,43972.836,16827.218999999997,9688.94,10292.105
8028,10918.280999999999,44776.196,17351.607,9965.626999999999,10274.767
8029,10621.16,44040.426,16989.25,9882.794,10142.482999999998
8030,11893.072999999999,43577.038,18128.533,9409.439,10677.632999999998
8031,13651.757,43044.085,17668.282,8756.288999999999,11719.019
8032,15071.761,43595.348000000005,16844.451,8034.858,12411.169
8033,14556.015,45396.153,15726.063,7379.171,12433.536
8034,13528.249,45062.164000000004,13526.088,6683.2,12410.935
8035,13208.486,45485.850000000006,12872.168000000001,6251.523999999999,12397.214
8036,14055.155999999999,47650.217000000004,12844.666,6186.233,12501.717
8037,14631.119,47777.095,12116.756,6215.528,12476.613
8038,14890.028000000002,47412.609,12191.358,6151.745000000001,12264.824
8039,14299.700999999997,45814.481,12435.407,6088.706,11586.337
8040,12690.681,43632.883,11805.216,6126.247,11749.792000000001
8041,12102.876,40603.279,11481.876,6237.28,10933.981
8042,11720.795,38423.518,10737.307999999999,6296.905999999999,10384.668000000001
8043,11571.262999999999,36886.887,9808.291000000001,6263.9349999999995,10581.645
8044,11475.623,35753.60400000001,9571.563,6177.866,10809.304
8045,11436.026999999998,35574.925,9487.077,6257.1179999999995,10856.498
8046,11156.755000000001,36403.630000000005,9482.395,6422.826,10970.439
8047,10414.635,38427.808999999994,10422.262999999999,6952.192000000001,11300.79
8048,9461.826000000001,41802.208999999995,12650.356,7792.675,11043.961
8049,10003.058,43519.522,14034.126,8690.997,11396.502
8050,10538.779,42768.459,15859.594000000001,9352.485999999999,10742.067
8051,11259.779999999999,42117.338,17452.777000000002,9827.421999999999,10749.181
8052,11806.549,40951.843,17868.206,10043.472,10811.851999999999
8053,11971.607000000002,39388.116,17276.094,9885.341,10827.059000000001
8054,12524.319,42141.588,16675.603000000003,9186.56,11018.558
8055,12729.181999999999,43887.388999999996,17196.492000000002,8320.919,11022.355
8056,13646.845999999998,44605.534,16572.392,7878.03,11861.062999999998
8057,13782.481,45542.284,16249.73,7432.964000000001,11805.206
8058,12960.342999999999,45272.778000000006,13812.057999999999,7225.18,12226.632000000001
8059,12450.634,45809.012,12330.482,7734.099,12483.163
8060,13068.952000000001,47824.078,12334.008,7971.001,12183.645
8061,12823.001999999999,48265.742000000006,12291.736,7979.785,12032.001
8062,12615.929,47925.525,12245.215,7990.8279999999995,12254.784
8063,11718.358,46195.098,12222.26,7657.665999999999,12246.207
8064,10611.919,43678.578,12427.722000000002,6464.896000000001,12023.99
8065,10720.208,40904.813,11892.858,6343.31,11479.36
8066,10788.253999999999,37979.077999999994,11590.869999999999,6351.996,11202.365
8067,10820.958,35509.56999999999,11376.589,6334.674,11035.439
8068,10601.073999999999,34487.204999999994,11087.483,6236.662,11020.304
8069,10746.618999999999,34113.233,10713.929,6253.437999999999,11154.055
8070,10491.305,34695.590000000004,10494.866999999998,6347.002,11213.677
8071,10130.729,37471.719,11075.739,6718.620000000001,11417.268
8072,9704.418,41060.916,12714.626,7348.353,11074.053
8073,9833.865,43230.656,14674.042,7944.619,10876.017
8074,10551.386,42492.39600000001,17133.201,8489.92,9996.432
8075,11254.25,43994.736,17715.708,8823.518000000002,9427.48
8076,11552.425000000001,43774.419,17236.713,8957.143,9370.327000000001
8077,11495.907000000001,42073.992,16680.407,8789.846,8458.67
8078,11805.836,43098.945,16940.171000000002,8580.538999999999,9062.696
8079,12235.761999999999,43778.599,17447.142,8684.207,10358.373
8080,11897.123000000001,43798.25,16772.918,8804.762999999999,11789.852
8081,11893.673999999999,44173.373,16008.566,8954.146999999999,12718.050000000001
8082,11315.248,44089.282999999996,13715.592,8726.671,12795.881000000001
8083,11425.439,44798.509000000005,12442.158,8810.845,13067.199
8084,12058.99,46019.677,12154.496,8871.711,13144.843
8085,11993.551000000003,45817.114,12144.239000000001,8913.512,13166.115999999998
8086,11815.494,45632.838,12145.882000000001,8932.265,12875.272
8087,10589.425,44373.164000000004,12153.036,8775.862000000001,12859.726999999999
8088,9994.844,42357.475000000006,12125.698,7712.8550000000005,12485.425
8089,10051.403999999999,40568.963,11259.030999999999,6963.048,11313.101999999999
8090,9519.911,38792.759,10676.0,6753.994000000001,10413.998
8091,8403.023,38247.659,10533.579,6448.76,10065.077
8092,8252.184,37550.827000000005,10272.257,6320.7,9862.418000000001
8093,7922.44,38118.929000000004,10185.880000000001,6316.575,9473.771
8094,7864.196999999999,38734.009,9984.56,6413.781,9495.045999999998
8095,8114.915,41449.397,9671.738000000001,6771.563,10055.440999999999
8096,8167.728000000001,44358.775,10185.795,7257.5960000000005,10304.034
8097,8998.982,45345.452000000005,12126.867,7748.691,10054.789
8098,9645.041000000001,45386.81999999999,13912.654,8185.9839999999995,8482.768
8099,10212.561000000002,45693.779,14811.152999999998,8588.389000000001,8051.448
8100,10599.741,46052.723000000005,15041.903,8859.116,7551.844
8101,10509.023000000001,44091.331,15482.353,8946.229000000001,7165.689
8102,10692.24,45035.661,16069.787,8627.218,8618.402
8103,11216.225,45712.185,15595.627999999999,8162.611,10278.029999999999
8104,11040.228,45752.47,15379.946,7784.143999999999,10867.864
8105,11282.818000000001,45553.458,14842.600999999999,7904.188999999999,11823.838
8106,11818.771,44300.518,13410.606,7810.354,11797.087
8107,11665.788999999999,45290.077,13024.857,7563.525,11905.812
8108,12555.838,45929.729,13376.868999999999,7543.54,12039.048999999999
8109,12625.508000000002,45033.282999999996,13226.51,7573.727,12488.576000000001
8110,12412.809000000001,44900.562000000005,12827.902,7595.406,12610.970999999998
8111,11058.392,43580.94,12828.878,7606.009,12437.813
8112,11092.367999999999,40942.79,12497.861,7117.332,11965.386
8113,11989.462,36988.00399999999,12179.104,6565.182000000001,11405.478
8114,12166.159,34836.89,11680.823,6529.799,10264.342
8115,10691.964,34008.788,11637.408,6496.8550000000005,9894.808
8116,10307.305,33283.649999999994,11503.317000000001,6406.918000000001,9861.182
8117,10326.873,32808.128,11590.631,6424.147000000001,9921.522
8118,11021.57,32565.891,11505.557999999999,6588.349999999999,10002.484
8119,10924.395999999999,35691.991,12164.076000000001,7040.543,10083.211
8120,10720.744999999999,38674.312,12764.274000000001,7584.148999999999,9673.994999999999
8121,11267.662000000002,41588.338,13669.507,8038.096,8683.669
8122,11578.67,42537.911,14814.501,8559.045,8064.902
8123,11888.377,44931.892,14894.832,8868.490000000002,7541.606
8124,11985.83,45281.170000000006,15505.476,8846.788999999999,7108.037
8125,11350.985,44186.628,15645.904999999999,8899.078,6652.874
8126,11687.94,45757.7,14528.095,8819.760999999999,8449.867
8127,12498.815,44584.762,16081.696,8651.473,9716.95
8128,13117.109,44444.92600000001,16332.628,8123.771,10124.606
8129,13318.012,44929.077,14973.244,7870.209,10854.274000000001
8130,13209.616999999998,44436.935,13718.64,7593.58,11161.333999999999
8131,13228.624,44460.924,13440.522,7547.045,11066.769
8132,14437.367999999999,45404.891,13575.717,7774.1759999999995,10545.687
8133,14373.154999999999,44509.952999999994,13190.936000000002,7798.067999999999,10704.195
8134,14124.778000000002,44077.79,12440.548999999999,7796.111000000001,11067.976
8135,12577.605,43393.775,12814.14,7751.712,11043.861
8136,11976.494,42210.83,12487.192000000001,7270.107,10694.087
8137,11946.873,40005.555,11744.667,6890.043000000001,9982.418000000001
8138,11048.627,38643.147,11451.636999999999,6475.778,9209.183
8139,10546.514,37674.102,10304.956,6311.647999999999,9037.445
8140,10190.649,37504.564999999995,9399.311,6240.186,8918.233
8141,9976.292,36825.27,9257.602,6240.618,8899.814
8142,9474.913,36011.688,8902.433,6417.896,8764.668
8143,9025.081999999999,36940.837999999996,8860.169,6935.585999999999,9085.479
8144,8627.324,38810.208999999995,9479.554,7516.606000000001,9282.654
8145,8609.141000000001,40880.265,11061.097,7965.6990000000005,7676.518
8146,8999.678,41722.285,11942.606,8345.404,6677.974
8147,9431.418,42032.404,12740.740999999998,8750.648,6592.857
8148,9631.481,42359.127,13353.767,8861.212,6667.485000000001
8149,9610.053,41468.18,13670.544,8852.969,6523.274
8150,9695.238,42098.515,13020.819,8671.709,6401.17
8151,10037.129,42297.41100000001,12831.492,8167.909999999999,6679.335999999999
8152,10355.528999999999,42310.328,12557.705000000002,7767.566,7822.674
8153,11496.891,41646.894,11180.332,7240.712,9761.522
8154,12010.198,43539.137,10460.567,6770.182,10416.789
8155,12657.827,45328.354999999996,10799.41,6507.859,11485.682
8156,14049.065000000002,45763.082,11737.850999999999,6509.827,11621.658
8157,13861.020999999999,45142.776,11472.837,6500.414999999999,11408.629
8158,13681.301,43992.449,10887.919,6492.636,11275.083999999999
8159,12106.328,43430.431,10543.816,6522.327,11211.91
8160,11832.172,41952.721000000005,9620.220000000001,6444.26,11051.079000000002
8161,11659.795,40167.822,9020.797999999999,6322.409,10347.252
8162,11154.732,38974.786,8219.033,6324.25,9864.003
8163,10817.421999999999,37721.462999999996,7927.839,6295.2880000000005,9310.893
8164,10823.636,35946.206000000006,7906.477000000001,6209.034,9389.616999999998
8165,10365.505000000001,34626.74999999999,8367.715,6209.178,9416.856
8166,9661.885,33912.583,7754.072,6389.968999999999,9012.594
8167,9050.835,34919.117,7276.942999999999,6805.156999999999,8473.757
8168,8547.893,35642.140999999996,7963.418,7277.991999999999,7328.761
8169,8243.169999999998,36253.002,9278.91,7898.565,6356.957
8170,8897.241,35764.106,10262.416,8533.676,5964.782
8171,9435.076000000001,34907.895000000004,11170.726,8807.166,6054.597
8172,9825.271999999999,34996.704,11360.226,8853.137,6181.688
8173,10035.511,35046.553,11665.171999999999,8831.020000000002,6133.275
8174,9983.560000000001,35520.672999999995,11788.259000000002,8630.991,6129.489
8175,10072.824,36779.00200000001,11271.294000000002,8186.013999999999,7182.505999999999
8176,10604.987,36683.671,11080.092,7827.582,8784.658
8177,10720.844,37688.131,10737.258,7393.246,10342.643
8178,11827.019,39238.206,10101.74,6734.317999999999,11253.5
8179,12406.740999999998,41342.368,10390.095000000001,6348.979,11985.963
8180,13019.478,42678.912,11125.742,6326.161,12057.964
8181,13420.891,42704.102000000006,11377.297,6332.824,11310.672
8182,13879.305000000002,42590.276,10864.177,6332.021000000001,11357.805
8183,12815.721,42304.693999999996,10839.384,6325.08,11268.822
8184,11583.118,41652.542,10162.916000000001,6324.395,10582.729
8185,9797.807999999999,41476.447,9450.082,6322.14,9764.618
8186,8404.505,40647.151000000005,9163.524,6313.2,9421.083
8187,8194.412,39957.281,8854.786,6281.874,8793.132
8188,8240.780999999999,39280.087,8757.91,6224.276,8262.083
8189,8497.251,38483.689,9311.828000000001,6227.432,8073.903
8190,8566.615,38512.332,9614.497,6410.746000000001,8027.651
8191,9029.411,38710.215000000004,10979.534,6905.357,8739.886
8192,9758.575,39143.581000000006,13744.431,7552.144,8970.957999999999
8193,10382.083,42123.434,15388.638,8211.458999999999,9007.649
8194,11101.019999999999,42665.29000000001,16508.843,8737.668,8685.546
8195,11411.667000000001,42706.205,17797.955,9023.616000000002,8480.915
8196,11584.955,42832.89599999999,18321.359,9046.441,8360.902999999998
8197,11551.220000000001,41711.894,18228.185999999998,9037.53,7592.409
8198,11703.425,42712.25399999999,17851.603000000003,9010.402000000002,8231.026
8199,11795.023,45075.904,16371.119999999999,8596.192,9445.035
8200,11468.955,46053.508,15510.175,8070.154,10350.177
8201,10992.231,47189.645,13950.633,7645.175,11134.633
8202,11147.589999999998,46499.046,11626.802,7071.081,11304.452000000001
8203,11170.811000000002,48130.771,10910.889000000001,6698.0419999999995,11638.454
8204,11930.026,50351.229999999996,10641.327000000001,6680.397,11490.555
8205,12761.93,50017.733,10112.45,6728.082,11418.420999999998
8206,12591.935000000001,49459.687999999995,9932.033,6669.746999999999,11788.79
8207,11366.045,47967.611000000004,10145.516,6631.947,11202.647
8208,10335.193999999998,46205.804,9744.054,6421.107,10121.938
8209,9468.432999999999,43676.86499999999,9097.076,6371.387000000001,9597.463
8210,8971.175000000001,41404.309,8906.222,6373.532999999999,9041.076000000001
8211,8778.505000000001,40070.084,8819.545,6360.62,8374.472
8212,8725.049,39384.581999999995,8754.112000000001,6287.918,8043.835999999999
8213,8950.817,38873.316,8847.598,6292.366000000001,8099.745000000001
8214,9448.907000000001,38625.557,8927.449,6461.303000000001,8292.062
8215,9187.709,39314.643,9659.802,6896.817,8876.974
8216,9558.550000000001,40503.802,12023.053,7489.715,9612.826000000001
8217,10281.09,42711.788,13719.249,8051.753,8940.998
8218,10716.088000000002,43002.193,14532.063999999998,8508.547999999999,8977.891
8219,11034.303,42470.594999999994,16061.27,8857.09,8941.045
8220,11433.830999999998,41831.288,16555.839,9136.329,9135.284
8221,11432.648999999998,40033.946,15850.149000000001,9098.015,8742.075
8222,11559.735,40394.278,16798.118000000002,8687.375,9062.61
8223,11544.819000000001,42366.026000000005,16586.333,8003.839,9710.334
8224,11233.581,42690.441000000006,16144.758000000002,7455.762,10540.075
8225,11655.78,43279.621,14709.448,7233.166,11509.384999999998
8226,11541.558,43722.918999999994,12164.047999999999,6787.365,12211.79
8227,11791.542,45450.025,11833.152,6559.139,12095.521999999999
8228,13069.197,46396.854,12139.349,6530.557000000001,12263.685
8229,13397.886999999999,45613.108,11952.882,6709.993,12111.61
8230,13434.414999999999,44973.37,11560.382,6720.511,11911.684
8231,12209.762999999999,43553.437,10699.6,6670.963,11621.12
8232,10523.812999999998,41481.518000000004,9884.981,6517.3189999999995,11226.98
8233,9794.728,39785.154,8908.287,6269.078,10717.678
8234,9310.114,37960.773,8094.972,6234.73,10464.404
8235,8848.824,36660.877,8060.418,6229.746,9683.771
8236,8841.08,36047.199,7915.476000000001,6222.959999999999,9402.926000000001
8237,8936.78,35892.493,7853.887000000001,6201.765,9556.153
8238,9064.476,36098.965,8031.6630000000005,6299.907999999999,9608.415
8239,8868.629,38315.162,9198.249,6671.479,8958.135999999999
8240,9015.482,41549.672,11219.74,7317.5289999999995,8715.401
8241,9678.421,42110.975999999995,14346.294,7972.4400000000005,8447.42
8242,10214.667,41916.816000000006,15482.795,8630.736,8517.788
8243,10865.743,42319.049,16148.175,9065.984,8438.448
8244,11323.528,41388.869999999995,16577.599000000002,9160.415,8288.829
8245,11249.802000000001,39369.739,15833.605,9059.657,8014.99
8246,11170.385,39910.831,16512.696,8464.413,7815.464
8247,10927.935,41219.993,16623.14,8240.28,7973.0509999999995
8248,10993.561,42249.008,16346.737000000001,7829.115,8545.73
8249,11397.868,42831.073,13841.822,7409.747,10949.648
8250,11466.872000000001,41852.719000000005,12330.037999999999,6922.201,12337.765
8251,12014.818000000001,43502.240999999995,11714.29,6662.729,12387.532
8252,14089.043000000001,44367.803,12020.823,6609.388,12339.103
8253,14830.298,44371.078,11714.917,6608.25,12343.866000000002
8254,14838.395,44122.393000000004,10874.550000000001,6637.847,12345.670000000002
8255,12590.383,44089.598,10185.243999999999,6662.998,12498.382
8256,11137.307,42360.578,9914.091,6362.398999999999,12452.669
8257,10976.916000000001,38700.314,9634.194,6139.933,12000.229
8258,10980.234,36101.02,9371.27,6130.221,11400.66
8259,10618.202,34766.314000000006,9451.407,6131.787,10615.687
8260,10897.551000000001,33249.905,9514.677,6114.581,10435.371
8261,10885.752,32034.900999999998,10472.407,6105.558999999999,10555.436
8262,10979.168000000001,31815.798000000003,10674.689999999999,6314.816,10483.865
8263,10430.209,35429.697,11076.074,6900.272,9702.914
8264,10459.470000000001,40419.693999999996,11940.363,7677.382,7548.165000000001
8265,10628.173999999999,42351.182,13272.382000000001,8459.688,7127.045
8266,10825.085,43689.106999999996,14167.258999999998,9086.161,6920.09
8267,11338.469000000001,43637.769,15604.705999999998,9530.761999999999,6827.576999999999
8268,11322.476999999999,43757.222,16469.383,9682.892000000002,6842.821
8269,11205.559000000001,41582.448,16410.659,9557.414999999999,6751.705
8270,11202.765000000001,41410.705,17132.253,9205.512,8093.973
8271,11502.405999999999,42703.072,17104.547,8728.205,8991.902
8272,11109.483,43687.811,17134.917999999998,8184.6759999999995,9973.704
8273,11498.783,44100.626000000004,15485.521,7595.858,12245.842
8274,11707.738000000001,44652.155000000006,13204.04,7065.567,12498.776999999998
8275,12231.092,45060.564,12208.689,6685.17,13143.045
8276,13793.078,46896.576,12523.05,6728.113,12647.724999999999
8277,14754.627,46056.701,12756.854,6735.201,12394.078000000001
8278,14889.52,45297.964,12607.633,6735.825000000001,12499.623
8279,14155.08,43360.658,12714.718,6736.359,12592.100999999999
8280,12574.603000000001,40801.291,12553.213,6590.341,12574.611
8281,12364.652,37552.031,12253.95,6197.871999999999,12511.288
8282,12553.338,34224.334,12375.436,6206.716,11649.027
8283,12454.597,33041.56,11453.325,6214.542,10998.114999999998
8284,12482.788,32023.612,10427.087,6204.51,11296.571
8285,12543.7,31361.09,10281.49,6228.063,11533.249
8286,12266.091,31485.489999999998,10261.714,6444.64,11436.135999999999
8287,11042.449999999999,34006.877,11964.354,7045.427000000001,10612.011999999999
8288,9975.674,38059.377,14011.181,7866.861,10111.889
8289,10425.508,40882.157,16117.823,8744.012999999999,9567.847
8290,11016.016999999998,41970.009000000005,16215.555,9445.192000000001,10642.635
8291,11398.923,43624.496999999996,17070.144,9650.885,10645.163
8292,11618.089999999998,43995.490999999995,16837.648,9765.833,10868.99
8293,11490.393,43488.971,15834.065,9454.535000000002,10517.142
8294,11607.286000000002,43972.003,17916.644,8959.322,10355.847000000002
8295,12946.502,44870.318,16998.248,8369.632,10817.088
8296,14017.097000000002,43817.252,16506.917,7845.884000000001,11454.864000000001
8297,14524.890999999998,43431.631,14861.681,7169.853999999999,11716.965
8298,15060.176,42694.705,12961.935,6707.335,11683.308
8299,14481.895,44072.051,12539.165,6531.2390000000005,12240.117999999999
8300,15242.427999999998,44882.094,12850.492,6450.607,12575.067
8301,15432.133,43805.056,12658.679,6468.773,12375.468
8302,15422.158,42920.326,12570.315999999999,6467.772,12409.178
8303,15432.992,41341.989,12547.878,6475.701,12077.466
8304,15116.354000000001,39439.373999999996,11926.179,6461.125,11630.901000000002
8305,14161.754,36998.10800000001,11346.515,6223.362,11308.165
8306,13655.331,34334.028,11555.262999999999,6097.163,10651.635999999999
8307,13309.082999999999,32905.16299999999,11252.553,6059.293,10124.873
8308,12257.599000000002,32766.112999999998,11067.476,6072.532999999999,9892.667000000001
8309,11653.192,33033.494,10627.544,6065.8589999999995,10600.224
8310,11093.158000000001,32841.616,10536.425,6205.86,10593.396
8311,11000.405999999999,33929.752,10149.692,6687.887000000001,10017.414
8312,9503.349,37496.601,10872.226999999999,7486.322,9291.359
8313,9948.211,38814.549,12545.502999999999,8137.484,8098.905000000001
8314,10768.173,37650.64,14011.899000000001,8753.150999999998,7628.396000000001
8315,11158.651,37581.678,15315.615,9253.159,6752.474999999999
8316,11241.023000000001,37775.21800000001,15893.821,9604.102,6462.391
8317,10843.662,37302.495,15988.173,9604.232999999998,6675.936
8318,10759.264,37775.265,14068.708999999999,9024.392,7617.014999999999
8319,11040.649,37493.871,12309.436,8404.548,9456.292
8320,11735.940999999999,36421.21,11628.668,7954.621,10337.538
8321,13164.011999999999,35593.872,11613.305,7315.366000000001,11432.491
8322,12972.670999999998,37730.504,11458.515,6916.227000000001,12106.287
8323,13344.989,41343.811,11774.204000000002,6579.384,12494.883999999998
8324,14947.172999999997,42808.498999999996,11204.706,6522.554,12135.765
8325,15770.068000000001,42205.777,10261.059,6460.3,12039.068
8326,16338.945999999998,40537.236000000004,9690.978000000001,6449.1810000000005,11527.373
8327,16816.047000000002,38256.959,9357.037,6516.335000000001,10859.911
8328,16012.109999999999,36429.34,9285.242,6459.642,10473.189999999999
8329,15379.779,35318.959,8061.133,6286.145,10353.367
8330,13637.655999999999,35309.429,6882.856,6285.7880000000005,10262.599000000002
8331,11818.936,35153.85600000001,6458.448,6278.92,10156.466
8332,11107.105000000001,34879.996,5981.724,6273.287,9914.203
8333,10523.643,34630.20300000001,5884.194,6239.865,9954.209
8334,9161.269,34646.537,5397.65,6360.915000000001,9760.197
8335,8391.460000000001,34164.388999999996,7609.278,6787.857999999999,7882.181
8336,8188.432000000001,34883.344,8946.415,7512.608000000001,6255.6759999999995
8337,8581.528,33174.512,10087.942,8238.11,5958.67
8338,9123.534,31865.761,11449.690999999999,8748.058,5887.289
8339,9504.178999999998,32043.045,12611.724,9003.793,6011.246999999999
8340,9770.757999999998,33264.128000000004,13544.877,9040.098,6132.6810000000005
8341,9790.98,33192.283,13531.26,8850.516,6005.628000000001
8342,9563.292,33216.811,12990.59,8558.486,5876.557000000001
8343,9694.160000000002,34419.311,11737.368,8085.624,5844.6990000000005
8344,10120.096,36135.368,9656.147,7611.873,6780.996000000001
8345,10049.715,37674.521,8292.571,7012.491999999999,9699.098
8346,11031.765,38761.619999999995,8299.586,6786.142,11588.795999999998
8347,12125.578,41355.452,8335.806,6521.515,12218.608
8348,13616.204,42844.652,9038.18,6462.594000000001,11878.567
8349,14713.159,42940.12,8976.188,6476.978000000001,11477.331999999999
8350,14662.957999999999,42916.115999999995,8815.851,6482.485000000001,11327.926
8351,15075.471,41218.210999999996,8446.017,6493.52,11100.404999999999
8352,14705.382999999998,39252.157999999996,8101.991,6419.374,10873.36
8353,12845.612,38391.022,7655.26,6267.036,10640.89
8354,11570.835,37384.950999999994,8178.201,6259.68,9449.503
8355,11893.268999999998,34936.485,8968.856,6288.419,8716.411
8356,11885.197999999999,34126.887,8847.895,6276.325,8592.535
8357,11917.536999999998,34104.441999999995,8507.718,6279.379,8868.891
8358,11669.161,34141.255,8678.759,6414.039,9142.582
8359,10579.746,37676.556,9399.91,6878.205999999999,9235.032
8360,9811.487,40951.87699999999,12268.417000000001,7584.362000000001,9158.951000000001
8361,10420.461000000001,42875.179000000004,14032.114,8392.368,8838.004
8362,10945.036,43334.02500000001,15249.977,9014.301,8843.103
8363,11176.515000000001,43976.632999999994,16549.281,9499.350999999999,8935.253999999999
8364,11185.679,42496.128,17948.6,9763.914999999999,10110.444
8365,11378.018999999998,40984.788,17430.413,9627.232999999998,10370.902
8366,12065.018,43017.492,17721.005,9267.197,10365.58
8367,12535.871,46036.753,16927.649,8587.751,10379.462
8368,13944.628,45908.278999999995,16124.087,7869.017,10895.331999999999
8369,14884.955999999998,45093.556,14456.858,7309.558,11780.793
8370,14587.476999999999,43721.306,12956.068,6900.6990000000005,12416.042
8371,14270.207,44995.983,11986.666000000001,6569.292,12686.403999999999
8372,14804.258,46722.191,12480.13,6700.7480000000005,12680.182
8373,15672.055999999999,46499.676999999996,12218.444,6565.299999999999,12655.718
8374,15912.503,46088.353,11947.188,6569.536,12401.429
8375,15980.036,44226.882,10964.749,6747.8009999999995,11984.364000000001
8376,15118.288999999999,41475.676999999996,10407.655,6785.581999999999,11705.146
8377,13719.454,39172.435,10401.61,6709.846,11014.886
8378,11996.354000000001,38356.827000000005,9581.885,6810.784,10790.155999999999
8379,11063.098,37645.113,9709.621,6819.688,9660.228000000001
8380,10901.525,36972.937999999995,9653.739000000001,6792.885,9033.435000000001
8381,11069.119999999999,36527.518000000004,9685.641,6793.183999999999,8864.284
8382,11123.435999999998,36426.95,9192.653,6950.849,9253.797999999999
8383,10649.09,38471.920999999995,10272.527,7360.089999999999,9226.346
8384,11351.196,40556.121,12655.546999999999,8211.881,9331.625
8385,12054.714999999998,42902.883,13131.676000000001,9053.459,10357.041000000001
8386,12420.858,43855.273,13602.055,9650.736,10170.935
8387,13069.708,43102.568,14343.926000000001,10103.791000000001,9805.172
8388,12728.12,42528.806,15385.216999999999,10247.909,9371.99
8389,12472.562,40879.907,14894.18,9786.887999999999,8989.979
8390,13247.201000000003,40726.294,15365.96,9261.473,9479.995
8391,13484.391999999998,41913.709,15663.84,8893.091,10153.985
8392,13880.973,42522.873999999996,14115.068000000001,8723.015,11624.957
8393,14577.747,42814.905,13782.233,8450.329,11582.679
8394,14245.437000000002,41277.229999999996,12776.3,8280.755000000001,11861.201000000001
8395,14060.662,41956.3,12751.883,7973.4929999999995,12195.597
8396,16055.103999999998,43291.229,12361.616999999998,7951.772,12051.709
8397,16136.611,43238.969999999994,12187.580999999998,8027.109,11953.75
8398,16661.351,42567.576,11565.565,8085.515,11920.206999999999
8399,16373.519000000002,41554.939,10707.359,8043.236,11367.74
8400,15518.999,39082.210999999996,10284.783,8010.137,10761.558
8401,13731.187999999998,37157.087,9499.584,7785.594999999999,10719.282
8402,11971.816,35970.298,9857.955,7706.9490000000005,9770.814999999999
8403,11246.788,34060.68,10278.588,7714.879,9394.796999999999
8404,10312.466,33913.14,10158.866,7697.77,9169.357
8405,10258.277,33282.627,10426.438,7697.164,9238.735
8406,10065.465999999999,33119.997,10748.493999999999,7764.202,9215.896
8407,9970.192,36179.525,9403.718,7860.301,9399.260999999999
8408,9857.905,40630.95599999999,10140.494,7837.241,7732.542
8409,10573.112,42218.558,11633.563,8262.389000000001,6101.459
8410,10434.38,41526.441999999995,13152.006,8736.232,5885.85
8411,10647.763999999997,40992.998,14519.487,9181.866,5585.314
8412,10926.896,39911.081,14972.455000000002,9279.288999999999,5482.918
8413,10953.250999999998,38849.325,13769.461,9089.385,5439.0560000000005
8414,11449.777,40014.323000000004,14195.927,8968.177,6116.882
8415,11399.441,40240.386,13513.877,8647.485999999999,8402.348
8416,11449.261,41976.528999999995,12664.883,8180.249,8849.833999999999
8417,12023.17,42460.906,11153.619,7903.854,10151.029999999999
8418,12779.715,42005.122,9431.724,7903.965,10767.71
8419,12993.526999999998,42977.541000000005,9044.385,7865.453,11523.047999999999
8420,14294.720000000001,44077.276999999995,8988.945,7838.146,11609.492
8421,14718.856,43934.967000000004,8401.654,7851.848,11802.805
8422,14736.293,43299.708,7643.13,7841.6320000000005,11883.769
8423,14541.474999999997,41581.595,7066.884,7815.286,11325.438
8424,12959.744999999999,39444.998999999996,6829.894,7804.482,10672.117999999999
8425,11386.749999999998,37762.401,6478.051,7634.053,10178.626
8426,10311.089,36138.723999999995,5794.636,7622.762000000001,10236.225
8427,9297.49,35496.215,5767.486000000001,7680.697,9618.255000000001
8428,9260.577000000001,35186.511,5908.92,7683.882,8690.651
8429,9038.086000000001,34889.464,6394.688999999999,7683.7210000000005,8578.462
8430,9149.246000000001,35221.047,6466.981,7775.925,8102.4259999999995
8431,8986.016,39324.481,7589.148,7922.142,6090.254
8432,8806.571,42684.478,9701.435000000001,7862.255,5728.414
8433,9597.03,43754.542,10536.493,8372.423,5669.345
8434,10315.764,42773.316,11330.746000000001,8823.293,5553.4529999999995
8435,10811.602,42566.183000000005,12078.926,9013.483,5454.186
8436,11339.814000000002,41121.749,12879.818,9203.858,5578.269
8437,11616.898,39656.427,12826.26,9186.493,5774.334000000001
8438,12024.431,40044.157999999996,13632.413,9016.53,6140.865
8439,12585.422,40125.192,13126.147,8648.455,8105.867
8440,12358.033,40447.476,12915.794999999998,8258.717999999999,9673.496
8441,12109.161,42431.712999999996,11141.368999999999,8041.213,10784.701
8442,12318.535,42006.06,9715.341,8078.473,11591.309000000001
8443,12485.621,42527.028,9621.75,8027.6630000000005,12120.877
8444,13180.002,43895.562999999995,10519.553,7939.869999999999,11865.075
8445,14615.851,43882.956000000006,9485.846,7934.464,11536.3
8446,14884.895,43329.902,9121.561,7947.253000000001,11290.749
8447,14711.388,41896.924,8533.478,7919.8009999999995,10655.994999999999
8448,13404.644,40885.591,7700.262000000001,7888.481,9220.195
8449,12150.722999999998,39767.541,6475.504,7675.7300000000005,8228.865
8450,9554.889000000001,39272.853,5731.429,7671.852999999999,8249.347
8451,9051.672,38090.61,5199.783,7663.755999999999,8070.7970000000005
8452,8918.347,37174.835999999996,5088.124,7665.736,7874.5470000000005
8453,8784.393,36997.531,5121.804,7656.6849999999995,7972.34
8454,8750.705,36224.210999999996,5914.645,7733.885,8318.538
8455,8574.882,38292.35400000001,8363.754,7546.3910000000005,8050.780000000001
8456,9314.909,39987.799,10913.361,7617.223,7768.18
8457,10291.512,42144.23900000001,12177.343,8105.451000000001,6859.191999999999
8458,11243.928,42335.987,13304.816,8659.322,6011.106
8459,11874.361999999997,41343.597,14365.34,9119.499,6033.656999999999
8460,12173.526,40547.509999999995,14834.058,9367.99,5895.921
8461,12211.8,39749.914,14797.289,9415.289,5812.889999999999
8462,12808.042,40100.984,15045.457999999999,9251.867,6137.662
8463,14337.162,39931.792,13302.864000000001,8874.036,7254.120000000001
8464,14918.971000000001,39548.378,11860.105,8542.864000000001,8762.984
8465,15487.259000000002,40251.587,10218.467,7998.717,9221.089
8466,16066.125,40538.73500000001,8789.310000000001,7551.799999999999,10503.499
8467,17314.555,41808.765999999996,7763.6669999999995,7264.074,11236.536
8468,18271.171000000002,43077.184,7871.269,7198.370000000001,11319.742
8469,18339.137,42784.295000000006,7018.108,7214.722,11494.289
8470,18408.761,42311.28,6216.707,7266.9490000000005,11538.309000000001
8471,17999.253,41742.065,5818.673999999999,7545.635,10467.741
8472,16868.93,41313.787000000004,5420.648999999999,7857.486,8810.732
8473,14430.028,40765.068999999996,5237.384,7693.606000000001,7926.694
8474,12927.592,39575.93,5043.99,7679.197,7452.669
8475,11259.105,39233.19,5046.049,7562.39,6971.44
8476,10237.092999999999,38767.774999999994,5035.308,7524.836,6781.329
8477,9807.194,38542.503,5053.252,7557.875,6545.927
8478,9088.173999999999,38147.479,5382.298,7685.231,6001.616
8479,9172.403999999999,37729.772,7994.244000000001,7540.900000000001,5015.222000000001
8480,9125.236,38059.48499999999,9668.618,7730.716,5017.205
8481,9482.794,38130.852,10564.332999999999,8355.659,4903.214
8482,10044.946,37413.82,12345.76,8921.896,4974.277
8483,10556.055999999999,36167.539,13690.046,9253.167000000001,5163.23
8484,10776.814,35065.03999999999,13923.754,9311.259999999998,5209.512000000001
8485,10793.258999999998,34102.267,13608.1,9304.048,5166.253
8486,11297.201000000001,33676.257999999994,13606.858,9021.244,5073.052
8487,11618.635,33348.058,13414.848,8651.893,5714.942999999999
8488,11923.025,31714.097999999998,13640.86,8283.551000000001,7024.108
8489,13302.994,33641.718,10811.865999999998,8087.814,8795.593
8490,14865.673,37837.505,7842.3009999999995,7614.722,10105.673999999999
8491,17462.175,39540.971999999994,6958.614,7288.619,11137.052
8492,17977.155000000002,41302.184,7580.264999999999,7229.870999999999,11805.060000000001
8493,17955.822,41468.85,7251.317999999999,7163.526,11402.426
8494,16903.717,41503.496,6311.865,7184.606,11302.091
8495,16029.412000000002,41730.829999999994,5835.235000000001,7209.0289999999995,10098.708
8496,15000.242999999999,40848.737,5519.34,7198.195,9569.006000000001
8497,14330.733,39220.457,5164.3189999999995,7096.404,8680.235
8498,13357.772,37811.59,4919.9490000000005,7035.719999999999,8183.496999999999
8499,12253.950999999997,37475.73100000001,5054.82,7019.53,6815.942000000001
8500,11834.355999999998,36168.171,5118.126,6965.629,6688.213
8501,11674.698,35201.119999999995,5095.0470000000005,6970.1849999999995,6724.278
8502,10179.936,34212.017,5254.755,7061.378000000001,6635.7119999999995
8503,8571.229000000001,33128.846,7658.485,7075.118999999999,6715.848
8504,8173.402999999999,31242.738999999998,9064.817,7499.106,6907.808
8505,8816.94,30124.138,10706.651,8124.148,5615.512999999999
8506,9597.914999999999,29622.339999999997,11954.1,8769.345,4949.513000000001
8507,9870.976999999999,30116.666,12894.736,9372.944,5027.196
8508,9857.234,30971.050000000003,13720.736,9517.660000000002,5246.754
8509,9893.113,31183.800000000003,13904.851999999999,9462.238,5155.379
8510,9624.525,31117.961,13772.988,9169.852,4974.234
8511,9230.114000000001,31796.347999999998,13768.666000000001,8672.963,4967.597
8512,8925.369999999999,33051.185,13517.099999999999,8194.974,6136.75
8513,10007.201,35307.229,12002.501,8007.125,7380.6179999999995
8514,11730.436,38429.994000000006,9075.716,7441.811000000001,9562.051
8515,14072.911000000002,40883.17600000001,6983.286,7060.347,10439.08
8516,15649.426000000001,42457.926999999996,7814.455,7046.472,10406.518
8517,16247.366,41918.782999999996,7945.368,7059.793000000001,10441.843
8518,15973.072,41598.70700000001,8011.304,7043.299,10540.234
8519,15373.454000000002,41295.743,7939.907999999999,6953.749,10244.939
8520,14702.603000000001,39649.327,7832.154,6973.378000000001,9914.096000000001
8521,12810.889000000003,38497.593,7991.919,6913.213,9126.607
8522,10759.829,37425.508,8346.396,6823.8279999999995,8672.285
8523,9846.821,35758.715,8676.114,6842.027,8447.529999999999
8524,9775.916000000001,35075.751000000004,8310.041,6853.7429999999995,8097.278
8525,9623.191,35524.655,7960.9490000000005,6744.931,7897.563
8526,9194.027,36345.938,7025.982,6973.389,7985.554
8527,8484.104000000001,37315.945,8814.506,7569.963,7674.427999999999
8528,8786.985,38832.384999999995,10795.246,8260.187,7680.98
8529,9104.941,40070.044,12682.016,8895.883,8143.65
8530,9453.479000000001,39828.153999999995,13923.729,9459.021,8591.915
8531,10173.421999999999,37769.367,16336.43,9950.94,8839.705
8532,10362.989,38132.843,18024.607,10258.219,8277.921999999999
8533,10164.285999999998,37808.689,17822.841,10322.366,8166.1939999999995
8534,10516.302,39093.364,17313.731,9983.453,9171.594000000001
8535,11080.954,39106.855,16545.917,9563.586000000001,10175.3
8536,11471.234,39220.244,16371.767,9054.409,10113.285
8537,12418.896,39075.992,16205.830000000002,8661.109,9867.66
8538,13053.921,39608.74,13283.067,8289.865000000002,10738.534
8539,14662.676,40158.553,10805.280999999999,7800.446,12003.963
8540,17222.020999999997,40992.827,10727.809000000001,7721.969,12631.528
8541,17639.394,40576.889,11009.666000000001,7702.133,12426.637999999999
8542,17879.695000000003,39890.154,11366.153,7694.700000000001,12664.487000000001
8543,16914.404000000002,39328.524000000005,11568.444,7665.855,12647.223
8544,15333.709,38086.017,10886.711,7543.733,12234.893
8545,15124.228000000001,35408.282,10402.121,7400.019,11471.631000000001
8546,14531.313,33851.581,9470.759999999998,7301.290999999999,10574.193
8547,14188.687,32137.887000000002,9901.62,7305.869,9744.922999999999
8548,13797.543,31732.181999999997,9458.025000000001,7287.839,9398.809
8549,12642.701000000001,32755.069999999996,8735.186,7294.284,9289.113000000001
8550,11525.608999999999,33082.829000000005,8784.601999999999,7302.395,9429.393
8551,10079.665,34216.65,10869.614000000001,7613.157,9110.43
8552,9991.675,36918.872,13485.804,8300.948,7056.0830000000005
8553,10612.321,39926.993,14034.832999999999,9037.372000000001,6684.208
8554,11239.613,40220.226,14507.627,9556.246,6856.5740000000005
8555,11873.573,40287.252,15375.834,10040.704,6885.767
8556,12223.673999999999,40405.379,16073.312999999998,10325.0,6963.236000000001
8557,11979.717,39588.253000000004,16192.151,10375.084,7432.221
8558,11727.448,39635.427,15939.413,10168.014000000001,8901.537
8559,11548.878999999999,40487.538,15544.147,10074.836,9420.688
8560,12206.757000000001,41898.755999999994,14753.657,9467.499,9061.096
8561,13075.314999999999,42184.781,14072.973,9289.279,8980.072
8562,14487.084,42885.768000000004,10762.022,8841.121,9401.184000000001
8563,16281.094,43555.772000000004,8370.422,8392.11,10566.949
8564,16511.946000000004,44143.321,9554.032,8308.752,11713.416000000001
8565,16557.154000000002,44717.551,9113.034,8332.592,11798.883
8566,16639.95,44591.268,9246.08,8341.41,11762.07
8567,16789.742,43738.079,9151.449,8325.235,11320.93
8568,16295.103000000001,42585.307,7916.687,8294.796,11089.612
8569,15117.705000000002,40962.463,7054.837,8219.260999999999,10561.503
8570,12282.46,40317.991,6790.421,8203.106,10448.679
8571,11563.8,39268.18,6257.808999999999,8189.775,9852.718
8572,11193.906,38711.228,5901.852,8155.184,9143.424
8573,10769.997,38304.945999999996,5647.252,8147.826,8910.422999999999
8574,9874.478,37762.236000000004,5342.710999999999,8066.217,8952.529
8575,9355.717999999999,37033.0,8730.79,7377.407,8032.992000000001
8576,9495.666000000001,37794.84,10714.025,7878.722999999999,7449.566999999999
8577,8990.751,39156.332,11870.57,8665.424,6855.826
8578,9238.454,37629.425,13130.063,9377.734999999999,6748.788
8579,9603.572,37945.832,14065.837,9908.118,5571.216
8580,9710.77,38830.909,15000.056999999999,10163.276000000002,4948.258
8581,9732.02,38180.037,15091.051,10167.019,4909.043
8582,9756.997,38405.273,14832.894,9868.515000000001,4815.95
8583,9618.548999999999,38756.9,14376.081999999999,9371.565,5575.329
8584,10116.555,38445.884,14680.771999999999,8796.374,6402.951000000001
8585,11763.626999999999,37081.675,14095.5,8526.251999999999,7951.475
8586,14313.377,38480.687,10989.41,8316.151,9386.564
8587,15668.971000000001,41976.845,9569.202000000001,8071.929,9683.883999999998
8588,16105.954999999998,44117.674,10067.42,8019.022000000001,10482.086
8589,14733.684000000001,43095.727,9527.929,8034.223,10054.903
8590,13695.679,40646.148,7815.454,8037.074,10025.266
8591,12973.15,39623.046,6441.303,8028.796,8938.641
8592,11750.657,39550.251,5991.068,8017.421,8397.324
8593,11039.154,39856.725000000006,5859.455,7477.937,8312.02
8594,10713.801,40858.15,5729.856,6587.817,8872.677
8595,10633.29,40485.905,5604.724,6541.825000000001,9110.068
8596,10208.853,39895.191,5372.299,6540.503000000001,8968.298
8597,10385.988,39227.619000000006,5285.952,6552.084,7974.365
8598,9395.371,38508.435000000005,5572.483,6746.847000000001,6460.519
8599,9117.643,34353.92,8564.611,7288.361,5933.794
8600,8186.878000000001,32504.684999999998,10183.309,7930.0,5845.896000000001
8601,7925.182,30802.245000000003,11293.58,8703.053,5190.324
8602,8642.613,29225.465,12460.733,9460.143,4011.0780000000004
8603,8872.538999999999,29082.174,13263.545000000002,9930.463,3956.7960000000003
8604,8944.919,29541.582000000002,13443.71,10164.902,4030.169
8605,8810.402,29080.544,13222.307,10136.412,3998.691
8606,8617.312,28425.641000000003,12922.147,9747.61,3956.135
8607,8547.473000000002,28891.373000000003,12356.568,9123.005000000001,3935.617
8608,8335.951000000001,30571.467,11412.194,8509.497,3826.344
8609,9342.798,32428.481999999996,11193.007,8269.383,4254.526
8610,11279.249,34038.132,9455.155,8072.091,6684.143
8611,13409.877,37034.38,7194.902,7794.902,9104.331
8612,15077.326999999997,38762.041000000005,8631.962,7806.749,10055.947
8613,15822.662,39400.581,8958.666000000001,7945.6939999999995,10347.478
8614,16035.094,40203.981,8945.196,7958.849,10311.431
8615,15742.503999999999,40733.254,8362.846000000001,7965.475,10302.223
8616,15723.543000000001,40257.463,6814.2880000000005,7849.2119999999995,10034.323
8617,14094.492999999999,39599.735,6069.662,7427.57,9779.283
8618,12294.107999999998,39567.685,5881.919,6687.234,9694.914999999999
8619,10123.555999999999,39711.02099999999,5965.7029999999995,6612.929,9603.124
8620,9592.736,39162.345,5547.044,6599.6990000000005,9595.703
8621,9450.495,38536.755999999994,5608.442999999999,6611.295999999999,9389.972
8622,9457.0,37508.959,5873.942999999999,6782.638,9101.505
8623,9085.024,36402.955,9127.005000000001,7288.589,7503.121000000001
8624,9677.456999999999,35599.147,11452.015,8130.6359999999995,7339.447
8625,10147.318,36131.694,12860.721,8914.399,7142.957
8626,10569.412,37033.564,14171.492999999999,9572.776,6172.625
8627,11073.682,38074.069,15604.321,9978.503,4908.967000000001
8628,11341.636,39097.124,16586.304,10150.931999999999,4656.313
8629,11454.595000000001,39925.284,17022.188000000002,10070.417,4655.28
8630,11947.744999999999,40634.352999999996,16875.199,9754.824,4877.121
8631,12550.928999999998,39583.266,17080.51,9290.595,5655.005999999999
8632,13434.443000000001,39313.026,16801.531000000003,8686.891,6522.921
8633,13957.143,40057.072,15790.092,8351.061000000002,7644.231
8634,15119.96,39658.432,13264.133,7848.077,9625.589
8635,16165.498,39445.958,12024.814999999999,7530.159,10987.889
8636,16640.932,42058.557,11848.125,7439.834999999999,11979.853
8637,16811.075,42665.401999999995,11742.775,7446.099,11819.494999999999
8638,17359.597999999998,42732.076,11776.375,7474.456,11428.399000000001
8639,17990.743,41754.037,11534.415,7472.780000000001,10747.744999999999
8640,17472.848,40549.10400000001,11217.308,7377.5509999999995,10403.497
8641,15461.862000000001,40046.717,10423.759,7071.077,10384.601999999999
8642,13602.597999999998,39623.708,9937.247,6631.312,10355.460000000001
8643,12075.734,39642.801999999996,9045.715,6524.619,10303.967
8644,11682.786,39335.126,7718.022000000001,6517.355,10373.578
8645,11413.989000000001,38254.302,7985.684,6509.974,10239.073
8646,11135.893,37201.055,8034.406999999999,6679.532999999999,9596.72
8647,10757.574999999999,36440.415,9391.351999999999,7243.989,8634.15
8648,10836.124,36967.246999999996,11701.443,7944.933000000001,7001.659000000001
8649,10425.483,37268.525,13333.953000000001,8706.34,6041.95
8650,10686.433,37144.133,14684.877999999999,9411.088999999998,5049.032
8651,11318.275,37005.715000000004,15393.096,9902.788,5127.357
8652,11682.807,37514.561,15990.323,10175.609,5223.376
8653,11458.080000000002,37266.152,16410.694,10184.085000000001,5337.507
8654,11043.947,36882.879,16331.876,9881.987000000001,6358.563
8655,10788.94,36508.509999999995,15523.346,9359.965,7805.985000000001
8656,12815.823999999999,37940.462,12071.489,8693.334,8937.262
8657,14272.908000000003,38602.081999999995,10829.471,7895.607000000001,8975.407000000001
8658,15934.519999999997,37767.253,10934.645,7041.006,10887.077
8659,17032.671,39088.357,10712.121,6630.124,12312.637
8660,18001.363999999998,41859.876,11005.689,6526.503000000001,12403.038
8661,18300.158,42394.143,10785.189,6525.244000000001,12164.386
8662,18515.035,42508.833,10100.7,6434.688,11973.124
8663,18384.163999999997,41304.979999999996,10123.176,6386.249,11688.123
8664,17706.688000000002,39866.451,9862.212,6510.7429999999995,11269.399
8665,16939.925,38757.551999999996,8908.551,6732.728999999999,10703.577
8666,14952.884,38830.712,7984.404,6862.5560000000005,10396.003
8667,13369.762,38563.708999999995,7427.173000000001,6857.6939999999995,10335.980000000001
8668,12143.807,38145.795000000006,7069.981,6855.293,10326.777
8669,11797.678,36806.534,7138.965,6854.143,10364.839
8670,10725.882,35560.805,7306.219,7022.951,10169.145
8671,9910.644999999999,34961.28,8715.703,7311.303,8809.51
8672,9805.686,33966.027,11168.106,7733.2660000000005,6984.075000000001
8673,9923.047,32862.686,12481.579999999998,8561.427,6106.196
8674,10656.809,32277.335,13406.633,9338.523,5087.501
8675,11090.304,32469.573,13970.837,9877.725999999999,4865.724
8676,11089.969,33669.036,14769.412,10116.471,4828.532999999999
8677,10625.528,34261.475,15367.343,10043.183,4724.362999999999
8678,10126.23,34080.102999999996,15021.884,9650.685,5034.779
8679,10224.185,33912.744,14872.589,8920.227,6103.416
8680,10490.452000000001,34531.788,14480.298999999999,8082.593,7532.425
8681,12194.395,34741.281,13379.581,7460.6759999999995,8169.208
8682,14649.198,36461.776,11144.494999999999,6806.69,9600.063
8683,16415.609,37905.056,10338.404999999999,6345.255,11190.466
8684,17963.241,39644.376,10379.144,6253.759,11746.729
8685,18575.658,40520.302,9836.149000000001,6258.481,11707.24
8686,19240.776,40982.781,9202.697,6162.644,11470.871
8687,19208.621,39581.523,10327.68,6113.97,11501.662
8688,18246.211000000003,38084.555,10432.451000000001,6125.439,11362.376
8689,16910.495000000003,36701.601,10299.239000000001,6157.903,11092.751
8690,15124.435000000001,35796.648,10084.488000000001,6115.08,11153.432
8691,13536.435000000001,34713.375,10485.02,6102.772999999999,11136.156
8692,12748.488000000001,33897.913,10436.266,6143.507,11138.345
8693,12478.547,33206.493,10433.018,6256.357,11138.323
8694,12176.887999999999,33326.675,9695.431,6498.05,10960.35
8695,11134.201000000001,35069.846,10020.591,7082.545999999999,10095.282000000001
8696,10364.937,37154.69,12081.248,7933.287,8643.137999999999
8697,10480.865,38533.288,13352.223,9031.399000000001,8503.892
8698,10662.478000000001,39130.076,14362.983,10168.058,7881.092000000001
8699,10919.132,39361.483,15007.653999999999,10945.401,7594.146000000001
8700,11127.837,40075.051999999996,15324.661,11089.472,7470.563999999999
8701,11263.201000000001,39764.218,15449.267,11048.434,7653.392
8702,11210.049,40211.902,16019.316,10757.914999999999,8455.128
8703,11155.739000000001,40787.903,16523.835,10322.707999999999,9197.016
8704,12037.583000000002,40673.512,15959.101,9520.808,10748.959
8705,13672.463000000002,39941.768,15973.618999999999,8851.093,11594.587
8706,16605.194,38215.522,14519.022,8510.294000000002,11521.742999999999
8707,17922.379,38404.949,12278.958,8090.611,11711.297
8708,18385.408000000003,41830.36,10836.981,8175.843,11833.558
8709,19349.338,43334.945,9679.162,8034.9259999999995,11903.811
8710,19404.331,43663.557,9648.153,7966.669,11948.835
8711,19546.217999999997,42054.166,9576.066,7961.704,11927.415
8712,19192.974000000002,38654.846,9510.182,7895.451999999999,12106.809000000001
8713,17331.771,36265.763,9146.437,7219.112,12443.109999999999
8714,16590.031,34271.076,9352.665,6985.769,12509.948
8715,14684.555,32475.18,10610.752,6985.125,12520.863
8716,13162.493999999999,31087.394,11771.629,6975.172,12592.241
8717,12474.834,31284.859,11306.574,6957.705,12599.280999999999
8718,12183.444,31244.705,10401.654999999999,7064.264999999999,12556.054
8719,11583.799,32593.977,10701.403,7517.506,11068.637
8720,11225.693,35652.803,11831.913,8175.449,9359.003999999999
8721,11477.338,36786.218,13071.75,8980.461,9298.121
8722,12082.484999999999,36437.153,14288.651,9629.185,8461.551
8723,12235.668,37268.804000000004,15538.330999999998,10010.746000000001,7629.619
8724,12545.68,39039.345,16067.652999999998,10261.536,7331.644
8725,12756.253999999999,39368.310999999994,16028.874,10238.092999999999,7273.719999999999
8726,12912.119999999999,40686.087999999996,14927.564999999999,9840.185,8062.957
8727,12683.843,41606.366,13056.455,9368.481,10337.114000000001
8728,12657.715,40881.464,12579.260999999999,8524.863000000001,12319.559
8729,14700.912,40493.91,11060.238,8000.604,12922.793999999998
8730,16422.283,39214.006,9591.948,7477.199000000001,13557.269
8731,17388.108,39964.71400000001,9752.574,7036.503,12945.742
8732,19721.195,41859.54,9902.016,6936.196,12638.887
8733,20246.752,42169.630000000005,9832.001,6948.693,12669.312999999998
8734,20433.341,42164.991,9638.705,6936.523999999999,12757.318
8735,20512.321000000004,41005.1,9513.433,6930.124,12865.926
8736,20265.216999999997,38971.31,8913.39,6922.843,12923.82
8737,19377.251999999997,37599.661,7506.258,6721.922,12820.96
8738,18344.436,35047.989,8379.924,6604.727,11899.339
8739,16104.966,34320.439999999995,8673.468,6608.929,11636.553
8740,14156.870000000003,34126.486,8434.866,6596.957,11730.900000000001
8741,13581.103000000001,33782.837,8168.782999999999,6582.354,11866.7
8742,12474.810000000001,33445.478,7927.984,6728.6050000000005,11774.445
8743,10922.216000000002,34522.946,8541.777,7237.762000000001,10582.275000000001
8744,10526.271,36353.98499999999,11294.99,7836.826,8459.592
8745,10900.196,37870.419,12721.445,8584.145999999999,7778.174999999999
8746,11281.799000000003,37330.64599999999,14255.444,9214.065,7323.709
8747,11713.496000000001,37062.579000000005,15203.885,9753.548999999999,6035.275
8748,11537.591,37986.13,15629.941,9852.042,4949.918
8749,11374.232,37254.659,15553.625,9796.894,5057.875
8750,11263.52,35453.692,15866.578,9602.482,5684.744000000001
8751,11121.278,33140.978,15277.801,9092.732000000002,7565.259
8752,12112.956000000002,32428.085,13236.858,8455.865,9214.726
8753,14430.589,34975.564999999995,11379.845,7788.849999999999,9183.216
8754,17144.524999999998,35695.015,10859.144,7039.311,9941.347999999998
8755,19370.982,36946.548,10243.818,6601.474,10792.442
8756,20706.757999999998,38239.562,11198.593,6493.178,11725.935
8757,20751.255,37174.083,10647.389,6489.005999999999,11647.269
8758,19975.268999999997,35352.561,9715.228,6483.995,10803.409
8759,17888.819,34450.317,8170.745999999999,6522.593000000001,10395.539
8760,17404.657,32077.705999999995,7615.207,6590.968,10004.742
