time_index,BR_AC_Solar_Class1,BR_AC_Solar_Class2,BR_AL_Solar_Class1,BR_AM_Solar_Class1,BR_AM_Solar_Class2,BR_AM_Solar_Class3,BR_AP_Solar_Class1,BR_BA_Solar_Class0,BR_BA_Solar_Class1,BR_BA_Solar_Class3,BR_CE_Solar_Class0,BR_CE_Solar_Class1,BR_CE_Solar_Class3,BR_ES_Solar_Class1,BR_GO_Solar_Class0,BR_GO_Solar_Class1,BR_GO_Solar_Class2,BR_MA_Solar_Class0,BR_MA_Solar_Class1,BR_MA_Solar_Class2,BR_MA_Solar_Class3,BR_MG_Solar_Class0,BR_MG_Solar_Class1,BR_MG_Solar_Class3,BR_MS_Solar_Class0,BR_MS_Solar_Class1,BR_MS_Solar_Class2,BR_MS_Solar_Class3,BR_MT_Solar_Class0,BR_MT_Solar_Class1,BR_MT_Solar_Class2,BR_MT_Solar_Class3,BR_PA_Solar_Class0,BR_PA_Solar_Class1,BR_PA_Solar_Class2,BR_PA_Solar_Class3,BR_PB_Solar_Class0,BR_PB_Solar_Class1,BR_PE_Solar_Class0,BR_PE_Solar_Class1,BR_PE_Solar_Class3,BR_PI_Solar_Class0,BR_PI_Solar_Class1,BR_PR_Solar_Class0,BR_PR_Solar_Class1,BR_PR_Solar_Class3,BR_RJ_Solar_Class1,BR_RJ_Solar_Class3,BR_RN_Solar_Class0,BR_RN_Solar_Class1,BR_RO_Solar_Class1,BR_RO_Solar_Class2,BR_RO_Solar_Class3,BR_RR_Solar_Class2,BR_RS_Solar_Class1,BR_RS_Solar_Class3,BR_SC_Solar_Class1,BR_SC_Solar_Class3,BR_SE_Solar_Class1,BR_SP_Solar_Class0,BR_SP_Solar_Class1,BR_SP_Solar_Class3,BR_TO_Solar_Class0,BR_TO_Solar_Class1,BR_TO_Solar_Class2,BR_TO_Solar_Class3
1,0.0,0.0,0.0,0.0,0.0,0.0,0.0,0.0,0.0,0.0,0.0,0.0,0.0,0.0,0.0,0.0,0.0,0.0,0.0,0.0,0.0,0.0,0.0,0.0,0.0,0.0,0.0,0.0,0.0,0.0,0.0,0.0,0.0,0.0,0.0,0.0,0.0,0.0,0.0,0.0,0.0,0.0,0.0,0.0,0.0,0.0,0.0,0.0,0.0,0.0,0.0,0.0,0.0,0.0,0.0,0.0,0.0,0.0,0.0,0.0,0.0,0.0,0.0,0.0,0.0,0.0
2,0.0,0.0,0.0,0.0,0.0,0.0,0.0,0.0,0.0,0.0,0.0,0.0,0.0,0.0,0.0,0.0,0.0,0.0,0.0,0.0,0.0,0.0,0.0,0.0,0.0,0.0,0.0,0.0,0.0,0.0,0.0,0.0,0.0,0.0,0.0,0.0,0.0,0.0,0.0,0.0,0.0,0.0,0.0,0.0,0.0,0.0,0.0,0.0,0.0,0.0,0.0,0.0,0.0,0.0,0.0,0.0,0.0,0.0,0.0,0.0,0.0,0.0,0.0,0.0,0.0,0.0
3,0.0,0.0,0.0,0.0,0.0,0.0,0.0,0.0,0.0,0.0,0.0,0.0,0.0,0.0,0.0,0.0,0.0,0.0,0.0,0.0,0.0,0.0,0.0,0.0,0.0,0.0,0.0,0.0,0.0,0.0,0.0,0.0,0.0,0.0,0.0,0.0,0.0,0.0,0.0,0.0,0.0,0.0,0.0,0.0,0.0,0.0,0.0,0.0,0.0,0.0,0.0,0.0,0.0,0.0,0.0,0.0,0.0,0.0,0.0,0.0,0.0,0.0,0.0,0.0,0.0,0.0
4,0.0,0.0,0.0,0.0,0.0,0.0,0.0,0.0,0.0,0.0,0.0,0.0,0.0,0.0,0.0,0.0,0.0,0.0,0.0,0.0,0.0,0.0,0.0,0.0,0.0,0.0,0.0,0.0,0.0,0.0,0.0,0.0,0.0,0.0,0.0,0.0,0.0,0.0,0.0,0.0,0.0,0.0,0.0,0.0,0.0,0.0,0.0,0.0,0.0,0.0,0.0,0.0,0.0,0.0,0.0,0.0,0.0,0.0,0.0,0.0,0.0,0.0,0.0,0.0,0.0,0.0
5,0.0,0.0,0.0,0.0,0.0,0.0,0.0,0.0,0.0,0.0,0.0,0.0,0.0,0.0,0.0,0.0,0.0,0.0,0.0,0.0,0.0,0.0,0.0,0.0,0.0,0.0,0.0,0.0,0.0,0.0,0.0,0.0,0.0,0.0,0.0,0.0,0.0,0.0,0.0,0.0,0.0,0.0,0.0,0.0,0.0,0.0,0.0,0.0,0.0,0.0,0.0,0.0,0.0,0.0,0.0,0.0,0.0,0.0,0.0,0.0,0.0,0.0,0.0,0.0,0.0,0.0
6,0.0,0.0,0.1528725,0.0,0.0,0.0,0.0,0.0,3.68e-5,0.006834571,0.0,0.0,0.0,0.06223,0.0,0.0,0.0,0.0,0.0,0.0,0.0,0.0,0.0,0.0,0.0,0.0,0.0,0.0,0.0,0.0,0.0,0.0,0.0,0.0,0.0,0.0,0.0,0.029102222,0.0,0.018422,0.0,0.0,0.0,0.0,0.0,0.0,0.00258,0.00123,0.0,0.0003225,0.0,0.0,0.0,0.0,0.0,0.0,0.0,0.0,0.000165,0.0,0.0,0.0,0.0,0.0,0.0,0.0
7,0.0,0.0,0.43936,0.0,0.0,0.0,0.0,0.179617333,0.369281053,0.340672,0.237559286,0.301669524,0.209565,0.28584,0.051112414,0.06006386,0.093653333,0.020170769,0.044925455,0.00101,0.065962286,0.058191964,0.037854688,0.195899375,0.052024167,0.150896667,8.45e-5,0.11780625,0.083207778,0.006940984,0.029569111,0.0024985,0.0,0.093826818,0.000202157,0.023579153,0.525521667,0.395942222,0.46162,0.51813,0.324625,0.040006744,0.026955263,0.18519,0.099717778,0.220803714,0.28561,0.33223,0.36815,0.479463333,0.0,0.0,0.0,0.0,0.411383333,0.403015079,0.0138,0.050778,0.484755,0.075355714,0.087637619,0.106655,0.045967333,0.043985455,0.0011372,0.007596667
8,0.0,0.0,0.684325,0.194045,0.06706,0.104092,0.420303333,0.303784933,0.583889474,0.515067714,0.463685714,0.556570952,0.41298,0.54052,0.167676897,0.14694807,0.21396,0.038989231,0.072369091,0.03679,0.145592286,0.128316429,0.150574375,0.38020875,0.100844167,0.355091167,0.464805455,0.535386875,0.122800556,0.300514918,0.163735111,0.1025737,0.02292,0.252606818,0.031593725,0.083255254,0.720391667,0.527517778,0.658952,0.709889,0.531001667,0.130395349,0.060837368,0.271066667,0.299941111,0.391705143,0.51613,0.5667,0.72635,0.640299167,0.021525714,0.161823333,0.025473158,0.224375714,0.648835556,0.655520476,0.62413,0.308704,0.644525,0.185583214,0.126775714,0.13093,0.105681333,0.104304545,0.0251612,0.019436667
9,0.339973333,0.19658,0.72331625,0.29522,0.264012857,0.163466,0.5727,0.383838133,0.572182105,0.542314571,0.557331429,0.687606667,0.47932,0.79079,0.261402414,0.259970351,0.301736667,0.065720769,0.147493939,0.21383,0.273293429,0.212211607,0.242367188,0.60099875,0.258525833,0.397845833,0.608545455,0.654028125,0.258209444,0.367834098,0.249007111,0.2046513,0.12234,0.364404091,0.089343137,0.156695763,0.804221667,0.677082222,0.71917,0.78864,0.667961667,0.199177209,0.093601579,0.445996667,0.364818889,0.546275714,0.613,0.70457,0.82922,0.676175833,0.095632857,0.183136667,0.107691316,0.536026429,0.767647778,0.770281111,0.80732,0.479192,0.582536667,0.270411429,0.274801905,0.283331667,0.153348667,0.193717273,0.068292,0.120646667
10,0.337003333,0.3335,0.81960375,0.37805,0.356505714,0.218714,0.53801,0.4484044,0.617203684,0.565626571,0.639975,0.753032857,0.60467,0.81042,0.342773103,0.35172807,0.454453333,0.097116154,0.205750909,0.28934,0.318005714,0.287669821,0.27211,0.668185625,0.3849975,0.5172365,0.700911818,0.6315525,0.247365556,0.477060164,0.369607556,0.2598034,0.21576,0.494525455,0.151863137,0.257821864,0.843593333,0.719215556,0.827582,0.833534,0.718823333,0.252009535,0.143364737,0.598533333,0.481051111,0.669964857,0.6686,0.84129,0.87216,0.697521667,0.284318571,0.161943333,0.182286579,0.687614286,0.787913333,0.80750127,0.70177,0.455322,0.657688333,0.430955,0.311379048,0.413666667,0.278604,0.318085,0.0780888,0.179435
11,0.396766667,0.41225,0.77815625,0.454025,0.470767143,0.267788,0.60842,0.521667867,0.630158947,0.646085714,0.643941429,0.755144762,0.631315,0.86639,0.403542069,0.424013684,0.577853333,0.113523077,0.24701697,0.20886,0.338042571,0.381907321,0.366960938,0.674315,0.450166667,0.541922,0.688503636,0.711460625,0.367063333,0.553681803,0.402141333,0.3096017,0.3626,0.589627727,0.226845882,0.358528983,0.8599,0.765067778,0.833356,0.820242,0.651001667,0.280067907,0.226144737,0.631783333,0.424694444,0.680603143,0.78283,0.8573,0.879663333,0.765166667,0.253832857,0.333696667,0.219475,0.71659,0.802405556,0.80232,0.63608,0.483552,0.674076667,0.464058571,0.354274286,0.403525,0.302727333,0.345934091,0.1355824,0.234116667
12,0.552576667,0.51902,0.77364625,0.469655,0.508224286,0.331838,0.71069,0.502871333,0.626741053,0.658416571,0.696711429,0.730309048,0.64185,0.7411,0.427522759,0.467805789,0.62006,0.122671538,0.295597576,0.48005,0.323579143,0.458148929,0.421495,0.708918125,0.52122,0.616207167,0.721068182,0.773155,0.429507778,0.576970492,0.465011333,0.3592407,0.39824,0.533893636,0.232318431,0.383280508,0.85391,0.719494444,0.823338,0.796504,0.530643333,0.291551163,0.273862105,0.637126667,0.548315556,0.712306571,0.8547,0.83603,0.805856667,0.710178333,0.490344286,0.55297,0.356242895,0.738500714,0.78515,0.77748127,0.74003,0.642424,0.730343333,0.539197857,0.369544286,0.430081667,0.302825333,0.308939091,0.1351172,0.152308333
13,0.489523333,0.66516,0.74173875,0.49759,0.520512857,0.415536,0.711863333,0.524914533,0.638608421,0.704724,0.640377857,0.705584762,0.62918,0.84518,0.411763448,0.436626316,0.598266667,0.122561538,0.318845455,0.43569,0.372504571,0.43714875,0.435370938,0.68965,0.560335,0.576696167,0.694066364,0.725926875,0.380947778,0.598537213,0.493844667,0.3880601,0.45691,0.529143636,0.301893137,0.409051525,0.826373333,0.733868889,0.790198,0.757342,0.598905,0.315453953,0.320786842,0.735493333,0.535051111,0.575663143,0.86136,0.75878,0.791756667,0.734158333,0.623415714,0.356636667,0.446560526,0.705753571,0.765534444,0.756036825,0.66839,0.702314,0.661636667,0.586163214,0.378892857,0.398423333,0.354062,0.25984,0.1838496,0.28024
14,0.591336667,0.73831,0.61484625,0.529195,0.586711429,0.457176,0.576303333,0.427008267,0.606474737,0.687161143,0.566761429,0.655650476,0.55338,0.84979,0.499188276,0.511774737,0.62246,0.140296923,0.250913636,0.52303,0.327856571,0.465708036,0.49777625,0.711306875,0.515011667,0.577195333,0.716181818,0.7199625,0.414066111,0.58667,0.509115556,0.4099167,0.50348,0.505195909,0.276883529,0.386886949,0.764718333,0.686952222,0.67541,0.740502,0.54539,0.288530233,0.321199474,0.51429,0.543388889,0.628836571,0.75547,0.77934,0.716156667,0.714139167,0.587254286,0.495193333,0.432879474,0.713605,0.72115,0.720797143,0.65414,0.73074,0.581401667,0.527061786,0.407275714,0.368823333,0.232112,0.261596364,0.168554,0.219471667
15,0.51093,0.60552,0.59692375,0.45436,0.471741429,0.465182,0.71466,0.368220933,0.628194737,0.641577714,0.577574286,0.641678095,0.54077,0.80561,0.421822759,0.471260175,0.509983333,0.128346923,0.226007879,0.29498,0.247882,0.378237679,0.454117188,0.58883125,0.413049167,0.592271833,0.651095455,0.666031875,0.410972778,0.56549918,0.424616222,0.4267855,0.3273,0.542583182,0.29327098,0.38591322,0.709418333,0.707027778,0.703794,0.6397,0.657998333,0.262965814,0.322993684,0.45955,0.492828889,0.603655429,0.599,0.81253,0.71127,0.6785275,0.655951429,0.376996667,0.498978684,0.68924,0.745057778,0.713466984,0.558,0.647596,0.600738333,0.388167857,0.31661,0.403875,0.265368,0.230385,0.1197716,0.25618
16,0.64616,0.75737,0.48287125,0.43636,0.57017,0.413898,0.466803333,0.204332267,0.484150526,0.406190571,0.402999286,0.562266667,0.457315,0.75159,0.462381724,0.560389298,0.562133333,0.13438,0.152837576,0.08126,0.135349429,0.34379625,0.402679688,0.5017225,0.545651667,0.635250667,0.625148182,0.68361125,0.345058889,0.570632951,0.366240667,0.4344661,0.59201,0.335712727,0.279185686,0.321841017,0.598138333,0.571432222,0.386772,0.456726,0.334111667,0.124910233,0.2024,0.55099,0.423115556,0.595935143,0.21587,0.79858,0.566533333,0.6023,0.267867143,0.12858,0.239955789,0.683008571,0.701824444,0.716661587,0.4542,0.534784,0.43377,0.494961786,0.42657381,0.508311667,0.372046667,0.406804091,0.1824936,0.11173
17,0.596313333,0.74834,0.46748,0.35843,0.485445714,0.435996,0.301163333,0.121096933,0.325708947,0.280962,0.269277143,0.361308571,0.244245,0.74101,0.315707586,0.449749474,0.574686667,0.057991538,0.081372424,0.07777,0.066057714,0.29286125,0.40060375,0.35591125,0.437,0.570907333,0.575825455,0.6248325,0.365923333,0.53704377,0.408064444,0.3925353,0.32585,0.258082273,0.216643922,0.233966271,0.357163333,0.360565556,0.31822,0.33796,0.242011667,0.06255186,0.090756842,0.42634,0.33478,0.539131714,0.24364,0.59082,0.338936667,0.408269167,0.265531429,0.303146667,0.321252368,0.674503571,0.556646667,0.616436667,0.247,0.492342,0.363275,0.3563125,0.330395238,0.499883333,0.246698,0.39222,0.1291744,0.054365
18,0.592993333,0.58351,0.17447875,0.244485,0.373112857,0.37499,0.22878,0.081439867,0.201549474,0.158250571,0.098312143,0.176565238,0.133915,0.51639,0.244898966,0.343315614,0.359033333,0.029346923,0.024358182,0.01441,0.018417429,0.20780625,0.195787813,0.27752,0.444734167,0.484220833,0.572604545,0.548595625,0.251580556,0.449574098,0.211026889,0.3347447,0.30339,0.110675,0.124392353,0.152425254,0.09413,0.146564444,0.14195,0.112596,0.098115,0.016733256,0.020272632,0.304983333,0.354243333,0.424972857,0.13015,0.33656,0.139966667,0.158983333,0.187321429,0.26131,0.283626316,0.615477143,0.530431111,0.540906508,0.26497,0.264562,0.181365,0.345492143,0.235766667,0.383168333,0.164170667,0.278288182,0.146596,0.020901667
19,0.41161,0.50826,0.0,0.12063,0.226007143,0.17134,9.33e-5,1.49e-5,0.0,0.0,0.0,0.0,0.0,0.0,0.173523793,0.166061579,0.14741,0.0,0.0,0.0,0.0,0.052393571,0.054012188,0.00199625,0.276693333,0.238337667,0.315644545,0.29061875,0.158445556,0.290042951,0.096190667,0.2335453,0.10406,0.0,0.052044118,0.05664678,0.0,0.0,0.0,0.0,0.0,0.0,0.0,0.17334,0.153802222,0.216481714,0.0,0.0,0.0,0.0,0.112311429,0.21543,0.146861842,0.371227143,0.297203333,0.379462222,0.0579,0.149936,0.0,0.212976429,0.149530952,0.17814,0.000229333,0.098475909,0.0071364,0.0
20,0.287566667,0.21928,0.0,0.0,0.0,0.0,0.0,0.0,0.0,0.0,0.0,0.0,0.0,0.0,0.0,0.0,0.0,0.0,0.0,0.0,0.0,0.0,0.0,0.0,0.0,0.0,0.0,0.0,0.0,0.0,0.0,2.8e-6,0.0,0.0,0.0,0.0,0.0,0.0,0.0,0.0,0.0,0.0,0.0,0.0,0.0,0.0,0.0,0.0,0.0,0.0,0.016338571,0.050346667,0.0267,0.0,0.0,0.069230952,0.0,0.0,0.0,0.0,0.0,0.0,0.0,0.0,0.0,0.0
21,0.0,0.0,0.0,0.0,0.0,0.0,0.0,0.0,0.0,0.0,0.0,0.0,0.0,0.0,0.0,0.0,0.0,0.0,0.0,0.0,0.0,0.0,0.0,0.0,0.0,0.0,0.0,0.0,0.0,0.0,0.0,0.0,0.0,0.0,0.0,0.0,0.0,0.0,0.0,0.0,0.0,0.0,0.0,0.0,0.0,0.0,0.0,0.0,0.0,0.0,0.0,0.0,0.0,0.0,0.0,0.0,0.0,0.0,0.0,0.0,0.0,0.0,0.0,0.0,0.0,0.0
22,0.0,0.0,0.0,0.0,0.0,0.0,0.0,0.0,0.0,0.0,0.0,0.0,0.0,0.0,0.0,0.0,0.0,0.0,0.0,0.0,0.0,0.0,0.0,0.0,0.0,0.0,0.0,0.0,0.0,0.0,0.0,0.0,0.0,0.0,0.0,0.0,0.0,0.0,0.0,0.0,0.0,0.0,0.0,0.0,0.0,0.0,0.0,0.0,0.0,0.0,0.0,0.0,0.0,0.0,0.0,0.0,0.0,0.0,0.0,0.0,0.0,0.0,0.0,0.0,0.0,0.0
23,0.0,0.0,0.0,0.0,0.0,0.0,0.0,0.0,0.0,0.0,0.0,0.0,0.0,0.0,0.0,0.0,0.0,0.0,0.0,0.0,0.0,0.0,0.0,0.0,0.0,0.0,0.0,0.0,0.0,0.0,0.0,0.0,0.0,0.0,0.0,0.0,0.0,0.0,0.0,0.0,0.0,0.0,0.0,0.0,0.0,0.0,0.0,0.0,0.0,0.0,0.0,0.0,0.0,0.0,0.0,0.0,0.0,0.0,0.0,0.0,0.0,0.0,0.0,0.0,0.0,0.0
24,0.0,0.0,0.0,0.0,0.0,0.0,0.0,0.0,0.0,0.0,0.0,0.0,0.0,0.0,0.0,0.0,0.0,0.0,0.0,0.0,0.0,0.0,0.0,0.0,0.0,0.0,0.0,0.0,0.0,0.0,0.0,0.0,0.0,0.0,0.0,0.0,0.0,0.0,0.0,0.0,0.0,0.0,0.0,0.0,0.0,0.0,0.0,0.0,0.0,0.0,0.0,0.0,0.0,0.0,0.0,0.0,0.0,0.0,0.0,0.0,0.0,0.0,0.0,0.0,0.0,0.0
25,0.0,0.0,0.0,0.0,0.0,0.0,0.0,0.0,0.0,0.0,0.0,0.0,0.0,0.0,0.0,0.0,0.0,0.0,0.0,0.0,0.0,0.0,0.0,0.0,0.0,0.0,0.0,0.0,0.0,0.0,0.0,0.0,0.0,0.0,0.0,0.0,0.0,0.0,0.0,0.0,0.0,0.0,0.0,0.0,0.0,0.0,0.0,0.0,0.0,0.0,0.0,0.0,0.0,0.0,0.0,0.0,0.0,0.0,0.0,0.0,0.0,0.0,0.0,0.0,0.0,0.0
26,0.0,0.0,0.0,0.0,0.0,0.0,0.0,0.0,0.0,0.0,0.0,0.0,0.0,0.0,0.0,0.0,0.0,0.0,0.0,0.0,0.0,0.0,0.0,0.0,0.0,0.0,0.0,0.0,0.0,0.0,0.0,0.0,0.0,0.0,0.0,0.0,0.0,0.0,0.0,0.0,0.0,0.0,0.0,0.0,0.0,0.0,0.0,0.0,0.0,0.0,0.0,0.0,0.0,0.0,0.0,0.0,0.0,0.0,0.0,0.0,0.0,0.0,0.0,0.0,0.0,0.0
27,0.0,0.0,0.0,0.0,0.0,0.0,0.0,0.0,0.0,0.0,0.0,0.0,0.0,0.0,0.0,0.0,0.0,0.0,0.0,0.0,0.0,0.0,0.0,0.0,0.0,0.0,0.0,0.0,0.0,0.0,0.0,0.0,0.0,0.0,0.0,0.0,0.0,0.0,0.0,0.0,0.0,0.0,0.0,0.0,0.0,0.0,0.0,0.0,0.0,0.0,0.0,0.0,0.0,0.0,0.0,0.0,0.0,0.0,0.0,0.0,0.0,0.0,0.0,0.0,0.0,0.0
28,0.0,0.0,0.0,0.0,0.0,0.0,0.0,0.0,0.0,0.0,0.0,0.0,0.0,0.0,0.0,0.0,0.0,0.0,0.0,0.0,0.0,0.0,0.0,0.0,0.0,0.0,0.0,0.0,0.0,0.0,0.0,0.0,0.0,0.0,0.0,0.0,0.0,0.0,0.0,0.0,0.0,0.0,0.0,0.0,0.0,0.0,0.0,0.0,0.0,0.0,0.0,0.0,0.0,0.0,0.0,0.0,0.0,0.0,0.0,0.0,0.0,0.0,0.0,0.0,0.0,0.0
29,0.0,0.0,0.0,0.0,0.0,0.0,0.0,0.0,0.0,0.0,0.0,0.0,0.0,0.0,0.0,0.0,0.0,0.0,0.0,0.0,0.0,0.0,0.0,0.0,0.0,0.0,0.0,0.0,0.0,0.0,0.0,0.0,0.0,0.0,0.0,0.0,0.0,0.0,0.0,0.0,0.0,0.0,0.0,0.0,0.0,0.0,0.0,0.0,0.0,0.0,0.0,0.0,0.0,0.0,0.0,0.0,0.0,0.0,0.0,0.0,0.0,0.0,0.0,0.0,0.0,0.0
30,0.0,0.0,0.05898125,0.0,0.0,0.0,0.0,3.33e-6,0.000155789,0.000116857,0.0,0.0,0.0,0.00079,0.0,0.0,0.0,0.0,0.0,0.0,0.0,0.0,0.0,0.0,0.0,0.0,0.0,0.0,0.0,0.0,0.0,0.0,0.0,0.0,0.0,0.0,0.00013,0.033898889,0.0,0.000847,0.0,0.0,0.0,0.0,0.0,0.0,0.00083,0.00077,2.33e-5,0.0003525,0.0,0.0,0.0,0.0,0.0,0.0,0.0,0.0,0.000753333,0.0,0.0,0.0,0.0,0.0,0.0,0.0
31,0.0,0.0,0.3295325,0.0,0.0,0.0,0.0,0.130747067,0.313517895,0.22566,0.170832143,0.200107619,0.158235,0.30245,0.15007069,0.094491404,0.272693333,0.025126154,0.099437576,0.06387,0.040010857,0.153171964,0.222296875,0.178178125,0.246163333,0.177081,0.000254545,0.11355125,0.059003333,0.004383115,0.088993556,0.0017463,0.0,0.044761364,0.007264314,0.018008644,0.274621667,0.401718889,0.252998,0.331606,0.187336667,0.103596512,0.120361053,0.028493333,0.020598889,0.151144571,0.4383,0.43657,0.242986667,0.374074167,0.0,0.0,0.0,0.0,0.399656667,0.461427302,0.01678,0.22561,0.30765,0.055098929,0.098644762,0.027998333,0.045923333,0.075925,0.0214244,0.040848333
32,2.33e-5,0.0,0.5294325,0.161765,0.12038,0.14632,0.033303333,0.259285867,0.449227368,0.393793714,0.378102857,0.241900476,0.1369,0.50579,0.253042069,0.168428772,0.323686667,0.117095385,0.228860303,0.32697,0.142037714,0.287876964,0.325151563,0.3655925,0.3313775,0.406280833,0.475083636,0.5443625,0.196231667,0.387028197,0.275100444,0.1708641,0.16384,0.160606818,0.133419412,0.152146271,0.486211667,0.46724,0.477958,0.505419,0.289503333,0.257143023,0.23091,0.063046667,0.067871111,0.315748286,0.60697,0.55804,0.415433333,0.482975833,0.073257143,0.067443333,0.088021579,0.222898571,0.654995556,0.713421111,0.53587,0.62324,0.49909,0.142302143,0.263121429,0.149451667,0.070648667,0.111156364,0.1024412,0.11948
33,0.183556667,0.07162,0.649585,0.27866,0.296825714,0.214076,0.08658,0.377588267,0.618757895,0.488101429,0.559877143,0.405110952,0.21553,0.72438,0.299124483,0.324877368,0.365626667,0.261910769,0.357433939,0.47621,0.287049714,0.39700125,0.432699063,0.4906825,0.3547475,0.449528667,0.582789091,0.58958375,0.359708889,0.484901803,0.450986667,0.320985,0.32831,0.283866364,0.321810784,0.289104915,0.70003,0.597598889,0.624592,0.636706,0.35402,0.408424651,0.292383684,0.16847,0.116868889,0.287876286,0.70232,0.70434,0.632033333,0.599105,0.160681429,0.129126667,0.160212632,0.553092857,0.809057778,0.849279048,0.61062,0.718546,0.623548333,0.185834643,0.292775714,0.251925,0.168940667,0.206735,0.254278,0.205068333
34,0.350753333,0.15375,0.6908225,0.47202,0.387081429,0.20355,0.227043333,0.4691684,0.70405,0.636474571,0.687513571,0.49909,0.326305,0.78043,0.353985517,0.416607719,0.539816667,0.395387692,0.521760606,0.61908,0.463566571,0.452222321,0.5038825,0.533885625,0.486686667,0.485024167,0.712321818,0.70868875,0.453916111,0.537488197,0.512691333,0.3940136,0.5029,0.389361818,0.417929216,0.420114915,0.766505,0.650257778,0.77962,0.690829,0.6265,0.540160698,0.450234737,0.34037,0.133116667,0.315614286,0.73894,0.82288,0.726973333,0.658866667,0.308718571,0.46882,0.289262895,0.608590714,0.882621111,0.90205127,0.87769,0.843682,0.741668333,0.279145357,0.407501429,0.373993333,0.280436,0.351896364,0.3451204,0.3479
35,0.46011,0.29765,0.74224,0.47563,0.446775714,0.230236,0.21678,0.509240933,0.709995789,0.644008857,0.617569286,0.511554762,0.437495,0.88681,0.413801034,0.470074386,0.582256667,0.470449231,0.543655455,0.69099,0.527477143,0.50427125,0.45216875,0.59745875,0.437680833,0.5106425,0.763615455,0.71148625,0.516467222,0.506873279,0.558588444,0.4401483,0.55734,0.457496364,0.506094118,0.503647288,0.723153333,0.632112222,0.760142,0.717654,0.575883333,0.553912093,0.465498947,0.302123333,0.178408889,0.37446,0.77116,0.84181,0.64856,0.633419167,0.30345,0.604586667,0.337786842,0.611769286,0.902738889,0.903851429,0.885,0.827464,0.755271667,0.3302775,0.297562381,0.368445,0.326258667,0.44604,0.395132,0.439658333
36,0.469783333,0.36125,0.71741875,0.505365,0.612302857,0.340426,0.334193333,0.496720933,0.747678421,0.677339143,0.626112857,0.634402857,0.600935,0.86047,0.457584138,0.54958193,0.561733333,0.504193846,0.562143636,0.64949,0.572467143,0.546174107,0.51272875,0.6229725,0.560488333,0.671252667,0.792309091,0.771014375,0.518058889,0.537986393,0.575700444,0.5034059,0.6748,0.599214545,0.569477255,0.544381017,0.722936667,0.698426667,0.715336,0.718856,0.618543333,0.507414186,0.529147895,0.506623333,0.274711111,0.467573429,0.77318,0.84638,0.68549,0.649425833,0.36373,0.648903333,0.400305,0.589164286,0.839734444,0.858408571,0.9127,0.826306,0.767253333,0.518787143,0.346930952,0.375008333,0.366201333,0.499707273,0.4539604,0.449058333
37,0.62343,0.46624,0.72541625,0.478305,0.586521429,0.43415,0.328496667,0.526338,0.773822632,0.681548286,0.530903571,0.635360952,0.609165,0.88132,0.491282069,0.526657018,0.585726667,0.524453077,0.564159394,0.75697,0.534518,0.543175179,0.46131875,0.6354575,0.61498,0.668515167,0.740884545,0.67144625,0.624492778,0.52028377,0.595683333,0.5771333,0.65293,0.557149545,0.586530588,0.512712373,0.658508333,0.725237778,0.668422,0.682804,0.581086667,0.492233023,0.552495263,0.544066667,0.45436,0.518142571,0.73135,0.83628,0.681216667,0.680404167,0.44606,0.502993333,0.446537105,0.661448571,0.812941111,0.78903873,0.90459,0.796932,0.775401667,0.615278214,0.471849048,0.43155,0.419845333,0.570551818,0.5291348,0.523278333
38,0.515186667,0.41648,0.7080725,0.505195,0.714041429,0.572786,0.257906667,0.479947467,0.684691579,0.62281,0.633108571,0.67722381,0.696025,0.84854,0.52394069,0.531010877,0.66315,0.537967692,0.524236364,0.64154,0.516053143,0.520854643,0.544061875,0.591975625,0.666330833,0.707397,0.738951818,0.64366875,0.618995,0.589034262,0.570734444,0.5786174,0.69365,0.430100455,0.553431765,0.507194407,0.635938333,0.743928889,0.639966,0.674,0.5907,0.42773186,0.575897895,0.572356667,0.426844444,0.550585429,0.75747,0.87673,0.637653333,0.693925833,0.42002,0.484846667,0.519877632,0.673100714,0.793602222,0.788011905,0.87182,0.73072,0.732418333,0.549400714,0.5189,0.403526667,0.460192667,0.652251818,0.5188044,0.479365
39,0.551443333,0.54598,0.61855,0.35479,0.592424286,0.535008,0.383586667,0.4306972,0.639963158,0.555295143,0.54431,0.661060476,0.65566,0.85608,0.452217241,0.435901228,0.612543333,0.451895385,0.509606667,0.74921,0.538913429,0.435179107,0.421663438,0.479581875,0.625846667,0.725629,0.658871818,0.716283125,0.469723889,0.507215082,0.4672,0.4930214,0.68906,0.398138636,0.58601,0.484724576,0.607938333,0.690805556,0.527258,0.526974,0.491503333,0.375364884,0.525703158,0.735126667,0.522061111,0.601911429,0.53672,0.70251,0.663346667,0.663029167,0.441221429,0.6042,0.453110789,0.737827143,0.746037778,0.766970159,0.69492,0.64272,0.597735,0.507409643,0.447532857,0.374886667,0.489885333,0.623933636,0.5298696,0.43569
40,0.457916667,0.4299,0.61628375,0.312095,0.612732857,0.528154,0.41406,0.431906533,0.462432632,0.503706,0.589202857,0.648245714,0.55538,0.80107,0.479138966,0.293160175,0.608436667,0.531549231,0.524525455,0.63206,0.558209143,0.318173036,0.330324375,0.370539375,0.653281667,0.694266,0.647124545,0.682913125,0.400808333,0.641996721,0.517303778,0.3999748,0.57833,0.331452727,0.537552745,0.470681356,0.632413333,0.588577778,0.449684,0.53415,0.436146667,0.45129093,0.558151579,0.601663333,0.42198,0.605761429,0.49754,0.61317,0.649893333,0.558509167,0.245372857,0.24025,0.315166842,0.696459286,0.778213333,0.733791905,0.64023,0.688824,0.619421667,0.390805357,0.375319524,0.468835,0.502694,0.479730455,0.5413336,0.62923
41,0.468106667,0.40729,0.37556875,0.21541,0.424774286,0.434686,0.294246667,0.310637333,0.285534737,0.311432857,0.434900714,0.479398571,0.475315,0.70152,0.406915172,0.275192281,0.61203,0.465567692,0.37562,0.46225,0.415815143,0.193457679,0.213525938,0.19862375,0.647138333,0.659778833,0.589399091,0.66244,0.367717778,0.552732131,0.360866889,0.3706902,0.46196,0.280055,0.447695294,0.319510678,0.43122,0.359674444,0.347296,0.296476,0.35566,0.372106279,0.437094211,0.70876,0.484598889,0.645640286,0.25515,0.41208,0.43618,0.423854167,0.369631429,0.435243333,0.41871,0.608146429,0.668611111,0.678252381,0.49351,0.5731,0.40609,0.335085,0.287974762,0.337253333,0.443703333,0.496725909,0.4627484,0.550498333
42,0.501373333,0.57675,0.16451,0.139395,0.316514286,0.33455,0.161446667,0.19483,0.203828947,0.155084857,0.243679286,0.225248571,0.341105,0.51069,0.325734483,0.241747719,0.465293333,0.34277,0.221345152,0.37798,0.280121143,0.12446,0.072318125,0.088924375,0.620755833,0.5448815,0.574682727,0.516886875,0.245944444,0.466566066,0.175212,0.3239624,0.39646,0.179525455,0.325923333,0.213674237,0.18616,0.10396,0.228054,0.136108,0.272006667,0.237445349,0.243531579,0.524646667,0.34782,0.522553429,0.02575,0.1613,0.30486,0.238243333,0.348785714,0.448523333,0.441222368,0.599130714,0.602892222,0.570548889,0.20161,0.327476,0.192498333,0.321263214,0.135713333,0.267396667,0.360886,0.344680909,0.3303576,0.273393333
43,0.454196667,0.44363,0.0,0.11461,0.160148571,0.205656,0.00039,6.4e-6,0.0,0.0,0.0,0.0,0.0,0.0,0.139773793,0.170188421,0.222566667,0.0,0.0,0.0,0.0,0.024370714,0.024194688,0.002576875,0.283451667,0.326433,0.361605455,0.401101875,0.145131111,0.329197541,0.090644667,0.1857107,0.1734,0.0,0.125941765,0.070447119,0.0,0.0,0.0,0.0,0.0,0.0,0.0,0.332696667,0.184536667,0.288093429,0.0,0.0,0.0,0.0,0.272352857,0.345783333,0.340613421,0.346502857,0.453557778,0.449982857,0.25304,0.123812,0.0,0.142614643,0.033429048,0.126493333,0.007323333,0.171899545,0.0105152,0.0
44,0.284846667,0.1727,0.0,0.0,0.0,0.0,0.0,0.0,0.0,0.0,0.0,0.0,0.0,0.0,0.0,0.0,0.0,0.0,0.0,0.0,0.0,0.0,0.0,0.0,0.0,0.0,0.0,0.0,0.0,0.0,0.0,8.7e-6,0.0,0.0,0.0,0.0,0.0,0.0,0.0,0.0,0.0,0.0,0.0,0.0,0.0,0.0,0.0,0.0,0.0,0.0,0.025555714,0.097836667,0.043815789,0.0,0.0,0.050474127,0.0,0.0,0.0,0.0,0.0,0.0,0.0,0.0,0.0,0.0
45,0.0,0.0,0.0,0.0,0.0,0.0,0.0,0.0,0.0,0.0,0.0,0.0,0.0,0.0,0.0,0.0,0.0,0.0,0.0,0.0,0.0,0.0,0.0,0.0,0.0,0.0,0.0,0.0,0.0,0.0,0.0,0.0,0.0,0.0,0.0,0.0,0.0,0.0,0.0,0.0,0.0,0.0,0.0,0.0,0.0,0.0,0.0,0.0,0.0,0.0,0.0,0.0,0.0,0.0,0.0,0.0,0.0,0.0,0.0,0.0,0.0,0.0,0.0,0.0,0.0,0.0
46,0.0,0.0,0.0,0.0,0.0,0.0,0.0,0.0,0.0,0.0,0.0,0.0,0.0,0.0,0.0,0.0,0.0,0.0,0.0,0.0,0.0,0.0,0.0,0.0,0.0,0.0,0.0,0.0,0.0,0.0,0.0,0.0,0.0,0.0,0.0,0.0,0.0,0.0,0.0,0.0,0.0,0.0,0.0,0.0,0.0,0.0,0.0,0.0,0.0,0.0,0.0,0.0,0.0,0.0,0.0,0.0,0.0,0.0,0.0,0.0,0.0,0.0,0.0,0.0,0.0,0.0
47,0.0,0.0,0.0,0.0,0.0,0.0,0.0,0.0,0.0,0.0,0.0,0.0,0.0,0.0,0.0,0.0,0.0,0.0,0.0,0.0,0.0,0.0,0.0,0.0,0.0,0.0,0.0,0.0,0.0,0.0,0.0,0.0,0.0,0.0,0.0,0.0,0.0,0.0,0.0,0.0,0.0,0.0,0.0,0.0,0.0,0.0,0.0,0.0,0.0,0.0,0.0,0.0,0.0,0.0,0.0,0.0,0.0,0.0,0.0,0.0,0.0,0.0,0.0,0.0,0.0,0.0
48,0.0,0.0,0.0,0.0,0.0,0.0,0.0,0.0,0.0,0.0,0.0,0.0,0.0,0.0,0.0,0.0,0.0,0.0,0.0,0.0,0.0,0.0,0.0,0.0,0.0,0.0,0.0,0.0,0.0,0.0,0.0,0.0,0.0,0.0,0.0,0.0,0.0,0.0,0.0,0.0,0.0,0.0,0.0,0.0,0.0,0.0,0.0,0.0,0.0,0.0,0.0,0.0,0.0,0.0,0.0,0.0,0.0,0.0,0.0,0.0,0.0,0.0,0.0,0.0,0.0,0.0
49,0.0,0.0,0.0,0.0,0.0,0.0,0.0,0.0,0.0,0.0,0.0,0.0,0.0,0.0,0.0,0.0,0.0,0.0,0.0,0.0,0.0,0.0,0.0,0.0,0.0,0.0,0.0,0.0,0.0,0.0,0.0,0.0,0.0,0.0,0.0,0.0,0.0,0.0,0.0,0.0,0.0,0.0,0.0,0.0,0.0,0.0,0.0,0.0,0.0,0.0,0.0,0.0,0.0,0.0,0.0,0.0,0.0,0.0,0.0,0.0,0.0,0.0,0.0,0.0,0.0,0.0
50,0.0,0.0,0.0,0.0,0.0,0.0,0.0,0.0,0.0,0.0,0.0,0.0,0.0,0.0,0.0,0.0,0.0,0.0,0.0,0.0,0.0,0.0,0.0,0.0,0.0,0.0,0.0,0.0,0.0,0.0,0.0,0.0,0.0,0.0,0.0,0.0,0.0,0.0,0.0,0.0,0.0,0.0,0.0,0.0,0.0,0.0,0.0,0.0,0.0,0.0,0.0,0.0,0.0,0.0,0.0,0.0,0.0,0.0,0.0,0.0,0.0,0.0,0.0,0.0,0.0,0.0
51,0.0,0.0,0.0,0.0,0.0,0.0,0.0,0.0,0.0,0.0,0.0,0.0,0.0,0.0,0.0,0.0,0.0,0.0,0.0,0.0,0.0,0.0,0.0,0.0,0.0,0.0,0.0,0.0,0.0,0.0,0.0,0.0,0.0,0.0,0.0,0.0,0.0,0.0,0.0,0.0,0.0,0.0,0.0,0.0,0.0,0.0,0.0,0.0,0.0,0.0,0.0,0.0,0.0,0.0,0.0,0.0,0.0,0.0,0.0,0.0,0.0,0.0,0.0,0.0,0.0,0.0
52,0.0,0.0,0.0,0.0,0.0,0.0,0.0,0.0,0.0,0.0,0.0,0.0,0.0,0.0,0.0,0.0,0.0,0.0,0.0,0.0,0.0,0.0,0.0,0.0,0.0,0.0,0.0,0.0,0.0,0.0,0.0,0.0,0.0,0.0,0.0,0.0,0.0,0.0,0.0,0.0,0.0,0.0,0.0,0.0,0.0,0.0,0.0,0.0,0.0,0.0,0.0,0.0,0.0,0.0,0.0,0.0,0.0,0.0,0.0,0.0,0.0,0.0,0.0,0.0,0.0,0.0
53,0.0,0.0,0.0,0.0,0.0,0.0,0.0,0.0,0.0,0.0,0.0,0.0,0.0,0.0,0.0,0.0,0.0,0.0,0.0,0.0,0.0,0.0,0.0,0.0,0.0,0.0,0.0,0.0,0.0,0.0,0.0,0.0,0.0,0.0,0.0,0.0,0.0,0.0,0.0,0.0,0.0,0.0,0.0,0.0,0.0,0.0,0.0,0.0,0.0,0.0,0.0,0.0,0.0,0.0,0.0,0.0,0.0,0.0,0.0,0.0,0.0,0.0,0.0,0.0,0.0,0.0
54,0.0,0.0,0.04664875,0.0,0.0,0.0,0.0,0.0,0.000135263,4.74e-5,0.0,0.0,0.0,0.0006,0.0,0.0,0.0,0.0,0.0,0.0,0.0,0.0,0.0,0.0,0.0,0.0,0.0,0.0,0.0,0.0,0.0,0.0,0.0,0.0,0.0,0.0,0.0,0.027188889,0.0,0.000199,0.0,0.0,0.0,0.0,0.0,0.0,0.00023,0.0,0.0,0.000323333,0.0,0.0,0.0,0.0,0.0,0.0,0.0,0.0,0.000398333,0.0,0.0,0.0,0.0,0.0,0.0,0.0
55,0.0,0.0,0.42454375,0.0,0.0,0.0,0.0,0.221452,0.321787895,0.229825143,0.229922143,0.29793381,0.212465,0.31431,0.13891931,0.044889649,0.00183,0.301728462,0.094995455,0.22216,0.200636,0.207875536,0.196622813,0.292730625,0.407356667,0.237784,0.000101818,0.139626875,0.014338889,5.38e-5,0.020333333,0.001341,0.0,0.103318182,0.05294549,0.065599322,0.40153,0.353714444,0.478262,0.399368,0.452258333,0.16621907,0.073516842,0.25362,0.147833333,0.196704286,0.08517,0.10855,0.329663333,0.4360975,0.0,0.0,0.0,0.0,0.371381111,0.428769048,0.01071,0.077414,0.514765,0.153919643,0.02306,0.072046667,0.091507333,0.041345,0.2622004,0.334835
56,2.33e-5,0.0,0.62858375,0.135215,0.21815,0.136912,0.212096667,0.3562792,0.468423158,0.370312,0.400497143,0.47071619,0.270225,0.33511,0.280107241,0.100194211,0.03063,0.444000769,0.164387273,0.27511,0.342066857,0.330484107,0.3071225,0.55115,0.5976825,0.536168333,0.48994,0.566773125,0.157178333,0.390950328,0.152606444,0.3046052,0.06019,0.276517727,0.285082157,0.229625593,0.657298333,0.582802222,0.625574,0.611126,0.591313333,0.320169302,0.162092632,0.397456667,0.306784444,0.43763,0.08587,0.12543,0.689443333,0.701884167,0.100274286,0.425623333,0.167751053,0.214324286,0.599918889,0.678209365,0.56634,0.483252,0.597195,0.291016429,0.09049,0.150766667,0.20591,0.123387727,0.5352688,0.511876667
57,0.384236667,0.15007,0.66435125,0.36373,0.416172857,0.29352,0.313333333,0.492792267,0.548052632,0.452348,0.454535,0.61341381,0.42125,0.44725,0.351636207,0.19919807,0.059843333,0.569080769,0.252534545,0.47031,0.424339143,0.505661607,0.417148438,0.586270625,0.691745,0.667249833,0.682150909,0.71068875,0.284887778,0.484772951,0.320082222,0.5132241,0.25644,0.395779545,0.474637647,0.335381186,0.795811667,0.690642222,0.691014,0.740086,0.662861667,0.463725814,0.307389474,0.283766667,0.377,0.502266286,0.32199,0.16522,0.81341,0.747364167,0.264231429,0.658273333,0.423770526,0.497766429,0.760368889,0.805039206,0.7328,0.702268,0.622196667,0.357763214,0.152991905,0.267036667,0.441060667,0.301886818,0.6526064,0.590038333
58,0.487946667,0.25268,0.7306825,0.558255,0.576444286,0.393798,0.542783333,0.554133733,0.548632105,0.55422,0.582878571,0.675760476,0.52003,0.40514,0.382961034,0.287070526,0.195316667,0.590208462,0.380566061,0.39607,0.453346,0.582520714,0.537749688,0.672913125,0.758025833,0.715796833,0.686384545,0.75486,0.376101111,0.497814918,0.430964444,0.6047495,0.36098,0.504155455,0.57000902,0.439272712,0.840673333,0.722816667,0.740102,0.767136,0.663878333,0.511561628,0.413291053,0.261133333,0.43113,0.495344857,0.38718,0.31008,0.858196667,0.684025833,0.516014286,0.761443333,0.623628947,0.662407143,0.849973333,0.859949524,0.75868,0.761684,0.696633333,0.4033975,0.22836619,0.365128333,0.563368667,0.394426818,0.6802932,0.581103333
59,0.42033,0.23416,0.7554,0.610545,0.653915714,0.434526,0.678406667,0.6653788,0.631933158,0.680505714,0.649413571,0.626759048,0.52201,0.41201,0.505934138,0.375504386,0.276903333,0.652881538,0.44027,0.38754,0.494676857,0.600880893,0.577459688,0.691743125,0.737838333,0.747955667,0.741935455,0.797214375,0.481814444,0.625141475,0.512698889,0.7067351,0.656,0.525995455,0.633411373,0.554263898,0.853785,0.70273,0.712622,0.738756,0.676461667,0.596696279,0.487564737,0.434656667,0.619297778,0.593972286,0.27264,0.47454,0.83428,0.667191667,0.70127,0.780183333,0.744077895,0.624462857,0.870758889,0.85820381,0.83981,0.822142,0.718275,0.5572825,0.409908095,0.519415,0.628869333,0.401222727,0.711216,0.643036667
60,0.47864,0.4833,0.72609,0.610865,0.710328571,0.402428,0.682246667,0.5461088,0.621410526,0.598508286,0.6764,0.698765238,0.64518,0.42651,0.540355517,0.466182982,0.377776667,0.548689231,0.49509,0.39417,0.461472286,0.619929286,0.60728125,0.62232875,0.799220833,0.756194333,0.794830909,0.76554125,0.56266,0.669647705,0.565694222,0.7537412,0.50889,0.397186364,0.629365882,0.530805932,0.852855,0.768444444,0.695076,0.75997,0.587116667,0.578856512,0.550766316,0.646983333,0.72929,0.682337143,0.40065,0.35359,0.85892,0.689290833,0.755521429,0.85098,0.756662895,0.620837857,0.836482222,0.854875238,0.7901,0.825806,0.672943333,0.614419286,0.501737143,0.665285,0.591498667,0.443609545,0.6380988,0.535263333
61,0.515996667,0.41908,0.75850625,0.47441,0.686282857,0.495644,0.6458,0.548406667,0.633384737,0.604389429,0.643037857,0.676280476,0.55577,0.52142,0.617818276,0.504507719,0.43268,0.64465,0.503702121,0.55359,0.493110857,0.584225179,0.6186675,0.538105,0.805025833,0.786877,0.775099091,0.74606625,0.634472778,0.636386721,0.54499,0.7506066,0.69728,0.433899545,0.655942353,0.581786102,0.792203333,0.727522222,0.656212,0.684066,0.614313333,0.622953256,0.539605789,0.789203333,0.727541111,0.75119,0.377,0.58033,0.845706667,0.673059167,0.773872857,0.757033333,0.769705526,0.700715714,0.839765556,0.814644127,0.72243,0.748004,0.676603333,0.664544286,0.533787143,0.610611667,0.561166,0.48634,0.654566,0.722746667
62,0.513776667,0.49372,0.7456525,0.347795,0.627162857,0.540206,0.530443333,0.516249467,0.632085263,0.562142286,0.731327143,0.726769048,0.687895,0.4514,0.670846897,0.486837719,0.46217,0.598686923,0.520761818,0.70241,0.504363429,0.622433929,0.539429688,0.526525,0.786461667,0.753325833,0.69781,0.729939375,0.642738333,0.638431967,0.542824,0.7484985,0.76854,0.409418636,0.597129412,0.51966339,0.815306667,0.680448889,0.672198,0.682746,0.654565,0.594242791,0.578440526,0.727676667,0.698542222,0.752705143,0.40288,0.75051,0.814676667,0.745385833,0.722488571,0.857416667,0.730125789,0.697760714,0.759885556,0.741794603,0.63044,0.67597,0.790303333,0.639520357,0.570891905,0.61988,0.658506,0.491555909,0.6359392,0.536896667
63,0.604336667,0.50086,0.645525,0.59556,0.63313,0.599134,0.5652,0.449875867,0.582694211,0.529213429,0.625355,0.659987619,0.53551,0.42984,0.716037931,0.550695614,0.466216667,0.629229231,0.46916303,0.65079,0.498808571,0.618456429,0.57677625,0.43477375,0.715650833,0.738244833,0.71762,0.758370625,0.676142778,0.644657869,0.582918667,0.7206481,0.63298,0.420925,0.572207843,0.498959492,0.745491667,0.612628889,0.688032,0.544856,0.54604,0.543355116,0.490741053,0.81984,0.687015556,0.742423429,0.51933,0.79352,0.7146,0.640330833,0.573315714,0.803503333,0.690223421,0.702227857,0.777808889,0.690173651,0.69694,0.723058,0.710651667,0.702745,0.661644762,0.592318333,0.600319333,0.501831364,0.664614,0.592281667
64,0.672433333,0.8058,0.56221375,0.434785,0.533138571,0.592872,0.370966667,0.292434133,0.435070526,0.405290857,0.615320714,0.64909,0.57532,0.36575,0.620218966,0.496691228,0.49441,0.579663846,0.379472727,0.58537,0.424892286,0.484528929,0.48418,0.2126925,0.745591667,0.6974835,0.707834545,0.67697125,0.709167778,0.64791377,0.570072444,0.7056413,0.66857,0.304996364,0.541071569,0.50759678,0.720781667,0.556756667,0.583558,0.435815,0.558316667,0.496395349,0.412242105,0.75423,0.642431111,0.767625429,0.51715,0.46935,0.700036667,0.663279167,0.736915714,0.766576667,0.705346579,0.589062143,0.696547778,0.622888889,0.65599,0.762982,0.639416667,0.67333,0.58139,0.675535,0.520684667,0.533445909,0.6412632,0.483266667
65,0.644453333,0.67756,0.53456125,0.25065,0.388647143,0.49944,0.35485,0.2039348,0.325217368,0.231456286,0.591388571,0.540350476,0.472435,0.35603,0.54842931,0.392397018,0.465393333,0.429339231,0.301243333,0.15717,0.256681143,0.472191071,0.3559825,0.134881875,0.71521,0.647272,0.594770909,0.64066125,0.547296111,0.600782295,0.500713556,0.6069506,0.60875,0.211065,0.479965294,0.380752712,0.565145,0.560364444,0.492694,0.359909,0.465913333,0.359097442,0.339026316,0.736363333,0.590091111,0.713463714,0.28897,0.16496,0.549136667,0.542215833,0.573655714,0.473016667,0.643396053,0.518422857,0.580537778,0.471154286,0.61607,0.731582,0.447691667,0.719971429,0.626295714,0.69298,0.429096667,0.477078182,0.5889604,0.344496667
66,0.585333333,0.56243,0.2606125,0.19148,0.282575714,0.380476,0.228333333,0.1201736,0.178520526,0.089976,0.283395,0.254756667,0.352375,0.16706,0.461559655,0.369738421,0.361343333,0.243932308,0.142787273,0.21905,0.154159714,0.38991875,0.218751563,0.0838375,0.559431667,0.523587333,0.465867273,0.51376125,0.475048333,0.469297705,0.427808667,0.4747934,0.31049,0.140172727,0.376212157,0.277460678,0.252578333,0.253287778,0.277074,0.209655,0.223525,0.193149535,0.122734737,0.618526667,0.525396667,0.620318286,0.04703,0.01577,0.323216667,0.301870833,0.462211429,0.49135,0.522628421,0.410024286,0.493986667,0.443984762,0.46208,0.556912,0.25195,0.566367857,0.520728095,0.544305,0.34954,0.346425,0.436534,0.236498333
67,0.37498,0.4199,0.0,0.073675,0.153605714,0.190658,0.0002,4.53e-6,0.0,0.0,0.0,0.0,0.0,0.0,0.252033448,0.176227368,0.217883333,0.0,0.0,0.0,0.0,0.091301786,0.069372188,0.01848375,0.407229167,0.366465333,0.320088182,0.301096875,0.304107778,0.339854426,0.251804,0.2954866,0.15036,0.0,0.158723725,0.076087797,0.0,0.0,0.0,0.0,0.0,0.0,0.0,0.480863333,0.243276667,0.419244857,0.0,0.0,0.0,0.0,0.287018571,0.445263333,0.415957105,0.260292857,0.306148889,0.267017778,0.39404,0.330898,0.0,0.355756429,0.214339048,0.267685,0.012561333,0.106570909,0.0159648,0.0
68,0.29075,0.43814,0.0,0.0,0.0,0.0,0.0,0.0,0.0,0.0,0.0,0.0,0.0,0.0,0.0,0.0,0.0,0.0,0.0,0.0,0.0,0.0,0.0,0.0,0.0,0.0,0.0,5.63e-6,0.0,0.0,0.0,5.5e-6,0.0,0.0,0.0,0.0,0.0,0.0,0.0,0.0,0.0,0.0,0.0,0.0,0.0,0.0,0.0,0.0,0.0,0.0,0.010235714,0.113803333,0.028487105,0.0,0.0,0.038508571,0.0,0.0,0.0,0.0,0.0,0.0,0.0,0.0,0.0,0.0
69,0.0,0.0,0.0,0.0,0.0,0.0,0.0,0.0,0.0,0.0,0.0,0.0,0.0,0.0,0.0,0.0,0.0,0.0,0.0,0.0,0.0,0.0,0.0,0.0,0.0,0.0,0.0,0.0,0.0,0.0,0.0,0.0,0.0,0.0,0.0,0.0,0.0,0.0,0.0,0.0,0.0,0.0,0.0,0.0,0.0,0.0,0.0,0.0,0.0,0.0,0.0,0.0,0.0,0.0,0.0,0.0,0.0,0.0,0.0,0.0,0.0,0.0,0.0,0.0,0.0,0.0
70,0.0,0.0,0.0,0.0,0.0,0.0,0.0,0.0,0.0,0.0,0.0,0.0,0.0,0.0,0.0,0.0,0.0,0.0,0.0,0.0,0.0,0.0,0.0,0.0,0.0,0.0,0.0,0.0,0.0,0.0,0.0,0.0,0.0,0.0,0.0,0.0,0.0,0.0,0.0,0.0,0.0,0.0,0.0,0.0,0.0,0.0,0.0,0.0,0.0,0.0,0.0,0.0,0.0,0.0,0.0,0.0,0.0,0.0,0.0,0.0,0.0,0.0,0.0,0.0,0.0,0.0
71,0.0,0.0,0.0,0.0,0.0,0.0,0.0,0.0,0.0,0.0,0.0,0.0,0.0,0.0,0.0,0.0,0.0,0.0,0.0,0.0,0.0,0.0,0.0,0.0,0.0,0.0,0.0,0.0,0.0,0.0,0.0,0.0,0.0,0.0,0.0,0.0,0.0,0.0,0.0,0.0,0.0,0.0,0.0,0.0,0.0,0.0,0.0,0.0,0.0,0.0,0.0,0.0,0.0,0.0,0.0,0.0,0.0,0.0,0.0,0.0,0.0,0.0,0.0,0.0,0.0,0.0
72,0.0,0.0,0.0,0.0,0.0,0.0,0.0,0.0,0.0,0.0,0.0,0.0,0.0,0.0,0.0,0.0,0.0,0.0,0.0,0.0,0.0,0.0,0.0,0.0,0.0,0.0,0.0,0.0,0.0,0.0,0.0,0.0,0.0,0.0,0.0,0.0,0.0,0.0,0.0,0.0,0.0,0.0,0.0,0.0,0.0,0.0,0.0,0.0,0.0,0.0,0.0,0.0,0.0,0.0,0.0,0.0,0.0,0.0,0.0,0.0,0.0,0.0,0.0,0.0,0.0,0.0
73,0.0,0.0,0.0,0.0,0.0,0.0,0.0,0.0,0.0,0.0,0.0,0.0,0.0,0.0,0.0,0.0,0.0,0.0,0.0,0.0,0.0,0.0,0.0,0.0,0.0,0.0,0.0,0.0,0.0,0.0,0.0,0.0,0.0,0.0,0.0,0.0,0.0,0.0,0.0,0.0,0.0,0.0,0.0,0.0,0.0,0.0,0.0,0.0,0.0,0.0,0.0,0.0,0.0,0.0,0.0,0.0,0.0,0.0,0.0,0.0,0.0,0.0,0.0,0.0,0.0,0.0
74,0.0,0.0,0.0,0.0,0.0,0.0,0.0,0.0,0.0,0.0,0.0,0.0,0.0,0.0,0.0,0.0,0.0,0.0,0.0,0.0,0.0,0.0,0.0,0.0,0.0,0.0,0.0,0.0,0.0,0.0,0.0,0.0,0.0,0.0,0.0,0.0,0.0,0.0,0.0,0.0,0.0,0.0,0.0,0.0,0.0,0.0,0.0,0.0,0.0,0.0,0.0,0.0,0.0,0.0,0.0,0.0,0.0,0.0,0.0,0.0,0.0,0.0,0.0,0.0,0.0,0.0
75,0.0,0.0,0.0,0.0,0.0,0.0,0.0,0.0,0.0,0.0,0.0,0.0,0.0,0.0,0.0,0.0,0.0,0.0,0.0,0.0,0.0,0.0,0.0,0.0,0.0,0.0,0.0,0.0,0.0,0.0,0.0,0.0,0.0,0.0,0.0,0.0,0.0,0.0,0.0,0.0,0.0,0.0,0.0,0.0,0.0,0.0,0.0,0.0,0.0,0.0,0.0,0.0,0.0,0.0,0.0,0.0,0.0,0.0,0.0,0.0,0.0,0.0,0.0,0.0,0.0,0.0
76,0.0,0.0,0.0,0.0,0.0,0.0,0.0,0.0,0.0,0.0,0.0,0.0,0.0,0.0,0.0,0.0,0.0,0.0,0.0,0.0,0.0,0.0,0.0,0.0,0.0,0.0,0.0,0.0,0.0,0.0,0.0,0.0,0.0,0.0,0.0,0.0,0.0,0.0,0.0,0.0,0.0,0.0,0.0,0.0,0.0,0.0,0.0,0.0,0.0,0.0,0.0,0.0,0.0,0.0,0.0,0.0,0.0,0.0,0.0,0.0,0.0,0.0,0.0,0.0,0.0,0.0
77,0.0,0.0,0.0,0.0,0.0,0.0,0.0,0.0,0.0,0.0,0.0,0.0,0.0,0.0,0.0,0.0,0.0,0.0,0.0,0.0,0.0,0.0,0.0,0.0,0.0,0.0,0.0,0.0,0.0,0.0,0.0,0.0,0.0,0.0,0.0,0.0,0.0,0.0,0.0,0.0,0.0,0.0,0.0,0.0,0.0,0.0,0.0,0.0,0.0,0.0,0.0,0.0,0.0,0.0,0.0,0.0,0.0,0.0,0.0,0.0,0.0,0.0,0.0,0.0,0.0,0.0
78,0.0,0.0,0.0590025,0.0,0.0,0.0,0.0,1.6e-6,9.05e-5,8.0e-5,0.0,0.0,0.0,0.0,0.0,0.0,0.0,0.0,0.0,0.0,0.0,0.0,0.0,0.0,0.0,0.0,0.0,0.0,0.0,0.0,0.0,0.0,0.0,0.0,0.0,0.0,8.5e-5,0.000477778,0.0,0.000467,0.0,0.0,0.0,0.0,0.0,0.0,0.00024,0.0,0.0,0.000174167,0.0,0.0,0.0,0.0,0.0,0.0,0.0,0.0,0.000743333,0.0,0.0,0.0,0.0,0.0,0.0,0.0
79,0.0,0.0,0.4225275,0.0,0.0,0.0,0.0,0.2286752,0.138866842,0.090797429,0.164765,0.269475714,0.191185,0.08639,0.358436552,0.373167544,0.396696667,0.156590769,0.144847273,0.09574,0.068491143,0.38064125,0.410734063,0.144661875,0.428145,0.261893667,0.000275455,0.133058125,0.167308333,0.000116393,0.153536222,0.0030568,0.0,0.132771818,0.061763137,0.035188136,0.29095,0.220532222,0.169864,0.211836,0.02784,0.088373256,0.150654211,0.43941,0.254631111,0.367653429,0.15689,0.04045,0.26065,0.458991667,0.0,0.0,0.0,0.0,0.248183333,0.356826825,0.00624,0.275074,0.306761667,0.497452143,0.44705619,0.476953333,0.408596,0.319060909,0.3004572,0.066601667
80,0.0,0.0,0.5184225,0.1576,0.146291429,0.199208,0.057376667,0.432868667,0.333093158,0.224405714,0.376388571,0.46288,0.421445,0.17777,0.591272414,0.638914912,0.59349,0.338356154,0.270002121,0.08148,0.149309143,0.562913393,0.614149688,0.280323125,0.61449,0.577029167,0.508994545,0.43313375,0.478878889,0.500704098,0.405948,0.3305429,0.29493,0.346145455,0.393506667,0.295126271,0.577658333,0.386191111,0.36649,0.40686,0.099861667,0.313900698,0.275801053,0.684313333,0.54157,0.64029,0.29846,0.09534,0.60897,0.632634167,0.073072857,0.024893333,0.074311053,0.206127143,0.452164444,0.571431905,0.37238,0.728642,0.431263333,0.712875357,0.688572381,0.663766667,0.595074667,0.461580909,0.5057452,0.243546667
81,0.171906667,0.08004,0.568365,0.28453,0.259071429,0.325424,0.074416667,0.552580533,0.439195789,0.337182857,0.481173571,0.612299048,0.50705,0.1634,0.729465862,0.742122456,0.593573333,0.382646154,0.360635152,0.12993,0.214434286,0.658081964,0.715263125,0.444025,0.76209,0.716644833,0.672004545,0.576298125,0.538118889,0.651172295,0.507722889,0.4838681,0.48187,0.424451364,0.53269098,0.427553559,0.725403333,0.499642222,0.51518,0.593479,0.175988333,0.405117442,0.352788421,0.78213,0.76597,0.777294571,0.38463,0.1303,0.77663,0.743405833,0.102998571,0.057926667,0.177081053,0.494438571,0.452594444,0.68154873,0.36165,0.782098,0.456776667,0.805526786,0.784107143,0.756516667,0.673085333,0.56053,0.553254,0.353516667
82,0.458923333,0.17194,0.7044725,0.505085,0.43004,0.583818,0.241793333,0.638225067,0.591404737,0.458657143,0.557260714,0.75349,0.59579,0.20581,0.741643103,0.783091053,0.747346667,0.442767692,0.422398788,0.26925,0.306161143,0.755993571,0.787357188,0.560649375,0.814394167,0.796412333,0.724103636,0.57543875,0.622260556,0.708048033,0.674699778,0.5658845,0.62004,0.540578182,0.629997059,0.499661864,0.769541667,0.645024444,0.556262,0.686566,0.315353333,0.470768837,0.386918421,0.859156667,0.798044444,0.833239429,0.51168,0.18668,0.8289,0.798831667,0.136265714,0.121746667,0.296056842,0.629143571,0.571158889,0.731076032,0.51128,0.83739,0.623455,0.823282143,0.771320476,0.758153333,0.785157333,0.680806818,0.5926824,0.367833333
83,0.533136667,0.21094,0.75574375,0.666515,0.523494286,0.685436,0.386453333,0.666608533,0.657441579,0.543894571,0.616076429,0.706504286,0.61931,0.19694,0.820326897,0.772815614,0.76192,0.606698462,0.433083636,0.35044,0.395474,0.737719464,0.770412188,0.579104375,0.826889167,0.811000333,0.758772727,0.607148125,0.693578889,0.757211639,0.711155333,0.6471797,0.70922,0.491934545,0.646063529,0.61115339,0.70769,0.699563333,0.586454,0.740916,0.390235,0.516968372,0.457153684,0.786756667,0.802656667,0.841222,0.561,0.21927,0.75612,0.744718333,0.274432857,0.320583333,0.393420263,0.742489286,0.592188889,0.762494921,0.65385,0.84003,0.684436667,0.828721429,0.770298095,0.791275,0.802881333,0.708504545,0.6398452,0.529835
84,0.521653333,0.21019,0.77705375,0.69871,0.52732,0.554418,0.42758,0.591600667,0.743806842,0.563739714,0.613027857,0.702308571,0.64644,0.25668,0.830101379,0.774822632,0.673826667,0.594286154,0.466731212,0.30738,0.499940286,0.709486429,0.795348438,0.4902225,0.7904675,0.7789675,0.710276364,0.6061075,0.72345,0.670397705,0.661024667,0.6326457,0.61494,0.518909545,0.586555294,0.544685085,0.648273333,0.768168889,0.567188,0.722735,0.408733333,0.534412093,0.511424211,0.776326667,0.826595556,0.778668,0.57175,0.18564,0.714336667,0.802891667,0.315512857,0.426573333,0.423406579,0.755842143,0.637886667,0.702398095,0.59558,0.65196,0.765535,0.787128214,0.737875238,0.776141667,0.740784667,0.702774545,0.4972176,0.531788333
85,0.580653333,0.40457,0.729765,0.376855,0.502398571,0.432066,0.49783,0.519913733,0.718781053,0.556139714,0.555386429,0.697729524,0.65228,0.26465,0.815253793,0.723729474,0.58446,0.615653846,0.44761697,0.47255,0.515583429,0.680408214,0.77513,0.6177675,0.836993333,0.742983833,0.675639091,0.6331,0.689485,0.680110328,0.538928444,0.6080904,0.68106,0.528785455,0.555852353,0.596360678,0.59842,0.762856667,0.482604,0.69473,0.39108,0.477373023,0.472027895,0.766713333,0.762612222,0.783537714,0.54961,0.2359,0.667153333,0.7647775,0.430541429,0.485063333,0.511418684,0.747089286,0.628406667,0.770275873,0.59003,0.69492,0.69103,0.845973214,0.797856667,0.839261667,0.658898,0.517347727,0.5679228,0.701393333
86,0.63406,0.46492,0.6663275,0.62925,0.540737143,0.519658,0.525486667,0.465527467,0.712134737,0.518133714,0.537875,0.661227619,0.560985,0.22012,0.817386552,0.758396491,0.72724,0.461126923,0.503720303,0.59193,0.524719143,0.744734643,0.786621875,0.60565875,0.804256667,0.69555,0.599987273,0.625750625,0.696236111,0.648566885,0.635361778,0.5956389,0.76924,0.517241364,0.549474902,0.528452373,0.505511667,0.743257778,0.44803,0.660505,0.425478333,0.493162791,0.481668947,0.837263333,0.807788889,0.768623714,0.45944,0.32597,0.60244,0.727109167,0.463688571,0.519876667,0.509100526,0.707780714,0.596434444,0.703293333,0.48901,0.704444,0.654445,0.7707225,0.740709524,0.78124,0.598663333,0.607345,0.4775216,0.48721
87,0.72269,0.57953,0.64369375,0.465185,0.520992857,0.516326,0.61032,0.4831736,0.594994737,0.483264571,0.496145714,0.646284762,0.521625,0.16913,0.766699655,0.703374386,0.67327,0.460472308,0.414002424,0.38157,0.402546857,0.716286964,0.70849875,0.545039375,0.763444167,0.640646667,0.618432727,0.676964375,0.693152778,0.614836721,0.569609778,0.5834857,0.66113,0.437106818,0.519835294,0.548089492,0.372951667,0.725052222,0.337236,0.664098,0.355143333,0.462988372,0.473005789,0.72929,0.687412222,0.734796286,0.34781,0.33005,0.509746667,0.6521175,0.44957,0.56278,0.509380789,0.753972857,0.584936667,0.730423651,0.33681,0.675058,0.622756667,0.757476071,0.730015238,0.718246667,0.5534,0.621313182,0.4510704,0.43964
88,0.69798,0.52266,0.63304375,0.31938,0.532062857,0.40298,0.495466667,0.436132533,0.433278421,0.372524857,0.496832857,0.589043333,0.43596,0.22062,0.668224828,0.654141228,0.626906667,0.36863,0.387302121,0.44907,0.415322857,0.653894821,0.666501875,0.50518125,0.7628525,0.597167833,0.524808182,0.5265125,0.66459,0.559512459,0.493388222,0.5562974,0.59354,0.433797727,0.505742157,0.488784746,0.32504,0.614463333,0.33631,0.547248,0.341718333,0.400561395,0.428588947,0.664053333,0.623844444,0.767316571,0.38204,0.24523,0.406263333,0.633711667,0.358155714,0.655726667,0.503396053,0.547231429,0.59923,0.691112698,0.54018,0.63202,0.57382,0.7568375,0.752069524,0.734205,0.589978,0.525779545,0.4952472,0.402173333
89,0.668166667,0.37699,0.48317125,0.344065,0.482161429,0.36397,0.427993333,0.352870533,0.288931053,0.233983714,0.393165,0.455959048,0.274415,0.15053,0.559954138,0.647296316,0.60221,0.242711538,0.266837273,0.31736,0.293982571,0.631942679,0.645500625,0.413475,0.714753333,0.526261833,0.467170909,0.47149875,0.608410556,0.44341459,0.458924667,0.4835474,0.46852,0.274183182,0.413894118,0.405283729,0.118945,0.448054444,0.190596,0.316462,0.279175,0.241961163,0.349661053,0.638406667,0.539217778,0.661034571,0.29995,0.14919,0.235486667,0.505210833,0.371065714,0.515823333,0.385733421,0.515645714,0.553572222,0.617880794,0.60999,0.549978,0.499463333,0.731812857,0.706928095,0.668915,0.452831333,0.553006364,0.3562836,0.287576667
90,0.655453333,0.34759,0.2405325,0.199145,0.352652857,0.177722,0.34844,0.170332533,0.12604,0.087038571,0.236327143,0.210751429,0.13175,0.09896,0.392974138,0.531024561,0.510856667,0.12291,0.102948182,0.03476,0.128193429,0.503608393,0.523574063,0.27139125,0.604848333,0.451465167,0.40416,0.3390075,0.401949444,0.30073459,0.380130444,0.3798558,0.17291,0.11835,0.25876902,0.268968475,0.031296667,0.138793333,0.08908,0.142292,0.08857,0.077067442,0.171411579,0.61409,0.494888889,0.487133429,0.06151,0.07488,0.06388,0.163549167,0.251077143,0.365156667,0.301727632,0.402882857,0.496368889,0.606085238,0.35866,0.399534,0.214448333,0.643403929,0.518519524,0.485685,0.326998667,0.393108636,0.1843436,0.180408333
91,0.516746667,0.44018,0.0,0.16524,0.238808571,0.094846,0.00038,4.0e-6,0.0,0.0,0.0,0.0,0.0,0.0,0.221883103,0.303141404,0.26879,0.0,0.0,0.0,0.0,0.153137679,0.170300938,0.027099375,0.3472625,0.237952333,0.227141818,0.170780625,0.296195556,0.1835,0.225841556,0.2127578,0.14693,0.0,0.111764706,0.073951017,0.0,0.0,0.0,0.0,0.0,0.0,0.0,0.409156667,0.24737,0.305993429,0.0,0.0,0.0,0.0,0.146088571,0.134463333,0.135136842,0.314209286,0.364676667,0.466443651,0.139,0.314694,0.0,0.412944643,0.226540952,0.182068333,0.019639333,0.1836,0.0054284,0.0
92,0.32972,0.38851,0.0,0.0,0.0,0.0,0.0,0.0,0.0,0.0,0.0,0.0,0.0,0.0,0.0,0.0,0.0,0.0,0.0,0.0,0.0,0.0,0.0,0.0,0.0,0.0,0.0,5.63e-6,0.0,0.0,0.0,0.0,0.0,0.0,0.0,0.0,0.0,0.0,0.0,0.0,0.0,0.0,0.0,0.0,0.0,0.0,0.0,0.0,0.0,0.0,0.002788571,0.033216667,0.012516579,0.0,0.0,0.050170794,0.0,0.0,0.0,0.0,0.0,0.0,0.0,0.0,0.0,0.0
93,0.0,0.0,0.0,0.0,0.0,0.0,0.0,0.0,0.0,0.0,0.0,0.0,0.0,0.0,0.0,0.0,0.0,0.0,0.0,0.0,0.0,0.0,0.0,0.0,0.0,0.0,0.0,0.0,0.0,0.0,0.0,0.0,0.0,0.0,0.0,0.0,0.0,0.0,0.0,0.0,0.0,0.0,0.0,0.0,0.0,0.0,0.0,0.0,0.0,0.0,0.0,0.0,0.0,0.0,0.0,0.0,0.0,0.0,0.0,0.0,0.0,0.0,0.0,0.0,0.0,0.0
94,0.0,0.0,0.0,0.0,0.0,0.0,0.0,0.0,0.0,0.0,0.0,0.0,0.0,0.0,0.0,0.0,0.0,0.0,0.0,0.0,0.0,0.0,0.0,0.0,0.0,0.0,0.0,0.0,0.0,0.0,0.0,0.0,0.0,0.0,0.0,0.0,0.0,0.0,0.0,0.0,0.0,0.0,0.0,0.0,0.0,0.0,0.0,0.0,0.0,0.0,0.0,0.0,0.0,0.0,0.0,0.0,0.0,0.0,0.0,0.0,0.0,0.0,0.0,0.0,0.0,0.0
95,0.0,0.0,0.0,0.0,0.0,0.0,0.0,0.0,0.0,0.0,0.0,0.0,0.0,0.0,0.0,0.0,0.0,0.0,0.0,0.0,0.0,0.0,0.0,0.0,0.0,0.0,0.0,0.0,0.0,0.0,0.0,0.0,0.0,0.0,0.0,0.0,0.0,0.0,0.0,0.0,0.0,0.0,0.0,0.0,0.0,0.0,0.0,0.0,0.0,0.0,0.0,0.0,0.0,0.0,0.0,0.0,0.0,0.0,0.0,0.0,0.0,0.0,0.0,0.0,0.0,0.0
96,0.0,0.0,0.0,0.0,0.0,0.0,0.0,0.0,0.0,0.0,0.0,0.0,0.0,0.0,0.0,0.0,0.0,0.0,0.0,0.0,0.0,0.0,0.0,0.0,0.0,0.0,0.0,0.0,0.0,0.0,0.0,0.0,0.0,0.0,0.0,0.0,0.0,0.0,0.0,0.0,0.0,0.0,0.0,0.0,0.0,0.0,0.0,0.0,0.0,0.0,0.0,0.0,0.0,0.0,0.0,0.0,0.0,0.0,0.0,0.0,0.0,0.0,0.0,0.0,0.0,0.0
97,0.0,0.0,0.0,0.0,0.0,0.0,0.0,0.0,0.0,0.0,0.0,0.0,0.0,0.0,0.0,0.0,0.0,0.0,0.0,0.0,0.0,0.0,0.0,0.0,0.0,0.0,0.0,0.0,0.0,0.0,0.0,0.0,0.0,0.0,0.0,0.0,0.0,0.0,0.0,0.0,0.0,0.0,0.0,0.0,0.0,0.0,0.0,0.0,0.0,0.0,0.0,0.0,0.0,0.0,0.0,0.0,0.0,0.0,0.0,0.0,0.0,0.0,0.0,0.0,0.0,0.0
98,0.0,0.0,0.0,0.0,0.0,0.0,0.0,0.0,0.0,0.0,0.0,0.0,0.0,0.0,0.0,0.0,0.0,0.0,0.0,0.0,0.0,0.0,0.0,0.0,0.0,0.0,0.0,0.0,0.0,0.0,0.0,0.0,0.0,0.0,0.0,0.0,0.0,0.0,0.0,0.0,0.0,0.0,0.0,0.0,0.0,0.0,0.0,0.0,0.0,0.0,0.0,0.0,0.0,0.0,0.0,0.0,0.0,0.0,0.0,0.0,0.0,0.0,0.0,0.0,0.0,0.0
99,0.0,0.0,0.0,0.0,0.0,0.0,0.0,0.0,0.0,0.0,0.0,0.0,0.0,0.0,0.0,0.0,0.0,0.0,0.0,0.0,0.0,0.0,0.0,0.0,0.0,0.0,0.0,0.0,0.0,0.0,0.0,0.0,0.0,0.0,0.0,0.0,0.0,0.0,0.0,0.0,0.0,0.0,0.0,0.0,0.0,0.0,0.0,0.0,0.0,0.0,0.0,0.0,0.0,0.0,0.0,0.0,0.0,0.0,0.0,0.0,0.0,0.0,0.0,0.0,0.0,0.0
100,0.0,0.0,0.0,0.0,0.0,0.0,0.0,0.0,0.0,0.0,0.0,0.0,0.0,0.0,0.0,0.0,0.0,0.0,0.0,0.0,0.0,0.0,0.0,0.0,0.0,0.0,0.0,0.0,0.0,0.0,0.0,0.0,0.0,0.0,0.0,0.0,0.0,0.0,0.0,0.0,0.0,0.0,0.0,0.0,0.0,0.0,0.0,0.0,0.0,0.0,0.0,0.0,0.0,0.0,0.0,0.0,0.0,0.0,0.0,0.0,0.0,0.0,0.0,0.0,0.0,0.0
101,0.0,0.0,0.0,0.0,0.0,0.0,0.0,0.0,0.0,0.0,0.0,0.0,0.0,0.0,0.0,0.0,0.0,0.0,0.0,0.0,0.0,0.0,0.0,0.0,0.0,0.0,0.0,0.0,0.0,0.0,0.0,0.0,0.0,0.0,0.0,0.0,0.0,0.0,0.0,0.0,0.0,0.0,0.0,0.0,0.0,0.0,0.0,0.0,0.0,0.0,0.0,0.0,0.0,0.0,0.0,0.0,0.0,0.0,0.0,0.0,0.0,0.0,0.0,0.0,0.0,0.0
102,0.0,0.0,0.06559375,0.0,0.0,0.0,0.0,0.0,4.0e-5,0.000114571,0.0,0.0,0.0,0.00069,0.0,0.0,0.0,0.0,0.0,0.0,0.0,0.0,0.0,0.0,0.0,0.0,0.0,0.0,0.0,0.0,0.0,0.0,0.0,0.0,0.0,0.0,0.0,0.00022,0.0,0.000189,0.0,0.0,0.0,0.0,0.0,0.0,0.00061,0.00056,0.0,8.67e-5,0.0,0.0,0.0,0.0,0.0,0.0,0.0,0.0,0.000501667,0.0,0.0,0.0,0.0,0.0,0.0,0.0
103,0.0,0.0,0.4233775,0.0,0.0,0.0,0.0,0.1069572,0.036199474,0.090258857,0.252434286,0.277224286,0.25089,0.31719,0.319759655,0.209855614,0.164056667,0.103778462,0.119970606,0.22842,0.170402857,0.458153393,0.517940938,0.234243125,0.350163333,0.2282385,0.000357273,0.122998125,0.092202222,0.000119344,0.121374,0.0012659,0.0,0.096765909,0.036799804,0.055228136,0.496191667,0.318581111,0.203028,0.329376,0.270321667,0.088175116,0.112655263,0.38369,0.088912222,0.306227429,0.38603,0.38891,0.372176667,0.428203333,0.0,0.0,0.0,0.0,0.361373333,0.354944762,0.01006,0.063438,0.335971667,0.42324,0.309471905,0.34069,0.20474,0.184645,0.126564,0.214383333
104,6.33e-5,0.0,0.55033125,0.01467,0.100044286,0.010614,0.232946667,0.193385867,0.112072105,0.181263429,0.406392143,0.439629048,0.441335,0.50245,0.547284828,0.438258772,0.334166667,0.23858,0.225190303,0.30099,0.372198571,0.636453214,0.700682188,0.431183125,0.529684167,0.5692185,0.501464545,0.506656875,0.430885556,0.319423443,0.365927556,0.2476677,0.01189,0.36094,0.220197059,0.207559661,0.592278333,0.605922222,0.358078,0.507511,0.462178333,0.278251395,0.328789474,0.6292,0.378433333,0.600673714,0.57337,0.47707,0.614226667,0.619135833,0.059102857,0.090776667,0.135370263,0.181913571,0.57261,0.581582698,0.67886,0.339724,0.499856667,0.632196786,0.596977143,0.582078333,0.289718667,0.240649545,0.3651884,0.418721667
105,0.536513333,0.36437,0.68343125,0.085685,0.250178571,0.039854,0.451703333,0.266749333,0.166400526,0.239069429,0.562679286,0.500048095,0.60097,0.37795,0.700663103,0.579129474,0.429153333,0.353927692,0.292862727,0.46123,0.454034,0.752571964,0.797514688,0.5353325,0.712258333,0.725182,0.628961818,0.6906625,0.539717222,0.459212295,0.507760444,0.4023632,0.03792,0.496111818,0.315735098,0.277041525,0.730408333,0.640657778,0.500314,0.622182,0.443651667,0.306617442,0.421037368,0.80853,0.60076,0.759086571,0.66857,0.68832,0.64553,0.667726667,0.300315714,0.353393333,0.370883158,0.398373571,0.688784444,0.753059841,0.69,0.598912,0.526793333,0.759352143,0.691812381,0.65628,0.278498,0.316892273,0.3908284,0.45047
106,0.722696667,0.64576,0.6972225,0.1385,0.410221429,0.071356,0.488823333,0.372312533,0.223617895,0.29114,0.656925714,0.567490476,0.51641,0.61191,0.750865862,0.686101754,0.476653333,0.421910769,0.384940303,0.49318,0.464292,0.767633214,0.840199375,0.59360125,0.737434167,0.770717833,0.744408182,0.76336,0.551219444,0.537295246,0.573201556,0.4596057,0.09256,0.507805,0.364908627,0.370872373,0.774806667,0.755925556,0.604134,0.728983,0.538785,0.318894651,0.449592105,0.7987,0.722838889,0.822981714,0.67981,0.70353,0.76097,0.705075833,0.533421429,0.582906667,0.559452895,0.519542143,0.705477778,0.820223175,0.83712,0.718588,0.558313333,0.769483929,0.735070952,0.726076667,0.289631333,0.270809091,0.4336936,0.587965
107,0.76226,0.72496,0.7740625,0.243235,0.474461429,0.076412,0.322233333,0.474409467,0.260340526,0.361748,0.732005,0.516757619,0.669005,0.64943,0.774901379,0.727032456,0.61177,0.401177692,0.39448697,0.40184,0.442926,0.77515875,0.810739688,0.693410625,0.808493333,0.8051075,0.748765455,0.772138125,0.594539444,0.625052459,0.613726444,0.5633099,0.16201,0.436531818,0.467220588,0.467327966,0.77129,0.734496667,0.645766,0.748146,0.56325,0.377325814,0.444559474,0.872263333,0.746056667,0.819550857,0.72752,0.62779,0.702396667,0.72953,0.636747143,0.728946667,0.678729211,0.619377857,0.781794444,0.833904444,0.87429,0.759922,0.639806667,0.824830714,0.804116667,0.779533333,0.460702,0.365883182,0.4985536,0.567341667
108,0.655156667,0.61663,0.75293125,0.20448,0.497537143,0.144102,0.473016667,0.495296,0.301347368,0.383668,0.681265714,0.519725238,0.584335,0.79007,0.747787931,0.745257719,0.631613333,0.441983846,0.456072424,0.38312,0.524725429,0.745886429,0.8011875,0.656726875,0.834590833,0.749001167,0.703481818,0.73227875,0.631135,0.662557377,0.559707333,0.5753132,0.33442,0.498775455,0.457375294,0.464098305,0.743911667,0.723555556,0.6701,0.731218,0.506236667,0.357030698,0.448947368,0.748656667,0.763701111,0.780995429,0.6769,0.71105,0.67844,0.644390833,0.784068571,0.596856667,0.726443421,0.497622143,0.776092222,0.826163016,0.84567,0.760576,0.570995,0.812579286,0.80621619,0.778488333,0.535242,0.429382273,0.4990412,0.51693
109,0.673166667,0.56286,0.72945875,0.32241,0.500721429,0.191266,0.544263333,0.520756933,0.317111053,0.418068286,0.671950714,0.62251381,0.650365,0.75809,0.720983448,0.728338596,0.689143333,0.430810769,0.487655152,0.38793,0.531993429,0.773293571,0.80460625,0.67976875,0.759909167,0.741555167,0.735506364,0.755196875,0.661487222,0.624234918,0.561319111,0.576751,0.38608,0.615426364,0.515623529,0.507556102,0.729536667,0.754522222,0.633156,0.715779,0.530626667,0.443844651,0.475896842,0.805503333,0.696698889,0.768766286,0.69672,0.71804,0.69643,0.67915,0.785377143,0.77247,0.710956053,0.572267143,0.799611111,0.784569683,0.85434,0.773726,0.534971667,0.826816786,0.761713333,0.71705,0.578203333,0.488390455,0.502994,0.572793333
110,0.5655,0.57164,0.70185125,0.32676,0.433827143,0.244846,0.550773333,0.479576933,0.297220526,0.359887429,0.586250714,0.517538095,0.659605,0.8558,0.671538276,0.662052807,0.639073333,0.399641538,0.583646364,0.63944,0.550923429,0.764475893,0.747275938,0.65625125,0.713315833,0.716117833,0.747125455,0.65950375,0.675228889,0.657820164,0.528416,0.5431272,0.37128,0.537855455,0.53988902,0.494572881,0.640951667,0.733363333,0.519122,0.683499,0.437563333,0.360423256,0.438077368,0.71909,0.725516667,0.756034,0.65984,0.68432,0.602456667,0.67102,0.795908571,0.69761,0.703487895,0.592215,0.74395,0.804821429,0.89538,0.745952,0.420176667,0.837961786,0.699486667,0.762123333,0.537568,0.581343182,0.5021248,0.535143333
111,0.570663333,0.48653,0.6317475,0.47858,0.446372857,0.298814,0.537876667,0.476854533,0.240843684,0.323374286,0.547857143,0.466733333,0.522645,0.69068,0.630166897,0.630735965,0.63693,0.483550769,0.587308788,0.49513,0.536032857,0.700447321,0.6997125,0.62868,0.697963333,0.687391167,0.685935455,0.63993,0.614947222,0.596300656,0.526134222,0.4973041,0.41466,0.477465,0.473130392,0.488231695,0.53375,0.647761111,0.503018,0.622347,0.45693,0.413455581,0.469153158,0.757406667,0.766133333,0.724412,0.46146,0.51065,0.509266667,0.5463175,0.605521429,0.632386667,0.592432105,0.621302143,0.761283333,0.792207937,0.83652,0.72285,0.473625,0.762100357,0.67974381,0.628116667,0.520215333,0.528204091,0.4424772,0.491916667
112,0.460523333,0.61315,0.54880375,0.23946,0.349032857,0.069884,0.525566667,0.331612133,0.226911579,0.235445143,0.482698571,0.522606667,0.518575,0.5265,0.623283793,0.55954807,0.46183,0.443271538,0.524949394,0.63798,0.523196571,0.713116429,0.702060938,0.652300625,0.70404,0.720647167,0.697341818,0.7210175,0.584038333,0.59492082,0.521823778,0.5347926,0.12055,0.508598182,0.382580392,0.393418644,0.590171667,0.654428889,0.463532,0.579275,0.341646667,0.27220186,0.430699474,0.745723333,0.73418,0.748515143,0.54474,0.5064,0.554026667,0.578766667,0.713134286,0.67093,0.637204211,0.544711429,0.740047778,0.740904127,0.6428,0.780648,0.271123333,0.779902143,0.645046667,0.648468333,0.538783333,0.489943636,0.4470668,0.505346667
113,0.392173333,0.37814,0.3884875,0.1813,0.285777143,0.059816,0.42114,0.246293067,0.068985263,0.143018857,0.324711429,0.428807143,0.387145,0.39156,0.469336207,0.470906316,0.42939,0.327193077,0.414274848,0.43789,0.356935143,0.571593036,0.57878375,0.461376875,0.581956667,0.587062333,0.634072727,0.609558125,0.462207222,0.40375541,0.444097778,0.4087819,0.18746,0.344488636,0.274071569,0.324365593,0.473905,0.441802222,0.302662,0.379842,0.172936667,0.170456744,0.314548947,0.69288,0.672581111,0.662367143,0.59152,0.3043,0.429206667,0.430866667,0.617127143,0.619233333,0.556270263,0.537647857,0.627038889,0.732862857,0.63194,0.717696,0.154143333,0.697845,0.490278571,0.482146667,0.352220667,0.262315909,0.3482232,0.358793333
114,0.425136667,0.2911,0.145285,0.0863,0.199234286,0.039268,0.193746667,0.139256267,0.019611053,0.063272,0.132482857,0.180741905,0.20916,0.15522,0.328764828,0.337345263,0.341496667,0.175996154,0.277828182,0.28483,0.208117143,0.44056375,0.456226563,0.385871875,0.433429167,0.436990333,0.510933636,0.50754375,0.324128889,0.263144918,0.328565111,0.2659348,0.02637,0.223749545,0.179952941,0.197001356,0.14953,0.169038889,0.188044,0.161483,0.047288333,0.090080465,0.208431579,0.509566667,0.503683333,0.611899143,0.40093,0.20575,0.236466667,0.232828333,0.638092857,0.58826,0.451742105,0.400336429,0.57671,0.631452698,0.61491,0.663156,0.052665,0.488672857,0.367828571,0.421826667,0.217867333,0.155671818,0.184956,0.22775
115,0.403296667,0.40425,0.0,0.0231,0.119147143,0.019802,0.000186667,2.67e-7,0.0,0.0,0.0,0.0,0.0,0.0,0.156668966,0.139404035,0.14506,0.0,0.0,0.0,0.0,0.110325714,0.117574375,0.015688125,0.2726375,0.3107035,0.355627273,0.3299275,0.152656111,0.12016377,0.187903333,0.1415061,0.00073,0.0,0.050797059,0.011253559,0.0,0.0,0.0,0.0,0.0,0.0,0.0,0.423803333,0.241146667,0.46008,0.0,0.0,0.0,0.0,0.44735,0.332843333,0.319566316,0.194623571,0.3813,0.416766825,0.37169,0.543656,0.0,0.3449375,0.197656667,0.153248333,0.009195333,0.051937727,0.0002352,0.0
116,0.302586667,0.23127,0.0,0.0,0.0,0.0,0.0,0.0,0.0,0.0,0.0,0.0,0.0,0.0,0.0,0.0,0.0,0.0,0.0,0.0,0.0,0.0,0.0,0.0,0.0,0.0,0.0,0.0,0.0,0.0,0.0,0.0,0.0,0.0,0.0,0.0,0.0,0.0,0.0,0.0,0.0,0.0,0.0,0.0,0.0,0.0,0.0,0.0,0.0,0.0,0.108482857,0.087233333,0.052574474,0.0,0.0,0.034674762,0.0,0.0,0.0,0.0,0.0,0.0,0.0,0.0,0.0,0.0
117,0.0,0.0,0.0,0.0,0.0,0.0,0.0,0.0,0.0,0.0,0.0,0.0,0.0,0.0,0.0,0.0,0.0,0.0,0.0,0.0,0.0,0.0,0.0,0.0,0.0,0.0,0.0,0.0,0.0,0.0,0.0,0.0,0.0,0.0,0.0,0.0,0.0,0.0,0.0,0.0,0.0,0.0,0.0,0.0,0.0,0.0,0.0,0.0,0.0,0.0,0.0,0.0,0.0,0.0,0.0,0.0,0.0,0.0,0.0,0.0,0.0,0.0,0.0,0.0,0.0,0.0
118,0.0,0.0,0.0,0.0,0.0,0.0,0.0,0.0,0.0,0.0,0.0,0.0,0.0,0.0,0.0,0.0,0.0,0.0,0.0,0.0,0.0,0.0,0.0,0.0,0.0,0.0,0.0,0.0,0.0,0.0,0.0,0.0,0.0,0.0,0.0,0.0,0.0,0.0,0.0,0.0,0.0,0.0,0.0,0.0,0.0,0.0,0.0,0.0,0.0,0.0,0.0,0.0,0.0,0.0,0.0,0.0,0.0,0.0,0.0,0.0,0.0,0.0,0.0,0.0,0.0,0.0
119,0.0,0.0,0.0,0.0,0.0,0.0,0.0,0.0,0.0,0.0,0.0,0.0,0.0,0.0,0.0,0.0,0.0,0.0,0.0,0.0,0.0,0.0,0.0,0.0,0.0,0.0,0.0,0.0,0.0,0.0,0.0,0.0,0.0,0.0,0.0,0.0,0.0,0.0,0.0,0.0,0.0,0.0,0.0,0.0,0.0,0.0,0.0,0.0,0.0,0.0,0.0,0.0,0.0,0.0,0.0,0.0,0.0,0.0,0.0,0.0,0.0,0.0,0.0,0.0,0.0,0.0
120,0.0,0.0,0.0,0.0,0.0,0.0,0.0,0.0,0.0,0.0,0.0,0.0,0.0,0.0,0.0,0.0,0.0,0.0,0.0,0.0,0.0,0.0,0.0,0.0,0.0,0.0,0.0,0.0,0.0,0.0,0.0,0.0,0.0,0.0,0.0,0.0,0.0,0.0,0.0,0.0,0.0,0.0,0.0,0.0,0.0,0.0,0.0,0.0,0.0,0.0,0.0,0.0,0.0,0.0,0.0,0.0,0.0,0.0,0.0,0.0,0.0,0.0,0.0,0.0,0.0,0.0
121,0.0,0.0,0.0,0.0,0.0,0.0,0.0,0.0,0.0,0.0,0.0,0.0,0.0,0.0,0.0,0.0,0.0,0.0,0.0,0.0,0.0,0.0,0.0,0.0,0.0,0.0,0.0,0.0,0.0,0.0,0.0,0.0,0.0,0.0,0.0,0.0,0.0,0.0,0.0,0.0,0.0,0.0,0.0,0.0,0.0,0.0,0.0,0.0,0.0,0.0,0.0,0.0,0.0,0.0,0.0,0.0,0.0,0.0,0.0,0.0,0.0,0.0,0.0,0.0,0.0,0.0
122,0.0,0.0,0.0,0.0,0.0,0.0,0.0,0.0,0.0,0.0,0.0,0.0,0.0,0.0,0.0,0.0,0.0,0.0,0.0,0.0,0.0,0.0,0.0,0.0,0.0,0.0,0.0,0.0,0.0,0.0,0.0,0.0,0.0,0.0,0.0,0.0,0.0,0.0,0.0,0.0,0.0,0.0,0.0,0.0,0.0,0.0,0.0,0.0,0.0,0.0,0.0,0.0,0.0,0.0,0.0,0.0,0.0,0.0,0.0,0.0,0.0,0.0,0.0,0.0,0.0,0.0
123,0.0,0.0,0.0,0.0,0.0,0.0,0.0,0.0,0.0,0.0,0.0,0.0,0.0,0.0,0.0,0.0,0.0,0.0,0.0,0.0,0.0,0.0,0.0,0.0,0.0,0.0,0.0,0.0,0.0,0.0,0.0,0.0,0.0,0.0,0.0,0.0,0.0,0.0,0.0,0.0,0.0,0.0,0.0,0.0,0.0,0.0,0.0,0.0,0.0,0.0,0.0,0.0,0.0,0.0,0.0,0.0,0.0,0.0,0.0,0.0,0.0,0.0,0.0,0.0,0.0,0.0
124,0.0,0.0,0.0,0.0,0.0,0.0,0.0,0.0,0.0,0.0,0.0,0.0,0.0,0.0,0.0,0.0,0.0,0.0,0.0,0.0,0.0,0.0,0.0,0.0,0.0,0.0,0.0,0.0,0.0,0.0,0.0,0.0,0.0,0.0,0.0,0.0,0.0,0.0,0.0,0.0,0.0,0.0,0.0,0.0,0.0,0.0,0.0,0.0,0.0,0.0,0.0,0.0,0.0,0.0,0.0,0.0,0.0,0.0,0.0,0.0,0.0,0.0,0.0,0.0,0.0,0.0
125,0.0,0.0,0.0,0.0,0.0,0.0,0.0,0.0,0.0,0.0,0.0,0.0,0.0,0.0,0.0,0.0,0.0,0.0,0.0,0.0,0.0,0.0,0.0,0.0,0.0,0.0,0.0,0.0,0.0,0.0,0.0,0.0,0.0,0.0,0.0,0.0,0.0,0.0,0.0,0.0,0.0,0.0,0.0,0.0,0.0,0.0,0.0,0.0,0.0,0.0,0.0,0.0,0.0,0.0,0.0,0.0,0.0,0.0,0.0,0.0,0.0,0.0,0.0,0.0,0.0,0.0
126,0.0,0.0,0.03631875,0.0,0.0,0.0,0.0,0.0,1.84e-5,0.000126857,0.0,0.0,0.0,0.0,0.0,0.0,0.0,0.0,0.0,0.0,0.0,0.0,0.0,0.0,0.0,0.0,0.0,0.0,0.0,0.0,0.0,0.0,0.0,0.0,0.0,0.0,2.5e-5,0.000268889,0.0,0.000543,0.0,0.0,0.0,0.0,0.0,0.0,0.0,0.0,0.0,0.000279167,0.0,0.0,0.0,0.0,0.0,0.0,0.0,0.0,0.000238333,0.0,0.0,0.0,0.0,0.0,0.0,0.0
127,0.0,0.0,0.459635,0.0,0.0,0.0,0.0,0.2955224,0.255541579,0.305126,0.079061429,0.177420952,0.05336,0.36299,0.121572069,0.032630526,0.006566667,0.066945385,0.066033939,0.1289,0.118051714,0.193498929,0.208994375,0.237629375,0.253190833,0.193028667,0.000115455,0.13245,0.009719444,7.3e-5,0.020701778,0.0002524,0.0,0.062755,0.014895098,0.030151356,0.396958333,0.291806667,0.366568,0.380652,0.30114,0.085790465,0.017829474,0.418176667,0.208464444,0.359201714,0.54075,0.53032,0.29351,0.463665,0.0,0.0,0.0,0.0,0.302656667,0.28514254,0.00713,0.269054,0.216715,0.353951071,0.320938095,0.342763333,0.030086667,0.047811364,0.0059168,0.055286667
128,0.0,0.0,0.66695125,0.05222,0.111675714,0.108888,0.111846667,0.4936776,0.546987368,0.546358571,0.182025,0.393554762,0.297905,0.50501,0.262724483,0.082440877,0.036223333,0.175116154,0.161859697,0.42119,0.353409143,0.376698571,0.343665,0.47703375,0.523756667,0.5702185,0.373140909,0.48901625,0.107530556,0.04744918,0.174406667,0.0644111,0.17349,0.229034091,0.148709608,0.17048322,0.544015,0.53641,0.539882,0.614198,0.449091667,0.230092558,0.064183158,0.696713333,0.620552222,0.683230571,0.61041,0.74545,0.567426667,0.564676667,0.264192857,0.009376667,0.101277368,0.124275714,0.535318889,0.511033333,0.45264,0.56805,0.519436667,0.586513929,0.550081429,0.580791667,0.084676,0.090862273,0.0467224,0.231515
129,0.166093333,0.20237,0.7703475,0.16652,0.299105714,0.224922,0.09464,0.604380533,0.595974211,0.633788571,0.296391429,0.503663333,0.41961,0.51008,0.32271,0.170847193,0.148686667,0.226774615,0.224325152,0.56153,0.475971714,0.471469821,0.490221563,0.47733,0.653615833,0.712696833,0.541134545,0.69307125,0.256976111,0.124540656,0.291217333,0.1416889,0.14869,0.364787727,0.227865098,0.268729661,0.600533333,0.586555556,0.637664,0.665647,0.618815,0.326616512,0.184090526,0.778433333,0.728867778,0.815226571,0.82906,0.81018,0.605546667,0.642978333,0.338135714,0.22754,0.181330789,0.367844286,0.57515,0.678322698,0.37052,0.764654,0.633778333,0.684409643,0.700777619,0.667173333,0.224604667,0.171891818,0.1172808,0.399315
130,0.43766,0.41541,0.83308625,0.3264,0.286845714,0.327934,0.18177,0.6805572,0.711393158,0.707385429,0.409967143,0.579431429,0.432015,0.58103,0.420431724,0.257702456,0.135103333,0.356493846,0.319021515,0.62055,0.604151429,0.531425536,0.524928125,0.53075125,0.73611,0.790497333,0.681510909,0.793385,0.269201111,0.158544262,0.332353778,0.1897881,0.27319,0.428030455,0.297674902,0.332822373,0.696451667,0.652392222,0.710394,0.768974,0.699301667,0.43868814,0.287053684,0.85355,0.690793333,0.844509429,0.85876,0.71917,0.644833333,0.667645833,0.419945714,0.367403333,0.281212368,0.402400714,0.721181111,0.706845556,0.72241,0.832096,0.654745,0.745201786,0.714111905,0.680688333,0.260056,0.207673636,0.1732816,0.42931
131,0.65004,0.7475,0.82054625,0.482515,0.378318571,0.400304,0.339963333,0.757530267,0.760372105,0.787709714,0.489267143,0.604825238,0.46163,0.59992,0.521653448,0.370309298,0.18133,0.454764615,0.39058,0.7141,0.668862,0.599433036,0.575116875,0.69613,0.820251667,0.798139,0.677604545,0.8074925,0.399405556,0.235216885,0.374618444,0.2797856,0.36374,0.501140909,0.32535549,0.425041695,0.724023333,0.710802222,0.724936,0.790352,0.725666667,0.517738605,0.417005263,0.796383333,0.748083333,0.843157714,0.7253,0.77244,0.68467,0.684539167,0.487152857,0.428653333,0.343273421,0.459292857,0.842527778,0.72957873,0.80738,0.778696,0.779088333,0.827692857,0.774757143,0.691258333,0.332206667,0.242749545,0.2148596,0.568956667
132,0.627846667,0.64069,0.84015,0.60466,0.38701,0.554158,0.506856667,0.7286016,0.743321053,0.778660857,0.566858571,0.555599048,0.42848,0.68195,0.510499655,0.407114912,0.201356667,0.424064615,0.445048485,0.63624,0.634422286,0.63465875,0.655771875,0.776314375,0.6463375,0.775683667,0.737901818,0.7829575,0.336482222,0.301192131,0.349561556,0.329269,0.26145,0.548364091,0.336476471,0.462117458,0.720711667,0.766951111,0.700426,0.821391,0.788413333,0.528406512,0.463288947,0.915596667,0.828876667,0.762866286,0.6537,0.63689,0.672276667,0.691878333,0.596792857,0.514703333,0.479593947,0.490998571,0.80689,0.743065079,0.75252,0.79859,0.801233333,0.810317143,0.777058571,0.773918333,0.326204,0.275866818,0.2212664,0.57424
133,0.677623333,0.75414,0.80864875,0.594445,0.485051429,0.551792,0.528343333,0.6318496,0.711818421,0.738436,0.536095714,0.535669048,0.519075,0.62639,0.533941379,0.47454807,0.382926667,0.430372308,0.485558182,0.56866,0.593968,0.623750179,0.658532188,0.722185625,0.587985,0.718756,0.665579091,0.752620625,0.498939444,0.327726393,0.399064444,0.3767718,0.51108,0.550479545,0.382009608,0.491985085,0.730305,0.655457778,0.747862,0.776844,0.747575,0.524200465,0.411819474,0.847356667,0.755141111,0.748401714,0.68837,0.60104,0.63,0.6104075,0.540452857,0.4651,0.458927632,0.567882857,0.773097778,0.728856508,0.77401,0.745282,0.666963333,0.786175714,0.750751429,0.818008333,0.387468667,0.309530909,0.2822452,0.593308333
134,0.541593333,0.61676,0.77070875,0.585385,0.406801429,0.58668,0.528093333,0.6038504,0.673592105,0.677007143,0.452077143,0.529333333,0.522,0.60942,0.530622069,0.448669123,0.474986667,0.380307692,0.415886667,0.52653,0.540145714,0.612808214,0.715054063,0.627616875,0.649508333,0.694918167,0.670051818,0.67245375,0.482072778,0.385714754,0.434508222,0.3769873,0.3761,0.578364091,0.396650392,0.490109322,0.611426667,0.690975556,0.687026,0.719362,0.726471667,0.541625814,0.400680526,0.766103333,0.645393333,0.720768857,0.70865,0.61101,0.57878,0.697740833,0.552422857,0.356346667,0.528624737,0.572347857,0.752932222,0.744944286,0.75279,0.787192,0.618985,0.654169643,0.734301429,0.789046667,0.475974667,0.447531364,0.2805272,0.572186667
135,0.44021,0.55579,0.738955,0.458085,0.503777143,0.585104,0.562616667,0.564599333,0.601137368,0.574800571,0.526786429,0.452241429,0.608685,0.44641,0.500076552,0.459590526,0.459436667,0.446133077,0.409666061,0.53706,0.49074,0.566094821,0.681228438,0.539556875,0.664226667,0.645734833,0.641838182,0.580475,0.415376111,0.387182131,0.411068444,0.3867285,0.48374,0.535891364,0.390639216,0.49057678,0.588645,0.633578889,0.661578,0.713284,0.675283333,0.515262791,0.358001053,0.733906667,0.686746667,0.67471,0.70277,0.62537,0.536483333,0.663121667,0.539225714,0.429286667,0.504133421,0.582309286,0.752005556,0.710481587,0.72791,0.724828,0.554198333,0.720697143,0.74339,0.684226667,0.482779333,0.387440909,0.3526152,0.444471667
136,0.610126667,0.68869,0.68541,0.48429,0.457562857,0.52076,0.572633333,0.482352667,0.482582632,0.499416286,0.593280714,0.49754381,0.52506,0.54563,0.384208621,0.343831754,0.212146667,0.373543077,0.368865455,0.34326,0.337528286,0.430664464,0.6053375,0.42013875,0.6440675,0.626525833,0.550449091,0.621399375,0.422296667,0.33090459,0.330847333,0.2974469,0.36716,0.346298182,0.295503922,0.361978644,0.597331667,0.487995556,0.502184,0.618707,0.48959,0.466844884,0.374710526,0.729443333,0.633963333,0.633124857,0.75506,0.60604,0.571543333,0.445223333,0.492048571,0.449696667,0.422303158,0.458960714,0.666161111,0.644183175,0.64947,0.727014,0.372568333,0.677422857,0.710795714,0.69591,0.301320667,0.173267273,0.1252724,0.303071667
137,0.495003333,0.4886,0.47908625,0.279905,0.547307143,0.46716,0.447233333,0.395970267,0.341102105,0.353254857,0.461575,0.406102381,0.325235,0.37003,0.298901724,0.274910702,0.129846667,0.235206154,0.345594848,0.2258,0.202769714,0.314032679,0.497573125,0.407398125,0.5184475,0.555792167,0.481960909,0.56806125,0.233441111,0.231498361,0.238592667,0.2216345,0.56306,0.255643182,0.275879412,0.303813898,0.551901667,0.426645556,0.390342,0.426485,0.347156667,0.368485814,0.389269474,0.71612,0.602133333,0.625490286,0.48071,0.30278,0.48684,0.304345833,0.334307143,0.29458,0.348419211,0.4122,0.612218889,0.612649048,0.67864,0.680174,0.163883333,0.525943929,0.552158571,0.562061667,0.184605333,0.101569545,0.1007692,0.116756667
138,0.37841,0.48882,0.2694875,0.44125,0.446712857,0.331222,0.39864,0.2077856,0.175968421,0.178694286,0.231878571,0.12629619,0.110555,0.17063,0.161478621,0.13926,0.049323333,0.185088462,0.251514242,0.16388,0.150191714,0.172774821,0.266852188,0.243826875,0.355776667,0.4078195,0.378233636,0.45694,0.169026667,0.166001967,0.120646,0.1335647,0.30377,0.238947727,0.191495882,0.255120678,0.173268333,0.107684444,0.230206,0.170436,0.228528333,0.273811395,0.302703684,0.36012,0.509212222,0.495886286,0.3518,0.22601,0.225766667,0.1170725,0.184495714,0.2733,0.217621053,0.387382143,0.515342222,0.561495079,0.39243,0.48873,0.147456667,0.400396429,0.492235714,0.426833333,0.082612667,0.05866,0.0848932,0.105451667
139,0.309926667,0.45495,0.0,0.34247,0.311127143,0.296652,0.0,0.0,0.0,0.0,0.0,0.0,0.0,0.0,0.048848621,0.058948246,0.006936667,0.0,0.0,0.0,0.0,0.051323036,0.048817813,0.02184,0.262511667,0.348178667,0.281468182,0.326715625,0.052775556,0.055877869,0.037150667,0.0555167,0.22383,0.0,0.07993,0.09691,0.0,0.0,0.0,0.0,0.0,0.0,0.0,0.344713333,0.344054444,0.379418286,0.0,0.0,0.0,0.0,0.104858571,0.109333333,0.116351579,0.330958571,0.351865556,0.418158413,0.30019,0.385918,0.0,0.313507143,0.323185714,0.274748333,0.010300667,0.017304091,0.0013148,0.0
140,0.161176667,0.33205,0.0,0.0,0.0,0.0,0.0,0.0,0.0,0.0,0.0,0.0,0.0,0.0,0.0,0.0,0.0,0.0,0.0,0.0,0.0,0.0,0.0,0.0,0.0,0.0,1.55e-5,0.0,0.0,0.0,0.0,2.0e-6,0.0,0.0,0.0,0.0,0.0,0.0,0.0,0.0,0.0,0.0,0.0,0.0,0.0,0.0,0.0,0.0,0.0,0.0,0.005907143,0.021076667,0.007620263,0.0,0.0,0.045937143,0.0,0.0,0.0,0.0,0.0,0.0,0.0,0.0,0.0,0.0
141,0.0,0.0,0.0,0.0,0.0,0.0,0.0,0.0,0.0,0.0,0.0,0.0,0.0,0.0,0.0,0.0,0.0,0.0,0.0,0.0,0.0,0.0,0.0,0.0,0.0,0.0,0.0,0.0,0.0,0.0,0.0,0.0,0.0,0.0,0.0,0.0,0.0,0.0,0.0,0.0,0.0,0.0,0.0,0.0,0.0,0.0,0.0,0.0,0.0,0.0,0.0,0.0,0.0,0.0,0.0,0.0,0.0,0.0,0.0,0.0,0.0,0.0,0.0,0.0,0.0,0.0
142,0.0,0.0,0.0,0.0,0.0,0.0,0.0,0.0,0.0,0.0,0.0,0.0,0.0,0.0,0.0,0.0,0.0,0.0,0.0,0.0,0.0,0.0,0.0,0.0,0.0,0.0,0.0,0.0,0.0,0.0,0.0,0.0,0.0,0.0,0.0,0.0,0.0,0.0,0.0,0.0,0.0,0.0,0.0,0.0,0.0,0.0,0.0,0.0,0.0,0.0,0.0,0.0,0.0,0.0,0.0,0.0,0.0,0.0,0.0,0.0,0.0,0.0,0.0,0.0,0.0,0.0
143,0.0,0.0,0.0,0.0,0.0,0.0,0.0,0.0,0.0,0.0,0.0,0.0,0.0,0.0,0.0,0.0,0.0,0.0,0.0,0.0,0.0,0.0,0.0,0.0,0.0,0.0,0.0,0.0,0.0,0.0,0.0,0.0,0.0,0.0,0.0,0.0,0.0,0.0,0.0,0.0,0.0,0.0,0.0,0.0,0.0,0.0,0.0,0.0,0.0,0.0,0.0,0.0,0.0,0.0,0.0,0.0,0.0,0.0,0.0,0.0,0.0,0.0,0.0,0.0,0.0,0.0
144,0.0,0.0,0.0,0.0,0.0,0.0,0.0,0.0,0.0,0.0,0.0,0.0,0.0,0.0,0.0,0.0,0.0,0.0,0.0,0.0,0.0,0.0,0.0,0.0,0.0,0.0,0.0,0.0,0.0,0.0,0.0,0.0,0.0,0.0,0.0,0.0,0.0,0.0,0.0,0.0,0.0,0.0,0.0,0.0,0.0,0.0,0.0,0.0,0.0,0.0,0.0,0.0,0.0,0.0,0.0,0.0,0.0,0.0,0.0,0.0,0.0,0.0,0.0,0.0,0.0,0.0
145,0.0,0.0,0.0,0.0,0.0,0.0,0.0,0.0,0.0,0.0,0.0,0.0,0.0,0.0,0.0,0.0,0.0,0.0,0.0,0.0,0.0,0.0,0.0,0.0,0.0,0.0,0.0,0.0,0.0,0.0,0.0,0.0,0.0,0.0,0.0,0.0,0.0,0.0,0.0,0.0,0.0,0.0,0.0,0.0,0.0,0.0,0.0,0.0,0.0,0.0,0.0,0.0,0.0,0.0,0.0,0.0,0.0,0.0,0.0,0.0,0.0,0.0,0.0,0.0,0.0,0.0
146,0.0,0.0,0.0,0.0,0.0,0.0,0.0,0.0,0.0,0.0,0.0,0.0,0.0,0.0,0.0,0.0,0.0,0.0,0.0,0.0,0.0,0.0,0.0,0.0,0.0,0.0,0.0,0.0,0.0,0.0,0.0,0.0,0.0,0.0,0.0,0.0,0.0,0.0,0.0,0.0,0.0,0.0,0.0,0.0,0.0,0.0,0.0,0.0,0.0,0.0,0.0,0.0,0.0,0.0,0.0,0.0,0.0,0.0,0.0,0.0,0.0,0.0,0.0,0.0,0.0,0.0
147,0.0,0.0,0.0,0.0,0.0,0.0,0.0,0.0,0.0,0.0,0.0,0.0,0.0,0.0,0.0,0.0,0.0,0.0,0.0,0.0,0.0,0.0,0.0,0.0,0.0,0.0,0.0,0.0,0.0,0.0,0.0,0.0,0.0,0.0,0.0,0.0,0.0,0.0,0.0,0.0,0.0,0.0,0.0,0.0,0.0,0.0,0.0,0.0,0.0,0.0,0.0,0.0,0.0,0.0,0.0,0.0,0.0,0.0,0.0,0.0,0.0,0.0,0.0,0.0,0.0,0.0
148,0.0,0.0,0.0,0.0,0.0,0.0,0.0,0.0,0.0,0.0,0.0,0.0,0.0,0.0,0.0,0.0,0.0,0.0,0.0,0.0,0.0,0.0,0.0,0.0,0.0,0.0,0.0,0.0,0.0,0.0,0.0,0.0,0.0,0.0,0.0,0.0,0.0,0.0,0.0,0.0,0.0,0.0,0.0,0.0,0.0,0.0,0.0,0.0,0.0,0.0,0.0,0.0,0.0,0.0,0.0,0.0,0.0,0.0,0.0,0.0,0.0,0.0,0.0,0.0,0.0,0.0
149,0.0,0.0,0.0,0.0,0.0,0.0,0.0,0.0,0.0,0.0,0.0,0.0,0.0,0.0,0.0,0.0,0.0,0.0,0.0,0.0,0.0,0.0,0.0,0.0,0.0,0.0,0.0,0.0,0.0,0.0,0.0,0.0,0.0,0.0,0.0,0.0,0.0,0.0,0.0,0.0,0.0,0.0,0.0,0.0,0.0,0.0,0.0,0.0,0.0,0.0,0.0,0.0,0.0,0.0,0.0,0.0,0.0,0.0,0.0,0.0,0.0,0.0,0.0,0.0,0.0,0.0
150,0.0,0.0,0.0005975,0.0,0.0,0.0,0.0,0.0,5.68e-5,8.57e-7,0.0,0.0,0.0,0.0,0.0,0.0,0.0,0.0,0.0,0.0,0.0,0.0,0.0,0.0,0.0,0.0,0.0,0.0,0.0,0.0,0.0,0.0,0.0,0.0,0.0,0.0,0.0,7.44e-5,0.0,0.000132,0.0,0.0,0.0,0.0,0.0,0.0,0.0,0.0,0.0,0.000100833,0.0,0.0,0.0,0.0,0.0,0.0,0.0,0.0,0.000288333,0.0,0.0,0.0,0.0,0.0,0.0,0.0
151,0.0,0.0,0.45923625,0.0,0.0,0.0,0.0,0.230751733,0.412494211,0.311382286,0.241584286,0.235018571,0.21517,0.01232,0.02885931,0.025638772,0.053826667,0.125410769,0.150897273,0.08073,0.085842571,0.062308214,0.194961563,0.03664375,0.212118333,0.118816,0.000285455,0.069206875,0.004488889,7.87e-6,0.016859111,0.0001122,0.0,0.148111818,0.017381961,0.052846949,0.394031667,0.306851111,0.387082,0.408969,0.265891667,0.236236512,0.218438947,0.486893333,0.158703333,0.275322571,0.4351,0.59012,0.33646,0.421214167,0.0,0.0,0.0,0.0,0.382476667,0.409324286,0.00903,0.071664,0.41032,0.386946429,0.357847619,0.328793333,0.105606,0.118682273,0.0928052,0.18226
152,0.0,0.0,0.61688125,0.224725,0.167211429,0.326288,0.172223333,0.340834533,0.592795789,0.425338571,0.354228571,0.47706619,0.459025,0.09488,0.103574483,0.107989298,0.154536667,0.201286923,0.338344242,0.17415,0.166793429,0.162918571,0.341447188,0.1046075,0.426253333,0.3851275,0.386058182,0.417693125,0.039399444,0.045948525,0.082309778,0.0561952,0.32538,0.431748182,0.249753725,0.233246102,0.55165,0.623391111,0.538722,0.634241,0.570718333,0.339283721,0.443049474,0.724683333,0.563431111,0.620786857,0.6467,0.76817,0.64138,0.646265,0.101828571,0.002933333,0.048345263,0.247574286,0.538457778,0.649222222,0.47961,0.446374,0.678893333,0.6839775,0.649404286,0.598588333,0.204503333,0.161362273,0.1280736,0.23999
153,0.015163333,0.0099,0.72844625,0.53524,0.413454286,0.498334,0.365036667,0.445025467,0.721456842,0.533435714,0.627474286,0.594897143,0.585645,0.09325,0.256073103,0.219013509,0.175196667,0.387606923,0.526066667,0.22452,0.275724571,0.281013571,0.487630938,0.20925,0.60418,0.555977333,0.599223636,0.62400625,0.111148333,0.111879344,0.144181333,0.1286979,0.66297,0.623083636,0.47545098,0.385530847,0.721615,0.661683333,0.660864,0.724776,0.63095,0.483966744,0.581532632,0.849103333,0.608562222,0.739912857,0.63235,0.81826,0.743476667,0.705271667,0.333044286,0.033556667,0.105450263,0.603587857,0.718761111,0.792810476,0.56637,0.644916,0.76934,0.819535357,0.77663619,0.737186667,0.361707333,0.29216,0.2185328,0.287263333
154,0.045656667,0.04586,0.6694375,0.756485,0.51042,0.638046,0.661926667,0.515004133,0.773606842,0.614113714,0.563669286,0.608850476,0.65177,0.42988,0.315864828,0.330740877,0.215953333,0.583506923,0.530649697,0.38043,0.394470571,0.355717321,0.488493438,0.24352375,0.713303333,0.674508833,0.687253636,0.728295,0.195483889,0.212787541,0.219703778,0.2064842,0.77366,0.662171818,0.543625098,0.532480169,0.714688333,0.71027,0.724384,0.726403,0.676413333,0.55950814,0.570948947,0.933356667,0.666945556,0.793771143,0.69682,0.8983,0.705533333,0.7380225,0.43563,0.092756667,0.191719737,0.709004286,0.820728889,0.81420746,0.62807,0.58178,0.813551667,0.883016071,0.821381905,0.799068333,0.500010667,0.404812273,0.3328812,0.439723333
155,0.101713333,0.25376,0.745785,0.804835,0.626508571,0.759752,0.74543,0.522398533,0.759516842,0.602630571,0.65202,0.695474762,0.565585,0.38442,0.366076897,0.372782281,0.213013333,0.617115385,0.500093636,0.47791,0.429920286,0.428251786,0.569815313,0.30084375,0.7234375,0.726939833,0.705849091,0.7766275,0.268520556,0.216926066,0.309231111,0.2539414,0.82549,0.705908182,0.607176471,0.588736102,0.801488333,0.707137778,0.729834,0.77289,0.677191667,0.609787442,0.458163684,0.899396667,0.651235556,0.808088857,0.7506,0.81321,0.741643333,0.743456667,0.385982857,0.152806667,0.231928158,0.629737143,0.786174444,0.837674603,0.67673,0.667506,0.806143333,0.863141429,0.79970619,0.724333333,0.544572667,0.420322273,0.4447156,0.512955
156,0.176133333,0.68084,0.780035,0.69919,0.562758571,0.76983,0.659506667,0.555816667,0.765002105,0.609107143,0.684441429,0.682516667,0.68703,0.58723,0.471377586,0.39799193,0.285516667,0.526880769,0.348836061,0.579,0.471888571,0.518434643,0.643566875,0.447503125,0.703625833,0.728582833,0.552393636,0.794991875,0.341846111,0.263367705,0.337768444,0.3272954,0.84187,0.664915,0.652916471,0.625338983,0.706618333,0.715624444,0.768544,0.761422,0.774251667,0.602613023,0.431313684,0.947753333,0.597061111,0.838218571,0.86533,0.82358,0.664476667,0.734628333,0.52729,0.149333333,0.3225,0.606405,0.677811111,0.800915079,0.63835,0.694576,0.80576,0.833645,0.777014286,0.678903333,0.680051333,0.53349,0.5847508,0.519695
157,0.316926667,0.73726,0.7700625,0.62922,0.568221429,0.705818,0.707703333,0.463026667,0.700008947,0.566541429,0.624207143,0.685539048,0.718905,0.6237,0.48320931,0.373942105,0.210386667,0.541746923,0.511483939,0.4171,0.504080857,0.499113929,0.551307188,0.4084075,0.688689167,0.7372575,0.551206364,0.786129375,0.403911111,0.29994377,0.329112444,0.3556655,0.75886,0.602175,0.615592745,0.626467458,0.683726667,0.784873333,0.766924,0.761699,0.68881,0.55702907,0.497167368,0.93097,0.535074444,0.79868,0.77424,0.82028,0.6765,0.770068333,0.608404286,0.25674,0.394650526,0.505386429,0.67766,0.72577873,0.55826,0.636412,0.76384,0.749151071,0.718287143,0.692593333,0.619015333,0.530733182,0.53666,0.580205
158,0.464763333,0.6379,0.7554775,0.651245,0.570368571,0.688112,0.739793333,0.515038667,0.609354737,0.544843429,0.474365,0.658031905,0.584735,0.73632,0.495783448,0.363884912,0.223623333,0.551835385,0.434587576,0.27745,0.483684571,0.482581607,0.566379688,0.419064375,0.6542275,0.679164667,0.584641818,0.703056875,0.415298333,0.331381639,0.364573778,0.394535,0.71497,0.450831364,0.62267451,0.61886661,0.706061667,0.736751111,0.669374,0.733174,0.647351667,0.488092326,0.510412105,0.93192,0.695947778,0.770935143,0.91225,0.69553,0.67864,0.7037975,0.529215714,0.28333,0.493320789,0.562776429,0.687092222,0.654497937,0.57636,0.6989,0.64599,0.743910714,0.771250476,0.74039,0.536924667,0.436554091,0.5837248,0.616261667
159,0.30521,0.34672,0.67017,0.669095,0.524532857,0.778602,0.77834,0.5248656,0.596620526,0.492839714,0.589082143,0.584179524,0.5646,0.87084,0.421626897,0.359261053,0.259246667,0.604904615,0.552489394,0.38384,0.556185429,0.448055893,0.540960938,0.486298125,0.531774167,0.653152833,0.582492727,0.685913125,0.336038333,0.311266557,0.295615333,0.3683897,0.56454,0.481005,0.637419412,0.579134915,0.579848333,0.649224444,0.671456,0.634283,0.641053333,0.552656977,0.544707368,0.915083333,0.725505556,0.724961714,0.80764,0.82671,0.60222,0.69848,0.556767143,0.295576667,0.431032632,0.612238571,0.684231111,0.64780619,0.65525,0.668502,0.600998333,0.711026429,0.733389048,0.680703333,0.546737333,0.476357273,0.5412768,0.612168333
160,0.292513333,0.35058,0.5538125,0.70245,0.687255714,0.69916,0.71844,0.409239067,0.400578421,0.403697143,0.533354286,0.517995714,0.43052,0.88102,0.321716552,0.336967895,0.168693333,0.571803846,0.51377303,0.44362,0.535087143,0.340976786,0.419305938,0.43721875,0.520815833,0.6066245,0.51419,0.667225625,0.271615556,0.49729623,0.381802222,0.4411685,0.61342,0.343339091,0.640004902,0.504404915,0.619416667,0.516737778,0.620026,0.55489,0.48175,0.52388093,0.55306,0.845406667,0.648352222,0.674211714,0.60097,0.63975,0.57746,0.5989125,0.255138571,0.355303333,0.355082895,0.496275,0.692765556,0.61372,0.6261,0.593404,0.546141667,0.734938929,0.686295714,0.699666667,0.587416667,0.499059091,0.6237708,0.549253333
161,0.236243333,0.39913,0.3626825,0.640665,0.598042857,0.636718,0.652623333,0.295842,0.232344737,0.23191,0.309,0.345847143,0.35332,0.78274,0.265634138,0.235832281,0.28673,0.472005385,0.420229697,0.50294,0.438935429,0.224973393,0.353594375,0.27857375,0.559084167,0.573845833,0.5843,0.63472375,0.202141111,0.347376393,0.355384444,0.428176,0.39234,0.271588636,0.602313137,0.448382373,0.475518333,0.422852222,0.398646,0.342029,0.327923333,0.436287442,0.412264211,0.82277,0.680412222,0.689478,0.62184,0.65023,0.44043,0.4553925,0.17243,0.282046667,0.274362105,0.469942143,0.709252222,0.617636984,0.75355,0.675038,0.399033333,0.699565357,0.713073333,0.702923333,0.541078667,0.503302727,0.5972056,0.565756667
162,0.11079,0.11365,0.16069875,0.45523,0.591602857,0.414526,0.517516667,0.1699804,0.072794211,0.063417429,0.216961429,0.156137619,0.159265,0.49725,0.138191034,0.158150351,0.26043,0.270795385,0.258012121,0.40146,0.325648,0.117292321,0.235767188,0.082454375,0.425999167,0.458201833,0.418660909,0.53567875,0.220638889,0.273838361,0.231127778,0.3816872,0.3958,0.209580909,0.446719608,0.341094407,0.218273333,0.215063333,0.21014,0.150088,0.15805,0.254226977,0.201452105,0.715526667,0.666054444,0.559751714,0.51065,0.44806,0.332446667,0.3072675,0.108037143,0.182433333,0.16008,0.329865714,0.585338889,0.534881746,0.52216,0.584942,0.26859,0.600839643,0.582180952,0.575178333,0.333419333,0.402061818,0.4085228,0.414768333
163,0.03882,0.03466,0.0,0.446845,0.397605714,0.366948,0.000173333,2.77e-5,0.0,0.0,0.0,0.0,0.0,0.0,0.033468276,0.048294561,0.134503333,0.0,0.0,0.0,0.0,0.030297321,0.035112188,0.016133125,0.2625375,0.275325667,0.219219091,0.420690625,0.095638333,0.07885541,0.104281556,0.196552,0.28666,0.0,0.248666078,0.11604661,0.0,0.0,0.0,0.0,0.0,0.0,0.0,0.400706667,0.302122222,0.377430571,0.0,0.0,0.0,0.0,0.04538,0.092833333,0.052062632,0.258577857,0.501493333,0.447133175,0.36091,0.39411,0.0,0.328896071,0.257231429,0.239338333,0.011612667,0.173307727,0.013286,0.0
164,0.005163333,0.07213,0.0,0.0,0.0,0.0,0.0,0.0,0.0,0.0,0.0,0.0,0.0,0.0,0.0,0.0,0.0,0.0,0.0,0.0,0.0,0.0,0.0,0.0,0.0,0.0,2.73e-6,0.0,0.0,0.0,0.0,6.1e-6,0.0,0.0,0.0,0.0,0.0,0.0,0.0,0.0,0.0,0.0,0.0,0.0,0.0,0.0,0.0,0.0,0.0,0.0,0.000962857,0.01479,0.001953158,0.0,0.0,0.022318413,0.0,0.0,0.0,0.0,0.0,0.0,0.0,0.0,0.0,0.0
165,0.0,0.0,0.0,0.0,0.0,0.0,0.0,0.0,0.0,0.0,0.0,0.0,0.0,0.0,0.0,0.0,0.0,0.0,0.0,0.0,0.0,0.0,0.0,0.0,0.0,0.0,0.0,0.0,0.0,0.0,0.0,0.0,0.0,0.0,0.0,0.0,0.0,0.0,0.0,0.0,0.0,0.0,0.0,0.0,0.0,0.0,0.0,0.0,0.0,0.0,0.0,0.0,0.0,0.0,0.0,0.0,0.0,0.0,0.0,0.0,0.0,0.0,0.0,0.0,0.0,0.0
166,0.0,0.0,0.0,0.0,0.0,0.0,0.0,0.0,0.0,0.0,0.0,0.0,0.0,0.0,0.0,0.0,0.0,0.0,0.0,0.0,0.0,0.0,0.0,0.0,0.0,0.0,0.0,0.0,0.0,0.0,0.0,0.0,0.0,0.0,0.0,0.0,0.0,0.0,0.0,0.0,0.0,0.0,0.0,0.0,0.0,0.0,0.0,0.0,0.0,0.0,0.0,0.0,0.0,0.0,0.0,0.0,0.0,0.0,0.0,0.0,0.0,0.0,0.0,0.0,0.0,0.0
167,0.0,0.0,0.0,0.0,0.0,0.0,0.0,0.0,0.0,0.0,0.0,0.0,0.0,0.0,0.0,0.0,0.0,0.0,0.0,0.0,0.0,0.0,0.0,0.0,0.0,0.0,0.0,0.0,0.0,0.0,0.0,0.0,0.0,0.0,0.0,0.0,0.0,0.0,0.0,0.0,0.0,0.0,0.0,0.0,0.0,0.0,0.0,0.0,0.0,0.0,0.0,0.0,0.0,0.0,0.0,0.0,0.0,0.0,0.0,0.0,0.0,0.0,0.0,0.0,0.0,0.0
168,0.0,0.0,0.0,0.0,0.0,0.0,0.0,0.0,0.0,0.0,0.0,0.0,0.0,0.0,0.0,0.0,0.0,0.0,0.0,0.0,0.0,0.0,0.0,0.0,0.0,0.0,0.0,0.0,0.0,0.0,0.0,0.0,0.0,0.0,0.0,0.0,0.0,0.0,0.0,0.0,0.0,0.0,0.0,0.0,0.0,0.0,0.0,0.0,0.0,0.0,0.0,0.0,0.0,0.0,0.0,0.0,0.0,0.0,0.0,0.0,0.0,0.0,0.0,0.0,0.0,0.0
169,0.0,0.0,0.0,0.0,0.0,0.0,0.0,0.0,0.0,0.0,0.0,0.0,0.0,0.0,0.0,0.0,0.0,0.0,0.0,0.0,0.0,0.0,0.0,0.0,0.0,0.0,0.0,0.0,0.0,0.0,0.0,0.0,0.0,0.0,0.0,0.0,0.0,0.0,0.0,0.0,0.0,0.0,0.0,0.0,0.0,0.0,0.0,0.0,0.0,0.0,0.0,0.0,0.0,0.0,0.0,0.0,0.0,0.0,0.0,0.0,0.0,0.0,0.0,0.0,0.0,0.0
170,0.0,0.0,0.0,0.0,0.0,0.0,0.0,0.0,0.0,0.0,0.0,0.0,0.0,0.0,0.0,0.0,0.0,0.0,0.0,0.0,0.0,0.0,0.0,0.0,0.0,0.0,0.0,0.0,0.0,0.0,0.0,0.0,0.0,0.0,0.0,0.0,0.0,0.0,0.0,0.0,0.0,0.0,0.0,0.0,0.0,0.0,0.0,0.0,0.0,0.0,0.0,0.0,0.0,0.0,0.0,0.0,0.0,0.0,0.0,0.0,0.0,0.0,0.0,0.0,0.0,0.0
171,0.0,0.0,0.0,0.0,0.0,0.0,0.0,0.0,0.0,0.0,0.0,0.0,0.0,0.0,0.0,0.0,0.0,0.0,0.0,0.0,0.0,0.0,0.0,0.0,0.0,0.0,0.0,0.0,0.0,0.0,0.0,0.0,0.0,0.0,0.0,0.0,0.0,0.0,0.0,0.0,0.0,0.0,0.0,0.0,0.0,0.0,0.0,0.0,0.0,0.0,0.0,0.0,0.0,0.0,0.0,0.0,0.0,0.0,0.0,0.0,0.0,0.0,0.0,0.0,0.0,0.0
172,0.0,0.0,0.0,0.0,0.0,0.0,0.0,0.0,0.0,0.0,0.0,0.0,0.0,0.0,0.0,0.0,0.0,0.0,0.0,0.0,0.0,0.0,0.0,0.0,0.0,0.0,0.0,0.0,0.0,0.0,0.0,0.0,0.0,0.0,0.0,0.0,0.0,0.0,0.0,0.0,0.0,0.0,0.0,0.0,0.0,0.0,0.0,0.0,0.0,0.0,0.0,0.0,0.0,0.0,0.0,0.0,0.0,0.0,0.0,0.0,0.0,0.0,0.0,0.0,0.0,0.0
173,0.0,0.0,0.0,0.0,0.0,0.0,0.0,0.0,0.0,0.0,0.0,0.0,0.0,0.0,0.0,0.0,0.0,0.0,0.0,0.0,0.0,0.0,0.0,0.0,0.0,0.0,0.0,0.0,0.0,0.0,0.0,0.0,0.0,0.0,0.0,0.0,0.0,0.0,0.0,0.0,0.0,0.0,0.0,0.0,0.0,0.0,0.0,0.0,0.0,0.0,0.0,0.0,0.0,0.0,0.0,0.0,0.0,0.0,0.0,0.0,0.0,0.0,0.0,0.0,0.0,0.0
174,0.0,0.0,2.88e-5,0.0,0.0,0.0,0.0,0.0,0.0,0.0,0.0,0.0,0.0,0.0,0.0,0.0,0.0,0.0,0.0,0.0,0.0,0.0,0.0,0.0,0.0,0.0,0.0,0.0,0.0,0.0,0.0,0.0,0.0,0.0,0.0,0.0,0.0,0.0,0.0,0.0,0.0,0.0,0.0,0.0,0.0,0.0,0.0,0.0,0.0,8.25e-5,0.0,0.0,0.0,0.0,0.0,0.0,0.0,0.0,2.5e-5,0.0,0.0,0.0,0.0,0.0,0.0,0.0
175,0.0,0.0,0.58036625,0.0,0.0,0.0,0.0,0.319652533,0.429243684,0.404395714,0.52696,0.39565,0.49862,0.077,0.03886069,0.026789123,0.044916667,0.191183077,0.339483333,0.15931,0.135296857,0.041971607,0.00966625,0.24995625,0.101178333,0.0716745,8.18e-6,0.05963875,3.44e-5,6.89e-6,2.4e-5,0.0,0.0,0.010830455,0.0,0.012779153,0.537386667,0.425836667,0.562668,0.434327,0.572245,0.273547907,0.384475789,0.418333333,0.220958889,0.305895429,0.02842,0.00127,0.40489,0.561164167,0.0,0.0,0.0,0.0,0.417222222,0.417563968,0.00768,0.062346,0.553186667,0.159486429,0.158785714,0.113401667,0.08393,0.018668636,0.0020248,0.011003333
176,0.0,0.0,0.76263125,0.015775,0.02306,0.002752,0.078,0.5496584,0.660822632,0.624340286,0.73602,0.617471905,0.66687,0.11361,0.158518276,0.104719825,0.099723333,0.395347692,0.562667879,0.40315,0.346782286,0.110815,0.040671563,0.480418125,0.18937,0.535231,0.416764545,0.44172625,0.095471667,0.041638689,0.048957556,0.0421521,0.06678,0.057786818,0.015063137,0.078035085,0.75273,0.682527778,0.763336,0.73222,0.771685,0.519733953,0.681589474,0.57022,0.511767778,0.670404,0.19811,0.00933,0.78795,0.733515,0.152621429,0.225846667,0.043581316,0.082372857,0.643176667,0.711077143,0.60561,0.468272,0.710245,0.310331071,0.30646619,0.195691667,0.224045333,0.022769091,0.031606,0.062128333
177,0.48988,0.57252,0.81131125,0.11231,0.146102857,0.051944,0.227086667,0.694353467,0.703316842,0.692353714,0.820184286,0.76036619,0.798825,0.3518,0.303655862,0.202024211,0.23708,0.596749231,0.693832424,0.50639,0.479989143,0.220606786,0.08983125,0.627224375,0.309683333,0.690480333,0.604612727,0.63456375,0.215779444,0.098110984,0.111680667,0.0917354,0.20018,0.12432,0.057993725,0.167515763,0.860561667,0.736226667,0.866678,0.836327,0.873351667,0.678369302,0.772490526,0.672786667,0.622956667,0.823977143,0.253,0.05512,0.875613333,0.846445,0.15529,0.30081,0.127167105,0.3134,0.832218889,0.86047127,0.79982,0.74628,0.732686667,0.455789643,0.463011905,0.333326667,0.421742667,0.081460455,0.1271164,0.191281667
178,0.73744,0.66716,0.81822375,0.15088,0.184665714,0.083474,0.396416667,0.7336324,0.787091053,0.739331714,0.881837143,0.830371429,0.8563,0.44764,0.331997931,0.214747368,0.22408,0.629436923,0.763767576,0.67786,0.604657143,0.28955875,0.133755625,0.73369375,0.434156667,0.7989535,0.721695455,0.793369375,0.248439444,0.150955246,0.140044667,0.1655003,0.21047,0.220712727,0.093308039,0.257991356,0.915756667,0.827821111,0.906864,0.869658,0.889298333,0.736655116,0.816825789,0.850993333,0.787248889,0.905950857,0.29769,0.06184,0.919046667,0.846025,0.267332857,0.417423333,0.273806579,0.431766429,0.887312222,0.916278889,0.88362,0.91194,0.787845,0.545178214,0.50727,0.479585,0.490844667,0.134495455,0.2187376,0.275251667
179,0.787883333,0.71986,0.82804125,0.238485,0.251822857,0.181566,0.568666667,0.774233067,0.824205263,0.738336286,0.91376,0.859880952,0.884565,0.28084,0.423699655,0.265836316,0.346316667,0.626100769,0.808523939,0.74167,0.669115429,0.354801071,0.188391875,0.750163125,0.5709825,0.772159,0.758010909,0.8490975,0.388608333,0.234491803,0.231705333,0.2677967,0.40465,0.32841,0.166318039,0.333691864,0.922703333,0.782267778,0.901074,0.847285,0.841013333,0.71479814,0.831584737,0.84363,0.790151111,0.921048571,0.3275,0.07796,0.915956667,0.890335,0.336998571,0.765136667,0.309142632,0.611435714,0.90328,0.931017619,0.87954,0.950762,0.805988333,0.614257143,0.530947143,0.571406667,0.611855333,0.218199091,0.3230028,0.348353333
180,0.779803333,0.8241,0.83734625,0.333175,0.275325714,0.22405,0.584783333,0.782330667,0.852577368,0.738018,0.891368571,0.894481429,0.90549,0.28009,0.443524483,0.329135789,0.44178,0.720277692,0.766370303,0.76101,0.714445143,0.394410714,0.227400938,0.7739975,0.666363333,0.777546,0.761059091,0.819716875,0.392736111,0.29352,0.287781111,0.3316444,0.46576,0.405550455,0.191446471,0.392968644,0.922406667,0.852341111,0.860676,0.869393,0.716886667,0.752378372,0.835259474,0.880156667,0.814358889,0.911778571,0.46666,0.14994,0.912043333,0.894728333,0.369428571,0.76055,0.389027105,0.585325,0.899854444,0.921158571,0.88198,0.944338,0.873266667,0.457070714,0.456442381,0.51292,0.536086,0.303570455,0.4056088,0.484245
181,0.783196667,0.79494,0.8618075,0.30206,0.343777143,0.171222,0.532836667,0.727588667,0.833963158,0.719498,0.874091429,0.892428095,0.883725,0.22755,0.401858276,0.363893684,0.474573333,0.530498462,0.737065758,0.75846,0.677266286,0.421146786,0.2539375,0.732775625,0.660404167,0.730047667,0.756854545,0.7923875,0.416365556,0.314772131,0.323166222,0.3865703,0.32564,0.471622273,0.228570196,0.360795254,0.911443333,0.846331111,0.83195,0.875468,0.7229,0.672779767,0.806403684,0.79583,0.74624,0.881297714,0.31936,0.08608,0.902443333,0.8838675,0.53645,0.39074,0.434743158,0.631707143,0.894287778,0.906469206,0.86552,0.93562,0.867216667,0.384713929,0.370041905,0.350703333,0.589766,0.285929091,0.411448,0.497781667
182,0.761483333,0.82046,0.87163625,0.20261,0.498812857,0.181724,0.557856667,0.714065733,0.805058947,0.763210571,0.856815714,0.885828095,0.879075,0.23841,0.398466552,0.323202807,0.398746667,0.568588462,0.743486061,0.73113,0.644054,0.406215179,0.24928625,0.73807125,0.530679167,0.719827833,0.749073636,0.79861,0.370092222,0.374797705,0.341798667,0.4169521,0.45239,0.492263182,0.224555098,0.391599661,0.896408333,0.861648889,0.847754,0.858906,0.713825,0.686580233,0.723005263,0.559073333,0.721224444,0.846366571,0.50205,0.0848,0.885676667,0.863354167,0.628027143,0.35306,0.57479,0.596708571,0.89939,0.896026984,0.8625,0.926848,0.869625,0.394902143,0.289382857,0.322791667,0.532738,0.334115455,0.4940524,0.480626667
183,0.747606667,0.80208,0.86986625,0.167955,0.488895714,0.256832,0.495926667,0.6956392,0.776844211,0.762552857,0.844741429,0.862783333,0.858665,0.1688,0.407611724,0.282615088,0.29502,0.477676923,0.661768788,0.55613,0.602393714,0.394130893,0.222892188,0.7189775,0.436778333,0.677209333,0.739983636,0.78391,0.3133,0.386881967,0.300642222,0.4044488,0.26034,0.429625,0.193251373,0.329498305,0.86262,0.78078,0.804716,0.822646,0.703133333,0.629146977,0.647753684,0.521033333,0.678453333,0.802545714,0.39281,0.06969,0.850486667,0.832293333,0.683327143,0.330666667,0.500843947,0.641927857,0.888857778,0.880959841,0.78178,0.923696,0.810338333,0.350942857,0.234409048,0.287203333,0.581843333,0.381960455,0.4586956,0.489255
184,0.685056667,0.80523,0.82114625,0.193715,0.371164286,0.207594,0.39566,0.6299984,0.711742632,0.715037143,0.726756429,0.818184286,0.82711,0.13914,0.384801034,0.236931404,0.157193333,0.365356923,0.615812424,0.38648,0.481294286,0.366010357,0.250266875,0.662506875,0.480276667,0.6168335,0.685092727,0.736030625,0.288932778,0.334146721,0.188439556,0.4833686,0.12598,0.392558636,0.110281373,0.196395763,0.81474,0.679635556,0.760396,0.758561,0.585278333,0.545248372,0.530806316,0.40538,0.602216667,0.770329429,0.12874,0.02836,0.790813333,0.745460833,0.438962857,0.317746667,0.540299211,0.588432857,0.879143333,0.869378413,0.77572,0.889976,0.787906667,0.402091786,0.274431429,0.277626667,0.489673333,0.294457273,0.3255696,0.348651667
185,0.713046667,0.69412,0.6980225,0.13739,0.364828571,0.17714,0.294773333,0.5233936,0.624194211,0.646754,0.662525,0.683001429,0.728515,0.18815,0.280301379,0.164929123,0.1579,0.297245385,0.515453636,0.37191,0.409015429,0.296674821,0.194870313,0.58383375,0.415081667,0.590014333,0.666582727,0.694406875,0.257883889,0.311668689,0.193852,0.418113,0.05634,0.26723,0.110956863,0.144287627,0.655523333,0.499156667,0.690742,0.56715,0.461175,0.459489767,0.419469474,0.527103333,0.559222222,0.758943429,0.03844,0.01781,0.561583333,0.584531667,0.394392857,0.237676667,0.469685,0.523046429,0.825076667,0.838880317,0.5739,0.848046,0.620001667,0.414973571,0.205681905,0.239625,0.350360667,0.247186818,0.2601172,0.25298
186,0.63232,0.68048,0.38477125,0.091375,0.255174286,0.042978,0.15427,0.371337333,0.474728947,0.459258571,0.426166429,0.360058095,0.4921,0.11738,0.134623103,0.096387368,0.040106667,0.157196923,0.317544848,0.17143,0.166066571,0.173801964,0.139224688,0.3789325,0.360390833,0.482045333,0.570962727,0.583971875,0.11355,0.195256721,0.078707111,0.3395569,0.0422,0.091260455,0.045843922,0.087457627,0.274255,0.281876667,0.436502,0.296561,0.304095,0.334399535,0.286141579,0.462613333,0.558257778,0.670809143,0.05204,0.02056,0.366166667,0.341116667,0.360754286,0.205596667,0.397274211,0.511419286,0.756003333,0.764146825,0.66104,0.742102,0.39788,0.313974643,0.116771429,0.17019,0.168697333,0.122660909,0.1747612,0.168905
187,0.457476667,0.55766,0.0,0.01741,0.174737143,0.008442,0.000863333,6.27e-6,0.0,0.0,0.0,0.0,0.0,0.0,0.054195862,0.024091579,0.001506667,0.0,0.0,0.0,0.0,0.046764107,0.04121375,0.01423625,0.249916667,0.326090167,0.406099091,0.398164375,0.060378889,0.07101082,0.031578,0.1742115,9.0e-5,0.0,0.009919412,0.017525085,0.0,0.0,0.0,0.0,0.0,0.0,0.0,0.276166667,0.349156667,0.472209429,0.0,0.0,0.0,0.0,0.202287143,0.269973333,0.229489474,0.272537143,0.550908889,0.560607302,0.45799,0.429294,0.0,0.276525,0.048700476,0.061101667,0.012307333,0.034125,0.0013476,4.0e-5
188,0.220433333,0.36543,0.0,0.0,0.0,0.0,0.0,0.0,0.0,0.0,0.0,0.0,0.0,0.0,0.0,0.0,0.0,0.0,0.0,0.0,0.0,0.0,0.0,0.0,0.0,0.0,0.0,0.0,0.0,0.0,0.0,2.5e-6,0.0,0.0,0.0,0.0,0.0,0.0,0.0,0.0,0.0,0.0,0.0,0.0,0.0,0.0,0.0,0.0,0.0,0.0,0.036788571,0.064366667,0.019994474,0.0,0.0,0.004551587,0.0,0.0,0.0,0.0,0.0,0.0,0.0,0.0,0.0,0.0
189,0.0,0.0,0.0,0.0,0.0,0.0,0.0,0.0,0.0,0.0,0.0,0.0,0.0,0.0,0.0,0.0,0.0,0.0,0.0,0.0,0.0,0.0,0.0,0.0,0.0,0.0,0.0,0.0,0.0,0.0,0.0,0.0,0.0,0.0,0.0,0.0,0.0,0.0,0.0,0.0,0.0,0.0,0.0,0.0,0.0,0.0,0.0,0.0,0.0,0.0,0.0,0.0,0.0,0.0,0.0,0.0,0.0,0.0,0.0,0.0,0.0,0.0,0.0,0.0,0.0,0.0
190,0.0,0.0,0.0,0.0,0.0,0.0,0.0,0.0,0.0,0.0,0.0,0.0,0.0,0.0,0.0,0.0,0.0,0.0,0.0,0.0,0.0,0.0,0.0,0.0,0.0,0.0,0.0,0.0,0.0,0.0,0.0,0.0,0.0,0.0,0.0,0.0,0.0,0.0,0.0,0.0,0.0,0.0,0.0,0.0,0.0,0.0,0.0,0.0,0.0,0.0,0.0,0.0,0.0,0.0,0.0,0.0,0.0,0.0,0.0,0.0,0.0,0.0,0.0,0.0,0.0,0.0
191,0.0,0.0,0.0,0.0,0.0,0.0,0.0,0.0,0.0,0.0,0.0,0.0,0.0,0.0,0.0,0.0,0.0,0.0,0.0,0.0,0.0,0.0,0.0,0.0,0.0,0.0,0.0,0.0,0.0,0.0,0.0,0.0,0.0,0.0,0.0,0.0,0.0,0.0,0.0,0.0,0.0,0.0,0.0,0.0,0.0,0.0,0.0,0.0,0.0,0.0,0.0,0.0,0.0,0.0,0.0,0.0,0.0,0.0,0.0,0.0,0.0,0.0,0.0,0.0,0.0,0.0
192,0.0,0.0,0.0,0.0,0.0,0.0,0.0,0.0,0.0,0.0,0.0,0.0,0.0,0.0,0.0,0.0,0.0,0.0,0.0,0.0,0.0,0.0,0.0,0.0,0.0,0.0,0.0,0.0,0.0,0.0,0.0,0.0,0.0,0.0,0.0,0.0,0.0,0.0,0.0,0.0,0.0,0.0,0.0,0.0,0.0,0.0,0.0,0.0,0.0,0.0,0.0,0.0,0.0,0.0,0.0,0.0,0.0,0.0,0.0,0.0,0.0,0.0,0.0,0.0,0.0,0.0
193,0.0,0.0,0.0,0.0,0.0,0.0,0.0,0.0,0.0,0.0,0.0,0.0,0.0,0.0,0.0,0.0,0.0,0.0,0.0,0.0,0.0,0.0,0.0,0.0,0.0,0.0,0.0,0.0,0.0,0.0,0.0,0.0,0.0,0.0,0.0,0.0,0.0,0.0,0.0,0.0,0.0,0.0,0.0,0.0,0.0,0.0,0.0,0.0,0.0,0.0,0.0,0.0,0.0,0.0,0.0,0.0,0.0,0.0,0.0,0.0,0.0,0.0,0.0,0.0,0.0,0.0
194,0.0,0.0,0.0,0.0,0.0,0.0,0.0,0.0,0.0,0.0,0.0,0.0,0.0,0.0,0.0,0.0,0.0,0.0,0.0,0.0,0.0,0.0,0.0,0.0,0.0,0.0,0.0,0.0,0.0,0.0,0.0,0.0,0.0,0.0,0.0,0.0,0.0,0.0,0.0,0.0,0.0,0.0,0.0,0.0,0.0,0.0,0.0,0.0,0.0,0.0,0.0,0.0,0.0,0.0,0.0,0.0,0.0,0.0,0.0,0.0,0.0,0.0,0.0,0.0,0.0,0.0
195,0.0,0.0,0.0,0.0,0.0,0.0,0.0,0.0,0.0,0.0,0.0,0.0,0.0,0.0,0.0,0.0,0.0,0.0,0.0,0.0,0.0,0.0,0.0,0.0,0.0,0.0,0.0,0.0,0.0,0.0,0.0,0.0,0.0,0.0,0.0,0.0,0.0,0.0,0.0,0.0,0.0,0.0,0.0,0.0,0.0,0.0,0.0,0.0,0.0,0.0,0.0,0.0,0.0,0.0,0.0,0.0,0.0,0.0,0.0,0.0,0.0,0.0,0.0,0.0,0.0,0.0
196,0.0,0.0,0.0,0.0,0.0,0.0,0.0,0.0,0.0,0.0,0.0,0.0,0.0,0.0,0.0,0.0,0.0,0.0,0.0,0.0,0.0,0.0,0.0,0.0,0.0,0.0,0.0,0.0,0.0,0.0,0.0,0.0,0.0,0.0,0.0,0.0,0.0,0.0,0.0,0.0,0.0,0.0,0.0,0.0,0.0,0.0,0.0,0.0,0.0,0.0,0.0,0.0,0.0,0.0,0.0,0.0,0.0,0.0,0.0,0.0,0.0,0.0,0.0,0.0,0.0,0.0
197,0.0,0.0,0.0,0.0,0.0,0.0,0.0,0.0,0.0,0.0,0.0,0.0,0.0,0.0,0.0,0.0,0.0,0.0,0.0,0.0,0.0,0.0,0.0,0.0,0.0,0.0,0.0,0.0,0.0,0.0,0.0,0.0,0.0,0.0,0.0,0.0,0.0,0.0,0.0,0.0,0.0,0.0,0.0,0.0,0.0,0.0,0.0,0.0,0.0,0.0,0.0,0.0,0.0,0.0,0.0,0.0,0.0,0.0,0.0,0.0,0.0,0.0,0.0,0.0,0.0,0.0
198,0.0,0.0,4.88e-5,0.0,0.0,0.0,0.0,0.0,0.0,5.71e-6,0.0,0.0,0.0,0.0,0.0,0.0,0.0,0.0,0.0,0.0,0.0,0.0,0.0,0.0,0.0,0.0,0.0,0.0,0.0,0.0,0.0,0.0,0.0,0.0,0.0,0.0,0.0,0.0,0.0,0.0,0.0,0.0,0.0,0.0,0.0,0.0,0.0,0.0,0.0,0.0,0.0,0.0,0.0,0.0,0.0,0.0,0.0,0.0,0.0,0.0,0.0,0.0,0.0,0.0,0.0,0.0
199,0.0,0.0,0.46178375,0.0,0.0,0.0,0.0,0.444101733,0.362270526,0.468277714,0.577560714,0.486478095,0.536235,0.25145,0.091337586,0.051921228,0.13402,0.286098462,0.432183333,0.26227,0.159340571,0.272772857,0.063472188,0.311335,0.132661667,0.032649167,0.0,0.026310625,0.0,0.0,0.005771333,0.0,0.0,0.035438182,9.8e-7,0.017399153,0.565648333,0.417016667,0.584712,0.547461,0.597575,0.374846047,0.463725789,0.386583333,0.249293333,0.301975143,0.22147,0.03313,0.402446667,0.515248333,0.0,0.0,0.0,0.0,0.451952222,0.373172063,0.00732,0.188744,0.372015,0.133014286,0.091904762,0.12005,0.242002667,0.174696364,0.1044864,0.031481667
200,0.0,0.0,0.69892125,0.00699,0.074567143,0.089238,0.212973333,0.660471867,0.592152632,0.648058857,0.759992857,0.68721619,0.738125,0.49324,0.185695172,0.147810175,0.2244,0.532512308,0.616058182,0.35103,0.364158,0.430466964,0.174132813,0.566896875,0.252465,0.449312667,0.434363636,0.487233125,0.059551667,0.063506393,0.128698222,0.1021094,0.05527,0.172274091,0.052313725,0.106473898,0.755528333,0.635724444,0.780026,0.745577,0.79437,0.646905116,0.711162632,0.602896667,0.453427778,0.659892,0.54464,0.07599,0.77169,0.689803333,0.05793,0.201103333,0.047661053,0.041945714,0.693586667,0.677304127,0.67158,0.67457,0.617035,0.267336071,0.235521905,0.354158333,0.456284,0.408310455,0.204924,0.156426667
201,0.09807,0.24683,0.8279125,0.02475,0.230522857,0.145476,0.310326667,0.778252667,0.691976842,0.760112571,0.832814286,0.779398571,0.85728,0.59435,0.248328621,0.23518386,0.313173333,0.685753077,0.717983333,0.20484,0.484571714,0.529036607,0.2848775,0.65338875,0.3891175,0.634565,0.623463636,0.7155675,0.132137778,0.13783,0.172849111,0.2076902,0.15193,0.269395,0.144935882,0.20876,0.844346667,0.832297778,0.882816,0.840262,0.87777,0.736649535,0.808600526,0.7521,0.624221111,0.830110571,0.66094,0.26384,0.839696667,0.787510833,0.137182857,0.05785,0.135280526,0.310969286,0.845148889,0.834038254,0.89733,0.891276,0.70556,0.384863929,0.330328571,0.49148,0.640487333,0.504731364,0.4060376,0.338431667
202,0.234426667,0.39482,0.88395375,0.04849,0.437388571,0.13743,0.34879,0.838765733,0.751193684,0.799289429,0.885320714,0.842598095,0.875555,0.66868,0.357928276,0.363690702,0.416203333,0.719093077,0.746314242,0.34314,0.572270857,0.617614643,0.417137813,0.69186875,0.521963333,0.7328395,0.703572727,0.795148125,0.268477778,0.243089344,0.307838889,0.3134438,0.0762,0.334104545,0.223798824,0.269130339,0.904955,0.861305556,0.911966,0.873009,0.891738333,0.797758605,0.825447368,0.832426667,0.779627778,0.891223714,0.76843,0.57917,0.89073,0.854576667,0.372327143,0.119696667,0.246721842,0.470723571,0.904103333,0.903359048,0.93453,0.948204,0.794121667,0.489567143,0.408274762,0.426295,0.692674667,0.496087273,0.4319668,0.389885
203,0.290086667,0.5018,0.83928375,0.231595,0.474265714,0.241546,0.591246667,0.799315067,0.823502632,0.814827429,0.795492143,0.853039048,0.895895,0.63508,0.433818621,0.458621053,0.47665,0.709773077,0.786220909,0.65455,0.644478,0.639978571,0.502143438,0.644801875,0.4019775,0.687749167,0.720263636,0.804485625,0.369674444,0.299640164,0.390705556,0.4114419,0.15604,0.468502273,0.28167451,0.31222661,0.874281667,0.876565556,0.910928,0.877363,0.811868333,0.806981628,0.799461053,0.797983333,0.76121,0.893211429,0.67366,0.42188,0.820246667,0.846133333,0.414697143,0.204216667,0.286528684,0.599777857,0.90849,0.915127143,0.95658,0.95567,0.82152,0.479363214,0.436309048,0.386118333,0.686870667,0.523859545,0.4350236,0.33677
204,0.48796,0.66031,0.90925125,0.23232,0.491188571,0.268956,0.614913333,0.784173333,0.826082632,0.830062,0.832031429,0.866578095,0.8979,0.73687,0.497833103,0.486336667,0.499236667,0.765433846,0.769191515,0.68335,0.653804857,0.63127625,0.515662813,0.69934375,0.434875,0.732108667,0.719871818,0.793196875,0.441066111,0.356105246,0.434140222,0.4651058,0.26725,0.494673636,0.362552745,0.403826441,0.869923333,0.774337778,0.873456,0.88502,0.793181667,0.785686977,0.788583158,0.755046667,0.699284444,0.885067714,0.80419,0.28558,0.832093333,0.814431667,0.485171429,0.39619,0.365885263,0.627535714,0.90092,0.905693175,0.93806,0.939776,0.840833333,0.363030714,0.378837143,0.441461667,0.723136667,0.567349545,0.4606336,0.455008333
205,0.549376667,0.73951,0.883735,0.210805,0.521398571,0.374082,0.654163333,0.7509948,0.81965,0.804646571,0.859903571,0.864351905,0.885295,0.74952,0.55337931,0.482086667,0.498773333,0.710017692,0.703610303,0.72189,0.644419143,0.622225357,0.494332188,0.69738125,0.4585475,0.673249667,0.574294545,0.704214375,0.375568889,0.382497541,0.481292667,0.5012318,0.41365,0.490316818,0.43776549,0.430377458,0.852681667,0.795623333,0.851548,0.852254,0.849608333,0.74670907,0.785585789,0.670986667,0.641863333,0.859802857,0.84743,0.44371,0.85919,0.838168333,0.574387143,0.29783,0.385986579,0.678391429,0.889373333,0.88273381,0.9206,0.926358,0.855626667,0.416757857,0.375403333,0.399255,0.710614,0.655035455,0.5550104,0.493243333
206,0.463466667,0.82305,0.85724125,0.291885,0.559465714,0.33092,0.698126667,0.750760267,0.847716316,0.816866571,0.828485,0.842219048,0.81356,0.65552,0.567371034,0.544513684,0.669913333,0.708384615,0.712749091,0.74758,0.654229429,0.627666964,0.52796625,0.67011875,0.555854167,0.621691167,0.580487273,0.733379375,0.410524444,0.395554098,0.505367111,0.480763,0.36013,0.489985,0.422543333,0.436464237,0.872378333,0.757803333,0.839428,0.804984,0.816711667,0.731158837,0.802491053,0.519803333,0.61849,0.813658857,0.82685,0.32387,0.847663333,0.8119725,0.607721429,0.57845,0.429271842,0.602970714,0.858635556,0.850197302,0.90073,0.912772,0.85275,0.364222143,0.363581429,0.409271667,0.726015333,0.683933182,0.606498,0.4303
207,0.537076667,0.74389,0.8402675,0.355765,0.515998571,0.396226,0.661673333,0.735152933,0.805193684,0.794171429,0.807721429,0.813152857,0.71079,0.56462,0.576937586,0.489446842,0.550036667,0.6642,0.706912424,0.69268,0.632868857,0.588352321,0.483373438,0.60121375,0.56734,0.606888833,0.603186364,0.69519,0.338857222,0.412875902,0.407563111,0.477877,0.3453,0.494024545,0.441810392,0.411490339,0.828095,0.738258889,0.821526,0.774984,0.759123333,0.717552558,0.75457,0.41329,0.577926667,0.786838571,0.80984,0.36311,0.824966667,0.784481667,0.587437143,0.51051,0.349743158,0.570664286,0.837607778,0.839656667,0.89877,0.906506,0.853203333,0.384745714,0.396754286,0.402971667,0.690361333,0.665397273,0.6033248,0.368343333
208,0.430206667,0.53995,0.76348625,0.41276,0.419614286,0.583076,0.563866667,0.6446348,0.717162632,0.694569714,0.692535714,0.752070476,0.653465,0.43983,0.487891724,0.357462632,0.395756667,0.611429231,0.572856364,0.63924,0.551292571,0.517875357,0.423835625,0.59616625,0.513673333,0.6355535,0.542229091,0.6831225,0.310949444,0.345091803,0.352736667,0.4119333,0.50182,0.383971818,0.340848824,0.409749661,0.745128333,0.672608889,0.741948,0.671544,0.658361667,0.631710465,0.620155263,0.363276667,0.510816667,0.75584,0.37577,0.22025,0.741733333,0.654223333,0.526717143,0.387056667,0.437278684,0.381280714,0.8338,0.807675556,0.88577,0.896984,0.713036667,0.5439125,0.481306667,0.362036667,0.62932,0.595235,0.5412876,0.432706667
209,0.33103,0.46403,0.58861,0.439125,0.336177143,0.49981,0.456813333,0.62206,0.608875263,0.613694571,0.596780714,0.619169048,0.567935,0.38917,0.342308966,0.281203684,0.37701,0.626599231,0.523224848,0.62824,0.501804,0.416134643,0.350116563,0.491045,0.362071667,0.536822833,0.453694545,0.613435625,0.209307778,0.283680164,0.252149556,0.325401,0.53973,0.316230909,0.315156471,0.356157288,0.671055,0.554553333,0.61683,0.454929,0.598211667,0.585273023,0.549652632,0.3506,0.427773333,0.715713429,0.32698,0.13548,0.627823333,0.532675833,0.521751429,0.148736667,0.447332895,0.384306429,0.812604444,0.767801429,0.8387,0.860698,0.615135,0.455612143,0.326931905,0.270601667,0.538706667,0.533854545,0.535286,0.39346
210,0.339743333,0.21071,0.33612875,0.53754,0.321195714,0.350358,0.314446667,0.4326232,0.393683158,0.411511429,0.338064286,0.323019524,0.346635,0.27548,0.202542759,0.167046316,0.121026667,0.325818462,0.38612,0.37947,0.299962857,0.260921607,0.26885375,0.23599375,0.306080833,0.424485333,0.380028182,0.496568125,0.10172,0.185639016,0.138053778,0.2052631,0.35202,0.221620455,0.143128627,0.184433729,0.295403333,0.223478889,0.394188,0.190991,0.374573333,0.367631395,0.379336842,0.21727,0.357568889,0.616990286,0.21954,0.09339,0.386956667,0.280484167,0.374552857,0.21442,0.356900526,0.247799286,0.699347778,0.618694762,0.74482,0.77595,0.436313333,0.320369643,0.280914762,0.17912,0.314282,0.288431364,0.2698404,0.156038333
211,0.245413333,0.11365,0.0,0.31746,0.241167143,0.292762,0.001886667,7.87e-6,0.0,0.0,0.0,0.0,0.0,0.0,0.069444828,0.068386667,0.02782,0.0,0.0,0.0,0.0,0.027309286,0.034560313,0.0124275,0.238645833,0.284032667,0.258757273,0.329770625,0.072362222,0.105521475,0.057789556,0.1239888,0.15697,3.59e-5,0.044927647,0.061404915,0.0,0.0,0.0,0.0,0.0,0.0,0.0,0.233696667,0.197903333,0.458197714,0.0,0.0,0.0,0.0,0.201312857,0.1849,0.220556842,0.193898571,0.483102222,0.400673968,0.52018,0.451854,0.0,0.210796786,0.124151905,0.080196667,0.017694667,0.143350455,0.012954,8.83e-5
212,0.209833333,0.04764,0.0,0.0,0.0,0.0,0.0,0.0,0.0,0.0,0.0,0.0,0.0,0.0,0.0,0.0,0.0,0.0,0.0,0.0,0.0,0.0,0.0,0.0,0.0,0.0,4.55e-6,0.0,0.0,0.0,0.0,5.0e-7,0.0,0.0,0.0,0.0,0.0,0.0,0.0,0.0,0.0,0.0,0.0,0.0,0.0,0.0,0.0,0.0,0.0,0.0,0.054801429,0.04563,0.032320526,0.0,0.0,0.000136667,0.0,0.0,0.0,0.0,0.0,0.0,0.0,0.0,0.0,0.0
213,0.0,0.0,0.0,0.0,0.0,0.0,0.0,0.0,0.0,0.0,0.0,0.0,0.0,0.0,0.0,0.0,0.0,0.0,0.0,0.0,0.0,0.0,0.0,0.0,0.0,0.0,0.0,0.0,0.0,0.0,0.0,0.0,0.0,0.0,0.0,0.0,0.0,0.0,0.0,0.0,0.0,0.0,0.0,0.0,0.0,0.0,0.0,0.0,0.0,0.0,0.0,0.0,0.0,0.0,0.0,0.0,0.0,0.0,0.0,0.0,0.0,0.0,0.0,0.0,0.0,0.0
214,0.0,0.0,0.0,0.0,0.0,0.0,0.0,0.0,0.0,0.0,0.0,0.0,0.0,0.0,0.0,0.0,0.0,0.0,0.0,0.0,0.0,0.0,0.0,0.0,0.0,0.0,0.0,0.0,0.0,0.0,0.0,0.0,0.0,0.0,0.0,0.0,0.0,0.0,0.0,0.0,0.0,0.0,0.0,0.0,0.0,0.0,0.0,0.0,0.0,0.0,0.0,0.0,0.0,0.0,0.0,0.0,0.0,0.0,0.0,0.0,0.0,0.0,0.0,0.0,0.0,0.0
215,0.0,0.0,0.0,0.0,0.0,0.0,0.0,0.0,0.0,0.0,0.0,0.0,0.0,0.0,0.0,0.0,0.0,0.0,0.0,0.0,0.0,0.0,0.0,0.0,0.0,0.0,0.0,0.0,0.0,0.0,0.0,0.0,0.0,0.0,0.0,0.0,0.0,0.0,0.0,0.0,0.0,0.0,0.0,0.0,0.0,0.0,0.0,0.0,0.0,0.0,0.0,0.0,0.0,0.0,0.0,0.0,0.0,0.0,0.0,0.0,0.0,0.0,0.0,0.0,0.0,0.0
216,0.0,0.0,0.0,0.0,0.0,0.0,0.0,0.0,0.0,0.0,0.0,0.0,0.0,0.0,0.0,0.0,0.0,0.0,0.0,0.0,0.0,0.0,0.0,0.0,0.0,0.0,0.0,0.0,0.0,0.0,0.0,0.0,0.0,0.0,0.0,0.0,0.0,0.0,0.0,0.0,0.0,0.0,0.0,0.0,0.0,0.0,0.0,0.0,0.0,0.0,0.0,0.0,0.0,0.0,0.0,0.0,0.0,0.0,0.0,0.0,0.0,0.0,0.0,0.0,0.0,0.0
217,0.0,0.0,0.0,0.0,0.0,0.0,0.0,0.0,0.0,0.0,0.0,0.0,0.0,0.0,0.0,0.0,0.0,0.0,0.0,0.0,0.0,0.0,0.0,0.0,0.0,0.0,0.0,0.0,0.0,0.0,0.0,0.0,0.0,0.0,0.0,0.0,0.0,0.0,0.0,0.0,0.0,0.0,0.0,0.0,0.0,0.0,0.0,0.0,0.0,0.0,0.0,0.0,0.0,0.0,0.0,0.0,0.0,0.0,0.0,0.0,0.0,0.0,0.0,0.0,0.0,0.0
218,0.0,0.0,0.0,0.0,0.0,0.0,0.0,0.0,0.0,0.0,0.0,0.0,0.0,0.0,0.0,0.0,0.0,0.0,0.0,0.0,0.0,0.0,0.0,0.0,0.0,0.0,0.0,0.0,0.0,0.0,0.0,0.0,0.0,0.0,0.0,0.0,0.0,0.0,0.0,0.0,0.0,0.0,0.0,0.0,0.0,0.0,0.0,0.0,0.0,0.0,0.0,0.0,0.0,0.0,0.0,0.0,0.0,0.0,0.0,0.0,0.0,0.0,0.0,0.0,0.0,0.0
219,0.0,0.0,0.0,0.0,0.0,0.0,0.0,0.0,0.0,0.0,0.0,0.0,0.0,0.0,0.0,0.0,0.0,0.0,0.0,0.0,0.0,0.0,0.0,0.0,0.0,0.0,0.0,0.0,0.0,0.0,0.0,0.0,0.0,0.0,0.0,0.0,0.0,0.0,0.0,0.0,0.0,0.0,0.0,0.0,0.0,0.0,0.0,0.0,0.0,0.0,0.0,0.0,0.0,0.0,0.0,0.0,0.0,0.0,0.0,0.0,0.0,0.0,0.0,0.0,0.0,0.0
220,0.0,0.0,0.0,0.0,0.0,0.0,0.0,0.0,0.0,0.0,0.0,0.0,0.0,0.0,0.0,0.0,0.0,0.0,0.0,0.0,0.0,0.0,0.0,0.0,0.0,0.0,0.0,0.0,0.0,0.0,0.0,0.0,0.0,0.0,0.0,0.0,0.0,0.0,0.0,0.0,0.0,0.0,0.0,0.0,0.0,0.0,0.0,0.0,0.0,0.0,0.0,0.0,0.0,0.0,0.0,0.0,0.0,0.0,0.0,0.0,0.0,0.0,0.0,0.0,0.0,0.0
221,0.0,0.0,0.0,0.0,0.0,0.0,0.0,0.0,0.0,0.0,0.0,0.0,0.0,0.0,0.0,0.0,0.0,0.0,0.0,0.0,0.0,0.0,0.0,0.0,0.0,0.0,0.0,0.0,0.0,0.0,0.0,0.0,0.0,0.0,0.0,0.0,0.0,0.0,0.0,0.0,0.0,0.0,0.0,0.0,0.0,0.0,0.0,0.0,0.0,0.0,0.0,0.0,0.0,0.0,0.0,0.0,0.0,0.0,0.0,0.0,0.0,0.0,0.0,0.0,0.0,0.0
222,0.0,0.0,3.25e-5,0.0,0.0,0.0,0.0,0.0,0.0,0.0,0.0,0.0,0.0,0.0,0.0,0.0,0.0,0.0,0.0,0.0,0.0,0.0,0.0,0.0,0.0,0.0,0.0,0.0,0.0,0.0,0.0,0.0,0.0,0.0,0.0,0.0,0.0,0.0,0.0,0.0,0.0,0.0,0.0,0.0,0.0,0.0,0.0,0.0,0.0,8.33e-6,0.0,0.0,0.0,0.0,0.0,0.0,0.0,0.0,0.0,0.0,0.0,0.0,0.0,0.0,0.0,0.0
223,0.0,0.0,0.518205,0.0,0.0,0.0,0.0,0.459879467,0.470657368,0.455743143,0.428989286,0.346693333,0.433925,0.42794,0.063917931,0.085360702,0.053246667,0.36472,0.320325455,0.25055,0.180764,0.192916429,0.088085938,0.289825,0.049945833,0.017329833,0.0,0.029123125,2.44e-5,0.0,0.000343556,0.0,0.0,0.017760909,4.49e-5,0.018944237,0.539168333,0.393886667,0.538068,0.505963,0.489633333,0.342945349,0.303885263,0.137036667,0.134195556,0.232171143,0.51751,0.3414,0.31076,0.456928333,0.0,0.0,0.0,0.0,0.281342222,0.335165238,0.005,0.081876,0.44905,0.063372143,0.187338095,0.10527,0.291906,0.071913182,0.0584276,0.059581667
224,0.0,0.0,0.69238375,0.228095,0.202737143,0.17246,0.20385,0.674780267,0.659571579,0.675436571,0.633764286,0.570644762,0.61905,0.69998,0.159303448,0.209155263,0.10949,0.558381538,0.502651515,0.14248,0.328362,0.341140536,0.2162575,0.613403125,0.18187,0.2905945,0.386216364,0.4568025,0.116983889,0.152412131,0.116022667,0.1112819,0.27137,0.196686364,0.093413137,0.154774407,0.723826667,0.621203333,0.769468,0.75138,0.721026667,0.520752093,0.509205263,0.189293333,0.234772222,0.583701429,0.69321,0.61801,0.57969,0.583694167,0.156132857,0.121756667,0.104911842,0.123021429,0.612373333,0.668631111,0.58646,0.514498,0.598433333,0.162933571,0.322222381,0.242496667,0.529536667,0.207164545,0.202546,0.12749
225,0.242996667,0.18113,0.77156625,0.35068,0.39178,0.342172,0.323346667,0.777609467,0.740831579,0.797568857,0.750352857,0.724888095,0.775105,0.75944,0.257071724,0.340447193,0.280333333,0.660126154,0.647653636,0.21553,0.420028286,0.473731071,0.31179125,0.70787375,0.274544167,0.384401,0.505322727,0.568290625,0.263543889,0.313256393,0.303500444,0.2527618,0.42059,0.25538,0.190674314,0.274832373,0.85019,0.816025556,0.85036,0.859319,0.844696667,0.63096186,0.623315263,0.359076667,0.373751111,0.704403143,0.78624,0.64489,0.787863333,0.774249167,0.402081429,0.28532,0.272462632,0.409788571,0.810495556,0.808021746,0.75344,0.695198,0.739331667,0.289879286,0.446310952,0.274303333,0.661418667,0.411070909,0.3112456,0.188898333
226,0.363236667,0.35577,0.85974375,0.52254,0.4917,0.49338,0.472366667,0.846927867,0.836113158,0.864796286,0.736382143,0.791830476,0.773765,0.85242,0.315602759,0.510590702,0.54778,0.687743077,0.660477576,0.44018,0.492868857,0.532299464,0.360685,0.794588125,0.359440833,0.428840333,0.568820909,0.575666875,0.328637778,0.355014426,0.438730444,0.3008645,0.62383,0.279043636,0.299303529,0.364914237,0.9027,0.884038889,0.896768,0.910116,0.855196667,0.729445116,0.627749474,0.365893333,0.391737778,0.695795714,0.82841,0.65557,0.85052,0.810885833,0.587031429,0.416756667,0.387909474,0.519467143,0.879816667,0.87801127,0.88136,0.826494,0.821711667,0.3849725,0.48027619,0.443455,0.717960667,0.516092273,0.3925836,0.337943333
227,0.4347,0.30562,0.90109875,0.67618,0.566715714,0.5397,0.411183333,0.849705067,0.85978,0.867629714,0.823317143,0.818603333,0.820355,0.80772,0.384472759,0.530923333,0.54534,0.68044,0.654239697,0.47207,0.537247429,0.582676071,0.39577625,0.812925625,0.357734167,0.443207333,0.533912727,0.5144675,0.426063889,0.423174918,0.440864,0.4117406,0.51914,0.259898182,0.381923529,0.419679661,0.886588333,0.91401,0.910386,0.929779,0.85371,0.737041628,0.689152105,0.418433333,0.432948889,0.670675429,0.81421,0.64241,0.851686667,0.88087,0.562224286,0.33503,0.436114474,0.598685714,0.885521111,0.891610476,0.92554,0.903378,0.895578333,0.415759643,0.524051905,0.40068,0.770290667,0.601698636,0.4254524,0.394445
228,0.52714,0.32635,0.9068625,0.653995,0.63196,0.39322,0.39327,0.768059733,0.884746842,0.865054571,0.816700714,0.822849524,0.86797,0.75066,0.423310345,0.549156316,0.667026667,0.688186154,0.660138788,0.64496,0.609104286,0.582531964,0.430793125,0.80157125,0.408025833,0.524619333,0.629451818,0.5650425,0.458667222,0.455262951,0.495620444,0.4670514,0.56224,0.341533636,0.418021176,0.475544746,0.89595,0.887525556,0.896076,0.914869,0.800085,0.714656047,0.711162632,0.47902,0.442472222,0.694907143,0.80565,0.53834,0.826286667,0.8465575,0.593847143,0.501286667,0.544296842,0.558525714,0.882555556,0.876445397,0.94146,0.912746,0.897188333,0.427216429,0.468752857,0.485535,0.757996,0.653852727,0.4963092,0.504986667
229,0.598936667,0.45307,0.91383125,0.619385,0.616614286,0.451128,0.511886667,0.749756,0.885883684,0.86656,0.838068571,0.823927619,0.878825,0.66566,0.404448966,0.557054211,0.538396667,0.694260769,0.681639394,0.54249,0.664791714,0.591407679,0.4639575,0.767565,0.3777725,0.504791333,0.600198182,0.584318125,0.434377222,0.443209508,0.569815333,0.4583334,0.57197,0.426985909,0.46276,0.528988475,0.851215,0.883005556,0.893206,0.905671,0.78379,0.724138605,0.75018,0.510813333,0.446653333,0.701318,0.67637,0.55987,0.80025,0.833591667,0.529947143,0.600623333,0.538414474,0.518933571,0.873093333,0.849707302,0.92319,0.908948,0.89423,0.366663214,0.478989048,0.579471667,0.690803333,0.635111364,0.5245972,0.587118333
230,0.50396,0.37241,0.90063625,0.593965,0.604348571,0.543396,0.50095,0.743314933,0.860595263,0.843424857,0.713048571,0.788587143,0.794725,0.73208,0.410678276,0.481948947,0.508356667,0.645872308,0.584568485,0.39704,0.627256571,0.560294286,0.43911375,0.764435,0.407090833,0.487182167,0.535810909,0.5695925,0.471246111,0.457310492,0.537731556,0.522916,0.67107,0.439760909,0.488918824,0.507803559,0.831051667,0.831582222,0.849284,0.864503,0.705281667,0.651544884,0.695873684,0.39345,0.51164,0.687901714,0.73919,0.51249,0.76724,0.797673333,0.493132857,0.40988,0.513551316,0.54495,0.852423333,0.832089365,0.90418,0.892118,0.885143333,0.351222857,0.45696,0.489226667,0.7031,0.578973636,0.6200776,0.472968333
231,0.461466667,0.33718,0.87959125,0.556195,0.597077143,0.478406,0.36206,0.6994692,0.838246316,0.813156286,0.698671429,0.748245238,0.64652,0.53658,0.462707241,0.528652105,0.55629,0.608056154,0.551237879,0.54876,0.598316,0.52417375,0.394798438,0.6282775,0.3333825,0.463587667,0.641460909,0.56218875,0.452475556,0.484440656,0.559260222,0.5190592,0.65969,0.352671364,0.426132941,0.488932542,0.7993,0.867108889,0.812448,0.846378,0.727315,0.65872,0.675353684,0.427416667,0.566527778,0.670123143,0.67496,0.42451,0.74136,0.737943333,0.650894286,0.446486667,0.601190789,0.550870714,0.829161111,0.809613651,0.89159,0.892834,0.870325,0.323272143,0.53426,0.531678333,0.637149333,0.579325909,0.596734,0.525728333
232,0.65769,0.41438,0.8123825,0.308385,0.528891429,0.42478,0.53122,0.673282933,0.802519474,0.777304857,0.659385,0.646628571,0.51081,0.55932,0.515404138,0.477698421,0.311203333,0.428125385,0.511392727,0.55034,0.377902286,0.503007143,0.390420313,0.6150075,0.451550833,0.5048255,0.576508182,0.6177575,0.445277778,0.414162951,0.417306,0.4262964,0.64229,0.312775909,0.393667451,0.432664237,0.761625,0.762886667,0.67801,0.717565,0.672296667,0.662188837,0.667365789,0.33992,0.441388889,0.583295714,0.70526,0.45787,0.703443333,0.644441667,0.629158571,0.469963333,0.493411842,0.607080714,0.793134444,0.758694127,0.86671,0.87398,0.806205,0.2415525,0.529641905,0.465123333,0.570260667,0.479413182,0.2598256,0.225931667
233,0.611766667,0.4819,0.7076425,0.382395,0.465992857,0.33601,0.529183333,0.563484133,0.651571053,0.659674286,0.543731429,0.480469524,0.411465,0.35933,0.462242759,0.333181228,0.173683333,0.370799231,0.331343939,0.41294,0.250901714,0.383663929,0.301082188,0.43767875,0.325755833,0.49123,0.46935,0.607855,0.300496667,0.362605574,0.382303556,0.3647699,0.57531,0.299717273,0.300856667,0.394947288,0.625386667,0.622135556,0.622876,0.579388,0.585033333,0.542121163,0.551783158,0.189543333,0.478126667,0.576596571,0.4873,0.39705,0.52917,0.507735833,0.529545714,0.334673333,0.426261316,0.594107857,0.717117778,0.699197302,0.75944,0.810422,0.663531667,0.192986071,0.453919048,0.40115,0.476571333,0.335026818,0.1908824,0.141303333
234,0.500306667,0.26686,0.4060475,0.284045,0.402665714,0.30912,0.34853,0.413568267,0.455515789,0.451167143,0.338346429,0.245919524,0.3155,0.18896,0.274901724,0.209851228,0.08112,0.244323077,0.219737879,0.26273,0.121352,0.25065125,0.193365,0.21953625,0.189765833,0.3516865,0.363229091,0.458484375,0.168342778,0.231860164,0.286006,0.2504514,0.50142,0.163426364,0.181170392,0.252927288,0.297173333,0.272535556,0.41913,0.28462,0.39716,0.33728814,0.331842632,0.280523333,0.366262222,0.452930286,0.17724,0.27007,0.40685,0.304245833,0.426184286,0.196343333,0.331982895,0.531120714,0.653082222,0.595910635,0.67689,0.739216,0.454801667,0.146266786,0.29338381,0.182065,0.326698667,0.212479545,0.1003424,0.030945
235,0.294643333,0.19422,0.0,0.20357,0.224604286,0.252078,0.0002,7.6e-6,0.0,0.0,0.0,0.0,0.0,0.0,0.117953103,0.070981228,0.042123333,0.0,0.0,0.0,0.0,0.024744286,0.038405,0.002761875,0.087224167,0.219447333,0.263990909,0.312529375,0.122298333,0.107008197,0.144560889,0.1549484,0.18552,0.0,0.062248431,0.095746271,0.0,0.0,0.0,0.0,0.0,0.0,0.0,0.2146,0.201472222,0.283618857,0.0,0.0,0.0,0.0,0.298101429,0.132846667,0.220082368,0.334595714,0.406006667,0.392116032,0.42563,0.41454,0.0,0.073045714,0.074419048,0.054965,0.025264667,0.048521818,0.0023656,0.0
236,0.170076667,0.07594,0.0,0.0,0.0,0.0,0.0,0.0,0.0,0.0,0.0,0.0,0.0,0.0,0.0,0.0,0.0,0.0,0.0,0.0,0.0,0.0,0.0,0.0,0.0,0.0,0.0,0.0,0.0,0.0,0.0,0.0,0.0,0.0,0.0,0.0,0.0,0.0,0.0,0.0,0.0,0.0,0.0,0.0,0.0,0.0,0.0,0.0,0.0,0.0,0.0826,0.030926667,0.028595789,0.0,0.0,8.67e-5,0.0,0.0,0.0,0.0,0.0,0.0,0.0,0.0,0.0,0.0
237,0.0,0.0,0.0,0.0,0.0,0.0,0.0,0.0,0.0,0.0,0.0,0.0,0.0,0.0,0.0,0.0,0.0,0.0,0.0,0.0,0.0,0.0,0.0,0.0,0.0,0.0,0.0,0.0,0.0,0.0,0.0,0.0,0.0,0.0,0.0,0.0,0.0,0.0,0.0,0.0,0.0,0.0,0.0,0.0,0.0,0.0,0.0,0.0,0.0,0.0,0.0,0.0,0.0,0.0,0.0,0.0,0.0,0.0,0.0,0.0,0.0,0.0,0.0,0.0,0.0,0.0
238,0.0,0.0,0.0,0.0,0.0,0.0,0.0,0.0,0.0,0.0,0.0,0.0,0.0,0.0,0.0,0.0,0.0,0.0,0.0,0.0,0.0,0.0,0.0,0.0,0.0,0.0,0.0,0.0,0.0,0.0,0.0,0.0,0.0,0.0,0.0,0.0,0.0,0.0,0.0,0.0,0.0,0.0,0.0,0.0,0.0,0.0,0.0,0.0,0.0,0.0,0.0,0.0,0.0,0.0,0.0,0.0,0.0,0.0,0.0,0.0,0.0,0.0,0.0,0.0,0.0,0.0
239,0.0,0.0,0.0,0.0,0.0,0.0,0.0,0.0,0.0,0.0,0.0,0.0,0.0,0.0,0.0,0.0,0.0,0.0,0.0,0.0,0.0,0.0,0.0,0.0,0.0,0.0,0.0,0.0,0.0,0.0,0.0,0.0,0.0,0.0,0.0,0.0,0.0,0.0,0.0,0.0,0.0,0.0,0.0,0.0,0.0,0.0,0.0,0.0,0.0,0.0,0.0,0.0,0.0,0.0,0.0,0.0,0.0,0.0,0.0,0.0,0.0,0.0,0.0,0.0,0.0,0.0
240,0.0,0.0,0.0,0.0,0.0,0.0,0.0,0.0,0.0,0.0,0.0,0.0,0.0,0.0,0.0,0.0,0.0,0.0,0.0,0.0,0.0,0.0,0.0,0.0,0.0,0.0,0.0,0.0,0.0,0.0,0.0,0.0,0.0,0.0,0.0,0.0,0.0,0.0,0.0,0.0,0.0,0.0,0.0,0.0,0.0,0.0,0.0,0.0,0.0,0.0,0.0,0.0,0.0,0.0,0.0,0.0,0.0,0.0,0.0,0.0,0.0,0.0,0.0,0.0,0.0,0.0
241,0.0,0.0,0.0,0.0,0.0,0.0,0.0,0.0,0.0,0.0,0.0,0.0,0.0,0.0,0.0,0.0,0.0,0.0,0.0,0.0,0.0,0.0,0.0,0.0,0.0,0.0,0.0,0.0,0.0,0.0,0.0,0.0,0.0,0.0,0.0,0.0,0.0,0.0,0.0,0.0,0.0,0.0,0.0,0.0,0.0,0.0,0.0,0.0,0.0,0.0,0.0,0.0,0.0,0.0,0.0,0.0,0.0,0.0,0.0,0.0,0.0,0.0,0.0,0.0,0.0,0.0
242,0.0,0.0,0.0,0.0,0.0,0.0,0.0,0.0,0.0,0.0,0.0,0.0,0.0,0.0,0.0,0.0,0.0,0.0,0.0,0.0,0.0,0.0,0.0,0.0,0.0,0.0,0.0,0.0,0.0,0.0,0.0,0.0,0.0,0.0,0.0,0.0,0.0,0.0,0.0,0.0,0.0,0.0,0.0,0.0,0.0,0.0,0.0,0.0,0.0,0.0,0.0,0.0,0.0,0.0,0.0,0.0,0.0,0.0,0.0,0.0,0.0,0.0,0.0,0.0,0.0,0.0
243,0.0,0.0,0.0,0.0,0.0,0.0,0.0,0.0,0.0,0.0,0.0,0.0,0.0,0.0,0.0,0.0,0.0,0.0,0.0,0.0,0.0,0.0,0.0,0.0,0.0,0.0,0.0,0.0,0.0,0.0,0.0,0.0,0.0,0.0,0.0,0.0,0.0,0.0,0.0,0.0,0.0,0.0,0.0,0.0,0.0,0.0,0.0,0.0,0.0,0.0,0.0,0.0,0.0,0.0,0.0,0.0,0.0,0.0,0.0,0.0,0.0,0.0,0.0,0.0,0.0,0.0
244,0.0,0.0,0.0,0.0,0.0,0.0,0.0,0.0,0.0,0.0,0.0,0.0,0.0,0.0,0.0,0.0,0.0,0.0,0.0,0.0,0.0,0.0,0.0,0.0,0.0,0.0,0.0,0.0,0.0,0.0,0.0,0.0,0.0,0.0,0.0,0.0,0.0,0.0,0.0,0.0,0.0,0.0,0.0,0.0,0.0,0.0,0.0,0.0,0.0,0.0,0.0,0.0,0.0,0.0,0.0,0.0,0.0,0.0,0.0,0.0,0.0,0.0,0.0,0.0,0.0,0.0
245,0.0,0.0,0.0,0.0,0.0,0.0,0.0,0.0,0.0,0.0,0.0,0.0,0.0,0.0,0.0,0.0,0.0,0.0,0.0,0.0,0.0,0.0,0.0,0.0,0.0,0.0,0.0,0.0,0.0,0.0,0.0,0.0,0.0,0.0,0.0,0.0,0.0,0.0,0.0,0.0,0.0,0.0,0.0,0.0,0.0,0.0,0.0,0.0,0.0,0.0,0.0,0.0,0.0,0.0,0.0,0.0,0.0,0.0,0.0,0.0,0.0,0.0,0.0,0.0,0.0,0.0
246,0.0,0.0,0.0,0.0,0.0,0.0,0.0,0.0,0.0,8.57e-6,0.0,0.0,0.0,0.0,0.0,0.0,0.0,0.0,0.0,0.0,0.0,0.0,0.0,0.0,0.0,0.0,0.0,0.0,0.0,0.0,0.0,0.0,0.0,0.0,0.0,0.0,0.0,0.0,0.0,0.0,0.0,0.0,0.0,0.0,0.0,0.0,0.0,0.0,0.0,1.92e-5,0.0,0.0,0.0,0.0,0.0,0.0,0.0,0.0,0.0,0.0,0.0,0.0,0.0,0.0,0.0,0.0
247,0.0,0.0,0.46863375,0.0,0.0,0.0,0.0,0.4293976,0.425816842,0.440323714,0.429353571,0.404791429,0.42158,0.16599,0.063959655,0.038157719,0.037666667,0.275396154,0.252667273,0.00692,0.036906571,0.250876429,0.098554375,0.3539625,0.043154167,0.022862833,0.0,0.0244475,8.89e-6,0.0,7.78e-6,0.0,0.0,0.004166818,2.55e-5,0.002009661,0.578493333,0.539696667,0.56486,0.528012,0.564228333,0.35774814,0.304514211,0.24653,0.039277778,0.120828571,0.18117,0.13771,0.38092,0.5129675,0.0,0.0,0.0,0.0,0.374487778,0.32795619,0.00454,0.042896,0.467976667,0.059054286,0.136573333,0.164595,0.252792,0.102198182,0.0489272,0.013305
248,0.0,0.0,0.7118925,0.147235,0.035871429,0.18913,0.27606,0.648067467,0.611757368,0.630631429,0.668182143,0.569894762,0.582,0.2473,0.209614138,0.16014386,0.127953333,0.398186154,0.486826667,0.07726,0.112109429,0.421495893,0.247843438,0.553921875,0.132574167,0.3359085,0.378362727,0.401224375,0.014571111,0.034506393,0.047771111,0.0412441,0.00489,0.221200455,0.083368235,0.114545085,0.739031667,0.640551111,0.809828,0.754359,0.781615,0.529579767,0.499039474,0.50156,0.355427778,0.373409143,0.39128,0.33883,0.689466667,0.640650833,0.002308571,0.151486667,0.040928421,0.050315714,0.610838889,0.639126667,0.52437,0.303126,0.658131667,0.192491786,0.432752381,0.383005,0.432441333,0.202217727,0.1267368,0.038863333
249,0.34827,0.52473,0.81478125,0.38567,0.098044286,0.294064,0.43002,0.771480667,0.745840526,0.718650571,0.800967143,0.675981429,0.633965,0.60999,0.28926931,0.288163684,0.333243333,0.520794615,0.558473939,0.18466,0.224191143,0.576279107,0.406585313,0.74764,0.275039167,0.519887333,0.524976364,0.517124375,0.076412778,0.108718033,0.096816889,0.1152722,0.2687,0.312998636,0.191429608,0.164573898,0.80303,0.788745556,0.897156,0.831401,0.865011667,0.610573953,0.571671579,0.530376667,0.494208889,0.536459143,0.56489,0.46728,0.739613333,0.789436667,0.026842857,0.237503333,0.145136316,0.159477143,0.808268889,0.767381905,0.6294,0.4428,0.818538333,0.323972143,0.590372381,0.54488,0.628902,0.397815909,0.287644,0.094065
250,0.507236667,0.68661,0.85481625,0.55444,0.192108571,0.369494,0.43053,0.810303333,0.847983684,0.801474286,0.857855,0.758377143,0.77925,0.72117,0.360984828,0.402628596,0.44272,0.537313077,0.622407879,0.2783,0.308035429,0.67983625,0.540147813,0.77397125,0.339529167,0.564273333,0.54629,0.579570625,0.142408333,0.119079508,0.152828667,0.1844419,0.32617,0.405502273,0.233857843,0.207684746,0.904825,0.833352222,0.904326,0.874678,0.681596667,0.680765116,0.648428421,0.574743333,0.615201111,0.603550571,0.75861,0.53999,0.869053333,0.839711667,0.061911429,0.378003333,0.151048421,0.215760714,0.882463333,0.834683968,0.80357,0.692312,0.862148333,0.415021786,0.711652381,0.63231,0.647718667,0.428557273,0.305372,0.14977
251,0.730296667,0.76477,0.869905,0.586595,0.325172857,0.530438,0.396446667,0.807739733,0.890684211,0.829207714,0.88193,0.793714286,0.82851,0.70095,0.434910345,0.49982386,0.49426,0.59099,0.630717273,0.54249,0.416842286,0.738240536,0.58504625,0.75970875,0.498894167,0.601881667,0.584563636,0.59738,0.189572222,0.172461148,0.262687111,0.256845,0.58543,0.448270455,0.284802941,0.27332678,0.917785,0.873657778,0.90559,0.883166,0.780128333,0.731490233,0.703435263,0.669043333,0.600641111,0.657507143,0.76361,0.67223,0.901856667,0.853306667,0.177668571,0.533023333,0.226058421,0.353414286,0.890242222,0.860667619,0.85304,0.748558,0.88489,0.5766275,0.734337143,0.704653333,0.718722,0.552413182,0.4135488,0.207958333
252,0.762076667,0.81615,0.89353125,0.6482,0.437831429,0.565514,0.576266667,0.766919467,0.892955263,0.852263714,0.828562143,0.819312381,0.77212,0.72018,0.527041379,0.562195614,0.571546667,0.58884,0.632239697,0.47829,0.436728,0.703095893,0.606929688,0.827118125,0.553449167,0.67342,0.529316364,0.644078125,0.258088333,0.259035574,0.321935333,0.3113673,0.68402,0.440440909,0.349060392,0.321668136,0.838781667,0.808812222,0.861118,0.862151,0.777648333,0.659824419,0.689108947,0.702196667,0.571598889,0.633849143,0.76615,0.73628,0.856276667,0.857390833,0.269065714,0.598383333,0.298093684,0.389604286,0.855095556,0.814402063,0.86302,0.738632,0.893006667,0.605103214,0.69941,0.685071667,0.752375333,0.642393636,0.4517928,0.22166
253,0.797696667,0.70837,0.89681,0.54102,0.537927143,0.580058,0.607223333,0.724136133,0.876207895,0.809236286,0.837826429,0.825842857,0.805865,0.66523,0.516093793,0.541891228,0.51011,0.684311538,0.638210909,0.48296,0.504704,0.690172679,0.591084375,0.725505,0.539743333,0.647073333,0.516490909,0.648486875,0.307796667,0.281505902,0.373414222,0.3162661,0.63422,0.425512727,0.331291961,0.37944,0.874485,0.851897778,0.863802,0.878135,0.784018333,0.717561628,0.744826316,0.689653333,0.673832222,0.672529143,0.79983,0.72254,0.87206,0.873795833,0.4324,0.368426667,0.352654211,0.425245714,0.829062222,0.790090635,0.87539,0.692976,0.860853333,0.644984286,0.684099048,0.58733,0.680106,0.610628636,0.4382912,0.340625
254,0.511473333,0.73395,0.8824575,0.559905,0.551332857,0.636004,0.631546667,0.7149084,0.87948,0.819907143,0.739603571,0.750388095,0.776165,0.68155,0.529875862,0.520535614,0.532403333,0.592218462,0.656252424,0.54205,0.504452857,0.659210536,0.590163125,0.71292875,0.613455,0.615379833,0.58991,0.720956875,0.332587778,0.337061967,0.397856667,0.3023532,0.64953,0.424324091,0.389716275,0.380971017,0.778943333,0.803176667,0.845188,0.860069,0.769723333,0.681421163,0.716526316,0.58134,0.771695556,0.750793429,0.85327,0.72019,0.734636667,0.797984167,0.48127,0.32261,0.409337105,0.565382143,0.822433333,0.782998254,0.85548,0.78377,0.858806667,0.559166429,0.633608095,0.524515,0.688334667,0.677267273,0.487534,0.250775
255,0.60003,0.68532,0.77615,0.560595,0.547038571,0.614336,0.660996667,0.7255828,0.864804211,0.810925714,0.651864286,0.703670476,0.722955,0.50404,0.513048621,0.543716842,0.590583333,0.500538462,0.540751515,0.61996,0.421333143,0.648436964,0.552104375,0.613426875,0.671154167,0.577416667,0.468521818,0.651405625,0.354462778,0.326293443,0.414932222,0.2913942,0.74469,0.320967273,0.320688627,0.369812373,0.746978333,0.767106667,0.791662,0.782676,0.662608333,0.636404186,0.661689474,0.550636667,0.693807778,0.685955143,0.78705,0.7603,0.738346667,0.810690833,0.515932857,0.242896667,0.399941053,0.599845714,0.767936667,0.75373127,0.87547,0.828152,0.858341667,0.506146429,0.560984286,0.487346667,0.661224,0.605893636,0.4781392,0.22771
256,0.646503333,0.68906,0.75625375,0.30353,0.346062857,0.341512,0.576426667,0.691238533,0.820378421,0.770338857,0.676416429,0.643767143,0.69506,0.58188,0.439354828,0.37951386,0.585523333,0.512371538,0.55306303,0.53542,0.454167429,0.568458393,0.508675625,0.5908925,0.696515,0.551175167,0.547493636,0.6253575,0.351831111,0.324917213,0.366167111,0.2449331,0.53056,0.398776364,0.27374549,0.414184068,0.700426667,0.699478889,0.775028,0.713035,0.652146667,0.653671163,0.588330526,0.600916667,0.508273333,0.683654857,0.79764,0.61916,0.62839,0.710790833,0.269554286,0.25081,0.223629474,0.447858571,0.712368889,0.71152746,0.77052,0.741384,0.751035,0.528320714,0.498243333,0.465021667,0.519296,0.561570455,0.5793892,0.43368
257,0.577423333,0.62542,0.64959375,0.265315,0.275091429,0.264272,0.41649,0.6011408,0.726178421,0.671276571,0.584697143,0.50596,0.51247,0.47847,0.344617586,0.353252982,0.43421,0.392403846,0.479312121,0.31065,0.339158571,0.487512321,0.435323125,0.393948125,0.612868333,0.506905833,0.49871,0.5655025,0.424394444,0.326329836,0.316078444,0.2026029,0.53409,0.333321364,0.211110196,0.315877458,0.585071667,0.533846667,0.672792,0.486452,0.623995,0.533349535,0.517201053,0.611206667,0.555016667,0.603646286,0.55542,0.55964,0.49142,0.56906,0.215755714,0.186796667,0.242434211,0.546499286,0.630712222,0.697439365,0.68306,0.753944,0.68271,0.488163929,0.459269048,0.454435,0.397255333,0.454663182,0.5008728,0.306575
258,0.28057,0.54291,0.33608125,0.140835,0.18867,0.114316,0.312143333,0.379118667,0.481256316,0.457548286,0.314600714,0.267797619,0.313755,0.3612,0.230234828,0.285316491,0.242776667,0.260468462,0.266082424,0.21417,0.208548,0.307208571,0.244289063,0.142445,0.353785,0.432545167,0.446157273,0.42509625,0.264073333,0.226236066,0.212904889,0.1100604,0.17065,0.245580909,0.106180196,0.202901864,0.232545,0.246848889,0.43645,0.225128,0.430803333,0.40470814,0.294412632,0.474346667,0.476458889,0.515945143,0.44933,0.4438,0.32114,0.32289,0.149051429,0.120026667,0.163316579,0.329549286,0.426841111,0.563007937,0.56273,0.554272,0.469746667,0.337071071,0.287831905,0.367571667,0.164989333,0.275479545,0.257658,0.224816667
259,0.253483333,0.35358,0.0,0.013125,0.087635714,0.048354,0.05184,0.0,0.0,0.0,0.0,0.0,0.0,0.0,0.172531724,0.12752807,0.062413333,0.0,0.0,0.0,0.0,0.067318929,0.064518125,0.007050625,0.246279167,0.281669667,0.280740909,0.28317375,0.160279444,0.173201475,0.097389778,0.0419169,0.21443,0.0,0.023950784,0.035056949,0.0,0.0,0.0,0.0,0.0,0.0,0.0,0.378026667,0.251878889,0.341212,0.0,0.0,0.0,0.0,0.0616,0.114086667,0.084797632,0.221342857,0.271313333,0.284262698,0.36476,0.310828,0.0,0.227507143,0.108666667,0.139956667,0.01523,0.072093636,0.0014188,0.0
260,0.10524,0.19439,0.0,0.0,0.0,0.0,0.0,0.0,0.0,0.0,0.0,0.0,0.0,0.0,0.0,0.0,0.0,0.0,0.0,0.0,0.0,0.0,0.0,0.0,0.0,0.0,0.0,0.0,0.0,0.0,0.0,0.0,0.0,0.0,0.0,0.0,0.0,0.0,0.0,0.0,0.0,0.0,0.0,0.0,0.0,0.0,0.0,0.0,0.0,0.0,0.00533,0.003496667,0.005910789,0.0,0.0,2.41e-5,0.0,0.0,0.0,0.0,0.0,0.0,0.0,0.0,0.0,0.0
261,0.0,0.0,0.0,0.0,0.0,0.0,0.0,0.0,0.0,0.0,0.0,0.0,0.0,0.0,0.0,0.0,0.0,0.0,0.0,0.0,0.0,0.0,0.0,0.0,0.0,0.0,0.0,0.0,0.0,0.0,0.0,0.0,0.0,0.0,0.0,0.0,0.0,0.0,0.0,0.0,0.0,0.0,0.0,0.0,0.0,0.0,0.0,0.0,0.0,0.0,0.0,0.0,0.0,0.0,0.0,0.0,0.0,0.0,0.0,0.0,0.0,0.0,0.0,0.0,0.0,0.0
262,0.0,0.0,0.0,0.0,0.0,0.0,0.0,0.0,0.0,0.0,0.0,0.0,0.0,0.0,0.0,0.0,0.0,0.0,0.0,0.0,0.0,0.0,0.0,0.0,0.0,0.0,0.0,0.0,0.0,0.0,0.0,0.0,0.0,0.0,0.0,0.0,0.0,0.0,0.0,0.0,0.0,0.0,0.0,0.0,0.0,0.0,0.0,0.0,0.0,0.0,0.0,0.0,0.0,0.0,0.0,0.0,0.0,0.0,0.0,0.0,0.0,0.0,0.0,0.0,0.0,0.0
263,0.0,0.0,0.0,0.0,0.0,0.0,0.0,0.0,0.0,0.0,0.0,0.0,0.0,0.0,0.0,0.0,0.0,0.0,0.0,0.0,0.0,0.0,0.0,0.0,0.0,0.0,0.0,0.0,0.0,0.0,0.0,0.0,0.0,0.0,0.0,0.0,0.0,0.0,0.0,0.0,0.0,0.0,0.0,0.0,0.0,0.0,0.0,0.0,0.0,0.0,0.0,0.0,0.0,0.0,0.0,0.0,0.0,0.0,0.0,0.0,0.0,0.0,0.0,0.0,0.0,0.0
264,0.0,0.0,0.0,0.0,0.0,0.0,0.0,0.0,0.0,0.0,0.0,0.0,0.0,0.0,0.0,0.0,0.0,0.0,0.0,0.0,0.0,0.0,0.0,0.0,0.0,0.0,0.0,0.0,0.0,0.0,0.0,0.0,0.0,0.0,0.0,0.0,0.0,0.0,0.0,0.0,0.0,0.0,0.0,0.0,0.0,0.0,0.0,0.0,0.0,0.0,0.0,0.0,0.0,0.0,0.0,0.0,0.0,0.0,0.0,0.0,0.0,0.0,0.0,0.0,0.0,0.0
265,0.0,0.0,0.0,0.0,0.0,0.0,0.0,0.0,0.0,0.0,0.0,0.0,0.0,0.0,0.0,0.0,0.0,0.0,0.0,0.0,0.0,0.0,0.0,0.0,0.0,0.0,0.0,0.0,0.0,0.0,0.0,0.0,0.0,0.0,0.0,0.0,0.0,0.0,0.0,0.0,0.0,0.0,0.0,0.0,0.0,0.0,0.0,0.0,0.0,0.0,0.0,0.0,0.0,0.0,0.0,0.0,0.0,0.0,0.0,0.0,0.0,0.0,0.0,0.0,0.0,0.0
266,0.0,0.0,0.0,0.0,0.0,0.0,0.0,0.0,0.0,0.0,0.0,0.0,0.0,0.0,0.0,0.0,0.0,0.0,0.0,0.0,0.0,0.0,0.0,0.0,0.0,0.0,0.0,0.0,0.0,0.0,0.0,0.0,0.0,0.0,0.0,0.0,0.0,0.0,0.0,0.0,0.0,0.0,0.0,0.0,0.0,0.0,0.0,0.0,0.0,0.0,0.0,0.0,0.0,0.0,0.0,0.0,0.0,0.0,0.0,0.0,0.0,0.0,0.0,0.0,0.0,0.0
267,0.0,0.0,0.0,0.0,0.0,0.0,0.0,0.0,0.0,0.0,0.0,0.0,0.0,0.0,0.0,0.0,0.0,0.0,0.0,0.0,0.0,0.0,0.0,0.0,0.0,0.0,0.0,0.0,0.0,0.0,0.0,0.0,0.0,0.0,0.0,0.0,0.0,0.0,0.0,0.0,0.0,0.0,0.0,0.0,0.0,0.0,0.0,0.0,0.0,0.0,0.0,0.0,0.0,0.0,0.0,0.0,0.0,0.0,0.0,0.0,0.0,0.0,0.0,0.0,0.0,0.0
268,0.0,0.0,0.0,0.0,0.0,0.0,0.0,0.0,0.0,0.0,0.0,0.0,0.0,0.0,0.0,0.0,0.0,0.0,0.0,0.0,0.0,0.0,0.0,0.0,0.0,0.0,0.0,0.0,0.0,0.0,0.0,0.0,0.0,0.0,0.0,0.0,0.0,0.0,0.0,0.0,0.0,0.0,0.0,0.0,0.0,0.0,0.0,0.0,0.0,0.0,0.0,0.0,0.0,0.0,0.0,0.0,0.0,0.0,0.0,0.0,0.0,0.0,0.0,0.0,0.0,0.0
269,0.0,0.0,0.0,0.0,0.0,0.0,0.0,0.0,0.0,0.0,0.0,0.0,0.0,0.0,0.0,0.0,0.0,0.0,0.0,0.0,0.0,0.0,0.0,0.0,0.0,0.0,0.0,0.0,0.0,0.0,0.0,0.0,0.0,0.0,0.0,0.0,0.0,0.0,0.0,0.0,0.0,0.0,0.0,0.0,0.0,0.0,0.0,0.0,0.0,0.0,0.0,0.0,0.0,0.0,0.0,0.0,0.0,0.0,0.0,0.0,0.0,0.0,0.0,0.0,0.0,0.0
270,0.0,0.0,0.0,0.0,0.0,0.0,0.0,0.0,0.0,0.0,0.0,0.0,0.0,0.0,0.0,0.0,0.0,0.0,0.0,0.0,0.0,0.0,0.0,0.0,0.0,0.0,0.0,0.0,0.0,0.0,0.0,0.0,0.0,0.0,0.0,0.0,0.0,0.0,0.0,0.0,0.0,0.0,0.0,0.0,0.0,0.0,0.0,0.0,0.0,0.0,0.0,0.0,0.0,0.0,0.0,0.0,0.0,0.0,0.0,0.0,0.0,0.0,0.0,0.0,0.0,0.0
271,0.0,0.0,0.4048775,0.0,0.0,0.0,0.0,0.456682,0.388947368,0.371850286,0.498928571,0.42920381,0.435635,0.43709,0.102711724,0.103451228,0.02374,0.183670769,0.335797273,0.16226,0.122155143,0.413552857,0.2506275,0.366220625,0.185430833,0.031537,0.0,0.00011125,0.000142222,1.64e-6,4.31e-5,0.0,0.0,0.001839091,0.000108235,0.007284237,0.560841667,0.504255556,0.551866,0.442676,0.581281667,0.372439535,0.36615,0.29511,0.134034444,0.221996,0.51512,0.16484,0.413293333,0.574864167,0.0,0.0,0.0,0.0,0.429931111,0.268044762,0.00391,0.172656,0.446486667,0.185278571,0.189380476,0.249216667,0.250591333,0.133014091,0.1422176,0.095661667
272,0.0,0.0,0.62314625,0.00632,0.029937143,0.046314,0.030696667,0.682675333,0.577623158,0.598448857,0.746177857,0.650852857,0.607985,0.52332,0.206312759,0.204891404,0.275066667,0.432743077,0.545497879,0.10787,0.242412,0.626580893,0.415953438,0.666558125,0.289901667,0.4000615,0.315928182,0.42593375,0.232000556,0.226331967,0.054497111,0.0249785,0.02984,0.017882273,0.054797059,0.033718814,0.762325,0.569404444,0.774532,0.684469,0.790446667,0.628124419,0.604374211,0.40171,0.287787778,0.606225714,0.73366,0.40288,0.79531,0.662936667,0.011712857,0.158503333,0.006562105,0.097655714,0.62899,0.511331429,0.34296,0.621988,0.606115,0.350679643,0.409835714,0.495986667,0.492815333,0.235875455,0.3507924,0.187413333
273,0.18586,0.03125,0.74419,0.012665,0.136384286,0.089442,0.166456667,0.803918933,0.710901053,0.733850857,0.839895,0.765988095,0.72332,0.72404,0.392438276,0.31605386,0.372913333,0.592375385,0.696691818,0.47739,0.441521429,0.772051786,0.592372188,0.7844675,0.4553925,0.6318305,0.462837273,0.675120625,0.371404444,0.371125902,0.121607111,0.082196,0.04252,0.090497273,0.123586471,0.109942542,0.839703333,0.66912,0.880796,0.771522,0.884016667,0.764323953,0.738082105,0.77082,0.54742,0.768107429,0.84779,0.56728,0.86669,0.736036667,0.054732857,0.215296667,0.050577368,0.537898571,0.752841111,0.568004603,0.72419,0.794338,0.67911,0.589630714,0.579371905,0.67238,0.652402667,0.439846818,0.5491724,0.325593333
274,0.367983333,0.42367,0.76006375,0.07231,0.273907143,0.096266,0.413133333,0.879614933,0.763210526,0.805196286,0.892577143,0.824015714,0.853405,0.84966,0.531214828,0.429521228,0.401536667,0.756581538,0.716376667,0.5768,0.564724857,0.833334286,0.70806375,0.822158125,0.6317125,0.6945465,0.530461818,0.69427375,0.453637222,0.473508361,0.203002,0.1595187,0.14278,0.177856364,0.186846863,0.165645593,0.894111667,0.715997778,0.911208,0.839389,0.9159,0.803241628,0.782826842,0.796856667,0.583842222,0.802229714,0.88759,0.61621,0.89677,0.779524167,0.066518571,0.295433333,0.086813684,0.566455714,0.770874444,0.58526381,0.82703,0.844908,0.65095,0.704926071,0.725110952,0.753621667,0.699766,0.514962727,0.6788732,0.579048333
275,0.413013333,0.62535,0.73791125,0.16051,0.268558571,0.160584,0.474763333,0.884508133,0.824129474,0.854172286,0.897115714,0.84334619,0.881405,0.82906,0.529305172,0.425021404,0.43853,0.749048462,0.761898788,0.61387,0.637723143,0.791372857,0.700544688,0.83820625,0.7892,0.755777167,0.572576364,0.741145625,0.456986111,0.484774262,0.224776,0.1887769,0.15862,0.243548636,0.274268627,0.219924237,0.918058333,0.796354444,0.905126,0.829401,0.885316667,0.792492791,0.824716316,0.845566667,0.753361111,0.775887714,0.89123,0.65699,0.910723333,0.8025175,0.096745714,0.501676667,0.118052368,0.555294286,0.763603333,0.558968095,0.90326,0.842086,0.734261667,0.806985,0.768075714,0.82287,0.748338667,0.540901364,0.7010176,0.659061667
276,0.441626667,0.52065,0.79687125,0.28532,0.233291429,0.177426,0.411066667,0.866372267,0.84345,0.881416571,0.886228571,0.836102381,0.845995,0.87835,0.567916207,0.528121404,0.57042,0.718467692,0.737117576,0.57167,0.644005429,0.800528214,0.75146125,0.868928125,0.8451075,0.7404845,0.631957273,0.7232575,0.521918889,0.57183082,0.313174444,0.2446982,0.18126,0.271258182,0.315338824,0.291036949,0.893558333,0.78749,0.87377,0.824639,0.864355,0.767782093,0.834086842,0.792086667,0.809822222,0.745956,0.88616,0.72371,0.87232,0.843549167,0.177622857,0.524293333,0.217182105,0.613484286,0.686951111,0.499595714,0.90435,0.85283,0.779758333,0.824429643,0.783445238,0.792375,0.730476,0.622332727,0.7586916,0.625775
277,0.622496667,0.56583,0.8035925,0.369745,0.321161429,0.250378,0.424513333,0.848442533,0.789656316,0.890691714,0.859845714,0.879689524,0.89835,0.86481,0.610539655,0.577987018,0.62015,0.697983077,0.715148182,0.55932,0.612092857,0.793257679,0.68485,0.8428075,0.817951667,0.767578833,0.697989091,0.7374875,0.567241667,0.533367213,0.3765,0.2928066,0.23138,0.290104091,0.333558627,0.331190508,0.828463333,0.835971111,0.77633,0.821331,0.800608333,0.758996977,0.805542632,0.756486667,0.763987778,0.774840286,0.84137,0.70237,0.885303333,0.824018333,0.168468571,0.428243333,0.281197632,0.607047143,0.668935556,0.465654127,0.81951,0.809134,0.797158333,0.816633571,0.780320476,0.76044,0.704992,0.616527273,0.6162544,0.585545
278,0.64386,0.66998,0.7725175,0.34996,0.349195714,0.26447,0.631436667,0.8361852,0.763242105,0.867306286,0.799815,0.845225238,0.84254,0.86828,0.677906552,0.603800702,0.690283333,0.694357692,0.699224545,0.59552,0.577231429,0.747720357,0.703595,0.817826875,0.730985,0.725798833,0.672608182,0.75911375,0.514018889,0.534602295,0.426350222,0.3084187,0.3578,0.335136364,0.408844118,0.380683898,0.801168333,0.821618889,0.724986,0.778993,0.702433333,0.751787674,0.770731053,0.70631,0.566792222,0.710722857,0.86323,0.81814,0.837536667,0.833728333,0.198251429,0.4565,0.343452632,0.565771429,0.507545556,0.48209381,0.51324,0.637858,0.78508,0.757712857,0.700517619,0.599603333,0.683111333,0.636966818,0.640828,0.618906667
279,0.579123333,0.69056,0.68835125,0.403365,0.266867143,0.325342,0.48892,0.808901067,0.709718421,0.809469714,0.712339286,0.759400476,0.77079,0.82319,0.683074828,0.552624211,0.66931,0.659743846,0.65346,0.40637,0.548313143,0.702990536,0.593331563,0.8148425,0.6890525,0.698352167,0.652156364,0.713806875,0.466591667,0.497096066,0.450619111,0.2898928,0.13155,0.324111818,0.353732549,0.337776102,0.611616667,0.751243333,0.620864,0.726382,0.68392,0.732881163,0.703906316,0.623943333,0.638776667,0.625745143,0.86199,0.78652,0.684386667,0.776571667,0.177982857,0.442376667,0.334703684,0.632492143,0.42873,0.491486984,0.31535,0.556926,0.831391667,0.723538929,0.598437143,0.500585,0.621575333,0.61994,0.6107304,0.53094
280,0.46458,0.80301,0.6111925,0.38081,0.216112857,0.42777,0.441546667,0.7715364,0.602891053,0.744020857,0.659112857,0.72434619,0.71792,0.71126,0.711235517,0.578785088,0.63188,0.605146154,0.582595152,0.50353,0.446310857,0.68818375,0.587436875,0.756271875,0.735065,0.676665167,0.636008182,0.606434375,0.546183889,0.545255902,0.445680444,0.2425935,0.18736,0.267834545,0.243473137,0.293323898,0.600296667,0.687115556,0.564466,0.569538,0.57651,0.667504884,0.61478,0.706283333,0.664908889,0.598877143,0.74143,0.59218,0.640176667,0.686753333,0.126535714,0.241176667,0.214023947,0.497674286,0.280443333,0.494380794,0.46675,0.228882,0.693596667,0.747954286,0.708183333,0.671918333,0.61343,0.557268636,0.539272,0.464935
281,0.300553333,0.63359,0.49168375,0.348025,0.170905714,0.491326,0.23594,0.6759816,0.588433158,0.642534857,0.61294,0.632778571,0.63046,0.62784,0.570531379,0.43220614,0.54876,0.522601538,0.512133333,0.32404,0.402436857,0.562405,0.414895,0.63750625,0.62609,0.605101167,0.557466364,0.574775,0.46907,0.501451475,0.459127333,0.262281,0.12186,0.191038636,0.194775882,0.284730847,0.438293333,0.518724444,0.483902,0.41364,0.538173333,0.583583953,0.569842105,0.662543333,0.571625556,0.509056,0.7291,0.35652,0.505083333,0.606578333,0.174925714,0.134863333,0.211812368,0.425659286,0.228376667,0.391166508,0.37811,0.150766,0.58185,0.653545,0.606592381,0.481535,0.491799333,0.526208636,0.487742,0.407585
282,0.270923333,0.47925,0.30850875,0.190735,0.162161429,0.283484,0.09589,0.5032964,0.396553158,0.424882571,0.396199286,0.335009048,0.42503,0.35519,0.443090345,0.289138772,0.394543333,0.360127692,0.330394242,0.15618,0.220052571,0.359751607,0.206732813,0.418055,0.4344875,0.483007,0.54519,0.493085625,0.367408889,0.412016557,0.373654889,0.2029365,0.04838,0.081359091,0.110886863,0.15872678,0.236285,0.274226667,0.314562,0.216867,0.404365,0.396493023,0.384723158,0.46653,0.331464444,0.31308,0.5136,0.22535,0.30466,0.328016667,0.124274286,0.06008,0.093978158,0.302212857,0.155058889,0.309261111,0.14675,0.225518,0.357598333,0.477110357,0.353346667,0.27798,0.279581333,0.294742727,0.3474408,0.200816667
283,0.127106667,0.2938,0.0,0.262295,0.067251429,0.242944,0.017593333,5.33e-7,0.0,0.0,0.0,0.0,0.0,0.0,0.174097931,0.150211404,0.210046667,0.0,0.0,0.0,0.0,0.056785714,0.0549825,0.00904125,0.298976667,0.3228715,0.378956364,0.35945625,0.206807222,0.24593459,0.222065556,0.1214832,0.09881,0.0,0.068067255,0.082102712,0.0,0.0,0.0,0.0,0.0,0.0,0.0,0.206966667,0.113313333,0.131632857,0.0,0.0,0.0,0.0,0.196568571,0.034866667,0.060247895,0.213184286,0.115361111,0.183888571,0.03434,0.097098,0.0,0.229763571,0.141880952,0.108533333,0.015217333,0.160527727,0.0121568,6.17e-5
284,0.051153333,0.11622,0.0,0.0,0.0,0.0,0.0,0.0,0.0,0.0,0.0,0.0,0.0,0.0,0.0,0.0,0.0,0.0,0.0,0.0,0.0,0.0,0.0,0.0,0.0,0.0,0.0,0.0,0.0,0.0,0.0,1.4e-6,0.0,0.0,0.0,0.0,0.0,0.0,0.0,0.0,0.0,0.0,0.0,0.0,0.0,0.0,0.0,0.0,0.0,0.0,0.030624286,0.00726,0.016561316,0.0,0.0,0.00012254,0.0,0.0,0.0,0.0,0.0,0.0,0.0,0.0,0.0,0.0
285,0.0,0.0,0.0,0.0,0.0,0.0,0.0,0.0,0.0,0.0,0.0,0.0,0.0,0.0,0.0,0.0,0.0,0.0,0.0,0.0,0.0,0.0,0.0,0.0,0.0,0.0,0.0,0.0,0.0,0.0,0.0,0.0,0.0,0.0,0.0,0.0,0.0,0.0,0.0,0.0,0.0,0.0,0.0,0.0,0.0,0.0,0.0,0.0,0.0,0.0,0.0,0.0,0.0,0.0,0.0,0.0,0.0,0.0,0.0,0.0,0.0,0.0,0.0,0.0,0.0,0.0
286,0.0,0.0,0.0,0.0,0.0,0.0,0.0,0.0,0.0,0.0,0.0,0.0,0.0,0.0,0.0,0.0,0.0,0.0,0.0,0.0,0.0,0.0,0.0,0.0,0.0,0.0,0.0,0.0,0.0,0.0,0.0,0.0,0.0,0.0,0.0,0.0,0.0,0.0,0.0,0.0,0.0,0.0,0.0,0.0,0.0,0.0,0.0,0.0,0.0,0.0,0.0,0.0,0.0,0.0,0.0,0.0,0.0,0.0,0.0,0.0,0.0,0.0,0.0,0.0,0.0,0.0
287,0.0,0.0,0.0,0.0,0.0,0.0,0.0,0.0,0.0,0.0,0.0,0.0,0.0,0.0,0.0,0.0,0.0,0.0,0.0,0.0,0.0,0.0,0.0,0.0,0.0,0.0,0.0,0.0,0.0,0.0,0.0,0.0,0.0,0.0,0.0,0.0,0.0,0.0,0.0,0.0,0.0,0.0,0.0,0.0,0.0,0.0,0.0,0.0,0.0,0.0,0.0,0.0,0.0,0.0,0.0,0.0,0.0,0.0,0.0,0.0,0.0,0.0,0.0,0.0,0.0,0.0
288,0.0,0.0,0.0,0.0,0.0,0.0,0.0,0.0,0.0,0.0,0.0,0.0,0.0,0.0,0.0,0.0,0.0,0.0,0.0,0.0,0.0,0.0,0.0,0.0,0.0,0.0,0.0,0.0,0.0,0.0,0.0,0.0,0.0,0.0,0.0,0.0,0.0,0.0,0.0,0.0,0.0,0.0,0.0,0.0,0.0,0.0,0.0,0.0,0.0,0.0,0.0,0.0,0.0,0.0,0.0,0.0,0.0,0.0,0.0,0.0,0.0,0.0,0.0,0.0,0.0,0.0
289,0.0,0.0,0.0,0.0,0.0,0.0,0.0,0.0,0.0,0.0,0.0,0.0,0.0,0.0,0.0,0.0,0.0,0.0,0.0,0.0,0.0,0.0,0.0,0.0,0.0,0.0,0.0,0.0,0.0,0.0,0.0,0.0,0.0,0.0,0.0,0.0,0.0,0.0,0.0,0.0,0.0,0.0,0.0,0.0,0.0,0.0,0.0,0.0,0.0,0.0,0.0,0.0,0.0,0.0,0.0,0.0,0.0,0.0,0.0,0.0,0.0,0.0,0.0,0.0,0.0,0.0
290,0.0,0.0,0.0,0.0,0.0,0.0,0.0,0.0,0.0,0.0,0.0,0.0,0.0,0.0,0.0,0.0,0.0,0.0,0.0,0.0,0.0,0.0,0.0,0.0,0.0,0.0,0.0,0.0,0.0,0.0,0.0,0.0,0.0,0.0,0.0,0.0,0.0,0.0,0.0,0.0,0.0,0.0,0.0,0.0,0.0,0.0,0.0,0.0,0.0,0.0,0.0,0.0,0.0,0.0,0.0,0.0,0.0,0.0,0.0,0.0,0.0,0.0,0.0,0.0,0.0,0.0
291,0.0,0.0,0.0,0.0,0.0,0.0,0.0,0.0,0.0,0.0,0.0,0.0,0.0,0.0,0.0,0.0,0.0,0.0,0.0,0.0,0.0,0.0,0.0,0.0,0.0,0.0,0.0,0.0,0.0,0.0,0.0,0.0,0.0,0.0,0.0,0.0,0.0,0.0,0.0,0.0,0.0,0.0,0.0,0.0,0.0,0.0,0.0,0.0,0.0,0.0,0.0,0.0,0.0,0.0,0.0,0.0,0.0,0.0,0.0,0.0,0.0,0.0,0.0,0.0,0.0,0.0
292,0.0,0.0,0.0,0.0,0.0,0.0,0.0,0.0,0.0,0.0,0.0,0.0,0.0,0.0,0.0,0.0,0.0,0.0,0.0,0.0,0.0,0.0,0.0,0.0,0.0,0.0,0.0,0.0,0.0,0.0,0.0,0.0,0.0,0.0,0.0,0.0,0.0,0.0,0.0,0.0,0.0,0.0,0.0,0.0,0.0,0.0,0.0,0.0,0.0,0.0,0.0,0.0,0.0,0.0,0.0,0.0,0.0,0.0,0.0,0.0,0.0,0.0,0.0,0.0,0.0,0.0
293,0.0,0.0,0.0,0.0,0.0,0.0,0.0,0.0,0.0,0.0,0.0,0.0,0.0,0.0,0.0,0.0,0.0,0.0,0.0,0.0,0.0,0.0,0.0,0.0,0.0,0.0,0.0,0.0,0.0,0.0,0.0,0.0,0.0,0.0,0.0,0.0,0.0,0.0,0.0,0.0,0.0,0.0,0.0,0.0,0.0,0.0,0.0,0.0,0.0,0.0,0.0,0.0,0.0,0.0,0.0,0.0,0.0,0.0,0.0,0.0,0.0,0.0,0.0,0.0,0.0,0.0
294,0.0,0.0,0.0,0.0,0.0,0.0,0.0,0.0,0.0,0.0,0.0,0.0,0.0,0.0,0.0,0.0,0.0,0.0,0.0,0.0,0.0,0.0,0.0,0.0,0.0,0.0,0.0,0.0,0.0,0.0,0.0,0.0,0.0,0.0,0.0,0.0,0.0,0.0,0.0,0.0,0.0,0.0,0.0,0.0,0.0,0.0,0.0,0.0,0.0,1.25e-5,0.0,0.0,0.0,0.0,0.0,0.0,0.0,0.0,0.0,0.0,0.0,0.0,0.0,0.0,0.0,0.0
295,0.0,0.0,0.48059625,0.0,0.0,0.0,0.0,0.422810667,0.344351053,0.321718286,0.573472857,0.498783333,0.460955,0.53147,0.065944483,0.080628246,0.077576667,0.383403077,0.34986,0.27152,0.122019143,0.312774464,0.202537813,0.4456875,0.181423333,0.023500333,0.0,3.88e-5,0.0,0.0,0.000164889,0.0,0.0,0.000700909,8.35e-5,0.006347627,0.6182,0.489283333,0.544312,0.543081,0.571281667,0.453549535,0.441154737,0.12849,0.002835556,0.025485143,0.58055,0.57323,0.419576667,0.559763333,0.0,0.0,0.0,0.0,0.050785556,0.101001587,0.00489,0.012324,0.404471667,0.098133214,0.120725714,0.10419,0.150762,0.112582727,0.1200692,0.137341667
296,0.0,0.0,0.6403375,0.14213,0.009232857,0.130792,0.087843333,0.693426133,0.55772,0.526069714,0.786989286,0.726344286,0.71115,0.78078,0.246295862,0.224276667,0.19095,0.595298462,0.535942121,0.44707,0.278554857,0.561529286,0.39241375,0.711268125,0.402501667,0.535135333,0.509860909,0.44188875,0.191882778,0.340503934,0.208113333,0.0921233,0.1453,0.082068182,0.099956471,0.131758644,0.815848333,0.645706667,0.821006,0.75236,0.807186667,0.720176047,0.693389474,0.274596667,0.020344444,0.077641714,0.75285,0.7828,0.807383333,0.683100833,0.002398571,0.00358,0.009011053,0.042591429,0.128194444,0.255053333,0.04549,0.02769,0.595855,0.2680375,0.307285714,0.160843333,0.447104,0.316346364,0.377472,0.312366667
297,0.031653333,0.11882,0.6518675,0.147645,0.128721429,0.321802,0.222283333,0.832517467,0.695561579,0.648805429,0.874239286,0.837339048,0.84127,0.84531,0.49098,0.480173158,0.52394,0.734803846,0.682533939,0.66073,0.434468286,0.751985536,0.5339775,0.814766875,0.592043333,0.664621333,0.618100909,0.60575625,0.457498333,0.539972787,0.435662667,0.2062258,0.13234,0.159565455,0.255366471,0.232228983,0.898048333,0.808342222,0.912684,0.815638,0.893523333,0.848294419,0.795259474,0.27401,0.029813333,0.128669429,0.83658,0.8598,0.886696667,0.801624167,0.007394286,0.076546667,0.026425526,0.288902143,0.225058889,0.392219683,0.21885,0.047502,0.58712,0.551663571,0.454592381,0.32608,0.649098667,0.591667273,0.6177436,0.50992
298,0.03426,0.13563,0.6851975,0.18701,0.195211429,0.393702,0.331193333,0.887318267,0.711824737,0.703983429,0.909530714,0.87273619,0.86166,0.92479,0.654198276,0.64965807,0.560356667,0.790399231,0.726102727,0.66615,0.500669143,0.847795536,0.689825,0.8745175,0.749924167,0.741398333,0.682140909,0.62944375,0.626611111,0.651607705,0.618588444,0.3299294,0.23135,0.265040909,0.375762549,0.350248305,0.921106667,0.776658889,0.939736,0.832319,0.93072,0.898652791,0.791191579,0.42303,0.09218,0.160864286,0.86328,0.89178,0.89863,0.8021125,0.064895714,0.130763333,0.127368421,0.487135714,0.437782222,0.51085619,0.28244,0.079704,0.630075,0.647625714,0.458504762,0.363203333,0.7597,0.762779091,0.750918,0.67188
299,0.056423333,0.16093,0.71845625,0.166795,0.303871429,0.304562,0.379816667,0.906419733,0.742101053,0.775284857,0.916567143,0.89268,0.895945,0.95395,0.795067586,0.763596842,0.665346667,0.824298462,0.71151697,0.63567,0.593268571,0.877207143,0.705306875,0.90391375,0.799888333,0.687283167,0.72914,0.602748125,0.760612222,0.733510492,0.679771111,0.4853381,0.14779,0.341011818,0.449601176,0.376398644,0.92478,0.78043,0.942212,0.8292,0.935435,0.897275116,0.784986316,0.641266667,0.107635556,0.228216571,0.86076,0.89702,0.911693333,0.836471667,0.098792857,0.26914,0.192621579,0.50039,0.480253333,0.584273175,0.53106,0.262306,0.683961667,0.725392857,0.50029381,0.483536667,0.790032667,0.821965909,0.7777852,0.675768333
300,0.106183333,0.15488,0.73043375,0.265585,0.242045714,0.392276,0.543996667,0.894269333,0.798957368,0.803826286,0.912875714,0.872855238,0.84787,0.9705,0.82711,0.792921404,0.788333333,0.817432308,0.667705152,0.75348,0.649456857,0.894264286,0.75137625,0.91406125,0.719964167,0.701373833,0.714890909,0.664540625,0.811013889,0.745523443,0.775762444,0.478442,0.27049,0.402245455,0.566178039,0.466752881,0.91809,0.755198889,0.933948,0.836543,0.931053333,0.896429767,0.808569474,0.52642,0.141696667,0.350066286,0.86465,0.87559,0.9051,0.837846667,0.086045714,0.246963333,0.182425789,0.584349286,0.538625556,0.675959365,0.5434,0.458008,0.731641667,0.714841786,0.49815619,0.552188333,0.756864667,0.832849545,0.8169716,0.710901667
301,0.169763333,0.4184,0.76205875,0.227885,0.309417143,0.49469,0.481796667,0.856630133,0.807467895,0.781421714,0.903278571,0.87754619,0.87375,0.96776,0.815830345,0.79978614,0.735446667,0.784299231,0.689591818,0.73667,0.637077714,0.877460179,0.764269688,0.88808125,0.732218333,0.660397167,0.697105455,0.658165,0.817107778,0.710330328,0.756478222,0.5453796,0.23895,0.461795455,0.584522353,0.478729831,0.903833333,0.803395556,0.92087,0.840574,0.920858333,0.886013256,0.787556316,0.588713333,0.182361111,0.475822571,0.85546,0.848,0.899806667,0.8475625,0.147892857,0.36352,0.259511579,0.538967143,0.571403333,0.641342698,0.616,0.630778,0.780903333,0.610948929,0.450865714,0.492881667,0.704803333,0.828419545,0.752366,0.572993333
302,0.261776667,0.46252,0.72897375,0.339185,0.334402857,0.578132,0.404063333,0.831165867,0.807573158,0.804419429,0.872884286,0.844055714,0.79856,0.96403,0.760785862,0.753956667,0.715333333,0.748522308,0.669802121,0.70375,0.592298571,0.815283393,0.712220938,0.830440625,0.595736667,0.546726333,0.492526364,0.54943625,0.659022778,0.623602459,0.749521333,0.5407613,0.45523,0.461147273,0.647044118,0.50596339,0.87647,0.796954444,0.892852,0.82373,0.897176667,0.841541163,0.770285263,0.461506667,0.348183333,0.525978857,0.83249,0.78638,0.862753333,0.80228,0.129884286,0.35395,0.214805526,0.594245714,0.58651,0.641725873,0.54781,0.59091,0.771376667,0.585572857,0.510679048,0.482426667,0.684598,0.778993636,0.7209984,0.502261667
303,0.437616667,0.58817,0.74100125,0.37088,0.348628571,0.432336,0.481186667,0.803922933,0.833636316,0.799064571,0.854801429,0.80389,0.797185,0.94972,0.666606897,0.677290877,0.666163333,0.724715385,0.67232303,0.66893,0.606421714,0.790297321,0.684239063,0.84150875,0.493445,0.5042385,0.598042727,0.619663125,0.679075,0.548444098,0.644355778,0.4756494,0.51407,0.433107273,0.638730196,0.506648814,0.843505,0.720995556,0.87611,0.764385,0.848165,0.826172326,0.757688947,0.38717,0.31126,0.482028571,0.84199,0.80432,0.832406667,0.786913333,0.109177143,0.43111,0.204705,0.636797857,0.580825556,0.653197143,0.61631,0.701132,0.783241667,0.513862143,0.387686667,0.382356667,0.72892,0.760879091,0.7118084,0.487223333
304,0.274333333,0.36503,0.58019,0.218375,0.336674286,0.387446,0.39501,0.718669867,0.767523158,0.730508,0.743947857,0.71530381,0.62163,0.91209,0.538296552,0.603537544,0.620806667,0.645671538,0.640538788,0.527,0.520849714,0.724375714,0.6518,0.77440375,0.458906667,0.578625667,0.552053636,0.663010625,0.489454444,0.569373607,0.632299556,0.4386292,0.14307,0.407206364,0.512949216,0.406350678,0.699038333,0.596624444,0.71283,0.655785,0.802706667,0.754323721,0.692265789,0.32998,0.209223333,0.450878857,0.72544,0.80947,0.740803333,0.645806667,0.119661429,0.39373,0.252033684,0.339426429,0.56506,0.709453492,0.41287,0.79082,0.643123333,0.416188929,0.270518095,0.246071667,0.667437333,0.688995,0.5482296,0.466658333
305,0.179353333,0.36846,0.52114875,0.393425,0.235732857,0.376194,0.380403333,0.649271867,0.655102632,0.637745714,0.605002857,0.543329048,0.584145,0.81246,0.442877241,0.515557368,0.54068,0.569651538,0.570418485,0.52774,0.397523714,0.64062625,0.553163438,0.71447375,0.464910833,0.551124333,0.481956364,0.661844375,0.50027,0.547820164,0.545612222,0.4123949,0.17535,0.280416364,0.427982941,0.350784746,0.558205,0.476545556,0.567562,0.465502,0.684838333,0.632080233,0.581302105,0.34815,0.165655556,0.463336571,0.44832,0.63334,0.566446667,0.530648333,0.096845714,0.30058,0.175962632,0.351923571,0.575812222,0.697673492,0.34519,0.63881,0.544275,0.317376071,0.184532381,0.16098,0.622246667,0.632214545,0.5100468,0.303011667
306,0.10894,0.19347,0.3201375,0.323825,0.163631429,0.383418,0.19961,0.4876612,0.464012632,0.466232857,0.363557857,0.284185714,0.36288,0.58106,0.278837586,0.364410877,0.407633333,0.331997692,0.373224242,0.2849,0.235828857,0.469945714,0.3778625,0.507083125,0.415396667,0.4324715,0.432326364,0.518829375,0.280049444,0.494673443,0.400536667,0.3382878,0.11054,0.163657727,0.283883333,0.224128136,0.19371,0.299514444,0.312588,0.233433,0.464965,0.469641628,0.393087895,0.21188,0.113638889,0.417506286,0.21712,0.32712,0.31921,0.3266675,0.058577143,0.147873333,0.157658947,0.326792143,0.463465556,0.641081429,0.17602,0.353028,0.424048333,0.162425,0.10648,0.04779,0.499747333,0.482347273,0.3677776,0.175045
307,0.0649,0.08282,0.0,0.151855,0.081245714,0.22742,0.022536667,0.0,0.0,0.0,0.0,0.0,0.0,0.0,0.134515517,0.199906842,0.330706667,0.0,0.0,0.0,0.0,0.045229821,0.10438625,0.009621875,0.191881667,0.2797245,0.278808182,0.3259325,0.249271111,0.310655738,0.298388889,0.2338085,0.00504,3.36e-5,0.11307451,0.08759678,0.0,0.0,0.0,0.0,0.0,0.0,0.0,0.285426667,0.075427778,0.277010857,0.0,0.0,0.0,0.0,0.046161429,0.0499,0.080449737,0.165965,0.336722222,0.474588889,0.17041,0.16919,0.0,0.101010714,0.018780476,0.018595,0.052564,0.273043182,0.0159612,3.33e-6
308,0.009393333,0.01342,0.0,0.0,0.0,0.0,0.0,0.0,0.0,0.0,0.0,0.0,0.0,0.0,0.0,0.0,0.0,0.0,0.0,0.0,0.0,0.0,0.0,0.0,0.0,0.0,0.0,0.0,0.0,0.0,0.0,0.0,0.0,0.0,0.0,0.0,0.0,0.0,0.0,0.0,0.0,0.0,0.0,0.0,0.0,0.0,0.0,0.0,0.0,0.0,0.007772857,0.00304,0.011175,0.0,0.0,2.44e-5,0.0,0.0,0.0,0.0,0.0,0.0,0.0,0.0,0.0,0.0
309,0.0,0.0,0.0,0.0,0.0,0.0,0.0,0.0,0.0,0.0,0.0,0.0,0.0,0.0,0.0,0.0,0.0,0.0,0.0,0.0,0.0,0.0,0.0,0.0,0.0,0.0,0.0,0.0,0.0,0.0,0.0,0.0,0.0,0.0,0.0,0.0,0.0,0.0,0.0,0.0,0.0,0.0,0.0,0.0,0.0,0.0,0.0,0.0,0.0,0.0,0.0,0.0,0.0,0.0,0.0,0.0,0.0,0.0,0.0,0.0,0.0,0.0,0.0,0.0,0.0,0.0
310,0.0,0.0,0.0,0.0,0.0,0.0,0.0,0.0,0.0,0.0,0.0,0.0,0.0,0.0,0.0,0.0,0.0,0.0,0.0,0.0,0.0,0.0,0.0,0.0,0.0,0.0,0.0,0.0,0.0,0.0,0.0,0.0,0.0,0.0,0.0,0.0,0.0,0.0,0.0,0.0,0.0,0.0,0.0,0.0,0.0,0.0,0.0,0.0,0.0,0.0,0.0,0.0,0.0,0.0,0.0,0.0,0.0,0.0,0.0,0.0,0.0,0.0,0.0,0.0,0.0,0.0
311,0.0,0.0,0.0,0.0,0.0,0.0,0.0,0.0,0.0,0.0,0.0,0.0,0.0,0.0,0.0,0.0,0.0,0.0,0.0,0.0,0.0,0.0,0.0,0.0,0.0,0.0,0.0,0.0,0.0,0.0,0.0,0.0,0.0,0.0,0.0,0.0,0.0,0.0,0.0,0.0,0.0,0.0,0.0,0.0,0.0,0.0,0.0,0.0,0.0,0.0,0.0,0.0,0.0,0.0,0.0,0.0,0.0,0.0,0.0,0.0,0.0,0.0,0.0,0.0,0.0,0.0
312,0.0,0.0,0.0,0.0,0.0,0.0,0.0,0.0,0.0,0.0,0.0,0.0,0.0,0.0,0.0,0.0,0.0,0.0,0.0,0.0,0.0,0.0,0.0,0.0,0.0,0.0,0.0,0.0,0.0,0.0,0.0,0.0,0.0,0.0,0.0,0.0,0.0,0.0,0.0,0.0,0.0,0.0,0.0,0.0,0.0,0.0,0.0,0.0,0.0,0.0,0.0,0.0,0.0,0.0,0.0,0.0,0.0,0.0,0.0,0.0,0.0,0.0,0.0,0.0,0.0,0.0
313,0.0,0.0,0.0,0.0,0.0,0.0,0.0,0.0,0.0,0.0,0.0,0.0,0.0,0.0,0.0,0.0,0.0,0.0,0.0,0.0,0.0,0.0,0.0,0.0,0.0,0.0,0.0,0.0,0.0,0.0,0.0,0.0,0.0,0.0,0.0,0.0,0.0,0.0,0.0,0.0,0.0,0.0,0.0,0.0,0.0,0.0,0.0,0.0,0.0,0.0,0.0,0.0,0.0,0.0,0.0,0.0,0.0,0.0,0.0,0.0,0.0,0.0,0.0,0.0,0.0,0.0
314,0.0,0.0,0.0,0.0,0.0,0.0,0.0,0.0,0.0,0.0,0.0,0.0,0.0,0.0,0.0,0.0,0.0,0.0,0.0,0.0,0.0,0.0,0.0,0.0,0.0,0.0,0.0,0.0,0.0,0.0,0.0,0.0,0.0,0.0,0.0,0.0,0.0,0.0,0.0,0.0,0.0,0.0,0.0,0.0,0.0,0.0,0.0,0.0,0.0,0.0,0.0,0.0,0.0,0.0,0.0,0.0,0.0,0.0,0.0,0.0,0.0,0.0,0.0,0.0,0.0,0.0
315,0.0,0.0,0.0,0.0,0.0,0.0,0.0,0.0,0.0,0.0,0.0,0.0,0.0,0.0,0.0,0.0,0.0,0.0,0.0,0.0,0.0,0.0,0.0,0.0,0.0,0.0,0.0,0.0,0.0,0.0,0.0,0.0,0.0,0.0,0.0,0.0,0.0,0.0,0.0,0.0,0.0,0.0,0.0,0.0,0.0,0.0,0.0,0.0,0.0,0.0,0.0,0.0,0.0,0.0,0.0,0.0,0.0,0.0,0.0,0.0,0.0,0.0,0.0,0.0,0.0,0.0
316,0.0,0.0,0.0,0.0,0.0,0.0,0.0,0.0,0.0,0.0,0.0,0.0,0.0,0.0,0.0,0.0,0.0,0.0,0.0,0.0,0.0,0.0,0.0,0.0,0.0,0.0,0.0,0.0,0.0,0.0,0.0,0.0,0.0,0.0,0.0,0.0,0.0,0.0,0.0,0.0,0.0,0.0,0.0,0.0,0.0,0.0,0.0,0.0,0.0,0.0,0.0,0.0,0.0,0.0,0.0,0.0,0.0,0.0,0.0,0.0,0.0,0.0,0.0,0.0,0.0,0.0
317,0.0,0.0,0.0,0.0,0.0,0.0,0.0,0.0,0.0,0.0,0.0,0.0,0.0,0.0,0.0,0.0,0.0,0.0,0.0,0.0,0.0,0.0,0.0,0.0,0.0,0.0,0.0,0.0,0.0,0.0,0.0,0.0,0.0,0.0,0.0,0.0,0.0,0.0,0.0,0.0,0.0,0.0,0.0,0.0,0.0,0.0,0.0,0.0,0.0,0.0,0.0,0.0,0.0,0.0,0.0,0.0,0.0,0.0,0.0,0.0,0.0,0.0,0.0,0.0,0.0,0.0
318,0.0,0.0,0.0,0.0,0.0,0.0,0.0,0.0,0.0,0.0,0.0,0.0,0.0,0.0,0.0,0.0,0.0,0.0,0.0,0.0,0.0,0.0,0.0,0.0,0.0,0.0,0.0,0.0,0.0,0.0,0.0,0.0,0.0,0.0,0.0,0.0,0.0,0.0,0.0,0.0,0.0,0.0,0.0,0.0,0.0,0.0,0.0,0.0,0.0,0.0,0.0,0.0,0.0,0.0,0.0,0.0,0.0,0.0,0.0,0.0,0.0,0.0,0.0,0.0,0.0,0.0
319,0.0,0.0,0.2420775,0.0,0.0,0.0,0.0,0.527585467,0.454105789,0.429293143,0.529705,0.436920952,0.34198,0.42434,0.178633103,0.174623333,0.08759,0.436690769,0.274626061,0.34001,0.183810571,0.352359643,0.199671875,0.42731625,0.249534167,0.017985833,0.0,0.000120625,0.000137778,0.0,7.53e-5,0.0,0.0,0.016302727,4.63e-5,0.017991186,0.580985,0.444844444,0.504536,0.38214,0.526611667,0.481082791,0.375571579,0.226193333,0.058194444,0.126526,0.08285,0.17705,0.41002,0.558609167,0.0,0.0,0.0,0.0,0.402377778,0.327543175,0.00534,0.100066,0.320606667,0.046451429,0.061270476,0.097353333,0.443251333,0.37002,0.3435552,0.214385
320,0.0,0.0,0.4686775,0.051345,0.006862857,0.142186,0.27334,0.744991067,0.59024,0.632396286,0.723932857,0.634924762,0.49089,0.81177,0.36361069,0.414185439,0.417083333,0.617415385,0.437686364,0.46135,0.361678571,0.531968214,0.387555313,0.71747,0.43068,0.403985,0.298528182,0.324370625,0.184933889,0.056416393,0.326909333,0.103485,0.29808,0.193675909,0.329796863,0.23433,0.743603333,0.675248889,0.60416,0.506654,0.734428333,0.718957907,0.541055789,0.38134,0.206462222,0.509479714,0.21641,0.2849,0.743293333,0.756109167,0.007602857,0.064893333,0.016105526,0.028578571,0.64652,0.70812,0.03153,0.554806,0.456196667,0.119111429,0.183989048,0.235438333,0.695298667,0.605809091,0.5637932,0.403403333
321,0.014496667,0.00492,0.62269125,0.157305,0.064201429,0.213368,0.489673333,0.836998533,0.646711053,0.745776857,0.794129286,0.77276381,0.65339,0.79277,0.463421724,0.603596667,0.63935,0.738434615,0.518608788,0.36669,0.520592857,0.655037143,0.501916563,0.823121875,0.409550833,0.527994833,0.438247273,0.557171875,0.369015,0.143732295,0.505108889,0.2046767,0.53976,0.335555,0.512603725,0.368174237,0.809885,0.764254444,0.7935,0.659681,0.79432,0.833216977,0.643684211,0.581826667,0.393946667,0.718756,0.30611,0.52018,0.83013,0.6895725,0.048301429,0.11184,0.043315263,0.280702143,0.767612222,0.862610635,0.74772,0.77274,0.681796667,0.2520875,0.213497143,0.323781667,0.755489333,0.659122273,0.6894408,0.532596667
322,0.05588,0.06815,0.69564125,0.337595,0.163628571,0.369674,0.568343333,0.8889068,0.627191579,0.815202571,0.829620714,0.824250476,0.74863,0.89754,0.52905931,0.706920351,0.724536667,0.772776154,0.573123636,0.37965,0.568762286,0.699279821,0.553878438,0.864744375,0.4183825,0.523650167,0.464775455,0.55948625,0.43494,0.250682951,0.616446667,0.3323879,0.6626,0.446131818,0.631098431,0.482861864,0.87181,0.768874444,0.881322,0.699194,0.884498333,0.876434186,0.692826316,0.737416667,0.493627778,0.754749143,0.30775,0.72514,0.866363333,0.640459167,0.109272857,0.044706667,0.109127895,0.513367857,0.778883333,0.908426825,0.82499,0.796072,0.818735,0.355319643,0.381265238,0.394628333,0.808632,0.734166364,0.7935488,0.567808333
323,0.20502,0.18001,0.69421375,0.516185,0.289554286,0.515968,0.623183333,0.892085467,0.582065789,0.858437143,0.846391429,0.820738095,0.77996,0.85285,0.509703793,0.742274386,0.77805,0.789961538,0.639230909,0.50049,0.640012857,0.697562321,0.547308438,0.879340625,0.458356667,0.5262525,0.484947273,0.581800625,0.398618889,0.348109672,0.680478444,0.4582349,0.66805,0.540585455,0.688413922,0.569295932,0.902633333,0.761898889,0.904284,0.764132,0.91339,0.876632326,0.720433158,0.684733333,0.603311111,0.809439429,0.376,0.77898,0.880966667,0.63906,0.196247143,0.111686667,0.171818158,0.608127143,0.777048889,0.912776032,0.82311,0.838882,0.67502,0.5126825,0.468802857,0.461288333,0.836382667,0.805548182,0.8199996,0.689871667
324,0.208636667,0.28433,0.683055,0.46682,0.368395714,0.436966,0.515823333,0.879838667,0.617234737,0.845097429,0.817846429,0.79786381,0.771815,0.90339,0.505132069,0.685402807,0.70027,0.736799231,0.560892424,0.56419,0.629836571,0.683436429,0.489338438,0.88222625,0.5369375,0.599666167,0.485899091,0.607889375,0.495733889,0.494354918,0.682163111,0.5192817,0.65105,0.504655455,0.67785549,0.559878136,0.913198333,0.727285556,0.924286,0.798566,0.904603333,0.862173023,0.709866842,0.6985,0.637877778,0.808038857,0.38233,0.69642,0.873573333,0.6416825,0.18916,0.133053333,0.199928684,0.602129286,0.735852222,0.898329048,0.73368,0.734796,0.657306667,0.606186429,0.52783381,0.569961667,0.790963333,0.802042727,0.7909144,0.63562
325,0.249513333,0.12439,0.67200625,0.47685,0.395097143,0.498914,0.51282,0.820683333,0.646033684,0.838296857,0.849516429,0.816595238,0.769015,0.91361,0.524111379,0.687497193,0.72291,0.749658462,0.617102121,0.6393,0.585834857,0.720457857,0.5168875,0.86779125,0.584371667,0.661989667,0.536080909,0.717019375,0.594440556,0.611630492,0.680710444,0.5752614,0.42555,0.509053182,0.679096471,0.561108644,0.884908333,0.714808889,0.897064,0.713476,0.881116667,0.84218814,0.720232105,0.737416667,0.665285556,0.796035714,0.54791,0.5801,0.868963333,0.67082,0.24269,0.09643,0.270557105,0.65386,0.705846667,0.883938571,0.74154,0.725398,0.658136667,0.675148214,0.550579048,0.555905,0.7674,0.789788182,0.7259228,0.591465
326,0.221106667,0.10624,0.6322475,0.55193,0.492614286,0.553232,0.506456667,0.782918533,0.663116316,0.829379714,0.814600714,0.79335619,0.76651,0.93343,0.448801379,0.628369825,0.688583333,0.734725385,0.604411212,0.67733,0.561353714,0.654058393,0.485490313,0.804786875,0.6381575,0.693560167,0.55985,0.658888125,0.556295556,0.640678525,0.703254,0.5166451,0.60627,0.509173182,0.651315882,0.554795932,0.847851667,0.648841111,0.887708,0.692087,0.863183333,0.807477674,0.698957368,0.788973333,0.700027778,0.78242,0.45436,0.46863,0.841416667,0.6200675,0.190831429,0.209463333,0.279311842,0.5941,0.69293,0.849902857,0.74308,0.723868,0.707878333,0.630515357,0.629443333,0.515233333,0.769979333,0.751619545,0.6876064,0.566605
327,0.287103333,0.13254,0.64439625,0.47729,0.49471,0.597442,0.591533333,0.756863467,0.648781053,0.810062857,0.823260714,0.715516667,0.710055,0.89156,0.47082069,0.566520526,0.639203333,0.733210769,0.596994545,0.69211,0.589205143,0.59851625,0.452169063,0.68333375,0.661161667,0.678787167,0.539076364,0.650363125,0.54888,0.591331803,0.668792889,0.5005935,0.42299,0.495687273,0.592001373,0.493962712,0.836103333,0.616026667,0.857084,0.634742,0.847525,0.788097674,0.676652105,0.736553333,0.634015556,0.739031429,0.27485,0.34837,0.77022,0.502415833,0.186007143,0.14423,0.330386579,0.553338571,0.684248889,0.826011746,0.62282,0.710176,0.54845,0.602466786,0.574572381,0.415968333,0.743108667,0.687167727,0.675944,0.601491667
328,0.365,0.25994,0.59115,0.410165,0.556434286,0.616482,0.436103333,0.6684672,0.552744211,0.759915714,0.738997857,0.670551905,0.63137,0.83991,0.584697931,0.477473158,0.665226667,0.650669231,0.539105152,0.64359,0.565318857,0.59941,0.3691625,0.672490625,0.674258333,0.660135667,0.535264545,0.663863125,0.521232778,0.501762951,0.578980222,0.4503869,0.44879,0.498174545,0.52721902,0.499353559,0.685326667,0.579562222,0.779796,0.470814,0.777348333,0.683871163,0.622955789,0.741096667,0.591985556,0.703693429,0.19086,0.25015,0.57812,0.51084,0.171622857,0.082326667,0.261314211,0.555933571,0.692235556,0.795218571,0.5755,0.597428,0.545496667,0.707850714,0.571878095,0.535635,0.674450667,0.68177,0.633,0.640775
329,0.41137,0.21422,0.42938375,0.5256,0.502027143,0.50845,0.384003333,0.614505067,0.466975789,0.675721714,0.578454286,0.530940476,0.473795,0.69266,0.492242759,0.343653509,0.533776667,0.568236154,0.435129091,0.63245,0.481969143,0.512944643,0.2513825,0.590641875,0.647419167,0.6163875,0.49751,0.594241875,0.367810556,0.443518689,0.506933778,0.4294992,0.33712,0.362465,0.472512941,0.423265593,0.496551667,0.494168889,0.609854,0.452037,0.701958333,0.613964884,0.555701053,0.644383333,0.568218889,0.665488571,0.06862,0.20571,0.397886667,0.4000875,0.246497143,0.13174,0.256058684,0.501765714,0.590055556,0.742623333,0.51143,0.514696,0.490843333,0.661374643,0.567763333,0.583148333,0.591962,0.573915455,0.5784112,0.521133333
330,0.448986667,0.22272,0.30252875,0.378925,0.358845714,0.385248,0.25235,0.443927867,0.349996842,0.458236286,0.346812143,0.236287619,0.28168,0.33176,0.33698069,0.236876842,0.348623333,0.399577692,0.256170606,0.42442,0.277922857,0.334784464,0.14809625,0.36483,0.615616667,0.595032,0.559919091,0.61291125,0.187601111,0.331836557,0.377576,0.275128,0.13171,0.155906818,0.322212353,0.282770508,0.180356667,0.269327778,0.43959,0.315124,0.4262,0.451310465,0.3196,0.675116667,0.537532222,0.610395429,0.00508,0.06099,0.153993333,0.253555,0.298167143,0.0973,0.205842368,0.474655,0.543236667,0.703231587,0.46329,0.546588,0.390453333,0.560033214,0.415598095,0.433023333,0.387919333,0.40713,0.4707428,0.408613333
331,0.283416667,0.12522,0.0,0.1331,0.182737143,0.221434,0.05694,0.0,0.0,0.0,0.0,0.0,0.0,0.0,0.156944483,0.082404561,0.15681,0.0,0.0,0.0,0.0,0.040782679,0.029568438,0.002011875,0.385908333,0.4320735,0.412047273,0.484876875,0.083091667,0.148959016,0.169154,0.1347496,0.00622,0.0,0.149896471,0.06936678,0.0,0.0,0.0,0.0,0.0,0.0,0.0,0.5097,0.227018889,0.405476857,0.0,0.0,0.0,0.0,0.251612857,0.08058,0.136250263,0.261297143,0.358391111,0.505813016,0.32853,0.238546,0.0,0.338168929,0.19239381,0.26582,0.046589333,0.211253636,0.0134548,5.67e-5
332,0.129043333,0.07378,0.0,0.0,0.0,0.0,0.0,0.0,0.0,0.0,0.0,0.0,0.0,0.0,0.0,0.0,0.0,0.0,0.0,0.0,0.0,0.0,0.0,0.0,0.0,0.0,0.0,0.0,0.0,0.0,0.0,0.0,0.0,0.0,0.0,0.0,0.0,0.0,0.0,0.0,0.0,0.0,0.0,0.0,0.0,0.0,0.0,0.0,0.0,0.0,0.06242,0.055506667,0.033383684,0.0,0.0,1.4e-5,0.0,0.0,0.0,0.0,0.0,0.0,0.0,0.0,0.0,0.0
333,0.0,0.0,0.0,0.0,0.0,0.0,0.0,0.0,0.0,0.0,0.0,0.0,0.0,0.0,0.0,0.0,0.0,0.0,0.0,0.0,0.0,0.0,0.0,0.0,0.0,0.0,0.0,0.0,0.0,0.0,0.0,0.0,0.0,0.0,0.0,0.0,0.0,0.0,0.0,0.0,0.0,0.0,0.0,0.0,0.0,0.0,0.0,0.0,0.0,0.0,0.0,0.0,0.0,0.0,0.0,0.0,0.0,0.0,0.0,0.0,0.0,0.0,0.0,0.0,0.0,0.0
334,0.0,0.0,0.0,0.0,0.0,0.0,0.0,0.0,0.0,0.0,0.0,0.0,0.0,0.0,0.0,0.0,0.0,0.0,0.0,0.0,0.0,0.0,0.0,0.0,0.0,0.0,0.0,0.0,0.0,0.0,0.0,0.0,0.0,0.0,0.0,0.0,0.0,0.0,0.0,0.0,0.0,0.0,0.0,0.0,0.0,0.0,0.0,0.0,0.0,0.0,0.0,0.0,0.0,0.0,0.0,0.0,0.0,0.0,0.0,0.0,0.0,0.0,0.0,0.0,0.0,0.0
335,0.0,0.0,0.0,0.0,0.0,0.0,0.0,0.0,0.0,0.0,0.0,0.0,0.0,0.0,0.0,0.0,0.0,0.0,0.0,0.0,0.0,0.0,0.0,0.0,0.0,0.0,0.0,0.0,0.0,0.0,0.0,0.0,0.0,0.0,0.0,0.0,0.0,0.0,0.0,0.0,0.0,0.0,0.0,0.0,0.0,0.0,0.0,0.0,0.0,0.0,0.0,0.0,0.0,0.0,0.0,0.0,0.0,0.0,0.0,0.0,0.0,0.0,0.0,0.0,0.0,0.0
336,0.0,0.0,0.0,0.0,0.0,0.0,0.0,0.0,0.0,0.0,0.0,0.0,0.0,0.0,0.0,0.0,0.0,0.0,0.0,0.0,0.0,0.0,0.0,0.0,0.0,0.0,0.0,0.0,0.0,0.0,0.0,0.0,0.0,0.0,0.0,0.0,0.0,0.0,0.0,0.0,0.0,0.0,0.0,0.0,0.0,0.0,0.0,0.0,0.0,0.0,0.0,0.0,0.0,0.0,0.0,0.0,0.0,0.0,0.0,0.0,0.0,0.0,0.0,0.0,0.0,0.0
337,0.0,0.0,0.0,0.0,0.0,0.0,0.0,0.0,0.0,0.0,0.0,0.0,0.0,0.0,0.0,0.0,0.0,0.0,0.0,0.0,0.0,0.0,0.0,0.0,0.0,0.0,0.0,0.0,0.0,0.0,0.0,0.0,0.0,0.0,0.0,0.0,0.0,0.0,0.0,0.0,0.0,0.0,0.0,0.0,0.0,0.0,0.0,0.0,0.0,0.0,0.0,0.0,0.0,0.0,0.0,0.0,0.0,0.0,0.0,0.0,0.0,0.0,0.0,0.0,0.0,0.0
338,0.0,0.0,0.0,0.0,0.0,0.0,0.0,0.0,0.0,0.0,0.0,0.0,0.0,0.0,0.0,0.0,0.0,0.0,0.0,0.0,0.0,0.0,0.0,0.0,0.0,0.0,0.0,0.0,0.0,0.0,0.0,0.0,0.0,0.0,0.0,0.0,0.0,0.0,0.0,0.0,0.0,0.0,0.0,0.0,0.0,0.0,0.0,0.0,0.0,0.0,0.0,0.0,0.0,0.0,0.0,0.0,0.0,0.0,0.0,0.0,0.0,0.0,0.0,0.0,0.0,0.0
339,0.0,0.0,0.0,0.0,0.0,0.0,0.0,0.0,0.0,0.0,0.0,0.0,0.0,0.0,0.0,0.0,0.0,0.0,0.0,0.0,0.0,0.0,0.0,0.0,0.0,0.0,0.0,0.0,0.0,0.0,0.0,0.0,0.0,0.0,0.0,0.0,0.0,0.0,0.0,0.0,0.0,0.0,0.0,0.0,0.0,0.0,0.0,0.0,0.0,0.0,0.0,0.0,0.0,0.0,0.0,0.0,0.0,0.0,0.0,0.0,0.0,0.0,0.0,0.0,0.0,0.0
340,0.0,0.0,0.0,0.0,0.0,0.0,0.0,0.0,0.0,0.0,0.0,0.0,0.0,0.0,0.0,0.0,0.0,0.0,0.0,0.0,0.0,0.0,0.0,0.0,0.0,0.0,0.0,0.0,0.0,0.0,0.0,0.0,0.0,0.0,0.0,0.0,0.0,0.0,0.0,0.0,0.0,0.0,0.0,0.0,0.0,0.0,0.0,0.0,0.0,0.0,0.0,0.0,0.0,0.0,0.0,0.0,0.0,0.0,0.0,0.0,0.0,0.0,0.0,0.0,0.0,0.0
341,0.0,0.0,0.0,0.0,0.0,0.0,0.0,0.0,0.0,0.0,0.0,0.0,0.0,0.0,0.0,0.0,0.0,0.0,0.0,0.0,0.0,0.0,0.0,0.0,0.0,0.0,0.0,0.0,0.0,0.0,0.0,0.0,0.0,0.0,0.0,0.0,0.0,0.0,0.0,0.0,0.0,0.0,0.0,0.0,0.0,0.0,0.0,0.0,0.0,0.0,0.0,0.0,0.0,0.0,0.0,0.0,0.0,0.0,0.0,0.0,0.0,0.0,0.0,0.0,0.0,0.0
342,0.0,0.0,0.0,0.0,0.0,0.0,0.0,0.0,0.0,0.0,0.0,0.0,0.0,0.0,0.0,0.0,0.0,0.0,0.0,0.0,0.0,0.0,0.0,0.0,0.0,0.0,0.0,0.0,0.0,0.0,0.0,0.0,0.0,0.0,0.0,0.0,0.0,0.0,0.0,0.0,0.0,0.0,0.0,0.0,0.0,0.0,0.0,0.0,0.0,0.0,0.0,0.0,0.0,0.0,0.0,0.0,0.0,0.0,0.0,0.0,0.0,0.0,0.0,0.0,0.0,0.0
343,0.0,0.0,0.470265,0.0,0.0,0.0,0.0,0.521657733,0.351862632,0.367382,0.495645,0.399136667,0.41213,0.57511,0.176327931,0.261755263,0.000763333,0.493176923,0.422289091,0.32795,0.230302857,0.508694464,0.502995,0.48287875,0.028154167,0.000233667,0.0,3.13e-6,0.0,0.0,6.02e-5,0.0,0.0,0.000264091,0.000103725,0.006930508,0.626891667,0.582483333,0.589974,0.549704,0.57839,0.504255581,0.429344211,0.06113,0.032713333,0.030770571,0.36613,0.53181,0.424296667,0.564526667,0.0,0.0,0.0,0.0,0.212837778,0.098924762,0.00372,0.03761,0.46097,0.287201429,0.334881905,0.322838333,0.489940667,0.289777727,0.2666896,0.192446667
344,0.0,0.0,0.60559375,0.113715,0.015928571,0.104668,0.01127,0.770704933,0.558589474,0.606922286,0.668317143,0.662239524,0.562135,0.79322,0.489126207,0.652113333,0.61215,0.699860769,0.625861212,0.5204,0.497591429,0.74207625,0.728195625,0.773888125,0.456279167,0.351639833,0.137600909,0.1406475,0.389135,0.274305738,0.369635333,0.1588873,0.2404,0.080030455,0.27513,0.123172881,0.80574,0.728142222,0.804138,0.767788,0.79917,0.744865349,0.658022632,0.324526667,0.193081111,0.193404286,0.63915,0.70409,0.813913333,0.751793333,1.57e-5,0.14384,0.019508947,0.030179286,0.577636667,0.445215079,0.04042,0.192482,0.6664,0.552936786,0.64913381,0.55608,0.738963333,0.658585455,0.6039644,0.461335
345,0.41296,0.10372,0.7065375,0.141305,0.06472,0.108494,0.110453333,0.867878267,0.614634737,0.674638,0.806086429,0.792662857,0.66585,0.78415,0.68699069,0.779703333,0.716526667,0.795606923,0.695350303,0.56216,0.57166,0.855394286,0.833233438,0.87163625,0.719541667,0.517168833,0.180344545,0.316806875,0.540817778,0.481892131,0.606101111,0.3022743,0.13092,0.147795,0.397371765,0.201068136,0.902206667,0.818386667,0.864412,0.801819,0.857488333,0.845845814,0.773617368,0.553133333,0.333442222,0.273429714,0.76644,0.79886,0.898416667,0.804728333,0.041417143,0.056016667,0.048767105,0.256892143,0.620197778,0.498204921,0.44438,0.334342,0.681076667,0.717077857,0.77830619,0.692746667,0.841088667,0.794622727,0.7491288,0.66222
346,0.54244,0.1482,0.74008625,0.169045,0.138762857,0.14898,0.156143333,0.919258133,0.577942105,0.732330857,0.87016,0.846121429,0.78114,0.9172,0.809530345,0.868985614,0.84135,0.852551538,0.660956667,0.5361,0.573138857,0.913221786,0.88716875,0.90686625,0.815928333,0.6142215,0.401839091,0.51046875,0.677555,0.67009459,0.727979111,0.4366965,0.27929,0.199765,0.491596078,0.238023729,0.928991667,0.770848889,0.942414,0.814899,0.93094,0.890640698,0.779467895,0.741276667,0.544334444,0.373992571,0.8009,0.80777,0.92613,0.7560775,0.17882,0.090686667,0.130218158,0.354273571,0.475311111,0.531978413,0.54265,0.3681,0.70061,0.790356071,0.822843333,0.790031667,0.883384,0.84325,0.842378,0.687498333
347,0.697366667,0.2423,0.780945,0.26297,0.207061429,0.165138,0.244843333,0.933570533,0.649882105,0.752473143,0.87068,0.851661905,0.770185,0.9275,0.884765862,0.878812632,0.878336667,0.824087692,0.681005152,0.49939,0.641169714,0.920304286,0.91834375,0.884605,0.7709375,0.658928,0.57077,0.570099375,0.770924444,0.749652623,0.762274,0.5260895,0.39309,0.357790909,0.540577647,0.346444237,0.929995,0.748306667,0.944796,0.829366,0.946396667,0.908597907,0.776967368,0.725473333,0.608616667,0.400240857,0.87075,0.83971,0.91916,0.7469375,0.166724286,0.225923333,0.178434474,0.409520714,0.535443333,0.594424127,0.54351,0.368014,0.800333333,0.800417143,0.834781429,0.778881667,0.904063333,0.852001364,0.8630168,0.694385
348,0.724843333,0.28329,0.7823375,0.22961,0.243357143,0.217168,0.22781,0.926846667,0.669292632,0.752435429,0.854358571,0.860468095,0.753955,0.93263,0.874567586,0.848465789,0.801113333,0.785682308,0.655823939,0.64996,0.611244857,0.885166964,0.862780938,0.840696875,0.780565,0.723529167,0.674213636,0.643536875,0.797504444,0.794960328,0.739229778,0.5906771,0.43434,0.385745,0.548848431,0.36565,0.922745,0.775181111,0.938692,0.824323,0.938903333,0.898759767,0.754776316,0.703953333,0.63114,0.429913714,0.86826,0.83189,0.9085,0.777965,0.27972,0.411966667,0.258901842,0.407346429,0.498147778,0.610680317,0.39258,0.331568,0.817406667,0.768382857,0.807559048,0.75252,0.852780667,0.796670455,0.8408908,0.635968333
349,0.734966667,0.27544,0.80843875,0.37922,0.323785714,0.19768,0.25666,0.903058,0.643942105,0.771918857,0.841584286,0.799891429,0.620065,0.89238,0.830096897,0.822919649,0.77423,0.836696923,0.733155152,0.71591,0.649052,0.835352857,0.821784375,0.83918,0.828479167,0.781723,0.728925455,0.70137125,0.810609444,0.800154262,0.772248889,0.6219733,0.44997,0.497236364,0.583443725,0.417372034,0.908096667,0.788697778,0.927878,0.823855,0.9271,0.886624186,0.779018421,0.783606667,0.616094444,0.444626571,0.86888,0.84803,0.894686667,0.797016667,0.210032857,0.363703333,0.243905,0.440687857,0.590193333,0.605146984,0.41101,0.392886,0.82042,0.703793214,0.817177143,0.710855,0.825031333,0.787557727,0.7507912,0.628233333
350,0.479623333,0.20776,0.74712375,0.43175,0.414118571,0.185102,0.241966667,0.870424933,0.649116842,0.779697429,0.825028571,0.832475238,0.744685,0.87729,0.78721,0.824517193,0.772296667,0.821589231,0.658521818,0.66356,0.615658857,0.826783929,0.792405313,0.82654875,0.7919825,0.749818333,0.75142,0.663103125,0.773611667,0.72219459,0.784358889,0.6123733,0.56317,0.465073182,0.561434902,0.477419322,0.888025,0.838117778,0.90883,0.793677,0.902441667,0.851493488,0.670503684,0.757156667,0.430237778,0.378993429,0.86916,0.84012,0.862476667,0.76504,0.268214286,0.371286667,0.299764211,0.355085,0.547904444,0.61703,0.15589,0.407162,0.842026667,0.657542143,0.744339524,0.669971667,0.765986667,0.74359,0.729972,0.768221667
351,0.544236667,0.36383,0.6661625,0.531465,0.568598571,0.153586,0.278763333,0.8658776,0.654095789,0.768300286,0.82764,0.816070476,0.73233,0.81896,0.745166897,0.771182632,0.78103,0.755064615,0.624571515,0.7356,0.625235429,0.8007575,0.78090125,0.835425625,0.725140833,0.640861667,0.626394545,0.640685,0.736988889,0.66301377,0.741464444,0.5624981,0.52843,0.363364545,0.565095098,0.460039492,0.861575,0.830178889,0.87668,0.789613,0.879723333,0.815257674,0.686892105,0.709066667,0.378828889,0.362856,0.81885,0.75509,0.823536667,0.696630833,0.239044286,0.498113333,0.238085,0.352927857,0.542202222,0.603540794,0.24844,0.309122,0.74117,0.5542625,0.69637619,0.552216667,0.820989333,0.780597727,0.7067872,0.679136667
352,0.467096667,0.45293,0.63555,0.19091,0.338592857,0.099402,0.269246667,0.8231536,0.540734737,0.714125429,0.778486429,0.680721905,0.641905,0.78118,0.73463069,0.693678421,0.69547,0.694190769,0.574849091,0.72199,0.590954,0.751011964,0.700865625,0.7615725,0.764149167,0.639525167,0.711063636,0.587706875,0.684286111,0.687641311,0.710711778,0.5799858,0.10424,0.322204545,0.558788627,0.395541017,0.8103,0.620108889,0.83191,0.700606,0.840421667,0.765974884,0.585406316,0.835773333,0.363731111,0.451696286,0.80808,0.67098,0.74993,0.5734225,0.178242857,0.552986667,0.306498158,0.368430714,0.574762222,0.620237619,0.43424,0.443568,0.75258,0.580266786,0.596338095,0.480535,0.69728,0.72839,0.7019608,0.577996667
353,0.29668,0.38969,0.524595,0.115095,0.268425714,0.088528,0.18518,0.737225733,0.428111053,0.607506,0.670382143,0.547215238,0.518085,0.77688,0.67616931,0.660640175,0.714526667,0.647884615,0.485339697,0.60628,0.470138,0.710906071,0.69362625,0.66682625,0.6585225,0.4750395,0.587446364,0.56921375,0.603895556,0.589206721,0.673591556,0.4732929,0.08876,0.21823,0.475442941,0.386530508,0.668701667,0.458263333,0.710772,0.557793,0.718821667,0.683973488,0.459208421,0.712533333,0.228351111,0.336961143,0.64766,0.40252,0.591466667,0.477495,0.152941429,0.458906667,0.281199737,0.343302857,0.422705556,0.499985079,0.13589,0.348852,0.622181667,0.447579286,0.338164286,0.301971667,0.627103333,0.682235909,0.6060356,0.46445
354,0.403336667,0.19751,0.3335925,0.050495,0.203998571,0.048924,0.04153,0.539670533,0.316985789,0.415823143,0.429477143,0.320018571,0.396535,0.56596,0.486032069,0.477775789,0.45947,0.458490769,0.265534242,0.36937,0.257722286,0.5670225,0.551343125,0.492913125,0.458360833,0.3171775,0.376387273,0.393125,0.389497222,0.423980164,0.482970889,0.3635167,0.05748,0.102084091,0.289853725,0.249524746,0.296733333,0.270102222,0.444474,0.242068,0.502666667,0.500792326,0.322508421,0.521,0.09421,0.210738,0.51535,0.18462,0.40316,0.324863333,0.126808571,0.230856667,0.246456579,0.268632857,0.333372222,0.445435556,0.06952,0.22398,0.455653333,0.2947475,0.12691381,0.253031667,0.480329333,0.540701364,0.4086124,0.281881667
355,0.302866667,0.04041,0.0,0.05585,0.083594286,0.024754,0.003456667,0.0,0.0,0.0,0.0,0.0,0.0,0.0,0.227015172,0.268155614,0.325703333,0.0,0.0,0.0,0.0,0.094551429,0.0492725,0.019125,0.234031667,0.170479167,0.179196364,0.217601875,0.218072222,0.193423443,0.291666444,0.1901473,0.05263,2.0e-5,0.122382157,0.047876271,0.0,0.0,0.0,0.0,0.0,0.0,0.0,0.31215,0.020436667,0.094024571,0.0,0.0,0.0,0.0,0.081638571,0.07939,0.191343684,0.128773571,0.1599,0.303111429,0.19874,0.178542,0.0,0.099665,0.025159048,0.06855,2.47e-5,0.207262727,0.0104344,0.0
356,0.147076667,0.02012,0.0,0.0,0.0,0.0,0.0,0.0,0.0,0.0,0.0,0.0,0.0,0.0,0.0,0.0,0.0,0.0,0.0,0.0,0.0,0.0,0.0,0.0,0.0,0.0,0.0,0.0,0.0,0.0,0.0,0.0,0.0,0.0,0.0,0.0,0.0,0.0,0.0,0.0,0.0,0.0,0.0,0.0,0.0,0.0,0.0,0.0,0.0,0.0,0.014931429,0.004536667,0.027734737,0.0,0.0,0.0,0.0,0.0,0.0,0.0,0.0,0.0,0.0,0.0,0.0,0.0
357,0.0,0.0,0.0,0.0,0.0,0.0,0.0,0.0,0.0,0.0,0.0,0.0,0.0,0.0,0.0,0.0,0.0,0.0,0.0,0.0,0.0,0.0,0.0,0.0,0.0,0.0,0.0,0.0,0.0,0.0,0.0,0.0,0.0,0.0,0.0,0.0,0.0,0.0,0.0,0.0,0.0,0.0,0.0,0.0,0.0,0.0,0.0,0.0,0.0,0.0,0.0,0.0,0.0,0.0,0.0,0.0,0.0,0.0,0.0,0.0,0.0,0.0,0.0,0.0,0.0,0.0
358,0.0,0.0,0.0,0.0,0.0,0.0,0.0,0.0,0.0,0.0,0.0,0.0,0.0,0.0,0.0,0.0,0.0,0.0,0.0,0.0,0.0,0.0,0.0,0.0,0.0,0.0,0.0,0.0,0.0,0.0,0.0,0.0,0.0,0.0,0.0,0.0,0.0,0.0,0.0,0.0,0.0,0.0,0.0,0.0,0.0,0.0,0.0,0.0,0.0,0.0,0.0,0.0,0.0,0.0,0.0,0.0,0.0,0.0,0.0,0.0,0.0,0.0,0.0,0.0,0.0,0.0
359,0.0,0.0,0.0,0.0,0.0,0.0,0.0,0.0,0.0,0.0,0.0,0.0,0.0,0.0,0.0,0.0,0.0,0.0,0.0,0.0,0.0,0.0,0.0,0.0,0.0,0.0,0.0,0.0,0.0,0.0,0.0,0.0,0.0,0.0,0.0,0.0,0.0,0.0,0.0,0.0,0.0,0.0,0.0,0.0,0.0,0.0,0.0,0.0,0.0,0.0,0.0,0.0,0.0,0.0,0.0,0.0,0.0,0.0,0.0,0.0,0.0,0.0,0.0,0.0,0.0,0.0
360,0.0,0.0,0.0,0.0,0.0,0.0,0.0,0.0,0.0,0.0,0.0,0.0,0.0,0.0,0.0,0.0,0.0,0.0,0.0,0.0,0.0,0.0,0.0,0.0,0.0,0.0,0.0,0.0,0.0,0.0,0.0,0.0,0.0,0.0,0.0,0.0,0.0,0.0,0.0,0.0,0.0,0.0,0.0,0.0,0.0,0.0,0.0,0.0,0.0,0.0,0.0,0.0,0.0,0.0,0.0,0.0,0.0,0.0,0.0,0.0,0.0,0.0,0.0,0.0,0.0,0.0
361,0.0,0.0,0.0,0.0,0.0,0.0,0.0,0.0,0.0,0.0,0.0,0.0,0.0,0.0,0.0,0.0,0.0,0.0,0.0,0.0,0.0,0.0,0.0,0.0,0.0,0.0,0.0,0.0,0.0,0.0,0.0,0.0,0.0,0.0,0.0,0.0,0.0,0.0,0.0,0.0,0.0,0.0,0.0,0.0,0.0,0.0,0.0,0.0,0.0,0.0,0.0,0.0,0.0,0.0,0.0,0.0,0.0,0.0,0.0,0.0,0.0,0.0,0.0,0.0,0.0,0.0
362,0.0,0.0,0.0,0.0,0.0,0.0,0.0,0.0,0.0,0.0,0.0,0.0,0.0,0.0,0.0,0.0,0.0,0.0,0.0,0.0,0.0,0.0,0.0,0.0,0.0,0.0,0.0,0.0,0.0,0.0,0.0,0.0,0.0,0.0,0.0,0.0,0.0,0.0,0.0,0.0,0.0,0.0,0.0,0.0,0.0,0.0,0.0,0.0,0.0,0.0,0.0,0.0,0.0,0.0,0.0,0.0,0.0,0.0,0.0,0.0,0.0,0.0,0.0,0.0,0.0,0.0
363,0.0,0.0,0.0,0.0,0.0,0.0,0.0,0.0,0.0,0.0,0.0,0.0,0.0,0.0,0.0,0.0,0.0,0.0,0.0,0.0,0.0,0.0,0.0,0.0,0.0,0.0,0.0,0.0,0.0,0.0,0.0,0.0,0.0,0.0,0.0,0.0,0.0,0.0,0.0,0.0,0.0,0.0,0.0,0.0,0.0,0.0,0.0,0.0,0.0,0.0,0.0,0.0,0.0,0.0,0.0,0.0,0.0,0.0,0.0,0.0,0.0,0.0,0.0,0.0,0.0,0.0
364,0.0,0.0,0.0,0.0,0.0,0.0,0.0,0.0,0.0,0.0,0.0,0.0,0.0,0.0,0.0,0.0,0.0,0.0,0.0,0.0,0.0,0.0,0.0,0.0,0.0,0.0,0.0,0.0,0.0,0.0,0.0,0.0,0.0,0.0,0.0,0.0,0.0,0.0,0.0,0.0,0.0,0.0,0.0,0.0,0.0,0.0,0.0,0.0,0.0,0.0,0.0,0.0,0.0,0.0,0.0,0.0,0.0,0.0,0.0,0.0,0.0,0.0,0.0,0.0,0.0,0.0
365,0.0,0.0,0.0,0.0,0.0,0.0,0.0,0.0,0.0,0.0,0.0,0.0,0.0,0.0,0.0,0.0,0.0,0.0,0.0,0.0,0.0,0.0,0.0,0.0,0.0,0.0,0.0,0.0,0.0,0.0,0.0,0.0,0.0,0.0,0.0,0.0,0.0,0.0,0.0,0.0,0.0,0.0,0.0,0.0,0.0,0.0,0.0,0.0,0.0,0.0,0.0,0.0,0.0,0.0,0.0,0.0,0.0,0.0,0.0,0.0,0.0,0.0,0.0,0.0,0.0,0.0
366,0.0,0.0,0.0,0.0,0.0,0.0,0.0,0.0,0.0,0.0,0.0,0.0,0.0,0.0,0.0,0.0,0.0,0.0,0.0,0.0,0.0,0.0,0.0,0.0,0.0,0.0,0.0,0.0,0.0,0.0,0.0,0.0,0.0,0.0,0.0,0.0,0.0,0.0,0.0,0.0,0.0,0.0,0.0,0.0,0.0,0.0,0.0,0.0,0.0,0.0,0.0,0.0,0.0,0.0,0.0,0.0,0.0,0.0,0.0,0.0,0.0,0.0,0.0,0.0,0.0,0.0
367,0.0,0.0,0.5248575,0.0,0.0,0.0,0.0,0.498299733,0.302004211,0.357155143,0.400292857,0.307545714,0.11315,0.6158,0.151382759,0.264945439,0.000463333,0.304709231,0.053430303,0.03798,0.061512857,0.436828214,0.414715625,0.32737125,0.000458333,0.000167667,0.0,0.0,5.56e-7,0.0,2.47e-5,0.0,0.0,7.05e-5,5.53e-5,0.003256271,0.593976667,0.389675556,0.58005,0.51039,0.567593333,0.436390698,0.157815789,0.032126667,0.111488889,0.048449143,0.30888,0.46853,0.413213333,0.543428333,0.0,0.0,0.0,0.0,0.297045556,0.16710127,0.00239,0.088788,0.462843333,0.037888571,0.049757143,0.054403333,0.399121333,0.237349091,0.1658812,0.068056667
368,0.0,0.0,0.7219375,0.042585,0.103604286,0.017764,0.040943333,0.742631867,0.532932105,0.554173714,0.563771429,0.488120952,0.13859,0.6111,0.644233793,0.678710175,0.683883333,0.528183077,0.164491515,0.13984,0.159137143,0.675294643,0.6234175,0.62161375,0.274019167,0.298889667,0.184841818,0.22042625,0.555190556,0.386196885,0.527619111,0.1214961,0.03684,0.055435455,0.252068431,0.153570678,0.788013333,0.621864444,0.79896,0.736222,0.808403333,0.678867209,0.251276316,0.392756667,0.369805556,0.220622,0.56651,0.70364,0.764833333,0.696735833,0.106854286,0.19175,0.038726579,0.064007143,0.583085556,0.62118,0.0397,0.626504,0.632078333,0.182617143,0.20909619,0.183433333,0.656931333,0.683328182,0.513862,0.282285
369,0.05529,0.03911,0.74499625,0.237725,0.20144,0.06868,0.03706,0.846248267,0.666024211,0.638944571,0.722187143,0.66099381,0.335745,0.82175,0.733288276,0.805781579,0.8055,0.578386923,0.253938182,0.18852,0.263813143,0.78940375,0.73507,0.812904375,0.474538333,0.4744055,0.358526364,0.396306875,0.689537222,0.523255082,0.693736889,0.2194583,0.09626,0.143471364,0.379517059,0.257231525,0.876328333,0.760804444,0.902272,0.831419,0.880105,0.785454419,0.423120526,0.499373333,0.465613333,0.337768286,0.6605,0.8322,0.87847,0.804496667,0.52899,0.43193,0.226903947,0.139214286,0.7179,0.762121746,0.53791,0.751462,0.715271667,0.365958571,0.376715238,0.38038,0.784784,0.771912273,0.6259268,0.293975
370,0.27384,0.1919,0.6955725,0.47695,0.299667143,0.16077,0.1269,0.896935867,0.718354211,0.696232286,0.798792857,0.74730619,0.609825,0.85416,0.834431034,0.858937018,0.85431,0.62348,0.323827879,0.30829,0.303089429,0.873883036,0.8340875,0.886773125,0.684470833,0.556510667,0.466719091,0.407469375,0.767479444,0.67949377,0.778146222,0.3722098,0.33405,0.255780455,0.435889608,0.327825254,0.917593333,0.77936,0.933498,0.848952,0.903515,0.82773093,0.560006316,0.606703333,0.546251111,0.404095429,0.80996,0.87818,0.91152,0.8210525,0.721301429,0.70514,0.412616842,0.257735,0.809216667,0.80828873,0.66465,0.748906,0.526725,0.586825357,0.564754286,0.572678333,0.855328,0.789549091,0.6549628,0.346501667
371,0.294023333,0.07633,0.7751375,0.437765,0.325741429,0.23368,0.14602,0.902278933,0.712169474,0.737969429,0.858005714,0.773209048,0.662655,0.93638,0.854597931,0.872376667,0.85809,0.69581,0.432278182,0.36636,0.344824857,0.891272321,0.858600625,0.90849625,0.6722325,0.628109833,0.5385,0.4972625,0.753467222,0.719462623,0.802183778,0.4497143,0.25286,0.349425909,0.482291176,0.397690678,0.9006,0.71608,0.937352,0.825657,0.935191667,0.815391163,0.662488947,0.584436667,0.544316667,0.415880571,0.80921,0.87411,0.86665,0.787710833,0.762712857,0.730906667,0.451769211,0.378622143,0.833971111,0.807020476,0.78389,0.746906,0.530615,0.648764286,0.61452,0.623991667,0.882210667,0.819804545,0.6847252,0.424845
372,0.38661,0.10214,0.7246825,0.479,0.476474286,0.368156,0.173593333,0.8761664,0.691258421,0.749931429,0.833855714,0.72215381,0.63124,0.86182,0.830683103,0.831954035,0.847973333,0.69076,0.495492121,0.30899,0.367399714,0.857947857,0.861616563,0.89201625,0.659655833,0.682093333,0.571511818,0.7011325,0.752458333,0.750598361,0.782154,0.5293786,0.46032,0.365265,0.495159412,0.455141356,0.837365,0.672638889,0.930202,0.775049,0.910265,0.735643953,0.629463158,0.644873333,0.526102222,0.461440857,0.84162,0.87884,0.760723333,0.78661,0.666941429,0.769363333,0.448325789,0.520777857,0.785196667,0.77772619,0.81393,0.679514,0.61143,0.643437143,0.674645714,0.622178333,0.842776,0.837685909,0.6779496,0.478255
373,0.547363333,0.16849,0.7317825,0.53212,0.571337143,0.378166,0.221013333,0.8615588,0.682892105,0.773288571,0.829739286,0.775450952,0.660165,0.91995,0.786224138,0.79749614,0.794896667,0.698019231,0.524740303,0.52964,0.466542286,0.833389821,0.779464688,0.87811875,0.779526667,0.712893,0.642302727,0.607035,0.770734444,0.69885082,0.77179,0.5561301,0.3839,0.412432273,0.522293725,0.490008814,0.862863333,0.754844444,0.905282,0.771674,0.901003333,0.759346047,0.599318421,0.59276,0.454227778,0.398392286,0.83317,0.87534,0.789343333,0.756015,0.76717,0.721393333,0.504181053,0.546465,0.733942222,0.725785556,0.78445,0.686582,0.670686667,0.670745714,0.708536667,0.679405,0.844613333,0.783128182,0.7181424,0.49873
374,0.353243333,0.22732,0.72316625,0.468335,0.622705714,0.46565,0.349293333,0.8411016,0.714695263,0.781569143,0.807714286,0.746031429,0.779615,0.8461,0.779796897,0.733944035,0.69088,0.744764615,0.522025152,0.66792,0.540493429,0.792683036,0.747065,0.8540825,0.75804,0.699627167,0.636191818,0.523784375,0.757779444,0.725494262,0.718226222,0.5563769,0.43029,0.522205455,0.551434314,0.480790678,0.836458333,0.800092222,0.869484,0.786968,0.899861667,0.78377814,0.646276842,0.604473333,0.299967778,0.349184857,0.79326,0.85465,0.757313333,0.722081667,0.693575714,0.71151,0.54757,0.531615,0.648423333,0.660053016,0.61019,0.578194,0.658695,0.676712143,0.712227143,0.626145,0.766975333,0.789485909,0.66645,0.55519
375,0.377626667,0.27969,0.6917825,0.52029,0.612162857,0.369436,0.280013333,0.8074916,0.719363158,0.770963143,0.749020714,0.639541905,0.636335,0.8401,0.733241724,0.770457895,0.789776667,0.710978462,0.498727879,0.50914,0.472210857,0.764469464,0.720788438,0.836206875,0.6924125,0.665796167,0.589681818,0.46524875,0.742626667,0.690621475,0.730432667,0.5340849,0.50963,0.477645455,0.572305882,0.415099661,0.745028333,0.7253,0.824728,0.69488,0.852868333,0.757560698,0.586228947,0.432396667,0.239953333,0.303397143,0.8108,0.84743,0.660996667,0.6817475,0.623621429,0.767566667,0.512590526,0.544695,0.727574444,0.696553333,0.71413,0.584762,0.70903,0.588965,0.563433333,0.507981667,0.797965333,0.785481364,0.6628512,0.524716667
376,0.495486667,0.2184,0.62692375,0.31814,0.377892857,0.537898,0.193186667,0.753277867,0.593987895,0.641702,0.740459286,0.63854619,0.68769,0.87036,0.683237931,0.725776316,0.74002,0.635846923,0.558933636,0.47864,0.365636286,0.709361607,0.674207188,0.767386875,0.7131375,0.613176167,0.722245455,0.489223125,0.680013333,0.612491148,0.707958222,0.516131,0.34236,0.223315909,0.425015686,0.395268136,0.685061667,0.684712222,0.74376,0.610457,0.829605,0.716167674,0.643011579,0.403426667,0.18236,0.429750571,0.82135,0.75694,0.68767,0.646918333,0.563421429,0.78151,0.487975526,0.521121429,0.614475556,0.663566349,0.65008,0.610386,0.55506,0.6230675,0.490981905,0.407418333,0.687580667,0.706400909,0.601966,0.408793333
377,0.34878,0.54715,0.52641375,0.171975,0.365838571,0.52904,0.220206667,0.685033333,0.511743158,0.596089429,0.62103,0.463218571,0.518185,0.75593,0.605684828,0.620759298,0.666506667,0.542264615,0.410903636,0.37423,0.249223429,0.631052143,0.5395925,0.6087075,0.612321667,0.5028965,0.602802727,0.37298125,0.618318889,0.561423115,0.592204444,0.4994013,0.38891,0.142163182,0.331951961,0.307546102,0.565376667,0.459143333,0.55556,0.498255,0.72405,0.631766977,0.501225789,0.285046667,0.130144444,0.294920571,0.63761,0.61107,0.500273333,0.4952775,0.621368571,0.660746667,0.429452368,0.514287143,0.486312222,0.570553333,0.51178,0.247564,0.518998333,0.550881071,0.302222381,0.228211667,0.637066667,0.691855909,0.4737036,0.401023333
378,0.2562,0.22444,0.3490575,0.167785,0.405852857,0.349284,0.15383,0.500088667,0.354602632,0.412155429,0.330375714,0.21317381,0.245845,0.5593,0.411751034,0.524665088,0.56322,0.312833077,0.193292727,0.1825,0.118210286,0.511707321,0.443123438,0.468676875,0.501176667,0.366465667,0.521759091,0.29641125,0.430132778,0.413157705,0.472523333,0.3843655,0.49465,0.072645,0.218835882,0.23179,0.20305,0.168221111,0.366234,0.253683,0.46148,0.42134814,0.224435789,0.148286667,0.06092,0.162524,0.53366,0.42835,0.284486667,0.276469167,0.536571429,0.373076667,0.406662105,0.487922143,0.400526667,0.412740952,0.4735,0.128314,0.284565,0.399847143,0.13386381,0.118803333,0.501140667,0.553859545,0.3247996,0.257398333
379,0.104763333,0.20276,0.0,0.25974,0.329721429,0.194534,0.061803333,0.0,0.0,0.0,0.0,0.0,0.0,0.0,0.175137241,0.27536386,0.36286,0.0,0.0,0.0,0.0,0.077528571,0.046391563,0.017888125,0.295439167,0.174737833,0.352442727,0.153756875,0.329768889,0.33784541,0.307100222,0.2352084,0.24679,0.0,0.102254902,0.069205593,0.0,0.0,0.0,0.0,0.0,0.0,0.0,0.199793333,0.012865556,0.035791429,0.0,0.0,0.0,0.0,0.333747143,0.122463333,0.302572105,0.268734286,0.263953333,0.246287143,0.15717,0.06938,0.0,0.222831429,0.032797619,0.066616667,2.47e-5,0.224887273,0.0137096,0.0
380,0.100806667,0.0373,0.0,0.0,0.0,0.0,0.0,0.0,0.0,0.0,0.0,0.0,0.0,0.0,0.0,0.0,0.0,0.0,0.0,0.0,0.0,0.0,0.0,0.0,0.0,0.0,0.0,0.0,0.0,0.0,0.0,0.0,0.0,0.0,0.0,0.0,0.0,0.0,0.0,0.0,0.0,0.0,0.0,0.0,0.0,0.0,0.0,0.0,0.0,0.0,0.024982857,0.059506667,0.023270263,0.0,0.0,0.0,0.0,0.0,0.0,0.0,0.0,0.0,0.0,0.0,0.0,0.0
381,0.0,0.0,0.0,0.0,0.0,0.0,0.0,0.0,0.0,0.0,0.0,0.0,0.0,0.0,0.0,0.0,0.0,0.0,0.0,0.0,0.0,0.0,0.0,0.0,0.0,0.0,0.0,0.0,0.0,0.0,0.0,0.0,0.0,0.0,0.0,0.0,0.0,0.0,0.0,0.0,0.0,0.0,0.0,0.0,0.0,0.0,0.0,0.0,0.0,0.0,0.0,0.0,0.0,0.0,0.0,0.0,0.0,0.0,0.0,0.0,0.0,0.0,0.0,0.0,0.0,0.0
382,0.0,0.0,0.0,0.0,0.0,0.0,0.0,0.0,0.0,0.0,0.0,0.0,0.0,0.0,0.0,0.0,0.0,0.0,0.0,0.0,0.0,0.0,0.0,0.0,0.0,0.0,0.0,0.0,0.0,0.0,0.0,0.0,0.0,0.0,0.0,0.0,0.0,0.0,0.0,0.0,0.0,0.0,0.0,0.0,0.0,0.0,0.0,0.0,0.0,0.0,0.0,0.0,0.0,0.0,0.0,0.0,0.0,0.0,0.0,0.0,0.0,0.0,0.0,0.0,0.0,0.0
383,0.0,0.0,0.0,0.0,0.0,0.0,0.0,0.0,0.0,0.0,0.0,0.0,0.0,0.0,0.0,0.0,0.0,0.0,0.0,0.0,0.0,0.0,0.0,0.0,0.0,0.0,0.0,0.0,0.0,0.0,0.0,0.0,0.0,0.0,0.0,0.0,0.0,0.0,0.0,0.0,0.0,0.0,0.0,0.0,0.0,0.0,0.0,0.0,0.0,0.0,0.0,0.0,0.0,0.0,0.0,0.0,0.0,0.0,0.0,0.0,0.0,0.0,0.0,0.0,0.0,0.0
384,0.0,0.0,0.0,0.0,0.0,0.0,0.0,0.0,0.0,0.0,0.0,0.0,0.0,0.0,0.0,0.0,0.0,0.0,0.0,0.0,0.0,0.0,0.0,0.0,0.0,0.0,0.0,0.0,0.0,0.0,0.0,0.0,0.0,0.0,0.0,0.0,0.0,0.0,0.0,0.0,0.0,0.0,0.0,0.0,0.0,0.0,0.0,0.0,0.0,0.0,0.0,0.0,0.0,0.0,0.0,0.0,0.0,0.0,0.0,0.0,0.0,0.0,0.0,0.0,0.0,0.0
385,0.0,0.0,0.0,0.0,0.0,0.0,0.0,0.0,0.0,0.0,0.0,0.0,0.0,0.0,0.0,0.0,0.0,0.0,0.0,0.0,0.0,0.0,0.0,0.0,0.0,0.0,0.0,0.0,0.0,0.0,0.0,0.0,0.0,0.0,0.0,0.0,0.0,0.0,0.0,0.0,0.0,0.0,0.0,0.0,0.0,0.0,0.0,0.0,0.0,0.0,0.0,0.0,0.0,0.0,0.0,0.0,0.0,0.0,0.0,0.0,0.0,0.0,0.0,0.0,0.0,0.0
386,0.0,0.0,0.0,0.0,0.0,0.0,0.0,0.0,0.0,0.0,0.0,0.0,0.0,0.0,0.0,0.0,0.0,0.0,0.0,0.0,0.0,0.0,0.0,0.0,0.0,0.0,0.0,0.0,0.0,0.0,0.0,0.0,0.0,0.0,0.0,0.0,0.0,0.0,0.0,0.0,0.0,0.0,0.0,0.0,0.0,0.0,0.0,0.0,0.0,0.0,0.0,0.0,0.0,0.0,0.0,0.0,0.0,0.0,0.0,0.0,0.0,0.0,0.0,0.0,0.0,0.0
387,0.0,0.0,0.0,0.0,0.0,0.0,0.0,0.0,0.0,0.0,0.0,0.0,0.0,0.0,0.0,0.0,0.0,0.0,0.0,0.0,0.0,0.0,0.0,0.0,0.0,0.0,0.0,0.0,0.0,0.0,0.0,0.0,0.0,0.0,0.0,0.0,0.0,0.0,0.0,0.0,0.0,0.0,0.0,0.0,0.0,0.0,0.0,0.0,0.0,0.0,0.0,0.0,0.0,0.0,0.0,0.0,0.0,0.0,0.0,0.0,0.0,0.0,0.0,0.0,0.0,0.0
388,0.0,0.0,0.0,0.0,0.0,0.0,0.0,0.0,0.0,0.0,0.0,0.0,0.0,0.0,0.0,0.0,0.0,0.0,0.0,0.0,0.0,0.0,0.0,0.0,0.0,0.0,0.0,0.0,0.0,0.0,0.0,0.0,0.0,0.0,0.0,0.0,0.0,0.0,0.0,0.0,0.0,0.0,0.0,0.0,0.0,0.0,0.0,0.0,0.0,0.0,0.0,0.0,0.0,0.0,0.0,0.0,0.0,0.0,0.0,0.0,0.0,0.0,0.0,0.0,0.0,0.0
389,0.0,0.0,0.0,0.0,0.0,0.0,0.0,0.0,0.0,0.0,0.0,0.0,0.0,0.0,0.0,0.0,0.0,0.0,0.0,0.0,0.0,0.0,0.0,0.0,0.0,0.0,0.0,0.0,0.0,0.0,0.0,0.0,0.0,0.0,0.0,0.0,0.0,0.0,0.0,0.0,0.0,0.0,0.0,0.0,0.0,0.0,0.0,0.0,0.0,0.0,0.0,0.0,0.0,0.0,0.0,0.0,0.0,0.0,0.0,0.0,0.0,0.0,0.0,0.0,0.0,0.0
390,0.0,0.0,0.0,0.0,0.0,0.0,0.0,0.0,0.0,0.0,0.0,0.0,0.0,0.0,0.0,0.0,0.0,0.0,0.0,0.0,0.0,0.0,0.0,0.0,0.0,0.0,0.0,0.0,0.0,0.0,0.0,0.0,0.0,0.0,0.0,0.0,0.0,0.0,0.0,0.0,0.0,0.0,0.0,0.0,0.0,0.0,0.0,0.0,0.0,0.0,0.0,0.0,0.0,0.0,0.0,0.0,0.0,0.0,0.0,0.0,0.0,0.0,0.0,0.0,0.0,0.0
391,0.0,0.0,0.54874375,0.0,0.0,0.0,0.0,0.490814667,0.356584211,0.341708571,0.255749286,0.230605714,0.02368,0.48497,0.174036207,0.263755789,0.000636667,0.062523077,0.010864545,0.00141,0.031108571,0.498533036,0.465825313,0.49082375,0.0016375,6.57e-5,0.0,0.0,0.0,0.0,1.18e-5,0.0,0.0,0.001165909,0.000178039,0.001510508,0.558195,0.336143333,0.539004,0.494425,0.427905,0.263983023,0.047634737,0.060206667,0.014968889,0.005825429,0.31488,0.34297,0.394693333,0.534325833,0.0,0.0,0.0,0.0,0.289327778,0.086495079,0.00626,0.006708,0.36982,0.163317143,0.111381429,0.124611667,0.283448667,0.176735909,0.0752736,0.081816667
392,0.0,0.0,0.67359625,0.08343,0.074302857,0.084574,0.092373333,0.734461067,0.577594211,0.535187714,0.402153571,0.385508095,0.169195,0.68246,0.664355862,0.718235088,0.661243333,0.155679231,0.067358788,0.09418,0.111160571,0.75302125,0.719342813,0.7807875,0.470565833,0.452602,0.451620909,0.2739525,0.426913333,0.498341967,0.478257556,0.301686,0.07217,0.099166818,0.236325098,0.151973051,0.749291667,0.505461111,0.698664,0.672806,0.535076667,0.432090465,0.125344211,0.494616667,0.160774444,0.110615143,0.61557,0.62489,0.720626667,0.658178333,0.007698571,0.075303333,0.117375526,0.118125,0.572912222,0.432691746,0.04675,0.074794,0.55248,0.471243929,0.353802857,0.296005,0.499724,0.463496364,0.2595596,0.298081667
393,0.023743333,0.15824,0.74869875,0.225255,0.163174286,0.3961,0.128816667,0.8215396,0.677934211,0.588074286,0.494684286,0.478892857,0.239885,0.70462,0.81124,0.832313333,0.809896667,0.227571538,0.137751818,0.15234,0.173166857,0.866649821,0.832456875,0.8684975,0.712178333,0.668551333,0.683496364,0.40755,0.650723333,0.682295738,0.611312444,0.498148,0.08924,0.160209545,0.367746863,0.295202542,0.791875,0.580668889,0.79168,0.715986,0.718546667,0.558958372,0.248357895,0.665046667,0.237738889,0.227176571,0.77332,0.76381,0.734933333,0.628759167,0.082315714,0.055366667,0.216254474,0.349755,0.660347778,0.530729048,0.43423,0.207034,0.655365,0.6887025,0.479591429,0.451665,0.623606,0.524524091,0.3208408,0.362455
394,0.09622,0.54596,0.7144675,0.43096,0.349684286,0.473072,0.204976667,0.8679468,0.731348947,0.672964857,0.563137143,0.551668095,0.4512,0.8171,0.869147586,0.881755088,0.854786667,0.340957692,0.239686667,0.31797,0.233818857,0.90904375,0.887935938,0.8968275,0.760529167,0.6849195,0.726240909,0.473988125,0.712549444,0.762613279,0.686100444,0.6654268,0.2249,0.162820909,0.468425294,0.438740169,0.841838333,0.666305556,0.827326,0.740935,0.814146667,0.637534884,0.351601579,0.65538,0.304682222,0.276958286,0.84053,0.8461,0.809573333,0.7018075,0.206924286,0.10969,0.326440526,0.565007143,0.780041111,0.533794286,0.52422,0.23975,0.684193333,0.775957857,0.622495714,0.608075,0.695749333,0.613939545,0.3309816,0.399655
395,0.137743333,0.42862,0.66260625,0.472495,0.465932857,0.606718,0.30518,0.877282533,0.740431579,0.710130857,0.548850714,0.506438571,0.448515,0.85932,0.882277241,0.886507193,0.86988,0.376701538,0.333892727,0.39826,0.320099143,0.903209821,0.892738438,0.89250875,0.7928375,0.727927,0.746423636,0.5605575,0.758219444,0.813161311,0.725635556,0.7697225,0.39139,0.214505455,0.579633725,0.51748,0.75568,0.678824444,0.802612,0.694451,0.785366667,0.646502558,0.414582105,0.690376667,0.521531111,0.3069,0.86364,0.85281,0.769626667,0.735490833,0.215725714,0.122333333,0.417721053,0.583812857,0.787997778,0.581474921,0.46037,0.17053,0.781185,0.798684643,0.70066381,0.647768333,0.741408,0.722574091,0.3951936,0.49077
396,0.211473333,0.56035,0.74432375,0.570585,0.627845714,0.607624,0.325716667,0.862577467,0.718355263,0.696828571,0.644127857,0.599397143,0.625765,0.87228,0.812007931,0.839913509,0.835793333,0.449406154,0.454427879,0.51499,0.383577429,0.88275375,0.863243438,0.878339375,0.818385,0.743791833,0.668198182,0.5861225,0.745257222,0.83425541,0.772971333,0.7965386,0.34028,0.27844,0.646912157,0.554652034,0.74514,0.765158889,0.819674,0.755959,0.765396667,0.681020233,0.500092105,0.82522,0.543207778,0.343764857,0.81753,0.83338,0.729866667,0.7930425,0.24119,0.26259,0.549708684,0.620478571,0.71673,0.545481429,0.41045,0.203578,0.693451667,0.82498,0.713710476,0.66255,0.68446,0.667977727,0.474132,0.547981667
397,0.3336,0.53453,0.72872125,0.509405,0.607838571,0.582738,0.396656667,0.8383808,0.732517895,0.744800857,0.682386429,0.641517619,0.664055,0.86351,0.801057586,0.783984211,0.787936667,0.530774615,0.443405758,0.62685,0.390468571,0.818413571,0.774044375,0.81357375,0.7291275,0.665281167,0.601622727,0.6512225,0.764786667,0.810409016,0.711301556,0.8010796,0.47602,0.359595909,0.623978235,0.539188136,0.78074,0.754717778,0.779822,0.767518,0.782273333,0.674596279,0.547028947,0.74575,0.560602222,0.389730571,0.80157,0.78561,0.755486667,0.659706667,0.33869,0.366146667,0.596080263,0.544251429,0.584221111,0.50644873,0.28086,0.212764,0.662705,0.7673175,0.754842857,0.681873333,0.701174,0.688519545,0.494484,0.517698333
398,0.397633333,0.62123,0.717075,0.629875,0.620238571,0.585744,0.438363333,0.8305372,0.728894737,0.737938286,0.711847143,0.645014762,0.702535,0.80642,0.819721724,0.778731754,0.793326667,0.647230769,0.484255455,0.42358,0.398211143,0.769654643,0.7712425,0.75054125,0.717969167,0.623518,0.61341,0.54504875,0.740661667,0.796813934,0.714596,0.7606458,0.43138,0.378871818,0.603660196,0.566634915,0.687825,0.699783333,0.749912,0.715354,0.819721667,0.709084186,0.557452632,0.702626667,0.618941111,0.415724857,0.78881,0.78889,0.667956667,0.653355833,0.424417143,0.52624,0.642608947,0.570067143,0.576555556,0.520485556,0.13169,0.14403,0.729461667,0.756180357,0.739234762,0.62568,0.717268667,0.672172727,0.5683184,0.612845
399,0.41054,0.44051,0.60151875,0.44747,0.587628571,0.633082,0.469513333,0.795455867,0.680259474,0.752053143,0.600823571,0.63318619,0.603025,0.78367,0.764392759,0.768949474,0.730883333,0.576377692,0.384094242,0.54202,0.386555714,0.7406575,0.698497188,0.706020625,0.673326667,0.5478745,0.661788182,0.469178125,0.771969444,0.727028852,0.684772222,0.6824668,0.36011,0.337818636,0.589943529,0.509203729,0.572516667,0.637544444,0.613096,0.555616,0.697113333,0.625401163,0.499508421,0.630933333,0.566843333,0.369971143,0.76796,0.77211,0.606453333,0.644466667,0.567334286,0.59452,0.589676053,0.593525714,0.521367778,0.417185714,0.20048,0.208276,0.61318,0.680772143,0.618617619,0.59696,0.748010667,0.672359545,0.6345216,0.48616
400,0.52293,0.60459,0.621815,0.628445,0.406087143,0.654882,0.178596667,0.742911333,0.602531579,0.664127429,0.581258571,0.547431429,0.406905,0.73692,0.758905862,0.718863158,0.7114,0.639257692,0.279505152,0.28072,0.333856,0.733580357,0.722019375,0.577253125,0.699353333,0.6279125,0.705896364,0.46168875,0.739978333,0.74540918,0.615378,0.6749656,0.50573,0.195613182,0.611536667,0.520568475,0.521253333,0.466187778,0.48538,0.516361,0.661961667,0.592037674,0.321326842,0.43618,0.504307778,0.215910857,0.73048,0.70325,0.60487,0.538936667,0.414401429,0.26922,0.504801842,0.565155,0.534767778,0.440385714,0.14845,0.08352,0.621576667,0.722568929,0.730561905,0.68928,0.689079333,0.687983636,0.6202036,0.550288333
401,0.45003,0.31381,0.46325125,0.57818,0.305607143,0.59189,0.162833333,0.628195733,0.516472632,0.543244857,0.508292143,0.447472381,0.21615,0.51463,0.688232069,0.673421404,0.599336667,0.528986923,0.193169394,0.18923,0.226725429,0.642527143,0.664652188,0.437416875,0.62322,0.546626833,0.680106364,0.522069375,0.626325556,0.652092295,0.569561556,0.5928252,0.56571,0.197840909,0.557132745,0.455429661,0.439938333,0.414345556,0.4144,0.372794,0.490536667,0.499281395,0.228178947,0.224143333,0.416893333,0.159119429,0.62784,0.60522,0.532523333,0.479641667,0.624588571,0.337116667,0.484935263,0.542591429,0.416288889,0.310910476,0.05682,0.048562,0.458245,0.618072143,0.582715238,0.474883333,0.565376,0.610273636,0.5620192,0.474395
402,0.452813333,0.29667,0.26347625,0.53915,0.22987,0.445578,0.055443333,0.447045067,0.380370526,0.373838,0.337019286,0.182771905,0.1384,0.36207,0.591685172,0.551552982,0.535543333,0.28616,0.083126061,0.07169,0.117759143,0.538273036,0.538425313,0.31953125,0.518050833,0.349992833,0.584801818,0.467415625,0.525352222,0.537190164,0.482165111,0.4980347,0.63072,0.131295455,0.409441373,0.326140339,0.130778333,0.107881111,0.303788,0.125745,0.43543,0.289031163,0.095641579,0.081586667,0.170102222,0.071022571,0.27092,0.35023,0.268913333,0.202621667,0.658707143,0.253683333,0.41652,0.391349286,0.247656667,0.194400317,0.01513,0.019562,0.341426667,0.474566786,0.38688619,0.271643333,0.429658667,0.420738636,0.4035356,0.321523333
403,0.247276667,0.25931,0.0,0.22963,0.122362857,0.308436,0.012773333,0.0,0.0,0.0,0.0,0.0,0.0,0.0,0.261014138,0.279393509,0.341896667,0.0,0.0,0.0,0.0,0.103883393,0.044805,0.0258375,0.214023333,0.167339,0.398312727,0.291743125,0.303132222,0.34075082,0.317993333,0.2847574,0.4573,0.0,0.245026471,0.111837627,0.0,0.0,0.0,0.0,0.0,0.0,0.0,0.006696667,0.007395556,0.006646857,0.0,0.0,0.0,0.0,0.381288571,0.140986667,0.287628421,0.247910714,0.10236,0.079290317,0.00422,0.001074,0.0,0.197475,0.08698,0.026963333,8.0e-6,0.171364545,0.0002356,0.0
404,0.100126667,0.04393,0.0,0.0,0.0,0.0,0.0,0.0,0.0,0.0,0.0,0.0,0.0,0.0,0.0,0.0,0.0,0.0,0.0,0.0,0.0,0.0,0.0,0.0,0.0,0.0,0.0,0.0,0.0,0.0,0.0,0.0,0.0,0.0,0.0,0.0,0.0,0.0,0.0,0.0,0.0,0.0,0.0,0.0,0.0,0.0,0.0,0.0,0.0,0.0,0.00039,0.0074,0.009524211,0.0,0.0,0.0,0.0,0.0,0.0,0.0,0.0,0.0,0.0,0.0,0.0,0.0
405,0.0,0.0,0.0,0.0,0.0,0.0,0.0,0.0,0.0,0.0,0.0,0.0,0.0,0.0,0.0,0.0,0.0,0.0,0.0,0.0,0.0,0.0,0.0,0.0,0.0,0.0,0.0,0.0,0.0,0.0,0.0,0.0,0.0,0.0,0.0,0.0,0.0,0.0,0.0,0.0,0.0,0.0,0.0,0.0,0.0,0.0,0.0,0.0,0.0,0.0,0.0,0.0,0.0,0.0,0.0,0.0,0.0,0.0,0.0,0.0,0.0,0.0,0.0,0.0,0.0,0.0
406,0.0,0.0,0.0,0.0,0.0,0.0,0.0,0.0,0.0,0.0,0.0,0.0,0.0,0.0,0.0,0.0,0.0,0.0,0.0,0.0,0.0,0.0,0.0,0.0,0.0,0.0,0.0,0.0,0.0,0.0,0.0,0.0,0.0,0.0,0.0,0.0,0.0,0.0,0.0,0.0,0.0,0.0,0.0,0.0,0.0,0.0,0.0,0.0,0.0,0.0,0.0,0.0,0.0,0.0,0.0,0.0,0.0,0.0,0.0,0.0,0.0,0.0,0.0,0.0,0.0,0.0
407,0.0,0.0,0.0,0.0,0.0,0.0,0.0,0.0,0.0,0.0,0.0,0.0,0.0,0.0,0.0,0.0,0.0,0.0,0.0,0.0,0.0,0.0,0.0,0.0,0.0,0.0,0.0,0.0,0.0,0.0,0.0,0.0,0.0,0.0,0.0,0.0,0.0,0.0,0.0,0.0,0.0,0.0,0.0,0.0,0.0,0.0,0.0,0.0,0.0,0.0,0.0,0.0,0.0,0.0,0.0,0.0,0.0,0.0,0.0,0.0,0.0,0.0,0.0,0.0,0.0,0.0
408,0.0,0.0,0.0,0.0,0.0,0.0,0.0,0.0,0.0,0.0,0.0,0.0,0.0,0.0,0.0,0.0,0.0,0.0,0.0,0.0,0.0,0.0,0.0,0.0,0.0,0.0,0.0,0.0,0.0,0.0,0.0,0.0,0.0,0.0,0.0,0.0,0.0,0.0,0.0,0.0,0.0,0.0,0.0,0.0,0.0,0.0,0.0,0.0,0.0,0.0,0.0,0.0,0.0,0.0,0.0,0.0,0.0,0.0,0.0,0.0,0.0,0.0,0.0,0.0,0.0,0.0
409,0.0,0.0,0.0,0.0,0.0,0.0,0.0,0.0,0.0,0.0,0.0,0.0,0.0,0.0,0.0,0.0,0.0,0.0,0.0,0.0,0.0,0.0,0.0,0.0,0.0,0.0,0.0,0.0,0.0,0.0,0.0,0.0,0.0,0.0,0.0,0.0,0.0,0.0,0.0,0.0,0.0,0.0,0.0,0.0,0.0,0.0,0.0,0.0,0.0,0.0,0.0,0.0,0.0,0.0,0.0,0.0,0.0,0.0,0.0,0.0,0.0,0.0,0.0,0.0,0.0,0.0
410,0.0,0.0,0.0,0.0,0.0,0.0,0.0,0.0,0.0,0.0,0.0,0.0,0.0,0.0,0.0,0.0,0.0,0.0,0.0,0.0,0.0,0.0,0.0,0.0,0.0,0.0,0.0,0.0,0.0,0.0,0.0,0.0,0.0,0.0,0.0,0.0,0.0,0.0,0.0,0.0,0.0,0.0,0.0,0.0,0.0,0.0,0.0,0.0,0.0,0.0,0.0,0.0,0.0,0.0,0.0,0.0,0.0,0.0,0.0,0.0,0.0,0.0,0.0,0.0,0.0,0.0
411,0.0,0.0,0.0,0.0,0.0,0.0,0.0,0.0,0.0,0.0,0.0,0.0,0.0,0.0,0.0,0.0,0.0,0.0,0.0,0.0,0.0,0.0,0.0,0.0,0.0,0.0,0.0,0.0,0.0,0.0,0.0,0.0,0.0,0.0,0.0,0.0,0.0,0.0,0.0,0.0,0.0,0.0,0.0,0.0,0.0,0.0,0.0,0.0,0.0,0.0,0.0,0.0,0.0,0.0,0.0,0.0,0.0,0.0,0.0,0.0,0.0,0.0,0.0,0.0,0.0,0.0
412,0.0,0.0,0.0,0.0,0.0,0.0,0.0,0.0,0.0,0.0,0.0,0.0,0.0,0.0,0.0,0.0,0.0,0.0,0.0,0.0,0.0,0.0,0.0,0.0,0.0,0.0,0.0,0.0,0.0,0.0,0.0,0.0,0.0,0.0,0.0,0.0,0.0,0.0,0.0,0.0,0.0,0.0,0.0,0.0,0.0,0.0,0.0,0.0,0.0,0.0,0.0,0.0,0.0,0.0,0.0,0.0,0.0,0.0,0.0,0.0,0.0,0.0,0.0,0.0,0.0,0.0
413,0.0,0.0,0.0,0.0,0.0,0.0,0.0,0.0,0.0,0.0,0.0,0.0,0.0,0.0,0.0,0.0,0.0,0.0,0.0,0.0,0.0,0.0,0.0,0.0,0.0,0.0,0.0,0.0,0.0,0.0,0.0,0.0,0.0,0.0,0.0,0.0,0.0,0.0,0.0,0.0,0.0,0.0,0.0,0.0,0.0,0.0,0.0,0.0,0.0,0.0,0.0,0.0,0.0,0.0,0.0,0.0,0.0,0.0,0.0,0.0,0.0,0.0,0.0,0.0,0.0,0.0
414,0.0,0.0,0.0,0.0,0.0,0.0,0.0,0.0,0.0,0.0,0.0,0.0,0.0,0.0,0.0,0.0,0.0,0.0,0.0,0.0,0.0,0.0,0.0,0.0,0.0,0.0,0.0,0.0,0.0,0.0,0.0,0.0,0.0,0.0,0.0,0.0,0.0,0.0,0.0,0.0,0.0,0.0,0.0,0.0,0.0,0.0,0.0,0.0,0.0,0.0,0.0,0.0,0.0,0.0,0.0,0.0,0.0,0.0,0.0,0.0,0.0,0.0,0.0,0.0,0.0,0.0
415,0.0,0.0,0.391165,0.0,0.0,0.0,0.0,0.413085867,0.296906316,0.323390857,0.060272143,0.084556667,0.047895,0.57342,0.141005862,0.20689193,0.000283333,0.422816154,0.214175455,0.37736,0.215727429,0.476578036,0.435088125,0.441849375,0.001210833,7.08e-5,0.0,3.13e-6,0.0,0.0,6.0e-6,0.0,0.0,0.018143182,3.73e-5,0.026458305,0.35875,0.393673333,0.377554,0.384282,0.385981667,0.283343721,0.107825263,0.028466667,0.045781111,0.009376857,0.47359,0.52921,0.2847,0.367063333,0.0,0.0,0.0,0.0,0.068852222,0.045003333,0.00173,0.00618,0.396625,0.225244643,0.165102381,0.172585,0.397962667,0.232680909,0.2461976,0.197558333
416,0.0,0.0,0.577195,0.18728,0.181882857,0.039068,0.225003333,0.65069,0.49488,0.528425714,0.150449286,0.252447619,0.153345,0.73711,0.644052069,0.634239474,0.62915,0.532533846,0.343808182,0.58479,0.451540571,0.748565893,0.697971563,0.731455,0.509798333,0.514552333,0.418672727,0.3776075,0.469493333,0.466494426,0.452858444,0.3533897,0.28845,0.438319091,0.382498627,0.312103051,0.562378333,0.585343333,0.602494,0.587507,0.608413333,0.466101163,0.191905789,0.310323333,0.262731111,0.115848857,0.66513,0.75434,0.5295,0.405909167,0.273602857,0.106543333,0.235923947,0.037297143,0.264837778,0.169548889,0.0339,0.031932,0.578888333,0.539880714,0.512487619,0.368688333,0.615479333,0.65178,0.5884852,0.582733333
417,0.16271,0.39196,0.72408375,0.243425,0.319882857,0.059366,0.411453333,0.781206,0.643018947,0.640885714,0.194397143,0.256511429,0.24924,0.74758,0.770876207,0.772799123,0.758536667,0.650939231,0.436808788,0.55617,0.567223714,0.855097679,0.826245313,0.867373125,0.71291,0.717955833,0.650176364,0.587090625,0.670420556,0.612063115,0.662804444,0.5318689,0.47611,0.518755909,0.538652157,0.47454661,0.561731667,0.641722222,0.737134,0.7064,0.657465,0.607226279,0.327962632,0.517103333,0.598981111,0.216017429,0.77212,0.82643,0.519823333,0.521704167,0.47318,0.32173,0.411459737,0.108237143,0.418271111,0.261459683,0.44897,0.043812,0.69718,0.749609643,0.671810476,0.546028333,0.716512,0.745497273,0.74728,0.729256667
418,0.15688,0.42157,0.79048625,0.329975,0.436002857,0.095542,0.569133333,0.856454133,0.723286316,0.723241714,0.203195714,0.363962381,0.329695,0.82603,0.84975,0.831347544,0.82442,0.737706923,0.570574545,0.59198,0.687987143,0.900549107,0.87058625,0.891519375,0.822685,0.796250333,0.694620909,0.68017875,0.802291111,0.751731475,0.788825333,0.6623096,0.58108,0.668685909,0.63111451,0.568930169,0.596483333,0.640813333,0.825146,0.764903,0.672911667,0.68069186,0.490311579,0.710103333,0.736686667,0.320853714,0.78044,0.8679,0.453886667,0.627703333,0.687097143,0.687253333,0.673369737,0.278865,0.372896667,0.346330794,0.17646,0.031508,0.780566667,0.837456071,0.77004,0.67162,0.800340667,0.804176364,0.7975236,0.780078333
419,0.195546667,0.43493,0.75616875,0.454515,0.521954286,0.134034,0.551976667,0.86108,0.71164,0.770789714,0.224790714,0.432267143,0.462285,0.87589,0.857698276,0.857053509,0.828476667,0.747691538,0.551781515,0.47461,0.63337,0.890143929,0.882094063,0.843493125,0.859293333,0.811748667,0.744830909,0.760696875,0.824775556,0.799090328,0.825710667,0.6959155,0.64409,0.667470909,0.678570784,0.647962712,0.538055,0.724378889,0.714012,0.732075,0.672678333,0.643469767,0.435105263,0.817116667,0.787301111,0.404653143,0.836,0.85842,0.436526667,0.65404,0.814564286,0.80086,0.784731053,0.321830714,0.321135556,0.494531429,0.12879,0.047448,0.781503333,0.860971786,0.80796619,0.750041667,0.824398,0.817282727,0.7975952,0.792233333
420,0.20874,0.61733,0.69056,0.44243,0.567124286,0.241514,0.62639,0.854360267,0.765550526,0.784246857,0.250193571,0.409975714,0.424065,0.83746,0.82826069,0.815978246,0.791553333,0.678545385,0.540747273,0.72318,0.67557,0.7968875,0.811051875,0.75426,0.875329167,0.783306333,0.731779091,0.762668125,0.820145556,0.802111475,0.801523778,0.7050166,0.56262,0.752268182,0.710863922,0.682887119,0.547458333,0.747764444,0.668942,0.663345,0.602481667,0.691987907,0.475283158,0.84553,0.715915556,0.455076857,0.83597,0.80126,0.463903333,0.723830833,0.821742857,0.781773333,0.801433947,0.464197143,0.366111111,0.523374603,0.0778,0.141314,0.727965,0.815497857,0.801727143,0.781158333,0.739308667,0.821506364,0.7390976,0.765216667
421,0.36661,0.62074,0.72039875,0.4241,0.521701429,0.322382,0.59544,0.821045733,0.701824737,0.775001429,0.272717143,0.387259524,0.416365,0.85256,0.810417931,0.800237018,0.70376,0.665993846,0.508684242,0.46414,0.593917429,0.756182321,0.794155625,0.69616125,0.857609167,0.7598165,0.708916364,0.718471875,0.766467778,0.815805574,0.771922,0.7220546,0.75096,0.71932,0.684992157,0.684785424,0.557775,0.691131111,0.702814,0.644762,0.650983333,0.649722326,0.519095263,0.742496667,0.611122222,0.458771714,0.83502,0.82154,0.465846667,0.681378333,0.829725714,0.856553333,0.818079737,0.515517857,0.504381111,0.580140635,0.05991,0.12405,0.766908333,0.806923571,0.775834762,0.781043333,0.686895333,0.743360909,0.679514,0.727946667
422,0.467666667,0.5476,0.76314875,0.454585,0.550134286,0.378806,0.596276667,0.778855467,0.733723158,0.731545143,0.313952143,0.550814762,0.522875,0.8373,0.826121034,0.813964561,0.756466667,0.650754615,0.498875758,0.41234,0.542602857,0.768585714,0.778525313,0.735440625,0.801990833,0.7632955,0.73127,0.65707625,0.769380556,0.795037049,0.736751111,0.7648015,0.72663,0.629053636,0.658457647,0.642267966,0.56173,0.676637778,0.69207,0.708105,0.541021667,0.634313488,0.479702632,0.736573333,0.446184444,0.446273143,0.84529,0.83864,0.502866667,0.608480833,0.791411429,0.837533333,0.774455526,0.577120714,0.58199,0.597170635,0.09247,0.252376,0.708075,0.812708929,0.79546381,0.73459,0.721936667,0.687765455,0.6654248,0.608336667
423,0.37618,0.34275,0.71116375,0.460925,0.494924286,0.354116,0.63326,0.715843733,0.659570526,0.640350571,0.296666429,0.461584762,0.4118,0.77371,0.799724483,0.775597368,0.68733,0.655312308,0.45706,0.6145,0.581245714,0.696665357,0.741421875,0.56837625,0.8023475,0.724839167,0.751130909,0.578996875,0.757483333,0.76903918,0.710283111,0.7607144,0.77734,0.492547273,0.619251765,0.583568983,0.442898333,0.608196667,0.63397,0.663139,0.527506667,0.617988372,0.473670526,0.670086667,0.356504444,0.396804286,0.83132,0.81539,0.376623333,0.614699167,0.70862,0.709996667,0.722742895,0.522435714,0.514788889,0.585351746,0.06316,0.21205,0.684563333,0.791231786,0.765997143,0.716938333,0.690770667,0.671932273,0.5998856,0.578385
424,0.420286667,0.24704,0.56477,0.16445,0.452978571,0.256976,0.56789,0.6506508,0.555191053,0.525798286,0.154098571,0.415363333,0.459855,0.79612,0.761354138,0.713991404,0.483786667,0.647056923,0.414280606,0.62613,0.548828857,0.588656964,0.677012188,0.464021875,0.759405833,0.632372333,0.574236364,0.527345625,0.679697222,0.730347869,0.507279556,0.7360198,0.52229,0.516724545,0.573783922,0.576233051,0.334406667,0.503181111,0.466788,0.51486,0.35029,0.522943256,0.335062632,0.619443333,0.284507778,0.372576857,0.81241,0.79014,0.26874,0.418695,0.62412,0.552626667,0.609946316,0.278982857,0.499651111,0.630359683,0.11023,0.2915,0.664025,0.734723214,0.724085238,0.573263333,0.645997333,0.690697273,0.5528804,0.576018333
425,0.66556,0.16276,0.52422625,0.173165,0.435481429,0.216906,0.49004,0.546024533,0.517222632,0.432630571,0.08332,0.301708095,0.319165,0.68882,0.687247931,0.65063193,0.552996667,0.56042,0.244511515,0.42956,0.417913143,0.568971786,0.6247425,0.424125625,0.638365,0.486455833,0.479569091,0.491635625,0.611455556,0.624010984,0.459350222,0.6716815,0.49833,0.436967273,0.525484902,0.485947119,0.28905,0.464824444,0.264192,0.417547,0.268973333,0.446005116,0.193166316,0.460806667,0.166893333,0.253171143,0.6849,0.69832,0.250266667,0.338740833,0.522065714,0.50904,0.488465,0.389525,0.465851111,0.583994603,0.11267,0.294058,0.54121,0.621783571,0.47101381,0.348868333,0.572176667,0.585194545,0.5971532,0.555751667
426,0.60874,0.29267,0.2701725,0.11699,0.317688571,0.175932,0.345623333,0.402029867,0.386561053,0.288781429,0.061317857,0.131487619,0.13959,0.43006,0.557407241,0.514937544,0.435373333,0.383003846,0.108109091,0.35168,0.270622571,0.470797143,0.470809063,0.291465,0.544515,0.402459333,0.36487,0.370475,0.479686111,0.428179508,0.335416,0.4666191,0.18749,0.322163636,0.395264706,0.368973729,0.079988333,0.130086667,0.14736,0.173758,0.14647,0.314548372,0.133916842,0.264273333,0.073108889,0.120947143,0.40916,0.48872,0.104223333,0.103000833,0.484105714,0.364973333,0.451583684,0.315714286,0.425556667,0.546965238,0.20599,0.23665,0.32141,0.456500357,0.254775238,0.206971667,0.433249333,0.426517273,0.433822,0.451565
427,0.505636667,0.46312,0.0,0.02708,0.21537,0.049092,0.09129,0.0,0.0,0.0,0.0,0.0,0.0,0.0,0.293245517,0.240279825,0.264436667,0.0,0.0,0.0,0.0,0.07936375,0.04784375,0.01416625,0.321243333,0.271565667,0.297070909,0.175863125,0.323187778,0.268774918,0.206312667,0.3462273,0.03631,4.55e-7,0.183289216,0.071657458,0.0,0.0,0.0,0.0,0.0,0.0,0.0,0.05464,0.007393333,0.043199714,0.0,0.0,0.0,0.0,0.360294286,0.23403,0.343647105,0.120402857,0.258434444,0.360054762,0.04826,0.16677,0.0,0.222767143,0.04363,0.02879,3.4e-5,0.173762273,1.92e-5,0.0
428,0.439156667,0.42965,0.0,0.0,0.0,0.0,0.0,0.0,0.0,0.0,0.0,0.0,0.0,0.0,0.0,0.0,0.0,0.0,0.0,0.0,0.0,0.0,0.0,0.0,0.0,0.0,0.0,0.0,0.0,0.0,0.0,0.0,0.0,0.0,0.0,0.0,0.0,0.0,0.0,0.0,0.0,0.0,0.0,0.0,0.0,0.0,0.0,0.0,0.0,0.0,0.00067,0.020973333,0.038447895,0.0,0.0,0.0,0.0,0.0,0.0,0.0,0.0,0.0,0.0,0.0,0.0,0.0
429,0.0,0.0,0.0,0.0,0.0,0.0,0.0,0.0,0.0,0.0,0.0,0.0,0.0,0.0,0.0,0.0,0.0,0.0,0.0,0.0,0.0,0.0,0.0,0.0,0.0,0.0,0.0,0.0,0.0,0.0,0.0,0.0,0.0,0.0,0.0,0.0,0.0,0.0,0.0,0.0,0.0,0.0,0.0,0.0,0.0,0.0,0.0,0.0,0.0,0.0,0.0,0.0,0.0,0.0,0.0,0.0,0.0,0.0,0.0,0.0,0.0,0.0,0.0,0.0,0.0,0.0
430,0.0,0.0,0.0,0.0,0.0,0.0,0.0,0.0,0.0,0.0,0.0,0.0,0.0,0.0,0.0,0.0,0.0,0.0,0.0,0.0,0.0,0.0,0.0,0.0,0.0,0.0,0.0,0.0,0.0,0.0,0.0,0.0,0.0,0.0,0.0,0.0,0.0,0.0,0.0,0.0,0.0,0.0,0.0,0.0,0.0,0.0,0.0,0.0,0.0,0.0,0.0,0.0,0.0,0.0,0.0,0.0,0.0,0.0,0.0,0.0,0.0,0.0,0.0,0.0,0.0,0.0
431,0.0,0.0,0.0,0.0,0.0,0.0,0.0,0.0,0.0,0.0,0.0,0.0,0.0,0.0,0.0,0.0,0.0,0.0,0.0,0.0,0.0,0.0,0.0,0.0,0.0,0.0,0.0,0.0,0.0,0.0,0.0,0.0,0.0,0.0,0.0,0.0,0.0,0.0,0.0,0.0,0.0,0.0,0.0,0.0,0.0,0.0,0.0,0.0,0.0,0.0,0.0,0.0,0.0,0.0,0.0,0.0,0.0,0.0,0.0,0.0,0.0,0.0,0.0,0.0,0.0,0.0
432,0.0,0.0,0.0,0.0,0.0,0.0,0.0,0.0,0.0,0.0,0.0,0.0,0.0,0.0,0.0,0.0,0.0,0.0,0.0,0.0,0.0,0.0,0.0,0.0,0.0,0.0,0.0,0.0,0.0,0.0,0.0,0.0,0.0,0.0,0.0,0.0,0.0,0.0,0.0,0.0,0.0,0.0,0.0,0.0,0.0,0.0,0.0,0.0,0.0,0.0,0.0,0.0,0.0,0.0,0.0,0.0,0.0,0.0,0.0,0.0,0.0,0.0,0.0,0.0,0.0,0.0
433,0.0,0.0,0.0,0.0,0.0,0.0,0.0,0.0,0.0,0.0,0.0,0.0,0.0,0.0,0.0,0.0,0.0,0.0,0.0,0.0,0.0,0.0,0.0,0.0,0.0,0.0,0.0,0.0,0.0,0.0,0.0,0.0,0.0,0.0,0.0,0.0,0.0,0.0,0.0,0.0,0.0,0.0,0.0,0.0,0.0,0.0,0.0,0.0,0.0,0.0,0.0,0.0,0.0,0.0,0.0,0.0,0.0,0.0,0.0,0.0,0.0,0.0,0.0,0.0,0.0,0.0
434,0.0,0.0,0.0,0.0,0.0,0.0,0.0,0.0,0.0,0.0,0.0,0.0,0.0,0.0,0.0,0.0,0.0,0.0,0.0,0.0,0.0,0.0,0.0,0.0,0.0,0.0,0.0,0.0,0.0,0.0,0.0,0.0,0.0,0.0,0.0,0.0,0.0,0.0,0.0,0.0,0.0,0.0,0.0,0.0,0.0,0.0,0.0,0.0,0.0,0.0,0.0,0.0,0.0,0.0,0.0,0.0,0.0,0.0,0.0,0.0,0.0,0.0,0.0,0.0,0.0,0.0
435,0.0,0.0,0.0,0.0,0.0,0.0,0.0,0.0,0.0,0.0,0.0,0.0,0.0,0.0,0.0,0.0,0.0,0.0,0.0,0.0,0.0,0.0,0.0,0.0,0.0,0.0,0.0,0.0,0.0,0.0,0.0,0.0,0.0,0.0,0.0,0.0,0.0,0.0,0.0,0.0,0.0,0.0,0.0,0.0,0.0,0.0,0.0,0.0,0.0,0.0,0.0,0.0,0.0,0.0,0.0,0.0,0.0,0.0,0.0,0.0,0.0,0.0,0.0,0.0,0.0,0.0
436,0.0,0.0,0.0,0.0,0.0,0.0,0.0,0.0,0.0,0.0,0.0,0.0,0.0,0.0,0.0,0.0,0.0,0.0,0.0,0.0,0.0,0.0,0.0,0.0,0.0,0.0,0.0,0.0,0.0,0.0,0.0,0.0,0.0,0.0,0.0,0.0,0.0,0.0,0.0,0.0,0.0,0.0,0.0,0.0,0.0,0.0,0.0,0.0,0.0,0.0,0.0,0.0,0.0,0.0,0.0,0.0,0.0,0.0,0.0,0.0,0.0,0.0,0.0,0.0,0.0,0.0
437,0.0,0.0,0.0,0.0,0.0,0.0,0.0,0.0,0.0,0.0,0.0,0.0,0.0,0.0,0.0,0.0,0.0,0.0,0.0,0.0,0.0,0.0,0.0,0.0,0.0,0.0,0.0,0.0,0.0,0.0,0.0,0.0,0.0,0.0,0.0,0.0,0.0,0.0,0.0,0.0,0.0,0.0,0.0,0.0,0.0,0.0,0.0,0.0,0.0,0.0,0.0,0.0,0.0,0.0,0.0,0.0,0.0,0.0,0.0,0.0,0.0,0.0,0.0,0.0,0.0,0.0
438,0.0,0.0,0.0,0.0,0.0,0.0,0.0,0.0,0.0,0.0,0.0,0.0,0.0,0.0,0.0,0.0,0.0,0.0,0.0,0.0,0.0,0.0,0.0,0.0,0.0,0.0,0.0,0.0,0.0,0.0,0.0,0.0,0.0,0.0,0.0,0.0,0.0,0.0,0.0,0.0,0.0,0.0,0.0,0.0,0.0,0.0,0.0,0.0,0.0,0.0,0.0,0.0,0.0,0.0,0.0,0.0,0.0,0.0,0.0,0.0,0.0,0.0,0.0,0.0,0.0,0.0
439,0.0,0.0,0.53070875,0.0,0.0,0.0,0.0,0.325380667,0.374740526,0.334252,0.207162857,0.294621429,0.25934,0.56922,0.133871034,0.219164912,0.000243333,0.338143846,0.175942121,0.0062,0.058041714,0.423872321,0.331235313,0.43012375,0.001214167,6.67e-5,0.0,0.0,0.0,0.0,1.56e-6,0.0,0.0,0.000998182,1.96e-6,0.005017458,0.461375,0.416537778,0.492826,0.548075,0.289186667,0.264416279,0.256603158,0.049026667,0.09111,0.006933714,0.42708,0.51388,0.302653333,0.4636525,0.0,0.0,0.0,0.0,0.145488889,0.042884127,0.00261,0.04256,0.446343333,0.130775357,0.119674286,0.13653,0.337784667,0.186448636,0.1411392,0.107015
440,0.0,0.0,0.67479125,0.079315,0.045592857,0.113154,0.051753333,0.5031348,0.525748421,0.519268571,0.320647857,0.439822857,0.40921,0.74811,0.568441379,0.652850877,0.61422,0.489436923,0.347369697,0.12297,0.149075143,0.652387679,0.54656125,0.697148125,0.4180025,0.455773333,0.533178182,0.51158125,0.527675556,0.530907049,0.560363778,0.3198969,0.0038,0.12184,0.177426471,0.092366271,0.579151667,0.599545556,0.68597,0.697553,0.439256667,0.406115349,0.394004211,0.191643333,0.181003333,0.219502286,0.73753,0.70771,0.544856667,0.61342,0.274234286,0.27664,0.173179737,0.031615,0.386937778,0.464733333,0.03617,0.224858,0.654335,0.3686375,0.330947619,0.279326667,0.518372667,0.469017273,0.251254,0.297375
441,0.176463333,0.13116,0.76089,0.11802,0.15859,0.271504,0.371423333,0.6468616,0.70819,0.652083143,0.47302,0.578440952,0.567975,0.81382,0.721683448,0.769179825,0.703346667,0.553831538,0.510233939,0.34542,0.368591714,0.789910536,0.660947813,0.824210625,0.651455,0.683423,0.714039091,0.683109375,0.704318333,0.701615082,0.673017111,0.4984458,0.02597,0.277188182,0.214889216,0.19105339,0.799345,0.701991111,0.778148,0.821898,0.587395,0.574673488,0.583177368,0.364863333,0.275088889,0.387123429,0.80266,0.83416,0.71174,0.6857475,0.428504286,0.450676667,0.350263947,0.112992143,0.589906667,0.606431587,0.40278,0.414756,0.693663333,0.555821786,0.489046667,0.399511667,0.628320667,0.621616364,0.2641712,0.293878333
442,0.619356667,0.39517,0.73524,0.32549,0.249975714,0.393064,0.504963333,0.7397016,0.790352105,0.695458857,0.542095,0.628730476,0.565605,0.86182,0.8167,0.854030526,0.81051,0.586091538,0.556682727,0.36245,0.412723714,0.863558393,0.769738125,0.860176875,0.765843333,0.7869805,0.824655455,0.824754375,0.808851667,0.787332459,0.755212444,0.5936026,0.12802,0.355418636,0.273560392,0.305047458,0.852575,0.809622222,0.785898,0.851814,0.600315,0.579724186,0.578692632,0.61444,0.404971111,0.55364,0.8382,0.87152,0.80319,0.771660833,0.601907143,0.77446,0.614400789,0.220125,0.7115,0.719092857,0.61917,0.511154,0.680635,0.701793929,0.604654286,0.480178333,0.674646667,0.652969091,0.3366808,0.355706667
443,0.755306667,0.5755,0.78274375,0.48378,0.401164286,0.535768,0.59963,0.747132533,0.757146316,0.722873429,0.675145,0.742885714,0.761095,0.847,0.851360345,0.840417895,0.849973333,0.641220769,0.626758788,0.39519,0.534694857,0.860242143,0.81274125,0.876250625,0.82152,0.849537667,0.8539,0.820548125,0.846322778,0.833092951,0.783333111,0.6679171,0.20621,0.467921818,0.394234706,0.374311864,0.849863333,0.847941111,0.809602,0.883155,0.64808,0.634543256,0.628781579,0.667686667,0.407314444,0.577884857,0.79489,0.86299,0.803546667,0.778613333,0.685011429,0.851473333,0.763191316,0.291642143,0.676996667,0.701449365,0.61395,0.710828,0.701226667,0.749318929,0.672416667,0.678043333,0.709606667,0.69245,0.4836656,0.457171667
444,0.800546667,0.79722,0.7459975,0.60423,0.405168571,0.527142,0.68867,0.699319867,0.78233,0.705550857,0.68002,0.743621905,0.76652,0.79599,0.804918276,0.791259474,0.829846667,0.522044615,0.624038182,0.3914,0.57385,0.792593929,0.740592813,0.7999025,0.84668,0.8517525,0.864221818,0.81323375,0.816761111,0.838512787,0.752808222,0.7002382,0.28962,0.576365,0.443770196,0.469435254,0.75904,0.737141111,0.766,0.781215,0.649063333,0.62392907,0.593843158,0.798706667,0.508142222,0.579556571,0.76939,0.82613,0.77644,0.727295,0.663155714,0.832296667,0.772874211,0.320573571,0.715933333,0.685650159,0.73256,0.721116,0.651993333,0.788373214,0.673327143,0.594396667,0.641941333,0.703259545,0.4495032,0.537071667
445,0.747616667,0.84256,0.7655225,0.614825,0.533204286,0.44528,0.634133333,0.682082667,0.730997895,0.682728,0.685415,0.748945238,0.830345,0.8871,0.797480345,0.77128807,0.816003333,0.637626154,0.501884242,0.48287,0.580202,0.731555,0.706262813,0.723598125,0.835003333,0.8314445,0.80011,0.80873375,0.800542222,0.818795574,0.720888889,0.722124,0.50444,0.582205,0.519023725,0.49080322,0.765965,0.736637778,0.745212,0.782607,0.627593333,0.579603023,0.516741579,0.74366,0.453795556,0.540402571,0.74349,0.82342,0.761063333,0.653570833,0.537697143,0.852673333,0.720738421,0.382291429,0.699873333,0.696185556,0.70299,0.633094,0.711571667,0.771198214,0.690317619,0.6618,0.623374,0.690929545,0.582676,0.537946667
446,0.705336667,0.79806,0.7485125,0.78786,0.577348571,0.436414,0.65043,0.672067733,0.743568947,0.703937143,0.593337143,0.55463,0.580075,0.81783,0.792902414,0.770534561,0.783486667,0.562761538,0.542870303,0.57426,0.483132857,0.713441429,0.669809688,0.641030625,0.8211775,0.806602167,0.812040909,0.788285625,0.773977222,0.802856393,0.677854,0.7508869,0.57357,0.565559091,0.480365098,0.490531525,0.701545,0.695906667,0.711578,0.729818,0.626486667,0.570366512,0.431284211,0.826393333,0.52298,0.596461143,0.73649,0.79474,0.641066667,0.687255833,0.493335714,0.809443333,0.739094211,0.411365,0.683075556,0.724634603,0.71185,0.637226,0.684791667,0.762797857,0.66166381,0.653951667,0.664026667,0.689867273,0.5452704,0.637221667
447,0.692546667,0.82304,0.78552375,0.815595,0.586771429,0.447454,0.686693333,0.667716933,0.73911,0.685930286,0.59996,0.55807619,0.52932,0.87655,0.765481724,0.774080175,0.770053333,0.558697692,0.506166061,0.59026,0.512860286,0.679119821,0.703154375,0.56490875,0.738745,0.788869167,0.796010909,0.73397625,0.742123889,0.775641148,0.621830889,0.7285946,0.51332,0.526490909,0.483627451,0.384812034,0.614043333,0.683733333,0.721486,0.662175,0.643815,0.563996512,0.521053158,0.76931,0.467948889,0.577196,0.67187,0.7749,0.621876667,0.647646667,0.45778,0.667973333,0.703349211,0.42268,0.750284444,0.71674,0.70242,0.685072,0.757123333,0.7360075,0.595926667,0.626726667,0.649754667,0.722442273,0.5260052,0.409151667
448,0.52577,0.66302,0.64545,0.630645,0.518132857,0.48907,0.39765,0.628605467,0.609004737,0.568686571,0.620015714,0.555416667,0.49099,0.80035,0.657944483,0.69852193,0.620513333,0.556396154,0.468543333,0.39833,0.501023714,0.575764286,0.573584688,0.44358875,0.715903333,0.738321167,0.800071818,0.7102925,0.683077778,0.735190656,0.548352222,0.702141,0.66875,0.378216364,0.445198431,0.402655424,0.652385,0.619091111,0.654482,0.537163,0.683015,0.499388372,0.429810526,0.798713333,0.561685556,0.549752286,0.40456,0.68076,0.56549,0.57228,0.558985714,0.72005,0.69452,0.367558571,0.65486,0.681624444,0.59235,0.604504,0.607458333,0.6499375,0.648501905,0.63019,0.559502667,0.596566818,0.5128684,0.441326667
449,0.623136667,0.76569,0.51695625,0.6798,0.585345714,0.398108,0.202893333,0.470627333,0.464081053,0.458902286,0.468484286,0.496633333,0.49199,0.74735,0.633086207,0.642501579,0.624313333,0.354216923,0.351146667,0.29311,0.275972286,0.472630893,0.512994063,0.403071875,0.676626667,0.705579833,0.756396364,0.625356875,0.641179444,0.702744426,0.513826889,0.6633788,0.54723,0.192271818,0.371575294,0.312603559,0.44481,0.479534444,0.47645,0.387807,0.51148,0.35562814,0.272337895,0.709413333,0.396584444,0.419368857,0.35943,0.56285,0.494526667,0.501430833,0.445242857,0.765116667,0.660456053,0.411511429,0.651396667,0.657297619,0.52739,0.575908,0.476453333,0.584431071,0.517190476,0.57186,0.44457,0.570521364,0.3530376,0.265241667
450,0.534986667,0.49189,0.29734375,0.534455,0.536457143,0.342308,0.103126667,0.328292533,0.310026842,0.286521143,0.246077143,0.229990952,0.26407,0.50007,0.479131379,0.49515193,0.559233333,0.160822308,0.205040606,0.13284,0.139780286,0.390270536,0.394942813,0.30102625,0.545758333,0.578818833,0.670719091,0.485590625,0.502249444,0.550024918,0.42891,0.4879841,0.26802,0.091969545,0.210331373,0.190851017,0.175926667,0.169334444,0.3427,0.15733,0.382198333,0.194191395,0.156094211,0.581403333,0.208443333,0.220359429,0.19299,0.22587,0.304096667,0.275630833,0.376084286,0.508946667,0.563393158,0.218569286,0.534861111,0.575097619,0.27136,0.43069,0.343053333,0.43271,0.318452857,0.28458,0.319794667,0.469488182,0.1840488,0.158345
451,0.36577,0.28249,0.0,0.271505,0.340792857,0.18794,0.02233,0.0,0.0,0.0,0.0,0.0,0.0,0.0,0.19024,0.239191754,0.36939,0.0,0.0,0.0,0.0,0.03165875,0.011351875,0.00972375,0.35151,0.372313333,0.458079091,0.3026725,0.299126111,0.324477705,0.263285333,0.2862819,0.16958,1.09e-5,0.078836863,0.056626102,0.0,0.0,0.0,0.0,0.0,0.0,0.0,0.351613333,0.064072222,0.075712571,0.0,0.0,0.0,0.0,0.17951,0.490206667,0.405191053,0.058572857,0.360384444,0.371305556,0.28661,0.187792,0.0,0.216047143,0.082084286,0.101251667,9.33e-6,0.162747727,0.0002092,0.0
452,0.323636667,0.21978,0.0,0.0,0.0,0.0,0.0,0.0,0.0,0.0,0.0,0.0,0.0,0.0,0.0,0.0,0.0,0.0,0.0,0.0,0.0,0.0,0.0,0.0,0.0,0.0,0.0,0.0,0.0,0.0,0.0,0.0,0.0,0.0,0.0,0.0,0.0,0.0,0.0,0.0,0.0,0.0,0.0,0.0,0.0,0.0,0.0,0.0,0.0,0.0,0.00061,0.104183333,0.036346842,0.0,0.0,0.0,0.0,0.0,0.0,0.0,0.0,0.0,0.0,0.0,0.0,0.0
453,0.0,0.0,0.0,0.0,0.0,0.0,0.0,0.0,0.0,0.0,0.0,0.0,0.0,0.0,0.0,0.0,0.0,0.0,0.0,0.0,0.0,0.0,0.0,0.0,0.0,0.0,0.0,0.0,0.0,0.0,0.0,0.0,0.0,0.0,0.0,0.0,0.0,0.0,0.0,0.0,0.0,0.0,0.0,0.0,0.0,0.0,0.0,0.0,0.0,0.0,0.0,0.0,0.0,0.0,0.0,0.0,0.0,0.0,0.0,0.0,0.0,0.0,0.0,0.0,0.0,0.0
454,0.0,0.0,0.0,0.0,0.0,0.0,0.0,0.0,0.0,0.0,0.0,0.0,0.0,0.0,0.0,0.0,0.0,0.0,0.0,0.0,0.0,0.0,0.0,0.0,0.0,0.0,0.0,0.0,0.0,0.0,0.0,0.0,0.0,0.0,0.0,0.0,0.0,0.0,0.0,0.0,0.0,0.0,0.0,0.0,0.0,0.0,0.0,0.0,0.0,0.0,0.0,0.0,0.0,0.0,0.0,0.0,0.0,0.0,0.0,0.0,0.0,0.0,0.0,0.0,0.0,0.0
455,0.0,0.0,0.0,0.0,0.0,0.0,0.0,0.0,0.0,0.0,0.0,0.0,0.0,0.0,0.0,0.0,0.0,0.0,0.0,0.0,0.0,0.0,0.0,0.0,0.0,0.0,0.0,0.0,0.0,0.0,0.0,0.0,0.0,0.0,0.0,0.0,0.0,0.0,0.0,0.0,0.0,0.0,0.0,0.0,0.0,0.0,0.0,0.0,0.0,0.0,0.0,0.0,0.0,0.0,0.0,0.0,0.0,0.0,0.0,0.0,0.0,0.0,0.0,0.0,0.0,0.0
456,0.0,0.0,0.0,0.0,0.0,0.0,0.0,0.0,0.0,0.0,0.0,0.0,0.0,0.0,0.0,0.0,0.0,0.0,0.0,0.0,0.0,0.0,0.0,0.0,0.0,0.0,0.0,0.0,0.0,0.0,0.0,0.0,0.0,0.0,0.0,0.0,0.0,0.0,0.0,0.0,0.0,0.0,0.0,0.0,0.0,0.0,0.0,0.0,0.0,0.0,0.0,0.0,0.0,0.0,0.0,0.0,0.0,0.0,0.0,0.0,0.0,0.0,0.0,0.0,0.0,0.0
457,0.0,0.0,0.0,0.0,0.0,0.0,0.0,0.0,0.0,0.0,0.0,0.0,0.0,0.0,0.0,0.0,0.0,0.0,0.0,0.0,0.0,0.0,0.0,0.0,0.0,0.0,0.0,0.0,0.0,0.0,0.0,0.0,0.0,0.0,0.0,0.0,0.0,0.0,0.0,0.0,0.0,0.0,0.0,0.0,0.0,0.0,0.0,0.0,0.0,0.0,0.0,0.0,0.0,0.0,0.0,0.0,0.0,0.0,0.0,0.0,0.0,0.0,0.0,0.0,0.0,0.0
458,0.0,0.0,0.0,0.0,0.0,0.0,0.0,0.0,0.0,0.0,0.0,0.0,0.0,0.0,0.0,0.0,0.0,0.0,0.0,0.0,0.0,0.0,0.0,0.0,0.0,0.0,0.0,0.0,0.0,0.0,0.0,0.0,0.0,0.0,0.0,0.0,0.0,0.0,0.0,0.0,0.0,0.0,0.0,0.0,0.0,0.0,0.0,0.0,0.0,0.0,0.0,0.0,0.0,0.0,0.0,0.0,0.0,0.0,0.0,0.0,0.0,0.0,0.0,0.0,0.0,0.0
459,0.0,0.0,0.0,0.0,0.0,0.0,0.0,0.0,0.0,0.0,0.0,0.0,0.0,0.0,0.0,0.0,0.0,0.0,0.0,0.0,0.0,0.0,0.0,0.0,0.0,0.0,0.0,0.0,0.0,0.0,0.0,0.0,0.0,0.0,0.0,0.0,0.0,0.0,0.0,0.0,0.0,0.0,0.0,0.0,0.0,0.0,0.0,0.0,0.0,0.0,0.0,0.0,0.0,0.0,0.0,0.0,0.0,0.0,0.0,0.0,0.0,0.0,0.0,0.0,0.0,0.0
460,0.0,0.0,0.0,0.0,0.0,0.0,0.0,0.0,0.0,0.0,0.0,0.0,0.0,0.0,0.0,0.0,0.0,0.0,0.0,0.0,0.0,0.0,0.0,0.0,0.0,0.0,0.0,0.0,0.0,0.0,0.0,0.0,0.0,0.0,0.0,0.0,0.0,0.0,0.0,0.0,0.0,0.0,0.0,0.0,0.0,0.0,0.0,0.0,0.0,0.0,0.0,0.0,0.0,0.0,0.0,0.0,0.0,0.0,0.0,0.0,0.0,0.0,0.0,0.0,0.0,0.0
461,0.0,0.0,0.0,0.0,0.0,0.0,0.0,0.0,0.0,0.0,0.0,0.0,0.0,0.0,0.0,0.0,0.0,0.0,0.0,0.0,0.0,0.0,0.0,0.0,0.0,0.0,0.0,0.0,0.0,0.0,0.0,0.0,0.0,0.0,0.0,0.0,0.0,0.0,0.0,0.0,0.0,0.0,0.0,0.0,0.0,0.0,0.0,0.0,0.0,0.0,0.0,0.0,0.0,0.0,0.0,0.0,0.0,0.0,0.0,0.0,0.0,0.0,0.0,0.0,0.0,0.0
462,0.0,0.0,0.0,0.0,0.0,0.0,0.0,0.0,0.0,0.0,0.0,0.0,0.0,0.0,0.0,0.0,0.0,0.0,0.0,0.0,0.0,0.0,0.0,0.0,0.0,0.0,0.0,0.0,0.0,0.0,0.0,0.0,0.0,0.0,0.0,0.0,0.0,0.0,0.0,0.0,0.0,0.0,0.0,0.0,0.0,0.0,0.0,0.0,0.0,0.0,0.0,0.0,0.0,0.0,0.0,0.0,0.0,0.0,0.0,0.0,0.0,0.0,0.0,0.0,0.0,0.0
463,0.0,0.0,0.45087,0.0,0.0,0.0,0.0,0.391940133,0.371943158,0.372194857,0.065785,0.164857143,0.14234,0.4805,0.104331379,0.100682632,0.000273333,0.278997692,0.040334848,0.00449,0.035805714,0.338481964,0.201998438,0.43636125,0.000436667,5.33e-6,0.0,0.0,0.0,0.0,6.0e-6,0.0,0.0,0.000310909,4.71e-5,0.006938475,0.212236667,0.328045556,0.369812,0.400446,0.295608333,0.268692558,0.115551053,0.000483333,0.063274444,0.027659714,0.3542,0.43945,0.26021,0.298796667,0.0,0.0,0.0,0.0,0.234672222,0.107340794,0.00235,0.08675,0.290796667,0.114778571,0.078564286,0.087903333,0.376112,0.172597273,0.1964996,0.06553
464,0.0,0.0,0.7131875,0.052775,0.131562857,0.034744,0.157663333,0.5993312,0.603053158,0.600877429,0.202941429,0.354245714,0.3495,0.73449,0.558211034,0.453718772,0.6211,0.370024615,0.160909697,0.00355,0.092570286,0.574378214,0.454929375,0.719150625,0.559123333,0.593004,0.581180909,0.56517,0.586442222,0.555925082,0.540174444,0.3270507,0.21004,0.202607727,0.377277647,0.196200678,0.48096,0.581374444,0.631964,0.659879,0.3993,0.452783256,0.383194211,0.639636667,0.280671111,0.408405143,0.63934,0.65576,0.608303333,0.610199167,0.113474286,0.111056667,0.144448158,0.023925714,0.633733333,0.635773492,0.04337,0.625106,0.555978333,0.411024643,0.236574762,0.229048333,0.616753333,0.565496818,0.4959796,0.166423333
465,0.533623333,0.22354,0.793525,0.06866,0.390631429,0.193696,0.30699,0.736029333,0.657628421,0.694900571,0.29843,0.451408571,0.56344,0.80668,0.722802759,0.573386842,0.670276667,0.377615385,0.267074848,0.00794,0.128566571,0.705429643,0.598536563,0.83674375,0.72407,0.736828333,0.753468182,0.7321425,0.736706111,0.73048,0.614119111,0.5020111,0.37147,0.29367,0.535695882,0.288546271,0.697395,0.659244444,0.660142,0.843131,0.400803333,0.505890465,0.481512632,0.73566,0.287958889,0.553047429,0.72799,0.74235,0.75345,0.626345,0.25909,0.295126667,0.325576316,0.083184286,0.760111111,0.791178254,0.49921,0.799868,0.726156667,0.645445357,0.444224762,0.42115,0.761674,0.695072273,0.6196948,0.216186667
466,0.61944,0.32715,0.83378875,0.271295,0.498114286,0.335894,0.428176667,0.791689733,0.70613,0.753626571,0.360965714,0.601770476,0.52865,0.88412,0.796317586,0.701699474,0.734586667,0.496333077,0.388450909,0.02849,0.227649429,0.784622857,0.720256875,0.889511875,0.820196667,0.8364695,0.83445,0.8418525,0.776652222,0.804844754,0.745217333,0.586394,0.55661,0.398506364,0.583369804,0.371905085,0.748756667,0.749857778,0.6724,0.861806,0.33041,0.552887442,0.513588947,0.787056667,0.438553333,0.719692286,0.7405,0.82767,0.820926667,0.642368333,0.46195,0.643543333,0.517547632,0.255162857,0.805871111,0.848330317,0.54571,0.853692,0.73968,0.721057143,0.538305714,0.58104,0.766994667,0.738906364,0.666304,0.397445
467,0.73784,0.70727,0.85691625,0.54406,0.594082857,0.512244,0.362623333,0.781799067,0.771544737,0.798769429,0.468645,0.617938095,0.58919,0.77969,0.788517931,0.742196842,0.790223333,0.508299231,0.519246667,0.05842,0.272444286,0.799757143,0.785427188,0.847725625,0.842986667,0.84803,0.840001818,0.84527125,0.818583889,0.837825902,0.799184889,0.6418585,0.60562,0.460081364,0.578064902,0.463708305,0.793175,0.742285556,0.685106,0.840777,0.405543333,0.572528372,0.545881053,0.773683333,0.678905556,0.723677714,0.83245,0.84214,0.77386,0.663819167,0.527231429,0.76931,0.549532895,0.366139286,0.84133,0.841401429,0.78271,0.817768,0.77897,0.742933214,0.560812857,0.576295,0.740120667,0.755827273,0.6778008,0.480581667
468,0.76618,0.69503,0.814925,0.719325,0.625492857,0.59143,0.46649,0.756776667,0.759178947,0.787078857,0.429897857,0.564025238,0.72528,0.81248,0.788376552,0.714964561,0.741256667,0.542921538,0.523883636,0.17065,0.409456286,0.706425357,0.712947813,0.812735625,0.848504167,0.843231833,0.855543636,0.854726875,0.793081111,0.838685738,0.796333111,0.6634451,0.79593,0.427915455,0.588225686,0.505875254,0.758701667,0.769752222,0.633966,0.790018,0.395893333,0.541671163,0.525832632,0.825943333,0.62858,0.744225714,0.76722,0.86024,0.701793333,0.707745833,0.634234286,0.764723333,0.634911053,0.491806429,0.814712222,0.803915556,0.71453,0.817114,0.705876667,0.7520225,0.542080476,0.634263333,0.674352667,0.738190455,0.678808,0.550226667
469,0.662823333,0.67774,0.818235,0.71488,0.547254286,0.594644,0.31997,0.7298688,0.769220526,0.746464,0.477042857,0.536291905,0.74146,0.75208,0.776474483,0.702782456,0.749153333,0.56371,0.468673333,0.15757,0.465496571,0.708638393,0.705535313,0.79333375,0.8169,0.8146645,0.828087273,0.8264475,0.788185,0.793001148,0.751541333,0.6864955,0.73225,0.422505455,0.585772941,0.519172203,0.742086667,0.72267,0.610178,0.752938,0.325838333,0.492998372,0.582895263,0.776043333,0.607324444,0.736448286,0.72508,0.80554,0.6889,0.586151667,0.589067143,0.722936667,0.625572895,0.537757143,0.76555,0.722038571,0.75246,0.663116,0.772215,0.747475,0.576661429,0.564951667,0.707834667,0.696092727,0.7012868,0.449816667
470,0.6223,0.54502,0.792565,0.614165,0.55099,0.517908,0.422546667,0.6918552,0.764045263,0.723127143,0.413764286,0.522475714,0.71213,0.82003,0.759403793,0.667001228,0.732993333,0.639882308,0.440631515,0.28531,0.474235714,0.697338393,0.687749063,0.73368125,0.823999167,0.797447667,0.795365455,0.795285625,0.732485556,0.75106541,0.661952,0.6802169,0.6523,0.473097273,0.605626667,0.594206441,0.69607,0.659558889,0.57374,0.682685,0.350095,0.54503,0.536934737,0.79086,0.611974444,0.716391429,0.7619,0.7513,0.678766667,0.5552725,0.439265714,0.667783333,0.621078421,0.534321429,0.779124444,0.68881619,0.74028,0.648388,0.713906667,0.748726071,0.548310952,0.549691667,0.681212,0.656006364,0.7268044,0.628275
471,0.590073333,0.73126,0.60892625,0.488125,0.435075714,0.563364,0.468086667,0.6648444,0.668327895,0.711288857,0.466671429,0.549684762,0.58831,0.84938,0.73583069,0.67399386,0.739416667,0.609444615,0.371054242,0.37653,0.438047714,0.701351964,0.6316375,0.72094,0.74154,0.758956,0.744874545,0.772505,0.720803889,0.719130492,0.668683111,0.6570617,0.60815,0.478978636,0.581311569,0.567457797,0.642585,0.576425556,0.466528,0.572709,0.335288333,0.505733953,0.438802632,0.80223,0.670126667,0.701334571,0.74746,0.78132,0.583483333,0.379239167,0.492702857,0.749746667,0.594083158,0.594447143,0.749097778,0.640528413,0.71624,0.560956,0.616818333,0.6339825,0.483556667,0.487565,0.652281333,0.678187273,0.6899912,0.484348333
472,0.658146667,0.63256,0.57967125,0.546325,0.48328,0.539742,0.435376667,0.608106,0.650722105,0.646875429,0.346167857,0.368906667,0.431615,0.76055,0.669344828,0.615634035,0.664863333,0.583831538,0.438784545,0.47587,0.534103143,0.668033929,0.600011875,0.62169875,0.714455833,0.753161,0.730780909,0.755855625,0.662730556,0.687223607,0.65188,0.6968808,0.68429,0.309445909,0.519008431,0.539988136,0.41864,0.474531111,0.32313,0.418067,0.304655,0.387214884,0.466089474,0.79447,0.69645,0.743716857,0.72689,0.69055,0.486336667,0.300169167,0.534948571,0.640586667,0.661754474,0.419513571,0.572312222,0.379281587,0.73561,0.54686,0.590906667,0.646976071,0.53290381,0.490881667,0.518707333,0.580965909,0.557594,0.63842
473,0.49064,0.44078,0.23760375,0.426885,0.307635714,0.535432,0.4324,0.551069867,0.510682105,0.553408857,0.218191429,0.247709524,0.24809,0.69893,0.56093,0.534069825,0.60551,0.489983077,0.310419091,0.47149,0.464850286,0.558787679,0.518370313,0.56998125,0.535441667,0.662363667,0.65228,0.700340625,0.576821111,0.584655902,0.592337333,0.5803439,0.70753,0.274996818,0.449344314,0.502138305,0.188706667,0.245465556,0.201412,0.190247,0.18076,0.325675581,0.270142105,0.672623333,0.579301111,0.638580286,0.54256,0.57937,0.203656667,0.1317175,0.480637143,0.46366,0.57895,0.462646429,0.454306667,0.28630254,0.69541,0.459742,0.376946667,0.53243,0.522554286,0.457498333,0.340554,0.463340455,0.5031888,0.555106667
474,0.423033333,0.3562,0.06668125,0.33584,0.322511429,0.436312,0.214266667,0.412069067,0.305463158,0.376269143,0.071375714,0.065124286,0.12469,0.47228,0.444536207,0.360688947,0.46511,0.298067692,0.152578485,0.43718,0.310978857,0.430485893,0.349692813,0.41792625,0.388129167,0.4991565,0.557563636,0.538956875,0.448399444,0.448684098,0.428788667,0.4580488,0.58017,0.181741364,0.361458235,0.400151695,0.042376667,0.0662,0.068076,0.006416,0.056068333,0.229008372,0.095961579,0.45484,0.367,0.440775429,0.38611,0.29473,0.10576,0.051079167,0.413152857,0.385083333,0.440648158,0.482487143,0.249065556,0.159881905,0.40709,0.209256,0.195645,0.395004286,0.459385714,0.373621667,0.220234,0.243640909,0.3342552,0.466711667
475,0.326393333,0.30512,0.0,0.21493,0.200881429,0.246748,0.012653333,0.0,0.0,0.0,0.0,0.0,0.0,0.0,0.202111379,0.147365439,0.289443333,0.0,0.0,0.0,0.0,0.025239107,0.03107375,0.0,0.186019167,0.33888,0.34094,0.3760725,0.333892222,0.292286721,0.283466,0.312968,0.24909,1.36e-5,0.160071373,0.098028136,0.0,0.0,0.0,0.0,0.0,0.0,0.0,0.326683333,0.112191111,0.200630857,0.0,0.0,0.0,0.0,0.328798571,0.25023,0.293775263,0.31704,0.084552222,0.068888413,0.29673,0.088866,0.0,0.193533929,0.170937619,0.180293333,0.0,0.109878182,0.0001096,0.0
476,0.21558,0.14227,0.0,0.0,0.0,0.0,0.0,0.0,0.0,0.0,0.0,0.0,0.0,0.0,0.0,0.0,0.0,0.0,0.0,0.0,0.0,0.0,0.0,0.0,0.0,0.0,0.0,0.0,0.0,0.0,0.0,0.0,0.0,0.0,0.0,0.0,0.0,0.0,0.0,0.0,0.0,0.0,0.0,0.0,0.0,0.0,0.0,0.0,0.0,0.0,0.000634286,0.087786667,0.022084474,0.0,0.0,0.0,0.0,0.0,0.0,0.0,0.0,0.0,0.0,0.0,0.0,0.0
477,0.0,0.0,0.0,0.0,0.0,0.0,0.0,0.0,0.0,0.0,0.0,0.0,0.0,0.0,0.0,0.0,0.0,0.0,0.0,0.0,0.0,0.0,0.0,0.0,0.0,0.0,0.0,0.0,0.0,0.0,0.0,0.0,0.0,0.0,0.0,0.0,0.0,0.0,0.0,0.0,0.0,0.0,0.0,0.0,0.0,0.0,0.0,0.0,0.0,0.0,0.0,0.0,0.0,0.0,0.0,0.0,0.0,0.0,0.0,0.0,0.0,0.0,0.0,0.0,0.0,0.0
478,0.0,0.0,0.0,0.0,0.0,0.0,0.0,0.0,0.0,0.0,0.0,0.0,0.0,0.0,0.0,0.0,0.0,0.0,0.0,0.0,0.0,0.0,0.0,0.0,0.0,0.0,0.0,0.0,0.0,0.0,0.0,0.0,0.0,0.0,0.0,0.0,0.0,0.0,0.0,0.0,0.0,0.0,0.0,0.0,0.0,0.0,0.0,0.0,0.0,0.0,0.0,0.0,0.0,0.0,0.0,0.0,0.0,0.0,0.0,0.0,0.0,0.0,0.0,0.0,0.0,0.0
479,0.0,0.0,0.0,0.0,0.0,0.0,0.0,0.0,0.0,0.0,0.0,0.0,0.0,0.0,0.0,0.0,0.0,0.0,0.0,0.0,0.0,0.0,0.0,0.0,0.0,0.0,0.0,0.0,0.0,0.0,0.0,0.0,0.0,0.0,0.0,0.0,0.0,0.0,0.0,0.0,0.0,0.0,0.0,0.0,0.0,0.0,0.0,0.0,0.0,0.0,0.0,0.0,0.0,0.0,0.0,0.0,0.0,0.0,0.0,0.0,0.0,0.0,0.0,0.0,0.0,0.0
480,0.0,0.0,0.0,0.0,0.0,0.0,0.0,0.0,0.0,0.0,0.0,0.0,0.0,0.0,0.0,0.0,0.0,0.0,0.0,0.0,0.0,0.0,0.0,0.0,0.0,0.0,0.0,0.0,0.0,0.0,0.0,0.0,0.0,0.0,0.0,0.0,0.0,0.0,0.0,0.0,0.0,0.0,0.0,0.0,0.0,0.0,0.0,0.0,0.0,0.0,0.0,0.0,0.0,0.0,0.0,0.0,0.0,0.0,0.0,0.0,0.0,0.0,0.0,0.0,0.0,0.0
481,0.0,0.0,0.0,0.0,0.0,0.0,0.0,0.0,0.0,0.0,0.0,0.0,0.0,0.0,0.0,0.0,0.0,0.0,0.0,0.0,0.0,0.0,0.0,0.0,0.0,0.0,0.0,0.0,0.0,0.0,0.0,0.0,0.0,0.0,0.0,0.0,0.0,0.0,0.0,0.0,0.0,0.0,0.0,0.0,0.0,0.0,0.0,0.0,0.0,0.0,0.0,0.0,0.0,0.0,0.0,0.0,0.0,0.0,0.0,0.0,0.0,0.0,0.0,0.0,0.0,0.0
482,0.0,0.0,0.0,0.0,0.0,0.0,0.0,0.0,0.0,0.0,0.0,0.0,0.0,0.0,0.0,0.0,0.0,0.0,0.0,0.0,0.0,0.0,0.0,0.0,0.0,0.0,0.0,0.0,0.0,0.0,0.0,0.0,0.0,0.0,0.0,0.0,0.0,0.0,0.0,0.0,0.0,0.0,0.0,0.0,0.0,0.0,0.0,0.0,0.0,0.0,0.0,0.0,0.0,0.0,0.0,0.0,0.0,0.0,0.0,0.0,0.0,0.0,0.0,0.0,0.0,0.0
483,0.0,0.0,0.0,0.0,0.0,0.0,0.0,0.0,0.0,0.0,0.0,0.0,0.0,0.0,0.0,0.0,0.0,0.0,0.0,0.0,0.0,0.0,0.0,0.0,0.0,0.0,0.0,0.0,0.0,0.0,0.0,0.0,0.0,0.0,0.0,0.0,0.0,0.0,0.0,0.0,0.0,0.0,0.0,0.0,0.0,0.0,0.0,0.0,0.0,0.0,0.0,0.0,0.0,0.0,0.0,0.0,0.0,0.0,0.0,0.0,0.0,0.0,0.0,0.0,0.0,0.0
484,0.0,0.0,0.0,0.0,0.0,0.0,0.0,0.0,0.0,0.0,0.0,0.0,0.0,0.0,0.0,0.0,0.0,0.0,0.0,0.0,0.0,0.0,0.0,0.0,0.0,0.0,0.0,0.0,0.0,0.0,0.0,0.0,0.0,0.0,0.0,0.0,0.0,0.0,0.0,0.0,0.0,0.0,0.0,0.0,0.0,0.0,0.0,0.0,0.0,0.0,0.0,0.0,0.0,0.0,0.0,0.0,0.0,0.0,0.0,0.0,0.0,0.0,0.0,0.0,0.0,0.0
485,0.0,0.0,0.0,0.0,0.0,0.0,0.0,0.0,0.0,0.0,0.0,0.0,0.0,0.0,0.0,0.0,0.0,0.0,0.0,0.0,0.0,0.0,0.0,0.0,0.0,0.0,0.0,0.0,0.0,0.0,0.0,0.0,0.0,0.0,0.0,0.0,0.0,0.0,0.0,0.0,0.0,0.0,0.0,0.0,0.0,0.0,0.0,0.0,0.0,0.0,0.0,0.0,0.0,0.0,0.0,0.0,0.0,0.0,0.0,0.0,0.0,0.0,0.0,0.0,0.0,0.0
486,0.0,0.0,0.0,0.0,0.0,0.0,0.0,0.0,0.0,0.0,0.0,0.0,0.0,0.0,0.0,0.0,0.0,0.0,0.0,0.0,0.0,0.0,0.0,0.0,0.0,0.0,0.0,0.0,0.0,0.0,0.0,0.0,0.0,0.0,0.0,0.0,0.0,0.0,0.0,0.0,0.0,0.0,0.0,0.0,0.0,0.0,0.0,0.0,0.0,0.0,0.0,0.0,0.0,0.0,0.0,0.0,0.0,0.0,0.0,0.0,0.0,0.0,0.0,0.0,0.0,0.0
487,0.0,0.0,0.113205,0.0,0.0,0.0,0.0,0.4561052,0.291192105,0.353264571,0.168615,0.19895619,0.276625,0.49501,0.126372069,0.155518421,0.000206667,0.427286923,0.187814848,0.00656,0.139078571,0.410502857,0.330494375,0.420266875,0.000939167,6.65e-5,0.0,0.0,0.0,0.0,5.18e-5,0.0,0.0,0.006637273,1.92e-5,0.013997797,0.346078333,0.112778889,0.176996,0.14132,0.17031,0.337684884,0.274281053,0.001743333,0.236197778,0.033024286,0.58161,0.59268,0.298876667,0.256775,0.0,0.0,0.0,0.0,0.185384444,0.053602857,0.00146,0.04074,0.14552,0.170478929,0.159689048,0.261876667,0.295551333,0.128391364,0.1319848,0.158101667
488,0.0,0.0,0.37802625,0.32794,0.138708571,0.202898,0.016053333,0.688384667,0.500007895,0.550925714,0.297187857,0.389670952,0.40786,0.61812,0.445723103,0.467891228,0.183386667,0.622913077,0.401344242,0.28245,0.343696857,0.6179375,0.513544063,0.740624375,0.4276425,0.431592667,0.553134545,0.5858825,0.40219,0.497197213,0.371031778,0.4023797,0.10417,0.277153182,0.355872745,0.22193322,0.615678333,0.408462222,0.432506,0.425276,0.402438333,0.584168605,0.461346316,0.407273333,0.485716667,0.495873429,0.78436,0.76933,0.58949,0.435159167,0.135752857,0.00918,0.218693158,0.063532857,0.416723333,0.273429841,0.04396,0.317542,0.308281667,0.4621975,0.422363333,0.449355,0.509112667,0.387016818,0.3630512,0.338126667
489,0.058576667,0.20872,0.49158,0.44339,0.291724286,0.217926,0.04847,0.800122267,0.638197895,0.694072857,0.429883571,0.536329524,0.53161,0.69549,0.669934828,0.65887807,0.31919,0.739263077,0.532433333,0.24531,0.469149143,0.770374821,0.692083125,0.809790625,0.6200125,0.6428325,0.744380909,0.742376875,0.618008889,0.701870164,0.534977556,0.6211172,0.1823,0.382127273,0.44438098,0.325845424,0.735711667,0.571192222,0.616262,0.546197,0.528155,0.694307907,0.614726316,0.739576667,0.723948889,0.685192,0.87238,0.85845,0.7544,0.5606525,0.30808,0.073416667,0.397701579,0.083195714,0.488367778,0.330251429,0.53427,0.539656,0.444276667,0.654174286,0.68331,0.623885,0.640661333,0.531301364,0.4646088,0.462368333
490,0.142303333,0.4009,0.5430375,0.54166,0.470344286,0.194082,0.17443,0.845608533,0.703545263,0.723141143,0.455474286,0.613942857,0.545655,0.81005,0.755311034,0.728662982,0.400746667,0.731916154,0.590939394,0.34662,0.534719143,0.823075179,0.747830625,0.857051875,0.730646667,0.736425,0.841387273,0.827540625,0.709168333,0.796859344,0.606241111,0.7075468,0.33655,0.515529091,0.498402745,0.405059153,0.66752,0.542626667,0.661652,0.490366,0.519746667,0.718026279,0.620796316,0.815973333,0.782073333,0.77089,0.90777,0.89499,0.726993333,0.647151667,0.477752857,0.277176667,0.521748684,0.12856,0.465783333,0.371706984,0.70273,0.665134,0.565886667,0.741377857,0.719421905,0.741543333,0.74546,0.564316818,0.599934,0.503773333
491,0.308723333,0.54311,0.57912875,0.600785,0.547305714,0.41627,0.329433333,0.848030267,0.745393684,0.742265429,0.633544286,0.710596667,0.62796,0.87505,0.765294828,0.756203509,0.516936667,0.743422308,0.577013636,0.47098,0.588432286,0.864479464,0.823755313,0.887723125,0.7909675,0.757741333,0.853053636,0.85305125,0.710635,0.839222623,0.673204,0.7429836,0.32397,0.580218636,0.548919216,0.470515254,0.630995,0.623911111,0.654362,0.624795,0.659011667,0.655217442,0.585955263,0.812963333,0.813068889,0.795491429,0.88591,0.87725,0.76374,0.779745,0.623847143,0.13886,0.572843421,0.202878571,0.457874444,0.413900317,0.79054,0.79473,0.585343333,0.784905357,0.7288,0.760248333,0.792848,0.672544091,0.666126,0.617085
492,0.387653333,0.54339,0.67817,0.54447,0.676,0.552122,0.38965,0.8185832,0.785919474,0.770634286,0.731718571,0.676472381,0.700355,0.85975,0.73365931,0.757259649,0.62635,0.736680769,0.630221818,0.51364,0.626342,0.788776429,0.762723125,0.824299375,0.746548333,0.7890345,0.789604545,0.835945,0.652371111,0.828802623,0.695131333,0.7764839,0.4466,0.672892273,0.560360196,0.506453559,0.735358333,0.671215556,0.74957,0.683959,0.684716667,0.711384186,0.59547,0.774476667,0.805738889,0.799025714,0.88345,0.85714,0.725223333,0.734616667,0.694885714,0.21303,0.668937632,0.202253571,0.511077778,0.434885397,0.8368,0.803258,0.564781667,0.770917857,0.731850952,0.747811667,0.72393,0.684576818,0.6981092,0.715341667
493,0.65651,0.80325,0.66814375,0.512475,0.671447143,0.467152,0.366853333,0.781738133,0.711384737,0.725212857,0.712428571,0.496696667,0.51187,0.8702,0.66889,0.739912281,0.64834,0.636633077,0.522685455,0.42235,0.562876571,0.745828929,0.74260125,0.780585625,0.717361667,0.800856,0.841536364,0.832799375,0.576006667,0.788781148,0.694367333,0.7299585,0.38432,0.538370909,0.604188431,0.504704746,0.6276,0.577517778,0.728902,0.631045,0.608573333,0.700717907,0.542025263,0.795926667,0.811027778,0.785900286,0.88326,0.86679,0.520473333,0.659410833,0.769021429,0.475873333,0.716164211,0.248447857,0.530311111,0.446586032,0.82667,0.78808,0.565218333,0.7434725,0.7008,0.730983333,0.675356,0.701709545,0.6925372,0.68723
494,0.570353333,0.58137,0.63147,0.532765,0.587297143,0.525398,0.463093333,0.7663008,0.70689,0.755255429,0.64539,0.559300476,0.485165,0.88106,0.605483103,0.703762807,0.693163333,0.652127692,0.512760909,0.62742,0.608086857,0.754866607,0.724860625,0.760195,0.639953333,0.739885,0.750051818,0.78885,0.524749444,0.703481803,0.640812889,0.6366905,0.54082,0.526893182,0.638626275,0.532407966,0.565311667,0.655814444,0.633876,0.570092,0.650001667,0.745819302,0.562886842,0.754316667,0.680193333,0.756984857,0.8158,0.82688,0.518943333,0.642775833,0.776578571,0.673213333,0.689705789,0.327111429,0.503183333,0.406205238,0.7242,0.717274,0.58464,0.6736275,0.618972857,0.620595,0.719358,0.689677727,0.6972072,0.555861667
495,0.765403333,0.75155,0.58419625,0.562275,0.525768571,0.346034,0.368356667,0.738402133,0.629131579,0.707703143,0.554654286,0.50133619,0.362555,0.84683,0.574177586,0.678571404,0.71859,0.633998462,0.53938697,0.51667,0.552159714,0.701021429,0.727455625,0.639888125,0.584885,0.696924667,0.718453636,0.74024375,0.517512222,0.723528361,0.587753778,0.6563625,0.35609,0.552921364,0.627796667,0.50628339,0.435725,0.60876,0.54459,0.533912,0.489883333,0.679246977,0.539235263,0.710773333,0.617907778,0.697635143,0.84803,0.8411,0.482923333,0.616704167,0.729267143,0.702503333,0.652962632,0.277504286,0.517103333,0.382213492,0.58123,0.67551,0.459866667,0.612626429,0.588874286,0.508763333,0.697826667,0.620575455,0.6548464,0.614135
496,0.610746667,0.66603,0.53688,0.64323,0.57071,0.545812,0.238803333,0.712948133,0.574065789,0.605620286,0.53489,0.45808619,0.348375,0.69882,0.431158966,0.653340351,0.6473,0.633398462,0.584291818,0.56589,0.571124571,0.665158393,0.710667188,0.608200625,0.421578333,0.703914,0.628226364,0.72848375,0.432823889,0.645630656,0.567500667,0.6816867,0.49947,0.506896818,0.636217255,0.536172203,0.50111,0.509701111,0.509658,0.439132,0.590271667,0.650016744,0.553392632,0.63422,0.443541111,0.539891714,0.81953,0.70646,0.622853333,0.55302,0.605022857,0.64163,0.613276842,0.382789286,0.493058889,0.289479048,0.59365,0.377738,0.329433333,0.617699286,0.707146667,0.562308333,0.669902,0.637814091,0.6552032,0.661508333
497,0.456386667,0.62904,0.35887375,0.385315,0.539434286,0.430586,0.170503333,0.647955067,0.484656842,0.552600571,0.409427857,0.228967143,0.165905,0.64089,0.374438276,0.554024211,0.609046667,0.559783077,0.424715455,0.55035,0.462668571,0.616777143,0.644178125,0.5342725,0.335784167,0.608828833,0.594291818,0.59304625,0.398343889,0.536791967,0.477299778,0.6425426,0.42465,0.36982,0.540637647,0.477307627,0.368323333,0.271201111,0.36659,0.213412,0.568176667,0.596895349,0.446172105,0.44162,0.231593333,0.378834857,0.73497,0.62094,0.346286667,0.222731667,0.592735714,0.57504,0.590425263,0.3598,0.410452222,0.188698254,0.40184,0.261076,0.245698333,0.522615714,0.539421429,0.352276667,0.505503333,0.496161818,0.6086972,0.641546667
498,0.500776667,0.43617,0.15835125,0.386115,0.444834286,0.352194,0.051803333,0.467454933,0.303065263,0.366644,0.232321429,0.110640952,0.08545,0.40233,0.200954828,0.404933158,0.39364,0.304896923,0.242620909,0.39038,0.253569429,0.474385357,0.478443438,0.379196875,0.181058333,0.427536667,0.452052727,0.50449375,0.271191111,0.329891475,0.325427333,0.5051067,0.26368,0.172562273,0.381367255,0.304829322,0.09323,0.127965556,0.180538,0.066652,0.373203333,0.427627209,0.237780526,0.343183333,0.114944444,0.237259714,0.55975,0.50853,0.1678,0.138941667,0.48731,0.44832,0.476738158,0.281447143,0.242415556,0.10845,0.22239,0.137794,0.066126667,0.284342857,0.270975238,0.15953,0.330125333,0.246161818,0.4295088,0.33715
499,0.434046667,0.46047,0.0,0.197785,0.266137143,0.177526,0.000123333,0.0,0.0,0.0,0.0,0.0,0.0,0.0,0.04750931,0.136060175,0.165276667,0.0,0.0,0.0,0.0,0.023510893,0.011541563,2.13e-5,0.105855833,0.242827,0.266762727,0.34115875,0.116627222,0.212374754,0.15175,0.3577371,0.16695,2.59e-5,0.219019412,0.082029661,0.0,0.0,0.0,0.0,0.0,0.0,0.0,0.155596667,0.066954444,0.100466,0.0,0.0,0.0,0.0,0.395931429,0.384376667,0.338209737,0.165915714,0.080884444,0.031645238,0.00264,0.038006,0.0,0.108073214,0.051220476,0.025146667,3.47e-5,0.046710455,0.0001744,0.0
500,0.3328,0.30226,0.0,0.0,0.0,0.0,0.0,0.0,0.0,0.0,0.0,0.0,0.0,0.0,0.0,0.0,0.0,0.0,0.0,0.0,0.0,0.0,0.0,0.0,0.0,0.0,0.0,0.0,0.0,0.0,0.0,0.0,0.0,0.0,0.0,0.0,0.0,0.0,0.0,0.0,0.0,0.0,0.0,0.0,0.0,0.0,0.0,0.0,0.0,0.0,0.000247143,0.048323333,0.036654737,0.0,0.0,0.0,0.0,0.0,0.0,0.0,0.0,0.0,0.0,0.0,0.0,0.0
501,0.0,0.0,0.0,0.0,0.0,0.0,0.0,0.0,0.0,0.0,0.0,0.0,0.0,0.0,0.0,0.0,0.0,0.0,0.0,0.0,0.0,0.0,0.0,0.0,0.0,0.0,0.0,0.0,0.0,0.0,0.0,0.0,0.0,0.0,0.0,0.0,0.0,0.0,0.0,0.0,0.0,0.0,0.0,0.0,0.0,0.0,0.0,0.0,0.0,0.0,0.0,0.0,0.0,0.0,0.0,0.0,0.0,0.0,0.0,0.0,0.0,0.0,0.0,0.0,0.0,0.0
502,0.0,0.0,0.0,0.0,0.0,0.0,0.0,0.0,0.0,0.0,0.0,0.0,0.0,0.0,0.0,0.0,0.0,0.0,0.0,0.0,0.0,0.0,0.0,0.0,0.0,0.0,0.0,0.0,0.0,0.0,0.0,0.0,0.0,0.0,0.0,0.0,0.0,0.0,0.0,0.0,0.0,0.0,0.0,0.0,0.0,0.0,0.0,0.0,0.0,0.0,0.0,0.0,0.0,0.0,0.0,0.0,0.0,0.0,0.0,0.0,0.0,0.0,0.0,0.0,0.0,0.0
503,0.0,0.0,0.0,0.0,0.0,0.0,0.0,0.0,0.0,0.0,0.0,0.0,0.0,0.0,0.0,0.0,0.0,0.0,0.0,0.0,0.0,0.0,0.0,0.0,0.0,0.0,0.0,0.0,0.0,0.0,0.0,0.0,0.0,0.0,0.0,0.0,0.0,0.0,0.0,0.0,0.0,0.0,0.0,0.0,0.0,0.0,0.0,0.0,0.0,0.0,0.0,0.0,0.0,0.0,0.0,0.0,0.0,0.0,0.0,0.0,0.0,0.0,0.0,0.0,0.0,0.0
504,0.0,0.0,0.0,0.0,0.0,0.0,0.0,0.0,0.0,0.0,0.0,0.0,0.0,0.0,0.0,0.0,0.0,0.0,0.0,0.0,0.0,0.0,0.0,0.0,0.0,0.0,0.0,0.0,0.0,0.0,0.0,0.0,0.0,0.0,0.0,0.0,0.0,0.0,0.0,0.0,0.0,0.0,0.0,0.0,0.0,0.0,0.0,0.0,0.0,0.0,0.0,0.0,0.0,0.0,0.0,0.0,0.0,0.0,0.0,0.0,0.0,0.0,0.0,0.0,0.0,0.0
505,0.0,0.0,0.0,0.0,0.0,0.0,0.0,0.0,0.0,0.0,0.0,0.0,0.0,0.0,0.0,0.0,0.0,0.0,0.0,0.0,0.0,0.0,0.0,0.0,0.0,0.0,0.0,0.0,0.0,0.0,0.0,0.0,0.0,0.0,0.0,0.0,0.0,0.0,0.0,0.0,0.0,0.0,0.0,0.0,0.0,0.0,0.0,0.0,0.0,0.0,0.0,0.0,0.0,0.0,0.0,0.0,0.0,0.0,0.0,0.0,0.0,0.0,0.0,0.0,0.0,0.0
506,0.0,0.0,0.0,0.0,0.0,0.0,0.0,0.0,0.0,0.0,0.0,0.0,0.0,0.0,0.0,0.0,0.0,0.0,0.0,0.0,0.0,0.0,0.0,0.0,0.0,0.0,0.0,0.0,0.0,0.0,0.0,0.0,0.0,0.0,0.0,0.0,0.0,0.0,0.0,0.0,0.0,0.0,0.0,0.0,0.0,0.0,0.0,0.0,0.0,0.0,0.0,0.0,0.0,0.0,0.0,0.0,0.0,0.0,0.0,0.0,0.0,0.0,0.0,0.0,0.0,0.0
507,0.0,0.0,0.0,0.0,0.0,0.0,0.0,0.0,0.0,0.0,0.0,0.0,0.0,0.0,0.0,0.0,0.0,0.0,0.0,0.0,0.0,0.0,0.0,0.0,0.0,0.0,0.0,0.0,0.0,0.0,0.0,0.0,0.0,0.0,0.0,0.0,0.0,0.0,0.0,0.0,0.0,0.0,0.0,0.0,0.0,0.0,0.0,0.0,0.0,0.0,0.0,0.0,0.0,0.0,0.0,0.0,0.0,0.0,0.0,0.0,0.0,0.0,0.0,0.0,0.0,0.0
508,0.0,0.0,0.0,0.0,0.0,0.0,0.0,0.0,0.0,0.0,0.0,0.0,0.0,0.0,0.0,0.0,0.0,0.0,0.0,0.0,0.0,0.0,0.0,0.0,0.0,0.0,0.0,0.0,0.0,0.0,0.0,0.0,0.0,0.0,0.0,0.0,0.0,0.0,0.0,0.0,0.0,0.0,0.0,0.0,0.0,0.0,0.0,0.0,0.0,0.0,0.0,0.0,0.0,0.0,0.0,0.0,0.0,0.0,0.0,0.0,0.0,0.0,0.0,0.0,0.0,0.0
509,0.0,0.0,0.0,0.0,0.0,0.0,0.0,0.0,0.0,0.0,0.0,0.0,0.0,0.0,0.0,0.0,0.0,0.0,0.0,0.0,0.0,0.0,0.0,0.0,0.0,0.0,0.0,0.0,0.0,0.0,0.0,0.0,0.0,0.0,0.0,0.0,0.0,0.0,0.0,0.0,0.0,0.0,0.0,0.0,0.0,0.0,0.0,0.0,0.0,0.0,0.0,0.0,0.0,0.0,0.0,0.0,0.0,0.0,0.0,0.0,0.0,0.0,0.0,0.0,0.0,0.0
510,0.0,0.0,0.0,0.0,0.0,0.0,0.0,0.0,0.0,0.0,0.0,0.0,0.0,0.0,0.0,0.0,0.0,0.0,0.0,0.0,0.0,0.0,0.0,0.0,0.0,0.0,0.0,0.0,0.0,0.0,0.0,0.0,0.0,0.0,0.0,0.0,0.0,0.0,0.0,0.0,0.0,0.0,0.0,0.0,0.0,0.0,0.0,0.0,0.0,0.0,0.0,0.0,0.0,0.0,0.0,0.0,0.0,0.0,0.0,0.0,0.0,0.0,0.0,0.0,0.0,0.0
511,0.0,0.0,0.3183775,0.0,0.0,0.0,0.0,0.4787916,0.214753684,0.309292571,0.323605714,0.37358381,0.35069,0.49617,0.092819655,0.09632386,3.33e-5,0.321208462,0.218864545,0.15977,0.168053714,0.44946375,0.424728438,0.501483125,0.0,0.0,0.0,0.0,0.0,0.0,0.0,0.0,0.0,0.021233636,3.59e-5,0.011037119,0.451453333,0.279553333,0.422516,0.346992,0.480635,0.403635581,0.275923158,0.0,3.33e-5,5.97e-5,0.53052,0.57793,0.35533,0.475985,0.0,0.0,0.0,0.0,0.012014444,1.32e-5,0.0,0.0,0.292148333,0.11146,0.271969048,0.177638333,0.464956,0.103540909,0.0999316,0.061586667
512,0.0,0.0,0.54778375,0.097465,0.074241429,0.050624,0.089506667,0.716728,0.432957895,0.461470286,0.580722143,0.677257143,0.65244,0.74147,0.668562069,0.671710526,0.65212,0.581960769,0.421579697,0.32677,0.417312857,0.730651964,0.669295,0.7958025,0.6035775,0.478264333,0.364610909,0.28152875,0.405708333,0.485404918,0.543534444,0.2468277,0.05381,0.253473182,0.317458824,0.211061864,0.675645,0.667553333,0.553622,0.605759,0.569588333,0.628916977,0.512218947,0.563596667,0.439271111,0.200638571,0.6344,0.76916,0.733116667,0.7038475,0.00712,0.02753,0.143288684,0.055534286,0.278086667,0.317748571,0.0016,0.0044,0.373361667,0.648978214,0.609009524,0.594406667,0.70431,0.674454545,0.4977884,0.465851667
513,0.175273333,0.36377,0.67748625,0.266745,0.173037143,0.13028,0.20101,0.810054133,0.482682105,0.584281143,0.634305,0.685948571,0.64241,0.7207,0.782855172,0.806850877,0.783096667,0.683499231,0.59216,0.39858,0.507528,0.826153214,0.790926875,0.868661875,0.757948333,0.636291,0.476398182,0.454875,0.525714444,0.61928918,0.708142667,0.425157,0.06063,0.466455909,0.445048039,0.335536271,0.696631667,0.692394444,0.673566,0.688623,0.720135,0.680112558,0.575796316,0.72899,0.550912222,0.269193143,0.79107,0.83184,0.726403333,0.755924167,0.189284286,0.289936667,0.400476842,0.141311429,0.456685556,0.465171746,0.00751,0.01594,0.613521667,0.773683929,0.76522619,0.750796667,0.813630667,0.771198636,0.6854604,0.592171667
514,0.581163333,0.56446,0.71210375,0.51037,0.357027143,0.250386,0.245133333,0.848611867,0.615215789,0.660854286,0.661162857,0.738508095,0.70117,0.89473,0.843877931,0.836537368,0.840726667,0.743916923,0.643808788,0.43906,0.526082286,0.86262625,0.828404688,0.89596125,0.79187,0.719945667,0.609890909,0.594161875,0.635732778,0.690647541,0.793811556,0.5513284,0.17185,0.520533182,0.543488627,0.37972678,0.772585,0.736307778,0.774744,0.722195,0.713163333,0.743659302,0.631792632,0.828663333,0.641921111,0.340865714,0.73517,0.84603,0.794846667,0.855893333,0.332642857,0.452873333,0.567430789,0.220949286,0.639611111,0.596371905,0.04165,0.050534,0.748613333,0.801927857,0.816890476,0.831628333,0.870448667,0.839923182,0.7696452,0.671203333
515,0.72932,0.69692,0.79905625,0.76595,0.488562857,0.357884,0.312656667,0.872124267,0.727731579,0.769188571,0.806810714,0.773849524,0.755335,0.91605,0.860854138,0.846911754,0.84875,0.793795385,0.706992727,0.62258,0.626947429,0.874819107,0.846873438,0.89697125,0.82249,0.727238667,0.601029091,0.58231125,0.788503333,0.755533443,0.838127778,0.6280491,0.43478,0.624083182,0.64091098,0.497735254,0.857365,0.700062222,0.8667,0.743415,0.762423333,0.802067209,0.743173158,0.806693333,0.592017778,0.344477714,0.81796,0.85459,0.8081,0.817131667,0.415018571,0.614773333,0.592838684,0.267356429,0.617453333,0.634420159,0.05454,0.040452,0.823736667,0.781090714,0.807461429,0.776823333,0.878401333,0.85634,0.7661768,0.568085
516,0.83662,0.83731,0.80868,0.825845,0.52665,0.440132,0.42298,0.856885067,0.720388421,0.793390286,0.790504286,0.771455238,0.733215,0.91549,0.863163103,0.829078947,0.851163333,0.73879,0.609180303,0.62976,0.656267714,0.872184107,0.847361563,0.8748275,0.841281667,0.720152,0.608239091,0.62543125,0.8248,0.771231148,0.822979556,0.6859571,0.47159,0.557385,0.649251765,0.496058136,0.838746667,0.810086667,0.864656,0.742504,0.72886,0.777791628,0.697790526,0.764053333,0.604652222,0.415470571,0.82247,0.84767,0.828233333,0.881430833,0.461852857,0.530133333,0.643047368,0.311143571,0.548246667,0.6071,0.06497,0.07741,0.786326667,0.810524286,0.765270476,0.8005,0.875142,0.833073636,0.7502436,0.642466667
517,0.728566667,0.82973,0.78691125,0.77483,0.49565,0.61491,0.532686667,0.841837467,0.791665789,0.832483143,0.807111429,0.808824762,0.81732,0.90659,0.84544069,0.781311754,0.82756,0.741121538,0.662546364,0.59836,0.626442286,0.825051607,0.790529063,0.858479375,0.803768333,0.6725035,0.668760909,0.64376375,0.806255,0.780091311,0.817591333,0.7188418,0.52077,0.599721364,0.613020588,0.566865763,0.853616667,0.789334444,0.871082,0.741898,0.808433333,0.744308372,0.690495789,0.746996667,0.560451111,0.439896286,0.84096,0.83453,0.84509,0.862041667,0.515764286,0.55122,0.692731842,0.330740714,0.508542222,0.549874127,0.0764,0.075204,0.758085,0.780897143,0.733837143,0.776238333,0.850064667,0.804201818,0.722944,0.621631667
518,0.725796667,0.80039,0.81726875,0.57716,0.506182857,0.586486,0.515413333,0.832903867,0.799038947,0.820638286,0.794663571,0.821080476,0.7208,0.90761,0.70819931,0.69881807,0.818936667,0.758349231,0.654878788,0.67116,0.643464571,0.780304286,0.737646563,0.825775,0.642835,0.5973625,0.609483636,0.626564375,0.702408333,0.660187377,0.767352222,0.617563,0.67179,0.591070455,0.619562745,0.612264407,0.756456667,0.761026667,0.803436,0.768514,0.76541,0.754836047,0.65378,0.533153333,0.431087778,0.445438857,0.80028,0.79569,0.81398,0.80935,0.37032,0.65184,0.606817632,0.3715,0.467831111,0.53355873,0.05878,0.115084,0.727346667,0.691523929,0.703422857,0.698595,0.810347333,0.761358636,0.7494768,0.69287
519,0.617793333,0.73126,0.77008125,0.61396,0.53759,0.460084,0.385463333,0.7788504,0.752841053,0.739525429,0.792753571,0.768730952,0.6967,0.89069,0.692657586,0.687101579,0.791186667,0.735921538,0.586199091,0.72664,0.576488857,0.732918036,0.713022813,0.797331875,0.719380833,0.6149945,0.663556364,0.582119375,0.673601111,0.634822787,0.719404889,0.5943101,0.53866,0.46409,0.550267647,0.532918983,0.761048333,0.757447778,0.766066,0.744176,0.786981667,0.65827,0.593377368,0.632266667,0.321811111,0.484564571,0.73223,0.79174,0.755416667,0.769975833,0.39742,0.595726667,0.635418421,0.324190714,0.496057778,0.565800952,0.08103,0.112004,0.794513333,0.710203571,0.712200476,0.62392,0.734631333,0.771758182,0.6563076,0.561746667
520,0.54011,0.74838,0.70226125,0.59448,0.581767143,0.279788,0.447576667,0.708498133,0.696591053,0.71711,0.67042,0.630261905,0.545685,0.78246,0.663568621,0.647228772,0.754636667,0.691465385,0.504861818,0.65013,0.430847429,0.7168175,0.690529688,0.754234375,0.523221667,0.544814,0.532178182,0.5360425,0.654343333,0.640273443,0.702816444,0.6712908,0.70802,0.413060909,0.561230196,0.539857119,0.627818333,0.639744444,0.678288,0.694857,0.707525,0.61973907,0.532828947,0.599003333,0.328612222,0.394247143,0.7048,0.7562,0.62721,0.616120833,0.36403,0.704313333,0.542288421,0.442712143,0.38005,0.530377143,0.06643,0.182364,0.656343333,0.643100357,0.564599048,0.429656667,0.742254667,0.731214545,0.6655192,0.564658333
521,0.479743333,0.66664,0.5885075,0.333705,0.535371429,0.217202,0.449376667,0.6240668,0.527761053,0.599388,0.530079286,0.5242,0.57266,0.71667,0.561371379,0.640339123,0.70149,0.609155385,0.383809697,0.49505,0.380252571,0.668140357,0.61312375,0.662071875,0.3510775,0.4619755,0.500398182,0.503721875,0.539828889,0.524827049,0.598980889,0.6012963,0.70075,0.305451364,0.480362745,0.462130847,0.49958,0.552145556,0.536,0.548534,0.582505,0.534702558,0.410601053,0.513276667,0.235808889,0.357842571,0.66507,0.65219,0.405533333,0.471136667,0.557227143,0.542326667,0.523474474,0.399468571,0.356837778,0.507716984,0.03057,0.282714,0.481283333,0.475755714,0.388759048,0.257895,0.578173333,0.674149091,0.5696372,0.531686667
522,0.2772,0.48613,0.2439025,0.28667,0.410742857,0.158912,0.384303333,0.416291467,0.311731053,0.365091429,0.317595,0.259176667,0.38591,0.46802,0.339704828,0.414299474,0.444793333,0.381876154,0.210611515,0.36989,0.187828286,0.461439464,0.402424375,0.459178125,0.186409167,0.339537333,0.349443636,0.412039375,0.330827222,0.402557541,0.400027556,0.4150293,0.5716,0.173929545,0.333881765,0.351155932,0.234446667,0.156072222,0.305576,0.178304,0.34157,0.380588605,0.292794211,0.206526667,0.16271,0.314094571,0.47373,0.42015,0.323386667,0.153035,0.356521429,0.376053333,0.36374,0.437323571,0.334561111,0.427062698,0.01727,0.229308,0.312698333,0.330020357,0.195744286,0.210083333,0.442571333,0.508184091,0.4235544,0.350665
523,0.09926,0.26166,0.0,0.12844,0.293244286,0.108874,0.000213333,0.0,0.0,0.0,0.0,0.0,0.0,0.0,0.108794483,0.070820175,0.205953333,0.0,0.0,0.0,0.0,0.016789464,7.81e-6,0.0,0.103363333,0.221203333,0.240671818,0.2623075,0.206582222,0.237441803,0.253103111,0.2901736,0.37278,0.0,0.111239804,0.109457458,0.0,0.0,0.0,0.0,0.0,0.0,0.0,0.127553333,0.080427778,0.159189714,0.0,0.0,0.0,0.0,0.38835,0.194393333,0.315587368,0.38891,0.170474444,0.292243016,0.0,0.092884,0.0,0.056548929,0.009552381,0.086188333,0.0,0.0,0.0,0.0
524,0.03541,0.00389,0.0,0.0,0.0,0.0,0.0,0.0,0.0,0.0,0.0,0.0,0.0,0.0,0.0,0.0,0.0,0.0,0.0,0.0,0.0,0.0,0.0,0.0,0.0,0.0,0.0,0.0,0.0,0.0,0.0,0.0,0.0,0.0,0.0,0.0,0.0,0.0,0.0,0.0,0.0,0.0,0.0,0.0,0.0,0.0,0.0,0.0,0.0,0.0,1.0e-5,0.0,0.000125789,0.0,0.0,0.0,0.0,0.0,0.0,0.0,0.0,0.0,0.0,0.0,0.0,0.0
525,0.0,0.0,0.0,0.0,0.0,0.0,0.0,0.0,0.0,0.0,0.0,0.0,0.0,0.0,0.0,0.0,0.0,0.0,0.0,0.0,0.0,0.0,0.0,0.0,0.0,0.0,0.0,0.0,0.0,0.0,0.0,0.0,0.0,0.0,0.0,0.0,0.0,0.0,0.0,0.0,0.0,0.0,0.0,0.0,0.0,0.0,0.0,0.0,0.0,0.0,0.0,0.0,0.0,0.0,0.0,0.0,0.0,0.0,0.0,0.0,0.0,0.0,0.0,0.0,0.0,0.0
526,0.0,0.0,0.0,0.0,0.0,0.0,0.0,0.0,0.0,0.0,0.0,0.0,0.0,0.0,0.0,0.0,0.0,0.0,0.0,0.0,0.0,0.0,0.0,0.0,0.0,0.0,0.0,0.0,0.0,0.0,0.0,0.0,0.0,0.0,0.0,0.0,0.0,0.0,0.0,0.0,0.0,0.0,0.0,0.0,0.0,0.0,0.0,0.0,0.0,0.0,0.0,0.0,0.0,0.0,0.0,0.0,0.0,0.0,0.0,0.0,0.0,0.0,0.0,0.0,0.0,0.0
527,0.0,0.0,0.0,0.0,0.0,0.0,0.0,0.0,0.0,0.0,0.0,0.0,0.0,0.0,0.0,0.0,0.0,0.0,0.0,0.0,0.0,0.0,0.0,0.0,0.0,0.0,0.0,0.0,0.0,0.0,0.0,0.0,0.0,0.0,0.0,0.0,0.0,0.0,0.0,0.0,0.0,0.0,0.0,0.0,0.0,0.0,0.0,0.0,0.0,0.0,0.0,0.0,0.0,0.0,0.0,0.0,0.0,0.0,0.0,0.0,0.0,0.0,0.0,0.0,0.0,0.0
528,0.0,0.0,0.0,0.0,0.0,0.0,0.0,0.0,0.0,0.0,0.0,0.0,0.0,0.0,0.0,0.0,0.0,0.0,0.0,0.0,0.0,0.0,0.0,0.0,0.0,0.0,0.0,0.0,0.0,0.0,0.0,0.0,0.0,0.0,0.0,0.0,0.0,0.0,0.0,0.0,0.0,0.0,0.0,0.0,0.0,0.0,0.0,0.0,0.0,0.0,0.0,0.0,0.0,0.0,0.0,0.0,0.0,0.0,0.0,0.0,0.0,0.0,0.0,0.0,0.0,0.0
529,0.0,0.0,0.0,0.0,0.0,0.0,0.0,0.0,0.0,0.0,0.0,0.0,0.0,0.0,0.0,0.0,0.0,0.0,0.0,0.0,0.0,0.0,0.0,0.0,0.0,0.0,0.0,0.0,0.0,0.0,0.0,0.0,0.0,0.0,0.0,0.0,0.0,0.0,0.0,0.0,0.0,0.0,0.0,0.0,0.0,0.0,0.0,0.0,0.0,0.0,0.0,0.0,0.0,0.0,0.0,0.0,0.0,0.0,0.0,0.0,0.0,0.0,0.0,0.0,0.0,0.0
530,0.0,0.0,0.0,0.0,0.0,0.0,0.0,0.0,0.0,0.0,0.0,0.0,0.0,0.0,0.0,0.0,0.0,0.0,0.0,0.0,0.0,0.0,0.0,0.0,0.0,0.0,0.0,0.0,0.0,0.0,0.0,0.0,0.0,0.0,0.0,0.0,0.0,0.0,0.0,0.0,0.0,0.0,0.0,0.0,0.0,0.0,0.0,0.0,0.0,0.0,0.0,0.0,0.0,0.0,0.0,0.0,0.0,0.0,0.0,0.0,0.0,0.0,0.0,0.0,0.0,0.0
531,0.0,0.0,0.0,0.0,0.0,0.0,0.0,0.0,0.0,0.0,0.0,0.0,0.0,0.0,0.0,0.0,0.0,0.0,0.0,0.0,0.0,0.0,0.0,0.0,0.0,0.0,0.0,0.0,0.0,0.0,0.0,0.0,0.0,0.0,0.0,0.0,0.0,0.0,0.0,0.0,0.0,0.0,0.0,0.0,0.0,0.0,0.0,0.0,0.0,0.0,0.0,0.0,0.0,0.0,0.0,0.0,0.0,0.0,0.0,0.0,0.0,0.0,0.0,0.0,0.0,0.0
532,0.0,0.0,0.0,0.0,0.0,0.0,0.0,0.0,0.0,0.0,0.0,0.0,0.0,0.0,0.0,0.0,0.0,0.0,0.0,0.0,0.0,0.0,0.0,0.0,0.0,0.0,0.0,0.0,0.0,0.0,0.0,0.0,0.0,0.0,0.0,0.0,0.0,0.0,0.0,0.0,0.0,0.0,0.0,0.0,0.0,0.0,0.0,0.0,0.0,0.0,0.0,0.0,0.0,0.0,0.0,0.0,0.0,0.0,0.0,0.0,0.0,0.0,0.0,0.0,0.0,0.0
533,0.0,0.0,0.0,0.0,0.0,0.0,0.0,0.0,0.0,0.0,0.0,0.0,0.0,0.0,0.0,0.0,0.0,0.0,0.0,0.0,0.0,0.0,0.0,0.0,0.0,0.0,0.0,0.0,0.0,0.0,0.0,0.0,0.0,0.0,0.0,0.0,0.0,0.0,0.0,0.0,0.0,0.0,0.0,0.0,0.0,0.0,0.0,0.0,0.0,0.0,0.0,0.0,0.0,0.0,0.0,0.0,0.0,0.0,0.0,0.0,0.0,0.0,0.0,0.0,0.0,0.0
534,0.0,0.0,0.0,0.0,0.0,0.0,0.0,0.0,0.0,0.0,0.0,0.0,0.0,0.0,0.0,0.0,0.0,0.0,0.0,0.0,0.0,0.0,0.0,0.0,0.0,0.0,0.0,0.0,0.0,0.0,0.0,0.0,0.0,0.0,0.0,0.0,0.0,0.0,0.0,0.0,0.0,0.0,0.0,0.0,0.0,0.0,0.0,0.0,0.0,0.0,0.0,0.0,0.0,0.0,0.0,0.0,0.0,0.0,0.0,0.0,0.0,0.0,0.0,0.0,0.0,0.0
535,0.0,0.0,0.40019875,0.0,0.0,0.0,0.0,0.4413144,0.387051053,0.351412571,0.449905,0.271067619,0.15689,0.4027,0.051875517,0.051719649,7.67e-5,0.294657692,0.13245697,0.04739,0.103172286,0.317379286,0.246335313,0.4169975,0.0,0.0,0.0,0.0,0.0,0.0,0.0,0.0,0.0,0.017198182,1.76e-6,0.015723729,0.544383333,0.202703333,0.583538,0.310131,0.567831667,0.397838837,0.224346842,0.0,0.0,2.34e-5,0.22193,0.14245,0.314483333,0.315781667,0.0,0.0,0.0,0.0,0.000307778,2.9e-5,7.0e-5,0.0,0.541938333,0.039175357,0.168282381,0.107151667,0.414364,0.093020909,0.1578676,0.07567
536,0.0,0.0,0.6195725,0.098265,0.01408,0.214608,0.219113333,0.6499884,0.569030526,0.585738857,0.688228571,0.611217143,0.521815,0.68113,0.41664069,0.519036491,0.629873333,0.495260769,0.256014242,0.01961,0.216515429,0.568985,0.463560938,0.6780875,0.5658,0.493625167,0.436512727,0.44413,0.397751111,0.453939344,0.563149111,0.2825662,0.14619,0.255598182,0.323934706,0.203345932,0.719245,0.481881111,0.772764,0.567989,0.774445,0.629396047,0.435725263,0.43005,0.140486667,0.230383143,0.50051,0.48093,0.699526667,0.630110833,0.006455714,0.112233333,0.160644211,0.269494286,0.617006667,0.617057619,0.02669,0.138682,0.658968333,0.388621786,0.436869524,0.41293,0.644666,0.666423182,0.4435564,0.227586667
537,0.27725,0.17606,0.57368375,0.08265,0.148974286,0.251822,0.494823333,0.806504,0.728871579,0.757434286,0.828312857,0.74399381,0.63469,0.80097,0.642966207,0.72861614,0.78207,0.608048462,0.420860909,0.03059,0.235373143,0.714719107,0.629124688,0.814854375,0.702249167,0.6750035,0.633860909,0.583954375,0.593923889,0.707407377,0.728926444,0.5020026,0.384,0.361409091,0.471065686,0.328799831,0.799421667,0.626785556,0.829524,0.587656,0.858053333,0.748681395,0.616848947,0.497563333,0.328264444,0.343699429,0.53476,0.66395,0.806066667,0.694430833,0.256151429,0.48331,0.398928421,0.462158571,0.764888889,0.77897873,0.40159,0.242026,0.70039,0.479654643,0.56908619,0.523058333,0.789670667,0.783988182,0.5941756,0.23198
538,0.37722,0.13647,0.63065125,0.268145,0.166451429,0.381652,0.616676667,0.856460267,0.790672105,0.824021714,0.867417143,0.760447619,0.697645,0.84342,0.709255172,0.800130175,0.839893333,0.690366154,0.491890606,0.1072,0.274103714,0.805017679,0.699672188,0.858563125,0.7476475,0.741611667,0.751511818,0.724735625,0.734167222,0.802839344,0.811832889,0.6046832,0.37215,0.377766818,0.487282549,0.372452373,0.80174,0.643562222,0.905478,0.672622,0.901483333,0.81373,0.666597368,0.55237,0.440322222,0.462066857,0.63268,0.73892,0.726753333,0.716796667,0.38633,0.573786667,0.576967105,0.5446,0.823545556,0.856954444,0.44684,0.398378,0.58728,0.541598214,0.60203,0.576106667,0.805189333,0.835013182,0.5113344,0.256703333
539,0.557993333,0.34098,0.68227875,0.33873,0.240778571,0.50996,0.653026667,0.875416,0.794329474,0.858239143,0.875415,0.816192381,0.723475,0.85226,0.777675862,0.830208421,0.846583333,0.724473846,0.662602727,0.37536,0.444789714,0.816839643,0.765095625,0.85701875,0.7593825,0.7439245,0.788232727,0.718069375,0.816292222,0.819137377,0.836746889,0.6438301,0.4751,0.428055909,0.495315686,0.42730339,0.786941667,0.731985556,0.892332,0.748872,0.89917,0.820410233,0.73148,0.42642,0.44389,0.516550286,0.75835,0.80529,0.792543333,0.789675833,0.51945,0.748903333,0.646205789,0.647910714,0.831627778,0.873372381,0.61657,0.423224,0.72749,0.490371071,0.55842,0.522685,0.815184,0.847457273,0.6298188,0.342258333
540,0.629813333,0.46835,0.79609125,0.39727,0.309411429,0.355806,0.387933333,0.813344133,0.831498421,0.881482,0.795825714,0.796132381,0.78152,0.88481,0.784317586,0.793537193,0.855473333,0.738440769,0.624451515,0.51277,0.530842286,0.773458036,0.751674688,0.80544375,0.735310833,0.773550167,0.744850909,0.762725,0.806967778,0.812085902,0.819674444,0.6285731,0.58601,0.428516818,0.486651373,0.431660339,0.752088333,0.75508,0.804046,0.808371,0.880338333,0.760788837,0.670273158,0.566603333,0.575942222,0.515458286,0.77216,0.79684,0.777536667,0.8121475,0.54157,0.845016667,0.672236053,0.647810714,0.790264444,0.851835714,0.7553,0.52928,0.781841667,0.587641786,0.687081429,0.646356667,0.793842667,0.788347273,0.6966692,0.467308333
541,0.72741,0.56651,0.7557925,0.482305,0.413525714,0.444238,0.423496667,0.815802533,0.816291053,0.860407714,0.785049286,0.737777143,0.76829,0.84591,0.806776207,0.751719474,0.81722,0.675018462,0.64425,0.42831,0.515441714,0.775573571,0.725965625,0.769158125,0.7530275,0.763323833,0.783103636,0.727773125,0.801062222,0.812261803,0.787118222,0.6456768,0.45547,0.425419545,0.489121765,0.442557458,0.792798333,0.735273333,0.816744,0.747823,0.862408333,0.764948372,0.666005789,0.657983333,0.558341111,0.523135429,0.79798,0.77556,0.781946667,0.779170833,0.602685714,0.855476667,0.694827105,0.643322857,0.768945556,0.826781429,0.80963,0.647496,0.730405,0.626442143,0.699371429,0.6359,0.788483333,0.760111364,0.6894376,0.545163333
542,0.740553333,0.78914,0.74191,0.35445,0.431738571,0.398632,0.25629,0.788454,0.817018947,0.857164857,0.765767143,0.689881429,0.716165,0.86083,0.787375172,0.738568947,0.78337,0.71821,0.602021515,0.45964,0.521912857,0.755849107,0.734470938,0.76592125,0.726666667,0.715539167,0.685455455,0.63908875,0.761905,0.734039344,0.707392889,0.6042519,0.31651,0.386675455,0.49173902,0.533822712,0.762036667,0.685151111,0.802994,0.712089,0.85758,0.765995116,0.646321053,0.686223333,0.496115556,0.499590571,0.79995,0.73415,0.714326667,0.701544167,0.504208571,0.690143333,0.672474737,0.645609286,0.780094444,0.825996508,0.8076,0.594268,0.792936667,0.573508214,0.56927381,0.613018333,0.74684,0.732014545,0.6472212,0.641806667
543,0.695866667,0.82524,0.66046875,0.499775,0.392184286,0.488084,0.357003333,0.779826133,0.796745263,0.816418571,0.699202143,0.676681429,0.688125,0.75712,0.714215862,0.738728947,0.774363333,0.67374,0.560807273,0.63239,0.498842,0.6687125,0.698290625,0.693201875,0.683755,0.670560667,0.666483636,0.624003125,0.735717222,0.717712951,0.714120889,0.5548701,0.56243,0.329054091,0.469692745,0.472369322,0.658751667,0.730913333,0.777548,0.726868,0.806601667,0.742423953,0.575130526,0.498626667,0.478272222,0.577912,0.68388,0.70529,0.64815,0.735205833,0.515718571,0.803186667,0.612885789,0.633068571,0.752254444,0.829654762,0.8133,0.676798,0.718645,0.582015714,0.591874762,0.539633333,0.683884,0.67369,0.620488,0.45733
544,0.7487,0.71618,0.65366,0.54437,0.361937143,0.538882,0.23914,0.688713867,0.741135263,0.762019714,0.591708571,0.565414762,0.602655,0.82596,0.709394828,0.695600877,0.743926667,0.424267692,0.576139091,0.46968,0.460098,0.679899107,0.634319688,0.7054275,0.663965,0.646993333,0.673986364,0.5452175,0.681195556,0.677652459,0.647380444,0.6211598,0.56152,0.333768636,0.371879804,0.476567966,0.628115,0.699286667,0.694352,0.671924,0.753988333,0.60344093,0.574393684,0.59243,0.408726667,0.494738286,0.62191,0.68316,0.609553333,0.649579167,0.30998,0.607136667,0.520555789,0.533172857,0.783067778,0.835415714,0.75483,0.535116,0.730408333,0.551366429,0.506436667,0.443235,0.627280667,0.638540455,0.5036904,0.447423333
545,0.612206667,0.79824,0.49423625,0.277135,0.299142857,0.41821,0.142363333,0.629446267,0.605040526,0.671499143,0.482782857,0.382935714,0.43116,0.64763,0.624772414,0.59497193,0.707806667,0.338167692,0.41945303,0.39376,0.404314571,0.57866375,0.5256175,0.6361925,0.526683333,0.591028333,0.615111818,0.612465,0.590025,0.607407869,0.549082222,0.5585815,0.23866,0.228180455,0.274626275,0.369480678,0.5022,0.41744,0.562084,0.497312,0.599383333,0.504196744,0.39059,0.529193333,0.370277778,0.491350286,0.53371,0.56226,0.48698,0.4106825,0.369401429,0.661786667,0.418885,0.604504286,0.756692222,0.80951127,0.64677,0.480866,0.58102,0.458095714,0.261046667,0.267868333,0.531107333,0.594692727,0.3973668,0.431995
546,0.50354,0.71382,0.14034875,0.116755,0.179804286,0.340554,0.074613333,0.426295733,0.383986316,0.403115714,0.197694286,0.134943333,0.201375,0.38163,0.41664,0.428604912,0.47536,0.123127692,0.254553636,0.32778,0.206396571,0.3881125,0.32086,0.435915625,0.398424167,0.450056667,0.470686364,0.48906125,0.463318333,0.467549672,0.392901333,0.4435171,0.08016,0.140921818,0.186202157,0.225084915,0.143328333,0.09862,0.319274,0.157057,0.314981667,0.337515814,0.216584211,0.408243333,0.245283333,0.361829714,0.20132,0.20995,0.22056,0.128983333,0.238877143,0.318706667,0.289238158,0.539735,0.649856667,0.694350952,0.57245,0.385602,0.290853333,0.302601786,0.099793333,0.190491667,0.364156,0.429081818,0.2103176,0.261
547,0.346073333,0.47912,0.0,0.069505,0.115158571,0.213522,0.0,0.0,0.0,0.0,0.0,0.0,0.0,0.0,0.193735862,0.071039474,0.189963333,0.0,0.0,0.0,0.0,0.019583393,1.34e-5,0.0,0.268748333,0.340686,0.374508182,0.351285625,0.297750556,0.292184262,0.257339333,0.3235192,0.02405,0.0,0.066926275,0.049433898,0.0,0.0,0.0,0.0,0.0,0.0,0.0,0.172656667,0.090923333,0.179560857,0.0,0.0,0.0,0.0,0.094702857,0.21949,0.202099737,0.405006429,0.351598889,0.426782857,5.0e-5,0.078742,0.0,0.111279286,0.00725619,0.02516,0.0,5.55e-5,0.0,0.0
548,0.286386667,0.22146,0.0,0.0,0.0,0.0,0.0,0.0,0.0,0.0,0.0,0.0,0.0,0.0,0.0,0.0,0.0,0.0,0.0,0.0,0.0,0.0,0.0,0.0,0.0,0.0,0.0,0.0,0.0,0.0,0.0,0.0,0.0,0.0,0.0,0.0,0.0,0.0,0.0,0.0,0.0,0.0,0.0,0.0,0.0,0.0,0.0,0.0,0.0,0.0,0.0,0.0,2.45e-5,0.0,0.0,0.0,0.0,0.0,0.0,0.0,0.0,0.0,0.0,0.0,0.0,0.0
549,0.0,0.0,0.0,0.0,0.0,0.0,0.0,0.0,0.0,0.0,0.0,0.0,0.0,0.0,0.0,0.0,0.0,0.0,0.0,0.0,0.0,0.0,0.0,0.0,0.0,0.0,0.0,0.0,0.0,0.0,0.0,0.0,0.0,0.0,0.0,0.0,0.0,0.0,0.0,0.0,0.0,0.0,0.0,0.0,0.0,0.0,0.0,0.0,0.0,0.0,0.0,0.0,0.0,0.0,0.0,0.0,0.0,0.0,0.0,0.0,0.0,0.0,0.0,0.0,0.0,0.0
550,0.0,0.0,0.0,0.0,0.0,0.0,0.0,0.0,0.0,0.0,0.0,0.0,0.0,0.0,0.0,0.0,0.0,0.0,0.0,0.0,0.0,0.0,0.0,0.0,0.0,0.0,0.0,0.0,0.0,0.0,0.0,0.0,0.0,0.0,0.0,0.0,0.0,0.0,0.0,0.0,0.0,0.0,0.0,0.0,0.0,0.0,0.0,0.0,0.0,0.0,0.0,0.0,0.0,0.0,0.0,0.0,0.0,0.0,0.0,0.0,0.0,0.0,0.0,0.0,0.0,0.0
551,0.0,0.0,0.0,0.0,0.0,0.0,0.0,0.0,0.0,0.0,0.0,0.0,0.0,0.0,0.0,0.0,0.0,0.0,0.0,0.0,0.0,0.0,0.0,0.0,0.0,0.0,0.0,0.0,0.0,0.0,0.0,0.0,0.0,0.0,0.0,0.0,0.0,0.0,0.0,0.0,0.0,0.0,0.0,0.0,0.0,0.0,0.0,0.0,0.0,0.0,0.0,0.0,0.0,0.0,0.0,0.0,0.0,0.0,0.0,0.0,0.0,0.0,0.0,0.0,0.0,0.0
552,0.0,0.0,0.0,0.0,0.0,0.0,0.0,0.0,0.0,0.0,0.0,0.0,0.0,0.0,0.0,0.0,0.0,0.0,0.0,0.0,0.0,0.0,0.0,0.0,0.0,0.0,0.0,0.0,0.0,0.0,0.0,0.0,0.0,0.0,0.0,0.0,0.0,0.0,0.0,0.0,0.0,0.0,0.0,0.0,0.0,0.0,0.0,0.0,0.0,0.0,0.0,0.0,0.0,0.0,0.0,0.0,0.0,0.0,0.0,0.0,0.0,0.0,0.0,0.0,0.0,0.0
553,0.0,0.0,0.0,0.0,0.0,0.0,0.0,0.0,0.0,0.0,0.0,0.0,0.0,0.0,0.0,0.0,0.0,0.0,0.0,0.0,0.0,0.0,0.0,0.0,0.0,0.0,0.0,0.0,0.0,0.0,0.0,0.0,0.0,0.0,0.0,0.0,0.0,0.0,0.0,0.0,0.0,0.0,0.0,0.0,0.0,0.0,0.0,0.0,0.0,0.0,0.0,0.0,0.0,0.0,0.0,0.0,0.0,0.0,0.0,0.0,0.0,0.0,0.0,0.0,0.0,0.0
554,0.0,0.0,0.0,0.0,0.0,0.0,0.0,0.0,0.0,0.0,0.0,0.0,0.0,0.0,0.0,0.0,0.0,0.0,0.0,0.0,0.0,0.0,0.0,0.0,0.0,0.0,0.0,0.0,0.0,0.0,0.0,0.0,0.0,0.0,0.0,0.0,0.0,0.0,0.0,0.0,0.0,0.0,0.0,0.0,0.0,0.0,0.0,0.0,0.0,0.0,0.0,0.0,0.0,0.0,0.0,0.0,0.0,0.0,0.0,0.0,0.0,0.0,0.0,0.0,0.0,0.0
555,0.0,0.0,0.0,0.0,0.0,0.0,0.0,0.0,0.0,0.0,0.0,0.0,0.0,0.0,0.0,0.0,0.0,0.0,0.0,0.0,0.0,0.0,0.0,0.0,0.0,0.0,0.0,0.0,0.0,0.0,0.0,0.0,0.0,0.0,0.0,0.0,0.0,0.0,0.0,0.0,0.0,0.0,0.0,0.0,0.0,0.0,0.0,0.0,0.0,0.0,0.0,0.0,0.0,0.0,0.0,0.0,0.0,0.0,0.0,0.0,0.0,0.0,0.0,0.0,0.0,0.0
556,0.0,0.0,0.0,0.0,0.0,0.0,0.0,0.0,0.0,0.0,0.0,0.0,0.0,0.0,0.0,0.0,0.0,0.0,0.0,0.0,0.0,0.0,0.0,0.0,0.0,0.0,0.0,0.0,0.0,0.0,0.0,0.0,0.0,0.0,0.0,0.0,0.0,0.0,0.0,0.0,0.0,0.0,0.0,0.0,0.0,0.0,0.0,0.0,0.0,0.0,0.0,0.0,0.0,0.0,0.0,0.0,0.0,0.0,0.0,0.0,0.0,0.0,0.0,0.0,0.0,0.0
557,0.0,0.0,0.0,0.0,0.0,0.0,0.0,0.0,0.0,0.0,0.0,0.0,0.0,0.0,0.0,0.0,0.0,0.0,0.0,0.0,0.0,0.0,0.0,0.0,0.0,0.0,0.0,0.0,0.0,0.0,0.0,0.0,0.0,0.0,0.0,0.0,0.0,0.0,0.0,0.0,0.0,0.0,0.0,0.0,0.0,0.0,0.0,0.0,0.0,0.0,0.0,0.0,0.0,0.0,0.0,0.0,0.0,0.0,0.0,0.0,0.0,0.0,0.0,0.0,0.0,0.0
558,0.0,0.0,0.0,0.0,0.0,0.0,0.0,0.0,0.0,0.0,0.0,0.0,0.0,0.0,0.0,0.0,0.0,0.0,0.0,0.0,0.0,0.0,0.0,0.0,0.0,0.0,0.0,0.0,0.0,0.0,0.0,0.0,0.0,0.0,0.0,0.0,0.0,0.0,0.0,0.0,0.0,0.0,0.0,0.0,0.0,0.0,0.0,0.0,0.0,0.0,0.0,0.0,0.0,0.0,0.0,0.0,0.0,0.0,0.0,0.0,0.0,0.0,0.0,0.0,0.0,0.0
559,0.0,0.0,0.38988125,0.0,0.0,0.0,0.0,0.455466133,0.370151579,0.348810286,0.319986429,0.210649048,0.069075,0.33982,0.067675517,0.08907386,3.0e-5,0.200446154,0.171938182,0.01229,0.110947143,0.376373571,0.3383775,0.44222375,0.0,0.0,0.0,0.0,0.0,0.0,0.0,0.0,0.0,0.028766818,5.1e-6,0.016645254,0.331866667,0.308525556,0.482048,0.448596,0.424941667,0.294510698,0.156589474,0.0,3.78e-5,1.29e-5,0.17623,0.33953,0.283463333,0.402139167,0.0,0.0,0.0,0.0,0.000238889,9.37e-6,0.0,0.0,0.327391667,0.103956429,0.264154762,0.152968333,0.357668,0.059376818,0.0473252,0.015865
560,0.0,0.0,0.55939375,0.000115,0.051737143,0.000432,0.234276667,0.687297467,0.58374,0.582268571,0.568402143,0.447976667,0.28993,0.73314,0.536478276,0.631170175,0.551593333,0.358112308,0.422911515,0.10107,0.266555429,0.677764107,0.644713438,0.728013125,0.556968333,0.515761833,0.511148182,0.401111875,0.282876111,0.366315574,0.311031778,0.2228584,0.06808,0.298314091,0.195071176,0.131104746,0.612298333,0.532055556,0.715826,0.662629,0.632635,0.541319535,0.336145789,0.400676667,0.22039,0.224034571,0.36244,0.59407,0.66787,0.545360833,0.007108571,0.00132,0.202560526,0.243426429,0.556485556,0.531339524,0.02108,0.143548,0.57399,0.567441429,0.523268095,0.511436667,0.563004,0.417936818,0.2488,0.156745
561,0.443503333,0.34282,0.71933125,0.015875,0.157317143,0.012546,0.331066667,0.819241867,0.711924211,0.735154,0.686652857,0.610691429,0.61127,0.75726,0.735691379,0.767595965,0.72011,0.486992308,0.559363939,0.44352,0.423996857,0.805788036,0.763274375,0.826448125,0.730494167,0.709939,0.716718182,0.658640625,0.517036667,0.560195574,0.491658889,0.3795766,0.08075,0.503685455,0.259137255,0.192307288,0.797415,0.610676667,0.857646,0.746112,0.791901667,0.651574884,0.518187368,0.504973333,0.437837778,0.310946857,0.52478,0.73953,0.7144,0.642345833,0.09202,0.53205,0.428296842,0.375457857,0.718738889,0.704027619,0.41069,0.22055,0.698078333,0.750606071,0.719933333,0.682226667,0.651320667,0.504082727,0.3583484,0.248486667
562,0.64139,0.68714,0.742315,0.04033,0.308191429,0.054876,0.56599,0.864304267,0.795221053,0.835338,0.775949286,0.655331905,0.671605,0.81492,0.779575862,0.815240877,0.76959,0.472795385,0.643912727,0.58074,0.508962857,0.852823036,0.820471875,0.88104875,0.748588333,0.769490667,0.780967273,0.74047375,0.578772222,0.649121967,0.571654889,0.4566288,0.21216,0.6323,0.361958627,0.290177288,0.857563333,0.62773,0.900246,0.814654,0.834065,0.720277209,0.667232105,0.402736667,0.399361111,0.305292857,0.73394,0.66234,0.70474,0.648413333,0.210307143,0.686916667,0.551871579,0.524182143,0.784387778,0.791168254,0.39732,0.34069,0.775351667,0.787911429,0.75485381,0.7416,0.734224667,0.476471818,0.4682276,0.261093333
563,0.588276667,0.3915,0.80952,0.08595,0.287884286,0.071106,0.636783333,0.8751444,0.845393684,0.880645714,0.789845,0.782116667,0.80468,0.83526,0.824019655,0.843297368,0.801326667,0.635418462,0.664542727,0.54093,0.547823429,0.85637625,0.823689063,0.89506875,0.764524167,0.7911825,0.794228182,0.791703125,0.628318333,0.707797213,0.591988667,0.4971462,0.36377,0.648584091,0.441642549,0.343896949,0.899765,0.777115556,0.891362,0.836192,0.817625,0.682002326,0.681986842,0.41052,0.444165556,0.334165143,0.70601,0.69614,0.850653333,0.74385,0.320605714,0.669116667,0.599465789,0.615802857,0.78741,0.798473333,0.38198,0.304626,0.78472,0.797620714,0.784210952,0.748125,0.754707333,0.458623636,0.5503084,0.313446667
564,0.68897,0.69381,0.78569375,0.14904,0.364458571,0.166246,0.62578,0.8116188,0.860737895,0.882000857,0.767332857,0.795578571,0.81221,0.84957,0.822192759,0.835930175,0.80772,0.57309,0.650154848,0.32285,0.500889143,0.784392679,0.83484875,0.845698125,0.792769167,0.802253167,0.83781,0.7865675,0.652261667,0.738235574,0.691678667,0.5439038,0.37732,0.488985909,0.44341098,0.385397797,0.893201667,0.770681111,0.898184,0.830805,0.800495,0.668431163,0.662146842,0.439826667,0.504242222,0.428627143,0.79483,0.72925,0.848086667,0.771418333,0.312357143,0.74555,0.622821579,0.644261429,0.806823333,0.784044127,0.62574,0.413994,0.805463333,0.790575714,0.794110952,0.736673333,0.724923333,0.511720455,0.5369404,0.34796
565,0.53911,0.71255,0.7870525,0.276695,0.350434286,0.31566,0.67062,0.817727867,0.858415789,0.867111714,0.784202143,0.755138095,0.80516,0.83482,0.791206207,0.804642456,0.780516667,0.632006154,0.683466061,0.59015,0.606526857,0.774883393,0.823603438,0.8382125,0.755471667,0.792867167,0.817598182,0.77725875,0.666471667,0.72416623,0.723919778,0.5638647,0.359,0.681205455,0.502643922,0.473336441,0.856395,0.790238889,0.885948,0.835631,0.85164,0.717259767,0.670311053,0.50545,0.52324,0.426551714,0.74967,0.6937,0.81428,0.7616025,0.333314286,0.693113333,0.652772105,0.63481,0.76742,0.774938095,0.52478,0.489062,0.840416667,0.742030714,0.712654286,0.687153333,0.713126,0.613625,0.583028,0.463555
566,0.620346667,0.68138,0.74182125,0.270285,0.428211429,0.387474,0.48911,0.807413333,0.797441579,0.851744,0.71457,0.631592857,0.797235,0.88535,0.753345172,0.720858246,0.725833333,0.580470769,0.620845152,0.63482,0.534645143,0.718272321,0.759037813,0.818919375,0.70733,0.7509695,0.772478182,0.724899375,0.646803333,0.698228525,0.673668444,0.5617062,0.43587,0.59368,0.495410392,0.546811017,0.725408333,0.692935556,0.830382,0.78745,0.840651667,0.697481628,0.599542105,0.52896,0.443387778,0.436495143,0.71282,0.70183,0.66205,0.663068333,0.41823,0.7403,0.638830789,0.571011429,0.762457778,0.776646508,0.51259,0.609388,0.84072,0.714787857,0.693904762,0.566403333,0.703036667,0.625918636,0.5955324,0.48531
567,0.482733333,0.47687,0.6745525,0.26428,0.35153,0.297418,0.396506667,0.818166533,0.814155263,0.831826857,0.675127857,0.53237381,0.802355,0.8647,0.714986897,0.691034737,0.68699,0.57292,0.565369394,0.59496,0.528939429,0.724516786,0.719617188,0.804413125,0.622388333,0.695269167,0.737104545,0.619218125,0.616778889,0.656732623,0.629479778,0.5575326,0.45159,0.563819545,0.45698,0.566138475,0.555935,0.711048889,0.753598,0.707829,0.777746667,0.655481395,0.53255,0.57399,0.467398889,0.432511143,0.75904,0.68702,0.528816667,0.59863,0.608818571,0.576336667,0.603414737,0.504117857,0.739418889,0.741279524,0.52281,0.43224,0.778873333,0.668463929,0.573694286,0.440906667,0.670316667,0.642343182,0.5667496,0.509226667
568,0.517193333,0.59954,0.6574325,0.187215,0.384575714,0.4466,0.098486667,0.749369067,0.787996842,0.784929143,0.527490714,0.450234762,0.6502,0.72,0.656901724,0.629410877,0.64362,0.520416923,0.523653636,0.54766,0.510181714,0.655602857,0.617588438,0.7569025,0.66777,0.6470175,0.768088182,0.547670625,0.588859444,0.632835902,0.568256,0.4474347,0.36244,0.530853636,0.418474314,0.467410508,0.460226667,0.654914444,0.620186,0.663727,0.698021667,0.549447442,0.472237368,0.331046667,0.262333333,0.167353143,0.6777,0.5921,0.359256667,0.45834,0.537345714,0.743773333,0.451591316,0.384763571,0.778605556,0.723743333,0.65495,0.297972,0.779028333,0.605780714,0.501327143,0.347188333,0.635376,0.555418182,0.3997612,0.546846667
569,0.397516667,0.3414,0.504425,0.23846,0.372061429,0.315884,0.070446667,0.659770533,0.692732105,0.700108857,0.316115714,0.271972857,0.306435,0.63273,0.575153103,0.587252456,0.51642,0.399808462,0.419640303,0.45644,0.410756286,0.592275893,0.508407188,0.608638125,0.548634167,0.5866715,0.670866364,0.492728125,0.508736667,0.527481148,0.415308444,0.4410222,0.37169,0.371503636,0.318976863,0.418980508,0.25875,0.381361111,0.48725,0.420675,0.532046667,0.464414884,0.320309474,0.181276667,0.113891111,0.106438571,0.5294,0.41687,0.196576667,0.290235,0.361,0.529446667,0.399687368,0.331317143,0.725068889,0.657763651,0.49356,0.190822,0.635373333,0.482518571,0.306006667,0.270541667,0.476961333,0.382596364,0.2564604,0.458281667
570,0.277156667,0.32181,0.1548875,0.15893,0.287594286,0.231788,0.0413,0.449577333,0.402856316,0.429132857,0.114082857,0.140007619,0.223465,0.40135,0.447032069,0.405417719,0.36741,0.151385385,0.205342424,0.2282,0.211250857,0.386692679,0.24609875,0.467305,0.255214167,0.438579,0.511413636,0.38040625,0.432519444,0.411090328,0.266735333,0.4002683,0.1928,0.187865455,0.178601176,0.22553678,0.066875,0.084844444,0.283092,0.162753,0.220948333,0.244061628,0.1705,0.04514,0.026901111,0.046138857,0.40536,0.27733,0.060653333,0.035509167,0.202011429,0.45298,0.270248158,0.279667143,0.604031111,0.53198619,0.28948,0.055064,0.319748333,0.209653571,0.091832381,0.078361667,0.336868667,0.264316818,0.1356092,0.200328333
571,0.150783333,0.15681,0.0,0.13382,0.199412857,0.138074,0.0,0.0,0.0,0.0,0.0,0.0,0.0,0.0,0.130561724,0.039172105,0.209033333,0.0,0.0,0.0,0.0,0.008575357,6.88e-6,0.0,0.072921667,0.229266833,0.378363636,0.24996125,0.182536111,0.196199672,0.116468,0.2206261,0.22085,0.0,0.065366667,0.06476678,0.0,0.0,0.0,0.0,0.0,0.0,0.0,0.001026667,2.22e-6,0.005721714,0.0,0.0,0.0,0.0,0.120084286,0.127393333,0.183261579,0.251964286,0.315333333,0.327541905,0.0,0.023926,0.0,0.011584286,0.000113333,0.000233333,0.0,0.000135455,0.0,0.0
572,0.03742,0.05569,0.0,0.0,0.0,0.0,0.0,0.0,0.0,0.0,0.0,0.0,0.0,0.0,0.0,0.0,0.0,0.0,0.0,0.0,0.0,0.0,0.0,0.0,0.0,0.0,0.0,0.0,0.0,0.0,0.0,0.0,0.0,0.0,0.0,0.0,0.0,0.0,0.0,0.0,0.0,0.0,0.0,0.0,0.0,0.0,0.0,0.0,0.0,0.0,0.0,0.0,2.71e-5,0.0,0.0,0.0,0.0,0.0,0.0,0.0,0.0,0.0,0.0,0.0,0.0,0.0
573,0.0,0.0,0.0,0.0,0.0,0.0,0.0,0.0,0.0,0.0,0.0,0.0,0.0,0.0,0.0,0.0,0.0,0.0,0.0,0.0,0.0,0.0,0.0,0.0,0.0,0.0,0.0,0.0,0.0,0.0,0.0,0.0,0.0,0.0,0.0,0.0,0.0,0.0,0.0,0.0,0.0,0.0,0.0,0.0,0.0,0.0,0.0,0.0,0.0,0.0,0.0,0.0,0.0,0.0,0.0,0.0,0.0,0.0,0.0,0.0,0.0,0.0,0.0,0.0,0.0,0.0
574,0.0,0.0,0.0,0.0,0.0,0.0,0.0,0.0,0.0,0.0,0.0,0.0,0.0,0.0,0.0,0.0,0.0,0.0,0.0,0.0,0.0,0.0,0.0,0.0,0.0,0.0,0.0,0.0,0.0,0.0,0.0,0.0,0.0,0.0,0.0,0.0,0.0,0.0,0.0,0.0,0.0,0.0,0.0,0.0,0.0,0.0,0.0,0.0,0.0,0.0,0.0,0.0,0.0,0.0,0.0,0.0,0.0,0.0,0.0,0.0,0.0,0.0,0.0,0.0,0.0,0.0
575,0.0,0.0,0.0,0.0,0.0,0.0,0.0,0.0,0.0,0.0,0.0,0.0,0.0,0.0,0.0,0.0,0.0,0.0,0.0,0.0,0.0,0.0,0.0,0.0,0.0,0.0,0.0,0.0,0.0,0.0,0.0,0.0,0.0,0.0,0.0,0.0,0.0,0.0,0.0,0.0,0.0,0.0,0.0,0.0,0.0,0.0,0.0,0.0,0.0,0.0,0.0,0.0,0.0,0.0,0.0,0.0,0.0,0.0,0.0,0.0,0.0,0.0,0.0,0.0,0.0,0.0
576,0.0,0.0,0.0,0.0,0.0,0.0,0.0,0.0,0.0,0.0,0.0,0.0,0.0,0.0,0.0,0.0,0.0,0.0,0.0,0.0,0.0,0.0,0.0,0.0,0.0,0.0,0.0,0.0,0.0,0.0,0.0,0.0,0.0,0.0,0.0,0.0,0.0,0.0,0.0,0.0,0.0,0.0,0.0,0.0,0.0,0.0,0.0,0.0,0.0,0.0,0.0,0.0,0.0,0.0,0.0,0.0,0.0,0.0,0.0,0.0,0.0,0.0,0.0,0.0,0.0,0.0
577,0.0,0.0,0.0,0.0,0.0,0.0,0.0,0.0,0.0,0.0,0.0,0.0,0.0,0.0,0.0,0.0,0.0,0.0,0.0,0.0,0.0,0.0,0.0,0.0,0.0,0.0,0.0,0.0,0.0,0.0,0.0,0.0,0.0,0.0,0.0,0.0,0.0,0.0,0.0,0.0,0.0,0.0,0.0,0.0,0.0,0.0,0.0,0.0,0.0,0.0,0.0,0.0,0.0,0.0,0.0,0.0,0.0,0.0,0.0,0.0,0.0,0.0,0.0,0.0,0.0,0.0
578,0.0,0.0,0.0,0.0,0.0,0.0,0.0,0.0,0.0,0.0,0.0,0.0,0.0,0.0,0.0,0.0,0.0,0.0,0.0,0.0,0.0,0.0,0.0,0.0,0.0,0.0,0.0,0.0,0.0,0.0,0.0,0.0,0.0,0.0,0.0,0.0,0.0,0.0,0.0,0.0,0.0,0.0,0.0,0.0,0.0,0.0,0.0,0.0,0.0,0.0,0.0,0.0,0.0,0.0,0.0,0.0,0.0,0.0,0.0,0.0,0.0,0.0,0.0,0.0,0.0,0.0
579,0.0,0.0,0.0,0.0,0.0,0.0,0.0,0.0,0.0,0.0,0.0,0.0,0.0,0.0,0.0,0.0,0.0,0.0,0.0,0.0,0.0,0.0,0.0,0.0,0.0,0.0,0.0,0.0,0.0,0.0,0.0,0.0,0.0,0.0,0.0,0.0,0.0,0.0,0.0,0.0,0.0,0.0,0.0,0.0,0.0,0.0,0.0,0.0,0.0,0.0,0.0,0.0,0.0,0.0,0.0,0.0,0.0,0.0,0.0,0.0,0.0,0.0,0.0,0.0,0.0,0.0
580,0.0,0.0,0.0,0.0,0.0,0.0,0.0,0.0,0.0,0.0,0.0,0.0,0.0,0.0,0.0,0.0,0.0,0.0,0.0,0.0,0.0,0.0,0.0,0.0,0.0,0.0,0.0,0.0,0.0,0.0,0.0,0.0,0.0,0.0,0.0,0.0,0.0,0.0,0.0,0.0,0.0,0.0,0.0,0.0,0.0,0.0,0.0,0.0,0.0,0.0,0.0,0.0,0.0,0.0,0.0,0.0,0.0,0.0,0.0,0.0,0.0,0.0,0.0,0.0,0.0,0.0
581,0.0,0.0,0.0,0.0,0.0,0.0,0.0,0.0,0.0,0.0,0.0,0.0,0.0,0.0,0.0,0.0,0.0,0.0,0.0,0.0,0.0,0.0,0.0,0.0,0.0,0.0,0.0,0.0,0.0,0.0,0.0,0.0,0.0,0.0,0.0,0.0,0.0,0.0,0.0,0.0,0.0,0.0,0.0,0.0,0.0,0.0,0.0,0.0,0.0,0.0,0.0,0.0,0.0,0.0,0.0,0.0,0.0,0.0,0.0,0.0,0.0,0.0,0.0,0.0,0.0,0.0
582,0.0,0.0,0.0,0.0,0.0,0.0,0.0,0.0,0.0,0.0,0.0,0.0,0.0,0.0,0.0,0.0,0.0,0.0,0.0,0.0,0.0,0.0,0.0,0.0,0.0,0.0,0.0,0.0,0.0,0.0,0.0,0.0,0.0,0.0,0.0,0.0,0.0,0.0,0.0,0.0,0.0,0.0,0.0,0.0,0.0,0.0,0.0,0.0,0.0,0.0,0.0,0.0,0.0,0.0,0.0,0.0,0.0,0.0,0.0,0.0,0.0,0.0,0.0,0.0,0.0,0.0
583,0.0,0.0,0.33636625,0.0,0.0,0.0,0.0,0.500500667,0.539490526,0.491300286,0.276195714,0.354739524,0.36106,0.49388,0.060799655,0.065487193,0.0,0.411385385,0.224145455,0.07538,0.132277429,0.345909286,0.244454688,0.40039625,0.0,0.0,0.0,0.0,0.0,0.0,0.0,0.0,0.0,0.024949545,6.96e-5,0.008966441,0.26987,0.322044444,0.490928,0.365954,0.52305,0.38080093,0.274475789,0.0,0.000262222,4.74e-5,0.21267,0.36904,0.21421,0.435675,0.0,0.0,0.0,0.0,0.00022,2.38e-6,0.0,0.0,0.51568,0.030858214,0.171159048,0.070813333,0.332377333,0.059366818,0.184128,0.080816667
584,0.0,0.0,0.5457575,0.156895,0.030677143,0.22548,0.156986667,0.739704267,0.745181053,0.691521714,0.457562143,0.656843333,0.63802,0.67429,0.581342069,0.554155614,0.40301,0.576063077,0.432579697,0.15859,0.293570857,0.635978036,0.553203438,0.71108875,0.605579167,0.493010833,0.266721818,0.432873125,0.262433333,0.110904262,0.307369778,0.1638525,0.04768,0.171993182,0.192855686,0.10881339,0.517613333,0.578655556,0.692954,0.562617,0.747708333,0.612903721,0.477622632,0.604833333,0.304326667,0.392189714,0.55053,0.64397,0.44254,0.661384167,0.025252857,0.000953333,0.175477368,0.366042857,0.390874444,0.212778095,0.03058,0.213994,0.650551667,0.533605714,0.49135,0.476008333,0.553946,0.475296818,0.585122,0.290766667
585,0.559236667,0.41715,0.67702125,0.281725,0.21847,0.13142,0.223943333,0.856242533,0.831402632,0.814038857,0.644392857,0.76496,0.75095,0.7654,0.750124138,0.72639807,0.57066,0.701279231,0.580880909,0.33241,0.448528857,0.781626964,0.695205313,0.823608125,0.7692825,0.691477667,0.447789091,0.607160625,0.499788889,0.293550492,0.493316889,0.307611,0.08836,0.324826818,0.331687255,0.184123559,0.724595,0.692265556,0.860478,0.701585,0.873685,0.732790233,0.62347,0.768786667,0.442111111,0.577819429,0.71849,0.71743,0.603383333,0.7832325,0.41856,0.66802,0.477890263,0.558532143,0.522813333,0.27371381,0.44592,0.320856,0.75114,0.716136429,0.66955,0.654473333,0.634381333,0.559513182,0.7099308,0.470381667
586,0.722103333,0.67581,0.69352125,0.363735,0.375068571,0.146854,0.227533333,0.900233867,0.872544737,0.898472857,0.749427143,0.832922857,0.82615,0.74701,0.808981034,0.800627895,0.654463333,0.771853077,0.71351697,0.46652,0.561289714,0.841850179,0.775864063,0.869924375,0.822056667,0.770555167,0.640865455,0.753746875,0.575295556,0.466848033,0.605486,0.4831196,0.25777,0.500190909,0.451263333,0.312224915,0.842263333,0.735146667,0.90366,0.777199,0.923236667,0.791460465,0.683477368,0.827813333,0.516968889,0.675677143,0.74745,0.81622,0.758386667,0.81264,0.470624286,0.794,0.590237895,0.648905714,0.570218889,0.337682698,0.56753,0.454512,0.764666667,0.792545,0.743156667,0.71771,0.720894667,0.570373636,0.7943844,0.667968333
587,0.66383,0.44474,0.73285125,0.44763,0.466742857,0.261202,0.38002,0.902418,0.844090526,0.903094,0.726057143,0.837583333,0.791705,0.83042,0.82197,0.813500702,0.677713333,0.738191538,0.66350303,0.54874,0.574794571,0.863320714,0.803975313,0.87665,0.829576667,0.789941333,0.716022727,0.790505625,0.633138889,0.620822951,0.670686444,0.5906969,0.28122,0.564671818,0.496986078,0.373138475,0.840311667,0.68094,0.899106,0.786614,0.927856667,0.775578837,0.654243158,0.837643333,0.556221111,0.641056571,0.77933,0.82478,0.776253333,0.787365,0.561274286,0.841026667,0.610928947,0.713055,0.606034444,0.438742222,0.5031,0.54565,0.713426667,0.824966786,0.757220476,0.733688333,0.756738667,0.661645909,0.7480648,0.569925
588,0.76381,0.63357,0.7829325,0.52662,0.480498571,0.311562,0.338773333,0.894808267,0.843050526,0.903868857,0.759006429,0.832998571,0.832135,0.84459,0.823701724,0.797338772,0.73006,0.706883846,0.650065758,0.51336,0.600185143,0.839293036,0.7759275,0.857853125,0.8119175,0.785991833,0.727367273,0.769605625,0.679383333,0.70525082,0.741272444,0.6548489,0.19742,0.568915909,0.522231765,0.481068814,0.839771667,0.698544444,0.905182,0.832887,0.928508333,0.796473721,0.715669474,0.81632,0.610962222,0.658170571,0.79235,0.81583,0.77637,0.790468333,0.64957,0.84569,0.686991842,0.633210714,0.634811111,0.507566825,0.60981,0.620112,0.672236667,0.804835357,0.74835619,0.736246667,0.732565333,0.704033636,0.748316,0.514728333
589,0.683066667,0.70661,0.7467775,0.52238,0.494555714,0.347828,0.422736667,0.8811432,0.837884211,0.894628,0.770183571,0.799497619,0.775015,0.81676,0.763311379,0.771731228,0.777923333,0.66803,0.656516061,0.63322,0.577316571,0.826980357,0.787564063,0.765955,0.775404167,0.731196667,0.73957,0.74358875,0.69403,0.714297869,0.771933333,0.675827,0.14898,0.49076,0.511779804,0.480171017,0.841228333,0.692133333,0.890488,0.842206,0.921285,0.772500233,0.718054211,0.770543333,0.574694444,0.597418857,0.83187,0.84081,0.809303333,0.7321775,0.608455714,0.745873333,0.688810526,0.580930714,0.614112222,0.531725238,0.51732,0.480456,0.691698333,0.7716275,0.692464762,0.714721667,0.713649333,0.665945,0.6559708,0.446175
590,0.63478,0.4834,0.6847625,0.599475,0.552597143,0.33254,0.37214,0.852676667,0.777897368,0.876504286,0.683883571,0.764589524,0.715695,0.87723,0.75765,0.760577544,0.78166,0.66402,0.601442121,0.61485,0.529568,0.733390893,0.770655,0.669030625,0.7410575,0.667899,0.68065,0.66513375,0.655310556,0.66087377,0.750387778,0.6877444,0.21906,0.45604,0.47578549,0.493803051,0.736573333,0.63863,0.870694,0.811248,0.909738333,0.745462326,0.702550526,0.67757,0.64762,0.545834286,0.78396,0.83819,0.737473333,0.756826667,0.710711429,0.78899,0.709773947,0.558657857,0.568326667,0.517095079,0.54698,0.362896,0.60692,0.738944643,0.68361381,0.622348333,0.671544,0.646637727,0.6205148,0.492411667
591,0.731963333,0.63456,0.6549625,0.549245,0.602138571,0.233194,0.506183333,0.821585467,0.808353684,0.861024571,0.686013571,0.760864286,0.689865,0.81873,0.692836552,0.676124386,0.670403333,0.660017692,0.675065758,0.70912,0.575719429,0.606165893,0.694236875,0.682458125,0.705870833,0.648574833,0.709375455,0.70027875,0.630027222,0.622125574,0.642974889,0.6883685,0.27327,0.486622727,0.461794118,0.516470678,0.63842,0.655071111,0.854062,0.748309,0.886661667,0.751380698,0.688824211,0.6624,0.602433333,0.493910857,0.81023,0.79058,0.68627,0.749950833,0.733617143,0.745783333,0.738415263,0.593427857,0.420078889,0.494322063,0.4574,0.36928,0.600613333,0.714959286,0.651131429,0.65111,0.701312667,0.616300455,0.6336388,0.560931667
592,0.409573333,0.46453,0.54636,0.450225,0.584057143,0.416374,0.34034,0.71062,0.656573158,0.809480857,0.619726429,0.493759524,0.438215,0.80181,0.611952414,0.600931053,0.616666667,0.60369,0.559066667,0.63691,0.559917143,0.617038571,0.61920125,0.627050625,0.66795,0.613822333,0.682326364,0.705660625,0.663566111,0.63295918,0.572062444,0.5460666,0.20923,0.403108182,0.431593333,0.422720508,0.477803333,0.40619,0.763684,0.534447,0.836405,0.668573953,0.526329474,0.74556,0.533444444,0.500064,0.70952,0.72356,0.5029,0.524989167,0.633004286,0.701946667,0.644968947,0.562354286,0.23417,0.318738413,0.31972,0.374302,0.594463333,0.735552143,0.683392381,0.674521667,0.636281333,0.666790455,0.5928452,0.558023333
593,0.40861,0.5078,0.432975,0.545175,0.622825714,0.259318,0.106273333,0.6276868,0.582953158,0.705446286,0.461454286,0.30322381,0.372655,0.74402,0.433054138,0.557383684,0.648626667,0.504083846,0.503818788,0.60829,0.521797143,0.514076607,0.55996625,0.571833125,0.558550833,0.4677955,0.624747273,0.570385625,0.560858333,0.495562131,0.556646667,0.5425415,0.29128,0.440887273,0.379201765,0.403471356,0.255738333,0.224822222,0.642008,0.345637,0.721525,0.583069767,0.40747,0.642173333,0.1991,0.395007143,0.64093,0.65265,0.26984,0.358128333,0.613462857,0.451756667,0.622086579,0.524317143,0.166627778,0.275689841,0.28563,0.30801,0.561478333,0.644399643,0.512129048,0.490521667,0.556236,0.647061818,0.53239,0.507136667
594,0.224816667,0.26514,0.11275625,0.438755,0.511158571,0.170786,0.028253333,0.437454533,0.382198947,0.426195429,0.231659286,0.052985238,0.119615,0.43182,0.206296897,0.322285614,0.497683333,0.309819231,0.335066364,0.38997,0.349166571,0.350399643,0.312013438,0.439775625,0.394160833,0.358750167,0.478450909,0.46459375,0.367917222,0.275478525,0.449157778,0.4390073,0.33168,0.26138,0.302015098,0.328755763,0.054943333,0.035841111,0.349736,0.157227,0.396166667,0.415896047,0.264565263,0.18951,0.062064444,0.249473143,0.41506,0.41322,0.027693333,0.027275,0.581965714,0.51114,0.58308,0.478600714,0.157992222,0.150233016,0.09358,0.180798,0.268556667,0.461364286,0.248966667,0.203393333,0.419024667,0.454036364,0.4756968,0.437905
595,0.17419,0.16555,0.0,0.21964,0.29873,0.036472,0.0,0.0,0.0,0.0,0.0,0.0,0.0,0.0,0.034929655,0.025283158,0.192853333,0.0,0.0,0.0,0.0,0.003013571,1.97e-5,0.0,0.1624825,0.171709,0.246595455,0.2967375,0.208693889,0.14317918,0.212791111,0.2822637,0.08445,0.0,0.055763922,0.073501186,0.0,0.0,0.0,0.0,0.0,0.0,0.0,0.12667,0.009167778,0.074915429,0.0,0.0,0.0,0.0,0.45189,0.28393,0.400245526,0.386394286,0.106413333,0.042251587,0.0001,0.011534,0.0,0.071359643,4.52e-5,0.023433333,0.0,0.0,0.0,0.0
596,0.04448,0.04117,0.0,0.0,0.0,0.0,0.0,0.0,0.0,0.0,0.0,0.0,0.0,0.0,0.0,0.0,0.0,0.0,0.0,0.0,0.0,0.0,0.0,0.0,0.0,0.0,0.0,0.0,0.0,0.0,0.0,0.0,0.0,0.0,0.0,0.0,0.0,0.0,0.0,0.0,0.0,0.0,0.0,0.0,0.0,0.0,0.0,0.0,0.0,0.0,0.0,0.0,0.0,0.0,0.0,0.0,0.0,0.0,0.0,0.0,0.0,0.0,0.0,0.0,0.0,0.0
597,0.0,0.0,0.0,0.0,0.0,0.0,0.0,0.0,0.0,0.0,0.0,0.0,0.0,0.0,0.0,0.0,0.0,0.0,0.0,0.0,0.0,0.0,0.0,0.0,0.0,0.0,0.0,0.0,0.0,0.0,0.0,0.0,0.0,0.0,0.0,0.0,0.0,0.0,0.0,0.0,0.0,0.0,0.0,0.0,0.0,0.0,0.0,0.0,0.0,0.0,0.0,0.0,0.0,0.0,0.0,0.0,0.0,0.0,0.0,0.0,0.0,0.0,0.0,0.0,0.0,0.0
598,0.0,0.0,0.0,0.0,0.0,0.0,0.0,0.0,0.0,0.0,0.0,0.0,0.0,0.0,0.0,0.0,0.0,0.0,0.0,0.0,0.0,0.0,0.0,0.0,0.0,0.0,0.0,0.0,0.0,0.0,0.0,0.0,0.0,0.0,0.0,0.0,0.0,0.0,0.0,0.0,0.0,0.0,0.0,0.0,0.0,0.0,0.0,0.0,0.0,0.0,0.0,0.0,0.0,0.0,0.0,0.0,0.0,0.0,0.0,0.0,0.0,0.0,0.0,0.0,0.0,0.0
599,0.0,0.0,0.0,0.0,0.0,0.0,0.0,0.0,0.0,0.0,0.0,0.0,0.0,0.0,0.0,0.0,0.0,0.0,0.0,0.0,0.0,0.0,0.0,0.0,0.0,0.0,0.0,0.0,0.0,0.0,0.0,0.0,0.0,0.0,0.0,0.0,0.0,0.0,0.0,0.0,0.0,0.0,0.0,0.0,0.0,0.0,0.0,0.0,0.0,0.0,0.0,0.0,0.0,0.0,0.0,0.0,0.0,0.0,0.0,0.0,0.0,0.0,0.0,0.0,0.0,0.0
600,0.0,0.0,0.0,0.0,0.0,0.0,0.0,0.0,0.0,0.0,0.0,0.0,0.0,0.0,0.0,0.0,0.0,0.0,0.0,0.0,0.0,0.0,0.0,0.0,0.0,0.0,0.0,0.0,0.0,0.0,0.0,0.0,0.0,0.0,0.0,0.0,0.0,0.0,0.0,0.0,0.0,0.0,0.0,0.0,0.0,0.0,0.0,0.0,0.0,0.0,0.0,0.0,0.0,0.0,0.0,0.0,0.0,0.0,0.0,0.0,0.0,0.0,0.0,0.0,0.0,0.0
601,0.0,0.0,0.0,0.0,0.0,0.0,0.0,0.0,0.0,0.0,0.0,0.0,0.0,0.0,0.0,0.0,0.0,0.0,0.0,0.0,0.0,0.0,0.0,0.0,0.0,0.0,0.0,0.0,0.0,0.0,0.0,0.0,0.0,0.0,0.0,0.0,0.0,0.0,0.0,0.0,0.0,0.0,0.0,0.0,0.0,0.0,0.0,0.0,0.0,0.0,0.0,0.0,0.0,0.0,0.0,0.0,0.0,0.0,0.0,0.0,0.0,0.0,0.0,0.0,0.0,0.0
602,0.0,0.0,0.0,0.0,0.0,0.0,0.0,0.0,0.0,0.0,0.0,0.0,0.0,0.0,0.0,0.0,0.0,0.0,0.0,0.0,0.0,0.0,0.0,0.0,0.0,0.0,0.0,0.0,0.0,0.0,0.0,0.0,0.0,0.0,0.0,0.0,0.0,0.0,0.0,0.0,0.0,0.0,0.0,0.0,0.0,0.0,0.0,0.0,0.0,0.0,0.0,0.0,0.0,0.0,0.0,0.0,0.0,0.0,0.0,0.0,0.0,0.0,0.0,0.0,0.0,0.0
603,0.0,0.0,0.0,0.0,0.0,0.0,0.0,0.0,0.0,0.0,0.0,0.0,0.0,0.0,0.0,0.0,0.0,0.0,0.0,0.0,0.0,0.0,0.0,0.0,0.0,0.0,0.0,0.0,0.0,0.0,0.0,0.0,0.0,0.0,0.0,0.0,0.0,0.0,0.0,0.0,0.0,0.0,0.0,0.0,0.0,0.0,0.0,0.0,0.0,0.0,0.0,0.0,0.0,0.0,0.0,0.0,0.0,0.0,0.0,0.0,0.0,0.0,0.0,0.0,0.0,0.0
604,0.0,0.0,0.0,0.0,0.0,0.0,0.0,0.0,0.0,0.0,0.0,0.0,0.0,0.0,0.0,0.0,0.0,0.0,0.0,0.0,0.0,0.0,0.0,0.0,0.0,0.0,0.0,0.0,0.0,0.0,0.0,0.0,0.0,0.0,0.0,0.0,0.0,0.0,0.0,0.0,0.0,0.0,0.0,0.0,0.0,0.0,0.0,0.0,0.0,0.0,0.0,0.0,0.0,0.0,0.0,0.0,0.0,0.0,0.0,0.0,0.0,0.0,0.0,0.0,0.0,0.0
605,0.0,0.0,0.0,0.0,0.0,0.0,0.0,0.0,0.0,0.0,0.0,0.0,0.0,0.0,0.0,0.0,0.0,0.0,0.0,0.0,0.0,0.0,0.0,0.0,0.0,0.0,0.0,0.0,0.0,0.0,0.0,0.0,0.0,0.0,0.0,0.0,0.0,0.0,0.0,0.0,0.0,0.0,0.0,0.0,0.0,0.0,0.0,0.0,0.0,0.0,0.0,0.0,0.0,0.0,0.0,0.0,0.0,0.0,0.0,0.0,0.0,0.0,0.0,0.0,0.0,0.0
606,0.0,0.0,0.0,0.0,0.0,0.0,0.0,0.0,0.0,0.0,0.0,0.0,0.0,0.0,0.0,0.0,0.0,0.0,0.0,0.0,0.0,0.0,0.0,0.0,0.0,0.0,0.0,0.0,0.0,0.0,0.0,0.0,0.0,0.0,0.0,0.0,0.0,0.0,0.0,0.0,0.0,0.0,0.0,0.0,0.0,0.0,0.0,0.0,0.0,0.0,0.0,0.0,0.0,0.0,0.0,0.0,0.0,0.0,0.0,0.0,0.0,0.0,0.0,0.0,0.0,0.0
607,0.0,0.0,0.50740375,0.0,0.0,0.0,0.0,0.4867708,0.430454211,0.398487143,0.50706,0.199241429,0.2942,0.50679,0.062297931,0.068248246,0.000176667,0.485789231,0.379728182,0.46633,0.310028,0.404915357,0.329077813,0.477806875,0.0,0.0,0.0,0.0,0.0,0.0,0.0,0.0,0.0,0.07614,1.96e-6,0.034682373,0.54065,0.315564444,0.598016,0.476569,0.6179,0.510290465,0.435217895,0.0,0.000193333,2.26e-5,0.4943,0.42235,0.292726667,0.245679167,0.0,0.0,0.0,0.0,0.0,0.0,0.0,3.8e-5,0.477006667,0.046093571,0.267372857,0.140283333,0.364300667,0.065674091,0.1969588,0.14515
608,0.0,0.0,0.57709375,0.25365,0.148257143,0.190036,0.350293333,0.752234933,0.637712632,0.630348,0.621978571,0.38018,0.38521,0.63479,0.507821724,0.498478596,0.35461,0.669712308,0.479804242,0.61277,0.460884286,0.672264821,0.6526425,0.759530625,0.491611667,0.479302,0.442094545,0.50036375,0.298668889,0.387502131,0.400556667,0.3015552,0.35086,0.464534091,0.361249412,0.35233322,0.765196667,0.533916667,0.786498,0.557814,0.808401667,0.746875349,0.649471579,0.524583333,0.390875556,0.38846,0.71477,0.69839,0.70644,0.493370833,0.066352857,0.001043333,0.174346053,0.447112857,0.010065556,0.063066032,0.00998,0.210088,0.689741667,0.583836071,0.531863333,0.465103333,0.673097333,0.634343636,0.5937252,0.511273333
609,0.26653,0.20355,0.67706375,0.405225,0.379075714,0.249412,0.456503333,0.8606868,0.669926316,0.771716857,0.754848571,0.604629048,0.530415,0.78742,0.701591724,0.714950351,0.587946667,0.744090769,0.567804242,0.65882,0.512065143,0.806194821,0.7886375,0.87374875,0.69082,0.721218333,0.649452727,0.702749375,0.554753889,0.625702459,0.640348222,0.521751,0.36406,0.544488182,0.517372549,0.490114237,0.862423333,0.702031111,0.88957,0.777876,0.897291667,0.828096047,0.693381053,0.751936667,0.566147778,0.609145143,0.79187,0.77521,0.832956667,0.598279167,0.54553,0.577146667,0.51916,0.640273571,0.065048889,0.110739524,0.0579,0.491142,0.655735,0.745376071,0.685675238,0.66986,0.798276667,0.771849545,0.7179052,0.593083333
610,0.469846667,0.57225,0.641075,0.380615,0.553284286,0.455446,0.542956667,0.894556,0.752170526,0.833220286,0.750172857,0.68222619,0.629,0.77165,0.822177931,0.803777895,0.751303333,0.781397692,0.622234848,0.54404,0.587536571,0.849931786,0.833380625,0.90165625,0.7656425,0.7952375,0.752798182,0.79128375,0.723278889,0.744723115,0.739284,0.6712386,0.29371,0.67081,0.582077059,0.598813729,0.892883333,0.798111111,0.915924,0.800998,0.915605,0.840784419,0.732745263,0.81935,0.662933333,0.730416286,0.84052,0.80406,0.880673333,0.7050875,0.703744286,0.72757,0.65418,0.759649286,0.107078889,0.145829841,0.08316,0.667834,0.665353333,0.789565357,0.738531905,0.70605,0.824602,0.815323182,0.7681692,0.670358333
611,0.449226667,0.57252,0.7014,0.63326,0.549542857,0.551346,0.645016667,0.891623467,0.753590526,0.868005429,0.824636429,0.771872857,0.778605,0.88032,0.836424138,0.838913509,0.814123333,0.719052308,0.619586667,0.4625,0.533287714,0.860285714,0.834849063,0.90139875,0.816645,0.814314333,0.802001818,0.791901875,0.747145,0.80516377,0.772614,0.7044519,0.27122,0.751847273,0.610167255,0.604474068,0.880548333,0.832288889,0.902864,0.829832,0.882338333,0.789803488,0.716435263,0.696786667,0.615785556,0.758543429,0.85515,0.77718,0.868806667,0.75845,0.766831429,0.805746667,0.763687105,0.823323571,0.11415,0.168223492,0.10887,0.579758,0.681433333,0.782097143,0.73490619,0.758716667,0.787942667,0.822190455,0.7038212,0.615923333
612,0.658913333,0.72234,0.69196,0.557335,0.675952857,0.578812,0.521406667,0.8837124,0.769556842,0.871246571,0.817382857,0.730972381,0.67826,0.87155,0.823361724,0.756542982,0.805883333,0.724539231,0.616482121,0.60438,0.524928286,0.836908214,0.7763475,0.88401875,0.772576667,0.788878,0.785520909,0.747763125,0.792746667,0.812150328,0.760191556,0.7353818,0.41591,0.728572273,0.639097647,0.623084746,0.877051667,0.739984444,0.898846,0.80134,0.885528333,0.797503721,0.686277895,0.66271,0.6621,0.749898286,0.83358,0.70842,0.830216667,0.755238333,0.786892857,0.81129,0.758977368,0.860045,0.151793333,0.220100794,0.08721,0.563236,0.651583333,0.740461071,0.725260476,0.723063333,0.716298667,0.777685909,0.6433652,0.657873333
613,0.641676667,0.75046,0.68893625,0.66442,0.64496,0.487102,0.615153333,0.864461333,0.757820526,0.851583714,0.82278,0.72901,0.80052,0.82447,0.813722759,0.767993509,0.7941,0.65991,0.629684848,0.56719,0.522650571,0.815101429,0.789400313,0.82985125,0.777203333,0.783537333,0.765417273,0.77003125,0.800604444,0.786571148,0.749030444,0.7187408,0.5296,0.627757727,0.643707647,0.625317627,0.792141667,0.77082,0.863738,0.791518,0.822928333,0.763026047,0.677224211,0.719226667,0.723071111,0.731435429,0.81808,0.74453,0.7559,0.7216575,0.552381429,0.813563333,0.689134474,0.824236429,0.107263333,0.257260317,0.12411,0.51777,0.597723333,0.748347857,0.752651905,0.711398333,0.6678,0.678204091,0.690042,0.527503333
614,0.70685,0.71797,0.67485875,0.506285,0.607644286,0.57381,0.59594,0.814863333,0.736516316,0.838438,0.776971429,0.683519524,0.67745,0.87618,0.753341034,0.723359123,0.749396667,0.703891538,0.599815455,0.62132,0.592564286,0.691966607,0.7475075,0.751311875,0.783816667,0.770007667,0.741980909,0.717385625,0.745687222,0.74347377,0.724494667,0.6515096,0.76651,0.621577727,0.654356471,0.652165085,0.608205,0.620178889,0.760722,0.725962,0.82722,0.719524884,0.659552105,0.714866667,0.720988889,0.693203143,0.79444,0.74564,0.61499,0.6328525,0.52998,0.515453333,0.555723684,0.734252143,0.119288889,0.248846508,0.22721,0.405564,0.596303333,0.706887857,0.688079048,0.701496667,0.683602,0.681166364,0.6940556,0.570488333
615,0.594173333,0.69881,0.56548625,0.672315,0.607827143,0.597924,0.639006667,0.772700533,0.667485263,0.802575429,0.679492857,0.594015714,0.57614,0.78891,0.751069655,0.731348772,0.722336667,0.714490769,0.58807697,0.76156,0.615927714,0.61279375,0.7002175,0.711668125,0.739376667,0.745344833,0.733489091,0.735210625,0.73054,0.727369836,0.723850222,0.6724825,0.70604,0.64154,0.644125882,0.627232542,0.466038333,0.489392222,0.70993,0.599141,0.769771667,0.737026279,0.652195789,0.639456667,0.648573333,0.682472571,0.80315,0.7743,0.519156667,0.528464167,0.589794286,0.536663333,0.619157895,0.730148571,0.12042,0.25705127,0.13827,0.25217,0.508371667,0.604374286,0.650640476,0.66158,0.722985333,0.702165455,0.7024812,0.624531667
616,0.58703,0.7563,0.55481125,0.511275,0.627741429,0.642762,0.619183333,0.5872788,0.569549474,0.724068857,0.614602143,0.528099524,0.38094,0.80767,0.643616207,0.654351053,0.689223333,0.651895385,0.596424545,0.66676,0.596137714,0.538819821,0.5728025,0.6930575,0.616466667,0.694061,0.693348182,0.565258125,0.698180556,0.732432623,0.694183778,0.6955848,0.61682,0.598883182,0.656738824,0.583535763,0.536713333,0.362391111,0.633474,0.426383,0.740146667,0.689745581,0.644456316,0.663243333,0.586606667,0.379846571,0.70238,0.74686,0.4836,0.40073,0.556528571,0.663683333,0.658681842,0.671744286,0.184671111,0.336790635,0.21394,0.151186,0.611926667,0.603535357,0.543907619,0.53835,0.694153333,0.642288182,0.6597604,0.667856667
617,0.52256,0.65293,0.4222675,0.56214,0.580685714,0.554756,0.540163333,0.485816133,0.485676316,0.594168,0.387486429,0.413517619,0.27313,0.69701,0.554048276,0.605586316,0.68438,0.584695385,0.425195152,0.65343,0.547833143,0.457379643,0.484758438,0.602833125,0.488021667,0.592270167,0.660903636,0.526640625,0.672420556,0.712021148,0.613736222,0.6395699,0.58178,0.471185455,0.616776275,0.489120847,0.363413333,0.283822222,0.466712,0.217341,0.461628333,0.581053023,0.403125789,0.3625,0.271281111,0.207731714,0.63312,0.61289,0.354043333,0.315545833,0.58019,0.71287,0.610918158,0.640069286,0.312312222,0.24779746,0.13843,0.081466,0.435688333,0.410606071,0.419817143,0.421088333,0.548032667,0.563582273,0.5701188,0.58311
618,0.428746667,0.40314,0.0593025,0.494095,0.448795714,0.465438,0.468546667,0.343879733,0.391239474,0.364937143,0.235621429,0.173438095,0.232225,0.4778,0.314428966,0.395852456,0.54247,0.425138462,0.311785455,0.43991,0.395825143,0.285859107,0.2817275,0.446833125,0.307126667,0.371663167,0.540127273,0.395800625,0.421928889,0.54241459,0.466752222,0.4683722,0.49819,0.343276364,0.477023725,0.399768475,0.109873333,0.030346667,0.292858,0.055277,0.243923333,0.41376,0.305085263,0.259103333,0.105715556,0.114293143,0.43566,0.39416,0.132536667,0.0487125,0.532048571,0.541853333,0.508742895,0.556033571,0.203438889,0.180773651,0.08485,0.042832,0.26037,0.199410714,0.267447143,0.198431667,0.403882667,0.435881818,0.4570632,0.506016667
619,0.366206667,0.1619,0.0,0.38286,0.342742857,0.33934,3.33e-5,0.0,0.0,0.0,0.0,0.0,0.0,0.0,0.092135517,0.017770702,0.104943333,0.0,0.0,0.0,0.0,0.000156607,0.0,0.0,0.101020833,0.206811,0.335074545,0.22292125,0.288832778,0.324414426,0.222531556,0.2993518,0.3589,0.0,0.125187843,0.118726949,0.0,0.0,0.0,0.0,0.0,0.0,0.0,0.08337,0.002775556,0.024298,0.0,0.0,0.0,0.0,0.415301429,0.411106667,0.358769737,0.439033571,0.094717778,0.081145873,0.0002,0.006776,0.0,0.032890714,0.0,0.00993,0.0,0.0,0.0,0.0
620,0.167303333,0.15895,0.0,0.0,0.0,0.0,0.0,0.0,0.0,0.0,0.0,0.0,0.0,0.0,0.0,0.0,0.0,0.0,0.0,0.0,0.0,0.0,0.0,0.0,0.0,0.0,0.0,0.0,0.0,0.0,0.0,0.0,0.0,0.0,0.0,0.0,0.0,0.0,0.0,0.0,0.0,0.0,0.0,0.0,0.0,0.0,0.0,0.0,0.0,0.0,0.0,0.0,0.0,0.0,0.0,0.0,0.0,0.0,0.0,0.0,0.0,0.0,0.0,0.0,0.0,0.0
621,0.0,0.0,0.0,0.0,0.0,0.0,0.0,0.0,0.0,0.0,0.0,0.0,0.0,0.0,0.0,0.0,0.0,0.0,0.0,0.0,0.0,0.0,0.0,0.0,0.0,0.0,0.0,0.0,0.0,0.0,0.0,0.0,0.0,0.0,0.0,0.0,0.0,0.0,0.0,0.0,0.0,0.0,0.0,0.0,0.0,0.0,0.0,0.0,0.0,0.0,0.0,0.0,0.0,0.0,0.0,0.0,0.0,0.0,0.0,0.0,0.0,0.0,0.0,0.0,0.0,0.0
622,0.0,0.0,0.0,0.0,0.0,0.0,0.0,0.0,0.0,0.0,0.0,0.0,0.0,0.0,0.0,0.0,0.0,0.0,0.0,0.0,0.0,0.0,0.0,0.0,0.0,0.0,0.0,0.0,0.0,0.0,0.0,0.0,0.0,0.0,0.0,0.0,0.0,0.0,0.0,0.0,0.0,0.0,0.0,0.0,0.0,0.0,0.0,0.0,0.0,0.0,0.0,0.0,0.0,0.0,0.0,0.0,0.0,0.0,0.0,0.0,0.0,0.0,0.0,0.0,0.0,0.0
623,0.0,0.0,0.0,0.0,0.0,0.0,0.0,0.0,0.0,0.0,0.0,0.0,0.0,0.0,0.0,0.0,0.0,0.0,0.0,0.0,0.0,0.0,0.0,0.0,0.0,0.0,0.0,0.0,0.0,0.0,0.0,0.0,0.0,0.0,0.0,0.0,0.0,0.0,0.0,0.0,0.0,0.0,0.0,0.0,0.0,0.0,0.0,0.0,0.0,0.0,0.0,0.0,0.0,0.0,0.0,0.0,0.0,0.0,0.0,0.0,0.0,0.0,0.0,0.0,0.0,0.0
624,0.0,0.0,0.0,0.0,0.0,0.0,0.0,0.0,0.0,0.0,0.0,0.0,0.0,0.0,0.0,0.0,0.0,0.0,0.0,0.0,0.0,0.0,0.0,0.0,0.0,0.0,0.0,0.0,0.0,0.0,0.0,0.0,0.0,0.0,0.0,0.0,0.0,0.0,0.0,0.0,0.0,0.0,0.0,0.0,0.0,0.0,0.0,0.0,0.0,0.0,0.0,0.0,0.0,0.0,0.0,0.0,0.0,0.0,0.0,0.0,0.0,0.0,0.0,0.0,0.0,0.0
625,0.0,0.0,0.0,0.0,0.0,0.0,0.0,0.0,0.0,0.0,0.0,0.0,0.0,0.0,0.0,0.0,0.0,0.0,0.0,0.0,0.0,0.0,0.0,0.0,0.0,0.0,0.0,0.0,0.0,0.0,0.0,0.0,0.0,0.0,0.0,0.0,0.0,0.0,0.0,0.0,0.0,0.0,0.0,0.0,0.0,0.0,0.0,0.0,0.0,0.0,0.0,0.0,0.0,0.0,0.0,0.0,0.0,0.0,0.0,0.0,0.0,0.0,0.0,0.0,0.0,0.0
626,0.0,0.0,0.0,0.0,0.0,0.0,0.0,0.0,0.0,0.0,0.0,0.0,0.0,0.0,0.0,0.0,0.0,0.0,0.0,0.0,0.0,0.0,0.0,0.0,0.0,0.0,0.0,0.0,0.0,0.0,0.0,0.0,0.0,0.0,0.0,0.0,0.0,0.0,0.0,0.0,0.0,0.0,0.0,0.0,0.0,0.0,0.0,0.0,0.0,0.0,0.0,0.0,0.0,0.0,0.0,0.0,0.0,0.0,0.0,0.0,0.0,0.0,0.0,0.0,0.0,0.0
627,0.0,0.0,0.0,0.0,0.0,0.0,0.0,0.0,0.0,0.0,0.0,0.0,0.0,0.0,0.0,0.0,0.0,0.0,0.0,0.0,0.0,0.0,0.0,0.0,0.0,0.0,0.0,0.0,0.0,0.0,0.0,0.0,0.0,0.0,0.0,0.0,0.0,0.0,0.0,0.0,0.0,0.0,0.0,0.0,0.0,0.0,0.0,0.0,0.0,0.0,0.0,0.0,0.0,0.0,0.0,0.0,0.0,0.0,0.0,0.0,0.0,0.0,0.0,0.0,0.0,0.0
628,0.0,0.0,0.0,0.0,0.0,0.0,0.0,0.0,0.0,0.0,0.0,0.0,0.0,0.0,0.0,0.0,0.0,0.0,0.0,0.0,0.0,0.0,0.0,0.0,0.0,0.0,0.0,0.0,0.0,0.0,0.0,0.0,0.0,0.0,0.0,0.0,0.0,0.0,0.0,0.0,0.0,0.0,0.0,0.0,0.0,0.0,0.0,0.0,0.0,0.0,0.0,0.0,0.0,0.0,0.0,0.0,0.0,0.0,0.0,0.0,0.0,0.0,0.0,0.0,0.0,0.0
629,0.0,0.0,0.0,0.0,0.0,0.0,0.0,0.0,0.0,0.0,0.0,0.0,0.0,0.0,0.0,0.0,0.0,0.0,0.0,0.0,0.0,0.0,0.0,0.0,0.0,0.0,0.0,0.0,0.0,0.0,0.0,0.0,0.0,0.0,0.0,0.0,0.0,0.0,0.0,0.0,0.0,0.0,0.0,0.0,0.0,0.0,0.0,0.0,0.0,0.0,0.0,0.0,0.0,0.0,0.0,0.0,0.0,0.0,0.0,0.0,0.0,0.0,0.0,0.0,0.0,0.0
630,0.0,0.0,0.0,0.0,0.0,0.0,0.0,0.0,0.0,0.0,0.0,0.0,0.0,0.0,0.0,0.0,0.0,0.0,0.0,0.0,0.0,0.0,0.0,0.0,0.0,0.0,0.0,0.0,0.0,0.0,0.0,0.0,0.0,0.0,0.0,0.0,0.0,0.0,0.0,0.0,0.0,0.0,0.0,0.0,0.0,0.0,0.0,0.0,0.0,0.0,0.0,0.0,0.0,0.0,0.0,0.0,0.0,0.0,0.0,0.0,0.0,0.0,0.0,0.0,0.0,0.0
631,0.0,0.0,0.4953175,0.0,0.0,0.0,0.0,0.411944133,0.555847895,0.465943714,0.388567857,0.357625714,0.333895,0.37056,0.052125517,0.062095614,8.67e-5,0.393416923,0.252199091,0.10615,0.232710857,0.282115893,0.139239063,0.450180625,0.0,0.0,0.0,0.0,0.0,0.0,0.0,0.0,0.0,0.059171364,4.9e-6,0.032585085,0.43454,0.240325556,0.511248,0.328067,0.503531667,0.437033721,0.362706842,0.0,1.56e-5,3.91e-5,0.19063,0.0692,0.274553333,0.344905833,0.0,0.0,0.0,0.0,0.00017,0.0,0.0,0.0,0.578796667,0.004720357,0.03560619,0.054545,0.458204,0.046065,0.2178292,0.123185
632,0.0,0.0,0.60630375,0.226545,0.232612857,0.436662,0.418956667,0.664898133,0.701732632,0.703368571,0.600827857,0.549390952,0.5012,0.56787,0.420436552,0.472583333,0.55719,0.565220769,0.424408788,0.18981,0.418531714,0.531076607,0.329898438,0.701746875,0.260509167,0.492246,0.54782,0.515809375,0.472283333,0.550903607,0.570293778,0.3829581,0.24182,0.534338182,0.460778039,0.462725932,0.680026667,0.428404444,0.733094,0.557979,0.659041667,0.632530698,0.577597368,0.43924,0.130146667,0.350645143,0.35211,0.33618,0.607613333,0.5725625,0.042562857,0.000336667,0.280181316,0.244657143,0.401622222,0.269626667,0.02105,0.575646,0.739735,0.217887857,0.260715238,0.223333333,0.667734,0.599157273,0.6521536,0.56305
633,0.574886667,0.54159,0.64094875,0.43951,0.493215714,0.606796,0.56809,0.794180133,0.760767368,0.833227714,0.699037143,0.702531429,0.640185,0.55995,0.638166552,0.655819474,0.692613333,0.651662308,0.508398485,0.40841,0.504625429,0.676144643,0.5218575,0.83144875,0.515220833,0.708872,0.741798182,0.729001875,0.709306111,0.743153443,0.708678667,0.5867234,0.51233,0.613333636,0.63321451,0.615358305,0.821325,0.574135556,0.829096,0.70222,0.701,0.723319302,0.627803158,0.49635,0.221545556,0.421959143,0.66333,0.63307,0.805066667,0.724263333,0.416091429,0.515476667,0.572966579,0.395835,0.593952222,0.445968254,0.61903,0.676374,0.68358,0.441245357,0.471160952,0.328741667,0.786368667,0.745801818,0.731514,0.57877
634,0.702333333,0.60224,0.711685,0.74518,0.569697143,0.671206,0.76304,0.8633784,0.854855789,0.867757143,0.785029286,0.736013333,0.727555,0.64434,0.763291724,0.756560351,0.79825,0.68824,0.590224545,0.49677,0.597073429,0.769825357,0.655065,0.87459875,0.708056667,0.802571167,0.82256,0.80555375,0.789073889,0.810278852,0.802012444,0.7055019,0.73964,0.659436818,0.723038627,0.652554407,0.846551667,0.595521111,0.863512,0.716558,0.833628333,0.740323953,0.704365789,0.587956667,0.34158,0.462256286,0.72706,0.66378,0.799163333,0.753695833,0.69199,0.737413333,0.743048158,0.566701429,0.642513333,0.495518889,0.73661,0.8428,0.779963333,0.609551786,0.590265714,0.430953333,0.842104667,0.796030909,0.7964048,0.606921667
635,0.59715,0.49175,0.71983875,0.7124,0.609208571,0.784122,0.720403333,0.854657067,0.859352632,0.883323714,0.771402857,0.743997143,0.715675,0.71803,0.821256897,0.800745614,0.80778,0.640651538,0.645237273,0.68919,0.604332286,0.822194107,0.722165313,0.872573125,0.7687975,0.8267135,0.848743636,0.81925125,0.811856111,0.842238525,0.800752222,0.7688008,0.75291,0.623500909,0.734461176,0.689242881,0.809981667,0.604635556,0.775696,0.658569,0.879411667,0.692450233,0.696480526,0.529276667,0.388188889,0.434621143,0.69386,0.7744,0.859063333,0.816145,0.791537143,0.81484,0.801534474,0.623634286,0.658698889,0.571449206,0.68202,0.808602,0.850753333,0.667310714,0.62796381,0.520178333,0.827792,0.842647273,0.8010872,0.700035
636,0.653693333,0.70685,0.79481875,0.841915,0.725331429,0.77894,0.686873333,0.804075467,0.806328421,0.862464286,0.785458571,0.745471429,0.683435,0.80028,0.812086207,0.758442456,0.80916,0.693593846,0.702675152,0.73929,0.704564571,0.821493929,0.789889063,0.8524875,0.793205833,0.832196333,0.828056364,0.819769375,0.816333889,0.806956393,0.816959333,0.8074985,0.75559,0.699050455,0.761038627,0.720404746,0.767805,0.668268889,0.78351,0.72479,0.727241667,0.721326047,0.728846316,0.590263333,0.441922222,0.512702286,0.63986,0.71519,0.789863333,0.7844375,0.810542857,0.79589,0.829748947,0.697863571,0.560183333,0.532735873,0.65836,0.704182,0.832883333,0.731972143,0.721256667,0.674523333,0.788503333,0.828709545,0.7583196,0.733283333
637,0.78378,0.74543,0.73913125,0.656935,0.697808571,0.70865,0.56842,0.782604133,0.781126316,0.816296,0.716297857,0.765471905,0.708825,0.8143,0.757008621,0.714922456,0.802273333,0.724818462,0.607260303,0.77787,0.688949714,0.807305357,0.775734375,0.83812375,0.791884167,0.807015,0.795258182,0.784453125,0.762178333,0.763854754,0.804383333,0.7399262,0.7759,0.730835,0.745644118,0.720124407,0.650433333,0.717471111,0.686244,0.602691,0.679438333,0.716707209,0.680956842,0.65549,0.484693333,0.512658286,0.49011,0.64213,0.728553333,0.7896325,0.673024286,0.79782,0.803417368,0.784241429,0.602804444,0.506715556,0.78704,0.662964,0.770466667,0.695204643,0.705253333,0.673505,0.686777333,0.763494091,0.7080948,0.74446
638,0.687576667,0.77261,0.69093125,0.70194,0.642204286,0.696722,0.464253333,0.782790133,0.738987368,0.774199714,0.650103571,0.70859619,0.60906,0.83668,0.728898621,0.693358947,0.69846,0.727620769,0.596077879,0.56118,0.629545143,0.792231071,0.766579063,0.8142025,0.759909167,0.778714167,0.768776364,0.762981875,0.73428,0.730277049,0.742378667,0.6791056,0.79193,0.646048636,0.757791765,0.718870678,0.660263333,0.650241111,0.688794,0.584411,0.71316,0.708813953,0.648156316,0.581556667,0.404192222,0.475334571,0.44625,0.53669,0.671606667,0.679164167,0.564894286,0.80334,0.695663684,0.779592143,0.599505556,0.493569841,0.74426,0.540528,0.755363333,0.655557857,0.640834286,0.656118333,0.717622,0.737571818,0.729698,0.73697
639,0.65196,0.47844,0.68364625,0.617455,0.559967143,0.78829,0.578653333,0.772047333,0.766287368,0.733014,0.712925714,0.66846619,0.611985,0.8565,0.695888621,0.703825088,0.65897,0.688197692,0.599789091,0.62763,0.6113,0.762914643,0.744203438,0.78462125,0.727641667,0.757106333,0.767170909,0.7698525,0.720678333,0.718624754,0.727597778,0.6550884,0.76397,0.643511364,0.707255686,0.665424915,0.675545,0.588401111,0.684166,0.649584,0.687895,0.692688605,0.591981579,0.64527,0.360705556,0.467678571,0.76933,0.42071,0.5968,0.506403333,0.50916,0.668226667,0.583884211,0.691410714,0.577464444,0.418425556,0.67888,0.349714,0.704221667,0.5612775,0.532499048,0.555898333,0.751776667,0.734218636,0.7026412,0.656695
640,0.5787,0.76579,0.558595,0.644645,0.606234286,0.641144,0.62887,0.707021733,0.664622105,0.685060857,0.491144286,0.593832857,0.39984,0.83007,0.695021034,0.671398772,0.670433333,0.676643077,0.554013636,0.63791,0.557589143,0.690021429,0.673174375,0.661596875,0.747333333,0.7341275,0.734999091,0.600251875,0.7048,0.694115246,0.686865111,0.648312,0.66041,0.528129545,0.648465686,0.599311186,0.550331667,0.602448889,0.614652,0.472687,0.61643,0.686617907,0.515691579,0.686836667,0.393803333,0.266914,0.78733,0.51319,0.587416667,0.582338333,0.438431429,0.510446667,0.598560526,0.663233571,0.615821111,0.505334444,0.55492,0.540596,0.653808333,0.611367143,0.5297,0.552198333,0.696554,0.701328182,0.7046212,0.646531667
641,0.440466667,0.73275,0.3597375,0.649215,0.481698571,0.566188,0.57323,0.617898533,0.526849474,0.569094571,0.425022857,0.463324286,0.368135,0.70876,0.597911379,0.589781754,0.60054,0.627927692,0.477477576,0.58396,0.475383429,0.606148393,0.51205875,0.5162675,0.673825,0.626664667,0.699908182,0.49946875,0.601383333,0.56969082,0.616558,0.574656,0.54159,0.441550455,0.637226863,0.524722881,0.456591667,0.397978889,0.571654,0.331341,0.537785,0.631900465,0.455715789,0.517606667,0.221686667,0.141466571,0.68428,0.51257,0.39108,0.4272475,0.402828571,0.479853333,0.553912632,0.640584286,0.584782222,0.510663968,0.29951,0.390354,0.586253333,0.523404286,0.455480476,0.433143333,0.617073333,0.683565,0.6073004,0.56255
642,0.35325,0.31522,0.13332,0.46448,0.427007143,0.363316,0.36991,0.426856267,0.354749474,0.345274857,0.249008571,0.232121905,0.31001,0.43373,0.379373793,0.400080702,0.426063333,0.391575385,0.272147273,0.40873,0.311254857,0.380410179,0.2638825,0.35228375,0.475878333,0.4599675,0.520103636,0.396973125,0.419442778,0.461121639,0.446797333,0.4455544,0.42588,0.244354091,0.47383902,0.403319831,0.258983333,0.037427778,0.312186,0.138884,0.288245,0.418257674,0.261278421,0.157696667,0.053467778,0.037634286,0.46368,0.41732,0.26243,0.060859167,0.301284286,0.52631,0.408455263,0.565087143,0.443167778,0.429615397,0.18757,0.220922,0.308706667,0.318485,0.269197143,0.263825,0.43337,0.489653182,0.4585184,0.4128
643,0.232223333,0.16267,0.0,0.4131,0.309518571,0.222104,0.0,0.0,0.0,0.0,0.0,0.0,0.0,0.0,0.186584138,0.011562982,0.09519,0.0,0.0,0.0,0.0,0.00581125,8.44e-6,0.0,0.289605,0.287428,0.351400909,0.274744375,0.317633889,0.344459672,0.275545111,0.3438804,0.24376,0.0,0.129648824,0.124665932,0.0,0.0,0.0,0.0,0.0,0.0,0.0,0.015246667,5.78e-5,0.002754571,0.0,0.0,0.0,0.0,0.207158571,0.372296667,0.298476842,0.371744286,0.191,0.238299048,0.0,0.043118,0.0,0.086461786,0.0,0.00749,0.0,0.0,0.0,0.0
644,0.075456667,0.00739,0.0,0.0,0.0,0.0,0.0,0.0,0.0,0.0,0.0,0.0,0.0,0.0,0.0,0.0,0.0,0.0,0.0,0.0,0.0,0.0,0.0,0.0,0.0,0.0,0.0,0.0,0.0,0.0,0.0,0.0,0.0,0.0,0.0,0.0,0.0,0.0,0.0,0.0,0.0,0.0,0.0,0.0,0.0,0.0,0.0,0.0,0.0,0.0,0.0,0.0,2.42e-5,0.0,0.0,0.0,0.0,0.0,0.0,0.0,0.0,0.0,0.0,0.0,0.0,0.0
645,0.0,0.0,0.0,0.0,0.0,0.0,0.0,0.0,0.0,0.0,0.0,0.0,0.0,0.0,0.0,0.0,0.0,0.0,0.0,0.0,0.0,0.0,0.0,0.0,0.0,0.0,0.0,0.0,0.0,0.0,0.0,0.0,0.0,0.0,0.0,0.0,0.0,0.0,0.0,0.0,0.0,0.0,0.0,0.0,0.0,0.0,0.0,0.0,0.0,0.0,0.0,0.0,0.0,0.0,0.0,0.0,0.0,0.0,0.0,0.0,0.0,0.0,0.0,0.0,0.0,0.0
646,0.0,0.0,0.0,0.0,0.0,0.0,0.0,0.0,0.0,0.0,0.0,0.0,0.0,0.0,0.0,0.0,0.0,0.0,0.0,0.0,0.0,0.0,0.0,0.0,0.0,0.0,0.0,0.0,0.0,0.0,0.0,0.0,0.0,0.0,0.0,0.0,0.0,0.0,0.0,0.0,0.0,0.0,0.0,0.0,0.0,0.0,0.0,0.0,0.0,0.0,0.0,0.0,0.0,0.0,0.0,0.0,0.0,0.0,0.0,0.0,0.0,0.0,0.0,0.0,0.0,0.0
647,0.0,0.0,0.0,0.0,0.0,0.0,0.0,0.0,0.0,0.0,0.0,0.0,0.0,0.0,0.0,0.0,0.0,0.0,0.0,0.0,0.0,0.0,0.0,0.0,0.0,0.0,0.0,0.0,0.0,0.0,0.0,0.0,0.0,0.0,0.0,0.0,0.0,0.0,0.0,0.0,0.0,0.0,0.0,0.0,0.0,0.0,0.0,0.0,0.0,0.0,0.0,0.0,0.0,0.0,0.0,0.0,0.0,0.0,0.0,0.0,0.0,0.0,0.0,0.0,0.0,0.0
648,0.0,0.0,0.0,0.0,0.0,0.0,0.0,0.0,0.0,0.0,0.0,0.0,0.0,0.0,0.0,0.0,0.0,0.0,0.0,0.0,0.0,0.0,0.0,0.0,0.0,0.0,0.0,0.0,0.0,0.0,0.0,0.0,0.0,0.0,0.0,0.0,0.0,0.0,0.0,0.0,0.0,0.0,0.0,0.0,0.0,0.0,0.0,0.0,0.0,0.0,0.0,0.0,0.0,0.0,0.0,0.0,0.0,0.0,0.0,0.0,0.0,0.0,0.0,0.0,0.0,0.0
649,0.0,0.0,0.0,0.0,0.0,0.0,0.0,0.0,0.0,0.0,0.0,0.0,0.0,0.0,0.0,0.0,0.0,0.0,0.0,0.0,0.0,0.0,0.0,0.0,0.0,0.0,0.0,0.0,0.0,0.0,0.0,0.0,0.0,0.0,0.0,0.0,0.0,0.0,0.0,0.0,0.0,0.0,0.0,0.0,0.0,0.0,0.0,0.0,0.0,0.0,0.0,0.0,0.0,0.0,0.0,0.0,0.0,0.0,0.0,0.0,0.0,0.0,0.0,0.0,0.0,0.0
650,0.0,0.0,0.0,0.0,0.0,0.0,0.0,0.0,0.0,0.0,0.0,0.0,0.0,0.0,0.0,0.0,0.0,0.0,0.0,0.0,0.0,0.0,0.0,0.0,0.0,0.0,0.0,0.0,0.0,0.0,0.0,0.0,0.0,0.0,0.0,0.0,0.0,0.0,0.0,0.0,0.0,0.0,0.0,0.0,0.0,0.0,0.0,0.0,0.0,0.0,0.0,0.0,0.0,0.0,0.0,0.0,0.0,0.0,0.0,0.0,0.0,0.0,0.0,0.0,0.0,0.0
651,0.0,0.0,0.0,0.0,0.0,0.0,0.0,0.0,0.0,0.0,0.0,0.0,0.0,0.0,0.0,0.0,0.0,0.0,0.0,0.0,0.0,0.0,0.0,0.0,0.0,0.0,0.0,0.0,0.0,0.0,0.0,0.0,0.0,0.0,0.0,0.0,0.0,0.0,0.0,0.0,0.0,0.0,0.0,0.0,0.0,0.0,0.0,0.0,0.0,0.0,0.0,0.0,0.0,0.0,0.0,0.0,0.0,0.0,0.0,0.0,0.0,0.0,0.0,0.0,0.0,0.0
652,0.0,0.0,0.0,0.0,0.0,0.0,0.0,0.0,0.0,0.0,0.0,0.0,0.0,0.0,0.0,0.0,0.0,0.0,0.0,0.0,0.0,0.0,0.0,0.0,0.0,0.0,0.0,0.0,0.0,0.0,0.0,0.0,0.0,0.0,0.0,0.0,0.0,0.0,0.0,0.0,0.0,0.0,0.0,0.0,0.0,0.0,0.0,0.0,0.0,0.0,0.0,0.0,0.0,0.0,0.0,0.0,0.0,0.0,0.0,0.0,0.0,0.0,0.0,0.0,0.0,0.0
653,0.0,0.0,0.0,0.0,0.0,0.0,0.0,0.0,0.0,0.0,0.0,0.0,0.0,0.0,0.0,0.0,0.0,0.0,0.0,0.0,0.0,0.0,0.0,0.0,0.0,0.0,0.0,0.0,0.0,0.0,0.0,0.0,0.0,0.0,0.0,0.0,0.0,0.0,0.0,0.0,0.0,0.0,0.0,0.0,0.0,0.0,0.0,0.0,0.0,0.0,0.0,0.0,0.0,0.0,0.0,0.0,0.0,0.0,0.0,0.0,0.0,0.0,0.0,0.0,0.0,0.0
654,0.0,0.0,0.0,0.0,0.0,0.0,0.0,0.0,0.0,0.0,0.0,0.0,0.0,0.0,0.0,0.0,0.0,0.0,0.0,0.0,0.0,0.0,0.0,0.0,0.0,0.0,0.0,0.0,0.0,0.0,0.0,0.0,0.0,0.0,0.0,0.0,0.0,0.0,0.0,0.0,0.0,0.0,0.0,0.0,0.0,0.0,0.0,0.0,0.0,0.0,0.0,0.0,0.0,0.0,0.0,0.0,0.0,0.0,0.0,0.0,0.0,0.0,0.0,0.0,0.0,0.0
655,0.0,0.0,0.4505775,0.0,0.0,0.0,0.0,0.3842004,0.416733684,0.375132,0.330303571,0.385212381,0.3377,0.41656,0.057606897,0.083174035,0.0,0.44628,0.356678485,0.15616,0.223073429,0.319721429,0.224355625,0.41752,0.0,0.0,0.0,0.0,0.0,0.0,0.0,0.0,0.0,0.044021364,6.86e-6,0.020683559,0.352413333,0.243937778,0.517244,0.316932,0.50931,0.364971628,0.400249474,0.0,0.00014,2.29e-6,0.02577,0.39903,0.310583333,0.56537,0.0,0.0,0.0,0.0,0.0,4.76e-7,0.0,0.0,0.594523333,0.012858214,0.03033,0.037985,0.399745333,0.044180455,0.202082,0.127773333
656,0.0,0.0,0.68216125,0.421075,0.139232857,0.460074,0.34205,0.590521067,0.639418421,0.607851429,0.530955,0.62832619,0.574965,0.70015,0.44923,0.536367719,0.564423333,0.642543077,0.471664545,0.15621,0.356156286,0.507371071,0.4099,0.668530625,0.546361667,0.532265333,0.417242727,0.485501875,0.438794444,0.52471918,0.506521333,0.3447236,0.52214,0.405875455,0.523336863,0.462276102,0.637716667,0.610255556,0.742272,0.678634,0.756715,0.561297907,0.630911053,0.56689,0.127635556,0.158651143,0.14835,0.57312,0.707433333,0.692001667,0.001257143,0.000506667,0.183561053,0.4379,0.141612222,0.265539206,0.01834,0.044546,0.739238333,0.491508571,0.286151905,0.28281,0.647696,0.573938636,0.6334628,0.551958333
657,0.221333333,0.31713,0.7825525,0.63838,0.433285714,0.690518,0.44228,0.729884667,0.755361053,0.752923143,0.619914286,0.664785238,0.596805,0.79572,0.651604828,0.640110175,0.69236,0.735452308,0.522916061,0.15544,0.458564571,0.692418036,0.587564375,0.822585625,0.72184,0.687250167,0.599039091,0.65343125,0.651078889,0.685613115,0.659820444,0.5402522,0.73162,0.547236364,0.68972451,0.57001339,0.728556667,0.696932222,0.79102,0.734317,0.824008333,0.589743488,0.672983158,0.60294,0.286814444,0.312106286,0.29687,0.62364,0.775883333,0.7940425,0.130532857,0.11415,0.388513158,0.650299286,0.263467778,0.400040635,0.38898,0.097944,0.796345,0.693396429,0.508218571,0.525721667,0.754350667,0.761227273,0.7494448,0.620101667
658,0.225343333,0.466,0.81809125,0.76466,0.652657143,0.742294,0.62243,0.774066133,0.860591053,0.851373714,0.79663,0.786708571,0.75435,0.7423,0.765473103,0.725464035,0.773636667,0.780473077,0.627401818,0.4822,0.640587143,0.709283036,0.60911625,0.823071875,0.789761667,0.784311667,0.686455455,0.780026875,0.774143333,0.764248361,0.740414222,0.6641055,0.69374,0.687995909,0.730485294,0.674500508,0.863078333,0.806542222,0.822436,0.837765,0.85763,0.635260233,0.705667895,0.79251,0.450325556,0.411806857,0.30963,0.63751,0.867066667,0.8171175,0.428092857,0.26575,0.597632105,0.751436429,0.396122222,0.516713492,0.51802,0.255958,0.87594,0.766073214,0.543671429,0.574733333,0.811044667,0.802104091,0.8085932,0.705376667
659,0.28382,0.43838,0.863505,0.810895,0.719712857,0.821868,0.585936667,0.764727467,0.862106842,0.866634857,0.816530714,0.751837619,0.77579,0.84939,0.823692069,0.783525439,0.77896,0.727808462,0.685595758,0.49795,0.678222857,0.769832857,0.745000625,0.82360625,0.812394167,0.8196025,0.75068,0.813335,0.809276111,0.798679344,0.772356444,0.738052,0.69362,0.755965909,0.726579216,0.727518136,0.880263333,0.810017778,0.884296,0.849378,0.85307,0.679253953,0.756813158,0.811333333,0.566082222,0.501720571,0.4801,0.6862,0.858836667,0.835885,0.548131429,0.545226667,0.705622105,0.74632,0.461237778,0.621297302,0.41899,0.381968,0.887403333,0.800629286,0.62252619,0.61152,0.842376667,0.838591364,0.8321216,0.740491667
660,0.413206667,0.65645,0.8522625,0.795315,0.756117143,0.837644,0.578413333,0.709368267,0.784413158,0.806455143,0.808277857,0.790676667,0.749965,0.85335,0.800256552,0.799232982,0.795326667,0.677044615,0.656037273,0.46916,0.643308,0.748114286,0.756855625,0.757905625,0.813408333,0.810451167,0.768306364,0.79243125,0.804221111,0.803536066,0.782514222,0.7414447,0.76845,0.705069091,0.760602941,0.703488983,0.791531667,0.829697778,0.805148,0.819949,0.786155,0.649109535,0.697642105,0.821593333,0.589351111,0.490687143,0.49391,0.66098,0.77694,0.821826667,0.709542857,0.83305,0.776632895,0.815090714,0.573933333,0.628611429,0.53522,0.391646,0.850381667,0.779811071,0.642012857,0.642146667,0.813832,0.809199545,0.7741712,0.734948333
661,0.460383333,0.49411,0.79386375,0.70797,0.583432857,0.74355,0.578033333,0.706315733,0.745967368,0.69697,0.764123571,0.746887143,0.67807,0.8293,0.75992931,0.728502807,0.636393333,0.640974615,0.673022121,0.40116,0.623162286,0.720159464,0.731434063,0.710378125,0.783676667,0.739308167,0.704126364,0.711135625,0.785563333,0.779085738,0.757609333,0.7036923,0.83606,0.646291364,0.781147255,0.739593559,0.771073333,0.77217,0.785318,0.769324,0.744653333,0.646594651,0.663890526,0.70862,0.474585556,0.482822857,0.6367,0.61358,0.756273333,0.8075375,0.668941429,0.810586667,0.75181,0.810817857,0.657793333,0.646844921,0.56207,0.352442,0.751275,0.722650714,0.593887143,0.642181667,0.740213333,0.736805909,0.7764592,0.714783333
662,0.532623333,0.45557,0.80513,0.729125,0.608981429,0.760486,0.5696,0.6851932,0.713108421,0.702051143,0.732941429,0.736315714,0.63963,0.78799,0.732315172,0.709257895,0.655893333,0.653616154,0.616696364,0.55655,0.570280286,0.702990179,0.699921563,0.689108125,0.731525,0.696351167,0.650509091,0.582720625,0.749058889,0.755011148,0.740908,0.7066096,0.74449,0.552093636,0.755099804,0.706833051,0.727656667,0.78519,0.696846,0.760784,0.676733333,0.574280233,0.582173684,0.676663333,0.506674444,0.463036286,0.54419,0.49089,0.7596,0.803610833,0.493188571,0.812876667,0.737742632,0.749532857,0.629321111,0.59912127,0.52019,0.310652,0.7615,0.720838214,0.549325714,0.639863333,0.757667333,0.720252727,0.7356928,0.62261
663,0.557006667,0.33179,0.80956875,0.690135,0.606785714,0.7487,0.585916667,0.6875516,0.759456316,0.725068286,0.739722143,0.700639524,0.763895,0.72412,0.695956207,0.681761754,0.728393333,0.585594615,0.627401212,0.72174,0.585259714,0.645075,0.652435,0.583376875,0.68691,0.649098167,0.631375455,0.553439375,0.689345,0.703914754,0.749667111,0.653885,0.77099,0.597043636,0.748312157,0.661031525,0.703591667,0.657568889,0.742184,0.731295,0.648596667,0.567206977,0.620717368,0.655046667,0.476675556,0.371839714,0.52805,0.42025,0.657976667,0.696886667,0.616705714,0.812506667,0.713212368,0.727001429,0.566621111,0.60802381,0.39591,0.405882,0.774451667,0.680601786,0.471295238,0.586753333,0.665944,0.691722273,0.6919016,0.629961667
664,0.695463333,0.49166,0.7208325,0.644035,0.55377,0.686158,0.57664,0.631490133,0.698787368,0.628508286,0.643868571,0.673090952,0.655745,0.46801,0.623262759,0.615765263,0.705646667,0.62356,0.614076667,0.65192,0.620952571,0.595375357,0.626203438,0.527226875,0.714461667,0.5944035,0.48062,0.45714375,0.674332222,0.678038033,0.685452444,0.7043762,0.67629,0.487250455,0.675245098,0.606028475,0.663725,0.669774444,0.691634,0.659784,0.55085,0.630028372,0.576268947,0.66635,0.392908889,0.381882286,0.503,0.33821,0.647153333,0.6740225,0.605495714,0.78472,0.678439211,0.742403571,0.574138889,0.630126349,0.52474,0.373248,0.684273333,0.627541429,0.53256619,0.500891667,0.655967333,0.638516364,0.6420032,0.572523333
665,0.607863333,0.46423,0.5817375,0.650645,0.555412857,0.580618,0.494476667,0.574856667,0.595971579,0.560164857,0.514135,0.519107619,0.494415,0.21715,0.538715862,0.549015614,0.667483333,0.611953077,0.49925303,0.55004,0.490876857,0.477544643,0.4692125,0.483529375,0.538506667,0.448481833,0.369625455,0.304535,0.651361667,0.598718197,0.666186,0.6588714,0.59351,0.344012273,0.624441373,0.561950339,0.503146667,0.516425556,0.552074,0.472469,0.453841667,0.550360465,0.47516,0.586776667,0.163334444,0.229036571,0.54713,0.1582,0.46783,0.523049167,0.491955714,0.702036667,0.561977632,0.734745,0.61905,0.632881746,0.44243,0.225366,0.597535,0.492861786,0.415568571,0.387198333,0.483558667,0.494641364,0.6140492,0.577385
666,0.500256667,0.34876,0.1317325,0.531215,0.464218571,0.494306,0.274793333,0.346354267,0.358736316,0.304085143,0.309847143,0.261447619,0.339125,0.11895,0.359103103,0.365711579,0.481313333,0.347306923,0.295849394,0.42055,0.284453143,0.334077679,0.2899475,0.273004375,0.460758333,0.3369355,0.337436364,0.183781875,0.472329444,0.473972131,0.490072444,0.5226516,0.38188,0.227725455,0.396063137,0.346209153,0.23733,0.000202222,0.293924,0.129436,0.26423,0.353299302,0.273025263,0.27078,0.046347778,0.134735714,0.24499,0.1922,0.248286667,0.071751667,0.471128571,0.5818,0.521818158,0.587485714,0.534633333,0.525453492,0.30385,0.257324,0.31456,0.314706429,0.206695714,0.255291667,0.280971333,0.363627727,0.3126436,0.26155
667,0.31584,0.16898,0.0,0.293085,0.331658571,0.287706,0.000113333,0.0,0.0,0.0,0.0,0.0,0.0,0.0,0.120735862,7.25e-5,0.14281,0.0,0.0,0.0,0.0,3.63e-5,1.25e-5,0.0,0.2293675,0.172459333,0.23357,0.08680625,0.352679444,0.263918361,0.290618889,0.3724084,0.2642,0.0,0.096447843,0.095804407,0.0,0.0,0.0,0.0,0.0,0.0,0.0,0.077816667,0.001104444,0.012020571,0.0,0.0,0.0,0.0,0.245072857,0.384693333,0.366636579,0.344567857,0.275004444,0.277118413,0.0,0.046876,0.0,0.065821071,2.05e-5,0.012278333,0.0,1.95e-5,0.0,0.0
668,0.042376667,0.08269,0.0,0.0,0.0,0.0,0.0,0.0,0.0,0.0,0.0,0.0,0.0,0.0,0.0,0.0,0.0,0.0,0.0,0.0,0.0,0.0,0.0,0.0,0.0,0.0,0.0,0.0,0.0,0.0,0.0,0.0,0.0,0.0,0.0,0.0,0.0,0.0,0.0,0.0,0.0,0.0,0.0,0.0,0.0,0.0,0.0,0.0,0.0,0.0,0.0,0.0,2.37e-6,0.0,0.0,0.0,0.0,0.0,0.0,0.0,0.0,0.0,0.0,0.0,0.0,0.0
669,0.0,0.0,0.0,0.0,0.0,0.0,0.0,0.0,0.0,0.0,0.0,0.0,0.0,0.0,0.0,0.0,0.0,0.0,0.0,0.0,0.0,0.0,0.0,0.0,0.0,0.0,0.0,0.0,0.0,0.0,0.0,0.0,0.0,0.0,0.0,0.0,0.0,0.0,0.0,0.0,0.0,0.0,0.0,0.0,0.0,0.0,0.0,0.0,0.0,0.0,0.0,0.0,0.0,0.0,0.0,0.0,0.0,0.0,0.0,0.0,0.0,0.0,0.0,0.0,0.0,0.0
670,0.0,0.0,0.0,0.0,0.0,0.0,0.0,0.0,0.0,0.0,0.0,0.0,0.0,0.0,0.0,0.0,0.0,0.0,0.0,0.0,0.0,0.0,0.0,0.0,0.0,0.0,0.0,0.0,0.0,0.0,0.0,0.0,0.0,0.0,0.0,0.0,0.0,0.0,0.0,0.0,0.0,0.0,0.0,0.0,0.0,0.0,0.0,0.0,0.0,0.0,0.0,0.0,0.0,0.0,0.0,0.0,0.0,0.0,0.0,0.0,0.0,0.0,0.0,0.0,0.0,0.0
671,0.0,0.0,0.0,0.0,0.0,0.0,0.0,0.0,0.0,0.0,0.0,0.0,0.0,0.0,0.0,0.0,0.0,0.0,0.0,0.0,0.0,0.0,0.0,0.0,0.0,0.0,0.0,0.0,0.0,0.0,0.0,0.0,0.0,0.0,0.0,0.0,0.0,0.0,0.0,0.0,0.0,0.0,0.0,0.0,0.0,0.0,0.0,0.0,0.0,0.0,0.0,0.0,0.0,0.0,0.0,0.0,0.0,0.0,0.0,0.0,0.0,0.0,0.0,0.0,0.0,0.0
672,0.0,0.0,0.0,0.0,0.0,0.0,0.0,0.0,0.0,0.0,0.0,0.0,0.0,0.0,0.0,0.0,0.0,0.0,0.0,0.0,0.0,0.0,0.0,0.0,0.0,0.0,0.0,0.0,0.0,0.0,0.0,0.0,0.0,0.0,0.0,0.0,0.0,0.0,0.0,0.0,0.0,0.0,0.0,0.0,0.0,0.0,0.0,0.0,0.0,0.0,0.0,0.0,0.0,0.0,0.0,0.0,0.0,0.0,0.0,0.0,0.0,0.0,0.0,0.0,0.0,0.0
673,0.0,0.0,0.0,0.0,0.0,0.0,0.0,0.0,0.0,0.0,0.0,0.0,0.0,0.0,0.0,0.0,0.0,0.0,0.0,0.0,0.0,0.0,0.0,0.0,0.0,0.0,0.0,0.0,0.0,0.0,0.0,0.0,0.0,0.0,0.0,0.0,0.0,0.0,0.0,0.0,0.0,0.0,0.0,0.0,0.0,0.0,0.0,0.0,0.0,0.0,0.0,0.0,0.0,0.0,0.0,0.0,0.0,0.0,0.0,0.0,0.0,0.0,0.0,0.0,0.0,0.0
674,0.0,0.0,0.0,0.0,0.0,0.0,0.0,0.0,0.0,0.0,0.0,0.0,0.0,0.0,0.0,0.0,0.0,0.0,0.0,0.0,0.0,0.0,0.0,0.0,0.0,0.0,0.0,0.0,0.0,0.0,0.0,0.0,0.0,0.0,0.0,0.0,0.0,0.0,0.0,0.0,0.0,0.0,0.0,0.0,0.0,0.0,0.0,0.0,0.0,0.0,0.0,0.0,0.0,0.0,0.0,0.0,0.0,0.0,0.0,0.0,0.0,0.0,0.0,0.0,0.0,0.0
675,0.0,0.0,0.0,0.0,0.0,0.0,0.0,0.0,0.0,0.0,0.0,0.0,0.0,0.0,0.0,0.0,0.0,0.0,0.0,0.0,0.0,0.0,0.0,0.0,0.0,0.0,0.0,0.0,0.0,0.0,0.0,0.0,0.0,0.0,0.0,0.0,0.0,0.0,0.0,0.0,0.0,0.0,0.0,0.0,0.0,0.0,0.0,0.0,0.0,0.0,0.0,0.0,0.0,0.0,0.0,0.0,0.0,0.0,0.0,0.0,0.0,0.0,0.0,0.0,0.0,0.0
676,0.0,0.0,0.0,0.0,0.0,0.0,0.0,0.0,0.0,0.0,0.0,0.0,0.0,0.0,0.0,0.0,0.0,0.0,0.0,0.0,0.0,0.0,0.0,0.0,0.0,0.0,0.0,0.0,0.0,0.0,0.0,0.0,0.0,0.0,0.0,0.0,0.0,0.0,0.0,0.0,0.0,0.0,0.0,0.0,0.0,0.0,0.0,0.0,0.0,0.0,0.0,0.0,0.0,0.0,0.0,0.0,0.0,0.0,0.0,0.0,0.0,0.0,0.0,0.0,0.0,0.0
677,0.0,0.0,0.0,0.0,0.0,0.0,0.0,0.0,0.0,0.0,0.0,0.0,0.0,0.0,0.0,0.0,0.0,0.0,0.0,0.0,0.0,0.0,0.0,0.0,0.0,0.0,0.0,0.0,0.0,0.0,0.0,0.0,0.0,0.0,0.0,0.0,0.0,0.0,0.0,0.0,0.0,0.0,0.0,0.0,0.0,0.0,0.0,0.0,0.0,0.0,0.0,0.0,0.0,0.0,0.0,0.0,0.0,0.0,0.0,0.0,0.0,0.0,0.0,0.0,0.0,0.0
678,0.0,0.0,0.0,0.0,0.0,0.0,0.0,0.0,0.0,0.0,0.0,0.0,0.0,0.0,0.0,0.0,0.0,0.0,0.0,0.0,0.0,0.0,0.0,0.0,0.0,0.0,0.0,0.0,0.0,0.0,0.0,0.0,0.0,0.0,0.0,0.0,0.0,0.000112222,0.0,0.0,0.0,0.0,0.0,0.0,0.0,0.0,0.0,0.0,0.0,9.67e-5,0.0,0.0,0.0,0.0,0.0,0.0,0.0,0.0,0.0,0.0,0.0,0.0,0.0,0.0,0.0,0.0
679,0.0,0.0,0.5277325,0.0,0.0,0.0,1.67e-5,0.267701333,0.243764211,0.115408286,0.206348571,0.30492381,0.283815,0.33739,0.041734138,0.007720702,0.0,0.132342308,0.160329394,0.00995,0.144388,0.099811607,0.142426563,0.037335625,0.0,0.0,0.0,0.0,0.0,0.0,0.0,0.0,0.0,0.182185,1.57e-5,0.027689831,0.322078333,0.417215556,0.327964,0.392967,0.308308333,0.084231163,0.184439474,0.0,0.0,0.0,0.42786,0.00411,0.248463333,0.458980833,0.0,0.0,0.0,0.0,0.0,0.0,0.0,0.0,0.393843333,9.29e-6,2.05e-5,0.061613333,0.201601333,0.013175909,0.1247692,0.116033333
680,0.0,0.0,0.69137625,0.036465,0.047928571,0.01437,0.191386667,0.394920267,0.290541053,0.226432571,0.341624286,0.557798095,0.43986,0.4438,0.599282414,0.574573684,0.58859,0.124112308,0.254183939,0.08948,0.222575143,0.406475893,0.426445313,0.137063125,0.613085833,0.581908667,0.516089091,0.5458375,0.419817778,0.456767213,0.441979778,0.3416845,0.23211,0.335812273,0.191405294,0.244328475,0.57833,0.622362222,0.489302,0.622125,0.497251667,0.135000698,0.329105263,0.634693333,0.515525556,0.548892571,0.6291,0.65988,0.57317,0.658486667,0.080457143,0.000603333,0.243695789,0.085687857,0.446574444,0.419087778,0.01198,0.277272,0.47606,0.647250714,0.65448381,0.643985,0.370782,0.408008636,0.2245328,0.21217
681,0.56056,0.54323,0.74044875,0.162945,0.183778571,0.099228,0.480413333,0.520827733,0.392956842,0.332272286,0.479195714,0.573951429,0.51762,0.54503,0.697973448,0.713427193,0.708166667,0.16577,0.359372121,0.08663,0.326948857,0.529271071,0.577359063,0.244219375,0.7686325,0.763481167,0.708949091,0.7339625,0.633163333,0.662678033,0.579880444,0.5877636,0.47439,0.446747273,0.34928549,0.422828814,0.70713,0.612423333,0.610762,0.738614,0.549666667,0.231882326,0.371831579,0.790826667,0.709912222,0.744258857,0.74632,0.68196,0.643276667,0.6006125,0.415058571,0.580446667,0.598088947,0.204972143,0.591813333,0.641784286,0.42952,0.406666,0.516495,0.777481071,0.777379048,0.782218333,0.470563333,0.432898182,0.2920916,0.304136667
682,0.7256,0.7228,0.76293875,0.279935,0.279555714,0.252984,0.703486667,0.580948667,0.548236316,0.448613143,0.596403571,0.645936667,0.578755,0.74427,0.742002414,0.777589123,0.77209,0.259923846,0.460262424,0.20279,0.427975429,0.576473393,0.648474375,0.30147625,0.811738333,0.815096,0.787546364,0.79533875,0.698091667,0.704417541,0.667873333,0.6663853,0.74711,0.539246364,0.44451451,0.528812712,0.633025,0.682171111,0.65376,0.765725,0.623535,0.371331163,0.41229,0.82328,0.824107778,0.784958286,0.75642,0.7625,0.660883333,0.706460833,0.602121429,0.688936667,0.674490526,0.370563571,0.648035556,0.724249048,0.65056,0.511444,0.594771667,0.810818214,0.80481,0.811591667,0.530418667,0.462336818,0.325306,0.33962
683,0.793963333,0.79004,0.745705,0.304865,0.403914286,0.31633,0.707813333,0.637452933,0.609938421,0.536487714,0.645052857,0.626372381,0.52914,0.73012,0.760557586,0.746892982,0.775076667,0.319173077,0.48135,0.25691,0.372360571,0.586096429,0.651452188,0.34828,0.813320833,0.820247167,0.799388182,0.80565875,0.712963889,0.729368197,0.649564444,0.6816507,0.6935,0.606230455,0.411251765,0.583962881,0.621473333,0.607386667,0.660302,0.712733,0.63625,0.44940093,0.448204211,0.815643333,0.817906667,0.792828571,0.72838,0.76196,0.62124,0.670541667,0.699141429,0.50845,0.712765,0.461076429,0.662257778,0.725221111,0.71351,0.617044,0.618453333,0.812148571,0.800418571,0.80618,0.538666667,0.465537727,0.3702852,0.384861667
684,0.79622,0.8044,0.75359625,0.38399,0.362911429,0.474196,0.459653333,0.548931733,0.613515789,0.569460571,0.680935,0.634810476,0.640255,0.62526,0.732145862,0.694699825,0.73989,0.362949231,0.427309697,0.47483,0.355391714,0.5757475,0.637115625,0.350353125,0.791209167,0.803057833,0.78807,0.7960275,0.66168,0.629262951,0.654312444,0.6212074,0.47747,0.551549545,0.431357059,0.517039661,0.650875,0.592743333,0.662664,0.65756,0.681756667,0.479341163,0.501487895,0.798606667,0.795446667,0.773280571,0.6903,0.68304,0.63989,0.701885833,0.744285714,0.601076667,0.707576579,0.411612143,0.627283333,0.714759048,0.77018,0.612702,0.638296667,0.792043214,0.77585,0.791641667,0.462645333,0.516108182,0.4170736,0.37002
685,0.69636,0.72937,0.73667875,0.566585,0.413425714,0.419648,0.4074,0.562568133,0.622678421,0.617417714,0.665967857,0.63996381,0.604315,0.63628,0.711434138,0.647726667,0.71012,0.41627,0.539010303,0.59192,0.526823714,0.569991429,0.68507625,0.332623125,0.786294167,0.789737,0.77658,0.78573,0.63281,0.652737869,0.630109111,0.629231,0.69606,0.520251364,0.457853725,0.525498983,0.653443333,0.580058889,0.676292,0.637811,0.749268333,0.497754884,0.477385789,0.789563333,0.78599,0.749772857,0.7133,0.62321,0.673343333,0.684571667,0.675848571,0.583223333,0.686969211,0.408368571,0.607576667,0.704126825,0.78868,0.647144,0.65373,0.790913929,0.762256667,0.785556667,0.466832,0.456868182,0.5177872,0.555655
686,0.592686667,0.68523,0.67620375,0.41223,0.39426,0.368542,0.583013333,0.538339733,0.618525263,0.592714857,0.71634,0.709542381,0.714415,0.725,0.691248276,0.621367719,0.695336667,0.459728462,0.519000303,0.63556,0.552294857,0.62575125,0.691596875,0.44910625,0.7901425,0.785619333,0.763487273,0.7829325,0.639546667,0.623331639,0.610915556,0.5595055,0.65282,0.504472727,0.534193333,0.52378322,0.724546667,0.644625556,0.741122,0.658101,0.704475,0.49462,0.506642105,0.789696667,0.790162222,0.732332286,0.65434,0.57811,0.71555,0.7170975,0.613278571,0.61274,0.655572105,0.415950714,0.553944444,0.706792063,0.78951,0.753308,0.620353333,0.794930714,0.772105238,0.789313333,0.401954,0.517635909,0.5138024,0.636411667
687,0.53856,0.54449,0.65127125,0.240375,0.409884286,0.35596,0.677616667,0.471164533,0.53548,0.542655143,0.730363571,0.667552381,0.696125,0.60673,0.650019655,0.625048246,0.713263333,0.473425385,0.528629394,0.44125,0.499127143,0.616858393,0.693069688,0.437856875,0.802045833,0.789103,0.70442,0.77841375,0.682163889,0.636558361,0.623674,0.5587931,0.69644,0.514716364,0.497059608,0.526921525,0.752206667,0.67667,0.748658,0.629699,0.725005,0.454379302,0.477342105,0.794496667,0.78289,0.726783429,0.72248,0.64988,0.689523333,0.695876667,0.433305714,0.635966667,0.660414737,0.357288571,0.514667778,0.726249206,0.83103,0.724554,0.586928333,0.798810714,0.776285238,0.793056667,0.319407333,0.497460909,0.5517664,0.570268333
688,0.590353333,0.31932,0.5905025,0.352505,0.403807143,0.31841,0.424896667,0.334641333,0.453633158,0.404168286,0.561895714,0.554708571,0.55868,0.61895,0.614252069,0.626400526,0.704906667,0.166455385,0.442331212,0.56951,0.483846286,0.594736071,0.694275625,0.35416875,0.7910625,0.778806667,0.665873636,0.773216875,0.633088889,0.556984426,0.602063111,0.5784677,0.60019,0.450405455,0.400284118,0.47430339,0.537101667,0.585897778,0.5632,0.488151,0.502231667,0.305225581,0.365614737,0.78468,0.777184444,0.744957714,0.61549,0.50616,0.583956667,0.631789167,0.553595714,0.669166667,0.620999211,0.397734286,0.448063333,0.701257937,0.83202,0.80639,0.612208333,0.785198571,0.754379048,0.777903333,0.301176667,0.51076,0.2273748,0.297713333
689,0.518753333,0.42957,0.4287175,0.183385,0.296485714,0.135144,0.246513333,0.2067288,0.372057368,0.288497143,0.391709286,0.363148571,0.25678,0.402,0.52210069,0.477599649,0.503003333,0.151175385,0.29031303,0.54336,0.373397714,0.512199286,0.601863125,0.2619575,0.735535833,0.738711833,0.707715455,0.739229375,0.589607778,0.50181623,0.480918889,0.4957472,0.47515,0.337703636,0.346292353,0.398060169,0.391796667,0.382151111,0.36042,0.34159,0.363086667,0.23320907,0.206175263,0.722093333,0.657492222,0.693968,0.56144,0.41686,0.389706667,0.419703333,0.520155714,0.663453333,0.611904737,0.356068571,0.335697778,0.646817302,0.75719,0.730562,0.473775,0.715348571,0.665059524,0.691513333,0.255185333,0.414888636,0.2171384,0.412381667
690,0.46929,0.39707,0.0,0.09799,0.171528571,0.118262,0.10598,0.0532892,0.0,3.69e-5,0.007957143,0.00741619,0.00024,0.0,0.390926207,0.336360175,0.30163,0.106786923,0.173164545,0.2815,0.238834,0.287802679,0.307671563,0.04700625,0.546794167,0.583416333,0.585441818,0.596221875,0.385498333,0.419841148,0.28877,0.3545492,0.40165,0.177070455,0.221886471,0.268361186,0.0,0.0,0.0001,0.0,0.000141667,0.095429302,0.077097895,0.52036,0.465568889,0.463459143,0.0,0.0,0.0,0.0,0.478557143,0.36277,0.477185526,0.223425714,0.193643333,0.441990635,0.51453,0.311482,0.0,0.5001475,0.379925238,0.312705,0.154592667,0.226300455,0.15531,0.28453
691,0.481543333,0.54516,0.0,0.00668,0.051272857,0.050904,0.0,0.0,0.0,0.0,0.0,0.0,0.0,0.0,0.0,0.0,0.0,0.0,0.0,0.0,0.0,0.0,0.0,0.0,0.0,0.0,2.36e-5,3.38e-5,2.78e-6,3.39e-5,8.22e-6,0.1655944,0.00048,0.0,0.011525882,0.009032542,0.0,0.0,0.0,0.0,0.0,0.0,0.0,0.0,0.0,0.0,0.0,0.0,0.0,0.0,0.290942857,0.18159,0.306006316,0.201952857,0.0,0.0,0.0,0.0,0.0,0.0,0.0,0.0,0.0,0.0,0.0,0.0
692,0.0,0.0,0.0,0.0,0.0,0.0,0.0,0.0,0.0,0.0,0.0,0.0,0.0,0.0,0.0,0.0,0.0,0.0,0.0,0.0,0.0,0.0,0.0,0.0,0.0,0.0,0.0,0.0,0.0,0.0,0.0,0.0,0.0,0.0,0.0,0.0,0.0,0.0,0.0,0.0,0.0,0.0,0.0,0.0,0.0,0.0,0.0,0.0,0.0,0.0,0.0,0.0,0.0,0.0,0.0,0.0,0.0,0.0,0.0,0.0,0.0,0.0,0.0,0.0,0.0,0.0
693,0.0,0.0,0.0,0.0,0.0,0.0,0.0,0.0,0.0,0.0,0.0,0.0,0.0,0.0,0.0,0.0,0.0,0.0,0.0,0.0,0.0,0.0,0.0,0.0,0.0,0.0,0.0,0.0,0.0,0.0,0.0,0.0,0.0,0.0,0.0,0.0,0.0,0.0,0.0,0.0,0.0,0.0,0.0,0.0,0.0,0.0,0.0,0.0,0.0,0.0,0.0,0.0,0.0,0.0,0.0,0.0,0.0,0.0,0.0,0.0,0.0,0.0,0.0,0.0,0.0,0.0
694,0.0,0.0,0.0,0.0,0.0,0.0,0.0,0.0,0.0,0.0,0.0,0.0,0.0,0.0,0.0,0.0,0.0,0.0,0.0,0.0,0.0,0.0,0.0,0.0,0.0,0.0,0.0,0.0,0.0,0.0,0.0,0.0,0.0,0.0,0.0,0.0,0.0,0.0,0.0,0.0,0.0,0.0,0.0,0.0,0.0,0.0,0.0,0.0,0.0,0.0,0.0,0.0,0.0,0.0,0.0,0.0,0.0,0.0,0.0,0.0,0.0,0.0,0.0,0.0,0.0,0.0
695,0.0,0.0,0.0,0.0,0.0,0.0,0.0,0.0,0.0,0.0,0.0,0.0,0.0,0.0,0.0,0.0,0.0,0.0,0.0,0.0,0.0,0.0,0.0,0.0,0.0,0.0,0.0,0.0,0.0,0.0,0.0,0.0,0.0,0.0,0.0,0.0,0.0,0.0,0.0,0.0,0.0,0.0,0.0,0.0,0.0,0.0,0.0,0.0,0.0,0.0,0.0,0.0,0.0,0.0,0.0,0.0,0.0,0.0,0.0,0.0,0.0,0.0,0.0,0.0,0.0,0.0
696,0.0,0.0,0.0,0.0,0.0,0.0,0.0,0.0,0.0,0.0,0.0,0.0,0.0,0.0,0.0,0.0,0.0,0.0,0.0,0.0,0.0,0.0,0.0,0.0,0.0,0.0,0.0,0.0,0.0,0.0,0.0,0.0,0.0,0.0,0.0,0.0,0.0,0.0,0.0,0.0,0.0,0.0,0.0,0.0,0.0,0.0,0.0,0.0,0.0,0.0,0.0,0.0,0.0,0.0,0.0,0.0,0.0,0.0,0.0,0.0,0.0,0.0,0.0,0.0,0.0,0.0
697,0.0,0.0,0.0,0.0,0.0,0.0,0.0,0.0,0.0,0.0,0.0,0.0,0.0,0.0,0.0,0.0,0.0,0.0,0.0,0.0,0.0,0.0,0.0,0.0,0.0,0.0,0.0,0.0,0.0,0.0,0.0,0.0,0.0,0.0,0.0,0.0,0.0,0.0,0.0,0.0,0.0,0.0,0.0,0.0,0.0,0.0,0.0,0.0,0.0,0.0,0.0,0.0,0.0,0.0,0.0,0.0,0.0,0.0,0.0,0.0,0.0,0.0,0.0,0.0,0.0,0.0
698,0.0,0.0,0.0,0.0,0.0,0.0,0.0,0.0,0.0,0.0,0.0,0.0,0.0,0.0,0.0,0.0,0.0,0.0,0.0,0.0,0.0,0.0,0.0,0.0,0.0,0.0,0.0,0.0,0.0,0.0,0.0,0.0,0.0,0.0,0.0,0.0,0.0,0.0,0.0,0.0,0.0,0.0,0.0,0.0,0.0,0.0,0.0,0.0,0.0,0.0,0.0,0.0,0.0,0.0,0.0,0.0,0.0,0.0,0.0,0.0,0.0,0.0,0.0,0.0,0.0,0.0
699,0.0,0.0,0.0,0.0,0.0,0.0,0.0,0.0,0.0,0.0,0.0,0.0,0.0,0.0,0.0,0.0,0.0,0.0,0.0,0.0,0.0,0.0,0.0,0.0,0.0,0.0,0.0,0.0,0.0,0.0,0.0,0.0,0.0,0.0,0.0,0.0,0.0,0.0,0.0,0.0,0.0,0.0,0.0,0.0,0.0,0.0,0.0,0.0,0.0,0.0,0.0,0.0,0.0,0.0,0.0,0.0,0.0,0.0,0.0,0.0,0.0,0.0,0.0,0.0,0.0,0.0
700,0.0,0.0,0.0,0.0,0.0,0.0,0.0,0.0,0.0,0.0,0.0,0.0,0.0,0.0,0.0,0.0,0.0,0.0,0.0,0.0,0.0,0.0,0.0,0.0,0.0,0.0,0.0,0.0,0.0,0.0,0.0,0.0,0.0,0.0,0.0,0.0,0.0,0.0,0.0,0.0,0.0,0.0,0.0,0.0,0.0,0.0,0.0,0.0,0.0,0.0,0.0,0.0,0.0,0.0,0.0,0.0,0.0,0.0,0.0,0.0,0.0,0.0,0.0,0.0,0.0,0.0
701,0.0,0.0,0.0,0.0,0.0,0.0,0.0,0.0,0.0,0.0,0.0,0.0,0.0,0.0,0.0,0.0,0.0,0.0,0.0,0.0,0.0,0.0,0.0,0.0,0.0,0.0,0.0,0.0,0.0,0.0,0.0,0.0,0.0,0.0,0.0,0.0,0.0,0.0,0.0,0.0,0.0,0.0,0.0,0.0,0.0,0.0,0.0,0.0,0.0,0.0,0.0,0.0,0.0,0.0,0.0,0.0,0.0,0.0,0.0,0.0,0.0,0.0,0.0,0.0,0.0,0.0
702,0.0,0.0,0.0,0.0,0.0,0.0,0.0,0.0,0.0,0.0,0.0,0.0,0.0,0.0,0.0,0.0,0.0,0.0,0.0,0.0,0.0,0.0,0.0,0.0,0.0,0.0,0.0,0.0,0.0,0.0,0.0,0.0,0.0,0.0,0.0,0.0,0.0,2.22e-6,0.0,0.0,0.0,0.0,0.0,0.0,0.0,0.0,0.0,0.0,0.0,0.0,0.0,0.0,0.0,0.0,0.0,0.0,0.0,0.0,0.0,0.0,0.0,0.0,0.0,0.0,0.0,0.0
703,0.0,0.0,0.5550275,0.0,0.0,0.0,0.00055,0.0556568,0.250535789,0.083489714,0.319660714,0.32853381,0.307335,0.13438,0.004835517,0.00259807,0.0,0.061179231,0.119066364,0.00891,0.031429714,0.125345893,0.252275,0.05438875,0.0,0.0,0.0,0.0,0.0,0.0,0.0,0.0,0.0,0.032541364,5.0e-5,0.007756271,0.399803333,0.360055556,0.299152,0.467306,0.161738333,0.101683953,0.125286316,0.0,0.0,0.0,0.36988,0.00134,0.351903333,0.390573333,0.0,0.0,0.0,0.0,0.0,0.0,0.0,0.0,0.553255,8.21e-6,1.43e-5,0.013833333,0.077919333,0.001610909,0.1242024,0.019421667
704,0.0,0.0,0.72471125,0.07724,0.066825714,0.022838,0.337153333,0.2083176,0.392590526,0.231424286,0.55742,0.560051905,0.62567,0.22731,0.526258621,0.560004211,0.356206667,0.161188462,0.240145455,0.02515,0.072789714,0.452280893,0.64853625,0.193604375,0.622621667,0.588433167,0.550435455,0.51918125,0.454499444,0.471946393,0.342394667,0.2311024,0.04952,0.137967273,0.20222451,0.09374678,0.680686667,0.515932222,0.501204,0.712411,0.257928333,0.163983953,0.297082105,0.599463333,0.291836667,0.561905429,0.49445,0.18849,0.673836667,0.57691,0.001461429,0.00014,0.186343684,0.205938571,0.35104,0.483917937,0.01213,0.514594,0.723753333,0.641771071,0.55657619,0.539225,0.15259,0.157840909,0.3453476,0.080433333
705,0.46725,0.35505,0.7909825,0.20232,0.123464286,0.060742,0.383556667,0.3278012,0.498801579,0.335927143,0.676795714,0.694402857,0.716115,0.453,0.649625172,0.704137018,0.549736667,0.197771538,0.359310606,0.10622,0.225048286,0.583609107,0.76249875,0.37844375,0.77614,0.767067167,0.745319091,0.74672875,0.616682778,0.69419082,0.497716222,0.3853651,0.0694,0.307479091,0.315731765,0.185145932,0.73652,0.651536667,0.611378,0.780575,0.383561667,0.247277674,0.441565263,0.766693333,0.423348889,0.773180286,0.71146,0.32572,0.744546667,0.624175833,0.043701429,0.60855,0.364270526,0.376287857,0.484012222,0.699895714,0.57042,0.80161,0.782585,0.77744,0.728788095,0.695855,0.220469333,0.231739091,0.313064,0.101585
706,0.664566667,0.61135,0.81455,0.34528,0.231927143,0.129074,0.296583333,0.392047333,0.527066316,0.442335429,0.705167857,0.697917143,0.729225,0.54455,0.713552069,0.780938596,0.687333333,0.275883846,0.46345303,0.17458,0.319186,0.649327857,0.806709688,0.43918,0.819075,0.817836333,0.807184545,0.807218125,0.718555556,0.776268361,0.648161778,0.5289872,0.11339,0.441852273,0.386794902,0.279975424,0.788426667,0.75416,0.659048,0.805593,0.501365,0.309153721,0.533607895,0.81144,0.637678889,0.812463429,0.74411,0.43842,0.782113333,0.702999167,0.140462857,0.745156667,0.497419211,0.475851429,0.589335556,0.754680159,0.70444,0.833424,0.788001667,0.813080714,0.778984286,0.75227,0.281425333,0.321055455,0.3174156,0.226223333
707,0.774796667,0.75462,0.7850825,0.33706,0.321418571,0.199866,0.25653,0.4236328,0.577463684,0.479344571,0.700665714,0.715961905,0.731625,0.68292,0.74406069,0.776855789,0.664236667,0.338556923,0.514756667,0.41342,0.405726571,0.682203929,0.794857188,0.52570875,0.820560833,0.822111667,0.817280909,0.812823125,0.760365556,0.794332295,0.650596222,0.6026741,0.16372,0.500791818,0.389711765,0.324454915,0.785943333,0.794613333,0.61718,0.795176,0.473553333,0.345783256,0.551968947,0.806736667,0.732767778,0.811887714,0.76108,0.52311,0.7832,0.7361825,0.314025714,0.678133333,0.574221842,0.565626429,0.592712222,0.747850317,0.78818,0.818038,0.780611667,0.808395714,0.78805,0.773846667,0.31931,0.356950455,0.3640816,0.311951667
708,0.708796667,0.71574,0.79501875,0.44438,0.347195714,0.216664,0.584483333,0.422834933,0.567137895,0.530547714,0.731814286,0.72312381,0.74074,0.69919,0.743574138,0.753795614,0.680103333,0.411071538,0.520790303,0.62696,0.452219714,0.670391071,0.774283438,0.5749825,0.805743333,0.806973,0.805658182,0.79827625,0.692716111,0.786709344,0.623257778,0.6204601,0.30972,0.517110455,0.383456667,0.411820678,0.789813333,0.777767778,0.628198,0.779209,0.589065,0.415666047,0.606298947,0.786206667,0.733864444,0.786426286,0.76074,0.55187,0.780706667,0.729383333,0.398704286,0.655263333,0.616973421,0.621389286,0.591351111,0.714677778,0.7803,0.785538,0.759205,0.792167143,0.764300476,0.740985,0.405455333,0.428049091,0.3792736,0.381173333
709,0.745623333,0.76935,0.763995,0.51308,0.44569,0.37718,0.42679,0.4679796,0.528424211,0.530267429,0.670810714,0.709697619,0.73726,0.72131,0.760138276,0.75216386,0.712486667,0.411060769,0.491344545,0.58025,0.478864286,0.703719286,0.76503625,0.651669375,0.793059167,0.792076667,0.792575455,0.785255,0.705631111,0.748831148,0.61832,0.6228982,0.45409,0.439976364,0.472651765,0.39737,0.773118333,0.739046667,0.56389,0.742848,0.559841667,0.467754419,0.572385789,0.769776667,0.740973333,0.768762857,0.73083,0.59474,0.75888,0.710325,0.426991429,0.638503333,0.577188684,0.698406429,0.56004,0.693280159,0.76767,0.763856,0.71962,0.778746429,0.745255238,0.685006667,0.473912,0.559361364,0.369086,0.391518333
710,0.689753333,0.69198,0.7386075,0.355165,0.431795714,0.366248,0.531003333,0.467926933,0.495002105,0.507313429,0.731363571,0.722059524,0.7565,0.58953,0.742791034,0.735036491,0.625146667,0.389355385,0.410320303,0.43763,0.402440571,0.672603393,0.747295938,0.580150625,0.7899775,0.787728333,0.787324545,0.78142125,0.691916111,0.72705623,0.579972667,0.5986901,0.62833,0.412444091,0.438731176,0.429315254,0.768408333,0.77339,0.595212,0.74944,0.578945,0.449154884,0.546575789,0.75865,0.725597778,0.760608,0.74157,0.59079,0.749546667,0.6964725,0.41854,0.698896667,0.539021579,0.598024286,0.524152222,0.687226667,0.76257,0.761602,0.699676667,0.762324643,0.707420952,0.68121,0.506815333,0.514349545,0.3760928,0.312875
711,0.642623333,0.62133,0.7378075,0.45186,0.407591429,0.30015,0.66412,0.383248,0.373523158,0.416450857,0.712072857,0.625188095,0.612105,0.59728,0.771022759,0.719677719,0.653396667,0.335396154,0.459035455,0.33982,0.457256286,0.689105,0.73598375,0.56453,0.7907275,0.790511333,0.789582727,0.78552125,0.699760556,0.701581967,0.514903778,0.5852734,0.48155,0.468703182,0.369715294,0.431872373,0.733605,0.651222222,0.603838,0.722778,0.556258333,0.466291628,0.570284737,0.693976667,0.715401111,0.756332857,0.73536,0.60934,0.687693333,0.541746667,0.48546,0.691636667,0.533392105,0.565236429,0.476081111,0.687484921,0.76115,0.774534,0.670786667,0.753424643,0.661329048,0.639383333,0.413306667,0.450132727,0.3309228,0.34822
712,0.698793333,0.74659,0.6543775,0.463865,0.353828571,0.363314,0.342563333,0.2869188,0.306335789,0.2822,0.641564286,0.527622857,0.482455,0.65258,0.693334483,0.702440526,0.56805,0.424279231,0.424778485,0.50047,0.40689,0.647053571,0.713681563,0.49301125,0.779926667,0.785051,0.784714545,0.78176,0.638116667,0.632164098,0.463398889,0.5288287,0.4471,0.315964545,0.383933725,0.388920339,0.714415,0.571743333,0.511596,0.648498,0.530376667,0.428013488,0.519749474,0.69321,0.725192222,0.748322571,0.66424,0.54453,0.65239,0.443579167,0.280284286,0.5731,0.356765263,0.607385714,0.438042222,0.674745079,0.74288,0.778158,0.540985,0.743433571,0.71142619,0.64045,0.32468,0.417588182,0.378454,0.428215
713,0.603996667,0.62853,0.43978125,0.393755,0.271718571,0.353572,0.30531,0.182988267,0.224217368,0.181966286,0.525717143,0.363032381,0.361435,0.43164,0.597078621,0.611159123,0.495343333,0.352118462,0.332423939,0.51338,0.339122857,0.523369286,0.636493438,0.278989375,0.716431667,0.737181167,0.742524545,0.73977125,0.545367778,0.57872377,0.368501333,0.4584056,0.50482,0.254761818,0.331905686,0.312222373,0.51074,0.314528889,0.457032,0.455869,0.509196667,0.373035814,0.423877895,0.622666667,0.637016667,0.686643714,0.52112,0.40326,0.37226,0.306929167,0.242042857,0.602783333,0.280588684,0.496874286,0.411398889,0.613025397,0.59207,0.719896,0.44001,0.662327143,0.611910476,0.551711667,0.19991,0.25221,0.2622236,0.340286667
714,0.472346667,0.57198,0.0,0.15049,0.152161429,0.206308,0.15812,0.0410348,0.0,1.06e-5,0.011453571,0.012702857,0.000125,0.0,0.437953793,0.367501053,0.273376667,0.157654615,0.121103333,0.21771,0.169146,0.33362125,0.32361375,0.053136875,0.52284,0.578329333,0.603539091,0.596404375,0.423581111,0.407428033,0.198909778,0.2747778,0.25493,0.090318182,0.196561373,0.203744068,0.0,0.0,0.0,0.0,0.0,0.128726279,0.180464737,0.47139,0.435183333,0.452892571,0.0,0.0,0.0,0.0,0.135707143,0.46825,0.147896579,0.451874286,0.275556667,0.429000476,0.4264,0.312212,0.0,0.463105714,0.339074286,0.261658333,0.098774,0.103323636,0.1242656,0.230288333
715,0.330056667,0.46622,0.0,0.04107,0.102728571,0.127806,0.0,0.0,0.0,0.0,0.0,0.0,0.0,0.0,0.0,0.0,0.0,0.0,0.0,0.0,0.0,0.0,0.0,0.0,0.0,0.0,1.82e-6,1.31e-5,0.0,0.00012541,1.13e-5,0.0985616,0.0007,0.0,0.006159216,0.007989322,0.0,0.0,0.0,0.0,0.0,0.0,0.0,0.0,0.0,0.0,0.0,0.0,0.0,0.0,0.086047143,0.214193333,0.059166316,0.250847143,0.0,0.0,0.0,0.0,0.0,0.0,0.0,0.0,0.0,0.0,0.0,0.0
716,0.0,0.0,0.0,0.0,0.0,0.0,0.0,0.0,0.0,0.0,0.0,0.0,0.0,0.0,0.0,0.0,0.0,0.0,0.0,0.0,0.0,0.0,0.0,0.0,0.0,0.0,0.0,0.0,0.0,0.0,0.0,0.0,0.0,0.0,0.0,0.0,0.0,0.0,0.0,0.0,0.0,0.0,0.0,0.0,0.0,0.0,0.0,0.0,0.0,0.0,0.0,0.0,0.0,0.0,0.0,0.0,0.0,0.0,0.0,0.0,0.0,0.0,0.0,0.0,0.0,0.0
717,0.0,0.0,0.0,0.0,0.0,0.0,0.0,0.0,0.0,0.0,0.0,0.0,0.0,0.0,0.0,0.0,0.0,0.0,0.0,0.0,0.0,0.0,0.0,0.0,0.0,0.0,0.0,0.0,0.0,0.0,0.0,0.0,0.0,0.0,0.0,0.0,0.0,0.0,0.0,0.0,0.0,0.0,0.0,0.0,0.0,0.0,0.0,0.0,0.0,0.0,0.0,0.0,0.0,0.0,0.0,0.0,0.0,0.0,0.0,0.0,0.0,0.0,0.0,0.0,0.0,0.0
718,0.0,0.0,0.0,0.0,0.0,0.0,0.0,0.0,0.0,0.0,0.0,0.0,0.0,0.0,0.0,0.0,0.0,0.0,0.0,0.0,0.0,0.0,0.0,0.0,0.0,0.0,0.0,0.0,0.0,0.0,0.0,0.0,0.0,0.0,0.0,0.0,0.0,0.0,0.0,0.0,0.0,0.0,0.0,0.0,0.0,0.0,0.0,0.0,0.0,0.0,0.0,0.0,0.0,0.0,0.0,0.0,0.0,0.0,0.0,0.0,0.0,0.0,0.0,0.0,0.0,0.0
719,0.0,0.0,0.0,0.0,0.0,0.0,0.0,0.0,0.0,0.0,0.0,0.0,0.0,0.0,0.0,0.0,0.0,0.0,0.0,0.0,0.0,0.0,0.0,0.0,0.0,0.0,0.0,0.0,0.0,0.0,0.0,0.0,0.0,0.0,0.0,0.0,0.0,0.0,0.0,0.0,0.0,0.0,0.0,0.0,0.0,0.0,0.0,0.0,0.0,0.0,0.0,0.0,0.0,0.0,0.0,0.0,0.0,0.0,0.0,0.0,0.0,0.0,0.0,0.0,0.0,0.0
720,0.0,0.0,0.0,0.0,0.0,0.0,0.0,0.0,0.0,0.0,0.0,0.0,0.0,0.0,0.0,0.0,0.0,0.0,0.0,0.0,0.0,0.0,0.0,0.0,0.0,0.0,0.0,0.0,0.0,0.0,0.0,0.0,0.0,0.0,0.0,0.0,0.0,0.0,0.0,0.0,0.0,0.0,0.0,0.0,0.0,0.0,0.0,0.0,0.0,0.0,0.0,0.0,0.0,0.0,0.0,0.0,0.0,0.0,0.0,0.0,0.0,0.0,0.0,0.0,0.0,0.0
721,0.0,0.0,0.0,0.0,0.0,0.0,0.0,0.0,0.0,0.0,0.0,0.0,0.0,0.0,0.0,0.0,0.0,0.0,0.0,0.0,0.0,0.0,0.0,0.0,0.0,0.0,0.0,0.0,0.0,0.0,0.0,0.0,0.0,0.0,0.0,0.0,0.0,0.0,0.0,0.0,0.0,0.0,0.0,0.0,0.0,0.0,0.0,0.0,0.0,0.0,0.0,0.0,0.0,0.0,0.0,0.0,0.0,0.0,0.0,0.0,0.0,0.0,0.0,0.0,0.0,0.0
722,0.0,0.0,0.0,0.0,0.0,0.0,0.0,0.0,0.0,0.0,0.0,0.0,0.0,0.0,0.0,0.0,0.0,0.0,0.0,0.0,0.0,0.0,0.0,0.0,0.0,0.0,0.0,0.0,0.0,0.0,0.0,0.0,0.0,0.0,0.0,0.0,0.0,0.0,0.0,0.0,0.0,0.0,0.0,0.0,0.0,0.0,0.0,0.0,0.0,0.0,0.0,0.0,0.0,0.0,0.0,0.0,0.0,0.0,0.0,0.0,0.0,0.0,0.0,0.0,0.0,0.0
723,0.0,0.0,0.0,0.0,0.0,0.0,0.0,0.0,0.0,0.0,0.0,0.0,0.0,0.0,0.0,0.0,0.0,0.0,0.0,0.0,0.0,0.0,0.0,0.0,0.0,0.0,0.0,0.0,0.0,0.0,0.0,0.0,0.0,0.0,0.0,0.0,0.0,0.0,0.0,0.0,0.0,0.0,0.0,0.0,0.0,0.0,0.0,0.0,0.0,0.0,0.0,0.0,0.0,0.0,0.0,0.0,0.0,0.0,0.0,0.0,0.0,0.0,0.0,0.0,0.0,0.0
724,0.0,0.0,0.0,0.0,0.0,0.0,0.0,0.0,0.0,0.0,0.0,0.0,0.0,0.0,0.0,0.0,0.0,0.0,0.0,0.0,0.0,0.0,0.0,0.0,0.0,0.0,0.0,0.0,0.0,0.0,0.0,0.0,0.0,0.0,0.0,0.0,0.0,0.0,0.0,0.0,0.0,0.0,0.0,0.0,0.0,0.0,0.0,0.0,0.0,0.0,0.0,0.0,0.0,0.0,0.0,0.0,0.0,0.0,0.0,0.0,0.0,0.0,0.0,0.0,0.0,0.0
725,0.0,0.0,0.0,0.0,0.0,0.0,0.0,0.0,0.0,0.0,0.0,0.0,0.0,0.0,0.0,0.0,0.0,0.0,0.0,0.0,0.0,0.0,0.0,0.0,0.0,0.0,0.0,0.0,0.0,0.0,0.0,0.0,0.0,0.0,0.0,0.0,0.0,0.0,0.0,0.0,0.0,0.0,0.0,0.0,0.0,0.0,0.0,0.0,0.0,0.0,0.0,0.0,0.0,0.0,0.0,0.0,0.0,0.0,0.0,0.0,0.0,0.0,0.0,0.0,0.0,0.0
726,0.0,0.0,0.0,0.0,0.0,0.0,0.0,0.0,0.0,0.0,0.0,0.0,0.0,0.0,0.0,0.0,0.0,0.0,0.0,0.0,0.0,0.0,0.0,0.0,0.0,0.0,0.0,0.0,0.0,0.0,0.0,0.0,0.0,0.0,0.0,0.0,0.0,1.0e-5,0.0,0.0,0.0,0.0,0.0,0.0,0.0,0.0,0.0,0.0,0.0,1.67e-6,0.0,0.0,0.0,0.0,0.0,0.0,0.0,0.0,0.0,0.0,0.0,0.0,0.0,0.0,0.0,0.0
727,0.0,0.0,0.42802625,0.0,0.0,0.0,0.000376667,0.212541333,0.185756842,0.120388,0.229967143,0.25147619,0.192395,0.47954,0.035302414,0.00027386,0.0,0.112282308,0.109976061,0.05487,0.063228,0.143580536,0.158895625,0.011984375,0.0,0.0,0.0,0.0,0.0,0.0,0.0,0.0,0.0,0.051873636,4.71e-6,0.009408814,0.47045,0.329562222,0.348678,0.368861,0.139123333,0.156025349,0.053659474,0.0,0.0,0.0,0.39957,0.00385,0.340353333,0.401225833,0.0,0.0,0.0,0.0,0.0,0.0,0.0,0.0,0.34761,5.71e-6,1.43e-5,0.037711667,0.113809333,0.011759091,0.0287748,0.001963333
728,0.0,0.0,0.54670625,0.04058,0.153891429,0.00494,0.210103333,0.349068933,0.296855789,0.174231429,0.341682857,0.355209048,0.469155,0.67593,0.597653448,0.540859649,0.418476667,0.239812308,0.234698485,0.19813,0.204061429,0.454988571,0.535129063,0.08196875,0.539646667,0.555588,0.535567273,0.5029225,0.343905556,0.409540984,0.244451778,0.2392266,0.10743,0.114609091,0.096732549,0.081549492,0.598545,0.470233333,0.46366,0.523693,0.235085,0.26455,0.174272105,0.569276667,0.456982222,0.493580571,0.5607,0.65953,0.600706667,0.5909075,0.05039,0.00045,0.158795,0.098228571,0.347607778,0.470483333,0.01171,0.379872,0.575135,0.617498571,0.614212857,0.606858333,0.251976,0.178292273,0.08726,0.051813333
729,0.484516667,0.52977,0.61829,0.071945,0.335814286,0.033374,0.32645,0.479605733,0.464206842,0.29886,0.406692857,0.448723333,0.58384,0.73402,0.746985517,0.698002982,0.589536667,0.421535385,0.355646667,0.32758,0.317642571,0.598020714,0.676232188,0.173120625,0.7108375,0.742849333,0.736884545,0.7297825,0.520508889,0.643623115,0.351711333,0.4789652,0.36953,0.231508182,0.226678824,0.155532373,0.70109,0.599377778,0.61782,0.655353,0.312658333,0.381469767,0.268197368,0.74436,0.674813333,0.713663714,0.69557,0.73116,0.65457,0.591351667,0.261742857,0.659306667,0.428437105,0.260602857,0.505685556,0.694022381,0.5317,0.630014,0.700903333,0.7671575,0.774863333,0.74892,0.47852,0.276196818,0.2709092,0.200471667
730,0.700743333,0.68849,0.71536125,0.265515,0.438775714,0.071468,0.500593333,0.544392267,0.554197368,0.387915714,0.516590714,0.490209048,0.58996,0.78146,0.759254138,0.763307018,0.657223333,0.532846154,0.390698485,0.40412,0.449905714,0.619373214,0.727355313,0.216599375,0.791856667,0.792802,0.7983,0.785823125,0.61478,0.74885082,0.426700444,0.5910485,0.42533,0.35591,0.315754706,0.254597458,0.664401667,0.661882222,0.582296,0.691391,0.458845,0.468645581,0.320767368,0.808596667,0.809548889,0.778219143,0.73496,0.77088,0.679173333,0.65879,0.429077143,0.767516667,0.594673158,0.291147143,0.594971111,0.754396667,0.67592,0.658108,0.729291667,0.821061071,0.814001905,0.804113333,0.47866,0.291790455,0.4295516,0.356391667
731,0.767803333,0.80064,0.77775375,0.278265,0.604581429,0.0948,0.417176667,0.561220133,0.555566316,0.416162857,0.587378571,0.567680476,0.54646,0.78234,0.769594138,0.759343684,0.648863333,0.558510769,0.417940606,0.66215,0.473245714,0.628925714,0.714019375,0.259819375,0.806318333,0.8031105,0.805534545,0.7856525,0.690289444,0.771219672,0.514156,0.6501358,0.47425,0.384615455,0.356421765,0.298960847,0.738805,0.701682222,0.622132,0.756115,0.43776,0.457732558,0.438322632,0.80984,0.812523333,0.772020286,0.69874,0.7518,0.712003333,0.631800833,0.483767143,0.805136667,0.667772105,0.33773,0.688383333,0.761661429,0.7246,0.727056,0.723958333,0.816069643,0.807651429,0.805478333,0.569357333,0.364194091,0.4338084,0.36949
732,0.807223333,0.80013,0.748785,0.42812,0.571494286,0.192546,0.443526667,0.555628533,0.540797368,0.446981714,0.639052143,0.521057619,0.51217,0.76767,0.729702069,0.725137544,0.654223333,0.587364615,0.397875152,0.60827,0.406072286,0.620327321,0.6651575,0.33607375,0.791479167,0.792905,0.790634545,0.7726775,0.678893333,0.755957377,0.522778889,0.6633522,0.62612,0.439772727,0.422479412,0.359071356,0.673193333,0.621145556,0.626392,0.727912,0.439518333,0.418990233,0.48966,0.79339,0.790053333,0.768654571,0.73238,0.74086,0.622566667,0.637316667,0.524151429,0.80865,0.673611579,0.477529286,0.712705556,0.734979206,0.75035,0.756298,0.756205,0.797216786,0.779621905,0.780216667,0.545146667,0.411314091,0.490016,0.405816667
733,0.792133333,0.80941,0.79752125,0.542935,0.548401429,0.274588,0.648243333,0.552068533,0.576335263,0.482371714,0.694731429,0.492597143,0.58815,0.75128,0.726556552,0.722831754,0.70837,0.523409231,0.459173939,0.51946,0.511793429,0.617665357,0.659546563,0.367595,0.7843425,0.773188667,0.773454545,0.760883125,0.656485,0.752056885,0.580077111,0.6589495,0.74736,0.490489545,0.459226275,0.417794068,0.715126667,0.568094444,0.718166,0.754718,0.59076,0.445956744,0.540509474,0.78086,0.772973333,0.752973429,0.63076,0.72683,0.577603333,0.556710833,0.600697143,0.8043,0.686875,0.625117143,0.691495556,0.712976825,0.75246,0.751502,0.762968333,0.779003214,0.757078095,0.756621667,0.497484,0.427995,0.489242,0.470245
734,0.76971,0.75665,0.77921625,0.38797,0.389471429,0.355418,0.45068,0.465227867,0.492847368,0.457415714,0.675152143,0.505783333,0.44872,0.69687,0.690775517,0.710361228,0.669,0.425113846,0.435267879,0.53571,0.377764286,0.622005,0.610001875,0.30287,0.756710833,0.765192833,0.765501818,0.7574,0.622176111,0.724999344,0.538698889,0.6068995,0.66738,0.342475,0.366815686,0.355964407,0.677906667,0.607068889,0.67302,0.701802,0.631433333,0.432777209,0.591711579,0.77442,0.767426667,0.738192857,0.60837,0.63411,0.57561,0.594645833,0.499517143,0.791316667,0.659157368,0.618194286,0.698426667,0.713427937,0.71457,0.75559,0.754551667,0.771146429,0.72609,0.719955,0.392028,0.382394091,0.3691712,0.43025
735,0.7726,0.80864,0.7375575,0.423065,0.340727143,0.443436,0.38448,0.4046848,0.546013158,0.418338286,0.622752143,0.450855238,0.46606,0.6522,0.655885517,0.67212807,0.646756667,0.418760769,0.388499394,0.46276,0.366161714,0.60844875,0.609975,0.3176825,0.756400833,0.763574167,0.766750909,0.758535,0.58959,0.739919344,0.515344889,0.6079423,0.62372,0.289999545,0.389824118,0.36277661,0.586376667,0.505348889,0.595942,0.59574,0.632386667,0.373606512,0.582626316,0.760253333,0.776247778,0.754540571,0.69592,0.52937,0.406713333,0.472173333,0.567068571,0.724216667,0.627456053,0.583427143,0.712205556,0.726282222,0.67496,0.766192,0.743296667,0.752756786,0.646651429,0.66677,0.332932,0.352520909,0.4389452,0.430253333
736,0.648496667,0.76992,0.5701425,0.52473,0.407177143,0.244246,0.480163333,0.363609067,0.450534737,0.382053714,0.473369286,0.314737619,0.170615,0.45056,0.591704138,0.568194211,0.482166667,0.31486,0.384869394,0.5999,0.366924286,0.592323929,0.559589688,0.358458125,0.745728333,0.754821,0.764181818,0.75392875,0.634443333,0.680489016,0.409088222,0.5864799,0.55243,0.335135,0.345693725,0.352891695,0.421826667,0.485497778,0.39525,0.40575,0.401178333,0.300474651,0.474626316,0.761913333,0.7647,0.752338857,0.58314,0.6429,0.407486667,0.444023333,0.568631429,0.42383,0.578733947,0.388142143,0.691625556,0.726027937,0.73503,0.76127,0.60802,0.745756786,0.63441,0.637943333,0.217288667,0.195947273,0.3287968,0.420281667
737,0.54276,0.63525,0.34193875,0.481705,0.334101429,0.188994,0.27309,0.202542533,0.367987895,0.218966286,0.268275,0.188216667,0.108955,0.41851,0.480221034,0.454363509,0.389103333,0.201403077,0.227342424,0.53586,0.29792,0.474924464,0.4488725,0.25118,0.6894175,0.705929,0.723538182,0.7132575,0.487174444,0.591682459,0.328357778,0.5396756,0.41499,0.210428636,0.229276275,0.285754407,0.181248333,0.254027778,0.191124,0.249404,0.205723333,0.192089767,0.308923684,0.70071,0.699301111,0.671888,0.32874,0.2909,0.154693333,0.233890833,0.520141429,0.564023333,0.488452368,0.334104286,0.604616667,0.67866873,0.65994,0.703702,0.465245,0.670863571,0.540295238,0.582573333,0.075729333,0.128359091,0.2588524,0.380701667
738,0.47296,0.71036,0.0,0.237165,0.297822857,0.12611,0.13127,0.042998267,0.0,3.34e-5,2.93e-5,3.62e-5,0.0,0.0,0.28327931,0.24147386,0.2065,0.053375385,0.115352727,0.31996,0.146288286,0.241398393,0.234803438,0.02084625,0.5038025,0.545723,0.587235455,0.574965,0.310565556,0.391085082,0.181538889,0.399101,0.18152,0.131030455,0.104440784,0.183359831,0.0,0.0,4.2e-5,0.0,3.0e-5,0.071098372,0.075427368,0.501103333,0.480853333,0.427910571,0.0,0.0,0.0,0.0,0.431767143,0.352223333,0.354144474,0.192293571,0.328187778,0.463328413,0.43439,0.297392,0.0,0.467406071,0.289383333,0.29625,0.014043333,0.048577727,0.1640064,0.242673333
739,0.407253333,0.57574,0.0,0.167375,0.153755714,0.044102,0.0,0.0,0.0,0.0,0.0,0.0,0.0,0.0,0.0,0.0,0.0,0.0,0.0,0.0,0.0,0.0,0.0,0.0,0.0,0.0,0.0,2.5e-6,0.0,0.00015623,7.33e-6,0.1520197,0.0008,0.0,0.003069608,0.015712712,0.0,0.0,0.0,0.0,0.0,0.0,0.0,0.0,0.0,0.0,0.0,0.0,0.0,0.0,0.25752,0.250193333,0.181245263,0.064337857,0.0,0.0,0.0,0.0,0.0,0.0,0.0,0.0,0.0,0.0,0.0,0.0
740,0.0,0.0,0.0,0.0,0.0,0.0,0.0,0.0,0.0,0.0,0.0,0.0,0.0,0.0,0.0,0.0,0.0,0.0,0.0,0.0,0.0,0.0,0.0,0.0,0.0,0.0,0.0,0.0,0.0,0.0,0.0,0.0,0.0,0.0,0.0,0.0,0.0,0.0,0.0,0.0,0.0,0.0,0.0,0.0,0.0,0.0,0.0,0.0,0.0,0.0,0.0,0.0,0.0,0.0,0.0,0.0,0.0,0.0,0.0,0.0,0.0,0.0,0.0,0.0,0.0,0.0
741,0.0,0.0,0.0,0.0,0.0,0.0,0.0,0.0,0.0,0.0,0.0,0.0,0.0,0.0,0.0,0.0,0.0,0.0,0.0,0.0,0.0,0.0,0.0,0.0,0.0,0.0,0.0,0.0,0.0,0.0,0.0,0.0,0.0,0.0,0.0,0.0,0.0,0.0,0.0,0.0,0.0,0.0,0.0,0.0,0.0,0.0,0.0,0.0,0.0,0.0,0.0,0.0,0.0,0.0,0.0,0.0,0.0,0.0,0.0,0.0,0.0,0.0,0.0,0.0,0.0,0.0
742,0.0,0.0,0.0,0.0,0.0,0.0,0.0,0.0,0.0,0.0,0.0,0.0,0.0,0.0,0.0,0.0,0.0,0.0,0.0,0.0,0.0,0.0,0.0,0.0,0.0,0.0,0.0,0.0,0.0,0.0,0.0,0.0,0.0,0.0,0.0,0.0,0.0,0.0,0.0,0.0,0.0,0.0,0.0,0.0,0.0,0.0,0.0,0.0,0.0,0.0,0.0,0.0,0.0,0.0,0.0,0.0,0.0,0.0,0.0,0.0,0.0,0.0,0.0,0.0,0.0,0.0
743,0.0,0.0,0.0,0.0,0.0,0.0,0.0,0.0,0.0,0.0,0.0,0.0,0.0,0.0,0.0,0.0,0.0,0.0,0.0,0.0,0.0,0.0,0.0,0.0,0.0,0.0,0.0,0.0,0.0,0.0,0.0,0.0,0.0,0.0,0.0,0.0,0.0,0.0,0.0,0.0,0.0,0.0,0.0,0.0,0.0,0.0,0.0,0.0,0.0,0.0,0.0,0.0,0.0,0.0,0.0,0.0,0.0,0.0,0.0,0.0,0.0,0.0,0.0,0.0,0.0,0.0
744,0.0,0.0,0.0,0.0,0.0,0.0,0.0,0.0,0.0,0.0,0.0,0.0,0.0,0.0,0.0,0.0,0.0,0.0,0.0,0.0,0.0,0.0,0.0,0.0,0.0,0.0,0.0,0.0,0.0,0.0,0.0,0.0,0.0,0.0,0.0,0.0,0.0,0.0,0.0,0.0,0.0,0.0,0.0,0.0,0.0,0.0,0.0,0.0,0.0,0.0,0.0,0.0,0.0,0.0,0.0,0.0,0.0,0.0,0.0,0.0,0.0,0.0,0.0,0.0,0.0,0.0
745,0.0,0.0,0.0,0.0,0.0,0.0,0.0,0.0,0.0,0.0,0.0,0.0,0.0,0.0,0.0,0.0,0.0,0.0,0.0,0.0,0.0,0.0,0.0,0.0,0.0,0.0,0.0,0.0,0.0,0.0,0.0,0.0,0.0,0.0,0.0,0.0,0.0,0.0,0.0,0.0,0.0,0.0,0.0,0.0,0.0,0.0,0.0,0.0,0.0,0.0,0.0,0.0,0.0,0.0,0.0,0.0,0.0,0.0,0.0,0.0,0.0,0.0,0.0,0.0,0.0,0.0
746,0.0,0.0,0.0,0.0,0.0,0.0,0.0,0.0,0.0,0.0,0.0,0.0,0.0,0.0,0.0,0.0,0.0,0.0,0.0,0.0,0.0,0.0,0.0,0.0,0.0,0.0,0.0,0.0,0.0,0.0,0.0,0.0,0.0,0.0,0.0,0.0,0.0,0.0,0.0,0.0,0.0,0.0,0.0,0.0,0.0,0.0,0.0,0.0,0.0,0.0,0.0,0.0,0.0,0.0,0.0,0.0,0.0,0.0,0.0,0.0,0.0,0.0,0.0,0.0,0.0,0.0
747,0.0,0.0,0.0,0.0,0.0,0.0,0.0,0.0,0.0,0.0,0.0,0.0,0.0,0.0,0.0,0.0,0.0,0.0,0.0,0.0,0.0,0.0,0.0,0.0,0.0,0.0,0.0,0.0,0.0,0.0,0.0,0.0,0.0,0.0,0.0,0.0,0.0,0.0,0.0,0.0,0.0,0.0,0.0,0.0,0.0,0.0,0.0,0.0,0.0,0.0,0.0,0.0,0.0,0.0,0.0,0.0,0.0,0.0,0.0,0.0,0.0,0.0,0.0,0.0,0.0,0.0
748,0.0,0.0,0.0,0.0,0.0,0.0,0.0,0.0,0.0,0.0,0.0,0.0,0.0,0.0,0.0,0.0,0.0,0.0,0.0,0.0,0.0,0.0,0.0,0.0,0.0,0.0,0.0,0.0,0.0,0.0,0.0,0.0,0.0,0.0,0.0,0.0,0.0,0.0,0.0,0.0,0.0,0.0,0.0,0.0,0.0,0.0,0.0,0.0,0.0,0.0,0.0,0.0,0.0,0.0,0.0,0.0,0.0,0.0,0.0,0.0,0.0,0.0,0.0,0.0,0.0,0.0
749,0.0,0.0,0.0,0.0,0.0,0.0,0.0,0.0,0.0,0.0,0.0,0.0,0.0,0.0,0.0,0.0,0.0,0.0,0.0,0.0,0.0,0.0,0.0,0.0,0.0,0.0,0.0,0.0,0.0,0.0,0.0,0.0,0.0,0.0,0.0,0.0,0.0,0.0,0.0,0.0,0.0,0.0,0.0,0.0,0.0,0.0,0.0,0.0,0.0,0.0,0.0,0.0,0.0,0.0,0.0,0.0,0.0,0.0,0.0,0.0,0.0,0.0,0.0,0.0,0.0,0.0
750,0.0,0.0,0.0,0.0,0.0,0.0,0.0,0.0,0.0,0.0,0.0,0.0,0.0,0.0,0.0,0.0,0.0,0.0,0.0,0.0,0.0,0.0,0.0,0.0,0.0,0.0,0.0,0.0,0.0,0.0,0.0,0.0,0.0,0.0,0.0,0.0,0.0,0.0,0.0,0.0,0.0,0.0,0.0,0.0,0.0,0.0,0.0,0.0,0.0,4.25e-5,0.0,0.0,0.0,0.0,0.0,0.0,0.0,0.0,0.0,0.0,0.0,0.0,0.0,0.0,0.0,0.0
751,0.0,0.0,0.274445,0.0,0.0,0.0,4.33e-5,0.110411067,0.254079474,0.089011429,0.024678571,0.187459048,0.191315,0.30004,0.031438621,0.000170702,0.0,0.034107692,0.04336303,0.00029,0.013274857,0.132716071,0.069555625,0.097645625,0.0,0.0,0.0,0.0,0.0,0.0,0.0,0.0,0.0,0.006896818,0.000484902,0.00216,0.20686,0.328025556,0.149642,0.215329,0.023085,0.04466093,0.076753158,0.0,0.0,0.0,0.14331,0.00299,0.234716667,0.365061667,0.0,0.0,0.0,0.0,0.0,0.0,0.0,0.0,0.330435,6.79e-6,1.19e-5,0.049336667,0.115368667,0.014930909,0.038138,0.005983333
752,0.0,0.0,0.4359525,0.030465,0.069237143,0.152336,0.23763,0.246885867,0.407696842,0.255383429,0.076419286,0.288655238,0.31081,0.54125,0.558533793,0.410575614,0.335276667,0.114291538,0.113898182,0.02073,0.046091714,0.458604286,0.417308438,0.22775625,0.6224225,0.561753667,0.507677273,0.500324375,0.344200556,0.464538852,0.210638222,0.3292261,0.11184,0.029659091,0.285365294,0.10982661,0.37707,0.447884444,0.302006,0.452517,0.085165,0.166733256,0.159451579,0.592096667,0.297098889,0.516452286,0.20307,0.45472,0.444683333,0.5609575,0.171402857,0.000633333,0.282315263,0.127176429,0.429646667,0.444433651,0.01606,0.388014,0.496795,0.614941429,0.526792381,0.427376667,0.346676667,0.479474091,0.2340596,0.071351667
753,0.462836667,0.50806,0.57083,0.20535,0.13655,0.291798,0.34976,0.4016192,0.575716842,0.369980571,0.236913571,0.481129048,0.528815,0.62017,0.70872069,0.614082456,0.53891,0.212067692,0.24607,0.05309,0.124496286,0.608897143,0.604237188,0.35145375,0.775298333,0.746872667,0.70548,0.726286875,0.525528889,0.68841082,0.414612,0.5702111,0.41778,0.065921364,0.471609412,0.19320678,0.547753333,0.578672222,0.505474,0.580665,0.230608333,0.269697674,0.261849474,0.761946667,0.536988889,0.724157714,0.56783,0.69778,0.58887,0.671950833,0.444748571,0.639536667,0.582586053,0.30036,0.611148889,0.662466825,0.46596,0.629806,0.611195,0.765981786,0.670818571,0.590553333,0.521525333,0.604244545,0.3775376,0.099808333
754,0.637953333,0.72699,0.58989375,0.29853,0.248234286,0.364158,0.499323333,0.460052667,0.632475263,0.454170571,0.390137143,0.554725238,0.55401,0.62032,0.727571724,0.686324737,0.557353333,0.311258462,0.301834848,0.12016,0.207479714,0.636167143,0.700606875,0.32830625,0.8129825,0.799419833,0.777374545,0.78237125,0.652422778,0.767095082,0.542368,0.6805077,0.63121,0.085729545,0.525267255,0.309939322,0.574936667,0.674412222,0.582226,0.638069,0.520216667,0.410465814,0.372108947,0.80706,0.744358889,0.783689714,0.68339,0.69247,0.665156667,0.6719125,0.526192857,0.75746,0.684416053,0.454160714,0.700842222,0.730754444,0.63329,0.707,0.643253333,0.805326429,0.775015714,0.72478,0.508095333,0.618088182,0.3779664,0.20538
755,0.740643333,0.80463,0.64053875,0.390175,0.346411429,0.453706,0.61873,0.518223867,0.685860526,0.493545143,0.480795,0.613304762,0.46633,0.70109,0.757407241,0.68001807,0.55818,0.426812308,0.394118788,0.27554,0.301786286,0.656320357,0.665395,0.393124375,0.8096775,0.804935833,0.792301818,0.787085,0.700678333,0.790296066,0.556838,0.7340481,0.52014,0.14169,0.546242157,0.337289831,0.695878333,0.659607778,0.67285,0.711386,0.592815,0.495033023,0.484672632,0.803146667,0.776414444,0.781400286,0.61069,0.67771,0.653556667,0.693733333,0.559101429,0.770916667,0.734761053,0.483216429,0.727435556,0.738814921,0.75225,0.75394,0.683363333,0.796076071,0.77507,0.755636667,0.517634667,0.656334091,0.3916092,0.221743333
756,0.79786,0.82295,0.5879775,0.608865,0.37469,0.474396,0.64277,0.543474667,0.656915789,0.519845429,0.462252143,0.636556667,0.49441,0.63175,0.719607241,0.684362456,0.64695,0.456961538,0.354971818,0.24689,0.292974,0.627726786,0.653568125,0.392005625,0.792261667,0.792106833,0.782418182,0.775110625,0.711793333,0.79102,0.563027556,0.6856061,0.56601,0.189115909,0.525831569,0.374228983,0.624308333,0.691191111,0.64162,0.664585,0.60333,0.499754884,0.440070526,0.783843333,0.771052222,0.763153429,0.70697,0.60401,0.67266,0.733779167,0.51342,0.792693333,0.741334211,0.517545,0.702471111,0.71434381,0.74123,0.730688,0.62829,0.772369643,0.752375714,0.73569,0.543999333,0.595714091,0.4292104,0.256695
757,0.79352,0.82388,0.63448125,0.56956,0.423238571,0.526474,0.693903333,0.5447768,0.679237895,0.533286571,0.542953571,0.602523333,0.590785,0.69237,0.734204138,0.651161579,0.528576667,0.453020769,0.309185758,0.55016,0.356819714,0.612362143,0.639792813,0.393658125,0.7746775,0.777327833,0.767670909,0.763679375,0.729719444,0.779332787,0.532347778,0.6371349,0.73318,0.177360909,0.534467059,0.388402542,0.57523,0.688817778,0.690638,0.66368,0.598463333,0.477749535,0.40069,0.765603333,0.761047778,0.749644857,0.67641,0.4962,0.593583333,0.692649167,0.456344286,0.792393333,0.695197105,0.574284286,0.687113333,0.69661381,0.73201,0.723864,0.598655,0.739392857,0.734654762,0.702865,0.468115333,0.511608636,0.482932,0.308378333
758,0.746916667,0.82373,0.59915,0.50438,0.476514286,0.54663,0.612123333,0.545338533,0.632234737,0.542067143,0.566307857,0.68690619,0.550055,0.52644,0.683124138,0.626615439,0.60038,0.523813077,0.395342121,0.3272,0.387608571,0.631564643,0.622952188,0.40784875,0.763231667,0.767494833,0.754458182,0.75589375,0.717690556,0.77572,0.526109111,0.637412,0.78851,0.217030455,0.514295098,0.378311864,0.647905,0.67808,0.622084,0.647847,0.633558333,0.469013256,0.407811053,0.741813333,0.758573333,0.744481429,0.68832,0.58159,0.688866667,0.704205833,0.415625714,0.738376667,0.636933158,0.60993,0.694013333,0.697175397,0.73945,0.729506,0.601096667,0.726170714,0.721585714,0.701731667,0.523791333,0.52845,0.4934936,0.307801667
759,0.68816,0.78873,0.49967125,0.41006,0.457005714,0.4333,0.530996667,0.438463867,0.633257368,0.483536,0.578077143,0.562029524,0.48403,0.50547,0.659104828,0.607112982,0.589916667,0.446393846,0.350545152,0.33116,0.337399429,0.593824643,0.608636875,0.391601875,0.761843333,0.767499667,0.750201818,0.745149375,0.715678333,0.744114918,0.443389111,0.6152977,0.61781,0.206847273,0.451972549,0.347755424,0.566776667,0.550598889,0.596136,0.600583,0.64363,0.41730907,0.443014211,0.75693,0.769486667,0.747414286,0.6677,0.549,0.570143333,0.5736025,0.403132857,0.759013333,0.605270526,0.634862143,0.711444444,0.712810635,0.75257,0.74611,0.452056667,0.697178571,0.686062381,0.672183333,0.461835333,0.466665909,0.463296,0.301106667
760,0.550683333,0.69999,0.33008,0.389925,0.408588571,0.499304,0.151476667,0.280798533,0.442140526,0.30864,0.426387143,0.418065714,0.34795,0.43507,0.622486552,0.484737018,0.518883333,0.233031538,0.295756364,0.34928,0.277347429,0.493430893,0.473648125,0.166683125,0.751015,0.7630215,0.748989091,0.74305,0.648356111,0.706014426,0.40523,0.5910899,0.59635,0.173867273,0.387251373,0.319142203,0.365816667,0.2448,0.438914,0.296885,0.524125,0.147391163,0.292505789,0.7445,0.759046667,0.744521714,0.58096,0.35716,0.43099,0.4141,0.346431429,0.62528,0.477290789,0.60166,0.712608889,0.719910476,0.74969,0.742198,0.404578333,0.663006786,0.648629524,0.632748333,0.407676,0.438457727,0.425926,0.343006667
761,0.608443333,0.72736,0.22924625,0.348755,0.376822857,0.4227,0.110273333,0.162910533,0.237711579,0.139946286,0.319667857,0.298527143,0.16763,0.29937,0.522248966,0.385135263,0.45328,0.159156923,0.179746667,0.19808,0.169982286,0.368620536,0.36376875,0.119094375,0.698306667,0.717374667,0.711308182,0.704565625,0.543903333,0.644410492,0.292173778,0.5357867,0.46791,0.127608182,0.244543529,0.266799831,0.239933333,0.123984444,0.312256,0.230299,0.361713333,0.065876279,0.120747895,0.688636667,0.690001111,0.667776286,0.37727,0.29042,0.255353333,0.310821667,0.293354286,0.517996667,0.410222632,0.575460714,0.647434444,0.669366508,0.6764,0.67544,0.278001667,0.599676429,0.554392857,0.526275,0.294808667,0.331795,0.29655,0.253848333
762,0.40745,0.56762,0.0,0.308705,0.289251429,0.258124,0.01725,0.048431067,0.0,0.0,4.21e-5,0.000621905,0.0,0.0,0.339373448,0.228822807,0.27396,0.070925385,0.071962121,0.16989,0.079216857,0.214853214,0.178432813,0.01258625,0.509274167,0.5558135,0.575919091,0.56212375,0.387257778,0.496974426,0.181618,0.3527094,0.29746,0.035048636,0.153335686,0.162404407,0.0,0.0,3.2e-5,0.0,8.0e-5,0.012373721,0.046693158,0.489613333,0.467144444,0.415680571,0.0,0.0,0.0,0.0,0.14163,0.49228,0.217913684,0.427785,0.385351111,0.45416381,0.43743,0.288184,0.0,0.420796786,0.280431905,0.284643333,0.151086,0.164285455,0.1924856,0.092451667
763,0.377446667,0.51975,0.0,0.208435,0.136795714,0.154126,0.0,0.0,0.0,0.0,0.0,0.0,0.0,0.0,0.0,0.0,0.0,0.0,0.0,0.0,0.0,0.0,0.0,0.0,0.0,0.0,0.0,0.0,0.0,1.98e-5,4.89e-6,0.1277182,0.0,0.0,0.006340196,0.015897458,0.0,0.0,0.0,0.0,0.0,0.0,0.0,0.0,0.0,0.0,0.0,0.0,0.0,0.0,0.0699,0.25554,0.128521053,0.205317857,0.0,0.0,0.0,0.0,0.0,0.0,0.0,0.0,0.0,0.0,0.0,0.0
764,0.0,0.0,0.0,0.0,0.0,0.0,0.0,0.0,0.0,0.0,0.0,0.0,0.0,0.0,0.0,0.0,0.0,0.0,0.0,0.0,0.0,0.0,0.0,0.0,0.0,0.0,0.0,0.0,0.0,0.0,0.0,0.0,0.0,0.0,0.0,0.0,0.0,0.0,0.0,0.0,0.0,0.0,0.0,0.0,0.0,0.0,0.0,0.0,0.0,0.0,0.0,0.0,0.0,0.0,0.0,0.0,0.0,0.0,0.0,0.0,0.0,0.0,0.0,0.0,0.0,0.0
765,0.0,0.0,0.0,0.0,0.0,0.0,0.0,0.0,0.0,0.0,0.0,0.0,0.0,0.0,0.0,0.0,0.0,0.0,0.0,0.0,0.0,0.0,0.0,0.0,0.0,0.0,0.0,0.0,0.0,0.0,0.0,0.0,0.0,0.0,0.0,0.0,0.0,0.0,0.0,0.0,0.0,0.0,0.0,0.0,0.0,0.0,0.0,0.0,0.0,0.0,0.0,0.0,0.0,0.0,0.0,0.0,0.0,0.0,0.0,0.0,0.0,0.0,0.0,0.0,0.0,0.0
766,0.0,0.0,0.0,0.0,0.0,0.0,0.0,0.0,0.0,0.0,0.0,0.0,0.0,0.0,0.0,0.0,0.0,0.0,0.0,0.0,0.0,0.0,0.0,0.0,0.0,0.0,0.0,0.0,0.0,0.0,0.0,0.0,0.0,0.0,0.0,0.0,0.0,0.0,0.0,0.0,0.0,0.0,0.0,0.0,0.0,0.0,0.0,0.0,0.0,0.0,0.0,0.0,0.0,0.0,0.0,0.0,0.0,0.0,0.0,0.0,0.0,0.0,0.0,0.0,0.0,0.0
767,0.0,0.0,0.0,0.0,0.0,0.0,0.0,0.0,0.0,0.0,0.0,0.0,0.0,0.0,0.0,0.0,0.0,0.0,0.0,0.0,0.0,0.0,0.0,0.0,0.0,0.0,0.0,0.0,0.0,0.0,0.0,0.0,0.0,0.0,0.0,0.0,0.0,0.0,0.0,0.0,0.0,0.0,0.0,0.0,0.0,0.0,0.0,0.0,0.0,0.0,0.0,0.0,0.0,0.0,0.0,0.0,0.0,0.0,0.0,0.0,0.0,0.0,0.0,0.0,0.0,0.0
768,0.0,0.0,0.0,0.0,0.0,0.0,0.0,0.0,0.0,0.0,0.0,0.0,0.0,0.0,0.0,0.0,0.0,0.0,0.0,0.0,0.0,0.0,0.0,0.0,0.0,0.0,0.0,0.0,0.0,0.0,0.0,0.0,0.0,0.0,0.0,0.0,0.0,0.0,0.0,0.0,0.0,0.0,0.0,0.0,0.0,0.0,0.0,0.0,0.0,0.0,0.0,0.0,0.0,0.0,0.0,0.0,0.0,0.0,0.0,0.0,0.0,0.0,0.0,0.0,0.0,0.0
769,0.0,0.0,0.0,0.0,0.0,0.0,0.0,0.0,0.0,0.0,0.0,0.0,0.0,0.0,0.0,0.0,0.0,0.0,0.0,0.0,0.0,0.0,0.0,0.0,0.0,0.0,0.0,0.0,0.0,0.0,0.0,0.0,0.0,0.0,0.0,0.0,0.0,0.0,0.0,0.0,0.0,0.0,0.0,0.0,0.0,0.0,0.0,0.0,0.0,0.0,0.0,0.0,0.0,0.0,0.0,0.0,0.0,0.0,0.0,0.0,0.0,0.0,0.0,0.0,0.0,0.0
770,0.0,0.0,0.0,0.0,0.0,0.0,0.0,0.0,0.0,0.0,0.0,0.0,0.0,0.0,0.0,0.0,0.0,0.0,0.0,0.0,0.0,0.0,0.0,0.0,0.0,0.0,0.0,0.0,0.0,0.0,0.0,0.0,0.0,0.0,0.0,0.0,0.0,0.0,0.0,0.0,0.0,0.0,0.0,0.0,0.0,0.0,0.0,0.0,0.0,0.0,0.0,0.0,0.0,0.0,0.0,0.0,0.0,0.0,0.0,0.0,0.0,0.0,0.0,0.0,0.0,0.0
771,0.0,0.0,0.0,0.0,0.0,0.0,0.0,0.0,0.0,0.0,0.0,0.0,0.0,0.0,0.0,0.0,0.0,0.0,0.0,0.0,0.0,0.0,0.0,0.0,0.0,0.0,0.0,0.0,0.0,0.0,0.0,0.0,0.0,0.0,0.0,0.0,0.0,0.0,0.0,0.0,0.0,0.0,0.0,0.0,0.0,0.0,0.0,0.0,0.0,0.0,0.0,0.0,0.0,0.0,0.0,0.0,0.0,0.0,0.0,0.0,0.0,0.0,0.0,0.0,0.0,0.0
772,0.0,0.0,0.0,0.0,0.0,0.0,0.0,0.0,0.0,0.0,0.0,0.0,0.0,0.0,0.0,0.0,0.0,0.0,0.0,0.0,0.0,0.0,0.0,0.0,0.0,0.0,0.0,0.0,0.0,0.0,0.0,0.0,0.0,0.0,0.0,0.0,0.0,0.0,0.0,0.0,0.0,0.0,0.0,0.0,0.0,0.0,0.0,0.0,0.0,0.0,0.0,0.0,0.0,0.0,0.0,0.0,0.0,0.0,0.0,0.0,0.0,0.0,0.0,0.0,0.0,0.0
773,0.0,0.0,0.0,0.0,0.0,0.0,0.0,0.0,0.0,0.0,0.0,0.0,0.0,0.0,0.0,0.0,0.0,0.0,0.0,0.0,0.0,0.0,0.0,0.0,0.0,0.0,0.0,0.0,0.0,0.0,0.0,0.0,0.0,0.0,0.0,0.0,0.0,0.0,0.0,0.0,0.0,0.0,0.0,0.0,0.0,0.0,0.0,0.0,0.0,0.0,0.0,0.0,0.0,0.0,0.0,0.0,0.0,0.0,0.0,0.0,0.0,0.0,0.0,0.0,0.0,0.0
774,0.0,0.0,0.0,0.0,0.0,0.0,0.0,0.0,0.0,0.0,0.0,0.0,0.0,0.0,0.0,0.0,0.0,0.0,0.0,0.0,0.0,0.0,0.0,0.0,0.0,0.0,0.0,0.0,0.0,0.0,0.0,0.0,0.0,0.0,0.0,0.0,0.0,0.0,0.0,0.0,0.0,0.0,0.0,0.0,0.0,0.0,0.0,0.0,0.0,0.000225,0.0,0.0,0.0,0.0,0.0,0.0,0.0,0.0,0.0,0.0,0.0,0.0,0.0,0.0,0.0,0.0
775,0.0,0.0,0.3413225,0.0,0.0,0.0,0.000496667,0.212137867,0.157352105,0.178470286,0.072136429,0.023359524,0.03836,0.42125,0.041239655,3.81e-5,0.0,0.214413077,0.092488485,0.25598,0.098434286,0.241676607,0.171510625,0.092565625,0.0,0.0,0.0,0.0,0.0,0.0,0.0,0.0,0.0,0.013265455,7.55e-5,0.012286949,0.010546667,0.045416667,0.292084,0.188802,0.359525,0.341849302,0.138754737,0.0,0.0,0.0,0.2575,0.00271,0.002026667,0.129630833,0.0,0.0,0.0,0.0,0.0,0.0,0.0,0.0,0.380731667,0.0,0.0,0.04372,0.118528,0.002946364,0.1335888,0.120246667
776,0.0,0.0,0.53044,0.211245,0.074464286,0.125056,0.155773333,0.3589356,0.332629474,0.333583714,0.134537143,0.097984286,0.17043,0.55692,0.49483,0.55593807,0.40322,0.406649231,0.241929697,0.32761,0.198334857,0.538438036,0.54656125,0.3346375,0.53406,0.511438833,0.494953636,0.492380625,0.393828889,0.476624754,0.314606667,0.3232868,0.01105,0.066510909,0.207232941,0.139126271,0.083211667,0.099967778,0.484692,0.402441,0.556071667,0.558873721,0.335857368,0.43986,0.425396667,0.481769714,0.50864,0.6318,0.025023333,0.271863333,0.013792857,0.00055,0.107628158,0.059700714,0.432253333,0.459869683,0.00994,0.263266,0.521663333,0.505781429,0.527687619,0.507808333,0.299526667,0.395355,0.3828812,0.329001667
777,0.56987,0.57555,0.56397,0.313745,0.180314286,0.169034,0.296463333,0.459451733,0.404426842,0.414942857,0.133172857,0.133296667,0.250245,0.62478,0.646232414,0.691747368,0.473296667,0.582888462,0.370006364,0.27288,0.249796,0.651419107,0.646065,0.48347125,0.693730833,0.692329667,0.694650909,0.71921375,0.610983333,0.695358361,0.464712,0.5463818,0.02303,0.113949545,0.34466,0.255164237,0.136015,0.184933333,0.496854,0.457609,0.647065,0.644973256,0.402652105,0.611866667,0.636665556,0.711210286,0.64208,0.65161,0.062703333,0.42992,0.167244286,0.625606667,0.337497105,0.112918571,0.585075556,0.679248889,0.71891,0.510926,0.639313333,0.679944286,0.703277143,0.644073333,0.485502,0.541579091,0.5541724,0.511031667
778,0.738616667,0.73668,0.64551,0.49279,0.384721429,0.305834,0.37426,0.5392568,0.467213158,0.452442286,0.214943571,0.193079048,0.494165,0.65752,0.711325862,0.748597368,0.419916667,0.684996154,0.416558485,0.5154,0.357093429,0.701725,0.71507125,0.571276875,0.741110833,0.758006333,0.778526364,0.77972,0.69234,0.76532377,0.534194,0.6724952,0.04386,0.158604545,0.453777059,0.311822542,0.216648333,0.259213333,0.658966,0.549152,0.727483333,0.638117907,0.460786842,0.72743,0.788125556,0.791659714,0.46453,0.73237,0.10495,0.47448,0.54167,0.752066667,0.578359474,0.263306429,0.639473333,0.73832746,0.73298,0.640872,0.682593333,0.7280225,0.761490952,0.711565,0.617634667,0.671832727,0.5900196,0.55051
779,0.78017,0.78832,0.6824775,0.414485,0.418017143,0.438856,0.445346667,0.6018792,0.492326316,0.476170571,0.315389286,0.2802,0.568545,0.63849,0.728097586,0.732677193,0.492063333,0.711134615,0.390120909,0.51782,0.396605714,0.725334821,0.720619063,0.55597875,0.7550125,0.774218667,0.784047273,0.786908125,0.738931667,0.778883279,0.549985333,0.7375263,0.2037,0.227030455,0.519401176,0.390804576,0.34892,0.467465556,0.744324,0.6051,0.757818333,0.701190465,0.444108421,0.763546667,0.798242222,0.786339143,0.64347,0.65562,0.275296667,0.558140833,0.646951429,0.795856667,0.675260263,0.380754286,0.679222222,0.736235714,0.77187,0.7259,0.671491667,0.757830357,0.763477619,0.72094,0.65848,0.711482727,0.6584356,0.662998333
780,0.783096667,0.79559,0.693925,0.462595,0.480428571,0.479148,0.514183333,0.578405333,0.559908421,0.468533714,0.32994,0.286731905,0.49589,0.69151,0.679587931,0.718519123,0.63414,0.639234615,0.366280909,0.63373,0.450309714,0.67730125,0.640741563,0.559313125,0.77057,0.763362,0.776997273,0.7735675,0.674852222,0.767513443,0.594908889,0.7492636,0.27815,0.310548636,0.512910392,0.441175593,0.353863333,0.5133,0.688552,0.597834,0.726406667,0.681615116,0.519682105,0.730376667,0.781526667,0.765664,0.60995,0.6525,0.272633333,0.581039167,0.676832857,0.801193333,0.721508684,0.410881429,0.683435556,0.713655714,0.74042,0.731792,0.671163333,0.745060357,0.762615238,0.735168333,0.649332,0.548814091,0.6099596,0.633148333
781,0.73816,0.76843,0.6675675,0.39137,0.49614,0.569054,0.42634,0.531522933,0.452252632,0.414319429,0.304325,0.313482381,0.31348,0.67911,0.685935517,0.678667018,0.671293333,0.529705385,0.300204545,0.6667,0.428675429,0.668392143,0.607345,0.51933625,0.758915,0.758435667,0.767994545,0.7531075,0.666972222,0.757067541,0.572688,0.703249,0.3426,0.355124545,0.535598627,0.428870847,0.444238333,0.476714444,0.623722,0.616444,0.606325,0.649543023,0.499091579,0.731736667,0.767125556,0.750187429,0.60631,0.59868,0.336093333,0.491616667,0.599374286,0.768136667,0.697708947,0.411420714,0.688035556,0.697849365,0.73021,0.729362,0.66699,0.727716071,0.736358571,0.71719,0.633276,0.565707273,0.5255476,0.550763333
782,0.705023333,0.64234,0.70525,0.388315,0.519857143,0.59674,0.41421,0.5463188,0.418186316,0.401899429,0.360615714,0.298672381,0.35947,0.67977,0.665123448,0.663975614,0.59502,0.607644615,0.310092424,0.6644,0.437904286,0.657346429,0.555951563,0.50319,0.696468333,0.739173167,0.75515,0.749185,0.639067778,0.72336459,0.522186667,0.6922668,0.46696,0.331468182,0.512930588,0.486974068,0.482271667,0.550681111,0.528756,0.590974,0.426193333,0.665500698,0.547643684,0.745093333,0.764867778,0.745549714,0.584,0.56018,0.325176667,0.492413333,0.609087143,0.75307,0.657537368,0.51788,0.696442222,0.700499365,0.73441,0.734292,0.720503333,0.724511786,0.734087143,0.696046667,0.636172,0.550727727,0.5951276,0.559091667
783,0.62768,0.66448,0.6333475,0.31785,0.391365714,0.436308,0.397186667,0.5065912,0.346403684,0.383248857,0.262045714,0.271452857,0.164405,0.53521,0.583177241,0.615795088,0.44483,0.536701538,0.315036061,0.60193,0.378279429,0.628812679,0.514405625,0.469415625,0.6575775,0.729416833,0.744499091,0.7436225,0.608806111,0.682522459,0.427045111,0.6500085,0.44426,0.285637727,0.448131765,0.452089661,0.44136,0.506107778,0.43411,0.450943,0.345575,0.630034651,0.467447368,0.756743333,0.770914444,0.747440286,0.63767,0.62528,0.398603333,0.463515,0.5468,0.715326667,0.661436316,0.563877857,0.71613,0.716975238,0.7481,0.745944,0.68312,0.690316429,0.697560476,0.656386667,0.575894,0.491090455,0.505636,0.491498333
784,0.606786667,0.73928,0.39295,0.317975,0.324654286,0.326452,0.336106667,0.3367296,0.178637895,0.222003143,0.324525714,0.429051429,0.243615,0.59181,0.534442414,0.585039123,0.530493333,0.456187692,0.340310606,0.43914,0.356264286,0.519668571,0.41380875,0.40358125,0.5807275,0.709399,0.731423636,0.737565,0.555611667,0.628846721,0.397410222,0.6098955,0.62392,0.227400909,0.405911765,0.442367288,0.320161667,0.336344444,0.285426,0.214797,0.250876667,0.484865581,0.448098947,0.733413333,0.76301,0.741489429,0.59344,0.49838,0.43918,0.392751667,0.598824286,0.439853333,0.632180263,0.299752857,0.721055556,0.722973175,0.74323,0.744962,0.521853333,0.674862143,0.68461,0.640171667,0.479207333,0.374223182,0.3877512,0.442116667
785,0.644743333,0.73451,0.2539775,0.250285,0.253611429,0.265064,0.307763333,0.2938556,0.123244737,0.162507714,0.132764286,0.258088571,0.098165,0.46834,0.458515862,0.556322105,0.445713333,0.282408462,0.25892303,0.48444,0.282198286,0.4415075,0.371645,0.310938125,0.540174167,0.667379,0.685842727,0.701575625,0.480179444,0.533450328,0.280746444,0.5218795,0.47404,0.158356818,0.369646275,0.374991695,0.169983333,0.198081111,0.189708,0.057156,0.126178333,0.375713488,0.258095263,0.683976667,0.691991111,0.667083714,0.45851,0.44314,0.316113333,0.31692,0.51947,0.518783333,0.584351842,0.278826429,0.654934444,0.663190952,0.67044,0.686428,0.396993333,0.574089286,0.585495714,0.545033333,0.332603333,0.241220455,0.2787168,0.301953333
786,0.565583333,0.64857,0.0,0.14945,0.126915714,0.155532,0.200723333,0.106536533,0.0,0.0,3.57e-6,0.0,0.0,0.0,0.310798966,0.314205439,0.23311,0.115987692,0.174391212,0.31264,0.160258571,0.24317125,0.176923438,0.018635625,0.37442,0.496133167,0.550727273,0.55103,0.29258,0.353017377,0.140176222,0.3638139,0.30798,0.082029091,0.180348627,0.222680678,0.0,0.0,1.4e-5,0.0,1.33e-5,0.129102558,0.120649474,0.483786667,0.470441111,0.421336857,0.0,0.0,0.0,0.0,0.392232857,0.475173333,0.428030526,0.174026429,0.390526667,0.452919524,0.0022,0.293528,0.0,0.380657143,0.304552857,0.290721667,0.138305333,0.099269091,0.1156772,0.187543333
787,0.439846667,0.5318,0.0,0.03859,0.079298571,0.044348,0.0,0.0,0.0,0.0,0.0,0.0,0.0,0.0,0.0,0.0,0.0,0.0,0.0,0.0,0.0,0.0,0.0,0.0,0.0,0.0,0.0,0.0,0.0,0.000180492,3.11e-6,0.1368778,0.00039,0.0,0.002108627,0.010245424,0.0,0.0,0.0,0.0,0.0,0.0,0.0,0.0,0.0,0.0,0.0,0.0,0.0,0.0,0.261367143,0.423116667,0.276764474,0.03172,0.0,0.0,0.0,0.0,0.0,0.0,0.0,0.0,0.0,0.0,0.0,0.0
788,0.0,0.0,0.0,0.0,0.0,0.0,0.0,0.0,0.0,0.0,0.0,0.0,0.0,0.0,0.0,0.0,0.0,0.0,0.0,0.0,0.0,0.0,0.0,0.0,0.0,0.0,0.0,0.0,0.0,0.0,0.0,0.0,0.0,0.0,0.0,0.0,0.0,0.0,0.0,0.0,0.0,0.0,0.0,0.0,0.0,0.0,0.0,0.0,0.0,0.0,0.0,0.0,0.0,0.0,0.0,0.0,0.0,0.0,0.0,0.0,0.0,0.0,0.0,0.0,0.0,0.0
789,0.0,0.0,0.0,0.0,0.0,0.0,0.0,0.0,0.0,0.0,0.0,0.0,0.0,0.0,0.0,0.0,0.0,0.0,0.0,0.0,0.0,0.0,0.0,0.0,0.0,0.0,0.0,0.0,0.0,0.0,0.0,0.0,0.0,0.0,0.0,0.0,0.0,0.0,0.0,0.0,0.0,0.0,0.0,0.0,0.0,0.0,0.0,0.0,0.0,0.0,0.0,0.0,0.0,0.0,0.0,0.0,0.0,0.0,0.0,0.0,0.0,0.0,0.0,0.0,0.0,0.0
790,0.0,0.0,0.0,0.0,0.0,0.0,0.0,0.0,0.0,0.0,0.0,0.0,0.0,0.0,0.0,0.0,0.0,0.0,0.0,0.0,0.0,0.0,0.0,0.0,0.0,0.0,0.0,0.0,0.0,0.0,0.0,0.0,0.0,0.0,0.0,0.0,0.0,0.0,0.0,0.0,0.0,0.0,0.0,0.0,0.0,0.0,0.0,0.0,0.0,0.0,0.0,0.0,0.0,0.0,0.0,0.0,0.0,0.0,0.0,0.0,0.0,0.0,0.0,0.0,0.0,0.0
791,0.0,0.0,0.0,0.0,0.0,0.0,0.0,0.0,0.0,0.0,0.0,0.0,0.0,0.0,0.0,0.0,0.0,0.0,0.0,0.0,0.0,0.0,0.0,0.0,0.0,0.0,0.0,0.0,0.0,0.0,0.0,0.0,0.0,0.0,0.0,0.0,0.0,0.0,0.0,0.0,0.0,0.0,0.0,0.0,0.0,0.0,0.0,0.0,0.0,0.0,0.0,0.0,0.0,0.0,0.0,0.0,0.0,0.0,0.0,0.0,0.0,0.0,0.0,0.0,0.0,0.0
792,0.0,0.0,0.0,0.0,0.0,0.0,0.0,0.0,0.0,0.0,0.0,0.0,0.0,0.0,0.0,0.0,0.0,0.0,0.0,0.0,0.0,0.0,0.0,0.0,0.0,0.0,0.0,0.0,0.0,0.0,0.0,0.0,0.0,0.0,0.0,0.0,0.0,0.0,0.0,0.0,0.0,0.0,0.0,0.0,0.0,0.0,0.0,0.0,0.0,0.0,0.0,0.0,0.0,0.0,0.0,0.0,0.0,0.0,0.0,0.0,0.0,0.0,0.0,0.0,0.0,0.0
793,0.0,0.0,0.0,0.0,0.0,0.0,0.0,0.0,0.0,0.0,0.0,0.0,0.0,0.0,0.0,0.0,0.0,0.0,0.0,0.0,0.0,0.0,0.0,0.0,0.0,0.0,0.0,0.0,0.0,0.0,0.0,0.0,0.0,0.0,0.0,0.0,0.0,0.0,0.0,0.0,0.0,0.0,0.0,0.0,0.0,0.0,0.0,0.0,0.0,0.0,0.0,0.0,0.0,0.0,0.0,0.0,0.0,0.0,0.0,0.0,0.0,0.0,0.0,0.0,0.0,0.0
794,0.0,0.0,0.0,0.0,0.0,0.0,0.0,0.0,0.0,0.0,0.0,0.0,0.0,0.0,0.0,0.0,0.0,0.0,0.0,0.0,0.0,0.0,0.0,0.0,0.0,0.0,0.0,0.0,0.0,0.0,0.0,0.0,0.0,0.0,0.0,0.0,0.0,0.0,0.0,0.0,0.0,0.0,0.0,0.0,0.0,0.0,0.0,0.0,0.0,0.0,0.0,0.0,0.0,0.0,0.0,0.0,0.0,0.0,0.0,0.0,0.0,0.0,0.0,0.0,0.0,0.0
795,0.0,0.0,0.0,0.0,0.0,0.0,0.0,0.0,0.0,0.0,0.0,0.0,0.0,0.0,0.0,0.0,0.0,0.0,0.0,0.0,0.0,0.0,0.0,0.0,0.0,0.0,0.0,0.0,0.0,0.0,0.0,0.0,0.0,0.0,0.0,0.0,0.0,0.0,0.0,0.0,0.0,0.0,0.0,0.0,0.0,0.0,0.0,0.0,0.0,0.0,0.0,0.0,0.0,0.0,0.0,0.0,0.0,0.0,0.0,0.0,0.0,0.0,0.0,0.0,0.0,0.0
796,0.0,0.0,0.0,0.0,0.0,0.0,0.0,0.0,0.0,0.0,0.0,0.0,0.0,0.0,0.0,0.0,0.0,0.0,0.0,0.0,0.0,0.0,0.0,0.0,0.0,0.0,0.0,0.0,0.0,0.0,0.0,0.0,0.0,0.0,0.0,0.0,0.0,0.0,0.0,0.0,0.0,0.0,0.0,0.0,0.0,0.0,0.0,0.0,0.0,0.0,0.0,0.0,0.0,0.0,0.0,0.0,0.0,0.0,0.0,0.0,0.0,0.0,0.0,0.0,0.0,0.0
797,0.0,0.0,0.0,0.0,0.0,0.0,0.0,0.0,0.0,0.0,0.0,0.0,0.0,0.0,0.0,0.0,0.0,0.0,0.0,0.0,0.0,0.0,0.0,0.0,0.0,0.0,0.0,0.0,0.0,0.0,0.0,0.0,0.0,0.0,0.0,0.0,0.0,0.0,0.0,0.0,0.0,0.0,0.0,0.0,0.0,0.0,0.0,0.0,0.0,0.0,0.0,0.0,0.0,0.0,0.0,0.0,0.0,0.0,0.0,0.0,0.0,0.0,0.0,0.0,0.0,0.0
798,0.0,0.0,0.0,0.0,0.0,0.0,0.0,0.0,0.0,0.0,0.0,0.0,0.0,0.0,0.0,0.0,0.0,0.0,0.0,0.0,0.0,0.0,0.0,0.0,0.0,0.0,0.0,0.0,0.0,0.0,0.0,0.0,0.0,0.0,0.0,0.0,0.0,0.0,0.0,0.0,0.0,0.0,0.0,0.0,0.0,0.0,0.0,0.0,0.0,1.25e-5,0.0,0.0,0.0,0.0,0.0,0.0,0.0,0.0,0.0,0.0,0.0,0.0,0.0,0.0,0.0,0.0
799,0.0,0.0,0.42768125,0.0,0.0,0.0,0.0,0.136252933,0.104163684,0.16273,0.103042857,0.22688381,0.329675,0.47218,0.017757931,0.000273684,0.0,0.249188462,0.116364242,0.39035,0.139546857,0.207714107,0.137678125,0.130584375,0.0,0.0,0.0,0.0,0.0,0.0,0.0,0.0,0.0,0.020575,2.29e-5,0.004998814,0.121313333,0.27393,0.281142,0.303856,0.167116667,0.306688605,0.156011053,0.0,0.0,0.0,0.2942,0.00337,0.081573333,0.2492175,0.0,0.0,0.0,0.0,0.0,0.0,0.0,0.0,0.407511667,6.43e-6,2.57e-5,0.000266667,0.080542,0.00083,0.0817204,0.117271667
800,0.0,0.0,0.62379625,0.00741,0.038152857,0.009298,0.01402,0.290038533,0.252758947,0.342915714,0.196342857,0.379929048,0.5562,0.60198,0.469852414,0.438339474,0.246753333,0.472846154,0.195003636,0.47192,0.335535429,0.551887143,0.52113125,0.39467875,0.550389167,0.5284715,0.454013636,0.465724375,0.292397778,0.405327049,0.211946444,0.313458,0.01312,0.089918636,0.122449804,0.073607458,0.181331667,0.456533333,0.504978,0.629418,0.36778,0.505715581,0.351338421,0.576493333,0.426564444,0.509146286,0.30798,0.51904,0.236056667,0.461201667,0.075274286,0.000436667,0.228159737,0.011577143,0.297557778,0.433225079,0.01069,0.421006,0.568535,0.595566071,0.620444286,0.58059,0.26617,0.178466364,0.21889,0.24206
801,0.57946,0.53514,0.67701875,0.121135,0.080937143,0.043582,0.04268,0.374637333,0.271601053,0.367238857,0.181581429,0.432244286,0.528695,0.6374,0.655882759,0.64242193,0.45913,0.579982308,0.20427697,0.45909,0.439093143,0.689384286,0.682846875,0.495843125,0.717289167,0.719698,0.652995455,0.656145625,0.515751111,0.619796885,0.357607556,0.5253273,0.0389,0.174409091,0.197311961,0.167431864,0.186503333,0.544225556,0.548556,0.671461,0.457338333,0.609124186,0.42177,0.75956,0.644113333,0.739486857,0.50617,0.64787,0.227953333,0.5781875,0.41502,0.68091,0.580833421,0.06488,0.506232222,0.637709683,0.76605,0.705504,0.639868333,0.763356786,0.76007,0.72835,0.400125333,0.325965455,0.3414376,0.36989
802,0.733893333,0.72591,0.74484125,0.17828,0.17443,0.06649,0.05712,0.4289388,0.297696316,0.398646571,0.325577143,0.474220952,0.6407,0.68739,0.722058276,0.731887719,0.624556667,0.668551538,0.306446667,0.32502,0.439943429,0.731847321,0.739826563,0.534961875,0.780866667,0.7827495,0.721156364,0.710360625,0.625905556,0.707772459,0.491178444,0.6543462,0.06011,0.243661364,0.279053137,0.235082881,0.33963,0.605757778,0.59802,0.7067,0.532281667,0.623690233,0.471073684,0.81239,0.77255,0.794719143,0.67325,0.61555,0.36274,0.6501225,0.560215714,0.79026,0.721939737,0.106871429,0.596873333,0.705042063,0.80577,0.777128,0.696086667,0.802352143,0.798977143,0.784235,0.462192667,0.399281818,0.4232216,0.471083333
803,0.78389,0.79784,0.67470625,0.18516,0.213171429,0.162302,0.097263333,0.480254267,0.368892632,0.449699714,0.317955,0.567028095,0.584865,0.69667,0.750504483,0.749045088,0.65767,0.638033077,0.414213333,0.38841,0.485002857,0.757325893,0.75699875,0.5861775,0.789285833,0.786782667,0.769887273,0.729436875,0.628413333,0.723798197,0.546573778,0.6750274,0.09649,0.357489091,0.328790588,0.318263559,0.326301667,0.64967,0.648684,0.653023,0.60911,0.598906047,0.492564211,0.80727,0.734295556,0.800257714,0.61666,0.47665,0.511756667,0.707914167,0.641348571,0.825126667,0.777244737,0.131982857,0.649115556,0.709225079,0.78038,0.790798,0.72358,0.801991429,0.781742857,0.755873333,0.602468,0.535575455,0.5461916,0.60117
804,0.75586,0.69384,0.67489375,0.2489,0.267715714,0.208732,0.110486667,0.4357776,0.362265789,0.380252286,0.377556429,0.572035714,0.58734,0.70993,0.74485,0.752544737,0.6263,0.656529231,0.443889091,0.47073,0.501642,0.705312321,0.735704375,0.488236875,0.7805875,0.775988167,0.762581818,0.72647375,0.632858333,0.716594262,0.496190222,0.6841003,0.12587,0.397873182,0.320217647,0.350762881,0.433285,0.610396667,0.671876,0.683292,0.61454,0.564311163,0.429082105,0.787923333,0.724335556,0.778530571,0.56259,0.45596,0.646586667,0.627463333,0.700104286,0.826966667,0.791282632,0.119466429,0.666248889,0.698893016,0.75336,0.76725,0.699718333,0.782167857,0.751274286,0.734571667,0.578296667,0.536323636,0.3931328,0.495743333
805,0.757326667,0.76619,0.642615,0.26767,0.298784286,0.28378,0.16448,0.410408933,0.370522105,0.354096571,0.423270714,0.478634286,0.6395,0.60291,0.706367931,0.744925088,0.662963333,0.622906923,0.479566364,0.24232,0.433555429,0.623864286,0.65032375,0.467440625,0.763898333,0.750213333,0.743233636,0.716026875,0.622716667,0.669928689,0.513841556,0.6784991,0.17708,0.408298636,0.326798235,0.34346661,0.579246667,0.664307778,0.654234,0.689022,0.622541667,0.549923023,0.405286842,0.773716667,0.712858889,0.761840857,0.46967,0.49232,0.64767,0.632203333,0.615194286,0.822756667,0.735727895,0.174412143,0.675621111,0.690583333,0.73971,0.751288,0.60134,0.768582857,0.725481429,0.678401667,0.501634,0.532774545,0.4350168,0.484331667
806,0.677036667,0.77631,0.60429875,0.18937,0.340758571,0.25865,0.18486,0.414138667,0.341497368,0.346156571,0.339334286,0.453490952,0.46542,0.64453,0.657948276,0.697730526,0.545303333,0.593800769,0.4247,0.64254,0.517112571,0.598490179,0.613171875,0.4080925,0.7457125,0.720569167,0.68973,0.73183875,0.585115556,0.639724754,0.420324,0.6393123,0.18605,0.445670455,0.361707255,0.365240169,0.525196667,0.549155556,0.607392,0.59018,0.60076,0.523130233,0.341083158,0.769853333,0.733193333,0.756562571,0.60276,0.50104,0.404263333,0.570443333,0.635215714,0.81573,0.727597105,0.194227143,0.702206667,0.700338254,0.74672,0.752232,0.584758333,0.754577857,0.716887143,0.64598,0.542898,0.541681364,0.4722944,0.503046667
807,0.60189,0.72441,0.55751125,0.294275,0.343812857,0.270746,0.210403333,0.3529524,0.316021053,0.263036,0.285466429,0.469022381,0.357515,0.50042,0.621894483,0.674262807,0.571853333,0.535716923,0.455679091,0.48492,0.428379143,0.552016429,0.597811563,0.32244875,0.689940833,0.697667833,0.640059091,0.668071875,0.53119,0.577575082,0.389962667,0.5844183,0.13006,0.384473182,0.328233725,0.323444915,0.62326,0.581481111,0.6163,0.576948,0.566965,0.486348837,0.335330526,0.771923333,0.720958889,0.762571714,0.5685,0.45789,0.534493333,0.56429,0.62055,0.811946667,0.701973947,0.179133571,0.72432,0.71994873,0.76031,0.765494,0.505076667,0.716746429,0.690962857,0.630591667,0.525634667,0.489991364,0.4090804,0.545713333
808,0.646166667,0.71637,0.45234,0.24289,0.264171429,0.181894,0.095123333,0.2751424,0.275289474,0.223481143,0.341865,0.398109524,0.50682,0.38268,0.481168966,0.565755439,0.47252,0.488089231,0.468311515,0.55688,0.449198286,0.401688571,0.437309375,0.203230625,0.663415833,0.667369167,0.639537273,0.619955625,0.462986111,0.503111148,0.278918667,0.5144387,0.12355,0.31434,0.27232549,0.266974746,0.476225,0.555582222,0.606718,0.475026,0.579293333,0.407016279,0.401163158,0.754586667,0.694153333,0.752653143,0.60154,0.48129,0.29114,0.489251667,0.599987143,0.765373333,0.656053684,0.443597143,0.72866,0.724403968,0.75686,0.762178,0.510816667,0.661627857,0.624586667,0.58516,0.461342667,0.363077273,0.3735692,0.282236667
809,0.663676667,0.67046,0.2775625,0.08158,0.158422857,0.078956,0.123726667,0.2010112,0.140960526,0.150606286,0.312367143,0.314291905,0.350495,0.29823,0.346545172,0.419531053,0.337433333,0.382342308,0.331910606,0.39357,0.290265429,0.278974107,0.345393125,0.107165625,0.5425825,0.595189,0.561249091,0.538523125,0.342391667,0.440593607,0.163351111,0.4214758,0.09647,0.143401818,0.132569608,0.168827627,0.398636667,0.41135,0.436146,0.312649,0.430978333,0.297366977,0.338865789,0.687776667,0.60529,0.666642,0.37652,0.22967,0.36651,0.3091325,0.554327143,0.756153333,0.632707368,0.493829286,0.659596667,0.661751429,0.68248,0.694834,0.283543333,0.567194643,0.539688571,0.464611667,0.307546667,0.227238636,0.1709696,0.214178333
810,0.568333333,0.67509,0.0,0.08842,0.085801429,0.01402,0.175816667,0.0906752,0.0,0.0,0.0,1.43e-6,0.0,0.0,0.268133793,0.191129123,0.107966667,0.179946923,0.174059091,0.30857,0.151245714,0.157591071,0.139447813,0.0189875,0.3924475,0.451252333,0.417132727,0.452554375,0.243937222,0.31262459,0.082679556,0.3132594,0.03307,0.065980909,0.066171176,0.071447288,0.0,0.0,0.0,0.0,0.0,0.122573488,0.210486842,0.48348,0.397742222,0.419172571,0.0,0.0,0.0,0.0,0.47864,0.675376667,0.537977632,0.36015,0.384288889,0.438390159,0.00203,0.289742,0.0,0.369357143,0.291242381,0.252433333,0.18565,0.111862273,0.0828548,0.058695
811,0.488373333,0.5407,0.0,0.007685,0.024807143,9.4e-5,0.0,0.0,0.0,0.0,0.0,0.0,0.0,0.0,0.0,0.0,0.0,0.0,0.0,0.0,0.0,0.0,0.0,0.0,0.0,0.0,0.0,0.0,0.0,4.92e-6,0.0,0.0996014,0.0,0.0,0.0,7.98e-5,0.0,0.0,0.0,0.0,0.0,0.0,0.0,0.0,0.0,0.0,0.0,0.0,0.0,0.0,0.31646,0.494186667,0.388645789,0.196847857,0.0,0.0,0.0,0.0,0.0,0.0,0.0,0.0,0.0,0.0,0.0,0.0
812,0.0,0.0,0.0,0.0,0.0,0.0,0.0,0.0,0.0,0.0,0.0,0.0,0.0,0.0,0.0,0.0,0.0,0.0,0.0,0.0,0.0,0.0,0.0,0.0,0.0,0.0,0.0,0.0,0.0,0.0,0.0,0.0,0.0,0.0,0.0,0.0,0.0,0.0,0.0,0.0,0.0,0.0,0.0,0.0,0.0,0.0,0.0,0.0,0.0,0.0,0.0,0.0,0.0,0.0,0.0,0.0,0.0,0.0,0.0,0.0,0.0,0.0,0.0,0.0,0.0,0.0
813,0.0,0.0,0.0,0.0,0.0,0.0,0.0,0.0,0.0,0.0,0.0,0.0,0.0,0.0,0.0,0.0,0.0,0.0,0.0,0.0,0.0,0.0,0.0,0.0,0.0,0.0,0.0,0.0,0.0,0.0,0.0,0.0,0.0,0.0,0.0,0.0,0.0,0.0,0.0,0.0,0.0,0.0,0.0,0.0,0.0,0.0,0.0,0.0,0.0,0.0,0.0,0.0,0.0,0.0,0.0,0.0,0.0,0.0,0.0,0.0,0.0,0.0,0.0,0.0,0.0,0.0
814,0.0,0.0,0.0,0.0,0.0,0.0,0.0,0.0,0.0,0.0,0.0,0.0,0.0,0.0,0.0,0.0,0.0,0.0,0.0,0.0,0.0,0.0,0.0,0.0,0.0,0.0,0.0,0.0,0.0,0.0,0.0,0.0,0.0,0.0,0.0,0.0,0.0,0.0,0.0,0.0,0.0,0.0,0.0,0.0,0.0,0.0,0.0,0.0,0.0,0.0,0.0,0.0,0.0,0.0,0.0,0.0,0.0,0.0,0.0,0.0,0.0,0.0,0.0,0.0,0.0,0.0
815,0.0,0.0,0.0,0.0,0.0,0.0,0.0,0.0,0.0,0.0,0.0,0.0,0.0,0.0,0.0,0.0,0.0,0.0,0.0,0.0,0.0,0.0,0.0,0.0,0.0,0.0,0.0,0.0,0.0,0.0,0.0,0.0,0.0,0.0,0.0,0.0,0.0,0.0,0.0,0.0,0.0,0.0,0.0,0.0,0.0,0.0,0.0,0.0,0.0,0.0,0.0,0.0,0.0,0.0,0.0,0.0,0.0,0.0,0.0,0.0,0.0,0.0,0.0,0.0,0.0,0.0
816,0.0,0.0,0.0,0.0,0.0,0.0,0.0,0.0,0.0,0.0,0.0,0.0,0.0,0.0,0.0,0.0,0.0,0.0,0.0,0.0,0.0,0.0,0.0,0.0,0.0,0.0,0.0,0.0,0.0,0.0,0.0,0.0,0.0,0.0,0.0,0.0,0.0,0.0,0.0,0.0,0.0,0.0,0.0,0.0,0.0,0.0,0.0,0.0,0.0,0.0,0.0,0.0,0.0,0.0,0.0,0.0,0.0,0.0,0.0,0.0,0.0,0.0,0.0,0.0,0.0,0.0
817,0.0,0.0,0.0,0.0,0.0,0.0,0.0,0.0,0.0,0.0,0.0,0.0,0.0,0.0,0.0,0.0,0.0,0.0,0.0,0.0,0.0,0.0,0.0,0.0,0.0,0.0,0.0,0.0,0.0,0.0,0.0,0.0,0.0,0.0,0.0,0.0,0.0,0.0,0.0,0.0,0.0,0.0,0.0,0.0,0.0,0.0,0.0,0.0,0.0,0.0,0.0,0.0,0.0,0.0,0.0,0.0,0.0,0.0,0.0,0.0,0.0,0.0,0.0,0.0,0.0,0.0
818,0.0,0.0,0.0,0.0,0.0,0.0,0.0,0.0,0.0,0.0,0.0,0.0,0.0,0.0,0.0,0.0,0.0,0.0,0.0,0.0,0.0,0.0,0.0,0.0,0.0,0.0,0.0,0.0,0.0,0.0,0.0,0.0,0.0,0.0,0.0,0.0,0.0,0.0,0.0,0.0,0.0,0.0,0.0,0.0,0.0,0.0,0.0,0.0,0.0,0.0,0.0,0.0,0.0,0.0,0.0,0.0,0.0,0.0,0.0,0.0,0.0,0.0,0.0,0.0,0.0,0.0
819,0.0,0.0,0.0,0.0,0.0,0.0,0.0,0.0,0.0,0.0,0.0,0.0,0.0,0.0,0.0,0.0,0.0,0.0,0.0,0.0,0.0,0.0,0.0,0.0,0.0,0.0,0.0,0.0,0.0,0.0,0.0,0.0,0.0,0.0,0.0,0.0,0.0,0.0,0.0,0.0,0.0,0.0,0.0,0.0,0.0,0.0,0.0,0.0,0.0,0.0,0.0,0.0,0.0,0.0,0.0,0.0,0.0,0.0,0.0,0.0,0.0,0.0,0.0,0.0,0.0,0.0
820,0.0,0.0,0.0,0.0,0.0,0.0,0.0,0.0,0.0,0.0,0.0,0.0,0.0,0.0,0.0,0.0,0.0,0.0,0.0,0.0,0.0,0.0,0.0,0.0,0.0,0.0,0.0,0.0,0.0,0.0,0.0,0.0,0.0,0.0,0.0,0.0,0.0,0.0,0.0,0.0,0.0,0.0,0.0,0.0,0.0,0.0,0.0,0.0,0.0,0.0,0.0,0.0,0.0,0.0,0.0,0.0,0.0,0.0,0.0,0.0,0.0,0.0,0.0,0.0,0.0,0.0
821,0.0,0.0,0.0,0.0,0.0,0.0,0.0,0.0,0.0,0.0,0.0,0.0,0.0,0.0,0.0,0.0,0.0,0.0,0.0,0.0,0.0,0.0,0.0,0.0,0.0,0.0,0.0,0.0,0.0,0.0,0.0,0.0,0.0,0.0,0.0,0.0,0.0,0.0,0.0,0.0,0.0,0.0,0.0,0.0,0.0,0.0,0.0,0.0,0.0,0.0,0.0,0.0,0.0,0.0,0.0,0.0,0.0,0.0,0.0,0.0,0.0,0.0,0.0,0.0,0.0,0.0
822,0.0,0.0,0.0,0.0,0.0,0.0,0.0,0.0,0.0,0.0,0.0,0.0,0.0,0.0,0.0,0.0,0.0,0.0,0.0,0.0,0.0,0.0,0.0,0.0,0.0,0.0,0.0,0.0,0.0,0.0,0.0,0.0,0.0,0.0,0.0,0.0,0.0,1.11e-5,0.0,0.0,0.0,0.0,0.0,0.0,0.0,0.0,0.0,0.0,0.0,1.83e-5,0.0,0.0,0.0,0.0,0.0,0.0,0.0,0.0,0.0,0.0,0.0,0.0,0.0,0.0,0.0,0.0
823,0.0,0.0,0.24238125,0.0,0.0,0.0,0.00032,0.2379148,0.155907895,0.275944,0.24877,0.291489048,0.37804,0.43692,0.003944828,0.000130877,0.0,0.242274615,0.265605758,0.12656,0.155659714,0.197168929,0.092692813,0.271593125,0.0,0.0,0.0,0.0,0.0,0.0,0.0,0.0,0.0,0.064337273,0.000125686,0.016960847,0.515386667,0.461801111,0.438248,0.318906,0.441988333,0.397429535,0.282706842,0.0,0.0,0.0,0.21828,0.00437,0.349106667,0.5510275,0.0,0.0,0.0,0.0,0.0,0.0,0.0,0.0,0.024586667,1.86e-5,0.0,0.000116667,0.037527333,2.68e-5,0.0901236,0.12096
824,0.0,0.0,0.33681375,0.01219,0.024527143,0.01828,0.126816667,0.4607192,0.206070526,0.481822857,0.356917857,0.36156,0.337,0.59775,0.24598,0.344191053,0.17998,0.409671538,0.262708485,0.11733,0.262567143,0.5296525,0.4890025,0.51547875,0.479359167,0.4965025,0.461600909,0.46111875,0.111244444,0.16592082,0.052136222,0.1560482,0.0677,0.134447727,0.096590784,0.07179678,0.58267,0.513538889,0.47673,0.354903,0.673515,0.60616186,0.414453158,0.568633333,0.431714444,0.487091714,0.3776,0.40904,0.622466667,0.630091667,0.073662857,0.000523333,0.303577632,0.040307857,0.45528,0.438108095,0.00912,0.346774,0.037125,0.534113929,0.460399048,0.473868333,0.249134,0.069773182,0.241004,0.166483333
825,0.648823333,0.61802,0.45862,0.02118,0.08116,0.114888,0.207343333,0.6247712,0.287181053,0.574415143,0.463380714,0.537715238,0.484135,0.61168,0.500584483,0.571423684,0.309983333,0.609546154,0.465530606,0.18037,0.388476571,0.695050179,0.6722475,0.58246125,0.684683333,0.695042333,0.664506364,0.6874925,0.293133333,0.364882295,0.124172222,0.3206451,0.17431,0.225349545,0.16563549,0.152889492,0.58012,0.632192222,0.528816,0.416377,0.729101667,0.707657442,0.610466316,0.747383333,0.649241111,0.726067714,0.46945,0.59885,0.683533333,0.749815833,0.364462857,0.71838,0.640813158,0.144487857,0.640707778,0.66222873,0.81623,0.609632,0.147941667,0.694028929,0.630810476,0.6466,0.437066667,0.201151818,0.405304,0.294515
826,0.79471,0.77953,0.42906375,0.070035,0.159017143,0.179148,0.364276667,0.6993456,0.366004737,0.582552857,0.487675,0.581016667,0.46444,0.63499,0.643875862,0.649527368,0.34185,0.688270769,0.514594848,0.5005,0.516109714,0.758163929,0.727720938,0.5831375,0.7718325,0.775679333,0.758324545,0.765293125,0.385163889,0.517541967,0.184216222,0.4434976,0.4265,0.310872727,0.229111176,0.241504068,0.62907,0.641993333,0.527894,0.450407,0.654606667,0.701178837,0.570857895,0.809016667,0.782822222,0.795394857,0.53164,0.66721,0.66725,0.687785833,0.604827143,0.809733333,0.767001579,0.301517143,0.72159,0.736034444,0.79317,0.676698,0.21883,0.746576071,0.695643333,0.682648333,0.579103333,0.318299545,0.4949604,0.420336667
827,0.84313,0.83595,0.4880375,0.129265,0.237072857,0.330202,0.523926667,0.711221067,0.440245263,0.603251143,0.459536429,0.60885619,0.367465,0.57977,0.717956207,0.682232456,0.405736667,0.663821538,0.590609697,0.55053,0.602762286,0.751224107,0.694114688,0.529065625,0.785066667,0.788831167,0.773671818,0.779888125,0.502321667,0.597172131,0.220592,0.4775855,0.46497,0.454848636,0.235121569,0.302741864,0.449485,0.568524444,0.477126,0.434625,0.584601667,0.650705814,0.587378421,0.804816667,0.767004444,0.798286571,0.66627,0.64034,0.56891,0.686771667,0.699294286,0.831673333,0.805385526,0.368402143,0.731834444,0.743859683,0.77598,0.753424,0.242495,0.778586429,0.706342381,0.667653333,0.652322,0.397019545,0.5364788,0.516086667
828,0.85647,0.85249,0.513235,0.161865,0.32643,0.384448,0.496986667,0.628790667,0.435167895,0.575369429,0.548553571,0.715975714,0.535385,0.69365,0.709387931,0.655345263,0.411183333,0.653700769,0.587645455,0.63203,0.509379429,0.715041607,0.635786875,0.555268125,0.77039,0.7745175,0.760528182,0.76052125,0.492768333,0.61338082,0.226724889,0.4872343,0.63562,0.524145909,0.303943725,0.391381525,0.468318333,0.475554444,0.454124,0.49797,0.484233333,0.592374186,0.550575263,0.784216667,0.75939,0.779399429,0.67181,0.55078,0.577053333,0.646841667,0.729212857,0.831893333,0.79529,0.409711429,0.70851,0.717693651,0.74746,0.746474,0.279355,0.757741786,0.691815238,0.670948333,0.608134,0.446101818,0.5120224,0.43718
829,0.858683333,0.85627,0.50689,0.28151,0.34708,0.381202,0.491896667,0.4850592,0.402375263,0.470634286,0.575302143,0.648816667,0.473825,0.58152,0.693062069,0.639685789,0.402853333,0.677154615,0.61610303,0.75495,0.601528571,0.649644286,0.604937813,0.502256875,0.759759167,0.760345,0.741137273,0.749605,0.534263333,0.616417705,0.225224222,0.4702329,0.65431,0.56708,0.332226667,0.424879831,0.532753333,0.397348889,0.48156,0.565936,0.418365,0.542795349,0.553161053,0.76841,0.72275,0.762453429,0.66844,0.58881,0.531896667,0.57688,0.760497143,0.826966667,0.769373947,0.497102857,0.694524444,0.698291587,0.73785,0.752498,0.255433333,0.749295714,0.67580619,0.570503333,0.580477333,0.553622273,0.4643448,0.497405
830,0.849286667,0.84784,0.48185875,0.277645,0.397094286,0.398536,0.52762,0.446854,0.353754211,0.406301714,0.613173571,0.67248381,0.61015,0.62882,0.641634483,0.59976386,0.400376667,0.649503846,0.646943333,0.76407,0.582689143,0.610273929,0.53112625,0.4554025,0.727003333,0.738690667,0.713454545,0.732215625,0.491457222,0.57603082,0.236010667,0.4507104,0.67272,0.579306818,0.352789412,0.439002034,0.519366667,0.399876667,0.448662,0.578594,0.336011667,0.55237186,0.611868421,0.766373333,0.732635556,0.752972286,0.70324,0.62116,0.477563333,0.591750833,0.739628571,0.816696667,0.746157632,0.459202143,0.701475556,0.699388413,0.741,0.756882,0.282258333,0.727761786,0.659747143,0.578823333,0.528284,0.535177273,0.4789472,0.403113333
831,0.83886,0.83897,0.32310125,0.367315,0.3915,0.35261,0.582766667,0.377006667,0.277517368,0.262546857,0.580539286,0.6008,0.559085,0.45002,0.582662759,0.548236667,0.368663333,0.576922308,0.551743939,0.67325,0.574308571,0.5373,0.49332875,0.418221875,0.647244167,0.699833833,0.68228,0.70427625,0.460997222,0.539841803,0.186248667,0.4557301,0.56048,0.426890909,0.365482353,0.373832881,0.542968333,0.46064,0.38881,0.46358,0.23583,0.445752326,0.546288947,0.766423333,0.671175556,0.749586,0.71134,0.57986,0.454726667,0.536899167,0.726858571,0.808283333,0.716873947,0.477171429,0.721338889,0.716919524,0.74863,0.7713,0.213113333,0.658332857,0.52547381,0.537781667,0.597266667,0.463844091,0.456934,0.419635
832,0.82009,0.81331,0.067665,0.099565,0.351842857,0.281244,0.50012,0.276634533,0.137031053,0.168832571,0.510437143,0.49158381,0.364545,0.50894,0.459826897,0.356862281,0.28467,0.441612308,0.451425455,0.32602,0.338071429,0.418873929,0.3456325,0.37877875,0.6109825,0.675512,0.687978182,0.697230625,0.341649444,0.465509016,0.182184889,0.4467187,0.43989,0.352653182,0.371125882,0.329909322,0.541605,0.417976667,0.179578,0.254793,0.155041667,0.39978,0.456361053,0.7316,0.689767778,0.739977143,0.63353,0.3221,0.561636667,0.460351667,0.654484286,0.76088,0.671768947,0.432659286,0.721414444,0.720047619,0.73369,0.75989,0.070495,0.557179286,0.51393,0.50319,0.395421333,0.395011364,0.4090364,0.297238333
833,0.796423333,0.78428,0.019255,0.08756,0.310288571,0.267692,0.41265,0.195146933,0.12946,0.108104571,0.360866429,0.335903333,0.23193,0.41469,0.376228276,0.215667895,0.191286667,0.398463077,0.306592121,0.25204,0.217842571,0.288843036,0.223665625,0.17828625,0.453169167,0.577884333,0.589338182,0.613215,0.279192778,0.354315738,0.112968,0.3920443,0.32403,0.245042273,0.292460196,0.253570847,0.316315,0.260283333,0.1239,0.117649,0.095166667,0.316865116,0.384293158,0.598346667,0.593963333,0.644390286,0.50772,0.2661,0.35172,0.317143333,0.435702857,0.696456667,0.529042895,0.309374286,0.648474444,0.654763651,0.65993,0.701272,0.030463333,0.415226786,0.40212,0.344633333,0.270997333,0.305621364,0.296564,0.195416667
834,0.74798,0.75582,0.0,0.06026,0.151714286,0.206678,0.26181,0.073503467,0.0,0.0,0.0,1.43e-6,0.0,0.0,0.181608276,0.097274912,0.07798,0.185217692,0.217801818,0.12072,0.106213429,0.147520893,0.069660938,0.0041575,0.2112025,0.384914167,0.443078182,0.43886625,0.140865556,0.22124623,0.042758444,0.2154442,0.06419,0.193296364,0.131277059,0.152283051,0.0,0.0,0.0,0.0,0.0,0.141145349,0.175391579,0.310163333,0.346024444,0.383984571,0.0,0.0,0.0,0.0,0.441421429,0.661086667,0.456695526,0.107063571,0.37926,0.43421619,0.00194,0.288834,0.0,0.181752143,0.155075238,0.157433333,0.094661333,0.204018182,0.1197104,0.06669
835,0.590253333,0.61155,0.0,0.034385,0.067707143,0.076552,0.0,0.0,0.0,0.0,0.0,0.0,0.0,0.0,0.0,0.0,0.0,0.0,0.0,0.0,0.0,0.0,0.0,0.0,0.0,0.0,0.0,0.0,0.0,0.0,0.0,0.0895503,3.0e-5,0.0,0.004240588,0.012990339,0.0,0.0,0.0,0.0,0.0,0.0,0.0,0.0,0.0,0.0,0.0,0.0,0.0,0.0,0.328252857,0.434096667,0.357752368,0.02267,0.0,0.0,0.0,0.0,0.0,0.0,0.0,0.0,0.0,0.0,0.0,0.0
836,0.0,0.0,0.0,0.0,0.0,0.0,0.0,0.0,0.0,0.0,0.0,0.0,0.0,0.0,0.0,0.0,0.0,0.0,0.0,0.0,0.0,0.0,0.0,0.0,0.0,0.0,0.0,0.0,0.0,0.0,0.0,0.0,0.0,0.0,0.0,0.0,0.0,0.0,0.0,0.0,0.0,0.0,0.0,0.0,0.0,0.0,0.0,0.0,0.0,0.0,0.0,0.0,0.0,0.0,0.0,0.0,0.0,0.0,0.0,0.0,0.0,0.0,0.0,0.0,0.0,0.0
837,0.0,0.0,0.0,0.0,0.0,0.0,0.0,0.0,0.0,0.0,0.0,0.0,0.0,0.0,0.0,0.0,0.0,0.0,0.0,0.0,0.0,0.0,0.0,0.0,0.0,0.0,0.0,0.0,0.0,0.0,0.0,0.0,0.0,0.0,0.0,0.0,0.0,0.0,0.0,0.0,0.0,0.0,0.0,0.0,0.0,0.0,0.0,0.0,0.0,0.0,0.0,0.0,0.0,0.0,0.0,0.0,0.0,0.0,0.0,0.0,0.0,0.0,0.0,0.0,0.0,0.0
838,0.0,0.0,0.0,0.0,0.0,0.0,0.0,0.0,0.0,0.0,0.0,0.0,0.0,0.0,0.0,0.0,0.0,0.0,0.0,0.0,0.0,0.0,0.0,0.0,0.0,0.0,0.0,0.0,0.0,0.0,0.0,0.0,0.0,0.0,0.0,0.0,0.0,0.0,0.0,0.0,0.0,0.0,0.0,0.0,0.0,0.0,0.0,0.0,0.0,0.0,0.0,0.0,0.0,0.0,0.0,0.0,0.0,0.0,0.0,0.0,0.0,0.0,0.0,0.0,0.0,0.0
839,0.0,0.0,0.0,0.0,0.0,0.0,0.0,0.0,0.0,0.0,0.0,0.0,0.0,0.0,0.0,0.0,0.0,0.0,0.0,0.0,0.0,0.0,0.0,0.0,0.0,0.0,0.0,0.0,0.0,0.0,0.0,0.0,0.0,0.0,0.0,0.0,0.0,0.0,0.0,0.0,0.0,0.0,0.0,0.0,0.0,0.0,0.0,0.0,0.0,0.0,0.0,0.0,0.0,0.0,0.0,0.0,0.0,0.0,0.0,0.0,0.0,0.0,0.0,0.0,0.0,0.0
840,0.0,0.0,0.0,0.0,0.0,0.0,0.0,0.0,0.0,0.0,0.0,0.0,0.0,0.0,0.0,0.0,0.0,0.0,0.0,0.0,0.0,0.0,0.0,0.0,0.0,0.0,0.0,0.0,0.0,0.0,0.0,0.0,0.0,0.0,0.0,0.0,0.0,0.0,0.0,0.0,0.0,0.0,0.0,0.0,0.0,0.0,0.0,0.0,0.0,0.0,0.0,0.0,0.0,0.0,0.0,0.0,0.0,0.0,0.0,0.0,0.0,0.0,0.0,0.0,0.0,0.0
841,0.0,0.0,0.0,0.0,0.0,0.0,0.0,0.0,0.0,0.0,0.0,0.0,0.0,0.0,0.0,0.0,0.0,0.0,0.0,0.0,0.0,0.0,0.0,0.0,0.0,0.0,0.0,0.0,0.0,0.0,0.0,0.0,0.0,0.0,0.0,0.0,0.0,0.0,0.0,0.0,0.0,0.0,0.0,0.0,0.0,0.0,0.0,0.0,0.0,0.0,0.0,0.0,0.0,0.0,0.0,0.0,0.0,0.0,0.0,0.0,0.0,0.0,0.0,0.0,0.0,0.0
842,0.0,0.0,0.0,0.0,0.0,0.0,0.0,0.0,0.0,0.0,0.0,0.0,0.0,0.0,0.0,0.0,0.0,0.0,0.0,0.0,0.0,0.0,0.0,0.0,0.0,0.0,0.0,0.0,0.0,0.0,0.0,0.0,0.0,0.0,0.0,0.0,0.0,0.0,0.0,0.0,0.0,0.0,0.0,0.0,0.0,0.0,0.0,0.0,0.0,0.0,0.0,0.0,0.0,0.0,0.0,0.0,0.0,0.0,0.0,0.0,0.0,0.0,0.0,0.0,0.0,0.0
843,0.0,0.0,0.0,0.0,0.0,0.0,0.0,0.0,0.0,0.0,0.0,0.0,0.0,0.0,0.0,0.0,0.0,0.0,0.0,0.0,0.0,0.0,0.0,0.0,0.0,0.0,0.0,0.0,0.0,0.0,0.0,0.0,0.0,0.0,0.0,0.0,0.0,0.0,0.0,0.0,0.0,0.0,0.0,0.0,0.0,0.0,0.0,0.0,0.0,0.0,0.0,0.0,0.0,0.0,0.0,0.0,0.0,0.0,0.0,0.0,0.0,0.0,0.0,0.0,0.0,0.0
844,0.0,0.0,0.0,0.0,0.0,0.0,0.0,0.0,0.0,0.0,0.0,0.0,0.0,0.0,0.0,0.0,0.0,0.0,0.0,0.0,0.0,0.0,0.0,0.0,0.0,0.0,0.0,0.0,0.0,0.0,0.0,0.0,0.0,0.0,0.0,0.0,0.0,0.0,0.0,0.0,0.0,0.0,0.0,0.0,0.0,0.0,0.0,0.0,0.0,0.0,0.0,0.0,0.0,0.0,0.0,0.0,0.0,0.0,0.0,0.0,0.0,0.0,0.0,0.0,0.0,0.0
845,0.0,0.0,0.0,0.0,0.0,0.0,0.0,0.0,0.0,0.0,0.0,0.0,0.0,0.0,0.0,0.0,0.0,0.0,0.0,0.0,0.0,0.0,0.0,0.0,0.0,0.0,0.0,0.0,0.0,0.0,0.0,0.0,0.0,0.0,0.0,0.0,0.0,0.0,0.0,0.0,0.0,0.0,0.0,0.0,0.0,0.0,0.0,0.0,0.0,0.0,0.0,0.0,0.0,0.0,0.0,0.0,0.0,0.0,0.0,0.0,0.0,0.0,0.0,0.0,0.0,0.0
846,0.0,0.0,0.0,0.0,0.0,0.0,0.0,0.0,0.0,0.0,0.0,0.0,0.0,0.0,0.0,0.0,0.0,0.0,0.0,0.0,0.0,0.0,0.0,0.0,0.0,0.0,0.0,0.0,0.0,0.0,0.0,0.0,0.0,0.0,0.0,0.0,0.0,0.0,0.0,0.0,0.0,0.0,0.0,0.0,0.0,0.0,0.0,0.0,0.0,0.0,0.0,0.0,0.0,0.0,0.0,0.0,0.0,0.0,0.0,0.0,0.0,0.0,0.0,0.0,0.0,0.0
847,0.0,0.0,0.54219875,0.0,0.0,0.0,0.088996667,0.2949656,0.154642105,0.145146,0.383422143,0.327902381,0.334905,0.25847,0.0,0.0,0.0,0.194882308,0.340606364,0.27273,0.290369714,0.082143929,4.03e-5,0.240705625,0.0,0.0,0.0,0.0,0.0,0.0,0.0,0.0,0.0,0.251982727,0.004604706,0.070204407,0.475386667,0.477275556,0.472728,0.508682,0.25617,0.37241907,0.35581,0.0,0.0,0.0,0.00033,0.00049,0.290113333,0.311806667,0.0,0.0,0.0,0.0,0.0,0.0,0.0,0.0,0.23395,0.0,0.0,0.0,0.085729333,0.0,0.0789096,0.193983333
848,0.0,0.0,0.68952375,0.20271,0.171991429,0.29412,0.317,0.5480968,0.244230526,0.340597143,0.670143571,0.538470952,0.56701,0.47521,0.410777931,0.471450175,0.456923333,0.364435385,0.537765152,0.47163,0.487134857,0.538320714,0.49144375,0.576994375,0.3968525,0.300016833,0.181018182,0.186849375,0.385936667,0.338866557,0.441639111,0.3043736,0.12336,0.413747727,0.337899216,0.296771864,0.677705,0.655675556,0.615454,0.682722,0.472451667,0.559153256,0.587563158,0.368733333,0.159231111,0.093829714,0.42191,0.44922,0.652263333,0.543561667,0.000291429,0.0,0.096797895,0.09814,0.04442,0.018720317,0.00388,0.025014,0.398241667,0.413896429,0.284560476,0.265316667,0.466608667,0.408919091,0.4458236,0.444546667
849,0.49035,0.47077,0.74698375,0.39782,0.310902857,0.37724,0.495386667,0.652111867,0.334877895,0.491226857,0.724445714,0.559251905,0.62496,0.57978,0.600496897,0.647294561,0.63609,0.523873077,0.604836667,0.49353,0.578089429,0.653708571,0.6246925,0.695803125,0.5716875,0.467771167,0.359392727,0.407331875,0.554382778,0.538331967,0.609019111,0.5414232,0.2485,0.490123182,0.50881451,0.439386949,0.730296667,0.72398,0.642508,0.739144,0.579136667,0.680366047,0.661174737,0.51098,0.272967778,0.236850571,0.528,0.56938,0.71756,0.675185833,0.519364286,0.22931,0.498352368,0.233142857,0.210882222,0.182119524,0.04053,0.197256,0.547066667,0.571505714,0.439428571,0.388358333,0.606652,0.554371364,0.6096568,0.618811667
850,0.653943333,0.64446,0.697605,0.40554,0.391424286,0.387598,0.641366667,0.681121867,0.371168421,0.492003143,0.738295714,0.59567381,0.63386,0.61176,0.651206552,0.696518421,0.690476667,0.667122308,0.636980606,0.54317,0.615034571,0.684265893,0.651740313,0.7128625,0.643039167,0.5509505,0.454134545,0.485691875,0.650224444,0.636599016,0.674871778,0.6439103,0.33996,0.536218636,0.553552157,0.507775424,0.773243333,0.70862,0.622628,0.712991,0.576608333,0.729909767,0.681131053,0.606703333,0.402863333,0.327577143,0.64844,0.61638,0.764393333,0.715304167,0.659588571,0.486,0.662969211,0.242854286,0.304146667,0.29327746,0.31579,0.296016,0.476576667,0.6267675,0.546565238,0.495953333,0.654563333,0.617980455,0.6658776,0.691028333
851,0.71192,0.7055,0.72223625,0.45113,0.417288571,0.456482,0.574423333,0.686504533,0.424753684,0.513518857,0.733682857,0.636264762,0.639695,0.62355,0.674004483,0.703910351,0.702686667,0.718619231,0.64027,0.65923,0.630861143,0.678124286,0.655013125,0.699060625,0.648225,0.598721,0.473704545,0.45874625,0.672796111,0.664185738,0.695811111,0.6756296,0.30712,0.536761818,0.598158824,0.549432034,0.74688,0.682655556,0.705036,0.713841,0.655963333,0.742550698,0.696015789,0.61504,0.405941111,0.361786286,0.62662,0.58907,0.73833,0.691451667,0.70879,0.638893333,0.712591579,0.434274286,0.324993333,0.323589683,0.40726,0.306246,0.520338333,0.625840714,0.507872857,0.511943333,0.718335333,0.687684545,0.7087584,0.723223333
852,0.726606667,0.72463,0.67424875,0.35495,0.468535714,0.40366,0.5875,0.644744933,0.491085789,0.551172,0.692357857,0.568914286,0.60358,0.62815,0.675835172,0.686737544,0.694726667,0.716772308,0.638768182,0.67066,0.634978571,0.627588571,0.577038438,0.67408625,0.6121525,0.602121,0.538557273,0.49848125,0.681125,0.674536066,0.692101556,0.6764471,0.56391,0.583989545,0.569304706,0.566264915,0.709215,0.721834444,0.702526,0.698375,0.698215,0.725997209,0.666300526,0.587683333,0.410562222,0.400458571,0.58673,0.61841,0.674193333,0.625341667,0.718882857,0.678333333,0.719857632,0.478903571,0.419046667,0.362099841,0.55915,0.372342,0.529221667,0.588639286,0.500382381,0.468851667,0.708831333,0.685606818,0.6277464,0.665645
853,0.668936667,0.54907,0.597195,0.510125,0.524392857,0.422412,0.389726667,0.573610533,0.455718947,0.544474571,0.627561429,0.532268571,0.488625,0.59823,0.601355517,0.636062982,0.667913333,0.611224615,0.601692424,0.62094,0.592121429,0.539222857,0.52135875,0.59809375,0.549575,0.5512995,0.502065455,0.45161125,0.648878333,0.635042459,0.66225,0.6323476,0.39063,0.562604545,0.514918627,0.516227627,0.65015,0.67772,0.704996,0.694865,0.608331667,0.63841186,0.606153158,0.59793,0.368074444,0.378006857,0.58568,0.61057,0.529806667,0.544189167,0.661705714,0.67633,0.654396579,0.486714286,0.361526667,0.340951905,0.5551,0.390704,0.5036,0.515336786,0.460935714,0.456655,0.59234,0.647115,0.5625944,0.630146667
854,0.614983333,0.61444,0.53782125,0.48007,0.533434286,0.388044,0.584823333,0.5465616,0.488435263,0.513664,0.585571429,0.504677619,0.515785,0.56321,0.525393448,0.60618807,0.64206,0.572640769,0.569313939,0.46298,0.567345429,0.467421429,0.488501875,0.4468225,0.474951667,0.503781833,0.454814545,0.426758125,0.597912222,0.572015574,0.636162889,0.5908764,0.54421,0.5233,0.563440392,0.557907119,0.538133333,0.662924444,0.70738,0.69503,0.598491667,0.554224651,0.592447895,0.578893333,0.331643333,0.341074857,0.56908,0.62156,0.333526667,0.4005275,0.597787143,0.613793333,0.595929474,0.411185714,0.395664444,0.352354127,0.5445,0.363152,0.48595,0.473055714,0.438590476,0.452226667,0.562977333,0.582633636,0.5654604,0.598295
855,0.623063333,0.57102,0.57757,0.418185,0.574831429,0.457602,0.409446667,0.4643544,0.432116316,0.450333143,0.511671429,0.454482381,0.429825,0.56376,0.47238,0.565550526,0.62929,0.440910769,0.547658485,0.51731,0.541257714,0.423909286,0.457316875,0.35242,0.463075,0.469582667,0.42075,0.366649375,0.548939444,0.543694262,0.601268667,0.5600636,0.55323,0.479148182,0.549925686,0.528870508,0.443738333,0.535982222,0.679948,0.665264,0.573433333,0.480540698,0.515117368,0.53034,0.263752222,0.332014286,0.60324,0.59814,0.23963,0.368648333,0.575254286,0.59714,0.579485,0.488119286,0.383086667,0.367770159,0.61931,0.385418,0.44083,0.446351429,0.459039048,0.47884,0.51228,0.5576,0.4953464,0.550951667
856,0.592643333,0.5687,0.47604125,0.43881,0.513301429,0.382776,0.27279,0.4489404,0.423161053,0.371811143,0.342407857,0.330170952,0.341705,0.43088,0.430615517,0.469947895,0.536213333,0.407365385,0.455786667,0.63111,0.501931429,0.363862321,0.384115,0.320070625,0.3977425,0.452654333,0.417961818,0.3447775,0.484181667,0.508877705,0.534273778,0.5423829,0.41647,0.530175455,0.492511569,0.479648136,0.271163333,0.414038889,0.578824,0.508603,0.494433333,0.455964651,0.474631579,0.482516667,0.299055556,0.29942,0.52101,0.51602,0.13012,0.318610833,0.576917143,0.59058,0.574693947,0.443622857,0.373827778,0.292729683,0.61967,0.382058,0.372391667,0.447987143,0.405247143,0.396805,0.425367333,0.414975455,0.4638012,0.436263333
857,0.565493333,0.49971,0.34198875,0.375815,0.455322857,0.380702,0.221563333,0.345474,0.256646316,0.267547429,0.214547143,0.159591429,0.215685,0.27972,0.330634138,0.402293509,0.49686,0.366288462,0.335137273,0.40651,0.365241714,0.294689464,0.29947625,0.22625875,0.289076667,0.376743667,0.317675455,0.303570625,0.400041111,0.399016557,0.470753111,0.47282,0.51564,0.425380455,0.422282157,0.429716949,0.136283333,0.261055556,0.41125,0.328228,0.381176667,0.334921628,0.351698421,0.426576667,0.174988889,0.226832571,0.3458,0.33135,0.064126667,0.2198875,0.524825714,0.583886667,0.518825789,0.352947143,0.25342,0.202420317,0.48429,0.260014,0.245915,0.324153214,0.30172,0.328938333,0.269346,0.400687727,0.4124324,0.45209
858,0.410936667,0.46504,0.0,0.175775,0.337367143,0.316436,0.125936667,0.0152868,0.0,0.0,0.0,0.0,0.0,0.0,0.193385172,0.192052807,0.32835,0.170011538,0.180572424,0.24473,0.202745714,0.022927679,0.022249375,0.0,0.207125833,0.212875,0.209513636,0.1890725,0.284998889,0.280121639,0.299067778,0.3464798,0.34652,0.248919091,0.265953725,0.263037627,0.0,0.0,0.0,0.0,0.0,0.064957674,0.016616316,0.168413333,0.00978,0.059840571,0.0,0.0,0.0,0.0,0.295372857,0.350086667,0.375970263,0.321611429,0.000198889,0.038278095,0.0,0.0,0.0,0.116898571,3.81e-6,0.072461667,0.162833333,0.26082,0.2139596,0.216591667
859,0.36484,0.38002,0.0,0.06475,0.198935714,0.15777,0.0,0.0,0.0,0.0,0.0,0.0,0.0,0.0,0.0,0.0,0.0,0.0,0.0,0.0,0.0,0.0,0.0,0.0,0.0,0.0,0.0,0.0,0.0,0.0,0.0,0.0216025,0.0,0.0,1.24e-5,0.00348322,0.0,0.0,0.0,0.0,0.0,0.0,0.0,0.0,0.0,0.0,0.0,0.0,0.0,0.0,0.203958571,0.31628,0.236976579,0.173268571,0.0,0.0,0.0,0.0,0.0,0.0,0.0,0.0,0.0,0.0,0.0,0.0
860,0.0,0.0,0.0,0.0,0.0,0.0,0.0,0.0,0.0,0.0,0.0,0.0,0.0,0.0,0.0,0.0,0.0,0.0,0.0,0.0,0.0,0.0,0.0,0.0,0.0,0.0,0.0,0.0,0.0,0.0,0.0,0.0,0.0,0.0,0.0,0.0,0.0,0.0,0.0,0.0,0.0,0.0,0.0,0.0,0.0,0.0,0.0,0.0,0.0,0.0,0.0,0.0,0.0,0.0,0.0,0.0,0.0,0.0,0.0,0.0,0.0,0.0,0.0,0.0,0.0,0.0
861,0.0,0.0,0.0,0.0,0.0,0.0,0.0,0.0,0.0,0.0,0.0,0.0,0.0,0.0,0.0,0.0,0.0,0.0,0.0,0.0,0.0,0.0,0.0,0.0,0.0,0.0,0.0,0.0,0.0,0.0,0.0,0.0,0.0,0.0,0.0,0.0,0.0,0.0,0.0,0.0,0.0,0.0,0.0,0.0,0.0,0.0,0.0,0.0,0.0,0.0,0.0,0.0,0.0,0.0,0.0,0.0,0.0,0.0,0.0,0.0,0.0,0.0,0.0,0.0,0.0,0.0
862,0.0,0.0,0.0,0.0,0.0,0.0,0.0,0.0,0.0,0.0,0.0,0.0,0.0,0.0,0.0,0.0,0.0,0.0,0.0,0.0,0.0,0.0,0.0,0.0,0.0,0.0,0.0,0.0,0.0,0.0,0.0,0.0,0.0,0.0,0.0,0.0,0.0,0.0,0.0,0.0,0.0,0.0,0.0,0.0,0.0,0.0,0.0,0.0,0.0,0.0,0.0,0.0,0.0,0.0,0.0,0.0,0.0,0.0,0.0,0.0,0.0,0.0,0.0,0.0,0.0,0.0
863,0.0,0.0,0.0,0.0,0.0,0.0,0.0,0.0,0.0,0.0,0.0,0.0,0.0,0.0,0.0,0.0,0.0,0.0,0.0,0.0,0.0,0.0,0.0,0.0,0.0,0.0,0.0,0.0,0.0,0.0,0.0,0.0,0.0,0.0,0.0,0.0,0.0,0.0,0.0,0.0,0.0,0.0,0.0,0.0,0.0,0.0,0.0,0.0,0.0,0.0,0.0,0.0,0.0,0.0,0.0,0.0,0.0,0.0,0.0,0.0,0.0,0.0,0.0,0.0,0.0,0.0
864,0.0,0.0,0.0,0.0,0.0,0.0,0.0,0.0,0.0,0.0,0.0,0.0,0.0,0.0,0.0,0.0,0.0,0.0,0.0,0.0,0.0,0.0,0.0,0.0,0.0,0.0,0.0,0.0,0.0,0.0,0.0,0.0,0.0,0.0,0.0,0.0,0.0,0.0,0.0,0.0,0.0,0.0,0.0,0.0,0.0,0.0,0.0,0.0,0.0,0.0,0.0,0.0,0.0,0.0,0.0,0.0,0.0,0.0,0.0,0.0,0.0,0.0,0.0,0.0,0.0,0.0
865,0.0,0.0,0.0,0.0,0.0,0.0,0.0,0.0,0.0,0.0,0.0,0.0,0.0,0.0,0.0,0.0,0.0,0.0,0.0,0.0,0.0,0.0,0.0,0.0,0.0,0.0,0.0,0.0,0.0,0.0,0.0,0.0,0.0,0.0,0.0,0.0,0.0,0.0,0.0,0.0,0.0,0.0,0.0,0.0,0.0,0.0,0.0,0.0,0.0,0.0,0.0,0.0,0.0,0.0,0.0,0.0,0.0,0.0,0.0,0.0,0.0,0.0,0.0,0.0,0.0,0.0
866,0.0,0.0,0.0,0.0,0.0,0.0,0.0,0.0,0.0,0.0,0.0,0.0,0.0,0.0,0.0,0.0,0.0,0.0,0.0,0.0,0.0,0.0,0.0,0.0,0.0,0.0,0.0,0.0,0.0,0.0,0.0,0.0,0.0,0.0,0.0,0.0,0.0,0.0,0.0,0.0,0.0,0.0,0.0,0.0,0.0,0.0,0.0,0.0,0.0,0.0,0.0,0.0,0.0,0.0,0.0,0.0,0.0,0.0,0.0,0.0,0.0,0.0,0.0,0.0,0.0,0.0
867,0.0,0.0,0.0,0.0,0.0,0.0,0.0,0.0,0.0,0.0,0.0,0.0,0.0,0.0,0.0,0.0,0.0,0.0,0.0,0.0,0.0,0.0,0.0,0.0,0.0,0.0,0.0,0.0,0.0,0.0,0.0,0.0,0.0,0.0,0.0,0.0,0.0,0.0,0.0,0.0,0.0,0.0,0.0,0.0,0.0,0.0,0.0,0.0,0.0,0.0,0.0,0.0,0.0,0.0,0.0,0.0,0.0,0.0,0.0,0.0,0.0,0.0,0.0,0.0,0.0,0.0
868,0.0,0.0,0.0,0.0,0.0,0.0,0.0,0.0,0.0,0.0,0.0,0.0,0.0,0.0,0.0,0.0,0.0,0.0,0.0,0.0,0.0,0.0,0.0,0.0,0.0,0.0,0.0,0.0,0.0,0.0,0.0,0.0,0.0,0.0,0.0,0.0,0.0,0.0,0.0,0.0,0.0,0.0,0.0,0.0,0.0,0.0,0.0,0.0,0.0,0.0,0.0,0.0,0.0,0.0,0.0,0.0,0.0,0.0,0.0,0.0,0.0,0.0,0.0,0.0,0.0,0.0
869,0.0,0.0,0.0,0.0,0.0,0.0,0.0,0.0,0.0,0.0,0.0,0.0,0.0,0.0,0.0,0.0,0.0,0.0,0.0,0.0,0.0,0.0,0.0,0.0,0.0,0.0,0.0,0.0,0.0,0.0,0.0,0.0,0.0,0.0,0.0,0.0,0.0,0.0,0.0,0.0,0.0,0.0,0.0,0.0,0.0,0.0,0.0,0.0,0.0,0.0,0.0,0.0,0.0,0.0,0.0,0.0,0.0,0.0,0.0,0.0,0.0,0.0,0.0,0.0,0.0,0.0
870,0.0,0.0,0.0,0.0,0.0,0.0,0.0,0.0,0.0,0.0,0.0,0.0,0.0,0.0,0.0,0.0,0.0,0.0,0.0,0.0,0.0,0.0,0.0,0.0,0.0,0.0,0.0,0.0,0.0,0.0,0.0,0.0,0.0,0.0,0.0,0.0,0.0,0.0,0.0,0.0,0.0,0.0,0.0,0.0,0.0,0.0,0.0,0.0,0.0,0.0,0.0,0.0,0.0,0.0,0.0,0.0,0.0,0.0,0.0,0.0,0.0,0.0,0.0,0.0,0.0,0.0
871,0.0,0.0,0.41053,0.0,0.0,0.0,0.14277,0.252306267,0.389704737,0.338588286,0.247475714,0.295844286,0.239435,0.18937,3.1e-6,0.0,0.0,0.265765385,0.284281212,0.31707,0.173165143,0.054396071,1.81e-5,0.14757,0.0,0.0,0.0,0.0,0.0,0.0,0.0,0.0,0.0,0.192668636,0.003026275,0.043829831,0.330183333,0.435783333,0.44785,0.448853,0.47826,0.306945116,0.288624737,0.0,0.0,0.0,0.00074,0.0004,0.321926667,0.435770833,0.0,0.0,0.0,0.0,0.0,0.0,0.0,0.0,0.36432,0.0,0.0,0.0,0.045476,0.0,0.0793828,0.142593333
872,0.0,0.0,0.547425,0.018345,0.033857143,0.04266,0.387633333,0.485219067,0.606848947,0.618041429,0.478540714,0.422578571,0.369485,0.36104,0.283904138,0.302545614,0.448133333,0.47602,0.474686667,0.52631,0.361097714,0.408217143,0.3662175,0.390456875,0.26449,0.225757833,0.160835455,0.187241875,0.279931667,0.279428689,0.385877778,0.2559782,0.04911,0.399577273,0.324823137,0.235178305,0.522463333,0.57299,0.609062,0.636969,0.663363333,0.499548605,0.462445789,0.218016667,0.092027778,0.101102,0.27677,0.44212,0.581156667,0.593565,0.0002,0.0,0.055987632,0.07546,0.106651111,0.017460159,0.00559,0.04041,0.494823333,0.286097857,0.22618,0.162628333,0.328068667,0.421267273,0.4798596,0.458586667
873,0.41195,0.46127,0.60716875,0.06134,0.155997143,0.0861,0.554043333,0.588997467,0.688937368,0.699376857,0.562827143,0.489748571,0.466355,0.52348,0.419663448,0.497395088,0.63136,0.549086923,0.502280909,0.70214,0.488985714,0.534527321,0.517024063,0.602723125,0.412896667,0.373441167,0.398264545,0.377325625,0.433776667,0.471860656,0.577408,0.4918688,0.27694,0.481223182,0.497051176,0.377902712,0.615391667,0.640705556,0.737242,0.72631,0.757436667,0.64243093,0.585638947,0.349593333,0.134458889,0.261268286,0.35189,0.57362,0.62019,0.6293625,0.356128571,0.51445,0.427258947,0.222052143,0.368662222,0.126428889,0.0317,0.168486,0.525688333,0.417730714,0.338274286,0.273638333,0.428274,0.578199545,0.6334124,0.590213333
874,0.620773333,0.63274,0.67006625,0.208615,0.282118571,0.195776,0.595533333,0.618920533,0.722781053,0.718517143,0.66033,0.658613333,0.66368,0.6033,0.481581034,0.563961579,0.67793,0.577516154,0.548437879,0.70516,0.52472,0.581624286,0.569926563,0.64929375,0.470436667,0.505622833,0.555471818,0.486670625,0.526135556,0.538991311,0.646343111,0.6162379,0.39943,0.542036364,0.556986667,0.446667288,0.726433333,0.672416667,0.76907,0.748529,0.780216667,0.696753023,0.626840526,0.525546667,0.216112222,0.349968857,0.51687,0.58194,0.730343333,0.675479167,0.54499,0.654326667,0.602471579,0.296737143,0.408688889,0.236944603,0.43972,0.207816,0.574251667,0.470976071,0.306813333,0.401861667,0.51695,0.631987273,0.6898324,0.632566667
875,0.69246,0.69582,0.68896375,0.334545,0.336307143,0.249632,0.57609,0.667710533,0.719865263,0.711822286,0.69534,0.639798095,0.601825,0.55619,0.536609655,0.591654737,0.665333333,0.657891538,0.580561212,0.69358,0.551723143,0.611908393,0.566856563,0.65837875,0.4437775,0.523873333,0.596467273,0.50364,0.568774444,0.577609016,0.673733778,0.6521286,0.53541,0.510124545,0.608396078,0.497982034,0.715288333,0.707497778,0.774632,0.759178,0.78611,0.732879302,0.716438421,0.49349,0.369202222,0.361628,0.48631,0.57234,0.715073333,0.699061667,0.546228571,0.69133,0.643278158,0.394502857,0.415616667,0.298151746,0.33041,0.295086,0.642113333,0.481901071,0.348619048,0.371026667,0.599122667,0.661777727,0.7112544,0.716053333
876,0.720776667,0.7139,0.714845,0.409675,0.352851429,0.327042,0.593343333,0.650769733,0.721976842,0.676227714,0.676215714,0.60056619,0.44906,0.56463,0.586516207,0.580277018,0.676283333,0.623301538,0.58404,0.68674,0.584809143,0.577553571,0.55587875,0.5939225,0.508545,0.5135485,0.597862727,0.502490625,0.597123333,0.601976066,0.6773,0.6577236,0.63969,0.476832273,0.611372353,0.514480847,0.682016667,0.676675556,0.735428,0.739621,0.740425,0.700506512,0.672499474,0.38036,0.258158889,0.302638,0.50313,0.52164,0.679043333,0.657531667,0.649962857,0.6301,0.665322105,0.449170714,0.415315556,0.332698095,0.37177,0.395398,0.658718333,0.515430714,0.389549048,0.424401667,0.606067333,0.681478636,0.6635044,0.708068333
877,0.653453333,0.66972,0.70750375,0.437395,0.410411429,0.414932,0.609683333,0.562116933,0.686682105,0.636386571,0.72265,0.60026,0.57483,0.5688,0.557939655,0.561685439,0.66266,0.629876923,0.476961515,0.64953,0.562510857,0.554150357,0.566985938,0.5716225,0.521095,0.495737667,0.569659091,0.5062225,0.642011667,0.607170656,0.652850222,0.5853958,0.46682,0.464831364,0.598578627,0.536883051,0.721473333,0.606902222,0.71162,0.709152,0.716393333,0.639347674,0.568425789,0.297133333,0.330622222,0.307022286,0.50575,0.54246,0.666876667,0.605544167,0.571442857,0.651253333,0.609316579,0.517178571,0.430172222,0.348199365,0.29833,0.38033,0.642978333,0.526758929,0.414678095,0.439365,0.604597333,0.676064545,0.623502,0.6462
878,0.64898,0.6254,0.67712625,0.405615,0.438927143,0.364622,0.57224,0.535432267,0.697408421,0.618955429,0.66719,0.539769524,0.442775,0.51855,0.519025862,0.521120175,0.647203333,0.627165385,0.576042121,0.63398,0.577640286,0.517512321,0.533174375,0.477905,0.500499167,0.5152885,0.567356364,0.53507375,0.588770556,0.595321639,0.626505556,0.5795424,0.49559,0.478237273,0.543859412,0.544490339,0.699488333,0.601081111,0.733204,0.653457,0.72566,0.638387209,0.622547368,0.201246667,0.285477778,0.261319429,0.44276,0.38872,0.65627,0.612106667,0.589857143,0.63524,0.564859474,0.454755,0.435527778,0.329497937,0.22709,0.299438,0.656486667,0.550470357,0.442598571,0.383861667,0.517832,0.644499545,0.589248,0.616068333
879,0.57426,0.58284,0.66547375,0.23578,0.518132857,0.398972,0.57361,0.451320133,0.672051579,0.552041714,0.625980714,0.472146667,0.362615,0.44269,0.424842414,0.49031,0.6374,0.573779231,0.503165758,0.55511,0.513780857,0.446583929,0.466669688,0.39159875,0.4102425,0.4750975,0.475111818,0.51685125,0.530723333,0.523819344,0.591306667,0.5452103,0.44132,0.45131,0.523862549,0.48374339,0.610711667,0.48979,0.693104,0.531524,0.687926667,0.561916512,0.549522105,0.282226667,0.288752222,0.206381714,0.3994,0.41274,0.58753,0.577945833,0.390191429,0.599996667,0.537614737,0.381357857,0.373161111,0.305416825,0.17146,0.13976,0.611435,0.439564643,0.403296667,0.316858333,0.454664,0.592802273,0.5550756,0.561295
880,0.623196667,0.63602,0.572825,0.343055,0.380694286,0.383656,0.53473,0.346437867,0.582467368,0.473153143,0.537541429,0.441930476,0.390365,0.35385,0.39418069,0.493898772,0.60543,0.502618462,0.457760909,0.55251,0.450718857,0.415324107,0.444590313,0.359763125,0.400215833,0.418133333,0.361643636,0.45416125,0.495553889,0.503003279,0.521492,0.5159705,0.61912,0.417763182,0.488500196,0.491860169,0.458405,0.4777,0.555666,0.398978,0.622091667,0.487006512,0.534607895,0.318116667,0.15664,0.173665143,0.53468,0.39546,0.53157,0.501218333,0.402064286,0.600036667,0.441317368,0.475892857,0.213435556,0.262987937,0.34783,0.131914,0.555981667,0.363579643,0.287745714,0.255668333,0.40284,0.555026364,0.5344424,0.521653333
881,0.621453333,0.48922,0.33554875,0.252795,0.256252857,0.230354,0.415313333,0.243240133,0.441353158,0.332805429,0.392642857,0.251702381,0.304895,0.24335,0.27946069,0.361545088,0.439363333,0.417956154,0.296495152,0.4741,0.356121429,0.292906429,0.284540625,0.23487625,0.31272,0.353759,0.351268182,0.41042375,0.369402222,0.352079016,0.359119333,0.4235249,0.40544,0.306252727,0.34206,0.343702373,0.328496667,0.345017778,0.44158,0.384225,0.477175,0.373932558,0.369846842,0.32375,0.085052222,0.153462857,0.32145,0.28535,0.37746,0.379595833,0.234128571,0.499263333,0.405242368,0.362127857,0.142554444,0.161061905,0.20604,0.049834,0.368251667,0.296815357,0.197622381,0.12458,0.307715333,0.428715,0.3929312,0.429188333
882,0.53956,0.57291,0.0,0.191775,0.193037143,0.1575,0.28551,0.017440267,0.0,0.0,0.0,0.0,0.0,0.0,0.146531034,0.176550175,0.277923333,0.176898462,0.163499394,0.29468,0.211350571,0.025343393,0.026085,0.0,0.209930833,0.209994333,0.212284545,0.180579375,0.265436111,0.261775082,0.238829556,0.2996546,0.31285,0.174590909,0.183117059,0.227300678,0.0,0.0,0.0,0.0,0.0,0.074766512,0.0156,0.219733333,0.002211111,0.043109429,0.0,0.0,0.0,0.0,0.144412857,0.228106667,0.289675,0.296936429,0.0,0.028801111,0.0,0.0,0.0,0.093829286,3.33e-6,0.039403333,0.185184,0.284658182,0.200356,0.233866667
883,0.258453333,0.29665,0.0,0.08757,0.081845714,0.094276,0.0,0.0,0.0,0.0,0.0,0.0,0.0,0.0,0.0,0.0,0.0,0.0,0.0,0.0,0.0,0.0,0.0,0.0,0.0,0.0,0.0,0.0,0.0,0.0,0.0,0.0080473,0.0,0.0,3.02e-5,0.000495593,0.0,0.0,0.0,0.0,0.0,0.0,0.0,0.0,0.0,0.0,0.0,0.0,0.0,0.0,0.088967143,0.143256667,0.146024474,0.140346429,0.0,0.0,0.0,0.0,0.0,0.0,0.0,0.0,0.0,0.0,0.0,0.0
884,0.0,0.0,0.0,0.0,0.0,0.0,0.0,0.0,0.0,0.0,0.0,0.0,0.0,0.0,0.0,0.0,0.0,0.0,0.0,0.0,0.0,0.0,0.0,0.0,0.0,0.0,0.0,0.0,0.0,0.0,0.0,0.0,0.0,0.0,0.0,0.0,0.0,0.0,0.0,0.0,0.0,0.0,0.0,0.0,0.0,0.0,0.0,0.0,0.0,0.0,0.0,0.0,0.0,0.0,0.0,0.0,0.0,0.0,0.0,0.0,0.0,0.0,0.0,0.0,0.0,0.0
885,0.0,0.0,0.0,0.0,0.0,0.0,0.0,0.0,0.0,0.0,0.0,0.0,0.0,0.0,0.0,0.0,0.0,0.0,0.0,0.0,0.0,0.0,0.0,0.0,0.0,0.0,0.0,0.0,0.0,0.0,0.0,0.0,0.0,0.0,0.0,0.0,0.0,0.0,0.0,0.0,0.0,0.0,0.0,0.0,0.0,0.0,0.0,0.0,0.0,0.0,0.0,0.0,0.0,0.0,0.0,0.0,0.0,0.0,0.0,0.0,0.0,0.0,0.0,0.0,0.0,0.0
886,0.0,0.0,0.0,0.0,0.0,0.0,0.0,0.0,0.0,0.0,0.0,0.0,0.0,0.0,0.0,0.0,0.0,0.0,0.0,0.0,0.0,0.0,0.0,0.0,0.0,0.0,0.0,0.0,0.0,0.0,0.0,0.0,0.0,0.0,0.0,0.0,0.0,0.0,0.0,0.0,0.0,0.0,0.0,0.0,0.0,0.0,0.0,0.0,0.0,0.0,0.0,0.0,0.0,0.0,0.0,0.0,0.0,0.0,0.0,0.0,0.0,0.0,0.0,0.0,0.0,0.0
887,0.0,0.0,0.0,0.0,0.0,0.0,0.0,0.0,0.0,0.0,0.0,0.0,0.0,0.0,0.0,0.0,0.0,0.0,0.0,0.0,0.0,0.0,0.0,0.0,0.0,0.0,0.0,0.0,0.0,0.0,0.0,0.0,0.0,0.0,0.0,0.0,0.0,0.0,0.0,0.0,0.0,0.0,0.0,0.0,0.0,0.0,0.0,0.0,0.0,0.0,0.0,0.0,0.0,0.0,0.0,0.0,0.0,0.0,0.0,0.0,0.0,0.0,0.0,0.0,0.0,0.0
888,0.0,0.0,0.0,0.0,0.0,0.0,0.0,0.0,0.0,0.0,0.0,0.0,0.0,0.0,0.0,0.0,0.0,0.0,0.0,0.0,0.0,0.0,0.0,0.0,0.0,0.0,0.0,0.0,0.0,0.0,0.0,0.0,0.0,0.0,0.0,0.0,0.0,0.0,0.0,0.0,0.0,0.0,0.0,0.0,0.0,0.0,0.0,0.0,0.0,0.0,0.0,0.0,0.0,0.0,0.0,0.0,0.0,0.0,0.0,0.0,0.0,0.0,0.0,0.0,0.0,0.0
889,0.0,0.0,0.0,0.0,0.0,0.0,0.0,0.0,0.0,0.0,0.0,0.0,0.0,0.0,0.0,0.0,0.0,0.0,0.0,0.0,0.0,0.0,0.0,0.0,0.0,0.0,0.0,0.0,0.0,0.0,0.0,0.0,0.0,0.0,0.0,0.0,0.0,0.0,0.0,0.0,0.0,0.0,0.0,0.0,0.0,0.0,0.0,0.0,0.0,0.0,0.0,0.0,0.0,0.0,0.0,0.0,0.0,0.0,0.0,0.0,0.0,0.0,0.0,0.0,0.0,0.0
890,0.0,0.0,0.0,0.0,0.0,0.0,0.0,0.0,0.0,0.0,0.0,0.0,0.0,0.0,0.0,0.0,0.0,0.0,0.0,0.0,0.0,0.0,0.0,0.0,0.0,0.0,0.0,0.0,0.0,0.0,0.0,0.0,0.0,0.0,0.0,0.0,0.0,0.0,0.0,0.0,0.0,0.0,0.0,0.0,0.0,0.0,0.0,0.0,0.0,0.0,0.0,0.0,0.0,0.0,0.0,0.0,0.0,0.0,0.0,0.0,0.0,0.0,0.0,0.0,0.0,0.0
891,0.0,0.0,0.0,0.0,0.0,0.0,0.0,0.0,0.0,0.0,0.0,0.0,0.0,0.0,0.0,0.0,0.0,0.0,0.0,0.0,0.0,0.0,0.0,0.0,0.0,0.0,0.0,0.0,0.0,0.0,0.0,0.0,0.0,0.0,0.0,0.0,0.0,0.0,0.0,0.0,0.0,0.0,0.0,0.0,0.0,0.0,0.0,0.0,0.0,0.0,0.0,0.0,0.0,0.0,0.0,0.0,0.0,0.0,0.0,0.0,0.0,0.0,0.0,0.0,0.0,0.0
892,0.0,0.0,0.0,0.0,0.0,0.0,0.0,0.0,0.0,0.0,0.0,0.0,0.0,0.0,0.0,0.0,0.0,0.0,0.0,0.0,0.0,0.0,0.0,0.0,0.0,0.0,0.0,0.0,0.0,0.0,0.0,0.0,0.0,0.0,0.0,0.0,0.0,0.0,0.0,0.0,0.0,0.0,0.0,0.0,0.0,0.0,0.0,0.0,0.0,0.0,0.0,0.0,0.0,0.0,0.0,0.0,0.0,0.0,0.0,0.0,0.0,0.0,0.0,0.0,0.0,0.0
893,0.0,0.0,0.0,0.0,0.0,0.0,0.0,0.0,0.0,0.0,0.0,0.0,0.0,0.0,0.0,0.0,0.0,0.0,0.0,0.0,0.0,0.0,0.0,0.0,0.0,0.0,0.0,0.0,0.0,0.0,0.0,0.0,0.0,0.0,0.0,0.0,0.0,0.0,0.0,0.0,0.0,0.0,0.0,0.0,0.0,0.0,0.0,0.0,0.0,0.0,0.0,0.0,0.0,0.0,0.0,0.0,0.0,0.0,0.0,0.0,0.0,0.0,0.0,0.0,0.0,0.0
894,0.0,0.0,0.0,0.0,0.0,0.0,0.0,0.0,0.0,0.0,0.0,0.0,0.0,0.0,0.0,0.0,0.0,0.0,0.0,0.0,0.0,0.0,0.0,0.0,0.0,0.0,0.0,0.0,0.0,0.0,0.0,0.0,0.0,0.0,0.0,0.0,0.0,0.0,0.0,0.0,0.0,0.0,0.0,0.0,0.0,0.0,0.0,0.0,0.0,2.67e-5,0.0,0.0,0.0,0.0,0.0,0.0,0.0,0.0,0.0,0.0,0.0,0.0,0.0,0.0,0.0,0.0
895,0.0,0.0,0.3874325,0.0,0.0,0.0,0.020813333,0.232523333,0.18618,0.169912857,0.162682143,0.279148571,0.242615,0.03214,1.72e-6,0.0,0.0,0.310432308,0.140204848,0.04224,0.164911714,0.0543325,8.13e-6,0.172253125,0.0,0.0,0.0,0.0,0.0,0.0,0.0,0.0,0.0,0.105956364,0.002575686,0.038293898,0.332825,0.310776667,0.296208,0.444861,0.262436667,0.274637442,0.284413684,0.0,0.0,0.0,0.0,0.0,0.262913333,0.3057375,0.0,0.0,0.0,0.0,0.0,0.0,0.0,0.0,0.315501667,0.0,0.0,0.0,0.050672,0.0,0.0740272,0.104686667
896,0.0,0.0,0.46599375,0.059225,0.068235714,0.086602,0.070526667,0.457095867,0.384665789,0.395150857,0.308206429,0.494641429,0.41798,0.00866,0.31436931,0.306619649,0.35123,0.567379231,0.271586061,0.09292,0.323595429,0.357568036,0.26918125,0.400188125,0.218109167,0.196477833,0.176886364,0.10248625,0.356648333,0.330397213,0.364244222,0.2123648,0.11115,0.261189545,0.284714118,0.238563559,0.559038333,0.542252222,0.478002,0.553504,0.505341667,0.466096279,0.460980526,0.09789,0.001836667,0.033918571,0.07406,0.02594,0.636686667,0.482969167,0.0002,0.0,0.045190526,0.299383571,0.117538889,0.053969841,0.00308,0.058038,0.480053333,0.209786429,0.168465714,0.08537,0.388076,0.434253636,0.5081744,0.419255
897,0.36873,0.12878,0.6517925,0.204885,0.126798571,0.251004,0.167053333,0.594925467,0.589148947,0.570033429,0.545912143,0.545891905,0.50276,0.0456,0.476611034,0.465928772,0.56036,0.666664615,0.456238485,0.17036,0.428,0.500239643,0.39851625,0.573181875,0.333141667,0.301286833,0.307099091,0.2285275,0.552386667,0.553301148,0.537152,0.3885438,0.3055,0.429833182,0.457148039,0.397082373,0.716731667,0.628711111,0.663358,0.675999,0.704896667,0.612908372,0.627545789,0.043743333,0.017227778,0.129867143,0.14717,0.06509,0.71529,0.5430875,0.136847143,0.234883333,0.250175526,0.555196429,0.28439,0.256528413,0.02299,0.314434,0.620648333,0.297826786,0.199389048,0.127671667,0.542597333,0.587985455,0.651632,0.628175
898,0.565833333,0.28127,0.66495125,0.25427,0.242705714,0.360564,0.308436667,0.6374844,0.644840526,0.651511429,0.594842857,0.56725619,0.47641,0.02384,0.591472759,0.533263158,0.649486667,0.706053846,0.497831818,0.27041,0.460072286,0.578466429,0.460685313,0.615585,0.4443825,0.403467833,0.384012727,0.306310625,0.657175556,0.639656557,0.637686222,0.5111396,0.22014,0.495528182,0.520756863,0.427348136,0.768413333,0.631207778,0.72543,0.704841,0.738346667,0.677088605,0.646836316,0.152983333,0.100728889,0.225946857,0.33439,0.19428,0.747363333,0.539943333,0.251412857,0.313156667,0.372382895,0.636722143,0.40338,0.374464921,0.65477,0.43333,0.625658333,0.338156071,0.235680476,0.166138333,0.598497333,0.666593182,0.6975052,0.679168333
899,0.663216667,0.43271,0.70109,0.36899,0.329687143,0.434224,0.37736,0.681324667,0.681748947,0.693213429,0.657655,0.575984762,0.57063,0.04411,0.651096897,0.602202982,0.65088,0.716140769,0.573537273,0.41067,0.513051143,0.623628214,0.52615,0.66472125,0.517501667,0.410521167,0.407292727,0.32642875,0.679991667,0.678777869,0.662090667,0.5738096,0.32764,0.583310455,0.571919608,0.478855763,0.745045,0.570631111,0.730486,0.701117,0.737783333,0.686047442,0.639121579,0.145666667,0.175464444,0.286331143,0.46176,0.16547,0.733326667,0.589275833,0.350127143,0.411293333,0.455966316,0.735908571,0.44943,0.430505714,0.67239,0.44678,0.692881667,0.404797143,0.329767143,0.26304,0.658026667,0.681681364,0.707516,0.658956667
900,0.668826667,0.665,0.7028125,0.457455,0.379577143,0.435528,0.406426667,0.677302933,0.676166842,0.702338571,0.635698571,0.642368095,0.67998,0.02222,0.631649655,0.617392807,0.642546667,0.639651538,0.548691515,0.44391,0.523011429,0.615421964,0.496361563,0.566755,0.499368333,0.3848295,0.431738182,0.321244375,0.675905,0.650955246,0.643122889,0.5852814,0.37917,0.602772727,0.57720549,0.516208983,0.709195,0.598616667,0.715432,0.690796,0.712158333,0.680094884,0.582693684,0.138103333,0.208574444,0.268473429,0.28265,0.14289,0.67864,0.6229975,0.378442857,0.418636667,0.476362105,0.736195714,0.445413333,0.468455556,0.62276,0.441122,0.690766667,0.380615357,0.339263333,0.266901667,0.652510667,0.668781364,0.6741936,0.674663333
901,0.56865,0.58517,0.69144375,0.512475,0.474518571,0.510956,0.394896667,0.572052267,0.695730526,0.671784571,0.645080714,0.612054762,0.64663,0.02658,0.573269655,0.602962456,0.648416667,0.592260769,0.603515455,0.66636,0.549117714,0.574750714,0.487527188,0.538708125,0.523426667,0.353611,0.399555455,0.256275,0.656692778,0.612558033,0.629309778,0.5546216,0.43334,0.618632727,0.553969216,0.533778983,0.680365,0.605393333,0.652054,0.659776,0.698228333,0.639052093,0.637486316,0.0872,0.142303333,0.233994,0.19309,0.19915,0.649426667,0.625876667,0.520008571,0.527236667,0.503133947,0.751304286,0.457987778,0.432844127,0.57415,0.407416,0.659915,0.374251071,0.301527619,0.25634,0.552954,0.619759545,0.5496284,0.619841667
902,0.604836667,0.64454,0.70274375,0.4742,0.446515714,0.341754,0.393736667,0.5254072,0.643194211,0.640399714,0.696848571,0.547135714,0.56717,0.19597,0.539535517,0.577946667,0.64206,0.583786923,0.572977273,0.65788,0.497219143,0.545240893,0.502037813,0.5403475,0.483055833,0.373373,0.37584,0.26862,0.603251667,0.550484098,0.596211778,0.5350646,0.44244,0.501326364,0.540061961,0.518354746,0.604271667,0.518296667,0.648048,0.625011,0.64615,0.583094651,0.593343158,0.078946667,0.216046667,0.252492,0.17685,0.2065,0.53387,0.546559167,0.458422857,0.583953333,0.572296316,0.691138571,0.44993,0.433700317,0.53607,0.355334,0.641868333,0.400546071,0.293794762,0.258255,0.478235333,0.593792273,0.5480672,0.58311
903,0.592876667,0.60137,0.60697375,0.473235,0.427054286,0.468462,0.339026667,0.448500667,0.601972105,0.584546286,0.583878571,0.561325714,0.41829,0.13106,0.483435517,0.53813,0.607056667,0.541270769,0.550424848,0.67936,0.533902857,0.530859464,0.460870938,0.53976125,0.508646667,0.3919675,0.359367273,0.260023125,0.559236667,0.566612459,0.578033556,0.5551447,0.59041,0.446051818,0.534221176,0.503411186,0.438955,0.476303333,0.483632,0.474969,0.569216667,0.544992558,0.533626316,0.102203333,0.160157778,0.270192857,0.49329,0.21561,0.54011,0.6071475,0.513094286,0.477386667,0.537074737,0.72187,0.480255556,0.428707143,0.50387,0.296656,0.525418333,0.377853929,0.255215714,0.267866667,0.41469,0.564245,0.5293316,0.601418333
904,0.590846667,0.54604,0.45061125,0.343125,0.418977143,0.359254,0.269653333,0.384629467,0.512454737,0.532194,0.556265714,0.429140476,0.427565,0.31642,0.439015517,0.54318614,0.621036667,0.43591,0.518540909,0.61123,0.479212,0.463424643,0.40459375,0.480624375,0.401624167,0.3609215,0.309255455,0.182966875,0.553649444,0.507818197,0.515138,0.5324786,0.63797,0.409849545,0.501080196,0.490639322,0.376375,0.316864444,0.462814,0.34589,0.519716667,0.473492558,0.511451053,0.13481,0.202105556,0.225545143,0.43316,0.3088,0.39975,0.391685,0.490994286,0.32996,0.549374474,0.653170714,0.442905556,0.365853016,0.50481,0.272988,0.392703333,0.376933571,0.176641429,0.163985,0.391912667,0.497548636,0.4798368,0.44907
905,0.540943333,0.55068,0.1767825,0.263285,0.353941429,0.197122,0.32331,0.273250667,0.325166316,0.330654857,0.342032857,0.219437143,0.352305,0.1929,0.352735862,0.461638772,0.554556667,0.326625385,0.414567879,0.57479,0.406015714,0.388309821,0.310525,0.382196875,0.334835,0.300876,0.256902727,0.119106875,0.460226111,0.44438459,0.438639556,0.4785526,0.53759,0.273836818,0.419375882,0.413251186,0.25053,0.152128889,0.290784,0.193637,0.314498333,0.33448,0.367885789,0.117966667,0.132645556,0.159298286,0.1567,0.25756,0.24599,0.248021667,0.361732857,0.275436667,0.488923947,0.640653571,0.328411111,0.254729206,0.42979,0.188232,0.180761667,0.293030357,0.121265714,0.111466667,0.291564,0.428060909,0.3811968,0.351525
906,0.374373333,0.34338,0.0,0.21651,0.293164286,0.115756,0.17961,0.0136304,0.0,0.0,0.0,0.0,0.0,0.0,0.186602069,0.231195439,0.349946667,0.119913846,0.219837879,0.37756,0.203286,0.021977857,0.02382625,0.0,0.12598,0.1740025,0.1768,0.072044375,0.294937778,0.283068361,0.317094667,0.3334746,0.29441,0.119825455,0.270342353,0.217928644,0.0,0.0,0.0,0.0,0.0,0.055834419,0.011041579,0.04006,0.010004444,0.049246571,0.0,0.0,0.0,0.0,0.274124286,0.21768,0.36736,0.494198571,6.33e-5,0.054457937,0.0,0.000152,0.0,0.084081071,0.0,0.022573333,0.188194667,0.27395,0.1997088,0.18237
907,0.25943,0.22039,0.0,0.002455,0.141244286,0.039196,0.0,0.0,0.0,0.0,0.0,0.0,0.0,0.0,0.0,0.0,0.0,0.0,0.0,0.0,0.0,0.0,0.0,0.0,0.0,0.0,0.0,0.0,0.0,0.0,0.0,0.0201532,0.0,0.0,1.88e-5,0.002265593,0.0,0.0,0.0,0.0,0.0,0.0,0.0,0.0,0.0,0.0,0.0,0.0,0.0,0.0,0.222227143,0.16596,0.183907105,0.290573571,0.0,0.0,0.0,0.0,0.0,0.0,0.0,0.0,0.0,0.0,0.0,0.0
908,0.0,0.0,0.0,0.0,0.0,0.0,0.0,0.0,0.0,0.0,0.0,0.0,0.0,0.0,0.0,0.0,0.0,0.0,0.0,0.0,0.0,0.0,0.0,0.0,0.0,0.0,0.0,0.0,0.0,0.0,0.0,0.0,0.0,0.0,0.0,0.0,0.0,0.0,0.0,0.0,0.0,0.0,0.0,0.0,0.0,0.0,0.0,0.0,0.0,0.0,0.0,0.0,0.0,0.0,0.0,0.0,0.0,0.0,0.0,0.0,0.0,0.0,0.0,0.0,0.0,0.0
909,0.0,0.0,0.0,0.0,0.0,0.0,0.0,0.0,0.0,0.0,0.0,0.0,0.0,0.0,0.0,0.0,0.0,0.0,0.0,0.0,0.0,0.0,0.0,0.0,0.0,0.0,0.0,0.0,0.0,0.0,0.0,0.0,0.0,0.0,0.0,0.0,0.0,0.0,0.0,0.0,0.0,0.0,0.0,0.0,0.0,0.0,0.0,0.0,0.0,0.0,0.0,0.0,0.0,0.0,0.0,0.0,0.0,0.0,0.0,0.0,0.0,0.0,0.0,0.0,0.0,0.0
910,0.0,0.0,0.0,0.0,0.0,0.0,0.0,0.0,0.0,0.0,0.0,0.0,0.0,0.0,0.0,0.0,0.0,0.0,0.0,0.0,0.0,0.0,0.0,0.0,0.0,0.0,0.0,0.0,0.0,0.0,0.0,0.0,0.0,0.0,0.0,0.0,0.0,0.0,0.0,0.0,0.0,0.0,0.0,0.0,0.0,0.0,0.0,0.0,0.0,0.0,0.0,0.0,0.0,0.0,0.0,0.0,0.0,0.0,0.0,0.0,0.0,0.0,0.0,0.0,0.0,0.0
911,0.0,0.0,0.0,0.0,0.0,0.0,0.0,0.0,0.0,0.0,0.0,0.0,0.0,0.0,0.0,0.0,0.0,0.0,0.0,0.0,0.0,0.0,0.0,0.0,0.0,0.0,0.0,0.0,0.0,0.0,0.0,0.0,0.0,0.0,0.0,0.0,0.0,0.0,0.0,0.0,0.0,0.0,0.0,0.0,0.0,0.0,0.0,0.0,0.0,0.0,0.0,0.0,0.0,0.0,0.0,0.0,0.0,0.0,0.0,0.0,0.0,0.0,0.0,0.0,0.0,0.0
912,0.0,0.0,0.0,0.0,0.0,0.0,0.0,0.0,0.0,0.0,0.0,0.0,0.0,0.0,0.0,0.0,0.0,0.0,0.0,0.0,0.0,0.0,0.0,0.0,0.0,0.0,0.0,0.0,0.0,0.0,0.0,0.0,0.0,0.0,0.0,0.0,0.0,0.0,0.0,0.0,0.0,0.0,0.0,0.0,0.0,0.0,0.0,0.0,0.0,0.0,0.0,0.0,0.0,0.0,0.0,0.0,0.0,0.0,0.0,0.0,0.0,0.0,0.0,0.0,0.0,0.0
913,0.0,0.0,0.0,0.0,0.0,0.0,0.0,0.0,0.0,0.0,0.0,0.0,0.0,0.0,0.0,0.0,0.0,0.0,0.0,0.0,0.0,0.0,0.0,0.0,0.0,0.0,0.0,0.0,0.0,0.0,0.0,0.0,0.0,0.0,0.0,0.0,0.0,0.0,0.0,0.0,0.0,0.0,0.0,0.0,0.0,0.0,0.0,0.0,0.0,0.0,0.0,0.0,0.0,0.0,0.0,0.0,0.0,0.0,0.0,0.0,0.0,0.0,0.0,0.0,0.0,0.0
914,0.0,0.0,0.0,0.0,0.0,0.0,0.0,0.0,0.0,0.0,0.0,0.0,0.0,0.0,0.0,0.0,0.0,0.0,0.0,0.0,0.0,0.0,0.0,0.0,0.0,0.0,0.0,0.0,0.0,0.0,0.0,0.0,0.0,0.0,0.0,0.0,0.0,0.0,0.0,0.0,0.0,0.0,0.0,0.0,0.0,0.0,0.0,0.0,0.0,0.0,0.0,0.0,0.0,0.0,0.0,0.0,0.0,0.0,0.0,0.0,0.0,0.0,0.0,0.0,0.0,0.0
915,0.0,0.0,0.0,0.0,0.0,0.0,0.0,0.0,0.0,0.0,0.0,0.0,0.0,0.0,0.0,0.0,0.0,0.0,0.0,0.0,0.0,0.0,0.0,0.0,0.0,0.0,0.0,0.0,0.0,0.0,0.0,0.0,0.0,0.0,0.0,0.0,0.0,0.0,0.0,0.0,0.0,0.0,0.0,0.0,0.0,0.0,0.0,0.0,0.0,0.0,0.0,0.0,0.0,0.0,0.0,0.0,0.0,0.0,0.0,0.0,0.0,0.0,0.0,0.0,0.0,0.0
916,0.0,0.0,0.0,0.0,0.0,0.0,0.0,0.0,0.0,0.0,0.0,0.0,0.0,0.0,0.0,0.0,0.0,0.0,0.0,0.0,0.0,0.0,0.0,0.0,0.0,0.0,0.0,0.0,0.0,0.0,0.0,0.0,0.0,0.0,0.0,0.0,0.0,0.0,0.0,0.0,0.0,0.0,0.0,0.0,0.0,0.0,0.0,0.0,0.0,0.0,0.0,0.0,0.0,0.0,0.0,0.0,0.0,0.0,0.0,0.0,0.0,0.0,0.0,0.0,0.0,0.0
917,0.0,0.0,0.0,0.0,0.0,0.0,0.0,0.0,0.0,0.0,0.0,0.0,0.0,0.0,0.0,0.0,0.0,0.0,0.0,0.0,0.0,0.0,0.0,0.0,0.0,0.0,0.0,0.0,0.0,0.0,0.0,0.0,0.0,0.0,0.0,0.0,0.0,0.0,0.0,0.0,0.0,0.0,0.0,0.0,0.0,0.0,0.0,0.0,0.0,0.0,0.0,0.0,0.0,0.0,0.0,0.0,0.0,0.0,0.0,0.0,0.0,0.0,0.0,0.0,0.0,0.0
918,0.0,0.0,0.0,0.0,0.0,0.0,0.0,0.0,0.0,0.0,0.0,0.0,0.0,0.0,0.0,0.0,0.0,0.0,0.0,0.0,0.0,0.0,0.0,0.0,0.0,0.0,0.0,0.0,0.0,0.0,0.0,0.0,0.0,0.0,0.0,0.0,0.0,0.0,0.0,0.0,0.0,0.0,0.0,0.0,0.0,0.0,0.0,0.0,0.0,0.0,0.0,0.0,0.0,0.0,0.0,0.0,0.0,0.0,0.0,0.0,0.0,0.0,0.0,0.0,0.0,0.0
919,0.0,0.0,0.3845075,0.0,0.0,0.0,0.01615,0.219049733,0.169425789,0.175466857,0.372989286,0.423444762,0.404665,0.05389,6.55e-6,0.0,0.0,0.292162308,0.329271212,0.28249,0.174496,0.028088036,0.0,0.069751875,0.0,0.0,0.0,0.0,0.0,0.0,0.0,0.0,0.0,0.028824091,1.82e-5,0.012070508,0.505035,0.383945556,0.407396,0.423392,0.406405,0.301566279,0.347348947,0.0,0.0,0.0,0.00018,0.0,0.31463,0.395685833,0.0,0.0,0.0,0.0,0.0,0.0,0.0,0.0,0.320336667,0.0,0.0,0.0,0.079923333,0.0,0.0436244,0.093631667
920,0.0,0.0,0.59767625,0.102865,0.046332857,0.057022,0.176003333,0.4655952,0.344301579,0.366870857,0.61308,0.608905238,0.591215,0.16562,0.309427931,0.354495263,0.40432,0.519473846,0.523985758,0.43947,0.370395143,0.323645893,0.240522188,0.17459375,0.127179167,0.0691535,0.165433636,0.054595,0.399860556,0.281621639,0.445828,0.2058367,0.11413,0.105239545,0.241181373,0.200481186,0.663325,0.515622222,0.617084,0.620207,0.610916667,0.521936512,0.590572105,0.041103333,0.065798889,0.027033143,0.22451,0.05171,0.661043333,0.49772,0.000101429,0.0,0.022046316,0.199065,0.13044,0.037311111,0.0022,0.054828,0.51019,0.08511,0.038463333,0.109508333,0.43355,0.512667273,0.4467148,0.467098333
921,0.106926667,0.09787,0.6091825,0.13329,0.130441429,0.141546,0.30185,0.609539467,0.475797895,0.504441714,0.707737143,0.626802381,0.562315,0.2711,0.476966207,0.529344035,0.567233333,0.607136923,0.606537273,0.60439,0.506809714,0.452328036,0.356603438,0.31568125,0.184125,0.131094667,0.291472727,0.11135875,0.591535,0.456509344,0.615035778,0.3602137,0.29025,0.160856818,0.411349608,0.357044407,0.70765,0.494686667,0.694676,0.654536,0.685278333,0.650828837,0.677004737,0.016346667,0.16483,0.118493429,0.31716,0.08266,0.67895,0.531020833,0.182592857,0.157493333,0.174282368,0.37917,0.358643333,0.331571746,0.02919,0.103796,0.548838333,0.197575714,0.119604762,0.1799,0.573672667,0.653811818,0.6222804,0.62771
922,0.1276,0.24417,0.59899375,0.19242,0.276594286,0.132652,0.33856,0.6480424,0.599177895,0.564900857,0.728189286,0.674789048,0.632395,0.28425,0.547199655,0.612507719,0.65377,0.654096923,0.615148788,0.67297,0.567080286,0.525636786,0.445496563,0.37388875,0.236554167,0.169125333,0.397490909,0.15644625,0.66184,0.558981803,0.676631111,0.4844075,0.32843,0.247465909,0.491837843,0.392613898,0.70191,0.51804,0.730668,0.67445,0.704466667,0.677808837,0.681997895,0.02247,0.223953333,0.168275143,0.23708,0.13801,0.6939,0.583895,0.424715714,0.38415,0.332993158,0.464860714,0.446546667,0.418056667,0.44546,0.184752,0.591806667,0.2726775,0.256039048,0.225726667,0.671461333,0.698353636,0.6650996,0.676456667
923,0.228176667,0.21938,0.54658125,0.38878,0.335684286,0.245366,0.24877,0.689091867,0.620094211,0.604247143,0.71053,0.638716667,0.67025,0.30276,0.602012414,0.640634211,0.68733,0.696704615,0.645572727,0.71014,0.628645429,0.562045179,0.439607813,0.453961875,0.306890833,0.216778833,0.427565455,0.21608875,0.680487778,0.617000984,0.690641111,0.5368296,0.45019,0.320048636,0.564197255,0.434599153,0.680795,0.613297778,0.721194,0.659657,0.707761667,0.691803488,0.652839474,0.07039,0.309115556,0.251525429,0.22532,0.3229,0.636393333,0.619000833,0.457172857,0.417806667,0.393190263,0.553480714,0.498076667,0.455768413,0.45308,0.237448,0.62325,0.3059775,0.322184762,0.200538333,0.698575333,0.710383182,0.6783868,0.665103333
924,0.353226667,0.29974,0.5767225,0.43715,0.35788,0.236272,0.317136667,0.657907867,0.622065263,0.618613429,0.696760714,0.654246667,0.67146,0.16632,0.571132414,0.61876614,0.68483,0.635784615,0.601114848,0.5943,0.567042,0.565232679,0.436346563,0.43215,0.271725833,0.282593833,0.392350909,0.27699,0.665329444,0.59750377,0.677512,0.5316315,0.43184,0.336635455,0.564808431,0.455547288,0.677198333,0.667014444,0.71971,0.679655,0.733386667,0.659901395,0.650806842,0.146003333,0.358113333,0.297932857,0.25405,0.3923,0.653243333,0.678648333,0.391482857,0.514973333,0.437949474,0.533493571,0.464012222,0.452643968,0.38994,0.348288,0.63239,0.320179643,0.343131429,0.215106667,0.694189333,0.708327727,0.6737004,0.670711667
925,0.343823333,0.43135,0.59194125,0.518605,0.405897143,0.405982,0.40288,0.591799867,0.618749474,0.560619714,0.64967,0.60738381,0.593495,0.18095,0.58531069,0.610865263,0.686046667,0.609138462,0.548417879,0.58464,0.524663429,0.519115714,0.398956875,0.441045,0.282345833,0.262010667,0.362528182,0.253239375,0.629685,0.548468525,0.631393111,0.5154611,0.41024,0.383244091,0.554344902,0.461451356,0.555835,0.614532222,0.674656,0.578603,0.723713333,0.654500465,0.627008947,0.227446667,0.304394444,0.298734571,0.29678,0.371,0.574103333,0.654314167,0.38187,0.47403,0.399977895,0.479597143,0.435388889,0.431809048,0.48721,0.403126,0.611666667,0.300783214,0.335077619,0.203096667,0.665400667,0.688175,0.5947588,0.539896667
926,0.386186667,0.45677,0.56227375,0.547815,0.35988,0.388954,0.30248,0.570165733,0.622875789,0.566897143,0.595512143,0.620128095,0.56242,0.2477,0.522186897,0.582404912,0.67847,0.617193077,0.533339697,0.56206,0.519898,0.525888929,0.393734688,0.444905,0.27288,0.264151167,0.309039091,0.254929375,0.570342778,0.486587541,0.635699556,0.4815527,0.50516,0.411790909,0.565397647,0.462536441,0.571968333,0.606792222,0.61001,0.528609,0.685031667,0.635532093,0.571629474,0.254546667,0.302524444,0.306086571,0.22748,0.23485,0.620243333,0.666128333,0.429937143,0.414736667,0.391515526,0.489385714,0.439681111,0.406602698,0.53567,0.45849,0.580043333,0.253654643,0.225535714,0.19572,0.658462,0.685494091,0.6374464,0.587596667
927,0.41366,0.40723,0.48967625,0.395135,0.345072857,0.344764,0.216493333,0.493589467,0.579600526,0.509766571,0.581532857,0.530921429,0.46944,0.14811,0.521861379,0.57778,0.673886667,0.559474615,0.525286667,0.54906,0.445143714,0.492366607,0.380744688,0.43908,0.307075833,0.265220667,0.262075455,0.206745625,0.559755556,0.472492623,0.601234222,0.5034245,0.42095,0.354319545,0.497152941,0.437069492,0.549726667,0.494385556,0.57246,0.471141,0.57245,0.60609814,0.549708421,0.35158,0.312474444,0.284137714,0.16292,0.05227,0.512766667,0.501723333,0.431292857,0.31679,0.441477632,0.390919286,0.39775,0.367448413,0.48994,0.39959,0.554431667,0.226597143,0.145719048,0.202096667,0.581628,0.665778636,0.5721596,0.537303333
928,0.347303333,0.3978,0.3357275,0.40412,0.276234286,0.335464,0.280586667,0.447395733,0.480086316,0.483248857,0.46593,0.26889381,0.202585,0.38332,0.491098966,0.530353158,0.63929,0.514766154,0.328194242,0.46386,0.374522,0.443341429,0.357520625,0.37997375,0.213520833,0.215708167,0.172601818,0.111165625,0.557505556,0.45101082,0.566043111,0.4413925,0.32914,0.312960909,0.448848039,0.401013051,0.367346667,0.258227778,0.423462,0.286667,0.520716667,0.457218837,0.321028947,0.14058,0.259323333,0.277317714,0.0325,0.05642,0.275876667,0.312218333,0.465671429,0.288183333,0.444711842,0.459073571,0.342472222,0.314064444,0.50457,0.365906,0.444675,0.179291071,0.119546667,0.209658333,0.524661333,0.592525455,0.507698,0.497481667
929,0.30503,0.26677,0.15227625,0.3627,0.249468571,0.31745,0.110836667,0.352307867,0.386872632,0.339913429,0.223240714,0.125050952,0.05933,0.23709,0.32228,0.433594035,0.53606,0.38291,0.150820909,0.41659,0.226733714,0.344079107,0.220291563,0.301055,0.1386325,0.135781667,0.120842727,0.08548,0.447556111,0.360956393,0.478471111,0.3909994,0.1072,0.144687727,0.347071765,0.289474915,0.216205,0.129903333,0.243928,0.102945,0.417448333,0.333403023,0.164394737,0.088853333,0.267637778,0.210844286,0.02225,0.05412,0.218546667,0.181705,0.335327143,0.408103333,0.419316842,0.39105,0.233555556,0.240758254,0.38481,0.349666,0.335333333,0.101332857,0.096706667,0.171593333,0.438818,0.501891364,0.4145004,0.383086667
930,0.300513333,0.22439,0.0,0.177665,0.116611429,0.180386,0.09793,0.021706533,0.0,0.0,0.0,0.0,0.0,0.0,0.20508931,0.199193684,0.322073333,0.122677692,0.061049697,0.2443,0.136332857,0.014390179,0.013241563,0.0,0.068450833,0.064171333,0.050257273,0.038864375,0.34089,0.260524754,0.300721333,0.2818888,0.02559,0.117285,0.204485294,0.170578814,0.0,0.0,0.0,0.0,0.0,0.058085116,0.006202105,0.09676,0.016688889,0.095436286,0.0,0.0,0.0,0.0,0.276444286,0.155713333,0.307592895,0.325489286,0.0,0.054665873,0.0,0.0,0.0,0.044690714,2.67e-5,0.037163333,0.243508667,0.322842727,0.2120012,0.179553333
931,0.133493333,0.05927,0.0,0.07699,0.08672,0.146344,0.0,0.0,0.0,0.0,0.0,0.0,0.0,0.0,0.0,0.0,0.0,0.0,0.0,0.0,0.0,0.0,0.0,0.0,0.0,0.0,0.0,0.0,0.0,0.0,0.0,0.005446,0.0,0.0,1.88e-5,0.000809831,0.0,0.0,0.0,0.0,0.0,0.0,0.0,0.0,0.0,0.0,0.0,0.0,0.0,0.0,0.082628571,0.079273333,0.105370526,0.240520714,0.0,0.0,0.0,0.0,0.0,0.0,0.0,0.0,0.0,0.0,0.0,0.0
932,0.0,0.0,0.0,0.0,0.0,0.0,0.0,0.0,0.0,0.0,0.0,0.0,0.0,0.0,0.0,0.0,0.0,0.0,0.0,0.0,0.0,0.0,0.0,0.0,0.0,0.0,0.0,0.0,0.0,0.0,0.0,0.0,0.0,0.0,0.0,0.0,0.0,0.0,0.0,0.0,0.0,0.0,0.0,0.0,0.0,0.0,0.0,0.0,0.0,0.0,0.0,0.0,0.0,0.0,0.0,0.0,0.0,0.0,0.0,0.0,0.0,0.0,0.0,0.0,0.0,0.0
933,0.0,0.0,0.0,0.0,0.0,0.0,0.0,0.0,0.0,0.0,0.0,0.0,0.0,0.0,0.0,0.0,0.0,0.0,0.0,0.0,0.0,0.0,0.0,0.0,0.0,0.0,0.0,0.0,0.0,0.0,0.0,0.0,0.0,0.0,0.0,0.0,0.0,0.0,0.0,0.0,0.0,0.0,0.0,0.0,0.0,0.0,0.0,0.0,0.0,0.0,0.0,0.0,0.0,0.0,0.0,0.0,0.0,0.0,0.0,0.0,0.0,0.0,0.0,0.0,0.0,0.0
934,0.0,0.0,0.0,0.0,0.0,0.0,0.0,0.0,0.0,0.0,0.0,0.0,0.0,0.0,0.0,0.0,0.0,0.0,0.0,0.0,0.0,0.0,0.0,0.0,0.0,0.0,0.0,0.0,0.0,0.0,0.0,0.0,0.0,0.0,0.0,0.0,0.0,0.0,0.0,0.0,0.0,0.0,0.0,0.0,0.0,0.0,0.0,0.0,0.0,0.0,0.0,0.0,0.0,0.0,0.0,0.0,0.0,0.0,0.0,0.0,0.0,0.0,0.0,0.0,0.0,0.0
935,0.0,0.0,0.0,0.0,0.0,0.0,0.0,0.0,0.0,0.0,0.0,0.0,0.0,0.0,0.0,0.0,0.0,0.0,0.0,0.0,0.0,0.0,0.0,0.0,0.0,0.0,0.0,0.0,0.0,0.0,0.0,0.0,0.0,0.0,0.0,0.0,0.0,0.0,0.0,0.0,0.0,0.0,0.0,0.0,0.0,0.0,0.0,0.0,0.0,0.0,0.0,0.0,0.0,0.0,0.0,0.0,0.0,0.0,0.0,0.0,0.0,0.0,0.0,0.0,0.0,0.0
936,0.0,0.0,0.0,0.0,0.0,0.0,0.0,0.0,0.0,0.0,0.0,0.0,0.0,0.0,0.0,0.0,0.0,0.0,0.0,0.0,0.0,0.0,0.0,0.0,0.0,0.0,0.0,0.0,0.0,0.0,0.0,0.0,0.0,0.0,0.0,0.0,0.0,0.0,0.0,0.0,0.0,0.0,0.0,0.0,0.0,0.0,0.0,0.0,0.0,0.0,0.0,0.0,0.0,0.0,0.0,0.0,0.0,0.0,0.0,0.0,0.0,0.0,0.0,0.0,0.0,0.0
937,0.0,0.0,0.0,0.0,0.0,0.0,0.0,0.0,0.0,0.0,0.0,0.0,0.0,0.0,0.0,0.0,0.0,0.0,0.0,0.0,0.0,0.0,0.0,0.0,0.0,0.0,0.0,0.0,0.0,0.0,0.0,0.0,0.0,0.0,0.0,0.0,0.0,0.0,0.0,0.0,0.0,0.0,0.0,0.0,0.0,0.0,0.0,0.0,0.0,0.0,0.0,0.0,0.0,0.0,0.0,0.0,0.0,0.0,0.0,0.0,0.0,0.0,0.0,0.0,0.0,0.0
938,0.0,0.0,0.0,0.0,0.0,0.0,0.0,0.0,0.0,0.0,0.0,0.0,0.0,0.0,0.0,0.0,0.0,0.0,0.0,0.0,0.0,0.0,0.0,0.0,0.0,0.0,0.0,0.0,0.0,0.0,0.0,0.0,0.0,0.0,0.0,0.0,0.0,0.0,0.0,0.0,0.0,0.0,0.0,0.0,0.0,0.0,0.0,0.0,0.0,0.0,0.0,0.0,0.0,0.0,0.0,0.0,0.0,0.0,0.0,0.0,0.0,0.0,0.0,0.0,0.0,0.0
939,0.0,0.0,0.0,0.0,0.0,0.0,0.0,0.0,0.0,0.0,0.0,0.0,0.0,0.0,0.0,0.0,0.0,0.0,0.0,0.0,0.0,0.0,0.0,0.0,0.0,0.0,0.0,0.0,0.0,0.0,0.0,0.0,0.0,0.0,0.0,0.0,0.0,0.0,0.0,0.0,0.0,0.0,0.0,0.0,0.0,0.0,0.0,0.0,0.0,0.0,0.0,0.0,0.0,0.0,0.0,0.0,0.0,0.0,0.0,0.0,0.0,0.0,0.0,0.0,0.0,0.0
940,0.0,0.0,0.0,0.0,0.0,0.0,0.0,0.0,0.0,0.0,0.0,0.0,0.0,0.0,0.0,0.0,0.0,0.0,0.0,0.0,0.0,0.0,0.0,0.0,0.0,0.0,0.0,0.0,0.0,0.0,0.0,0.0,0.0,0.0,0.0,0.0,0.0,0.0,0.0,0.0,0.0,0.0,0.0,0.0,0.0,0.0,0.0,0.0,0.0,0.0,0.0,0.0,0.0,0.0,0.0,0.0,0.0,0.0,0.0,0.0,0.0,0.0,0.0,0.0,0.0,0.0
941,0.0,0.0,0.0,0.0,0.0,0.0,0.0,0.0,0.0,0.0,0.0,0.0,0.0,0.0,0.0,0.0,0.0,0.0,0.0,0.0,0.0,0.0,0.0,0.0,0.0,0.0,0.0,0.0,0.0,0.0,0.0,0.0,0.0,0.0,0.0,0.0,0.0,0.0,0.0,0.0,0.0,0.0,0.0,0.0,0.0,0.0,0.0,0.0,0.0,0.0,0.0,0.0,0.0,0.0,0.0,0.0,0.0,0.0,0.0,0.0,0.0,0.0,0.0,0.0,0.0,0.0
942,0.0,0.0,0.0,0.0,0.0,0.0,0.0,0.0,0.0,0.0,0.0,0.0,0.0,0.0,0.0,0.0,0.0,0.0,0.0,0.0,0.0,0.0,0.0,0.0,0.0,0.0,0.0,0.0,0.0,0.0,0.0,0.0,0.0,0.0,0.0,0.0,0.0,0.0,0.0,0.0,0.0,0.0,0.0,0.0,0.0,0.0,0.0,0.0,0.0,1.17e-5,0.0,0.0,0.0,0.0,0.0,0.0,0.0,0.0,0.0,0.0,0.0,0.0,0.0,0.0,0.0,0.0
943,0.0,0.0,0.11909125,0.0,0.0,0.0,0.118216667,0.177280533,0.187797368,0.084334571,0.133194286,0.159304286,0.200235,0.00282,1.38e-6,0.0,0.0,0.187116923,0.155568182,0.00583,0.103849714,0.040792857,0.0,0.0111275,0.0,0.0,0.0,0.0,0.0,0.0,0.0,0.0,0.0,0.057247273,2.49e-5,0.012256949,0.177843333,0.113557778,0.132396,0.0971,0.088513333,0.201647907,0.162153158,0.0,0.0,0.0,0.0002,0.0,0.1162,0.272790833,0.0,0.0,0.0,0.0,0.0,0.0,0.0,0.0,0.258826667,0.0,0.0,0.0,0.073593333,0.0,0.0295016,0.05814
944,0.0,0.0,0.31556125,0.08072,0.01724,0.076948,0.23067,0.462428,0.457728421,0.295164571,0.242419286,0.361847143,0.297455,0.01586,0.279277931,0.396804737,0.451346667,0.445311538,0.315679091,0.07213,0.267273143,0.367465357,0.205622188,0.073301875,0.2402,0.088590167,0.035078182,0.050753125,0.314196111,0.221225082,0.420902889,0.179138,0.20473,0.174733182,0.250751176,0.119037797,0.27323,0.235414444,0.209342,0.276049,0.123733333,0.391243488,0.338658947,0.13827,0.033596667,0.060237429,0.32651,0.1395,0.36847,0.3986525,0.000124286,0.0,0.015800263,0.097048571,0.111498889,0.024363968,0.00104,0.037748,0.464951667,0.329206786,0.287610952,0.193388333,0.554018,0.520761818,0.468424,0.291803333
945,0.117163333,0.02741,0.44374625,0.25495,0.141431429,0.18195,0.206213333,0.5544064,0.486733158,0.315915429,0.440542857,0.570602381,0.55106,0.1036,0.439351379,0.575198947,0.624476667,0.534287692,0.374807273,0.1044,0.280346286,0.504143929,0.324170625,0.1610075,0.463555,0.243082167,0.142769091,0.1391725,0.463205,0.358238689,0.589917778,0.3810307,0.38685,0.311053636,0.395358039,0.244369831,0.46793,0.462328889,0.316266,0.417371,0.214826667,0.501240698,0.457453158,0.285056667,0.162984444,0.193943714,0.5404,0.20074,0.53114,0.5036975,0.356362857,0.186513333,0.251785789,0.092527857,0.41607,0.370736032,0.0271,0.175944,0.43103,0.545578929,0.528800952,0.379605,0.627553333,0.652673182,0.5990424,0.388831667
946,0.300336667,0.12973,0.43188625,0.390685,0.286944286,0.239406,0.305786667,0.6523744,0.520603158,0.389430286,0.426637857,0.607000476,0.572995,0.1846,0.52489,0.642390877,0.686276667,0.616966923,0.403477273,0.15956,0.382204286,0.550924464,0.36331,0.24199,0.578478333,0.412968667,0.317680909,0.268251875,0.518764444,0.476793443,0.657905556,0.5309014,0.60514,0.397567727,0.498436863,0.382884237,0.513843333,0.552756667,0.317298,0.483196,0.243343333,0.596660698,0.50983,0.460216667,0.353994444,0.345138857,0.5429,0.30483,0.623816667,0.623335833,0.456184286,0.412706667,0.447276053,0.163602857,0.463604444,0.468366667,0.33587,0.391186,0.47096,0.634966786,0.636162381,0.51677,0.695584667,0.699447727,0.671386,0.504955
947,0.303963333,0.35151,0.52816,0.502635,0.432437143,0.348524,0.563356667,0.667410267,0.555466842,0.447814,0.479985714,0.635254286,0.640065,0.166,0.574334138,0.663217193,0.69721,0.590031538,0.434516667,0.20187,0.423322,0.579956964,0.416538125,0.284234375,0.605225833,0.455640833,0.394545455,0.40396375,0.600623889,0.490648525,0.675530889,0.5755372,0.59966,0.475978182,0.552354314,0.454192203,0.604256667,0.617716667,0.472542,0.538216,0.385871667,0.61075093,0.556366842,0.57995,0.541737778,0.497905429,0.51466,0.38097,0.695366667,0.659441667,0.398675714,0.375576667,0.44848,0.210426429,0.466751111,0.495898254,0.28688,0.463116,0.577598333,0.653150714,0.652847619,0.597588333,0.70475,0.703159545,0.679376,0.512158333
948,0.300923333,0.32886,0.54440375,0.48265,0.428778571,0.44507,0.58543,0.608848933,0.597379474,0.539004286,0.517124286,0.643293333,0.66229,0.2522,0.55418069,0.65927193,0.684856667,0.61788,0.47988697,0.31581,0.441925429,0.552201964,0.40970875,0.366568125,0.592969167,0.483814667,0.454437273,0.400826875,0.601584444,0.494316721,0.681097778,0.5994991,0.54424,0.527617273,0.56546902,0.479930508,0.595335,0.638235556,0.493218,0.557555,0.479645,0.59636814,0.591130526,0.61552,0.556683333,0.525717429,0.55664,0.41847,0.698693333,0.612709167,0.437748571,0.4683,0.521483421,0.211347857,0.460586667,0.494709206,0.37966,0.50589,0.585165,0.643665357,0.653757619,0.618811667,0.695029333,0.705120455,0.6766236,0.454255
949,0.34778,0.51951,0.45950625,0.590925,0.493174286,0.414724,0.59693,0.594114267,0.603714737,0.571880571,0.500642143,0.62839381,0.663645,0.1975,0.591018966,0.623539474,0.68291,0.559043846,0.453129091,0.47456,0.456484857,0.495720536,0.413255938,0.444663125,0.591130833,0.4524755,0.33625,0.314243125,0.591264444,0.505657705,0.674765333,0.5935067,0.44713,0.587472727,0.53809451,0.481558814,0.53781,0.559454444,0.53545,0.480558,0.508098333,0.599657209,0.541888421,0.6206,0.521531111,0.491083429,0.56185,0.50921,0.618026667,0.646148333,0.4643,0.35729,0.508182895,0.322796429,0.45975,0.479244127,0.49742,0.53112,0.51859,0.631948929,0.630665714,0.613681667,0.666019333,0.699900455,0.641204,0.380263333
950,0.427,0.39048,0.4633525,0.512395,0.453497143,0.458864,0.495656667,0.568290267,0.594607368,0.576737714,0.541172143,0.582564762,0.66442,0.23123,0.543875862,0.584705965,0.65985,0.474301538,0.469181818,0.37696,0.396490286,0.506434107,0.430962813,0.501881875,0.5446025,0.435786333,0.266603636,0.298169375,0.512563333,0.46389459,0.649427556,0.5386328,0.56783,0.506831818,0.569874902,0.485292373,0.531606667,0.552476667,0.56956,0.515404,0.544375,0.545647209,0.506296316,0.585956667,0.543153333,0.468128857,0.52966,0.48786,0.515613333,0.5765975,0.430408571,0.293786667,0.505507105,0.347529286,0.440244444,0.466090635,0.51796,0.588478,0.574013333,0.6093725,0.631422857,0.611166667,0.645874,0.689680455,0.612386,0.382311667
951,0.39009,0.22514,0.387395,0.5155,0.484995714,0.39466,0.384503333,0.5512816,0.494412105,0.519144857,0.416806429,0.504775238,0.58549,0.30447,0.537456207,0.587744912,0.64543,0.481063077,0.38137303,0.30552,0.355991714,0.484483036,0.417736563,0.511649375,0.518428333,0.391277,0.232584545,0.274066875,0.552458889,0.443165246,0.626565111,0.5372237,0.41389,0.420232727,0.534193922,0.481722712,0.32847,0.489174444,0.392866,0.403059,0.484691667,0.488326744,0.444653684,0.57571,0.531995556,0.421150857,0.54506,0.47091,0.327153333,0.526728333,0.4263,0.27573,0.490219474,0.387211429,0.40895,0.44165746,0.63113,0.58458,0.534993333,0.599643929,0.63118381,0.618548333,0.619984,0.677547273,0.5813764,0.405136667
952,0.154703333,0.18411,0.23165,0.488885,0.44023,0.289886,0.22485,0.428218267,0.371784211,0.366103714,0.296453571,0.369951429,0.388405,0.14421,0.43168931,0.515017719,0.620496667,0.398912308,0.303058485,0.56067,0.300472,0.415894286,0.333936563,0.466238125,0.495935,0.380130333,0.130312727,0.15931875,0.46435,0.379700492,0.596363111,0.4472786,0.38033,0.319882727,0.395056471,0.368842542,0.300993333,0.280808889,0.31561,0.301417,0.221758333,0.330554419,0.271672105,0.600253333,0.538768889,0.433869143,0.43888,0.34158,0.286566667,0.430489167,0.390627143,0.29802,0.429405789,0.202493571,0.4476,0.439866508,0.50297,0.619442,0.341325,0.582268929,0.596076667,0.558986667,0.531838,0.625556818,0.3779124,0.292173333
953,0.176193333,0.13054,0.14485875,0.44485,0.353308571,0.177446,0.17048,0.3182688,0.280142105,0.274046857,0.241785,0.226791429,0.269965,0.13237,0.33056931,0.412328596,0.513966667,0.283015385,0.171214242,0.39595,0.200576286,0.315967321,0.2298575,0.2658375,0.455599167,0.3081685,0.124784545,0.103686875,0.433556111,0.350562951,0.502315111,0.4018907,0.40011,0.230461364,0.318925686,0.306888644,0.157123333,0.15223,0.26001,0.192626,0.191711667,0.244496512,0.217589474,0.51712,0.446382222,0.370679429,0.36213,0.30461,0.133446667,0.3128025,0.37256,0.34351,0.413638421,0.187936429,0.339672222,0.377478413,0.4215,0.52944,0.277028333,0.504693929,0.467957143,0.481036667,0.415406667,0.500675,0.2947912,0.294473333
954,0.082066667,0.13303,0.0,0.241535,0.236422857,0.122752,0.03772,0.018334533,0.0,0.0,0.0,0.0,0.0,0.0,0.171371724,0.203297193,0.332996667,0.147742308,0.051724545,0.11858,0.098051714,0.009678393,0.009177813,0.0,0.248816667,0.208416,0.102158182,0.086609375,0.267988889,0.228541311,0.319977111,0.2882942,0.22705,0.136200909,0.186271373,0.180713051,0.0,0.0,0.0,0.0,0.0,0.052895116,0.001550526,0.315116667,0.031283333,0.130810571,0.0,0.0,0.0,0.0,0.299505714,0.208343333,0.362311316,0.098967857,2.22e-6,0.104193968,0.0,0.000216,0.0,0.148725357,4.62e-5,0.11085,0.228187333,0.315251818,0.1805388,0.1703
955,0.030116667,0.10553,0.0,0.203415,0.186847143,0.02624,0.0,0.0,0.0,0.0,0.0,0.0,0.0,0.0,0.0,0.0,0.0,0.0,0.0,0.0,0.0,0.0,0.0,0.0,0.0,0.0,0.0,0.0,0.0,0.0,0.0,0.0211162,0.0,0.0,1.49e-5,0.000185085,0.0,0.0,0.0,0.0,0.0,0.0,0.0,0.0,0.0,0.0,0.0,0.0,0.0,0.0,0.178861429,0.128226667,0.175132368,0.033622143,0.0,0.0,0.0,0.0,0.0,0.0,0.0,0.0,0.0,0.0,0.0,0.0
956,0.0,0.0,0.0,0.0,0.0,0.0,0.0,0.0,0.0,0.0,0.0,0.0,0.0,0.0,0.0,0.0,0.0,0.0,0.0,0.0,0.0,0.0,0.0,0.0,0.0,0.0,0.0,0.0,0.0,0.0,0.0,0.0,0.0,0.0,0.0,0.0,0.0,0.0,0.0,0.0,0.0,0.0,0.0,0.0,0.0,0.0,0.0,0.0,0.0,0.0,0.0,0.0,0.0,0.0,0.0,0.0,0.0,0.0,0.0,0.0,0.0,0.0,0.0,0.0,0.0,0.0
957,0.0,0.0,0.0,0.0,0.0,0.0,0.0,0.0,0.0,0.0,0.0,0.0,0.0,0.0,0.0,0.0,0.0,0.0,0.0,0.0,0.0,0.0,0.0,0.0,0.0,0.0,0.0,0.0,0.0,0.0,0.0,0.0,0.0,0.0,0.0,0.0,0.0,0.0,0.0,0.0,0.0,0.0,0.0,0.0,0.0,0.0,0.0,0.0,0.0,0.0,0.0,0.0,0.0,0.0,0.0,0.0,0.0,0.0,0.0,0.0,0.0,0.0,0.0,0.0,0.0,0.0
958,0.0,0.0,0.0,0.0,0.0,0.0,0.0,0.0,0.0,0.0,0.0,0.0,0.0,0.0,0.0,0.0,0.0,0.0,0.0,0.0,0.0,0.0,0.0,0.0,0.0,0.0,0.0,0.0,0.0,0.0,0.0,0.0,0.0,0.0,0.0,0.0,0.0,0.0,0.0,0.0,0.0,0.0,0.0,0.0,0.0,0.0,0.0,0.0,0.0,0.0,0.0,0.0,0.0,0.0,0.0,0.0,0.0,0.0,0.0,0.0,0.0,0.0,0.0,0.0,0.0,0.0
959,0.0,0.0,0.0,0.0,0.0,0.0,0.0,0.0,0.0,0.0,0.0,0.0,0.0,0.0,0.0,0.0,0.0,0.0,0.0,0.0,0.0,0.0,0.0,0.0,0.0,0.0,0.0,0.0,0.0,0.0,0.0,0.0,0.0,0.0,0.0,0.0,0.0,0.0,0.0,0.0,0.0,0.0,0.0,0.0,0.0,0.0,0.0,0.0,0.0,0.0,0.0,0.0,0.0,0.0,0.0,0.0,0.0,0.0,0.0,0.0,0.0,0.0,0.0,0.0,0.0,0.0
960,0.0,0.0,0.0,0.0,0.0,0.0,0.0,0.0,0.0,0.0,0.0,0.0,0.0,0.0,0.0,0.0,0.0,0.0,0.0,0.0,0.0,0.0,0.0,0.0,0.0,0.0,0.0,0.0,0.0,0.0,0.0,0.0,0.0,0.0,0.0,0.0,0.0,0.0,0.0,0.0,0.0,0.0,0.0,0.0,0.0,0.0,0.0,0.0,0.0,0.0,0.0,0.0,0.0,0.0,0.0,0.0,0.0,0.0,0.0,0.0,0.0,0.0,0.0,0.0,0.0,0.0
961,0.0,0.0,0.0,0.0,0.0,0.0,0.0,0.0,0.0,0.0,0.0,0.0,0.0,0.0,0.0,0.0,0.0,0.0,0.0,0.0,0.0,0.0,0.0,0.0,0.0,0.0,0.0,0.0,0.0,0.0,0.0,0.0,0.0,0.0,0.0,0.0,0.0,0.0,0.0,0.0,0.0,0.0,0.0,0.0,0.0,0.0,0.0,0.0,0.0,0.0,0.0,0.0,0.0,0.0,0.0,0.0,0.0,0.0,0.0,0.0,0.0,0.0,0.0,0.0,0.0,0.0
962,0.0,0.0,0.0,0.0,0.0,0.0,0.0,0.0,0.0,0.0,0.0,0.0,0.0,0.0,0.0,0.0,0.0,0.0,0.0,0.0,0.0,0.0,0.0,0.0,0.0,0.0,0.0,0.0,0.0,0.0,0.0,0.0,0.0,0.0,0.0,0.0,0.0,0.0,0.0,0.0,0.0,0.0,0.0,0.0,0.0,0.0,0.0,0.0,0.0,0.0,0.0,0.0,0.0,0.0,0.0,0.0,0.0,0.0,0.0,0.0,0.0,0.0,0.0,0.0,0.0,0.0
963,0.0,0.0,0.0,0.0,0.0,0.0,0.0,0.0,0.0,0.0,0.0,0.0,0.0,0.0,0.0,0.0,0.0,0.0,0.0,0.0,0.0,0.0,0.0,0.0,0.0,0.0,0.0,0.0,0.0,0.0,0.0,0.0,0.0,0.0,0.0,0.0,0.0,0.0,0.0,0.0,0.0,0.0,0.0,0.0,0.0,0.0,0.0,0.0,0.0,0.0,0.0,0.0,0.0,0.0,0.0,0.0,0.0,0.0,0.0,0.0,0.0,0.0,0.0,0.0,0.0,0.0
964,0.0,0.0,0.0,0.0,0.0,0.0,0.0,0.0,0.0,0.0,0.0,0.0,0.0,0.0,0.0,0.0,0.0,0.0,0.0,0.0,0.0,0.0,0.0,0.0,0.0,0.0,0.0,0.0,0.0,0.0,0.0,0.0,0.0,0.0,0.0,0.0,0.0,0.0,0.0,0.0,0.0,0.0,0.0,0.0,0.0,0.0,0.0,0.0,0.0,0.0,0.0,0.0,0.0,0.0,0.0,0.0,0.0,0.0,0.0,0.0,0.0,0.0,0.0,0.0,0.0,0.0
965,0.0,0.0,0.0,0.0,0.0,0.0,0.0,0.0,0.0,0.0,0.0,0.0,0.0,0.0,0.0,0.0,0.0,0.0,0.0,0.0,0.0,0.0,0.0,0.0,0.0,0.0,0.0,0.0,0.0,0.0,0.0,0.0,0.0,0.0,0.0,0.0,0.0,0.0,0.0,0.0,0.0,0.0,0.0,0.0,0.0,0.0,0.0,0.0,0.0,0.0,0.0,0.0,0.0,0.0,0.0,0.0,0.0,0.0,0.0,0.0,0.0,0.0,0.0,0.0,0.0,0.0
966,0.0,0.0,0.0,0.0,0.0,0.0,0.0,0.0,0.0,0.0,0.0,0.0,0.0,0.0,0.0,0.0,0.0,0.0,0.0,0.0,0.0,0.0,0.0,0.0,0.0,0.0,0.0,0.0,0.0,0.0,0.0,0.0,0.0,0.0,0.0,0.0,0.0,0.0,0.0,0.0,0.0,0.0,0.0,0.0,0.0,0.0,0.0,0.0,0.0,3.17e-5,0.0,0.0,0.0,0.0,0.0,0.0,0.0,0.0,0.0,0.0,0.0,0.0,0.0,0.0,0.0,0.0
967,0.0,0.0,0.2178525,0.0,0.0,0.0,0.159583333,0.158224933,0.153561579,0.070751429,0.161467857,0.398445714,0.36128,0.23588,0.0,0.0,0.0,0.185037692,0.231849394,0.00838,0.128526571,0.034579286,0.0,0.03299375,0.0,0.0,0.0,0.0,0.0,0.0,0.0,0.0,0.0,0.206759545,6.0e-5,0.026703898,0.335593333,0.24083,0.140548,0.112538,0.04695,0.194696047,0.239732105,0.0,0.0,0.0,0.0005,0.00066,0.32442,0.404008333,0.0,0.0,0.0,0.0,0.0,0.0,0.0,0.0,0.108443333,0.0,0.0,0.0,0.065067333,0.0,0.0161752,0.026046667
968,0.0,0.0,0.3923375,0.16864,0.079511429,0.118442,0.37966,0.369281333,0.293947368,0.182712286,0.355190714,0.569901905,0.5164,0.3147,0.372217931,0.382559298,0.427736667,0.295546923,0.380269697,0.02807,0.24665,0.337655,0.306498125,0.149994375,0.348231667,0.1842435,0.04917,0.16195875,0.390994444,0.328653279,0.369606222,0.2324831,0.10065,0.394004545,0.203842941,0.16798322,0.558543333,0.429515556,0.288458,0.324871,0.114298333,0.325214186,0.379641579,0.401723333,0.255156667,0.243169143,0.46633,0.37519,0.654353333,0.567521667,0.000148571,0.0,0.035363158,0.048169286,0.098264444,0.023165714,0.00287,0.028142,0.247346667,0.378346071,0.30848619,0.297411667,0.376977333,0.305130455,0.2502812,0.210573333
969,0.45069,0.42425,0.4874075,0.196645,0.188358571,0.18195,0.5195,0.4619648,0.388092632,0.320491429,0.490885,0.65406619,0.602735,0.40381,0.531075172,0.587882105,0.588423333,0.448400769,0.50060303,0.18262,0.333021429,0.408215,0.430040625,0.2252975,0.466265,0.257068167,0.148177273,0.296036875,0.588626667,0.560590328,0.581051556,0.4690576,0.13922,0.463550455,0.331541765,0.285979661,0.628703333,0.554263333,0.452346,0.45794,0.20923,0.405530465,0.543225263,0.582863333,0.35975,0.580043714,0.62492,0.55094,0.712783333,0.665245,0.157165714,0.432263333,0.328154211,0.128018571,0.429703333,0.358233333,0.03808,0.227914,0.338393333,0.468787143,0.517748571,0.47458,0.490439333,0.453051364,0.4355976,0.329605
970,0.61517,0.54115,0.52125625,0.321115,0.346288571,0.216326,0.650573333,0.476265867,0.494691053,0.408954571,0.51643,0.69384,0.702725,0.49876,0.609397586,0.633709649,0.639603333,0.466544615,0.602679091,0.29724,0.395239714,0.44649,0.460588438,0.31347625,0.506371667,0.300732333,0.242242727,0.433975625,0.669494444,0.653376885,0.650615111,0.6116555,0.14589,0.615817273,0.393358824,0.326819492,0.648148333,0.609744444,0.577492,0.521192,0.37609,0.485186977,0.611317895,0.66687,0.581035556,0.661942,0.64651,0.58693,0.74577,0.72064,0.25655,0.567163333,0.478926053,0.24422,0.541052222,0.460268254,0.31951,0.290518,0.520388333,0.558005357,0.618072381,0.574505,0.522314,0.539466364,0.4321656,0.286968333
971,0.692016667,0.66879,0.55281,0.29862,0.476928571,0.301454,0.647753333,0.5228128,0.563445789,0.444152857,0.650602143,0.735571905,0.7444,0.44239,0.606553448,0.646500175,0.621676667,0.565016154,0.624046667,0.4488,0.432003714,0.427967321,0.427750625,0.29533125,0.5195875,0.3639965,0.342495455,0.50785375,0.687735,0.679159016,0.669799556,0.6531579,0.14451,0.612414091,0.459403137,0.404008475,0.653403333,0.582876667,0.62648,0.575725,0.542223333,0.540479767,0.657445789,0.66767,0.690123333,0.675907714,0.64265,0.56947,0.739913333,0.73123,0.33937,0.630546667,0.553143421,0.294414286,0.564032222,0.501424603,0.50305,0.400112,0.554845,0.570591071,0.628871429,0.546525,0.575352,0.572442273,0.5410068,0.373273333
972,0.70809,0.70644,0.55047875,0.457225,0.543645714,0.354046,0.708206667,0.546293333,0.563166316,0.460079714,0.653808571,0.708055238,0.747425,0.52594,0.62625069,0.627930526,0.61643,0.506828462,0.612786061,0.38672,0.461077714,0.451587679,0.401855,0.31355625,0.528226667,0.375696167,0.417400909,0.495704375,0.666108333,0.672741475,0.668923778,0.6609891,0.4247,0.578061818,0.541070196,0.430582881,0.674871667,0.619942222,0.669542,0.613676,0.620551667,0.521527907,0.669718947,0.643583333,0.661585556,0.653425143,0.63896,0.56722,0.706406667,0.734090833,0.439077143,0.596176667,0.584295526,0.455368571,0.499262222,0.485065556,0.45893,0.489822,0.592856667,0.555241429,0.615141905,0.580741667,0.556682667,0.596546364,0.5933056,0.41335
973,0.69359,0.70157,0.5680725,0.48176,0.506622857,0.41529,0.44331,0.574626,0.534713158,0.466773429,0.644038571,0.682232381,0.72723,0.51282,0.606696552,0.572533158,0.636003333,0.508968462,0.583354848,0.47079,0.472652286,0.486957679,0.378256563,0.31247875,0.476738333,0.424789333,0.487457273,0.520464375,0.654193889,0.645128033,0.619427778,0.6323058,0.39744,0.507289091,0.562320784,0.465272712,0.613141667,0.565003333,0.685392,0.603751,0.663843333,0.559250465,0.643311053,0.59954,0.645357778,0.634971143,0.61853,0.47117,0.6172,0.717019167,0.419042857,0.57696,0.535607368,0.470190714,0.476963333,0.483891429,0.45217,0.56168,0.557755,0.546911429,0.582690476,0.571238333,0.599692667,0.591713182,0.5998332,0.46684
974,0.607183333,0.66701,0.44588625,0.35912,0.502327143,0.362234,0.423223333,0.5415244,0.495490526,0.432274286,0.583824286,0.661411905,0.681565,0.57826,0.582696207,0.501022281,0.570486667,0.54731,0.538462121,0.44614,0.502633429,0.472217857,0.349610938,0.24256625,0.502813333,0.425165667,0.510715455,0.47887,0.612980556,0.610403279,0.566978889,0.5845301,0.47189,0.440833636,0.501771176,0.446747119,0.518303333,0.50035,0.613056,0.50351,0.636266667,0.518561163,0.563396842,0.61548,0.641057778,0.630289143,0.56939,0.53079,0.54852,0.681640833,0.500887143,0.53183,0.552782368,0.390126429,0.474917778,0.471189683,0.46488,0.591572,0.477115,0.526991786,0.586982857,0.552448333,0.544586667,0.567322273,0.57215,0.505598333
975,0.604153333,0.64641,0.37857375,0.446075,0.564262857,0.345336,0.379253333,0.523884,0.513015789,0.422308,0.573581429,0.595145714,0.641005,0.56328,0.520984828,0.515985614,0.58287,0.521538462,0.49698303,0.31311,0.475364286,0.463717321,0.3510625,0.206609375,0.4812325,0.415247667,0.520602727,0.334474375,0.584041111,0.588696557,0.578594,0.594569,0.47828,0.466153182,0.490272157,0.468467797,0.534468333,0.386608889,0.572648,0.488233,0.594923333,0.522072326,0.559227895,0.565426667,0.640286667,0.621842286,0.53332,0.49595,0.435676667,0.615363333,0.528607143,0.50293,0.529588684,0.351735714,0.508107778,0.475826349,0.46454,0.642848,0.529005,0.521446786,0.572049524,0.573541667,0.513203333,0.525825,0.487694,0.531615
976,0.577803333,0.52761,0.339865,0.552545,0.512692857,0.291824,0.452623333,0.391468533,0.335155789,0.268252571,0.484945714,0.578842857,0.647165,0.46705,0.494522069,0.457502456,0.492043333,0.379058462,0.365864545,0.25194,0.313974571,0.407990357,0.328634688,0.098884375,0.335956667,0.3262085,0.398501818,0.172005625,0.536941667,0.554081311,0.545459111,0.5515905,0.38094,0.363594091,0.419580588,0.399445254,0.530466667,0.344314444,0.489952,0.425053,0.383698333,0.342833488,0.385536316,0.52047,0.630008889,0.579994857,0.489,0.41739,0.389103333,0.501731667,0.439008571,0.589943333,0.52899,0.467287857,0.516921111,0.397039683,0.4569,0.633324,0.384616667,0.445841429,0.526347619,0.53242,0.475019333,0.520205,0.395596,0.397536667
977,0.500993333,0.5265,0.15904,0.50016,0.523877143,0.160462,0.434983333,0.291816667,0.246656316,0.236296571,0.293623571,0.334114286,0.461305,0.24993,0.308610345,0.333358421,0.358413333,0.211460769,0.273483939,0.2196,0.20318,0.304845893,0.23268125,0.097495,0.180003333,0.243189667,0.319384545,0.19426375,0.425298333,0.486572131,0.385251111,0.484774,0.25589,0.264378636,0.347240588,0.289067119,0.412593333,0.189031111,0.305088,0.225239,0.244735,0.277709767,0.291759474,0.33886,0.484616667,0.366404857,0.29011,0.24865,0.232803333,0.330005,0.370155714,0.4918,0.468817368,0.481748571,0.433854444,0.324124762,0.46401,0.54876,0.21337,0.3624525,0.364539048,0.404836667,0.319156,0.392631818,0.2764844,0.24566
978,0.482783333,0.41595,0.0,0.24527,0.392725714,0.103668,0.227773333,0.016888133,0.0,0.0,0.0,0.0,0.0,0.0,0.166742069,0.166376842,0.217813333,0.08392,0.106093636,0.08051,0.081938571,0.02146875,0.025920938,0.0,0.084950833,0.161457,0.179123636,0.154050625,0.269572222,0.312382131,0.258242667,0.3292971,0.14019,0.084467727,0.199207647,0.164858475,0.0,0.0,0.0,0.0,0.0,0.028197442,0.002047895,0.091283333,0.015076667,0.064186857,0.0,0.0,0.0,0.0,0.267488571,0.355983333,0.362617105,0.381452857,0.0,0.054049048,0.0,0.00016,0.0,0.087363929,1.24e-5,0.037093333,0.162341333,0.228960909,0.162878,0.114193333
979,0.305786667,0.39072,0.0,0.120445,0.24496,0.037116,0.0,0.0,0.0,0.0,0.0,0.0,0.0,0.0,0.0,0.0,0.0,0.0,0.0,0.0,0.0,0.0,0.0,0.0,0.0,0.0,0.0,0.0,0.0,0.0,0.0,0.0219306,0.0,0.0,8.43e-6,0.00100322,0.0,0.0,0.0,0.0,0.0,0.0,0.0,0.0,0.0,0.0,0.0,0.0,0.0,0.0,0.227455714,0.181503333,0.174326579,0.180915714,0.0,0.0,0.0,0.0,0.0,0.0,0.0,0.0,0.0,0.0,0.0,0.0
980,0.0,0.0,0.0,0.0,0.0,0.0,0.0,0.0,0.0,0.0,0.0,0.0,0.0,0.0,0.0,0.0,0.0,0.0,0.0,0.0,0.0,0.0,0.0,0.0,0.0,0.0,0.0,0.0,0.0,0.0,0.0,0.0,0.0,0.0,0.0,0.0,0.0,0.0,0.0,0.0,0.0,0.0,0.0,0.0,0.0,0.0,0.0,0.0,0.0,0.0,0.0,0.0,0.0,0.0,0.0,0.0,0.0,0.0,0.0,0.0,0.0,0.0,0.0,0.0,0.0,0.0
981,0.0,0.0,0.0,0.0,0.0,0.0,0.0,0.0,0.0,0.0,0.0,0.0,0.0,0.0,0.0,0.0,0.0,0.0,0.0,0.0,0.0,0.0,0.0,0.0,0.0,0.0,0.0,0.0,0.0,0.0,0.0,0.0,0.0,0.0,0.0,0.0,0.0,0.0,0.0,0.0,0.0,0.0,0.0,0.0,0.0,0.0,0.0,0.0,0.0,0.0,0.0,0.0,0.0,0.0,0.0,0.0,0.0,0.0,0.0,0.0,0.0,0.0,0.0,0.0,0.0,0.0
982,0.0,0.0,0.0,0.0,0.0,0.0,0.0,0.0,0.0,0.0,0.0,0.0,0.0,0.0,0.0,0.0,0.0,0.0,0.0,0.0,0.0,0.0,0.0,0.0,0.0,0.0,0.0,0.0,0.0,0.0,0.0,0.0,0.0,0.0,0.0,0.0,0.0,0.0,0.0,0.0,0.0,0.0,0.0,0.0,0.0,0.0,0.0,0.0,0.0,0.0,0.0,0.0,0.0,0.0,0.0,0.0,0.0,0.0,0.0,0.0,0.0,0.0,0.0,0.0,0.0,0.0
983,0.0,0.0,0.0,0.0,0.0,0.0,0.0,0.0,0.0,0.0,0.0,0.0,0.0,0.0,0.0,0.0,0.0,0.0,0.0,0.0,0.0,0.0,0.0,0.0,0.0,0.0,0.0,0.0,0.0,0.0,0.0,0.0,0.0,0.0,0.0,0.0,0.0,0.0,0.0,0.0,0.0,0.0,0.0,0.0,0.0,0.0,0.0,0.0,0.0,0.0,0.0,0.0,0.0,0.0,0.0,0.0,0.0,0.0,0.0,0.0,0.0,0.0,0.0,0.0,0.0,0.0
984,0.0,0.0,0.0,0.0,0.0,0.0,0.0,0.0,0.0,0.0,0.0,0.0,0.0,0.0,0.0,0.0,0.0,0.0,0.0,0.0,0.0,0.0,0.0,0.0,0.0,0.0,0.0,0.0,0.0,0.0,0.0,0.0,0.0,0.0,0.0,0.0,0.0,0.0,0.0,0.0,0.0,0.0,0.0,0.0,0.0,0.0,0.0,0.0,0.0,0.0,0.0,0.0,0.0,0.0,0.0,0.0,0.0,0.0,0.0,0.0,0.0,0.0,0.0,0.0,0.0,0.0
985,0.0,0.0,0.0,0.0,0.0,0.0,0.0,0.0,0.0,0.0,0.0,0.0,0.0,0.0,0.0,0.0,0.0,0.0,0.0,0.0,0.0,0.0,0.0,0.0,0.0,0.0,0.0,0.0,0.0,0.0,0.0,0.0,0.0,0.0,0.0,0.0,0.0,0.0,0.0,0.0,0.0,0.0,0.0,0.0,0.0,0.0,0.0,0.0,0.0,0.0,0.0,0.0,0.0,0.0,0.0,0.0,0.0,0.0,0.0,0.0,0.0,0.0,0.0,0.0,0.0,0.0
986,0.0,0.0,0.0,0.0,0.0,0.0,0.0,0.0,0.0,0.0,0.0,0.0,0.0,0.0,0.0,0.0,0.0,0.0,0.0,0.0,0.0,0.0,0.0,0.0,0.0,0.0,0.0,0.0,0.0,0.0,0.0,0.0,0.0,0.0,0.0,0.0,0.0,0.0,0.0,0.0,0.0,0.0,0.0,0.0,0.0,0.0,0.0,0.0,0.0,0.0,0.0,0.0,0.0,0.0,0.0,0.0,0.0,0.0,0.0,0.0,0.0,0.0,0.0,0.0,0.0,0.0
987,0.0,0.0,0.0,0.0,0.0,0.0,0.0,0.0,0.0,0.0,0.0,0.0,0.0,0.0,0.0,0.0,0.0,0.0,0.0,0.0,0.0,0.0,0.0,0.0,0.0,0.0,0.0,0.0,0.0,0.0,0.0,0.0,0.0,0.0,0.0,0.0,0.0,0.0,0.0,0.0,0.0,0.0,0.0,0.0,0.0,0.0,0.0,0.0,0.0,0.0,0.0,0.0,0.0,0.0,0.0,0.0,0.0,0.0,0.0,0.0,0.0,0.0,0.0,0.0,0.0,0.0
988,0.0,0.0,0.0,0.0,0.0,0.0,0.0,0.0,0.0,0.0,0.0,0.0,0.0,0.0,0.0,0.0,0.0,0.0,0.0,0.0,0.0,0.0,0.0,0.0,0.0,0.0,0.0,0.0,0.0,0.0,0.0,0.0,0.0,0.0,0.0,0.0,0.0,0.0,0.0,0.0,0.0,0.0,0.0,0.0,0.0,0.0,0.0,0.0,0.0,0.0,0.0,0.0,0.0,0.0,0.0,0.0,0.0,0.0,0.0,0.0,0.0,0.0,0.0,0.0,0.0,0.0
989,0.0,0.0,0.0,0.0,0.0,0.0,0.0,0.0,0.0,0.0,0.0,0.0,0.0,0.0,0.0,0.0,0.0,0.0,0.0,0.0,0.0,0.0,0.0,0.0,0.0,0.0,0.0,0.0,0.0,0.0,0.0,0.0,0.0,0.0,0.0,0.0,0.0,0.0,0.0,0.0,0.0,0.0,0.0,0.0,0.0,0.0,0.0,0.0,0.0,0.0,0.0,0.0,0.0,0.0,0.0,0.0,0.0,0.0,0.0,0.0,0.0,0.0,0.0,0.0,0.0,0.0
990,0.0,0.0,0.0,0.0,0.0,0.0,0.0,0.0,0.0,0.0,0.0,0.0,0.0,0.0,0.0,0.0,0.0,0.0,0.0,0.0,0.0,0.0,0.0,0.0,0.0,0.0,0.0,0.0,0.0,0.0,0.0,0.0,0.0,0.0,0.0,0.0,0.0,0.0,0.0,0.0,0.0,0.0,0.0,0.0,0.0,0.0,0.0,0.0,0.0,6.42e-5,0.0,0.0,0.0,0.0,0.0,0.0,0.0,0.0,0.0,0.0,0.0,0.0,0.0,0.0,0.0,0.0
991,0.0,0.0,0.0689825,0.0,0.0,0.0,0.0,0.152061333,0.089337895,0.082572286,0.359501429,0.486136667,0.51106,0.35763,0.0,0.0,0.0,0.172292308,0.363329394,0.3305,0.203638857,0.033974821,4.06e-6,0.0942775,0.0,0.0,0.0,0.0,0.0,0.0,0.0,0.0,0.0,0.066028182,0.0,0.036121864,0.292025,0.121587778,0.131736,0.09446,0.072808333,0.251520698,0.405888947,0.0,0.0,0.0,0.00057,0.00037,0.258293333,0.4196775,0.0,0.0,0.0,0.0,0.0,0.0,0.0,0.0,0.086023333,0.0,0.0,0.0,0.042695333,0.0,0.0165376,0.073641667
992,0.0,0.0,0.24185875,0.08178,0.098144286,0.065826,0.02533,0.423351867,0.231747368,0.247689714,0.606567857,0.675120476,0.67668,0.49107,0.39399931,0.363291053,0.34992,0.336558462,0.552660909,0.5136,0.357480286,0.450685714,0.379908438,0.3085075,0.218509167,0.198902,0.176912727,0.121838125,0.358283333,0.306607869,0.316948667,0.2095913,0.01626,0.187644545,0.151737059,0.151181017,0.440546667,0.367892222,0.300684,0.28933,0.30107,0.437521628,0.613361053,0.06727,0.026701111,0.014130571,0.49504,0.42092,0.506833333,0.567183333,0.000244286,0.0,0.027068158,0.086605,0.130414444,0.030232063,0.00188,0.033766,0.234425,0.152087857,0.051442381,0.103795,0.394159333,0.330334545,0.2332184,0.304241667
993,0.375883333,0.44378,0.37910625,0.17404,0.167508571,0.123524,0.110793333,0.576821333,0.382120526,0.427235143,0.660154286,0.724277143,0.737355,0.60647,0.582285172,0.553020702,0.49942,0.48611,0.677329091,0.56547,0.525006286,0.58891,0.531642188,0.4953775,0.343625,0.314720833,0.39383,0.294490625,0.540957778,0.536690328,0.459523111,0.4544032,0.13807,0.324977273,0.299230784,0.290772712,0.438466667,0.495034444,0.458838,0.457433,0.359756667,0.572647674,0.712742632,0.085223333,0.070132222,0.047857714,0.62758,0.46908,0.48387,0.609800833,0.150621429,0.40776,0.31003,0.285166429,0.463501111,0.25283381,0.02899,0.174174,0.221035,0.24175,0.085476667,0.160098333,0.572524,0.455855455,0.3597824,0.476956667
994,0.58476,0.61252,0.452635,0.216805,0.298247143,0.262918,0.293906667,0.595227867,0.38378,0.426557429,0.518493571,0.687159524,0.711765,0.54803,0.644775172,0.646079123,0.60747,0.595244615,0.713291212,0.67333,0.622460571,0.63531125,0.577945938,0.55392625,0.417036667,0.352926167,0.502315455,0.337689375,0.635762778,0.622902131,0.558952889,0.5642056,0.16613,0.433988636,0.379151569,0.367946441,0.344768333,0.486794444,0.41991,0.426847,0.470213333,0.571746047,0.68622,0.178116667,0.107547778,0.114257714,0.64388,0.57386,0.43264,0.591083333,0.406472857,0.56982,0.481022895,0.402360714,0.531551111,0.32734873,0.50219,0.265696,0.354253333,0.299729286,0.132776667,0.177881667,0.643866,0.596197273,0.3941968,0.532596667
995,0.668663333,0.68169,0.48731375,0.364505,0.406498571,0.307598,0.4554,0.5572076,0.499826316,0.417019143,0.486060714,0.701629524,0.677135,0.62522,0.643254828,0.65692,0.645603333,0.607834615,0.67472697,0.64193,0.650845143,0.631804107,0.581705625,0.5407075,0.48646,0.404699333,0.50381,0.35058875,0.659459444,0.661871967,0.584105778,0.6305818,0.12715,0.531559091,0.421322549,0.424241864,0.398916667,0.619296667,0.413022,0.527649,0.47146,0.584064884,0.642817895,0.296653333,0.200808889,0.193338286,0.63732,0.61162,0.533156667,0.637896667,0.581158571,0.631893333,0.594451579,0.519882857,0.497833333,0.381703333,0.52852,0.350384,0.48429,0.401952143,0.225364286,0.239908333,0.631103333,0.607883182,0.4529248,0.539801667
996,0.702213333,0.66905,0.4692325,0.386815,0.523431429,0.357456,0.362876667,0.524619867,0.504821053,0.425291714,0.599056429,0.66193,0.564025,0.53535,0.608054138,0.590026667,0.646986667,0.620424615,0.68019303,0.64585,0.641246,0.585739464,0.56717875,0.483740625,0.489344167,0.450567167,0.471552727,0.426526875,0.629929444,0.635392951,0.602031778,0.6414582,0.14921,0.585652727,0.427202353,0.461700339,0.495238333,0.56924,0.588544,0.60647,0.58102,0.577500698,0.641271579,0.388596667,0.27807,0.226589714,0.58586,0.5507,0.573683333,0.636665833,0.60476,0.56315,0.615540263,0.493912857,0.464958889,0.382446667,0.44606,0.327112,0.436743333,0.425511786,0.211517619,0.214635,0.600347333,0.654735909,0.5129332,0.631188333
997,0.596433333,0.54239,0.5300275,0.4896,0.563322857,0.4133,0.307313333,0.506793333,0.497123684,0.399742857,0.620119286,0.625051429,0.610345,0.53551,0.562697931,0.556808421,0.598916667,0.604893846,0.674316061,0.6372,0.605939429,0.521098393,0.508012813,0.425063125,0.481951667,0.471893,0.458504545,0.455681875,0.587741111,0.597384754,0.616352222,0.6221964,0.09511,0.574441364,0.459800196,0.483180678,0.616498333,0.509425556,0.5917,0.547184,0.681611667,0.572000698,0.663675789,0.391313333,0.263486667,0.239183429,0.50705,0.41854,0.60999,0.61864,0.62662,0.624233333,0.593388158,0.516167143,0.436578889,0.373032063,0.3111,0.233488,0.497436667,0.424478214,0.212939524,0.245425,0.617889333,0.674624091,0.5361788,0.582751667
998,0.638656667,0.49297,0.55745625,0.42546,0.54036,0.409908,0.263813333,0.477278933,0.48596,0.368073429,0.666180714,0.657474762,0.628165,0.50208,0.564240345,0.549224912,0.56051,0.584960769,0.672395758,0.69577,0.610112,0.452603929,0.41427625,0.30268875,0.448506667,0.474860333,0.536375455,0.49604375,0.583275556,0.597203443,0.568439333,0.5649836,0.28367,0.569264091,0.429030392,0.46936661,0.658766667,0.590392222,0.573738,0.583793,0.64455,0.57162093,0.667988947,0.429113333,0.198685556,0.233076857,0.38817,0.46147,0.688126667,0.656809167,0.567244286,0.568103333,0.511762105,0.312506429,0.448134444,0.36749127,0.29274,0.19935,0.48203,0.4059375,0.171619524,0.21162,0.549248667,0.622478182,0.5159324,0.553311667
999,0.630463333,0.57772,0.52071125,0.522115,0.462854286,0.409426,0.340243333,0.446679067,0.411120526,0.294364,0.620437143,0.58486381,0.516635,0.53312,0.559667241,0.550392982,0.596936667,0.57781,0.618493333,0.59696,0.583647714,0.399298929,0.373543438,0.18466625,0.465035,0.50167,0.57072,0.478241875,0.541401667,0.584420656,0.567287778,0.5346727,0.19467,0.510294545,0.462212549,0.473346441,0.570313333,0.519182222,0.543542,0.538984,0.556721667,0.595309302,0.608996842,0.46616,0.150933333,0.222415714,0.35442,0.46292,0.56557,0.624086667,0.495534286,0.64266,0.518979211,0.404539286,0.410797778,0.386364127,0.15596,0.138028,0.475378333,0.404658571,0.138640476,0.166003333,0.57118,0.614698636,0.5507192,0.53936
1000,0.570016667,0.54303,0.3120525,0.54152,0.494138571,0.408202,0.131696667,0.321063867,0.328222105,0.224534,0.437173571,0.53003619,0.554585,0.47773,0.504484828,0.543788596,0.57065,0.490036923,0.556736364,0.60572,0.546704286,0.312860714,0.326745625,0.10543125,0.495613333,0.467343167,0.501200909,0.483211875,0.528861667,0.57321,0.543910667,0.5452148,0.47387,0.469449091,0.408800784,0.501375593,0.475181667,0.471301111,0.385476,0.409731,0.530958333,0.511563953,0.503975263,0.295323333,0.213698889,0.178118571,0.11774,0.44561,0.512033333,0.535964167,0.368075714,0.61933,0.527185789,0.42229,0.391077778,0.371269206,0.31482,0.148774,0.334361667,0.433003571,0.177908571,0.230798333,0.500366,0.535841818,0.3643264,0.55069
1001,0.5738,0.43327,0.26560375,0.28465,0.429864286,0.426866,0.136823333,0.281650933,0.252367895,0.137699714,0.377897857,0.380752381,0.298875,0.3697,0.421691034,0.397814737,0.40992,0.397665385,0.472220303,0.54585,0.464807714,0.220315179,0.20082125,0.08894125,0.427488333,0.393327833,0.399951818,0.3973625,0.422452778,0.480681639,0.376823556,0.4494878,0.29201,0.383500455,0.287256471,0.420185932,0.359125,0.268193333,0.293278,0.288621,0.31239,0.413514186,0.411278421,0.364556667,0.163218889,0.139632,0.02571,0.28785,0.36055,0.370395833,0.239318571,0.571613333,0.474805526,0.316235714,0.32125,0.304083651,0.11481,0.152204,0.253236667,0.378358571,0.214100476,0.301245,0.387535333,0.405998182,0.225842,0.373875
1002,0.490726667,0.488,0.0,0.19336,0.307507143,0.23379,0.132396667,0.016655067,0.0,0.0,0.0,0.0,0.0,0.0,0.219849655,0.182461579,0.25333,0.137245385,0.264570909,0.29493,0.267317714,0.021220893,0.023215938,0.0,0.217274167,0.227786,0.268895455,0.24084375,0.274699444,0.31846,0.221226222,0.2838275,0.35615,0.272119545,0.164746275,0.271842712,0.0,0.0,0.0,0.0,0.0,0.06925814,0.011941579,0.190913333,0.00843,0.06626,0.0,0.0,0.0,0.0,0.116321429,0.329116667,0.279066053,0.16859,0.0,0.062379206,0.0,0.0,0.0,0.107252857,1.57e-5,0.035913333,0.178348667,0.207415455,0.08504,0.176736667
1003,0.30508,0.25205,0.0,0.05211,0.128092857,0.10695,0.0,0.0,0.0,0.0,0.0,0.0,0.0,0.0,0.0,0.0,0.0,0.0,0.0,0.0,0.0,0.0,0.0,0.0,0.0,0.0,0.0,0.0,0.0,0.0,0.0,0.0122279,0.0,0.0,4.49e-5,0.001154068,0.0,0.0,0.0,0.0,0.0,0.0,0.0,0.0,0.0,0.0,0.0,0.0,0.0,0.0,0.044644286,0.247153333,0.128532632,0.072133571,0.0,0.0,0.0,0.0,0.0,0.0,0.0,0.0,0.0,0.0,0.0,0.0
1004,0.0,0.0,0.0,0.0,0.0,0.0,0.0,0.0,0.0,0.0,0.0,0.0,0.0,0.0,0.0,0.0,0.0,0.0,0.0,0.0,0.0,0.0,0.0,0.0,0.0,0.0,0.0,0.0,0.0,0.0,0.0,0.0,0.0,0.0,0.0,0.0,0.0,0.0,0.0,0.0,0.0,0.0,0.0,0.0,0.0,0.0,0.0,0.0,0.0,0.0,0.0,0.0,0.0,0.0,0.0,0.0,0.0,0.0,0.0,0.0,0.0,0.0,0.0,0.0,0.0,0.0
1005,0.0,0.0,0.0,0.0,0.0,0.0,0.0,0.0,0.0,0.0,0.0,0.0,0.0,0.0,0.0,0.0,0.0,0.0,0.0,0.0,0.0,0.0,0.0,0.0,0.0,0.0,0.0,0.0,0.0,0.0,0.0,0.0,0.0,0.0,0.0,0.0,0.0,0.0,0.0,0.0,0.0,0.0,0.0,0.0,0.0,0.0,0.0,0.0,0.0,0.0,0.0,0.0,0.0,0.0,0.0,0.0,0.0,0.0,0.0,0.0,0.0,0.0,0.0,0.0,0.0,0.0
1006,0.0,0.0,0.0,0.0,0.0,0.0,0.0,0.0,0.0,0.0,0.0,0.0,0.0,0.0,0.0,0.0,0.0,0.0,0.0,0.0,0.0,0.0,0.0,0.0,0.0,0.0,0.0,0.0,0.0,0.0,0.0,0.0,0.0,0.0,0.0,0.0,0.0,0.0,0.0,0.0,0.0,0.0,0.0,0.0,0.0,0.0,0.0,0.0,0.0,0.0,0.0,0.0,0.0,0.0,0.0,0.0,0.0,0.0,0.0,0.0,0.0,0.0,0.0,0.0,0.0,0.0
1007,0.0,0.0,0.0,0.0,0.0,0.0,0.0,0.0,0.0,0.0,0.0,0.0,0.0,0.0,0.0,0.0,0.0,0.0,0.0,0.0,0.0,0.0,0.0,0.0,0.0,0.0,0.0,0.0,0.0,0.0,0.0,0.0,0.0,0.0,0.0,0.0,0.0,0.0,0.0,0.0,0.0,0.0,0.0,0.0,0.0,0.0,0.0,0.0,0.0,0.0,0.0,0.0,0.0,0.0,0.0,0.0,0.0,0.0,0.0,0.0,0.0,0.0,0.0,0.0,0.0,0.0
1008,0.0,0.0,0.0,0.0,0.0,0.0,0.0,0.0,0.0,0.0,0.0,0.0,0.0,0.0,0.0,0.0,0.0,0.0,0.0,0.0,0.0,0.0,0.0,0.0,0.0,0.0,0.0,0.0,0.0,0.0,0.0,0.0,0.0,0.0,0.0,0.0,0.0,0.0,0.0,0.0,0.0,0.0,0.0,0.0,0.0,0.0,0.0,0.0,0.0,0.0,0.0,0.0,0.0,0.0,0.0,0.0,0.0,0.0,0.0,0.0,0.0,0.0,0.0,0.0,0.0,0.0
1009,0.0,0.0,0.0,0.0,0.0,0.0,0.0,0.0,0.0,0.0,0.0,0.0,0.0,0.0,0.0,0.0,0.0,0.0,0.0,0.0,0.0,0.0,0.0,0.0,0.0,0.0,0.0,0.0,0.0,0.0,0.0,0.0,0.0,0.0,0.0,0.0,0.0,0.0,0.0,0.0,0.0,0.0,0.0,0.0,0.0,0.0,0.0,0.0,0.0,0.0,0.0,0.0,0.0,0.0,0.0,0.0,0.0,0.0,0.0,0.0,0.0,0.0,0.0,0.0,0.0,0.0
1010,0.0,0.0,0.0,0.0,0.0,0.0,0.0,0.0,0.0,0.0,0.0,0.0,0.0,0.0,0.0,0.0,0.0,0.0,0.0,0.0,0.0,0.0,0.0,0.0,0.0,0.0,0.0,0.0,0.0,0.0,0.0,0.0,0.0,0.0,0.0,0.0,0.0,0.0,0.0,0.0,0.0,0.0,0.0,0.0,0.0,0.0,0.0,0.0,0.0,0.0,0.0,0.0,0.0,0.0,0.0,0.0,0.0,0.0,0.0,0.0,0.0,0.0,0.0,0.0,0.0,0.0
1011,0.0,0.0,0.0,0.0,0.0,0.0,0.0,0.0,0.0,0.0,0.0,0.0,0.0,0.0,0.0,0.0,0.0,0.0,0.0,0.0,0.0,0.0,0.0,0.0,0.0,0.0,0.0,0.0,0.0,0.0,0.0,0.0,0.0,0.0,0.0,0.0,0.0,0.0,0.0,0.0,0.0,0.0,0.0,0.0,0.0,0.0,0.0,0.0,0.0,0.0,0.0,0.0,0.0,0.0,0.0,0.0,0.0,0.0,0.0,0.0,0.0,0.0,0.0,0.0,0.0,0.0
1012,0.0,0.0,0.0,0.0,0.0,0.0,0.0,0.0,0.0,0.0,0.0,0.0,0.0,0.0,0.0,0.0,0.0,0.0,0.0,0.0,0.0,0.0,0.0,0.0,0.0,0.0,0.0,0.0,0.0,0.0,0.0,0.0,0.0,0.0,0.0,0.0,0.0,0.0,0.0,0.0,0.0,0.0,0.0,0.0,0.0,0.0,0.0,0.0,0.0,0.0,0.0,0.0,0.0,0.0,0.0,0.0,0.0,0.0,0.0,0.0,0.0,0.0,0.0,0.0,0.0,0.0
1013,0.0,0.0,0.0,0.0,0.0,0.0,0.0,0.0,0.0,0.0,0.0,0.0,0.0,0.0,0.0,0.0,0.0,0.0,0.0,0.0,0.0,0.0,0.0,0.0,0.0,0.0,0.0,0.0,0.0,0.0,0.0,0.0,0.0,0.0,0.0,0.0,0.0,0.0,0.0,0.0,0.0,0.0,0.0,0.0,0.0,0.0,0.0,0.0,0.0,0.0,0.0,0.0,0.0,0.0,0.0,0.0,0.0,0.0,0.0,0.0,0.0,0.0,0.0,0.0,0.0,0.0
1014,0.0,0.0,0.0,0.0,0.0,0.0,0.0,0.0,0.0,0.0,0.0,0.0,0.0,0.0,0.0,0.0,0.0,0.0,0.0,0.0,0.0,0.0,0.0,0.0,0.0,0.0,0.0,0.0,0.0,0.0,0.0,0.0,0.0,0.0,0.0,0.0,0.0,0.0,0.0,0.0,0.0,0.0,0.0,0.0,0.0,0.0,0.0,0.0,0.0,0.0,0.0,0.0,0.0,0.0,0.0,0.0,0.0,0.0,0.0,0.0,0.0,0.0,0.0,0.0,0.0,0.0
1015,0.0,0.0,0.24145125,0.0,0.0,0.0,0.00024,0.127738267,0.098409474,0.062544571,0.313753571,0.148883333,0.193865,0.33083,0.0,0.0,0.0,0.214824615,0.279059091,0.30114,0.227538286,0.006745179,0.0,0.03878375,0.0,0.0,0.0,0.0,0.0,0.0,0.0,0.0,0.0,0.143726818,0.0,0.026463051,0.435096667,0.227432222,0.209032,0.173099,0.095055,0.310373488,0.330924211,0.0,0.0,0.0,0.0,0.0,0.26527,0.222311667,0.0,0.0,0.0,0.0,0.0,0.0,0.0,0.0,0.288596667,0.0,0.0,0.0,0.000174667,0.0,0.0001488,0.000325
1016,0.0,0.0,0.30791375,0.240885,0.118741429,0.241066,0.300473333,0.4656728,0.244349474,0.208487143,0.512082857,0.198443333,0.217115,0.53734,0.263657241,0.261017895,0.275373333,0.528914615,0.434156364,0.53949,0.485217714,0.435421071,0.38631,0.348723125,0.265478333,0.160288333,0.081795455,0.04109625,0.274337778,0.215301639,0.298708444,0.1644353,0.37196,0.349527727,0.38977451,0.388331525,0.615811667,0.466922222,0.424634,0.447831,0.329546667,0.566848605,0.494684737,0.079616667,0.063378889,0.062255429,0.48417,0.4983,0.57435,0.371384167,0.0,0.0,0.000137895,0.179555714,0.02966,7.3e-5,0.00039,0.001088,0.324085,0.242518214,0.17305381,0.155995,0.521562,0.454543636,0.491298,0.536171667
1017,0.199103333,0.38053,0.42510125,0.422035,0.221831429,0.410676,0.379603333,0.593156933,0.384324737,0.354543714,0.607952143,0.306045714,0.33928,0.63113,0.462071379,0.499120175,0.532566667,0.627399231,0.502108788,0.68715,0.552016,0.570033929,0.55202,0.5625675,0.457223333,0.341678833,0.261365455,0.181221875,0.499205556,0.44470918,0.517404667,0.4361957,0.47338,0.470286364,0.579361569,0.529075763,0.673198333,0.590124444,0.49633,0.585868,0.365605,0.60813186,0.540434211,0.218553333,0.133078889,0.267212857,0.61087,0.60744,0.660723333,0.489185833,0.180878571,0.31979,0.335809737,0.322579286,0.087121111,0.112619365,0.0238,0.113724,0.477071667,0.393562857,0.261232857,0.250338333,0.666373333,0.619388636,0.6492596,0.650315
1018,0.371563333,0.5688,0.5681775,0.56974,0.402765714,0.520236,0.4904,0.642008,0.469855789,0.431960857,0.619957143,0.40801,0.368695,0.63694,0.599558276,0.605884561,0.61662,0.695678462,0.578757879,0.683,0.602456571,0.649732143,0.616396875,0.59657625,0.551495,0.413893333,0.380586364,0.25557125,0.610046667,0.57670541,0.617102889,0.5757896,0.62629,0.512129545,0.65331,0.610197627,0.72124,0.574834444,0.538406,0.578935,0.393488333,0.613749302,0.531813684,0.40359,0.315108889,0.410703429,0.62926,0.62948,0.695613333,0.522596667,0.387538571,0.27128,0.515877895,0.426126429,0.165818889,0.188410317,0.22339,0.229496,0.613875,0.479236071,0.307360476,0.3378,0.717041333,0.686954091,0.6907832,0.710305
1019,0.610263333,0.63053,0.603655,0.664675,0.505368571,0.645244,0.51476,0.640880533,0.485757895,0.434840571,0.61033,0.478938571,0.435265,0.60515,0.629962759,0.645727895,0.638596667,0.691153846,0.561862727,0.74678,0.633127143,0.651710357,0.626386875,0.60584,0.5806375,0.480850167,0.480544545,0.35014,0.641414444,0.612776066,0.665976889,0.6375853,0.61166,0.497800909,0.68866549,0.64702322,0.73061,0.576437778,0.52979,0.555954,0.381821667,0.516250698,0.529726316,0.367206667,0.366298889,0.485348286,0.61425,0.61847,0.689706667,0.521121667,0.559704286,0.459053333,0.612182368,0.526260714,0.292631111,0.308642063,0.38025,0.452288,0.596011667,0.529338214,0.401156667,0.401805,0.726356667,0.70078,0.729064,0.739518333
1020,0.613936667,0.63852,0.58018625,0.675275,0.558482857,0.653168,0.631486667,0.637242,0.557503158,0.472210857,0.523110714,0.473429524,0.448245,0.63321,0.646976552,0.644938596,0.614173333,0.619883077,0.517733333,0.71512,0.653756,0.652830714,0.59890125,0.60342625,0.5511425,0.480995,0.532020909,0.41192125,0.648746667,0.626590492,0.660918889,0.6560121,0.63001,0.580850909,0.690499804,0.64588,0.707933333,0.615646667,0.482466,0.548272,0.404048333,0.446770233,0.490391053,0.33271,0.347112222,0.502684,0.59562,0.6072,0.665276667,0.5453175,0.639262857,0.5791,0.642317368,0.519116429,0.322801111,0.386006984,0.38494,0.51785,0.543036667,0.5251025,0.389321429,0.457105,0.715254,0.703103636,0.7024104,0.713956667
1021,0.65339,0.68167,0.64697125,0.63029,0.53918,0.604972,0.61859,0.5933756,0.547687368,0.446204,0.594143571,0.45107619,0.465915,0.62382,0.610862069,0.627720351,0.603483333,0.591130769,0.492240909,0.62217,0.600673714,0.63241625,0.597889063,0.5713675,0.541529167,0.4702235,0.537962727,0.47556,0.585982778,0.597187541,0.647856889,0.6256302,0.67034,0.478683636,0.654135098,0.622995085,0.659013333,0.535565556,0.535678,0.611041,0.42531,0.434298372,0.470388947,0.311353333,0.30197,0.45335,0.59716,0.60595,0.555466667,0.482139167,0.620111429,0.54205,0.634166842,0.457723571,0.319777778,0.403603968,0.379,0.510308,0.567508333,0.497318571,0.399628095,0.370023333,0.689941333,0.697175,0.662522,0.66145
1022,0.490923333,0.34855,0.64115,0.644405,0.607415714,0.581254,0.60457,0.543564133,0.572424211,0.447277143,0.542806429,0.388980952,0.39758,0.61971,0.59828931,0.607920702,0.59647,0.517246923,0.476405455,0.62147,0.559501714,0.614131786,0.564297188,0.58474375,0.519505833,0.4401165,0.486467273,0.46514625,0.605313889,0.59735623,0.639521778,0.6043517,0.57566,0.46793,0.635776275,0.598732034,0.527636667,0.440661111,0.509336,0.547672,0.497631667,0.463586047,0.426218947,0.197456667,0.260964444,0.364418,0.59411,0.60287,0.412583333,0.444419167,0.61107,0.58777,0.592914474,0.3622,0.336728889,0.421140952,0.32487,0.423024,0.573025,0.478109643,0.427727619,0.391561667,0.619409333,0.682725455,0.6432776,0.686761667
1023,0.505776667,0.61854,0.62622125,0.62574,0.562837143,0.601198,0.45251,0.458670933,0.488043158,0.349294286,0.398499286,0.242659048,0.192235,0.5823,0.534674828,0.56081807,0.550843333,0.492465385,0.371920606,0.57572,0.479973143,0.560185536,0.544221875,0.538863125,0.45581,0.412444667,0.519053636,0.451654375,0.575287222,0.577064262,0.611758444,0.5830344,0.66678,0.374294545,0.616704902,0.551622373,0.348945,0.316504444,0.413804,0.454995,0.455603333,0.413762326,0.301525789,0.155906667,0.202016667,0.378323714,0.59033,0.58506,0.188716667,0.313496667,0.608107143,0.408096667,0.59034,0.529471429,0.3574,0.443981429,0.3688,0.426184,0.495951667,0.450136786,0.41513381,0.390228333,0.572531333,0.654208636,0.6186672,0.618348333
1024,0.46628,0.30586,0.490455,0.553505,0.559861429,0.573898,0.57494,0.382827733,0.405913684,0.323735143,0.19366,0.187950476,0.190395,0.52993,0.501215517,0.51340386,0.50286,0.29748,0.350024848,0.34989,0.334394286,0.517199107,0.473186563,0.4787375,0.413980833,0.343343833,0.391228182,0.311256875,0.501339444,0.477261148,0.562785778,0.5332905,0.58144,0.390508636,0.575909608,0.507841356,0.236175,0.218497778,0.296836,0.27183,0.268536667,0.267493488,0.283772632,0.409783333,0.230376667,0.392563143,0.54865,0.52428,0.146083333,0.201448333,0.508904286,0.393516667,0.516089737,0.571579286,0.351702222,0.463891746,0.33649,0.266762,0.426031667,0.444246786,0.334218571,0.346173333,0.535866667,0.615924545,0.3542876,0.328578333
1025,0.454586667,0.54325,0.33931875,0.526075,0.536161429,0.539158,0.414286667,0.2914816,0.309282105,0.218046,0.115876429,0.117397619,0.10036,0.33435,0.355615517,0.433490702,0.45318,0.215814615,0.258193636,0.44221,0.274422857,0.394543036,0.381115,0.343278125,0.2208675,0.260020667,0.288025455,0.312709375,0.381153333,0.363211148,0.472887556,0.4452229,0.43484,0.268685,0.440874118,0.439828983,0.206463333,0.258703333,0.244806,0.290945,0.221035,0.199561395,0.156848421,0.25122,0.121387778,0.298229143,0.37619,0.35232,0.12042,0.1285975,0.473338571,0.335136667,0.404922368,0.424953571,0.274206667,0.382264444,0.31423,0.25987,0.33746,0.23512,0.199319524,0.247186667,0.409765333,0.482629545,0.3199472,0.300268333
1026,0.355703333,0.34997,0.0,0.422505,0.39173,0.425126,0.315133333,0.017658133,0.0,0.0,0.0,0.0,0.0,0.0,0.160244828,0.170007544,0.229403333,0.076572308,0.150483333,0.21759,0.131562571,0.012962679,0.018855313,0.0,0.077130833,0.1484145,0.172299091,0.210889375,0.234097222,0.216855738,0.286174667,0.3045373,0.32861,0.104832727,0.28300451,0.281835085,0.0,0.0,0.0,0.0,0.0,0.028556279,0.014851053,0.0993,4.44e-5,0.072500857,0.0,0.0,0.0,0.0,0.400468571,0.255953333,0.322118684,0.361663571,0.0,0.066661587,0.0,0.0,0.0,0.044891071,3.81e-5,0.010718333,0.187702,0.256103636,0.1865032,0.154008333
1027,0.247603333,0.35901,0.0,0.24956,0.244915714,0.247114,0.0,0.0,0.0,0.0,0.0,0.0,0.0,0.0,0.0,0.0,0.0,0.0,0.0,0.0,0.0,0.0,0.0,0.0,0.0,0.0,0.0,0.0,0.0,0.0,0.0,0.021774,0.0,0.0,2.75e-5,0.010682203,0.0,0.0,0.0,0.0,0.0,0.0,0.0,0.0,0.0,0.0,0.0,0.0,0.0,0.0,0.241224286,0.20235,0.155599211,0.151141429,0.0,0.0,0.0,0.0,0.0,0.0,0.0,0.0,0.0,0.0,0.0,0.0
1028,0.0,0.0,0.0,0.0,0.0,0.0,0.0,0.0,0.0,0.0,0.0,0.0,0.0,0.0,0.0,0.0,0.0,0.0,0.0,0.0,0.0,0.0,0.0,0.0,0.0,0.0,0.0,0.0,0.0,0.0,0.0,0.0,0.0,0.0,0.0,0.0,0.0,0.0,0.0,0.0,0.0,0.0,0.0,0.0,0.0,0.0,0.0,0.0,0.0,0.0,0.0,0.0,0.0,0.0,0.0,0.0,0.0,0.0,0.0,0.0,0.0,0.0,0.0,0.0,0.0,0.0
1029,0.0,0.0,0.0,0.0,0.0,0.0,0.0,0.0,0.0,0.0,0.0,0.0,0.0,0.0,0.0,0.0,0.0,0.0,0.0,0.0,0.0,0.0,0.0,0.0,0.0,0.0,0.0,0.0,0.0,0.0,0.0,0.0,0.0,0.0,0.0,0.0,0.0,0.0,0.0,0.0,0.0,0.0,0.0,0.0,0.0,0.0,0.0,0.0,0.0,0.0,0.0,0.0,0.0,0.0,0.0,0.0,0.0,0.0,0.0,0.0,0.0,0.0,0.0,0.0,0.0,0.0
1030,0.0,0.0,0.0,0.0,0.0,0.0,0.0,0.0,0.0,0.0,0.0,0.0,0.0,0.0,0.0,0.0,0.0,0.0,0.0,0.0,0.0,0.0,0.0,0.0,0.0,0.0,0.0,0.0,0.0,0.0,0.0,0.0,0.0,0.0,0.0,0.0,0.0,0.0,0.0,0.0,0.0,0.0,0.0,0.0,0.0,0.0,0.0,0.0,0.0,0.0,0.0,0.0,0.0,0.0,0.0,0.0,0.0,0.0,0.0,0.0,0.0,0.0,0.0,0.0,0.0,0.0
1031,0.0,0.0,0.0,0.0,0.0,0.0,0.0,0.0,0.0,0.0,0.0,0.0,0.0,0.0,0.0,0.0,0.0,0.0,0.0,0.0,0.0,0.0,0.0,0.0,0.0,0.0,0.0,0.0,0.0,0.0,0.0,0.0,0.0,0.0,0.0,0.0,0.0,0.0,0.0,0.0,0.0,0.0,0.0,0.0,0.0,0.0,0.0,0.0,0.0,0.0,0.0,0.0,0.0,0.0,0.0,0.0,0.0,0.0,0.0,0.0,0.0,0.0,0.0,0.0,0.0,0.0
1032,0.0,0.0,0.0,0.0,0.0,0.0,0.0,0.0,0.0,0.0,0.0,0.0,0.0,0.0,0.0,0.0,0.0,0.0,0.0,0.0,0.0,0.0,0.0,0.0,0.0,0.0,0.0,0.0,0.0,0.0,0.0,0.0,0.0,0.0,0.0,0.0,0.0,0.0,0.0,0.0,0.0,0.0,0.0,0.0,0.0,0.0,0.0,0.0,0.0,0.0,0.0,0.0,0.0,0.0,0.0,0.0,0.0,0.0,0.0,0.0,0.0,0.0,0.0,0.0,0.0,0.0
1033,0.0,0.0,0.0,0.0,0.0,0.0,0.0,0.0,0.0,0.0,0.0,0.0,0.0,0.0,0.0,0.0,0.0,0.0,0.0,0.0,0.0,0.0,0.0,0.0,0.0,0.0,0.0,0.0,0.0,0.0,0.0,0.0,0.0,0.0,0.0,0.0,0.0,0.0,0.0,0.0,0.0,0.0,0.0,0.0,0.0,0.0,0.0,0.0,0.0,0.0,0.0,0.0,0.0,0.0,0.0,0.0,0.0,0.0,0.0,0.0,0.0,0.0,0.0,0.0,0.0,0.0
1034,0.0,0.0,0.0,0.0,0.0,0.0,0.0,0.0,0.0,0.0,0.0,0.0,0.0,0.0,0.0,0.0,0.0,0.0,0.0,0.0,0.0,0.0,0.0,0.0,0.0,0.0,0.0,0.0,0.0,0.0,0.0,0.0,0.0,0.0,0.0,0.0,0.0,0.0,0.0,0.0,0.0,0.0,0.0,0.0,0.0,0.0,0.0,0.0,0.0,0.0,0.0,0.0,0.0,0.0,0.0,0.0,0.0,0.0,0.0,0.0,0.0,0.0,0.0,0.0,0.0,0.0
1035,0.0,0.0,0.0,0.0,0.0,0.0,0.0,0.0,0.0,0.0,0.0,0.0,0.0,0.0,0.0,0.0,0.0,0.0,0.0,0.0,0.0,0.0,0.0,0.0,0.0,0.0,0.0,0.0,0.0,0.0,0.0,0.0,0.0,0.0,0.0,0.0,0.0,0.0,0.0,0.0,0.0,0.0,0.0,0.0,0.0,0.0,0.0,0.0,0.0,0.0,0.0,0.0,0.0,0.0,0.0,0.0,0.0,0.0,0.0,0.0,0.0,0.0,0.0,0.0,0.0,0.0
1036,0.0,0.0,0.0,0.0,0.0,0.0,0.0,0.0,0.0,0.0,0.0,0.0,0.0,0.0,0.0,0.0,0.0,0.0,0.0,0.0,0.0,0.0,0.0,0.0,0.0,0.0,0.0,0.0,0.0,0.0,0.0,0.0,0.0,0.0,0.0,0.0,0.0,0.0,0.0,0.0,0.0,0.0,0.0,0.0,0.0,0.0,0.0,0.0,0.0,0.0,0.0,0.0,0.0,0.0,0.0,0.0,0.0,0.0,0.0,0.0,0.0,0.0,0.0,0.0,0.0,0.0
1037,0.0,0.0,0.0,0.0,0.0,0.0,0.0,0.0,0.0,0.0,0.0,0.0,0.0,0.0,0.0,0.0,0.0,0.0,0.0,0.0,0.0,0.0,0.0,0.0,0.0,0.0,0.0,0.0,0.0,0.0,0.0,0.0,0.0,0.0,0.0,0.0,0.0,0.0,0.0,0.0,0.0,0.0,0.0,0.0,0.0,0.0,0.0,0.0,0.0,0.0,0.0,0.0,0.0,0.0,0.0,0.0,0.0,0.0,0.0,0.0,0.0,0.0,0.0,0.0,0.0,0.0
1038,0.0,0.0,0.0,0.0,0.0,0.0,0.0,0.0,0.0,0.0,0.0,0.0,0.0,0.0,0.0,0.0,0.0,0.0,0.0,0.0,0.0,0.0,0.0,0.0,0.0,0.0,0.0,0.0,0.0,0.0,0.0,0.0,0.0,0.0,0.0,0.0,0.0,0.0,0.0,0.0,0.0,0.0,0.0,0.0,0.0,0.0,0.0,0.0,0.0,0.0,0.0,0.0,0.0,0.0,0.0,0.0,0.0,0.0,0.0,0.0,0.0,0.0,0.0,0.0,0.0,0.0
1039,0.0,0.0,0.21042,0.0,0.0,0.0,0.0,0.1365836,0.073753158,0.034925429,0.380126429,0.39422381,0.452555,0.34415,0.0,0.0,0.0,0.191256154,0.20972697,0.05207,0.096321429,0.006933571,0.0,0.04803,0.0,0.0,0.0,0.0,0.0,0.0,0.0,0.0,0.0,0.112874091,0.0,0.016848814,0.19948,0.119995556,0.20745,0.103634,0.200178333,0.324234419,0.353227895,0.0,0.0,0.0,0.0,0.0,0.108366667,0.2929075,0.0,0.0,0.0,0.0,0.0,0.0,0.0,0.0,0.137558333,0.0,0.0,0.0,0.000154,0.0,0.000114,2.0e-5
1040,0.0,0.0,0.39068625,0.245545,0.103107143,0.269018,0.00612,0.474500933,0.282124211,0.164000571,0.630339286,0.570629524,0.5632,0.52491,0.354217241,0.359368421,0.37238,0.509941538,0.514543636,0.27198,0.316619429,0.425281071,0.4150525,0.437538125,0.238381667,0.168533333,0.121415455,0.0435575,0.324351667,0.258777377,0.346520222,0.1947661,0.0464,0.295071364,0.295684902,0.186278644,0.331033333,0.172391111,0.404676,0.155342,0.444713333,0.566738372,0.584980526,0.240313333,0.028982222,0.087935429,0.36598,0.28086,0.31423,0.393993333,9.0e-5,0.0,0.000105263,0.144972143,0.00018,3.56e-5,0.0,6.0e-6,0.375918333,0.278327857,0.222654762,0.19263,0.515946,0.390060455,0.469344,0.389865
1041,0.272283333,0.23601,0.46296,0.365535,0.289697143,0.390826,0.023866667,0.581747867,0.372375263,0.272837143,0.719359286,0.634810952,0.68118,0.6058,0.538093103,0.585448596,0.557226667,0.63675,0.638432424,0.39852,0.470451429,0.584530357,0.583267813,0.5376025,0.442663333,0.3912505,0.334310909,0.25095125,0.523476667,0.486853443,0.537244889,0.4902351,0.02639,0.372656364,0.436481373,0.30851339,0.450888333,0.218663333,0.518626,0.287883,0.572128333,0.671603256,0.683477895,0.42004,0.053212222,0.204739714,0.51949,0.45913,0.519563333,0.490966667,0.232682857,0.112393333,0.387684737,0.201332857,0.116314444,0.196486825,0.02399,0.18348,0.46275,0.460915,0.390789048,0.307623333,0.656406667,0.576375909,0.6235344,0.568085
1042,0.481426667,0.37436,0.4471425,0.50139,0.478977143,0.467898,0.210683333,0.618154933,0.421702105,0.283175429,0.736411429,0.650007619,0.66441,0.61633,0.605385862,0.653903333,0.63116,0.680492308,0.699272727,0.59383,0.604851714,0.648215893,0.63859375,0.562074375,0.527200833,0.490475667,0.498261818,0.35932125,0.616036667,0.583266721,0.626968,0.6038022,0.12333,0.510652273,0.532117059,0.411807797,0.459116667,0.284655556,0.495364,0.287336,0.517025,0.711277209,0.728485789,0.490286667,0.15465,0.309938,0.56186,0.5585,0.511536667,0.4796575,0.44843,0.290943333,0.561206579,0.306235,0.20377,0.278290635,0.21162,0.380178,0.514718333,0.533900714,0.465088571,0.382325,0.709490667,0.656142727,0.6858184,0.671576667
1043,0.605556667,0.58362,0.4468275,0.499975,0.583724286,0.524008,0.394873333,0.623377333,0.392133684,0.285694571,0.756309286,0.670416667,0.73079,0.61408,0.637957586,0.667842807,0.655133333,0.718080769,0.715612424,0.68695,0.688660857,0.6640075,0.643920313,0.561510625,0.574194167,0.512283833,0.490116364,0.453520625,0.652218889,0.629821803,0.664262444,0.6426938,0.14347,0.598191818,0.571158431,0.471611017,0.454403333,0.338565556,0.430374,0.35251,0.522133333,0.725853488,0.723151579,0.469363333,0.224154444,0.361421143,0.58329,0.59718,0.488656667,0.5210525,0.652151429,0.432353333,0.63901,0.347712143,0.344624444,0.32228873,0.22869,0.36874,0.543083333,0.570256786,0.480216667,0.412746667,0.722974667,0.686832727,0.703438,0.720528333
1044,0.583056667,0.57415,0.4698,0.548515,0.623645714,0.5741,0.493073333,0.608293467,0.409426316,0.310861429,0.711035,0.59264381,0.65604,0.59407,0.634245172,0.66319386,0.655513333,0.710573077,0.681203333,0.69317,0.670456857,0.66046625,0.640366563,0.508955,0.550286667,0.535884167,0.511300909,0.50077875,0.652354444,0.640746393,0.662712889,0.66316,0.29283,0.586386818,0.61648902,0.520479492,0.467968333,0.470668889,0.382614,0.353461,0.570386667,0.712377209,0.718562632,0.42178,0.302582222,0.385556,0.5778,0.58796,0.502826667,0.564991667,0.684164286,0.600943333,0.662503947,0.326893571,0.402687778,0.378814603,0.25549,0.426262,0.53871,0.555701071,0.492554286,0.415168333,0.717825333,0.694988182,0.717904,0.719208333
1045,0.61628,0.64695,0.46854125,0.58219,0.6187,0.546982,0.484013333,0.586867333,0.411677895,0.333499143,0.578522857,0.47779619,0.5784,0.5796,0.629924483,0.655718421,0.650813333,0.711313077,0.633900303,0.62325,0.648729714,0.652694643,0.630419688,0.460435625,0.563890833,0.5270515,0.510714545,0.51659875,0.652671667,0.63590623,0.639017778,0.6577162,0.27915,0.610982727,0.586044902,0.533870169,0.32363,0.410154444,0.333304,0.294719,0.606956667,0.698085116,0.707264737,0.35499,0.394194444,0.418212857,0.58676,0.58353,0.423623333,0.513924167,0.659187143,0.65164,0.613510526,0.37093,0.390783333,0.389417778,0.36075,0.398622,0.528215,0.553819643,0.511420952,0.425051667,0.709175333,0.689768182,0.7112224,0.716848333
1046,0.641696667,0.65353,0.46882,0.63172,0.561808571,0.568032,0.47926,0.531891867,0.352061579,0.272508571,0.478334286,0.520589048,0.614315,0.60654,0.626353448,0.649969825,0.629393333,0.691586154,0.574339394,0.42567,0.583128857,0.6441975,0.622173125,0.41715375,0.5604175,0.527110833,0.533030909,0.516096875,0.634663333,0.629386557,0.616010222,0.6325502,0.39713,0.592983636,0.582998235,0.538817119,0.378236667,0.348558889,0.275754,0.323046,0.588296667,0.659923023,0.676782632,0.369246667,0.376163333,0.423240286,0.59688,0.60198,0.43087,0.507408333,0.55566,0.620916667,0.557646053,0.512444286,0.4017,0.42881127,0.30291,0.433636,0.576061667,0.539491071,0.460238095,0.420615,0.704492667,0.679565,0.7033732,0.692823333
1047,0.564556667,0.56688,0.434445,0.51395,0.602467143,0.536352,0.412766667,0.4715756,0.411229474,0.277042857,0.310557143,0.517900476,0.58396,0.608,0.624041034,0.637630877,0.591346667,0.61998,0.580818788,0.30143,0.527010286,0.626316429,0.603241875,0.392055,0.538610833,0.503767667,0.485607273,0.50542625,0.600423889,0.612022295,0.586224222,0.6270057,0.33553,0.531052273,0.545974118,0.497017627,0.471788333,0.408124444,0.278586,0.345343,0.514778333,0.617709535,0.656563684,0.41409,0.479736667,0.442391429,0.59703,0.59263,0.416296667,0.45568,0.610038571,0.548336667,0.577544474,0.490213571,0.381525556,0.44060619,0.38249,0.38548,0.557883333,0.517933929,0.486234286,0.467816667,0.689312,0.657501818,0.6731348,0.64065
1048,0.529603333,0.48315,0.3184625,0.51208,0.554834286,0.447698,0.32367,0.421894933,0.29702,0.198366,0.146655,0.433775238,0.47763,0.52971,0.590156207,0.599713509,0.55745,0.488915385,0.41718697,0.4038,0.422698,0.584280179,0.544987813,0.324040625,0.468018333,0.481776833,0.481996364,0.51802375,0.510483889,0.556617705,0.565814444,0.5455764,0.46966,0.484437727,0.554105882,0.453587627,0.225766667,0.071346667,0.16504,0.075327,0.270986667,0.490386977,0.461301053,0.44301,0.387883333,0.426671714,0.54345,0.53271,0.22667,0.276984167,0.524285714,0.524816667,0.492772632,0.494556429,0.360237778,0.502749206,0.39585,0.397528,0.470373333,0.478754286,0.404662381,0.353241667,0.650231333,0.626540455,0.589268,0.510105
1049,0.420363333,0.32204,0.18667125,0.511895,0.451581429,0.392102,0.22016,0.345579067,0.233966842,0.165111143,0.130590714,0.276369524,0.284285,0.35536,0.461838621,0.495777895,0.483036667,0.36111,0.366866364,0.45254,0.353057143,0.426958393,0.394372188,0.22093375,0.401594167,0.412862,0.421386364,0.438090625,0.450482222,0.480009344,0.499149333,0.4953931,0.41443,0.359086364,0.464006275,0.394759322,0.139823333,0.045558889,0.118612,0.065467,0.215496667,0.348665581,0.321865263,0.31767,0.264821111,0.353296571,0.33622,0.35136,0.154506667,0.1549625,0.563808571,0.344883333,0.537609474,0.469554286,0.3033,0.417819365,0.33549,0.34759,0.344176667,0.3526,0.213194762,0.275455,0.487185333,0.522956818,0.4208544,0.3608
1050,0.362166667,0.34078,0.0,0.31716,0.396924286,0.211946,0.157823333,0.032460533,0.0,0.0,0.0,0.0,0.0,0.0,0.243027931,0.214074386,0.298583333,0.13614,0.193914848,0.23704,0.212725714,0.01994125,0.02030125,0.0,0.178680833,0.237323333,0.246830909,0.250281875,0.311684444,0.305639508,0.316185333,0.3562553,0.27703,0.228843636,0.291153137,0.239438136,0.0,0.0,0.0,0.0,0.0,0.069746977,0.054948947,0.13334,5.22e-5,0.103445429,0.0,0.0,0.0,0.0,0.450505714,0.390686667,0.430808684,0.292338571,0.0,0.069524444,0.0,0.0,0.0,0.071599643,2.29e-5,0.034235,0.238498,0.308553636,0.2066312,0.17444
1051,0.236783333,0.25997,0.0,0.221985,0.22271,0.114746,0.0,0.0,0.0,0.0,0.0,0.0,0.0,0.0,0.0,0.0,0.0,0.0,0.0,0.0,0.0,0.0,0.0,0.0,0.0,0.0,0.0,0.0,0.0,0.0,0.0,0.0244441,0.0,0.0,2.2e-5,0.004044237,0.0,0.0,0.0,0.0,0.0,0.0,0.0,0.0,0.0,0.0,0.0,0.0,0.0,0.0,0.289294286,0.17948,0.219123684,0.138920714,0.0,0.0,0.0,0.0,0.0,0.0,0.0,0.0,0.0,0.0,0.0,0.0
1052,0.0,0.0,0.0,0.0,0.0,0.0,0.0,0.0,0.0,0.0,0.0,0.0,0.0,0.0,0.0,0.0,0.0,0.0,0.0,0.0,0.0,0.0,0.0,0.0,0.0,0.0,0.0,0.0,0.0,0.0,0.0,0.0,0.0,0.0,0.0,0.0,0.0,0.0,0.0,0.0,0.0,0.0,0.0,0.0,0.0,0.0,0.0,0.0,0.0,0.0,0.0,0.0,0.0,0.0,0.0,0.0,0.0,0.0,0.0,0.0,0.0,0.0,0.0,0.0,0.0,0.0
1053,0.0,0.0,0.0,0.0,0.0,0.0,0.0,0.0,0.0,0.0,0.0,0.0,0.0,0.0,0.0,0.0,0.0,0.0,0.0,0.0,0.0,0.0,0.0,0.0,0.0,0.0,0.0,0.0,0.0,0.0,0.0,0.0,0.0,0.0,0.0,0.0,0.0,0.0,0.0,0.0,0.0,0.0,0.0,0.0,0.0,0.0,0.0,0.0,0.0,0.0,0.0,0.0,0.0,0.0,0.0,0.0,0.0,0.0,0.0,0.0,0.0,0.0,0.0,0.0,0.0,0.0
1054,0.0,0.0,0.0,0.0,0.0,0.0,0.0,0.0,0.0,0.0,0.0,0.0,0.0,0.0,0.0,0.0,0.0,0.0,0.0,0.0,0.0,0.0,0.0,0.0,0.0,0.0,0.0,0.0,0.0,0.0,0.0,0.0,0.0,0.0,0.0,0.0,0.0,0.0,0.0,0.0,0.0,0.0,0.0,0.0,0.0,0.0,0.0,0.0,0.0,0.0,0.0,0.0,0.0,0.0,0.0,0.0,0.0,0.0,0.0,0.0,0.0,0.0,0.0,0.0,0.0,0.0
1055,0.0,0.0,0.0,0.0,0.0,0.0,0.0,0.0,0.0,0.0,0.0,0.0,0.0,0.0,0.0,0.0,0.0,0.0,0.0,0.0,0.0,0.0,0.0,0.0,0.0,0.0,0.0,0.0,0.0,0.0,0.0,0.0,0.0,0.0,0.0,0.0,0.0,0.0,0.0,0.0,0.0,0.0,0.0,0.0,0.0,0.0,0.0,0.0,0.0,0.0,0.0,0.0,0.0,0.0,0.0,0.0,0.0,0.0,0.0,0.0,0.0,0.0,0.0,0.0,0.0,0.0
1056,0.0,0.0,0.0,0.0,0.0,0.0,0.0,0.0,0.0,0.0,0.0,0.0,0.0,0.0,0.0,0.0,0.0,0.0,0.0,0.0,0.0,0.0,0.0,0.0,0.0,0.0,0.0,0.0,0.0,0.0,0.0,0.0,0.0,0.0,0.0,0.0,0.0,0.0,0.0,0.0,0.0,0.0,0.0,0.0,0.0,0.0,0.0,0.0,0.0,0.0,0.0,0.0,0.0,0.0,0.0,0.0,0.0,0.0,0.0,0.0,0.0,0.0,0.0,0.0,0.0,0.0
1057,0.0,0.0,0.0,0.0,0.0,0.0,0.0,0.0,0.0,0.0,0.0,0.0,0.0,0.0,0.0,0.0,0.0,0.0,0.0,0.0,0.0,0.0,0.0,0.0,0.0,0.0,0.0,0.0,0.0,0.0,0.0,0.0,0.0,0.0,0.0,0.0,0.0,0.0,0.0,0.0,0.0,0.0,0.0,0.0,0.0,0.0,0.0,0.0,0.0,0.0,0.0,0.0,0.0,0.0,0.0,0.0,0.0,0.0,0.0,0.0,0.0,0.0,0.0,0.0,0.0,0.0
1058,0.0,0.0,0.0,0.0,0.0,0.0,0.0,0.0,0.0,0.0,0.0,0.0,0.0,0.0,0.0,0.0,0.0,0.0,0.0,0.0,0.0,0.0,0.0,0.0,0.0,0.0,0.0,0.0,0.0,0.0,0.0,0.0,0.0,0.0,0.0,0.0,0.0,0.0,0.0,0.0,0.0,0.0,0.0,0.0,0.0,0.0,0.0,0.0,0.0,0.0,0.0,0.0,0.0,0.0,0.0,0.0,0.0,0.0,0.0,0.0,0.0,0.0,0.0,0.0,0.0,0.0
1059,0.0,0.0,0.0,0.0,0.0,0.0,0.0,0.0,0.0,0.0,0.0,0.0,0.0,0.0,0.0,0.0,0.0,0.0,0.0,0.0,0.0,0.0,0.0,0.0,0.0,0.0,0.0,0.0,0.0,0.0,0.0,0.0,0.0,0.0,0.0,0.0,0.0,0.0,0.0,0.0,0.0,0.0,0.0,0.0,0.0,0.0,0.0,0.0,0.0,0.0,0.0,0.0,0.0,0.0,0.0,0.0,0.0,0.0,0.0,0.0,0.0,0.0,0.0,0.0,0.0,0.0
1060,0.0,0.0,0.0,0.0,0.0,0.0,0.0,0.0,0.0,0.0,0.0,0.0,0.0,0.0,0.0,0.0,0.0,0.0,0.0,0.0,0.0,0.0,0.0,0.0,0.0,0.0,0.0,0.0,0.0,0.0,0.0,0.0,0.0,0.0,0.0,0.0,0.0,0.0,0.0,0.0,0.0,0.0,0.0,0.0,0.0,0.0,0.0,0.0,0.0,0.0,0.0,0.0,0.0,0.0,0.0,0.0,0.0,0.0,0.0,0.0,0.0,0.0,0.0,0.0,0.0,0.0
1061,0.0,0.0,0.0,0.0,0.0,0.0,0.0,0.0,0.0,0.0,0.0,0.0,0.0,0.0,0.0,0.0,0.0,0.0,0.0,0.0,0.0,0.0,0.0,0.0,0.0,0.0,0.0,0.0,0.0,0.0,0.0,0.0,0.0,0.0,0.0,0.0,0.0,0.0,0.0,0.0,0.0,0.0,0.0,0.0,0.0,0.0,0.0,0.0,0.0,0.0,0.0,0.0,0.0,0.0,0.0,0.0,0.0,0.0,0.0,0.0,0.0,0.0,0.0,0.0,0.0,0.0
1062,0.0,0.0,0.0,0.0,0.0,0.0,0.0,0.0,0.0,0.0,0.0,0.0,0.0,0.0,0.0,0.0,0.0,0.0,0.0,0.0,0.0,0.0,0.0,0.0,0.0,0.0,0.0,0.0,0.0,0.0,0.0,0.0,0.0,0.0,0.0,0.0,0.0,0.0,0.0,0.0,0.0,0.0,0.0,0.0,0.0,0.0,0.0,0.0,0.0,0.0,0.0,0.0,0.0,0.0,0.0,0.0,0.0,0.0,0.0,0.0,0.0,0.0,0.0,0.0,0.0,0.0
1063,0.0,0.0,0.19768125,0.0,0.0,0.0,0.00021,0.144206933,0.223564211,0.087602857,0.021085,0.206858095,0.188625,0.29425,0.0,0.0,0.0,0.192651538,0.29095303,0.34245,0.231791714,0.007148393,0.0,0.008566875,0.0,0.0,0.0,0.0,0.0,0.0,0.0,0.0,0.0,0.202531818,2.24e-5,0.034972881,0.138896667,0.137428889,0.171582,0.072526,0.271163333,0.312263256,0.161931579,0.0,0.0,0.0,0.0,0.0,0.156206667,0.225149167,0.0,0.0,0.0,0.0,0.0,0.0,0.0,0.0,0.324645,0.0,0.0,0.0,0.000147333,0.0,0.0001096,0.00013
1064,0.0,0.0,0.3364775,0.122745,0.107832857,0.156914,0.366476667,0.471232533,0.42382,0.300966857,0.074162857,0.355267619,0.260305,0.43254,0.373964138,0.362636842,0.380583333,0.554883846,0.475287273,0.57934,0.551920571,0.466170179,0.415764063,0.28051875,0.304234167,0.179915833,0.116620909,0.0515775,0.336217778,0.263895082,0.353399333,0.1869682,0.12609,0.513829091,0.351470392,0.361923729,0.254876667,0.258062222,0.319278,0.142252,0.433656667,0.540453256,0.269822632,0.16413,0.023371111,0.09409,0.30642,0.29469,0.368976667,0.411278333,4.29e-5,0.0,0.000119737,0.000133571,0.000286667,0.000128889,0.00149,0.00094,0.485873333,0.314178214,0.174387143,0.199128333,0.503885333,0.418599091,0.477922,0.514361667
1065,0.39295,0.10878,0.35746375,0.324,0.298482857,0.355828,0.44875,0.6022144,0.507806316,0.456401143,0.113055,0.510357143,0.38579,0.61001,0.561422069,0.590192105,0.572063333,0.672357692,0.501615152,0.68528,0.643719143,0.61092,0.592047188,0.455850625,0.510351667,0.459879,0.350905455,0.403555625,0.538431667,0.510680164,0.557314889,0.4994828,0.32591,0.638591818,0.548860588,0.528594576,0.377583333,0.310363333,0.386154,0.185786,0.588813333,0.633320465,0.293735263,0.270123333,0.080843333,0.328194,0.48293,0.46648,0.471156667,0.504594167,0.465485714,0.38413,0.438341842,0.010878571,0.182492222,0.20430746,0.02582,0.309068,0.560916667,0.521500357,0.316138095,0.33481,0.645642667,0.585931818,0.6402068,0.646858333
1066,0.489276667,0.18316,0.4237725,0.45789,0.425864286,0.542474,0.54136,0.620044133,0.584970526,0.499304,0.198641429,0.533397619,0.4073,0.61138,0.635443793,0.653847719,0.64518,0.72662,0.569973636,0.73352,0.696208857,0.654093393,0.634323438,0.47724625,0.5949325,0.569300167,0.462338182,0.519826875,0.632073889,0.607217541,0.636612444,0.6184885,0.25889,0.684303182,0.615191569,0.57068661,0.416416667,0.375526667,0.467168,0.29977,0.649801667,0.668817209,0.348807368,0.45232,0.243166667,0.461144857,0.52266,0.52856,0.537963333,0.52235,0.620314286,0.543083333,0.605496579,0.029772857,0.297762222,0.310056984,0.53777,0.394752,0.647871667,0.588033929,0.434350952,0.430928333,0.704596667,0.663803182,0.6878964,0.703323333
1067,0.558903333,0.38303,0.39186375,0.54087,0.504187143,0.570946,0.526076667,0.630266267,0.56645,0.535241429,0.273358571,0.544397143,0.38854,0.61978,0.654748276,0.668672982,0.662846667,0.731899231,0.561944242,0.7317,0.685032286,0.651104464,0.632078125,0.512806875,0.612850833,0.600547333,0.533802727,0.56260125,0.658336111,0.639977869,0.668011333,0.6624607,0.40789,0.69221,0.65331451,0.602518475,0.428076667,0.487355556,0.457368,0.333511,0.590973333,0.670871163,0.389209474,0.532103333,0.390022222,0.544386857,0.55312,0.56258,0.53495,0.580941667,0.673977143,0.63588,0.658615789,0.049442857,0.407304444,0.394713333,0.58304,0.457394,0.549041667,0.607046786,0.493021429,0.462828333,0.714524,0.691202273,0.7145224,0.724786667
1068,0.577666667,0.51868,0.48108375,0.478175,0.522498571,0.517732,0.610673333,0.6031096,0.538887895,0.519639429,0.341184286,0.569183333,0.523205,0.62226,0.649712414,0.663989298,0.65935,0.729851538,0.559695152,0.70614,0.652782857,0.623475357,0.62103125,0.478838125,0.605601667,0.590374,0.552195455,0.576760625,0.660581667,0.645124754,0.670976222,0.6674409,0.51389,0.708389091,0.666292549,0.624323898,0.526465,0.448881111,0.492784,0.41731,0.509573333,0.659186279,0.421315263,0.572123333,0.449822222,0.560727429,0.53968,0.51851,0.602246667,0.615925,0.690598571,0.669466667,0.679535526,0.101892143,0.443826667,0.448310159,0.55604,0.519472,0.560906667,0.596851429,0.504690476,0.476673333,0.702705333,0.692606818,0.717726,0.7365
1069,0.622183333,0.55423,0.44365625,0.56205,0.5521,0.47005,0.546613333,0.566114,0.503037368,0.490025714,0.319342857,0.507632381,0.57137,0.62642,0.631262759,0.654607193,0.653016667,0.718078462,0.493893939,0.58567,0.622319143,0.584750179,0.617282188,0.4288075,0.579525,0.579235,0.571767273,0.570319375,0.657911667,0.63553377,0.666434444,0.6613992,0.56165,0.661287727,0.665689804,0.619621186,0.464001667,0.327902222,0.464152,0.374028,0.424623333,0.634497674,0.400924211,0.573393333,0.450084444,0.549122,0.5722,0.53347,0.43528,0.523573333,0.691774286,0.632363333,0.666225789,0.115644286,0.495237778,0.48856746,0.5839,0.526362,0.557193333,0.578009286,0.492188095,0.48197,0.649200667,0.684528182,0.7095788,0.73578
1070,0.58852,0.67671,0.47355125,0.465315,0.496115714,0.45698,0.64093,0.540115467,0.519932105,0.424939143,0.387207143,0.576747143,0.680755,0.6258,0.629178966,0.643202632,0.645593333,0.680870769,0.422390606,0.339,0.575066571,0.542717857,0.583386563,0.447175625,0.581425833,0.575746833,0.566627273,0.5682675,0.651123333,0.628328197,0.659613556,0.6512202,0.64815,0.646216818,0.660144902,0.607456102,0.441415,0.505255556,0.433346,0.398856,0.381971667,0.593335349,0.408143158,0.577463333,0.422256667,0.542349143,0.57874,0.5094,0.42764,0.5030575,0.653494286,0.546083333,0.621452368,0.189274286,0.537001111,0.53391873,0.58996,0.572046,0.390391667,0.550521071,0.502682857,0.486728333,0.586970667,0.643236818,0.686148,0.696468333
1071,0.53167,0.57144,0.43283,0.43203,0.497508571,0.435656,0.578633333,0.509624133,0.424687368,0.391151143,0.34811,0.494665238,0.60771,0.60833,0.610794138,0.633399825,0.634423333,0.604153846,0.400814545,0.30438,0.460047429,0.547698393,0.57387625,0.445893125,0.566198333,0.5529295,0.53789,0.51422375,0.634985556,0.61055,0.638234889,0.629745,0.69069,0.569722273,0.601824706,0.58807322,0.328983333,0.437676667,0.344398,0.364075,0.470543333,0.527032791,0.368695263,0.558136667,0.460047778,0.512965714,0.48192,0.54563,0.32437,0.4790875,0.574465714,0.561206667,0.588742368,0.245715,0.569508889,0.572919841,0.60776,0.614718,0.4846,0.545448214,0.512483333,0.452545,0.544053333,0.639698182,0.6480256,0.591278333
1072,0.571023333,0.60987,0.31283625,0.336935,0.480764286,0.386258,0.62146,0.433031067,0.359361053,0.336371429,0.210568571,0.447056667,0.51212,0.55308,0.584246552,0.597027368,0.60085,0.532496154,0.361062727,0.26102,0.394589143,0.527501786,0.548767188,0.382010625,0.522414167,0.546977333,0.551374545,0.52973125,0.600503333,0.587378033,0.608194444,0.5938239,0.56331,0.526018182,0.512310196,0.549275424,0.098955,0.217866667,0.173114,0.198889,0.228956667,0.410976744,0.357583684,0.568896667,0.468161111,0.550269429,0.44224,0.37924,0.213646667,0.280939167,0.538894286,0.599843333,0.598888158,0.509096429,0.575852222,0.580260476,0.61114,0.61526,0.357106667,0.49837,0.493782381,0.455205,0.519510667,0.549421364,0.5592604,0.371648333
1073,0.557763333,0.49559,0.19925375,0.2326,0.426088571,0.305404,0.492553333,0.3279252,0.307365263,0.253980571,0.154422143,0.232994286,0.393385,0.3507,0.451605172,0.488434386,0.50299,0.351272308,0.310620606,0.27445,0.334826286,0.390128036,0.401914375,0.309353125,0.430485,0.4631265,0.453133636,0.45756375,0.527218333,0.514389672,0.523293778,0.5353912,0.58469,0.419094091,0.435866667,0.460308136,0.036235,0.131348889,0.127572,0.129651,0.255956667,0.300251628,0.235142105,0.461236667,0.449362222,0.427693714,0.23864,0.25831,0.121033333,0.187531667,0.449195714,0.51142,0.551650789,0.528897857,0.468916667,0.476017937,0.49584,0.519964,0.345346667,0.410741429,0.352158571,0.37752,0.372037333,0.402041364,0.4224408,0.34352
1074,0.458223333,0.44869,0.0,0.114395,0.299001429,0.236314,0.403576667,0.022776933,0.0,0.0,0.0,0.0,0.0,0.0,0.233515517,0.203129123,0.29798,0.165884615,0.204656364,0.17036,0.226259143,0.021479464,0.018579063,0.0,0.257251667,0.259304167,0.248861818,0.28704875,0.330339444,0.322197705,0.319556,0.3796717,0.47692,0.273664091,0.278469608,0.331920169,0.0,0.0,0.0,0.0,0.0,0.074376047,0.071746842,0.1757,0.000148889,0.113712857,0.0,0.0,0.0,0.0,0.383045714,0.49025,0.435967895,0.412938571,0.0,0.068224921,0.0,4.6e-5,0.0,0.1110325,1.86e-5,0.045736667,0.190627333,0.228890909,0.2277356,0.211866667
1075,0.223513333,0.20792,0.0,0.034065,0.183221429,0.10693,0.0,0.0,0.0,0.0,0.0,0.0,0.0,0.0,0.0,0.0,0.0,0.0,0.0,0.0,0.0,0.0,0.0,0.0,0.0,0.0,0.0,0.0,0.0,0.0,0.0,0.0240564,0.0,0.0,0.002740784,0.014020508,0.0,0.0,0.0,0.0,0.0,0.0,0.0,0.0,0.0,0.0,0.0,0.0,0.0,0.0,0.26023,0.27893,0.216057895,0.208725,0.0,0.0,0.0,0.0,0.0,0.0,0.0,0.0,0.0,0.0,0.0,0.0
1076,0.0,0.0,0.0,0.0,0.0,0.0,0.0,0.0,0.0,0.0,0.0,0.0,0.0,0.0,0.0,0.0,0.0,0.0,0.0,0.0,0.0,0.0,0.0,0.0,0.0,0.0,0.0,0.0,0.0,0.0,0.0,0.0,0.0,0.0,0.0,0.0,0.0,0.0,0.0,0.0,0.0,0.0,0.0,0.0,0.0,0.0,0.0,0.0,0.0,0.0,0.0,0.0,0.0,0.0,0.0,0.0,0.0,0.0,0.0,0.0,0.0,0.0,0.0,0.0,0.0,0.0
1077,0.0,0.0,0.0,0.0,0.0,0.0,0.0,0.0,0.0,0.0,0.0,0.0,0.0,0.0,0.0,0.0,0.0,0.0,0.0,0.0,0.0,0.0,0.0,0.0,0.0,0.0,0.0,0.0,0.0,0.0,0.0,0.0,0.0,0.0,0.0,0.0,0.0,0.0,0.0,0.0,0.0,0.0,0.0,0.0,0.0,0.0,0.0,0.0,0.0,0.0,0.0,0.0,0.0,0.0,0.0,0.0,0.0,0.0,0.0,0.0,0.0,0.0,0.0,0.0,0.0,0.0
1078,0.0,0.0,0.0,0.0,0.0,0.0,0.0,0.0,0.0,0.0,0.0,0.0,0.0,0.0,0.0,0.0,0.0,0.0,0.0,0.0,0.0,0.0,0.0,0.0,0.0,0.0,0.0,0.0,0.0,0.0,0.0,0.0,0.0,0.0,0.0,0.0,0.0,0.0,0.0,0.0,0.0,0.0,0.0,0.0,0.0,0.0,0.0,0.0,0.0,0.0,0.0,0.0,0.0,0.0,0.0,0.0,0.0,0.0,0.0,0.0,0.0,0.0,0.0,0.0,0.0,0.0
1079,0.0,0.0,0.0,0.0,0.0,0.0,0.0,0.0,0.0,0.0,0.0,0.0,0.0,0.0,0.0,0.0,0.0,0.0,0.0,0.0,0.0,0.0,0.0,0.0,0.0,0.0,0.0,0.0,0.0,0.0,0.0,0.0,0.0,0.0,0.0,0.0,0.0,0.0,0.0,0.0,0.0,0.0,0.0,0.0,0.0,0.0,0.0,0.0,0.0,0.0,0.0,0.0,0.0,0.0,0.0,0.0,0.0,0.0,0.0,0.0,0.0,0.0,0.0,0.0,0.0,0.0
1080,0.0,0.0,0.0,0.0,0.0,0.0,0.0,0.0,0.0,0.0,0.0,0.0,0.0,0.0,0.0,0.0,0.0,0.0,0.0,0.0,0.0,0.0,0.0,0.0,0.0,0.0,0.0,0.0,0.0,0.0,0.0,0.0,0.0,0.0,0.0,0.0,0.0,0.0,0.0,0.0,0.0,0.0,0.0,0.0,0.0,0.0,0.0,0.0,0.0,0.0,0.0,0.0,0.0,0.0,0.0,0.0,0.0,0.0,0.0,0.0,0.0,0.0,0.0,0.0,0.0,0.0
1081,0.0,0.0,0.0,0.0,0.0,0.0,0.0,0.0,0.0,0.0,0.0,0.0,0.0,0.0,0.0,0.0,0.0,0.0,0.0,0.0,0.0,0.0,0.0,0.0,0.0,0.0,0.0,0.0,0.0,0.0,0.0,0.0,0.0,0.0,0.0,0.0,0.0,0.0,0.0,0.0,0.0,0.0,0.0,0.0,0.0,0.0,0.0,0.0,0.0,0.0,0.0,0.0,0.0,0.0,0.0,0.0,0.0,0.0,0.0,0.0,0.0,0.0,0.0,0.0,0.0,0.0
1082,0.0,0.0,0.0,0.0,0.0,0.0,0.0,0.0,0.0,0.0,0.0,0.0,0.0,0.0,0.0,0.0,0.0,0.0,0.0,0.0,0.0,0.0,0.0,0.0,0.0,0.0,0.0,0.0,0.0,0.0,0.0,0.0,0.0,0.0,0.0,0.0,0.0,0.0,0.0,0.0,0.0,0.0,0.0,0.0,0.0,0.0,0.0,0.0,0.0,0.0,0.0,0.0,0.0,0.0,0.0,0.0,0.0,0.0,0.0,0.0,0.0,0.0,0.0,0.0,0.0,0.0
1083,0.0,0.0,0.0,0.0,0.0,0.0,0.0,0.0,0.0,0.0,0.0,0.0,0.0,0.0,0.0,0.0,0.0,0.0,0.0,0.0,0.0,0.0,0.0,0.0,0.0,0.0,0.0,0.0,0.0,0.0,0.0,0.0,0.0,0.0,0.0,0.0,0.0,0.0,0.0,0.0,0.0,0.0,0.0,0.0,0.0,0.0,0.0,0.0,0.0,0.0,0.0,0.0,0.0,0.0,0.0,0.0,0.0,0.0,0.0,0.0,0.0,0.0,0.0,0.0,0.0,0.0
1084,0.0,0.0,0.0,0.0,0.0,0.0,0.0,0.0,0.0,0.0,0.0,0.0,0.0,0.0,0.0,0.0,0.0,0.0,0.0,0.0,0.0,0.0,0.0,0.0,0.0,0.0,0.0,0.0,0.0,0.0,0.0,0.0,0.0,0.0,0.0,0.0,0.0,0.0,0.0,0.0,0.0,0.0,0.0,0.0,0.0,0.0,0.0,0.0,0.0,0.0,0.0,0.0,0.0,0.0,0.0,0.0,0.0,0.0,0.0,0.0,0.0,0.0,0.0,0.0,0.0,0.0
1085,0.0,0.0,0.0,0.0,0.0,0.0,0.0,0.0,0.0,0.0,0.0,0.0,0.0,0.0,0.0,0.0,0.0,0.0,0.0,0.0,0.0,0.0,0.0,0.0,0.0,0.0,0.0,0.0,0.0,0.0,0.0,0.0,0.0,0.0,0.0,0.0,0.0,0.0,0.0,0.0,0.0,0.0,0.0,0.0,0.0,0.0,0.0,0.0,0.0,0.0,0.0,0.0,0.0,0.0,0.0,0.0,0.0,0.0,0.0,0.0,0.0,0.0,0.0,0.0,0.0,0.0
1086,0.0,0.0,0.0,0.0,0.0,0.0,0.0,0.0,0.0,0.0,0.0,0.0,0.0,0.0,0.0,0.0,0.0,0.0,0.0,0.0,0.0,0.0,0.0,0.0,0.0,0.0,0.0,0.0,0.0,0.0,0.0,0.0,0.0,0.0,0.0,0.0,0.0,0.0,0.0,0.0,0.0,0.0,0.0,0.0,0.0,0.0,0.0,0.0,0.0,0.0,0.0,0.0,0.0,0.0,0.0,0.0,0.0,0.0,0.0,0.0,0.0,0.0,0.0,0.0,0.0,0.0
1087,0.0,0.0,0.25095875,0.0,0.0,0.0,0.00031,0.139198,0.140233684,0.075855429,0.021616429,0.190855238,0.17897,0.00041,0.0,0.0,0.0,0.138740769,0.194000303,0.15005,0.129315714,0.006942143,0.0,0.0265025,0.0,0.0,0.0,0.0,0.0,0.0,0.0,0.0,0.0,0.203425,1.76e-6,0.032591356,0.232655,0.191757778,0.138612,0.188007,0.126053333,0.284410465,0.155449474,0.0,0.0,0.0,0.0,0.0,0.162506667,0.402354167,0.0,0.0,0.0,0.0,0.0,0.0,0.0,0.0,0.22047,0.0,0.0,0.0,0.000124,0.0,6.8e-6,6.83e-5
1088,0.0,0.0,0.45015375,0.175155,0.097681429,0.209868,0.353723333,0.467839333,0.302210526,0.275517714,0.053030714,0.281642381,0.252335,0.44925,0.345404828,0.337384912,0.377203333,0.476603846,0.395079091,0.46061,0.351597143,0.463138393,0.39449875,0.43634125,0.311176667,0.151385833,0.109459091,0.0369575,0.323975556,0.236547869,0.330804889,0.1760156,0.08728,0.477417273,0.311653333,0.312225424,0.339786667,0.343448889,0.309806,0.363158,0.230048333,0.473956047,0.249126842,0.25359,0.173227778,0.158532,0.328,0.43384,0.383626667,0.538175833,8.29e-5,0.0,0.000260789,0.029087143,0.000347778,0.000164921,0.0011,0.001128,0.39877,0.347579286,0.219668095,0.192646667,0.469356,0.31798,0.34811,0.452441667
1089,0.371676667,0.38021,0.55519375,0.21334,0.265982857,0.30107,0.466653333,0.6229624,0.499261053,0.482187714,0.105410714,0.429723333,0.31756,0.58913,0.54656931,0.571523509,0.56575,0.643742308,0.445356667,0.63731,0.437854571,0.601459821,0.556307188,0.5728775,0.5119625,0.358379667,0.279846364,0.403095,0.534685,0.463418361,0.493491333,0.4764806,0.19607,0.587176818,0.503049216,0.446498983,0.46249,0.502647778,0.565876,0.549755,0.371023333,0.583466279,0.297626842,0.449896667,0.345056667,0.428623429,0.43109,0.46397,0.524723333,0.668691667,0.369134286,0.29049,0.367932895,0.098707143,0.469517778,0.344745079,0.02196,0.358844,0.50064,0.549634286,0.388671429,0.34926,0.600884667,0.475215455,0.48146,0.593201667
1090,0.53532,0.54674,0.59603125,0.38217,0.452301429,0.296166,0.47131,0.66648,0.509698421,0.507807143,0.157375,0.430205714,0.337405,0.60522,0.62763,0.642481228,0.63329,0.715088462,0.487451212,0.56953,0.450028,0.654484107,0.61306,0.64682875,0.600660833,0.462905,0.395462727,0.52132,0.61863,0.569121475,0.566451111,0.6055174,0.27283,0.573630909,0.563828039,0.44895,0.529315,0.518472222,0.61579,0.585791,0.465958333,0.614936977,0.300099474,0.531583333,0.456804444,0.518193714,0.5283,0.57123,0.56098,0.6580775,0.54789,0.528293333,0.565182895,0.159399286,0.563928889,0.396303968,0.63571,0.48671,0.559908333,0.623349643,0.50264,0.45685,0.659628,0.577912273,0.5615624,0.667916667
1091,0.616196667,0.65514,0.55842375,0.508375,0.531557143,0.349256,0.446886667,0.6782252,0.501403684,0.5231,0.249048571,0.468967619,0.3696,0.5869,0.645227931,0.656121053,0.649036667,0.731634615,0.442881818,0.46102,0.466441143,0.657924464,0.620615625,0.659638125,0.6096775,0.500940333,0.453108182,0.550128125,0.648080556,0.622982295,0.597840667,0.6481421,0.4024,0.59704,0.608542941,0.503817458,0.514156667,0.521954444,0.597974,0.57223,0.430376667,0.63040814,0.297724737,0.610376667,0.568216667,0.525979143,0.49514,0.56524,0.54092,0.619790833,0.634155714,0.650873333,0.639881316,0.271825,0.564372222,0.416703333,0.6343,0.550138,0.490663333,0.628638929,0.553375714,0.498263333,0.706652667,0.607761364,0.6322188,0.709156667
1092,0.66281,0.66535,0.51816625,0.563975,0.586814286,0.462152,0.538743333,0.684987333,0.521187368,0.537208857,0.2712,0.53177,0.427135,0.59738,0.64169069,0.653329123,0.64802,0.725254615,0.409472424,0.40218,0.479099143,0.647185,0.5950725,0.634815,0.5968525,0.507606333,0.476192727,0.548183125,0.650847222,0.635198689,0.613579778,0.657197,0.37325,0.616328182,0.630821176,0.528207797,0.464775,0.521842222,0.49192,0.511953,0.40984,0.60802814,0.260307368,0.599476667,0.570028889,0.510476286,0.54433,0.55512,0.538833333,0.607955833,0.661734286,0.66175,0.656739737,0.430372857,0.505313333,0.402460635,0.5976,0.567482,0.560845,0.606476429,0.585474286,0.56234,0.701834,0.640143636,0.663962,0.61877
1093,0.638416667,0.5863,0.52341875,0.57685,0.59157,0.435908,0.532943333,0.619401067,0.499122632,0.498709714,0.271795,0.518440952,0.376265,0.59888,0.623214828,0.635882632,0.634363333,0.710054615,0.384561212,0.47568,0.500898571,0.617470357,0.554605,0.61110375,0.589905,0.514781667,0.510695455,0.546454375,0.643492222,0.623500984,0.614091333,0.6479455,0.59699,0.601703636,0.553472549,0.525864746,0.430921667,0.456015556,0.454574,0.475089,0.32816,0.574456047,0.245794211,0.588213333,0.578788889,0.515839429,0.544,0.50759,0.515206667,0.606755,0.669178571,0.653486667,0.64277,0.516343571,0.41804,0.37071873,0.57804,0.571298,0.537895,0.594362143,0.597349048,0.583543333,0.623938,0.629868636,0.6539284,0.624631667
1094,0.61051,0.66517,0.50778,0.295595,0.513714286,0.442488,0.474643333,0.585185733,0.450967368,0.437726,0.337748571,0.539381905,0.438545,0.56439,0.591402759,0.605174561,0.591086667,0.632348462,0.355841515,0.3972,0.459766286,0.601562679,0.563789063,0.55858,0.563251667,0.497356,0.523784545,0.52098875,0.629617778,0.606293279,0.587022889,0.6123328,0.56459,0.567808636,0.553483137,0.490403559,0.430245,0.429577778,0.474362,0.447088,0.285015,0.498131163,0.187597895,0.57809,0.587308889,0.491555714,0.56379,0.47792,0.47846,0.593233333,0.558271429,0.56706,0.603316053,0.485097143,0.314928889,0.378781587,0.58653,0.567438,0.49332,0.587573929,0.610600476,0.595101667,0.53586,0.597802727,0.631734,0.614578333
1095,0.614786667,0.57403,0.4984925,0.451045,0.532825714,0.422528,0.544716667,0.517700667,0.453020526,0.334549143,0.318043571,0.492118571,0.298965,0.55331,0.548350345,0.570111754,0.51512,0.532689231,0.339824242,0.46124,0.465443143,0.554518929,0.506608125,0.498085625,0.5544875,0.486191,0.529733636,0.506215,0.593062222,0.600103115,0.504704222,0.596454,0.64936,0.569647273,0.528871569,0.500989831,0.402976667,0.363782222,0.305238,0.371341,0.259551667,0.381717674,0.152779474,0.520393333,0.557496667,0.441063143,0.50745,0.48422,0.465413333,0.527215833,0.566501429,0.50332,0.594385526,0.381747143,0.24693,0.32612,0.61678,0.535714,0.442146667,0.574926786,0.606736667,0.598121667,0.478499333,0.50684,0.6056696,0.611711667
1096,0.499823333,0.59724,0.42154,0.4177,0.4699,0.52094,0.602776667,0.4074816,0.395752632,0.275990286,0.385313571,0.447520952,0.39417,0.4822,0.515101034,0.518488421,0.501633333,0.33763,0.348883636,0.54485,0.473180857,0.530376607,0.496205938,0.40863375,0.533170833,0.470696833,0.478277273,0.39498625,0.565390556,0.564523934,0.478917556,0.5563566,0.4279,0.560107273,0.501307255,0.456619153,0.28188,0.240862222,0.31466,0.328987,0.234638333,0.279500233,0.137073158,0.49896,0.517155556,0.398847714,0.44811,0.31176,0.29941,0.38497,0.548991429,0.453433333,0.564940263,0.615282143,0.15606,0.208386825,0.41015,0.5064,0.427436667,0.546098929,0.579191429,0.560878333,0.376028667,0.432394091,0.4264408,0.552183333
1097,0.538523333,0.48011,0.28947375,0.318695,0.418737143,0.405206,0.508696667,0.309176667,0.257598947,0.232396,0.265893571,0.267310952,0.274925,0.29086,0.407043448,0.375084211,0.302496667,0.225774615,0.208283939,0.42218,0.329216571,0.366824107,0.366167813,0.3133175,0.457603333,0.382387,0.440386364,0.329654375,0.484387222,0.481423443,0.378504,0.5113125,0.45574,0.496318636,0.407625686,0.376548814,0.235306667,0.211077778,0.213608,0.214113,0.200226667,0.209503721,0.073091579,0.40642,0.388044444,0.279365714,0.29763,0.25748,0.273503333,0.309025833,0.533855714,0.513276667,0.566009737,0.555560714,0.069708889,0.112419365,0.1831,0.36423,0.331193333,0.432385357,0.424810476,0.43958,0.279285333,0.353064091,0.3612608,0.430506667
1098,0.51698,0.47944,0.0,0.18699,0.325592857,0.325018,0.352063333,0.026503467,0.0,0.0,0.0,0.0,0.0,0.0,0.220947241,0.159256667,0.189313333,0.091882308,0.109709697,0.28619,0.202532,0.025331607,0.022896875,0.0,0.242934167,0.201132,0.278903636,0.198745625,0.294491667,0.304232623,0.247066667,0.3656375,0.3868,0.300552273,0.267493725,0.249978305,0.0,0.0,0.0,0.0,0.0,0.045445581,0.033457895,0.127186667,0.000415556,0.035424571,0.0,0.0,0.0,0.0,0.392267143,0.43406,0.438559737,0.439017857,0.0,0.000427302,0.0,0.000224,0.0,0.099011071,4.0e-5,0.030525,0.132374,0.254354091,0.2035732,0.203018333
1099,0.382103333,0.37672,0.0,0.2029,0.189418571,0.202446,0.0,0.0,0.0,0.0,0.0,0.0,0.0,0.0,0.0,0.0,0.0,0.0,0.0,0.0,0.0,0.0,0.0,0.0,0.0,0.0,0.0,0.0,0.0,0.0,0.0,0.0257571,8.0e-5,0.0,0.004355882,0.007678136,0.0,0.0,0.0,0.0,0.0,0.0,0.0,0.0,0.0,0.0,0.0,0.0,0.0,0.0,0.248454286,0.2197,0.208094737,0.289116429,0.0,0.0,0.0,0.0,0.0,0.0,0.0,0.0,0.0,0.0,0.0,0.0
1100,0.0,0.0,0.0,0.0,0.0,0.0,0.0,0.0,0.0,0.0,0.0,0.0,0.0,0.0,0.0,0.0,0.0,0.0,0.0,0.0,0.0,0.0,0.0,0.0,0.0,0.0,0.0,0.0,0.0,0.0,0.0,0.0,0.0,0.0,0.0,0.0,0.0,0.0,0.0,0.0,0.0,0.0,0.0,0.0,0.0,0.0,0.0,0.0,0.0,0.0,0.0,0.0,0.0,0.0,0.0,0.0,0.0,0.0,0.0,0.0,0.0,0.0,0.0,0.0,0.0,0.0
1101,0.0,0.0,0.0,0.0,0.0,0.0,0.0,0.0,0.0,0.0,0.0,0.0,0.0,0.0,0.0,0.0,0.0,0.0,0.0,0.0,0.0,0.0,0.0,0.0,0.0,0.0,0.0,0.0,0.0,0.0,0.0,0.0,0.0,0.0,0.0,0.0,0.0,0.0,0.0,0.0,0.0,0.0,0.0,0.0,0.0,0.0,0.0,0.0,0.0,0.0,0.0,0.0,0.0,0.0,0.0,0.0,0.0,0.0,0.0,0.0,0.0,0.0,0.0,0.0,0.0,0.0
1102,0.0,0.0,0.0,0.0,0.0,0.0,0.0,0.0,0.0,0.0,0.0,0.0,0.0,0.0,0.0,0.0,0.0,0.0,0.0,0.0,0.0,0.0,0.0,0.0,0.0,0.0,0.0,0.0,0.0,0.0,0.0,0.0,0.0,0.0,0.0,0.0,0.0,0.0,0.0,0.0,0.0,0.0,0.0,0.0,0.0,0.0,0.0,0.0,0.0,0.0,0.0,0.0,0.0,0.0,0.0,0.0,0.0,0.0,0.0,0.0,0.0,0.0,0.0,0.0,0.0,0.0
1103,0.0,0.0,0.0,0.0,0.0,0.0,0.0,0.0,0.0,0.0,0.0,0.0,0.0,0.0,0.0,0.0,0.0,0.0,0.0,0.0,0.0,0.0,0.0,0.0,0.0,0.0,0.0,0.0,0.0,0.0,0.0,0.0,0.0,0.0,0.0,0.0,0.0,0.0,0.0,0.0,0.0,0.0,0.0,0.0,0.0,0.0,0.0,0.0,0.0,0.0,0.0,0.0,0.0,0.0,0.0,0.0,0.0,0.0,0.0,0.0,0.0,0.0,0.0,0.0,0.0,0.0
1104,0.0,0.0,0.0,0.0,0.0,0.0,0.0,0.0,0.0,0.0,0.0,0.0,0.0,0.0,0.0,0.0,0.0,0.0,0.0,0.0,0.0,0.0,0.0,0.0,0.0,0.0,0.0,0.0,0.0,0.0,0.0,0.0,0.0,0.0,0.0,0.0,0.0,0.0,0.0,0.0,0.0,0.0,0.0,0.0,0.0,0.0,0.0,0.0,0.0,0.0,0.0,0.0,0.0,0.0,0.0,0.0,0.0,0.0,0.0,0.0,0.0,0.0,0.0,0.0,0.0,0.0
1105,0.0,0.0,0.0,0.0,0.0,0.0,0.0,0.0,0.0,0.0,0.0,0.0,0.0,0.0,0.0,0.0,0.0,0.0,0.0,0.0,0.0,0.0,0.0,0.0,0.0,0.0,0.0,0.0,0.0,0.0,0.0,0.0,0.0,0.0,0.0,0.0,0.0,0.0,0.0,0.0,0.0,0.0,0.0,0.0,0.0,0.0,0.0,0.0,0.0,0.0,0.0,0.0,0.0,0.0,0.0,0.0,0.0,0.0,0.0,0.0,0.0,0.0,0.0,0.0,0.0,0.0
1106,0.0,0.0,0.0,0.0,0.0,0.0,0.0,0.0,0.0,0.0,0.0,0.0,0.0,0.0,0.0,0.0,0.0,0.0,0.0,0.0,0.0,0.0,0.0,0.0,0.0,0.0,0.0,0.0,0.0,0.0,0.0,0.0,0.0,0.0,0.0,0.0,0.0,0.0,0.0,0.0,0.0,0.0,0.0,0.0,0.0,0.0,0.0,0.0,0.0,0.0,0.0,0.0,0.0,0.0,0.0,0.0,0.0,0.0,0.0,0.0,0.0,0.0,0.0,0.0,0.0,0.0
1107,0.0,0.0,0.0,0.0,0.0,0.0,0.0,0.0,0.0,0.0,0.0,0.0,0.0,0.0,0.0,0.0,0.0,0.0,0.0,0.0,0.0,0.0,0.0,0.0,0.0,0.0,0.0,0.0,0.0,0.0,0.0,0.0,0.0,0.0,0.0,0.0,0.0,0.0,0.0,0.0,0.0,0.0,0.0,0.0,0.0,0.0,0.0,0.0,0.0,0.0,0.0,0.0,0.0,0.0,0.0,0.0,0.0,0.0,0.0,0.0,0.0,0.0,0.0,0.0,0.0,0.0
1108,0.0,0.0,0.0,0.0,0.0,0.0,0.0,0.0,0.0,0.0,0.0,0.0,0.0,0.0,0.0,0.0,0.0,0.0,0.0,0.0,0.0,0.0,0.0,0.0,0.0,0.0,0.0,0.0,0.0,0.0,0.0,0.0,0.0,0.0,0.0,0.0,0.0,0.0,0.0,0.0,0.0,0.0,0.0,0.0,0.0,0.0,0.0,0.0,0.0,0.0,0.0,0.0,0.0,0.0,0.0,0.0,0.0,0.0,0.0,0.0,0.0,0.0,0.0,0.0,0.0,0.0
1109,0.0,0.0,0.0,0.0,0.0,0.0,0.0,0.0,0.0,0.0,0.0,0.0,0.0,0.0,0.0,0.0,0.0,0.0,0.0,0.0,0.0,0.0,0.0,0.0,0.0,0.0,0.0,0.0,0.0,0.0,0.0,0.0,0.0,0.0,0.0,0.0,0.0,0.0,0.0,0.0,0.0,0.0,0.0,0.0,0.0,0.0,0.0,0.0,0.0,0.0,0.0,0.0,0.0,0.0,0.0,0.0,0.0,0.0,0.0,0.0,0.0,0.0,0.0,0.0,0.0,0.0
1110,0.0,0.0,0.0,0.0,0.0,0.0,0.0,0.0,0.0,0.0,0.0,0.0,0.0,0.0,0.0,0.0,0.0,0.0,0.0,0.0,0.0,0.0,0.0,0.0,0.0,0.0,0.0,0.0,0.0,0.0,0.0,0.0,0.0,0.0,0.0,0.0,0.0,0.0,0.0,0.0,0.0,0.0,0.0,0.0,0.0,0.0,0.0,0.0,0.0,0.0,0.0,0.0,0.0,0.0,0.0,0.0,0.0,0.0,0.0,0.0,0.0,0.0,0.0,0.0,0.0,0.0
1111,0.0,0.0,0.11428125,0.0,0.0,0.0,3.67e-5,0.116641733,0.109948421,0.071912571,0.245792143,0.339270476,0.34502,0.0003,0.0,0.0,0.0,0.088368462,0.192338182,0.08835,0.143055143,0.000127143,0.0,0.009389375,0.0,0.0,0.0,0.0,0.0,0.0,0.0,0.0,0.0,0.168773182,0.0,0.027717627,0.383345,0.346953333,0.252134,0.187498,0.294906667,0.28068814,0.254375789,0.0,0.0,0.0,0.0,0.0,0.293243333,0.506065833,0.0,0.0,0.0,0.0,0.0,0.0,0.0,0.0,0.200911667,0.0,0.0,0.0,3.2e-5,0.0,2.72e-5,0.0
1112,0.0,0.0,0.34419875,0.11401,0.0686,0.052076,0.35479,0.440245467,0.306487895,0.226893143,0.448001429,0.536942857,0.50331,0.22368,0.250915517,0.298196667,0.345686667,0.329596154,0.296234848,0.06002,0.326778571,0.409340536,0.365937188,0.39454375,0.222341667,0.102396167,0.108861818,0.019069375,0.326172778,0.259565574,0.336374,0.1781029,0.11268,0.439232273,0.264832941,0.255647966,0.593468333,0.550237778,0.401944,0.392419,0.370358333,0.492193256,0.393843684,0.03869,0.026281111,0.022816,0.27456,0.24258,0.60382,0.664069167,0.000154286,0.0,0.000150789,0.2736,9.44e-5,8.73e-6,0.0,0.0,0.391595,0.261919643,0.191845238,0.113998333,0.405789333,0.394640909,0.3888368,0.37775
1113,0.345553333,0.34952,0.50237625,0.158755,0.235218571,0.080088,0.42082,0.5832624,0.486545789,0.416881714,0.585817143,0.641197143,0.59099,0.38306,0.458243103,0.526273684,0.531093333,0.571691538,0.388306364,0.1416,0.403572857,0.557757857,0.525574375,0.572470625,0.413691667,0.3073175,0.365732727,0.317328125,0.533239444,0.501630492,0.550319556,0.4819042,0.33168,0.541719545,0.446155882,0.394417966,0.724978333,0.649618889,0.615932,0.586022,0.5468,0.633317442,0.514788947,0.156106667,0.072876667,0.096186,0.38003,0.3942,0.71415,0.738926667,0.285218571,0.44437,0.347727105,0.472929286,0.149158889,0.234496349,0.02021,0.013054,0.604325,0.428734286,0.354036667,0.19515,0.576002667,0.525919091,0.5897404,0.530141667
1114,0.52427,0.55669,0.46278375,0.338955,0.417711429,0.146364,0.632466667,0.655354533,0.560574211,0.493291143,0.620097857,0.665473333,0.590915,0.46226,0.572123448,0.60790807,0.61524,0.658208462,0.507934242,0.2118,0.488536857,0.619184107,0.585578438,0.651916875,0.499285,0.427536167,0.479118182,0.41229375,0.615667778,0.599391311,0.626398444,0.5979278,0.36351,0.616457273,0.522556275,0.491721695,0.761351667,0.677402222,0.679576,0.604899,0.538233333,0.70593,0.613497895,0.240633333,0.202754444,0.159408,0.43193,0.43378,0.75926,0.743253333,0.493698571,0.587593333,0.555623421,0.605937143,0.263436667,0.374044286,0.11801,0.035344,0.62187,0.497853571,0.445302857,0.295645,0.643971333,0.59377,0.6624024,0.569351667
1115,0.646656667,0.65616,0.54990375,0.329505,0.456372857,0.293732,0.645616667,0.674581067,0.579096842,0.518144571,0.547026429,0.662718571,0.623705,0.53432,0.621595862,0.635709825,0.620166667,0.701506154,0.54712303,0.3919,0.540187143,0.63995875,0.605688438,0.655239375,0.5230375,0.511352667,0.53587,0.424883125,0.639401111,0.629571803,0.648655111,0.6442176,0.44082,0.662741818,0.562153922,0.561072712,0.76688,0.662471111,0.69645,0.59771,0.578313333,0.713557674,0.647721053,0.449693333,0.271611111,0.192725714,0.52216,0.48195,0.75574,0.746829167,0.655594286,0.640793333,0.647166053,0.674461429,0.369374444,0.457927937,0.22802,0.061754,0.600988333,0.534988929,0.473884286,0.317038333,0.666612,0.618630455,0.672536,0.647588333
1116,0.640273333,0.68164,0.53889125,0.35567,0.496524286,0.521528,0.666863333,0.670334667,0.592987895,0.514005714,0.547380714,0.681808095,0.605605,0.47424,0.632004483,0.638022456,0.610906667,0.654869231,0.618741515,0.57935,0.548415429,0.632959643,0.581125625,0.61066875,0.54191,0.545142667,0.521573636,0.44722625,0.640189444,0.630800656,0.625047111,0.6489686,0.60001,0.65349,0.581578235,0.593128305,0.758403333,0.619632222,0.71687,0.607698,0.58538,0.703984419,0.637767368,0.509696667,0.312451111,0.239574286,0.563,0.45165,0.744533333,0.7147025,0.675405714,0.652823333,0.659732632,0.688311429,0.347798889,0.471433651,0.23447,0.08471,0.603335,0.51364,0.447856667,0.347006667,0.685707333,0.611761364,0.6430608,0.672586667
1117,0.61676,0.60174,0.54566125,0.42603,0.521331429,0.582318,0.63655,0.6192272,0.523046316,0.492894857,0.567541429,0.656638571,0.617345,0.46386,0.604474138,0.614510175,0.606296667,0.598199231,0.596088182,0.6998,0.553193714,0.612899464,0.534957813,0.59015,0.53655,0.549401667,0.485829091,0.477614375,0.61195,0.606767869,0.599174889,0.6177057,0.60494,0.593344091,0.55512549,0.566722712,0.69923,0.641715556,0.709204,0.573077,0.54355,0.654043256,0.632805263,0.534326667,0.296008889,0.260826571,0.48923,0.46625,0.668693333,0.716044167,0.594864286,0.570056667,0.602957632,0.56257,0.356853333,0.474115079,0.28456,0.097618,0.593948333,0.526588571,0.403240476,0.398583333,0.646328667,0.568674545,0.584518,0.639186667
1118,0.58469,0.58534,0.52124125,0.395105,0.461425714,0.415256,0.67736,0.5292,0.526331053,0.475291143,0.548015,0.625268571,0.61015,0.41718,0.568076552,0.523983509,0.52997,0.507958462,0.604013939,0.64642,0.579242286,0.533797679,0.477752813,0.564218125,0.5392925,0.517809167,0.447086364,0.404958125,0.571005,0.56798459,0.531187778,0.5526054,0.63784,0.637386818,0.543823529,0.553391525,0.52026,0.548732222,0.66576,0.49206,0.619868333,0.536641628,0.608858421,0.499016667,0.185212222,0.189320286,0.47003,0.46578,0.55844,0.677938333,0.599618571,0.578683333,0.600563421,0.513307143,0.323166667,0.478797778,0.38121,0.12117,0.585018333,0.519969643,0.331126667,0.381556667,0.503120667,0.498953182,0.5499484,0.610853333
1119,0.587216667,0.60033,0.48479875,0.46415,0.519898571,0.436876,0.619293333,0.458527067,0.468368421,0.458279429,0.575643571,0.652412857,0.67614,0.42327,0.554006552,0.485451053,0.431646667,0.440876154,0.558852424,0.63149,0.575362,0.49174875,0.467012188,0.535761875,0.504315833,0.492266833,0.44375,0.38675875,0.566002778,0.544093443,0.506639333,0.5401222,0.65396,0.556191364,0.54699,0.553666949,0.519373333,0.512994444,0.545088,0.445008,0.587835,0.443161395,0.551619474,0.47531,0.131133333,0.158974,0.24612,0.414,0.616756667,0.647046667,0.535972857,0.53767,0.558317368,0.587362857,0.299554444,0.494967778,0.35342,0.10234,0.49236,0.502078571,0.246297619,0.335738333,0.434708,0.490238182,0.5185956,0.579243333
1120,0.596106667,0.56075,0.44149875,0.49111,0.513347143,0.41121,0.64591,0.392130133,0.382362105,0.371813143,0.514917143,0.579057619,0.531225,0.21841,0.475715517,0.361907368,0.34303,0.381142308,0.505283636,0.50367,0.485688571,0.407098036,0.382572188,0.411835,0.452190833,0.419101333,0.462197273,0.420774375,0.483613889,0.439000164,0.420839333,0.4797158,0.60607,0.529231818,0.507305098,0.512530678,0.436883333,0.481525556,0.479614,0.464241,0.50526,0.389668605,0.477709474,0.091766667,0.082206667,0.096145429,0.31295,0.28476,0.508126667,0.506484167,0.490257143,0.505886667,0.509510526,0.601523571,0.270893333,0.419518889,0.04293,0.073724,0.447425,0.350152143,0.183651905,0.21031,0.368874,0.419487727,0.4568208,0.443851667
1121,0.518956667,0.51043,0.25179375,0.40761,0.468941429,0.340552,0.540326667,0.2813264,0.27995,0.273952286,0.342527857,0.368210952,0.28654,0.21474,0.377834138,0.292494211,0.30194,0.243045385,0.398909091,0.41653,0.372227714,0.29713375,0.29074375,0.325248125,0.324748333,0.335167667,0.313221818,0.30840375,0.409006111,0.384779344,0.337402667,0.428592,0.57759,0.446405909,0.411372549,0.463221017,0.31756,0.290042222,0.34538,0.173516,0.432071667,0.271312558,0.309511579,0.127373333,0.024651111,0.051140857,0.11665,0.1392,0.388073333,0.38536,0.512281429,0.336133333,0.469941842,0.563897857,0.202635556,0.32327127,0.06214,0.03479,0.347016667,0.229169286,0.071734762,0.088228333,0.270524,0.326024091,0.3976832,0.402591667
1122,0.49027,0.36141,0.0,0.26226,0.358544286,0.298938,0.446586667,0.0196272,0.0,0.0,0.0,0.0,0.0,0.0,0.191806552,0.124686667,0.153943333,0.097451538,0.205672424,0.26757,0.231588,0.024467143,0.021188438,0.0,0.213923333,0.1845995,0.172262727,0.162226875,0.252843889,0.247243607,0.218283111,0.3013056,0.34339,0.300076818,0.248461569,0.308986102,0.0,0.0,0.0,0.0,0.0,0.02329186,0.065738421,0.05828,0.0,0.021468857,0.0,0.0,0.0,0.0,0.45002,0.312373333,0.405398684,0.431872857,0.0,0.048693333,0.0,0.0,0.0,0.070163571,0.0,0.000168333,0.169876,0.210074091,0.2160532,0.214928333
1123,0.324083333,0.29604,0.0,0.200935,0.211485714,0.171752,0.0,0.0,0.0,0.0,0.0,0.0,0.0,0.0,0.0,0.0,0.0,0.0,0.0,0.0,0.0,0.0,0.0,0.0,0.0,0.0,0.0,0.0,0.0,0.0,0.0,0.0249372,0.0,0.0,0.002897255,0.008775085,0.0,0.0,0.0,0.0,0.0,0.0,0.0,0.0,0.0,0.0,0.0,0.0,0.0,0.0,0.245498571,0.227636667,0.207556842,0.234619286,0.0,0.0,0.0,0.0,0.0,0.0,0.0,0.0,0.0,0.0,0.0,0.0
1124,0.0,0.0,0.0,0.0,0.0,0.0,0.0,0.0,0.0,0.0,0.0,0.0,0.0,0.0,0.0,0.0,0.0,0.0,0.0,0.0,0.0,0.0,0.0,0.0,0.0,0.0,0.0,0.0,0.0,0.0,0.0,0.0,0.0,0.0,0.0,0.0,0.0,0.0,0.0,0.0,0.0,0.0,0.0,0.0,0.0,0.0,0.0,0.0,0.0,0.0,0.0,0.0,0.0,0.0,0.0,0.0,0.0,0.0,0.0,0.0,0.0,0.0,0.0,0.0,0.0,0.0
1125,0.0,0.0,0.0,0.0,0.0,0.0,0.0,0.0,0.0,0.0,0.0,0.0,0.0,0.0,0.0,0.0,0.0,0.0,0.0,0.0,0.0,0.0,0.0,0.0,0.0,0.0,0.0,0.0,0.0,0.0,0.0,0.0,0.0,0.0,0.0,0.0,0.0,0.0,0.0,0.0,0.0,0.0,0.0,0.0,0.0,0.0,0.0,0.0,0.0,0.0,0.0,0.0,0.0,0.0,0.0,0.0,0.0,0.0,0.0,0.0,0.0,0.0,0.0,0.0,0.0,0.0
1126,0.0,0.0,0.0,0.0,0.0,0.0,0.0,0.0,0.0,0.0,0.0,0.0,0.0,0.0,0.0,0.0,0.0,0.0,0.0,0.0,0.0,0.0,0.0,0.0,0.0,0.0,0.0,0.0,0.0,0.0,0.0,0.0,0.0,0.0,0.0,0.0,0.0,0.0,0.0,0.0,0.0,0.0,0.0,0.0,0.0,0.0,0.0,0.0,0.0,0.0,0.0,0.0,0.0,0.0,0.0,0.0,0.0,0.0,0.0,0.0,0.0,0.0,0.0,0.0,0.0,0.0
1127,0.0,0.0,0.0,0.0,0.0,0.0,0.0,0.0,0.0,0.0,0.0,0.0,0.0,0.0,0.0,0.0,0.0,0.0,0.0,0.0,0.0,0.0,0.0,0.0,0.0,0.0,0.0,0.0,0.0,0.0,0.0,0.0,0.0,0.0,0.0,0.0,0.0,0.0,0.0,0.0,0.0,0.0,0.0,0.0,0.0,0.0,0.0,0.0,0.0,0.0,0.0,0.0,0.0,0.0,0.0,0.0,0.0,0.0,0.0,0.0,0.0,0.0,0.0,0.0,0.0,0.0
1128,0.0,0.0,0.0,0.0,0.0,0.0,0.0,0.0,0.0,0.0,0.0,0.0,0.0,0.0,0.0,0.0,0.0,0.0,0.0,0.0,0.0,0.0,0.0,0.0,0.0,0.0,0.0,0.0,0.0,0.0,0.0,0.0,0.0,0.0,0.0,0.0,0.0,0.0,0.0,0.0,0.0,0.0,0.0,0.0,0.0,0.0,0.0,0.0,0.0,0.0,0.0,0.0,0.0,0.0,0.0,0.0,0.0,0.0,0.0,0.0,0.0,0.0,0.0,0.0,0.0,0.0
1129,0.0,0.0,0.0,0.0,0.0,0.0,0.0,0.0,0.0,0.0,0.0,0.0,0.0,0.0,0.0,0.0,0.0,0.0,0.0,0.0,0.0,0.0,0.0,0.0,0.0,0.0,0.0,0.0,0.0,0.0,0.0,0.0,0.0,0.0,0.0,0.0,0.0,0.0,0.0,0.0,0.0,0.0,0.0,0.0,0.0,0.0,0.0,0.0,0.0,0.0,0.0,0.0,0.0,0.0,0.0,0.0,0.0,0.0,0.0,0.0,0.0,0.0,0.0,0.0,0.0,0.0
1130,0.0,0.0,0.0,0.0,0.0,0.0,0.0,0.0,0.0,0.0,0.0,0.0,0.0,0.0,0.0,0.0,0.0,0.0,0.0,0.0,0.0,0.0,0.0,0.0,0.0,0.0,0.0,0.0,0.0,0.0,0.0,0.0,0.0,0.0,0.0,0.0,0.0,0.0,0.0,0.0,0.0,0.0,0.0,0.0,0.0,0.0,0.0,0.0,0.0,0.0,0.0,0.0,0.0,0.0,0.0,0.0,0.0,0.0,0.0,0.0,0.0,0.0,0.0,0.0,0.0,0.0
1131,0.0,0.0,0.0,0.0,0.0,0.0,0.0,0.0,0.0,0.0,0.0,0.0,0.0,0.0,0.0,0.0,0.0,0.0,0.0,0.0,0.0,0.0,0.0,0.0,0.0,0.0,0.0,0.0,0.0,0.0,0.0,0.0,0.0,0.0,0.0,0.0,0.0,0.0,0.0,0.0,0.0,0.0,0.0,0.0,0.0,0.0,0.0,0.0,0.0,0.0,0.0,0.0,0.0,0.0,0.0,0.0,0.0,0.0,0.0,0.0,0.0,0.0,0.0,0.0,0.0,0.0
1132,0.0,0.0,0.0,0.0,0.0,0.0,0.0,0.0,0.0,0.0,0.0,0.0,0.0,0.0,0.0,0.0,0.0,0.0,0.0,0.0,0.0,0.0,0.0,0.0,0.0,0.0,0.0,0.0,0.0,0.0,0.0,0.0,0.0,0.0,0.0,0.0,0.0,0.0,0.0,0.0,0.0,0.0,0.0,0.0,0.0,0.0,0.0,0.0,0.0,0.0,0.0,0.0,0.0,0.0,0.0,0.0,0.0,0.0,0.0,0.0,0.0,0.0,0.0,0.0,0.0,0.0
1133,0.0,0.0,0.0,0.0,0.0,0.0,0.0,0.0,0.0,0.0,0.0,0.0,0.0,0.0,0.0,0.0,0.0,0.0,0.0,0.0,0.0,0.0,0.0,0.0,0.0,0.0,0.0,0.0,0.0,0.0,0.0,0.0,0.0,0.0,0.0,0.0,0.0,0.0,0.0,0.0,0.0,0.0,0.0,0.0,0.0,0.0,0.0,0.0,0.0,0.0,0.0,0.0,0.0,0.0,0.0,0.0,0.0,0.0,0.0,0.0,0.0,0.0,0.0,0.0,0.0,0.0
1134,0.0,0.0,0.0,0.0,0.0,0.0,0.0,0.0,0.0,0.0,0.0,0.0,0.0,0.0,0.0,0.0,0.0,0.0,0.0,0.0,0.0,0.0,0.0,0.0,0.0,0.0,0.0,0.0,0.0,0.0,0.0,0.0,0.0,0.0,0.0,0.0,0.0,0.0,0.0,0.0,0.0,0.0,0.0,0.0,0.0,0.0,0.0,0.0,0.0,0.0,0.0,0.0,0.0,0.0,0.0,0.0,0.0,0.0,0.0,0.0,0.0,0.0,0.0,0.0,0.0,0.0
1135,0.0,0.0,0.14108375,0.0,0.0,0.0,0.00054,0.126106667,0.138381579,0.090556857,0.210141429,0.374078571,0.375815,6.0e-5,0.0,0.0,0.0,0.141733846,0.31337,0.33357,0.203383143,9.02e-5,0.0,0.001431875,0.0,0.0,0.0,0.0,0.0,0.0,0.0,0.0,0.0,0.204826818,0.0,0.028947627,0.377121667,0.394592222,0.25709,0.205645,0.340813333,0.291247907,0.350647368,0.0,0.0,0.0,0.0,0.0,0.326473333,0.499329167,0.0,0.0,0.0,0.0,0.0,0.0,0.0,0.0,0.207675,0.0,0.0,0.0,0.0,0.0,9.88e-5,0.00016
1136,0.0,0.0,0.40879375,0.12275,0.092944286,0.105886,0.396266667,0.437032667,0.314827368,0.263928857,0.490646429,0.591804762,0.590065,0.34938,0.333245172,0.253983684,0.29341,0.387350769,0.524766667,0.51186,0.462838857,0.434540893,0.371867188,0.156129375,0.174468333,0.099676667,0.107920909,0.01382125,0.312468889,0.264765902,0.262277556,0.1608195,0.36815,0.495259545,0.309025098,0.353387288,0.612288333,0.552003333,0.472764,0.444805,0.421336667,0.49053093,0.566827368,0.0,0.01317,0.000826286,0.28488,0.17566,0.661343333,0.661716667,8.57e-6,0.0,0.000101842,0.212990714,6.89e-5,3.02e-6,0.0,0.0,0.459943333,0.135708929,0.063601429,0.081426667,0.355392667,0.352132727,0.3513584,0.429598333
1137,0.394966667,0.37583,0.52198125,0.25048,0.290044286,0.228862,0.57386,0.588011867,0.380550526,0.431406571,0.603228571,0.68330619,0.647365,0.37241,0.536512414,0.478256316,0.496023333,0.568578462,0.628200909,0.64561,0.583317429,0.575284643,0.535840313,0.336440625,0.379770833,0.240648667,0.220479091,0.14568,0.494925556,0.498614098,0.475656,0.4690094,0.53173,0.629786364,0.501866275,0.528483051,0.699798333,0.58551,0.61387,0.558011,0.447005,0.61800814,0.666851579,0.005333333,0.039916667,0.022659429,0.37571,0.27757,0.73374,0.714116667,0.287815714,0.30213,0.372687632,0.248304286,0.353023333,0.223355397,0.0247,0.050178,0.500286667,0.240206786,0.181407143,0.147155,0.460052667,0.497570909,0.5512016,0.588235
1138,0.562516667,0.57371,0.6065575,0.457855,0.461861429,0.519106,0.61882,0.623738533,0.411396842,0.421094,0.668708571,0.731394286,0.657355,0.50109,0.61655,0.582856667,0.59944,0.642423846,0.683895455,0.62004,0.60768,0.637974821,0.6053075,0.399884375,0.521645,0.307416667,0.313109091,0.211188125,0.576086111,0.594334426,0.601553556,0.5964008,0.67023,0.637472273,0.577774902,0.608519492,0.73292,0.586563333,0.652526,0.536644,0.570308333,0.685613023,0.719217895,0.042276667,0.072012222,0.056332571,0.38685,0.42018,0.758636667,0.703181667,0.483838571,0.548986667,0.567673684,0.296793571,0.40632,0.261039524,0.1492,0.103804,0.603811667,0.335717857,0.247615714,0.186273333,0.532979333,0.589945,0.6166648,0.640395
1139,0.656206667,0.64961,0.55759,0.556395,0.53244,0.580752,0.655393333,0.6689304,0.458619474,0.455475429,0.609816429,0.715913333,0.708665,0.47308,0.629774483,0.610076842,0.618356667,0.685028462,0.690156364,0.66059,0.633429143,0.638792679,0.603913438,0.4292325,0.557489167,0.349395333,0.386427273,0.27162625,0.581801111,0.618415246,0.635961333,0.6418631,0.70331,0.687333636,0.630958039,0.631197458,0.662661667,0.534927778,0.575204,0.533898,0.52013,0.706009302,0.698144737,0.112273333,0.081655556,0.083733714,0.49024,0.49084,0.704893333,0.66641,0.560562857,0.645756667,0.640441579,0.396177143,0.446482222,0.299718095,0.27283,0.167808,0.57676,0.427271429,0.291322857,0.230385,0.600656667,0.624969545,0.6542956,0.666293333
1140,0.62199,0.66295,0.556355,0.507195,0.573574286,0.634378,0.624713333,0.6499688,0.466782632,0.481989143,0.649395,0.731372857,0.728795,0.48337,0.624751379,0.619826842,0.582693333,0.698796154,0.631375152,0.59518,0.664430857,0.639403571,0.60509375,0.460715625,0.568070833,0.357332167,0.423170909,0.299564375,0.592112778,0.617168689,0.601983333,0.6375553,0.65299,0.691986818,0.641880196,0.662883051,0.651763333,0.568121111,0.547974,0.547931,0.483218333,0.697957442,0.668020526,0.158196667,0.072615556,0.104996571,0.49355,0.47905,0.69678,0.6944075,0.610337143,0.656796667,0.649595789,0.457397857,0.403221111,0.27903746,0.34314,0.203572,0.533701667,0.4805575,0.274125714,0.274056667,0.664668,0.620752273,0.6406524,0.656463333
1141,0.604833333,0.55352,0.5303375,0.6292,0.572388571,0.610876,0.641403333,0.623085333,0.492043158,0.492782,0.617233571,0.713048095,0.6544,0.4679,0.584592069,0.586357719,0.477603333,0.655662308,0.63692303,0.56203,0.589154286,0.621203214,0.5813425,0.46541375,0.510939167,0.360455833,0.439616364,0.313875625,0.526133889,0.565571639,0.503464,0.5839759,0.68003,0.673028182,0.630056471,0.638555254,0.631103333,0.560884444,0.56363,0.576986,0.446196667,0.662773488,0.668688947,0.208536667,0.080618889,0.109787143,0.50556,0.5599,0.69296,0.657956667,0.590897143,0.583976667,0.568969211,0.564487857,0.318594444,0.243584286,0.2674,0.176932,0.541395,0.513677143,0.275559524,0.31504,0.659475333,0.597985455,0.6246676,0.594136667
1142,0.567366667,0.65363,0.484405,0.57474,0.553722857,0.62022,0.605903333,0.548874133,0.452216316,0.433048571,0.6075,0.702051429,0.736815,0.40898,0.51384069,0.518970351,0.46759,0.572478462,0.656564545,0.53383,0.567382,0.590402143,0.588255,0.4407925,0.522704167,0.343886333,0.451339091,0.317365625,0.519468333,0.537407213,0.509267111,0.5597165,0.55751,0.650126818,0.581634118,0.580795932,0.61867,0.592908889,0.59845,0.462079,0.483798333,0.634032326,0.68222,0.175726667,0.070082222,0.101823714,0.50605,0.47001,0.680266667,0.663779167,0.606888571,0.45573,0.575640789,0.529915,0.29005,0.252267937,0.24417,0.167324,0.55561,0.489892857,0.263571905,0.279743333,0.509952,0.558272727,0.5520592,0.55278
1143,0.569153333,0.62372,0.38033625,0.515745,0.534897143,0.587056,0.623323333,0.493744533,0.412981579,0.390528,0.554195714,0.666879048,0.61784,0.4006,0.499084483,0.46849386,0.45762,0.471109231,0.617975152,0.54974,0.535945143,0.557425179,0.569554063,0.3955,0.4756125,0.3373415,0.379091818,0.341895,0.521016667,0.523846066,0.492941333,0.5482303,0.66305,0.535477273,0.582668627,0.554060169,0.571951667,0.525883333,0.458992,0.362931,0.450775,0.571030465,0.625051053,0.128076667,0.042441111,0.051951429,0.49597,0.42927,0.638566667,0.553191667,0.533525714,0.57101,0.526024211,0.594848571,0.193436667,0.189686032,0.07525,0.093102,0.510776667,0.444161429,0.284514286,0.21247,0.442225333,0.546349091,0.5998184,0.544325
1144,0.6158,0.57306,0.30982375,0.591805,0.53231,0.570574,0.483916667,0.432470133,0.373541579,0.358731714,0.579192857,0.579420952,0.597575,0.3919,0.460225517,0.369018947,0.422273333,0.43539,0.549266667,0.58328,0.503138286,0.457855357,0.48884875,0.290251875,0.434935,0.260933833,0.362139091,0.31559875,0.480686667,0.510775082,0.505509556,0.5173681,0.67303,0.516176364,0.497463529,0.508627966,0.520366667,0.40481,0.440658,0.349512,0.457161667,0.453890698,0.534737368,0.09712,0.028054444,0.037643429,0.44187,0.44005,0.55484,0.359983333,0.538124286,0.477126667,0.504068684,0.582623571,0.128135556,0.123993492,0.06846,0.03801,0.43022,0.400079643,0.310924286,0.185656667,0.324044,0.429430455,0.490446,0.434228333
1145,0.572823333,0.58268,0.1726675,0.60253,0.45679,0.562572,0.437456667,0.2960276,0.302325789,0.255294,0.378172857,0.315979048,0.39259,0.27324,0.384248276,0.300300877,0.38173,0.380733077,0.456610909,0.49404,0.436374,0.336436786,0.369327188,0.163510625,0.280829167,0.196601,0.312084545,0.305281875,0.417268889,0.420698852,0.435486889,0.4814647,0.61198,0.423391364,0.440236078,0.445964915,0.325511667,0.168327778,0.320798,0.178703,0.351363333,0.365244651,0.448036316,0.034516667,0.001591111,0.032496857,0.28547,0.27326,0.335406667,0.270676667,0.446358571,0.49159,0.492792368,0.545261429,0.059667778,0.05950127,0.03287,0.012352,0.280268333,0.289416071,0.186517143,0.112013333,0.23337,0.367428182,0.399372,0.438266667
1146,0.472376667,0.45477,0.0,0.359255,0.391022857,0.43021,0.294223333,0.016469733,0.0,0.0,0.0,0.0,0.0,0.0,0.198058621,0.156856667,0.212706667,0.157498462,0.257353333,0.27324,0.247636571,0.023180536,0.023286875,0.0,0.134108333,0.112889833,0.188816364,0.15303125,0.280967222,0.298588689,0.270100889,0.3318054,0.44865,0.247895,0.236724902,0.282502203,0.0,0.0,0.0,0.0,0.0,0.043255349,0.089136316,0.000346667,0.0,0.012090286,0.0,0.0,0.0,0.0,0.2474,0.29084,0.349471053,0.331780714,0.0,0.002333333,0.0,0.0,0.0,0.061401786,1.52e-5,1.0e-5,0.109595333,0.195335909,0.2229796,0.220448333
1147,0.353876667,0.36363,0.0,0.192475,0.174971429,0.262928,0.0,0.0,0.0,0.0,0.0,0.0,0.0,0.0,0.0,0.0,0.0,0.0,0.0,0.0,0.0,0.0,0.0,0.0,0.0,0.0,0.0,0.0,0.0,0.0,0.0,0.0179933,0.0,0.0,0.003427843,0.019635763,0.0,0.0,0.0,0.0,0.0,0.0,0.0,0.0,0.0,0.0,0.0,0.0,0.0,0.0,0.170935714,0.22988,0.172162632,0.171687857,0.0,0.0,0.0,0.0,0.0,0.0,0.0,0.0,0.0,0.0,0.0,0.0
1148,0.0,0.0,0.0,0.0,0.0,0.0,0.0,0.0,0.0,0.0,0.0,0.0,0.0,0.0,0.0,0.0,0.0,0.0,0.0,0.0,0.0,0.0,0.0,0.0,0.0,0.0,0.0,0.0,0.0,0.0,0.0,0.0,0.0,0.0,0.0,0.0,0.0,0.0,0.0,0.0,0.0,0.0,0.0,0.0,0.0,0.0,0.0,0.0,0.0,0.0,0.0,0.0,0.0,0.0,0.0,0.0,0.0,0.0,0.0,0.0,0.0,0.0,0.0,0.0,0.0,0.0
1149,0.0,0.0,0.0,0.0,0.0,0.0,0.0,0.0,0.0,0.0,0.0,0.0,0.0,0.0,0.0,0.0,0.0,0.0,0.0,0.0,0.0,0.0,0.0,0.0,0.0,0.0,0.0,0.0,0.0,0.0,0.0,0.0,0.0,0.0,0.0,0.0,0.0,0.0,0.0,0.0,0.0,0.0,0.0,0.0,0.0,0.0,0.0,0.0,0.0,0.0,0.0,0.0,0.0,0.0,0.0,0.0,0.0,0.0,0.0,0.0,0.0,0.0,0.0,0.0,0.0,0.0
1150,0.0,0.0,0.0,0.0,0.0,0.0,0.0,0.0,0.0,0.0,0.0,0.0,0.0,0.0,0.0,0.0,0.0,0.0,0.0,0.0,0.0,0.0,0.0,0.0,0.0,0.0,0.0,0.0,0.0,0.0,0.0,0.0,0.0,0.0,0.0,0.0,0.0,0.0,0.0,0.0,0.0,0.0,0.0,0.0,0.0,0.0,0.0,0.0,0.0,0.0,0.0,0.0,0.0,0.0,0.0,0.0,0.0,0.0,0.0,0.0,0.0,0.0,0.0,0.0,0.0,0.0
1151,0.0,0.0,0.0,0.0,0.0,0.0,0.0,0.0,0.0,0.0,0.0,0.0,0.0,0.0,0.0,0.0,0.0,0.0,0.0,0.0,0.0,0.0,0.0,0.0,0.0,0.0,0.0,0.0,0.0,0.0,0.0,0.0,0.0,0.0,0.0,0.0,0.0,0.0,0.0,0.0,0.0,0.0,0.0,0.0,0.0,0.0,0.0,0.0,0.0,0.0,0.0,0.0,0.0,0.0,0.0,0.0,0.0,0.0,0.0,0.0,0.0,0.0,0.0,0.0,0.0,0.0
1152,0.0,0.0,0.0,0.0,0.0,0.0,0.0,0.0,0.0,0.0,0.0,0.0,0.0,0.0,0.0,0.0,0.0,0.0,0.0,0.0,0.0,0.0,0.0,0.0,0.0,0.0,0.0,0.0,0.0,0.0,0.0,0.0,0.0,0.0,0.0,0.0,0.0,0.0,0.0,0.0,0.0,0.0,0.0,0.0,0.0,0.0,0.0,0.0,0.0,0.0,0.0,0.0,0.0,0.0,0.0,0.0,0.0,0.0,0.0,0.0,0.0,0.0,0.0,0.0,0.0,0.0
1153,0.0,0.0,0.0,0.0,0.0,0.0,0.0,0.0,0.0,0.0,0.0,0.0,0.0,0.0,0.0,0.0,0.0,0.0,0.0,0.0,0.0,0.0,0.0,0.0,0.0,0.0,0.0,0.0,0.0,0.0,0.0,0.0,0.0,0.0,0.0,0.0,0.0,0.0,0.0,0.0,0.0,0.0,0.0,0.0,0.0,0.0,0.0,0.0,0.0,0.0,0.0,0.0,0.0,0.0,0.0,0.0,0.0,0.0,0.0,0.0,0.0,0.0,0.0,0.0,0.0,0.0
1154,0.0,0.0,0.0,0.0,0.0,0.0,0.0,0.0,0.0,0.0,0.0,0.0,0.0,0.0,0.0,0.0,0.0,0.0,0.0,0.0,0.0,0.0,0.0,0.0,0.0,0.0,0.0,0.0,0.0,0.0,0.0,0.0,0.0,0.0,0.0,0.0,0.0,0.0,0.0,0.0,0.0,0.0,0.0,0.0,0.0,0.0,0.0,0.0,0.0,0.0,0.0,0.0,0.0,0.0,0.0,0.0,0.0,0.0,0.0,0.0,0.0,0.0,0.0,0.0,0.0,0.0
1155,0.0,0.0,0.0,0.0,0.0,0.0,0.0,0.0,0.0,0.0,0.0,0.0,0.0,0.0,0.0,0.0,0.0,0.0,0.0,0.0,0.0,0.0,0.0,0.0,0.0,0.0,0.0,0.0,0.0,0.0,0.0,0.0,0.0,0.0,0.0,0.0,0.0,0.0,0.0,0.0,0.0,0.0,0.0,0.0,0.0,0.0,0.0,0.0,0.0,0.0,0.0,0.0,0.0,0.0,0.0,0.0,0.0,0.0,0.0,0.0,0.0,0.0,0.0,0.0,0.0,0.0
1156,0.0,0.0,0.0,0.0,0.0,0.0,0.0,0.0,0.0,0.0,0.0,0.0,0.0,0.0,0.0,0.0,0.0,0.0,0.0,0.0,0.0,0.0,0.0,0.0,0.0,0.0,0.0,0.0,0.0,0.0,0.0,0.0,0.0,0.0,0.0,0.0,0.0,0.0,0.0,0.0,0.0,0.0,0.0,0.0,0.0,0.0,0.0,0.0,0.0,0.0,0.0,0.0,0.0,0.0,0.0,0.0,0.0,0.0,0.0,0.0,0.0,0.0,0.0,0.0,0.0,0.0
1157,0.0,0.0,0.0,0.0,0.0,0.0,0.0,0.0,0.0,0.0,0.0,0.0,0.0,0.0,0.0,0.0,0.0,0.0,0.0,0.0,0.0,0.0,0.0,0.0,0.0,0.0,0.0,0.0,0.0,0.0,0.0,0.0,0.0,0.0,0.0,0.0,0.0,0.0,0.0,0.0,0.0,0.0,0.0,0.0,0.0,0.0,0.0,0.0,0.0,0.0,0.0,0.0,0.0,0.0,0.0,0.0,0.0,0.0,0.0,0.0,0.0,0.0,0.0,0.0,0.0,0.0
1158,0.0,0.0,0.0,0.0,0.0,0.0,0.0,0.0,0.0,0.0,0.0,0.0,0.0,0.0,0.0,0.0,0.0,0.0,0.0,0.0,0.0,0.0,0.0,0.0,0.0,0.0,0.0,0.0,0.0,0.0,0.0,0.0,0.0,0.0,0.0,0.0,0.0,0.0,0.0,0.0,0.0,0.0,0.0,0.0,0.0,0.0,0.0,0.0,0.0,0.0,0.0,0.0,0.0,0.0,0.0,0.0,0.0,0.0,0.0,0.0,0.0,0.0,0.0,0.0,0.0,0.0
1159,0.0,0.0,0.203055,0.0,0.0,0.0,0.000386667,0.0966172,0.077653684,0.044848571,0.163094286,0.17617381,0.125325,0.00043,0.0,0.0,0.0,0.135338462,0.357828182,0.26191,0.156659714,7.41e-5,0.0,0.00984125,0.0,0.0,0.0,0.0,0.0,0.0,0.0,0.0,0.0,0.194448636,3.53e-6,0.028486102,0.291891667,0.104482222,0.105936,0.048433,0.07125,0.284170233,0.357124737,0.0,0.0,0.0,0.0,0.0,0.19677,0.41484,0.0,0.0,0.0,0.0,0.0,0.0,0.0,0.0,0.17304,0.0,0.0,0.0,0.000185333,0.0,9.32e-5,0.000221667
1160,0.0,0.0,0.36770875,0.22903,0.07241,0.348292,0.433323333,0.414386933,0.240886316,0.192974286,0.265030714,0.383938571,0.276205,0.44037,0.292169655,0.290274386,0.322873333,0.470265385,0.536752424,0.3678,0.3723,0.410456607,0.334389688,0.179235625,0.112104167,0.066912167,0.078754545,0.000134375,0.253242778,0.191192295,0.276553333,0.0926885,0.35767,0.471726818,0.315335686,0.350732542,0.504428333,0.438737778,0.286892,0.272392,0.270408333,0.491276279,0.589277895,0.054846667,0.040256667,0.018245143,0.21898,0.44507,0.57511,0.59075,2.57e-5,0.0,0.000100526,0.16241,5.78e-5,0.0,0.0,0.0,0.320703333,0.117847143,0.035703333,0.050773333,0.380592667,0.357630909,0.3977608,0.44306
1161,0.356743333,0.30903,0.51579875,0.45882,0.294137143,0.479502,0.519226667,0.540834667,0.380316842,0.328067429,0.432044286,0.491047143,0.389275,0.58537,0.482044138,0.526518246,0.535443333,0.656629231,0.641158485,0.50771,0.508543143,0.534784821,0.473457813,0.34889625,0.20623,0.159404833,0.146924545,0.117064375,0.466653333,0.42291623,0.465929111,0.3323285,0.53367,0.529685909,0.476406471,0.517298644,0.517011667,0.483273333,0.452078,0.501368,0.378896667,0.566446512,0.658350526,0.119413333,0.197092222,0.115562571,0.46247,0.57459,0.633913333,0.647215,0.128307143,0.40259,0.287531053,0.187806429,0.074158889,0.062980476,0.01849,0.082496,0.439831667,0.245211786,0.118748095,0.170766667,0.461968,0.440085455,0.558526,0.619651667
1162,0.554896667,0.51021,0.50688375,0.62078,0.50923,0.619222,0.461056667,0.5863756,0.399746316,0.382754857,0.479731429,0.569022381,0.562745,0.55517,0.58209,0.610092105,0.605086667,0.699200769,0.681282424,0.43338,0.501719429,0.615930714,0.522129063,0.50489375,0.266845,0.260184667,0.247892727,0.195630625,0.58339,0.556461148,0.545125778,0.4910312,0.59694,0.562440455,0.564187647,0.543090339,0.48596,0.552083333,0.40762,0.486616,0.35496,0.54394,0.63655,0.24244,0.336228889,0.194831143,0.5257,0.63033,0.656353333,0.7114925,0.339184286,0.515333333,0.455648158,0.398465,0.095693333,0.111803968,0.21609,0.156522,0.508188333,0.387083929,0.251971429,0.303158333,0.591254667,0.53557,0.642444,0.649838333
1163,0.61083,0.6038,0.46042875,0.692965,0.588761429,0.662596,0.547653333,0.605625733,0.468812632,0.375484286,0.511324286,0.610875714,0.58861,0.51882,0.58931,0.612220351,0.620493333,0.720282308,0.635218182,0.55539,0.581773429,0.609914821,0.521881563,0.544530625,0.343475,0.374300667,0.392494545,0.327536875,0.600321111,0.608344262,0.591429556,0.573845,0.49996,0.625865,0.601822157,0.590786441,0.557523333,0.537924444,0.393954,0.522374,0.362696667,0.547454651,0.549627368,0.34686,0.424036667,0.320185143,0.59371,0.61388,0.691093333,0.7148225,0.558212857,0.630066667,0.593133684,0.429375,0.135853333,0.159478095,0.34892,0.316326,0.435023333,0.424841429,0.411872857,0.384406667,0.627222,0.577338182,0.65364,0.65905
1164,0.620213333,0.65386,0.4959,0.68196,0.621761429,0.613744,0.597213333,0.598578133,0.495186842,0.409863714,0.565167143,0.58829381,0.612165,0.57964,0.599225172,0.592071053,0.61891,0.716414615,0.676611818,0.60042,0.632880286,0.619533571,0.570965938,0.575725,0.354201667,0.3982545,0.3752,0.366799375,0.600325556,0.599587541,0.593147556,0.5954122,0.59751,0.633185909,0.625304902,0.609285085,0.57287,0.481926667,0.47165,0.564414,0.451103333,0.536910698,0.612454211,0.428243333,0.45866,0.390767429,0.55538,0.54846,0.684406667,0.708595,0.635588571,0.631486667,0.622914474,0.369667143,0.143704444,0.182698413,0.32448,0.339268,0.517471667,0.429673214,0.439861905,0.430463333,0.599314667,0.6013,0.63277,0.604635
1165,0.63212,0.66184,0.47305375,0.654495,0.573892857,0.513858,0.560216667,0.5901596,0.515787368,0.434786571,0.611042143,0.645264762,0.64637,0.48643,0.572718276,0.529814386,0.551363333,0.693511538,0.651391212,0.72392,0.674678571,0.618675,0.5692,0.527140625,0.354615833,0.372794667,0.399627273,0.340825625,0.546036111,0.560456393,0.553750222,0.6016046,0.64747,0.643377273,0.61519098,0.631465932,0.57189,0.539418889,0.451214,0.619317,0.502438333,0.54487093,0.581555263,0.508816667,0.419944444,0.402473143,0.42518,0.58577,0.690033333,0.698560833,0.623881429,0.630463333,0.605475263,0.418970714,0.151116667,0.192309048,0.23734,0.324632,0.497923333,0.443671786,0.47220381,0.432575,0.608985333,0.595239091,0.6322112,0.65599
1166,0.646473333,0.61362,0.5090175,0.52731,0.497728571,0.5586,0.520803333,0.563064,0.472651579,0.403616571,0.588661429,0.605936667,0.59552,0.48921,0.530821034,0.515061053,0.517503333,0.661836154,0.621875152,0.69081,0.630116571,0.589392857,0.538866875,0.5161875,0.289248333,0.358776,0.407026364,0.3016025,0.527222222,0.516412295,0.533823333,0.5364206,0.70504,0.624162273,0.57602902,0.577303729,0.579128333,0.510032222,0.494504,0.59468,0.542223333,0.523478605,0.581872632,0.49836,0.419125556,0.398769143,0.43174,0.57401,0.647246667,0.690078333,0.484702857,0.606293333,0.565322895,0.441279286,0.13129,0.205685556,0.28957,0.360526,0.46245,0.416034643,0.431247143,0.443606667,0.589080667,0.571928636,0.6311668,0.599015
1167,0.40606,0.43681,0.49278625,0.552925,0.490342857,0.452418,0.663296667,0.540460267,0.50171,0.412189143,0.579632143,0.642674762,0.65887,0.54673,0.522781724,0.455554737,0.462833333,0.644183077,0.622527879,0.66717,0.649805143,0.544736964,0.534404688,0.49192875,0.2210175,0.327951667,0.39662,0.263494375,0.47304,0.503637377,0.436998444,0.5127487,0.7326,0.654935909,0.549010196,0.596672881,0.578045,0.595995556,0.526196,0.570866,0.524506667,0.575134884,0.629007895,0.49315,0.378133333,0.34822,0.26937,0.58622,0.653223333,0.633980833,0.517977143,0.546203333,0.564599474,0.434377857,0.125413333,0.192073333,0.22871,0.269136,0.473638333,0.387596786,0.474762381,0.463115,0.551502667,0.541271364,0.61052,0.635336667
1168,0.536813333,0.47316,0.38557875,0.490775,0.485908571,0.534388,0.55448,0.4666348,0.350919474,0.333603143,0.506444286,0.555954286,0.55904,0.48124,0.445981379,0.424917368,0.46886,0.563224615,0.605024848,0.67744,0.563114286,0.452788214,0.475925938,0.435870625,0.258593333,0.3085775,0.332642727,0.285035,0.435401111,0.491564098,0.426905111,0.4543426,0.59928,0.520548636,0.480190392,0.538485254,0.417168333,0.494967778,0.456612,0.472645,0.453303333,0.523514651,0.599091053,0.571083333,0.385206667,0.329174571,0.12939,0.44832,0.44881,0.445104167,0.577678571,0.55215,0.588908684,0.4565,0.08856,0.132697619,0.18916,0.16063,0.312956667,0.390637857,0.479024286,0.431638333,0.488273333,0.481489091,0.545434,0.581386667
1169,0.42854,0.52858,0.22396875,0.52643,0.3789,0.456694,0.4693,0.3183292,0.274453158,0.235383143,0.421348571,0.358562381,0.44126,0.34582,0.350255862,0.314421053,0.30746,0.478817692,0.499969394,0.55202,0.503409143,0.345491429,0.320451563,0.361683125,0.186945,0.249396333,0.28537,0.210396875,0.349808333,0.415472623,0.319882444,0.3636166,0.4548,0.479282727,0.358239412,0.479346271,0.29198,0.321502222,0.36043,0.283503,0.389351667,0.435561628,0.491186842,0.450853333,0.290923333,0.266869429,0.15713,0.25037,0.296723333,0.344783333,0.38538,0.379603333,0.446938684,0.355915,0.0509,0.109994762,0.10587,0.15332,0.259685,0.308931071,0.346221905,0.356268333,0.32584,0.405167727,0.4338396,0.479803333
1170,0.411196667,0.31329,0.0,0.48468,0.322012857,0.376472,0.271823333,0.030731467,0.0,0.0,0.0,0.0,0.0,0.0,0.162617586,0.151080351,0.128133333,0.175519231,0.263377879,0.33488,0.266783143,0.02089375,0.02863625,0.0,0.1196825,0.168647833,0.185799091,0.1416,0.220038889,0.268736393,0.173294667,0.2754917,0.35248,0.267054091,0.229921373,0.300385085,0.0,0.0,0.0,0.0,0.0,0.076224651,0.106832105,0.1604,9.44e-5,0.084862286,0.0,0.0,0.0,0.0,0.347615714,0.348196667,0.344139737,0.342353571,0.0,0.008607302,0.0,3.6e-5,0.0,0.0784725,3.33e-5,0.045236667,0.196698,0.248216364,0.2380056,0.221891667
1171,0.16828,0.18889,0.0,0.25033,0.184168571,0.229806,0.0,0.0,0.0,0.0,0.0,0.0,0.0,0.0,0.0,0.0,0.0,0.0,0.0,0.0,0.0,0.0,0.0,0.0,0.0,0.0,0.0,0.0,0.0,0.0,0.0,0.0229304,0.0,0.0,0.001620196,0.017177458,0.0,0.0,0.0,0.0,0.0,0.0,0.0,0.0,0.0,0.0,0.0,0.0,0.0,0.0,0.183655714,0.192903333,0.163050789,0.237135,0.0,0.0,0.0,0.0,0.0,0.0,0.0,0.0,0.0,0.0,0.0,0.0
1172,0.0,0.0,0.0,0.0,0.0,0.0,0.0,0.0,0.0,0.0,0.0,0.0,0.0,0.0,0.0,0.0,0.0,0.0,0.0,0.0,0.0,0.0,0.0,0.0,0.0,0.0,0.0,0.0,0.0,0.0,0.0,0.0,0.0,0.0,0.0,0.0,0.0,0.0,0.0,0.0,0.0,0.0,0.0,0.0,0.0,0.0,0.0,0.0,0.0,0.0,0.0,0.0,0.0,0.0,0.0,0.0,0.0,0.0,0.0,0.0,0.0,0.0,0.0,0.0,0.0,0.0
1173,0.0,0.0,0.0,0.0,0.0,0.0,0.0,0.0,0.0,0.0,0.0,0.0,0.0,0.0,0.0,0.0,0.0,0.0,0.0,0.0,0.0,0.0,0.0,0.0,0.0,0.0,0.0,0.0,0.0,0.0,0.0,0.0,0.0,0.0,0.0,0.0,0.0,0.0,0.0,0.0,0.0,0.0,0.0,0.0,0.0,0.0,0.0,0.0,0.0,0.0,0.0,0.0,0.0,0.0,0.0,0.0,0.0,0.0,0.0,0.0,0.0,0.0,0.0,0.0,0.0,0.0
1174,0.0,0.0,0.0,0.0,0.0,0.0,0.0,0.0,0.0,0.0,0.0,0.0,0.0,0.0,0.0,0.0,0.0,0.0,0.0,0.0,0.0,0.0,0.0,0.0,0.0,0.0,0.0,0.0,0.0,0.0,0.0,0.0,0.0,0.0,0.0,0.0,0.0,0.0,0.0,0.0,0.0,0.0,0.0,0.0,0.0,0.0,0.0,0.0,0.0,0.0,0.0,0.0,0.0,0.0,0.0,0.0,0.0,0.0,0.0,0.0,0.0,0.0,0.0,0.0,0.0,0.0
1175,0.0,0.0,0.0,0.0,0.0,0.0,0.0,0.0,0.0,0.0,0.0,0.0,0.0,0.0,0.0,0.0,0.0,0.0,0.0,0.0,0.0,0.0,0.0,0.0,0.0,0.0,0.0,0.0,0.0,0.0,0.0,0.0,0.0,0.0,0.0,0.0,0.0,0.0,0.0,0.0,0.0,0.0,0.0,0.0,0.0,0.0,0.0,0.0,0.0,0.0,0.0,0.0,0.0,0.0,0.0,0.0,0.0,0.0,0.0,0.0,0.0,0.0,0.0,0.0,0.0,0.0
1176,0.0,0.0,0.0,0.0,0.0,0.0,0.0,0.0,0.0,0.0,0.0,0.0,0.0,0.0,0.0,0.0,0.0,0.0,0.0,0.0,0.0,0.0,0.0,0.0,0.0,0.0,0.0,0.0,0.0,0.0,0.0,0.0,0.0,0.0,0.0,0.0,0.0,0.0,0.0,0.0,0.0,0.0,0.0,0.0,0.0,0.0,0.0,0.0,0.0,0.0,0.0,0.0,0.0,0.0,0.0,0.0,0.0,0.0,0.0,0.0,0.0,0.0,0.0,0.0,0.0,0.0
1177,0.0,0.0,0.0,0.0,0.0,0.0,0.0,0.0,0.0,0.0,0.0,0.0,0.0,0.0,0.0,0.0,0.0,0.0,0.0,0.0,0.0,0.0,0.0,0.0,0.0,0.0,0.0,0.0,0.0,0.0,0.0,0.0,0.0,0.0,0.0,0.0,0.0,0.0,0.0,0.0,0.0,0.0,0.0,0.0,0.0,0.0,0.0,0.0,0.0,0.0,0.0,0.0,0.0,0.0,0.0,0.0,0.0,0.0,0.0,0.0,0.0,0.0,0.0,0.0,0.0,0.0
1178,0.0,0.0,0.0,0.0,0.0,0.0,0.0,0.0,0.0,0.0,0.0,0.0,0.0,0.0,0.0,0.0,0.0,0.0,0.0,0.0,0.0,0.0,0.0,0.0,0.0,0.0,0.0,0.0,0.0,0.0,0.0,0.0,0.0,0.0,0.0,0.0,0.0,0.0,0.0,0.0,0.0,0.0,0.0,0.0,0.0,0.0,0.0,0.0,0.0,0.0,0.0,0.0,0.0,0.0,0.0,0.0,0.0,0.0,0.0,0.0,0.0,0.0,0.0,0.0,0.0,0.0
1179,0.0,0.0,0.0,0.0,0.0,0.0,0.0,0.0,0.0,0.0,0.0,0.0,0.0,0.0,0.0,0.0,0.0,0.0,0.0,0.0,0.0,0.0,0.0,0.0,0.0,0.0,0.0,0.0,0.0,0.0,0.0,0.0,0.0,0.0,0.0,0.0,0.0,0.0,0.0,0.0,0.0,0.0,0.0,0.0,0.0,0.0,0.0,0.0,0.0,0.0,0.0,0.0,0.0,0.0,0.0,0.0,0.0,0.0,0.0,0.0,0.0,0.0,0.0,0.0,0.0,0.0
1180,0.0,0.0,0.0,0.0,0.0,0.0,0.0,0.0,0.0,0.0,0.0,0.0,0.0,0.0,0.0,0.0,0.0,0.0,0.0,0.0,0.0,0.0,0.0,0.0,0.0,0.0,0.0,0.0,0.0,0.0,0.0,0.0,0.0,0.0,0.0,0.0,0.0,0.0,0.0,0.0,0.0,0.0,0.0,0.0,0.0,0.0,0.0,0.0,0.0,0.0,0.0,0.0,0.0,0.0,0.0,0.0,0.0,0.0,0.0,0.0,0.0,0.0,0.0,0.0,0.0,0.0
1181,0.0,0.0,0.0,0.0,0.0,0.0,0.0,0.0,0.0,0.0,0.0,0.0,0.0,0.0,0.0,0.0,0.0,0.0,0.0,0.0,0.0,0.0,0.0,0.0,0.0,0.0,0.0,0.0,0.0,0.0,0.0,0.0,0.0,0.0,0.0,0.0,0.0,0.0,0.0,0.0,0.0,0.0,0.0,0.0,0.0,0.0,0.0,0.0,0.0,0.0,0.0,0.0,0.0,0.0,0.0,0.0,0.0,0.0,0.0,0.0,0.0,0.0,0.0,0.0,0.0,0.0
1182,0.0,0.0,0.0,0.0,0.0,0.0,0.0,0.0,0.0,0.0,0.0,0.0,0.0,0.0,0.0,0.0,0.0,0.0,0.0,0.0,0.0,0.0,0.0,0.0,0.0,0.0,0.0,0.0,0.0,0.0,0.0,0.0,0.0,0.0,0.0,0.0,0.0,0.0,0.0,0.0,0.0,0.0,0.0,0.0,0.0,0.0,0.0,0.0,0.0,0.0,0.0,0.0,0.0,0.0,0.0,0.0,0.0,0.0,0.0,0.0,0.0,0.0,0.0,0.0,0.0,0.0
1183,0.0,0.0,0.18923625,0.0,0.0,0.0,0.0,0.0916932,0.112923158,0.094500571,0.237774286,0.2547,0.331695,0.0,0.0,0.0,0.0,0.077425385,0.289881515,0.36242,0.124140571,3.84e-5,0.0,0.000455625,0.0,0.0,0.0,0.0,0.0,0.0,0.0,0.0,0.0,0.092409545,0.0,0.017782542,0.218333333,0.266328889,0.17098,0.136773,0.121086667,0.308873488,0.282327895,0.0,0.0,0.0,0.0,0.0,0.223256667,0.398233333,0.0,0.0,0.0,0.0,0.0,0.0,0.0,0.0,0.153618333,0.0,0.0,0.0,2.0e-5,0.0,0.0,5.0e-6
1184,0.0,0.0,0.296995,0.144,0.026337143,0.235584,0.042126667,0.497167067,0.265025789,0.312138571,0.415921429,0.390864762,0.522565,0.2973,0.388842414,0.366721579,0.389583333,0.516956154,0.455096364,0.56704,0.357232571,0.430669821,0.389662188,0.16785625,0.320951667,0.1489565,0.083419091,0.000304375,0.354476111,0.237031967,0.331589333,0.1521106,0.26002,0.315678636,0.275191569,0.328501186,0.4368,0.445547778,0.27851,0.353053,0.220556667,0.560226047,0.547515263,0.261916667,0.03399,0.050076571,0.01015,0.06855,0.406163333,0.51841,0.0,0.0,7.11e-6,0.077376429,7.89e-5,2.11e-5,0.0,0.0,0.180345,0.328883571,0.18829619,0.151738333,0.495794667,0.39977,0.4182976,0.37909
1185,0.157933333,0.00403,0.47918875,0.27038,0.243131429,0.43822,0.22847,0.637298133,0.399863158,0.447798286,0.554556429,0.556835238,0.621625,0.44083,0.609727931,0.618696491,0.59107,0.637677692,0.562923636,0.5906,0.496143429,0.589554821,0.569935938,0.366131875,0.540734167,0.492880667,0.444090909,0.4496475,0.574001111,0.528998689,0.525073556,0.5053607,0.49616,0.416442273,0.446726667,0.450309492,0.66528,0.515533333,0.536404,0.464518,0.443585,0.67888186,0.665238421,0.4721,0.10007,0.264784,0.0415,0.11527,0.622216667,0.644716667,0.468022857,0.43536,0.440844474,0.239172143,0.413527778,0.338662063,0.01775,0.156646,0.447898333,0.547455714,0.353312857,0.249808333,0.660635333,0.599922727,0.5183988,0.51809
1186,0.401046667,0.18121,0.49788875,0.353875,0.423828571,0.541548,0.400006667,0.677602133,0.418376842,0.504236857,0.646845714,0.635018095,0.652265,0.42489,0.684926897,0.686570877,0.667966667,0.714290769,0.592308485,0.62372,0.565468,0.656944107,0.63631375,0.520835625,0.643314167,0.619860833,0.606213636,0.59698,0.665321667,0.640227213,0.608314889,0.6352064,0.58985,0.387117727,0.525661765,0.50782339,0.753903333,0.514047778,0.463332,0.465181,0.38694,0.725030233,0.703135789,0.58681,0.241242222,0.366026857,0.07136,0.10447,0.749846667,0.616029167,0.632051429,0.61107,0.624006842,0.426233571,0.553455556,0.408426349,0.27438,0.21123,0.45741,0.639574643,0.444854286,0.347468333,0.720622667,0.676350455,0.6089792,0.609143333
1187,0.481526667,0.44598,0.45569375,0.406995,0.513238571,0.630964,0.530036667,0.673827733,0.491703158,0.538124,0.66061,0.66674381,0.546745,0.51338,0.701109655,0.70294614,0.686566667,0.731332308,0.63524697,0.69334,0.613372571,0.659991964,0.642939688,0.5031625,0.6641575,0.651676333,0.643779091,0.63471375,0.690571667,0.671891803,0.632257111,0.6725816,0.55179,0.464660455,0.566426275,0.546384915,0.725863333,0.419562222,0.465252,0.446652,0.38836,0.737516744,0.663031053,0.61361,0.380651111,0.43051,0.09637,0.13911,0.731696667,0.573934167,0.694282857,0.664706667,0.686257632,0.463978571,0.556504444,0.41742127,0.30839,0.236018,0.494716667,0.650874286,0.453990476,0.342943333,0.736712667,0.706804091,0.6441808,0.661075
1188,0.533933333,0.4426,0.49772875,0.54188,0.581162857,0.638694,0.58258,0.650304,0.47903,0.516546571,0.690300714,0.625066667,0.625685,0.46162,0.694874138,0.696046842,0.683706667,0.739540769,0.633263333,0.6867,0.591126,0.655211429,0.622123438,0.45236125,0.654513333,0.646736167,0.642544545,0.632390625,0.687769444,0.678721311,0.659861778,0.687722,0.52313,0.500710455,0.592911373,0.582883729,0.655371667,0.377725556,0.47307,0.433844,0.404831667,0.717982093,0.673377895,0.621356667,0.421964444,0.468228571,0.20866,0.08395,0.599323333,0.506900833,0.710324286,0.69296,0.702141842,0.5343,0.511902222,0.382006984,0.31898,0.283368,0.518285,0.6404025,0.473609524,0.370881667,0.727072667,0.710393636,0.6713328,0.662743333
1189,0.506893333,0.53754,0.47288,0.522635,0.654751429,0.565378,0.560853333,0.603203067,0.465815789,0.480854,0.68283,0.68776619,0.56239,0.3863,0.684114138,0.678891053,0.67894,0.736319231,0.620245152,0.72075,0.604021143,0.63222,0.59396125,0.444655625,0.6451425,0.637543,0.632985455,0.623313125,0.683065,0.671961803,0.670002222,0.6790383,0.57047,0.496175,0.597236667,0.579324746,0.534765,0.487721111,0.42587,0.450196,0.43256,0.688229302,0.616187895,0.606703333,0.425772222,0.474102857,0.29461,0.17703,0.581076667,0.561591667,0.70916,0.693316667,0.700152105,0.600579286,0.479885556,0.39084,0.32002,0.240534,0.502823333,0.633503929,0.454847619,0.398311667,0.694947333,0.705965,0.7114044,0.623691667
1190,0.582776667,0.60119,0.51903625,0.533075,0.66196,0.56272,0.45845,0.568935467,0.472137368,0.465522,0.627742857,0.58187,0.54025,0.28834,0.679306207,0.674821228,0.673553333,0.687160769,0.519585455,0.69818,0.611764571,0.600708036,0.550035625,0.39988,0.6441725,0.636360833,0.63117,0.62144375,0.670444444,0.662125246,0.659608,0.6582437,0.64742,0.546456364,0.558296667,0.559270678,0.457311667,0.33982,0.363962,0.480037,0.424591667,0.649057209,0.501813158,0.615106667,0.394435556,0.470040286,0.31688,0.2086,0.51671,0.50408,0.704218571,0.687563333,0.684071842,0.508789286,0.477553333,0.366211111,0.34055,0.226526,0.512056667,0.627359643,0.377192381,0.354593333,0.627618,0.665443182,0.6723588,0.649043333
1191,0.546503333,0.45186,0.4595275,0.49526,0.608661429,0.57549,0.37518,0.5532664,0.466425789,0.413316571,0.530140714,0.527854286,0.53772,0.26271,0.668729655,0.663298246,0.653403333,0.583021538,0.422481515,0.62903,0.508168571,0.565764286,0.53979,0.383550625,0.6454175,0.6392775,0.633571818,0.626684375,0.660971111,0.650145738,0.617723333,0.5790692,0.62931,0.522397727,0.52622098,0.532681695,0.305725,0.331335556,0.272494,0.420831,0.32589,0.541095581,0.356983684,0.617746667,0.333957778,0.462537143,0.36048,0.31551,0.431466667,0.428809167,0.690314286,0.666266667,0.654739737,0.471824286,0.467352222,0.325567778,0.18934,0.12388,0.428026667,0.627751786,0.348794286,0.344108333,0.558363333,0.525293636,0.6109972,0.637008333
1192,0.584016667,0.52156,0.35676875,0.558205,0.557465714,0.54563,0.571863333,0.496818933,0.355758947,0.270234286,0.485716429,0.478014286,0.47114,0.18432,0.639553103,0.635525263,0.625513333,0.431372308,0.346746061,0.41167,0.344137429,0.542051071,0.462629063,0.3509875,0.623275833,0.6234795,0.619615455,0.6113325,0.637465556,0.638568361,0.577837778,0.5252642,0.67259,0.370078182,0.497234902,0.480190508,0.284315,0.271057778,0.250318,0.370514,0.190513333,0.402376512,0.293492105,0.601073333,0.25509,0.423909429,0.06358,0.09268,0.26678,0.296795833,0.625281429,0.543513333,0.603278947,0.524838571,0.457874444,0.22347619,0.30054,0.160156,0.310268333,0.5940775,0.260810952,0.289335,0.58095,0.502476364,0.5206348,0.470245
1193,0.500816667,0.54151,0.18702,0.44781,0.486205714,0.507044,0.462426667,0.3973844,0.258827368,0.246152,0.301087143,0.278324286,0.247325,0.13255,0.520809655,0.525472982,0.5436,0.299010769,0.260596364,0.50964,0.29532,0.442424107,0.347015625,0.240976875,0.535359167,0.551443833,0.558991818,0.554318125,0.531463333,0.557866393,0.463152667,0.4137899,0.52802,0.29441,0.433331765,0.402015932,0.185671667,0.121865556,0.215752,0.12555,0.197998333,0.29916814,0.18482,0.508536667,0.236858889,0.362770286,0.0346,0.10337,0.14185,0.1369725,0.619167143,0.538716667,0.505617632,0.471317857,0.308973333,0.154785079,0.28437,0.09001,0.280143333,0.491104643,0.239164762,0.230635,0.423531333,0.388147727,0.397918,0.425721667
1194,0.421836667,0.52211,0.0,0.285745,0.360718571,0.384454,0.366363333,0.0884688,0.0,0.0,0.0,0.009151905,0.10571,0.0,0.313823103,0.264588947,0.335313333,0.118650769,0.163998788,0.30794,0.168968286,0.083551786,0.06231125,4.56e-5,0.330325833,0.3558485,0.385506364,0.368640625,0.368601111,0.373478033,0.281355333,0.2655376,0.42336,0.203567273,0.28461902,0.276539831,0.0,0.0,0.0,0.0,0.0,0.100271395,0.096119474,0.29763,0.106211111,0.161697429,0.0,0.0,0.0,0.0,0.517928571,0.479103333,0.393034474,0.395713571,0.0,0.016420159,0.0,0.068366,0.0,0.195329286,0.029963333,0.083545,0.257305333,0.253667727,0.2388976,0.217153333
1195,0.3122,0.18819,0.0,0.090975,0.192048571,0.217598,0.0,0.0,0.0,0.0,0.0,0.0,0.0,0.0,0.0,0.0,0.0,0.0,0.0,0.0,0.0,0.0,0.0,0.0,0.0,0.0,0.0,0.0,0.0,0.0,0.0,0.0429614,0.00037,0.0,0.006855098,0.035502712,0.0,0.0,0.0,0.0,0.0,0.0,0.0,0.0,0.0,0.0,0.0,0.0,0.0,0.0,0.298008571,0.278116667,0.220508158,0.261292143,0.0,0.0,0.0,0.0,0.0,0.0,0.0,0.0,0.0,0.0,0.0,0.0
1196,0.0,0.0,0.0,0.0,0.0,0.0,0.0,0.0,0.0,0.0,0.0,0.0,0.0,0.0,0.0,0.0,0.0,0.0,0.0,0.0,0.0,0.0,0.0,0.0,0.0,0.0,0.0,0.0,0.0,0.0,0.0,0.0,0.0,0.0,0.0,0.0,0.0,0.0,0.0,0.0,0.0,0.0,0.0,0.0,0.0,0.0,0.0,0.0,0.0,0.0,0.0,0.0,0.0,0.0,0.0,0.0,0.0,0.0,0.0,0.0,0.0,0.0,0.0,0.0,0.0,0.0
1197,0.0,0.0,0.0,0.0,0.0,0.0,0.0,0.0,0.0,0.0,0.0,0.0,0.0,0.0,0.0,0.0,0.0,0.0,0.0,0.0,0.0,0.0,0.0,0.0,0.0,0.0,0.0,0.0,0.0,0.0,0.0,0.0,0.0,0.0,0.0,0.0,0.0,0.0,0.0,0.0,0.0,0.0,0.0,0.0,0.0,0.0,0.0,0.0,0.0,0.0,0.0,0.0,0.0,0.0,0.0,0.0,0.0,0.0,0.0,0.0,0.0,0.0,0.0,0.0,0.0,0.0
1198,0.0,0.0,0.0,0.0,0.0,0.0,0.0,0.0,0.0,0.0,0.0,0.0,0.0,0.0,0.0,0.0,0.0,0.0,0.0,0.0,0.0,0.0,0.0,0.0,0.0,0.0,0.0,0.0,0.0,0.0,0.0,0.0,0.0,0.0,0.0,0.0,0.0,0.0,0.0,0.0,0.0,0.0,0.0,0.0,0.0,0.0,0.0,0.0,0.0,0.0,0.0,0.0,0.0,0.0,0.0,0.0,0.0,0.0,0.0,0.0,0.0,0.0,0.0,0.0,0.0,0.0
1199,0.0,0.0,0.0,0.0,0.0,0.0,0.0,0.0,0.0,0.0,0.0,0.0,0.0,0.0,0.0,0.0,0.0,0.0,0.0,0.0,0.0,0.0,0.0,0.0,0.0,0.0,0.0,0.0,0.0,0.0,0.0,0.0,0.0,0.0,0.0,0.0,0.0,0.0,0.0,0.0,0.0,0.0,0.0,0.0,0.0,0.0,0.0,0.0,0.0,0.0,0.0,0.0,0.0,0.0,0.0,0.0,0.0,0.0,0.0,0.0,0.0,0.0,0.0,0.0,0.0,0.0
1200,0.0,0.0,0.0,0.0,0.0,0.0,0.0,0.0,0.0,0.0,0.0,0.0,0.0,0.0,0.0,0.0,0.0,0.0,0.0,0.0,0.0,0.0,0.0,0.0,0.0,0.0,0.0,0.0,0.0,0.0,0.0,0.0,0.0,0.0,0.0,0.0,0.0,0.0,0.0,0.0,0.0,0.0,0.0,0.0,0.0,0.0,0.0,0.0,0.0,0.0,0.0,0.0,0.0,0.0,0.0,0.0,0.0,0.0,0.0,0.0,0.0,0.0,0.0,0.0,0.0,0.0
1201,0.0,0.0,0.0,0.0,0.0,0.0,0.0,0.0,0.0,0.0,0.0,0.0,0.0,0.0,0.0,0.0,0.0,0.0,0.0,0.0,0.0,0.0,0.0,0.0,0.0,0.0,0.0,0.0,0.0,0.0,0.0,0.0,0.0,0.0,0.0,0.0,0.0,0.0,0.0,0.0,0.0,0.0,0.0,0.0,0.0,0.0,0.0,0.0,0.0,0.0,0.0,0.0,0.0,0.0,0.0,0.0,0.0,0.0,0.0,0.0,0.0,0.0,0.0,0.0,0.0,0.0
1202,0.0,0.0,0.0,0.0,0.0,0.0,0.0,0.0,0.0,0.0,0.0,0.0,0.0,0.0,0.0,0.0,0.0,0.0,0.0,0.0,0.0,0.0,0.0,0.0,0.0,0.0,0.0,0.0,0.0,0.0,0.0,0.0,0.0,0.0,0.0,0.0,0.0,0.0,0.0,0.0,0.0,0.0,0.0,0.0,0.0,0.0,0.0,0.0,0.0,0.0,0.0,0.0,0.0,0.0,0.0,0.0,0.0,0.0,0.0,0.0,0.0,0.0,0.0,0.0,0.0,0.0
1203,0.0,0.0,0.0,0.0,0.0,0.0,0.0,0.0,0.0,0.0,0.0,0.0,0.0,0.0,0.0,0.0,0.0,0.0,0.0,0.0,0.0,0.0,0.0,0.0,0.0,0.0,0.0,0.0,0.0,0.0,0.0,0.0,0.0,0.0,0.0,0.0,0.0,0.0,0.0,0.0,0.0,0.0,0.0,0.0,0.0,0.0,0.0,0.0,0.0,0.0,0.0,0.0,0.0,0.0,0.0,0.0,0.0,0.0,0.0,0.0,0.0,0.0,0.0,0.0,0.0,0.0
1204,0.0,0.0,0.0,0.0,0.0,0.0,0.0,0.0,0.0,0.0,0.0,0.0,0.0,0.0,0.0,0.0,0.0,0.0,0.0,0.0,0.0,0.0,0.0,0.0,0.0,0.0,0.0,0.0,0.0,0.0,0.0,0.0,0.0,0.0,0.0,0.0,0.0,0.0,0.0,0.0,0.0,0.0,0.0,0.0,0.0,0.0,0.0,0.0,0.0,0.0,0.0,0.0,0.0,0.0,0.0,0.0,0.0,0.0,0.0,0.0,0.0,0.0,0.0,0.0,0.0,0.0
1205,0.0,0.0,0.0,0.0,0.0,0.0,0.0,0.0,0.0,0.0,0.0,0.0,0.0,0.0,0.0,0.0,0.0,0.0,0.0,0.0,0.0,0.0,0.0,0.0,0.0,0.0,0.0,0.0,0.0,0.0,0.0,0.0,0.0,0.0,0.0,0.0,0.0,0.0,0.0,0.0,0.0,0.0,0.0,0.0,0.0,0.0,0.0,0.0,0.0,0.0,0.0,0.0,0.0,0.0,0.0,0.0,0.0,0.0,0.0,0.0,0.0,0.0,0.0,0.0,0.0,0.0
1206,0.0,0.0,0.0,0.0,0.0,0.0,0.0,0.0,0.0,0.0,0.0,0.0,0.0,0.0,0.0,0.0,0.0,0.0,0.0,0.0,0.0,0.0,0.0,0.0,0.0,0.0,0.0,0.0,0.0,0.0,0.0,0.0,0.0,0.0,0.0,0.0,0.0,0.0,0.0,0.0,0.0,0.0,0.0,0.0,0.0,0.0,0.0,0.0,0.0,0.0,0.0,0.0,0.0,0.0,0.0,0.0,0.0,0.0,0.0,0.0,0.0,0.0,0.0,0.0,0.0,0.0
1207,0.0,0.0,0.2048525,0.0,0.0,0.0,4.33e-5,0.121456933,0.191534211,0.087806571,0.378347143,0.337110952,0.41405,0.0,0.0,0.0,0.0,0.081046923,0.331455455,0.28959,0.121513714,3.82e-5,0.0,0.00264875,0.0,0.0,0.0,0.0,0.0,0.0,0.0,0.0,0.0,0.049192727,0.0,0.011277966,0.394815,0.427996667,0.189566,0.258172,0.19659,0.307438372,0.252128421,0.0,0.0,0.0,0.0,0.0,0.29605,0.386616667,0.0,0.0,0.0,0.0,0.0,0.0,0.0,0.0,0.178196667,0.0,0.0,0.0,1.87e-5,0.0,0.0,2.17e-5
1208,0.0,0.0,0.32101375,0.16765,0.06922,0.061228,0.09122,0.5556436,0.325271579,0.303955143,0.624619286,0.629948571,0.60254,0.23683,0.356992759,0.318772456,0.271736667,0.523172308,0.536787273,0.47522,0.365463429,0.405480357,0.306680625,0.1052325,0.318561667,0.1566205,0.082538182,0.000325,0.302559444,0.223116066,0.275873333,0.1397827,0.01743,0.272802273,0.262132549,0.228968814,0.60564,0.57129,0.298678,0.378957,0.324936667,0.59526186,0.561849474,0.221323333,0.052835556,0.072451143,0.37529,0.31065,0.65894,0.584228333,0.0,0.0,1.32e-6,0.05901,9.0e-5,2.71e-5,0.00052,0.0,0.15518,0.3341875,0.243835238,0.217126667,0.531416,0.425131364,0.3952768,0.429873333
1209,0.407253333,0.38505,0.440855,0.30543,0.301502857,0.151658,0.233713333,0.6560804,0.420186316,0.373515429,0.730370714,0.74834619,0.744685,0.45639,0.568465172,0.555687719,0.504586667,0.675308462,0.682817879,0.65265,0.516468857,0.535942143,0.44889625,0.27857875,0.539894167,0.5159145,0.492220909,0.485556875,0.505008889,0.507378361,0.488060889,0.4704032,0.10411,0.448298636,0.441900196,0.371094407,0.687133333,0.630923333,0.323202,0.410946,0.410818333,0.71990093,0.716153158,0.466723333,0.238106667,0.425124857,0.41715,0.48779,0.757976667,0.705334167,0.344864286,0.43584,0.392009737,0.154046429,0.226994444,0.33147,0.02417,0.180748,0.298285,0.553663214,0.419829524,0.382923333,0.685532667,0.620004545,0.5848284,0.598295
1210,0.607036667,0.59382,0.45269125,0.52333,0.472787143,0.273794,0.37486,0.7003656,0.468035263,0.409527429,0.754239286,0.779347143,0.758275,0.38004,0.655964483,0.648837368,0.615713333,0.730004615,0.72528697,0.70282,0.582236571,0.580089464,0.54453125,0.29818875,0.635641667,0.629831833,0.620592727,0.61359,0.596685,0.607160328,0.591557333,0.5879236,0.249,0.489790909,0.536679216,0.467120508,0.720546667,0.648678889,0.403814,0.462735,0.39333,0.768038837,0.763760526,0.56727,0.433815556,0.533641714,0.53595,0.48334,0.775343333,0.721530833,0.575447143,0.60712,0.595515789,0.242222143,0.325652222,0.452992381,0.39588,0.324758,0.38582,0.642765,0.509489048,0.476005,0.742962,0.694712727,0.6664384,0.656658333
1211,0.683486667,0.6784,0.59543875,0.575235,0.557931429,0.337646,0.36694,0.703467067,0.492447895,0.416547429,0.774396429,0.790713333,0.793765,0.44119,0.690133448,0.69158386,0.676613333,0.759643077,0.724291818,0.73459,0.644230571,0.553592321,0.5547625,0.33343625,0.655185833,0.656307333,0.652572727,0.646420625,0.651392778,0.646094426,0.617133333,0.6134043,0.33309,0.487895455,0.574987451,0.536847797,0.762451667,0.623367778,0.48315,0.509242,0.48083,0.775166744,0.775251053,0.625006667,0.559433333,0.594632286,0.54986,0.44426,0.780236667,0.704085833,0.651104286,0.669886667,0.636891053,0.318695,0.424093333,0.506713016,0.46123,0.459848,0.520505,0.655814643,0.56927,0.532491667,0.752884,0.716477727,0.6472744,0.698096667
1212,0.705643333,0.7049,0.55488125,0.58753,0.581974286,0.428758,0.461366667,0.685310267,0.484316842,0.411852571,0.772395,0.788900952,0.789335,0.46447,0.683221034,0.687367895,0.680436667,0.762765385,0.700139091,0.72063,0.670351143,0.55418625,0.516704375,0.37353375,0.646311667,0.647679,0.646858182,0.640513125,0.659990556,0.65002082,0.645046889,0.651424,0.57023,0.453973636,0.610361373,0.560226441,0.789526667,0.622165556,0.458154,0.477538,0.376396667,0.770257442,0.774899474,0.6101,0.533032222,0.592898286,0.49701,0.47811,0.78883,0.698315,0.666825714,0.685276667,0.669313421,0.380500714,0.454546667,0.506425079,0.49424,0.505176,0.49363,0.642837143,0.565149524,0.549223333,0.746601333,0.720983636,0.6955156,0.645051667
1213,0.703926667,0.70403,0.5775975,0.482495,0.59075,0.497384,0.538356667,0.673750533,0.460697895,0.390202571,0.773590714,0.783082857,0.78804,0.53583,0.672484483,0.675573158,0.67855,0.754856923,0.691815152,0.68461,0.639522857,0.532232857,0.446579063,0.3910525,0.637035833,0.635794667,0.634597273,0.62881125,0.653755556,0.64689082,0.639993333,0.6402468,0.60398,0.46884,0.574528431,0.546556949,0.779175,0.582277778,0.452626,0.461625,0.40487,0.761487442,0.750834211,0.613013333,0.539582222,0.588944286,0.46803,0.41077,0.77696,0.668565,0.66418,0.682376667,0.671477632,0.348204286,0.451204444,0.49622,0.48689,0.53722,0.523308333,0.635001786,0.576042857,0.54902,0.739293333,0.717368182,0.7116444,0.641436667
1214,0.693616667,0.69618,0.5565175,0.49784,0.591164286,0.419412,0.596713333,0.6607832,0.480358947,0.369284286,0.743245,0.771063333,0.773865,0.35192,0.665405862,0.667854035,0.675276667,0.738004615,0.661446061,0.63217,0.62879,0.494071607,0.427192188,0.35486,0.634493333,0.632152667,0.629716364,0.624705,0.616233889,0.607756557,0.624095333,0.6124115,0.66416,0.474790455,0.613997059,0.557638644,0.71586,0.51417,0.390986,0.47278,0.355908333,0.751632558,0.724484211,0.612266667,0.472602222,0.595228,0.46807,0.34584,0.758193333,0.549533333,0.631652857,0.659313333,0.610084474,0.476185714,0.474608889,0.509619841,0.46902,0.549872,0.570655,0.633127857,0.555984762,0.532286667,0.732525333,0.710165,0.7031452,0.664508333
1215,0.655226667,0.64257,0.5036225,0.542885,0.573912857,0.458092,0.63926,0.653338533,0.498195263,0.357612857,0.709962143,0.734564762,0.724405,0.36652,0.650430345,0.657195088,0.65972,0.678110769,0.654400303,0.59739,0.574256,0.473227679,0.401039688,0.33814125,0.632995,0.632560333,0.629362727,0.62581375,0.617312222,0.576292295,0.584896222,0.5595617,0.68728,0.492709091,0.603473529,0.533575593,0.600853333,0.444753333,0.274166,0.426266,0.234623333,0.71828186,0.692026842,0.615896667,0.417276667,0.599392857,0.50343,0.26153,0.705203333,0.467495833,0.602532857,0.59019,0.573266842,0.476536429,0.491854444,0.527331905,0.45789,0.571788,0.531285,0.627832143,0.509961429,0.510981667,0.721418,0.699004545,0.6841984,0.586298333
1216,0.586566667,0.59299,0.46211375,0.62052,0.528564286,0.49542,0.548556667,0.556410267,0.381214737,0.279290857,0.573984286,0.676257143,0.68799,0.11472,0.615713793,0.625861053,0.630586667,0.626623077,0.542969394,0.41918,0.447342571,0.408760179,0.34149375,0.23046875,0.609929167,0.616103667,0.617604545,0.615196875,0.56681,0.513436885,0.528774667,0.4841653,0.70521,0.549258182,0.58739451,0.520858305,0.425993333,0.557574444,0.238568,0.44783,0.181798333,0.600397907,0.549499474,0.599896667,0.375778889,0.585255429,0.48823,0.19882,0.596463333,0.594544167,0.591674286,0.52918,0.492239211,0.597745714,0.498891111,0.529729683,0.41118,0.536894,0.295561667,0.577267857,0.433228571,0.45211,0.686333333,0.663286818,0.618616,0.551148333
1217,0.561933333,0.61435,0.25088375,0.532125,0.358002857,0.35139,0.469133333,0.448956133,0.249746842,0.190548857,0.375557143,0.415720952,0.56919,0.11718,0.507238966,0.540907719,0.54839,0.545166154,0.492209394,0.37233,0.368449429,0.329059107,0.263214063,0.130748125,0.523155,0.5452215,0.556552727,0.551018125,0.488864444,0.442890984,0.472034667,0.3971444,0.5757,0.414203182,0.476308235,0.443763559,0.301063333,0.411157778,0.151618,0.247396,0.113906667,0.453691163,0.466833684,0.50862,0.32054,0.471421429,0.37625,0.15702,0.404583333,0.4041175,0.555715714,0.484196667,0.415234737,0.51627,0.413917778,0.450347302,0.33533,0.450566,0.243508333,0.459442857,0.313712857,0.360365,0.546616667,0.570931818,0.5260716,0.501565
1218,0.535846667,0.52966,0.0,0.26017,0.35725,0.234514,0.39978,0.133504667,0.0,0.0,3.5e-5,0.034597143,0.170035,0.0,0.306393793,0.268205263,0.344876667,0.284851538,0.312579394,0.18322,0.273299714,0.076165893,0.052930313,6.63e-5,0.321808333,0.353097667,0.383669091,0.37598,0.321324444,0.314944098,0.301033778,0.29556,0.4559,0.289655455,0.319923333,0.304269492,0.0,0.0,0.0,0.0,0.0,0.200675581,0.208326316,0.300063333,0.151325556,0.192584571,0.0,0.0,0.0,0.0,0.394005714,0.362423333,0.361551053,0.404992857,0.00018,0.164113968,0.0,0.17997,0.0,0.181504286,0.036118571,0.090643333,0.316152,0.362055,0.328134,0.283388333
1219,0.350993333,0.40037,0.0,0.15291,0.19442,0.137704,0.0,0.0,0.0,0.0,0.0,0.0,0.0,0.0,0.0,0.0,0.0,0.0,0.0,0.0,0.0,0.0,0.0,0.0,0.0,0.0,0.0,0.0,0.0,0.0,0.0,0.0487613,0.1862,0.0,0.006464706,0.025071695,0.0,0.0,0.0,0.0,0.0,0.0,0.0,0.0,0.0,0.0,0.0,0.0,0.0,0.0,0.295875714,0.265806667,0.237099737,0.259240714,0.0,0.0,0.0,0.0,0.0,0.0,0.0,0.0,0.0,0.0,0.0,0.0
1220,0.0,0.0,0.0,0.0,0.0,0.0,0.0,0.0,0.0,0.0,0.0,0.0,0.0,0.0,0.0,0.0,0.0,0.0,0.0,0.0,0.0,0.0,0.0,0.0,0.0,0.0,0.0,0.0,0.0,0.0,0.0,0.0,0.0,0.0,0.0,0.0,0.0,0.0,0.0,0.0,0.0,0.0,0.0,0.0,0.0,0.0,0.0,0.0,0.0,0.0,0.0,0.0,0.0,0.0,0.0,0.0,0.0,0.0,0.0,0.0,0.0,0.0,0.0,0.0,0.0,0.0
1221,0.0,0.0,0.0,0.0,0.0,0.0,0.0,0.0,0.0,0.0,0.0,0.0,0.0,0.0,0.0,0.0,0.0,0.0,0.0,0.0,0.0,0.0,0.0,0.0,0.0,0.0,0.0,0.0,0.0,0.0,0.0,0.0,0.0,0.0,0.0,0.0,0.0,0.0,0.0,0.0,0.0,0.0,0.0,0.0,0.0,0.0,0.0,0.0,0.0,0.0,0.0,0.0,0.0,0.0,0.0,0.0,0.0,0.0,0.0,0.0,0.0,0.0,0.0,0.0,0.0,0.0
1222,0.0,0.0,0.0,0.0,0.0,0.0,0.0,0.0,0.0,0.0,0.0,0.0,0.0,0.0,0.0,0.0,0.0,0.0,0.0,0.0,0.0,0.0,0.0,0.0,0.0,0.0,0.0,0.0,0.0,0.0,0.0,0.0,0.0,0.0,0.0,0.0,0.0,0.0,0.0,0.0,0.0,0.0,0.0,0.0,0.0,0.0,0.0,0.0,0.0,0.0,0.0,0.0,0.0,0.0,0.0,0.0,0.0,0.0,0.0,0.0,0.0,0.0,0.0,0.0,0.0,0.0
1223,0.0,0.0,0.0,0.0,0.0,0.0,0.0,0.0,0.0,0.0,0.0,0.0,0.0,0.0,0.0,0.0,0.0,0.0,0.0,0.0,0.0,0.0,0.0,0.0,0.0,0.0,0.0,0.0,0.0,0.0,0.0,0.0,0.0,0.0,0.0,0.0,0.0,0.0,0.0,0.0,0.0,0.0,0.0,0.0,0.0,0.0,0.0,0.0,0.0,0.0,0.0,0.0,0.0,0.0,0.0,0.0,0.0,0.0,0.0,0.0,0.0,0.0,0.0,0.0,0.0,0.0
1224,0.0,0.0,0.0,0.0,0.0,0.0,0.0,0.0,0.0,0.0,0.0,0.0,0.0,0.0,0.0,0.0,0.0,0.0,0.0,0.0,0.0,0.0,0.0,0.0,0.0,0.0,0.0,0.0,0.0,0.0,0.0,0.0,0.0,0.0,0.0,0.0,0.0,0.0,0.0,0.0,0.0,0.0,0.0,0.0,0.0,0.0,0.0,0.0,0.0,0.0,0.0,0.0,0.0,0.0,0.0,0.0,0.0,0.0,0.0,0.0,0.0,0.0,0.0,0.0,0.0,0.0
1225,0.0,0.0,0.0,0.0,0.0,0.0,0.0,0.0,0.0,0.0,0.0,0.0,0.0,0.0,0.0,0.0,0.0,0.0,0.0,0.0,0.0,0.0,0.0,0.0,0.0,0.0,0.0,0.0,0.0,0.0,0.0,0.0,0.0,0.0,0.0,0.0,0.0,0.0,0.0,0.0,0.0,0.0,0.0,0.0,0.0,0.0,0.0,0.0,0.0,0.0,0.0,0.0,0.0,0.0,0.0,0.0,0.0,0.0,0.0,0.0,0.0,0.0,0.0,0.0,0.0,0.0
1226,0.0,0.0,0.0,0.0,0.0,0.0,0.0,0.0,0.0,0.0,0.0,0.0,0.0,0.0,0.0,0.0,0.0,0.0,0.0,0.0,0.0,0.0,0.0,0.0,0.0,0.0,0.0,0.0,0.0,0.0,0.0,0.0,0.0,0.0,0.0,0.0,0.0,0.0,0.0,0.0,0.0,0.0,0.0,0.0,0.0,0.0,0.0,0.0,0.0,0.0,0.0,0.0,0.0,0.0,0.0,0.0,0.0,0.0,0.0,0.0,0.0,0.0,0.0,0.0,0.0,0.0
1227,0.0,0.0,0.0,0.0,0.0,0.0,0.0,0.0,0.0,0.0,0.0,0.0,0.0,0.0,0.0,0.0,0.0,0.0,0.0,0.0,0.0,0.0,0.0,0.0,0.0,0.0,0.0,0.0,0.0,0.0,0.0,0.0,0.0,0.0,0.0,0.0,0.0,0.0,0.0,0.0,0.0,0.0,0.0,0.0,0.0,0.0,0.0,0.0,0.0,0.0,0.0,0.0,0.0,0.0,0.0,0.0,0.0,0.0,0.0,0.0,0.0,0.0,0.0,0.0,0.0,0.0
1228,0.0,0.0,0.0,0.0,0.0,0.0,0.0,0.0,0.0,0.0,0.0,0.0,0.0,0.0,0.0,0.0,0.0,0.0,0.0,0.0,0.0,0.0,0.0,0.0,0.0,0.0,0.0,0.0,0.0,0.0,0.0,0.0,0.0,0.0,0.0,0.0,0.0,0.0,0.0,0.0,0.0,0.0,0.0,0.0,0.0,0.0,0.0,0.0,0.0,0.0,0.0,0.0,0.0,0.0,0.0,0.0,0.0,0.0,0.0,0.0,0.0,0.0,0.0,0.0,0.0,0.0
1229,0.0,0.0,0.0,0.0,0.0,0.0,0.0,0.0,0.0,0.0,0.0,0.0,0.0,0.0,0.0,0.0,0.0,0.0,0.0,0.0,0.0,0.0,0.0,0.0,0.0,0.0,0.0,0.0,0.0,0.0,0.0,0.0,0.0,0.0,0.0,0.0,0.0,0.0,0.0,0.0,0.0,0.0,0.0,0.0,0.0,0.0,0.0,0.0,0.0,0.0,0.0,0.0,0.0,0.0,0.0,0.0,0.0,0.0,0.0,0.0,0.0,0.0,0.0,0.0,0.0,0.0
1230,0.0,0.0,0.0,0.0,0.0,0.0,0.0,0.0,0.0,0.0,0.0,0.0,0.0,0.0,0.0,0.0,0.0,0.0,0.0,0.0,0.0,0.0,0.0,0.0,0.0,0.0,0.0,0.0,0.0,0.0,0.0,0.0,0.0,0.0,0.0,0.0,0.0,0.0,0.0,0.0,0.0,0.0,0.0,0.0,0.0,0.0,0.0,0.0,0.0,0.0,0.0,0.0,0.0,0.0,0.0,0.0,0.0,0.0,0.0,0.0,0.0,0.0,0.0,0.0,0.0,0.0
1231,0.0,0.0,0.37645875,0.0,0.0,0.0,3.0e-5,0.0571944,0.137245263,0.065015143,0.319627143,0.352100476,0.390655,0.0,0.0,0.0,0.0,0.081531538,0.23294,0.34009,0.155286857,2.16e-5,0.0,0.00476375,0.0,0.0,0.0,0.0,0.0,0.0,0.0,0.0,0.0,0.076235909,0.0,0.028352712,0.489473333,0.393948889,0.351056,0.365955,0.218438333,0.300280233,0.198409474,0.0,0.0,0.0,0.0,0.0,0.281423333,0.2220025,0.0,0.0,0.0,0.0,0.0,0.0,0.0,0.0,0.415673333,0.0,0.0,0.0,2.07e-5,0.0,0.0,8.33e-6
1232,0.0,0.0,0.47803,0.082355,0.021982857,0.112508,0.076096667,0.357079867,0.297988421,0.137825714,0.631519286,0.560752857,0.616645,0.36913,0.36927,0.350647368,0.35543,0.578857692,0.401730303,0.56271,0.520464857,0.388674821,0.283495625,0.18244,0.330905,0.157474833,0.077000909,0.000298125,0.334686667,0.21119082,0.356490444,0.1371741,0.21948,0.266755,0.286141569,0.300322542,0.662108333,0.484558889,0.520526,0.46603,0.493963333,0.603853256,0.437,0.31503,0.13015,0.115847143,0.32125,0.49401,0.575493333,0.361755,0.0,0.0,3.95e-6,0.162292143,0.000231111,3.78e-5,0.00068,0.0004,0.584893333,0.346676786,0.227726667,0.182128333,0.538975333,0.473326364,0.5098416,0.502001667
1233,0.391743333,0.33275,0.56869375,0.201045,0.293264286,0.2096,0.19814,0.4490616,0.369458947,0.224375429,0.68633,0.601644762,0.74204,0.41403,0.590218621,0.592813509,0.535876667,0.7122,0.52212,0.71636,0.643689714,0.53820875,0.445274375,0.28919125,0.549058333,0.512391833,0.463352727,0.46248875,0.542373333,0.465317377,0.568106667,0.446703,0.346,0.416856818,0.499013333,0.439501017,0.72987,0.507464444,0.61783,0.566356,0.480623333,0.70782814,0.618555263,0.505706667,0.27735,0.490064,0.40542,0.54268,0.59317,0.381995833,0.328148571,0.27662,0.422053684,0.309367143,0.405208889,0.44853,0.02466,0.37374,0.601461667,0.562813214,0.396167143,0.355415,0.690329333,0.649917727,0.683654,0.669581667
1234,0.542736667,0.53513,0.58797125,0.262045,0.40959,0.332798,0.36443,0.4392316,0.447001579,0.313085429,0.738780714,0.645525714,0.76434,0.47883,0.676708621,0.685964737,0.650466667,0.763262308,0.642693333,0.77636,0.722164286,0.609129464,0.531810938,0.300665,0.642738333,0.6262205,0.586713636,0.55985875,0.629472778,0.577880328,0.652244889,0.5693576,0.37292,0.499252273,0.587097647,0.54118661,0.744648333,0.444461111,0.651922,0.616837,0.486496667,0.725240233,0.729858947,0.613723333,0.428598889,0.584198571,0.51539,0.56421,0.54184,0.416568333,0.499225714,0.52353,0.583363158,0.398415,0.507566667,0.578364921,0.53386,0.501982,0.7102,0.649386071,0.531220476,0.52822,0.737297333,0.716923182,0.74245,0.748858333
1235,0.660526667,0.67375,0.5866725,0.319755,0.492878571,0.396328,0.374556667,0.411767733,0.502329474,0.347094571,0.763781429,0.633009048,0.767225,0.49891,0.692705172,0.702796667,0.68548,0.768910769,0.70087303,0.77546,0.753632286,0.635025714,0.585132813,0.359918125,0.662554167,0.654805833,0.63149,0.616441875,0.675547222,0.624316885,0.691983111,0.6305284,0.5344,0.525855,0.627732941,0.618835085,0.690591667,0.391367778,0.76917,0.603499,0.60934,0.728886279,0.752515789,0.637913333,0.552473333,0.606594571,0.54302,0.57708,0.49402,0.369515833,0.62314,0.651446667,0.639688421,0.534698571,0.533448889,0.586450794,0.52798,0.527264,0.705966667,0.660375714,0.56966,0.580381667,0.73503,0.736143636,0.7615212,0.766906667
1236,0.68943,0.69337,0.596785,0.30913,0.543692857,0.501264,0.311173333,0.382913467,0.515663684,0.361768571,0.778974286,0.56059619,0.69381,0.39462,0.682751034,0.683195088,0.67395,0.767968462,0.714295455,0.78444,0.744413714,0.610611429,0.59459,0.335730625,0.653514167,0.649988667,0.642967273,0.625641875,0.67909,0.658414426,0.691836222,0.6603951,0.63289,0.554489545,0.655421961,0.626116102,0.565906667,0.433795556,0.785906,0.612289,0.690723333,0.724293488,0.757892632,0.634913333,0.582985556,0.604749429,0.61628,0.49104,0.376706667,0.360649167,0.683305714,0.66951,0.676352105,0.568869286,0.518547778,0.561658571,0.54493,0.574456,0.729311667,0.647505357,0.585817619,0.575045,0.738919333,0.732928182,0.760634,0.764815
1237,0.688386667,0.69677,0.4821025,0.483215,0.506734286,0.529872,0.359936667,0.348085867,0.528889474,0.356586,0.777285714,0.543160476,0.69027,0.42509,0.664075517,0.666670175,0.672483333,0.767113846,0.673827879,0.77599,0.732085429,0.571662679,0.547446563,0.354463125,0.6446425,0.638371667,0.633703636,0.608986875,0.676708889,0.659067377,0.696848222,0.6183956,0.55084,0.567903636,0.66797098,0.615109831,0.480965,0.494847778,0.76147,0.518891,0.776023333,0.703759535,0.732098947,0.623016667,0.591242222,0.601705714,0.5929,0.43991,0.396596667,0.397175833,0.687407143,0.667863333,0.656387368,0.621827857,0.504012222,0.541011905,0.54234,0.56782,0.692705,0.626242143,0.56125381,0.579666667,0.714998,0.721511818,0.755064,0.765606667
1238,0.664173333,0.59574,0.51773625,0.504165,0.468824286,0.530082,0.43931,0.308747867,0.564862105,0.333188286,0.727060714,0.352039524,0.49626,0.39541,0.636032069,0.660567193,0.670083333,0.744708462,0.629071515,0.75896,0.734561429,0.480156607,0.497590313,0.280883125,0.6366325,0.6360755,0.628374545,0.60517125,0.673455,0.620766721,0.682606222,0.5591253,0.43114,0.63874,0.669687255,0.618461525,0.318963333,0.472496667,0.692846,0.512779,0.783831667,0.698322791,0.648205263,0.622883333,0.615266667,0.606764286,0.56699,0.33962,0.30931,0.345375,0.679051429,0.64307,0.589277105,0.574387143,0.510201111,0.544823651,0.56567,0.58063,0.705081667,0.621871429,0.550550476,0.576218333,0.705547333,0.718585,0.7467552,0.75403
1239,0.668993333,0.64148,0.42239625,0.5604,0.584065714,0.439314,0.503656667,0.281619733,0.507728421,0.316889714,0.597458571,0.27935619,0.46988,0.41553,0.620907241,0.64044614,0.66552,0.722915385,0.561508788,0.72662,0.685359714,0.414969286,0.464610938,0.21174,0.643928333,0.638301,0.624379091,0.605655625,0.671391111,0.606471148,0.676954444,0.5382578,0.59731,0.566875,0.667402549,0.636806271,0.320286667,0.423363333,0.587684,0.391708,0.770781667,0.650022093,0.549182632,0.627626667,0.632682222,0.616962,0.46998,0.36344,0.328323333,0.311535833,0.671048571,0.64133,0.548533947,0.513266429,0.529128889,0.565373333,0.5834,0.610896,0.627655,0.620630357,0.496698571,0.527196667,0.660213333,0.703719091,0.7336852,0.733391667
1240,0.634433333,0.62955,0.315245,0.55132,0.471272857,0.367762,0.547493333,0.187801867,0.400095789,0.230701714,0.297805714,0.269895714,0.456975,0.22616,0.594741379,0.609622632,0.639756667,0.678646154,0.400298788,0.60906,0.614835429,0.329097143,0.372979688,0.14221625,0.617045,0.623922667,0.607725455,0.5563425,0.649969444,0.614968197,0.649587778,0.5167362,0.12118,0.52792,0.584730784,0.507139661,0.299026667,0.250827778,0.420184,0.195855,0.702346667,0.550102558,0.386183158,0.612206667,0.616876667,0.60692,0.50792,0.19447,0.35126,0.2613425,0.647357143,0.59355,0.571759474,0.546529286,0.505313333,0.555371111,0.57658,0.601872,0.360886667,0.580623571,0.526951429,0.486085,0.659684667,0.668676818,0.6976404,0.70004
1241,0.56438,0.61082,0.2301225,0.52566,0.329071429,0.195076,0.439966667,0.1324252,0.284318947,0.165353429,0.230620714,0.166942857,0.30271,0.14514,0.477795517,0.514913333,0.551033333,0.559647692,0.388459697,0.3531,0.524718857,0.2370175,0.250123438,0.107696875,0.53522,0.5531435,0.526615455,0.501765625,0.580608333,0.524617377,0.573607778,0.4608598,0.18426,0.473117727,0.512867059,0.430739831,0.242878333,0.098611111,0.34709,0.112802,0.565733333,0.450125349,0.285183684,0.524016667,0.511173333,0.492742571,0.35773,0.09052,0.252453333,0.130853333,0.579238571,0.550976667,0.513732105,0.499565714,0.409941111,0.452269841,0.4397,0.50667,0.323145,0.491418571,0.42048381,0.433568333,0.521318667,0.577532273,0.6048976,0.610901667
1242,0.516253333,0.61088,0.0,0.357125,0.294914286,0.126516,0.299246667,0.047885467,0.0,0.0,0.0,0.02370619,0.122665,0.0,0.293096552,0.261574737,0.3478,0.274352308,0.248013939,0.29679,0.349592857,0.057588929,0.057910313,5.56e-5,0.33556,0.357610833,0.369214545,0.35935,0.396206111,0.354097377,0.379190222,0.3288001,0.14203,0.348921364,0.356605882,0.299635763,0.0,0.0,0.0,0.0,0.0,0.168601628,0.146268421,0.307953333,0.203134444,0.201872571,0.0,0.0,0.0,0.0,0.327175714,0.402203333,0.329268684,0.376767143,0.000392222,0.153135556,0.0,0.188678,0.0,0.225147143,0.05537619,0.081876667,0.303544,0.366101818,0.3604288,0.342406667
1243,0.381863333,0.42384,0.0,0.180375,0.144827143,0.0652,0.0,0.0,0.0,0.0,0.0,0.0,0.0,0.0,0.0,0.0,0.0,0.0,0.0,0.0,0.0,0.0,0.0,0.0,0.0,0.0,0.0,0.0,0.0,0.0,0.0,0.0532247,0.04748,0.0,0.006425098,0.005012034,0.0,0.0,0.0,0.0,0.0,0.0,0.0,0.0,0.0,0.0,0.0,0.0,0.0,0.0,0.219542857,0.253693333,0.216053158,0.294969286,0.0,0.0,0.0,0.0,0.0,0.0,0.0,0.0,0.0,0.0,0.0,0.0
1244,0.0,0.0,0.0,0.0,0.0,0.0,0.0,0.0,0.0,0.0,0.0,0.0,0.0,0.0,0.0,0.0,0.0,0.0,0.0,0.0,0.0,0.0,0.0,0.0,0.0,0.0,0.0,0.0,0.0,0.0,0.0,0.0,0.0,0.0,0.0,0.0,0.0,0.0,0.0,0.0,0.0,0.0,0.0,0.0,0.0,0.0,0.0,0.0,0.0,0.0,0.0,0.0,0.0,0.0,0.0,0.0,0.0,0.0,0.0,0.0,0.0,0.0,0.0,0.0,0.0,0.0
1245,0.0,0.0,0.0,0.0,0.0,0.0,0.0,0.0,0.0,0.0,0.0,0.0,0.0,0.0,0.0,0.0,0.0,0.0,0.0,0.0,0.0,0.0,0.0,0.0,0.0,0.0,0.0,0.0,0.0,0.0,0.0,0.0,0.0,0.0,0.0,0.0,0.0,0.0,0.0,0.0,0.0,0.0,0.0,0.0,0.0,0.0,0.0,0.0,0.0,0.0,0.0,0.0,0.0,0.0,0.0,0.0,0.0,0.0,0.0,0.0,0.0,0.0,0.0,0.0,0.0,0.0
1246,0.0,0.0,0.0,0.0,0.0,0.0,0.0,0.0,0.0,0.0,0.0,0.0,0.0,0.0,0.0,0.0,0.0,0.0,0.0,0.0,0.0,0.0,0.0,0.0,0.0,0.0,0.0,0.0,0.0,0.0,0.0,0.0,0.0,0.0,0.0,0.0,0.0,0.0,0.0,0.0,0.0,0.0,0.0,0.0,0.0,0.0,0.0,0.0,0.0,0.0,0.0,0.0,0.0,0.0,0.0,0.0,0.0,0.0,0.0,0.0,0.0,0.0,0.0,0.0,0.0,0.0
1247,0.0,0.0,0.0,0.0,0.0,0.0,0.0,0.0,0.0,0.0,0.0,0.0,0.0,0.0,0.0,0.0,0.0,0.0,0.0,0.0,0.0,0.0,0.0,0.0,0.0,0.0,0.0,0.0,0.0,0.0,0.0,0.0,0.0,0.0,0.0,0.0,0.0,0.0,0.0,0.0,0.0,0.0,0.0,0.0,0.0,0.0,0.0,0.0,0.0,0.0,0.0,0.0,0.0,0.0,0.0,0.0,0.0,0.0,0.0,0.0,0.0,0.0,0.0,0.0,0.0,0.0
1248,0.0,0.0,0.0,0.0,0.0,0.0,0.0,0.0,0.0,0.0,0.0,0.0,0.0,0.0,0.0,0.0,0.0,0.0,0.0,0.0,0.0,0.0,0.0,0.0,0.0,0.0,0.0,0.0,0.0,0.0,0.0,0.0,0.0,0.0,0.0,0.0,0.0,0.0,0.0,0.0,0.0,0.0,0.0,0.0,0.0,0.0,0.0,0.0,0.0,0.0,0.0,0.0,0.0,0.0,0.0,0.0,0.0,0.0,0.0,0.0,0.0,0.0,0.0,0.0,0.0,0.0
1249,0.0,0.0,0.0,0.0,0.0,0.0,0.0,0.0,0.0,0.0,0.0,0.0,0.0,0.0,0.0,0.0,0.0,0.0,0.0,0.0,0.0,0.0,0.0,0.0,0.0,0.0,0.0,0.0,0.0,0.0,0.0,0.0,0.0,0.0,0.0,0.0,0.0,0.0,0.0,0.0,0.0,0.0,0.0,0.0,0.0,0.0,0.0,0.0,0.0,0.0,0.0,0.0,0.0,0.0,0.0,0.0,0.0,0.0,0.0,0.0,0.0,0.0,0.0,0.0,0.0,0.0
1250,0.0,0.0,0.0,0.0,0.0,0.0,0.0,0.0,0.0,0.0,0.0,0.0,0.0,0.0,0.0,0.0,0.0,0.0,0.0,0.0,0.0,0.0,0.0,0.0,0.0,0.0,0.0,0.0,0.0,0.0,0.0,0.0,0.0,0.0,0.0,0.0,0.0,0.0,0.0,0.0,0.0,0.0,0.0,0.0,0.0,0.0,0.0,0.0,0.0,0.0,0.0,0.0,0.0,0.0,0.0,0.0,0.0,0.0,0.0,0.0,0.0,0.0,0.0,0.0,0.0,0.0
1251,0.0,0.0,0.0,0.0,0.0,0.0,0.0,0.0,0.0,0.0,0.0,0.0,0.0,0.0,0.0,0.0,0.0,0.0,0.0,0.0,0.0,0.0,0.0,0.0,0.0,0.0,0.0,0.0,0.0,0.0,0.0,0.0,0.0,0.0,0.0,0.0,0.0,0.0,0.0,0.0,0.0,0.0,0.0,0.0,0.0,0.0,0.0,0.0,0.0,0.0,0.0,0.0,0.0,0.0,0.0,0.0,0.0,0.0,0.0,0.0,0.0,0.0,0.0,0.0,0.0,0.0
1252,0.0,0.0,0.0,0.0,0.0,0.0,0.0,0.0,0.0,0.0,0.0,0.0,0.0,0.0,0.0,0.0,0.0,0.0,0.0,0.0,0.0,0.0,0.0,0.0,0.0,0.0,0.0,0.0,0.0,0.0,0.0,0.0,0.0,0.0,0.0,0.0,0.0,0.0,0.0,0.0,0.0,0.0,0.0,0.0,0.0,0.0,0.0,0.0,0.0,0.0,0.0,0.0,0.0,0.0,0.0,0.0,0.0,0.0,0.0,0.0,0.0,0.0,0.0,0.0,0.0,0.0
1253,0.0,0.0,0.0,0.0,0.0,0.0,0.0,0.0,0.0,0.0,0.0,0.0,0.0,0.0,0.0,0.0,0.0,0.0,0.0,0.0,0.0,0.0,0.0,0.0,0.0,0.0,0.0,0.0,0.0,0.0,0.0,0.0,0.0,0.0,0.0,0.0,0.0,0.0,0.0,0.0,0.0,0.0,0.0,0.0,0.0,0.0,0.0,0.0,0.0,0.0,0.0,0.0,0.0,0.0,0.0,0.0,0.0,0.0,0.0,0.0,0.0,0.0,0.0,0.0,0.0,0.0
1254,0.0,0.0,0.0,0.0,0.0,0.0,0.0,0.0,0.0,0.0,0.0,0.0,0.0,0.0,0.0,0.0,0.0,0.0,0.0,0.0,0.0,0.0,0.0,0.0,0.0,0.0,0.0,0.0,0.0,0.0,0.0,0.0,0.0,0.0,0.0,0.0,0.0,0.0,0.0,0.0,0.0,0.0,0.0,0.0,0.0,0.0,0.0,0.0,0.0,0.0,0.0,0.0,0.0,0.0,0.0,0.0,0.0,0.0,0.0,0.0,0.0,0.0,0.0,0.0,0.0,0.0
1255,0.0,0.0,0.09172125,0.0,0.0,0.0,0.0,0.040953867,0.181652105,0.097053714,0.129393571,0.251354762,0.260205,0.0,0.0,0.0,0.0,0.078279231,0.305471515,0.34762,0.169495429,2.68e-5,0.0,0.013559375,0.0,0.0,0.0,0.0,0.0,0.0,0.0,0.0,0.0,0.101646818,0.0,0.029685254,0.137913333,0.076927778,0.13874,0.034922,0.085313333,0.260666279,0.278448947,0.0,0.0,0.0,0.0,0.0,0.197253333,0.225474167,0.0,0.0,0.0,0.0,0.0,0.0,0.0,0.0,0.14565,0.0,0.0,0.0,2.27e-5,0.0,0.0,0.0
1256,0.0,0.0,0.10797,0.055675,0.00451,0.054258,0.185186667,0.258440667,0.373439474,0.208174857,0.279100714,0.511955714,0.444135,0.51472,0.340028966,0.328622281,0.356273333,0.58284,0.487238182,0.59695,0.558303429,0.271838393,0.298419063,0.36731625,0.327930833,0.1613985,0.090166364,0.00021,0.346570556,0.22732623,0.365682667,0.155606,0.29759,0.388655455,0.325488235,0.334685254,0.217533333,0.246271111,0.217216,0.044417,0.189416667,0.55174093,0.549771053,0.321263333,0.147646667,0.121883143,0.3339,0.45021,0.502243333,0.388045,0.0,0.0,6.32e-6,0.001337857,0.000313333,6.22e-5,0.00077,0.000486,0.30994,0.278901071,0.271715714,0.287446667,0.505392667,0.465093182,0.5027684,0.537433333
1257,0.39638,0.3839,0.1378225,0.16913,0.143994286,0.117382,0.417793333,0.374955067,0.496206316,0.325568,0.362380714,0.559884286,0.545185,0.63282,0.562881379,0.556480351,0.570103333,0.706132308,0.650906061,0.68757,0.664810571,0.42253375,0.419871875,0.50363,0.54287,0.4971675,0.382069091,0.336416875,0.560463333,0.505799016,0.571615333,0.4822357,0.44074,0.450541818,0.529927059,0.495945932,0.383083333,0.295846667,0.247782,0.096162,0.220686667,0.669906744,0.661054737,0.53735,0.304247778,0.484428571,0.5445,0.62219,0.533073333,0.475621667,0.164528571,0.426213333,0.357543684,0.032251429,0.371026667,0.260553333,0.02601,0.173564,0.421423333,0.442968929,0.449691905,0.448166667,0.670406,0.639967727,0.6780892,0.689171667
1258,0.586413333,0.58229,0.17199625,0.400265,0.299195714,0.236982,0.557296667,0.4395048,0.499291579,0.327790571,0.334871429,0.542428571,0.55793,0.65099,0.657245862,0.634474912,0.654343333,0.766956154,0.717831818,0.76922,0.716477714,0.538499107,0.482825625,0.56482625,0.639699167,0.590253167,0.450544545,0.38168,0.656836667,0.603095738,0.656549111,0.6041054,0.43494,0.550626818,0.652133725,0.588342203,0.469813333,0.366575556,0.250794,0.143735,0.198131667,0.670846744,0.678931579,0.631443333,0.493892222,0.594001429,0.63411,0.63669,0.57307,0.547065833,0.435037143,0.504716667,0.556753947,0.085105,0.490362222,0.358248571,0.5752,0.365096,0.307956667,0.539845357,0.565962857,0.575075,0.734248,0.708713182,0.7403956,0.740951667
1259,0.652813333,0.66989,0.23279,0.493785,0.428415714,0.363514,0.595496667,0.469504933,0.529091579,0.339666571,0.401947143,0.58144381,0.57383,0.63669,0.668699655,0.662022807,0.682106667,0.779531538,0.722672121,0.77429,0.74473,0.554944821,0.511940938,0.51076125,0.651648333,0.631367667,0.502105455,0.4637675,0.689130556,0.647443934,0.691086889,0.6655864,0.53281,0.652329091,0.68035549,0.660253559,0.561515,0.383724444,0.308208,0.248628,0.185415,0.671443488,0.658695789,0.64794,0.627607778,0.640137143,0.61661,0.62461,0.582966667,0.566973333,0.627995714,0.65124,0.653115526,0.191062857,0.526122222,0.387417143,0.60449,0.49699,0.235336667,0.572864643,0.593649048,0.640381667,0.723172,0.727620909,0.7573504,0.769476667
1260,0.68075,0.68985,0.2491375,0.54203,0.526085714,0.461238,0.634193333,0.454755333,0.505402632,0.353750857,0.385212857,0.565527143,0.61623,0.58445,0.639385862,0.660223333,0.67892,0.773608462,0.701688788,0.78036,0.722167429,0.571800179,0.524804688,0.449124375,0.642230833,0.622504833,0.529191818,0.49923125,0.692797222,0.661617869,0.690991778,0.6802081,0.60723,0.693147273,0.702389216,0.66698678,0.528506667,0.405413333,0.274752,0.28958,0.211825,0.631386977,0.586596842,0.633513333,0.625724444,0.62577,0.62757,0.58457,0.577306667,0.624290833,0.682285714,0.672273333,0.675359211,0.203082143,0.500506667,0.379616825,0.58722,0.552534,0.243633333,0.569618214,0.595082381,0.625676667,0.706840667,0.726267727,0.755576,0.76989
1261,0.633873333,0.58161,0.317545,0.552765,0.520162857,0.519704,0.602206667,0.439880933,0.444375789,0.344619429,0.473422143,0.597431429,0.58964,0.58252,0.622472069,0.625359474,0.680563333,0.764272308,0.663326667,0.76842,0.704752857,0.5501275,0.543637813,0.39496875,0.638573333,0.606406667,0.519297273,0.496953125,0.689237222,0.645623279,0.694055333,0.6704263,0.62195,0.686248636,0.701693922,0.67335678,0.532448333,0.444795556,0.278686,0.282044,0.237136667,0.609417442,0.572701053,0.62044,0.620991111,0.61292,0.58562,0.5081,0.599706667,0.658630833,0.674601429,0.66215,0.606184211,0.343338571,0.494518889,0.367312222,0.57877,0.577906,0.269253333,0.585017857,0.611204762,0.612508333,0.667601333,0.713592273,0.749094,0.764175
1262,0.648403333,0.55103,0.2275725,0.586105,0.547485714,0.560684,0.60566,0.440175067,0.333616316,0.291280286,0.447842857,0.550009048,0.563145,0.53991,0.58507931,0.582112632,0.672716667,0.752291538,0.543606364,0.62099,0.663196857,0.478768214,0.519397188,0.315505,0.6330025,0.605147,0.515403636,0.5006425,0.678196667,0.654035738,0.689061111,0.6567436,0.66111,0.638874545,0.695555294,0.674627458,0.512036667,0.42659,0.161806,0.297277,0.154753333,0.525915349,0.446028947,0.619896667,0.622491111,0.614923429,0.59988,0.45481,0.582456667,0.577848333,0.665077143,0.62213,0.605322632,0.422239286,0.482135556,0.349882857,0.58746,0.590786,0.190861667,0.560974643,0.591147143,0.5809,0.640512,0.693656818,0.7401512,0.754321667
1263,0.603396667,0.57643,0.2057575,0.50124,0.523732857,0.585436,0.607006667,0.416424667,0.324158947,0.230748857,0.429513571,0.598492381,0.55484,0.52298,0.55993,0.545818772,0.639273333,0.73055,0.491545455,0.55894,0.643393429,0.387495893,0.473998125,0.19924625,0.621318333,0.598867333,0.520790909,0.515521875,0.676431111,0.643065902,0.678938889,0.6371411,0.65856,0.60046,0.693858431,0.632769492,0.482975,0.469055556,0.151524,0.27861,0.122628333,0.487628372,0.527030526,0.623766667,0.6216,0.624017143,0.56631,0.47372,0.564506667,0.580938333,0.612801429,0.637236667,0.548531053,0.397144286,0.447075556,0.314007619,0.58774,0.599608,0.117241667,0.540578571,0.567625238,0.56442,0.639710667,0.663423182,0.7238108,0.684375
1264,0.520553333,0.59379,0.0551525,0.587725,0.496371429,0.581916,0.61872,0.383128,0.231313684,0.175480286,0.261969286,0.517243333,0.52123,0.18112,0.523516897,0.483074035,0.637886667,0.516456154,0.376697879,0.16456,0.379657429,0.287813571,0.343495313,0.11349375,0.608925,0.601558167,0.494975455,0.50600375,0.651075556,0.613167049,0.655030222,0.5972991,0.48485,0.526791364,0.655458235,0.558850508,0.440366667,0.383471111,0.096042,0.161916,0.104705,0.31685,0.363310526,0.6041,0.602961111,0.611869143,0.49692,0.47101,0.542016667,0.485064167,0.543595714,0.48092,0.507300263,0.344075714,0.367856667,0.254105714,0.55731,0.592262,0.067938333,0.492002857,0.52355381,0.558341667,0.643448,0.640121364,0.6632932,0.357603333
1265,0.464616667,0.58532,0.0063275,0.40298,0.48534,0.524596,0.40342,0.324121333,0.091956842,0.090294286,0.17915,0.323780476,0.42562,0.02089,0.439034138,0.388211053,0.54237,0.339943077,0.239296061,0.17296,0.257398286,0.187435536,0.263643125,0.050624375,0.520766667,0.523975833,0.432920909,0.444299375,0.579517778,0.532335738,0.569792444,0.5383839,0.59501,0.435520455,0.577570588,0.470457797,0.219355,0.207148889,0.094696,0.107451,0.070763333,0.239253721,0.244489474,0.51748,0.479381111,0.495716286,0.36019,0.36274,0.309643333,0.2879825,0.525011429,0.30062,0.466687105,0.370835714,0.247054444,0.16687254,0.45284,0.50462,0.028333333,0.3721225,0.426493333,0.420446667,0.509164,0.545871818,0.5732968,0.244505
1266,0.3624,0.55171,0.0,0.390075,0.421991429,0.484126,0.334703333,0.099730267,0.0,0.0,0.0,0.025220952,0.126755,0.0,0.27462069,0.208785088,0.354453333,0.131979231,0.172212727,0.17082,0.207692286,0.055958214,0.041275,7.5e-5,0.33077,0.3464365,0.297582727,0.289111875,0.394341111,0.36084623,0.385556,0.401537,0.34243,0.317437273,0.395410392,0.326364237,0.0,0.0,0.0,0.0,0.0,0.101873256,0.106987895,0.314616667,0.191481111,0.205216286,0.0,0.0,0.0,0.0,0.322507143,0.27852,0.353495789,0.20512,2.22e-5,0.036177619,0.0,0.19343,0.0,0.167028571,0.057731429,0.09021,0.298097333,0.350593182,0.3440636,0.116598333
1267,0.244226667,0.23035,0.0,0.27199,0.244961429,0.23987,0.0,0.0,0.0,0.0,0.0,0.0,0.0,0.0,0.0,0.0,0.0,0.0,0.0,0.0,0.0,0.0,0.0,0.0,0.0,0.0,0.0,0.0,0.0,0.0,0.0,0.0691584,0.3046,0.0,0.010992745,0.040179492,0.0,0.0,0.0,0.0,0.0,0.0,0.0,0.0,0.0,0.0,0.0,0.0,0.0,0.0,0.231008571,0.14025,0.214137895,0.104896429,0.0,0.0,0.0,0.0,0.0,0.0,0.0,0.0,0.0,0.0,0.0,0.0
1268,0.0,0.0,0.0,0.0,0.0,0.0,0.0,0.0,0.0,0.0,0.0,0.0,0.0,0.0,0.0,0.0,0.0,0.0,0.0,0.0,0.0,0.0,0.0,0.0,0.0,0.0,0.0,0.0,0.0,0.0,0.0,0.0,0.0,0.0,0.0,0.0,0.0,0.0,0.0,0.0,0.0,0.0,0.0,0.0,0.0,0.0,0.0,0.0,0.0,0.0,0.0,0.0,0.0,0.0,0.0,0.0,0.0,0.0,0.0,0.0,0.0,0.0,0.0,0.0,0.0,0.0
1269,0.0,0.0,0.0,0.0,0.0,0.0,0.0,0.0,0.0,0.0,0.0,0.0,0.0,0.0,0.0,0.0,0.0,0.0,0.0,0.0,0.0,0.0,0.0,0.0,0.0,0.0,0.0,0.0,0.0,0.0,0.0,0.0,0.0,0.0,0.0,0.0,0.0,0.0,0.0,0.0,0.0,0.0,0.0,0.0,0.0,0.0,0.0,0.0,0.0,0.0,0.0,0.0,0.0,0.0,0.0,0.0,0.0,0.0,0.0,0.0,0.0,0.0,0.0,0.0,0.0,0.0
1270,0.0,0.0,0.0,0.0,0.0,0.0,0.0,0.0,0.0,0.0,0.0,0.0,0.0,0.0,0.0,0.0,0.0,0.0,0.0,0.0,0.0,0.0,0.0,0.0,0.0,0.0,0.0,0.0,0.0,0.0,0.0,0.0,0.0,0.0,0.0,0.0,0.0,0.0,0.0,0.0,0.0,0.0,0.0,0.0,0.0,0.0,0.0,0.0,0.0,0.0,0.0,0.0,0.0,0.0,0.0,0.0,0.0,0.0,0.0,0.0,0.0,0.0,0.0,0.0,0.0,0.0
1271,0.0,0.0,0.0,0.0,0.0,0.0,0.0,0.0,0.0,0.0,0.0,0.0,0.0,0.0,0.0,0.0,0.0,0.0,0.0,0.0,0.0,0.0,0.0,0.0,0.0,0.0,0.0,0.0,0.0,0.0,0.0,0.0,0.0,0.0,0.0,0.0,0.0,0.0,0.0,0.0,0.0,0.0,0.0,0.0,0.0,0.0,0.0,0.0,0.0,0.0,0.0,0.0,0.0,0.0,0.0,0.0,0.0,0.0,0.0,0.0,0.0,0.0,0.0,0.0,0.0,0.0
1272,0.0,0.0,0.0,0.0,0.0,0.0,0.0,0.0,0.0,0.0,0.0,0.0,0.0,0.0,0.0,0.0,0.0,0.0,0.0,0.0,0.0,0.0,0.0,0.0,0.0,0.0,0.0,0.0,0.0,0.0,0.0,0.0,0.0,0.0,0.0,0.0,0.0,0.0,0.0,0.0,0.0,0.0,0.0,0.0,0.0,0.0,0.0,0.0,0.0,0.0,0.0,0.0,0.0,0.0,0.0,0.0,0.0,0.0,0.0,0.0,0.0,0.0,0.0,0.0,0.0,0.0
1273,0.0,0.0,0.0,0.0,0.0,0.0,0.0,0.0,0.0,0.0,0.0,0.0,0.0,0.0,0.0,0.0,0.0,0.0,0.0,0.0,0.0,0.0,0.0,0.0,0.0,0.0,0.0,0.0,0.0,0.0,0.0,0.0,0.0,0.0,0.0,0.0,0.0,0.0,0.0,0.0,0.0,0.0,0.0,0.0,0.0,0.0,0.0,0.0,0.0,0.0,0.0,0.0,0.0,0.0,0.0,0.0,0.0,0.0,0.0,0.0,0.0,0.0,0.0,0.0,0.0,0.0
1274,0.0,0.0,0.0,0.0,0.0,0.0,0.0,0.0,0.0,0.0,0.0,0.0,0.0,0.0,0.0,0.0,0.0,0.0,0.0,0.0,0.0,0.0,0.0,0.0,0.0,0.0,0.0,0.0,0.0,0.0,0.0,0.0,0.0,0.0,0.0,0.0,0.0,0.0,0.0,0.0,0.0,0.0,0.0,0.0,0.0,0.0,0.0,0.0,0.0,0.0,0.0,0.0,0.0,0.0,0.0,0.0,0.0,0.0,0.0,0.0,0.0,0.0,0.0,0.0,0.0,0.0
1275,0.0,0.0,0.0,0.0,0.0,0.0,0.0,0.0,0.0,0.0,0.0,0.0,0.0,0.0,0.0,0.0,0.0,0.0,0.0,0.0,0.0,0.0,0.0,0.0,0.0,0.0,0.0,0.0,0.0,0.0,0.0,0.0,0.0,0.0,0.0,0.0,0.0,0.0,0.0,0.0,0.0,0.0,0.0,0.0,0.0,0.0,0.0,0.0,0.0,0.0,0.0,0.0,0.0,0.0,0.0,0.0,0.0,0.0,0.0,0.0,0.0,0.0,0.0,0.0,0.0,0.0
1276,0.0,0.0,0.0,0.0,0.0,0.0,0.0,0.0,0.0,0.0,0.0,0.0,0.0,0.0,0.0,0.0,0.0,0.0,0.0,0.0,0.0,0.0,0.0,0.0,0.0,0.0,0.0,0.0,0.0,0.0,0.0,0.0,0.0,0.0,0.0,0.0,0.0,0.0,0.0,0.0,0.0,0.0,0.0,0.0,0.0,0.0,0.0,0.0,0.0,0.0,0.0,0.0,0.0,0.0,0.0,0.0,0.0,0.0,0.0,0.0,0.0,0.0,0.0,0.0,0.0,0.0
1277,0.0,0.0,0.0,0.0,0.0,0.0,0.0,0.0,0.0,0.0,0.0,0.0,0.0,0.0,0.0,0.0,0.0,0.0,0.0,0.0,0.0,0.0,0.0,0.0,0.0,0.0,0.0,0.0,0.0,0.0,0.0,0.0,0.0,0.0,0.0,0.0,0.0,0.0,0.0,0.0,0.0,0.0,0.0,0.0,0.0,0.0,0.0,0.0,0.0,0.0,0.0,0.0,0.0,0.0,0.0,0.0,0.0,0.0,0.0,0.0,0.0,0.0,0.0,0.0,0.0,0.0
1278,0.0,0.0,0.0,0.0,0.0,0.0,0.0,0.0,0.0,0.0,0.0,0.0,0.0,0.0,0.0,0.0,0.0,0.0,0.0,0.0,0.0,0.0,0.0,0.0,0.0,0.0,0.0,0.0,0.0,0.0,0.0,0.0,0.0,0.0,0.0,0.0,0.0,0.0,0.0,0.0,0.0,0.0,0.0,0.0,0.0,0.0,0.0,0.0,0.0,0.0,0.0,0.0,0.0,0.0,0.0,0.0,0.0,0.0,0.0,0.0,0.0,0.0,0.0,0.0,0.0,0.0
1279,0.0,0.0,0.19502,0.0,0.0,0.0,0.0,0.0670392,0.047305263,0.034462286,0.090894286,0.257494762,0.22617,0.0,0.0,0.0,0.0,0.059143846,0.199,0.11471,0.110791429,2.73e-5,0.0,0.014840625,0.0,0.0,0.0,0.0,0.0,0.0,0.0,0.0,0.0,0.063930909,0.0,0.01485661,0.365846667,0.100647778,0.179144,0.122917,0.028466667,0.237092558,0.242065789,0.0,0.0,0.0,0.0,0.0,0.2972,0.391138333,0.0,0.0,0.0,0.0,0.0,0.0,0.0,0.0,0.07853,0.0,0.0,0.0,4.0e-6,0.0,0.0,0.0
1280,0.0,0.0,0.30785375,0.10763,0.061547143,0.282552,0.317403333,0.4355132,0.129416316,0.098641429,0.201602857,0.534151429,0.45125,0.20934,0.353133103,0.334281053,0.389766667,0.40874,0.324417879,0.21507,0.330611429,0.359929464,0.344042188,0.130000625,0.314259167,0.1621865,0.109184545,0.00031875,0.351038333,0.243471967,0.361172222,0.1598165,0.35106,0.207755,0.312042157,0.250992034,0.576473333,0.372454444,0.28798,0.26134,0.071361667,0.464285116,0.445776316,0.319903333,0.197893333,0.142890286,0.42451,0.43126,0.591043333,0.500543333,0.0,0.0,8.95e-6,0.062549286,0.000138889,3.84e-5,0.00117,0.000718,0.173018333,0.23739,0.203541429,0.26468,0.507808667,0.429722273,0.2925088,0.150898333
1281,0.379583333,0.33416,0.42952125,0.148245,0.253958571,0.481368,0.4364,0.544953867,0.181943158,0.184767714,0.395973571,0.58816,0.621465,0.21407,0.562506552,0.579129474,0.582013333,0.576927692,0.499710909,0.44451,0.455653429,0.529517321,0.510940625,0.3275625,0.533513333,0.508751333,0.41358,0.344060625,0.572838889,0.520527049,0.565531778,0.4891415,0.52959,0.296107727,0.515546078,0.404124407,0.61916,0.505943333,0.444138,0.439425,0.202116667,0.57173186,0.590412105,0.533766667,0.430898889,0.525655429,0.57153,0.5817,0.580513333,0.550859167,0.257195714,0.42223,0.394274737,0.176102143,0.122676667,0.111027778,0.02094,0.537666,0.227123333,0.386711429,0.32153381,0.371991667,0.661037333,0.61356,0.5028228,0.341755
1282,0.571633333,0.54134,0.49041,0.46185,0.45767,0.617332,0.453923333,0.580170133,0.362443158,0.257741429,0.416948571,0.640205238,0.583525,0.26159,0.633338276,0.647933333,0.659013333,0.659829231,0.602757576,0.58929,0.580081143,0.58685,0.571546563,0.42824875,0.619363333,0.619184333,0.470437273,0.4467925,0.658187222,0.624558197,0.643292444,0.6132926,0.59575,0.384667727,0.605392745,0.499875932,0.545383333,0.532136667,0.500132,0.516445,0.272956667,0.579053488,0.562532632,0.61651,0.558231111,0.616674571,0.606,0.60726,0.59228,0.557735,0.463068571,0.583063333,0.585827105,0.259718571,0.179413333,0.151851111,0.585,0.60085,0.364023333,0.469735,0.434458571,0.475746667,0.723337333,0.694233636,0.6496,0.61416
1283,0.634026667,0.60078,0.4554025,0.61383,0.609218571,0.660004,0.609116667,0.582271333,0.390777368,0.346441143,0.440982857,0.634934286,0.625275,0.321,0.661480345,0.683280702,0.685266667,0.713447692,0.623938485,0.65928,0.657473714,0.62483125,0.592439063,0.5420025,0.652541667,0.642224833,0.527864545,0.493675625,0.682746667,0.662275246,0.670397111,0.6599165,0.67967,0.496958182,0.656258824,0.586789153,0.467063333,0.591798889,0.529502,0.483994,0.442616667,0.554006744,0.597921053,0.638446667,0.62525,0.621372571,0.54922,0.62269,0.519583333,0.618015833,0.632685714,0.629746667,0.661750526,0.496155714,0.253875556,0.206875873,0.61111,0.59317,0.491768333,0.511245,0.463320952,0.528081667,0.731024,0.716695909,0.6895224,0.678828333
1284,0.655816667,0.63572,0.45859625,0.659775,0.653637143,0.672148,0.548996667,0.550406,0.40962,0.366216286,0.555236429,0.64120619,0.688825,0.38382,0.667803793,0.686578772,0.684763333,0.722653846,0.597520909,0.56911,0.582345714,0.620538036,0.583839375,0.49904,0.642903333,0.635523,0.54939,0.549983125,0.687211667,0.669917869,0.678782444,0.6765418,0.6525,0.425745,0.681371176,0.628298136,0.5383,0.566093333,0.499516,0.507761,0.577773333,0.538710465,0.643592105,0.62565,0.606205556,0.611827143,0.60369,0.59846,0.552986667,0.6212125,0.652644286,0.612326667,0.673532368,0.549720714,0.266586667,0.24697619,0.55152,0.585784,0.482988333,0.519441786,0.49604381,0.505486667,0.729665333,0.718921364,0.7191924,0.672691667
1285,0.661796667,0.69058,0.49016375,0.57043,0.595114286,0.680104,0.48037,0.495960933,0.438711053,0.409215429,0.613726429,0.676932857,0.7172,0.42964,0.662596552,0.672810175,0.6797,0.69604,0.618594848,0.56681,0.57623,0.615662321,0.51610375,0.508148125,0.638348333,0.624835,0.576733636,0.54494125,0.6834,0.667247049,0.677153556,0.6750771,0.72433,0.484345455,0.682710392,0.650421186,0.601758333,0.61673,0.573858,0.535985,0.5527,0.507034884,0.636537895,0.61037,0.586333333,0.601598286,0.5879,0.56792,0.618173333,0.599588333,0.636901429,0.67096,0.654691316,0.618802857,0.28145,0.238862381,0.54821,0.578332,0.555688333,0.510711429,0.449054762,0.500011667,0.715746667,0.710445455,0.7212792,0.664635
1286,0.670996667,0.66893,0.44968875,0.58729,0.562021429,0.624754,0.362813333,0.452691867,0.429015789,0.395191429,0.643335,0.673701429,0.66711,0.43791,0.648367241,0.656251228,0.6746,0.660526154,0.633342424,0.53187,0.570008,0.61716625,0.492243125,0.530428125,0.62626,0.614625333,0.573353636,0.539058125,0.680167778,0.665565738,0.675331111,0.66962,0.65907,0.425069545,0.64301,0.615794068,0.681751667,0.589864444,0.5901,0.503705,0.653495,0.520883953,0.643627368,0.61618,0.607652222,0.607248571,0.61771,0.61408,0.689253333,0.6652625,0.531264286,0.643186667,0.631650526,0.574715,0.258572222,0.1898,0.50383,0.588334,0.480285,0.535746786,0.45411,0.491326667,0.711149333,0.703928182,0.7088,0.590243333
1287,0.648163333,0.6354,0.47592875,0.581415,0.587045714,0.567624,0.436263333,0.372613733,0.365575263,0.395590571,0.660119286,0.672798571,0.66696,0.42715,0.630942069,0.631104211,0.664663333,0.662453077,0.609909394,0.63331,0.54083,0.596095357,0.497351875,0.51904875,0.6102825,0.6180055,0.569170909,0.542919375,0.672646667,0.650635082,0.652820222,0.6595548,0.54675,0.349515909,0.550976078,0.561094068,0.659775,0.516688889,0.516724,0.455806,0.565885,0.518837442,0.581898947,0.624606667,0.569246667,0.601526,0.57739,0.51131,0.692236667,0.56164,0.54835,0.555036667,0.608832632,0.488071429,0.209366667,0.171958571,0.53285,0.574634,0.362061667,0.480456786,0.437501905,0.493173333,0.65812,0.676277273,0.6501284,0.514031667
1288,0.548953333,0.5,0.26118625,0.52795,0.626135714,0.597644,0.390433333,0.282748533,0.397442105,0.348745429,0.551672857,0.561788095,0.51927,0.33745,0.597994138,0.608775789,0.63298,0.472935385,0.582045758,0.59743,0.538661143,0.536524286,0.408769375,0.436215,0.592169167,0.588238667,0.504480909,0.494658125,0.65155,0.638489836,0.626910444,0.6423608,0.66711,0.334082273,0.522047843,0.527490169,0.512401667,0.513108889,0.47291,0.360191,0.45115,0.417966977,0.532835263,0.61059,0.581081111,0.571346857,0.43675,0.39818,0.561416667,0.5159375,0.596434286,0.537456667,0.607131579,0.540831429,0.128601111,0.113915873,0.34146,0.365598,0.317703333,0.464638214,0.42322619,0.457526667,0.593422,0.646256818,0.5224728,0.323783333
1289,0.533473333,0.47158,0.111795,0.527785,0.560965714,0.450624,0.250473333,0.179956,0.197782105,0.218404857,0.391838571,0.382989524,0.469005,0.23269,0.466412759,0.508035088,0.548836667,0.34255,0.442680606,0.54385,0.416453429,0.432735893,0.343169688,0.271020625,0.477963333,0.538177833,0.50808,0.49018625,0.579177778,0.559118361,0.550186,0.5831143,0.51453,0.144980909,0.373927255,0.404438983,0.37071,0.265877778,0.331244,0.21655,0.3175,0.289235814,0.397517895,0.524306667,0.473276667,0.473008571,0.34231,0.31645,0.38023,0.312285,0.561472857,0.49149,0.560492368,0.368168571,0.08768,0.083855238,0.33583,0.34867,0.138903333,0.34106,0.295843333,0.373626667,0.384338,0.517815909,0.3588596,0.233298333
1290,0.440863333,0.494,0.0,0.386525,0.453855714,0.34836,0.100616667,0.0454876,0.0,0.0,0.000124286,0.039995238,0.136835,0.0,0.266602414,0.269656316,0.347076667,0.169801538,0.244306061,0.38076,0.255265143,0.086536607,0.0832475,2.81e-5,0.3097025,0.3431215,0.366254545,0.344930625,0.395697778,0.38542623,0.369105333,0.4438521,0.3482,0.069129091,0.230230392,0.246890847,0.0,0.0,0.0,0.0,0.0,0.105956279,0.165573158,0.320593333,0.190476667,0.189476,0.0,0.0,0.0,0.0,0.429285714,0.320803333,0.467351053,0.308133571,7.78e-6,0.022158571,0.0,0.102074,0.0,0.179353571,0.049466667,0.076425,0.164501333,0.326950455,0.1617004,0.144458333
1291,0.259446667,0.3186,0.0,0.203655,0.302762857,0.187262,0.0,0.0,0.0,0.0,0.0,0.0,0.0,0.0,0.0,0.0,0.0,0.0,0.0,0.0,0.0,0.0,0.0,0.0,0.0,0.0,0.0,0.0,0.0,0.0,0.0,0.0759922,0.18044,0.0,0.00928902,0.031753898,0.0,0.0,0.0,0.0,0.0,0.0,0.0,0.0,0.0,0.0,0.0,0.0,0.0,0.0,0.243445714,0.223223333,0.279058158,0.1709,0.0,0.0,0.0,0.0,0.0,0.0,0.0,0.0,0.0,0.0,0.0,0.0
1292,0.0,0.0,0.0,0.0,0.0,0.0,0.0,0.0,0.0,0.0,0.0,0.0,0.0,0.0,0.0,0.0,0.0,0.0,0.0,0.0,0.0,0.0,0.0,0.0,0.0,0.0,0.0,0.0,0.0,0.0,0.0,0.0,0.0,0.0,0.0,0.0,0.0,0.0,0.0,0.0,0.0,0.0,0.0,0.0,0.0,0.0,0.0,0.0,0.0,0.0,0.0,0.0,0.0,0.0,0.0,0.0,0.0,0.0,0.0,0.0,0.0,0.0,0.0,0.0,0.0,0.0
1293,0.0,0.0,0.0,0.0,0.0,0.0,0.0,0.0,0.0,0.0,0.0,0.0,0.0,0.0,0.0,0.0,0.0,0.0,0.0,0.0,0.0,0.0,0.0,0.0,0.0,0.0,0.0,0.0,0.0,0.0,0.0,0.0,0.0,0.0,0.0,0.0,0.0,0.0,0.0,0.0,0.0,0.0,0.0,0.0,0.0,0.0,0.0,0.0,0.0,0.0,0.0,0.0,0.0,0.0,0.0,0.0,0.0,0.0,0.0,0.0,0.0,0.0,0.0,0.0,0.0,0.0
1294,0.0,0.0,0.0,0.0,0.0,0.0,0.0,0.0,0.0,0.0,0.0,0.0,0.0,0.0,0.0,0.0,0.0,0.0,0.0,0.0,0.0,0.0,0.0,0.0,0.0,0.0,0.0,0.0,0.0,0.0,0.0,0.0,0.0,0.0,0.0,0.0,0.0,0.0,0.0,0.0,0.0,0.0,0.0,0.0,0.0,0.0,0.0,0.0,0.0,0.0,0.0,0.0,0.0,0.0,0.0,0.0,0.0,0.0,0.0,0.0,0.0,0.0,0.0,0.0,0.0,0.0
1295,0.0,0.0,0.0,0.0,0.0,0.0,0.0,0.0,0.0,0.0,0.0,0.0,0.0,0.0,0.0,0.0,0.0,0.0,0.0,0.0,0.0,0.0,0.0,0.0,0.0,0.0,0.0,0.0,0.0,0.0,0.0,0.0,0.0,0.0,0.0,0.0,0.0,0.0,0.0,0.0,0.0,0.0,0.0,0.0,0.0,0.0,0.0,0.0,0.0,0.0,0.0,0.0,0.0,0.0,0.0,0.0,0.0,0.0,0.0,0.0,0.0,0.0,0.0,0.0,0.0,0.0
1296,0.0,0.0,0.0,0.0,0.0,0.0,0.0,0.0,0.0,0.0,0.0,0.0,0.0,0.0,0.0,0.0,0.0,0.0,0.0,0.0,0.0,0.0,0.0,0.0,0.0,0.0,0.0,0.0,0.0,0.0,0.0,0.0,0.0,0.0,0.0,0.0,0.0,0.0,0.0,0.0,0.0,0.0,0.0,0.0,0.0,0.0,0.0,0.0,0.0,0.0,0.0,0.0,0.0,0.0,0.0,0.0,0.0,0.0,0.0,0.0,0.0,0.0,0.0,0.0,0.0,0.0
1297,0.0,0.0,0.0,0.0,0.0,0.0,0.0,0.0,0.0,0.0,0.0,0.0,0.0,0.0,0.0,0.0,0.0,0.0,0.0,0.0,0.0,0.0,0.0,0.0,0.0,0.0,0.0,0.0,0.0,0.0,0.0,0.0,0.0,0.0,0.0,0.0,0.0,0.0,0.0,0.0,0.0,0.0,0.0,0.0,0.0,0.0,0.0,0.0,0.0,0.0,0.0,0.0,0.0,0.0,0.0,0.0,0.0,0.0,0.0,0.0,0.0,0.0,0.0,0.0,0.0,0.0
1298,0.0,0.0,0.0,0.0,0.0,0.0,0.0,0.0,0.0,0.0,0.0,0.0,0.0,0.0,0.0,0.0,0.0,0.0,0.0,0.0,0.0,0.0,0.0,0.0,0.0,0.0,0.0,0.0,0.0,0.0,0.0,0.0,0.0,0.0,0.0,0.0,0.0,0.0,0.0,0.0,0.0,0.0,0.0,0.0,0.0,0.0,0.0,0.0,0.0,0.0,0.0,0.0,0.0,0.0,0.0,0.0,0.0,0.0,0.0,0.0,0.0,0.0,0.0,0.0,0.0,0.0
1299,0.0,0.0,0.0,0.0,0.0,0.0,0.0,0.0,0.0,0.0,0.0,0.0,0.0,0.0,0.0,0.0,0.0,0.0,0.0,0.0,0.0,0.0,0.0,0.0,0.0,0.0,0.0,0.0,0.0,0.0,0.0,0.0,0.0,0.0,0.0,0.0,0.0,0.0,0.0,0.0,0.0,0.0,0.0,0.0,0.0,0.0,0.0,0.0,0.0,0.0,0.0,0.0,0.0,0.0,0.0,0.0,0.0,0.0,0.0,0.0,0.0,0.0,0.0,0.0,0.0,0.0
1300,0.0,0.0,0.0,0.0,0.0,0.0,0.0,0.0,0.0,0.0,0.0,0.0,0.0,0.0,0.0,0.0,0.0,0.0,0.0,0.0,0.0,0.0,0.0,0.0,0.0,0.0,0.0,0.0,0.0,0.0,0.0,0.0,0.0,0.0,0.0,0.0,0.0,0.0,0.0,0.0,0.0,0.0,0.0,0.0,0.0,0.0,0.0,0.0,0.0,0.0,0.0,0.0,0.0,0.0,0.0,0.0,0.0,0.0,0.0,0.0,0.0,0.0,0.0,0.0,0.0,0.0
1301,0.0,0.0,0.0,0.0,0.0,0.0,0.0,0.0,0.0,0.0,0.0,0.0,0.0,0.0,0.0,0.0,0.0,0.0,0.0,0.0,0.0,0.0,0.0,0.0,0.0,0.0,0.0,0.0,0.0,0.0,0.0,0.0,0.0,0.0,0.0,0.0,0.0,0.0,0.0,0.0,0.0,0.0,0.0,0.0,0.0,0.0,0.0,0.0,0.0,0.0,0.0,0.0,0.0,0.0,0.0,0.0,0.0,0.0,0.0,0.0,0.0,0.0,0.0,0.0,0.0,0.0
1302,0.0,0.0,0.0,0.0,0.0,0.0,0.0,0.0,0.0,0.0,0.0,0.0,0.0,0.0,0.0,0.0,0.0,0.0,0.0,0.0,0.0,0.0,0.0,0.0,0.0,0.0,0.0,0.0,0.0,0.0,0.0,0.0,0.0,0.0,0.0,0.0,0.0,0.0,0.0,0.0,0.0,0.0,0.0,0.0,0.0,0.0,0.0,0.0,0.0,0.0,0.0,0.0,0.0,0.0,0.0,0.0,0.0,0.0,0.0,0.0,0.0,0.0,0.0,0.0,0.0,0.0
1303,0.0,0.0,0.2150025,0.0,0.0,0.0,0.0,0.067776533,0.135886316,0.083863714,0.187339286,0.331490476,0.291815,1.0e-5,0.0,0.0,0.0,0.081298462,0.224894242,0.12432,0.10367,2.79e-5,0.0,0.0255775,0.0,0.0,0.0,0.0,0.0,0.0,0.0,0.0,0.0,0.019831818,0.0,0.018368983,0.32873,0.118545556,0.085246,0.147044,0.002238333,0.044182093,0.185663158,0.0,0.0,0.0,0.0,0.0,0.261836667,0.312895833,0.0,0.0,0.0,0.0,0.0,0.0,0.0,0.0,0.244125,0.0,0.0,0.0,3.67e-5,0.0,0.0,6.33e-5
1304,0.0,0.0,0.3182475,0.300975,0.008212857,0.259386,0.053633333,0.441930933,0.286761579,0.333997429,0.266527857,0.536351429,0.43752,0.40893,0.355232414,0.339337018,0.358106667,0.368845385,0.425343333,0.39925,0.341523714,0.427346071,0.334760938,0.38309625,0.328375,0.160130333,0.100676364,0.000298125,0.349025556,0.241022131,0.356367333,0.1583936,0.00642,0.252614545,0.288393922,0.258117966,0.547008333,0.299125556,0.230778,0.309922,0.062055,0.15794186,0.413291053,0.276063333,0.199818889,0.133029429,0.30943,0.44297,0.571306667,0.456098333,0.0,0.0,8.16e-6,0.102126429,9.56e-5,3.48e-5,0.00063,0.00019,0.403485,0.259435357,0.259495238,0.282893333,0.410718667,0.307154091,0.3533776,0.264025
1305,0.263036667,0.27225,0.56662375,0.52442,0.272815714,0.432298,0.12875,0.594142133,0.454452105,0.518630571,0.40276,0.615447143,0.54092,0.58124,0.57046,0.571099123,0.508266667,0.499513846,0.550790909,0.4707,0.497099143,0.564085536,0.497497188,0.54586,0.540188333,0.431285833,0.354595455,0.363836875,0.563439444,0.526959508,0.565831778,0.5121739,0.05007,0.328130909,0.463922549,0.390165085,0.521431667,0.493183333,0.464064,0.509427,0.169616667,0.264252791,0.571612105,0.44934,0.423611111,0.408091143,0.53067,0.55943,0.51924,0.563433333,0.298052857,0.42658,0.400520526,0.207868571,0.174267778,0.190356508,0.02642,0.216572,0.5692,0.434686071,0.451797619,0.426196667,0.563002,0.491034091,0.5356152,0.459033333
1306,0.381696667,0.35984,0.60323,0.60315,0.477327143,0.455036,0.14069,0.653045867,0.490116316,0.534624857,0.456731429,0.611267143,0.61984,0.60023,0.640692759,0.644052105,0.595496667,0.580474615,0.640448485,0.509,0.606025714,0.625601429,0.59774375,0.64277,0.625448333,0.537478667,0.509453636,0.47381875,0.65173,0.635816557,0.646833556,0.6374554,0.03337,0.425976818,0.580456275,0.46854339,0.527846667,0.579093333,0.577548,0.589804,0.369378333,0.311190698,0.590718947,0.566016667,0.534806667,0.506811714,0.54717,0.59939,0.540026667,0.603615833,0.559025714,0.58899,0.586495789,0.334246429,0.183522222,0.238708571,0.37115,0.227086,0.625361667,0.5226,0.515635238,0.500853333,0.680134,0.635265455,0.6211988,0.603761667
1307,0.479353333,0.45358,0.58721125,0.61119,0.627537143,0.43476,0.217363333,0.646802267,0.526578947,0.530655429,0.433865714,0.646746667,0.64344,0.64692,0.666704138,0.674680702,0.641166667,0.562811538,0.606006061,0.61243,0.625814571,0.654946964,0.621129063,0.687289375,0.6399225,0.563909833,0.538800909,0.48746125,0.673494444,0.664995902,0.674349556,0.6774299,0.13103,0.472216364,0.597638235,0.500869322,0.512526667,0.514344444,0.584236,0.575348,0.482306667,0.351071395,0.540787895,0.611526667,0.625064444,0.508858571,0.54513,0.60168,0.59102,0.611943333,0.681388571,0.657893333,0.661441579,0.406364286,0.266774444,0.301553651,0.48025,0.342322,0.60844,0.553757857,0.51720619,0.551105,0.682072667,0.659332727,0.6718576,0.655703333
1308,0.542976667,0.54449,0.64840125,0.69221,0.641144286,0.418024,0.184146667,0.657635333,0.535506316,0.556398286,0.62268,0.647594762,0.68887,0.64363,0.663441034,0.67403386,0.665,0.560069231,0.644554242,0.63205,0.623536286,0.658536964,0.612596563,0.680301875,0.628083333,0.558375,0.536241818,0.511235,0.675514444,0.671277705,0.677492444,0.6843029,0.09024,0.522131818,0.629183529,0.510139492,0.58544,0.604104444,0.677214,0.609448,0.585763333,0.436593256,0.615613158,0.623346667,0.603645556,0.495380286,0.5761,0.57656,0.609896667,0.62691,0.702742857,0.675276667,0.686104474,0.525514286,0.292435556,0.285768095,0.44992,0.374286,0.650501667,0.549369643,0.504287143,0.526553333,0.672397333,0.681174091,0.6499424,0.627881667
1309,0.527336667,0.57548,0.5937175,0.6426,0.611785714,0.463574,0.160683333,0.639866533,0.515914737,0.533275429,0.607456429,0.64189,0.657075,0.64457,0.649892414,0.665643509,0.664903333,0.501641538,0.631741818,0.60627,0.592578571,0.647996607,0.590516563,0.6726,0.61629,0.5638135,0.549781818,0.520623125,0.671811111,0.661725082,0.668865111,0.6880837,0.23414,0.456870909,0.613099216,0.512235932,0.596283333,0.555914444,0.576752,0.554737,0.60813,0.40891907,0.571788947,0.600833333,0.59824,0.507368,0.5908,0.60885,0.621243333,0.623314167,0.700944286,0.666733333,0.678528684,0.526242143,0.260223333,0.26382127,0.35614,0.385184,0.689701667,0.532100357,0.509288571,0.508355,0.614859333,0.610735909,0.608534,0.636086667
1310,0.461223333,0.52311,0.5353725,0.43399,0.623681429,0.497086,0.19301,0.611876933,0.533034211,0.522010857,0.548902857,0.597312381,0.612865,0.63699,0.628829655,0.647637368,0.659553333,0.483344615,0.584346364,0.59094,0.584824857,0.61681875,0.564005938,0.65880125,0.61267,0.545685833,0.536030909,0.50364125,0.666272222,0.662414754,0.611956222,0.6832371,0.23588,0.429583636,0.577390784,0.50481661,0.545246667,0.542797778,0.491284,0.501059,0.555531667,0.36427814,0.516001053,0.598586667,0.60015,0.503478286,0.59203,0.57595,0.564983333,0.581795,0.621177143,0.646396667,0.658478947,0.462162857,0.296216667,0.230594762,0.30008,0.344974,0.619573333,0.547949286,0.502293333,0.50346,0.588105333,0.623915455,0.5934616,0.602976667
1311,0.470476667,0.53268,0.572725,0.65275,0.637795714,0.336894,0.15517,0.597258,0.518268947,0.497888,0.545703571,0.612549048,0.629095,0.65859,0.608557931,0.622441228,0.64539,0.483494615,0.592772121,0.66644,0.593139429,0.586219464,0.51342375,0.650603125,0.614668333,0.552944667,0.573718182,0.553755,0.64587,0.656214918,0.517055111,0.6640604,0.39889,0.369984091,0.600712941,0.500701864,0.520561667,0.540195556,0.534054,0.516825,0.673121667,0.39078186,0.553484211,0.594263333,0.611641111,0.525775714,0.59828,0.52767,0.541996667,0.599973333,0.620851429,0.665193333,0.657015526,0.390872857,0.218933333,0.194117778,0.31357,0.303702,0.699476667,0.525901786,0.478811905,0.497386667,0.555732667,0.619897727,0.588708,0.575331667
1312,0.490316667,0.56175,0.43118375,0.49692,0.558891429,0.522846,0.049443333,0.473704133,0.412354737,0.383338286,0.378075714,0.459150952,0.55267,0.58304,0.552074483,0.570819825,0.616513333,0.398565385,0.494292727,0.54347,0.518062857,0.51484125,0.452343125,0.589288125,0.58919,0.524555667,0.547611818,0.502020625,0.607132222,0.629417541,0.444430889,0.6251076,0.28105,0.308375455,0.510199804,0.429626949,0.366088333,0.287711111,0.410036,0.3632,0.40361,0.314813953,0.421980526,0.57293,0.549436667,0.481127143,0.55229,0.53462,0.310013333,0.39957,0.582327143,0.58686,0.624666842,0.506024286,0.206242222,0.16738,0.32214,0.292154,0.577895,0.528827857,0.46717,0.476936667,0.469075333,0.556074545,0.447456,0.491645
1313,0.402183333,0.44572,0.344935,0.470855,0.498551429,0.36435,0.057113333,0.3542812,0.305971579,0.258301429,0.328806429,0.397335238,0.45745,0.40191,0.459066207,0.478455088,0.536223333,0.269194615,0.416793939,0.49514,0.405836286,0.419955357,0.323349375,0.478395625,0.515399167,0.450274,0.499750909,0.44640625,0.536984444,0.56686,0.364221778,0.5713772,0.41288,0.198219091,0.447708824,0.361269492,0.338978333,0.253635556,0.329542,0.323783,0.333963333,0.20851093,0.361726316,0.465866667,0.482032222,0.348631429,0.3737,0.33148,0.30548,0.3104825,0.564112857,0.48602,0.593661053,0.413101429,0.135393333,0.122770317,0.32185,0.193002,0.408061667,0.448741429,0.347132857,0.39561,0.373114,0.426095909,0.4098456,0.37242
1314,0.385056667,0.31582,0.0,0.21844,0.449171429,0.248838,0.008683333,0.071099067,0.0,8.0e-6,8.36e-5,0.033721905,0.086765,0.0,0.278615517,0.262007368,0.342106667,0.133552308,0.239037273,0.2753,0.250114857,0.077755893,0.064535,1.0e-5,0.3216125,0.309109833,0.32319,0.3122275,0.364122778,0.387579016,0.261587111,0.4298069,0.2942,0.104673182,0.262860392,0.214050339,0.0,0.0,7.4e-5,0.0,1.33e-5,0.090329302,0.128053684,0.288293333,0.211173333,0.150939714,0.0,0.0,0.0,0.0,0.504034286,0.358116667,0.491022368,0.256452143,0.004083333,0.0323,0.0,0.066008,0.0,0.211255,0.081931429,0.094176667,0.163968667,0.253347273,0.2150012,0.225791667
1315,0.280426667,0.27712,0.0,0.146165,0.25873,0.123544,0.0,0.0,0.0,0.0,0.0,0.0,0.0,0.0,0.0,0.0,0.0,0.0,0.0,0.0,0.0,0.0,0.0,0.0,0.0,0.0,0.0,0.0,0.0,0.0,0.0,0.0816517,0.0493,0.0,0.006201765,0.020334915,0.0,0.0,0.0,0.0,0.0,0.0,0.0,0.0,0.0,0.0,0.0,0.0,0.0,0.0,0.338148571,0.25016,0.29367,0.137601429,0.0,0.0,0.0,0.0,0.0,0.0,0.0,0.0,0.0,0.0,0.0,0.0
1316,0.0,0.0,0.0,0.0,0.0,0.0,0.0,0.0,0.0,0.0,0.0,0.0,0.0,0.0,0.0,0.0,0.0,0.0,0.0,0.0,0.0,0.0,0.0,0.0,0.0,0.0,0.0,0.0,0.0,0.0,0.0,0.0,0.0,0.0,0.0,0.0,0.0,0.0,0.0,0.0,0.0,0.0,0.0,0.0,0.0,0.0,0.0,0.0,0.0,0.0,0.0,0.0,0.0,0.0,0.0,0.0,0.0,0.0,0.0,0.0,0.0,0.0,0.0,0.0,0.0,0.0
1317,0.0,0.0,0.0,0.0,0.0,0.0,0.0,0.0,0.0,0.0,0.0,0.0,0.0,0.0,0.0,0.0,0.0,0.0,0.0,0.0,0.0,0.0,0.0,0.0,0.0,0.0,0.0,0.0,0.0,0.0,0.0,0.0,0.0,0.0,0.0,0.0,0.0,0.0,0.0,0.0,0.0,0.0,0.0,0.0,0.0,0.0,0.0,0.0,0.0,0.0,0.0,0.0,0.0,0.0,0.0,0.0,0.0,0.0,0.0,0.0,0.0,0.0,0.0,0.0,0.0,0.0
1318,0.0,0.0,0.0,0.0,0.0,0.0,0.0,0.0,0.0,0.0,0.0,0.0,0.0,0.0,0.0,0.0,0.0,0.0,0.0,0.0,0.0,0.0,0.0,0.0,0.0,0.0,0.0,0.0,0.0,0.0,0.0,0.0,0.0,0.0,0.0,0.0,0.0,0.0,0.0,0.0,0.0,0.0,0.0,0.0,0.0,0.0,0.0,0.0,0.0,0.0,0.0,0.0,0.0,0.0,0.0,0.0,0.0,0.0,0.0,0.0,0.0,0.0,0.0,0.0,0.0,0.0
1319,0.0,0.0,0.0,0.0,0.0,0.0,0.0,0.0,0.0,0.0,0.0,0.0,0.0,0.0,0.0,0.0,0.0,0.0,0.0,0.0,0.0,0.0,0.0,0.0,0.0,0.0,0.0,0.0,0.0,0.0,0.0,0.0,0.0,0.0,0.0,0.0,0.0,0.0,0.0,0.0,0.0,0.0,0.0,0.0,0.0,0.0,0.0,0.0,0.0,0.0,0.0,0.0,0.0,0.0,0.0,0.0,0.0,0.0,0.0,0.0,0.0,0.0,0.0,0.0,0.0,0.0
1320,0.0,0.0,0.0,0.0,0.0,0.0,0.0,0.0,0.0,0.0,0.0,0.0,0.0,0.0,0.0,0.0,0.0,0.0,0.0,0.0,0.0,0.0,0.0,0.0,0.0,0.0,0.0,0.0,0.0,0.0,0.0,0.0,0.0,0.0,0.0,0.0,0.0,0.0,0.0,0.0,0.0,0.0,0.0,0.0,0.0,0.0,0.0,0.0,0.0,0.0,0.0,0.0,0.0,0.0,0.0,0.0,0.0,0.0,0.0,0.0,0.0,0.0,0.0,0.0,0.0,0.0
1321,0.0,0.0,0.0,0.0,0.0,0.0,0.0,0.0,0.0,0.0,0.0,0.0,0.0,0.0,0.0,0.0,0.0,0.0,0.0,0.0,0.0,0.0,0.0,0.0,0.0,0.0,0.0,0.0,0.0,0.0,0.0,0.0,0.0,0.0,0.0,0.0,0.0,0.0,0.0,0.0,0.0,0.0,0.0,0.0,0.0,0.0,0.0,0.0,0.0,0.0,0.0,0.0,0.0,0.0,0.0,0.0,0.0,0.0,0.0,0.0,0.0,0.0,0.0,0.0,0.0,0.0
1322,0.0,0.0,0.0,0.0,0.0,0.0,0.0,0.0,0.0,0.0,0.0,0.0,0.0,0.0,0.0,0.0,0.0,0.0,0.0,0.0,0.0,0.0,0.0,0.0,0.0,0.0,0.0,0.0,0.0,0.0,0.0,0.0,0.0,0.0,0.0,0.0,0.0,0.0,0.0,0.0,0.0,0.0,0.0,0.0,0.0,0.0,0.0,0.0,0.0,0.0,0.0,0.0,0.0,0.0,0.0,0.0,0.0,0.0,0.0,0.0,0.0,0.0,0.0,0.0,0.0,0.0
1323,0.0,0.0,0.0,0.0,0.0,0.0,0.0,0.0,0.0,0.0,0.0,0.0,0.0,0.0,0.0,0.0,0.0,0.0,0.0,0.0,0.0,0.0,0.0,0.0,0.0,0.0,0.0,0.0,0.0,0.0,0.0,0.0,0.0,0.0,0.0,0.0,0.0,0.0,0.0,0.0,0.0,0.0,0.0,0.0,0.0,0.0,0.0,0.0,0.0,0.0,0.0,0.0,0.0,0.0,0.0,0.0,0.0,0.0,0.0,0.0,0.0,0.0,0.0,0.0,0.0,0.0
1324,0.0,0.0,0.0,0.0,0.0,0.0,0.0,0.0,0.0,0.0,0.0,0.0,0.0,0.0,0.0,0.0,0.0,0.0,0.0,0.0,0.0,0.0,0.0,0.0,0.0,0.0,0.0,0.0,0.0,0.0,0.0,0.0,0.0,0.0,0.0,0.0,0.0,0.0,0.0,0.0,0.0,0.0,0.0,0.0,0.0,0.0,0.0,0.0,0.0,0.0,0.0,0.0,0.0,0.0,0.0,0.0,0.0,0.0,0.0,0.0,0.0,0.0,0.0,0.0,0.0,0.0
1325,0.0,0.0,0.0,0.0,0.0,0.0,0.0,0.0,0.0,0.0,0.0,0.0,0.0,0.0,0.0,0.0,0.0,0.0,0.0,0.0,0.0,0.0,0.0,0.0,0.0,0.0,0.0,0.0,0.0,0.0,0.0,0.0,0.0,0.0,0.0,0.0,0.0,0.0,0.0,0.0,0.0,0.0,0.0,0.0,0.0,0.0,0.0,0.0,0.0,0.0,0.0,0.0,0.0,0.0,0.0,0.0,0.0,0.0,0.0,0.0,0.0,0.0,0.0,0.0,0.0,0.0
1326,0.0,0.0,0.0,0.0,0.0,0.0,0.0,0.0,0.0,0.0,0.0,0.0,0.0,0.0,0.0,0.0,0.0,0.0,0.0,0.0,0.0,0.0,0.0,0.0,0.0,0.0,0.0,0.0,0.0,0.0,0.0,0.0,0.0,0.0,0.0,0.0,0.0,0.0,0.0,0.0,0.0,0.0,0.0,0.0,0.0,0.0,0.0,0.0,0.0,0.0,0.0,0.0,0.0,0.0,0.0,0.0,0.0,0.0,0.0,0.0,0.0,0.0,0.0,0.0,0.0,0.0
1327,0.0,0.0,0.15512875,0.0,0.0,0.0,0.0,0.0710292,0.095096316,0.043234857,0.245962857,0.272437619,0.16803,0.0001,0.0,0.0,0.0,0.059115385,0.256594545,0.17014,0.147918,7.32e-5,0.0,0.001619375,0.0,0.0,0.0,0.0,0.0,0.0,0.0,0.0,0.0,0.110706818,0.0,0.022958136,0.411453333,0.26857,0.206108,0.253574,0.092145,0.230918837,0.220582105,0.0,0.0,0.0,0.0,0.0,0.30285,0.393849167,0.0,0.0,0.0,0.0,0.0,0.0,0.0,0.0,0.187741667,0.0,0.0,0.0,2.33e-5,0.0,0.0,3.0e-5
1328,0.0,0.0,0.3967675,0.203625,0.06793,0.295014,0.12122,0.4465068,0.329845263,0.178935143,0.506900714,0.476218571,0.34623,0.45212,0.311284138,0.272612807,0.365253333,0.413463846,0.449533636,0.15274,0.398578571,0.418737857,0.38239875,0.369571875,0.28483,0.124978667,0.103686364,0.0001925,0.349363333,0.235650656,0.322904444,0.1563723,0.37932,0.501741818,0.288963529,0.304013729,0.638583333,0.571226667,0.449264,0.510589,0.126653333,0.499183023,0.483538947,0.19674,0.164742222,0.088560286,0.36373,0.41007,0.641873333,0.595585833,0.0,0.0,8.68e-6,0.073718571,7.44e-5,1.08e-5,0.0,0.0,0.39246,0.321426429,0.312834286,0.324823333,0.371091333,0.269957273,0.3309208,0.254751667
1329,0.210476667,0.04768,0.534885,0.344605,0.379061429,0.498126,0.371433333,0.566604933,0.463241579,0.317742,0.652207857,0.607952857,0.578625,0.50893,0.514426552,0.485091053,0.473086667,0.616792308,0.604182424,0.2938,0.502332,0.55089875,0.5456175,0.50954625,0.450178333,0.351105833,0.322390909,0.376725,0.562310556,0.524861967,0.507434667,0.4957117,0.5619,0.631215909,0.524038627,0.48019678,0.723325,0.660754444,0.593286,0.585452,0.283236667,0.670148837,0.612715263,0.37072,0.340786667,0.257252286,0.50966,0.53792,0.702233333,0.697196667,0.453468571,0.435933333,0.429315526,0.130750714,0.334561111,0.320601905,0.02557,0.08439,0.580993333,0.514563929,0.504900952,0.509805,0.532495333,0.428742273,0.5104136,0.407666667
1330,0.388666667,0.21689,0.5916375,0.305345,0.485534286,0.647514,0.462636667,0.642188667,0.490282105,0.385063714,0.699746429,0.626218095,0.57202,0.61439,0.608305862,0.571809649,0.587883333,0.710013077,0.690213333,0.56284,0.624144857,0.616002143,0.622244688,0.631536875,0.5103725,0.447424,0.374644545,0.458989375,0.651448333,0.618881148,0.578072,0.6115681,0.68576,0.676115909,0.632014118,0.59490339,0.775415,0.726814444,0.593586,0.661035,0.416295,0.73359814,0.685475263,0.368573333,0.455854444,0.344205143,0.5836,0.58034,0.749463333,0.724559167,0.634224286,0.591406667,0.61629,0.238526429,0.448814444,0.437714762,0.25406,0.332864,0.605671667,0.582515714,0.538641429,0.585436667,0.614266,0.475878636,0.5817312,0.517736667
1331,0.582183333,0.38775,0.60759,0.349895,0.562898571,0.714198,0.534626667,0.685013733,0.530224737,0.478783714,0.733153571,0.650934286,0.53041,0.57782,0.625094483,0.601577544,0.61841,0.74561,0.686794242,0.76562,0.670367714,0.626074643,0.643161563,0.68471625,0.554970833,0.5245585,0.475059091,0.5251975,0.669276111,0.651688852,0.622761778,0.6661393,0.72333,0.653939545,0.673417255,0.643211017,0.779455,0.734761111,0.68206,0.6501,0.529498333,0.764145116,0.680801579,0.477466667,0.546877778,0.412014,0.59752,0.61804,0.754183333,0.694111667,0.690281429,0.665626667,0.681115526,0.381545714,0.519721111,0.489250794,0.46933,0.502822,0.654346667,0.5727475,0.554840476,0.591828333,0.671076667,0.509899091,0.6505084,0.601168333
1332,0.667963333,0.61935,0.5672675,0.449865,0.54275,0.722556,0.585436667,0.6854584,0.537981579,0.455591143,0.701454286,0.593271429,0.532755,0.64751,0.634733448,0.614798947,0.622096667,0.737136154,0.673394848,0.70643,0.650007429,0.62280125,0.618699063,0.67174875,0.576560833,0.544897667,0.516641818,0.52319,0.668457778,0.65694541,0.616446889,0.6722927,0.74598,0.599652727,0.637837059,0.635937458,0.769621667,0.715948889,0.752118,0.606458,0.676651667,0.762994651,0.674570526,0.443586667,0.533302222,0.435000571,0.58587,0.60917,0.71747,0.6864675,0.703954286,0.683173333,0.694380526,0.414499286,0.521461111,0.485717778,0.46406,0.491058,0.576608333,0.582826071,0.554640476,0.578435,0.687582,0.558358182,0.6803272,0.578006667
1333,0.695,0.69125,0.62803375,0.58513,0.602601429,0.740232,0.609066667,0.685694667,0.508706316,0.458414,0.702195714,0.587578571,0.605855,0.65156,0.619437931,0.586686316,0.634346667,0.731392308,0.643048788,0.59162,0.581941143,0.627316786,0.629773438,0.66081,0.590084167,0.536337333,0.535848182,0.522650625,0.64216,0.644240492,0.582248444,0.666042,0.74094,0.590981818,0.648649216,0.626796271,0.7522,0.715672222,0.78113,0.612755,0.712178333,0.755297442,0.686988947,0.475503333,0.511867778,0.450382286,0.60178,0.60181,0.63067,0.621325,0.705822857,0.68681,0.692882895,0.467969286,0.478592222,0.496861746,0.43281,0.518168,0.620736667,0.573228214,0.525355714,0.563803333,0.690093333,0.572243636,0.6524216,0.611516667
1334,0.690913333,0.66417,0.53920875,0.64265,0.553454286,0.721022,0.62506,0.6746444,0.506465263,0.475303143,0.619174286,0.619425238,0.64568,0.6558,0.576075862,0.527627193,0.53475,0.721227692,0.569365152,0.33194,0.508865143,0.59360125,0.574557188,0.635115,0.562125833,0.531946833,0.556444545,0.550785625,0.620651667,0.605411311,0.548093778,0.6138106,0.69867,0.584823636,0.62737098,0.613964915,0.728993333,0.722426667,0.75855,0.55903,0.754581667,0.729166047,0.626896316,0.441956667,0.368516667,0.466310571,0.61353,0.62715,0.620996667,0.5986825,0.674912857,0.653846667,0.665822632,0.503545714,0.472214444,0.51746619,0.45712,0.548622,0.552773333,0.578798571,0.538149524,0.513693333,0.672808,0.553408636,0.6539608,0.583016667
1335,0.642003333,0.65016,0.5640825,0.587485,0.524515714,0.680926,0.614513333,0.640397333,0.504173158,0.446548286,0.622110714,0.640578095,0.64549,0.65064,0.511177931,0.476866316,0.43798,0.680713846,0.496056667,0.20524,0.520838571,0.537351964,0.532110938,0.604524375,0.484583333,0.523824,0.519089091,0.501854375,0.587600556,0.55498082,0.517652222,0.5747684,0.68018,0.582775909,0.584700588,0.583450847,0.702715,0.697128889,0.72709,0.574528,0.754515,0.713624186,0.626071579,0.5205,0.460354444,0.472962,0.60449,0.57415,0.608123333,0.568453333,0.61462,0.642093333,0.637276842,0.484061429,0.489012222,0.551063968,0.41955,0.581438,0.58601,0.550914286,0.510138571,0.49109,0.600434,0.517692273,0.6234516,0.551365
1336,0.572366667,0.5397,0.5421125,0.505045,0.558632857,0.640634,0.557856667,0.531443333,0.417035789,0.395935429,0.459121429,0.474335238,0.59004,0.52263,0.475193793,0.476028947,0.425376667,0.608007692,0.368400606,0.23137,0.465525429,0.46923125,0.518383438,0.467395,0.476551667,0.514033167,0.539761818,0.54765625,0.547398333,0.576033443,0.461167778,0.5441599,0.62093,0.467700909,0.566608627,0.536555593,0.549621667,0.578163333,0.603502,0.456608,0.637153333,0.632613023,0.524964737,0.52314,0.45117,0.496463429,0.5093,0.47372,0.45444,0.470280833,0.599557143,0.621106667,0.601845526,0.454206429,0.524344444,0.59214127,0.47119,0.565304,0.53474,0.505876786,0.524832381,0.509308333,0.479695333,0.477876364,0.6003692,0.524451667
1337,0.532976667,0.62869,0.36381625,0.47091,0.432615714,0.55797,0.549853333,0.394138133,0.340872105,0.332440571,0.349002143,0.379402381,0.391385,0.32204,0.375503103,0.410671754,0.397913333,0.499472308,0.304860606,0.17491,0.371735714,0.383282857,0.392809063,0.33393625,0.373804167,0.443069,0.434507273,0.45269125,0.48124,0.479820492,0.382493556,0.4709964,0.47676,0.458282273,0.456178824,0.478678644,0.4585,0.401038889,0.476756,0.320383,0.536946667,0.528523488,0.404320526,0.413376667,0.353227778,0.410304,0.39289,0.24582,0.43842,0.401859167,0.56376,0.589443333,0.548004211,0.482135,0.467354444,0.530572698,0.47055,0.506114,0.459176667,0.4439975,0.306971429,0.390391667,0.307946,0.347222727,0.4617676,0.398573333
1338,0.50626,0.54618,0.0,0.288395,0.37194,0.50739,0.362676667,0.0940404,0.0,0.0,5.36e-5,0.050342381,0.13461,0.0,0.22546,0.225204035,0.260153333,0.234471538,0.160070606,0.21968,0.228323714,0.085972679,0.080414063,0.019295625,0.206311667,0.296457,0.284992727,0.326618125,0.332508889,0.31902082,0.259044444,0.3260271,0.43212,0.289665909,0.29087902,0.337717966,0.0,0.0,8.0e-5,0.0,1.5e-5,0.204168372,0.163191579,0.291456667,0.17798,0.190294571,0.0,0.0,0.0,0.0,0.443107143,0.44654,0.437557368,0.244496429,0.079895556,0.231064444,0.0,0.203204,0.0,0.215126786,0.068327143,0.083355,0.17032,0.216368182,0.2642132,0.19083
1339,0.35772,0.37162,0.0,0.150035,0.208275714,0.284564,2.0e-5,0.0,0.0,0.0,0.0,0.0,0.0,0.0,0.0,0.0,0.0,0.0,0.0,0.0,0.0,0.0,0.0,0.0,0.0,0.0,0.0,0.0,0.0,0.0,0.0,0.0599324,0.20163,0.0,0.010722941,0.047401525,0.0,0.0,0.0,0.0,0.0,0.0,0.0,0.0,0.0,0.0,0.0,0.0,0.0,0.0,0.321095714,0.26702,0.282734474,0.160687857,0.0,0.0,0.0,0.0,0.0,0.0,0.0,0.0,0.0,0.0,0.0,0.0
1340,0.0,0.0,0.0,0.0,0.0,0.0,0.0,0.0,0.0,0.0,0.0,0.0,0.0,0.0,0.0,0.0,0.0,0.0,0.0,0.0,0.0,0.0,0.0,0.0,0.0,0.0,0.0,0.0,0.0,0.0,0.0,0.0,0.0,0.0,0.0,0.0,0.0,0.0,0.0,0.0,0.0,0.0,0.0,0.0,0.0,0.0,0.0,0.0,0.0,0.0,0.0,0.0,0.0,0.0,0.0,0.0,0.0,0.0,0.0,0.0,0.0,0.0,0.0,0.0,0.0,0.0
1341,0.0,0.0,0.0,0.0,0.0,0.0,0.0,0.0,0.0,0.0,0.0,0.0,0.0,0.0,0.0,0.0,0.0,0.0,0.0,0.0,0.0,0.0,0.0,0.0,0.0,0.0,0.0,0.0,0.0,0.0,0.0,0.0,0.0,0.0,0.0,0.0,0.0,0.0,0.0,0.0,0.0,0.0,0.0,0.0,0.0,0.0,0.0,0.0,0.0,0.0,0.0,0.0,0.0,0.0,0.0,0.0,0.0,0.0,0.0,0.0,0.0,0.0,0.0,0.0,0.0,0.0
1342,0.0,0.0,0.0,0.0,0.0,0.0,0.0,0.0,0.0,0.0,0.0,0.0,0.0,0.0,0.0,0.0,0.0,0.0,0.0,0.0,0.0,0.0,0.0,0.0,0.0,0.0,0.0,0.0,0.0,0.0,0.0,0.0,0.0,0.0,0.0,0.0,0.0,0.0,0.0,0.0,0.0,0.0,0.0,0.0,0.0,0.0,0.0,0.0,0.0,0.0,0.0,0.0,0.0,0.0,0.0,0.0,0.0,0.0,0.0,0.0,0.0,0.0,0.0,0.0,0.0,0.0
1343,0.0,0.0,0.0,0.0,0.0,0.0,0.0,0.0,0.0,0.0,0.0,0.0,0.0,0.0,0.0,0.0,0.0,0.0,0.0,0.0,0.0,0.0,0.0,0.0,0.0,0.0,0.0,0.0,0.0,0.0,0.0,0.0,0.0,0.0,0.0,0.0,0.0,0.0,0.0,0.0,0.0,0.0,0.0,0.0,0.0,0.0,0.0,0.0,0.0,0.0,0.0,0.0,0.0,0.0,0.0,0.0,0.0,0.0,0.0,0.0,0.0,0.0,0.0,0.0,0.0,0.0
1344,0.0,0.0,0.0,0.0,0.0,0.0,0.0,0.0,0.0,0.0,0.0,0.0,0.0,0.0,0.0,0.0,0.0,0.0,0.0,0.0,0.0,0.0,0.0,0.0,0.0,0.0,0.0,0.0,0.0,0.0,0.0,0.0,0.0,0.0,0.0,0.0,0.0,0.0,0.0,0.0,0.0,0.0,0.0,0.0,0.0,0.0,0.0,0.0,0.0,0.0,0.0,0.0,0.0,0.0,0.0,0.0,0.0,0.0,0.0,0.0,0.0,0.0,0.0,0.0,0.0,0.0
1345,0.0,0.0,0.0,0.0,0.0,0.0,0.0,0.0,0.0,0.0,0.0,0.0,0.0,0.0,0.0,0.0,0.0,0.0,0.0,0.0,0.0,0.0,0.0,0.0,0.0,0.0,0.0,0.0,0.0,0.0,0.0,0.0,0.0,0.0,0.0,0.0,0.0,0.0,0.0,0.0,0.0,0.0,0.0,0.0,0.0,0.0,0.0,0.0,0.0,0.0,0.0,0.0,0.0,0.0,0.0,0.0,0.0,0.0,0.0,0.0,0.0,0.0,0.0,0.0,0.0,0.0
1346,0.0,0.0,0.0,0.0,0.0,0.0,0.0,0.0,0.0,0.0,0.0,0.0,0.0,0.0,0.0,0.0,0.0,0.0,0.0,0.0,0.0,0.0,0.0,0.0,0.0,0.0,0.0,0.0,0.0,0.0,0.0,0.0,0.0,0.0,0.0,0.0,0.0,0.0,0.0,0.0,0.0,0.0,0.0,0.0,0.0,0.0,0.0,0.0,0.0,0.0,0.0,0.0,0.0,0.0,0.0,0.0,0.0,0.0,0.0,0.0,0.0,0.0,0.0,0.0,0.0,0.0
1347,0.0,0.0,0.0,0.0,0.0,0.0,0.0,0.0,0.0,0.0,0.0,0.0,0.0,0.0,0.0,0.0,0.0,0.0,0.0,0.0,0.0,0.0,0.0,0.0,0.0,0.0,0.0,0.0,0.0,0.0,0.0,0.0,0.0,0.0,0.0,0.0,0.0,0.0,0.0,0.0,0.0,0.0,0.0,0.0,0.0,0.0,0.0,0.0,0.0,0.0,0.0,0.0,0.0,0.0,0.0,0.0,0.0,0.0,0.0,0.0,0.0,0.0,0.0,0.0,0.0,0.0
1348,0.0,0.0,0.0,0.0,0.0,0.0,0.0,0.0,0.0,0.0,0.0,0.0,0.0,0.0,0.0,0.0,0.0,0.0,0.0,0.0,0.0,0.0,0.0,0.0,0.0,0.0,0.0,0.0,0.0,0.0,0.0,0.0,0.0,0.0,0.0,0.0,0.0,0.0,0.0,0.0,0.0,0.0,0.0,0.0,0.0,0.0,0.0,0.0,0.0,0.0,0.0,0.0,0.0,0.0,0.0,0.0,0.0,0.0,0.0,0.0,0.0,0.0,0.0,0.0,0.0,0.0
1349,0.0,0.0,0.0,0.0,0.0,0.0,0.0,0.0,0.0,0.0,0.0,0.0,0.0,0.0,0.0,0.0,0.0,0.0,0.0,0.0,0.0,0.0,0.0,0.0,0.0,0.0,0.0,0.0,0.0,0.0,0.0,0.0,0.0,0.0,0.0,0.0,0.0,0.0,0.0,0.0,0.0,0.0,0.0,0.0,0.0,0.0,0.0,0.0,0.0,0.0,0.0,0.0,0.0,0.0,0.0,0.0,0.0,0.0,0.0,0.0,0.0,0.0,0.0,0.0,0.0,0.0
1350,0.0,0.0,0.0,0.0,0.0,0.0,0.0,0.0,0.0,0.0,0.0,0.0,0.0,0.0,0.0,0.0,0.0,0.0,0.0,0.0,0.0,0.0,0.0,0.0,0.0,0.0,0.0,0.0,0.0,0.0,0.0,0.0,0.0,0.0,0.0,0.0,0.0,0.0,0.0,0.0,0.0,0.0,0.0,0.0,0.0,0.0,0.0,0.0,0.0,0.0,0.0,0.0,0.0,0.0,0.0,0.0,0.0,0.0,0.0,0.0,0.0,0.0,0.0,0.0,0.0,0.0
1351,0.0,0.0,0.3244075,0.0,0.0,0.0,0.0,0.2876128,0.166962105,0.081974,0.473054286,0.467707143,0.457135,0.11911,9.38e-5,0.0,0.0,0.3247,0.364740303,0.37371,0.264638286,0.127197143,0.031552813,0.029368125,0.0,0.0,0.0,0.0,0.0,0.0,0.0,0.0,0.0,0.201383636,0.0,0.051795254,0.543333333,0.469003333,0.349612,0.407551,0.223795,0.390355349,0.372722105,0.0,0.0,0.0,0.16005,0.001,0.369623333,0.473385833,0.0,0.0,0.0,0.0,0.0,0.0,0.0,0.0,0.267943333,0.0,0.0,0.000106667,0.075599333,4.73e-5,0.0312132,0.067608333
1352,0.0,0.0,0.59929875,0.20872,0.088488571,0.06069,0.324003333,0.541832667,0.321729474,0.197314,0.727186429,0.711746667,0.69907,0.11925,0.454629655,0.467682281,0.300646667,0.628508462,0.617360606,0.52358,0.483322286,0.554343393,0.52501375,0.09762,0.417235833,0.364191667,0.254273636,0.320209375,0.31174,0.304145574,0.310706222,0.200792,0.10629,0.497375455,0.368996078,0.340289492,0.739885,0.607026667,0.614654,0.606513,0.419756667,0.645442326,0.652621579,0.41452,0.161677778,0.300124857,0.26579,0.27999,0.732073333,0.620431667,0.000297143,0.0,0.055412105,0.1171,0.371966667,0.356230635,0.00557,0.08848,0.422001667,0.451863929,0.44205,0.34415,0.622175333,0.503282273,0.5311876,0.549098333
1353,0.41551,0.44569,0.61812125,0.34128,0.214265714,0.176646,0.496176667,0.655351333,0.377647895,0.303068,0.790882857,0.797673333,0.806395,0.27463,0.650126552,0.679014211,0.4755,0.755006923,0.704496061,0.68214,0.586580571,0.697266607,0.69208625,0.196363125,0.64778,0.589891333,0.433901818,0.548708125,0.460995,0.486492951,0.528797556,0.4101587,0.33939,0.546042273,0.581916863,0.495764068,0.811998333,0.666515556,0.695752,0.662859,0.567523333,0.751567674,0.765608421,0.63374,0.467524444,0.570501429,0.58986,0.38106,0.80758,0.700056667,0.270315714,0.441093333,0.431421316,0.354786429,0.593273333,0.620841905,0.21772,0.283954,0.535306667,0.651315,0.656263333,0.602513333,0.766844667,0.691098636,0.700842,0.679186667
1354,0.655416667,0.6435,0.5943425,0.50578,0.364164286,0.294362,0.708093333,0.672947733,0.495015789,0.397861143,0.791435,0.811521905,0.834915,0.2491,0.75165,0.765378246,0.553033333,0.816877692,0.776151818,0.80798,0.679533143,0.70105,0.750540938,0.266825625,0.7408375,0.701182333,0.54362,0.657640625,0.618005556,0.60511541,0.647169333,0.583562,0.53771,0.639952273,0.639092353,0.589914746,0.841838333,0.672376667,0.771106,0.656891,0.601576667,0.785744651,0.80646,0.742266667,0.670124444,0.706011143,0.59901,0.51429,0.837216667,0.763205833,0.400511429,0.62453,0.577150789,0.567952857,0.69184,0.713517143,0.3915,0.427388,0.557683333,0.72198,0.735982857,0.689131667,0.820562667,0.784585,0.775236,0.76266
1355,0.704516667,0.72505,0.58568375,0.63383,0.405501429,0.434274,0.700376667,0.653121733,0.454638947,0.437186,0.722954286,0.799225238,0.84902,0.42396,0.778714138,0.798870351,0.665743333,0.835829231,0.752452121,0.71818,0.6427,0.708485893,0.769901563,0.304135625,0.757631667,0.731715167,0.628593636,0.68480375,0.677798889,0.664084754,0.716357333,0.6410311,0.4494,0.597516364,0.680239608,0.639152373,0.828285,0.692981111,0.773242,0.626579,0.627228333,0.743723256,0.813911053,0.763393333,0.726261111,0.735263714,0.57876,0.51196,0.82263,0.77295,0.393924286,0.68,0.615491053,0.607459286,0.703216667,0.709309683,0.48163,0.52231,0.548538333,0.743021786,0.758585238,0.722251667,0.831886667,0.806016818,0.8085216,0.760616667
1356,0.739306667,0.75396,0.6833225,0.653075,0.504514286,0.537412,0.697193333,0.645072933,0.511942105,0.460643714,0.738641429,0.774822857,0.807515,0.45661,0.765784828,0.788100702,0.72668,0.826921538,0.756649091,0.75912,0.706029429,0.651562679,0.750759375,0.29727625,0.749234167,0.727723167,0.662549091,0.685035625,0.696132222,0.699703115,0.746346,0.683448,0.64184,0.657522273,0.691301765,0.669420339,0.820398333,0.635185556,0.767846,0.650417,0.701116667,0.73086186,0.779273684,0.75086,0.701123333,0.732281714,0.6452,0.53192,0.809363333,0.744450833,0.52043,0.7005,0.670926053,0.628306429,0.687108889,0.681114762,0.49513,0.627636,0.634346667,0.731968929,0.740835238,0.70741,0.824265333,0.801779545,0.8105324,0.656841667
1357,0.670596667,0.57839,0.68067125,0.539925,0.601621429,0.508674,0.69504,0.612488933,0.564197895,0.501146,0.744585714,0.775404286,0.772095,0.51899,0.751529655,0.77783193,0.74564,0.81124,0.700216364,0.77121,0.693136857,0.631121786,0.680096563,0.321465,0.739666667,0.720060833,0.683514545,0.709445625,0.708137222,0.698317705,0.753542444,0.6808746,0.7166,0.623235,0.687620784,0.648718305,0.735496667,0.638547778,0.72972,0.651096,0.691503333,0.714303023,0.738965263,0.739033333,0.69161,0.72236,0.59715,0.50812,0.747183333,0.717235833,0.576208571,0.71713,0.668487368,0.497583571,0.681772222,0.658732222,0.60164,0.67972,0.618075,0.734243214,0.730623333,0.694686667,0.810999333,0.792946818,0.79734,0.686645
1358,0.614193333,0.55028,0.6568,0.55254,0.530072857,0.583432,0.7254,0.543915733,0.519943684,0.465291714,0.726760714,0.757085714,0.737595,0.51322,0.704627931,0.745301754,0.744143333,0.768292308,0.665978788,0.72213,0.682655143,0.57247875,0.562453438,0.287688125,0.727558333,0.719395667,0.719685455,0.724631875,0.690637778,0.66465918,0.760321778,0.634402,0.67068,0.645971364,0.65925902,0.635309322,0.627571667,0.640393333,0.690478,0.586714,0.69399,0.628216977,0.690652105,0.734386667,0.655122222,0.720078,0.4507,0.45248,0.632816667,0.687059167,0.558814286,0.55351,0.619726842,0.562647143,0.683235556,0.657513016,0.5977,0.692634,0.643325,0.732469286,0.709495714,0.69319,0.784262667,0.781382273,0.7807516,0.690896667
1359,0.63196,0.66888,0.58576375,0.52811,0.509527143,0.602542,0.650886667,0.470731733,0.435774737,0.423649143,0.684996429,0.703237619,0.69161,0.35491,0.661009655,0.702797895,0.716593333,0.723691538,0.600913636,0.6667,0.642456,0.494299821,0.48664375,0.266215,0.696735,0.703635167,0.715325455,0.72206375,0.583885,0.591008197,0.682376,0.546935,0.71383,0.516352727,0.65447451,0.583271864,0.459073333,0.610122222,0.522232,0.524799,0.604196667,0.53542186,0.632944737,0.734226667,0.603561111,0.721286,0.52176,0.47936,0.463226667,0.606680833,0.447285714,0.62994,0.584866053,0.576687857,0.699917778,0.647012698,0.59254,0.709436,0.516461667,0.695067143,0.678932857,0.672461667,0.734427333,0.753605909,0.7259776,0.674878333
1360,0.57013,0.58797,0.41315125,0.569195,0.527567143,0.468588,0.62485,0.435989067,0.37161,0.433184857,0.583729286,0.620555238,0.610735,0.37178,0.504666552,0.623633333,0.619293333,0.627674615,0.585017879,0.693,0.633093429,0.446510893,0.401031563,0.199023125,0.617475,0.611915,0.642463636,0.698599375,0.488633889,0.491585246,0.590105778,0.4727092,0.67909,0.569286818,0.652568039,0.578306102,0.540073333,0.484763333,0.535398,0.390781,0.507166667,0.490215814,0.548805789,0.710823333,0.592465556,0.703410857,0.48974,0.55964,0.535326667,0.4618325,0.469214286,0.576093333,0.525953947,0.629518571,0.70018,0.632774603,0.66489,0.70668,0.500455,0.645651071,0.62704381,0.661486667,0.681206,0.722205,0.6266152,0.633955
1361,0.573383333,0.55107,0.30424125,0.49311,0.43818,0.474392,0.347983333,0.3215012,0.290394737,0.334586286,0.453075,0.483078095,0.377415,0.17516,0.378625517,0.494594737,0.588536667,0.479866923,0.474887879,0.5652,0.495154,0.314917857,0.274418438,0.12883875,0.514061667,0.521801,0.554408182,0.6427825,0.459483333,0.408861475,0.498020444,0.3648557,0.6402,0.452799545,0.56278902,0.518117797,0.337265,0.31043,0.400256,0.281649,0.375358333,0.368373953,0.433242105,0.628333333,0.545177778,0.614186857,0.38255,0.3004,0.41445,0.3462075,0.468774286,0.556623333,0.463687632,0.635695,0.622154444,0.575144762,0.51019,0.629856,0.358573333,0.531938929,0.550247619,0.547341667,0.498855333,0.618727273,0.5055612,0.521601667
1362,0.550313333,0.4886,0.0,0.280845,0.296084286,0.371628,0.30449,0.1259472,0.0,4.51e-5,0.040392143,0.035547619,0.138275,0.0,0.255782414,0.299803684,0.37477,0.227591538,0.294728485,0.33373,0.295534286,0.205945536,0.15339,0.018689375,0.348131667,0.379612167,0.439153636,0.4819675,0.279725556,0.248063279,0.312457778,0.2385785,0.39155,0.286783182,0.318537647,0.313216271,0.0,0.0,0.000102,0.0,6.0e-5,0.160827907,0.171967368,0.422146667,0.336728889,0.379340857,0.0,0.0,0.0,0.0,0.444307143,0.46946,0.350560263,0.437857143,0.367965556,0.363123968,0.42005,0.269346,0.0,0.368966071,0.297865238,0.24476,0.313886,0.396451818,0.2752972,0.31642
1363,0.37047,0.37119,0.0,0.120235,0.211125714,0.194278,0.0,0.0,0.0,0.0,0.0,0.0,0.0,0.0,0.0,0.0,0.0,0.0,0.0,0.0,0.0,0.0,0.0,0.0,0.0,1.33e-6,7.27e-5,0.0001425,3.06e-5,0.003438525,4.91e-5,0.1020126,0.22826,0.0,0.01095,0.030868475,0.0,0.0,0.0,0.0,0.0,0.0,0.0,0.0,0.0,0.0,0.0,0.0,0.0,0.0,0.303262857,0.291263333,0.235755263,0.303670714,0.0,0.0,0.0,0.0,0.0,0.0,0.0,0.0,0.0,0.0,0.0,0.0
1364,0.0,0.0,0.0,0.0,0.0,0.0,0.0,0.0,0.0,0.0,0.0,0.0,0.0,0.0,0.0,0.0,0.0,0.0,0.0,0.0,0.0,0.0,0.0,0.0,0.0,0.0,0.0,0.0,0.0,0.0,0.0,0.0,0.0,0.0,0.0,0.0,0.0,0.0,0.0,0.0,0.0,0.0,0.0,0.0,0.0,0.0,0.0,0.0,0.0,0.0,0.0,0.0,0.0,0.0,0.0,0.0,0.0,0.0,0.0,0.0,0.0,0.0,0.0,0.0,0.0,0.0
1365,0.0,0.0,0.0,0.0,0.0,0.0,0.0,0.0,0.0,0.0,0.0,0.0,0.0,0.0,0.0,0.0,0.0,0.0,0.0,0.0,0.0,0.0,0.0,0.0,0.0,0.0,0.0,0.0,0.0,0.0,0.0,0.0,0.0,0.0,0.0,0.0,0.0,0.0,0.0,0.0,0.0,0.0,0.0,0.0,0.0,0.0,0.0,0.0,0.0,0.0,0.0,0.0,0.0,0.0,0.0,0.0,0.0,0.0,0.0,0.0,0.0,0.0,0.0,0.0,0.0,0.0
1366,0.0,0.0,0.0,0.0,0.0,0.0,0.0,0.0,0.0,0.0,0.0,0.0,0.0,0.0,0.0,0.0,0.0,0.0,0.0,0.0,0.0,0.0,0.0,0.0,0.0,0.0,0.0,0.0,0.0,0.0,0.0,0.0,0.0,0.0,0.0,0.0,0.0,0.0,0.0,0.0,0.0,0.0,0.0,0.0,0.0,0.0,0.0,0.0,0.0,0.0,0.0,0.0,0.0,0.0,0.0,0.0,0.0,0.0,0.0,0.0,0.0,0.0,0.0,0.0,0.0,0.0
1367,0.0,0.0,0.0,0.0,0.0,0.0,0.0,0.0,0.0,0.0,0.0,0.0,0.0,0.0,0.0,0.0,0.0,0.0,0.0,0.0,0.0,0.0,0.0,0.0,0.0,0.0,0.0,0.0,0.0,0.0,0.0,0.0,0.0,0.0,0.0,0.0,0.0,0.0,0.0,0.0,0.0,0.0,0.0,0.0,0.0,0.0,0.0,0.0,0.0,0.0,0.0,0.0,0.0,0.0,0.0,0.0,0.0,0.0,0.0,0.0,0.0,0.0,0.0,0.0,0.0,0.0
1368,0.0,0.0,0.0,0.0,0.0,0.0,0.0,0.0,0.0,0.0,0.0,0.0,0.0,0.0,0.0,0.0,0.0,0.0,0.0,0.0,0.0,0.0,0.0,0.0,0.0,0.0,0.0,0.0,0.0,0.0,0.0,0.0,0.0,0.0,0.0,0.0,0.0,0.0,0.0,0.0,0.0,0.0,0.0,0.0,0.0,0.0,0.0,0.0,0.0,0.0,0.0,0.0,0.0,0.0,0.0,0.0,0.0,0.0,0.0,0.0,0.0,0.0,0.0,0.0,0.0,0.0
1369,0.0,0.0,0.0,0.0,0.0,0.0,0.0,0.0,0.0,0.0,0.0,0.0,0.0,0.0,0.0,0.0,0.0,0.0,0.0,0.0,0.0,0.0,0.0,0.0,0.0,0.0,0.0,0.0,0.0,0.0,0.0,0.0,0.0,0.0,0.0,0.0,0.0,0.0,0.0,0.0,0.0,0.0,0.0,0.0,0.0,0.0,0.0,0.0,0.0,0.0,0.0,0.0,0.0,0.0,0.0,0.0,0.0,0.0,0.0,0.0,0.0,0.0,0.0,0.0,0.0,0.0
1370,0.0,0.0,0.0,0.0,0.0,0.0,0.0,0.0,0.0,0.0,0.0,0.0,0.0,0.0,0.0,0.0,0.0,0.0,0.0,0.0,0.0,0.0,0.0,0.0,0.0,0.0,0.0,0.0,0.0,0.0,0.0,0.0,0.0,0.0,0.0,0.0,0.0,0.0,0.0,0.0,0.0,0.0,0.0,0.0,0.0,0.0,0.0,0.0,0.0,0.0,0.0,0.0,0.0,0.0,0.0,0.0,0.0,0.0,0.0,0.0,0.0,0.0,0.0,0.0,0.0,0.0
1371,0.0,0.0,0.0,0.0,0.0,0.0,0.0,0.0,0.0,0.0,0.0,0.0,0.0,0.0,0.0,0.0,0.0,0.0,0.0,0.0,0.0,0.0,0.0,0.0,0.0,0.0,0.0,0.0,0.0,0.0,0.0,0.0,0.0,0.0,0.0,0.0,0.0,0.0,0.0,0.0,0.0,0.0,0.0,0.0,0.0,0.0,0.0,0.0,0.0,0.0,0.0,0.0,0.0,0.0,0.0,0.0,0.0,0.0,0.0,0.0,0.0,0.0,0.0,0.0,0.0,0.0
1372,0.0,0.0,0.0,0.0,0.0,0.0,0.0,0.0,0.0,0.0,0.0,0.0,0.0,0.0,0.0,0.0,0.0,0.0,0.0,0.0,0.0,0.0,0.0,0.0,0.0,0.0,0.0,0.0,0.0,0.0,0.0,0.0,0.0,0.0,0.0,0.0,0.0,0.0,0.0,0.0,0.0,0.0,0.0,0.0,0.0,0.0,0.0,0.0,0.0,0.0,0.0,0.0,0.0,0.0,0.0,0.0,0.0,0.0,0.0,0.0,0.0,0.0,0.0,0.0,0.0,0.0
1373,0.0,0.0,0.0,0.0,0.0,0.0,0.0,0.0,0.0,0.0,0.0,0.0,0.0,0.0,0.0,0.0,0.0,0.0,0.0,0.0,0.0,0.0,0.0,0.0,0.0,0.0,0.0,0.0,0.0,0.0,0.0,0.0,0.0,0.0,0.0,0.0,0.0,0.0,0.0,0.0,0.0,0.0,0.0,0.0,0.0,0.0,0.0,0.0,0.0,0.0,0.0,0.0,0.0,0.0,0.0,0.0,0.0,0.0,0.0,0.0,0.0,0.0,0.0,0.0,0.0,0.0
1374,0.0,0.0,0.0,0.0,0.0,0.0,0.0,0.0,0.0,0.0,0.0,0.0,0.0,0.0,0.0,0.0,0.0,0.0,0.0,0.0,0.0,0.0,0.0,0.0,0.0,0.0,0.0,0.0,0.0,0.0,0.0,0.0,0.0,0.0,0.0,0.0,0.0,0.0,0.0,0.0,0.0,0.0,0.0,0.0,0.0,0.0,0.0,0.0,0.0,0.0,0.0,0.0,0.0,0.0,0.0,0.0,0.0,0.0,0.0,0.0,0.0,0.0,0.0,0.0,0.0,0.0
1375,0.0,0.0,0.2936,0.0,0.0,0.0,7.33e-5,0.2638276,0.147972105,0.113990571,0.431694286,0.453004286,0.438,0.17791,7.34e-5,0.0,0.0,0.251142308,0.305566061,0.21798,0.231162857,0.10618,0.011008438,0.1077775,0.0,0.0,0.0,0.0,0.0,0.0,0.0,0.0,0.0,0.224415909,2.94e-6,0.051590508,0.520298333,0.441738889,0.394138,0.378821,0.312971667,0.321591628,0.286558421,0.0,0.0,0.0,0.27313,0.00164,0.370866667,0.5564525,0.0,0.0,0.0,0.0,0.0,0.0,0.0,0.0,0.304938333,0.0,0.0,4.83e-5,0.0997,9.55e-6,0.045112,0.045403333
1376,0.0,0.0,0.51185,0.18524,0.143145714,0.184246,0.416616667,0.516338933,0.435958947,0.291756857,0.626962857,0.690246667,0.64302,0.3571,0.488157586,0.490326491,0.302236667,0.456754615,0.461534545,0.36801,0.414121143,0.428424107,0.340884063,0.251705,0.423235,0.39233,0.350572727,0.29626125,0.366754444,0.287682623,0.375138444,0.2385807,0.26296,0.525354545,0.402156863,0.426896441,0.728826667,0.593927778,0.598382,0.590829,0.554805,0.537748372,0.464937368,0.453033333,0.335492222,0.376684286,0.42996,0.31342,0.715796667,0.682796667,0.000831429,0.0,0.094140263,0.307344286,0.272646667,0.254873016,0.01006,0.237496,0.482045,0.409516071,0.508185238,0.486821667,0.543397333,0.421820909,0.3783072,0.419305
1377,0.328156667,0.40455,0.532505,0.34553,0.27902,0.396966,0.55265,0.639243733,0.506393158,0.423361714,0.747050714,0.781402381,0.751985,0.32721,0.690954138,0.691147895,0.484016667,0.645814615,0.516669091,0.5153,0.499140857,0.539315714,0.464130938,0.401321875,0.637144167,0.620861167,0.548664545,0.50479625,0.568221111,0.503168197,0.540290889,0.4826032,0.49149,0.575160455,0.59094451,0.591488475,0.830666667,0.703215556,0.69946,0.603246,0.442323333,0.662949302,0.517851053,0.65352,0.560556667,0.652295143,0.48692,0.39543,0.789173333,0.664843333,0.320602857,0.473806667,0.469980789,0.515494286,0.511725556,0.42564746,0.45752,0.553732,0.509766667,0.568893571,0.701510952,0.666293333,0.700495333,0.604701364,0.528824,0.571375
1378,0.465703333,0.59007,0.5665675,0.58005,0.489972857,0.596958,0.621576667,0.666469867,0.567738947,0.446262286,0.795589286,0.818375238,0.763995,0.36967,0.763281034,0.753451579,0.5959,0.719403077,0.640746667,0.58655,0.579764571,0.575156071,0.545198125,0.43565375,0.736098333,0.706310833,0.630074545,0.62108875,0.696531111,0.598280492,0.648776889,0.6272933,0.62386,0.623103636,0.66581451,0.655452712,0.859135,0.729425556,0.706966,0.608905,0.529181667,0.745604884,0.600824737,0.75053,0.73818,0.743974857,0.61229,0.58616,0.853106667,0.743936667,0.565745714,0.662816667,0.640173158,0.686557143,0.629074444,0.474813492,0.7011,0.715482,0.554865,0.634432857,0.740810952,0.746186667,0.736400667,0.671422727,0.6458748,0.65815
1379,0.535316667,0.61552,0.56629,0.573355,0.589357143,0.699778,0.58567,0.6379536,0.605724737,0.446728,0.818153571,0.839051429,0.77469,0.42937,0.771903103,0.758150351,0.678016667,0.748369231,0.687762424,0.68012,0.599446857,0.5984625,0.584490625,0.43989875,0.7593025,0.741780333,0.669242727,0.67616,0.730445556,0.638193279,0.717976222,0.7002682,0.63837,0.619809545,0.705706863,0.647250169,0.85807,0.736621111,0.709448,0.60657,0.569001667,0.759367907,0.686684737,0.76067,0.753554444,0.753624857,0.56937,0.49805,0.860386667,0.720293333,0.677764286,0.719896667,0.702161842,0.751539286,0.627961111,0.497766508,0.73182,0.753774,0.570826667,0.695496429,0.750722381,0.735936667,0.785089333,0.739164545,0.7376876,0.70127
1380,0.60783,0.69707,0.51915125,0.65939,0.653372857,0.70105,0.567543333,0.5923436,0.546528947,0.498642286,0.814369286,0.837337143,0.74086,0.47877,0.742699655,0.736702632,0.71635,0.646935385,0.644355455,0.68463,0.568278,0.54171875,0.572695625,0.438284375,0.760258333,0.732701333,0.70112,0.680413125,0.765770556,0.67850918,0.729873333,0.733038,0.7435,0.653091364,0.722501765,0.686275932,0.814261667,0.692401111,0.684974,0.555027,0.56299,0.704871395,0.738377368,0.74837,0.743126667,0.740839143,0.61268,0.527,0.85689,0.7411325,0.7231,0.708873333,0.722923947,0.725526429,0.595191111,0.490885079,0.73366,0.735592,0.550688333,0.716035714,0.747133333,0.728625,0.735181333,0.737592273,0.75136,0.695906667
1381,0.66231,0.67509,0.55794125,0.637675,0.682541429,0.653508,0.53648,0.543829467,0.552663158,0.523564286,0.699195714,0.805392381,0.78213,0.50511,0.70892,0.711982632,0.736536667,0.650143077,0.656339394,0.77513,0.583266857,0.4657225,0.555845938,0.435160625,0.749341667,0.729842833,0.706062727,0.697223125,0.769342778,0.713186393,0.744267333,0.7309198,0.78296,0.669425,0.704866471,0.677937797,0.707421667,0.57834,0.623696,0.495927,0.483556667,0.681513256,0.728408947,0.737153333,0.731704444,0.728712857,0.67898,0.5778,0.815123333,0.762188333,0.708502857,0.68441,0.672887632,0.724931429,0.53272,0.466835714,0.69141,0.71933,0.57866,0.710171071,0.714476667,0.67908,0.694219333,0.752756818,0.7249276,0.681951667
1382,0.670896667,0.65992,0.60261,0.709825,0.638248571,0.676918,0.606533333,0.518898533,0.534839474,0.527215714,0.631147857,0.783301429,0.68867,0.49493,0.6456,0.670274737,0.7441,0.658408462,0.598932424,0.62397,0.582618857,0.416091429,0.491895938,0.40796625,0.736746667,0.717802833,0.690681818,0.69026375,0.758631667,0.720906066,0.733597556,0.7103825,0.7696,0.576880909,0.676113529,0.63877322,0.641413333,0.543604444,0.580452,0.501081,0.508096667,0.635955116,0.650299474,0.732773333,0.739125556,0.729241714,0.66421,0.62021,0.748703333,0.7445375,0.603204286,0.664113333,0.633519211,0.672382143,0.506368889,0.48435,0.6835,0.715632,0.62933,0.641432857,0.639907619,0.65522,0.694195333,0.693465909,0.667776,0.633775
1383,0.532126667,0.56584,0.61384875,0.55908,0.582092857,0.662846,0.63913,0.4805508,0.562663158,0.468943429,0.557806429,0.735462381,0.713295,0.52844,0.568432414,0.532450351,0.618423333,0.645710769,0.606211515,0.69402,0.578708286,0.35158625,0.403842188,0.395788125,0.731038333,0.724671,0.688072727,0.698959375,0.715641111,0.710657377,0.615526,0.6587193,0.69475,0.593686818,0.621649804,0.573568305,0.709486667,0.450007778,0.54758,0.541722,0.480711667,0.63297093,0.580313684,0.731903333,0.742243333,0.731760286,0.70413,0.58406,0.720413333,0.664645833,0.442945714,0.585463333,0.563175789,0.68829,0.498786667,0.464200635,0.68701,0.721028,0.58303,0.627327857,0.535702857,0.581708333,0.633296,0.597495455,0.6078048,0.587623333
1384,0.535206667,0.53197,0.44777,0.58073,0.584297143,0.579802,0.66312,0.407615867,0.443605263,0.415785429,0.480625714,0.60226619,0.619505,0.22481,0.536484483,0.464374211,0.58317,0.496144615,0.447879697,0.61253,0.500901714,0.299548393,0.367894375,0.303949375,0.707290833,0.685218833,0.647142727,0.660306875,0.685522222,0.686799836,0.531635111,0.624762,0.58137,0.486992273,0.525086078,0.528399322,0.514588333,0.380476667,0.422114,0.420011,0.440713333,0.545387674,0.505867368,0.710236667,0.712712222,0.713956,0.57027,0.47225,0.5211,0.528024167,0.477587143,0.448203333,0.541209211,0.696509286,0.338898889,0.439089048,0.68541,0.711654,0.512408333,0.552948571,0.437605238,0.53614,0.470051333,0.472545909,0.5397608,0.477585
1385,0.52159,0.52444,0.252105,0.48276,0.510167143,0.481148,0.39239,0.2837588,0.285604737,0.230014,0.365145714,0.430268095,0.450055,0.19953,0.475012414,0.375624912,0.518186667,0.443852308,0.322178485,0.51411,0.425777429,0.26072125,0.321278438,0.259754375,0.626941667,0.608984,0.590224545,0.61745,0.613668889,0.608525082,0.431101333,0.5207089,0.54296,0.401034091,0.394351176,0.43161678,0.325226667,0.276276667,0.261774,0.269163,0.293636667,0.440662558,0.365928947,0.634056667,0.619925556,0.623458,0.44981,0.32415,0.359573333,0.2890225,0.456885714,0.481336667,0.443953158,0.658531429,0.257454444,0.374037937,0.5995,0.626496,0.302573333,0.456765714,0.324497143,0.419623333,0.292912667,0.381863182,0.4230176,0.420726667
1386,0.456186667,0.38554,0.0,0.389155,0.444011429,0.388278,0.37743,0.144355067,0.0,7.71e-6,0.04492,0.036911905,0.146925,0.0,0.327517586,0.199858246,0.300603333,0.229017692,0.211547576,0.3766,0.262482286,0.164080714,0.146456875,0.0191125,0.4266675,0.437132,0.459019091,0.457205,0.419401667,0.438342131,0.272583778,0.3789281,0.27373,0.251099545,0.287197255,0.268347119,0.0,0.0,0.000176,0.0,0.000225,0.247602558,0.216732105,0.426376667,0.401746667,0.390377429,0.0,0.0,0.0,0.0,0.391878571,0.279753333,0.326145789,0.577822857,0.101827778,0.207770952,0.35534,0.237012,0.0,0.305284286,0.21054,0.226063333,0.21058,0.252871364,0.295822,0.26456
1387,0.311273333,0.31197,0.0,0.24111,0.22663,0.179128,0.0,0.0,0.0,0.0,0.0,0.0,0.0,0.0,0.0,0.0,0.0,0.0,0.0,0.0,0.0,0.0,0.0,0.0,0.0,8.33e-7,1.18e-5,0.000151875,1.28e-5,0.004625902,6.47e-5,0.1485074,0.1473,0.0,0.012561373,0.029942203,0.0,0.0,0.0,0.0,0.0,0.0,0.0,0.0,0.0,0.0,0.0,0.0,0.0,0.0,0.253225714,0.25153,0.212885789,0.289899286,0.0,0.0,0.0,0.0,0.0,0.0,0.0,0.0,0.0,0.0,0.0,0.0
1388,0.0,0.0,0.0,0.0,0.0,0.0,0.0,0.0,0.0,0.0,0.0,0.0,0.0,0.0,0.0,0.0,0.0,0.0,0.0,0.0,0.0,0.0,0.0,0.0,0.0,0.0,0.0,0.0,0.0,0.0,0.0,0.0,0.0,0.0,0.0,0.0,0.0,0.0,0.0,0.0,0.0,0.0,0.0,0.0,0.0,0.0,0.0,0.0,0.0,0.0,0.0,0.0,0.0,0.0,0.0,0.0,0.0,0.0,0.0,0.0,0.0,0.0,0.0,0.0,0.0,0.0
1389,0.0,0.0,0.0,0.0,0.0,0.0,0.0,0.0,0.0,0.0,0.0,0.0,0.0,0.0,0.0,0.0,0.0,0.0,0.0,0.0,0.0,0.0,0.0,0.0,0.0,0.0,0.0,0.0,0.0,0.0,0.0,0.0,0.0,0.0,0.0,0.0,0.0,0.0,0.0,0.0,0.0,0.0,0.0,0.0,0.0,0.0,0.0,0.0,0.0,0.0,0.0,0.0,0.0,0.0,0.0,0.0,0.0,0.0,0.0,0.0,0.0,0.0,0.0,0.0,0.0,0.0
1390,0.0,0.0,0.0,0.0,0.0,0.0,0.0,0.0,0.0,0.0,0.0,0.0,0.0,0.0,0.0,0.0,0.0,0.0,0.0,0.0,0.0,0.0,0.0,0.0,0.0,0.0,0.0,0.0,0.0,0.0,0.0,0.0,0.0,0.0,0.0,0.0,0.0,0.0,0.0,0.0,0.0,0.0,0.0,0.0,0.0,0.0,0.0,0.0,0.0,0.0,0.0,0.0,0.0,0.0,0.0,0.0,0.0,0.0,0.0,0.0,0.0,0.0,0.0,0.0,0.0,0.0
1391,0.0,0.0,0.0,0.0,0.0,0.0,0.0,0.0,0.0,0.0,0.0,0.0,0.0,0.0,0.0,0.0,0.0,0.0,0.0,0.0,0.0,0.0,0.0,0.0,0.0,0.0,0.0,0.0,0.0,0.0,0.0,0.0,0.0,0.0,0.0,0.0,0.0,0.0,0.0,0.0,0.0,0.0,0.0,0.0,0.0,0.0,0.0,0.0,0.0,0.0,0.0,0.0,0.0,0.0,0.0,0.0,0.0,0.0,0.0,0.0,0.0,0.0,0.0,0.0,0.0,0.0
1392,0.0,0.0,0.0,0.0,0.0,0.0,0.0,0.0,0.0,0.0,0.0,0.0,0.0,0.0,0.0,0.0,0.0,0.0,0.0,0.0,0.0,0.0,0.0,0.0,0.0,0.0,0.0,0.0,0.0,0.0,0.0,0.0,0.0,0.0,0.0,0.0,0.0,0.0,0.0,0.0,0.0,0.0,0.0,0.0,0.0,0.0,0.0,0.0,0.0,0.0,0.0,0.0,0.0,0.0,0.0,0.0,0.0,0.0,0.0,0.0,0.0,0.0,0.0,0.0,0.0,0.0
1393,0.0,0.0,0.0,0.0,0.0,0.0,0.0,0.0,0.0,0.0,0.0,0.0,0.0,0.0,0.0,0.0,0.0,0.0,0.0,0.0,0.0,0.0,0.0,0.0,0.0,0.0,0.0,0.0,0.0,0.0,0.0,0.0,0.0,0.0,0.0,0.0,0.0,0.0,0.0,0.0,0.0,0.0,0.0,0.0,0.0,0.0,0.0,0.0,0.0,0.0,0.0,0.0,0.0,0.0,0.0,0.0,0.0,0.0,0.0,0.0,0.0,0.0,0.0,0.0,0.0,0.0
1394,0.0,0.0,0.0,0.0,0.0,0.0,0.0,0.0,0.0,0.0,0.0,0.0,0.0,0.0,0.0,0.0,0.0,0.0,0.0,0.0,0.0,0.0,0.0,0.0,0.0,0.0,0.0,0.0,0.0,0.0,0.0,0.0,0.0,0.0,0.0,0.0,0.0,0.0,0.0,0.0,0.0,0.0,0.0,0.0,0.0,0.0,0.0,0.0,0.0,0.0,0.0,0.0,0.0,0.0,0.0,0.0,0.0,0.0,0.0,0.0,0.0,0.0,0.0,0.0,0.0,0.0
1395,0.0,0.0,0.0,0.0,0.0,0.0,0.0,0.0,0.0,0.0,0.0,0.0,0.0,0.0,0.0,0.0,0.0,0.0,0.0,0.0,0.0,0.0,0.0,0.0,0.0,0.0,0.0,0.0,0.0,0.0,0.0,0.0,0.0,0.0,0.0,0.0,0.0,0.0,0.0,0.0,0.0,0.0,0.0,0.0,0.0,0.0,0.0,0.0,0.0,0.0,0.0,0.0,0.0,0.0,0.0,0.0,0.0,0.0,0.0,0.0,0.0,0.0,0.0,0.0,0.0,0.0
1396,0.0,0.0,0.0,0.0,0.0,0.0,0.0,0.0,0.0,0.0,0.0,0.0,0.0,0.0,0.0,0.0,0.0,0.0,0.0,0.0,0.0,0.0,0.0,0.0,0.0,0.0,0.0,0.0,0.0,0.0,0.0,0.0,0.0,0.0,0.0,0.0,0.0,0.0,0.0,0.0,0.0,0.0,0.0,0.0,0.0,0.0,0.0,0.0,0.0,0.0,0.0,0.0,0.0,0.0,0.0,0.0,0.0,0.0,0.0,0.0,0.0,0.0,0.0,0.0,0.0,0.0
1397,0.0,0.0,0.0,0.0,0.0,0.0,0.0,0.0,0.0,0.0,0.0,0.0,0.0,0.0,0.0,0.0,0.0,0.0,0.0,0.0,0.0,0.0,0.0,0.0,0.0,0.0,0.0,0.0,0.0,0.0,0.0,0.0,0.0,0.0,0.0,0.0,0.0,0.0,0.0,0.0,0.0,0.0,0.0,0.0,0.0,0.0,0.0,0.0,0.0,0.0,0.0,0.0,0.0,0.0,0.0,0.0,0.0,0.0,0.0,0.0,0.0,0.0,0.0,0.0,0.0,0.0
1398,0.0,0.0,0.0,0.0,0.0,0.0,0.0,0.0,0.0,0.0,0.0,0.0,0.0,0.0,0.0,0.0,0.0,0.0,0.0,0.0,0.0,0.0,0.0,0.0,0.0,0.0,0.0,0.0,0.0,0.0,0.0,0.0,0.0,0.0,0.0,0.0,0.0,0.0,0.0,0.0,0.0,0.0,0.0,0.0,0.0,0.0,0.0,0.0,0.0,0.0,0.0,0.0,0.0,0.0,0.0,0.0,0.0,0.0,0.0,0.0,0.0,0.0,0.0,0.0,0.0,0.0
1399,0.0,0.0,0.2537725,0.0,0.0,0.0,0.000206667,0.280757067,0.160028947,0.118194286,0.441125,0.477875714,0.473415,0.22644,0.000162414,3.51e-7,0.0,0.293655385,0.287079394,0.29166,0.265544857,0.143424286,0.026897813,0.031313125,0.0,0.0,0.0,0.0,0.0,0.0,0.0,0.0,0.0,0.223381364,7.84e-6,0.056228644,0.495216667,0.341317778,0.27879,0.209625,0.204166667,0.380415814,0.373234737,0.0,0.0,0.0,0.36871,0.0026,0.376143333,0.503791667,0.0,0.0,0.0,0.0,0.0,0.0,0.0,0.0,0.274355,0.0,0.0,0.000136667,0.181298,0.000103182,0.0680468,0.047101667
1400,0.0,0.0,0.5572125,0.28625,0.24741,0.319546,0.40776,0.536073067,0.460896316,0.344613429,0.710575714,0.690052381,0.649645,0.43191,0.503063793,0.513584211,0.405626667,0.558165385,0.505924545,0.52081,0.501552286,0.558986607,0.58104375,0.1962175,0.3480675,0.341231833,0.335826364,0.32353,0.36769,0.354522459,0.326813556,0.2760299,0.29967,0.502362727,0.392004118,0.406300169,0.729981667,0.475744444,0.591144,0.481287,0.460005,0.622570233,0.648447895,0.44109,0.362577778,0.351342571,0.62417,0.55423,0.729233333,0.615775,0.00036,5.0e-5,0.093481842,0.309716429,0.267455556,0.206838254,0.009,0.305402,0.507411667,0.370931071,0.370937143,0.35938,0.556806,0.430875909,0.490426,0.475578333
1401,0.330843333,0.37753,0.59755375,0.50029,0.372054286,0.498268,0.565926667,0.644666533,0.580267895,0.420996286,0.803313571,0.779984286,0.793305,0.55041,0.693246207,0.704170526,0.63508,0.716143846,0.654952121,0.62842,0.592403429,0.718352857,0.707584688,0.465005,0.548225833,0.548090333,0.537042727,0.50568125,0.556805,0.582217705,0.50439,0.5238229,0.57382,0.623648636,0.599563137,0.565630339,0.788975,0.573406667,0.619784,0.520745,0.54505,0.74219814,0.765390526,0.55808,0.582502222,0.589815143,0.73407,0.63944,0.747873333,0.60384,0.414388571,0.345866667,0.448140263,0.544281429,0.507216667,0.332097302,0.70843,0.703942,0.471025,0.564878214,0.549627619,0.5821,0.742112667,0.560102273,0.6197376,0.586043333
1402,0.52604,0.55751,0.5731675,0.63856,0.565045714,0.684906,0.640803333,0.689767333,0.573117368,0.445856857,0.779065,0.761458571,0.690325,0.59902,0.745870345,0.772112982,0.68742,0.762766923,0.708838182,0.7038,0.668274286,0.754114286,0.755328125,0.484004375,0.615124167,0.666144833,0.636157273,0.63247125,0.639633889,0.670660656,0.591246444,0.6337492,0.5828,0.626928636,0.655400196,0.630348475,0.791171667,0.665352222,0.534084,0.471839,0.423641667,0.790929767,0.773427895,0.677123333,0.701833333,0.650577429,0.76052,0.71008,0.804366667,0.707921667,0.543314286,0.57851,0.585136579,0.717319286,0.475785556,0.344484762,0.75045,0.747844,0.582758333,0.579585357,0.600207143,0.595473333,0.801034,0.645949545,0.679182,0.659766667
1403,0.64889,0.69609,0.53621,0.68478,0.636094286,0.721876,0.706426667,0.701483733,0.550043158,0.457025429,0.814567143,0.768726667,0.79029,0.64435,0.766338276,0.787448246,0.73444,0.798842308,0.755380606,0.75304,0.725723429,0.766909286,0.767063125,0.479766875,0.66312,0.698558833,0.716278182,0.677023125,0.699366667,0.719694262,0.666542222,0.6876255,0.66423,0.706599091,0.714032549,0.681784576,0.79356,0.616065556,0.540412,0.499379,0.43131,0.81003814,0.809398947,0.70959,0.73522,0.666804857,0.75347,0.74338,0.774206667,0.706813333,0.571708571,0.631833333,0.629986316,0.749652143,0.485445556,0.344885873,0.73257,0.741848,0.609598333,0.642586071,0.594359524,0.644108333,0.809068,0.686728182,0.7300608,0.683763333
1404,0.635126667,0.71859,0.5637075,0.740165,0.700267143,0.709604,0.695086667,0.702693733,0.601867368,0.469818,0.811567143,0.758338571,0.78769,0.63782,0.769707931,0.782519649,0.752566667,0.756896154,0.739287273,0.7825,0.691973714,0.74294,0.726132188,0.4620375,0.693930833,0.707829333,0.715219091,0.684254375,0.722395556,0.74340459,0.703750444,0.7187967,0.72118,0.716674545,0.70643,0.710356949,0.80731,0.602487778,0.553894,0.493315,0.444586667,0.806357209,0.783890526,0.615116667,0.728194444,0.677327143,0.7421,0.72353,0.780526667,0.756020833,0.514788571,0.592836667,0.641190263,0.750531429,0.486427778,0.359571111,0.70898,0.701838,0.565456667,0.650855,0.65382381,0.687936667,0.807752667,0.73711,0.7341528,0.719555
1405,0.701773333,0.75215,0.45480375,0.685965,0.622895714,0.665744,0.71272,0.675901333,0.610847368,0.473448286,0.793117143,0.775005238,0.82595,0.52966,0.746744828,0.753154561,0.75148,0.755867692,0.734476061,0.77071,0.64398,0.680399464,0.63615875,0.414105,0.711008333,0.707606833,0.719180909,0.709595625,0.715452222,0.738932623,0.716821778,0.7002528,0.76061,0.645361364,0.651202157,0.657905424,0.76688,0.574336667,0.538472,0.470198,0.39678,0.807523256,0.794218947,0.650466667,0.725336667,0.668827429,0.73498,0.669,0.764146667,0.746004167,0.5194,0.56911,0.625227895,0.713590714,0.486244444,0.32462127,0.6818,0.67355,0.574868333,0.65528,0.635516667,0.690165,0.767426667,0.698725,0.6268868,0.65367
1406,0.625073333,0.58301,0.5785,0.646665,0.586282857,0.701348,0.69463,0.626049733,0.551447368,0.456011429,0.777997857,0.75299619,0.78118,0.63862,0.696343793,0.625659474,0.684703333,0.715626923,0.75635,0.78062,0.618779429,0.568925714,0.5145425,0.37975875,0.713920833,0.718185667,0.710878182,0.718415625,0.689821667,0.717828852,0.658404,0.6515677,0.74024,0.615204091,0.641501569,0.614968983,0.733655,0.532567778,0.546222,0.47795,0.377961667,0.787887209,0.758588947,0.672,0.734902222,0.665830857,0.73203,0.65492,0.721756667,0.73068,0.564251429,0.560163333,0.549962632,0.731372857,0.421224444,0.245645079,0.66986,0.641642,0.656103333,0.601868929,0.59933619,0.607061667,0.726123333,0.673975455,0.6672868,0.611113333
1407,0.612473333,0.49152,0.51230875,0.585925,0.535164286,0.621212,0.664066667,0.538198267,0.619602105,0.498595143,0.696617857,0.705443333,0.683535,0.59807,0.645187931,0.45807,0.35354,0.728431538,0.676167273,0.70937,0.633528571,0.499892143,0.415498438,0.33582125,0.716215,0.715033667,0.704631818,0.71412875,0.616520556,0.678212131,0.442464444,0.6054891,0.7557,0.576894545,0.576381569,0.604181356,0.687465,0.49648,0.399388,0.439706,0.304148333,0.74259814,0.662298947,0.689343333,0.717606667,0.668282,0.70771,0.55845,0.73592,0.660093333,0.464154286,0.499853333,0.492823684,0.683549286,0.282886667,0.157210794,0.63268,0.479768,0.615348333,0.543568571,0.49764619,0.586953333,0.577940667,0.517685909,0.6102152,0.678753333
1408,0.538913333,0.36744,0.45027,0.649965,0.570194286,0.577746,0.636586667,0.463079467,0.554351579,0.391899429,0.618175714,0.636780952,0.49366,0.58862,0.593103103,0.414922456,0.33747,0.596675385,0.56658697,0.62262,0.539624286,0.482806786,0.397332188,0.245968125,0.702368333,0.653229,0.655980909,0.675856875,0.652842222,0.658425738,0.396076889,0.572279,0.70439,0.516415,0.515121569,0.504811017,0.496801667,0.46515,0.269582,0.440668,0.222445,0.672956279,0.523722632,0.70505,0.565776667,0.622141714,0.61605,0.47042,0.608333333,0.523389167,0.525321429,0.352773333,0.567761316,0.710937857,0.153554444,0.125628571,0.46689,0.529434,0.623091667,0.507145714,0.471824286,0.519775,0.458002667,0.471783182,0.519916,0.541975
1409,0.37557,0.54633,0.31445125,0.609765,0.485864286,0.514856,0.50713,0.36967,0.402874211,0.329879429,0.470943571,0.526207619,0.48728,0.38641,0.492827931,0.321552807,0.297386667,0.510962308,0.470009697,0.53654,0.498504857,0.357912857,0.26497875,0.177291875,0.626009167,0.6081505,0.624469091,0.535345,0.580218333,0.596588525,0.287890444,0.516084,0.55048,0.393969545,0.436237451,0.459404746,0.296683333,0.294673333,0.25601,0.292563,0.17879,0.545961395,0.411215263,0.630993333,0.469007778,0.502104857,0.53379,0.4364,0.371503333,0.376065833,0.414164286,0.396343333,0.479986316,0.616449286,0.081816667,0.070387302,0.25124,0.435972,0.402341667,0.416549286,0.339920476,0.430976667,0.312781333,0.397825,0.4279724,0.506935
1410,0.405476667,0.51134,0.0,0.42143,0.4391,0.365948,0.34154,0.172058133,0.0,6.29e-5,0.024229286,0.040255714,0.16298,0.0,0.314825172,0.195895614,0.15888,0.277783077,0.276878788,0.34349,0.281115714,0.227055893,0.1451125,0.01891125,0.419213333,0.440851,0.428142727,0.357386875,0.404399444,0.44376,0.193916667,0.3885223,0.32123,0.248216364,0.274273137,0.30081,0.0,0.0,0.000128,0.0,2.83e-5,0.288247674,0.210204211,0.420686667,0.335061111,0.297706,0.0,0.0,0.0,0.0,0.310034286,0.268843333,0.316821579,0.491458571,0.011257778,0.038109048,0.16446,0.139354,0.0,0.295706429,0.223935238,0.219086667,0.204334,0.260924545,0.2263156,0.283048333
1411,0.273693333,0.34685,0.0,0.303555,0.244794286,0.209696,0.0,0.0,0.0,0.0,0.0,0.0,0.0,0.0,0.0,0.0,0.0,0.0,0.0,0.0,0.0,0.0,0.0,0.0,0.0,5.83e-6,0.000107273,0.000125,2.44e-5,0.00503623,6.56e-5,0.1751079,0.21559,0.0,0.015403725,0.040867288,0.0,0.0,0.0,0.0,0.0,0.0,0.0,0.0,0.0,0.0,0.0,0.0,0.0,0.0,0.251385714,0.26013,0.210507895,0.310534286,0.0,0.0,0.0,0.0,0.0,0.0,0.0,0.0,0.0,0.0,0.0,0.0
1412,0.0,0.0,0.0,0.0,0.0,0.0,0.0,0.0,0.0,0.0,0.0,0.0,0.0,0.0,0.0,0.0,0.0,0.0,0.0,0.0,0.0,0.0,0.0,0.0,0.0,0.0,0.0,0.0,0.0,0.0,0.0,0.0,0.0,0.0,0.0,0.0,0.0,0.0,0.0,0.0,0.0,0.0,0.0,0.0,0.0,0.0,0.0,0.0,0.0,0.0,0.0,0.0,0.0,0.0,0.0,0.0,0.0,0.0,0.0,0.0,0.0,0.0,0.0,0.0,0.0,0.0
1413,0.0,0.0,0.0,0.0,0.0,0.0,0.0,0.0,0.0,0.0,0.0,0.0,0.0,0.0,0.0,0.0,0.0,0.0,0.0,0.0,0.0,0.0,0.0,0.0,0.0,0.0,0.0,0.0,0.0,0.0,0.0,0.0,0.0,0.0,0.0,0.0,0.0,0.0,0.0,0.0,0.0,0.0,0.0,0.0,0.0,0.0,0.0,0.0,0.0,0.0,0.0,0.0,0.0,0.0,0.0,0.0,0.0,0.0,0.0,0.0,0.0,0.0,0.0,0.0,0.0,0.0
1414,0.0,0.0,0.0,0.0,0.0,0.0,0.0,0.0,0.0,0.0,0.0,0.0,0.0,0.0,0.0,0.0,0.0,0.0,0.0,0.0,0.0,0.0,0.0,0.0,0.0,0.0,0.0,0.0,0.0,0.0,0.0,0.0,0.0,0.0,0.0,0.0,0.0,0.0,0.0,0.0,0.0,0.0,0.0,0.0,0.0,0.0,0.0,0.0,0.0,0.0,0.0,0.0,0.0,0.0,0.0,0.0,0.0,0.0,0.0,0.0,0.0,0.0,0.0,0.0,0.0,0.0
1415,0.0,0.0,0.0,0.0,0.0,0.0,0.0,0.0,0.0,0.0,0.0,0.0,0.0,0.0,0.0,0.0,0.0,0.0,0.0,0.0,0.0,0.0,0.0,0.0,0.0,0.0,0.0,0.0,0.0,0.0,0.0,0.0,0.0,0.0,0.0,0.0,0.0,0.0,0.0,0.0,0.0,0.0,0.0,0.0,0.0,0.0,0.0,0.0,0.0,0.0,0.0,0.0,0.0,0.0,0.0,0.0,0.0,0.0,0.0,0.0,0.0,0.0,0.0,0.0,0.0,0.0
1416,0.0,0.0,0.0,0.0,0.0,0.0,0.0,0.0,0.0,0.0,0.0,0.0,0.0,0.0,0.0,0.0,0.0,0.0,0.0,0.0,0.0,0.0,0.0,0.0,0.0,0.0,0.0,0.0,0.0,0.0,0.0,0.0,0.0,0.0,0.0,0.0,0.0,0.0,0.0,0.0,0.0,0.0,0.0,0.0,0.0,0.0,0.0,0.0,0.0,0.0,0.0,0.0,0.0,0.0,0.0,0.0,0.0,0.0,0.0,0.0,0.0,0.0,0.0,0.0,0.0,0.0
1417,0.0,0.0,0.0,0.0,0.0,0.0,0.0,0.0,0.0,0.0,0.0,0.0,0.0,0.0,0.0,0.0,0.0,0.0,0.0,0.0,0.0,0.0,0.0,0.0,0.0,0.0,0.0,0.0,0.0,0.0,0.0,0.0,0.0,0.0,0.0,0.0,0.0,0.0,0.0,0.0,0.0,0.0,0.0,0.0,0.0,0.0,0.0,0.0,0.0,0.0,0.0,0.0,0.0,0.0,0.0,0.0,0.0,0.0,0.0,0.0,0.0,0.0,0.0,0.0,0.0,0.0
1418,0.0,0.0,0.0,0.0,0.0,0.0,0.0,0.0,0.0,0.0,0.0,0.0,0.0,0.0,0.0,0.0,0.0,0.0,0.0,0.0,0.0,0.0,0.0,0.0,0.0,0.0,0.0,0.0,0.0,0.0,0.0,0.0,0.0,0.0,0.0,0.0,0.0,0.0,0.0,0.0,0.0,0.0,0.0,0.0,0.0,0.0,0.0,0.0,0.0,0.0,0.0,0.0,0.0,0.0,0.0,0.0,0.0,0.0,0.0,0.0,0.0,0.0,0.0,0.0,0.0,0.0
1419,0.0,0.0,0.0,0.0,0.0,0.0,0.0,0.0,0.0,0.0,0.0,0.0,0.0,0.0,0.0,0.0,0.0,0.0,0.0,0.0,0.0,0.0,0.0,0.0,0.0,0.0,0.0,0.0,0.0,0.0,0.0,0.0,0.0,0.0,0.0,0.0,0.0,0.0,0.0,0.0,0.0,0.0,0.0,0.0,0.0,0.0,0.0,0.0,0.0,0.0,0.0,0.0,0.0,0.0,0.0,0.0,0.0,0.0,0.0,0.0,0.0,0.0,0.0,0.0,0.0,0.0
1420,0.0,0.0,0.0,0.0,0.0,0.0,0.0,0.0,0.0,0.0,0.0,0.0,0.0,0.0,0.0,0.0,0.0,0.0,0.0,0.0,0.0,0.0,0.0,0.0,0.0,0.0,0.0,0.0,0.0,0.0,0.0,0.0,0.0,0.0,0.0,0.0,0.0,0.0,0.0,0.0,0.0,0.0,0.0,0.0,0.0,0.0,0.0,0.0,0.0,0.0,0.0,0.0,0.0,0.0,0.0,0.0,0.0,0.0,0.0,0.0,0.0,0.0,0.0,0.0,0.0,0.0
1421,0.0,0.0,0.0,0.0,0.0,0.0,0.0,0.0,0.0,0.0,0.0,0.0,0.0,0.0,0.0,0.0,0.0,0.0,0.0,0.0,0.0,0.0,0.0,0.0,0.0,0.0,0.0,0.0,0.0,0.0,0.0,0.0,0.0,0.0,0.0,0.0,0.0,0.0,0.0,0.0,0.0,0.0,0.0,0.0,0.0,0.0,0.0,0.0,0.0,0.0,0.0,0.0,0.0,0.0,0.0,0.0,0.0,0.0,0.0,0.0,0.0,0.0,0.0,0.0,0.0,0.0
1422,0.0,0.0,0.0,0.0,0.0,0.0,0.0,0.0,0.0,0.0,0.0,0.0,0.0,0.0,0.0,0.0,0.0,0.0,0.0,0.0,0.0,0.0,0.0,0.0,0.0,0.0,0.0,0.0,0.0,0.0,0.0,0.0,0.0,0.0,0.0,0.0,0.0,0.0,0.0,0.0,0.0,0.0,0.0,0.0,0.0,0.0,0.0,0.0,0.0,0.0,0.0,0.0,0.0,0.0,0.0,0.0,0.0,0.0,0.0,0.0,0.0,0.0,0.0,0.0,0.0,0.0
1423,0.0,0.0,0.41897625,0.0,0.0,0.0,0.00017,0.334300667,0.30508,0.174434286,0.439070714,0.469748571,0.43501,0.3338,0.000122069,4.56e-6,0.0,0.336033077,0.417839697,0.39077,0.294627714,0.197855893,0.072523438,0.2070425,0.0,0.0,0.0,0.0,0.0,0.0,0.0,0.0,0.0,0.265036364,2.04e-5,0.06157678,0.514646667,0.251823333,0.360358,0.277264,0.271888333,0.41434093,0.437081053,0.0,0.0,0.0,0.38836,0.00318,0.373186667,0.467353333,0.0,0.0,0.0,0.0,0.0,0.0,0.0,0.0,0.354836667,0.0,0.0,0.000166667,0.21754,4.41e-5,0.0848088,0.11839
1424,0.0,0.0,0.6165475,0.207075,0.165642857,0.355516,0.427006667,0.5937332,0.569422632,0.442416286,0.664605714,0.681840476,0.63188,0.48267,0.434364483,0.356133333,0.34387,0.607804615,0.614947576,0.63264,0.541058286,0.577065536,0.481609063,0.50384375,0.456204167,0.325515,0.237378182,0.138989375,0.323301111,0.312969016,0.355751333,0.2705684,0.39438,0.566439545,0.42784902,0.413801186,0.711125,0.387187778,0.571966,0.540908,0.555286667,0.649538372,0.656546316,0.430076667,0.376777778,0.150371143,0.62788,0.63186,0.71396,0.591763333,0.000495714,3.33e-5,0.084854474,0.345461429,0.167438889,0.234236032,0.00363,0.049742,0.57394,0.502425714,0.551581905,0.534171667,0.60735,0.473100455,0.55223,0.423988333
1425,0.34271,0.35235,0.6340975,0.41924,0.379338571,0.574886,0.534093333,0.733512267,0.595757895,0.569743143,0.749052857,0.769488571,0.78713,0.62553,0.580165862,0.559165263,0.551093333,0.75124,0.745883636,0.7517,0.615081714,0.70776375,0.608289375,0.720370625,0.658365,0.531516,0.460639091,0.3106025,0.526231667,0.504163115,0.495683778,0.510379,0.53546,0.654031818,0.581793725,0.569419322,0.689471667,0.516856667,0.680688,0.687801,0.706261667,0.79242814,0.783377895,0.645633333,0.574937778,0.268813429,0.73314,0.72537,0.720013333,0.538045833,0.292582857,0.189253333,0.294291579,0.619777143,0.289641111,0.392841429,0.09274,0.0937,0.645605,0.678648571,0.709561429,0.697358333,0.737379333,0.627339545,0.7070008,0.602205
1426,0.464336667,0.55341,0.69585875,0.64167,0.495475714,0.693652,0.684333333,0.767094133,0.655524211,0.569383714,0.799312857,0.800839048,0.79409,0.67632,0.66601069,0.675618246,0.681313333,0.794040769,0.800756667,0.81899,0.70132,0.767420714,0.69534,0.80452125,0.7320175,0.6345005,0.604538182,0.510394375,0.609615,0.611601311,0.583489111,0.6340625,0.71642,0.710712273,0.686992549,0.670976102,0.750443333,0.538711111,0.774634,0.689617,0.690845,0.826628372,0.799272105,0.722476667,0.687142222,0.377604286,0.7561,0.74609,0.68594,0.5018025,0.536938571,0.346863333,0.508067895,0.744557857,0.412477778,0.456226825,0.14506,0.191886,0.665535,0.743988214,0.748498571,0.741236667,0.807382667,0.716380909,0.7735684,0.735596667
1427,0.468446667,0.55432,0.6084775,0.63918,0.597032857,0.736688,0.71569,0.792381467,0.616648421,0.602688857,0.817624286,0.721425714,0.824535,0.6562,0.708651034,0.721623684,0.701946667,0.819429231,0.795497273,0.83262,0.731035714,0.772424464,0.715725313,0.809064375,0.749664167,0.6860525,0.660110909,0.5897075,0.69587,0.697332787,0.616358222,0.6963713,0.72927,0.728251818,0.704182941,0.716018814,0.721295,0.481666667,0.73114,0.63932,0.776156667,0.839918837,0.786840526,0.73744,0.698757778,0.483366286,0.74424,0.74073,0.644766667,0.531404167,0.608562857,0.51222,0.596712632,0.778042857,0.449895556,0.483811905,0.27789,0.20521,0.545485,0.750448571,0.747370952,0.745313333,0.812668,0.753979091,0.7773204,0.736008333
1428,0.579133333,0.6086,0.621855,0.670735,0.659352857,0.76311,0.738986667,0.801008267,0.610574737,0.619373714,0.819405,0.651994762,0.78274,0.70072,0.724447241,0.731135439,0.718156667,0.829356923,0.754997879,0.82635,0.736296,0.772629821,0.739701563,0.800189375,0.742875,0.691363,0.635501818,0.5900125,0.686567222,0.703718852,0.625546444,0.6739701,0.69724,0.702385455,0.715532549,0.702086271,0.708775,0.451653333,0.772928,0.697406,0.820795,0.833201163,0.793401053,0.728263333,0.675817778,0.550932571,0.73793,0.72955,0.55446,0.466183333,0.618625714,0.567036667,0.635320526,0.750511429,0.470368889,0.479950317,0.22045,0.244344,0.552966667,0.744544643,0.736451905,0.732431667,0.812239333,0.782565455,0.8091604,0.749728333
1429,0.661896667,0.63631,0.52343125,0.668065,0.631704286,0.70358,0.71647,0.8018176,0.51929,0.582412,0.811152857,0.666487143,0.80356,0.72233,0.721327241,0.712882105,0.70868,0.818563846,0.755987273,0.82591,0.727979143,0.750141071,0.690553125,0.783800625,0.736471667,0.682248333,0.661590909,0.6016525,0.598202778,0.693628689,0.666076,0.6483703,0.67963,0.645179545,0.715784706,0.680270169,0.697225,0.577345556,0.768068,0.671256,0.835083333,0.835701163,0.756786842,0.71804,0.683068889,0.541954286,0.7326,0.72299,0.532936667,0.507641667,0.630845714,0.620483333,0.605535263,0.721525,0.479458889,0.459254921,0.21893,0.219676,0.55619,0.711291429,0.710563333,0.719993333,0.801339333,0.78078,0.796574,0.788796667
1430,0.701333333,0.68237,0.5784,0.70442,0.634448571,0.69516,0.670086667,0.791673733,0.533577895,0.56746,0.814737857,0.715742381,0.81183,0.7645,0.716753448,0.615447193,0.59451,0.810416154,0.699118182,0.74753,0.741107429,0.688742143,0.626510625,0.76182375,0.730496667,0.652692,0.651066364,0.56895125,0.600660556,0.652898197,0.561319556,0.6228808,0.7622,0.629465455,0.705671569,0.678922034,0.714473333,0.54612,0.775438,0.632591,0.844888333,0.826376047,0.736085789,0.710126667,0.667165556,0.539387143,0.73813,0.72659,0.591693333,0.481443333,0.54696,0.477243333,0.550249474,0.689059286,0.476371111,0.461138571,0.11071,0.214012,0.49687,0.667830357,0.665157619,0.668015,0.784061333,0.772817727,0.76356,0.768538333
1431,0.410593333,0.26837,0.491755,0.47678,0.643478571,0.669294,0.653243333,0.783231067,0.474020526,0.56884,0.790117857,0.691980476,0.77371,0.78491,0.683830345,0.505808246,0.37181,0.783586154,0.682268485,0.66647,0.687463714,0.663785,0.551177188,0.73086125,0.712765833,0.615923333,0.620407273,0.580951875,0.582795556,0.592185738,0.43346,0.6122841,0.70465,0.591572727,0.680127451,0.662140508,0.638655,0.513975556,0.774842,0.656335,0.82486,0.808143488,0.650494211,0.709796667,0.720413333,0.494733714,0.73272,0.72085,0.512183333,0.517045,0.444992857,0.51085,0.505281316,0.653502857,0.428657778,0.428272381,0.10587,0.155132,0.511988333,0.599777143,0.595186667,0.605545,0.741314,0.727331364,0.672952,0.719235
1432,0.36118,0.38413,0.34188,0.66602,0.583102857,0.68165,0.623493333,0.717311333,0.442818421,0.508767429,0.733878571,0.585791429,0.731205,0.7279,0.653496552,0.402241404,0.306513333,0.727948462,0.610716667,0.62932,0.593224857,0.612264107,0.423586563,0.6967025,0.687196667,0.5491645,0.597002727,0.58786375,0.458378889,0.538871148,0.419522222,0.52292,0.63107,0.513769545,0.608256863,0.610269322,0.597155,0.544194444,0.664826,0.492014,0.742868333,0.760823488,0.640422105,0.67045,0.632441111,0.513290571,0.68573,0.67619,0.410603333,0.439051667,0.533148571,0.55567,0.577290789,0.64032,0.182926667,0.219637619,0.04377,0.180374,0.394135,0.647276429,0.503031905,0.516243333,0.719896,0.666124091,0.597838,0.649721667
1433,0.288193333,0.43581,0.2680625,0.504355,0.517687143,0.559676,0.506853333,0.609503867,0.324902105,0.365575714,0.599695,0.510322857,0.578645,0.54579,0.528977931,0.299385263,0.164933333,0.630693077,0.475809091,0.45592,0.479006857,0.542286071,0.377713438,0.597665,0.593798333,0.456797,0.548179091,0.4693925,0.319245556,0.429764918,0.292104667,0.4175688,0.50465,0.460788636,0.478944118,0.463558983,0.499345,0.38091,0.530054,0.294964,0.618745,0.640583256,0.517861053,0.585546667,0.523966667,0.373354571,0.54252,0.49903,0.40855,0.362964167,0.397077143,0.503616667,0.480961053,0.539877857,0.148698889,0.134423492,0.02056,0.120786,0.288435,0.540411071,0.39396381,0.408166667,0.566023333,0.459976818,0.4957136,0.473373333
1434,0.296,0.28592,0.0,0.45039,0.354762857,0.44961,0.276873333,0.2990632,0.0,0.000165143,0.028807857,0.053373333,0.1572,0.0,0.3416,0.196137895,0.156746667,0.341315385,0.315944545,0.34818,0.315179429,0.318154286,0.179642813,0.045856875,0.3560175,0.323795167,0.355166364,0.310266875,0.232242222,0.303093115,0.229521556,0.2801847,0.46106,0.27116,0.338251569,0.327636271,0.0,0.0,0.000204,0.0,0.000286667,0.349282791,0.279717895,0.37936,0.366763333,0.211187714,0.0,0.0,0.0,0.0,0.278371429,0.40422,0.341137105,0.447902857,0.1108,0.08425,0.00127,0.078798,0.0,0.337890714,0.232360476,0.195633333,0.363950667,0.303807727,0.3247376,0.310205
1435,0.18808,0.05447,0.0,0.228955,0.23936,0.250316,0.0,0.0,0.0,0.0,0.0,0.0,0.0,0.0,0.0,0.0,0.0,0.0,0.0,0.0,0.0,0.0,0.0,0.0,0.0,2.45e-5,0.000227273,0.000534375,0.0,0.002342295,7.11e-5,0.1319388,0.00081,0.0,0.014982157,0.033195424,0.0,0.0,0.0,0.0,0.0,0.0,0.0,0.0,0.0,0.0,0.0,0.0,0.0,0.0,0.175371429,0.15039,0.201443421,0.248235,0.0,0.0,0.0,0.0,0.0,0.0,0.0,0.0,0.0,0.0,0.0,0.0
1436,0.0,0.0,0.0,0.0,0.0,0.0,0.0,0.0,0.0,0.0,0.0,0.0,0.0,0.0,0.0,0.0,0.0,0.0,0.0,0.0,0.0,0.0,0.0,0.0,0.0,0.0,0.0,0.0,0.0,0.0,0.0,0.0,0.0,0.0,0.0,0.0,0.0,0.0,0.0,0.0,0.0,0.0,0.0,0.0,0.0,0.0,0.0,0.0,0.0,0.0,0.0,0.0,0.0,0.0,0.0,0.0,0.0,0.0,0.0,0.0,0.0,0.0,0.0,0.0,0.0,0.0
1437,0.0,0.0,0.0,0.0,0.0,0.0,0.0,0.0,0.0,0.0,0.0,0.0,0.0,0.0,0.0,0.0,0.0,0.0,0.0,0.0,0.0,0.0,0.0,0.0,0.0,0.0,0.0,0.0,0.0,0.0,0.0,0.0,0.0,0.0,0.0,0.0,0.0,0.0,0.0,0.0,0.0,0.0,0.0,0.0,0.0,0.0,0.0,0.0,0.0,0.0,0.0,0.0,0.0,0.0,0.0,0.0,0.0,0.0,0.0,0.0,0.0,0.0,0.0,0.0,0.0,0.0
1438,0.0,0.0,0.0,0.0,0.0,0.0,0.0,0.0,0.0,0.0,0.0,0.0,0.0,0.0,0.0,0.0,0.0,0.0,0.0,0.0,0.0,0.0,0.0,0.0,0.0,0.0,0.0,0.0,0.0,0.0,0.0,0.0,0.0,0.0,0.0,0.0,0.0,0.0,0.0,0.0,0.0,0.0,0.0,0.0,0.0,0.0,0.0,0.0,0.0,0.0,0.0,0.0,0.0,0.0,0.0,0.0,0.0,0.0,0.0,0.0,0.0,0.0,0.0,0.0,0.0,0.0
1439,0.0,0.0,0.0,0.0,0.0,0.0,0.0,0.0,0.0,0.0,0.0,0.0,0.0,0.0,0.0,0.0,0.0,0.0,0.0,0.0,0.0,0.0,0.0,0.0,0.0,0.0,0.0,0.0,0.0,0.0,0.0,0.0,0.0,0.0,0.0,0.0,0.0,0.0,0.0,0.0,0.0,0.0,0.0,0.0,0.0,0.0,0.0,0.0,0.0,0.0,0.0,0.0,0.0,0.0,0.0,0.0,0.0,0.0,0.0,0.0,0.0,0.0,0.0,0.0,0.0,0.0
1440,0.0,0.0,0.0,0.0,0.0,0.0,0.0,0.0,0.0,0.0,0.0,0.0,0.0,0.0,0.0,0.0,0.0,0.0,0.0,0.0,0.0,0.0,0.0,0.0,0.0,0.0,0.0,0.0,0.0,0.0,0.0,0.0,0.0,0.0,0.0,0.0,0.0,0.0,0.0,0.0,0.0,0.0,0.0,0.0,0.0,0.0,0.0,0.0,0.0,0.0,0.0,0.0,0.0,0.0,0.0,0.0,0.0,0.0,0.0,0.0,0.0,0.0,0.0,0.0,0.0,0.0
1441,0.0,0.0,0.0,0.0,0.0,0.0,0.0,0.0,0.0,0.0,0.0,0.0,0.0,0.0,0.0,0.0,0.0,0.0,0.0,0.0,0.0,0.0,0.0,0.0,0.0,0.0,0.0,0.0,0.0,0.0,0.0,0.0,0.0,0.0,0.0,0.0,0.0,0.0,0.0,0.0,0.0,0.0,0.0,0.0,0.0,0.0,0.0,0.0,0.0,0.0,0.0,0.0,0.0,0.0,0.0,0.0,0.0,0.0,0.0,0.0,0.0,0.0,0.0,0.0,0.0,0.0
1442,0.0,0.0,0.0,0.0,0.0,0.0,0.0,0.0,0.0,0.0,0.0,0.0,0.0,0.0,0.0,0.0,0.0,0.0,0.0,0.0,0.0,0.0,0.0,0.0,0.0,0.0,0.0,0.0,0.0,0.0,0.0,0.0,0.0,0.0,0.0,0.0,0.0,0.0,0.0,0.0,0.0,0.0,0.0,0.0,0.0,0.0,0.0,0.0,0.0,0.0,0.0,0.0,0.0,0.0,0.0,0.0,0.0,0.0,0.0,0.0,0.0,0.0,0.0,0.0,0.0,0.0
1443,0.0,0.0,0.0,0.0,0.0,0.0,0.0,0.0,0.0,0.0,0.0,0.0,0.0,0.0,0.0,0.0,0.0,0.0,0.0,0.0,0.0,0.0,0.0,0.0,0.0,0.0,0.0,0.0,0.0,0.0,0.0,0.0,0.0,0.0,0.0,0.0,0.0,0.0,0.0,0.0,0.0,0.0,0.0,0.0,0.0,0.0,0.0,0.0,0.0,0.0,0.0,0.0,0.0,0.0,0.0,0.0,0.0,0.0,0.0,0.0,0.0,0.0,0.0,0.0,0.0,0.0
1444,0.0,0.0,0.0,0.0,0.0,0.0,0.0,0.0,0.0,0.0,0.0,0.0,0.0,0.0,0.0,0.0,0.0,0.0,0.0,0.0,0.0,0.0,0.0,0.0,0.0,0.0,0.0,0.0,0.0,0.0,0.0,0.0,0.0,0.0,0.0,0.0,0.0,0.0,0.0,0.0,0.0,0.0,0.0,0.0,0.0,0.0,0.0,0.0,0.0,0.0,0.0,0.0,0.0,0.0,0.0,0.0,0.0,0.0,0.0,0.0,0.0,0.0,0.0,0.0,0.0,0.0
1445,0.0,0.0,0.0,0.0,0.0,0.0,0.0,0.0,0.0,0.0,0.0,0.0,0.0,0.0,0.0,0.0,0.0,0.0,0.0,0.0,0.0,0.0,0.0,0.0,0.0,0.0,0.0,0.0,0.0,0.0,0.0,0.0,0.0,0.0,0.0,0.0,0.0,0.0,0.0,0.0,0.0,0.0,0.0,0.0,0.0,0.0,0.0,0.0,0.0,0.0,0.0,0.0,0.0,0.0,0.0,0.0,0.0,0.0,0.0,0.0,0.0,0.0,0.0,0.0,0.0,0.0
1446,0.0,0.0,0.0,0.0,0.0,0.0,0.0,0.0,0.0,0.0,0.0,0.0,0.0,0.0,0.0,0.0,0.0,0.0,0.0,0.0,0.0,0.0,0.0,0.0,0.0,0.0,0.0,0.0,0.0,0.0,0.0,0.0,0.0,0.0,0.0,0.0,0.0,0.0,0.0,0.0,0.0,0.0,0.0,0.0,0.0,0.0,0.0,0.0,0.0,0.0,0.0,0.0,0.0,0.0,0.0,0.0,0.0,0.0,0.0,0.0,0.0,0.0,0.0,0.0,0.0,0.0
1447,0.0,0.0,0.455665,0.0,0.0,0.0,0.0,0.349354933,0.123444737,0.168791714,0.477413571,0.474785238,0.47976,0.31638,0.000155172,2.19e-5,0.0,0.357777692,0.401259697,0.38924,0.262791714,0.213940536,0.087328125,0.209275625,0.0,0.0,0.0,0.0,0.0,0.0,0.0,0.0,0.0,0.205576818,1.24e-5,0.055261864,0.54563,0.232047778,0.304034,0.315867,0.348361667,0.401186279,0.463022632,0.0,0.0,0.0,0.27364,0.00342,0.39209,0.43445,0.0,0.0,0.0,0.0,0.0,0.0,0.0,0.0,0.32076,0.0,0.0,0.000155,0.25294,0.000185909,0.1069324,0.116201667
1448,0.0,0.0,0.59875375,0.25426,0.193657143,0.319046,0.36221,0.613946667,0.350055789,0.424772,0.703722143,0.708988095,0.66428,0.5209,0.402054483,0.42941193,0.369376667,0.659906154,0.636010606,0.57071,0.486760857,0.578450893,0.582195938,0.49943625,0.208108333,0.109670667,0.132289091,0.049999375,0.337126111,0.292666066,0.397098667,0.2494608,0.28087,0.520665455,0.344062157,0.417142034,0.75548,0.5123,0.54894,0.667654,0.547776667,0.672410233,0.701138421,0.07482,0.192372222,0.122469143,0.31791,0.62722,0.752596667,0.594899167,0.019784286,0.0,0.088317105,0.299735,0.000422222,0.033304603,0.00069,0.032094,0.501773333,0.315644286,0.386830952,0.322435,0.630032667,0.551746818,0.5503408,0.553043333
1449,0.161083333,0.11372,0.6007425,0.47286,0.410995714,0.527712,0.498853333,0.714456267,0.403114211,0.535932,0.834841429,0.799961905,0.791305,0.66088,0.598564483,0.618782281,0.547836667,0.79002,0.769932121,0.7545,0.621960857,0.709103571,0.71252,0.69676,0.448346667,0.273556833,0.313811818,0.172110625,0.55932,0.516792787,0.607737778,0.501717,0.49624,0.628481818,0.489481961,0.563598983,0.7958,0.655992222,0.700722,0.775511,0.741825,0.775677442,0.809463684,0.2136,0.323414444,0.251071143,0.4713,0.71753,0.809006667,0.625291667,0.330188571,0.019553333,0.329451053,0.521493571,0.027645556,0.086374762,0.01384,0.118644,0.46333,0.463205357,0.558694286,0.48664,0.772524,0.712506818,0.7205888,0.689696667
1450,0.22063,0.16896,0.58132625,0.65503,0.58263,0.608252,0.532353333,0.7622576,0.462152632,0.490578286,0.878926429,0.838243333,0.853095,0.76767,0.666840345,0.71721386,0.661823333,0.832841538,0.817430909,0.80554,0.694142286,0.780886429,0.775921563,0.7971525,0.553288333,0.410485667,0.509403636,0.37302,0.660242778,0.612148689,0.69585,0.6148394,0.64041,0.599456818,0.577369608,0.622060678,0.847296667,0.607244444,0.827114,0.777299,0.814528333,0.816027442,0.846543684,0.43591,0.443885556,0.428630286,0.51399,0.7079,0.817843333,0.61564,0.504032857,0.146766667,0.493743947,0.626860714,0.05009,0.114217302,0.04226,0.22551,0.495138333,0.532880714,0.655455714,0.619338333,0.825304,0.779267727,0.7747648,0.771508333
1451,0.341086667,0.19628,0.54251875,0.642635,0.652424286,0.606954,0.645783333,0.7913692,0.530431053,0.508250857,0.88098,0.839430952,0.829735,0.73404,0.697246897,0.77078,0.69343,0.836173077,0.819024848,0.84711,0.75518,0.794328929,0.790005,0.800851875,0.641094167,0.517987833,0.612913636,0.538409375,0.686977778,0.679044426,0.728328444,0.6891786,0.69503,0.648837273,0.638693529,0.652222034,0.841765,0.637326667,0.844676,0.772675,0.83209,0.834825349,0.849521053,0.567876667,0.572264444,0.536682286,0.65403,0.72722,0.797596667,0.6046525,0.622162857,0.154996667,0.599260789,0.749091429,0.066497778,0.156672381,0.06609,0.30706,0.619691667,0.583703929,0.662817143,0.643526667,0.833522667,0.799134091,0.8028424,0.773908333
1452,0.47698,0.19054,0.54064875,0.725565,0.684074286,0.654112,0.600463333,0.785904267,0.583623158,0.515592,0.874142857,0.80177381,0.84663,0.77384,0.724784828,0.780829298,0.729093333,0.831695385,0.809947273,0.84523,0.766942571,0.79433,0.786423438,0.789420625,0.651538333,0.595427167,0.665250909,0.624180625,0.717963889,0.708592623,0.741021333,0.7242129,0.63524,0.707028182,0.672691569,0.670635593,0.844943333,0.66425,0.836876,0.690093,0.864818333,0.839531628,0.844053158,0.605763333,0.660423333,0.591191429,0.63158,0.72954,0.787513333,0.551886667,0.67026,0.309213333,0.643542895,0.724048571,0.096073333,0.172290159,0.16949,0.47691,0.571246667,0.650301071,0.688591905,0.675791667,0.82681,0.799807727,0.809532,0.808783333
1453,0.506743333,0.24583,0.50186625,0.62145,0.670114286,0.714984,0.44914,0.782985333,0.548142632,0.487032857,0.864991429,0.766644762,0.83854,0.73909,0.689832069,0.771597018,0.741543333,0.825589231,0.776767273,0.83456,0.779301429,0.784621071,0.773848125,0.692520625,0.631109167,0.611151333,0.671074545,0.642770625,0.694639444,0.673228525,0.716818222,0.710588,0.72007,0.689795,0.699806667,0.715227458,0.853143333,0.714196667,0.853152,0.653172,0.864325,0.836058837,0.826151053,0.539,0.69972,0.563044286,0.67467,0.70862,0.78231,0.6179925,0.658288571,0.365113333,0.649983158,0.700620714,0.103448889,0.160940317,0.23015,0.393576,0.615635,0.6548375,0.670977143,0.66135,0.817126,0.793461818,0.7964128,0.818423333
1454,0.489653333,0.39569,0.5772175,0.726035,0.625574286,0.712816,0.582636667,0.773738533,0.556462632,0.461398,0.852172143,0.762751429,0.816395,0.68169,0.652803448,0.748302105,0.74906,0.810582308,0.76283697,0.82299,0.778465429,0.770601964,0.762882813,0.617744375,0.522820833,0.613437667,0.670472727,0.650829375,0.621174444,0.628997049,0.712822,0.6948676,0.78813,0.704855909,0.716655098,0.696040678,0.829065,0.739806667,0.824122,0.656174,0.856696667,0.822713023,0.790653158,0.55097,0.671925556,0.524952286,0.65632,0.71633,0.776023333,0.640318333,0.568851429,0.424396667,0.629371316,0.638658571,0.083254444,0.149585079,0.1212,0.352378,0.527903333,0.637212857,0.654048095,0.670213333,0.805526667,0.783029091,0.797338,0.805028333
1455,0.442456667,0.35188,0.5530825,0.5741,0.601405714,0.679012,0.64794,0.7366596,0.582032632,0.470675714,0.827148571,0.76072381,0.751755,0.70854,0.599923103,0.654573684,0.720853333,0.756114615,0.708533636,0.68683,0.723158,0.757381786,0.752855,0.542741875,0.393763333,0.576652667,0.623862727,0.619754375,0.583973889,0.55630082,0.649565333,0.6601614,0.71276,0.658529545,0.682819412,0.683396102,0.786258333,0.749686667,0.804314,0.56172,0.835958333,0.804507209,0.783400526,0.55967,0.663935556,0.483848571,0.72579,0.72224,0.71754,0.670916667,0.496082857,0.280346667,0.553519737,0.626107143,0.059947778,0.110857143,0.12132,0.336912,0.504146667,0.602313214,0.64107381,0.621433333,0.788132667,0.765115,0.773364,0.785983333
1456,0.40333,0.32293,0.45169375,0.627545,0.567781429,0.654906,0.61998,0.679191867,0.463939474,0.347003429,0.765453571,0.667832857,0.730945,0.66726,0.514774138,0.544723333,0.537613333,0.712277692,0.622050303,0.62845,0.662739714,0.70501375,0.703842188,0.49003625,0.2524275,0.467450167,0.529513636,0.5219575,0.518812222,0.503878361,0.588812444,0.5964548,0.60686,0.606343636,0.639912549,0.639397288,0.71684,0.449981111,0.680738,0.351278,0.759348333,0.75823907,0.711672632,0.510043333,0.560162222,0.471208571,0.67121,0.69188,0.65964,0.6676725,0.481067143,0.376003333,0.564827368,0.532822857,0.042915556,0.048709683,0.22086,0.29869,0.343403333,0.497576429,0.58414619,0.570973333,0.744791333,0.724916364,0.738114,0.734775
1457,0.259926667,0.23621,0.28472875,0.582615,0.496262857,0.464156,0.420213333,0.572250267,0.359270526,0.251311143,0.608147143,0.527567619,0.55144,0.55055,0.40794931,0.441717719,0.49219,0.623557692,0.540595758,0.54243,0.525745714,0.601307143,0.606000313,0.317620625,0.204168333,0.354459667,0.507525455,0.40957625,0.455628889,0.450653443,0.508561111,0.5337864,0.37042,0.488382273,0.550561373,0.529432373,0.545956667,0.364664444,0.4845,0.265986,0.592788333,0.638063023,0.581662632,0.39865,0.362153333,0.339745714,0.5224,0.55088,0.540253333,0.515905833,0.425377143,0.30531,0.504128421,0.458892857,0.029042222,0.026708889,0.17644,0.122244,0.32679,0.381091429,0.466069048,0.462993333,0.603395333,0.632878636,0.6385008,0.614795
1458,0.21452,0.18797,0.0,0.395865,0.341148571,0.3979,0.160846667,0.29368,0.0,8.66e-5,0.029557143,0.051354762,0.165625,0.0,0.222668966,0.251941404,0.353426667,0.339825385,0.330861515,0.3827,0.332118571,0.338216607,0.263165938,0.04895,0.131581667,0.231473,0.356501818,0.30877125,0.289800556,0.292328033,0.388056222,0.3724507,0.23627,0.258786818,0.383004118,0.35814322,0.0,0.0,0.000224,0.0,0.00022,0.349115814,0.300743684,0.262023333,0.21692,0.146488,0.0,0.0,0.0,0.0,0.232794286,0.26152,0.352148947,0.318068571,0.005591111,0.007459841,0.13306,0.043432,0.0,0.213877857,0.209309048,0.140095,0.388234667,0.409127273,0.38097,0.376365
1459,0.106463333,0.07425,0.0,0.201335,0.194367143,0.214726,0.0,0.0,0.0,0.0,0.0,0.0,0.0,0.0,0.0,0.0,0.0,0.0,0.0,0.0,0.0,0.0,0.0,0.0,0.0,1.75e-5,0.000227273,0.000439375,0.0,0.007432787,9.98e-5,0.1471788,0.00016,0.0,0.015829608,0.037541017,0.0,0.0,0.0,0.0,0.0,0.0,0.0,0.0,0.0,0.0,0.0,0.0,0.0,0.0,0.106741429,0.177363333,0.172634737,0.172881429,0.0,0.0,0.0,0.0,0.0,0.0,0.0,0.0,0.0,0.0,0.0,0.0
1460,0.0,0.0,0.0,0.0,0.0,0.0,0.0,0.0,0.0,0.0,0.0,0.0,0.0,0.0,0.0,0.0,0.0,0.0,0.0,0.0,0.0,0.0,0.0,0.0,0.0,0.0,0.0,0.0,0.0,0.0,0.0,0.0,0.0,0.0,0.0,0.0,0.0,0.0,0.0,0.0,0.0,0.0,0.0,0.0,0.0,0.0,0.0,0.0,0.0,0.0,0.0,0.0,0.0,0.0,0.0,0.0,0.0,0.0,0.0,0.0,0.0,0.0,0.0,0.0,0.0,0.0
1461,0.0,0.0,0.0,0.0,0.0,0.0,0.0,0.0,0.0,0.0,0.0,0.0,0.0,0.0,0.0,0.0,0.0,0.0,0.0,0.0,0.0,0.0,0.0,0.0,0.0,0.0,0.0,0.0,0.0,0.0,0.0,0.0,0.0,0.0,0.0,0.0,0.0,0.0,0.0,0.0,0.0,0.0,0.0,0.0,0.0,0.0,0.0,0.0,0.0,0.0,0.0,0.0,0.0,0.0,0.0,0.0,0.0,0.0,0.0,0.0,0.0,0.0,0.0,0.0,0.0,0.0
1462,0.0,0.0,0.0,0.0,0.0,0.0,0.0,0.0,0.0,0.0,0.0,0.0,0.0,0.0,0.0,0.0,0.0,0.0,0.0,0.0,0.0,0.0,0.0,0.0,0.0,0.0,0.0,0.0,0.0,0.0,0.0,0.0,0.0,0.0,0.0,0.0,0.0,0.0,0.0,0.0,0.0,0.0,0.0,0.0,0.0,0.0,0.0,0.0,0.0,0.0,0.0,0.0,0.0,0.0,0.0,0.0,0.0,0.0,0.0,0.0,0.0,0.0,0.0,0.0,0.0,0.0
1463,0.0,0.0,0.0,0.0,0.0,0.0,0.0,0.0,0.0,0.0,0.0,0.0,0.0,0.0,0.0,0.0,0.0,0.0,0.0,0.0,0.0,0.0,0.0,0.0,0.0,0.0,0.0,0.0,0.0,0.0,0.0,0.0,0.0,0.0,0.0,0.0,0.0,0.0,0.0,0.0,0.0,0.0,0.0,0.0,0.0,0.0,0.0,0.0,0.0,0.0,0.0,0.0,0.0,0.0,0.0,0.0,0.0,0.0,0.0,0.0,0.0,0.0,0.0,0.0,0.0,0.0
1464,0.0,0.0,0.0,0.0,0.0,0.0,0.0,0.0,0.0,0.0,0.0,0.0,0.0,0.0,0.0,0.0,0.0,0.0,0.0,0.0,0.0,0.0,0.0,0.0,0.0,0.0,0.0,0.0,0.0,0.0,0.0,0.0,0.0,0.0,0.0,0.0,0.0,0.0,0.0,0.0,0.0,0.0,0.0,0.0,0.0,0.0,0.0,0.0,0.0,0.0,0.0,0.0,0.0,0.0,0.0,0.0,0.0,0.0,0.0,0.0,0.0,0.0,0.0,0.0,0.0,0.0
1465,0.0,0.0,0.0,0.0,0.0,0.0,0.0,0.0,0.0,0.0,0.0,0.0,0.0,0.0,0.0,0.0,0.0,0.0,0.0,0.0,0.0,0.0,0.0,0.0,0.0,0.0,0.0,0.0,0.0,0.0,0.0,0.0,0.0,0.0,0.0,0.0,0.0,0.0,0.0,0.0,0.0,0.0,0.0,0.0,0.0,0.0,0.0,0.0,0.0,0.0,0.0,0.0,0.0,0.0,0.0,0.0,0.0,0.0,0.0,0.0,0.0,0.0,0.0,0.0,0.0,0.0
1466,0.0,0.0,0.0,0.0,0.0,0.0,0.0,0.0,0.0,0.0,0.0,0.0,0.0,0.0,0.0,0.0,0.0,0.0,0.0,0.0,0.0,0.0,0.0,0.0,0.0,0.0,0.0,0.0,0.0,0.0,0.0,0.0,0.0,0.0,0.0,0.0,0.0,0.0,0.0,0.0,0.0,0.0,0.0,0.0,0.0,0.0,0.0,0.0,0.0,0.0,0.0,0.0,0.0,0.0,0.0,0.0,0.0,0.0,0.0,0.0,0.0,0.0,0.0,0.0,0.0,0.0
1467,0.0,0.0,0.0,0.0,0.0,0.0,0.0,0.0,0.0,0.0,0.0,0.0,0.0,0.0,0.0,0.0,0.0,0.0,0.0,0.0,0.0,0.0,0.0,0.0,0.0,0.0,0.0,0.0,0.0,0.0,0.0,0.0,0.0,0.0,0.0,0.0,0.0,0.0,0.0,0.0,0.0,0.0,0.0,0.0,0.0,0.0,0.0,0.0,0.0,0.0,0.0,0.0,0.0,0.0,0.0,0.0,0.0,0.0,0.0,0.0,0.0,0.0,0.0,0.0,0.0,0.0
1468,0.0,0.0,0.0,0.0,0.0,0.0,0.0,0.0,0.0,0.0,0.0,0.0,0.0,0.0,0.0,0.0,0.0,0.0,0.0,0.0,0.0,0.0,0.0,0.0,0.0,0.0,0.0,0.0,0.0,0.0,0.0,0.0,0.0,0.0,0.0,0.0,0.0,0.0,0.0,0.0,0.0,0.0,0.0,0.0,0.0,0.0,0.0,0.0,0.0,0.0,0.0,0.0,0.0,0.0,0.0,0.0,0.0,0.0,0.0,0.0,0.0,0.0,0.0,0.0,0.0,0.0
1469,0.0,0.0,0.0,0.0,0.0,0.0,0.0,0.0,0.0,0.0,0.0,0.0,0.0,0.0,0.0,0.0,0.0,0.0,0.0,0.0,0.0,0.0,0.0,0.0,0.0,0.0,0.0,0.0,0.0,0.0,0.0,0.0,0.0,0.0,0.0,0.0,0.0,0.0,0.0,0.0,0.0,0.0,0.0,0.0,0.0,0.0,0.0,0.0,0.0,0.0,0.0,0.0,0.0,0.0,0.0,0.0,0.0,0.0,0.0,0.0,0.0,0.0,0.0,0.0,0.0,0.0
1470,0.0,0.0,0.0,0.0,0.0,0.0,0.0,0.0,0.0,0.0,0.0,0.0,0.0,0.0,0.0,0.0,0.0,0.0,0.0,0.0,0.0,0.0,0.0,0.0,0.0,0.0,0.0,0.0,0.0,0.0,0.0,0.0,0.0,0.0,0.0,0.0,0.0,0.0,0.0,0.0,0.0,0.0,0.0,0.0,0.0,0.0,0.0,0.0,0.0,0.0,0.0,0.0,0.0,0.0,0.0,0.0,0.0,0.0,0.0,0.0,0.0,0.0,0.0,0.0,0.0,0.0
1471,0.0,0.0,0.402815,0.0,0.0,0.0,0.00031,0.358587867,0.188845263,0.138906286,0.396528571,0.513907619,0.517655,0.18751,0.015682759,3.47e-5,0.0,0.378306154,0.370002121,0.37159,0.247850571,0.206354107,0.094805625,0.068814375,0.0,0.0,0.0,0.0,0.0,0.0,0.0,0.0,0.0,0.263103636,4.22e-5,0.058374068,0.535318333,0.398244444,0.346996,0.359718,0.160791667,0.409253256,0.446593158,0.0,0.0,0.0,0.29262,0.00378,0.38966,0.496581667,0.0,0.0,0.0,0.0,0.0,0.0,0.0,0.0,0.273368333,0.0,9.52e-6,0.000258333,0.283406,0.000276364,0.1374488,0.107425
1472,0.0,0.0,0.542015,0.170975,0.12284,0.254544,0.43551,0.6204308,0.495562105,0.376924286,0.578626429,0.742314762,0.72438,0.45021,0.397474138,0.484997719,0.434383333,0.653630769,0.561004242,0.57705,0.477394,0.558536786,0.61800625,0.266981875,0.2384425,0.206872667,0.144515455,0.076120625,0.260113889,0.299158033,0.435406222,0.2544331,0.32447,0.536215,0.434751569,0.361671695,0.751625,0.582406667,0.616638,0.565187,0.399263333,0.66346,0.697808947,0.156446667,0.105202222,0.090029714,0.49348,0.56488,0.777686667,0.527294167,0.03586,6.0e-5,0.07531,0.074535,0.000328889,0.000632857,0.00257,0.021228,0.392403333,0.3154,0.477881429,0.382906667,0.639954667,0.568453182,0.564832,0.43441
1473,0.039543333,0.01715,0.60684625,0.283945,0.305567143,0.467372,0.378753333,0.714363067,0.63081,0.512360857,0.638442857,0.817778571,0.81238,0.55766,0.561665172,0.649125965,0.5745,0.777327692,0.69112,0.72847,0.594422286,0.684506607,0.744691875,0.424333125,0.417780833,0.3747255,0.228493636,0.1704625,0.450567778,0.515100164,0.600340667,0.484156,0.47251,0.597558636,0.616757647,0.528287966,0.795996667,0.577552222,0.685472,0.658287,0.532723333,0.765873023,0.789875263,0.269443333,0.236092222,0.16957,0.68402,0.69028,0.822726667,0.556090833,0.363694286,0.138,0.307938158,0.187887143,0.00602,0.00750127,0.05115,0.097062,0.521621667,0.458975357,0.639635714,0.49902,0.776609333,0.722937273,0.7221916,0.603535
1474,0.22926,0.12467,0.6099125,0.484105,0.449714286,0.634966,0.544886667,0.754097067,0.632314737,0.557092857,0.723380714,0.841531905,0.784855,0.69544,0.638458966,0.72753807,0.65784,0.830173077,0.76675,0.76738,0.678731143,0.741311964,0.78953,0.5095925,0.567105833,0.533005333,0.367382727,0.367173125,0.563938333,0.638214262,0.688483333,0.6624825,0.5052,0.625784545,0.682260392,0.642777119,0.840235,0.67206,0.771468,0.701581,0.635586667,0.823675349,0.814741053,0.53355,0.354634444,0.283738571,0.75329,0.76205,0.813026667,0.4713725,0.538778571,0.364546667,0.524871579,0.263222143,0.015651111,0.020643651,0.07365,0.194082,0.554148333,0.542833214,0.714983333,0.585253333,0.826223333,0.785662273,0.7827428,0.742553333
1475,0.349526667,0.23616,0.57596625,0.56657,0.52753,0.64556,0.654963333,0.7586544,0.626932105,0.585562857,0.754862857,0.836452381,0.82656,0.59613,0.713876552,0.748357193,0.719003333,0.838356154,0.788245455,0.77862,0.727062286,0.752310893,0.78925125,0.59391,0.672975,0.602684167,0.461606364,0.490885,0.611496667,0.705085902,0.722523333,0.7236354,0.52908,0.613279545,0.708344314,0.694703729,0.83256,0.676988889,0.798218,0.711969,0.753756667,0.828775116,0.822881579,0.652436667,0.454386667,0.369432286,0.75552,0.7651,0.75424,0.47347,0.625294286,0.550536667,0.653245,0.313297857,0.027923333,0.041790317,0.08434,0.201304,0.569403333,0.612923929,0.727984762,0.646241667,0.831495333,0.801497727,0.8108732,0.766445
1476,0.344646667,0.37544,0.54848625,0.503635,0.572447143,0.628786,0.618446667,0.747604667,0.606137895,0.606850571,0.793525714,0.8027,0.836545,0.66591,0.732906552,0.764342632,0.753246667,0.77524,0.72582303,0.76928,0.687816857,0.757009107,0.780594688,0.6286275,0.681474167,0.655621833,0.520300909,0.566545625,0.666115556,0.724559672,0.721611333,0.7385197,0.62858,0.688466364,0.706495686,0.685109322,0.816338333,0.622823333,0.766458,0.722965,0.776805,0.808645814,0.738068421,0.627826667,0.429846667,0.434523714,0.74583,0.75345,0.684993333,0.518803333,0.621994286,0.680816667,0.701330526,0.455042143,0.044267778,0.061918095,0.09281,0.238064,0.500071667,0.663321071,0.716678095,0.661985,0.821438,0.797742273,0.8075732,0.714286667
1477,0.334176667,0.30723,0.65761,0.56967,0.6166,0.599006,0.615383333,0.7155044,0.623553684,0.584384571,0.828137857,0.775094762,0.81107,0.64136,0.736605862,0.763469123,0.757976667,0.725383077,0.693223333,0.77104,0.686312,0.68095375,0.734775938,0.5491775,0.685646667,0.661802833,0.528894545,0.6007025,0.689737778,0.731575902,0.745524444,0.735856,0.7227,0.652624091,0.691030392,0.684952712,0.739978333,0.529754444,0.761202,0.664247,0.783931667,0.795123023,0.682806316,0.64767,0.472957778,0.483934571,0.74298,0.74212,0.59567,0.4820075,0.687975714,0.69852,0.705203947,0.486143571,0.043042222,0.068837302,0.0828,0.18106,0.568266667,0.676804643,0.701284286,0.669706667,0.805819333,0.788579545,0.7736748,0.73343
1478,0.348343333,0.50184,0.57280875,0.608135,0.574298571,0.673146,0.589763333,0.695515467,0.548622632,0.548585714,0.833825714,0.72952619,0.79365,0.62558,0.715486552,0.753387018,0.74492,0.750889231,0.638940909,0.76016,0.691618286,0.611155357,0.720666563,0.4964525,0.6574675,0.664507333,0.570381818,0.5919725,0.622288889,0.701440492,0.711982444,0.7031257,0.72974,0.632056818,0.695812941,0.672686441,0.718305,0.513828889,0.768742,0.637517,0.819126667,0.789113256,0.641394211,0.65753,0.456693333,0.519482286,0.74094,0.75807,0.557746667,0.56196,0.694372857,0.71377,0.694574737,0.479701429,0.034302222,0.066239524,0.11725,0.179912,0.515821667,0.687085,0.71203,0.681663333,0.787135333,0.773412273,0.738682,0.736543333
1479,0.400166667,0.36217,0.54045625,0.594725,0.563205714,0.705394,0.478726667,0.6674576,0.511300526,0.553873714,0.779377857,0.700555238,0.77378,0.64133,0.646184483,0.699982281,0.731793333,0.637913077,0.622657273,0.6329,0.628796,0.581031786,0.647614063,0.483650625,0.6033375,0.637708167,0.533516364,0.550030625,0.601282222,0.674597377,0.647138889,0.6844619,0.71304,0.592106364,0.693355294,0.629749322,0.583405,0.440895556,0.687048,0.541882,0.802653333,0.743013721,0.615206842,0.64309,0.521223333,0.505645714,0.73393,0.74128,0.50732,0.5498175,0.702342857,0.67639,0.699395526,0.499131429,0.02698,0.052029365,0.03948,0.099874,0.519891667,0.680178571,0.699369048,0.69381,0.758855333,0.751602727,0.6912976,0.692385
1480,0.182683333,0.4082,0.393905,0.605645,0.54425,0.665784,0.453316667,0.6110584,0.417526842,0.391357714,0.634668571,0.559452857,0.60927,0.50689,0.582256897,0.582295263,0.685163333,0.665045385,0.574271515,0.62583,0.612206286,0.523796786,0.543920625,0.408060625,0.614898333,0.5951975,0.475153636,0.490933125,0.599725556,0.647381148,0.582046222,0.610067,0.72276,0.547968182,0.642131373,0.647364576,0.541283333,0.411286667,0.513194,0.433237,0.639555,0.704225581,0.589093684,0.583533333,0.514267778,0.464915143,0.66541,0.69549,0.43886,0.397648333,0.546188571,0.55944,0.594260526,0.483473571,0.017162222,0.036839524,0.02106,0.078898,0.53937,0.617211786,0.595807619,0.653545,0.727939333,0.717478636,0.6861688,0.651425
1481,0.186383333,0.39961,0.27274875,0.42244,0.485197143,0.54966,0.474713333,0.527908933,0.367835789,0.330840571,0.496674286,0.473968095,0.57263,0.40959,0.505582414,0.411616842,0.5356,0.550458462,0.463873333,0.52845,0.550727429,0.41155875,0.46803625,0.321450625,0.502611667,0.515103,0.407470909,0.437468125,0.514528333,0.599601967,0.504446667,0.5658929,0.59819,0.487373182,0.545373922,0.558641525,0.414303333,0.342095556,0.401216,0.227993,0.500555,0.600433721,0.523847895,0.50525,0.404606667,0.347715714,0.48284,0.51972,0.368473333,0.343365,0.459947143,0.562683333,0.523433421,0.442215714,0.004818889,0.021421905,0.00386,0.039236,0.478826667,0.507786786,0.474169048,0.49891,0.573544,0.621658182,0.5720572,0.591506667
1482,0.124863333,0.19972,0.0,0.320885,0.356505714,0.398932,0.32498,0.278626133,0.0,0.000103143,0.028139286,0.04487,0.18202,0.0,0.324999655,0.239532982,0.388693333,0.334854615,0.326241818,0.35632,0.368289429,0.241541429,0.21931125,0.035825,0.3263225,0.317372667,0.263964545,0.231100625,0.329497222,0.421097213,0.358794889,0.4025108,0.47891,0.314627727,0.370630588,0.377513559,0.0,0.0,0.000202,0.0,0.000235,0.34026093,0.295743158,0.343913333,0.209883333,0.133076571,0.0,0.0,0.0,0.0,0.327235714,0.45412,0.404076316,0.395265714,6.11e-5,0.009010794,0.0,0.001024,0.0,0.335875357,0.258520952,0.174601667,0.367328667,0.404277727,0.3564116,0.394955
1483,0.09471,0.23413,0.0,0.254255,0.158865714,0.261662,0.0,0.0,0.0,0.0,0.0,0.0,0.0,0.0,0.0,0.0,0.0,0.0,0.0,0.0,0.0,0.0,0.0,0.0,0.0,1.55e-5,3.18e-5,0.00058375,0.0,0.00778,0.000162222,0.141476,0.0,0.0,0.018263725,0.037222203,0.0,0.0,0.0,0.0,0.0,0.0,0.0,0.0,0.0,0.0,0.0,0.0,0.0,0.0,0.170707143,0.312553333,0.227745526,0.175740714,0.0,0.0,0.0,0.0,0.0,0.0,0.0,0.0,0.0,0.0,0.0,0.0
1484,0.0,0.0,0.0,0.0,0.0,0.0,0.0,0.0,0.0,0.0,0.0,0.0,0.0,0.0,0.0,0.0,0.0,0.0,0.0,0.0,0.0,0.0,0.0,0.0,0.0,0.0,0.0,0.0,0.0,0.0,0.0,0.0,0.0,0.0,0.0,0.0,0.0,0.0,0.0,0.0,0.0,0.0,0.0,0.0,0.0,0.0,0.0,0.0,0.0,0.0,0.0,0.0,0.0,0.0,0.0,0.0,0.0,0.0,0.0,0.0,0.0,0.0,0.0,0.0,0.0,0.0
1485,0.0,0.0,0.0,0.0,0.0,0.0,0.0,0.0,0.0,0.0,0.0,0.0,0.0,0.0,0.0,0.0,0.0,0.0,0.0,0.0,0.0,0.0,0.0,0.0,0.0,0.0,0.0,0.0,0.0,0.0,0.0,0.0,0.0,0.0,0.0,0.0,0.0,0.0,0.0,0.0,0.0,0.0,0.0,0.0,0.0,0.0,0.0,0.0,0.0,0.0,0.0,0.0,0.0,0.0,0.0,0.0,0.0,0.0,0.0,0.0,0.0,0.0,0.0,0.0,0.0,0.0
1486,0.0,0.0,0.0,0.0,0.0,0.0,0.0,0.0,0.0,0.0,0.0,0.0,0.0,0.0,0.0,0.0,0.0,0.0,0.0,0.0,0.0,0.0,0.0,0.0,0.0,0.0,0.0,0.0,0.0,0.0,0.0,0.0,0.0,0.0,0.0,0.0,0.0,0.0,0.0,0.0,0.0,0.0,0.0,0.0,0.0,0.0,0.0,0.0,0.0,0.0,0.0,0.0,0.0,0.0,0.0,0.0,0.0,0.0,0.0,0.0,0.0,0.0,0.0,0.0,0.0,0.0
1487,0.0,0.0,0.0,0.0,0.0,0.0,0.0,0.0,0.0,0.0,0.0,0.0,0.0,0.0,0.0,0.0,0.0,0.0,0.0,0.0,0.0,0.0,0.0,0.0,0.0,0.0,0.0,0.0,0.0,0.0,0.0,0.0,0.0,0.0,0.0,0.0,0.0,0.0,0.0,0.0,0.0,0.0,0.0,0.0,0.0,0.0,0.0,0.0,0.0,0.0,0.0,0.0,0.0,0.0,0.0,0.0,0.0,0.0,0.0,0.0,0.0,0.0,0.0,0.0,0.0,0.0
1488,0.0,0.0,0.0,0.0,0.0,0.0,0.0,0.0,0.0,0.0,0.0,0.0,0.0,0.0,0.0,0.0,0.0,0.0,0.0,0.0,0.0,0.0,0.0,0.0,0.0,0.0,0.0,0.0,0.0,0.0,0.0,0.0,0.0,0.0,0.0,0.0,0.0,0.0,0.0,0.0,0.0,0.0,0.0,0.0,0.0,0.0,0.0,0.0,0.0,0.0,0.0,0.0,0.0,0.0,0.0,0.0,0.0,0.0,0.0,0.0,0.0,0.0,0.0,0.0,0.0,0.0
1489,0.0,0.0,0.0,0.0,0.0,0.0,0.0,0.0,0.0,0.0,0.0,0.0,0.0,0.0,0.0,0.0,0.0,0.0,0.0,0.0,0.0,0.0,0.0,0.0,0.0,0.0,0.0,0.0,0.0,0.0,0.0,0.0,0.0,0.0,0.0,0.0,0.0,0.0,0.0,0.0,0.0,0.0,0.0,0.0,0.0,0.0,0.0,0.0,0.0,0.0,0.0,0.0,0.0,0.0,0.0,0.0,0.0,0.0,0.0,0.0,0.0,0.0,0.0,0.0,0.0,0.0
1490,0.0,0.0,0.0,0.0,0.0,0.0,0.0,0.0,0.0,0.0,0.0,0.0,0.0,0.0,0.0,0.0,0.0,0.0,0.0,0.0,0.0,0.0,0.0,0.0,0.0,0.0,0.0,0.0,0.0,0.0,0.0,0.0,0.0,0.0,0.0,0.0,0.0,0.0,0.0,0.0,0.0,0.0,0.0,0.0,0.0,0.0,0.0,0.0,0.0,0.0,0.0,0.0,0.0,0.0,0.0,0.0,0.0,0.0,0.0,0.0,0.0,0.0,0.0,0.0,0.0,0.0
1491,0.0,0.0,0.0,0.0,0.0,0.0,0.0,0.0,0.0,0.0,0.0,0.0,0.0,0.0,0.0,0.0,0.0,0.0,0.0,0.0,0.0,0.0,0.0,0.0,0.0,0.0,0.0,0.0,0.0,0.0,0.0,0.0,0.0,0.0,0.0,0.0,0.0,0.0,0.0,0.0,0.0,0.0,0.0,0.0,0.0,0.0,0.0,0.0,0.0,0.0,0.0,0.0,0.0,0.0,0.0,0.0,0.0,0.0,0.0,0.0,0.0,0.0,0.0,0.0,0.0,0.0
1492,0.0,0.0,0.0,0.0,0.0,0.0,0.0,0.0,0.0,0.0,0.0,0.0,0.0,0.0,0.0,0.0,0.0,0.0,0.0,0.0,0.0,0.0,0.0,0.0,0.0,0.0,0.0,0.0,0.0,0.0,0.0,0.0,0.0,0.0,0.0,0.0,0.0,0.0,0.0,0.0,0.0,0.0,0.0,0.0,0.0,0.0,0.0,0.0,0.0,0.0,0.0,0.0,0.0,0.0,0.0,0.0,0.0,0.0,0.0,0.0,0.0,0.0,0.0,0.0,0.0,0.0
1493,0.0,0.0,0.0,0.0,0.0,0.0,0.0,0.0,0.0,0.0,0.0,0.0,0.0,0.0,0.0,0.0,0.0,0.0,0.0,0.0,0.0,0.0,0.0,0.0,0.0,0.0,0.0,0.0,0.0,0.0,0.0,0.0,0.0,0.0,0.0,0.0,0.0,0.0,0.0,0.0,0.0,0.0,0.0,0.0,0.0,0.0,0.0,0.0,0.0,0.0,0.0,0.0,0.0,0.0,0.0,0.0,0.0,0.0,0.0,0.0,0.0,0.0,0.0,0.0,0.0,0.0
1494,0.0,0.0,0.0,0.0,0.0,0.0,0.0,0.0,0.0,0.0,0.0,0.0,0.0,0.0,0.0,0.0,0.0,0.0,0.0,0.0,0.0,0.0,0.0,0.0,0.0,0.0,0.0,0.0,0.0,0.0,0.0,0.0,0.0,0.0,0.0,0.0,0.0,0.0,0.0,0.0,0.0,0.0,0.0,0.0,0.0,0.0,0.0,0.0,0.0,0.0,0.0,0.0,0.0,0.0,0.0,0.0,0.0,0.0,0.0,0.0,0.0,0.0,0.0,0.0,0.0,0.0
1495,0.0,0.0,0.33602125,0.0,0.0,0.0,0.000196667,0.3671252,0.194985263,0.233460571,0.52064,0.449196667,0.404695,0.38803,0.015597241,4.96e-5,0.0,0.361937692,0.430632727,0.41877,0.265656286,0.262427321,0.114295938,0.341738125,0.0,0.0,0.0,0.0,0.0,0.0,0.0,0.0,0.0,0.255800909,2.22e-5,0.066575424,0.564993333,0.330248889,0.45689,0.236817,0.441803333,0.444752558,0.451523158,0.0,0.0,0.0,0.38969,0.00391,0.392116667,0.4921775,0.0,0.0,0.0,0.0,0.0,0.0,0.0,0.0,0.426071667,2.86e-6,0.0,0.000285,0.251268,0.000342727,0.1526328,0.2202
1496,0.0,0.0,0.42976625,0.036365,0.085087143,0.180286,0.421316667,0.631875733,0.531354737,0.474156286,0.718659286,0.633583333,0.54838,0.63596,0.510516552,0.458713333,0.46543,0.628231538,0.640798788,0.52431,0.465179714,0.630385179,0.634095313,0.660979375,0.369460833,0.163819333,0.11401,0.06182625,0.444610556,0.381424098,0.469049556,0.2991912,0.40656,0.445323182,0.438475686,0.411804915,0.761573333,0.452095556,0.605568,0.398115,0.53513,0.70134186,0.676691053,0.005526667,0.004281111,0.001122286,0.59077,0.64973,0.751456667,0.598378333,0.059087143,0.00036,0.145477632,0.193681429,0.000978889,0.049522857,0.0,0.0002,0.492283333,0.369922857,0.319026667,0.230275,0.609226,0.565755455,0.5025048,0.45678
1497,0.320453333,0.08452,0.60702,0.12245,0.282221429,0.45498,0.524723333,0.747801467,0.610431053,0.549992,0.817589286,0.732979524,0.655275,0.72832,0.694085172,0.624312807,0.616606667,0.732223077,0.710346061,0.74425,0.588686571,0.754929107,0.749173438,0.793815625,0.566486667,0.2693265,0.270422727,0.155854375,0.658983889,0.606984426,0.659950444,0.5818644,0.56494,0.515983636,0.603814902,0.555611186,0.810711667,0.606884444,0.660304,0.573563,0.636881667,0.799643023,0.749703684,0.034263333,0.04471,0.016386571,0.70149,0.73718,0.83501,0.68436,0.431454286,0.513946667,0.491984474,0.328915,0.013165556,0.101791746,0.00688,0.005254,0.663923333,0.553336429,0.437719048,0.331201667,0.759916,0.715573182,0.6898568,0.624991667
1498,0.556786667,0.36353,0.59468125,0.30406,0.417162857,0.62037,0.704266667,0.789195733,0.624954737,0.563799714,0.85354,0.779020952,0.74615,0.769,0.766712069,0.69374193,0.707503333,0.808261538,0.779946667,0.81107,0.714117714,0.79446625,0.785029063,0.81635375,0.670965,0.3694765,0.409510909,0.20385125,0.764751667,0.734074426,0.738715556,0.7157115,0.70184,0.624244091,0.686468627,0.650303729,0.834171667,0.670994444,0.74437,0.609047,0.778101667,0.844974419,0.786573158,0.06512,0.052733333,0.038832,0.70786,0.75403,0.836866667,0.718756667,0.611115714,0.68756,0.672257895,0.428594286,0.035922222,0.180495397,0.02362,0.023114,0.619045,0.6265175,0.554832857,0.41712,0.813194667,0.775187727,0.7755212,0.738463333
1499,0.715386667,0.586,0.61487625,0.27253,0.455231429,0.688584,0.660433333,0.8112368,0.668416316,0.650856857,0.870037857,0.828692381,0.820715,0.7977,0.785090345,0.719611754,0.699556667,0.823368462,0.778050909,0.8306,0.760209714,0.79657375,0.789684688,0.81234,0.652273333,0.400043,0.463808182,0.259385,0.778199444,0.770876557,0.751364444,0.7674403,0.78736,0.611411364,0.714408431,0.689143898,0.839016667,0.685764444,0.808288,0.601747,0.865401667,0.848596744,0.796737368,0.13128,0.113025556,0.062213714,0.6344,0.7497,0.841813333,0.637848333,0.665022857,0.789546667,0.750879737,0.515500714,0.065013333,0.219365714,0.04421,0.02836,0.615346667,0.606935,0.57495619,0.443786667,0.818001333,0.790754545,0.7910036,0.79092
1500,0.795723333,0.65264,0.5601175,0.347045,0.534207143,0.642258,0.713773333,0.807741733,0.651762105,0.673065429,0.852645,0.814490476,0.8217,0.79296,0.779888966,0.734314737,0.724653333,0.797389231,0.757533636,0.83579,0.732709429,0.782414107,0.778870938,0.796574375,0.6249825,0.4205935,0.475950909,0.3049175,0.789538889,0.791145902,0.745789111,0.7904495,0.76824,0.596300455,0.720537843,0.684270678,0.856811667,0.719054444,0.830152,0.621716,0.87108,0.84154907,0.79581,0.096196667,0.101518889,0.089102,0.72381,0.73679,0.83381,0.61035,0.73869,0.793043333,0.781739474,0.48992,0.093347778,0.276928889,0.04442,0.043416,0.501718333,0.6150425,0.571322857,0.456888333,0.807516667,0.789903182,0.7840876,0.760751667
1501,0.78657,0.69995,0.5943425,0.47556,0.607632857,0.69189,0.694136667,0.797839867,0.663733684,0.678208286,0.837352857,0.805002381,0.83138,0.78174,0.767459655,0.724370351,0.72064,0.749892308,0.75724303,0.82374,0.735851143,0.765372857,0.768906563,0.7629175,0.5911375,0.430527333,0.495825455,0.326425625,0.781888333,0.802612951,0.727863333,0.7884264,0.76598,0.678003182,0.696385098,0.679476949,0.836273333,0.766418889,0.841972,0.651535,0.865753333,0.830499302,0.791161579,0.08437,0.097724444,0.093481714,0.73233,0.72802,0.823983333,0.60501,0.740068571,0.819196667,0.789781053,0.577483571,0.087272222,0.260218571,0.06704,0.057034,0.540656667,0.589228929,0.540811905,0.422083333,0.790984,0.762909091,0.7662228,0.725755
1502,0.77185,0.63671,0.52689625,0.570495,0.591337143,0.592,0.728613333,0.788423733,0.611030526,0.700908,0.839237857,0.794373333,0.818675,0.78465,0.750855517,0.647835263,0.639836667,0.747816923,0.725825455,0.71074,0.716903143,0.727842679,0.7552475,0.746888125,0.5951625,0.4252155,0.489536364,0.330756875,0.750317222,0.799333443,0.650622222,0.7652349,0.80801,0.65455,0.67161,0.685267288,0.810668333,0.749347778,0.801506,0.623947,0.847708333,0.801751628,0.766341579,0.097796667,0.104363333,0.087628857,0.75466,0.71979,0.783263333,0.596019167,0.753388571,0.798903333,0.789052368,0.476076429,0.095001111,0.276012063,0.04856,0.040104,0.529363333,0.570658214,0.450440952,0.382848333,0.761931333,0.704341818,0.714936,0.775586667
1503,0.75127,0.45798,0.49703625,0.61202,0.613731429,0.629234,0.729163333,0.771221867,0.56956,0.703996571,0.78007,0.71493,0.749965,0.76802,0.718953103,0.558513509,0.63066,0.703743077,0.688467879,0.73572,0.697351429,0.675977679,0.687355938,0.7195325,0.513939167,0.420399,0.48075,0.31111875,0.715667222,0.785586393,0.615369111,0.7618292,0.71318,0.654407727,0.676524314,0.677225424,0.776038333,0.644554444,0.798546,0.569111,0.823063333,0.782369767,0.711636842,0.118566667,0.078107778,0.088528571,0.73667,0.70486,0.708606667,0.596224167,0.708611429,0.78988,0.779232632,0.545429286,0.082108889,0.245139524,0.03724,0.02947,0.440108333,0.475319286,0.410782857,0.313236667,0.744382,0.688921818,0.6732464,0.739356667
1504,0.619946667,0.32479,0.3686225,0.525955,0.584231429,0.620942,0.69085,0.709648933,0.474028421,0.590578571,0.735770714,0.585864286,0.62684,0.6503,0.564518621,0.463448772,0.554543333,0.675150769,0.633668182,0.60065,0.608183714,0.580749464,0.50619375,0.67612875,0.385486667,0.3151235,0.422708182,0.2497,0.726852222,0.765930984,0.635480222,0.7454375,0.663,0.554244091,0.682861569,0.652348983,0.695125,0.433928889,0.53629,0.34775,0.722463333,0.73958814,0.656186842,0.046283333,0.057416667,0.053948857,0.71287,0.66131,0.591466667,0.510335,0.70295,0.525606667,0.690794737,0.510061429,0.03767,0.138033651,0.01579,0.01441,0.368321667,0.451703571,0.32938381,0.23921,0.7235,0.667572727,0.6581152,0.64503
1505,0.446966667,0.22699,0.20537375,0.381775,0.524714286,0.543574,0.484353333,0.601176,0.322573684,0.455648857,0.591915714,0.472812857,0.579585,0.53149,0.442102414,0.322906316,0.488326667,0.575081538,0.494109697,0.5287,0.521557429,0.488550536,0.355943125,0.57290125,0.2705275,0.228849,0.355091818,0.12887625,0.64394,0.693086066,0.581032889,0.6627781,0.62875,0.478403636,0.578007451,0.586793559,0.516281667,0.379568889,0.43786,0.239063,0.566873333,0.624680465,0.532811579,0.018663333,0.025705556,0.026102,0.5426,0.49059,0.484586667,0.459501667,0.649797143,0.51744,0.633182368,0.522745714,0.017413333,0.086525714,0.00508,0.00583,0.231576667,0.330751786,0.309091429,0.1149,0.583068,0.583966364,0.589218,0.56899
1506,0.391526667,0.30706,0.0,0.365885,0.395272857,0.448254,0.33951,0.297123333,0.0,0.000201714,0.029548571,0.048177143,0.178135,0.0,0.280861379,0.188019474,0.345186667,0.32048,0.319585152,0.38784,0.311075714,0.284946429,0.19651375,0.042550625,0.164736667,0.1475985,0.249953636,0.053138125,0.433335,0.501122295,0.408334222,0.4974745,0.41894,0.313706364,0.39122,0.384774746,0.0,0.0,0.000202,0.0,0.000271667,0.336199535,0.286066316,0.005533333,0.005106667,0.003825143,0.0,0.0,0.0,0.0,0.544378571,0.49049,0.534528684,0.346292857,0.001917778,0.041569048,0.0,0.0,0.0,0.175759643,0.150169524,0.023966667,0.386876,0.396537727,0.3465936,0.386356667
1507,0.29548,0.12871,0.0,0.181615,0.228074286,0.271138,0.0,0.0,0.0,0.0,0.0,0.0,0.0,0.0,0.0,0.0,0.0,0.0,0.0,0.0,0.0,0.0,0.0,0.0,0.0,0.0,0.0,3.5e-5,1.33e-5,0.010595902,0.005608444,0.1882269,0.0009,0.0,0.018948235,0.03257678,0.0,0.0,0.0,0.0,0.0,0.0,0.0,0.0,0.0,0.0,0.0,0.0,0.0,0.0,0.331421429,0.238613333,0.295633421,0.188513571,0.0,0.0,0.0,0.0,0.0,0.0,0.0,0.0,0.0,0.0,0.0,0.0
1508,0.0,0.0,0.0,0.0,0.0,0.0,0.0,0.0,0.0,0.0,0.0,0.0,0.0,0.0,0.0,0.0,0.0,0.0,0.0,0.0,0.0,0.0,0.0,0.0,0.0,0.0,0.0,0.0,0.0,0.0,0.0,0.0,0.0,0.0,0.0,0.0,0.0,0.0,0.0,0.0,0.0,0.0,0.0,0.0,0.0,0.0,0.0,0.0,0.0,0.0,0.0,0.0,0.0,0.0,0.0,0.0,0.0,0.0,0.0,0.0,0.0,0.0,0.0,0.0,0.0,0.0
1509,0.0,0.0,0.0,0.0,0.0,0.0,0.0,0.0,0.0,0.0,0.0,0.0,0.0,0.0,0.0,0.0,0.0,0.0,0.0,0.0,0.0,0.0,0.0,0.0,0.0,0.0,0.0,0.0,0.0,0.0,0.0,0.0,0.0,0.0,0.0,0.0,0.0,0.0,0.0,0.0,0.0,0.0,0.0,0.0,0.0,0.0,0.0,0.0,0.0,0.0,0.0,0.0,0.0,0.0,0.0,0.0,0.0,0.0,0.0,0.0,0.0,0.0,0.0,0.0,0.0,0.0
1510,0.0,0.0,0.0,0.0,0.0,0.0,0.0,0.0,0.0,0.0,0.0,0.0,0.0,0.0,0.0,0.0,0.0,0.0,0.0,0.0,0.0,0.0,0.0,0.0,0.0,0.0,0.0,0.0,0.0,0.0,0.0,0.0,0.0,0.0,0.0,0.0,0.0,0.0,0.0,0.0,0.0,0.0,0.0,0.0,0.0,0.0,0.0,0.0,0.0,0.0,0.0,0.0,0.0,0.0,0.0,0.0,0.0,0.0,0.0,0.0,0.0,0.0,0.0,0.0,0.0,0.0
1511,0.0,0.0,0.0,0.0,0.0,0.0,0.0,0.0,0.0,0.0,0.0,0.0,0.0,0.0,0.0,0.0,0.0,0.0,0.0,0.0,0.0,0.0,0.0,0.0,0.0,0.0,0.0,0.0,0.0,0.0,0.0,0.0,0.0,0.0,0.0,0.0,0.0,0.0,0.0,0.0,0.0,0.0,0.0,0.0,0.0,0.0,0.0,0.0,0.0,0.0,0.0,0.0,0.0,0.0,0.0,0.0,0.0,0.0,0.0,0.0,0.0,0.0,0.0,0.0,0.0,0.0
1512,0.0,0.0,0.0,0.0,0.0,0.0,0.0,0.0,0.0,0.0,0.0,0.0,0.0,0.0,0.0,0.0,0.0,0.0,0.0,0.0,0.0,0.0,0.0,0.0,0.0,0.0,0.0,0.0,0.0,0.0,0.0,0.0,0.0,0.0,0.0,0.0,0.0,0.0,0.0,0.0,0.0,0.0,0.0,0.0,0.0,0.0,0.0,0.0,0.0,0.0,0.0,0.0,0.0,0.0,0.0,0.0,0.0,0.0,0.0,0.0,0.0,0.0,0.0,0.0,0.0,0.0
1513,0.0,0.0,0.0,0.0,0.0,0.0,0.0,0.0,0.0,0.0,0.0,0.0,0.0,0.0,0.0,0.0,0.0,0.0,0.0,0.0,0.0,0.0,0.0,0.0,0.0,0.0,0.0,0.0,0.0,0.0,0.0,0.0,0.0,0.0,0.0,0.0,0.0,0.0,0.0,0.0,0.0,0.0,0.0,0.0,0.0,0.0,0.0,0.0,0.0,0.0,0.0,0.0,0.0,0.0,0.0,0.0,0.0,0.0,0.0,0.0,0.0,0.0,0.0,0.0,0.0,0.0
1514,0.0,0.0,0.0,0.0,0.0,0.0,0.0,0.0,0.0,0.0,0.0,0.0,0.0,0.0,0.0,0.0,0.0,0.0,0.0,0.0,0.0,0.0,0.0,0.0,0.0,0.0,0.0,0.0,0.0,0.0,0.0,0.0,0.0,0.0,0.0,0.0,0.0,0.0,0.0,0.0,0.0,0.0,0.0,0.0,0.0,0.0,0.0,0.0,0.0,0.0,0.0,0.0,0.0,0.0,0.0,0.0,0.0,0.0,0.0,0.0,0.0,0.0,0.0,0.0,0.0,0.0
1515,0.0,0.0,0.0,0.0,0.0,0.0,0.0,0.0,0.0,0.0,0.0,0.0,0.0,0.0,0.0,0.0,0.0,0.0,0.0,0.0,0.0,0.0,0.0,0.0,0.0,0.0,0.0,0.0,0.0,0.0,0.0,0.0,0.0,0.0,0.0,0.0,0.0,0.0,0.0,0.0,0.0,0.0,0.0,0.0,0.0,0.0,0.0,0.0,0.0,0.0,0.0,0.0,0.0,0.0,0.0,0.0,0.0,0.0,0.0,0.0,0.0,0.0,0.0,0.0,0.0,0.0
1516,0.0,0.0,0.0,0.0,0.0,0.0,0.0,0.0,0.0,0.0,0.0,0.0,0.0,0.0,0.0,0.0,0.0,0.0,0.0,0.0,0.0,0.0,0.0,0.0,0.0,0.0,0.0,0.0,0.0,0.0,0.0,0.0,0.0,0.0,0.0,0.0,0.0,0.0,0.0,0.0,0.0,0.0,0.0,0.0,0.0,0.0,0.0,0.0,0.0,0.0,0.0,0.0,0.0,0.0,0.0,0.0,0.0,0.0,0.0,0.0,0.0,0.0,0.0,0.0,0.0,0.0
1517,0.0,0.0,0.0,0.0,0.0,0.0,0.0,0.0,0.0,0.0,0.0,0.0,0.0,0.0,0.0,0.0,0.0,0.0,0.0,0.0,0.0,0.0,0.0,0.0,0.0,0.0,0.0,0.0,0.0,0.0,0.0,0.0,0.0,0.0,0.0,0.0,0.0,0.0,0.0,0.0,0.0,0.0,0.0,0.0,0.0,0.0,0.0,0.0,0.0,0.0,0.0,0.0,0.0,0.0,0.0,0.0,0.0,0.0,0.0,0.0,0.0,0.0,0.0,0.0,0.0,0.0
1518,0.0,0.0,0.0,0.0,0.0,0.0,0.0,0.0,0.0,0.0,0.0,0.0,0.0,0.0,0.0,0.0,0.0,0.0,0.0,0.0,0.0,0.0,0.0,0.0,0.0,0.0,0.0,0.0,0.0,0.0,0.0,0.0,0.0,0.0,0.0,0.0,0.0,2.0e-5,0.0,0.0,0.0,0.0,0.0,0.0,0.0,0.0,0.0,0.0,0.0,0.000105,0.0,0.0,0.0,0.0,0.0,0.0,0.0,0.0,0.0,0.0,0.0,0.0,0.0,0.0,0.0,0.0
1519,0.0,0.0,0.33594625,0.0,0.0,0.0,0.00044,0.289343733,0.292598947,0.186353714,0.58796,0.53147619,0.531035,0.3142,0.023768276,0.011416842,0.0004,0.311648462,0.467442121,0.39423,0.321316857,0.132109464,0.161751563,0.107689375,0.0,0.0,0.0,0.0,0.0,0.0,2.16e-5,0.0,0.0,0.271914091,0.005450588,0.107107288,0.605766667,0.30027,0.56625,0.435661,0.553301667,0.457926744,0.492852105,0.0,0.0,0.0,0.31619,0.28924,0.415833333,0.477531667,0.0,0.0,0.0,0.0,0.0,0.0,0.0,0.0,0.396448333,0.000191071,0.000355714,0.073753333,0.208962667,0.042824545,0.1918268,0.305085
1520,0.0,0.0,0.57357625,0.26333,0.10873,0.07706,0.404826667,0.561044267,0.500280526,0.436554857,0.788118571,0.760501429,0.73114,0.51718,0.29178069,0.295356842,0.339973333,0.599047692,0.679787576,0.64126,0.557725143,0.422501786,0.483553125,0.3227775,0.019570833,0.101133,0.163940909,0.2033725,0.166368333,0.156034754,0.304275556,0.1456974,0.20616,0.507627727,0.352316275,0.370549153,0.76157,0.447443333,0.762152,0.596452,0.752303333,0.720417209,0.737048947,0.088526667,0.031277778,0.038154571,0.61095,0.56959,0.765723333,0.561550833,0.179805714,0.119153333,0.198144474,0.145920714,0.095511111,0.137196032,0.02242,0.13373,0.60392,0.217044643,0.306787143,0.23706,0.489966667,0.374334091,0.4482144,0.495831667
1521,0.52307,0.50838,0.6557525,0.48589,0.300788571,0.265962,0.617043333,0.725269467,0.615463684,0.595344857,0.863707857,0.838881429,0.82679,0.7115,0.455442414,0.519963509,0.564926667,0.781406923,0.792518485,0.76208,0.613954571,0.595664464,0.669577188,0.618976875,0.046605,0.200301667,0.327544545,0.322209375,0.308246667,0.312177377,0.464825111,0.2988086,0.47838,0.594135455,0.549354706,0.515504068,0.807336667,0.479584444,0.855278,0.62003,0.858863333,0.832508837,0.829891053,0.096423333,0.116581111,0.100807429,0.76566,0.74378,0.801126667,0.576406667,0.40403,0.53621,0.509100263,0.365970714,0.183151111,0.27269619,0.64152,0.320848,0.644068333,0.302832143,0.397141905,0.340723333,0.697230667,0.563469545,0.6525924,0.678181667
1522,0.70045,0.69873,0.5782325,0.6076,0.499907143,0.362372,0.67623,0.7944932,0.659112632,0.66975,0.888017857,0.80975381,0.864295,0.7132,0.557574828,0.629166667,0.649153333,0.802299231,0.822914242,0.70983,0.673514857,0.672453393,0.749245625,0.712795625,0.09392,0.261986,0.449498182,0.386266875,0.452444444,0.446135738,0.521779778,0.408728,0.67962,0.624537727,0.561750784,0.503330339,0.801015,0.40039,0.892798,0.585879,0.893633333,0.855937209,0.859368947,0.155166667,0.147757778,0.158114571,0.80269,0.76908,0.719216667,0.506995,0.508214286,0.694363333,0.614184474,0.553721429,0.264312222,0.403444921,0.7249,0.512922,0.630528333,0.328435714,0.427642857,0.369133333,0.746138667,0.619727727,0.6947448,0.65732
1523,0.768793333,0.77159,0.55646,0.59317,0.565767143,0.469638,0.756686667,0.8108868,0.730543158,0.705198571,0.884316429,0.787779524,0.872975,0.78453,0.598266897,0.647916491,0.65029,0.849586154,0.788221515,0.70065,0.731570571,0.674452143,0.772100625,0.735569375,0.130475833,0.3673355,0.493466364,0.44647875,0.525968333,0.501879836,0.561516444,0.4804862,0.72837,0.733253636,0.656027059,0.60734339,0.802523333,0.483264444,0.892782,0.584822,0.894043333,0.867666047,0.861783158,0.158653333,0.180514444,0.277476,0.79212,0.75548,0.715323333,0.525275833,0.543507143,0.739813333,0.647702105,0.650742143,0.298673333,0.495954762,0.61032,0.53542,0.638168333,0.406684286,0.46181381,0.362948333,0.779211333,0.697044091,0.755108,0.713798333
1524,0.768606667,0.79473,0.5972175,0.62127,0.62906,0.560712,0.70179,0.8055812,0.722824737,0.719384857,0.878274286,0.804355714,0.862205,0.81016,0.579216897,0.638563333,0.605556667,0.844989231,0.804868788,0.78511,0.697557143,0.677535179,0.765440938,0.739763125,0.244106667,0.337456,0.493876364,0.36421625,0.54899,0.531292459,0.621161556,0.5110522,0.76468,0.750565909,0.678827451,0.654291864,0.769218333,0.538187778,0.885622,0.672815,0.886018333,0.858263256,0.849717895,0.092146667,0.116036667,0.318434571,0.77493,0.74507,0.64584,0.495925833,0.656241429,0.77187,0.696882632,0.716872143,0.335021111,0.529814603,0.52558,0.47247,0.643963333,0.424277143,0.330179048,0.346095,0.778533333,0.705668636,0.7495336,0.704556667
1525,0.57206,0.67868,0.64205125,0.606155,0.608898571,0.578114,0.75324,0.749197067,0.691224211,0.706273143,0.861402857,0.79308381,0.852415,0.78641,0.57461,0.582867018,0.528546667,0.827920769,0.811937576,0.73742,0.696911714,0.647678571,0.714045938,0.71428625,0.2937375,0.362077667,0.417281818,0.382483125,0.528225,0.542699836,0.638876889,0.5437856,0.75845,0.714642273,0.627106667,0.635327288,0.722575,0.55057,0.860522,0.679153,0.87603,0.841596279,0.837727368,0.140933333,0.140938889,0.356563143,0.76363,0.7353,0.601956667,0.578289167,0.71521,0.755276667,0.721311842,0.654237143,0.439256667,0.53848873,0.537,0.525874,0.578646667,0.412740357,0.296952381,0.347033333,0.748740667,0.676982727,0.7155248,0.704696667
1526,0.687523333,0.61966,0.64176875,0.65997,0.661765714,0.560262,0.737696667,0.670608533,0.662105789,0.688886571,0.848571429,0.779901429,0.844255,0.79552,0.477084483,0.551530351,0.539213333,0.744813077,0.800624545,0.78485,0.702831143,0.559119821,0.56828125,0.6497725,0.2444925,0.339793833,0.370127273,0.39736125,0.493650556,0.53479459,0.562377111,0.5283043,0.76346,0.651892727,0.57187549,0.608114237,0.63052,0.56043,0.829994,0.687495,0.861608333,0.823169767,0.816886842,0.147513333,0.130881111,0.377411714,0.72099,0.71951,0.567293333,0.581386667,0.605252857,0.542136667,0.640005789,0.633747857,0.423681111,0.527738413,0.53302,0.540712,0.63475,0.289353929,0.230997619,0.289258333,0.613290667,0.638565,0.6508384,0.712098333
1527,0.599526667,0.63527,0.51223375,0.604205,0.62406,0.526394,0.66255,0.577998267,0.59295,0.627458,0.814831429,0.771869524,0.811115,0.77488,0.389179655,0.463130702,0.448463333,0.635418462,0.754668182,0.73835,0.693646286,0.426104464,0.487776875,0.45202875,0.2659,0.2976885,0.269362727,0.414134375,0.395186667,0.498589344,0.480564444,0.4857175,0.76776,0.653575909,0.552377451,0.596495254,0.639366667,0.609362222,0.796106,0.580836,0.833796667,0.768716977,0.789432105,0.1435,0.138822222,0.296748,0.72178,0.71018,0.587646667,0.650601667,0.629128571,0.65535,0.623446053,0.580387143,0.422753333,0.508776349,0.42959,0.503292,0.560958333,0.173430357,0.195276667,0.21334,0.449447333,0.475214091,0.5340816,0.619351667
1528,0.579463333,0.51808,0.47392,0.548345,0.639908571,0.398866,0.492973333,0.483950667,0.515007895,0.524878857,0.755292857,0.646086667,0.74419,0.70892,0.380387586,0.360795965,0.4305,0.565186923,0.658744242,0.71688,0.598752286,0.31798,0.35925875,0.3467925,0.30783,0.258810667,0.209691818,0.344418125,0.489903333,0.458224262,0.404666667,0.4887926,0.66115,0.61279,0.538619608,0.544709492,0.596321667,0.276608889,0.715558,0.448172,0.771636667,0.710413953,0.717680526,0.15615,0.239461111,0.419867429,0.56408,0.64756,0.483746667,0.452785,0.572751429,0.71567,0.634801053,0.608186429,0.38755,0.440219841,0.43372,0.592566,0.53268,0.2331025,0.13228,0.201098333,0.461905333,0.419190909,0.5439316,0.599265
1529,0.609946667,0.694,0.28519375,0.52355,0.543335714,0.337526,0.51137,0.329349467,0.4106,0.413542,0.592490714,0.528073333,0.57993,0.53776,0.24668,0.236258772,0.31513,0.397708462,0.527224848,0.64233,0.476352286,0.216427321,0.222076875,0.14797875,0.1311225,0.143184333,0.193771818,0.23827,0.393960556,0.407500984,0.311818667,0.4425647,0.42131,0.442749091,0.375847255,0.392528644,0.425776667,0.105016667,0.533958,0.235646,0.609453333,0.548577442,0.576173684,0.07337,0.167216667,0.315641429,0.28969,0.47485,0.27518,0.195095833,0.582155714,0.566953333,0.578835,0.480980714,0.262692222,0.349376349,0.40453,0.531302,0.434643333,0.105975357,0.054032857,0.078688333,0.244576667,0.293197727,0.3567568,0.450665
1530,0.447413333,0.51756,0.0,0.38467,0.333551429,0.287936,0.336683333,0.1291304,0.0,0.000368857,0.030532857,1.86e-5,0.00011,0.0,0.120679655,0.092550526,0.166906667,0.223188462,0.326573636,0.37918,0.316991714,0.093336964,0.063638438,0.002045,0.053775,0.0718375,0.157562727,0.13268875,0.196249444,0.244530492,0.15836,0.3265453,0.3361,0.301580455,0.200000588,0.269611525,0.0,0.0,0.000204,0.0,0.00015,0.255403721,0.296153158,0.017446667,0.054803333,0.165852,0.0,0.0,0.0,0.0,0.45031,0.420353333,0.449575,0.410694286,0.096398889,0.272124286,0.27891,0.207768,0.0,0.037783929,0.013185714,0.006745,0.152465333,0.149942273,0.2149232,0.33289
1531,0.341426667,0.38155,0.0,0.186435,0.184452857,0.151596,0.0,0.0,0.0,0.0,0.0,0.0,0.0,0.0,0.0,0.0,0.0,0.0,0.0,0.0,0.0,0.0,0.0,0.0,0.0,2.83e-6,0.0,0.000135,1.83e-5,0.007570656,0.007291111,0.1401972,0.00101,0.0,0.006391373,0.019903898,0.0,0.0,0.0,0.0,0.0,0.0,0.0,0.0,0.0,0.0,0.0,0.0,0.0,0.0,0.208207143,0.235573333,0.229141842,0.224061429,0.0,0.0,0.0,0.0,0.0,0.0,0.0,0.0,0.0,0.0,0.0,0.0
1532,0.0,0.0,0.0,0.0,0.0,0.0,0.0,0.0,0.0,0.0,0.0,0.0,0.0,0.0,0.0,0.0,0.0,0.0,0.0,0.0,0.0,0.0,0.0,0.0,0.0,0.0,0.0,0.0,0.0,0.0,0.0,0.0,0.0,0.0,0.0,0.0,0.0,0.0,0.0,0.0,0.0,0.0,0.0,0.0,0.0,0.0,0.0,0.0,0.0,0.0,0.0,0.0,0.0,0.0,0.0,0.0,0.0,0.0,0.0,0.0,0.0,0.0,0.0,0.0,0.0,0.0
1533,0.0,0.0,0.0,0.0,0.0,0.0,0.0,0.0,0.0,0.0,0.0,0.0,0.0,0.0,0.0,0.0,0.0,0.0,0.0,0.0,0.0,0.0,0.0,0.0,0.0,0.0,0.0,0.0,0.0,0.0,0.0,0.0,0.0,0.0,0.0,0.0,0.0,0.0,0.0,0.0,0.0,0.0,0.0,0.0,0.0,0.0,0.0,0.0,0.0,0.0,0.0,0.0,0.0,0.0,0.0,0.0,0.0,0.0,0.0,0.0,0.0,0.0,0.0,0.0,0.0,0.0
1534,0.0,0.0,0.0,0.0,0.0,0.0,0.0,0.0,0.0,0.0,0.0,0.0,0.0,0.0,0.0,0.0,0.0,0.0,0.0,0.0,0.0,0.0,0.0,0.0,0.0,0.0,0.0,0.0,0.0,0.0,0.0,0.0,0.0,0.0,0.0,0.0,0.0,0.0,0.0,0.0,0.0,0.0,0.0,0.0,0.0,0.0,0.0,0.0,0.0,0.0,0.0,0.0,0.0,0.0,0.0,0.0,0.0,0.0,0.0,0.0,0.0,0.0,0.0,0.0,0.0,0.0
1535,0.0,0.0,0.0,0.0,0.0,0.0,0.0,0.0,0.0,0.0,0.0,0.0,0.0,0.0,0.0,0.0,0.0,0.0,0.0,0.0,0.0,0.0,0.0,0.0,0.0,0.0,0.0,0.0,0.0,0.0,0.0,0.0,0.0,0.0,0.0,0.0,0.0,0.0,0.0,0.0,0.0,0.0,0.0,0.0,0.0,0.0,0.0,0.0,0.0,0.0,0.0,0.0,0.0,0.0,0.0,0.0,0.0,0.0,0.0,0.0,0.0,0.0,0.0,0.0,0.0,0.0
1536,0.0,0.0,0.0,0.0,0.0,0.0,0.0,0.0,0.0,0.0,0.0,0.0,0.0,0.0,0.0,0.0,0.0,0.0,0.0,0.0,0.0,0.0,0.0,0.0,0.0,0.0,0.0,0.0,0.0,0.0,0.0,0.0,0.0,0.0,0.0,0.0,0.0,0.0,0.0,0.0,0.0,0.0,0.0,0.0,0.0,0.0,0.0,0.0,0.0,0.0,0.0,0.0,0.0,0.0,0.0,0.0,0.0,0.0,0.0,0.0,0.0,0.0,0.0,0.0,0.0,0.0
1537,0.0,0.0,0.0,0.0,0.0,0.0,0.0,0.0,0.0,0.0,0.0,0.0,0.0,0.0,0.0,0.0,0.0,0.0,0.0,0.0,0.0,0.0,0.0,0.0,0.0,0.0,0.0,0.0,0.0,0.0,0.0,0.0,0.0,0.0,0.0,0.0,0.0,0.0,0.0,0.0,0.0,0.0,0.0,0.0,0.0,0.0,0.0,0.0,0.0,0.0,0.0,0.0,0.0,0.0,0.0,0.0,0.0,0.0,0.0,0.0,0.0,0.0,0.0,0.0,0.0,0.0
1538,0.0,0.0,0.0,0.0,0.0,0.0,0.0,0.0,0.0,0.0,0.0,0.0,0.0,0.0,0.0,0.0,0.0,0.0,0.0,0.0,0.0,0.0,0.0,0.0,0.0,0.0,0.0,0.0,0.0,0.0,0.0,0.0,0.0,0.0,0.0,0.0,0.0,0.0,0.0,0.0,0.0,0.0,0.0,0.0,0.0,0.0,0.0,0.0,0.0,0.0,0.0,0.0,0.0,0.0,0.0,0.0,0.0,0.0,0.0,0.0,0.0,0.0,0.0,0.0,0.0,0.0
1539,0.0,0.0,0.0,0.0,0.0,0.0,0.0,0.0,0.0,0.0,0.0,0.0,0.0,0.0,0.0,0.0,0.0,0.0,0.0,0.0,0.0,0.0,0.0,0.0,0.0,0.0,0.0,0.0,0.0,0.0,0.0,0.0,0.0,0.0,0.0,0.0,0.0,0.0,0.0,0.0,0.0,0.0,0.0,0.0,0.0,0.0,0.0,0.0,0.0,0.0,0.0,0.0,0.0,0.0,0.0,0.0,0.0,0.0,0.0,0.0,0.0,0.0,0.0,0.0,0.0,0.0
1540,0.0,0.0,0.0,0.0,0.0,0.0,0.0,0.0,0.0,0.0,0.0,0.0,0.0,0.0,0.0,0.0,0.0,0.0,0.0,0.0,0.0,0.0,0.0,0.0,0.0,0.0,0.0,0.0,0.0,0.0,0.0,0.0,0.0,0.0,0.0,0.0,0.0,0.0,0.0,0.0,0.0,0.0,0.0,0.0,0.0,0.0,0.0,0.0,0.0,0.0,0.0,0.0,0.0,0.0,0.0,0.0,0.0,0.0,0.0,0.0,0.0,0.0,0.0,0.0,0.0,0.0
1541,0.0,0.0,0.0,0.0,0.0,0.0,0.0,0.0,0.0,0.0,0.0,0.0,0.0,0.0,0.0,0.0,0.0,0.0,0.0,0.0,0.0,0.0,0.0,0.0,0.0,0.0,0.0,0.0,0.0,0.0,0.0,0.0,0.0,0.0,0.0,0.0,0.0,0.0,0.0,0.0,0.0,0.0,0.0,0.0,0.0,0.0,0.0,0.0,0.0,0.0,0.0,0.0,0.0,0.0,0.0,0.0,0.0,0.0,0.0,0.0,0.0,0.0,0.0,0.0,0.0,0.0
1542,0.0,0.0,0.0,0.0,0.0,0.0,0.0,0.0,0.0,0.0,0.0,0.0,0.0,0.0,0.0,0.0,0.0,0.0,0.0,0.0,0.0,0.0,0.0,0.0,0.0,0.0,0.0,0.0,0.0,0.0,0.0,0.0,0.0,0.0,0.0,0.0,0.0,0.0,0.0,0.0,0.0,0.0,0.0,0.0,0.0,0.0,0.0,0.0,0.0,0.000149167,0.0,0.0,0.0,0.0,0.0,0.0,0.0,0.0,0.0,0.0,0.0,0.0,0.0,0.0,0.0,0.0
1543,0.0,0.0,0.147145,0.0,0.0,0.0,0.000926667,0.280563467,0.379395789,0.214046571,0.469699286,0.362651429,0.4229,0.04577,0.022290345,0.004391404,4.67e-5,0.278591538,0.445306667,0.27637,0.289710571,0.095117321,0.0267675,0.20224625,0.0,0.0,0.0,0.0,0.0,0.0,2.22e-7,0.0,0.0,0.346563636,0.006075882,0.103131864,0.30876,0.071495556,0.331656,0.140821,0.458918333,0.39603814,0.493066316,0.0,0.0,0.0,0.00022,0.00593,0.155313333,0.321495,0.0,0.0,0.0,0.0,0.0,0.0,0.0,0.0,0.376426667,0.0,1.9e-6,0.0,0.138088667,0.041386818,0.1553276,0.263333333
1544,0.0,0.0,0.180885,0.159505,0.132251429,0.126338,0.521176667,0.537349467,0.624059474,0.504202857,0.610807857,0.474528571,0.602185,0.20279,0.195515172,0.132673333,0.152983333,0.522706923,0.666214545,0.60364,0.577475143,0.206524464,0.089396563,0.46720875,0.234420833,0.292040667,0.267549091,0.400619375,0.263927778,0.286442295,0.19784,0.2632446,0.03714,0.621278182,0.321772941,0.379340678,0.371595,0.143794444,0.547928,0.213747,0.689618333,0.673464186,0.712547368,0.090163333,0.04124,0.303123429,0.01967,0.0422,0.453043333,0.5129075,0.284197143,0.103676667,0.148236316,0.261021429,0.409698889,0.503453651,0.01106,0.07586,0.571503333,0.104479643,0.030683333,0.010425,0.285856667,0.212054091,0.3870284,0.48001
1545,0.37929,0.33186,0.26084375,0.43591,0.332085714,0.251404,0.652186667,0.707633867,0.704690526,0.630264,0.605168571,0.56354381,0.713025,0.2499,0.358516207,0.283914912,0.453633333,0.716428462,0.756939394,0.7449,0.660143714,0.300409464,0.219914063,0.57952875,0.476675833,0.50808,0.484210909,0.61933375,0.444111111,0.503374754,0.416537556,0.495509,0.2067,0.692660909,0.511873725,0.559818475,0.372035,0.206938889,0.624128,0.289019,0.778895,0.793167674,0.783285263,0.246406667,0.153968889,0.485259143,0.0661,0.14319,0.439883333,0.513265,0.456965714,0.502566667,0.379439211,0.390287143,0.550243333,0.711031429,0.20317,0.193532,0.632326667,0.211195,0.063927619,0.048493333,0.447297333,0.373735455,0.6341964,0.667756667
1546,0.504846667,0.51794,0.24105,0.61668,0.549214286,0.441568,0.741406667,0.782413067,0.756797895,0.699984,0.537642143,0.532384762,0.71445,0.44861,0.514247931,0.424855439,0.566696667,0.765247692,0.808940909,0.7146,0.741169714,0.41484625,0.32254625,0.664338125,0.6064775,0.623161167,0.635304545,0.727788125,0.630934444,0.624127377,0.521361333,0.6165466,0.44919,0.779586818,0.612398039,0.632694068,0.290418333,0.247682222,0.603992,0.29283,0.835725,0.822937674,0.822150526,0.32734,0.273873333,0.573617429,0.11304,0.22438,0.37417,0.558283333,0.471491429,0.5158,0.491075,0.592019286,0.680691111,0.793320159,0.25454,0.269328,0.659065,0.344368571,0.124020952,0.100456667,0.601882,0.552025,0.7416964,0.737065
1547,0.409593333,0.53771,0.24067,0.728315,0.656142857,0.471446,0.772353333,0.803562933,0.741413684,0.714296286,0.459951429,0.634410952,0.76105,0.5328,0.57256,0.521989649,0.646923333,0.811159231,0.794848788,0.77142,0.776769714,0.509075714,0.353689375,0.694953125,0.617313333,0.670496333,0.629418182,0.741063125,0.675783889,0.667219016,0.606268444,0.6875842,0.5256,0.798430909,0.675069608,0.679143559,0.301566667,0.265623333,0.581148,0.299747,0.807418333,0.838576977,0.821085789,0.350063333,0.259647778,0.573361429,0.12241,0.17978,0.383223333,0.569974167,0.532444286,0.514063333,0.573043684,0.612462857,0.683236667,0.791016032,0.25553,0.428526,0.55014,0.419263214,0.194935238,0.1868,0.717877333,0.642588636,0.7647592,0.769376667
1548,0.406086667,0.48537,0.24082375,0.72572,0.70714,0.468492,0.81398,0.802790933,0.703916842,0.766232571,0.521977143,0.708939524,0.776835,0.52052,0.598864483,0.545277895,0.617376667,0.808998462,0.794256364,0.74341,0.749000857,0.549120357,0.367985625,0.6856275,0.655793333,0.679248333,0.641020909,0.63655,0.671971667,0.670553934,0.642611778,0.710841,0.65978,0.796655455,0.722906667,0.711389661,0.259023333,0.262028889,0.500554,0.307208,0.808228333,0.836456977,0.820732632,0.464263333,0.357318889,0.584408286,0.14735,0.14473,0.370773333,0.554165,0.655592857,0.54684,0.626715789,0.643559286,0.701482222,0.778439365,0.3018,0.48005,0.458125,0.504827857,0.268282857,0.272621667,0.719426,0.646976364,0.7247236,0.696613333
1549,0.592266667,0.48834,0.22793875,0.72521,0.697952857,0.508232,0.78044,0.7620636,0.621245263,0.752734286,0.585032857,0.735454762,0.75584,0.57964,0.592992069,0.515646667,0.563623333,0.794699231,0.779976364,0.76474,0.755585429,0.49834625,0.273085625,0.65321875,0.6521825,0.6316475,0.613125455,0.554290625,0.667424444,0.627124262,0.631384444,0.6833113,0.72652,0.773114545,0.713595294,0.713525932,0.268668333,0.338022222,0.537616,0.320562,0.813141667,0.806653721,0.805254211,0.494923333,0.331923333,0.551596286,0.07297,0.10428,0.399076667,0.607325,0.6351,0.492543333,0.615036579,0.527408571,0.703776667,0.759797778,0.33847,0.482724,0.391053333,0.549611786,0.294934286,0.295301667,0.657412,0.602830909,0.6911272,0.726393333
1550,0.573706667,0.45872,0.1895575,0.6887,0.628388571,0.598766,0.81103,0.658715867,0.563592632,0.721163143,0.726381429,0.697023333,0.7533,0.59552,0.556365172,0.544265263,0.680356667,0.700238462,0.75799303,0.7955,0.728249429,0.439567321,0.277609063,0.504705,0.653611667,0.624405833,0.627113636,0.57377625,0.64869,0.672367705,0.632998889,0.6831696,0.77063,0.734518182,0.701516471,0.686749831,0.24348,0.290031111,0.498018,0.277849,0.761275,0.758960465,0.778491579,0.589596667,0.340852222,0.567505143,0.05928,0.12494,0.327036667,0.5864625,0.567282857,0.515526667,0.631733947,0.601127857,0.69305,0.750142857,0.26325,0.42223,0.429851667,0.602535,0.336482381,0.341495,0.524476,0.58681,0.6872748,0.700525
1551,0.571163333,0.64292,0.16290875,0.694645,0.609668571,0.56351,0.751616667,0.524824667,0.533894737,0.634258857,0.725064286,0.657817143,0.72979,0.43268,0.51561,0.501087895,0.657556667,0.565701538,0.698990606,0.76949,0.700806857,0.368748393,0.245325938,0.3277225,0.642505,0.615222667,0.643377273,0.532471875,0.644485556,0.652778197,0.568512667,0.66592,0.63866,0.685213636,0.630983137,0.607313559,0.267725,0.325561111,0.511988,0.270032,0.719845,0.68066907,0.713682632,0.53415,0.319395556,0.515229429,0.05347,0.03558,0.35367,0.595461667,0.520721429,0.52722,0.606801842,0.555120714,0.71037,0.758837302,0.21986,0.363828,0.486873333,0.590804643,0.316097619,0.250178333,0.353923333,0.508075909,0.6059628,0.628573333
1552,0.49482,0.67747,0.1447475,0.726135,0.600487143,0.67247,0.782276667,0.4337976,0.419537368,0.544379143,0.683073571,0.57184,0.669145,0.13342,0.42487931,0.389131579,0.538926667,0.537416923,0.613452727,0.68229,0.606318,0.233980357,0.15563375,0.215019375,0.587223333,0.59571,0.601467273,0.607099375,0.549846111,0.533609672,0.497129333,0.5757842,0.64278,0.583332727,0.583974902,0.566553898,0.52227,0.222133333,0.560036,0.218655,0.696336667,0.597065349,0.636990526,0.517156667,0.238094444,0.506764571,0.04783,0.05133,0.435063333,0.403089167,0.600515714,0.607816667,0.603188947,0.571007143,0.671534444,0.762580794,0.2263,0.527606,0.381666667,0.570041071,0.293390952,0.19186,0.318959333,0.417535909,0.5067224,0.581191667
1553,0.249966667,0.5443,0.09537625,0.68137,0.554074286,0.497952,0.677933333,0.302357333,0.392417895,0.410144571,0.533356429,0.426522381,0.4622,0.01814,0.394246552,0.281766316,0.42665,0.425554615,0.487716061,0.59995,0.487624286,0.173271071,0.12451,0.15421125,0.480481667,0.5240895,0.544948182,0.565843125,0.511442778,0.484908525,0.430801333,0.5146064,0.6432,0.440632727,0.49843451,0.467943051,0.315971667,0.179083333,0.388724,0.165389,0.48264,0.422191628,0.45197,0.46496,0.159232222,0.433158857,0.01425,0.00726,0.320413333,0.403060833,0.606352857,0.624306667,0.494295,0.528438571,0.51233,0.705208254,0.26709,0.394988,0.249326667,0.477144286,0.318480476,0.170501667,0.243433333,0.307907727,0.5008208,0.482755
1554,0.076183333,0.21401,0.0,0.470025,0.409014286,0.269096,0.48703,0.092928133,0.0,0.00042,0.028328571,1.62e-5,9.5e-5,0.0,0.252038966,0.121821579,0.2006,0.216314615,0.278354848,0.35918,0.299493429,0.094715357,0.064607813,0.017079375,0.350950833,0.353151667,0.406114545,0.43646125,0.320106111,0.353001639,0.211222,0.4015642,0.40187,0.311876818,0.225533725,0.253837119,0.0,0.0,9.0e-5,0.0,0.00014,0.189319767,0.239783158,0.289733333,0.093623333,0.275979143,0.0,0.0,0.0,0.0,0.412687143,0.300086667,0.390344474,0.371124286,0.270927778,0.502686984,0.198,0.204684,0.0,0.328223214,0.185994762,0.101088333,0.152986667,0.176277727,0.2164436,0.264615
1555,0.05602,0.0797,0.0,0.310275,0.267982857,0.175748,0.0,0.0,0.0,0.0,0.0,0.0,0.0,0.0,0.0,0.0,0.0,0.0,0.0,0.0,0.0,0.0,0.0,0.0,0.0,2.48e-5,0.000376364,0.000448125,1.67e-5,0.01505541,0.010824444,0.1698345,0.00078,0.0,0.010615098,0.00787678,0.0,0.0,0.0,0.0,0.0,0.0,0.0,0.0,0.0,0.0,0.0,0.0,0.0,0.0,0.184938571,0.23838,0.193072368,0.227752143,0.0,0.0,0.0,0.0,0.0,0.0,0.0,0.0,0.0,0.0,0.0,0.0
1556,0.0,0.0,0.0,0.0,0.0,0.0,0.0,0.0,0.0,0.0,0.0,0.0,0.0,0.0,0.0,0.0,0.0,0.0,0.0,0.0,0.0,0.0,0.0,0.0,0.0,0.0,0.0,0.0,0.0,0.0,0.0,0.0,0.0,0.0,0.0,0.0,0.0,0.0,0.0,0.0,0.0,0.0,0.0,0.0,0.0,0.0,0.0,0.0,0.0,0.0,0.0,0.0,0.0,0.0,0.0,0.0,0.0,0.0,0.0,0.0,0.0,0.0,0.0,0.0,0.0,0.0
1557,0.0,0.0,0.0,0.0,0.0,0.0,0.0,0.0,0.0,0.0,0.0,0.0,0.0,0.0,0.0,0.0,0.0,0.0,0.0,0.0,0.0,0.0,0.0,0.0,0.0,0.0,0.0,0.0,0.0,0.0,0.0,0.0,0.0,0.0,0.0,0.0,0.0,0.0,0.0,0.0,0.0,0.0,0.0,0.0,0.0,0.0,0.0,0.0,0.0,0.0,0.0,0.0,0.0,0.0,0.0,0.0,0.0,0.0,0.0,0.0,0.0,0.0,0.0,0.0,0.0,0.0
1558,0.0,0.0,0.0,0.0,0.0,0.0,0.0,0.0,0.0,0.0,0.0,0.0,0.0,0.0,0.0,0.0,0.0,0.0,0.0,0.0,0.0,0.0,0.0,0.0,0.0,0.0,0.0,0.0,0.0,0.0,0.0,0.0,0.0,0.0,0.0,0.0,0.0,0.0,0.0,0.0,0.0,0.0,0.0,0.0,0.0,0.0,0.0,0.0,0.0,0.0,0.0,0.0,0.0,0.0,0.0,0.0,0.0,0.0,0.0,0.0,0.0,0.0,0.0,0.0,0.0,0.0
1559,0.0,0.0,0.0,0.0,0.0,0.0,0.0,0.0,0.0,0.0,0.0,0.0,0.0,0.0,0.0,0.0,0.0,0.0,0.0,0.0,0.0,0.0,0.0,0.0,0.0,0.0,0.0,0.0,0.0,0.0,0.0,0.0,0.0,0.0,0.0,0.0,0.0,0.0,0.0,0.0,0.0,0.0,0.0,0.0,0.0,0.0,0.0,0.0,0.0,0.0,0.0,0.0,0.0,0.0,0.0,0.0,0.0,0.0,0.0,0.0,0.0,0.0,0.0,0.0,0.0,0.0
1560,0.0,0.0,0.0,0.0,0.0,0.0,0.0,0.0,0.0,0.0,0.0,0.0,0.0,0.0,0.0,0.0,0.0,0.0,0.0,0.0,0.0,0.0,0.0,0.0,0.0,0.0,0.0,0.0,0.0,0.0,0.0,0.0,0.0,0.0,0.0,0.0,0.0,0.0,0.0,0.0,0.0,0.0,0.0,0.0,0.0,0.0,0.0,0.0,0.0,0.0,0.0,0.0,0.0,0.0,0.0,0.0,0.0,0.0,0.0,0.0,0.0,0.0,0.0,0.0,0.0,0.0
1561,0.0,0.0,0.0,0.0,0.0,0.0,0.0,0.0,0.0,0.0,0.0,0.0,0.0,0.0,0.0,0.0,0.0,0.0,0.0,0.0,0.0,0.0,0.0,0.0,0.0,0.0,0.0,0.0,0.0,0.0,0.0,0.0,0.0,0.0,0.0,0.0,0.0,0.0,0.0,0.0,0.0,0.0,0.0,0.0,0.0,0.0,0.0,0.0,0.0,0.0,0.0,0.0,0.0,0.0,0.0,0.0,0.0,0.0,0.0,0.0,0.0,0.0,0.0,0.0,0.0,0.0
1562,0.0,0.0,0.0,0.0,0.0,0.0,0.0,0.0,0.0,0.0,0.0,0.0,0.0,0.0,0.0,0.0,0.0,0.0,0.0,0.0,0.0,0.0,0.0,0.0,0.0,0.0,0.0,0.0,0.0,0.0,0.0,0.0,0.0,0.0,0.0,0.0,0.0,0.0,0.0,0.0,0.0,0.0,0.0,0.0,0.0,0.0,0.0,0.0,0.0,0.0,0.0,0.0,0.0,0.0,0.0,0.0,0.0,0.0,0.0,0.0,0.0,0.0,0.0,0.0,0.0,0.0
1563,0.0,0.0,0.0,0.0,0.0,0.0,0.0,0.0,0.0,0.0,0.0,0.0,0.0,0.0,0.0,0.0,0.0,0.0,0.0,0.0,0.0,0.0,0.0,0.0,0.0,0.0,0.0,0.0,0.0,0.0,0.0,0.0,0.0,0.0,0.0,0.0,0.0,0.0,0.0,0.0,0.0,0.0,0.0,0.0,0.0,0.0,0.0,0.0,0.0,0.0,0.0,0.0,0.0,0.0,0.0,0.0,0.0,0.0,0.0,0.0,0.0,0.0,0.0,0.0,0.0,0.0
1564,0.0,0.0,0.0,0.0,0.0,0.0,0.0,0.0,0.0,0.0,0.0,0.0,0.0,0.0,0.0,0.0,0.0,0.0,0.0,0.0,0.0,0.0,0.0,0.0,0.0,0.0,0.0,0.0,0.0,0.0,0.0,0.0,0.0,0.0,0.0,0.0,0.0,0.0,0.0,0.0,0.0,0.0,0.0,0.0,0.0,0.0,0.0,0.0,0.0,0.0,0.0,0.0,0.0,0.0,0.0,0.0,0.0,0.0,0.0,0.0,0.0,0.0,0.0,0.0,0.0,0.0
1565,0.0,0.0,0.0,0.0,0.0,0.0,0.0,0.0,0.0,0.0,0.0,0.0,0.0,0.0,0.0,0.0,0.0,0.0,0.0,0.0,0.0,0.0,0.0,0.0,0.0,0.0,0.0,0.0,0.0,0.0,0.0,0.0,0.0,0.0,0.0,0.0,0.0,0.0,0.0,0.0,0.0,0.0,0.0,0.0,0.0,0.0,0.0,0.0,0.0,0.0,0.0,0.0,0.0,0.0,0.0,0.0,0.0,0.0,0.0,0.0,0.0,0.0,0.0,0.0,0.0,0.0
1566,0.0,0.0,0.0,0.0,0.0,0.0,0.0,0.0,0.0,0.0,0.0,0.0,0.0,0.0,0.0,0.0,0.0,0.0,0.0,0.0,0.0,0.0,0.0,0.0,0.0,0.0,0.0,0.0,0.0,0.0,0.0,0.0,0.0,0.0,0.0,0.0,0.0,2.89e-5,0.0,0.0,0.0,0.0,0.0,0.0,0.0,0.0,0.0,0.0,0.0,0.0001725,0.0,0.0,0.0,0.0,0.0,0.0,0.0,0.0,0.0,0.0,0.0,0.0,0.0,0.0,0.0,0.0
1567,0.0,0.0,0.3905,0.0,0.0,0.0,0.000853333,0.2603872,0.309884737,0.191120286,0.368989286,0.403369524,0.355495,0.00118,0.02498,0.024652807,6.33e-5,0.247083077,0.448577273,0.395,0.272711714,0.114248214,0.169378438,0.06485375,0.0,0.0,0.0,0.0,0.0,0.0,2.91e-5,0.0,0.0,0.312285909,0.027281765,0.106277288,0.442328333,0.323534444,0.345686,0.366414,0.492321667,0.444091628,0.485883158,0.0,0.0,0.0,0.15285,0.01535,0.342033333,0.501785,0.0,0.0,0.0,0.0,0.0,0.0,0.0,0.0,0.34317,0.032153214,0.018055714,0.069215,0.14699,0.093006364,0.170058,0.300183333
1568,0.0,0.0,0.49334125,0.34677,0.247132857,0.337992,0.494263333,0.538266667,0.505789474,0.427300571,0.493436429,0.577723333,0.60148,0.02345,0.482155862,0.365328947,0.222233333,0.460545385,0.654719394,0.53573,0.510397143,0.336699643,0.4387175,0.1703725,0.535034167,0.465308,0.424016364,0.4185375,0.421065,0.422414262,0.344128,0.3389334,0.51917,0.558103636,0.459849608,0.495965254,0.70895,0.594952222,0.532104,0.575434,0.638663333,0.685647442,0.695994737,0.521323333,0.153745556,0.36526,0.40012,0.05916,0.71318,0.657606667,0.289902857,0.361926667,0.217034474,0.151523571,0.466685556,0.495173333,0.01585,0.396416,0.382263333,0.582096429,0.473782381,0.33777,0.405412,0.430493182,0.4209396,0.542545
1569,0.409906667,0.21842,0.6071825,0.595975,0.4246,0.587072,0.67972,0.703189067,0.620165789,0.643676571,0.652903571,0.599698095,0.61694,0.04967,0.662620345,0.510240702,0.333576667,0.61979,0.763073939,0.5566,0.549589714,0.437604464,0.57313,0.32009625,0.734990833,0.692576333,0.654158182,0.64786375,0.588622222,0.618306393,0.492433111,0.5499229,0.67437,0.599404091,0.623745686,0.631667966,0.732013333,0.581145556,0.735968,0.626515,0.66135,0.777074884,0.791339474,0.714833333,0.293482222,0.614165143,0.50959,0.0957,0.69406,0.685301667,0.50504,0.557633333,0.480396316,0.415019286,0.613575556,0.700348889,0.53338,0.577108,0.599188333,0.753779643,0.614548571,0.477713333,0.619876667,0.590934091,0.5837344,0.654051667
1570,0.602236667,0.61962,0.55289375,0.72144,0.583651429,0.703544,0.673023333,0.769451067,0.663828947,0.632341714,0.683612143,0.649388571,0.604565,0.11885,0.74136069,0.624817193,0.523213333,0.740480769,0.786335455,0.59652,0.61794,0.4717575,0.599149063,0.3753,0.808929167,0.7826935,0.751110909,0.744675625,0.688842222,0.720328852,0.605476,0.6575339,0.77697,0.628462727,0.670095098,0.676306271,0.819948333,0.62239,0.787606,0.628032,0.657821667,0.803276512,0.805606316,0.803636667,0.54347,0.713761714,0.58368,0.21672,0.780166667,0.732046667,0.666832857,0.686153333,0.645637105,0.544334286,0.725656667,0.772649683,0.60449,0.713424,0.529876667,0.817587143,0.674298571,0.539076667,0.710369333,0.673141364,0.65744,0.645921667
1571,0.725153333,0.77075,0.587795,0.739845,0.662792857,0.769832,0.712303333,0.8152592,0.642113684,0.708980857,0.677834286,0.609882857,0.539915,0.13043,0.769391379,0.632664561,0.529993333,0.78799,0.767775455,0.70086,0.693215714,0.485733214,0.58158875,0.429673125,0.821255,0.804866333,0.781637273,0.778556875,0.717437778,0.759261148,0.627831111,0.7095224,0.82532,0.666117273,0.729637647,0.72039339,0.81483,0.622692222,0.813984,0.537328,0.741936667,0.840037442,0.795291579,0.81437,0.655071111,0.756032286,0.59308,0.37451,0.797066667,0.730179167,0.668205714,0.745043333,0.712403947,0.592510714,0.732698889,0.775645079,0.67462,0.737892,0.654131667,0.826131071,0.71289,0.588055,0.776898,0.695806364,0.7116696,0.735113333
1572,0.798873333,0.808,0.55016125,0.72221,0.690711429,0.767846,0.750743333,0.806636267,0.630351053,0.691236,0.760967857,0.65418381,0.54167,0.1662,0.780802759,0.655198596,0.565736667,0.779533846,0.806813636,0.5848,0.67182,0.489400893,0.517635625,0.3726625,0.812131667,0.798789167,0.779922727,0.779668125,0.732096667,0.764456885,0.639883333,0.7334876,0.8281,0.737162727,0.744967647,0.718953729,0.842048333,0.578597778,0.809928,0.53919,0.779528333,0.794608605,0.802112632,0.803463333,0.666346667,0.754776571,0.5914,0.40199,0.83533,0.730295,0.631921429,0.753496667,0.737462105,0.626272857,0.706427778,0.737212857,0.56915,0.730444,0.561951667,0.8158225,0.696965238,0.631648333,0.779198667,0.762740909,0.7196052,0.588226667
1573,0.78287,0.81898,0.57765625,0.72767,0.534854286,0.681224,0.73248,0.779927067,0.623153684,0.682470286,0.798864286,0.713237619,0.6843,0.20881,0.695897931,0.631894386,0.54147,0.747750769,0.796726667,0.70888,0.684487714,0.473391071,0.452292188,0.37098625,0.80211,0.781940667,0.761051818,0.7749075,0.700551667,0.738150656,0.669465333,0.7181957,0.77742,0.706208636,0.691765098,0.70899678,0.83569,0.547394444,0.785014,0.496708,0.804795,0.768457209,0.800875263,0.79265,0.657781111,0.737368286,0.58397,0.45932,0.847093333,0.729435833,0.633691429,0.790043333,0.724781053,0.547389286,0.666078889,0.693259683,0.52712,0.690972,0.585953333,0.806387143,0.655649524,0.643366667,0.677706667,0.711759545,0.659642,0.64828
1574,0.79929,0.81613,0.5781125,0.628815,0.54955,0.713986,0.743693333,0.735582,0.584978947,0.631944571,0.803084286,0.775158095,0.802175,0.13643,0.662284483,0.610106667,0.489006667,0.662338462,0.747518485,0.6992,0.685991143,0.492634107,0.395917813,0.315750625,0.796245,0.761033333,0.743323636,0.753009375,0.643396111,0.665136885,0.603368444,0.6476519,0.72551,0.724017727,0.628057843,0.675267797,0.793666667,0.443864444,0.755452,0.469552,0.796005,0.713996512,0.722451579,0.78849,0.631327778,0.685376,0.58899,0.44078,0.824536667,0.717540833,0.581734286,0.770506667,0.669750526,0.562616429,0.678547778,0.660040794,0.54205,0.628468,0.617076667,0.801309643,0.613419048,0.603655,0.644625333,0.662809091,0.6263856,0.607486667
1575,0.776773333,0.79141,0.57271625,0.54036,0.44656,0.717246,0.67377,0.6627544,0.573804211,0.56583,0.811113571,0.748036667,0.719875,0.06248,0.622721379,0.564567895,0.529516667,0.580325385,0.683310606,0.75091,0.704978286,0.41598,0.38765,0.227289375,0.779533333,0.731239667,0.690338182,0.72265,0.615982778,0.638761311,0.574703111,0.6184498,0.6933,0.679785455,0.624589216,0.686130847,0.735751667,0.414878889,0.746394,0.4728,0.797575,0.672684651,0.628614737,0.783026667,0.551301111,0.672237429,0.64278,0.36817,0.762866667,0.6951025,0.395382857,0.738866667,0.598847632,0.587927143,0.637411111,0.612840794,0.5793,0.514052,0.582993333,0.794894643,0.568490952,0.594845,0.550492667,0.501651364,0.6165212,0.717615
1576,0.73067,0.76911,0.43361125,0.570215,0.511114286,0.688092,0.695823333,0.592075467,0.492437895,0.441384286,0.748326429,0.593936667,0.55822,0.22279,0.544324483,0.477349298,0.536476667,0.487873077,0.590988788,0.71375,0.608077143,0.299721071,0.25527625,0.12090375,0.7631775,0.730095167,0.656388182,0.71483,0.583663889,0.578514426,0.53027,0.5784767,0.74527,0.571213636,0.600644314,0.622430508,0.572226667,0.326075556,0.694574,0.364283,0.755101667,0.567984884,0.626722105,0.760973333,0.450086667,0.608377714,0.5289,0.45851,0.522643333,0.431401667,0.564715714,0.70361,0.612116053,0.631578571,0.623296667,0.63564127,0.42839,0.325092,0.460751667,0.764911786,0.495871905,0.54357,0.453206667,0.422246818,0.5941352,0.656743333
1577,0.64036,0.64605,0.32824,0.55612,0.457112857,0.576772,0.56689,0.443211733,0.384804211,0.355644571,0.565586429,0.501699524,0.54098,0.08684,0.438644138,0.399095965,0.452763333,0.395395385,0.449680303,0.62919,0.540634286,0.288597679,0.20070125,0.08470625,0.683508333,0.6568165,0.578777273,0.64039,0.460761111,0.517629016,0.442074667,0.5246738,0.64225,0.427261364,0.533731961,0.535655593,0.41242,0.266034444,0.436248,0.244066,0.59165,0.471110465,0.517112105,0.683243333,0.41625,0.525257714,0.44405,0.27691,0.339416667,0.387909167,0.50309,0.64522,0.573453421,0.58539,0.524805556,0.549171587,0.30634,0.364606,0.427358333,0.674996786,0.485922857,0.473586667,0.356354667,0.361250909,0.4789,0.565673333
1578,0.52243,0.61005,0.0,0.349625,0.270985714,0.440516,0.42344,0.183281467,0.0,0.000324857,0.029419286,5.38e-5,0.00024,0.0,0.27673,0.215228772,0.276926667,0.208862308,0.287529394,0.31816,0.309810571,0.208988393,0.09986375,0.026958125,0.473268333,0.4859765,0.444116364,0.508695,0.275850556,0.348240492,0.27994,0.34215,0.35198,0.292837273,0.300526275,0.346087458,0.0,0.0,0.000166,0.0,0.00014,0.214331628,0.286633158,0.47027,0.282385556,0.362775714,0.0,0.0,0.0,0.0,0.32434,0.283153333,0.385031842,0.450856429,0.359376667,0.343791746,0.36966,0.162114,0.0,0.442813929,0.320124286,0.260583333,0.210948,0.212491818,0.2604852,0.353348333
1579,0.298296667,0.43742,0.0,0.221535,0.167825714,0.242132,0.0,0.0,0.0,0.0,0.0,0.0,0.0,0.0,0.0,0.0,0.0,0.0,0.0,0.0,0.0,0.0,0.0,0.0,0.0,3.47e-5,0.000436364,0.000553125,0.0,0.014258033,0.012828222,0.1415107,0.00076,0.0,0.011165294,0.01690678,0.0,0.0,0.0,0.0,0.0,0.0,0.0,0.0,0.0,0.0,0.0,0.0,0.0,0.0,0.197025714,0.2967,0.238365,0.257258571,0.0,0.0,0.0,0.0,0.0,0.0,0.0,0.0,0.0,0.0,0.0,0.0
1580,0.0,0.0,0.0,0.0,0.0,0.0,0.0,0.0,0.0,0.0,0.0,0.0,0.0,0.0,0.0,0.0,0.0,0.0,0.0,0.0,0.0,0.0,0.0,0.0,0.0,0.0,0.0,0.0,0.0,0.0,0.0,0.0,0.0,0.0,0.0,0.0,0.0,0.0,0.0,0.0,0.0,0.0,0.0,0.0,0.0,0.0,0.0,0.0,0.0,0.0,0.0,0.0,0.0,0.0,0.0,0.0,0.0,0.0,0.0,0.0,0.0,0.0,0.0,0.0,0.0,0.0
1581,0.0,0.0,0.0,0.0,0.0,0.0,0.0,0.0,0.0,0.0,0.0,0.0,0.0,0.0,0.0,0.0,0.0,0.0,0.0,0.0,0.0,0.0,0.0,0.0,0.0,0.0,0.0,0.0,0.0,0.0,0.0,0.0,0.0,0.0,0.0,0.0,0.0,0.0,0.0,0.0,0.0,0.0,0.0,0.0,0.0,0.0,0.0,0.0,0.0,0.0,0.0,0.0,0.0,0.0,0.0,0.0,0.0,0.0,0.0,0.0,0.0,0.0,0.0,0.0,0.0,0.0
1582,0.0,0.0,0.0,0.0,0.0,0.0,0.0,0.0,0.0,0.0,0.0,0.0,0.0,0.0,0.0,0.0,0.0,0.0,0.0,0.0,0.0,0.0,0.0,0.0,0.0,0.0,0.0,0.0,0.0,0.0,0.0,0.0,0.0,0.0,0.0,0.0,0.0,0.0,0.0,0.0,0.0,0.0,0.0,0.0,0.0,0.0,0.0,0.0,0.0,0.0,0.0,0.0,0.0,0.0,0.0,0.0,0.0,0.0,0.0,0.0,0.0,0.0,0.0,0.0,0.0,0.0
1583,0.0,0.0,0.0,0.0,0.0,0.0,0.0,0.0,0.0,0.0,0.0,0.0,0.0,0.0,0.0,0.0,0.0,0.0,0.0,0.0,0.0,0.0,0.0,0.0,0.0,0.0,0.0,0.0,0.0,0.0,0.0,0.0,0.0,0.0,0.0,0.0,0.0,0.0,0.0,0.0,0.0,0.0,0.0,0.0,0.0,0.0,0.0,0.0,0.0,0.0,0.0,0.0,0.0,0.0,0.0,0.0,0.0,0.0,0.0,0.0,0.0,0.0,0.0,0.0,0.0,0.0
1584,0.0,0.0,0.0,0.0,0.0,0.0,0.0,0.0,0.0,0.0,0.0,0.0,0.0,0.0,0.0,0.0,0.0,0.0,0.0,0.0,0.0,0.0,0.0,0.0,0.0,0.0,0.0,0.0,0.0,0.0,0.0,0.0,0.0,0.0,0.0,0.0,0.0,0.0,0.0,0.0,0.0,0.0,0.0,0.0,0.0,0.0,0.0,0.0,0.0,0.0,0.0,0.0,0.0,0.0,0.0,0.0,0.0,0.0,0.0,0.0,0.0,0.0,0.0,0.0,0.0,0.0
1585,0.0,0.0,0.0,0.0,0.0,0.0,0.0,0.0,0.0,0.0,0.0,0.0,0.0,0.0,0.0,0.0,0.0,0.0,0.0,0.0,0.0,0.0,0.0,0.0,0.0,0.0,0.0,0.0,0.0,0.0,0.0,0.0,0.0,0.0,0.0,0.0,0.0,0.0,0.0,0.0,0.0,0.0,0.0,0.0,0.0,0.0,0.0,0.0,0.0,0.0,0.0,0.0,0.0,0.0,0.0,0.0,0.0,0.0,0.0,0.0,0.0,0.0,0.0,0.0,0.0,0.0
1586,0.0,0.0,0.0,0.0,0.0,0.0,0.0,0.0,0.0,0.0,0.0,0.0,0.0,0.0,0.0,0.0,0.0,0.0,0.0,0.0,0.0,0.0,0.0,0.0,0.0,0.0,0.0,0.0,0.0,0.0,0.0,0.0,0.0,0.0,0.0,0.0,0.0,0.0,0.0,0.0,0.0,0.0,0.0,0.0,0.0,0.0,0.0,0.0,0.0,0.0,0.0,0.0,0.0,0.0,0.0,0.0,0.0,0.0,0.0,0.0,0.0,0.0,0.0,0.0,0.0,0.0
1587,0.0,0.0,0.0,0.0,0.0,0.0,0.0,0.0,0.0,0.0,0.0,0.0,0.0,0.0,0.0,0.0,0.0,0.0,0.0,0.0,0.0,0.0,0.0,0.0,0.0,0.0,0.0,0.0,0.0,0.0,0.0,0.0,0.0,0.0,0.0,0.0,0.0,0.0,0.0,0.0,0.0,0.0,0.0,0.0,0.0,0.0,0.0,0.0,0.0,0.0,0.0,0.0,0.0,0.0,0.0,0.0,0.0,0.0,0.0,0.0,0.0,0.0,0.0,0.0,0.0,0.0
1588,0.0,0.0,0.0,0.0,0.0,0.0,0.0,0.0,0.0,0.0,0.0,0.0,0.0,0.0,0.0,0.0,0.0,0.0,0.0,0.0,0.0,0.0,0.0,0.0,0.0,0.0,0.0,0.0,0.0,0.0,0.0,0.0,0.0,0.0,0.0,0.0,0.0,0.0,0.0,0.0,0.0,0.0,0.0,0.0,0.0,0.0,0.0,0.0,0.0,0.0,0.0,0.0,0.0,0.0,0.0,0.0,0.0,0.0,0.0,0.0,0.0,0.0,0.0,0.0,0.0,0.0
1589,0.0,0.0,0.0,0.0,0.0,0.0,0.0,0.0,0.0,0.0,0.0,0.0,0.0,0.0,0.0,0.0,0.0,0.0,0.0,0.0,0.0,0.0,0.0,0.0,0.0,0.0,0.0,0.0,0.0,0.0,0.0,0.0,0.0,0.0,0.0,0.0,0.0,0.0,0.0,0.0,0.0,0.0,0.0,0.0,0.0,0.0,0.0,0.0,0.0,0.0,0.0,0.0,0.0,0.0,0.0,0.0,0.0,0.0,0.0,0.0,0.0,0.0,0.0,0.0,0.0,0.0
1590,0.0,0.0,0.0,0.0,0.0,0.0,0.0,0.0,0.0,0.0,0.0,0.0,0.0,0.0,0.0,0.0,0.0,0.0,0.0,0.0,0.0,0.0,0.0,0.0,0.0,0.0,0.0,0.0,0.0,0.0,0.0,0.0,0.0,0.0,0.0,0.0,0.0,5.89e-5,0.0,2.0e-6,0.0,0.0,0.0,0.0,0.0,0.0,0.0,0.0,0.0,0.000191667,0.0,0.0,0.0,0.0,0.0,0.0,0.0,0.0,0.0,0.0,0.0,0.0,0.0,0.0,0.0,0.0
1591,0.0,0.0,0.29657125,0.0,0.0,0.0,0.000803333,0.365605067,0.230501579,0.19455,0.469759286,0.507196667,0.444,0.43398,0.075284138,0.071385789,0.000196667,0.339443077,0.367560606,0.22351,0.189366857,0.263729643,0.2164175,0.04482125,0.0,0.0,0.0,0.0,0.0,0.0,1.22e-5,0.0,0.0,0.318257273,0.035453922,0.105526271,0.569891667,0.453828889,0.35325,0.309016,0.234556667,0.461885349,0.499098947,0.0,0.0,0.0,0.33125,0.08404,0.5995,0.492914167,0.0,0.0,0.0,0.0,0.0,0.0,0.0,0.0,0.195515,0.031565357,0.062994286,0.075685,0.274595333,0.123360909,0.123886,0.247766667
1592,0.0,0.0,0.4825875,0.029725,0.054704286,0.362886,0.42525,0.617954933,0.400526316,0.369429143,0.674375,0.744082857,0.69533,0.48815,0.542796552,0.508104211,0.503573333,0.524639231,0.546015152,0.41131,0.338602571,0.559746071,0.50795875,0.219285,0.522815,0.454437,0.373227273,0.4346,0.447004444,0.38187623,0.372553111,0.298966,0.45582,0.515145,0.339501569,0.410594068,0.77566,0.577132222,0.592886,0.536956,0.452996667,0.69651093,0.704558947,0.532146667,0.261585556,0.430018,0.45595,0.27317,0.793356667,0.6848725,0.133805714,0.31204,0.238402368,0.266005714,0.237571111,0.394725079,0.01793,0.183402,0.282961667,0.578812857,0.554597143,0.420376667,0.576364,0.445686818,0.3413204,0.284828333
1593,0.39042,0.4586,0.49382625,0.119905,0.135215714,0.51838,0.610883333,0.700922,0.541864737,0.471899429,0.792279286,0.823872857,0.764875,0.68247,0.707267241,0.692144912,0.679616667,0.668912308,0.675460909,0.56803,0.482721143,0.609903929,0.61536375,0.297085,0.700785833,0.661941833,0.597099091,0.656395625,0.673492222,0.574805902,0.569488,0.5272485,0.69343,0.652025,0.486135882,0.588570678,0.851835,0.660587778,0.61431,0.592828,0.491846667,0.79541093,0.790305263,0.73112,0.474033333,0.676590286,0.71897,0.40047,0.86231,0.6467075,0.245697143,0.55985,0.522141316,0.438716429,0.518976667,0.64350746,0.41722,0.411238,0.393251667,0.752819643,0.712806667,0.60661,0.69056,0.596994545,0.5718688,0.443556667
1594,0.60109,0.60045,0.61033625,0.269935,0.23514,0.595952,0.618766667,0.682539733,0.458004737,0.406975143,0.804944286,0.81598619,0.68554,0.67685,0.765031724,0.723360877,0.690193333,0.650910769,0.699937576,0.64191,0.501460571,0.586642321,0.640429375,0.328271875,0.78063,0.737077667,0.701635455,0.746985,0.742507778,0.669188197,0.650479778,0.6345913,0.7947,0.625801364,0.542288824,0.536329492,0.856471667,0.580902222,0.678896,0.538861,0.511786667,0.815702791,0.771547895,0.80504,0.707917778,0.773554857,0.68005,0.58824,0.864086667,0.596095833,0.44454,0.696723333,0.622481053,0.670985714,0.588507778,0.719763175,0.53644,0.59778,0.522408333,0.806053571,0.77617381,0.695035,0.739574667,0.682845455,0.6540012,0.43502
1595,0.702543333,0.73471,0.6509425,0.402555,0.291295714,0.599874,0.767363333,0.725820133,0.578552105,0.457844,0.801622857,0.82068619,0.58619,0.70126,0.773471034,0.717847018,0.69864,0.789617692,0.739326364,0.68665,0.604830857,0.564914107,0.588427188,0.39474875,0.800726667,0.785045833,0.74757,0.77947875,0.755027222,0.716714426,0.676497778,0.6829748,0.82003,0.687508636,0.631915294,0.614068814,0.882445,0.613504444,0.743572,0.60527,0.597103333,0.835952326,0.787812105,0.80816,0.741371111,0.801245714,0.70455,0.62557,0.846923333,0.621295833,0.512952857,0.74687,0.620007368,0.742389286,0.705598889,0.752600159,0.61147,0.726024,0.64383,0.813963929,0.774187619,0.710573333,0.756181333,0.709894091,0.7500076,0.576145
1596,0.76326,0.78722,0.64975375,0.2758,0.349791429,0.536572,0.815806667,0.697582133,0.582003684,0.475185143,0.803622143,0.788490476,0.592005,0.67273,0.704463793,0.686254561,0.64901,0.757746154,0.760309091,0.62337,0.597085143,0.51736125,0.514024063,0.437090625,0.789801667,0.773182667,0.74559,0.7743675,0.725019444,0.715554918,0.685504889,0.6830536,0.83092,0.700215,0.611751765,0.597481525,0.835143333,0.609078889,0.710462,0.607691,0.580691667,0.804982558,0.799830526,0.801253333,0.697872222,0.788588,0.66888,0.67806,0.75584,0.551199167,0.471851429,0.749813333,0.619197632,0.646742143,0.73068,0.74090619,0.67606,0.756228,0.658946667,0.802862857,0.770790476,0.738461667,0.708506667,0.691345455,0.710414,0.592231667
1597,0.756036667,0.67468,0.63870625,0.40795,0.341042857,0.501306,0.74838,0.689920533,0.589353684,0.477418286,0.783765714,0.769325238,0.622615,0.70091,0.652017586,0.668687193,0.676253333,0.782665385,0.744246061,0.62931,0.610881714,0.510777857,0.503603125,0.439685625,0.7237375,0.746926,0.713027273,0.758943125,0.699370556,0.694691311,0.696325111,0.6743505,0.86168,0.574462273,0.613672549,0.628249153,0.833206667,0.604002222,0.722892,0.626915,0.533068333,0.80962186,0.773414211,0.789616667,0.711258889,0.776623429,0.687,0.56309,0.777816667,0.658211667,0.441054286,0.73442,0.640815,0.658831429,0.727788889,0.724266349,0.72492,0.772598,0.563948333,0.792566786,0.742290952,0.70931,0.699896,0.685839545,0.7328956,0.724815
1598,0.682293333,0.69094,0.61045875,0.39031,0.327881429,0.511192,0.691696667,0.660412933,0.578492632,0.477983714,0.77983,0.740032381,0.702485,0.66448,0.647105517,0.656298246,0.67882,0.786193077,0.759152424,0.74721,0.628398857,0.510047321,0.479377813,0.432514375,0.689554167,0.718815167,0.731985455,0.749516875,0.677766667,0.707142295,0.645578222,0.6650822,0.76377,0.595936818,0.570934902,0.600724407,0.735478333,0.60845,0.706086,0.633074,0.516848333,0.799313488,0.74941,0.783053333,0.700262222,0.768937429,0.72997,0.61766,0.701283333,0.686495,0.458917143,0.651176667,0.598594474,0.595987143,0.706375556,0.695024603,0.74468,0.775842,0.590771667,0.777806429,0.723704762,0.698826667,0.698801333,0.692164545,0.7360384,0.677226667
1599,0.67295,0.73884,0.55663125,0.33794,0.288985714,0.494762,0.59575,0.575153467,0.554493684,0.448486857,0.718190714,0.703659048,0.70918,0.67357,0.626529655,0.609934211,0.62428,0.767033846,0.720645152,0.69609,0.639246,0.530031964,0.465653125,0.42193625,0.670980833,0.683570667,0.669450909,0.7102575,0.629442222,0.660468689,0.544959111,0.5677612,0.71103,0.549229545,0.509009608,0.549852203,0.644458333,0.628317778,0.61874,0.697802,0.507471667,0.785335814,0.693578947,0.77633,0.630312222,0.754180857,0.74761,0.52129,0.67723,0.7175925,0.405855714,0.616126667,0.538365,0.596428571,0.68465,0.662367302,0.71179,0.757754,0.499841667,0.759049643,0.705279524,0.705265,0.600619333,0.616443182,0.6956672,0.638538333
1600,0.59802,0.67184,0.478515,0.35149,0.339907143,0.456564,0.57871,0.4545336,0.380424737,0.310818857,0.620586429,0.636922857,0.652745,0.50285,0.605109655,0.548872456,0.504646667,0.704783846,0.578007576,0.60681,0.560211143,0.575036786,0.463871875,0.394071875,0.664313333,0.683600167,0.659367273,0.70197,0.532291111,0.56878623,0.368167111,0.5011614,0.7761,0.497976364,0.309592745,0.445444746,0.544716667,0.50506,0.503832,0.516765,0.374165,0.676211163,0.538653684,0.750796667,0.535351111,0.693032,0.62019,0.52496,0.545036667,0.641373333,0.42171,0.520233333,0.575053947,0.487935,0.675985556,0.665746667,0.59657,0.637252,0.488443333,0.735367857,0.668512381,0.652265,0.568896667,0.576261364,0.4593212,0.497698333
1601,0.585656667,0.70253,0.28959875,0.32811,0.283775714,0.382576,0.51386,0.362673067,0.256954737,0.220756571,0.479036429,0.434570476,0.43058,0.50171,0.487769655,0.462029825,0.45949,0.566369231,0.437799091,0.42286,0.461249714,0.485100714,0.427192188,0.307856875,0.587345833,0.6112805,0.581568182,0.663708125,0.359505556,0.456830492,0.268906222,0.410285,0.70889,0.425280455,0.243250196,0.380517288,0.309776667,0.307391111,0.416616,0.371659,0.362771667,0.55166186,0.446437895,0.6757,0.50381,0.608491429,0.51234,0.40253,0.31119,0.392899167,0.411572857,0.571376667,0.477728158,0.367006429,0.599722222,0.607999365,0.63017,0.512696,0.302673333,0.657427857,0.595709524,0.613433333,0.387986,0.349630909,0.3357416,0.443846667
1602,0.458553333,0.45425,0.0,0.2072,0.179228571,0.258272,0.358886667,0.146853067,0.0,0.005967429,0.026562857,1.0e-5,7.0e-5,0.0,0.291726552,0.278671404,0.251726667,0.272508462,0.28970303,0.19379,0.252033714,0.287157857,0.208048438,0.06140125,0.390276667,0.458250833,0.450712727,0.47994875,0.244661667,0.291194426,0.135063333,0.2576771,0.40996,0.243525909,0.114490196,0.217462034,0.0,0.0,0.00017,0.0,0.000163333,0.242052791,0.234336316,0.467326667,0.419906667,0.420602571,0.0,0.0,0.0,0.0,0.185344286,0.36255,0.346634737,0.318250714,0.373182222,0.429873968,0.45528,0.24492,0.0,0.439421786,0.34055381,0.281716667,0.140613333,0.187083636,0.1298908,0.216226667
1603,0.296023333,0.25232,0.0,0.11415,0.102745714,0.071792,0.0,0.0,0.0,0.0,0.0,0.0,0.0,0.0,0.0,0.0,0.0,0.0,0.0,0.0,0.0,0.0,0.0,0.0,0.0,3.92e-5,0.000443636,0.000578125,0.0,0.014866393,0.009092222,0.096995,0.00038,0.0,0.002336275,0.022350508,0.0,0.0,0.0,0.0,0.0,0.0,0.0,0.0,0.0,0.0,0.0,0.0,0.0,0.0,0.08055,0.200986667,0.162292105,0.244122857,0.0,0.0,0.0,0.0,0.0,0.0,0.0,0.0,0.0,0.0,0.0,0.0
1604,0.0,0.0,0.0,0.0,0.0,0.0,0.0,0.0,0.0,0.0,0.0,0.0,0.0,0.0,0.0,0.0,0.0,0.0,0.0,0.0,0.0,0.0,0.0,0.0,0.0,0.0,0.0,0.0,0.0,0.0,0.0,0.0,0.0,0.0,0.0,0.0,0.0,0.0,0.0,0.0,0.0,0.0,0.0,0.0,0.0,0.0,0.0,0.0,0.0,0.0,0.0,0.0,0.0,0.0,0.0,0.0,0.0,0.0,0.0,0.0,0.0,0.0,0.0,0.0,0.0,0.0
1605,0.0,0.0,0.0,0.0,0.0,0.0,0.0,0.0,0.0,0.0,0.0,0.0,0.0,0.0,0.0,0.0,0.0,0.0,0.0,0.0,0.0,0.0,0.0,0.0,0.0,0.0,0.0,0.0,0.0,0.0,0.0,0.0,0.0,0.0,0.0,0.0,0.0,0.0,0.0,0.0,0.0,0.0,0.0,0.0,0.0,0.0,0.0,0.0,0.0,0.0,0.0,0.0,0.0,0.0,0.0,0.0,0.0,0.0,0.0,0.0,0.0,0.0,0.0,0.0,0.0,0.0
1606,0.0,0.0,0.0,0.0,0.0,0.0,0.0,0.0,0.0,0.0,0.0,0.0,0.0,0.0,0.0,0.0,0.0,0.0,0.0,0.0,0.0,0.0,0.0,0.0,0.0,0.0,0.0,0.0,0.0,0.0,0.0,0.0,0.0,0.0,0.0,0.0,0.0,0.0,0.0,0.0,0.0,0.0,0.0,0.0,0.0,0.0,0.0,0.0,0.0,0.0,0.0,0.0,0.0,0.0,0.0,0.0,0.0,0.0,0.0,0.0,0.0,0.0,0.0,0.0,0.0,0.0
1607,0.0,0.0,0.0,0.0,0.0,0.0,0.0,0.0,0.0,0.0,0.0,0.0,0.0,0.0,0.0,0.0,0.0,0.0,0.0,0.0,0.0,0.0,0.0,0.0,0.0,0.0,0.0,0.0,0.0,0.0,0.0,0.0,0.0,0.0,0.0,0.0,0.0,0.0,0.0,0.0,0.0,0.0,0.0,0.0,0.0,0.0,0.0,0.0,0.0,0.0,0.0,0.0,0.0,0.0,0.0,0.0,0.0,0.0,0.0,0.0,0.0,0.0,0.0,0.0,0.0,0.0
1608,0.0,0.0,0.0,0.0,0.0,0.0,0.0,0.0,0.0,0.0,0.0,0.0,0.0,0.0,0.0,0.0,0.0,0.0,0.0,0.0,0.0,0.0,0.0,0.0,0.0,0.0,0.0,0.0,0.0,0.0,0.0,0.0,0.0,0.0,0.0,0.0,0.0,0.0,0.0,0.0,0.0,0.0,0.0,0.0,0.0,0.0,0.0,0.0,0.0,0.0,0.0,0.0,0.0,0.0,0.0,0.0,0.0,0.0,0.0,0.0,0.0,0.0,0.0,0.0,0.0,0.0
1609,0.0,0.0,0.0,0.0,0.0,0.0,0.0,0.0,0.0,0.0,0.0,0.0,0.0,0.0,0.0,0.0,0.0,0.0,0.0,0.0,0.0,0.0,0.0,0.0,0.0,0.0,0.0,0.0,0.0,0.0,0.0,0.0,0.0,0.0,0.0,0.0,0.0,0.0,0.0,0.0,0.0,0.0,0.0,0.0,0.0,0.0,0.0,0.0,0.0,0.0,0.0,0.0,0.0,0.0,0.0,0.0,0.0,0.0,0.0,0.0,0.0,0.0,0.0,0.0,0.0,0.0
1610,0.0,0.0,0.0,0.0,0.0,0.0,0.0,0.0,0.0,0.0,0.0,0.0,0.0,0.0,0.0,0.0,0.0,0.0,0.0,0.0,0.0,0.0,0.0,0.0,0.0,0.0,0.0,0.0,0.0,0.0,0.0,0.0,0.0,0.0,0.0,0.0,0.0,0.0,0.0,0.0,0.0,0.0,0.0,0.0,0.0,0.0,0.0,0.0,0.0,0.0,0.0,0.0,0.0,0.0,0.0,0.0,0.0,0.0,0.0,0.0,0.0,0.0,0.0,0.0,0.0,0.0
1611,0.0,0.0,0.0,0.0,0.0,0.0,0.0,0.0,0.0,0.0,0.0,0.0,0.0,0.0,0.0,0.0,0.0,0.0,0.0,0.0,0.0,0.0,0.0,0.0,0.0,0.0,0.0,0.0,0.0,0.0,0.0,0.0,0.0,0.0,0.0,0.0,0.0,0.0,0.0,0.0,0.0,0.0,0.0,0.0,0.0,0.0,0.0,0.0,0.0,0.0,0.0,0.0,0.0,0.0,0.0,0.0,0.0,0.0,0.0,0.0,0.0,0.0,0.0,0.0,0.0,0.0
1612,0.0,0.0,0.0,0.0,0.0,0.0,0.0,0.0,0.0,0.0,0.0,0.0,0.0,0.0,0.0,0.0,0.0,0.0,0.0,0.0,0.0,0.0,0.0,0.0,0.0,0.0,0.0,0.0,0.0,0.0,0.0,0.0,0.0,0.0,0.0,0.0,0.0,0.0,0.0,0.0,0.0,0.0,0.0,0.0,0.0,0.0,0.0,0.0,0.0,0.0,0.0,0.0,0.0,0.0,0.0,0.0,0.0,0.0,0.0,0.0,0.0,0.0,0.0,0.0,0.0,0.0
1613,0.0,0.0,0.0,0.0,0.0,0.0,0.0,0.0,0.0,0.0,0.0,0.0,0.0,0.0,0.0,0.0,0.0,0.0,0.0,0.0,0.0,0.0,0.0,0.0,0.0,0.0,0.0,0.0,0.0,0.0,0.0,0.0,0.0,0.0,0.0,0.0,0.0,0.0,0.0,0.0,0.0,0.0,0.0,0.0,0.0,0.0,0.0,0.0,0.0,0.0,0.0,0.0,0.0,0.0,0.0,0.0,0.0,0.0,0.0,0.0,0.0,0.0,0.0,0.0,0.0,0.0
1614,0.0,0.0,0.0,0.0,0.0,0.0,0.0,0.0,0.0,0.0,0.0,0.0,0.0,0.0,0.0,0.0,0.0,0.0,0.0,0.0,0.0,0.0,0.0,0.0,0.0,0.0,0.0,0.0,0.0,0.0,0.0,0.0,0.0,0.0,0.0,0.0,0.0,0.000122222,0.0,0.0,0.0,0.0,0.0,0.0,0.0,0.0,0.0,0.0,0.0,0.000410833,0.0,0.0,0.0,0.0,0.0,0.0,0.0,0.0,0.0,0.0,0.0,0.0,0.0,0.0,0.0,0.0
1615,0.0,0.0,0.27738625,0.0,0.0,0.0,0.000843333,0.236968933,0.193282632,0.088868286,0.260017143,0.500218095,0.48832,0.17732,0.033948966,0.028729825,0.0,0.335423846,0.316747273,0.38802,0.304036286,0.252984107,0.24100625,0.037955625,0.0,0.0,0.0,0.0,0.0,0.0,0.0,0.0,0.0,0.311903182,0.023052353,0.088215932,0.506021667,0.433251111,0.25519,0.253011,0.069556667,0.372367209,0.425574211,0.0,0.0,0.0,0.37805,0.31242,0.59083,0.58474,0.0,0.0,0.0,0.0,0.0,0.0,0.0,0.0,0.166716667,0.032533929,0.118965238,0.131203333,0.147636667,0.056994545,0.125304,0.248505
1616,0.0,0.0,0.53856,0.05035,0.06562,0.025496,0.447496667,0.491906133,0.356728947,0.265553429,0.475232143,0.733293333,0.719615,0.32985,0.39470931,0.304979123,0.049993333,0.504416154,0.443261515,0.59026,0.501342,0.555315179,0.552755938,0.22793,0.545758333,0.466364333,0.401020909,0.420929375,0.133363889,0.249116393,0.062317778,0.1582903,0.17457,0.567272727,0.193733137,0.308911356,0.662336667,0.614206667,0.45987,0.552881,0.277106667,0.612197674,0.624057368,0.500506667,0.394243333,0.425188857,0.62629,0.49179,0.75216,0.74038,0.024284286,0.279013333,0.109577632,0.066367857,0.501397778,0.42232254,0.02165,0.224782,0.458563333,0.598325714,0.581384762,0.522375,0.423419333,0.219651818,0.3101092,0.402808333
1617,0.283463333,0.44913,0.59809,0.073585,0.252261429,0.200742,0.644006667,0.616610133,0.51864,0.383786571,0.576235,0.794809524,0.824445,0.47925,0.620245172,0.544295614,0.16881,0.713523846,0.610102121,0.67493,0.594769714,0.716221429,0.7321125,0.386735,0.729081667,0.676518833,0.640643636,0.647655,0.303947778,0.461422951,0.150571111,0.3061775,0.18713,0.634909091,0.37468902,0.427021186,0.606683333,0.675987778,0.51787,0.531685,0.289778333,0.723683721,0.726681053,0.710376667,0.596793333,0.690263714,0.72407,0.59556,0.7249,0.790264167,0.063644286,0.453543333,0.233558158,0.156187143,0.687936667,0.62633873,0.42165,0.38994,0.500615,0.762442143,0.756647143,0.722858333,0.6007,0.48304,0.5759088,0.590206667
1618,0.47286,0.42665,0.62072125,0.18192,0.37938,0.265966,0.69389,0.639472533,0.492204211,0.406720571,0.605309286,0.842524762,0.823865,0.72358,0.71871069,0.657455088,0.365866667,0.797924615,0.727873636,0.79972,0.665337143,0.777244286,0.788125313,0.46206375,0.79592,0.766339833,0.739559091,0.741516875,0.409108889,0.57618377,0.266204667,0.4461513,0.46116,0.671413182,0.484355294,0.509872542,0.657943333,0.5808,0.439878,0.516843,0.392846667,0.716946744,0.744355789,0.812123333,0.788747778,0.778964571,0.72455,0.58027,0.800993333,0.816591667,0.182581429,0.473456667,0.338020263,0.359625,0.777441111,0.707093968,0.6111,0.5315,0.549815,0.815915357,0.814144762,0.799096667,0.723748,0.625501364,0.7211832,0.626183333
1619,0.52844,0.52579,0.611695,0.331265,0.440491429,0.38224,0.63832,0.600972133,0.577940526,0.429936286,0.580859286,0.837189048,0.83421,0.75316,0.741157931,0.681165263,0.440676667,0.822510769,0.714470909,0.66731,0.633004857,0.772551429,0.772235,0.490418125,0.808338333,0.7870475,0.767239091,0.77056125,0.491959444,0.641798525,0.331469778,0.5409773,0.35332,0.683921364,0.556182745,0.515092203,0.619896667,0.637428889,0.467402,0.584275,0.415608333,0.668321395,0.747626316,0.81927,0.807504444,0.810028,0.70441,0.49462,0.804423333,0.83653,0.219872857,0.515586667,0.428521053,0.490569286,0.778854444,0.727111111,0.64995,0.676426,0.633683333,0.820275714,0.81276619,0.803373333,0.763941333,0.687567727,0.7454316,0.589055
1620,0.62798,0.71017,0.662265,0.519655,0.491212857,0.456514,0.6788,0.5602176,0.590466316,0.499142286,0.616798571,0.820613333,0.81619,0.71406,0.721047241,0.69337193,0.555686667,0.800540769,0.728134242,0.7401,0.669176,0.75502,0.748434688,0.539884375,0.7985775,0.779812667,0.765746364,0.77070125,0.489231111,0.672567213,0.382896,0.5664487,0.45682,0.675583636,0.578703725,0.557679831,0.637046667,0.718475556,0.574194,0.73006,0.528833333,0.671354186,0.789664737,0.807153333,0.809342222,0.799775143,0.61987,0.48505,0.79482,0.8417925,0.271597143,0.631666667,0.552262632,0.583165714,0.758831111,0.704773333,0.70126,0.771966,0.651381667,0.807274643,0.795886667,0.785341667,0.751589333,0.731480909,0.7188364,0.673461667
1621,0.6178,0.7654,0.603065,0.61297,0.571431429,0.365848,0.700643333,0.4630768,0.527335263,0.496558571,0.649502143,0.793293333,0.82299,0.7322,0.679922414,0.649665614,0.514163333,0.748936923,0.718202121,0.74221,0.653186571,0.69295625,0.67996625,0.544139375,0.787419167,0.755472667,0.714285455,0.7670125,0.499996111,0.675465246,0.419631111,0.5893748,0.71138,0.59396,0.599676667,0.563333051,0.647773333,0.660557778,0.56813,0.624174,0.68649,0.64968814,0.728422632,0.795996667,0.80221,0.790136,0.60575,0.42843,0.7573,0.79985,0.352735714,0.63673,0.575517105,0.593765,0.744706667,0.680916508,0.74283,0.76683,0.628506667,0.796113929,0.787644286,0.781746667,0.680264667,0.690034091,0.6822488,0.630583333
1622,0.656316667,0.69632,0.6483625,0.5153,0.553167143,0.382428,0.745516667,0.406510933,0.520268947,0.518713429,0.719515,0.736302381,0.71406,0.73073,0.589765517,0.589427193,0.496396667,0.65147,0.742165758,0.69131,0.659597143,0.615944821,0.642956563,0.439948125,0.758044167,0.734606667,0.690538182,0.715611875,0.441597778,0.638908197,0.408440667,0.5204092,0.63638,0.612622727,0.523684902,0.515776949,0.612956667,0.623294444,0.591108,0.621015,0.718616667,0.646562326,0.753581579,0.789976667,0.798504444,0.786614857,0.68053,0.39112,0.67219,0.731705833,0.346587143,0.67118,0.592096579,0.470405,0.74168,0.661943651,0.73792,0.769252,0.697181667,0.779969286,0.77006619,0.778341667,0.537741333,0.572194545,0.6262644,0.60066
1623,0.585956667,0.62019,0.703395,0.538695,0.536187143,0.389718,0.725996667,0.3877356,0.473126316,0.502824571,0.724947143,0.72754,0.70121,0.68115,0.598416207,0.545822807,0.463563333,0.635049231,0.743063939,0.66578,0.625150571,0.581127679,0.549650938,0.373945,0.718928333,0.689537167,0.61877,0.64468875,0.414343333,0.612594426,0.374660444,0.4859047,0.63515,0.613321364,0.549182549,0.552236949,0.592015,0.606072222,0.479818,0.620764,0.63013,0.612124651,0.728681579,0.783583333,0.797221111,0.783279714,0.72828,0.26932,0.692743333,0.675008333,0.440928571,0.641903333,0.596678158,0.513019286,0.7311,0.634850952,0.74944,0.7784,0.6218,0.746526429,0.759960476,0.75103,0.557918,0.518496818,0.652288,0.607386667
1624,0.67384,0.57401,0.3950125,0.43153,0.489358571,0.518436,0.690926667,0.393652,0.369634211,0.392386,0.549187857,0.580905238,0.579355,0.43874,0.402748966,0.397734912,0.320083333,0.522577692,0.618333939,0.59549,0.563126857,0.410885536,0.420300625,0.24364375,0.683944167,0.661289167,0.598412727,0.62922625,0.314603333,0.482119016,0.278275333,0.5119723,0.56315,0.527387727,0.523000392,0.459274915,0.488161667,0.439983333,0.475398,0.37821,0.512536667,0.525469302,0.588769474,0.757643333,0.752531111,0.761864286,0.51385,0.20631,0.42986,0.525688333,0.490885714,0.49839,0.611705263,0.541059286,0.700063333,0.63617746,0.69146,0.74067,0.386041667,0.719706786,0.729262857,0.717208333,0.576666,0.528297273,0.6066388,0.46695
1625,0.606913333,0.54625,0.33236875,0.435605,0.468688571,0.49734,0.494753333,0.300991067,0.247931579,0.250754571,0.457239286,0.509206667,0.483515,0.20762,0.277595862,0.22369193,0.156023333,0.430762308,0.479277879,0.49916,0.450192857,0.265527679,0.263213438,0.108819375,0.601316667,0.554349,0.438821818,0.474508125,0.245932222,0.416733607,0.207955778,0.4794321,0.53456,0.427698636,0.394759804,0.354251864,0.36179,0.304321111,0.376994,0.298243,0.408976667,0.38766907,0.474452632,0.676483333,0.66786,0.688373143,0.45103,0.16747,0.405106667,0.361960833,0.457715714,0.514743333,0.584015526,0.361879286,0.589855556,0.568345873,0.63361,0.656926,0.406496667,0.620905714,0.652854762,0.646668333,0.434812667,0.353688636,0.4352008,0.382246667
1626,0.474576667,0.46561,0.0,0.28796,0.393525714,0.351324,0.320696667,0.167693333,0.0,0.001513714,0.032495,2.67e-5,7.0e-5,0.0,0.11843931,0.066215263,0.03309,0.228788462,0.307319394,0.27298,0.254994286,0.098080357,0.070805625,0.0114625,0.404495,0.3628705,0.283987273,0.330641875,0.106278889,0.235382459,0.086584444,0.3241108,0.28411,0.269357727,0.226550196,0.223365932,0.0,0.0,0.0,0.0,0.0,0.202253023,0.248012105,0.468143333,0.46176,0.447944571,0.0,0.0,0.0,0.0,0.485405714,0.417793333,0.450016316,0.219154286,0.344245556,0.349646349,0.45384,0.252836,0.0,0.380198929,0.371583333,0.290248333,0.312446,0.217439091,0.240472,0.21483
1627,0.324996667,0.39888,0.0,0.202545,0.242722857,0.148218,0.0,0.0,0.0,0.0,0.0,0.0,0.0,0.0,0.0,0.0,0.0,0.0,0.0,0.0,0.0,0.0,0.0,0.0,0.0,2.4e-5,0.000384545,0.000443125,3.0e-5,0.015260328,0.005734222,0.1451143,0.0004,0.0,0.004823529,0.018318136,0.0,0.0,0.0,0.0,0.0,0.0,0.0,0.0,0.0,0.0,0.0,0.0,0.0,0.0,0.362244286,0.31325,0.271702105,0.119055,0.0,0.0,0.0,0.0,0.0,0.0,0.0,0.0,0.0,0.0,0.0,0.0
1628,0.0,0.0,0.0,0.0,0.0,0.0,0.0,0.0,0.0,0.0,0.0,0.0,0.0,0.0,0.0,0.0,0.0,0.0,0.0,0.0,0.0,0.0,0.0,0.0,0.0,0.0,0.0,0.0,0.0,0.0,0.0,0.0,0.0,0.0,0.0,0.0,0.0,0.0,0.0,0.0,0.0,0.0,0.0,0.0,0.0,0.0,0.0,0.0,0.0,0.0,0.0,0.0,0.0,0.0,0.0,0.0,0.0,0.0,0.0,0.0,0.0,0.0,0.0,0.0,0.0,0.0
1629,0.0,0.0,0.0,0.0,0.0,0.0,0.0,0.0,0.0,0.0,0.0,0.0,0.0,0.0,0.0,0.0,0.0,0.0,0.0,0.0,0.0,0.0,0.0,0.0,0.0,0.0,0.0,0.0,0.0,0.0,0.0,0.0,0.0,0.0,0.0,0.0,0.0,0.0,0.0,0.0,0.0,0.0,0.0,0.0,0.0,0.0,0.0,0.0,0.0,0.0,0.0,0.0,0.0,0.0,0.0,0.0,0.0,0.0,0.0,0.0,0.0,0.0,0.0,0.0,0.0,0.0
1630,0.0,0.0,0.0,0.0,0.0,0.0,0.0,0.0,0.0,0.0,0.0,0.0,0.0,0.0,0.0,0.0,0.0,0.0,0.0,0.0,0.0,0.0,0.0,0.0,0.0,0.0,0.0,0.0,0.0,0.0,0.0,0.0,0.0,0.0,0.0,0.0,0.0,0.0,0.0,0.0,0.0,0.0,0.0,0.0,0.0,0.0,0.0,0.0,0.0,0.0,0.0,0.0,0.0,0.0,0.0,0.0,0.0,0.0,0.0,0.0,0.0,0.0,0.0,0.0,0.0,0.0
1631,0.0,0.0,0.0,0.0,0.0,0.0,0.0,0.0,0.0,0.0,0.0,0.0,0.0,0.0,0.0,0.0,0.0,0.0,0.0,0.0,0.0,0.0,0.0,0.0,0.0,0.0,0.0,0.0,0.0,0.0,0.0,0.0,0.0,0.0,0.0,0.0,0.0,0.0,0.0,0.0,0.0,0.0,0.0,0.0,0.0,0.0,0.0,0.0,0.0,0.0,0.0,0.0,0.0,0.0,0.0,0.0,0.0,0.0,0.0,0.0,0.0,0.0,0.0,0.0,0.0,0.0
1632,0.0,0.0,0.0,0.0,0.0,0.0,0.0,0.0,0.0,0.0,0.0,0.0,0.0,0.0,0.0,0.0,0.0,0.0,0.0,0.0,0.0,0.0,0.0,0.0,0.0,0.0,0.0,0.0,0.0,0.0,0.0,0.0,0.0,0.0,0.0,0.0,0.0,0.0,0.0,0.0,0.0,0.0,0.0,0.0,0.0,0.0,0.0,0.0,0.0,0.0,0.0,0.0,0.0,0.0,0.0,0.0,0.0,0.0,0.0,0.0,0.0,0.0,0.0,0.0,0.0,0.0
1633,0.0,0.0,0.0,0.0,0.0,0.0,0.0,0.0,0.0,0.0,0.0,0.0,0.0,0.0,0.0,0.0,0.0,0.0,0.0,0.0,0.0,0.0,0.0,0.0,0.0,0.0,0.0,0.0,0.0,0.0,0.0,0.0,0.0,0.0,0.0,0.0,0.0,0.0,0.0,0.0,0.0,0.0,0.0,0.0,0.0,0.0,0.0,0.0,0.0,0.0,0.0,0.0,0.0,0.0,0.0,0.0,0.0,0.0,0.0,0.0,0.0,0.0,0.0,0.0,0.0,0.0
1634,0.0,0.0,0.0,0.0,0.0,0.0,0.0,0.0,0.0,0.0,0.0,0.0,0.0,0.0,0.0,0.0,0.0,0.0,0.0,0.0,0.0,0.0,0.0,0.0,0.0,0.0,0.0,0.0,0.0,0.0,0.0,0.0,0.0,0.0,0.0,0.0,0.0,0.0,0.0,0.0,0.0,0.0,0.0,0.0,0.0,0.0,0.0,0.0,0.0,0.0,0.0,0.0,0.0,0.0,0.0,0.0,0.0,0.0,0.0,0.0,0.0,0.0,0.0,0.0,0.0,0.0
1635,0.0,0.0,0.0,0.0,0.0,0.0,0.0,0.0,0.0,0.0,0.0,0.0,0.0,0.0,0.0,0.0,0.0,0.0,0.0,0.0,0.0,0.0,0.0,0.0,0.0,0.0,0.0,0.0,0.0,0.0,0.0,0.0,0.0,0.0,0.0,0.0,0.0,0.0,0.0,0.0,0.0,0.0,0.0,0.0,0.0,0.0,0.0,0.0,0.0,0.0,0.0,0.0,0.0,0.0,0.0,0.0,0.0,0.0,0.0,0.0,0.0,0.0,0.0,0.0,0.0,0.0
1636,0.0,0.0,0.0,0.0,0.0,0.0,0.0,0.0,0.0,0.0,0.0,0.0,0.0,0.0,0.0,0.0,0.0,0.0,0.0,0.0,0.0,0.0,0.0,0.0,0.0,0.0,0.0,0.0,0.0,0.0,0.0,0.0,0.0,0.0,0.0,0.0,0.0,0.0,0.0,0.0,0.0,0.0,0.0,0.0,0.0,0.0,0.0,0.0,0.0,0.0,0.0,0.0,0.0,0.0,0.0,0.0,0.0,0.0,0.0,0.0,0.0,0.0,0.0,0.0,0.0,0.0
1637,0.0,0.0,0.0,0.0,0.0,0.0,0.0,0.0,0.0,0.0,0.0,0.0,0.0,0.0,0.0,0.0,0.0,0.0,0.0,0.0,0.0,0.0,0.0,0.0,0.0,0.0,0.0,0.0,0.0,0.0,0.0,0.0,0.0,0.0,0.0,0.0,0.0,0.0,0.0,0.0,0.0,0.0,0.0,0.0,0.0,0.0,0.0,0.0,0.0,0.0,0.0,0.0,0.0,0.0,0.0,0.0,0.0,0.0,0.0,0.0,0.0,0.0,0.0,0.0,0.0,0.0
1638,0.0,0.0,0.0,0.0,0.0,0.0,0.0,0.0,0.0,0.0,0.0,0.0,0.0,0.0,0.0,0.0,0.0,0.0,0.0,0.0,0.0,0.0,0.0,0.0,0.0,0.0,0.0,0.0,0.0,0.0,0.0,0.0,0.0,0.0,0.0,0.0,0.0,4.11e-5,0.0,0.0,0.0,0.0,0.0,0.0,0.0,0.0,0.0,0.0,0.0,0.027683333,0.0,0.0,0.0,0.0,0.0,0.0,0.0,0.0,0.0,0.0,0.0,0.0,0.0,0.0,0.0,0.0
1639,0.0,0.0,0.31230875,0.0,0.0,0.0,0.200086667,0.287058533,0.197715263,0.059610857,0.499695,0.497175714,0.4959,0.06747,0.051294138,0.036247193,0.000766667,0.40281,0.355050303,0.34805,0.297574,0.195059464,0.121045625,0.1894875,0.0,0.0,0.0,0.0,0.0,0.0,7.0e-5,0.0,0.0,0.312075909,0.032300392,0.081432542,0.579823333,0.380762222,0.359796,0.244183,0.354476667,0.435643721,0.4777,0.0,0.0,0.0,0.47683,0.34721,0.630623333,0.566694167,0.0,0.0,0.0,0.0,0.0,0.0,0.0,0.0,0.372641667,0.02528,0.159100952,0.124338333,0.347559333,0.219581818,0.18079,0.28052
1640,0.0,0.0,0.57631,0.143225,0.173887143,0.229324,0.414,0.5509736,0.404022105,0.285151429,0.738889286,0.723942381,0.709805,0.18848,0.515095862,0.361819649,0.323836667,0.633627692,0.508538182,0.54702,0.484398857,0.501168393,0.405371875,0.36919875,0.516785,0.464951833,0.420668182,0.430574375,0.330822778,0.351903443,0.350769556,0.2426485,0.27,0.527210455,0.420534902,0.295018136,0.754493333,0.618174444,0.554988,0.582802,0.57589,0.672827907,0.70017,0.48276,0.486361111,0.509660857,0.71958,0.52591,0.777423333,0.6752675,0.180004286,0.364793333,0.190156579,0.114550714,0.350312222,0.321319683,0.02225,0.457132,0.622741667,0.558293571,0.633261905,0.597276667,0.638562667,0.523953636,0.412404,0.398208333
1641,0.53675,0.52012,0.65287,0.378865,0.417747143,0.409542,0.35708,0.611145733,0.515677895,0.365374286,0.794442857,0.826940476,0.7302,0.40524,0.701418276,0.60221614,0.52533,0.780851538,0.684754545,0.66415,0.637089714,0.709225357,0.631113125,0.516821875,0.701214167,0.671803333,0.643724545,0.65375125,0.544251667,0.573410492,0.573135111,0.4602027,0.47411,0.583616364,0.57342549,0.469284576,0.660271667,0.606416667,0.446026,0.491949,0.480001667,0.742677674,0.804727368,0.704456667,0.643094444,0.713517714,0.80278,0.67081,0.784556667,0.709386667,0.356382857,0.588696667,0.476608158,0.183409286,0.582214444,0.538661746,0.57791,0.62149,0.761958333,0.734117143,0.771876667,0.757935,0.781382,0.680690455,0.671108,0.558981667
1642,0.700166667,0.63978,0.70163125,0.50662,0.587158571,0.532662,0.50417,0.571104667,0.583114211,0.428018,0.805772857,0.859050476,0.811305,0.52682,0.771313103,0.747125263,0.661123333,0.831373846,0.764015758,0.7169,0.679496571,0.803931964,0.761636563,0.634996875,0.779411667,0.7443935,0.733975455,0.734178125,0.610080556,0.692340984,0.666056889,0.6121135,0.57619,0.592483636,0.639348824,0.507546271,0.677993333,0.513222222,0.47807,0.504938,0.40272,0.708117907,0.841512105,0.738126667,0.786546667,0.753518286,0.83599,0.72815,0.752483333,0.667054167,0.55465,0.71633,0.678313158,0.349052143,0.744606667,0.625294444,0.73123,0.736538,0.738645,0.7970825,0.813791429,0.803188333,0.841999333,0.756275455,0.7607444,0.610995
1643,0.766686667,0.71975,0.67911875,0.56554,0.689748571,0.628352,0.554073333,0.591877067,0.639989474,0.534280857,0.777548571,0.857465714,0.799155,0.55113,0.807174138,0.816815614,0.74438,0.849010769,0.739939394,0.74885,0.719396857,0.821029107,0.7905575,0.62432,0.7942525,0.765869333,0.760176364,0.75702375,0.617334444,0.734119508,0.737012222,0.6834993,0.74103,0.618428636,0.719409804,0.642642203,0.685235,0.568444444,0.509498,0.537439,0.480363333,0.726866279,0.826662105,0.78968,0.795187778,0.736819714,0.83256,0.70158,0.76496,0.670710833,0.679032857,0.76343,0.715298158,0.512234286,0.736274444,0.647390476,0.78383,0.762948,0.698318333,0.80938,0.816071429,0.810076667,0.836525333,0.801540909,0.8107408,0.751715
1644,0.78413,0.76332,0.687365,0.664795,0.664745714,0.564612,0.6219,0.541908933,0.666850526,0.584096286,0.706388571,0.830920476,0.87566,0.6581,0.786472069,0.814898772,0.72754,0.80083,0.727966364,0.72244,0.647087429,0.79424375,0.780311875,0.626195625,0.779950833,0.739836833,0.761233636,0.726025,0.608818889,0.712823279,0.716944222,0.691123,0.64353,0.614906364,0.733675294,0.650135254,0.565745,0.523417778,0.469086,0.53381,0.398468333,0.688117442,0.800111053,0.784466667,0.788656667,0.667177714,0.80966,0.74563,0.63355,0.585916667,0.700258571,0.741746667,0.718362895,0.572533571,0.708075556,0.655289048,0.76345,0.695842,0.670905,0.800905,0.802878095,0.80021,0.795802,0.795048636,0.8090384,0.710026667
1645,0.77678,0.73294,0.6694425,0.637975,0.686875714,0.422428,0.70508,0.497172533,0.649047368,0.548760857,0.655887143,0.788019524,0.844065,0.60627,0.766066897,0.802914737,0.74233,0.772379231,0.746789697,0.73399,0.672674857,0.758146071,0.772103125,0.611703125,0.770983333,0.718059,0.728678182,0.69894375,0.605660556,0.696706885,0.696898222,0.6928281,0.53811,0.642216364,0.689238824,0.551600508,0.557763333,0.529186667,0.449018,0.491552,0.36742,0.626726279,0.803346316,0.741693333,0.780751111,0.610840571,0.80591,0.66624,0.56989,0.575911667,0.66363,0.756863333,0.725326316,0.618016429,0.659597778,0.645006984,0.71973,0.658372,0.650136667,0.788570714,0.791084286,0.789121667,0.760208,0.754554091,0.7907476,0.713006667
1646,0.631986667,0.62609,0.60342875,0.398135,0.626635714,0.539418,0.677363333,0.472771867,0.615097368,0.515726571,0.576408571,0.717007619,0.83124,0.60262,0.762981379,0.766865614,0.68004,0.73486,0.765521212,0.67233,0.629583143,0.710393571,0.755310625,0.550370625,0.771125833,0.701009667,0.68435,0.632154375,0.670989444,0.700714098,0.636863556,0.6837527,0.66062,0.569658182,0.647597255,0.593047119,0.4366,0.50947,0.406562,0.503206,0.296305,0.523702326,0.783222632,0.748703333,0.771852222,0.537500571,0.7517,0.63473,0.485553333,0.472761667,0.601924286,0.719296667,0.686315263,0.610082857,0.614073333,0.61595619,0.61704,0.496546,0.652398333,0.779369286,0.782153333,0.782126667,0.683519333,0.697998182,0.7768208,0.702853333
1647,0.653133333,0.69448,0.55568625,0.58161,0.513655714,0.4835,0.675413333,0.426263467,0.595193158,0.526619143,0.63357,0.73004381,0.812395,0.6188,0.750624138,0.754985439,0.660733333,0.702546154,0.72556303,0.64261,0.649377714,0.714099821,0.77010375,0.49669875,0.757015833,0.6644905,0.608332727,0.586369375,0.655343333,0.659148852,0.628945111,0.6546811,0.59123,0.610576818,0.625214314,0.627251356,0.292706667,0.533393333,0.319094,0.444571,0.29114,0.503400465,0.711221579,0.728333333,0.721436667,0.490057143,0.68047,0.6951,0.4304,0.558303333,0.604111429,0.705276667,0.630986579,0.617502857,0.493782222,0.599421587,0.47972,0.402678,0.64386,0.768976071,0.771410952,0.77177,0.612964667,0.646211818,0.679516,0.722225
1648,0.575636667,0.73384,0.4402025,0.56239,0.462948571,0.544176,0.62565,0.359188667,0.537995789,0.438523429,0.470436429,0.61681,0.663015,0.55278,0.680356207,0.694243158,0.552026667,0.651331538,0.626443636,0.61916,0.610890286,0.687145179,0.763242813,0.492508125,0.714365833,0.580498333,0.554798182,0.49929375,0.62374,0.663360656,0.509863111,0.6060079,0.60474,0.565619545,0.594166471,0.577725932,0.249685,0.429394444,0.26949,0.368757,0.195111667,0.474525116,0.676537368,0.69563,0.549946667,0.440891143,0.71134,0.60086,0.228973333,0.315545833,0.557835714,0.678743333,0.665343684,0.635432143,0.411124444,0.556222857,0.30024,0.280118,0.587366667,0.7324375,0.731721429,0.726558333,0.555170667,0.607637727,0.6632428,0.599323333
1649,0.552183333,0.50633,0.36457,0.45581,0.370252857,0.497098,0.475946667,0.264786133,0.403863158,0.291002857,0.425892143,0.484181429,0.584155,0.41549,0.57197069,0.600030351,0.461973333,0.520561538,0.500700303,0.43913,0.493872,0.595900357,0.658349375,0.41538125,0.6087575,0.440353,0.388958182,0.437136875,0.495636667,0.554015082,0.370613778,0.4770895,0.51797,0.44527,0.455784118,0.528227797,0.279363333,0.344565556,0.248792,0.355056,0.177138333,0.348656512,0.546560526,0.628863333,0.504466667,0.377184286,0.57827,0.35656,0.279233333,0.295084167,0.543744286,0.405516667,0.566667368,0.568961429,0.381172222,0.514630952,0.16113,0.224548,0.423316667,0.646046429,0.642608095,0.638875,0.403540667,0.49887,0.5298132,0.559923333
1650,0.46726,0.40587,0.0,0.250855,0.262544286,0.348228,0.31984,0.150170133,0.0,0.008519429,0.00017,3.52e-5,9.5e-5,0.0,0.37091069,0.360908772,0.285923333,0.260846923,0.301270303,0.35199,0.323937714,0.383566607,0.306754375,0.1030675,0.340074167,0.206136333,0.176654545,0.2076175,0.270182778,0.337802131,0.223262,0.3335683,0.41311,0.327910455,0.266737255,0.341382034,0.0,0.0,8.4e-5,0.0,4.33e-5,0.174768605,0.294898947,0.410706667,0.302256667,0.163394286,5.0e-5,2.0e-5,0.0,0.0,0.419054286,0.452683333,0.388859474,0.390720714,0.256772222,0.39800619,0.06403,0.04305,0.0,0.416551429,0.364126667,0.285263333,0.229735333,0.294620455,0.30067,0.337593333
1651,0.292213333,0.22713,0.0,0.02626,0.133631429,0.184162,0.0,0.0,0.0,0.0,0.0,0.0,0.0,0.0,0.0,0.0,0.0,0.0,0.0,0.0,0.0,0.0,0.0,0.0,0.0,2.95e-5,0.000178182,0.00856,4.28e-5,0.016839016,0.008809111,0.1416036,0.00041,0.0,0.008045294,0.020830169,0.0,0.0,0.0,0.0,0.0,0.0,0.0,0.0,0.0,0.0,0.0,0.0,0.0,0.0,0.228215714,0.200243333,0.208778158,0.165124286,0.0,0.0,0.0,0.0,0.0,0.0,0.0,0.0,0.0,0.0,0.0,0.0
1652,0.0,0.0,0.0,0.0,0.0,0.0,0.0,0.0,0.0,0.0,0.0,0.0,0.0,0.0,0.0,0.0,0.0,0.0,0.0,0.0,0.0,0.0,0.0,0.0,0.0,0.0,0.0,0.0,0.0,0.0,0.0,0.0,0.0,0.0,0.0,0.0,0.0,0.0,0.0,0.0,0.0,0.0,0.0,0.0,0.0,0.0,0.0,0.0,0.0,0.0,0.0,0.0,0.0,0.0,0.0,0.0,0.0,0.0,0.0,0.0,0.0,0.0,0.0,0.0,0.0,0.0
1653,0.0,0.0,0.0,0.0,0.0,0.0,0.0,0.0,0.0,0.0,0.0,0.0,0.0,0.0,0.0,0.0,0.0,0.0,0.0,0.0,0.0,0.0,0.0,0.0,0.0,0.0,0.0,0.0,0.0,0.0,0.0,0.0,0.0,0.0,0.0,0.0,0.0,0.0,0.0,0.0,0.0,0.0,0.0,0.0,0.0,0.0,0.0,0.0,0.0,0.0,0.0,0.0,0.0,0.0,0.0,0.0,0.0,0.0,0.0,0.0,0.0,0.0,0.0,0.0,0.0,0.0
1654,0.0,0.0,0.0,0.0,0.0,0.0,0.0,0.0,0.0,0.0,0.0,0.0,0.0,0.0,0.0,0.0,0.0,0.0,0.0,0.0,0.0,0.0,0.0,0.0,0.0,0.0,0.0,0.0,0.0,0.0,0.0,0.0,0.0,0.0,0.0,0.0,0.0,0.0,0.0,0.0,0.0,0.0,0.0,0.0,0.0,0.0,0.0,0.0,0.0,0.0,0.0,0.0,0.0,0.0,0.0,0.0,0.0,0.0,0.0,0.0,0.0,0.0,0.0,0.0,0.0,0.0
1655,0.0,0.0,0.0,0.0,0.0,0.0,0.0,0.0,0.0,0.0,0.0,0.0,0.0,0.0,0.0,0.0,0.0,0.0,0.0,0.0,0.0,0.0,0.0,0.0,0.0,0.0,0.0,0.0,0.0,0.0,0.0,0.0,0.0,0.0,0.0,0.0,0.0,0.0,0.0,0.0,0.0,0.0,0.0,0.0,0.0,0.0,0.0,0.0,0.0,0.0,0.0,0.0,0.0,0.0,0.0,0.0,0.0,0.0,0.0,0.0,0.0,0.0,0.0,0.0,0.0,0.0
1656,0.0,0.0,0.0,0.0,0.0,0.0,0.0,0.0,0.0,0.0,0.0,0.0,0.0,0.0,0.0,0.0,0.0,0.0,0.0,0.0,0.0,0.0,0.0,0.0,0.0,0.0,0.0,0.0,0.0,0.0,0.0,0.0,0.0,0.0,0.0,0.0,0.0,0.0,0.0,0.0,0.0,0.0,0.0,0.0,0.0,0.0,0.0,0.0,0.0,0.0,0.0,0.0,0.0,0.0,0.0,0.0,0.0,0.0,0.0,0.0,0.0,0.0,0.0,0.0,0.0,0.0
1657,0.0,0.0,0.0,0.0,0.0,0.0,0.0,0.0,0.0,0.0,0.0,0.0,0.0,0.0,0.0,0.0,0.0,0.0,0.0,0.0,0.0,0.0,0.0,0.0,0.0,0.0,0.0,0.0,0.0,0.0,0.0,0.0,0.0,0.0,0.0,0.0,0.0,0.0,0.0,0.0,0.0,0.0,0.0,0.0,0.0,0.0,0.0,0.0,0.0,0.0,0.0,0.0,0.0,0.0,0.0,0.0,0.0,0.0,0.0,0.0,0.0,0.0,0.0,0.0,0.0,0.0
1658,0.0,0.0,0.0,0.0,0.0,0.0,0.0,0.0,0.0,0.0,0.0,0.0,0.0,0.0,0.0,0.0,0.0,0.0,0.0,0.0,0.0,0.0,0.0,0.0,0.0,0.0,0.0,0.0,0.0,0.0,0.0,0.0,0.0,0.0,0.0,0.0,0.0,0.0,0.0,0.0,0.0,0.0,0.0,0.0,0.0,0.0,0.0,0.0,0.0,0.0,0.0,0.0,0.0,0.0,0.0,0.0,0.0,0.0,0.0,0.0,0.0,0.0,0.0,0.0,0.0,0.0
1659,0.0,0.0,0.0,0.0,0.0,0.0,0.0,0.0,0.0,0.0,0.0,0.0,0.0,0.0,0.0,0.0,0.0,0.0,0.0,0.0,0.0,0.0,0.0,0.0,0.0,0.0,0.0,0.0,0.0,0.0,0.0,0.0,0.0,0.0,0.0,0.0,0.0,0.0,0.0,0.0,0.0,0.0,0.0,0.0,0.0,0.0,0.0,0.0,0.0,0.0,0.0,0.0,0.0,0.0,0.0,0.0,0.0,0.0,0.0,0.0,0.0,0.0,0.0,0.0,0.0,0.0
1660,0.0,0.0,0.0,0.0,0.0,0.0,0.0,0.0,0.0,0.0,0.0,0.0,0.0,0.0,0.0,0.0,0.0,0.0,0.0,0.0,0.0,0.0,0.0,0.0,0.0,0.0,0.0,0.0,0.0,0.0,0.0,0.0,0.0,0.0,0.0,0.0,0.0,0.0,0.0,0.0,0.0,0.0,0.0,0.0,0.0,0.0,0.0,0.0,0.0,0.0,0.0,0.0,0.0,0.0,0.0,0.0,0.0,0.0,0.0,0.0,0.0,0.0,0.0,0.0,0.0,0.0
1661,0.0,0.0,0.0,0.0,0.0,0.0,0.0,0.0,0.0,0.0,0.0,0.0,0.0,0.0,0.0,0.0,0.0,0.0,0.0,0.0,0.0,0.0,0.0,0.0,0.0,0.0,0.0,0.0,0.0,0.0,0.0,0.0,0.0,0.0,0.0,0.0,0.0,0.0,0.0,0.0,0.0,0.0,0.0,0.0,0.0,0.0,0.0,0.0,0.0,0.0,0.0,0.0,0.0,0.0,0.0,0.0,0.0,0.0,0.0,0.0,0.0,0.0,0.0,0.0,0.0,0.0
1662,0.0,0.0,3.75e-6,0.0,0.0,0.0,0.0,0.0,0.0,0.0,0.0,0.0,0.0,0.0,0.0,0.0,0.0,0.0,0.0,0.0,0.0,0.0,0.0,0.0,0.0,0.0,0.0,0.0,0.0,0.0,0.0,0.0,0.0,0.0,0.0,0.0,0.0,0.025685556,0.0,0.0,0.0,0.0,0.0,0.0,0.0,0.0,0.0,0.0,0.0,0.057415,0.0,0.0,0.0,0.0,0.0,0.0,0.0,0.0,0.0,0.0,0.0,0.0,0.0,0.0,0.0,0.0
1663,0.0,0.0,0.23830625,0.0,0.0,0.0,0.20963,0.4144224,0.338082632,0.220801429,0.542915714,0.428579048,0.461225,0.3948,0.092693448,0.078699298,0.001183333,0.434574615,0.385200606,0.34623,0.304044286,0.338111964,0.3201825,0.14985625,0.0,0.0,0.0,0.0,0.0,0.0,0.000196222,0.0,0.0,0.337115,0.04336098,0.113836441,0.592751667,0.255694444,0.42211,0.235114,0.242285,0.492150465,0.511013158,0.0,6.78e-5,2.0e-6,0.40622,0.32951,0.61061,0.470085,0.0,0.0,0.0,0.0,0.0,0.0,0.0,0.0,0.332755,0.062975,0.190716667,0.153361667,0.383532,0.225413182,0.2005068,0.2686
1664,0.0,0.0,0.41888375,0.078225,0.045824286,0.019196,0.43428,0.666830133,0.499170526,0.508811429,0.75008,0.702928571,0.69011,0.51692,0.588512069,0.520985088,0.45489,0.67624,0.601799697,0.55922,0.432880286,0.657976429,0.653336875,0.39630875,0.565454167,0.4612375,0.427955455,0.42071,0.368118889,0.419672295,0.337501333,0.1704843,0.14607,0.553259091,0.340664902,0.356006271,0.713658333,0.475608889,0.549588,0.463423,0.604318333,0.727747674,0.730468947,0.44187,0.500223333,0.468633714,0.70318,0.59016,0.73159,0.665469167,0.008824286,0.342166667,0.079044737,0.12175,0.436115556,0.460076349,0.01701,0.512836,0.419793333,0.58987,0.61076381,0.6258,0.665238,0.503135,0.4935696,0.41136
1665,0.323473333,0.23671,0.50872625,0.18673,0.156065714,0.05292,0.602123333,0.7493044,0.573727368,0.584203143,0.848177143,0.83347619,0.79445,0.60595,0.751730345,0.694051053,0.589596667,0.803072308,0.752859697,0.76884,0.571971714,0.780482143,0.781983438,0.49838875,0.736969167,0.681285,0.647996364,0.6457825,0.543640556,0.634545082,0.491538667,0.3419995,0.31966,0.664573182,0.498536471,0.473936949,0.7572,0.559351111,0.589102,0.518729,0.614023333,0.837475581,0.800176316,0.65657,0.657123333,0.708662286,0.7748,0.65943,0.742783333,0.752880833,0.129301429,0.592086667,0.237875789,0.271452143,0.626583333,0.636820952,0.76601,0.663854,0.486,0.750717143,0.756413333,0.75518,0.801137333,0.665243182,0.6542952,0.568163333
1666,0.284216667,0.30702,0.51636875,0.197905,0.297337143,0.117834,0.68206,0.799259733,0.593964737,0.629463714,0.892551429,0.85794381,0.8384,0.59995,0.815548621,0.771225965,0.67765,0.846730769,0.78582,0.82654,0.68393,0.825368571,0.816109688,0.587648125,0.7957775,0.764410833,0.739544545,0.735094375,0.648307222,0.724745246,0.515838444,0.5003741,0.48147,0.687020909,0.599981569,0.588825085,0.71512,0.590337778,0.59272,0.487808,0.661336667,0.864566512,0.848724211,0.76221,0.774504444,0.772342286,0.83202,0.69793,0.689563333,0.729395833,0.415168571,0.677926667,0.439054737,0.541381429,0.743687778,0.730119206,0.78225,0.755066,0.585315,0.804193214,0.801278095,0.798868333,0.850687333,0.755333636,0.7793676,0.716188333
1667,0.421966667,0.51005,0.6392725,0.257095,0.364792857,0.165378,0.74055,0.8165704,0.615007368,0.603990857,0.893988571,0.840891905,0.885255,0.7409,0.831726207,0.802019825,0.74585,0.862960769,0.80648697,0.83612,0.732638571,0.830630179,0.824330938,0.667866875,0.805915,0.785878833,0.751738182,0.7613775,0.687200556,0.753062459,0.615647778,0.581243,0.6797,0.753893636,0.690577451,0.618887119,0.706328333,0.543947778,0.613336,0.565899,0.749523333,0.879234651,0.863628947,0.78605,0.780873333,0.779904857,0.82794,0.7479,0.654196667,0.554231667,0.475244286,0.731406667,0.560774211,0.690884286,0.758402222,0.754323492,0.77949,0.769962,0.621173333,0.808165714,0.802239524,0.797963333,0.858216,0.79818,0.8172388,0.750781667
1668,0.55522,0.7031,0.66957875,0.380935,0.425397143,0.238276,0.774516667,0.805128133,0.567360526,0.561542571,0.874928571,0.812457143,0.85946,0.82331,0.829058276,0.80950807,0.754926667,0.844468462,0.8188,0.71683,0.717464286,0.817612679,0.815400938,0.643995,0.800101667,0.783105833,0.750653636,0.760625,0.700982222,0.768408033,0.648602444,0.62181,0.64341,0.691370909,0.610415686,0.598563729,0.677571667,0.583931111,0.655082,0.580243,0.73448,0.882446744,0.848553158,0.781763333,0.770164444,0.768509714,0.81322,0.75919,0.583273333,0.577104167,0.658201429,0.67091,0.666076053,0.55926,0.740005556,0.739029048,0.76394,0.763148,0.676711667,0.79869,0.789148095,0.786118333,0.853279333,0.79745,0.7992616,0.734705
1669,0.541253333,0.51212,0.6164925,0.39911,0.448958571,0.39026,0.803383333,0.806781333,0.609075263,0.545074857,0.863847857,0.733805714,0.85952,0.7475,0.814838276,0.807709649,0.73926,0.854163077,0.803632727,0.62942,0.720674286,0.807886429,0.80825,0.690769375,0.7937775,0.774904333,0.74845,0.750910625,0.716351667,0.735074098,0.679225111,0.6244231,0.77016,0.680956818,0.640933725,0.654735424,0.562833333,0.501205556,0.587832,0.487732,0.737953333,0.876083256,0.857228947,0.77363,0.731328889,0.724862,0.80489,0.67578,0.536,0.550615833,0.73251,0.767693333,0.714071579,0.641750714,0.724864444,0.728279048,0.74945,0.745894,0.614735,0.792251429,0.782724286,0.77749,0.829042,0.741440455,0.8051584,0.74171
1670,0.608206667,0.58508,0.5614225,0.35955,0.449204286,0.457362,0.690853333,0.773446133,0.590992105,0.495092286,0.856948571,0.698989048,0.78607,0.76275,0.794304138,0.794404035,0.69365,0.828823077,0.796331212,0.74137,0.714265714,0.776846964,0.808127188,0.6459175,0.789275,0.7557135,0.709497273,0.719039375,0.696781667,0.709021639,0.657789111,0.6000793,0.73261,0.666479545,0.593902549,0.655005593,0.502821667,0.539884444,0.590428,0.51016,0.738568333,0.86491907,0.819737895,0.77039,0.711835556,0.657316857,0.79848,0.71276,0.466446667,0.4427525,0.661211429,0.74152,0.690285526,0.642135714,0.73096,0.731349841,0.66886,0.701848,0.621196667,0.789403929,0.783567143,0.770305,0.788065333,0.675567727,0.686474,0.676786667
1671,0.69053,0.68583,0.58225375,0.314085,0.468461429,0.447702,0.708866667,0.736170533,0.570886842,0.456217143,0.827592857,0.677826667,0.69986,0.7328,0.770631034,0.768316842,0.671093333,0.755777692,0.785165455,0.81216,0.688725429,0.765007321,0.797980938,0.63316375,0.779759167,0.744792,0.703079091,0.693615625,0.693452778,0.679096885,0.602735333,0.5628541,0.80572,0.674297273,0.604852157,0.622118814,0.492345,0.385851111,0.437416,0.476426,0.644058333,0.842898605,0.809246316,0.765393333,0.681012222,0.666669714,0.75879,0.61255,0.457446667,0.41593,0.512437143,0.714826667,0.621881053,0.620854286,0.731736667,0.737006349,0.64677,0.648026,0.532058333,0.784935,0.782034762,0.77501,0.742470667,0.589551364,0.5706416,0.503526667
1672,0.69447,0.6788,0.4100825,0.41437,0.428945714,0.41947,0.65756,0.603901467,0.469426842,0.418141714,0.75339,0.553900476,0.675625,0.62149,0.703427586,0.644523333,0.5049,0.734270769,0.713756364,0.77562,0.602403714,0.633905893,0.734125313,0.4354425,0.761328333,0.731755333,0.707957273,0.689828125,0.582795,0.615490328,0.537580889,0.4865756,0.57114,0.567912273,0.439103529,0.542150847,0.498971667,0.355236667,0.375368,0.383716,0.367756667,0.77630093,0.728560526,0.748426667,0.731547778,0.654447714,0.71271,0.60523,0.37306,0.3950675,0.536315714,0.559976667,0.578506053,0.551576429,0.728544444,0.73109873,0.69508,0.6065,0.335008333,0.761069286,0.75811381,0.755261667,0.632988667,0.547143636,0.4670448,0.472843333
1673,0.556223333,0.57309,0.22825125,0.384185,0.317374286,0.285466,0.571123333,0.472426267,0.39047,0.309767714,0.555145714,0.377937143,0.430275,0.48358,0.576145517,0.50876807,0.391093333,0.614296923,0.584012121,0.64712,0.513972,0.481342679,0.628835938,0.2585625,0.684015,0.648597333,0.627428182,0.645925,0.47255,0.537573115,0.434815778,0.4167394,0.50058,0.486868636,0.34239549,0.468442373,0.270683333,0.199093333,0.195376,0.196178,0.225023333,0.637841163,0.593893158,0.676213333,0.653393333,0.618851714,0.59736,0.55119,0.246616667,0.306770833,0.43586,0.52959,0.527953421,0.589902857,0.663585556,0.671065238,0.60331,0.53312,0.336921667,0.677120357,0.650918095,0.663553333,0.487008,0.383715455,0.4351976,0.428526667
1674,0.486823333,0.53811,0.0,0.328325,0.207761429,0.176936,0.37072,0.216429733,0.0,0.001806,0.000146429,8.1e-6,8.5e-5,0.0,0.358907241,0.258844035,0.20325,0.316721538,0.376089394,0.42532,0.337283143,0.262467857,0.280182813,0.0345725,0.477375833,0.470216,0.477503636,0.48444125,0.311966667,0.311014098,0.241126667,0.2595086,0.16445,0.338858182,0.162058431,0.259052542,0.0,0.0,0.000154,0.0,9.33e-5,0.295296279,0.310884737,0.47154,0.446467778,0.391660571,0.0,0.0,0.0,0.0,0.312622857,0.301556667,0.383452105,0.440681429,0.471913333,0.445187778,0.4167,0.227936,0.0,0.457697857,0.359080476,0.30157,0.312696,0.263730909,0.250544,0.257578333
1675,0.358803333,0.35945,0.0,0.25683,0.17251,0.07243,0.0,0.0,0.0,0.0,0.0,0.0,0.0,0.0,0.0,0.0,0.0,0.0,0.0,0.0,0.0,0.0,0.0,0.0,0.0,4.02e-5,0.000593636,0.0365775,2.61e-5,0.009701639,0.006189556,0.0713495,0.0008,0.0,0.005152549,0.005877288,0.0,0.0,0.0,0.0,0.0,0.0,0.0,0.0,0.0,0.0,0.0,0.0,0.0,0.0,0.262827143,0.234856667,0.220187368,0.246507143,0.0,0.0,0.0,0.0,0.0,0.0,0.0,0.0,0.0,0.0,0.0,0.0
1676,0.0,0.0,0.0,0.0,0.0,0.0,0.0,0.0,0.0,0.0,0.0,0.0,0.0,0.0,0.0,0.0,0.0,0.0,0.0,0.0,0.0,0.0,0.0,0.0,0.0,0.0,0.0,0.0,0.0,0.0,0.0,0.0,0.0,0.0,0.0,0.0,0.0,0.0,0.0,0.0,0.0,0.0,0.0,0.0,0.0,0.0,0.0,0.0,0.0,0.0,0.0,0.0,0.0,0.0,0.0,0.0,0.0,0.0,0.0,0.0,0.0,0.0,0.0,0.0,0.0,0.0
1677,0.0,0.0,0.0,0.0,0.0,0.0,0.0,0.0,0.0,0.0,0.0,0.0,0.0,0.0,0.0,0.0,0.0,0.0,0.0,0.0,0.0,0.0,0.0,0.0,0.0,0.0,0.0,0.0,0.0,0.0,0.0,0.0,0.0,0.0,0.0,0.0,0.0,0.0,0.0,0.0,0.0,0.0,0.0,0.0,0.0,0.0,0.0,0.0,0.0,0.0,0.0,0.0,0.0,0.0,0.0,0.0,0.0,0.0,0.0,0.0,0.0,0.0,0.0,0.0,0.0,0.0
1678,0.0,0.0,0.0,0.0,0.0,0.0,0.0,0.0,0.0,0.0,0.0,0.0,0.0,0.0,0.0,0.0,0.0,0.0,0.0,0.0,0.0,0.0,0.0,0.0,0.0,0.0,0.0,0.0,0.0,0.0,0.0,0.0,0.0,0.0,0.0,0.0,0.0,0.0,0.0,0.0,0.0,0.0,0.0,0.0,0.0,0.0,0.0,0.0,0.0,0.0,0.0,0.0,0.0,0.0,0.0,0.0,0.0,0.0,0.0,0.0,0.0,0.0,0.0,0.0,0.0,0.0
1679,0.0,0.0,0.0,0.0,0.0,0.0,0.0,0.0,0.0,0.0,0.0,0.0,0.0,0.0,0.0,0.0,0.0,0.0,0.0,0.0,0.0,0.0,0.0,0.0,0.0,0.0,0.0,0.0,0.0,0.0,0.0,0.0,0.0,0.0,0.0,0.0,0.0,0.0,0.0,0.0,0.0,0.0,0.0,0.0,0.0,0.0,0.0,0.0,0.0,0.0,0.0,0.0,0.0,0.0,0.0,0.0,0.0,0.0,0.0,0.0,0.0,0.0,0.0,0.0,0.0,0.0
1680,0.0,0.0,0.0,0.0,0.0,0.0,0.0,0.0,0.0,0.0,0.0,0.0,0.0,0.0,0.0,0.0,0.0,0.0,0.0,0.0,0.0,0.0,0.0,0.0,0.0,0.0,0.0,0.0,0.0,0.0,0.0,0.0,0.0,0.0,0.0,0.0,0.0,0.0,0.0,0.0,0.0,0.0,0.0,0.0,0.0,0.0,0.0,0.0,0.0,0.0,0.0,0.0,0.0,0.0,0.0,0.0,0.0,0.0,0.0,0.0,0.0,0.0,0.0,0.0,0.0,0.0
1681,0.0,0.0,0.0,0.0,0.0,0.0,0.0,0.0,0.0,0.0,0.0,0.0,0.0,0.0,0.0,0.0,0.0,0.0,0.0,0.0,0.0,0.0,0.0,0.0,0.0,0.0,0.0,0.0,0.0,0.0,0.0,0.0,0.0,0.0,0.0,0.0,0.0,0.0,0.0,0.0,0.0,0.0,0.0,0.0,0.0,0.0,0.0,0.0,0.0,0.0,0.0,0.0,0.0,0.0,0.0,0.0,0.0,0.0,0.0,0.0,0.0,0.0,0.0,0.0,0.0,0.0
1682,0.0,0.0,0.0,0.0,0.0,0.0,0.0,0.0,0.0,0.0,0.0,0.0,0.0,0.0,0.0,0.0,0.0,0.0,0.0,0.0,0.0,0.0,0.0,0.0,0.0,0.0,0.0,0.0,0.0,0.0,0.0,0.0,0.0,0.0,0.0,0.0,0.0,0.0,0.0,0.0,0.0,0.0,0.0,0.0,0.0,0.0,0.0,0.0,0.0,0.0,0.0,0.0,0.0,0.0,0.0,0.0,0.0,0.0,0.0,0.0,0.0,0.0,0.0,0.0,0.0,0.0
1683,0.0,0.0,0.0,0.0,0.0,0.0,0.0,0.0,0.0,0.0,0.0,0.0,0.0,0.0,0.0,0.0,0.0,0.0,0.0,0.0,0.0,0.0,0.0,0.0,0.0,0.0,0.0,0.0,0.0,0.0,0.0,0.0,0.0,0.0,0.0,0.0,0.0,0.0,0.0,0.0,0.0,0.0,0.0,0.0,0.0,0.0,0.0,0.0,0.0,0.0,0.0,0.0,0.0,0.0,0.0,0.0,0.0,0.0,0.0,0.0,0.0,0.0,0.0,0.0,0.0,0.0
1684,0.0,0.0,0.0,0.0,0.0,0.0,0.0,0.0,0.0,0.0,0.0,0.0,0.0,0.0,0.0,0.0,0.0,0.0,0.0,0.0,0.0,0.0,0.0,0.0,0.0,0.0,0.0,0.0,0.0,0.0,0.0,0.0,0.0,0.0,0.0,0.0,0.0,0.0,0.0,0.0,0.0,0.0,0.0,0.0,0.0,0.0,0.0,0.0,0.0,0.0,0.0,0.0,0.0,0.0,0.0,0.0,0.0,0.0,0.0,0.0,0.0,0.0,0.0,0.0,0.0,0.0
1685,0.0,0.0,0.0,0.0,0.0,0.0,0.0,0.0,0.0,0.0,0.0,0.0,0.0,0.0,0.0,0.0,0.0,0.0,0.0,0.0,0.0,0.0,0.0,0.0,0.0,0.0,0.0,0.0,0.0,0.0,0.0,0.0,0.0,0.0,0.0,0.0,0.0,0.0,0.0,0.0,0.0,0.0,0.0,0.0,0.0,0.0,0.0,0.0,0.0,0.0,0.0,0.0,0.0,0.0,0.0,0.0,0.0,0.0,0.0,0.0,0.0,0.0,0.0,0.0,0.0,0.0
1686,0.0,0.0,0.33395875,0.0,0.0,0.0,0.0,0.125336267,0.280278421,0.223560571,0.085851429,0.12178,0.001355,0.48331,0.0,0.0,0.0,0.0,2.12e-6,0.0,0.0,0.078985179,0.090392813,0.253560625,0.0,0.0,0.0,0.0,0.0,0.0,0.0,0.0,0.0,0.0,0.0,0.0,0.155358333,0.121125556,0.184058,0.204955,0.071268333,0.007997442,0.000210526,0.0,0.0,0.0,0.49461,0.00414,0.177613333,0.307513333,0.0,0.0,0.0,0.0,0.0,0.0,0.0,0.0,0.304155,0.0,8.48e-5,0.076541667,0.0,0.0,0.0,0.0
1687,0.0,0.0,0.6227925,0.0,0.0,0.0,0.2191,0.480546,0.517481053,0.514081143,0.410166429,0.444065238,0.47365,0.73373,0.256527241,0.131757193,0.079586667,0.270448462,0.409527576,0.34028,0.297733714,0.547625536,0.56280375,0.662094375,0.192615833,0.222841333,0.208028182,0.259608125,0.168023889,0.071046393,0.081271111,0.0526423,0.24365,0.361899091,0.067637059,0.114091864,0.433675,0.420656667,0.442966,0.463674,0.28881,0.278259302,0.463548947,0.25121,0.079852222,0.162611143,0.73279,0.73351,0.463583333,0.528605,0.0,0.0,0.0,0.0,0.202261111,0.160339841,0.00898,0.095764,0.62254,0.430003214,0.545369048,0.475591667,0.305715333,0.170286818,0.1576584,0.12053
1688,0.012313333,0.1715,0.71415375,0.142165,0.367742857,0.060382,0.32051,0.637788,0.611161579,0.665762857,0.615780714,0.587010952,0.61311,0.8279,0.412176552,0.269237368,0.259456667,0.426007692,0.543278485,0.42478,0.435132,0.7070175,0.693703438,0.83387,0.358801667,0.3994455,0.368383636,0.47098875,0.335915556,0.111490164,0.217141333,0.2492856,0.37932,0.573487273,0.14803451,0.274532203,0.630928333,0.468185556,0.67158,0.594041,0.570038333,0.452939535,0.652964737,0.37909,0.206602222,0.381403143,0.8505,0.84121,0.59023,0.63251,0.535555714,0.26914,0.26097,0.390605714,0.354283333,0.349290635,0.25439,0.246686,0.668945,0.614451071,0.719792381,0.643416667,0.495797333,0.365788636,0.3759404,0.238126667
1689,0.171843333,0.42954,0.793545,0.301105,0.467657143,0.124246,0.509086667,0.7467856,0.726053684,0.727161143,0.72053,0.697105714,0.7477,0.88618,0.504724828,0.374882105,0.27065,0.540213077,0.659811212,0.44377,0.564194571,0.787519107,0.759483438,0.896980625,0.666481667,0.484341167,0.485663636,0.572663125,0.380021111,0.147483607,0.279493778,0.3606792,0.58739,0.678578182,0.323924706,0.43902661,0.791135,0.735058889,0.757606,0.759955,0.670803333,0.598664419,0.72379,0.42519,0.249211111,0.512119429,0.8978,0.8831,0.71248,0.7553925,0.671162857,0.265143333,0.393262368,0.595605714,0.360985556,0.527140794,0.6323,0.530974,0.708318333,0.706371071,0.726763333,0.71612,0.627608667,0.486165,0.5680516,0.583803333
1690,0.32761,0.50478,0.78130125,0.48466,0.522602857,0.255544,0.60138,0.759204133,0.776567368,0.726238571,0.773521429,0.80134619,0.819205,0.9528,0.57485,0.462194035,0.29057,0.630517692,0.661541212,0.58357,0.651019714,0.774101429,0.800764375,0.90610125,0.7006425,0.596111,0.578603636,0.643541875,0.415411667,0.21321082,0.369887111,0.4721451,0.66678,0.716199545,0.466713922,0.580449322,0.866348333,0.764288889,0.770616,0.801272,0.783706667,0.620092093,0.732121053,0.51836,0.355316667,0.626942,0.91136,0.9003,0.848256667,0.803339167,0.744011429,0.340033333,0.527433421,0.610483571,0.389163333,0.642660794,0.66738,0.611328,0.825146667,0.762841786,0.769782381,0.717945,0.683958667,0.573466364,0.6792028,0.70857
1691,0.438263333,0.7244,0.72182375,0.433355,0.474661429,0.328646,0.544676667,0.7310396,0.748197368,0.719321714,0.729318571,0.802059524,0.784595,0.95835,0.618474483,0.500479474,0.331823333,0.639844615,0.678827879,0.55318,0.710812286,0.718999643,0.722790313,0.776665,0.5990775,0.623665,0.635493636,0.64699875,0.4024,0.294191639,0.449169778,0.5283323,0.51709,0.765518182,0.538068627,0.649541356,0.877318333,0.798148889,0.785526,0.761549,0.675438333,0.643684651,0.74794,0.719443333,0.473406667,0.776954286,0.90743,0.89806,0.85521,0.840765833,0.600418571,0.504906667,0.487928421,0.552417143,0.556756667,0.71790254,0.76565,0.7752,0.765801667,0.736155714,0.79227619,0.706955,0.703408,0.615988636,0.6838464,0.74902
1692,0.590413333,0.75914,0.69136625,0.405805,0.52028,0.443132,0.68391,0.716796133,0.716396842,0.751606857,0.710021429,0.750438095,0.697565,0.95334,0.60112069,0.536647193,0.477676667,0.662840769,0.717100303,0.45155,0.608617143,0.679649107,0.73412,0.79324625,0.537193333,0.653870833,0.715392727,0.74713875,0.527978333,0.433799836,0.548110444,0.5721214,0.7342,0.780530909,0.603549804,0.630105424,0.776591667,0.770172222,0.71216,0.622608,0.700886667,0.671096279,0.772743158,0.776896667,0.683896667,0.905480286,0.8984,0.88995,0.83839,0.81497,0.626064286,0.56696,0.581217632,0.540420714,0.612622222,0.756466032,0.90294,0.807296,0.736868333,0.700546071,0.782764286,0.742578333,0.695701333,0.589175909,0.7465548,0.596786667
1693,0.551086667,0.71359,0.63808375,0.264955,0.560602857,0.453292,0.72548,0.6881656,0.667650526,0.727757143,0.589842143,0.703839048,0.629885,0.94017,0.656637241,0.615926667,0.60101,0.616032308,0.626502121,0.70663,0.547525429,0.719918036,0.729910938,0.736938125,0.531518333,0.6515675,0.712628182,0.70555625,0.549055,0.473805082,0.598441778,0.5641543,0.74092,0.776847727,0.603030784,0.624979661,0.60519,0.684705556,0.619332,0.608132,0.748271667,0.63556,0.698807368,0.794856667,0.862958889,0.928050571,0.89401,0.87838,0.704043333,0.7674225,0.537184286,0.351143333,0.562539211,0.591747857,0.732253333,0.805621111,0.763,0.77805,0.662965,0.679916071,0.83115381,0.755563333,0.639826667,0.64595,0.628914,0.500666667
1694,0.567456667,0.73867,0.67941375,0.20585,0.588411429,0.37149,0.682293333,0.6464068,0.637512632,0.713991143,0.589341429,0.65246,0.554095,0.93229,0.695702069,0.584437368,0.64831,0.601037692,0.642023636,0.5167,0.537062571,0.665969286,0.690270313,0.734663125,0.5403425,0.664807833,0.697063636,0.679816875,0.534903333,0.505823443,0.527702444,0.5455094,0.75618,0.722005,0.517523725,0.563594915,0.571096667,0.601737778,0.646806,0.555413,0.659858333,0.588148837,0.619263158,0.813513333,0.915467778,0.93125,0.88598,0.8556,0.652423333,0.724799167,0.450625714,0.239686667,0.497950789,0.578334286,0.807152222,0.814552381,0.79269,0.75418,0.582825,0.643339286,0.793039048,0.734473333,0.614741333,0.633764545,0.5849632,0.503065
1695,0.566803333,0.75827,0.6308925,0.3466,0.477265714,0.463532,0.644103333,0.627540533,0.617691579,0.722200857,0.545771429,0.597718571,0.61353,0.91011,0.626716897,0.569947193,0.569696667,0.63202,0.564062424,0.65614,0.578244571,0.625687143,0.711175625,0.67464625,0.491168333,0.615675667,0.676237273,0.59490125,0.446493333,0.503004262,0.532798444,0.5057372,0.76493,0.698456818,0.473321176,0.563362034,0.54561,0.518216667,0.582866,0.507442,0.669561667,0.552209535,0.599182632,0.839176667,0.917175556,0.918436857,0.83608,0.82964,0.536883333,0.653785,0.29906,0.1877,0.371619737,0.613556429,0.854321111,0.812065873,0.70124,0.605116,0.634751667,0.54068,0.659458571,0.607946667,0.574873333,0.619357727,0.5916196,0.532991667
1696,0.315456667,0.60279,0.53332,0.313385,0.506052857,0.402052,0.468406667,0.542954933,0.497398421,0.514294571,0.480999286,0.373848571,0.503465,0.84474,0.50905931,0.524861404,0.469283333,0.433030769,0.472254545,0.22909,0.460676857,0.569832143,0.684289375,0.5196475,0.439930833,0.553381167,0.528538182,0.519136875,0.308007778,0.278349672,0.410713333,0.4579605,0.67109,0.594134091,0.478372353,0.525327966,0.273916667,0.418114444,0.507844,0.4355,0.570921667,0.478333721,0.514742632,0.87167,0.915583333,0.907958286,0.82064,0.71771,0.225976667,0.447995,0.336695714,0.118753333,0.323029474,0.54724,0.833912222,0.847843492,0.5685,0.739724,0.536283333,0.603372857,0.633010952,0.666015,0.497353333,0.538778636,0.427804,0.477691667
1697,0.164163333,0.59701,0.2930825,0.16773,0.37743,0.402706,0.475606667,0.4402444,0.406319474,0.391232,0.313263571,0.316794762,0.3788,0.70371,0.378302759,0.396879649,0.477616667,0.344059231,0.329646364,0.47723,0.329734857,0.44843625,0.483572813,0.446815625,0.341794167,0.475303,0.496447273,0.4527125,0.181755556,0.179763443,0.347510444,0.3198332,0.64296,0.477325455,0.374771176,0.401299492,0.268488333,0.309203333,0.315352,0.281018,0.407835,0.395008372,0.340355263,0.795886667,0.837495556,0.852760571,0.51601,0.61987,0.234556667,0.4030725,0.340792857,0.079796667,0.207003158,0.61077,0.784593333,0.785563492,0.67261,0.770066,0.217131667,0.413515714,0.413376667,0.555003333,0.383468,0.474165455,0.3660284,0.29133
1698,0.09863,0.38131,0.0,0.059285,0.210467143,0.206642,0.30618,0.227388667,0.014228947,0.123099714,4.5e-5,6.19e-6,3.5e-5,0.43126,0.260191724,0.304029649,0.359223333,0.128050769,0.169046061,0.21036,0.189954,0.292837679,0.320640938,0.296916875,0.329919167,0.3747055,0.448202727,0.367920625,0.123180556,0.116991967,0.254084,0.1768569,0.41903,0.305114091,0.186007059,0.222519831,0.0,0.0,0.0,0.0,0.0,0.132238605,0.065863158,0.671096667,0.678972222,0.692732571,0.32717,0.35483,0.0,0.0,0.254617143,0.050663333,0.12187,0.422674286,0.615038889,0.648025397,0.7418,0.739508,0.0,0.277476786,0.226366667,0.444073333,0.192533333,0.273303182,0.1553172,0.10299
1699,0.027206667,0.01451,0.0,0.01389,0.088954286,0.021848,0.0,0.0,0.0,0.0,0.0,0.0,0.0,0.0,0.000136552,0.0,0.0,0.0,0.0,0.0,0.0,0.0,0.0,0.0,0.080945,0.2260475,0.252087273,0.2685825,0.006291667,0.040928033,0.00086,0.0372857,0.0,0.0,0.000709216,0.002895593,0.0,0.0,0.0,0.0,0.0,0.0,0.0,0.27973,0.051485556,0.280336,0.0,0.0,0.0,0.0,0.10718,0.015366667,0.037401579,0.224284286,0.344341111,0.400525714,0.00063,0.276328,0.0,0.015074643,2.43e-5,0.000265,0.0,0.0,0.0,0.0
1700,0.0,0.0,0.0,0.0,0.0,0.0,0.0,0.0,0.0,0.0,0.0,0.0,0.0,0.0,0.0,0.0,0.0,0.0,0.0,0.0,0.0,0.0,0.0,0.0,0.0,0.0,0.0,0.0,0.0,0.0,0.0,0.0,0.0,0.0,0.0,0.0,0.0,0.0,0.0,0.0,0.0,0.0,0.0,0.0,0.0,0.0,0.0,0.0,0.0,0.0,0.0,0.0,0.0,0.0,0.0,0.0,0.0,0.0,0.0,0.0,0.0,0.0,0.0,0.0,0.0,0.0
1701,0.0,0.0,0.0,0.0,0.0,0.0,0.0,0.0,0.0,0.0,0.0,0.0,0.0,0.0,0.0,0.0,0.0,0.0,0.0,0.0,0.0,0.0,0.0,0.0,0.0,0.0,0.0,0.0,0.0,0.0,0.0,0.0,0.0,0.0,0.0,0.0,0.0,0.0,0.0,0.0,0.0,0.0,0.0,0.0,0.0,0.0,0.0,0.0,0.0,0.0,0.0,0.0,0.0,0.0,0.0,0.0,0.0,0.0,0.0,0.0,0.0,0.0,0.0,0.0,0.0,0.0
1702,0.0,0.0,0.0,0.0,0.0,0.0,0.0,0.0,0.0,0.0,0.0,0.0,0.0,0.0,0.0,0.0,0.0,0.0,0.0,0.0,0.0,0.0,0.0,0.0,0.0,0.0,0.0,0.0,0.0,0.0,0.0,0.0,0.0,0.0,0.0,0.0,0.0,0.0,0.0,0.0,0.0,0.0,0.0,0.0,0.0,0.0,0.0,0.0,0.0,0.0,0.0,0.0,0.0,0.0,0.0,0.0,0.0,0.0,0.0,0.0,0.0,0.0,0.0,0.0,0.0,0.0
1703,0.0,0.0,0.0,0.0,0.0,0.0,0.0,0.0,0.0,0.0,0.0,0.0,0.0,0.0,0.0,0.0,0.0,0.0,0.0,0.0,0.0,0.0,0.0,0.0,0.0,0.0,0.0,0.0,0.0,0.0,0.0,0.0,0.0,0.0,0.0,0.0,0.0,0.0,0.0,0.0,0.0,0.0,0.0,0.0,0.0,0.0,0.0,0.0,0.0,0.0,0.0,0.0,0.0,0.0,0.0,0.0,0.0,0.0,0.0,0.0,0.0,0.0,0.0,0.0,0.0,0.0
1704,0.0,0.0,0.0,0.0,0.0,0.0,0.0,0.0,0.0,0.0,0.0,0.0,0.0,0.0,0.0,0.0,0.0,0.0,0.0,0.0,0.0,0.0,0.0,0.0,0.0,0.0,0.0,0.0,0.0,0.0,0.0,0.0,0.0,0.0,0.0,0.0,0.0,0.0,0.0,0.0,0.0,0.0,0.0,0.0,0.0,0.0,0.0,0.0,0.0,0.0,0.0,0.0,0.0,0.0,0.0,0.0,0.0,0.0,0.0,0.0,0.0,0.0,0.0,0.0,0.0,0.0
1705,0.0,0.0,0.0,0.0,0.0,0.0,0.0,0.0,0.0,0.0,0.0,0.0,0.0,0.0,0.0,0.0,0.0,0.0,0.0,0.0,0.0,0.0,0.0,0.0,0.0,0.0,0.0,0.0,0.0,0.0,0.0,0.0,0.0,0.0,0.0,0.0,0.0,0.0,0.0,0.0,0.0,0.0,0.0,0.0,0.0,0.0,0.0,0.0,0.0,0.0,0.0,0.0,0.0,0.0,0.0,0.0,0.0,0.0,0.0,0.0,0.0,0.0,0.0,0.0,0.0,0.0
1706,0.0,0.0,0.0,0.0,0.0,0.0,0.0,0.0,0.0,0.0,0.0,0.0,0.0,0.0,0.0,0.0,0.0,0.0,0.0,0.0,0.0,0.0,0.0,0.0,0.0,0.0,0.0,0.0,0.0,0.0,0.0,0.0,0.0,0.0,0.0,0.0,0.0,0.0,0.0,0.0,0.0,0.0,0.0,0.0,0.0,0.0,0.0,0.0,0.0,0.0,0.0,0.0,0.0,0.0,0.0,0.0,0.0,0.0,0.0,0.0,0.0,0.0,0.0,0.0,0.0,0.0
1707,0.0,0.0,0.0,0.0,0.0,0.0,0.0,0.0,0.0,0.0,0.0,0.0,0.0,0.0,0.0,0.0,0.0,0.0,0.0,0.0,0.0,0.0,0.0,0.0,0.0,0.0,0.0,0.0,0.0,0.0,0.0,0.0,0.0,0.0,0.0,0.0,0.0,0.0,0.0,0.0,0.0,0.0,0.0,0.0,0.0,0.0,0.0,0.0,0.0,0.0,0.0,0.0,0.0,0.0,0.0,0.0,0.0,0.0,0.0,0.0,0.0,0.0,0.0,0.0,0.0,0.0
1708,0.0,0.0,0.0,0.0,0.0,0.0,0.0,0.0,0.0,0.0,0.0,0.0,0.0,0.0,0.0,0.0,0.0,0.0,0.0,0.0,0.0,0.0,0.0,0.0,0.0,0.0,0.0,0.0,0.0,0.0,0.0,0.0,0.0,0.0,0.0,0.0,0.0,0.0,0.0,0.0,0.0,0.0,0.0,0.0,0.0,0.0,0.0,0.0,0.0,0.0,0.0,0.0,0.0,0.0,0.0,0.0,0.0,0.0,0.0,0.0,0.0,0.0,0.0,0.0,0.0,0.0
1709,0.0,0.0,0.0,0.0,0.0,0.0,0.0,0.0,0.0,0.0,0.0,0.0,0.0,0.0,0.0,0.0,0.0,0.0,0.0,0.0,0.0,0.0,0.0,0.0,0.0,0.0,0.0,0.0,0.0,0.0,0.0,0.0,0.0,0.0,0.0,0.0,0.0,0.0,0.0,0.0,0.0,0.0,0.0,0.0,0.0,0.0,0.0,0.0,0.0,0.0,0.0,0.0,0.0,0.0,0.0,0.0,0.0,0.0,0.0,0.0,0.0,0.0,0.0,0.0,0.0,0.0
1710,0.0,0.0,0.2659875,0.0,0.0,0.0,0.0,0.144711867,0.341536842,0.250629429,0.191581429,0.139588571,0.002545,0.25019,0.0,0.0,0.0,0.0,1.18e-5,0.0,0.0,0.063333393,0.054626875,0.24118875,0.0,0.0,0.0,0.0,0.0,0.0,0.0,0.0,0.0,0.0,0.0,0.0,0.341265,0.25643,0.39542,0.327615,0.251928333,0.029636977,0.000195263,0.0,0.0,0.0,0.00035,0.00032,0.3009,0.372043333,0.0,0.0,0.0,0.0,0.000144444,9.37e-6,0.0,0.0,0.352051667,0.0,6.48e-5,0.000206667,0.0,0.0,0.0,0.0
1711,0.0,0.0,0.61753875,0.0,0.0,0.0,0.308083333,0.570113333,0.52558,0.547993714,0.535789286,0.417903333,0.39685,0.44359,0.442061724,0.386333684,0.41758,0.465915385,0.438383939,0.34655,0.322328571,0.542875357,0.417790625,0.65188125,0.4613725,0.376090333,0.377242727,0.36963375,0.236942222,0.194585082,0.31781,0.0926062,0.23356,0.405340909,0.192440588,0.226427966,0.659991667,0.507788889,0.643882,0.59896,0.631831667,0.52327907,0.480529474,0.62673,0.601936667,0.603718,0.0498,0.04315,0.668336667,0.611726667,0.0,0.0,0.0,0.0,0.69414,0.655117302,0.01642,0.570022,0.58785,0.579896429,0.562830476,0.527648333,0.518698,0.512187727,0.3701796,0.245898333
1712,0.005023333,0.0,0.74194625,0.265925,0.15053,0.222046,0.427453333,0.721329733,0.649807895,0.703557429,0.680098571,0.593911905,0.57031,0.37546,0.590411379,0.583735614,0.610943333,0.606438462,0.633887879,0.50824,0.500540857,0.679612321,0.556605313,0.792088125,0.701894167,0.623730833,0.617032727,0.627535,0.409731667,0.392542459,0.512263778,0.2734347,0.30321,0.584970909,0.394417255,0.453143559,0.813925,0.66934,0.838078,0.73229,0.820045,0.686812326,0.662605263,0.82676,0.80058,0.855443143,0.31125,0.09325,0.813413333,0.738344167,0.00574,0.039683333,0.064489737,0.321394286,0.856602222,0.847055397,0.89078,0.87636,0.706185,0.754163571,0.748964286,0.706828333,0.685404,0.687814545,0.5372732,0.401891667
1713,0.03026,0.01061,0.77791125,0.44572,0.309762857,0.320852,0.670636667,0.815825333,0.754995263,0.787014286,0.732089286,0.748478571,0.75675,0.38718,0.648797586,0.63935,0.682593333,0.736771538,0.737138788,0.62281,0.669066571,0.707655893,0.608413438,0.842048125,0.798264167,0.77953,0.74721,0.760528125,0.589948889,0.59950623,0.685066,0.4078487,0.5051,0.727260909,0.542066667,0.602539661,0.888603333,0.81463,0.886984,0.833005,0.834498333,0.782771628,0.752634737,0.91493,0.939112222,0.943718571,0.25652,0.10738,0.874293333,0.814829167,0.036245714,0.09425,0.140797368,0.514937857,0.928967778,0.930042063,0.96137,0.955318,0.745141667,0.82702,0.85404,0.757188333,0.768418667,0.754017273,0.7012796,0.591763333
1714,0.057863333,0.04199,0.78477625,0.57025,0.424625714,0.369688,0.685166667,0.790022,0.719458947,0.805243143,0.771114286,0.818022381,0.777125,0.41629,0.765746207,0.748948246,0.771993333,0.800659231,0.760672424,0.63031,0.683828286,0.765874821,0.705505938,0.848610625,0.822299167,0.826816333,0.81699,0.83574125,0.723229444,0.667879016,0.761686667,0.5107618,0.53132,0.768,0.624529804,0.668304407,0.914055,0.840806667,0.891604,0.80419,0.750173333,0.803199535,0.817657895,0.94913,0.953438889,0.971094,0.55137,0.1683,0.910363333,0.8655675,0.118455714,0.136293333,0.260295,0.49878,0.954361111,0.963667778,0.98209,0.984364,0.700963333,0.8840525,0.913205238,0.808078333,0.793944,0.805201364,0.697772,0.59133
1715,0.210823333,0.10475,0.73774,0.60044,0.459914286,0.516182,0.764206667,0.752509867,0.658916316,0.771766571,0.751343571,0.804328095,0.808105,0.33851,0.768596552,0.746244912,0.781126667,0.784482308,0.773568788,0.6738,0.712077714,0.77765125,0.691697188,0.738040625,0.83097,0.820698167,0.827233636,0.83975375,0.710061667,0.689843115,0.757592667,0.5946497,0.69381,0.778958182,0.750275294,0.7061,0.911391667,0.855152222,0.88977,0.803896,0.66226,0.765217674,0.808408421,0.954716667,0.935021111,0.9715,0.43368,0.3823,0.90573,0.886443333,0.190144286,0.254066667,0.377343158,0.466588571,0.949314444,0.967196667,0.98036,0.98648,0.609583333,0.8817675,0.908347143,0.813471667,0.785478,0.840212273,0.7342112,0.666985
1716,0.1936,0.15025,0.74333125,0.729805,0.493051429,0.462466,0.74158,0.738036933,0.639476842,0.759482857,0.745698571,0.75780381,0.77217,0.2032,0.791098276,0.777992632,0.8247,0.686629231,0.751574242,0.76143,0.687121429,0.755610714,0.735715,0.768411875,0.842584167,0.837338833,0.839807273,0.8574925,0.790411667,0.728765738,0.794396,0.677328,0.76168,0.729039091,0.770617843,0.704711356,0.86847,0.859857778,0.813318,0.751856,0.7517,0.759458605,0.755012632,0.948586667,0.936697778,0.960310571,0.62923,0.56286,0.888646667,0.874759167,0.283261429,0.3189,0.507590263,0.336747143,0.947264444,0.960645238,0.97528,0.978814,0.626233333,0.882321429,0.92145,0.840321667,0.757306,0.809737727,0.7393892,0.640798333
1717,0.245023333,0.117,0.7129725,0.68022,0.544094286,0.55814,0.731156667,0.7336404,0.629956842,0.756536,0.719535714,0.821849524,0.83718,0.42173,0.74093,0.687561404,0.79117,0.650722308,0.705252424,0.69488,0.642060857,0.691439107,0.650663438,0.7389475,0.8221575,0.832083,0.829028182,0.822471875,0.729532222,0.703375738,0.755128,0.6630383,0.68581,0.694432273,0.742221961,0.695921864,0.870928333,0.837156667,0.790718,0.715224,0.784693333,0.748346279,0.726203684,0.936246667,0.9131,0.947810571,0.62223,0.52322,0.874036667,0.867659167,0.314601429,0.490633333,0.546197368,0.437753571,0.942202222,0.95334873,0.96851,0.969106,0.643351667,0.834391429,0.899379524,0.818486667,0.736244,0.796493636,0.6601864,0.638495
1718,0.407543333,0.29105,0.68106625,0.638115,0.58524,0.485166,0.728843333,0.7249848,0.650603684,0.787740571,0.755720714,0.760271429,0.81574,0.20204,0.727718276,0.728826667,0.77546,0.630263077,0.672519394,0.67367,0.634115143,0.676080893,0.613208125,0.712408125,0.829154167,0.814832667,0.753225455,0.822450625,0.711377778,0.723472295,0.739561778,0.7018763,0.69381,0.668141818,0.680741961,0.693607288,0.841503333,0.786967778,0.796378,0.702276,0.803016667,0.728625814,0.728962632,0.924926667,0.883916667,0.932935429,0.69274,0.3804,0.845526667,0.854284167,0.435432857,0.613616667,0.515777895,0.356375714,0.941865556,0.94878,0.96039,0.957658,0.584306667,0.793444286,0.888504762,0.78173,0.684378667,0.745495,0.6173348,0.636186667
1719,0.443536667,0.48957,0.5827425,0.521055,0.558355714,0.464592,0.75056,0.708195867,0.633481053,0.765437429,0.641923571,0.702627619,0.753285,0.2319,0.689657241,0.64828,0.667263333,0.614692308,0.663812727,0.71718,0.615521429,0.638106786,0.587981875,0.67494875,0.81357,0.7827805,0.714948182,0.798321875,0.691288889,0.73454377,0.669446222,0.6771642,0.73101,0.692970909,0.640555098,0.641181017,0.73375,0.753574444,0.733318,0.685506,0.647395,0.683516279,0.682372105,0.9088,0.855952222,0.920249143,0.61342,0.28531,0.778283333,0.807188333,0.363265714,0.592636667,0.459985,0.426782857,0.937375556,0.94256873,0.95599,0.946206,0.611223333,0.781145357,0.874628095,0.795571667,0.657842667,0.661697727,0.5960836,0.579111667
1720,0.48966,0.32117,0.48487875,0.616575,0.598968571,0.461178,0.690446667,0.611605867,0.578519474,0.608348571,0.404241429,0.440203333,0.577325,0.07803,0.623844828,0.462210702,0.665166667,0.52152,0.46311,0.62913,0.545638571,0.537159643,0.534986563,0.616233125,0.810785833,0.727597167,0.657818182,0.749174375,0.676748889,0.71587,0.665514444,0.6398896,0.70406,0.539502273,0.537152157,0.540874576,0.524395,0.544763333,0.558218,0.471571,0.622298333,0.566537674,0.454977368,0.87718,0.832814444,0.892609714,0.59031,0.60256,0.515913333,0.519399167,0.490111429,0.593433333,0.478225263,0.370826429,0.919837778,0.92609746,0.93594,0.917444,0.454743333,0.757617857,0.844084286,0.788085,0.518343333,0.524957727,0.5536372,0.545415
1721,0.496836667,0.42079,0.34310875,0.61453,0.473574286,0.39888,0.552143333,0.5057468,0.427197895,0.466016571,0.311712857,0.26811619,0.367825,0.12067,0.466727586,0.33734,0.54479,0.494825385,0.416889091,0.46671,0.440277714,0.420385357,0.41879,0.52954125,0.727666667,0.669400333,0.625548182,0.71695125,0.608663333,0.613271803,0.545229111,0.5607818,0.67785,0.387717273,0.462114118,0.456788475,0.350425,0.341155556,0.422778,0.34427,0.409266667,0.480054884,0.356308947,0.81168,0.766642222,0.833424,0.59598,0.57347,0.334116667,0.317446667,0.451701429,0.58565,0.401541316,0.258307143,0.862627778,0.87718746,0.88468,0.859132,0.377773333,0.658812857,0.763142381,0.757366667,0.403082,0.375630455,0.5167608,0.458268333
1722,0.23922,0.1355,0.0,0.481915,0.354194286,0.325126,0.3895,0.269608667,0.014704737,0.159076857,2.57e-5,0.0,0.0,0.0008,0.290619655,0.139805614,0.231996667,0.201717692,0.204912424,0.29411,0.267486857,0.2309575,0.217674063,0.31262125,0.557479167,0.5605895,0.557961818,0.582550625,0.403425556,0.389145082,0.330399556,0.3884179,0.48336,0.197263636,0.309223725,0.276997966,0.0,0.0,0.0,0.0,0.0,0.172825349,0.064634737,0.663156667,0.663401111,0.675275143,0.28079,0.30876,0.0,0.0,0.246112857,0.503143333,0.265083947,0.167020714,0.724665556,0.742345397,0.73088,0.721562,0.0,0.523815,0.573337619,0.574838333,0.278941333,0.279444545,0.2962548,0.301678333
1723,0.175463333,0.10423,0.0,0.333035,0.204572857,0.141702,0.0,0.0,0.0,0.0,0.0,0.0,0.0,0.0,4.83e-5,0.0,0.0,0.0,0.0,0.0,0.0,0.0,0.0,0.0,0.1964025,0.333122833,0.299194545,0.346085,0.083133889,0.196358689,0.011268,0.2240077,0.0,0.0,0.006303529,0.006291695,0.0,0.0,0.0,0.0,0.0,0.0,0.0,0.271293333,0.047216667,0.273568,0.0,0.0,0.0,0.0,0.141728571,0.1852,0.148362368,0.033698571,0.40574,0.445815079,0.00078,0.35691,0.0,0.0150575,5.71e-6,0.000206667,0.0,0.0,0.0,0.0
1724,0.0,0.0,0.0,0.0,0.0,0.0,0.0,0.0,0.0,0.0,0.0,0.0,0.0,0.0,0.0,0.0,0.0,0.0,0.0,0.0,0.0,0.0,0.0,0.0,0.0,0.0,0.0,0.0,0.0,0.0,0.0,0.0,0.0,0.0,0.0,0.0,0.0,0.0,0.0,0.0,0.0,0.0,0.0,0.0,0.0,0.0,0.0,0.0,0.0,0.0,0.0,0.0,0.0,0.0,0.0,0.0,0.0,0.0,0.0,0.0,0.0,0.0,0.0,0.0,0.0,0.0
1725,0.0,0.0,0.0,0.0,0.0,0.0,0.0,0.0,0.0,0.0,0.0,0.0,0.0,0.0,0.0,0.0,0.0,0.0,0.0,0.0,0.0,0.0,0.0,0.0,0.0,0.0,0.0,0.0,0.0,0.0,0.0,0.0,0.0,0.0,0.0,0.0,0.0,0.0,0.0,0.0,0.0,0.0,0.0,0.0,0.0,0.0,0.0,0.0,0.0,0.0,0.0,0.0,0.0,0.0,0.0,0.0,0.0,0.0,0.0,0.0,0.0,0.0,0.0,0.0,0.0,0.0
1726,0.0,0.0,0.0,0.0,0.0,0.0,0.0,0.0,0.0,0.0,0.0,0.0,0.0,0.0,0.0,0.0,0.0,0.0,0.0,0.0,0.0,0.0,0.0,0.0,0.0,0.0,0.0,0.0,0.0,0.0,0.0,0.0,0.0,0.0,0.0,0.0,0.0,0.0,0.0,0.0,0.0,0.0,0.0,0.0,0.0,0.0,0.0,0.0,0.0,0.0,0.0,0.0,0.0,0.0,0.0,0.0,0.0,0.0,0.0,0.0,0.0,0.0,0.0,0.0,0.0,0.0
1727,0.0,0.0,0.0,0.0,0.0,0.0,0.0,0.0,0.0,0.0,0.0,0.0,0.0,0.0,0.0,0.0,0.0,0.0,0.0,0.0,0.0,0.0,0.0,0.0,0.0,0.0,0.0,0.0,0.0,0.0,0.0,0.0,0.0,0.0,0.0,0.0,0.0,0.0,0.0,0.0,0.0,0.0,0.0,0.0,0.0,0.0,0.0,0.0,0.0,0.0,0.0,0.0,0.0,0.0,0.0,0.0,0.0,0.0,0.0,0.0,0.0,0.0,0.0,0.0,0.0,0.0
1728,0.0,0.0,0.0,0.0,0.0,0.0,0.0,0.0,0.0,0.0,0.0,0.0,0.0,0.0,0.0,0.0,0.0,0.0,0.0,0.0,0.0,0.0,0.0,0.0,0.0,0.0,0.0,0.0,0.0,0.0,0.0,0.0,0.0,0.0,0.0,0.0,0.0,0.0,0.0,0.0,0.0,0.0,0.0,0.0,0.0,0.0,0.0,0.0,0.0,0.0,0.0,0.0,0.0,0.0,0.0,0.0,0.0,0.0,0.0,0.0,0.0,0.0,0.0,0.0,0.0,0.0
1729,0.0,0.0,0.0,0.0,0.0,0.0,0.0,0.0,0.0,0.0,0.0,0.0,0.0,0.0,0.0,0.0,0.0,0.0,0.0,0.0,0.0,0.0,0.0,0.0,0.0,0.0,0.0,0.0,0.0,0.0,0.0,0.0,0.0,0.0,0.0,0.0,0.0,0.0,0.0,0.0,0.0,0.0,0.0,0.0,0.0,0.0,0.0,0.0,0.0,0.0,0.0,0.0,0.0,0.0,0.0,0.0,0.0,0.0,0.0,0.0,0.0,0.0,0.0,0.0,0.0,0.0
1730,0.0,0.0,0.0,0.0,0.0,0.0,0.0,0.0,0.0,0.0,0.0,0.0,0.0,0.0,0.0,0.0,0.0,0.0,0.0,0.0,0.0,0.0,0.0,0.0,0.0,0.0,0.0,0.0,0.0,0.0,0.0,0.0,0.0,0.0,0.0,0.0,0.0,0.0,0.0,0.0,0.0,0.0,0.0,0.0,0.0,0.0,0.0,0.0,0.0,0.0,0.0,0.0,0.0,0.0,0.0,0.0,0.0,0.0,0.0,0.0,0.0,0.0,0.0,0.0,0.0,0.0
1731,0.0,0.0,0.0,0.0,0.0,0.0,0.0,0.0,0.0,0.0,0.0,0.0,0.0,0.0,0.0,0.0,0.0,0.0,0.0,0.0,0.0,0.0,0.0,0.0,0.0,0.0,0.0,0.0,0.0,0.0,0.0,0.0,0.0,0.0,0.0,0.0,0.0,0.0,0.0,0.0,0.0,0.0,0.0,0.0,0.0,0.0,0.0,0.0,0.0,0.0,0.0,0.0,0.0,0.0,0.0,0.0,0.0,0.0,0.0,0.0,0.0,0.0,0.0,0.0,0.0,0.0
1732,0.0,0.0,0.0,0.0,0.0,0.0,0.0,0.0,0.0,0.0,0.0,0.0,0.0,0.0,0.0,0.0,0.0,0.0,0.0,0.0,0.0,0.0,0.0,0.0,0.0,0.0,0.0,0.0,0.0,0.0,0.0,0.0,0.0,0.0,0.0,0.0,0.0,0.0,0.0,0.0,0.0,0.0,0.0,0.0,0.0,0.0,0.0,0.0,0.0,0.0,0.0,0.0,0.0,0.0,0.0,0.0,0.0,0.0,0.0,0.0,0.0,0.0,0.0,0.0,0.0,0.0
1733,0.0,0.0,0.0,0.0,0.0,0.0,0.0,0.0,0.0,0.0,0.0,0.0,0.0,0.0,0.0,0.0,0.0,0.0,0.0,0.0,0.0,0.0,0.0,0.0,0.0,0.0,0.0,0.0,0.0,0.0,0.0,0.0,0.0,0.0,0.0,0.0,0.0,0.0,0.0,0.0,0.0,0.0,0.0,0.0,0.0,0.0,0.0,0.0,0.0,0.0,0.0,0.0,0.0,0.0,0.0,0.0,0.0,0.0,0.0,0.0,0.0,0.0,0.0,0.0,0.0,0.0
1734,0.0,0.0,0.36717875,0.0,0.0,0.0,0.0,0.120245867,0.346867895,0.213748571,0.183964286,0.14161619,0.000785,0.05032,0.0,0.0,0.0,0.0,9.09e-7,0.0,0.0,0.03846625,0.077208125,0.08062875,0.0,0.0,0.0,0.0,0.0,0.0,0.0,0.0,0.0,0.0,0.0,0.0,0.307153333,0.258865556,0.428442,0.379846,0.216453333,0.022382093,0.000114211,0.0,0.0,0.0,0.28319,0.00274,0.28054,0.428383333,0.0,0.0,0.0,0.0,0.000208889,9.52e-6,0.0,0.0,0.367988333,0.0,0.000191905,0.084673333,0.0,0.0,0.0,0.0
1735,0.0,0.0,0.65957125,0.0,0.0,0.0,0.34051,0.492842,0.546415263,0.508920857,0.560017143,0.475923333,0.501055,0.06399,0.400054483,0.422639474,0.41526,0.349346154,0.422338788,0.37959,0.350267714,0.457552679,0.408184063,0.302849375,0.5374175,0.5025275,0.429773636,0.463515,0.198125556,0.36879,0.19818,0.10863,0.15512,0.419083182,0.109748627,0.210259153,0.629081667,0.472704444,0.676292,0.63643,0.50572,0.47753907,0.407186842,0.63782,0.605391111,0.620724,0.36098,0.45689,0.626686667,0.640330833,0.0,0.0,0.0,0.0,0.69768,0.660906032,0.01823,0.547586,0.563976667,0.638315714,0.689573333,0.682598333,0.312834667,0.255118182,0.1465476,0.361638333
1736,0.061586667,0.06874,0.74712375,0.20231,0.250364286,0.055582,0.5791,0.675128667,0.654137368,0.660204571,0.728374286,0.624810476,0.63589,0.10151,0.631753448,0.661663684,0.63938,0.487721538,0.554818788,0.51818,0.566135143,0.654872679,0.589478438,0.520349375,0.749646667,0.732869,0.654939091,0.683800625,0.437485,0.582783443,0.428517778,0.3562993,0.16875,0.639231818,0.221233725,0.422473051,0.804133333,0.695184444,0.824866,0.763051,0.665308333,0.68989186,0.599493158,0.843833333,0.893303333,0.882056,0.54011,0.58946,0.765836667,0.7674275,0.146864286,0.10496,0.133760526,0.168842857,0.861805556,0.859933968,0.73891,0.854208,0.700166667,0.836875714,0.87395381,0.863578333,0.448751333,0.412623182,0.2758868,0.464691667
1737,0.166366667,0.18327,0.82029125,0.19935,0.392332857,0.08677,0.652926667,0.802064667,0.710051579,0.753935429,0.831856429,0.725941905,0.74519,0.27835,0.730137241,0.755393684,0.753076667,0.558269231,0.659734545,0.47551,0.624141429,0.747666786,0.638424063,0.638875625,0.83048,0.850667667,0.772636364,0.808091875,0.640726667,0.732579672,0.642214667,0.5403675,0.40108,0.690103636,0.356752353,0.534269831,0.856033333,0.741086667,0.88323,0.812749,0.696916667,0.684856047,0.728241579,0.93276,0.972473333,0.965762286,0.6328,0.52457,0.83058,0.861373333,0.397921429,0.34322,0.359291842,0.361653571,0.941055556,0.950734921,0.956,0.988038,0.726465,0.916470714,0.942248571,0.928228333,0.621911333,0.573726818,0.4683908,0.579585
1738,0.46839,0.51221,0.836125,0.25046,0.468867143,0.128854,0.70697,0.8539576,0.754635263,0.752972857,0.855048571,0.802537143,0.799355,0.27049,0.76410069,0.762422982,0.757276667,0.615909231,0.729488485,0.53174,0.662046,0.762414643,0.678565,0.7076325,0.832115,0.876324667,0.823190909,0.849901875,0.758476111,0.805705738,0.670098444,0.677453,0.65367,0.767464545,0.452400588,0.625070508,0.881166667,0.731397778,0.923538,0.857364,0.811868333,0.712734651,0.820125263,0.95918,0.982451111,0.990761143,0.77911,0.6202,0.84904,0.869741667,0.657941429,0.586823333,0.534872368,0.560765714,0.962157778,0.979242222,0.98665,1.002776,0.811196667,0.940818214,0.96924381,0.960006667,0.748788667,0.646555,0.5955292,0.55591
1739,0.52153,0.59087,0.78557125,0.303805,0.562584286,0.206348,0.78488,0.834990933,0.762291579,0.704399429,0.85788,0.851090476,0.846695,0.383,0.763324828,0.797541754,0.750333333,0.68459,0.768136667,0.63134,0.738551714,0.762219286,0.7201225,0.65784125,0.828139167,0.888688167,0.855433636,0.8633425,0.779057778,0.816197377,0.710320889,0.7346778,0.65517,0.792263636,0.515983725,0.634500847,0.875635,0.808443333,0.921548,0.855683,0.860226667,0.741135349,0.821831053,0.959306667,0.995022222,0.986612571,0.80406,0.70907,0.895036667,0.8826925,0.670391429,0.675096667,0.666098158,0.515534286,0.959773333,0.978660476,0.98497,1.003232,0.824323333,0.938835357,0.96748381,0.956033333,0.725691333,0.714411818,0.6210596,0.604046667
1740,0.575756667,0.51486,0.73919875,0.306995,0.637758571,0.28274,0.79014,0.842803733,0.729908421,0.707722,0.786751429,0.870557143,0.87768,0.32858,0.802435862,0.824884912,0.73143,0.637430769,0.730444848,0.60228,0.665787714,0.759966607,0.744004063,0.68797375,0.869463333,0.888163167,0.848542727,0.87036375,0.792295,0.813031967,0.717980444,0.7464279,0.75795,0.754086364,0.559864902,0.670806949,0.86853,0.816201111,0.901872,0.837004,0.855421667,0.724404884,0.801298947,0.949236667,0.982481111,0.974312286,0.82606,0.76209,0.870473333,0.8680475,0.795515714,0.68633,0.756819211,0.551923571,0.954602222,0.969215397,0.97449,0.991736,0.713573333,0.923937143,0.957350952,0.950338333,0.789534667,0.722321818,0.7752984,0.609266667
1741,0.697283333,0.44808,0.67919625,0.51754,0.606902857,0.480328,0.766943333,0.800843733,0.713696316,0.627225429,0.720902143,0.830035238,0.83418,0.28504,0.784286552,0.826436491,0.8084,0.655340769,0.701382424,0.69669,0.668124857,0.750232857,0.727581875,0.652104375,0.870265,0.878126,0.828932727,0.8763525,0.811129444,0.788775082,0.701534667,0.7373813,0.68155,0.738395909,0.553037647,0.607014915,0.749938333,0.780833333,0.87062,0.846033,0.888931667,0.72097186,0.774257368,0.9378,0.969565556,0.960973714,0.87885,0.71619,0.789226667,0.848759167,0.767917143,0.7581,0.744267632,0.405463571,0.950434444,0.960996825,0.96789,0.981894,0.707188333,0.898995714,0.943064286,0.948475,0.687627333,0.70986,0.6992668,0.573903333
1742,0.745993333,0.44701,0.65746625,0.429595,0.562775714,0.502782,0.800283333,0.759675467,0.667452105,0.611574286,0.635133571,0.779018571,0.80455,0.12051,0.735843103,0.71356386,0.759376667,0.676158462,0.726222424,0.63832,0.611663714,0.717035179,0.65947125,0.546140625,0.831884167,0.864441667,0.848906364,0.812868125,0.745583889,0.713576721,0.610958667,0.6927665,0.66333,0.749122727,0.570610588,0.597741695,0.596888333,0.709582222,0.825674,0.738592,0.820961667,0.718392093,0.729921053,0.925376667,0.957505556,0.947583143,0.72138,0.62931,0.596956667,0.777881667,0.739608571,0.585666667,0.739059474,0.525377857,0.951727778,0.955433333,0.96563,0.974702,0.666295,0.861900357,0.938508571,0.919606667,0.621551333,0.661475,0.7098948,0.550058333
1743,0.714163333,0.84393,0.623145,0.53353,0.522948571,0.518532,0.766323333,0.663475333,0.586576842,0.559718286,0.628498571,0.66364,0.710585,0.0682,0.709914483,0.647975614,0.739366667,0.640416154,0.679416364,0.48558,0.574309429,0.67060375,0.6785425,0.51555625,0.797274167,0.834239333,0.817217273,0.827735,0.700713889,0.679465082,0.565763556,0.6547938,0.49615,0.666170455,0.504052353,0.50275,0.570818333,0.561506667,0.736352,0.608697,0.762056667,0.64778,0.646236316,0.909163333,0.94368,0.931888,0.78111,0.71174,0.551676667,0.651490833,0.707878571,0.524796667,0.660410789,0.524275,0.950198889,0.949012063,0.96128,0.966032,0.653406667,0.824236786,0.91482,0.882281667,0.607792667,0.644847727,0.5840884,0.471891667
1744,0.653766667,0.72025,0.41458375,0.391275,0.464852857,0.510418,0.671176667,0.555969867,0.547420526,0.438372571,0.564985,0.472731429,0.517745,0.08333,0.649945862,0.568480702,0.71043,0.653439231,0.562215455,0.44275,0.472335429,0.498997679,0.456912813,0.429285,0.778625833,0.770291667,0.760358182,0.7846975,0.666808333,0.694136721,0.523975556,0.6606336,0.73484,0.539435455,0.360819216,0.438997119,0.464228333,0.421644444,0.560912,0.526491,0.573773333,0.598454186,0.592945789,0.874663333,0.909868889,0.900314286,0.8394,0.7501,0.319086667,0.397561667,0.631141429,0.732156667,0.566072368,0.606946429,0.934085556,0.93160254,0.93746,0.942112,0.486161667,0.774430357,0.868860952,0.848443333,0.628717333,0.596662273,0.5163884,0.355136667
1745,0.753593333,0.80536,0.34241125,0.400005,0.368405714,0.404898,0.63519,0.436811067,0.44027,0.340661429,0.407897857,0.386891905,0.46473,0.05748,0.529178621,0.44380807,0.614393333,0.511996154,0.373783333,0.2127,0.382974286,0.430900893,0.386824063,0.308953125,0.703973333,0.705552833,0.707024545,0.7362575,0.565217778,0.600148689,0.423711111,0.5717276,0.56586,0.444226818,0.254007843,0.315382712,0.29753,0.307853333,0.38739,0.348432,0.383406667,0.459350465,0.381178947,0.809623333,0.845968889,0.839220286,0.74321,0.59747,0.214986667,0.388195833,0.68085,0.674373333,0.5664,0.472219286,0.878043333,0.88037873,0.87797,0.883178,0.424363333,0.686357143,0.782238571,0.780688333,0.471574,0.481529091,0.370972,0.23186
1746,0.664573333,0.68009,0.0,0.155025,0.259654286,0.334466,0.420676667,0.239379733,0.016603158,0.112031714,7.14e-7,0.0,0.0,0.11524,0.401358621,0.296603509,0.361473333,0.241371538,0.192829394,0.13054,0.185046286,0.3063375,0.247170313,0.22096625,0.5427375,0.549182,0.502775455,0.5289125,0.393708333,0.394839508,0.236013111,0.4263382,0.30058,0.261314091,0.143893137,0.164862034,0.0,0.0,0.000156,0.0,0.000203333,0.22388186,0.059132632,0.663126667,0.689665556,0.682777714,0.45759,0.29659,0.0,0.0,0.529487143,0.31267,0.392563158,0.311851429,0.739564444,0.746800476,0.72893,0.74197,0.0,0.528910357,0.563345238,0.603126667,0.309718,0.35813,0.1627828,0.08121
1747,0.548266667,0.44837,0.0,0.04112,0.141362857,0.058512,0.0,0.0,0.0,0.0,0.0,0.0,0.0,0.0,0.008795862,0.0,0.0,0.0,0.0,0.0,0.0,0.0,0.0,0.0,0.183605,0.320737833,0.346634545,0.342170625,0.088545,0.191929672,0.021714222,0.2513429,0.0,0.0,0.000155098,0.006475763,0.0,0.0,0.0,0.0,0.0,0.0,0.0,0.267233333,0.050601111,0.276201143,0.0,0.0,0.0,0.0,0.335978571,0.20056,0.242020263,0.161492143,0.416765556,0.453840794,0.00088,0.371554,0.0,0.012636429,1.19e-5,0.000245,0.0,0.0,0.0,0.0
1748,0.0,0.00038,0.0,0.0,0.0,0.0,0.0,0.0,0.0,0.0,0.0,0.0,0.0,0.0,0.0,0.0,0.0,0.0,0.0,0.0,0.0,0.0,0.0,0.0,0.0,0.0,0.0,0.0,0.0,0.0,0.0,0.0,0.0,0.0,0.0,0.0,0.0,0.0,0.0,0.0,0.0,0.0,0.0,0.0,0.0,0.0,0.0,0.0,0.0,0.0,0.0,0.0,0.0,0.0,0.0,0.0,0.0,0.0,0.0,0.0,0.0,0.0,0.0,0.0,0.0,0.0
1749,0.0,0.0,0.0,0.0,0.0,0.0,0.0,0.0,0.0,0.0,0.0,0.0,0.0,0.0,0.0,0.0,0.0,0.0,0.0,0.0,0.0,0.0,0.0,0.0,0.0,0.0,0.0,0.0,0.0,0.0,0.0,0.0,0.0,0.0,0.0,0.0,0.0,0.0,0.0,0.0,0.0,0.0,0.0,0.0,0.0,0.0,0.0,0.0,0.0,0.0,0.0,0.0,0.0,0.0,0.0,0.0,0.0,0.0,0.0,0.0,0.0,0.0,0.0,0.0,0.0,0.0
1750,0.0,0.0,0.0,0.0,0.0,0.0,0.0,0.0,0.0,0.0,0.0,0.0,0.0,0.0,0.0,0.0,0.0,0.0,0.0,0.0,0.0,0.0,0.0,0.0,0.0,0.0,0.0,0.0,0.0,0.0,0.0,0.0,0.0,0.0,0.0,0.0,0.0,0.0,0.0,0.0,0.0,0.0,0.0,0.0,0.0,0.0,0.0,0.0,0.0,0.0,0.0,0.0,0.0,0.0,0.0,0.0,0.0,0.0,0.0,0.0,0.0,0.0,0.0,0.0,0.0,0.0
1751,0.0,0.0,0.0,0.0,0.0,0.0,0.0,0.0,0.0,0.0,0.0,0.0,0.0,0.0,0.0,0.0,0.0,0.0,0.0,0.0,0.0,0.0,0.0,0.0,0.0,0.0,0.0,0.0,0.0,0.0,0.0,0.0,0.0,0.0,0.0,0.0,0.0,0.0,0.0,0.0,0.0,0.0,0.0,0.0,0.0,0.0,0.0,0.0,0.0,0.0,0.0,0.0,0.0,0.0,0.0,0.0,0.0,0.0,0.0,0.0,0.0,0.0,0.0,0.0,0.0,0.0
1752,0.0,0.0,0.0,0.0,0.0,0.0,0.0,0.0,0.0,0.0,0.0,0.0,0.0,0.0,0.0,0.0,0.0,0.0,0.0,0.0,0.0,0.0,0.0,0.0,0.0,0.0,0.0,0.0,0.0,0.0,0.0,0.0,0.0,0.0,0.0,0.0,0.0,0.0,0.0,0.0,0.0,0.0,0.0,0.0,0.0,0.0,0.0,0.0,0.0,0.0,0.0,0.0,0.0,0.0,0.0,0.0,0.0,0.0,0.0,0.0,0.0,0.0,0.0,0.0,0.0,0.0
1753,0.0,0.0,0.0,0.0,0.0,0.0,0.0,0.0,0.0,0.0,0.0,0.0,0.0,0.0,0.0,0.0,0.0,0.0,0.0,0.0,0.0,0.0,0.0,0.0,0.0,0.0,0.0,0.0,0.0,0.0,0.0,0.0,0.0,0.0,0.0,0.0,0.0,0.0,0.0,0.0,0.0,0.0,0.0,0.0,0.0,0.0,0.0,0.0,0.0,0.0,0.0,0.0,0.0,0.0,0.0,0.0,0.0,0.0,0.0,0.0,0.0,0.0,0.0,0.0,0.0,0.0
1754,0.0,0.0,0.0,0.0,0.0,0.0,0.0,0.0,0.0,0.0,0.0,0.0,0.0,0.0,0.0,0.0,0.0,0.0,0.0,0.0,0.0,0.0,0.0,0.0,0.0,0.0,0.0,0.0,0.0,0.0,0.0,0.0,0.0,0.0,0.0,0.0,0.0,0.0,0.0,0.0,0.0,0.0,0.0,0.0,0.0,0.0,0.0,0.0,0.0,0.0,0.0,0.0,0.0,0.0,0.0,0.0,0.0,0.0,0.0,0.0,0.0,0.0,0.0,0.0,0.0,0.0
1755,0.0,0.0,0.0,0.0,0.0,0.0,0.0,0.0,0.0,0.0,0.0,0.0,0.0,0.0,0.0,0.0,0.0,0.0,0.0,0.0,0.0,0.0,0.0,0.0,0.0,0.0,0.0,0.0,0.0,0.0,0.0,0.0,0.0,0.0,0.0,0.0,0.0,0.0,0.0,0.0,0.0,0.0,0.0,0.0,0.0,0.0,0.0,0.0,0.0,0.0,0.0,0.0,0.0,0.0,0.0,0.0,0.0,0.0,0.0,0.0,0.0,0.0,0.0,0.0,0.0,0.0
1756,0.0,0.0,0.0,0.0,0.0,0.0,0.0,0.0,0.0,0.0,0.0,0.0,0.0,0.0,0.0,0.0,0.0,0.0,0.0,0.0,0.0,0.0,0.0,0.0,0.0,0.0,0.0,0.0,0.0,0.0,0.0,0.0,0.0,0.0,0.0,0.0,0.0,0.0,0.0,0.0,0.0,0.0,0.0,0.0,0.0,0.0,0.0,0.0,0.0,0.0,0.0,0.0,0.0,0.0,0.0,0.0,0.0,0.0,0.0,0.0,0.0,0.0,0.0,0.0,0.0,0.0
1757,0.0,0.0,0.0,0.0,0.0,0.0,0.0,0.0,0.0,0.0,0.0,0.0,0.0,0.0,0.0,0.0,0.0,0.0,0.0,0.0,0.0,0.0,0.0,0.0,0.0,0.0,0.0,0.0,0.0,0.0,0.0,0.0,0.0,0.0,0.0,0.0,0.0,0.0,0.0,0.0,0.0,0.0,0.0,0.0,0.0,0.0,0.0,0.0,0.0,0.0,0.0,0.0,0.0,0.0,0.0,0.0,0.0,0.0,0.0,0.0,0.0,0.0,0.0,0.0,0.0,0.0
1758,0.0,0.0,0.2894425,0.0,0.0,0.0,0.0,0.1316092,0.223521053,0.175676286,0.126664286,0.163057143,0.00071,0.09489,0.0,0.0,0.0,0.0,0.0,0.0,0.0,0.07084625,0.1165625,0.132415,0.0,0.0,0.0,0.0,0.0,0.0,0.0,0.0,0.0,0.0,0.0,0.0,0.274443333,0.284064444,0.379176,0.255097,0.220486667,0.022923488,7.63e-5,0.0,0.0,0.0,0.33125,0.00473,0.28903,0.453374167,0.0,0.0,0.0,0.0,0.000228889,6.03e-5,0.0,0.0,0.35128,0.0,0.000211429,0.055816667,0.0,0.0,0.0,0.0
1759,0.0,0.0,0.57047625,0.0,0.0,0.0,0.301566667,0.519126,0.460605263,0.403089714,0.418467143,0.436694286,0.39381,0.11381,0.415531379,0.252952982,0.028253333,0.430389231,0.347175152,0.36514,0.36101,0.590081429,0.562091563,0.367528125,0.563593333,0.503026,0.390014545,0.45705625,0.201455556,0.211489344,0.065531556,0.057672,0.0007,0.239991818,0.097257647,0.147901864,0.534471667,0.507978889,0.579022,0.490628,0.564513333,0.57298,0.434962105,0.60653,0.561475556,0.579799714,0.52082,0.43864,0.6388,0.689546667,0.0,0.0,0.0,0.0,0.676198889,0.531872381,0.02326,0.533422,0.606498333,0.603399643,0.659774762,0.656626667,0.148312,0.070344091,0.3297044,0.312063333
1760,0.473383333,0.48997,0.68714375,0.1515,0.259248571,0.017444,0.532263333,0.686024667,0.660670526,0.570505714,0.601817143,0.638753333,0.56932,0.18848,0.641168621,0.466494211,0.05265,0.555407692,0.515126061,0.55539,0.531963429,0.766389464,0.69152375,0.5704075,0.772930833,0.73053,0.65234,0.682665625,0.209708889,0.371316721,0.157617778,0.2184443,0.10883,0.460135,0.166851961,0.270148644,0.674733333,0.702567778,0.73533,0.648178,0.760726667,0.75782907,0.622482105,0.81651,0.826102222,0.833440571,0.64878,0.64798,0.77371,0.826626667,0.444474286,0.554193333,0.358620526,0.275223571,0.856551111,0.733930952,0.91148,0.893868,0.725488333,0.801621429,0.846494762,0.8389,0.286372667,0.191560455,0.4351932,0.452171667
1761,0.656833333,0.66912,0.829215,0.253365,0.367101429,0.067518,0.536453333,0.79455,0.737877895,0.71173,0.78849,0.770334286,0.79462,0.26551,0.754138276,0.607192281,0.155483333,0.662502308,0.59816303,0.53711,0.561836286,0.788663393,0.659871875,0.675068125,0.867974167,0.844,0.801919091,0.78914,0.269888333,0.438731639,0.276347778,0.334877,0.3783,0.495587727,0.281893922,0.378171864,0.817681667,0.798476667,0.867944,0.832063,0.816975,0.830024419,0.750655263,0.90257,0.912502222,0.916233429,0.74224,0.61993,0.85528,0.896258333,0.582254286,0.716316667,0.586589211,0.569584286,0.924611111,0.841100159,1.01453,0.987468,0.832088333,0.889529643,0.916845714,0.901858333,0.492512667,0.28802,0.6089152,0.484973333
1762,0.749863333,0.80773,0.83094,0.510685,0.44709,0.123814,0.642893333,0.846047333,0.739474211,0.745392857,0.86587,0.839514286,0.83461,0.43997,0.820085172,0.703439298,0.409446667,0.740699231,0.66219303,0.55394,0.575502571,0.836647679,0.7102175,0.665153125,0.886083333,0.884484833,0.853918182,0.829394375,0.360571111,0.514515574,0.420699778,0.4324372,0.58611,0.570299091,0.343053529,0.444769661,0.911756667,0.854624444,0.920904,0.860542,0.873865,0.880137209,0.81282,0.926686667,0.938333333,0.945614571,0.87522,0.64908,0.91005,0.896964167,0.623881429,0.763753333,0.654858684,0.698904286,0.942501111,0.854740952,1.02508,0.998504,0.838631667,0.925500714,0.935717619,0.924075,0.586602667,0.432752727,0.647848,0.52448
1763,0.824183333,0.8598,0.8142675,0.43834,0.463164286,0.255374,0.66429,0.8645696,0.753987895,0.758649429,0.865709286,0.857207143,0.844235,0.47134,0.765723793,0.719360526,0.477546667,0.775079231,0.723704242,0.38278,0.631492,0.834862321,0.74458125,0.7088225,0.808926667,0.816933333,0.843895455,0.872104375,0.496641111,0.590493934,0.491752667,0.4837715,0.7506,0.683798636,0.465457451,0.53858339,0.905905,0.844794444,0.898548,0.811323,0.853861667,0.846186047,0.787838947,0.934643333,0.950304444,0.952657143,0.92315,0.63453,0.91011,0.904893333,0.668888571,0.835393333,0.678340263,0.760934286,0.94665,0.795487619,1.03855,0.991422,0.789385,0.8898375,0.927602857,0.931583333,0.727936,0.535328182,0.6659684,0.581418333
1764,0.747856667,0.86349,0.8386975,0.57378,0.487817143,0.262948,0.68169,0.832089867,0.771215263,0.734712286,0.775579286,0.86297619,0.835845,0.42847,0.796484483,0.776002281,0.54651,0.728266154,0.671040909,0.60525,0.627204857,0.802834107,0.7656825,0.638058125,0.811688333,0.825054333,0.77275,0.849154375,0.597155,0.653546721,0.525650667,0.5520474,0.78114,0.728524545,0.483767059,0.566407119,0.873438333,0.893515556,0.885942,0.876479,0.782341667,0.819211395,0.788906842,0.92377,0.952724444,0.939151429,0.95886,0.50429,0.90627,0.873304167,0.55626,0.839146667,0.575724474,0.710163571,0.945881111,0.707585714,1.01204,0.976722,0.816808333,0.800304643,0.836630952,0.833458333,0.697697333,0.523871364,0.6032804,0.489941667
1765,0.749943333,0.86775,0.8360425,0.58969,0.412495714,0.347646,0.702943333,0.7994672,0.735827895,0.681200571,0.661022857,0.860426667,0.82087,0.46139,0.769801724,0.754815614,0.543786667,0.703489231,0.738180909,0.52833,0.606873714,0.809719464,0.7702125,0.6311175,0.8064275,0.798977167,0.771654545,0.814541875,0.517356111,0.626197705,0.539994,0.5432153,0.74066,0.736616818,0.45015098,0.568519661,0.764523333,0.856361111,0.701854,0.814087,0.662886667,0.771617209,0.784110526,0.91635,0.84563,0.917162571,0.93235,0.57935,0.8603,0.811053333,0.537102857,0.662763333,0.578892368,0.721214286,0.891263333,0.600629206,0.99698,0.96117,0.82702,0.793953929,0.77366,0.805725,0.628699333,0.546263636,0.5433176,0.653145
1766,0.665733333,0.76408,0.79637,0.546105,0.441495714,0.30134,0.679983333,0.7320096,0.727365263,0.679736286,0.612114286,0.792665714,0.804465,0.53039,0.745999655,0.755321579,0.66937,0.694513077,0.654975758,0.60253,0.565182571,0.758797143,0.763610625,0.55037125,0.791028333,0.766961833,0.732833636,0.74428375,0.623167222,0.617426066,0.55795,0.4992248,0.75937,0.695986818,0.462996667,0.598908305,0.614181667,0.781198889,0.66537,0.713348,0.701695,0.740556744,0.774444211,0.893923333,0.77852,0.890266857,0.88607,0.42518,0.71723,0.751661667,0.4416,0.556626667,0.483859211,0.661243571,0.795132222,0.505816667,0.98828,0.937976,0.822435,0.787676071,0.778529524,0.76503,0.561599333,0.492068636,0.5621268,0.554988333
1767,0.63191,0.81846,0.7327075,0.34841,0.402431429,0.391032,0.672826667,0.660270533,0.672082632,0.623375429,0.569807857,0.693765714,0.75235,0.48952,0.732268621,0.690485614,0.672263333,0.65525,0.591364242,0.60622,0.555936,0.734057857,0.705064688,0.511373125,0.769513333,0.774828833,0.777978182,0.718463125,0.596496111,0.606941967,0.557589333,0.4855795,0.63056,0.630385,0.467301765,0.538250508,0.612488333,0.638564444,0.655872,0.640409,0.709046667,0.657127907,0.705317895,0.844276667,0.766962222,0.879988286,0.9054,0.23951,0.602093333,0.660794167,0.40209,0.650436667,0.482183684,0.702117857,0.641497778,0.406228889,0.97643,0.91964,0.691453333,0.720363214,0.716605714,0.756146667,0.56709,0.509584091,0.5080192,0.480418333
1768,0.670633333,0.69614,0.55710125,0.503805,0.364374286,0.4219,0.627496667,0.499232133,0.575806842,0.510734857,0.462877857,0.512517143,0.638465,0.45488,0.698661034,0.638762632,0.53964,0.536722308,0.457842121,0.61354,0.448736286,0.6577375,0.66535,0.523600625,0.792884167,0.740958,0.731966364,0.7260475,0.538466111,0.59658541,0.424479778,0.5143944,0.70408,0.466872273,0.327891569,0.476745085,0.291365,0.293974444,0.418878,0.401921,0.60823,0.456979767,0.509574211,0.82936,0.777064444,0.824401429,0.75721,0.16561,0.298283333,0.513614167,0.426858571,0.669416667,0.544501316,0.618525714,0.277017778,0.191559048,0.82279,0.75867,0.46305,0.716782857,0.721148095,0.688093333,0.344768667,0.204211818,0.2633024,0.457918333
1769,0.582806667,0.66927,0.377795,0.284945,0.28125,0.379646,0.49078,0.391455467,0.41415,0.371207714,0.36901,0.371497143,0.447935,0.47636,0.573124483,0.54688614,0.562706667,0.366350769,0.350266061,0.41727,0.272656571,0.57579625,0.581830313,0.52001625,0.635239167,0.665351167,0.659242727,0.6592825,0.502405556,0.511509836,0.372181556,0.3878579,0.65939,0.368116364,0.272629216,0.395651186,0.25133,0.270487778,0.325872,0.291539,0.508553333,0.319394884,0.388871053,0.70164,0.686197778,0.709081429,0.60935,0.05605,0.24414,0.3836175,0.30197,0.646326667,0.479226579,0.630654286,0.166006667,0.134421111,0.41886,0.432252,0.378553333,0.585976071,0.558547619,0.603716667,0.301581333,0.153195909,0.1528268,0.289138333
1770,0.4896,0.60743,0.0,0.23213,0.177127143,0.247794,0.248233333,0.217590267,0.023069474,0.104338857,1.5e-5,0.0,0.0,0.25848,0.388654828,0.367167018,0.436633333,0.162606154,0.164614545,0.13565,0.096339429,0.36426125,0.386202188,0.250140625,0.476103333,0.527134333,0.50613,0.52585125,0.386885556,0.424645738,0.225317778,0.2702806,0.47337,0.178765909,0.138099216,0.213927458,0.0,0.0,0.079212,0.0,7.67e-5,0.123524884,0.077623684,0.551686667,0.517667778,0.466562,0.46047,0.00316,0.0,0.0,0.154335714,0.39462,0.321674211,0.493822143,0.070277778,0.097770317,0.13003,0.16536,0.0,0.444589286,0.415794762,0.463811667,0.167876667,0.101566818,0.0241236,0.102443333
1771,0.368596667,0.57117,0.0,0.034385,0.09794,0.015282,0.0,0.0,0.0,0.0,0.0,0.0,0.0,0.0,0.012755172,0.0,0.0,0.0,0.0,0.0,0.0,3.57e-7,0.0,0.0,0.2042675,0.291799833,0.293024545,0.3016675,0.096752778,0.240991803,0.022161556,0.1214348,0.0,0.0,0.000451176,0.001852203,0.0,0.0,0.0,0.0,0.0,0.0,0.0,0.193553333,0.025704444,0.114851429,0.0,0.0,0.0,0.0,0.060345714,0.21365,0.161512632,0.274760714,0.001298889,0.072210794,0.00264,0.027552,0.0,0.02185,9.52e-7,7.5e-5,0.0,0.0,0.0,0.0
1772,0.0,0.00053,0.0,0.0,0.0,0.0,0.0,0.0,0.0,0.0,0.0,0.0,0.0,0.0,0.0,0.0,0.0,0.0,0.0,0.0,0.0,0.0,0.0,0.0,0.0,0.0,0.0,0.0,0.0,0.0,0.0,0.0,0.0,0.0,0.0,0.0,0.0,0.0,0.0,0.0,0.0,0.0,0.0,0.0,0.0,0.0,0.0,0.0,0.0,0.0,0.0,0.0,0.0,0.0,0.0,0.0,0.0,0.0,0.0,0.0,0.0,0.0,0.0,0.0,0.0,0.0
1773,0.0,0.0,0.0,0.0,0.0,0.0,0.0,0.0,0.0,0.0,0.0,0.0,0.0,0.0,0.0,0.0,0.0,0.0,0.0,0.0,0.0,0.0,0.0,0.0,0.0,0.0,0.0,0.0,0.0,0.0,0.0,0.0,0.0,0.0,0.0,0.0,0.0,0.0,0.0,0.0,0.0,0.0,0.0,0.0,0.0,0.0,0.0,0.0,0.0,0.0,0.0,0.0,0.0,0.0,0.0,0.0,0.0,0.0,0.0,0.0,0.0,0.0,0.0,0.0,0.0,0.0
1774,0.0,0.0,0.0,0.0,0.0,0.0,0.0,0.0,0.0,0.0,0.0,0.0,0.0,0.0,0.0,0.0,0.0,0.0,0.0,0.0,0.0,0.0,0.0,0.0,0.0,0.0,0.0,0.0,0.0,0.0,0.0,0.0,0.0,0.0,0.0,0.0,0.0,0.0,0.0,0.0,0.0,0.0,0.0,0.0,0.0,0.0,0.0,0.0,0.0,0.0,0.0,0.0,0.0,0.0,0.0,0.0,0.0,0.0,0.0,0.0,0.0,0.0,0.0,0.0,0.0,0.0
1775,0.0,0.0,0.0,0.0,0.0,0.0,0.0,0.0,0.0,0.0,0.0,0.0,0.0,0.0,0.0,0.0,0.0,0.0,0.0,0.0,0.0,0.0,0.0,0.0,0.0,0.0,0.0,0.0,0.0,0.0,0.0,0.0,0.0,0.0,0.0,0.0,0.0,0.0,0.0,0.0,0.0,0.0,0.0,0.0,0.0,0.0,0.0,0.0,0.0,0.0,0.0,0.0,0.0,0.0,0.0,0.0,0.0,0.0,0.0,0.0,0.0,0.0,0.0,0.0,0.0,0.0
1776,0.0,0.0,0.0,0.0,0.0,0.0,0.0,0.0,0.0,0.0,0.0,0.0,0.0,0.0,0.0,0.0,0.0,0.0,0.0,0.0,0.0,0.0,0.0,0.0,0.0,0.0,0.0,0.0,0.0,0.0,0.0,0.0,0.0,0.0,0.0,0.0,0.0,0.0,0.0,0.0,0.0,0.0,0.0,0.0,0.0,0.0,0.0,0.0,0.0,0.0,0.0,0.0,0.0,0.0,0.0,0.0,0.0,0.0,0.0,0.0,0.0,0.0,0.0,0.0,0.0,0.0
1777,0.0,0.0,0.0,0.0,0.0,0.0,0.0,0.0,0.0,0.0,0.0,0.0,0.0,0.0,0.0,0.0,0.0,0.0,0.0,0.0,0.0,0.0,0.0,0.0,0.0,0.0,0.0,0.0,0.0,0.0,0.0,0.0,0.0,0.0,0.0,0.0,0.0,0.0,0.0,0.0,0.0,0.0,0.0,0.0,0.0,0.0,0.0,0.0,0.0,0.0,0.0,0.0,0.0,0.0,0.0,0.0,0.0,0.0,0.0,0.0,0.0,0.0,0.0,0.0,0.0,0.0
1778,0.0,0.0,0.0,0.0,0.0,0.0,0.0,0.0,0.0,0.0,0.0,0.0,0.0,0.0,0.0,0.0,0.0,0.0,0.0,0.0,0.0,0.0,0.0,0.0,0.0,0.0,0.0,0.0,0.0,0.0,0.0,0.0,0.0,0.0,0.0,0.0,0.0,0.0,0.0,0.0,0.0,0.0,0.0,0.0,0.0,0.0,0.0,0.0,0.0,0.0,0.0,0.0,0.0,0.0,0.0,0.0,0.0,0.0,0.0,0.0,0.0,0.0,0.0,0.0,0.0,0.0
1779,0.0,0.0,0.0,0.0,0.0,0.0,0.0,0.0,0.0,0.0,0.0,0.0,0.0,0.0,0.0,0.0,0.0,0.0,0.0,0.0,0.0,0.0,0.0,0.0,0.0,0.0,0.0,0.0,0.0,0.0,0.0,0.0,0.0,0.0,0.0,0.0,0.0,0.0,0.0,0.0,0.0,0.0,0.0,0.0,0.0,0.0,0.0,0.0,0.0,0.0,0.0,0.0,0.0,0.0,0.0,0.0,0.0,0.0,0.0,0.0,0.0,0.0,0.0,0.0,0.0,0.0
1780,0.0,0.0,0.0,0.0,0.0,0.0,0.0,0.0,0.0,0.0,0.0,0.0,0.0,0.0,0.0,0.0,0.0,0.0,0.0,0.0,0.0,0.0,0.0,0.0,0.0,0.0,0.0,0.0,0.0,0.0,0.0,0.0,0.0,0.0,0.0,0.0,0.0,0.0,0.0,0.0,0.0,0.0,0.0,0.0,0.0,0.0,0.0,0.0,0.0,0.0,0.0,0.0,0.0,0.0,0.0,0.0,0.0,0.0,0.0,0.0,0.0,0.0,0.0,0.0,0.0,0.0
1781,0.0,0.0,0.0,0.0,0.0,0.0,0.0,0.0,0.0,0.0,0.0,0.0,0.0,0.0,0.0,0.0,0.0,0.0,0.0,0.0,0.0,0.0,0.0,0.0,0.0,0.0,0.0,0.0,0.0,0.0,0.0,0.0,0.0,0.0,0.0,0.0,0.0,0.0,0.0,0.0,0.0,0.0,0.0,0.0,0.0,0.0,0.0,0.0,0.0,0.0,0.0,0.0,0.0,0.0,0.0,0.0,0.0,0.0,0.0,0.0,0.0,0.0,0.0,0.0,0.0,0.0
1782,0.0,0.0,0.28567875,0.0,0.0,0.0,0.0,0.08659,0.108939474,0.093687714,0.109737857,0.160862857,0.002,0.41557,0.0,0.0,0.0,0.0,2.18e-5,0.0,0.0,0.103546786,0.108776563,0.149328125,0.0,0.0,0.0,0.0,0.0,0.0,0.0,0.0,0.0,0.0,0.0,0.0,0.337346667,0.339968889,0.33287,0.350976,0.060985,0.00853186,0.000352632,0.0,0.0,0.0,0.49525,0.00482,0.265296667,0.365984167,0.0,0.0,0.0,0.0,9.0e-5,6.83e-6,0.0,0.0,0.279116667,2.21e-5,0.000361905,0.019296667,0.0,0.0,0.0,0.0
1783,0.0,0.0,0.58741625,0.0,0.0,0.0,0.374733333,0.481833067,0.247438421,0.278830286,0.458285714,0.455309524,0.403105,0.52538,0.447294828,0.402365439,0.244886667,0.211612308,0.235760909,0.33629,0.229104286,0.594422857,0.576850313,0.492940625,0.355126667,0.142961333,0.154417273,0.08744125,0.24185,0.310574098,0.167847111,0.0907744,0.00162,0.286600909,0.086886275,0.10395322,0.59479,0.570775556,0.56623,0.637823,0.369008333,0.272166047,0.332102105,0.34689,0.332428889,0.203416571,0.73843,0.71117,0.58228,0.613381667,0.0,0.0,0.0,0.0,0.51354,0.514634286,0.00619,0.154258,0.542915,0.378616071,0.534822857,0.455586667,0.406173333,0.120745455,0.1628944,0.086065
1784,0.257233333,0.42453,0.7420125,0.012895,0.032898571,0.217122,0.607163333,0.694479467,0.456127895,0.476332571,0.666961429,0.607375714,0.612075,0.63732,0.68256,0.572628246,0.373996667,0.475312308,0.42639303,0.33956,0.337985429,0.768800179,0.718204063,0.71127875,0.627063333,0.290342333,0.215887273,0.121946875,0.382394444,0.497318689,0.239852667,0.305477,0.5143,0.440581364,0.236593922,0.297305254,0.761761667,0.510876667,0.681388,0.739815,0.597728333,0.474819535,0.516908947,0.645773333,0.547222222,0.376905714,0.88923,0.85646,0.741236667,0.716666667,0.052398571,0.256876667,0.121540789,0.209277143,0.679302222,0.710569524,0.13372,0.261604,0.67002,0.634040357,0.707752857,0.650498333,0.604442667,0.234291818,0.2945756,0.17096
1785,0.354353333,0.55847,0.703605,0.08866,0.123245714,0.419542,0.58712,0.7903896,0.515152105,0.572710571,0.729759286,0.727523333,0.744285,0.76177,0.784324483,0.752784912,0.465063333,0.58687,0.484445758,0.48713,0.467183714,0.871695357,0.853999063,0.719565625,0.7347775,0.384703167,0.216804545,0.156820625,0.465749444,0.590024918,0.332315111,0.4635144,0.7051,0.568578182,0.34826,0.408238814,0.760815,0.753566667,0.73781,0.772753,0.7404,0.618944186,0.584134211,0.733436667,0.540665556,0.418156857,0.93538,0.91271,0.782813333,0.793885,0.104417143,0.181513333,0.223123684,0.467277857,0.746621111,0.812480635,0.06966,0.153918,0.72723,0.716847143,0.791238095,0.75184,0.697093333,0.347833636,0.3691692,0.29387
1786,0.426956667,0.59278,0.80490625,0.222645,0.242788571,0.57938,0.747923333,0.851157467,0.667991053,0.686725429,0.82478,0.770759524,0.768785,0.87333,0.830364828,0.823024386,0.54309,0.661509231,0.618736364,0.55962,0.534605143,0.9116325,0.907059063,0.713075625,0.810709167,0.461107667,0.267348182,0.197340625,0.613042778,0.602120984,0.393862444,0.4712981,0.72005,0.692716364,0.404117255,0.474344237,0.819531667,0.772838889,0.792812,0.798638,0.80985,0.6997,0.641323684,0.69249,0.544848889,0.443321429,0.94887,0.93411,0.830303333,0.807234167,0.124544286,0.262203333,0.204082895,0.639773571,0.767193333,0.859084127,0.085,0.201698,0.794683333,0.784680714,0.791359524,0.72879,0.779591333,0.443400455,0.4979,0.447286667
1787,0.500403333,0.80443,0.78089875,0.263675,0.285408571,0.725246,0.748033333,0.8030636,0.708665263,0.753980571,0.819178571,0.80998,0.828935,0.80192,0.857046207,0.833463333,0.55814,0.659128462,0.577139091,0.71624,0.565346286,0.901011964,0.905218438,0.722625,0.8343825,0.537729333,0.386903636,0.315783125,0.752723889,0.72507918,0.415234,0.5664833,0.83658,0.725476818,0.489632353,0.510097119,0.840258333,0.770762222,0.77426,0.780328,0.814445,0.698724884,0.618451053,0.64703,0.540558889,0.547941714,0.95424,0.90532,0.852876667,0.835070833,0.194432857,0.50297,0.347966316,0.700115714,0.789534444,0.896187619,0.14007,0.200964,0.748763333,0.816959286,0.850127143,0.760201667,0.795728,0.591348182,0.5875836,0.421383333
1788,0.65183,0.73198,0.73400625,0.34301,0.351995714,0.66922,0.656796667,0.760396533,0.708084737,0.740397143,0.764082143,0.826004286,0.81372,0.84012,0.813965862,0.806172807,0.59391,0.661941538,0.552338182,0.49565,0.580120286,0.873848393,0.876514688,0.701075625,0.7908325,0.536834333,0.472848182,0.419850625,0.712785,0.705048852,0.387802444,0.5580854,0.80609,0.711734545,0.53866902,0.518579831,0.837663333,0.801624444,0.817582,0.781283,0.761166667,0.643310698,0.552194211,0.46945,0.527477778,0.540856,0.94817,0.86275,0.841763333,0.818418333,0.235191429,0.651756667,0.351881316,0.576703571,0.811972222,0.908229048,0.47685,0.292278,0.712026667,0.726466071,0.785384286,0.732791667,0.721419333,0.657269091,0.5670824,0.489261667
1789,0.58135,0.56622,0.66066375,0.46433,0.393225714,0.714042,0.65631,0.731573067,0.724797895,0.763982857,0.697842143,0.777842381,0.772985,0.9043,0.75910931,0.785329825,0.715836667,0.726273846,0.48509303,0.4304,0.514133143,0.82841625,0.8382325,0.718475,0.654288333,0.500086,0.461357273,0.441643125,0.611502222,0.596382131,0.433585778,0.5635668,0.84402,0.677744091,0.521855294,0.559381525,0.746281667,0.702071111,0.756552,0.685325,0.644048333,0.606465581,0.456967895,0.267256667,0.589692222,0.501165429,0.92885,0.86524,0.780993333,0.774693333,0.342525714,0.598433333,0.409321842,0.618322857,0.797537778,0.922765714,0.65806,0.293796,0.676081667,0.682392857,0.662140952,0.68303,0.729933333,0.724333182,0.591008,0.511291667
1790,0.5529,0.55952,0.64157375,0.437115,0.407667143,0.68023,0.704346667,0.701696533,0.771576842,0.741206,0.561604286,0.711612381,0.611565,0.80379,0.745222414,0.763176842,0.668573333,0.696469231,0.42954,0.53681,0.506480571,0.766210893,0.78116,0.6865475,0.536238333,0.503267333,0.41179,0.4408425,0.591371111,0.632412131,0.414249556,0.5562941,0.78777,0.539257727,0.533978039,0.569834237,0.529685,0.648041111,0.579592,0.596116,0.461155,0.57708907,0.365182632,0.23863,0.674306667,0.522798857,0.92175,0.88854,0.584926667,0.7106375,0.281122857,0.58248,0.429208421,0.592861429,0.780598889,0.921146667,0.75033,0.4,0.681018333,0.618633571,0.732141429,0.665813333,0.709456,0.722232273,0.5997436,0.504626667
1791,0.52603,0.43786,0.47383625,0.5311,0.428625714,0.636638,0.70623,0.661292133,0.706123684,0.667062,0.395342857,0.615330952,0.50454,0.84291,0.67676931,0.695740877,0.71913,0.678673846,0.276590606,0.19631,0.453452,0.732038571,0.724795938,0.55354875,0.400914167,0.461912833,0.366900909,0.382753125,0.532401111,0.51730082,0.528621333,0.4641648,0.83526,0.588995909,0.52583549,0.594270169,0.42304,0.47924,0.370954,0.445092,0.297525,0.510227209,0.244401579,0.613883333,0.494878889,0.532768286,0.87801,0.82579,0.425566667,0.54212,0.178497143,0.480913333,0.367664474,0.584295,0.765753333,0.92665381,0.82529,0.53083,0.621098333,0.4390675,0.591831905,0.568393333,0.664392667,0.714839091,0.6374912,0.561236667
1792,0.380763333,0.63623,0.3221175,0.321525,0.261085714,0.633994,0.617273333,0.5685548,0.500966842,0.51126,0.204554286,0.434409048,0.320045,0.76121,0.581166897,0.682738246,0.757406667,0.573143846,0.162137879,0.31077,0.420076857,0.528609286,0.637895625,0.3695225,0.286056667,0.371511,0.245150909,0.350203125,0.521333333,0.490514098,0.541937556,0.3843493,0.63619,0.451385455,0.42527902,0.534358644,0.233508333,0.296944444,0.286244,0.233715,0.277563333,0.477573953,0.161036316,0.537933333,0.562793333,0.39137,0.83532,0.74763,0.211923333,0.409883333,0.200827143,0.45113,0.358099211,0.510364286,0.729352222,0.894224762,0.74522,0.456806,0.48235,0.326523929,0.496870952,0.398598333,0.546691333,0.630084091,0.5423436,0.481935
1793,0.308923333,0.4179,0.1403125,0.232855,0.162331429,0.502536,0.579916667,0.488472667,0.260199474,0.353843143,0.079917857,0.294574762,0.21059,0.60134,0.427602069,0.525975088,0.669173333,0.415843846,0.064956667,0.08681,0.227641143,0.416603393,0.491347188,0.302801875,0.233339167,0.277287167,0.197815455,0.20291125,0.422358889,0.357168525,0.493675333,0.2647979,0.63386,0.315547273,0.344035098,0.412281356,0.09337,0.151311111,0.145636,0.089606,0.176881667,0.365713721,0.093537368,0.547956667,0.465004444,0.263643714,0.74063,0.57917,0.121826667,0.235416667,0.10298,0.149776667,0.263857368,0.474025,0.662804444,0.825985079,0.6899,0.501054,0.31609,0.2308775,0.280228095,0.301525,0.449514667,0.538813182,0.4478456,0.379533333
1794,0.200726667,0.29036,0.0,0.183025,0.073745714,0.404624,0.370193333,0.287114133,0.040716316,0.138530286,0.0,0.0,0.0,0.42891,0.264592069,0.327725263,0.442323333,0.239492308,0.026420303,0.00154,0.098179429,0.266507857,0.302858125,0.231740625,0.2088025,0.144748,0.132277273,0.1049675,0.209767778,0.214892295,0.360531111,0.1511006,0.47433,0.21819,0.208250392,0.250601525,0.0,0.0,0.069138,0.0,0.000978333,0.223457907,0.045153158,0.259106667,0.227854444,0.125681143,0.48589,0.40864,0.0,0.0,0.021832857,0.116966667,0.142950526,0.329487857,0.609518889,0.695846508,0.57935,0.536722,0.0,0.120133929,0.10370619,0.180276667,0.325701333,0.385467273,0.2460128,0.234165
1795,0.104906667,0.28401,0.0,0.11211,0.039234286,0.107168,0.0,0.0,0.0,0.0,0.0,0.0,0.0,0.0,0.007571034,0.0,0.0,0.0,0.0,0.0,0.0,1.89e-5,0.0,0.0,0.067270833,0.0627765,0.043257273,0.028009375,0.073972778,0.064517869,0.001231778,0.0371197,0.0,0.0,7.29e-5,0.004614407,0.0,0.0,0.0,0.0,0.0,0.0,0.0,0.069976667,0.043133333,0.054933143,0.0,0.0,0.0,0.0,0.02456,0.03884,0.069224474,0.154314286,0.331015556,0.421386032,0.00026,0.286264,0.0,0.011308214,8.57e-6,0.013451667,0.0,0.0,0.0,0.0
1796,0.0,0.00089,0.0,0.0,0.0,0.0,0.0,0.0,0.0,0.0,0.0,0.0,0.0,0.0,0.0,0.0,0.0,0.0,0.0,0.0,0.0,0.0,0.0,0.0,0.0,0.0,0.0,0.0,0.0,0.0,0.0,0.0,0.0,0.0,0.0,0.0,0.0,0.0,0.0,0.0,0.0,0.0,0.0,0.0,0.0,0.0,0.0,0.0,0.0,0.0,0.0,0.0,0.0,0.0,0.0,0.0,0.0,0.0,0.0,0.0,0.0,0.0,0.0,0.0,0.0,0.0
1797,0.0,0.0,0.0,0.0,0.0,0.0,0.0,0.0,0.0,0.0,0.0,0.0,0.0,0.0,0.0,0.0,0.0,0.0,0.0,0.0,0.0,0.0,0.0,0.0,0.0,0.0,0.0,0.0,0.0,0.0,0.0,0.0,0.0,0.0,0.0,0.0,0.0,0.0,0.0,0.0,0.0,0.0,0.0,0.0,0.0,0.0,0.0,0.0,0.0,0.0,0.0,0.0,0.0,0.0,0.0,0.0,0.0,0.0,0.0,0.0,0.0,0.0,0.0,0.0,0.0,0.0
1798,0.0,0.0,0.0,0.0,0.0,0.0,0.0,0.0,0.0,0.0,0.0,0.0,0.0,0.0,0.0,0.0,0.0,0.0,0.0,0.0,0.0,0.0,0.0,0.0,0.0,0.0,0.0,0.0,0.0,0.0,0.0,0.0,0.0,0.0,0.0,0.0,0.0,0.0,0.0,0.0,0.0,0.0,0.0,0.0,0.0,0.0,0.0,0.0,0.0,0.0,0.0,0.0,0.0,0.0,0.0,0.0,0.0,0.0,0.0,0.0,0.0,0.0,0.0,0.0,0.0,0.0
1799,0.0,0.0,0.0,0.0,0.0,0.0,0.0,0.0,0.0,0.0,0.0,0.0,0.0,0.0,0.0,0.0,0.0,0.0,0.0,0.0,0.0,0.0,0.0,0.0,0.0,0.0,0.0,0.0,0.0,0.0,0.0,0.0,0.0,0.0,0.0,0.0,0.0,0.0,0.0,0.0,0.0,0.0,0.0,0.0,0.0,0.0,0.0,0.0,0.0,0.0,0.0,0.0,0.0,0.0,0.0,0.0,0.0,0.0,0.0,0.0,0.0,0.0,0.0,0.0,0.0,0.0
1800,0.0,0.0,0.0,0.0,0.0,0.0,0.0,0.0,0.0,0.0,0.0,0.0,0.0,0.0,0.0,0.0,0.0,0.0,0.0,0.0,0.0,0.0,0.0,0.0,0.0,0.0,0.0,0.0,0.0,0.0,0.0,0.0,0.0,0.0,0.0,0.0,0.0,0.0,0.0,0.0,0.0,0.0,0.0,0.0,0.0,0.0,0.0,0.0,0.0,0.0,0.0,0.0,0.0,0.0,0.0,0.0,0.0,0.0,0.0,0.0,0.0,0.0,0.0,0.0,0.0,0.0
1801,0.0,0.0,0.0,0.0,0.0,0.0,0.0,0.0,0.0,0.0,0.0,0.0,0.0,0.0,0.0,0.0,0.0,0.0,0.0,0.0,0.0,0.0,0.0,0.0,0.0,0.0,0.0,0.0,0.0,0.0,0.0,0.0,0.0,0.0,0.0,0.0,0.0,0.0,0.0,0.0,0.0,0.0,0.0,0.0,0.0,0.0,0.0,0.0,0.0,0.0,0.0,0.0,0.0,0.0,0.0,0.0,0.0,0.0,0.0,0.0,0.0,0.0,0.0,0.0,0.0,0.0
1802,0.0,0.0,0.0,0.0,0.0,0.0,0.0,0.0,0.0,0.0,0.0,0.0,0.0,0.0,0.0,0.0,0.0,0.0,0.0,0.0,0.0,0.0,0.0,0.0,0.0,0.0,0.0,0.0,0.0,0.0,0.0,0.0,0.0,0.0,0.0,0.0,0.0,0.0,0.0,0.0,0.0,0.0,0.0,0.0,0.0,0.0,0.0,0.0,0.0,0.0,0.0,0.0,0.0,0.0,0.0,0.0,0.0,0.0,0.0,0.0,0.0,0.0,0.0,0.0,0.0,0.0
1803,0.0,0.0,0.0,0.0,0.0,0.0,0.0,0.0,0.0,0.0,0.0,0.0,0.0,0.0,0.0,0.0,0.0,0.0,0.0,0.0,0.0,0.0,0.0,0.0,0.0,0.0,0.0,0.0,0.0,0.0,0.0,0.0,0.0,0.0,0.0,0.0,0.0,0.0,0.0,0.0,0.0,0.0,0.0,0.0,0.0,0.0,0.0,0.0,0.0,0.0,0.0,0.0,0.0,0.0,0.0,0.0,0.0,0.0,0.0,0.0,0.0,0.0,0.0,0.0,0.0,0.0
1804,0.0,0.0,0.0,0.0,0.0,0.0,0.0,0.0,0.0,0.0,0.0,0.0,0.0,0.0,0.0,0.0,0.0,0.0,0.0,0.0,0.0,0.0,0.0,0.0,0.0,0.0,0.0,0.0,0.0,0.0,0.0,0.0,0.0,0.0,0.0,0.0,0.0,0.0,0.0,0.0,0.0,0.0,0.0,0.0,0.0,0.0,0.0,0.0,0.0,0.0,0.0,0.0,0.0,0.0,0.0,0.0,0.0,0.0,0.0,0.0,0.0,0.0,0.0,0.0,0.0,0.0
1805,0.0,0.0,0.0,0.0,0.0,0.0,0.0,0.0,0.0,0.0,0.0,0.0,0.0,0.0,0.0,0.0,0.0,0.0,0.0,0.0,0.0,0.0,0.0,0.0,0.0,0.0,0.0,0.0,0.0,0.0,0.0,0.0,0.0,0.0,0.0,0.0,0.0,0.0,0.0,0.0,0.0,0.0,0.0,0.0,0.0,0.0,0.0,0.0,0.0,0.0,0.0,0.0,0.0,0.0,0.0,0.0,0.0,0.0,0.0,0.0,0.0,0.0,0.0,0.0,0.0,0.0
1806,0.0,0.0,0.22541,0.0,0.0,0.0,0.0,0.156060133,0.411698947,0.289050571,0.062888571,0.071351429,0.001015,0.52473,0.0,0.0,0.0,0.0,2.73e-6,0.0,0.0,0.102323393,0.0888725,0.213124375,0.0,0.0,0.0,0.0,0.0,0.0,0.0,0.0,0.0,0.0,0.0,0.0,0.09529,0.059764444,0.270758,0.151858,0.268456667,0.018363488,0.000348421,0.0,0.0,0.0,0.08523,0.0064,0.101696667,0.177865,0.0,0.0,0.0,0.0,0.000434444,3.25e-5,0.0,0.0,0.409983333,0.0,0.0,0.002056667,0.0,0.0,0.0,0.0
1807,0.0,0.0,0.48978125,0.0,0.0,0.0,0.312963333,0.616485333,0.710607368,0.616296286,0.220185,0.22461619,0.291965,0.71008,0.478849655,0.456408772,0.365113333,0.479316154,0.38472697,0.39885,0.316794857,0.579592679,0.473665313,0.5880325,0.364835,0.327496333,0.173098182,0.195560625,0.236448333,0.25655623,0.211204667,0.0744567,0.00124,0.156458636,0.134432745,0.131748644,0.287255,0.228008889,0.493238,0.372067,0.632153333,0.574917209,0.317171579,0.032923333,0.084491111,0.074990571,0.2734,0.59271,0.2344,0.461573333,0.0,0.0,0.0,0.0,0.680865556,0.651114127,0.01995,0.16111,0.668856667,0.221139643,0.07785619,0.043803333,0.450931333,0.384938182,0.3934464,0.393013333
1808,0.00035,0.0,0.67066,0.0206,0.036582857,0.070122,0.528803333,0.756399067,0.82736,0.765626,0.408615714,0.392372857,0.47645,0.75438,0.650766207,0.653137719,0.571066667,0.678936154,0.53384697,0.69114,0.507854857,0.728745357,0.589924375,0.770265625,0.533800833,0.4692515,0.335112727,0.29366875,0.419775556,0.461828197,0.374897556,0.2085422,0.3016,0.343975,0.308959412,0.317447627,0.57431,0.51381,0.700768,0.60028,0.808066667,0.760528605,0.522225789,0.124716667,0.247462222,0.179177429,0.43502,0.72919,0.4056,0.568264167,0.024834286,0.121086667,0.08696,0.354935714,0.870976667,0.855679206,0.75709,0.35474,0.793568333,0.360927143,0.189682857,0.132523333,0.574592667,0.616735455,0.6219556,0.602466667
1809,0.011136667,0.00175,0.71643375,0.05536,0.123544286,0.168646,0.596836667,0.827347733,0.835193684,0.804804857,0.627769286,0.525237619,0.526215,0.86174,0.722233103,0.773884912,0.710663333,0.76481,0.608405152,0.75547,0.605484857,0.815838571,0.689831563,0.833970625,0.617959167,0.5871225,0.456576364,0.40141125,0.572842778,0.566412459,0.607414222,0.3202216,0.38332,0.427186818,0.460033725,0.487828305,0.717898333,0.606604444,0.835536,0.705752,0.886038333,0.821494186,0.652396316,0.248766667,0.18557,0.215414,0.57386,0.75462,0.57742,0.644375833,0.121741429,0.287623333,0.182498684,0.543205714,0.948916667,0.94442619,0.83389,0.434808,0.874481667,0.392708929,0.221668571,0.20086,0.58951,0.728902273,0.6641988,0.718815
1810,0.048186667,0.01677,0.69079,0.112715,0.250492857,0.316698,0.733343333,0.845387467,0.863813158,0.834294,0.659845,0.501069524,0.53061,0.88165,0.80588,0.79886614,0.770006667,0.793805385,0.727243333,0.78554,0.64296,0.815945893,0.7091025,0.84644625,0.693955,0.672687333,0.63425,0.54526125,0.680218333,0.65767377,0.648006667,0.425159,0.47069,0.577750909,0.547965882,0.577613051,0.705388333,0.658691111,0.806202,0.652303,0.920395,0.85519186,0.705716316,0.35004,0.267927778,0.314032286,0.62044,0.77962,0.614696667,0.71196,0.197284286,0.49314,0.333666579,0.676115,0.978588889,0.97179,0.92619,0.594356,0.911015,0.478278214,0.31244619,0.299753333,0.592648667,0.776239545,0.71989,0.765805
1811,0.091166667,0.02447,0.7846625,0.196885,0.32195,0.370274,0.714416667,0.832839467,0.860525263,0.856322857,0.739429286,0.600990952,0.56205,0.84213,0.798105862,0.821256842,0.82967,0.768587692,0.717195152,0.83225,0.704492286,0.715158214,0.727882188,0.75666625,0.727631667,0.633097167,0.649948182,0.629774375,0.757293333,0.694601639,0.709100889,0.5236227,0.58499,0.620467273,0.636563529,0.64804322,0.865245,0.706844444,0.859032,0.709025,0.922496667,0.870422791,0.743354211,0.472793333,0.316165556,0.337419429,0.60218,0.81877,0.814346667,0.7178175,0.260185714,0.56022,0.395206579,0.746805,0.982395556,0.968573492,0.93518,0.596002,0.93195,0.525378571,0.345443333,0.39746,0.704709333,0.800075,0.766004,0.814428333
1812,0.128163333,0.05908,0.7391575,0.276285,0.29693,0.359806,0.72984,0.8003676,0.882106316,0.860883429,0.771018571,0.584218571,0.53991,0.89173,0.799542414,0.79249,0.82122,0.753425385,0.752483333,0.87255,0.749332857,0.765939464,0.717901563,0.7918575,0.697615833,0.636032,0.627261818,0.642321875,0.788157778,0.696191803,0.6919,0.5040087,0.67987,0.684876364,0.63571902,0.668694746,0.83634,0.696046667,0.871358,0.718347,0.911738333,0.845506512,0.739140526,0.54389,0.271162222,0.384358,0.52606,0.71961,0.797896667,0.7140125,0.368345714,0.649716667,0.380997895,0.701273571,0.97348,0.957868095,0.91049,0.5594,0.926131667,0.5501,0.405733333,0.385275,0.659683333,0.704943182,0.6781608,0.812025
1813,0.194106667,0.1271,0.73267375,0.36339,0.372362857,0.384718,0.645733333,0.778848,0.858667368,0.854185429,0.755335714,0.605362381,0.67089,0.80916,0.77441069,0.771714035,0.797513333,0.739909231,0.730538788,0.86164,0.706766286,0.74707875,0.734704063,0.744294375,0.616718333,0.6117975,0.604026364,0.64410875,0.776147222,0.663884098,0.743023333,0.5934037,0.5509,0.620832727,0.666481569,0.675367966,0.766996667,0.713266667,0.86216,0.682671,0.881088333,0.751236047,0.720124211,0.549986667,0.314136667,0.418280286,0.38046,0.75233,0.735603333,0.64288,0.38057,0.373176667,0.451163421,0.716684286,0.963573333,0.939324286,0.88905,0.583442,0.901273333,0.561260357,0.489184286,0.36954,0.665242667,0.700952273,0.7070492,0.746363333
1814,0.2682,0.26632,0.71127875,0.38015,0.321262857,0.31607,0.6251,0.749036533,0.765443684,0.799072857,0.714520714,0.566482381,0.7466,0.86297,0.694264828,0.674077193,0.65587,0.768244615,0.678305455,0.82221,0.726589714,0.684716786,0.584323438,0.7335625,0.637599167,0.666392667,0.644744545,0.63836125,0.715698333,0.597555246,0.634182444,0.5171274,0.5966,0.504839091,0.605634902,0.593101017,0.665115,0.666651111,0.834408,0.670334,0.852526667,0.654440698,0.718027368,0.505043333,0.228833333,0.407913714,0.2517,0.62747,0.661096667,0.558045,0.407234286,0.48262,0.494232105,0.687187143,0.951656667,0.924726349,0.84336,0.508542,0.895425,0.557328571,0.359147143,0.367878333,0.65331,0.661898182,0.695676,0.759075
1815,0.23914,0.33584,0.55342,0.37896,0.365712857,0.304162,0.624693333,0.689512933,0.663877368,0.727214857,0.665441429,0.439117619,0.60454,0.84514,0.642045862,0.672064035,0.696763333,0.700821538,0.62441303,0.68549,0.674054857,0.65764375,0.577915,0.653188125,0.479838333,0.602519167,0.463970909,0.558938125,0.666411667,0.586172623,0.645311778,0.5234823,0.43349,0.409298182,0.533057059,0.581062034,0.367823333,0.509017778,0.759866,0.515587,0.802895,0.59316,0.631628421,0.49668,0.241005556,0.387050286,0.21895,0.51575,0.395546667,0.420365,0.319834286,0.52134,0.415788421,0.639578571,0.951787778,0.923342222,0.82636,0.495762,0.847655,0.483837857,0.382412857,0.313231667,0.625178667,0.606038182,0.6440476,0.741185
1816,0.360903333,0.46751,0.45639375,0.39975,0.448315714,0.331462,0.679993333,0.656387333,0.589911579,0.562965714,0.519710714,0.329692857,0.372625,0.71042,0.597013103,0.583149649,0.55546,0.612844615,0.555915152,0.68036,0.574734857,0.569499286,0.413864688,0.5970875,0.5068275,0.6247255,0.609617273,0.570846875,0.631633889,0.579824426,0.599536667,0.4960486,0.41483,0.389812727,0.492849608,0.453641017,0.285305,0.237216667,0.613088,0.406751,0.591886667,0.477393953,0.530102105,0.603266667,0.19248,0.392799714,0.06376,0.17966,0.232056667,0.270295833,0.239762857,0.401476667,0.465096316,0.676726429,0.919014444,0.888191587,0.69509,0.412808,0.6585,0.497767857,0.435858571,0.383255,0.566718,0.460536818,0.5906764,0.652086667
1817,0.313686667,0.28271,0.2371,0.31751,0.430351429,0.201596,0.59165,0.5558884,0.472051579,0.487772,0.345145714,0.197832857,0.27783,0.51946,0.428709655,0.463114386,0.498246667,0.554562308,0.382897879,0.6091,0.461269714,0.439571786,0.31778125,0.50223875,0.496400833,0.547348667,0.591115455,0.551253125,0.386643333,0.491028361,0.530048222,0.4258957,0.1423,0.293883182,0.381943529,0.328404068,0.247885,0.103098889,0.424472,0.234313,0.329705,0.381004651,0.380070526,0.48629,0.125325556,0.387844571,0.04657,0.06674,0.181373333,0.11926,0.324558571,0.51106,0.362548947,0.602935,0.866248889,0.848690317,0.78877,0.40763,0.450731667,0.396195357,0.295599524,0.241356667,0.497411333,0.345653182,0.4561016,0.576248333
1818,0.23491,0.25388,0.0,0.268575,0.337392857,0.155074,0.31027,0.306336533,0.065461053,0.166680857,9.5e-5,0.0,0.0,0.33796,0.318772414,0.277579825,0.25991,0.306653846,0.235088182,0.36146,0.251677429,0.288676429,0.203724375,0.29832625,0.3972675,0.445917,0.499750909,0.45580125,0.245311667,0.374651639,0.331009556,0.3120945,0.05614,0.133622273,0.20229902,0.179849831,0.0,0.0,0.061472,0.0,8.83e-5,0.196872326,0.123742105,0.31711,0.089984444,0.345381143,0.02115,0.00493,0.0,0.0,0.296404286,0.27681,0.229289211,0.499945,0.732043333,0.721064127,0.67266,0.352972,0.0,0.237488929,0.314324762,0.197618333,0.289184667,0.173604091,0.2181748,0.241078333
1819,0.095666667,0.10441,0.0,0.043465,0.262737143,0.07733,0.0,0.0,0.0,0.0,0.0,0.0,0.0,0.0,0.017442759,1.75e-7,0.0,0.0,0.0,0.0,0.0,8.93e-7,0.0,0.0,0.178996667,0.256168333,0.300605455,0.31028,0.105122222,0.220205082,0.025790444,0.1687978,0.0,0.0,0.002629412,0.003949661,0.0,0.0,0.0,0.0,0.0,0.0,0.0,0.163816667,0.033266667,0.154808,0.0,0.0,0.0,0.0,0.157088571,0.133666667,0.088952632,0.246562857,0.409306667,0.441604603,0.00121,0.20909,0.0,0.041951429,5.1e-5,0.03643,0.0,0.0,0.0,0.0
1820,0.0,0.00145,0.0,0.0,0.0,0.0,0.0,0.0,0.0,0.0,0.0,0.0,0.0,0.0,0.0,0.0,0.0,0.0,0.0,0.0,0.0,0.0,0.0,0.0,0.0,0.0,0.0,0.0,0.0,0.0,0.0,0.0,0.0,0.0,0.0,0.0,0.0,0.0,0.0,0.0,0.0,0.0,0.0,0.0,0.0,0.0,0.0,0.0,0.0,0.0,0.0,0.0,0.0,0.0,0.0,0.0,0.0,0.0,0.0,0.0,0.0,0.0,0.0,0.0,0.0,0.0
1821,0.0,0.0,0.0,0.0,0.0,0.0,0.0,0.0,0.0,0.0,0.0,0.0,0.0,0.0,0.0,0.0,0.0,0.0,0.0,0.0,0.0,0.0,0.0,0.0,0.0,0.0,0.0,0.0,0.0,0.0,0.0,0.0,0.0,0.0,0.0,0.0,0.0,0.0,0.0,0.0,0.0,0.0,0.0,0.0,0.0,0.0,0.0,0.0,0.0,0.0,0.0,0.0,0.0,0.0,0.0,0.0,0.0,0.0,0.0,0.0,0.0,0.0,0.0,0.0,0.0,0.0
1822,0.0,0.0,0.0,0.0,0.0,0.0,0.0,0.0,0.0,0.0,0.0,0.0,0.0,0.0,0.0,0.0,0.0,0.0,0.0,0.0,0.0,0.0,0.0,0.0,0.0,0.0,0.0,0.0,0.0,0.0,0.0,0.0,0.0,0.0,0.0,0.0,0.0,0.0,0.0,0.0,0.0,0.0,0.0,0.0,0.0,0.0,0.0,0.0,0.0,0.0,0.0,0.0,0.0,0.0,0.0,0.0,0.0,0.0,0.0,0.0,0.0,0.0,0.0,0.0,0.0,0.0
1823,0.0,0.0,0.0,0.0,0.0,0.0,0.0,0.0,0.0,0.0,0.0,0.0,0.0,0.0,0.0,0.0,0.0,0.0,0.0,0.0,0.0,0.0,0.0,0.0,0.0,0.0,0.0,0.0,0.0,0.0,0.0,0.0,0.0,0.0,0.0,0.0,0.0,0.0,0.0,0.0,0.0,0.0,0.0,0.0,0.0,0.0,0.0,0.0,0.0,0.0,0.0,0.0,0.0,0.0,0.0,0.0,0.0,0.0,0.0,0.0,0.0,0.0,0.0,0.0,0.0,0.0
1824,0.0,0.0,0.0,0.0,0.0,0.0,0.0,0.0,0.0,0.0,0.0,0.0,0.0,0.0,0.0,0.0,0.0,0.0,0.0,0.0,0.0,0.0,0.0,0.0,0.0,0.0,0.0,0.0,0.0,0.0,0.0,0.0,0.0,0.0,0.0,0.0,0.0,0.0,0.0,0.0,0.0,0.0,0.0,0.0,0.0,0.0,0.0,0.0,0.0,0.0,0.0,0.0,0.0,0.0,0.0,0.0,0.0,0.0,0.0,0.0,0.0,0.0,0.0,0.0,0.0,0.0
1825,0.0,0.0,0.0,0.0,0.0,0.0,0.0,0.0,0.0,0.0,0.0,0.0,0.0,0.0,0.0,0.0,0.0,0.0,0.0,0.0,0.0,0.0,0.0,0.0,0.0,0.0,0.0,0.0,0.0,0.0,0.0,0.0,0.0,0.0,0.0,0.0,0.0,0.0,0.0,0.0,0.0,0.0,0.0,0.0,0.0,0.0,0.0,0.0,0.0,0.0,0.0,0.0,0.0,0.0,0.0,0.0,0.0,0.0,0.0,0.0,0.0,0.0,0.0,0.0,0.0,0.0
1826,0.0,0.0,0.0,0.0,0.0,0.0,0.0,0.0,0.0,0.0,0.0,0.0,0.0,0.0,0.0,0.0,0.0,0.0,0.0,0.0,0.0,0.0,0.0,0.0,0.0,0.0,0.0,0.0,0.0,0.0,0.0,0.0,0.0,0.0,0.0,0.0,0.0,0.0,0.0,0.0,0.0,0.0,0.0,0.0,0.0,0.0,0.0,0.0,0.0,0.0,0.0,0.0,0.0,0.0,0.0,0.0,0.0,0.0,0.0,0.0,0.0,0.0,0.0,0.0,0.0,0.0
1827,0.0,0.0,0.0,0.0,0.0,0.0,0.0,0.0,0.0,0.0,0.0,0.0,0.0,0.0,0.0,0.0,0.0,0.0,0.0,0.0,0.0,0.0,0.0,0.0,0.0,0.0,0.0,0.0,0.0,0.0,0.0,0.0,0.0,0.0,0.0,0.0,0.0,0.0,0.0,0.0,0.0,0.0,0.0,0.0,0.0,0.0,0.0,0.0,0.0,0.0,0.0,0.0,0.0,0.0,0.0,0.0,0.0,0.0,0.0,0.0,0.0,0.0,0.0,0.0,0.0,0.0
1828,0.0,0.0,0.0,0.0,0.0,0.0,0.0,0.0,0.0,0.0,0.0,0.0,0.0,0.0,0.0,0.0,0.0,0.0,0.0,0.0,0.0,0.0,0.0,0.0,0.0,0.0,0.0,0.0,0.0,0.0,0.0,0.0,0.0,0.0,0.0,0.0,0.0,0.0,0.0,0.0,0.0,0.0,0.0,0.0,0.0,0.0,0.0,0.0,0.0,0.0,0.0,0.0,0.0,0.0,0.0,0.0,0.0,0.0,0.0,0.0,0.0,0.0,0.0,0.0,0.0,0.0
1829,0.0,0.0,0.0,0.0,0.0,0.0,0.0,0.0,0.0,0.0,0.0,0.0,0.0,0.0,0.0,0.0,0.0,0.0,0.0,0.0,0.0,0.0,0.0,0.0,0.0,0.0,0.0,0.0,0.0,0.0,0.0,0.0,0.0,0.0,0.0,0.0,0.0,0.0,0.0,0.0,0.0,0.0,0.0,0.0,0.0,0.0,0.0,0.0,0.0,0.0,0.0,0.0,0.0,0.0,0.0,0.0,0.0,0.0,0.0,0.0,0.0,0.0,0.0,0.0,0.0,0.0
1830,0.0,0.0,0.30512375,0.0,0.0,0.0,0.0,0.1474272,0.393315263,0.209645429,0.249650714,0.206160476,0.001285,0.17648,0.0,0.0,0.0,0.0,0.0,0.0,0.0,0.076155357,0.052750938,0.191684375,0.0,0.0,0.0,0.0,0.0,0.0,0.0,0.0,0.0,0.0,0.0,0.0,0.362486667,0.185571111,0.438612,0.284125,0.299628333,0.031029535,0.000123158,0.0,0.0,0.0,0.23461,0.00218,0.2958,0.384355,0.0,0.0,0.0,0.0,0.000331111,4.33e-5,0.0,0.0,0.424508333,0.0,0.00017381,0.044391667,0.0,0.0,0.0,0.0
1831,0.0,0.0,0.42482375,0.0,0.0,0.0,0.263633333,0.628394533,0.610369474,0.497497429,0.65559,0.580301429,0.53267,0.28611,0.357467931,0.333505263,0.22429,0.462380769,0.490692424,0.48558,0.382600571,0.478654643,0.251321875,0.54214125,0.45186,0.450295,0.399493636,0.40593875,0.196137778,0.235474754,0.239232,0.097671,0.00123,0.319185909,0.158893333,0.181618305,0.643946667,0.438977778,0.692854,0.450428,0.686268333,0.589266744,0.600341053,0.477036667,0.273781111,0.361121429,0.44517,0.02113,0.672663333,0.596469167,0.0,0.0,0.0,0.0,0.66483,0.623129206,0.027,0.357286,0.642996667,0.504011429,0.427651905,0.361461667,0.467423333,0.352750455,0.4209064,0.41137
1832,0.076833333,0.05696,0.642095,0.137665,0.027362857,0.207552,0.523333333,0.777092933,0.734686316,0.602335143,0.8069,0.757753333,0.724075,0.40664,0.47394931,0.607717719,0.559886667,0.637502308,0.658394848,0.7106,0.624125143,0.641755714,0.496875,0.66412125,0.638385,0.6510745,0.575494545,0.6227025,0.344003333,0.457137705,0.480185111,0.3428776,0.38812,0.487523636,0.338832745,0.409575593,0.721443333,0.472796667,0.803188,0.5452,0.795785,0.769416047,0.767324211,0.625976667,0.557301111,0.623643714,0.52661,0.11521,0.73118,0.668891667,0.098777143,0.10826,0.160113947,0.291040714,0.860623333,0.825112063,0.60555,0.722894,0.71438,0.581697857,0.584224762,0.483331667,0.658314,0.560217273,0.6375964,0.650228333
1833,0.2462,0.34774,0.64634625,0.211805,0.082697143,0.453788,0.631626667,0.8539924,0.783646842,0.687326286,0.863833571,0.775477619,0.763425,0.60534,0.644048966,0.74282193,0.613193333,0.753443846,0.762384242,0.79932,0.693557714,0.761203214,0.604727188,0.7993375,0.7122225,0.736169833,0.717758182,0.66646875,0.540092778,0.62362082,0.610301333,0.5263666,0.48477,0.579196818,0.472758431,0.460984915,0.75867,0.585357778,0.84612,0.593851,0.883025,0.852408837,0.838055789,0.740606667,0.585263333,0.711072,0.57423,0.20691,0.75648,0.650375,0.242652857,0.314463333,0.370448947,0.527971429,0.943282222,0.910879365,0.80934,0.86122,0.615663333,0.683399643,0.654318571,0.506075,0.763524667,0.688078182,0.7177596,0.709693333
1834,0.57087,0.55762,0.65152125,0.42733,0.150551429,0.53319,0.699343333,0.8918452,0.818183684,0.787441429,0.890832143,0.766787619,0.81703,0.82547,0.713496207,0.798945789,0.681206667,0.808060769,0.836039697,0.84027,0.771200857,0.790478214,0.578891563,0.8367025,0.708475,0.750456667,0.75754,0.692456875,0.648348889,0.752597049,0.719309556,0.5977581,0.50134,0.678378182,0.576263725,0.631118475,0.822781667,0.575957778,0.895188,0.683767,0.924535,0.886688372,0.868973158,0.763543333,0.555914444,0.780013429,0.60942,0.25878,0.75676,0.619725,0.399094286,0.483183333,0.421794211,0.640509286,0.966638889,0.937098571,0.91941,0.911984,0.627498333,0.619529286,0.682705238,0.559238333,0.855470667,0.791124091,0.7724548,0.810758333
1835,0.572903333,0.7748,0.6503825,0.438965,0.211935714,0.454522,0.68782,0.895485067,0.783551053,0.778616286,0.903992857,0.737201429,0.81124,0.76195,0.800833793,0.822852632,0.713553333,0.754837692,0.842388485,0.77325,0.773556857,0.826201429,0.67340625,0.8576225,0.68397,0.769021167,0.797453636,0.722340625,0.718351111,0.827182787,0.711167111,0.7016877,0.47244,0.711155,0.618342157,0.644478475,0.80103,0.624262222,0.897048,0.6821,0.924801667,0.887638372,0.876378421,0.836523333,0.516534444,0.742266857,0.57546,0.4594,0.734226667,0.626394167,0.369177143,0.58459,0.489395263,0.694505,0.959796667,0.926225238,0.95913,0.909158,0.638528333,0.7034425,0.673506667,0.518596667,0.870413333,0.812534545,0.7891948,0.782231667
1836,0.53482,0.63961,0.6900225,0.51603,0.304067143,0.421386,0.699646667,0.8638536,0.794738421,0.785326571,0.89184,0.743107619,0.83015,0.7557,0.791046207,0.81665614,0.79714,0.773983077,0.830515455,0.83978,0.789448,0.794531786,0.674348125,0.82004875,0.7646925,0.716788833,0.744454545,0.717615625,0.783245,0.84031082,0.773289111,0.7281209,0.48169,0.700880455,0.649504706,0.674927458,0.810365,0.627061111,0.909202,0.685092,0.915341667,0.869403721,0.862552632,0.658723333,0.535557778,0.719077714,0.51776,0.40818,0.772473333,0.656185,0.42487,0.270316667,0.519081316,0.612774286,0.945674444,0.814353333,0.94685,0.741574,0.602421667,0.775503571,0.671130952,0.56231,0.833722667,0.784526364,0.6605248,0.776576667
1837,0.51327,0.62655,0.6429175,0.41489,0.323862857,0.405138,0.73683,0.826620933,0.774562632,0.791403429,0.869626429,0.766267619,0.80786,0.72677,0.766798621,0.771872456,0.809686667,0.772463077,0.802089697,0.81759,0.763052286,0.754702857,0.672616563,0.781375625,0.792933333,0.687275167,0.778930909,0.717646875,0.740019444,0.798736393,0.739888667,0.676419,0.54033,0.724644091,0.624503725,0.67578661,0.777875,0.598146667,0.894722,0.617922,0.898738333,0.815854651,0.847232105,0.572043333,0.502445556,0.728677143,0.58234,0.49107,0.725313333,0.652998333,0.611701429,0.47999,0.441575,0.632918571,0.925634444,0.817299524,0.91099,0.752714,0.68974,0.780035357,0.632743333,0.575593333,0.775652,0.70608,0.738082,0.706326667
1838,0.561346667,0.67356,0.77572625,0.439645,0.380805714,0.52951,0.619586667,0.799555467,0.730195789,0.772401143,0.845182143,0.743299524,0.7978,0.6398,0.721189655,0.743374912,0.75065,0.724417692,0.721225758,0.81913,0.72694,0.731971786,0.62966625,0.757804375,0.723719167,0.702746833,0.767034545,0.751356875,0.677660556,0.710140984,0.710294667,0.6120347,0.45624,0.669650455,0.604695686,0.635483051,0.677643333,0.511491111,0.841658,0.633986,0.839435,0.764960233,0.805210526,0.736133333,0.558588889,0.719959714,0.68218,0.43564,0.616823333,0.625278333,0.626942857,0.487603333,0.560799474,0.650804286,0.845624444,0.775634921,0.84366,0.796348,0.702235,0.724473571,0.616799524,0.670356667,0.749033333,0.677209545,0.6831956,0.64373
1839,0.54721,0.66062,0.69478625,0.34494,0.428861429,0.451542,0.707183333,0.7506568,0.674911053,0.713318571,0.810117143,0.729119048,0.7633,0.58721,0.728178621,0.681687193,0.76272,0.688429231,0.703245455,0.77779,0.689162857,0.666004286,0.581332188,0.679741875,0.698179167,0.646345833,0.69481,0.66481375,0.727806667,0.688656885,0.683399778,0.6138135,0.35515,0.630336364,0.566035882,0.565672034,0.638476667,0.482605556,0.758424,0.551538,0.823115,0.717607907,0.776006316,0.731126667,0.514841111,0.657419714,0.67426,0.5133,0.564683333,0.647289167,0.575858571,0.320176667,0.453116053,0.581203571,0.830138889,0.769888889,0.86886,0.68583,0.674928333,0.744055357,0.668034762,0.724183333,0.61223,0.607074545,0.622672,0.591081667
1840,0.50794,0.76086,0.52018625,0.48129,0.464612857,0.274394,0.567316667,0.672264667,0.587205789,0.618192857,0.685270714,0.660021429,0.731445,0.3163,0.65098931,0.620418246,0.689073333,0.635866154,0.409843939,0.5511,0.562700286,0.533587321,0.538346875,0.5668725,0.683849167,0.6561405,0.668252727,0.696065625,0.609955556,0.62528541,0.527267111,0.4779024,0.18439,0.476732727,0.374336275,0.452672373,0.4426,0.49244,0.559982,0.485211,0.627488333,0.568004884,0.643671579,0.749063333,0.421721111,0.669722857,0.22212,0.36321,0.374663333,0.5532525,0.648825714,0.27042,0.436504474,0.565584286,0.818584444,0.748011111,0.79233,0.733414,0.404146667,0.655163929,0.612114762,0.601956667,0.585108,0.556545455,0.5475996,0.623036667
1841,0.447613333,0.62381,0.36317375,0.54694,0.411647143,0.223904,0.472996667,0.512184,0.426963684,0.482357429,0.48601,0.481387143,0.56056,0.14739,0.522834828,0.53334193,0.63069,0.492769231,0.291455455,0.52839,0.499592286,0.425773393,0.463000938,0.424051875,0.59838,0.590144833,0.6326,0.657495,0.530195,0.504161967,0.428169556,0.3894965,0.08982,0.341186364,0.245263725,0.302614068,0.234051667,0.256548889,0.33845,0.365474,0.320696667,0.467875349,0.484,0.699253333,0.485545556,0.608095714,0.22571,0.22042,0.219483333,0.4360125,0.576087143,0.228753333,0.312895526,0.479942143,0.803147778,0.726344127,0.73904,0.672568,0.41149,0.595558929,0.525321429,0.550385,0.404648,0.449250455,0.4467624,0.484176667
1842,0.407476667,0.58647,0.0,0.3202,0.305961429,0.166024,0.287356667,0.3004376,0.055139474,0.171866857,4.79e-5,0.0,0.0,0.03835,0.357198621,0.285190175,0.447626667,0.277798462,0.194777576,0.35648,0.296626571,0.250212679,0.237400938,0.23492875,0.399790833,0.4251015,0.458474545,0.5117675,0.446103889,0.351797213,0.230935778,0.249665,0.02273,0.189285,0.113046667,0.152404915,0.0,0.0,0.080122,0.0,0.000273333,0.246603953,0.121832632,0.405116667,0.362858889,0.409782286,0.29232,0.10276,0.0,0.0,0.423162857,0.08385,0.180305263,0.407497857,0.67066,0.621884762,0.60877,0.462336,0.0,0.441414643,0.397157143,0.390791667,0.317770667,0.295853182,0.2614608,0.21662
1843,0.491826667,0.35553,0.0,0.163405,0.152582857,0.035344,0.0,0.0,0.0,0.0,0.0,0.0,0.0,0.0,0.041181379,0.0,0.0,0.0,0.0,0.0,0.0,2.86e-6,0.0,0.0,0.127846667,0.280596833,0.310761818,0.368301875,0.124496111,0.173082623,0.023904667,0.0938959,0.0,0.0,0.000372549,0.009525085,0.0,0.0,0.0,0.0,0.0,0.0,0.0,0.277393333,0.114221111,0.203581714,0.0,0.0,0.0,0.0,0.235207143,0.04201,0.067882895,0.19832,0.385893333,0.400286508,0.00154,0.268832,0.0,0.047777143,2.38e-6,0.046836667,0.0,0.0,0.0,0.0
1844,0.0,0.00019,0.0,0.0,0.0,0.0,0.0,0.0,0.0,0.0,0.0,0.0,0.0,0.0,0.0,0.0,0.0,0.0,0.0,0.0,0.0,0.0,0.0,0.0,0.0,0.0,0.0,0.0,0.0,0.0,0.0,0.0,0.0,0.0,0.0,0.0,0.0,0.0,0.0,0.0,0.0,0.0,0.0,0.0,0.0,0.0,0.0,0.0,0.0,0.0,0.0,0.0,0.0,0.0,0.0,0.0,0.0,0.0,0.0,0.0,0.0,0.0,0.0,0.0,0.0,0.0
1845,0.0,0.0,0.0,0.0,0.0,0.0,0.0,0.0,0.0,0.0,0.0,0.0,0.0,0.0,0.0,0.0,0.0,0.0,0.0,0.0,0.0,0.0,0.0,0.0,0.0,0.0,0.0,0.0,0.0,0.0,0.0,0.0,0.0,0.0,0.0,0.0,0.0,0.0,0.0,0.0,0.0,0.0,0.0,0.0,0.0,0.0,0.0,0.0,0.0,0.0,0.0,0.0,0.0,0.0,0.0,0.0,0.0,0.0,0.0,0.0,0.0,0.0,0.0,0.0,0.0,0.0
1846,0.0,0.0,0.0,0.0,0.0,0.0,0.0,0.0,0.0,0.0,0.0,0.0,0.0,0.0,0.0,0.0,0.0,0.0,0.0,0.0,0.0,0.0,0.0,0.0,0.0,0.0,0.0,0.0,0.0,0.0,0.0,0.0,0.0,0.0,0.0,0.0,0.0,0.0,0.0,0.0,0.0,0.0,0.0,0.0,0.0,0.0,0.0,0.0,0.0,0.0,0.0,0.0,0.0,0.0,0.0,0.0,0.0,0.0,0.0,0.0,0.0,0.0,0.0,0.0,0.0,0.0
1847,0.0,0.0,0.0,0.0,0.0,0.0,0.0,0.0,0.0,0.0,0.0,0.0,0.0,0.0,0.0,0.0,0.0,0.0,0.0,0.0,0.0,0.0,0.0,0.0,0.0,0.0,0.0,0.0,0.0,0.0,0.0,0.0,0.0,0.0,0.0,0.0,0.0,0.0,0.0,0.0,0.0,0.0,0.0,0.0,0.0,0.0,0.0,0.0,0.0,0.0,0.0,0.0,0.0,0.0,0.0,0.0,0.0,0.0,0.0,0.0,0.0,0.0,0.0,0.0,0.0,0.0
1848,0.0,0.0,0.0,0.0,0.0,0.0,0.0,0.0,0.0,0.0,0.0,0.0,0.0,0.0,0.0,0.0,0.0,0.0,0.0,0.0,0.0,0.0,0.0,0.0,0.0,0.0,0.0,0.0,0.0,0.0,0.0,0.0,0.0,0.0,0.0,0.0,0.0,0.0,0.0,0.0,0.0,0.0,0.0,0.0,0.0,0.0,0.0,0.0,0.0,0.0,0.0,0.0,0.0,0.0,0.0,0.0,0.0,0.0,0.0,0.0,0.0,0.0,0.0,0.0,0.0,0.0
1849,0.0,0.0,0.0,0.0,0.0,0.0,0.0,0.0,0.0,0.0,0.0,0.0,0.0,0.0,0.0,0.0,0.0,0.0,0.0,0.0,0.0,0.0,0.0,0.0,0.0,0.0,0.0,0.0,0.0,0.0,0.0,0.0,0.0,0.0,0.0,0.0,0.0,0.0,0.0,0.0,0.0,0.0,0.0,0.0,0.0,0.0,0.0,0.0,0.0,0.0,0.0,0.0,0.0,0.0,0.0,0.0,0.0,0.0,0.0,0.0,0.0,0.0,0.0,0.0,0.0,0.0
1850,0.0,0.0,0.0,0.0,0.0,0.0,0.0,0.0,0.0,0.0,0.0,0.0,0.0,0.0,0.0,0.0,0.0,0.0,0.0,0.0,0.0,0.0,0.0,0.0,0.0,0.0,0.0,0.0,0.0,0.0,0.0,0.0,0.0,0.0,0.0,0.0,0.0,0.0,0.0,0.0,0.0,0.0,0.0,0.0,0.0,0.0,0.0,0.0,0.0,0.0,0.0,0.0,0.0,0.0,0.0,0.0,0.0,0.0,0.0,0.0,0.0,0.0,0.0,0.0,0.0,0.0
1851,0.0,0.0,0.0,0.0,0.0,0.0,0.0,0.0,0.0,0.0,0.0,0.0,0.0,0.0,0.0,0.0,0.0,0.0,0.0,0.0,0.0,0.0,0.0,0.0,0.0,0.0,0.0,0.0,0.0,0.0,0.0,0.0,0.0,0.0,0.0,0.0,0.0,0.0,0.0,0.0,0.0,0.0,0.0,0.0,0.0,0.0,0.0,0.0,0.0,0.0,0.0,0.0,0.0,0.0,0.0,0.0,0.0,0.0,0.0,0.0,0.0,0.0,0.0,0.0,0.0,0.0
1852,0.0,0.0,0.0,0.0,0.0,0.0,0.0,0.0,0.0,0.0,0.0,0.0,0.0,0.0,0.0,0.0,0.0,0.0,0.0,0.0,0.0,0.0,0.0,0.0,0.0,0.0,0.0,0.0,0.0,0.0,0.0,0.0,0.0,0.0,0.0,0.0,0.0,0.0,0.0,0.0,0.0,0.0,0.0,0.0,0.0,0.0,0.0,0.0,0.0,0.0,0.0,0.0,0.0,0.0,0.0,0.0,0.0,0.0,0.0,0.0,0.0,0.0,0.0,0.0,0.0,0.0
1853,0.0,0.0,0.0,0.0,0.0,0.0,0.0,0.0,0.0,0.0,0.0,0.0,0.0,0.0,0.0,0.0,0.0,0.0,0.0,0.0,0.0,0.0,0.0,0.0,0.0,0.0,0.0,0.0,0.0,0.0,0.0,0.0,0.0,0.0,0.0,0.0,0.0,0.0,0.0,0.0,0.0,0.0,0.0,0.0,0.0,0.0,0.0,0.0,0.0,0.0,0.0,0.0,0.0,0.0,0.0,0.0,0.0,0.0,0.0,0.0,0.0,0.0,0.0,0.0,0.0,0.0
1854,0.0,0.0,0.26299625,0.0,0.0,0.0,0.0,0.043333333,0.263058421,0.219758571,0.094015714,0.091205714,0.0,0.37331,0.0,0.0,0.0,0.0,0.0,0.0,0.0,0.013169107,0.009122813,0.141355625,0.0,0.0,0.0,0.0,0.0,0.0,0.0,0.0,0.0,0.0,0.0,0.0,0.28694,0.368126667,0.260248,0.37221,0.224751667,4.79e-5,0.0,0.0,0.0,0.0,0.31505,0.00456,0.2534,0.380305833,0.0,0.0,0.0,0.0,0.033568889,2.3e-5,0.0,0.0,0.416421667,0.0,0.000157143,0.001551667,0.0,0.0,0.0,0.0
1855,0.0,0.0,0.55540625,0.0,0.0,0.0,0.387866667,0.4485352,0.487172105,0.540252857,0.583263571,0.442905714,0.42628,0.66566,0.08714931,0.079217895,0.13167,0.461810769,0.381153333,0.29718,0.272503714,0.178550536,0.142505,0.27229875,0.222023333,0.180069167,0.140146364,0.15122125,0.093573889,0.091179836,0.229746889,0.0363649,0.00053,0.360691364,0.198991961,0.146426102,0.627181667,0.587265556,0.649448,0.643776,0.658116667,0.504104651,0.463281053,0.181816667,0.140511111,0.115003714,0.37242,0.65803,0.621726667,0.604489167,0.0,0.0,0.0,0.0,0.201513333,0.181830794,0.02617,0.060876,0.608033333,0.094243214,0.061256667,0.121873333,0.132814,0.163191818,0.2592072,0.223036667
1856,0.348043333,0.15111,0.7399725,0.44144,0.33307,0.340368,0.535926667,0.628314267,0.732632632,0.745603429,0.76438,0.685369048,0.67431,0.78488,0.193185172,0.160217193,0.254063333,0.681133846,0.583720606,0.16374,0.483390286,0.210604464,0.203148125,0.445910625,0.395950833,0.3012945,0.260194545,0.243703125,0.205962222,0.191458361,0.401644,0.2394728,0.481,0.567432273,0.453153922,0.46376,0.803001667,0.744488889,0.821744,0.812319,0.79991,0.708500233,0.597088421,0.243626667,0.174193333,0.280613714,0.52574,0.70904,0.774996667,0.691209167,0.200955714,0.33193,0.270625263,0.375138571,0.367826667,0.354696825,0.51868,0.30641,0.740758333,0.213779286,0.129278095,0.2221,0.252154667,0.263041364,0.500954,0.369851667
1857,0.371676667,0.30976,0.773835,0.674495,0.574248571,0.576512,0.669963333,0.699158,0.831286316,0.840682571,0.821947143,0.77178619,0.75414,0.91937,0.312609655,0.272954912,0.407163333,0.76336,0.699700303,0.34512,0.591929429,0.354787143,0.328849375,0.69650125,0.5588075,0.392207833,0.375014545,0.310004375,0.381090556,0.337400164,0.549277111,0.4374609,0.46254,0.672201364,0.610056471,0.595904407,0.871346667,0.822486667,0.88856,0.860533,0.871793333,0.798336744,0.650824211,0.18557,0.204525556,0.446022857,0.66348,0.77302,0.85158,0.794268333,0.446527143,0.535793333,0.477805526,0.505637857,0.34263,0.471135238,0.56148,0.564432,0.821118333,0.298165,0.236331429,0.287375,0.521536667,0.414541364,0.5972156,0.438906667
1858,0.461923333,0.48734,0.78698,0.741575,0.688434286,0.676576,0.752393333,0.761485733,0.886559474,0.873057714,0.822570714,0.806997143,0.79415,0.95849,0.452590345,0.289331404,0.43394,0.785752308,0.753475455,0.67136,0.690545143,0.45134125,0.438814688,0.817624375,0.560458333,0.421358833,0.444641818,0.362115625,0.493387778,0.407734918,0.607448222,0.5501393,0.71325,0.744323636,0.712096667,0.652052712,0.893443333,0.877234444,0.90766,0.856965,0.900315,0.83761093,0.704144737,0.40409,0.287237778,0.567643429,0.68789,0.78094,0.88693,0.851139167,0.676475714,0.618843333,0.635507105,0.618105,0.470984444,0.573552063,0.56014,0.646106,0.881111667,0.368575357,0.339200476,0.372033333,0.661112667,0.498711818,0.6948672,0.510535
1859,0.638793333,0.69476,0.84073875,0.786415,0.745072857,0.739264,0.709543333,0.793057867,0.900535263,0.879830286,0.760618571,0.764964762,0.75233,0.92728,0.55508069,0.414367193,0.42494,0.800459231,0.662957273,0.74608,0.683590857,0.546072321,0.497266563,0.8348875,0.512746667,0.398217167,0.385083636,0.37486125,0.539299444,0.41355377,0.622638222,0.6015582,0.75942,0.726967727,0.738669608,0.673239153,0.898351667,0.863236667,0.913136,0.883892,0.887158333,0.81696907,0.691082632,0.407636667,0.453091111,0.635576,0.85511,0.74448,0.891446667,0.865970833,0.698477143,0.782716667,0.685794474,0.651186429,0.523227778,0.65695381,0.76232,0.762234,0.91259,0.364686071,0.373153333,0.42664,0.701728667,0.594067727,0.7215684,0.636726667
1860,0.834773333,0.71903,0.8596075,0.771395,0.756995714,0.695246,0.729616667,0.765955333,0.894275263,0.870104286,0.691873571,0.774941429,0.656865,0.86981,0.560092759,0.531543509,0.47681,0.681223846,0.675527879,0.72559,0.665211143,0.5863425,0.536601875,0.795733125,0.394498333,0.400052667,0.402177273,0.390865625,0.588478889,0.419559508,0.646890222,0.6012623,0.75118,0.744194545,0.671504118,0.668402712,0.892513333,0.876173333,0.907596,0.890982,0.890123333,0.74272,0.656771053,0.578816667,0.496168889,0.631213429,0.85333,0.74019,0.883173333,0.860560833,0.70019,0.803706667,0.715711842,0.655755,0.536037778,0.622414603,0.695,0.737492,0.899175,0.365118214,0.38157,0.483733333,0.644502667,0.597050455,0.7056768,0.675861667
1861,0.565886667,0.61841,0.8655325,0.723055,0.716638571,0.622548,0.704613333,0.742896667,0.892546842,0.862498286,0.581138571,0.687104286,0.599415,0.86403,0.60318931,0.514493509,0.55375,0.69647,0.604305455,0.59594,0.594026286,0.581058214,0.55445625,0.75522625,0.513009167,0.457421167,0.38584,0.325914375,0.574763889,0.486426885,0.623595111,0.5811361,0.77294,0.694786364,0.665100392,0.670125085,0.878035,0.858082222,0.895414,0.881698,0.848156667,0.676705581,0.618490526,0.471046667,0.476483333,0.544970571,0.82734,0.69422,0.868616667,0.865645833,0.774544286,0.797463333,0.755372632,0.681062143,0.500386667,0.638327937,0.63569,0.629458,0.894151667,0.335225357,0.398464286,0.546801667,0.631819333,0.567523182,0.674588,0.679636667
1862,0.600763333,0.55565,0.8748375,0.720815,0.701081429,0.687374,0.711933333,0.716081733,0.878783158,0.859898571,0.542873571,0.566385714,0.420505,0.82096,0.567087241,0.534946491,0.605636667,0.676193846,0.564585758,0.62308,0.589842286,0.596830893,0.588959375,0.740281875,0.524560833,0.4403165,0.316734545,0.326551875,0.540012778,0.482220164,0.634823333,0.5533321,0.65022,0.633966364,0.639312157,0.665144407,0.857555,0.866654444,0.84652,0.871314,0.834258333,0.653336744,0.618162105,0.53667,0.534487778,0.575237429,0.87206,0.69434,0.823916667,0.76446,0.736558571,0.75882,0.712711579,0.591358571,0.557093333,0.61467873,0.75269,0.643274,0.880391667,0.325134643,0.426459048,0.428025,0.607916,0.600417273,0.6690524,0.703408333
1863,0.33116,0.46549,0.85617375,0.60382,0.639122857,0.675264,0.66692,0.673562133,0.856343158,0.823887143,0.553933571,0.583710476,0.496735,0.62271,0.546917241,0.519525965,0.62122,0.644416154,0.589035152,0.58023,0.588249714,0.575189464,0.562948125,0.678469375,0.474464167,0.471915667,0.359307273,0.42162875,0.456719444,0.429719836,0.612548222,0.5292454,0.69576,0.605378182,0.596790392,0.647507966,0.816553333,0.792836667,0.815112,0.846786,0.803886667,0.658005581,0.630767368,0.501363333,0.619355556,0.604833143,0.84044,0.72064,0.76033,0.706951667,0.737834286,0.82166,0.732271579,0.619106429,0.471087778,0.648358413,0.7745,0.647438,0.845746667,0.287482143,0.379559524,0.388918333,0.57697,0.560115909,0.6063732,0.664168333
1864,0.600753333,0.53414,0.7351075,0.69403,0.631674286,0.690846,0.655783333,0.613011867,0.786842105,0.766131429,0.592162857,0.510900952,0.493695,0.69312,0.519146897,0.624606491,0.693853333,0.639134615,0.563966364,0.6608,0.583453143,0.548377143,0.455190313,0.56037375,0.382764167,0.346894833,0.255037273,0.354138125,0.487041667,0.33355918,0.617422889,0.4981602,0.56394,0.512838636,0.581931176,0.61151661,0.746656667,0.698141111,0.737116,0.736885,0.691091667,0.585242093,0.611717895,0.33225,0.601244444,0.548916286,0.6226,0.68005,0.66053,0.5482975,0.686718571,0.72629,0.661473421,0.508442143,0.369328889,0.581487619,0.54513,0.636518,0.781563333,0.286967143,0.340005714,0.298766667,0.54884,0.558871364,0.6027656,0.656798333
1865,0.560233333,0.41934,0.51223125,0.6532,0.542451429,0.633032,0.539206667,0.4966052,0.661869474,0.655432,0.432064286,0.36348381,0.49336,0.40022,0.353340345,0.404895789,0.481676667,0.463881538,0.45411303,0.52211,0.474234286,0.413132143,0.371449688,0.43692,0.2347425,0.2234455,0.126276364,0.24274625,0.371086667,0.296843934,0.454975778,0.4241014,0.31831,0.390844545,0.476287843,0.497608305,0.583413333,0.506198889,0.60139,0.51623,0.565345,0.496056512,0.475926842,0.241623333,0.364333333,0.464766,0.40561,0.50323,0.488463333,0.430876667,0.558554286,0.49973,0.574274474,0.444872143,0.418721111,0.583223016,0.55878,0.603496,0.61937,0.13716,0.202711429,0.18793,0.432372667,0.463075909,0.4888604,0.577786667
1866,0.362033333,0.33107,0.0002225,0.541505,0.450155714,0.520908,0.398306667,0.284082133,0.364415263,0.374654857,0.201069286,0.033322857,0.00037,0.20259,0.206698276,0.242752807,0.23689,0.279400769,0.282330303,0.35229,0.302857714,0.272746607,0.181477188,0.26835375,0.067105,0.1217615,0.064206364,0.151465,0.26861,0.228481967,0.246134222,0.3032011,0.36508,0.315607727,0.336267843,0.352708814,9.83e-5,0.0,0.240266,0.04155,0.318741667,0.328590698,0.293915263,0.12936,0.258672222,0.260275429,0.14125,0.17509,0.0,0.0,0.474275714,0.356463333,0.466142105,0.440873571,0.368897778,0.483192857,0.29019,0.345958,0.196988333,0.059857857,0.077564286,0.11442,0.158673333,0.286366364,0.24026,0.379941667
1867,0.276983333,0.24061,0.0,0.328945,0.308958571,0.370218,0.0,0.0,0.0,0.0,0.0,0.0,0.0,0.0,0.054217241,0.022437895,0.059516667,0.0,0.0,0.0,0.0,0.005382679,0.000984375,0.0,0.0219525,0.048408333,0.035220909,0.06649625,0.113778889,0.130583279,0.041366,0.1815032,0.00027,0.0,0.027415098,0.048592034,0.0,0.0,0.0,0.0,0.0,0.0,0.0,0.04986,0.096906667,0.103979429,0.0,0.0,0.0,0.0,0.380674286,0.321706667,0.327663158,0.237922143,0.269864444,0.357283333,0.10662,0.177944,0.0,0.016286786,0.023032857,0.014371667,0.0,7.45e-5,0.0,0.0
1868,0.12748,0.1656,0.0,0.0,0.0,0.0,0.0,0.0,0.0,0.0,0.0,0.0,0.0,0.0,0.0,0.0,0.0,0.0,0.0,0.0,0.0,0.0,0.0,0.0,0.0,0.0,0.0,0.0,0.0,0.0,0.0,0.0,0.0,0.0,0.0,0.0,0.0,0.0,0.0,0.0,0.0,0.0,0.0,0.0,0.0,0.0,0.0,0.0,0.0,0.0,0.0,0.0,0.0,0.0,0.0,0.0,0.0,0.0,0.0,0.0,0.0,0.0,0.0,0.0,0.0,0.0
1869,0.0,0.0,0.0,0.0,0.0,0.0,0.0,0.0,0.0,0.0,0.0,0.0,0.0,0.0,0.0,0.0,0.0,0.0,0.0,0.0,0.0,0.0,0.0,0.0,0.0,0.0,0.0,0.0,0.0,0.0,0.0,0.0,0.0,0.0,0.0,0.0,0.0,0.0,0.0,0.0,0.0,0.0,0.0,0.0,0.0,0.0,0.0,0.0,0.0,0.0,0.0,0.0,0.0,0.0,0.0,0.0,0.0,0.0,0.0,0.0,0.0,0.0,0.0,0.0,0.0,0.0
1870,0.0,0.0,0.0,0.0,0.0,0.0,0.0,0.0,0.0,0.0,0.0,0.0,0.0,0.0,0.0,0.0,0.0,0.0,0.0,0.0,0.0,0.0,0.0,0.0,0.0,0.0,0.0,0.0,0.0,0.0,0.0,0.0,0.0,0.0,0.0,0.0,0.0,0.0,0.0,0.0,0.0,0.0,0.0,0.0,0.0,0.0,0.0,0.0,0.0,0.0,0.0,0.0,0.0,0.0,0.0,0.0,0.0,0.0,0.0,0.0,0.0,0.0,0.0,0.0,0.0,0.0
1871,0.0,0.0,0.0,0.0,0.0,0.0,0.0,0.0,0.0,0.0,0.0,0.0,0.0,0.0,0.0,0.0,0.0,0.0,0.0,0.0,0.0,0.0,0.0,0.0,0.0,0.0,0.0,0.0,0.0,0.0,0.0,0.0,0.0,0.0,0.0,0.0,0.0,0.0,0.0,0.0,0.0,0.0,0.0,0.0,0.0,0.0,0.0,0.0,0.0,0.0,0.0,0.0,0.0,0.0,0.0,0.0,0.0,0.0,0.0,0.0,0.0,0.0,0.0,0.0,0.0,0.0
1872,0.0,0.0,0.0,0.0,0.0,0.0,0.0,0.0,0.0,0.0,0.0,0.0,0.0,0.0,0.0,0.0,0.0,0.0,0.0,0.0,0.0,0.0,0.0,0.0,0.0,0.0,0.0,0.0,0.0,0.0,0.0,0.0,0.0,0.0,0.0,0.0,0.0,0.0,0.0,0.0,0.0,0.0,0.0,0.0,0.0,0.0,0.0,0.0,0.0,0.0,0.0,0.0,0.0,0.0,0.0,0.0,0.0,0.0,0.0,0.0,0.0,0.0,0.0,0.0,0.0,0.0
1873,0.0,0.0,0.0,0.0,0.0,0.0,0.0,0.0,0.0,0.0,0.0,0.0,0.0,0.0,0.0,0.0,0.0,0.0,0.0,0.0,0.0,0.0,0.0,0.0,0.0,0.0,0.0,0.0,0.0,0.0,0.0,0.0,0.0,0.0,0.0,0.0,0.0,0.0,0.0,0.0,0.0,0.0,0.0,0.0,0.0,0.0,0.0,0.0,0.0,0.0,0.0,0.0,0.0,0.0,0.0,0.0,0.0,0.0,0.0,0.0,0.0,0.0,0.0,0.0,0.0,0.0
1874,0.0,0.0,0.0,0.0,0.0,0.0,0.0,0.0,0.0,0.0,0.0,0.0,0.0,0.0,0.0,0.0,0.0,0.0,0.0,0.0,0.0,0.0,0.0,0.0,0.0,0.0,0.0,0.0,0.0,0.0,0.0,0.0,0.0,0.0,0.0,0.0,0.0,0.0,0.0,0.0,0.0,0.0,0.0,0.0,0.0,0.0,0.0,0.0,0.0,0.0,0.0,0.0,0.0,0.0,0.0,0.0,0.0,0.0,0.0,0.0,0.0,0.0,0.0,0.0,0.0,0.0
1875,0.0,0.0,0.0,0.0,0.0,0.0,0.0,0.0,0.0,0.0,0.0,0.0,0.0,0.0,0.0,0.0,0.0,0.0,0.0,0.0,0.0,0.0,0.0,0.0,0.0,0.0,0.0,0.0,0.0,0.0,0.0,0.0,0.0,0.0,0.0,0.0,0.0,0.0,0.0,0.0,0.0,0.0,0.0,0.0,0.0,0.0,0.0,0.0,0.0,0.0,0.0,0.0,0.0,0.0,0.0,0.0,0.0,0.0,0.0,0.0,0.0,0.0,0.0,0.0,0.0,0.0
1876,0.0,0.0,0.0,0.0,0.0,0.0,0.0,0.0,0.0,0.0,0.0,0.0,0.0,0.0,0.0,0.0,0.0,0.0,0.0,0.0,0.0,0.0,0.0,0.0,0.0,0.0,0.0,0.0,0.0,0.0,0.0,0.0,0.0,0.0,0.0,0.0,0.0,0.0,0.0,0.0,0.0,0.0,0.0,0.0,0.0,0.0,0.0,0.0,0.0,0.0,0.0,0.0,0.0,0.0,0.0,0.0,0.0,0.0,0.0,0.0,0.0,0.0,0.0,0.0,0.0,0.0
1877,0.0,0.0,0.0,0.0,0.0,0.0,0.0,0.0,0.0,0.0,0.0,0.0,0.0,0.0,0.0,0.0,0.0,0.0,0.0,0.0,0.0,0.0,0.0,0.0,0.0,0.0,0.0,0.0,0.0,0.0,0.0,0.0,0.0,0.0,0.0,0.0,0.0,0.0,0.0,0.0,0.0,0.0,0.0,0.0,0.0,0.0,0.0,0.0,0.0,0.0,0.0,0.0,0.0,0.0,0.0,0.0,0.0,0.0,0.0,0.0,0.0,0.0,0.0,0.0,0.0,0.0
1878,0.0,0.0,0.25878375,0.0,0.0,0.0,0.0,0.040523333,0.329346316,0.236563143,0.089789286,0.068174762,0.0,0.29684,0.0,0.0,0.0,0.0,0.0,0.0,0.0,0.001974643,0.004207813,0.1263925,0.0,0.0,0.0,0.0,0.0,0.0,0.0,0.0,0.0,0.0,0.0,0.0,0.213323333,0.253247778,0.255464,0.276376,0.212841667,2.77e-5,0.0,0.0,0.0,0.0,0.00637,0.00234,0.197823333,0.290849167,0.0,0.0,0.0,0.0,0.011712222,6.03e-5,0.0,0.0,0.394853333,0.0,0.0,0.00022,0.0,0.0,0.0,0.0
1879,0.0,0.0,0.59635625,0.0,0.0,0.0,0.360103333,0.433875867,0.581242632,0.598873429,0.394372143,0.377893333,0.434185,0.49973,0.13357931,0.114467018,0.237863333,0.446581538,0.318661515,0.25073,0.257347143,0.169413036,0.110144375,0.274169375,0.078434167,0.161023667,0.199090909,0.18276625,0.113063889,0.098502951,0.275734,0.0277149,9.0e-5,0.389958636,0.182975882,0.170455424,0.497726667,0.504922222,0.672086,0.589751,0.610308333,0.510983256,0.432042632,0.209733333,0.091982222,0.292035714,0.08646,0.09036,0.419613333,0.518860833,0.0,0.0,0.0,0.0,0.170311111,0.380978413,0.01962,0.247168,0.619036667,0.017036071,0.017308571,0.023686667,0.264622667,0.387449091,0.2547728,0.175071667
1880,0.364746667,0.4387,0.7585125,0.187755,0.216871429,0.488972,0.52282,0.613838267,0.738158421,0.775078571,0.600322143,0.529547619,0.60001,0.80679,0.238284138,0.279305439,0.355843333,0.651159231,0.475330606,0.37692,0.397754857,0.333371429,0.203850938,0.583565,0.189806667,0.309009333,0.290282727,0.286785,0.247136667,0.240946721,0.452760444,0.3224145,0.50952,0.578279091,0.498679804,0.444581017,0.69697,0.602431111,0.81851,0.719065,0.807928333,0.681419535,0.587456316,0.422256667,0.193703333,0.490505143,0.25857,0.3023,0.617853333,0.64982,0.479,0.2461,0.389742895,0.425592857,0.329358889,0.556525397,0.4405,0.496902,0.705985,0.0782675,0.053584762,0.079905,0.527484,0.601829091,0.4255764,0.204958333
1881,0.591563333,0.64059,0.79237125,0.30921,0.393001429,0.604274,0.61938,0.725725867,0.852810526,0.842872286,0.639745714,0.649275238,0.64089,0.79408,0.33273069,0.397917018,0.52319,0.710573846,0.499217879,0.29704,0.454415143,0.417607143,0.255760625,0.66238375,0.274826667,0.364233667,0.436164545,0.376321875,0.411418333,0.428056557,0.604722444,0.5318466,0.72665,0.665144545,0.668172941,0.542312712,0.815856667,0.777626667,0.890166,0.832065,0.886495,0.745196977,0.585023684,0.467873333,0.274302222,0.577300286,0.24551,0.51566,0.72211,0.737216667,0.641572857,0.412523333,0.615543421,0.582457143,0.367454444,0.606924444,0.41273,0.423306,0.788735,0.138033214,0.128068095,0.199428333,0.684996667,0.718060455,0.5880124,0.311581667
1882,0.7324,0.72831,0.84520375,0.472065,0.549491429,0.686996,0.674523333,0.734113467,0.890937895,0.874271143,0.716926429,0.754685238,0.76286,0.80292,0.353653448,0.513568596,0.66118,0.717529231,0.590384545,0.42793,0.547100857,0.525881071,0.410151875,0.729428125,0.351848333,0.454966833,0.54461,0.497055625,0.432400556,0.506758197,0.682016444,0.6352396,0.75937,0.724031818,0.719911765,0.602715932,0.872103333,0.795906667,0.907652,0.891352,0.89544,0.769586744,0.628741579,0.611243333,0.331786667,0.574241714,0.29961,0.56603,0.80338,0.7387875,0.692832857,0.53857,0.702298684,0.659147857,0.519564444,0.694545873,0.52738,0.49226,0.89033,0.205069643,0.144814762,0.249165,0.702844,0.775692727,0.6016652,0.37548
1883,0.800123333,0.79268,0.88222125,0.527845,0.531138571,0.701976,0.6198,0.7500476,0.897235263,0.877198857,0.728920714,0.723812857,0.7508,0.80648,0.434537931,0.593505263,0.730316667,0.647845385,0.622957273,0.38238,0.618364286,0.562715179,0.42586375,0.714364375,0.416150833,0.484777667,0.562797273,0.48055875,0.482937778,0.613258852,0.706892,0.6771655,0.84303,0.751498182,0.716426863,0.653337797,0.893011667,0.843046667,0.903256,0.87331,0.894213333,0.683242093,0.668663684,0.43956,0.400442222,0.487823714,0.27991,0.48474,0.829903333,0.7725825,0.761492857,0.597826667,0.745055789,0.711778571,0.536928889,0.733456508,0.51036,0.468478,0.902201667,0.2586025,0.245360952,0.24021,0.759409333,0.786010455,0.6935724,0.472963333
1884,0.808473333,0.80221,0.8966875,0.648545,0.576092857,0.649764,0.719906667,0.743645067,0.893992105,0.855544571,0.676378571,0.701395714,0.693875,0.63787,0.437312069,0.59449,0.76632,0.671093077,0.560364545,0.49141,0.599001429,0.522737321,0.46413125,0.6446425,0.456164167,0.540820167,0.597607273,0.588155625,0.495133333,0.629745082,0.705928667,0.6691821,0.77912,0.756648636,0.687069412,0.660537627,0.884301667,0.856033333,0.871638,0.876296,0.800108333,0.697469767,0.5963,0.49542,0.510025556,0.626063429,0.34136,0.57745,0.839926667,0.750773333,0.704544286,0.681606667,0.751785263,0.690358571,0.567383333,0.763758095,0.61131,0.56476,0.891025,0.335807143,0.266892381,0.322431667,0.713388667,0.719409545,0.70859,0.609585
1885,0.812853333,0.82958,0.883485,0.74699,0.610955714,0.650382,0.679086667,0.732231333,0.877137368,0.809312286,0.531612857,0.643642381,0.565845,0.74758,0.475771034,0.581136491,0.711716667,0.693597692,0.528809697,0.55112,0.596059429,0.546159286,0.389454063,0.61024,0.428756667,0.57099,0.648878182,0.543545625,0.46677,0.652584426,0.704213333,0.6136664,0.85133,0.683535,0.666625098,0.678269661,0.854083333,0.846267778,0.83095,0.844177,0.783761667,0.688394651,0.584654737,0.690906667,0.643611111,0.639765429,0.18128,0.432,0.8092,0.729661667,0.659465714,0.640026667,0.724067632,0.686332143,0.583005556,0.754184603,0.61873,0.596626,0.88221,0.362041786,0.334635238,0.286341667,0.720390667,0.713483182,0.710814,0.67643
1886,0.80253,0.82196,0.86777625,0.697215,0.556171429,0.663878,0.660953333,0.675700133,0.842384737,0.757275714,0.526473571,0.619202857,0.524705,0.63015,0.447595862,0.510445789,0.628433333,0.686973077,0.516641818,0.49211,0.545892286,0.498003393,0.407540313,0.52360625,0.3682875,0.536100333,0.568376364,0.521031875,0.479945,0.583970656,0.618482889,0.6038696,0.81018,0.551836364,0.638572157,0.631904237,0.826498333,0.77827,0.806768,0.781569,0.761938333,0.710014884,0.636944737,0.647536667,0.571322222,0.681598,0.09059,0.32291,0.81779,0.6697,0.587002857,0.564676667,0.583526579,0.626420714,0.623496667,0.77734746,0.57961,0.518808,0.866163333,0.346038571,0.28666,0.247736667,0.625648667,0.683800909,0.6767332,0.700455
1887,0.778916667,0.82349,0.77876,0.643165,0.494888571,0.589824,0.57418,0.608945733,0.799412105,0.686435429,0.552022857,0.588940476,0.523795,0.54323,0.345807586,0.468032807,0.663886667,0.657188462,0.575512424,0.71053,0.599259143,0.449773571,0.474927813,0.430155,0.394045,0.569964,0.602634545,0.59162375,0.4879,0.591508197,0.627745111,0.5780363,0.66932,0.546502273,0.563447843,0.599505763,0.74153,0.613497778,0.755542,0.707239,0.753268333,0.708469767,0.641143158,0.64799,0.562228889,0.645195429,0.10079,0.16332,0.708603333,0.55665,0.686494286,0.46805,0.648478947,0.548657143,0.548062222,0.778181111,0.66289,0.514872,0.788913333,0.316584286,0.222488571,0.272013333,0.548208,0.60582,0.5457932,0.573898333
1888,0.681223333,0.8169,0.5772225,0.67479,0.516847143,0.627762,0.42187,0.540904267,0.692325263,0.582824286,0.469312143,0.473868095,0.544405,0.135,0.314217931,0.40805193,0.65546,0.625605385,0.486894545,0.52425,0.477116571,0.449098393,0.394878125,0.37242125,0.4805375,0.596960333,0.546953636,0.60351875,0.570346667,0.553676721,0.531989556,0.5516805,0.655,0.447918182,0.577242157,0.57027678,0.594543333,0.496376667,0.633032,0.44441,0.666311667,0.592905581,0.514354211,0.692396667,0.53692,0.612110571,0.03272,0.10336,0.58262,0.483330833,0.582437143,0.500503333,0.623830263,0.599446429,0.451411111,0.767535079,0.46331,0.376568,0.675188333,0.371605357,0.235997143,0.379131667,0.453424667,0.546994545,0.5749396,0.57763
1889,0.60707,0.69483,0.49334875,0.629025,0.318445714,0.622648,0.429686667,0.422866267,0.54074,0.469447714,0.377905,0.43672381,0.4504,0.06769,0.239993793,0.290306842,0.483843333,0.421539231,0.420379394,0.51525,0.381126,0.308138571,0.233182188,0.2846175,0.401085,0.552080333,0.534806364,0.554341875,0.502583889,0.473752131,0.445734667,0.4578536,0.67028,0.379480455,0.484599608,0.514610169,0.42004,0.338364444,0.478576,0.363763,0.55661,0.47575907,0.46141,0.62712,0.415504444,0.53887,0.02967,0.09465,0.413956667,0.408758333,0.46242,0.532203333,0.451881316,0.557462857,0.452944444,0.725507143,0.45782,0.43684,0.594135,0.30498,0.25968,0.339633333,0.345256667,0.385019091,0.4560568,0.442528333
1890,0.38286,0.48559,0.03922625,0.456165,0.241404286,0.385576,0.33569,0.196403067,0.297736842,0.238956,0.219360714,0.040740476,0.000695,0.03365,0.133825172,0.160722807,0.297386667,0.217472308,0.28401303,0.34921,0.256670286,0.165150893,0.131628438,0.092259375,0.291855833,0.4172035,0.379496364,0.44219625,0.287166667,0.302318361,0.273019556,0.3451122,0.48721,0.256869091,0.264658235,0.314985593,0.000126667,0.0,0.206654,0.029532,0.264013333,0.300292558,0.281421053,0.405953333,0.271874444,0.42238,0.00537,0.00368,0.0,0.0,0.380214286,0.424993333,0.384939474,0.449081429,0.362647778,0.65720873,0.22939,0.33404,0.284961667,0.218275714,0.225147619,0.280665,0.12986,0.150033182,0.188804,0.282691667
1891,0.290843333,0.24037,0.0,0.205435,0.106522857,0.342524,0.0,0.0,0.0,0.0,0.0,0.0,0.0,0.0,0.036005517,0.01719807,0.102783333,0.0,0.0,0.0,0.0,0.013458929,0.003365313,0.0,0.157685,0.282186,0.312931818,0.341106875,0.127080556,0.162055246,0.088702889,0.1827961,7.0e-5,0.0,0.02068902,0.037509153,0.0,0.0,0.0,0.0,0.0,0.0,0.0,0.33469,0.149694444,0.243055714,0.0,0.0,0.0,0.0,0.213422857,0.343823333,0.232418947,0.270101429,0.199548889,0.456373651,0.11876,0.184938,0.0,0.113415,0.092102857,0.13631,0.0,4.09e-5,0.0,0.0
1892,0.222673333,0.16248,0.0,0.0,0.0,0.0,0.0,0.0,0.0,0.0,0.0,0.0,0.0,0.0,0.0,0.0,0.0,0.0,0.0,0.0,0.0,0.0,0.0,0.0,0.0,0.0,0.0,0.0,0.0,0.0,0.0,0.0,0.0,0.0,0.0,0.0,0.0,0.0,0.0,0.0,0.0,0.0,0.0,0.0,0.0,0.0,0.0,0.0,0.0,0.0,0.0,0.0,0.0,0.0,0.0,1.27e-6,0.0,0.0,0.0,0.0,0.0,0.0,0.0,0.0,0.0,0.0
1893,0.0,0.0,0.0,0.0,0.0,0.0,0.0,0.0,0.0,0.0,0.0,0.0,0.0,0.0,0.0,0.0,0.0,0.0,0.0,0.0,0.0,0.0,0.0,0.0,0.0,0.0,0.0,0.0,0.0,0.0,0.0,0.0,0.0,0.0,0.0,0.0,0.0,0.0,0.0,0.0,0.0,0.0,0.0,0.0,0.0,0.0,0.0,0.0,0.0,0.0,0.0,0.0,0.0,0.0,0.0,0.0,0.0,0.0,0.0,0.0,0.0,0.0,0.0,0.0,0.0,0.0
1894,0.0,0.0,0.0,0.0,0.0,0.0,0.0,0.0,0.0,0.0,0.0,0.0,0.0,0.0,0.0,0.0,0.0,0.0,0.0,0.0,0.0,0.0,0.0,0.0,0.0,0.0,0.0,0.0,0.0,0.0,0.0,0.0,0.0,0.0,0.0,0.0,0.0,0.0,0.0,0.0,0.0,0.0,0.0,0.0,0.0,0.0,0.0,0.0,0.0,0.0,0.0,0.0,0.0,0.0,0.0,0.0,0.0,0.0,0.0,0.0,0.0,0.0,0.0,0.0,0.0,0.0
1895,0.0,0.0,0.0,0.0,0.0,0.0,0.0,0.0,0.0,0.0,0.0,0.0,0.0,0.0,0.0,0.0,0.0,0.0,0.0,0.0,0.0,0.0,0.0,0.0,0.0,0.0,0.0,0.0,0.0,0.0,0.0,0.0,0.0,0.0,0.0,0.0,0.0,0.0,0.0,0.0,0.0,0.0,0.0,0.0,0.0,0.0,0.0,0.0,0.0,0.0,0.0,0.0,0.0,0.0,0.0,0.0,0.0,0.0,0.0,0.0,0.0,0.0,0.0,0.0,0.0,0.0
1896,0.0,0.0,0.0,0.0,0.0,0.0,0.0,0.0,0.0,0.0,0.0,0.0,0.0,0.0,0.0,0.0,0.0,0.0,0.0,0.0,0.0,0.0,0.0,0.0,0.0,0.0,0.0,0.0,0.0,0.0,0.0,0.0,0.0,0.0,0.0,0.0,0.0,0.0,0.0,0.0,0.0,0.0,0.0,0.0,0.0,0.0,0.0,0.0,0.0,0.0,0.0,0.0,0.0,0.0,0.0,0.0,0.0,0.0,0.0,0.0,0.0,0.0,0.0,0.0,0.0,0.0
1897,0.0,0.0,0.0,0.0,0.0,0.0,0.0,0.0,0.0,0.0,0.0,0.0,0.0,0.0,0.0,0.0,0.0,0.0,0.0,0.0,0.0,0.0,0.0,0.0,0.0,0.0,0.0,0.0,0.0,0.0,0.0,0.0,0.0,0.0,0.0,0.0,0.0,0.0,0.0,0.0,0.0,0.0,0.0,0.0,0.0,0.0,0.0,0.0,0.0,0.0,0.0,0.0,0.0,0.0,0.0,0.0,0.0,0.0,0.0,0.0,0.0,0.0,0.0,0.0,0.0,0.0
1898,0.0,0.0,0.0,0.0,0.0,0.0,0.0,0.0,0.0,0.0,0.0,0.0,0.0,0.0,0.0,0.0,0.0,0.0,0.0,0.0,0.0,0.0,0.0,0.0,0.0,0.0,0.0,0.0,0.0,0.0,0.0,0.0,0.0,0.0,0.0,0.0,0.0,0.0,0.0,0.0,0.0,0.0,0.0,0.0,0.0,0.0,0.0,0.0,0.0,0.0,0.0,0.0,0.0,0.0,0.0,0.0,0.0,0.0,0.0,0.0,0.0,0.0,0.0,0.0,0.0,0.0
1899,0.0,0.0,0.0,0.0,0.0,0.0,0.0,0.0,0.0,0.0,0.0,0.0,0.0,0.0,0.0,0.0,0.0,0.0,0.0,0.0,0.0,0.0,0.0,0.0,0.0,0.0,0.0,0.0,0.0,0.0,0.0,0.0,0.0,0.0,0.0,0.0,0.0,0.0,0.0,0.0,0.0,0.0,0.0,0.0,0.0,0.0,0.0,0.0,0.0,0.0,0.0,0.0,0.0,0.0,0.0,0.0,0.0,0.0,0.0,0.0,0.0,0.0,0.0,0.0,0.0,0.0
1900,0.0,0.0,0.0,0.0,0.0,0.0,0.0,0.0,0.0,0.0,0.0,0.0,0.0,0.0,0.0,0.0,0.0,0.0,0.0,0.0,0.0,0.0,0.0,0.0,0.0,0.0,0.0,0.0,0.0,0.0,0.0,0.0,0.0,0.0,0.0,0.0,0.0,0.0,0.0,0.0,0.0,0.0,0.0,0.0,0.0,0.0,0.0,0.0,0.0,0.0,0.0,0.0,0.0,0.0,0.0,0.0,0.0,0.0,0.0,0.0,0.0,0.0,0.0,0.0,0.0,0.0
1901,0.0,0.0,0.0,0.0,0.0,0.0,0.0,0.0,0.0,0.0,0.0,0.0,0.0,0.0,0.0,0.0,0.0,0.0,0.0,0.0,0.0,0.0,0.0,0.0,0.0,0.0,0.0,0.0,0.0,0.0,0.0,0.0,0.0,0.0,0.0,0.0,0.0,0.0,0.0,0.0,0.0,0.0,0.0,0.0,0.0,0.0,0.0,0.0,0.0,0.0,0.0,0.0,0.0,0.0,0.0,0.0,0.0,0.0,0.0,0.0,0.0,0.0,0.0,0.0,0.0,0.0
1902,0.0,0.0,0.3190375,0.0,0.0,0.0,0.0,0.035606667,0.311476842,0.182458,0.079175714,0.027736667,0.0,0.0,0.0,0.0,0.0,0.0,0.0,0.0,0.0,0.000134107,0.009565625,0.0661025,0.0,0.0,0.0,0.0,0.0,0.0,0.0,0.0,0.0,0.0,0.0,0.0,0.1838,0.259176667,0.213242,0.325233,0.125356667,2.37e-5,0.0,0.0,0.0,0.0,0.05172,1.0e-5,0.168543333,0.282259167,0.0,0.0,0.0,0.0,0.022438889,7.73e-5,0.0,0.0,0.428305,0.0,7.95e-5,0.003286667,0.0,0.0,0.0,0.0
1903,0.0,0.0,0.65969,0.0,0.0,0.0,0.278103333,0.425407867,0.520074211,0.496991143,0.460685714,0.415924286,0.43965,0.01236,0.134338966,0.043271754,0.031433333,0.358993077,0.382765152,0.25032,0.333300571,0.081570893,0.113975313,0.159986875,0.363214167,0.402802,0.321480909,0.346736875,0.095582778,0.053167705,0.16062,0.0331982,0.0,0.350161364,0.247066078,0.205263051,0.369275,0.423911111,0.515702,0.587088,0.59825,0.501723256,0.52719,0.45308,0.355713333,0.271708286,0.1485,0.04218,0.406716667,0.468168333,0.0,0.0,0.0,0.0,0.535154444,0.589927302,0.02302,0.253982,0.681595,0.505659643,0.48639381,0.358013333,0.269174,0.263265455,0.3374716,0.335111667
1904,0.226243333,0.12865,0.8278625,0.153755,0.270352857,0.158166,0.382986667,0.5285576,0.636182632,0.623469429,0.547891429,0.582605238,0.59365,0.03703,0.25015,0.119524211,0.132973333,0.477110769,0.580028788,0.33969,0.512307143,0.173231786,0.211294375,0.321375625,0.51643,0.556290667,0.471448182,0.48193625,0.185036667,0.103791475,0.287127111,0.3617776,0.35351,0.510078182,0.453765686,0.438423051,0.665766667,0.66281,0.69375,0.760984,0.76755,0.622125349,0.705108947,0.485273333,0.525217778,0.53308,0.4503,0.09364,0.637186667,0.555658333,0.271508571,0.22479,0.394469211,0.373405714,0.650251111,0.783581905,0.47236,0.551782,0.81112,0.671380714,0.651887143,0.529533333,0.423034,0.387558636,0.4919152,0.455751667
1905,0.38626,0.3127,0.87006875,0.338845,0.354087143,0.107344,0.51058,0.663368533,0.689962632,0.736743143,0.628645,0.686899048,0.719485,0.12104,0.393572414,0.177355789,0.215726667,0.661973846,0.69317697,0.47355,0.622613429,0.27472,0.242677813,0.433500625,0.5557325,0.638116667,0.572261818,0.60533625,0.267390556,0.184528197,0.433410444,0.5409228,0.50202,0.568188636,0.604889804,0.583314068,0.763415,0.704274444,0.805226,0.829697,0.848115,0.696390698,0.783451579,0.69905,0.637671111,0.666550857,0.58036,0.09899,0.73924,0.686395,0.496658571,0.511423333,0.597628684,0.558339286,0.806454444,0.88857381,0.66657,0.578362,0.866118333,0.747899643,0.643669524,0.54784,0.519556,0.485147727,0.6191072,0.65874
1906,0.51518,0.5981,0.8729625,0.461605,0.463104286,0.112168,0.538716667,0.738469867,0.737354737,0.806112286,0.66276,0.70852381,0.795725,0.09608,0.409734483,0.22455,0.259626667,0.732517692,0.785506667,0.53214,0.678206,0.326043214,0.259905313,0.456661875,0.656843333,0.696977,0.599664545,0.699595625,0.328376667,0.272434754,0.494013333,0.6358754,0.63508,0.661251818,0.669782549,0.643427119,0.790095,0.75571,0.86785,0.882459,0.874036667,0.686743023,0.827521053,0.696376667,0.695113333,0.755643143,0.63241,0.18712,0.710013333,0.646809167,0.628402857,0.70213,0.719377368,0.631102143,0.833628889,0.925594127,0.67261,0.65965,0.88513,0.820114286,0.663971905,0.549678333,0.497522667,0.471088182,0.6583204,0.80622
1907,0.690213333,0.68694,0.86471,0.524785,0.532868571,0.251856,0.602413333,0.739549867,0.764192105,0.786985714,0.676102143,0.652884286,0.816585,0.12162,0.487144138,0.226218772,0.225073333,0.605512308,0.783452727,0.62787,0.658439714,0.411169464,0.292668438,0.47448375,0.5281075,0.654151,0.643665455,0.7136625,0.306715556,0.340892623,0.517245333,0.6767716,0.73305,0.697519091,0.695900196,0.708593729,0.783483333,0.694033333,0.837746,0.879535,0.865411667,0.644020698,0.831403158,0.76996,0.767511111,0.730573714,0.52135,0.14229,0.627816667,0.642315833,0.652202857,0.800883333,0.711696842,0.713891429,0.828863333,0.914424921,0.69811,0.745084,0.89376,0.780743214,0.680514286,0.58937,0.574055333,0.568955909,0.634652,0.759355
1908,0.778246667,0.81182,0.8276225,0.69661,0.568817143,0.288094,0.713816667,0.6461728,0.804498947,0.755592,0.630656429,0.603517143,0.785285,0.08721,0.47185931,0.293488246,0.285553333,0.639782308,0.78904,0.64064,0.678952286,0.4202775,0.375359688,0.30291375,0.562025833,0.639767667,0.650048182,0.6878775,0.389205556,0.451924426,0.529579111,0.672553,0.7744,0.726787727,0.611175294,0.712544237,0.714803333,0.724964444,0.83009,0.858275,0.841021667,0.678202093,0.824805263,0.65472,0.782018889,0.756889714,0.43792,0.10166,0.56024,0.616334167,0.722237143,0.68485,0.749764737,0.721232143,0.801181111,0.804260952,0.7676,0.711428,0.813668333,0.790147143,0.65243619,0.613775,0.565342667,0.557777727,0.5414316,0.709455
1909,0.6785,0.76953,0.8178475,0.576215,0.516974286,0.5212,0.73882,0.571756933,0.781257368,0.637899714,0.552164286,0.569568095,0.79026,0.12684,0.49613931,0.327880351,0.31314,0.574381538,0.762422424,0.64379,0.672049143,0.392734821,0.309145313,0.320718125,0.656543333,0.680133167,0.684285455,0.73657875,0.435095556,0.450597869,0.459855111,0.6007904,0.66914,0.726345,0.584766863,0.681672542,0.679223333,0.658894444,0.776792,0.769487,0.790616667,0.668086744,0.779004211,0.722946667,0.757374444,0.678479429,0.26977,0.105,0.55275,0.621978333,0.695122857,0.738463333,0.800013158,0.692077857,0.720014444,0.763107619,0.62908,0.626472,0.797445,0.777563214,0.650486667,0.575891667,0.585448,0.508037273,0.5323076,0.680266667
1910,0.592713333,0.64304,0.79972875,0.52799,0.535422857,0.629698,0.60109,0.559193467,0.779795263,0.62607,0.528087143,0.605612381,0.74129,0.09378,0.493548276,0.360493333,0.260616667,0.622566154,0.750035152,0.51033,0.648985714,0.399062321,0.359481563,0.262845625,0.6065,0.613903833,0.644050909,0.670955625,0.475616111,0.457562951,0.416614222,0.5718324,0.65084,0.709084091,0.555421176,0.653993559,0.651838333,0.516933333,0.763806,0.666694,0.821578333,0.66212814,0.733655789,0.650283333,0.638985556,0.580651143,0.26363,0.10235,0.50655,0.625380833,0.61927,0.708103333,0.705268158,0.640195,0.689276667,0.760416984,0.46167,0.687608,0.79326,0.751041071,0.619429524,0.494208333,0.506916,0.493023636,0.540488,0.645376667
1911,0.557146667,0.70181,0.72935625,0.53536,0.48982,0.623744,0.471413333,0.545532267,0.72342,0.581697714,0.544437857,0.601657143,0.736195,0.11596,0.399884828,0.34945807,0.3759,0.588736923,0.70914697,0.38065,0.597852857,0.367554107,0.351582188,0.31571,0.602366667,0.644832833,0.661518182,0.623533125,0.394506667,0.408526885,0.381477556,0.5239089,0.70138,0.610703182,0.571195098,0.640394915,0.610078333,0.586752222,0.699346,0.646065,0.709035,0.602402326,0.661118947,0.702483333,0.60735,0.537822,0.17398,0.07852,0.51134,0.658416667,0.51985,0.769393333,0.634721579,0.611355,0.704865556,0.768532857,0.4317,0.52641,0.731825,0.717593214,0.575271905,0.533111667,0.485754667,0.417630455,0.570428,0.709871667
1912,0.605216667,0.62155,0.6711225,0.65132,0.485672857,0.619726,0.405743333,0.375440667,0.673369474,0.509086,0.54446,0.504882381,0.699095,0.12262,0.46138931,0.386641579,0.382726667,0.469068462,0.608994545,0.51529,0.501877714,0.340770714,0.346324063,0.2480025,0.669260833,0.651535667,0.598842727,0.64007375,0.503020556,0.486932623,0.398341778,0.5550306,0.69087,0.505448182,0.447642549,0.537445254,0.584556667,0.536543333,0.656732,0.642376,0.630781667,0.530886512,0.613087895,0.686623333,0.460592222,0.569007714,0.27788,0.0543,0.487013333,0.492671667,0.62,0.584063333,0.580575789,0.640292857,0.807113333,0.744545079,0.3877,0.54666,0.678748333,0.70827,0.577871429,0.412085,0.231817333,0.162019091,0.4034036,0.612428333
1913,0.465753333,0.52584,0.445785,0.68296,0.447724286,0.626688,0.510256667,0.2496652,0.533375263,0.395875429,0.40338,0.42775381,0.418345,0.06198,0.387943448,0.331559649,0.25999,0.383273846,0.52160303,0.47007,0.464149143,0.268984286,0.314174688,0.184795625,0.59437,0.585095667,0.565682727,0.5705925,0.305423889,0.345516066,0.274529111,0.4072565,0.49141,0.448568182,0.36554902,0.45135339,0.393035,0.462355556,0.47646,0.373942,0.477326667,0.420883488,0.503822105,0.657413333,0.398256667,0.525305143,0.05961,0.02453,0.30215,0.485729167,0.606847143,0.507536667,0.499168947,0.520515714,0.738374444,0.70521746,0.31478,0.562986,0.52274,0.648731429,0.497170476,0.417438333,0.131239333,0.092976364,0.2923204,0.486245
1914,0.342693333,0.58366,0.03606,0.498115,0.300558571,0.494882,0.28983,0.111040667,0.259904211,0.168075143,0.221737143,0.040130952,0.000405,0.02658,0.25481,0.197951228,0.13339,0.193993077,0.301978485,0.23357,0.251395143,0.147639286,0.189069375,0.07760625,0.422040833,0.481478167,0.457698182,0.495014375,0.190395556,0.219858197,0.176482667,0.2779339,0.39323,0.235200455,0.198437255,0.295989153,0.000228333,0.0,0.18283,0.033514,0.241201667,0.241256047,0.261224211,0.432266667,0.368586667,0.465583143,0.04813,0.01353,9.0e-5,0.0,0.469484286,0.468736667,0.300884474,0.409565714,0.688224444,0.636963968,0.42272,0.46609,0.251125,0.542929643,0.444631905,0.437601667,0.043859333,0.045714545,0.1187596,0.291208333
1915,0.16258,0.41841,0.0,0.327215,0.141544286,0.24513,0.0,0.0,0.0,0.0,0.0,0.0,0.0,0.0,0.105751379,0.033138246,0.020803333,0.0,0.0,0.0,0.0,0.034395714,0.025511875,0.0,0.296129167,0.311253,0.303544545,0.356246875,0.073055556,0.091639672,0.027867778,0.1484954,8.0e-5,0.0,0.014001765,0.026439661,0.0,0.0,0.0,0.0,0.0,0.0,0.0,0.35926,0.240502222,0.274997714,0.0,0.0,0.0,0.0,0.241242857,0.335103333,0.187838947,0.228348571,0.468287778,0.449789206,0.29684,0.241634,0.0,0.282168929,0.197308095,0.229875,0.0,0.0,0.0,0.0
1916,0.034906667,0.10362,0.0,0.0,0.0,0.0,0.0,0.0,0.0,0.0,0.0,0.0,0.0,0.0,0.0,0.0,0.0,0.0,0.0,0.0,0.0,0.0,0.0,0.0,0.0,0.0,0.0,0.0,0.0,0.0,0.0,0.0,0.0,0.0,0.0,0.0,0.0,0.0,0.0,0.0,0.0,0.0,0.0,0.0,0.0,0.0,0.0,0.0,0.0,0.0,0.0,0.0,0.0,0.0,0.0,1.49e-5,0.0,0.0,0.0,0.0,0.0,0.0,0.0,0.0,0.0,0.0
1917,0.0,0.0,0.0,0.0,0.0,0.0,0.0,0.0,0.0,0.0,0.0,0.0,0.0,0.0,0.0,0.0,0.0,0.0,0.0,0.0,0.0,0.0,0.0,0.0,0.0,0.0,0.0,0.0,0.0,0.0,0.0,0.0,0.0,0.0,0.0,0.0,0.0,0.0,0.0,0.0,0.0,0.0,0.0,0.0,0.0,0.0,0.0,0.0,0.0,0.0,0.0,0.0,0.0,0.0,0.0,0.0,0.0,0.0,0.0,0.0,0.0,0.0,0.0,0.0,0.0,0.0
1918,0.0,0.0,0.0,0.0,0.0,0.0,0.0,0.0,0.0,0.0,0.0,0.0,0.0,0.0,0.0,0.0,0.0,0.0,0.0,0.0,0.0,0.0,0.0,0.0,0.0,0.0,0.0,0.0,0.0,0.0,0.0,0.0,0.0,0.0,0.0,0.0,0.0,0.0,0.0,0.0,0.0,0.0,0.0,0.0,0.0,0.0,0.0,0.0,0.0,0.0,0.0,0.0,0.0,0.0,0.0,0.0,0.0,0.0,0.0,0.0,0.0,0.0,0.0,0.0,0.0,0.0
1919,0.0,0.0,0.0,0.0,0.0,0.0,0.0,0.0,0.0,0.0,0.0,0.0,0.0,0.0,0.0,0.0,0.0,0.0,0.0,0.0,0.0,0.0,0.0,0.0,0.0,0.0,0.0,0.0,0.0,0.0,0.0,0.0,0.0,0.0,0.0,0.0,0.0,0.0,0.0,0.0,0.0,0.0,0.0,0.0,0.0,0.0,0.0,0.0,0.0,0.0,0.0,0.0,0.0,0.0,0.0,0.0,0.0,0.0,0.0,0.0,0.0,0.0,0.0,0.0,0.0,0.0
1920,0.0,0.0,0.0,0.0,0.0,0.0,0.0,0.0,0.0,0.0,0.0,0.0,0.0,0.0,0.0,0.0,0.0,0.0,0.0,0.0,0.0,0.0,0.0,0.0,0.0,0.0,0.0,0.0,0.0,0.0,0.0,0.0,0.0,0.0,0.0,0.0,0.0,0.0,0.0,0.0,0.0,0.0,0.0,0.0,0.0,0.0,0.0,0.0,0.0,0.0,0.0,0.0,0.0,0.0,0.0,0.0,0.0,0.0,0.0,0.0,0.0,0.0,0.0,0.0,0.0,0.0
1921,0.0,0.0,0.0,0.0,0.0,0.0,0.0,0.0,0.0,0.0,0.0,0.0,0.0,0.0,0.0,0.0,0.0,0.0,0.0,0.0,0.0,0.0,0.0,0.0,0.0,0.0,0.0,0.0,0.0,0.0,0.0,0.0,0.0,0.0,0.0,0.0,0.0,0.0,0.0,0.0,0.0,0.0,0.0,0.0,0.0,0.0,0.0,0.0,0.0,0.0,0.0,0.0,0.0,0.0,0.0,0.0,0.0,0.0,0.0,0.0,0.0,0.0,0.0,0.0,0.0,0.0
1922,0.0,0.0,0.0,0.0,0.0,0.0,0.0,0.0,0.0,0.0,0.0,0.0,0.0,0.0,0.0,0.0,0.0,0.0,0.0,0.0,0.0,0.0,0.0,0.0,0.0,0.0,0.0,0.0,0.0,0.0,0.0,0.0,0.0,0.0,0.0,0.0,0.0,0.0,0.0,0.0,0.0,0.0,0.0,0.0,0.0,0.0,0.0,0.0,0.0,0.0,0.0,0.0,0.0,0.0,0.0,0.0,0.0,0.0,0.0,0.0,0.0,0.0,0.0,0.0,0.0,0.0
1923,0.0,0.0,0.0,0.0,0.0,0.0,0.0,0.0,0.0,0.0,0.0,0.0,0.0,0.0,0.0,0.0,0.0,0.0,0.0,0.0,0.0,0.0,0.0,0.0,0.0,0.0,0.0,0.0,0.0,0.0,0.0,0.0,0.0,0.0,0.0,0.0,0.0,0.0,0.0,0.0,0.0,0.0,0.0,0.0,0.0,0.0,0.0,0.0,0.0,0.0,0.0,0.0,0.0,0.0,0.0,0.0,0.0,0.0,0.0,0.0,0.0,0.0,0.0,0.0,0.0,0.0
1924,0.0,0.0,0.0,0.0,0.0,0.0,0.0,0.0,0.0,0.0,0.0,0.0,0.0,0.0,0.0,0.0,0.0,0.0,0.0,0.0,0.0,0.0,0.0,0.0,0.0,0.0,0.0,0.0,0.0,0.0,0.0,0.0,0.0,0.0,0.0,0.0,0.0,0.0,0.0,0.0,0.0,0.0,0.0,0.0,0.0,0.0,0.0,0.0,0.0,0.0,0.0,0.0,0.0,0.0,0.0,0.0,0.0,0.0,0.0,0.0,0.0,0.0,0.0,0.0,0.0,0.0
1925,0.0,0.0,0.0,0.0,0.0,0.0,0.0,0.0,0.0,0.0,0.0,0.0,0.0,0.0,0.0,0.0,0.0,0.0,0.0,0.0,0.0,0.0,0.0,0.0,0.0,0.0,0.0,0.0,0.0,0.0,0.0,0.0,0.0,0.0,0.0,0.0,0.0,0.0,0.0,0.0,0.0,0.0,0.0,0.0,0.0,0.0,0.0,0.0,0.0,0.0,0.0,0.0,0.0,0.0,0.0,0.0,0.0,0.0,0.0,0.0,0.0,0.0,0.0,0.0,0.0,0.0
1926,0.0,0.0,0.32264375,0.0,0.0,0.0,0.0,0.009763733,0.204418947,0.076348571,0.093512857,0.029724286,0.0,0.00036,0.0,0.0,0.0,0.0,0.0,0.0,0.0,1.07e-5,0.010533125,0.00462625,0.0,0.0,0.0,0.0,0.0,0.0,0.0,0.0,0.0,0.0,0.0,0.0,0.139083333,0.23316,0.215152,0.239517,0.137421667,8.6e-6,0.0,0.0,0.0,0.0,0.36839,0.0,0.20257,0.358509167,0.0,0.0,0.0,0.0,0.027092222,0.000100317,0.0,0.0,0.381773333,0.0,9.14e-5,0.013193333,0.0,0.0,0.0,0.0
1927,0.0,0.0,0.64115125,0.0,0.0,0.0,0.144586667,0.095457733,0.353127368,0.233650286,0.579061429,0.458818571,0.520615,0.01257,0.096565862,0.033080877,0.01211,0.289669231,0.427870606,0.34679,0.343454857,0.181103393,0.25280625,0.04801,0.420379167,0.3846045,0.15793,0.337228125,0.012223333,0.021953443,0.063729778,0.0133725,0.0,0.331958636,0.127447255,0.150206102,0.353463333,0.442635556,0.505138,0.46346,0.479321667,0.27399186,0.508119474,0.59169,0.405402222,0.460518,0.22838,0.08896,0.31262,0.5313725,0.0,0.0,0.0,0.0,0.545318889,0.395625873,0.02116,0.361486,0.522858333,0.605303571,0.538895238,0.423735,0.084893333,0.025284545,0.2105144,0.313363333
1928,0.078803333,0.14189,0.77503875,0.309655,0.210852857,0.225592,0.402773333,0.208951733,0.548604211,0.357786286,0.744688571,0.643310476,0.690385,0.08126,0.186811379,0.103763684,0.112366667,0.488093077,0.625327879,0.60026,0.562320857,0.261406607,0.369114375,0.096610625,0.652621667,0.559612,0.302369091,0.484856875,0.080308333,0.076614754,0.196960667,0.1997405,0.43235,0.552230455,0.350819608,0.432613559,0.663871667,0.631885556,0.688184,0.694911,0.698031667,0.485467442,0.690714737,0.80533,0.653374444,0.752249429,0.50149,0.15369,0.66728,0.655414167,0.134581429,0.348853333,0.181437895,0.353295714,0.75107,0.63048127,0.7759,0.683608,0.697586667,0.793115,0.700327143,0.595958333,0.192332667,0.107886818,0.3880876,0.468776667
1929,0.24486,0.39018,0.8222875,0.396905,0.377985714,0.382212,0.52454,0.287621867,0.645028947,0.396766571,0.822264286,0.686222857,0.75692,0.1637,0.289033793,0.158323684,0.189386667,0.657673846,0.708173333,0.58347,0.609243143,0.307459643,0.449498125,0.10385875,0.726056667,0.644118167,0.409375455,0.584356875,0.1243,0.129990328,0.26542,0.3463102,0.66455,0.607486364,0.537123725,0.604541356,0.706108333,0.676964444,0.755928,0.741557,0.765681667,0.598976047,0.770193684,0.900416667,0.793416667,0.8418,0.64123,0.31042,0.757256667,0.700525833,0.311614286,0.523076667,0.367540526,0.517282143,0.845812222,0.760335556,0.92236,0.786996,0.79854,0.862636429,0.793425714,0.694286667,0.252575333,0.248751818,0.5407796,0.679845
1930,0.421393333,0.37423,0.84905375,0.41721,0.493325714,0.506608,0.54809,0.387412267,0.739962632,0.453186,0.881332143,0.684242381,0.81532,0.27402,0.337927241,0.236667368,0.26565,0.734834615,0.798187576,0.70695,0.704884,0.376620893,0.523958125,0.17174375,0.776335,0.732630833,0.533545455,0.63552125,0.147777778,0.187539344,0.322274889,0.4611286,0.71639,0.665783182,0.605289804,0.684720169,0.829593333,0.723252222,0.840026,0.81687,0.796656667,0.630781163,0.805247368,0.935723333,0.866815556,0.913921714,0.76432,0.33258,0.77487,0.748484167,0.561957143,0.604843333,0.500346316,0.611125714,0.848317778,0.774975397,0.95735,0.895946,0.820126667,0.845542143,0.801248571,0.699983333,0.417976,0.401156818,0.583232,0.736315
1931,0.61488,0.56101,0.84586125,0.544015,0.658934286,0.566568,0.574123333,0.454434933,0.755515789,0.508325143,0.867736429,0.757235238,0.83715,0.28211,0.390884828,0.294663684,0.29903,0.652115385,0.793586061,0.71331,0.746555429,0.405720714,0.490863438,0.186423125,0.78437,0.719105167,0.575223636,0.700821875,0.218102222,0.236627869,0.314368444,0.5529128,0.63725,0.726365455,0.610092549,0.687506271,0.856646667,0.798267778,0.80539,0.803374,0.769073333,0.614377442,0.796117368,0.941656667,0.915274444,0.912853429,0.76883,0.47416,0.85048,0.794020833,0.611412857,0.518853333,0.553336316,0.539518571,0.818612222,0.813019365,0.98427,0.889938,0.821291667,0.7597625,0.661547143,0.66584,0.414556,0.531292727,0.6063016,0.761586667
1932,0.711606667,0.59681,0.8182925,0.5027,0.598445714,0.551736,0.567583333,0.4748508,0.755099474,0.479404857,0.852996429,0.7769,0.849605,0.30005,0.398793793,0.349870877,0.412353333,0.595715385,0.797653636,0.82102,0.767683143,0.427763571,0.487444063,0.21240625,0.772015,0.7646855,0.582175455,0.7775725,0.220079444,0.261438525,0.348493111,0.6123559,0.72961,0.761011818,0.631326471,0.680784237,0.856498333,0.816245556,0.721488,0.783591,0.717156667,0.608640465,0.804341053,0.92573,0.902135556,0.881223714,0.74803,0.38316,0.830693333,0.7572475,0.692285714,0.691533333,0.643222632,0.551277857,0.786,0.779327937,0.97545,0.823804,0.831046667,0.6914975,0.564182381,0.648435,0.493545333,0.540491364,0.559732,0.752016667
1933,0.551216667,0.4727,0.7238675,0.551055,0.615147143,0.544506,0.671503333,0.5005832,0.693536842,0.494875429,0.825763571,0.77732,0.841555,0.2824,0.406282069,0.424752456,0.47246,0.638071538,0.779947879,0.82663,0.761634,0.45811,0.528059688,0.21825,0.703885833,0.696702333,0.60532,0.69174,0.271716667,0.253701639,0.389173333,0.5660802,0.71049,0.748593636,0.612954314,0.674739831,0.798465,0.826601111,0.778772,0.755416,0.74406,0.616780698,0.786321053,0.87163,0.840127778,0.852196857,0.66404,0.15997,0.759933333,0.7579425,0.694021429,0.62348,0.594951842,0.648674286,0.753867778,0.771231111,0.86804,0.705034,0.752161667,0.733624643,0.628313333,0.65352,0.421340667,0.486206364,0.588224,0.739931667
1934,0.494443333,0.60318,0.66255,0.55502,0.580508571,0.630632,0.643053333,0.457258933,0.621893158,0.494531429,0.805254286,0.726980476,0.80046,0.19878,0.434821379,0.451672807,0.412196667,0.562882308,0.751246667,0.75867,0.688179714,0.498091607,0.561040938,0.22616625,0.721601667,0.6888445,0.651765455,0.72430125,0.355477222,0.327062459,0.405586444,0.5838861,0.7495,0.707735,0.596519804,0.669476271,0.784935,0.729674444,0.737778,0.657445,0.711078333,0.560651395,0.770137368,0.82635,0.76594,0.824096,0.63389,0.1191,0.746366667,0.722719167,0.704214286,0.64967,0.616512632,0.710544286,0.783256667,0.749323492,0.80617,0.79507,0.661055,0.764153929,0.638591429,0.70529,0.454644667,0.401003182,0.575186,0.676563333
1935,0.347643333,0.52208,0.6590075,0.65123,0.515567143,0.56965,0.60896,0.4503844,0.580396842,0.480823429,0.803933571,0.653469048,0.787315,0.13681,0.394082414,0.504350175,0.39687,0.590609231,0.709076061,0.79439,0.712658571,0.507252857,0.588574688,0.180206875,0.688571667,0.599711167,0.577168182,0.669683125,0.305303889,0.302524918,0.354217111,0.5100047,0.70733,0.686382273,0.540125294,0.647042712,0.788158333,0.662481111,0.7694,0.664335,0.677205,0.595756977,0.733728947,0.774816667,0.561275556,0.706440857,0.64746,0.07784,0.74884,0.641188333,0.550365714,0.68443,0.496343684,0.689069286,0.695376667,0.742976667,0.61322,0.687514,0.587895,0.701652857,0.626191429,0.60723,0.423822,0.415569545,0.5350412,0.686516667
1936,0.7254,0.69999,0.4598925,0.54866,0.58192,0.531118,0.66593,0.405343467,0.448525263,0.341648286,0.695377857,0.610745238,0.64602,0.15629,0.336421379,0.279991228,0.48857,0.605921538,0.59254697,0.50421,0.581969714,0.457455714,0.51306625,0.190718125,0.59345,0.556406333,0.535055455,0.61692375,0.388618333,0.310130492,0.400913556,0.566453,0.66095,0.621511364,0.440936471,0.608253051,0.675171667,0.495115556,0.548612,0.530408,0.540358333,0.442080233,0.641363684,0.56672,0.434711111,0.650834857,0.41516,0.04032,0.638616667,0.570245,0.402745714,0.643503333,0.580457632,0.582277143,0.509801111,0.689826508,0.58571,0.688808,0.484413333,0.67486,0.680261905,0.574371667,0.402380667,0.301591818,0.5096476,0.611338333
1937,0.66135,0.72022,0.36766125,0.58277,0.494424286,0.57044,0.542373333,0.268578533,0.290023158,0.221240857,0.540995714,0.543134286,0.580795,0.0929,0.219866207,0.202093333,0.35689,0.407549231,0.436533636,0.30708,0.429659714,0.376725357,0.4536125,0.13000125,0.599410833,0.507155333,0.47932,0.619621875,0.292282222,0.270050492,0.306341778,0.4397127,0.59616,0.432331364,0.368899608,0.491384746,0.479826667,0.398956667,0.319768,0.332945,0.361816667,0.277877674,0.458211053,0.680113333,0.598294444,0.621367714,0.31786,0.05981,0.50564,0.407325,0.373122857,0.476373333,0.504311053,0.61143,0.400602222,0.562684603,0.59312,0.655988,0.338905,0.623136071,0.599349048,0.600858333,0.378646667,0.236604545,0.3646292,0.509416667
1938,0.464436667,0.38634,0.02827,0.275995,0.435118571,0.406148,0.336126667,0.106291867,0.157678947,0.082880571,0.250272143,0.063710952,0.0006,0.06323,0.123563793,0.109067193,0.182716667,0.208607692,0.282992424,0.24226,0.287080571,0.254294643,0.300840938,0.09954625,0.379285,0.395906167,0.39352,0.470463125,0.208753333,0.196280656,0.177465778,0.3404296,0.46299,0.270851364,0.221597451,0.313164407,0.000191667,0.0,0.097884,0.047547,0.172325,0.167992558,0.228734211,0.54717,0.528585556,0.537798857,0.19454,0.10109,2.33e-5,0.0,0.358615714,0.299356667,0.422219211,0.455066429,0.256006667,0.480097619,0.56265,0.52726,0.13752,0.488508214,0.487517143,0.448476667,0.166820667,0.108505909,0.1335868,0.28947
1939,0.234883333,0.13886,0.0,0.368225,0.246198571,0.275252,0.0,0.0,0.0,0.0,0.0,0.0,0.0,0.0,0.029788966,0.01886,0.029456667,0.0,0.0,0.0,0.0,0.018697143,0.019979063,0.0,0.137545833,0.255837667,0.224802727,0.2860025,0.079795556,0.080284426,0.072897556,0.1733096,0.0,0.0,0.020215294,0.033765085,0.0,0.0,0.0,0.0,0.0,0.0,0.0,0.41738,0.324264444,0.253683429,0.0,0.0,0.0,0.0,0.252688571,0.05834,0.27279,0.255178571,0.11178,0.282874127,0.20549,0.083592,0.0,0.277062143,0.239893333,0.239855,0.0,5.18e-5,0.0,0.0
1940,0.085036667,0.20728,0.0,0.0,0.0,0.0,0.0,0.0,0.0,0.0,0.0,0.0,0.0,0.0,0.0,0.0,0.0,0.0,0.0,0.0,0.0,0.0,0.0,0.0,0.0,0.0,0.0,0.0,0.0,0.0,0.0,0.0,0.0,0.0,0.0,0.0,0.0,0.0,0.0,0.0,0.0,0.0,0.0,0.0,0.0,0.0,0.0,0.0,0.0,0.0,0.0,0.0,0.0,0.0,0.0,3.33e-6,0.0,0.0,0.0,0.0,0.0,0.0,0.0,0.0,0.0,0.0
1941,0.0,0.0,0.0,0.0,0.0,0.0,0.0,0.0,0.0,0.0,0.0,0.0,0.0,0.0,0.0,0.0,0.0,0.0,0.0,0.0,0.0,0.0,0.0,0.0,0.0,0.0,0.0,0.0,0.0,0.0,0.0,0.0,0.0,0.0,0.0,0.0,0.0,0.0,0.0,0.0,0.0,0.0,0.0,0.0,0.0,0.0,0.0,0.0,0.0,0.0,0.0,0.0,0.0,0.0,0.0,0.0,0.0,0.0,0.0,0.0,0.0,0.0,0.0,0.0,0.0,0.0
1942,0.0,0.0,0.0,0.0,0.0,0.0,0.0,0.0,0.0,0.0,0.0,0.0,0.0,0.0,0.0,0.0,0.0,0.0,0.0,0.0,0.0,0.0,0.0,0.0,0.0,0.0,0.0,0.0,0.0,0.0,0.0,0.0,0.0,0.0,0.0,0.0,0.0,0.0,0.0,0.0,0.0,0.0,0.0,0.0,0.0,0.0,0.0,0.0,0.0,0.0,0.0,0.0,0.0,0.0,0.0,0.0,0.0,0.0,0.0,0.0,0.0,0.0,0.0,0.0,0.0,0.0
1943,0.0,0.0,0.0,0.0,0.0,0.0,0.0,0.0,0.0,0.0,0.0,0.0,0.0,0.0,0.0,0.0,0.0,0.0,0.0,0.0,0.0,0.0,0.0,0.0,0.0,0.0,0.0,0.0,0.0,0.0,0.0,0.0,0.0,0.0,0.0,0.0,0.0,0.0,0.0,0.0,0.0,0.0,0.0,0.0,0.0,0.0,0.0,0.0,0.0,0.0,0.0,0.0,0.0,0.0,0.0,0.0,0.0,0.0,0.0,0.0,0.0,0.0,0.0,0.0,0.0,0.0
1944,0.0,0.0,0.0,0.0,0.0,0.0,0.0,0.0,0.0,0.0,0.0,0.0,0.0,0.0,0.0,0.0,0.0,0.0,0.0,0.0,0.0,0.0,0.0,0.0,0.0,0.0,0.0,0.0,0.0,0.0,0.0,0.0,0.0,0.0,0.0,0.0,0.0,0.0,0.0,0.0,0.0,0.0,0.0,0.0,0.0,0.0,0.0,0.0,0.0,0.0,0.0,0.0,0.0,0.0,0.0,0.0,0.0,0.0,0.0,0.0,0.0,0.0,0.0,0.0,0.0,0.0
1945,0.0,0.0,0.0,0.0,0.0,0.0,0.0,0.0,0.0,0.0,0.0,0.0,0.0,0.0,0.0,0.0,0.0,0.0,0.0,0.0,0.0,0.0,0.0,0.0,0.0,0.0,0.0,0.0,0.0,0.0,0.0,0.0,0.0,0.0,0.0,0.0,0.0,0.0,0.0,0.0,0.0,0.0,0.0,0.0,0.0,0.0,0.0,0.0,0.0,0.0,0.0,0.0,0.0,0.0,0.0,0.0,0.0,0.0,0.0,0.0,0.0,0.0,0.0,0.0,0.0,0.0
1946,0.0,0.0,0.0,0.0,0.0,0.0,0.0,0.0,0.0,0.0,0.0,0.0,0.0,0.0,0.0,0.0,0.0,0.0,0.0,0.0,0.0,0.0,0.0,0.0,0.0,0.0,0.0,0.0,0.0,0.0,0.0,0.0,0.0,0.0,0.0,0.0,0.0,0.0,0.0,0.0,0.0,0.0,0.0,0.0,0.0,0.0,0.0,0.0,0.0,0.0,0.0,0.0,0.0,0.0,0.0,0.0,0.0,0.0,0.0,0.0,0.0,0.0,0.0,0.0,0.0,0.0
1947,0.0,0.0,0.0,0.0,0.0,0.0,0.0,0.0,0.0,0.0,0.0,0.0,0.0,0.0,0.0,0.0,0.0,0.0,0.0,0.0,0.0,0.0,0.0,0.0,0.0,0.0,0.0,0.0,0.0,0.0,0.0,0.0,0.0,0.0,0.0,0.0,0.0,0.0,0.0,0.0,0.0,0.0,0.0,0.0,0.0,0.0,0.0,0.0,0.0,0.0,0.0,0.0,0.0,0.0,0.0,0.0,0.0,0.0,0.0,0.0,0.0,0.0,0.0,0.0,0.0,0.0
1948,0.0,0.0,0.0,0.0,0.0,0.0,0.0,0.0,0.0,0.0,0.0,0.0,0.0,0.0,0.0,0.0,0.0,0.0,0.0,0.0,0.0,0.0,0.0,0.0,0.0,0.0,0.0,0.0,0.0,0.0,0.0,0.0,0.0,0.0,0.0,0.0,0.0,0.0,0.0,0.0,0.0,0.0,0.0,0.0,0.0,0.0,0.0,0.0,0.0,0.0,0.0,0.0,0.0,0.0,0.0,0.0,0.0,0.0,0.0,0.0,0.0,0.0,0.0,0.0,0.0,0.0
1949,0.0,0.0,0.0,0.0,0.0,0.0,0.0,0.0,0.0,0.0,0.0,0.0,0.0,0.0,0.0,0.0,0.0,0.0,0.0,0.0,0.0,0.0,0.0,0.0,0.0,0.0,0.0,0.0,0.0,0.0,0.0,0.0,0.0,0.0,0.0,0.0,0.0,0.0,0.0,0.0,0.0,0.0,0.0,0.0,0.0,0.0,0.0,0.0,0.0,0.0,0.0,0.0,0.0,0.0,0.0,0.0,0.0,0.0,0.0,0.0,0.0,0.0,0.0,0.0,0.0,0.0
1950,0.0,0.0,0.242545,0.0,0.0,0.0,0.0,0.010795733,0.274369474,0.081041429,0.063023571,0.00859381,0.0,0.16682,0.0,0.0,0.0,0.0,0.0,0.0,0.0,6.55e-5,0.0419875,0.003135625,0.0,0.0,0.0,0.0,0.0,0.0,0.0,0.0,0.0,0.0,0.0,0.0,0.229823333,0.291746667,0.224556,0.257156,0.065463333,2.86e-5,0.0,0.0,0.0,0.0,0.39049,0.00432,0.21867,0.2804075,0.0,0.0,0.0,0.0,0.040866667,3.56e-5,0.0,0.0,0.34952,0.0,0.000148095,0.05851,0.0,0.0,0.0,0.0
1951,0.0,0.0,0.48550875,0.0,0.0,0.0,0.148303333,0.1965864,0.491709474,0.256653429,0.355127143,0.309101429,0.510675,0.04784,0.121804138,0.11082386,0.04297,0.190806154,0.447389697,0.3758,0.354436286,0.16445125,0.281295313,0.072160625,0.2991525,0.1886075,0.110959091,0.126355625,0.014111111,0.085556393,0.048670222,0.0015713,0.0,0.357966818,0.145976078,0.186288983,0.586525,0.504992222,0.585522,0.496383,0.522376667,0.424705581,0.512603684,0.374573333,0.354202222,0.254079714,0.67316,0.66854,0.350996667,0.499331667,0.0,0.0,0.0,0.0,0.528147778,0.500552222,0.02285,0.211306,0.516121667,0.468534643,0.567817619,0.5428,0.084763333,0.02658,0.1405388,0.357506667
1952,0.059626667,0.07329,0.5231325,0.391005,0.219202857,0.426454,0.357293333,0.303274267,0.604420526,0.455204571,0.464335,0.55206619,0.66723,0.10848,0.213611724,0.265084386,0.21818,0.294294615,0.640529697,0.66745,0.544132857,0.317331429,0.504084375,0.20586375,0.513523333,0.3647845,0.231983636,0.199955,0.066906111,0.166257541,0.106260444,0.1126935,0.52275,0.606951364,0.396566667,0.477211186,0.697561667,0.64175,0.755502,0.589695,0.740631667,0.592134419,0.704923158,0.711353333,0.674606667,0.485157714,0.79759,0.75075,0.64567,0.640279167,0.073997143,0.09464,0.088931316,0.300075,0.695565556,0.67832127,0.32555,0.374918,0.68664,0.684705714,0.774900476,0.783676667,0.157113333,0.071375909,0.2465056,0.496425
1953,0.121533333,0.21083,0.7249575,0.414535,0.298294286,0.617218,0.43465,0.408562933,0.704542105,0.549840857,0.646796429,0.621404286,0.809505,0.25462,0.312282069,0.360671579,0.216496667,0.575710769,0.729503333,0.7869,0.660374286,0.413454464,0.552761875,0.242725,0.686816667,0.441249,0.334137273,0.30027,0.133196667,0.261199836,0.158357111,0.2132545,0.72787,0.626924091,0.570983725,0.559021695,0.777255,0.700044444,0.830168,0.750856,0.771568333,0.721820465,0.779747895,0.814176667,0.759518889,0.577104,0.76515,0.81381,0.703446667,0.7181625,0.131335714,0.212726667,0.159820263,0.496182143,0.822217778,0.807641111,0.59066,0.669828,0.76793,0.766801429,0.862519524,0.862261667,0.195920667,0.119912727,0.4149704,0.61545
1954,0.04853,0.27547,0.7929275,0.618495,0.461145714,0.73747,0.583533333,0.522993067,0.758742105,0.589165429,0.711115714,0.661627619,0.82319,0.34087,0.383033103,0.541930702,0.424523333,0.741202308,0.756165152,0.685,0.735351429,0.513841429,0.623544688,0.233298125,0.74463,0.481455833,0.372234545,0.4541225,0.211448889,0.378690164,0.313776667,0.312063,0.70493,0.667161364,0.656903529,0.673535763,0.81413,0.738737778,0.848268,0.768936,0.779526667,0.788671628,0.803449474,0.800456667,0.808288889,0.680838,0.87293,0.82572,0.779103333,0.714371667,0.16081,0.28446,0.198694474,0.585318571,0.850485556,0.842072381,0.64202,0.627148,0.814961667,0.784635,0.848372381,0.848101667,0.345877333,0.247312273,0.5977044,0.734286667
1955,0.116173333,0.20712,0.8081175,0.582175,0.505222857,0.718634,0.39867,0.5413464,0.773449474,0.613765714,0.718352857,0.751994286,0.82158,0.46173,0.427253448,0.536486667,0.492353333,0.758826923,0.746046667,0.74913,0.754995143,0.562862857,0.6095875,0.32263375,0.549858333,0.456375,0.426898182,0.503721875,0.310757222,0.411715246,0.397443333,0.3909998,0.56143,0.729154545,0.668717059,0.678037966,0.86316,0.840432222,0.833788,0.824189,0.781488333,0.760354884,0.790666842,0.823223333,0.8645,0.673648,0.84684,0.79702,0.816496667,0.796191667,0.18682,0.221366667,0.235017632,0.516045714,0.850645556,0.821239841,0.6777,0.703136,0.809295,0.728853214,0.798164286,0.799211667,0.410733333,0.320921818,0.6526052,0.710491667
1956,0.23367,0.37868,0.79839,0.63852,0.647502857,0.756166,0.663333333,0.588569467,0.781892105,0.619239429,0.751712857,0.766448095,0.825695,0.32569,0.525556897,0.575855789,0.525886667,0.694751538,0.764155455,0.77365,0.740287429,0.558440179,0.5851475,0.3160175,0.594863333,0.5236505,0.554066364,0.573858125,0.359713889,0.483558033,0.454072444,0.5205324,0.64467,0.773135,0.690094706,0.697708305,0.860596667,0.763995556,0.806748,0.772233,0.850088333,0.731849535,0.802243158,0.810036667,0.796886667,0.664980286,0.82413,0.83828,0.82764,0.746238333,0.323887143,0.16555,0.378965263,0.598904286,0.813176667,0.808028095,0.63263,0.777604,0.829448333,0.7050525,0.752086667,0.783523333,0.534244,0.470794091,0.673122,0.661516667
1957,0.483366667,0.45427,0.74067125,0.60989,0.615031429,0.769808,0.559263333,0.5684716,0.63996,0.538585143,0.731464286,0.78170619,0.84284,0.36827,0.537160345,0.532309474,0.644296667,0.704253077,0.729430909,0.68723,0.725437143,0.518641786,0.54505375,0.33072375,0.529420833,0.542905167,0.677401818,0.59457,0.450416667,0.433976393,0.533973333,0.5259835,0.71678,0.698164545,0.675640588,0.705064068,0.780835,0.742691111,0.665104,0.669042,0.777636667,0.702777907,0.758130526,0.754873333,0.708038889,0.643064857,0.89635,0.83722,0.795956667,0.777906667,0.196565714,0.39006,0.473738684,0.633992857,0.759952222,0.778504127,0.59912,0.521104,0.736703333,0.661161786,0.67712381,0.700871667,0.605688667,0.601312727,0.6687144,0.735386667
1958,0.532096667,0.53572,0.74611625,0.46315,0.503961429,0.73304,0.608386667,0.547274933,0.656024737,0.536635429,0.723144286,0.770312857,0.73759,0.29012,0.497687931,0.536183509,0.516256667,0.682032308,0.711319394,0.75594,0.732053429,0.544080893,0.627454375,0.31001625,0.473956667,0.453901833,0.603162727,0.469184375,0.407397222,0.459535082,0.517991556,0.5152405,0.75344,0.722538182,0.656438039,0.703648983,0.678765,0.69849,0.685624,0.670919,0.671633333,0.715508837,0.770071053,0.619076667,0.659431111,0.569565143,0.86791,0.76485,0.70955,0.702618333,0.315547143,0.316033333,0.464218684,0.639245714,0.792777778,0.735123651,0.64123,0.609456,0.626271667,0.616141071,0.665310476,0.702303333,0.589557333,0.655210909,0.6337824,0.688948333
1959,0.568693333,0.48888,0.69786,0.595035,0.524224286,0.733764,0.519203333,0.489040533,0.566955789,0.466586,0.688087857,0.664722381,0.75803,0.26379,0.5308,0.504021228,0.478473333,0.629793077,0.665768182,0.64452,0.684081143,0.592425179,0.608451875,0.311214375,0.516475,0.476255167,0.464165455,0.492495625,0.418810556,0.445960656,0.549858444,0.4965807,0.78753,0.677602727,0.671557059,0.668508136,0.559046667,0.643763333,0.598542,0.596097,0.602986667,0.621016977,0.743345263,0.629376667,0.614564444,0.502995143,0.73067,0.66068,0.64523,0.655135833,0.400024286,0.47799,0.465542368,0.68359,0.7276,0.736001111,0.5715,0.547642,0.612725,0.592808571,0.680225714,0.639661667,0.597378667,0.725787273,0.6270152,0.686771667
1960,0.67807,0.65147,0.66072625,0.476285,0.529777143,0.662598,0.525323333,0.428629867,0.489564211,0.398761143,0.648632143,0.601269524,0.65806,0.1752,0.387976897,0.453670526,0.34191,0.576312308,0.607502424,0.54951,0.608892571,0.452171786,0.507280313,0.40315625,0.4599275,0.429546167,0.512868182,0.54550875,0.136393889,0.246287869,0.393230889,0.3874455,0.68763,0.652432273,0.6148,0.599617627,0.490028333,0.492548889,0.561564,0.524053,0.515763333,0.552137442,0.655348421,0.324606667,0.435271111,0.544210286,0.35244,0.63453,0.480026667,0.574621667,0.320672857,0.3635,0.441006842,0.577810714,0.683202222,0.698928095,0.58044,0.539638,0.596058333,0.494103929,0.612158571,0.575695,0.370662667,0.52008,0.5545016,0.634168333
1961,0.672826667,0.44658,0.501595,0.59314,0.451378571,0.582416,0.491413333,0.348488667,0.438099474,0.287544286,0.509169286,0.412281429,0.52917,0.09991,0.293613793,0.416045263,0.27009,0.531044615,0.525771212,0.54698,0.551007143,0.37615375,0.534291563,0.287581875,0.303965,0.387992333,0.430888182,0.540381875,0.248603889,0.255976721,0.396822889,0.3629983,0.68569,0.558372273,0.544477843,0.569360847,0.291293333,0.258033333,0.37241,0.344276,0.366093333,0.459286977,0.582105263,0.356306667,0.389018889,0.548167143,0.30358,0.43287,0.260796667,0.353466667,0.198318571,0.10888,0.402727632,0.564385714,0.609206667,0.672340794,0.51341,0.578814,0.456973333,0.4030975,0.61601,0.54847,0.437826667,0.574903636,0.5159784,0.578651667
1962,0.643676667,0.53028,0.05756125,0.433005,0.402104286,0.504764,0.401713333,0.2018124,0.198836842,0.108513143,0.229740714,0.060067619,0.000625,0.04301,0.158374138,0.208983333,0.109043333,0.329692308,0.332335455,0.32367,0.361167143,0.223507679,0.3071875,0.19223875,0.211515,0.2424605,0.328566364,0.41739875,0.091189444,0.146804262,0.242205778,0.2424257,0.51083,0.411705455,0.378085098,0.413192542,7.83e-5,0.0,0.11734,0.035707,0.099633333,0.276625116,0.319328421,0.334263333,0.336441111,0.422059143,0.0992,0.28301,0.0,0.0,0.174538571,0.076596667,0.251709474,0.470172857,0.502576667,0.585666984,0.31757,0.415756,0.22631,0.212833929,0.43166,0.412718333,0.38303,0.476824091,0.3374308,0.409888333
1963,0.341,0.38724,0.0,0.41218,0.259865714,0.29136,0.0,0.0,0.0,0.0,0.0,0.0,0.0,0.0,0.039145172,0.024264561,0.0131,0.0,0.0,0.0,0.0,0.010024643,0.004728125,3.13e-6,0.0602775,0.140083333,0.229569091,0.2522475,0.073101667,0.052486557,0.091643111,0.1231321,0.00013,0.0,0.024828431,0.053074068,0.0,0.0,0.0,0.0,0.0,0.0,0.0,0.260393333,0.163152222,0.263518,0.0,0.0,0.0,0.0,0.095097143,0.050616667,0.127681316,0.253237857,0.307351111,0.378193968,0.19655,0.20246,0.0,0.058059643,0.145895714,0.15669,0.0,0.0001,0.0,0.0
1964,0.105153333,0.13911,0.0,0.0,0.0,0.0,0.0,0.0,0.0,0.0,0.0,0.0,0.0,0.0,0.0,0.0,0.0,0.0,0.0,0.0,0.0,0.0,0.0,0.0,0.0,0.0,0.0,0.0,0.0,0.0,0.0,0.0,0.0,0.0,0.0,0.0,0.0,0.0,0.0,0.0,0.0,0.0,0.0,0.0,0.0,0.0,0.0,0.0,0.0,0.0,0.0,0.0,0.0,0.0,0.0,3.97e-6,0.0,0.0,0.0,0.0,0.0,0.0,0.0,0.0,0.0,0.0
1965,0.0,0.0,0.0,0.0,0.0,0.0,0.0,0.0,0.0,0.0,0.0,0.0,0.0,0.0,0.0,0.0,0.0,0.0,0.0,0.0,0.0,0.0,0.0,0.0,0.0,0.0,0.0,0.0,0.0,0.0,0.0,0.0,0.0,0.0,0.0,0.0,0.0,0.0,0.0,0.0,0.0,0.0,0.0,0.0,0.0,0.0,0.0,0.0,0.0,0.0,0.0,0.0,0.0,0.0,0.0,0.0,0.0,0.0,0.0,0.0,0.0,0.0,0.0,0.0,0.0,0.0
1966,0.0,0.0,0.0,0.0,0.0,0.0,0.0,0.0,0.0,0.0,0.0,0.0,0.0,0.0,0.0,0.0,0.0,0.0,0.0,0.0,0.0,0.0,0.0,0.0,0.0,0.0,0.0,0.0,0.0,0.0,0.0,0.0,0.0,0.0,0.0,0.0,0.0,0.0,0.0,0.0,0.0,0.0,0.0,0.0,0.0,0.0,0.0,0.0,0.0,0.0,0.0,0.0,0.0,0.0,0.0,0.0,0.0,0.0,0.0,0.0,0.0,0.0,0.0,0.0,0.0,0.0
1967,0.0,0.0,0.0,0.0,0.0,0.0,0.0,0.0,0.0,0.0,0.0,0.0,0.0,0.0,0.0,0.0,0.0,0.0,0.0,0.0,0.0,0.0,0.0,0.0,0.0,0.0,0.0,0.0,0.0,0.0,0.0,0.0,0.0,0.0,0.0,0.0,0.0,0.0,0.0,0.0,0.0,0.0,0.0,0.0,0.0,0.0,0.0,0.0,0.0,0.0,0.0,0.0,0.0,0.0,0.0,0.0,0.0,0.0,0.0,0.0,0.0,0.0,0.0,0.0,0.0,0.0
1968,0.0,0.0,0.0,0.0,0.0,0.0,0.0,0.0,0.0,0.0,0.0,0.0,0.0,0.0,0.0,0.0,0.0,0.0,0.0,0.0,0.0,0.0,0.0,0.0,0.0,0.0,0.0,0.0,0.0,0.0,0.0,0.0,0.0,0.0,0.0,0.0,0.0,0.0,0.0,0.0,0.0,0.0,0.0,0.0,0.0,0.0,0.0,0.0,0.0,0.0,0.0,0.0,0.0,0.0,0.0,0.0,0.0,0.0,0.0,0.0,0.0,0.0,0.0,0.0,0.0,0.0
1969,0.0,0.0,0.0,0.0,0.0,0.0,0.0,0.0,0.0,0.0,0.0,0.0,0.0,0.0,0.0,0.0,0.0,0.0,0.0,0.0,0.0,0.0,0.0,0.0,0.0,0.0,0.0,0.0,0.0,0.0,0.0,0.0,0.0,0.0,0.0,0.0,0.0,0.0,0.0,0.0,0.0,0.0,0.0,0.0,0.0,0.0,0.0,0.0,0.0,0.0,0.0,0.0,0.0,0.0,0.0,0.0,0.0,0.0,0.0,0.0,0.0,0.0,0.0,0.0,0.0,0.0
1970,0.0,0.0,0.0,0.0,0.0,0.0,0.0,0.0,0.0,0.0,0.0,0.0,0.0,0.0,0.0,0.0,0.0,0.0,0.0,0.0,0.0,0.0,0.0,0.0,0.0,0.0,0.0,0.0,0.0,0.0,0.0,0.0,0.0,0.0,0.0,0.0,0.0,0.0,0.0,0.0,0.0,0.0,0.0,0.0,0.0,0.0,0.0,0.0,0.0,0.0,0.0,0.0,0.0,0.0,0.0,0.0,0.0,0.0,0.0,0.0,0.0,0.0,0.0,0.0,0.0,0.0
1971,0.0,0.0,0.0,0.0,0.0,0.0,0.0,0.0,0.0,0.0,0.0,0.0,0.0,0.0,0.0,0.0,0.0,0.0,0.0,0.0,0.0,0.0,0.0,0.0,0.0,0.0,0.0,0.0,0.0,0.0,0.0,0.0,0.0,0.0,0.0,0.0,0.0,0.0,0.0,0.0,0.0,0.0,0.0,0.0,0.0,0.0,0.0,0.0,0.0,0.0,0.0,0.0,0.0,0.0,0.0,0.0,0.0,0.0,0.0,0.0,0.0,0.0,0.0,0.0,0.0,0.0
1972,0.0,0.0,0.0,0.0,0.0,0.0,0.0,0.0,0.0,0.0,0.0,0.0,0.0,0.0,0.0,0.0,0.0,0.0,0.0,0.0,0.0,0.0,0.0,0.0,0.0,0.0,0.0,0.0,0.0,0.0,0.0,0.0,0.0,0.0,0.0,0.0,0.0,0.0,0.0,0.0,0.0,0.0,0.0,0.0,0.0,0.0,0.0,0.0,0.0,0.0,0.0,0.0,0.0,0.0,0.0,0.0,0.0,0.0,0.0,0.0,0.0,0.0,0.0,0.0,0.0,0.0
1973,0.0,0.0,0.0,0.0,0.0,0.0,0.0,0.0,0.0,0.0,0.0,0.0,0.0,0.0,0.0,0.0,0.0,0.0,0.0,0.0,0.0,0.0,0.0,0.0,0.0,0.0,0.0,0.0,0.0,0.0,0.0,0.0,0.0,0.0,0.0,0.0,0.0,0.0,0.0,0.0,0.0,0.0,0.0,0.0,0.0,0.0,0.0,0.0,0.0,0.0,0.0,0.0,0.0,0.0,0.0,0.0,0.0,0.0,0.0,0.0,0.0,0.0,0.0,0.0,0.0,0.0
1974,0.0,0.0,0.252625,0.0,0.0,0.0,0.0,0.0088336,0.244402632,0.103214,0.042628571,0.013994762,0.0,0.05306,0.0,0.0,0.0,0.0,0.0,0.0,0.0,8.23e-5,0.013977813,0.013021875,0.0,0.0,0.0,0.0,0.0,0.0,0.0,0.0,0.0,0.0,0.0,0.0,0.142281667,0.227528889,0.133908,0.180538,0.039911667,0.0,0.0,0.0,0.0,0.0,0.38692,0.00454,0.197603333,0.313475,0.0,0.0,0.0,0.0,0.00034,5.21e-5,0.0,0.0,0.409395,0.0,6.05e-5,0.015075,0.0,0.0,0.0,0.0
1975,0.0,0.0,0.64290875,0.0,0.0,0.0,0.10389,0.1728776,0.530255789,0.310294286,0.414696429,0.424171905,0.480035,0.25436,0.133431379,0.143113684,0.167946667,0.276336923,0.319070606,0.37183,0.311955143,0.099546607,0.119402188,0.15943875,0.418959167,0.313598,0.12104,0.184204375,0.037497778,0.092348689,0.071521333,0.0081742,0.0,0.404772727,0.142077451,0.179027966,0.410465,0.466933333,0.37949,0.506145,0.345125,0.270357209,0.437148421,0.464,0.448543333,0.446934286,0.61175,0.27609,0.32255,0.526905833,0.0,0.0,0.0,0.0,0.456868889,0.533360794,0.02954,0.185004,0.57598,0.30058,0.452718095,0.429231667,0.156626,0.19118,0.2564228,0.326941667
1976,0.001326667,0.01489,0.74162625,0.25201,0.126248571,0.200552,0.426636667,0.2420564,0.647637368,0.436094,0.56498,0.57953619,0.573745,0.63245,0.266248276,0.28698,0.333303333,0.430286923,0.533572121,0.46844,0.493303429,0.195021607,0.203254688,0.221050625,0.597515833,0.481024,0.236772727,0.2722675,0.082190556,0.195727869,0.194805778,0.1231028,0.45658,0.649213636,0.31596098,0.443156949,0.489776667,0.597946667,0.557332,0.623683,0.608331667,0.443586744,0.632939474,0.685936667,0.707297778,0.684683714,0.64123,0.43165,0.609443333,0.656003333,0.039594286,0.163233333,0.066237632,0.134514286,0.611842222,0.704573968,0.37955,0.356762,0.7471,0.475616786,0.669781429,0.61855,0.292969333,0.308586364,0.3920604,0.394225
1977,0.03635,0.03501,0.82923875,0.44938,0.395271429,0.303646,0.551736667,0.351477733,0.741029474,0.5845,0.658572143,0.681242381,0.69536,0.74256,0.427854483,0.437429123,0.454936667,0.543717692,0.596846364,0.54696,0.559862571,0.283330893,0.253551563,0.28253125,0.721413333,0.553007333,0.39833,0.376155625,0.194665556,0.305948197,0.301862667,0.2470989,0.57756,0.709061818,0.429627451,0.56216322,0.646711667,0.683915556,0.671608,0.749174,0.61728,0.566828837,0.736584211,0.6964,0.838057778,0.786315429,0.68154,0.42415,0.713743333,0.684863333,0.106712857,0.458753333,0.241856842,0.199667143,0.781897778,0.828115873,0.71086,0.630774,0.77278,0.573099286,0.790751905,0.732001667,0.449657333,0.444866364,0.5246044,0.57066
1978,0.071403333,0.08384,0.8063025,0.475845,0.518302857,0.480676,0.709093333,0.413166667,0.810871579,0.666089429,0.694910714,0.761222857,0.75889,0.73865,0.477186552,0.560065439,0.531356667,0.677208462,0.704481212,0.77579,0.673472571,0.364458929,0.377980938,0.334055625,0.7257625,0.634276167,0.478249091,0.47439625,0.332766111,0.392188525,0.422178889,0.3691555,0.80874,0.758070909,0.538498627,0.642032034,0.778145,0.734142222,0.719114,0.785523,0.616126667,0.677709767,0.765946842,0.687026667,0.83097,0.802665714,0.70887,0.43119,0.741253333,0.712884167,0.312711429,0.54016,0.395297895,0.306032857,0.851077778,0.86944619,0.65742,0.753612,0.78107,0.633160714,0.791424286,0.77222,0.52544,0.477899091,0.5889932,0.711045
1979,0.19861,0.23738,0.80884625,0.591035,0.611354286,0.526618,0.660006667,0.432109733,0.788024211,0.670169429,0.66234,0.733348095,0.783805,0.78715,0.458625172,0.566778596,0.54141,0.594566154,0.701687576,0.6023,0.618471429,0.394015,0.370084063,0.395594375,0.6093775,0.650599,0.536605455,0.568185625,0.388483889,0.431251148,0.462789556,0.46903,0.77626,0.762926364,0.58951902,0.668274407,0.854725,0.714975556,0.753286,0.776505,0.706438333,0.635126744,0.743870526,0.777233333,0.860468889,0.803478286,0.68308,0.46882,0.72482,0.685168333,0.42637,0.635456667,0.479070526,0.441634286,0.867448889,0.85546254,0.84418,0.830146,0.782206667,0.62077,0.826482857,0.823111667,0.523135333,0.453570909,0.6003764,0.708635
1980,0.353873333,0.36416,0.78085375,0.63405,0.564604286,0.491728,0.691163333,0.465183333,0.815163684,0.697288,0.731481429,0.739072857,0.789275,0.72155,0.483097586,0.571928947,0.552113333,0.618300769,0.741573939,0.65541,0.681487714,0.435139821,0.409454375,0.410795625,0.483913333,0.627934333,0.580633636,0.661518125,0.397220556,0.429710492,0.495690889,0.5372047,0.78402,0.717615909,0.564898039,0.699033051,0.860011667,0.690818889,0.740604,0.74805,0.769678333,0.714090233,0.768507368,0.764476667,0.831097778,0.789211714,0.62472,0.57259,0.782623333,0.6996025,0.411542857,0.68174,0.529682105,0.477125714,0.839077778,0.826453333,0.82462,0.799924,0.778495,0.494279286,0.746452381,0.804433333,0.466444,0.389358182,0.6783084,0.743813333
1981,0.540176667,0.46906,0.74589125,0.609225,0.591634286,0.491242,0.703873333,0.4759824,0.749249474,0.625312286,0.753640714,0.680258571,0.824575,0.61821,0.443723103,0.58727614,0.458863333,0.543264615,0.719615758,0.68232,0.643254857,0.454981964,0.373450313,0.491295,0.4979825,0.595596333,0.611789091,0.695261875,0.442492222,0.465573279,0.480986667,0.5809756,0.72631,0.686463182,0.610543529,0.710100678,0.784275,0.665064444,0.693542,0.607687,0.742778333,0.68094186,0.769744737,0.689856667,0.758681111,0.776264286,0.81927,0.46948,0.754833333,0.603584167,0.402202857,0.70885,0.565717105,0.573822143,0.799313333,0.812400635,0.6997,0.798278,0.745985,0.519505,0.707807619,0.770038333,0.477866667,0.432260455,0.5777196,0.713366667
1982,0.597306667,0.51568,0.71598125,0.606825,0.50531,0.656966,0.675093333,0.507805867,0.734513158,0.615769429,0.702944286,0.591960952,0.797345,0.42758,0.467911379,0.484842281,0.452453333,0.527571538,0.701557576,0.62938,0.610772,0.436222143,0.37519125,0.52303125,0.497463333,0.582893833,0.623824545,0.63570625,0.40267,0.379842787,0.460219556,0.5597164,0.7327,0.687619091,0.632174118,0.675519322,0.745278333,0.656574444,0.70258,0.648294,0.679185,0.592135349,0.743060526,0.708163333,0.73358,0.703191714,0.88018,0.5822,0.74817,0.558470833,0.528378571,0.789136667,0.585438947,0.694375714,0.828796667,0.81574619,0.79283,0.790532,0.65866,0.548029643,0.67204,0.730023333,0.597608667,0.458114545,0.5834816,0.616318333
1983,0.491086667,0.46333,0.6501075,0.68695,0.555081429,0.671602,0.677866667,0.442867733,0.670760526,0.546136571,0.656533571,0.548898095,0.696185,0.38141,0.487555862,0.536385088,0.62546,0.536972308,0.679611818,0.63182,0.586926286,0.434942143,0.39399,0.388785,0.639384167,0.625203833,0.597557273,0.6344225,0.416203889,0.451875738,0.543352889,0.6002822,0.72566,0.657121818,0.611343333,0.673778305,0.630831667,0.541984444,0.677046,0.629543,0.587508333,0.539274651,0.695484737,0.7525,0.754076667,0.726665143,0.7144,0.55315,0.63924,0.486671667,0.476071429,0.652143333,0.563847632,0.548557143,0.802926667,0.798076032,0.7329,0.752272,0.647285,0.6042275,0.713188095,0.761226667,0.467098667,0.449481364,0.4793724,0.627066667
1984,0.568096667,0.44021,0.5076975,0.612095,0.502498571,0.632488,0.537926667,0.296916,0.539490526,0.417897429,0.480562143,0.503540952,0.66412,0.1675,0.330117241,0.398085088,0.41558,0.334717692,0.562196667,0.43647,0.475868571,0.29580875,0.333416875,0.308703125,0.59043,0.636265667,0.550041818,0.608325625,0.392353333,0.235922295,0.465384444,0.5121182,0.76881,0.643339091,0.533325294,0.594680169,0.437333333,0.435866667,0.491948,0.440125,0.533598333,0.346829767,0.566464737,0.66878,0.591197778,0.643366286,0.366,0.63479,0.508743333,0.4374625,0.460584286,0.518646667,0.530035526,0.490654286,0.764652222,0.770528254,0.67087,0.682492,0.56394,0.621182143,0.684477619,0.643863333,0.315187333,0.437522727,0.3731972,0.52886
1985,0.520903333,0.32458,0.48779,0.498965,0.413531429,0.606208,0.496493333,0.174403867,0.405121579,0.302,0.372787143,0.440070952,0.56681,0.06879,0.323586207,0.358975263,0.388196667,0.175923846,0.47015303,0.30259,0.384999714,0.242638929,0.324683438,0.146045625,0.555889167,0.534459167,0.465729091,0.529780625,0.321270556,0.193371475,0.428259556,0.4648115,0.73809,0.568977727,0.429513922,0.508241017,0.309056667,0.332441111,0.44028,0.339476,0.399993333,0.24629,0.450757368,0.537156667,0.48866,0.556522571,0.64186,0.56041,0.347583333,0.306734167,0.450494286,0.351026667,0.428307105,0.47596,0.685844444,0.70541127,0.63616,0.611196,0.469643333,0.555276071,0.582222381,0.581946667,0.246510667,0.416022727,0.2105144,0.30174
1986,0.498773333,0.34646,0.08806875,0.61386,0.318828571,0.428716,0.42146,0.0787588,0.183170526,0.112275143,0.169335714,0.076528095,0.32672,0.04002,0.236186897,0.194423158,0.213696667,0.112291538,0.30248,0.11061,0.210201143,0.148328571,0.180199063,0.067580625,0.489831667,0.404222,0.349237273,0.460355,0.202831667,0.121588033,0.287604,0.3604712,0.5896,0.396752273,0.313442157,0.388232034,0.041036667,0.0,0.140064,0.052925,0.206115,0.121990698,0.219534211,0.368496667,0.318655556,0.475972,0.5094,0.28476,1.0e-5,2.33e-5,0.26876,0.235426667,0.312866579,0.400666429,0.642496667,0.646159683,0.56251,0.556476,0.255283333,0.480538929,0.465158095,0.421586667,0.133356667,0.278259091,0.0735556,0.164443333
1987,0.290393333,0.25795,0.0,0.372135,0.210052857,0.265454,0.0,0.0,0.0,0.0,0.0,0.0,0.0,0.0,0.087742069,0.024553158,0.06344,0.0,0.0,0.0,0.0,0.032616429,0.025258438,0.0,0.339206667,0.256009333,0.143321818,0.29717875,0.13012,0.05394082,0.081744889,0.182612,0.00032,0.0,0.032588824,0.063257288,0.0,0.0,0.0,0.0,0.0,0.0,0.0,0.288696667,0.22998,0.298540857,0.0,0.0,0.0,0.0,0.183882857,0.188513333,0.187195526,0.172216429,0.434633333,0.426091429,0.33483,0.259986,0.0,0.261876429,0.205634762,0.178731667,0.0,0.000110909,0.0,0.0
1988,0.162653333,0.08505,0.0,0.0,0.0,0.0,0.0,0.0,0.0,0.0,0.0,0.0,0.0,0.0,0.0,0.0,0.0,0.0,0.0,0.0,0.0,0.0,0.0,0.0,0.0,0.0,0.0,0.0,0.0,0.0,0.0,0.0,0.0,0.0,0.0,0.0,0.0,0.0,0.0,0.0,0.0,0.0,0.0,0.0,0.0,0.0,0.0,0.0,0.0,0.0,0.0,0.0,0.0,0.0,0.0,2.05e-5,0.0,0.0,0.0,0.0,0.0,0.0,0.0,0.0,0.0,0.0
1989,0.0,0.0,0.0,0.0,0.0,0.0,0.0,0.0,0.0,0.0,0.0,0.0,0.0,0.0,0.0,0.0,0.0,0.0,0.0,0.0,0.0,0.0,0.0,0.0,0.0,0.0,0.0,0.0,0.0,0.0,0.0,0.0,0.0,0.0,0.0,0.0,0.0,0.0,0.0,0.0,0.0,0.0,0.0,0.0,0.0,0.0,0.0,0.0,0.0,0.0,0.0,0.0,0.0,0.0,0.0,0.0,0.0,0.0,0.0,0.0,0.0,0.0,0.0,0.0,0.0,0.0
1990,0.0,0.0,0.0,0.0,0.0,0.0,0.0,0.0,0.0,0.0,0.0,0.0,0.0,0.0,0.0,0.0,0.0,0.0,0.0,0.0,0.0,0.0,0.0,0.0,0.0,0.0,0.0,0.0,0.0,0.0,0.0,0.0,0.0,0.0,0.0,0.0,0.0,0.0,0.0,0.0,0.0,0.0,0.0,0.0,0.0,0.0,0.0,0.0,0.0,0.0,0.0,0.0,0.0,0.0,0.0,0.0,0.0,0.0,0.0,0.0,0.0,0.0,0.0,0.0,0.0,0.0
1991,0.0,0.0,0.0,0.0,0.0,0.0,0.0,0.0,0.0,0.0,0.0,0.0,0.0,0.0,0.0,0.0,0.0,0.0,0.0,0.0,0.0,0.0,0.0,0.0,0.0,0.0,0.0,0.0,0.0,0.0,0.0,0.0,0.0,0.0,0.0,0.0,0.0,0.0,0.0,0.0,0.0,0.0,0.0,0.0,0.0,0.0,0.0,0.0,0.0,0.0,0.0,0.0,0.0,0.0,0.0,0.0,0.0,0.0,0.0,0.0,0.0,0.0,0.0,0.0,0.0,0.0
1992,0.0,0.0,0.0,0.0,0.0,0.0,0.0,0.0,0.0,0.0,0.0,0.0,0.0,0.0,0.0,0.0,0.0,0.0,0.0,0.0,0.0,0.0,0.0,0.0,0.0,0.0,0.0,0.0,0.0,0.0,0.0,0.0,0.0,0.0,0.0,0.0,0.0,0.0,0.0,0.0,0.0,0.0,0.0,0.0,0.0,0.0,0.0,0.0,0.0,0.0,0.0,0.0,0.0,0.0,0.0,0.0,0.0,0.0,0.0,0.0,0.0,0.0,0.0,0.0,0.0,0.0
1993,0.0,0.0,0.0,0.0,0.0,0.0,0.0,0.0,0.0,0.0,0.0,0.0,0.0,0.0,0.0,0.0,0.0,0.0,0.0,0.0,0.0,0.0,0.0,0.0,0.0,0.0,0.0,0.0,0.0,0.0,0.0,0.0,0.0,0.0,0.0,0.0,0.0,0.0,0.0,0.0,0.0,0.0,0.0,0.0,0.0,0.0,0.0,0.0,0.0,0.0,0.0,0.0,0.0,0.0,0.0,0.0,0.0,0.0,0.0,0.0,0.0,0.0,0.0,0.0,0.0,0.0
1994,0.0,0.0,0.0,0.0,0.0,0.0,0.0,0.0,0.0,0.0,0.0,0.0,0.0,0.0,0.0,0.0,0.0,0.0,0.0,0.0,0.0,0.0,0.0,0.0,0.0,0.0,0.0,0.0,0.0,0.0,0.0,0.0,0.0,0.0,0.0,0.0,0.0,0.0,0.0,0.0,0.0,0.0,0.0,0.0,0.0,0.0,0.0,0.0,0.0,0.0,0.0,0.0,0.0,0.0,0.0,0.0,0.0,0.0,0.0,0.0,0.0,0.0,0.0,0.0,0.0,0.0
1995,0.0,0.0,0.0,0.0,0.0,0.0,0.0,0.0,0.0,0.0,0.0,0.0,0.0,0.0,0.0,0.0,0.0,0.0,0.0,0.0,0.0,0.0,0.0,0.0,0.0,0.0,0.0,0.0,0.0,0.0,0.0,0.0,0.0,0.0,0.0,0.0,0.0,0.0,0.0,0.0,0.0,0.0,0.0,0.0,0.0,0.0,0.0,0.0,0.0,0.0,0.0,0.0,0.0,0.0,0.0,0.0,0.0,0.0,0.0,0.0,0.0,0.0,0.0,0.0,0.0,0.0
1996,0.0,0.0,0.0,0.0,0.0,0.0,0.0,0.0,0.0,0.0,0.0,0.0,0.0,0.0,0.0,0.0,0.0,0.0,0.0,0.0,0.0,0.0,0.0,0.0,0.0,0.0,0.0,0.0,0.0,0.0,0.0,0.0,0.0,0.0,0.0,0.0,0.0,0.0,0.0,0.0,0.0,0.0,0.0,0.0,0.0,0.0,0.0,0.0,0.0,0.0,0.0,0.0,0.0,0.0,0.0,0.0,0.0,0.0,0.0,0.0,0.0,0.0,0.0,0.0,0.0,0.0
1997,0.0,0.0,0.0,0.0,0.0,0.0,0.0,0.0,0.0,0.0,0.0,0.0,0.0,0.0,0.0,0.0,0.0,0.0,0.0,0.0,0.0,0.0,0.0,0.0,0.0,0.0,0.0,0.0,0.0,0.0,0.0,0.0,0.0,0.0,0.0,0.0,0.0,0.0,0.0,0.0,0.0,0.0,0.0,0.0,0.0,0.0,0.0,0.0,0.0,0.0,0.0,0.0,0.0,0.0,0.0,0.0,0.0,0.0,0.0,0.0,0.0,0.0,0.0,0.0,0.0,0.0
1998,0.0,0.0,0.26920375,0.0,0.0,0.0,0.0,0.007208533,0.149871053,0.063818571,0.015104286,0.013796667,0.0,0.22805,0.0,0.0,0.0,0.0,0.0,0.0,0.0,5.57e-5,0.010209375,0.02751625,0.0,0.0,0.0,0.0,0.0,0.0,0.0,0.0,0.0,0.0,0.0,0.0,0.121105,0.123857778,0.116598,0.145555,0.000128333,0.0,0.0,0.0,0.0,0.0,0.36752,0.00298,0.15727,0.24891,0.0,0.0,0.0,0.0,0.000145556,5.98e-5,0.0,0.0,0.329938333,0.0,8.71e-5,0.054561667,0.0,0.0,0.0,0.0
1999,0.0,0.0,0.63250375,0.0,0.0,0.0,0.11676,0.165465467,0.355521579,0.229105429,0.317903571,0.41354619,0.498865,0.29036,0.122262759,0.078082105,0.04369,0.090294615,0.168766061,0.1456,0.171869429,0.123799643,0.205800313,0.160720625,0.4135475,0.252808833,0.134330909,0.186306875,0.159646667,0.101891475,0.098737333,0.0121008,0.0,0.352774091,0.05889,0.123730678,0.298708333,0.373216667,0.417376,0.490682,0.213571667,0.125670698,0.196892105,0.409533333,0.484472222,0.405987429,0.59278,0.54264,0.31247,0.490321667,0.0,0.0,0.0,0.0,0.291327778,0.522269206,0.02429,0.18004,0.587833333,0.48255,0.571142381,0.526788333,0.034944,0.011842273,0.0152372,0.082315
2000,0.10988,0.34554,0.70404375,0.119955,0.066752857,0.251424,0.41965,0.259405867,0.459317368,0.365013143,0.329566429,0.499652381,0.567175,0.49618,0.305594828,0.218104737,0.18504,0.220420769,0.216935152,0.23748,0.235801714,0.208761786,0.326174375,0.258081875,0.672294167,0.459277167,0.154378182,0.27732875,0.415908889,0.309317541,0.203639778,0.2509739,0.57347,0.603041818,0.200673922,0.349654746,0.465321667,0.478398889,0.41159,0.565731,0.187078333,0.203329767,0.314186842,0.702676667,0.761664444,0.685067714,0.61514,0.64893,0.56518,0.583453333,0.059017143,0.065293333,0.086605263,0.172955714,0.58345,0.728911429,0.69581,0.540306,0.723826667,0.729250714,0.775932857,0.719778333,0.069742667,0.065130909,0.048178,0.097913333
2001,0.322713333,0.44952,0.757185,0.245345,0.170795714,0.3507,0.599363333,0.362392533,0.609735789,0.507015429,0.341775714,0.469948095,0.492405,0.52127,0.472544828,0.316600526,0.354003333,0.274013846,0.359326061,0.24706,0.352622857,0.275967143,0.36735375,0.210334375,0.717296667,0.608518833,0.248339091,0.347430625,0.546518333,0.474992623,0.338646889,0.4181185,0.70799,0.73748,0.304895686,0.483207458,0.374058333,0.471405556,0.42177,0.638853,0.291598333,0.333050233,0.36056,0.770796667,0.796547778,0.812848,0.68054,0.73313,0.490913333,0.606570833,0.121747143,0.112053333,0.216601579,0.239282857,0.687262222,0.838455873,0.68113,0.717408,0.804883333,0.8058175,0.862599524,0.819703333,0.099934667,0.116764091,0.0944388,0.200743333
2002,0.514133333,0.54124,0.78638125,0.441045,0.249525714,0.434986,0.681526667,0.4103284,0.629718947,0.516166857,0.38971,0.548811905,0.548335,0.68513,0.509824483,0.422951404,0.491273333,0.360763846,0.422364545,0.2891,0.419180857,0.349175714,0.48975125,0.326461875,0.782990833,0.698730667,0.339469091,0.4241925,0.613937222,0.551029344,0.500393111,0.5134156,0.64666,0.782625455,0.422966471,0.561958983,0.462408333,0.480411111,0.361796,0.62622,0.4236,0.38516186,0.412912632,0.90052,0.864252222,0.884716571,0.71027,0.65565,0.509976667,0.5280775,0.176577143,0.348223333,0.309235263,0.359204286,0.797118889,0.893906349,0.76243,0.75288,0.793756667,0.814436429,0.866967619,0.864353333,0.187993333,0.167835,0.135996,0.347203333
2003,0.55314,0.68534,0.71145875,0.46574,0.292852857,0.618184,0.65819,0.465902667,0.632675263,0.539628571,0.383076429,0.565707143,0.53381,0.6791,0.580687586,0.527459825,0.437966667,0.376700769,0.502081818,0.59086,0.481406571,0.392568036,0.487900938,0.406944375,0.793856667,0.689996333,0.406630909,0.501989375,0.684391111,0.612874754,0.577640889,0.5729885,0.72354,0.789125455,0.452129804,0.595021017,0.382683333,0.441206667,0.405582,0.549907,0.433863333,0.425978372,0.44777,0.90101,0.903225556,0.884892286,0.70908,0.76669,0.423266667,0.447753333,0.211404286,0.46461,0.402482895,0.454951429,0.82981,0.903079206,0.79979,0.794314,0.733648333,0.804447143,0.850242381,0.89681,0.285388667,0.266543182,0.2117108,0.30992
2004,0.673603333,0.77745,0.6465125,0.352175,0.343804286,0.670566,0.682293333,0.456061333,0.655421579,0.561786571,0.430737143,0.626195238,0.582745,0.61694,0.640059655,0.472493509,0.5028,0.435905385,0.540126061,0.20228,0.488813714,0.417745893,0.414092188,0.407603125,0.810023333,0.697285333,0.48952,0.5179925,0.667331111,0.541038197,0.510847778,0.6111919,0.7702,0.774091818,0.483456471,0.614058475,0.350895,0.416047778,0.613112,0.574634,0.523016667,0.414250233,0.534974737,0.883966667,0.874602222,0.847973143,0.67159,0.7346,0.337516667,0.427308333,0.352675714,0.47792,0.456613684,0.520462143,0.848527778,0.904922381,0.81182,0.81044,0.69095,0.798088929,0.84599619,0.831,0.312064,0.275664091,0.2925456,0.352883333
2005,0.755543333,0.79989,0.53225375,0.44605,0.391082857,0.63514,0.67411,0.509133467,0.675521579,0.541833714,0.400078571,0.641185714,0.560065,0.57146,0.627707586,0.476034211,0.358563333,0.463937692,0.505328182,0.39889,0.521174571,0.412348929,0.456150938,0.45320375,0.741699167,0.696458,0.574525455,0.6401075,0.574580556,0.515671475,0.452203333,0.5858182,0.78111,0.706097727,0.475182157,0.625637119,0.427478333,0.49061,0.57298,0.570119,0.45679,0.480945581,0.521623684,0.852743333,0.823102222,0.806405429,0.67462,0.80723,0.41782,0.445975833,0.435295714,0.35009,0.452148684,0.571637143,0.843303333,0.897486508,0.76683,0.77727,0.573181667,0.770917857,0.8051,0.847738333,0.421117333,0.322652273,0.2634176,0.402556667
2006,0.747203333,0.80465,0.64527,0.48983,0.369855714,0.649468,0.63623,0.5077808,0.652257895,0.506032857,0.513234286,0.66107619,0.57437,0.59642,0.605852069,0.47032807,0.3919,0.388596154,0.522783333,0.42402,0.563832857,0.422720179,0.439312188,0.412631875,0.695865833,0.6864755,0.595482727,0.684935,0.573580556,0.48127377,0.447842222,0.5650568,0.66337,0.686898636,0.518115882,0.599546949,0.502768333,0.547687778,0.643492,0.5675,0.550106667,0.423664419,0.537782105,0.789653333,0.814445556,0.777615143,0.67286,0.66316,0.493516667,0.466933333,0.45508,0.479206667,0.499775263,0.510537857,0.854687778,0.887276825,0.71748,0.756594,0.596545,0.733736071,0.787211905,0.795896667,0.531435333,0.362029091,0.3360924,0.38793
2007,0.747576667,0.75625,0.676595,0.49644,0.363297143,0.685794,0.58679,0.438360267,0.621946842,0.46829,0.580365714,0.646740476,0.71671,0.45294,0.556381034,0.480491754,0.373893333,0.306123846,0.45174,0.35016,0.482583714,0.429016964,0.466825938,0.31098625,0.654553333,0.641015833,0.528336364,0.6502675,0.553857778,0.417310984,0.439546667,0.5292088,0.73344,0.625034545,0.483493922,0.594074746,0.594248333,0.533861111,0.540054,0.586858,0.487633333,0.356283256,0.460373158,0.759823333,0.731004444,0.759529714,0.66305,0.49538,0.580766667,0.467266667,0.449412857,0.487136667,0.497148684,0.496164286,0.822883333,0.880783333,0.77436,0.703854,0.594753333,0.717530714,0.745713333,0.769148333,0.490202,0.413594091,0.36419,0.472896667
2008,0.658193333,0.61924,0.556565,0.52601,0.441612857,0.466526,0.45004,0.220108933,0.40028,0.239799429,0.425725714,0.463858571,0.491815,0.4248,0.51180069,0.373122281,0.38254,0.31989,0.337240303,0.56604,0.520671143,0.382896786,0.525259063,0.22325375,0.637590833,0.537658667,0.428441818,0.479156875,0.511531667,0.362705902,0.340173111,0.4192756,0.78079,0.570409091,0.455078431,0.610862542,0.494056667,0.473272222,0.42614,0.465054,0.358901667,0.157483488,0.244871579,0.6114,0.648167778,0.669060286,0.43593,0.16625,0.501093333,0.476165833,0.228591429,0.172103333,0.289871316,0.478864286,0.807494444,0.897968571,0.48985,0.745958,0.515026667,0.692898214,0.705659048,0.7271,0.336696,0.282514091,0.3319508,0.472266667
2009,0.500663333,0.58546,0.48506375,0.523425,0.34229,0.388174,0.511786667,0.1207056,0.305575263,0.126848,0.318368571,0.395425714,0.415185,0.3931,0.422160345,0.378051053,0.339146667,0.177968462,0.249124545,0.37732,0.415463714,0.299584107,0.453380938,0.096171875,0.616831667,0.436857667,0.308794545,0.3821175,0.340835,0.261913607,0.248284444,0.3172064,0.68409,0.519247273,0.361505098,0.49221661,0.428886667,0.37182,0.22829,0.296994,0.166805,0.109677674,0.113121579,0.59559,0.543803333,0.568534,0.41454,0.26773,0.388666667,0.402739167,0.2189,0.289416667,0.283786316,0.374662143,0.80258,0.85587619,0.64371,0.632076,0.437973333,0.643164643,0.617155238,0.620941667,0.190048,0.191431364,0.2109116,0.423056667
2010,0.513416667,0.38137,0.0607575,0.374155,0.242648571,0.305718,0.30827,0.053124,0.124885789,0.037824857,0.130235,0.055982857,0.264515,0.11428,0.312774828,0.228581579,0.16006,0.100884615,0.129180303,0.22868,0.234342,0.185180179,0.304886563,0.04632625,0.412649167,0.273024,0.158930909,0.254525,0.250022778,0.165558361,0.104028,0.1950767,0.4947,0.316364545,0.228285882,0.348387458,0.057245,0.0,0.079696,0.022761,0.029121667,0.076512558,0.054292632,0.39896,0.382024444,0.505174,0.3796,0.10356,7.67e-5,1.17e-5,0.168404286,0.16904,0.202672632,0.304187143,0.666442222,0.75558619,0.46317,0.514824,0.229401667,0.464253571,0.528473333,0.474395,0.12293,0.128531364,0.115432,0.250378333
2011,0.346163333,0.19108,0.0,0.108905,0.158278571,0.19235,0.0,0.0,0.0,0.0,0.0,0.0,0.0,0.0,0.174481379,0.075782456,0.07088,0.0,0.0,0.0,0.0,0.037240714,0.02396375,0.0,0.243536667,0.121606833,0.061337273,0.12394,0.104881667,0.054344754,0.025317556,0.0777892,0.0004,0.0,0.030287647,0.047866102,0.0,0.0,0.0,0.0,0.0,0.0,0.0,0.26837,0.25902,0.283662571,0.0,0.0,0.0,0.0,0.065904286,0.11986,0.107236842,0.157000714,0.493592222,0.547500159,0.23982,0.326062,0.0,0.242766786,0.240677143,0.231853333,0.0,0.000204091,0.0,0.0
2012,0.094353333,0.18335,0.0,0.0,0.0,0.0,0.0,0.0,0.0,0.0,0.0,0.0,0.0,0.0,0.0,0.0,0.0,0.0,0.0,0.0,0.0,0.0,0.0,0.0,0.0,0.0,0.0,0.0,0.0,0.0,0.0,0.0,0.0,0.0,0.0,0.0,0.0,0.0,0.0,0.0,0.0,0.0,0.0,0.0,0.0,0.0,0.0,0.0,0.0,0.0,0.0,0.000246667,3.79e-5,0.0,0.0,2.13e-5,0.0,0.0,0.0,0.0,0.0,0.0,0.0,0.0,0.0,0.0
2013,0.0,0.0,0.0,0.0,0.0,0.0,0.0,0.0,0.0,0.0,0.0,0.0,0.0,0.0,0.0,0.0,0.0,0.0,0.0,0.0,0.0,0.0,0.0,0.0,0.0,0.0,0.0,0.0,0.0,0.0,0.0,0.0,0.0,0.0,0.0,0.0,0.0,0.0,0.0,0.0,0.0,0.0,0.0,0.0,0.0,0.0,0.0,0.0,0.0,0.0,0.0,0.0,0.0,0.0,0.0,0.0,0.0,0.0,0.0,0.0,0.0,0.0,0.0,0.0,0.0,0.0
2014,0.0,0.0,0.0,0.0,0.0,0.0,0.0,0.0,0.0,0.0,0.0,0.0,0.0,0.0,0.0,0.0,0.0,0.0,0.0,0.0,0.0,0.0,0.0,0.0,0.0,0.0,0.0,0.0,0.0,0.0,0.0,0.0,0.0,0.0,0.0,0.0,0.0,0.0,0.0,0.0,0.0,0.0,0.0,0.0,0.0,0.0,0.0,0.0,0.0,0.0,0.0,0.0,0.0,0.0,0.0,0.0,0.0,0.0,0.0,0.0,0.0,0.0,0.0,0.0,0.0,0.0
2015,0.0,0.0,0.0,0.0,0.0,0.0,0.0,0.0,0.0,0.0,0.0,0.0,0.0,0.0,0.0,0.0,0.0,0.0,0.0,0.0,0.0,0.0,0.0,0.0,0.0,0.0,0.0,0.0,0.0,0.0,0.0,0.0,0.0,0.0,0.0,0.0,0.0,0.0,0.0,0.0,0.0,0.0,0.0,0.0,0.0,0.0,0.0,0.0,0.0,0.0,0.0,0.0,0.0,0.0,0.0,0.0,0.0,0.0,0.0,0.0,0.0,0.0,0.0,0.0,0.0,0.0
2016,0.0,0.0,0.0,0.0,0.0,0.0,0.0,0.0,0.0,0.0,0.0,0.0,0.0,0.0,0.0,0.0,0.0,0.0,0.0,0.0,0.0,0.0,0.0,0.0,0.0,0.0,0.0,0.0,0.0,0.0,0.0,0.0,0.0,0.0,0.0,0.0,0.0,0.0,0.0,0.0,0.0,0.0,0.0,0.0,0.0,0.0,0.0,0.0,0.0,0.0,0.0,0.0,0.0,0.0,0.0,0.0,0.0,0.0,0.0,0.0,0.0,0.0,0.0,0.0,0.0,0.0
