Time_Index,Demand_Ethanol,Demand_Gasoline,Demand_Flexfuel,Demand_Jetfuel,Demand_SAF_Jetfuel,Demand_fossil_Jetfuel,Demand_Diesel,Demand_BioDiesel,Unnamed: 9,Unnamed: 10
1,14151.90536,3525.14621,24997.32521,2394.22282,598.55571,2992.77853,68072.9951209313,20570.304964195315,0.0,0.0
2,14151.90536,3525.14621,24997.32521,2394.22282,598.55571,2992.77853,68072.9951209313,20570.304964195315,0.0,0.0
3,14151.90536,3525.14621,24997.32521,2394.22282,598.55571,2992.77853,68072.9951209313,20570.304964195315,0.0,0.0
4,14151.90536,3525.14621,24997.32521,2394.22282,598.55571,2992.77853,68072.9951209313,20570.304964195315,0.0,0.0
5,14151.90536,3525.14621,24997.32521,2394.22282,598.55571,2992.77853,68072.9951209313,20570.304964195315,0.0,0.0
6,14151.90536,3525.14621,24997.32521,2394.22282,598.55571,2992.77853,68072.9951209313,20570.304964195315,0.0,0.0
7,14151.90536,3525.14621,24997.32521,2394.22282,598.55571,2992.77853,68072.9951209313,20570.304964195315,0.0,0.0
8,14151.90536,3525.14621,24997.32521,2394.22282,598.55571,2992.77853,68072.9951209313,20570.304964195315,0.0,0.0
9,14151.90536,3525.14621,24997.32521,2394.22282,598.55571,2992.77853,68072.9951209313,20570.304964195315,0.0,0.0
10,14151.90536,3525.14621,24997.32521,2394.22282,598.55571,2992.77853,68072.9951209313,20570.304964195315,0.0,0.0
11,14151.90536,3525.14621,24997.32521,2394.22282,598.55571,2992.77853,68072.9951209313,20570.304964195315,0.0,0.0
12,14151.90536,3525.14621,24997.32521,2394.22282,598.55571,2992.77853,68072.9951209313,20570.304964195315,0.0,0.0
13,14151.90536,3525.14621,24997.32521,2394.22282,598.55571,2992.77853,68072.9951209313,20570.304964195315,0.0,0.0
14,14151.90536,3525.14621,24997.32521,2394.22282,598.55571,2992.77853,68072.9951209313,20570.304964195315,0.0,0.0
15,14151.90536,3525.14621,24997.32521,2394.22282,598.55571,2992.77853,68072.9951209313,20570.304964195315,0.0,0.0
16,14151.90536,3525.14621,24997.32521,2394.22282,598.55571,2992.77853,68072.9951209313,20570.304964195315,0.0,0.0
17,14151.90536,3525.14621,24997.32521,2394.22282,598.55571,2992.77853,68072.9951209313,20570.304964195315,0.0,0.0
18,14151.90536,3525.14621,24997.32521,2394.22282,598.55571,2992.77853,68072.9951209313,20570.304964195315,0.0,0.0
19,14151.90536,3525.14621,24997.32521,2394.22282,598.55571,2992.77853,68072.9951209313,20570.304964195315,0.0,0.0
20,14151.90536,3525.14621,24997.32521,2394.22282,598.55571,2992.77853,68072.9951209313,20570.304964195315,0.0,0.0
21,14151.90536,3525.14621,24997.32521,2394.22282,598.55571,2992.77853,68072.9951209313,20570.304964195315,0.0,0.0
22,14151.90536,3525.14621,24997.32521,2394.22282,598.55571,2992.77853,68072.9951209313,20570.304964195315,0.0,0.0
23,14151.90536,3525.14621,24997.32521,2394.22282,598.55571,2992.77853,68072.9951209313,20570.304964195315,0.0,0.0
24,14151.90536,3525.14621,24997.32521,2394.22282,598.55571,2992.77853,68072.9951209313,20570.304964195315,0.0,0.0
25,14151.90536,3525.14621,24997.32521,2394.22282,598.55571,2992.77853,68072.9951209313,20570.304964195315,0.0,0.0
26,14151.90536,3525.14621,24997.32521,2394.22282,598.55571,2992.77853,68072.9951209313,20570.304964195315,0.0,0.0
27,14151.90536,3525.14621,24997.32521,2394.22282,598.55571,2992.77853,68072.9951209313,20570.304964195315,0.0,0.0
28,14151.90536,3525.14621,24997.32521,2394.22282,598.55571,2992.77853,68072.9951209313,20570.304964195315,0.0,0.0
29,14151.90536,3525.14621,24997.32521,2394.22282,598.55571,2992.77853,68072.9951209313,20570.304964195315,0.0,0.0
30,14151.90536,3525.14621,24997.32521,2394.22282,598.55571,2992.77853,68072.9951209313,20570.304964195315,0.0,0.0
31,14151.90536,3525.14621,24997.32521,2394.22282,598.55571,2992.77853,68072.9951209313,20570.304964195315,0.0,0.0
32,14151.90536,3525.14621,24997.32521,2394.22282,598.55571,2992.77853,68072.9951209313,20570.304964195315,0.0,0.0
33,14151.90536,3525.14621,24997.32521,2394.22282,598.55571,2992.77853,68072.9951209313,20570.304964195315,0.0,0.0
34,14151.90536,3525.14621,24997.32521,2394.22282,598.55571,2992.77853,68072.9951209313,20570.304964195315,0.0,0.0
35,14151.90536,3525.14621,24997.32521,2394.22282,598.55571,2992.77853,68072.9951209313,20570.304964195315,0.0,0.0
36,14151.90536,3525.14621,24997.32521,2394.22282,598.55571,2992.77853,68072.9951209313,20570.304964195315,0.0,0.0
37,14151.90536,3525.14621,24997.32521,2394.22282,598.55571,2992.77853,68072.9951209313,20570.304964195315,0.0,0.0
38,14151.90536,3525.14621,24997.32521,2394.22282,598.55571,2992.77853,68072.9951209313,20570.304964195315,0.0,0.0
39,14151.90536,3525.14621,24997.32521,2394.22282,598.55571,2992.77853,68072.9951209313,20570.304964195315,0.0,0.0
40,14151.90536,3525.14621,24997.32521,2394.22282,598.55571,2992.77853,68072.9951209313,20570.304964195315,0.0,0.0
41,14151.90536,3525.14621,24997.32521,2394.22282,598.55571,2992.77853,68072.9951209313,20570.304964195315,0.0,0.0
42,14151.90536,3525.14621,24997.32521,2394.22282,598.55571,2992.77853,68072.9951209313,20570.304964195315,0.0,0.0
43,14151.90536,3525.14621,24997.32521,2394.22282,598.55571,2992.77853,68072.9951209313,20570.304964195315,0.0,0.0
44,14151.90536,3525.14621,24997.32521,2394.22282,598.55571,2992.77853,68072.9951209313,20570.304964195315,0.0,0.0
45,14151.90536,3525.14621,24997.32521,2394.22282,598.55571,2992.77853,68072.9951209313,20570.304964195315,0.0,0.0
46,14151.90536,3525.14621,24997.32521,2394.22282,598.55571,2992.77853,68072.9951209313,20570.304964195315,0.0,0.0
47,14151.90536,3525.14621,24997.32521,2394.22282,598.55571,2992.77853,68072.9951209313,20570.304964195315,0.0,0.0
48,14151.90536,3525.14621,24997.32521,2394.22282,598.55571,2992.77853,68072.9951209313,20570.304964195315,0.0,0.0
49,14151.90536,3525.14621,24997.32521,2394.22282,598.55571,2992.77853,68072.9951209313,20570.304964195315,0.0,0.0
50,14151.90536,3525.14621,24997.32521,2394.22282,598.55571,2992.77853,68072.9951209313,20570.304964195315,0.0,0.0
51,14151.90536,3525.14621,24997.32521,2394.22282,598.55571,2992.77853,68072.9951209313,20570.304964195315,0.0,0.0
52,14151.90536,3525.14621,24997.32521,2394.22282,598.55571,2992.77853,68072.9951209313,20570.304964195315,0.0,0.0
53,14151.90536,3525.14621,24997.32521,2394.22282,598.55571,2992.77853,68072.9951209313,20570.304964195315,0.0,0.0
54,14151.90536,3525.14621,24997.32521,2394.22282,598.55571,2992.77853,68072.9951209313,20570.304964195315,0.0,0.0
55,14151.90536,3525.14621,24997.32521,2394.22282,598.55571,2992.77853,68072.9951209313,20570.304964195315,0.0,0.0
56,14151.90536,3525.14621,24997.32521,2394.22282,598.55571,2992.77853,68072.9951209313,20570.304964195315,0.0,0.0
57,14151.90536,3525.14621,24997.32521,2394.22282,598.55571,2992.77853,68072.9951209313,20570.304964195315,0.0,0.0
58,14151.90536,3525.14621,24997.32521,2394.22282,598.55571,2992.77853,68072.9951209313,20570.304964195315,0.0,0.0
59,14151.90536,3525.14621,24997.32521,2394.22282,598.55571,2992.77853,68072.9951209313,20570.304964195315,0.0,0.0
60,14151.90536,3525.14621,24997.32521,2394.22282,598.55571,2992.77853,68072.9951209313,20570.304964195315,0.0,0.0
61,14151.90536,3525.14621,24997.32521,2394.22282,598.55571,2992.77853,68072.9951209313,20570.304964195315,0.0,0.0
62,14151.90536,3525.14621,24997.32521,2394.22282,598.55571,2992.77853,68072.9951209313,20570.304964195315,0.0,0.0
63,14151.90536,3525.14621,24997.32521,2394.22282,598.55571,2992.77853,68072.9951209313,20570.304964195315,0.0,0.0
64,14151.90536,3525.14621,24997.32521,2394.22282,598.55571,2992.77853,68072.9951209313,20570.304964195315,0.0,0.0
65,14151.90536,3525.14621,24997.32521,2394.22282,598.55571,2992.77853,68072.9951209313,20570.304964195315,0.0,0.0
66,14151.90536,3525.14621,24997.32521,2394.22282,598.55571,2992.77853,68072.9951209313,20570.304964195315,0.0,0.0
67,14151.90536,3525.14621,24997.32521,2394.22282,598.55571,2992.77853,68072.9951209313,20570.304964195315,0.0,0.0
68,14151.90536,3525.14621,24997.32521,2394.22282,598.55571,2992.77853,68072.9951209313,20570.304964195315,0.0,0.0
69,14151.90536,3525.14621,24997.32521,2394.22282,598.55571,2992.77853,68072.9951209313,20570.304964195315,0.0,0.0
70,14151.90536,3525.14621,24997.32521,2394.22282,598.55571,2992.77853,68072.9951209313,20570.304964195315,0.0,0.0
71,14151.90536,3525.14621,24997.32521,2394.22282,598.55571,2992.77853,68072.9951209313,20570.304964195315,0.0,0.0
72,14151.90536,3525.14621,24997.32521,2394.22282,598.55571,2992.77853,68072.9951209313,20570.304964195315,0.0,0.0
73,14151.90536,3525.14621,24997.32521,2394.22282,598.55571,2992.77853,68072.9951209313,20570.304964195315,0.0,0.0
74,14151.90536,3525.14621,24997.32521,2394.22282,598.55571,2992.77853,68072.9951209313,20570.304964195315,0.0,0.0
75,14151.90536,3525.14621,24997.32521,2394.22282,598.55571,2992.77853,68072.9951209313,20570.304964195315,0.0,0.0
76,14151.90536,3525.14621,24997.32521,2394.22282,598.55571,2992.77853,68072.9951209313,20570.304964195315,0.0,0.0
77,14151.90536,3525.14621,24997.32521,2394.22282,598.55571,2992.77853,68072.9951209313,20570.304964195315,0.0,0.0
78,14151.90536,3525.14621,24997.32521,2394.22282,598.55571,2992.77853,68072.9951209313,20570.304964195315,0.0,0.0
79,14151.90536,3525.14621,24997.32521,2394.22282,598.55571,2992.77853,68072.9951209313,20570.304964195315,0.0,0.0
80,14151.90536,3525.14621,24997.32521,2394.22282,598.55571,2992.77853,68072.9951209313,20570.304964195315,0.0,0.0
81,14151.90536,3525.14621,24997.32521,2394.22282,598.55571,2992.77853,68072.9951209313,20570.304964195315,0.0,0.0
82,14151.90536,3525.14621,24997.32521,2394.22282,598.55571,2992.77853,68072.9951209313,20570.304964195315,0.0,0.0
83,14151.90536,3525.14621,24997.32521,2394.22282,598.55571,2992.77853,68072.9951209313,20570.304964195315,0.0,0.0
84,14151.90536,3525.14621,24997.32521,2394.22282,598.55571,2992.77853,68072.9951209313,20570.304964195315,0.0,0.0
85,14151.90536,3525.14621,24997.32521,2394.22282,598.55571,2992.77853,68072.9951209313,20570.304964195315,0.0,0.0
86,14151.90536,3525.14621,24997.32521,2394.22282,598.55571,2992.77853,68072.9951209313,20570.304964195315,0.0,0.0
87,14151.90536,3525.14621,24997.32521,2394.22282,598.55571,2992.77853,68072.9951209313,20570.304964195315,0.0,0.0
88,14151.90536,3525.14621,24997.32521,2394.22282,598.55571,2992.77853,68072.9951209313,20570.304964195315,0.0,0.0
89,14151.90536,3525.14621,24997.32521,2394.22282,598.55571,2992.77853,68072.9951209313,20570.304964195315,0.0,0.0
90,14151.90536,3525.14621,24997.32521,2394.22282,598.55571,2992.77853,68072.9951209313,20570.304964195315,0.0,0.0
91,14151.90536,3525.14621,24997.32521,2394.22282,598.55571,2992.77853,68072.9951209313,20570.304964195315,0.0,0.0
92,14151.90536,3525.14621,24997.32521,2394.22282,598.55571,2992.77853,68072.9951209313,20570.304964195315,0.0,0.0
93,14151.90536,3525.14621,24997.32521,2394.22282,598.55571,2992.77853,68072.9951209313,20570.304964195315,0.0,0.0
94,14151.90536,3525.14621,24997.32521,2394.22282,598.55571,2992.77853,68072.9951209313,20570.304964195315,0.0,0.0
95,14151.90536,3525.14621,24997.32521,2394.22282,598.55571,2992.77853,68072.9951209313,20570.304964195315,0.0,0.0
96,14151.90536,3525.14621,24997.32521,2394.22282,598.55571,2992.77853,68072.9951209313,20570.304964195315,0.0,0.0
97,14151.90536,3525.14621,24997.32521,2394.22282,598.55571,2992.77853,68072.9951209313,20570.304964195315,0.0,0.0
98,14151.90536,3525.14621,24997.32521,2394.22282,598.55571,2992.77853,68072.9951209313,20570.304964195315,0.0,0.0
99,14151.90536,3525.14621,24997.32521,2394.22282,598.55571,2992.77853,68072.9951209313,20570.304964195315,0.0,0.0
100,14151.90536,3525.14621,24997.32521,2394.22282,598.55571,2992.77853,68072.9951209313,20570.304964195315,0.0,0.0
101,14151.90536,3525.14621,24997.32521,2394.22282,598.55571,2992.77853,68072.9951209313,20570.304964195315,0.0,0.0
102,14151.90536,3525.14621,24997.32521,2394.22282,598.55571,2992.77853,68072.9951209313,20570.304964195315,0.0,0.0
103,14151.90536,3525.14621,24997.32521,2394.22282,598.55571,2992.77853,68072.9951209313,20570.304964195315,0.0,0.0
104,14151.90536,3525.14621,24997.32521,2394.22282,598.55571,2992.77853,68072.9951209313,20570.304964195315,0.0,0.0
105,14151.90536,3525.14621,24997.32521,2394.22282,598.55571,2992.77853,68072.9951209313,20570.304964195315,0.0,0.0
106,14151.90536,3525.14621,24997.32521,2394.22282,598.55571,2992.77853,68072.9951209313,20570.304964195315,0.0,0.0
107,14151.90536,3525.14621,24997.32521,2394.22282,598.55571,2992.77853,68072.9951209313,20570.304964195315,0.0,0.0
108,14151.90536,3525.14621,24997.32521,2394.22282,598.55571,2992.77853,68072.9951209313,20570.304964195315,0.0,0.0
109,14151.90536,3525.14621,24997.32521,2394.22282,598.55571,2992.77853,68072.9951209313,20570.304964195315,0.0,0.0
110,14151.90536,3525.14621,24997.32521,2394.22282,598.55571,2992.77853,68072.9951209313,20570.304964195315,0.0,0.0
111,14151.90536,3525.14621,24997.32521,2394.22282,598.55571,2992.77853,68072.9951209313,20570.304964195315,0.0,0.0
112,14151.90536,3525.14621,24997.32521,2394.22282,598.55571,2992.77853,68072.9951209313,20570.304964195315,0.0,0.0
113,14151.90536,3525.14621,24997.32521,2394.22282,598.55571,2992.77853,68072.9951209313,20570.304964195315,0.0,0.0
114,14151.90536,3525.14621,24997.32521,2394.22282,598.55571,2992.77853,68072.9951209313,20570.304964195315,0.0,0.0
115,14151.90536,3525.14621,24997.32521,2394.22282,598.55571,2992.77853,68072.9951209313,20570.304964195315,0.0,0.0
116,14151.90536,3525.14621,24997.32521,2394.22282,598.55571,2992.77853,68072.9951209313,20570.304964195315,0.0,0.0
117,14151.90536,3525.14621,24997.32521,2394.22282,598.55571,2992.77853,68072.9951209313,20570.304964195315,0.0,0.0
118,14151.90536,3525.14621,24997.32521,2394.22282,598.55571,2992.77853,68072.9951209313,20570.304964195315,0.0,0.0
119,14151.90536,3525.14621,24997.32521,2394.22282,598.55571,2992.77853,68072.9951209313,20570.304964195315,0.0,0.0
120,14151.90536,3525.14621,24997.32521,2394.22282,598.55571,2992.77853,68072.9951209313,20570.304964195315,0.0,0.0
121,14151.90536,3525.14621,24997.32521,2394.22282,598.55571,2992.77853,68072.9951209313,20570.304964195315,0.0,0.0
122,14151.90536,3525.14621,24997.32521,2394.22282,598.55571,2992.77853,68072.9951209313,20570.304964195315,0.0,0.0
123,14151.90536,3525.14621,24997.32521,2394.22282,598.55571,2992.77853,68072.9951209313,20570.304964195315,0.0,0.0
124,14151.90536,3525.14621,24997.32521,2394.22282,598.55571,2992.77853,68072.9951209313,20570.304964195315,0.0,0.0
125,14151.90536,3525.14621,24997.32521,2394.22282,598.55571,2992.77853,68072.9951209313,20570.304964195315,0.0,0.0
126,14151.90536,3525.14621,24997.32521,2394.22282,598.55571,2992.77853,68072.9951209313,20570.304964195315,0.0,0.0
127,14151.90536,3525.14621,24997.32521,2394.22282,598.55571,2992.77853,68072.9951209313,20570.304964195315,0.0,0.0
128,14151.90536,3525.14621,24997.32521,2394.22282,598.55571,2992.77853,68072.9951209313,20570.304964195315,0.0,0.0
129,14151.90536,3525.14621,24997.32521,2394.22282,598.55571,2992.77853,68072.9951209313,20570.304964195315,0.0,0.0
130,14151.90536,3525.14621,24997.32521,2394.22282,598.55571,2992.77853,68072.9951209313,20570.304964195315,0.0,0.0
131,14151.90536,3525.14621,24997.32521,2394.22282,598.55571,2992.77853,68072.9951209313,20570.304964195315,0.0,0.0
132,14151.90536,3525.14621,24997.32521,2394.22282,598.55571,2992.77853,68072.9951209313,20570.304964195315,0.0,0.0
133,14151.90536,3525.14621,24997.32521,2394.22282,598.55571,2992.77853,68072.9951209313,20570.304964195315,0.0,0.0
134,14151.90536,3525.14621,24997.32521,2394.22282,598.55571,2992.77853,68072.9951209313,20570.304964195315,0.0,0.0
135,14151.90536,3525.14621,24997.32521,2394.22282,598.55571,2992.77853,68072.9951209313,20570.304964195315,0.0,0.0
136,14151.90536,3525.14621,24997.32521,2394.22282,598.55571,2992.77853,68072.9951209313,20570.304964195315,0.0,0.0
137,14151.90536,3525.14621,24997.32521,2394.22282,598.55571,2992.77853,68072.9951209313,20570.304964195315,0.0,0.0
138,14151.90536,3525.14621,24997.32521,2394.22282,598.55571,2992.77853,68072.9951209313,20570.304964195315,0.0,0.0
139,14151.90536,3525.14621,24997.32521,2394.22282,598.55571,2992.77853,68072.9951209313,20570.304964195315,0.0,0.0
140,14151.90536,3525.14621,24997.32521,2394.22282,598.55571,2992.77853,68072.9951209313,20570.304964195315,0.0,0.0
141,14151.90536,3525.14621,24997.32521,2394.22282,598.55571,2992.77853,68072.9951209313,20570.304964195315,0.0,0.0
142,14151.90536,3525.14621,24997.32521,2394.22282,598.55571,2992.77853,68072.9951209313,20570.304964195315,0.0,0.0
143,14151.90536,3525.14621,24997.32521,2394.22282,598.55571,2992.77853,68072.9951209313,20570.304964195315,0.0,0.0
144,14151.90536,3525.14621,24997.32521,2394.22282,598.55571,2992.77853,68072.9951209313,20570.304964195315,0.0,0.0
145,14151.90536,3525.14621,24997.32521,2394.22282,598.55571,2992.77853,68072.9951209313,20570.304964195315,0.0,0.0
146,14151.90536,3525.14621,24997.32521,2394.22282,598.55571,2992.77853,68072.9951209313,20570.304964195315,0.0,0.0
147,14151.90536,3525.14621,24997.32521,2394.22282,598.55571,2992.77853,68072.9951209313,20570.304964195315,0.0,0.0
148,14151.90536,3525.14621,24997.32521,2394.22282,598.55571,2992.77853,68072.9951209313,20570.304964195315,0.0,0.0
149,14151.90536,3525.14621,24997.32521,2394.22282,598.55571,2992.77853,68072.9951209313,20570.304964195315,0.0,0.0
150,14151.90536,3525.14621,24997.32521,2394.22282,598.55571,2992.77853,68072.9951209313,20570.304964195315,0.0,0.0
151,14151.90536,3525.14621,24997.32521,2394.22282,598.55571,2992.77853,68072.9951209313,20570.304964195315,0.0,0.0
152,14151.90536,3525.14621,24997.32521,2394.22282,598.55571,2992.77853,68072.9951209313,20570.304964195315,0.0,0.0
153,14151.90536,3525.14621,24997.32521,2394.22282,598.55571,2992.77853,68072.9951209313,20570.304964195315,0.0,0.0
154,14151.90536,3525.14621,24997.32521,2394.22282,598.55571,2992.77853,68072.9951209313,20570.304964195315,0.0,0.0
155,14151.90536,3525.14621,24997.32521,2394.22282,598.55571,2992.77853,68072.9951209313,20570.304964195315,0.0,0.0
156,14151.90536,3525.14621,24997.32521,2394.22282,598.55571,2992.77853,68072.9951209313,20570.304964195315,0.0,0.0
157,14151.90536,3525.14621,24997.32521,2394.22282,598.55571,2992.77853,68072.9951209313,20570.304964195315,0.0,0.0
158,14151.90536,3525.14621,24997.32521,2394.22282,598.55571,2992.77853,68072.9951209313,20570.304964195315,0.0,0.0
159,14151.90536,3525.14621,24997.32521,2394.22282,598.55571,2992.77853,68072.9951209313,20570.304964195315,0.0,0.0
160,14151.90536,3525.14621,24997.32521,2394.22282,598.55571,2992.77853,68072.9951209313,20570.304964195315,0.0,0.0
161,14151.90536,3525.14621,24997.32521,2394.22282,598.55571,2992.77853,68072.9951209313,20570.304964195315,0.0,0.0
162,14151.90536,3525.14621,24997.32521,2394.22282,598.55571,2992.77853,68072.9951209313,20570.304964195315,0.0,0.0
163,14151.90536,3525.14621,24997.32521,2394.22282,598.55571,2992.77853,68072.9951209313,20570.304964195315,0.0,0.0
164,14151.90536,3525.14621,24997.32521,2394.22282,598.55571,2992.77853,68072.9951209313,20570.304964195315,0.0,0.0
165,14151.90536,3525.14621,24997.32521,2394.22282,598.55571,2992.77853,68072.9951209313,20570.304964195315,0.0,0.0
166,14151.90536,3525.14621,24997.32521,2394.22282,598.55571,2992.77853,68072.9951209313,20570.304964195315,0.0,0.0
167,14151.90536,3525.14621,24997.32521,2394.22282,598.55571,2992.77853,68072.9951209313,20570.304964195315,0.0,0.0
168,14151.90536,3525.14621,24997.32521,2394.22282,598.55571,2992.77853,68072.9951209313,20570.304964195315,0.0,0.0
169,14151.90536,3525.14621,24997.32521,2394.22282,598.55571,2992.77853,68072.9951209313,20570.304964195315,0.0,0.0
170,14151.90536,3525.14621,24997.32521,2394.22282,598.55571,2992.77853,68072.9951209313,20570.304964195315,0.0,0.0
171,14151.90536,3525.14621,24997.32521,2394.22282,598.55571,2992.77853,68072.9951209313,20570.304964195315,0.0,0.0
172,14151.90536,3525.14621,24997.32521,2394.22282,598.55571,2992.77853,68072.9951209313,20570.304964195315,0.0,0.0
173,14151.90536,3525.14621,24997.32521,2394.22282,598.55571,2992.77853,68072.9951209313,20570.304964195315,0.0,0.0
174,14151.90536,3525.14621,24997.32521,2394.22282,598.55571,2992.77853,68072.9951209313,20570.304964195315,0.0,0.0
175,14151.90536,3525.14621,24997.32521,2394.22282,598.55571,2992.77853,68072.9951209313,20570.304964195315,0.0,0.0
176,14151.90536,3525.14621,24997.32521,2394.22282,598.55571,2992.77853,68072.9951209313,20570.304964195315,0.0,0.0
177,14151.90536,3525.14621,24997.32521,2394.22282,598.55571,2992.77853,68072.9951209313,20570.304964195315,0.0,0.0
178,14151.90536,3525.14621,24997.32521,2394.22282,598.55571,2992.77853,68072.9951209313,20570.304964195315,0.0,0.0
179,14151.90536,3525.14621,24997.32521,2394.22282,598.55571,2992.77853,68072.9951209313,20570.304964195315,0.0,0.0
180,14151.90536,3525.14621,24997.32521,2394.22282,598.55571,2992.77853,68072.9951209313,20570.304964195315,0.0,0.0
181,14151.90536,3525.14621,24997.32521,2394.22282,598.55571,2992.77853,68072.9951209313,20570.304964195315,0.0,0.0
182,14151.90536,3525.14621,24997.32521,2394.22282,598.55571,2992.77853,68072.9951209313,20570.304964195315,0.0,0.0
183,14151.90536,3525.14621,24997.32521,2394.22282,598.55571,2992.77853,68072.9951209313,20570.304964195315,0.0,0.0
184,14151.90536,3525.14621,24997.32521,2394.22282,598.55571,2992.77853,68072.9951209313,20570.304964195315,0.0,0.0
185,14151.90536,3525.14621,24997.32521,2394.22282,598.55571,2992.77853,68072.9951209313,20570.304964195315,0.0,0.0
186,14151.90536,3525.14621,24997.32521,2394.22282,598.55571,2992.77853,68072.9951209313,20570.304964195315,0.0,0.0
187,14151.90536,3525.14621,24997.32521,2394.22282,598.55571,2992.77853,68072.9951209313,20570.304964195315,0.0,0.0
188,14151.90536,3525.14621,24997.32521,2394.22282,598.55571,2992.77853,68072.9951209313,20570.304964195315,0.0,0.0
189,14151.90536,3525.14621,24997.32521,2394.22282,598.55571,2992.77853,68072.9951209313,20570.304964195315,0.0,0.0
190,14151.90536,3525.14621,24997.32521,2394.22282,598.55571,2992.77853,68072.9951209313,20570.304964195315,0.0,0.0
191,14151.90536,3525.14621,24997.32521,2394.22282,598.55571,2992.77853,68072.9951209313,20570.304964195315,0.0,0.0
192,14151.90536,3525.14621,24997.32521,2394.22282,598.55571,2992.77853,68072.9951209313,20570.304964195315,0.0,0.0
193,14151.90536,3525.14621,24997.32521,2394.22282,598.55571,2992.77853,68072.9951209313,20570.304964195315,0.0,0.0
194,14151.90536,3525.14621,24997.32521,2394.22282,598.55571,2992.77853,68072.9951209313,20570.304964195315,0.0,0.0
195,14151.90536,3525.14621,24997.32521,2394.22282,598.55571,2992.77853,68072.9951209313,20570.304964195315,0.0,0.0
196,14151.90536,3525.14621,24997.32521,2394.22282,598.55571,2992.77853,68072.9951209313,20570.304964195315,0.0,0.0
197,14151.90536,3525.14621,24997.32521,2394.22282,598.55571,2992.77853,68072.9951209313,20570.304964195315,0.0,0.0
198,14151.90536,3525.14621,24997.32521,2394.22282,598.55571,2992.77853,68072.9951209313,20570.304964195315,0.0,0.0
199,14151.90536,3525.14621,24997.32521,2394.22282,598.55571,2992.77853,68072.9951209313,20570.304964195315,0.0,0.0
200,14151.90536,3525.14621,24997.32521,2394.22282,598.55571,2992.77853,68072.9951209313,20570.304964195315,0.0,0.0
201,14151.90536,3525.14621,24997.32521,2394.22282,598.55571,2992.77853,68072.9951209313,20570.304964195315,0.0,0.0
202,14151.90536,3525.14621,24997.32521,2394.22282,598.55571,2992.77853,68072.9951209313,20570.304964195315,0.0,0.0
203,14151.90536,3525.14621,24997.32521,2394.22282,598.55571,2992.77853,68072.9951209313,20570.304964195315,0.0,0.0
204,14151.90536,3525.14621,24997.32521,2394.22282,598.55571,2992.77853,68072.9951209313,20570.304964195315,0.0,0.0
205,14151.90536,3525.14621,24997.32521,2394.22282,598.55571,2992.77853,68072.9951209313,20570.304964195315,0.0,0.0
206,14151.90536,3525.14621,24997.32521,2394.22282,598.55571,2992.77853,68072.9951209313,20570.304964195315,0.0,0.0
207,14151.90536,3525.14621,24997.32521,2394.22282,598.55571,2992.77853,68072.9951209313,20570.304964195315,0.0,0.0
208,14151.90536,3525.14621,24997.32521,2394.22282,598.55571,2992.77853,68072.9951209313,20570.304964195315,0.0,0.0
209,14151.90536,3525.14621,24997.32521,2394.22282,598.55571,2992.77853,68072.9951209313,20570.304964195315,0.0,0.0
210,14151.90536,3525.14621,24997.32521,2394.22282,598.55571,2992.77853,68072.9951209313,20570.304964195315,0.0,0.0
211,14151.90536,3525.14621,24997.32521,2394.22282,598.55571,2992.77853,68072.9951209313,20570.304964195315,0.0,0.0
212,14151.90536,3525.14621,24997.32521,2394.22282,598.55571,2992.77853,68072.9951209313,20570.304964195315,0.0,0.0
213,14151.90536,3525.14621,24997.32521,2394.22282,598.55571,2992.77853,68072.9951209313,20570.304964195315,0.0,0.0
214,14151.90536,3525.14621,24997.32521,2394.22282,598.55571,2992.77853,68072.9951209313,20570.304964195315,0.0,0.0
215,14151.90536,3525.14621,24997.32521,2394.22282,598.55571,2992.77853,68072.9951209313,20570.304964195315,0.0,0.0
216,14151.90536,3525.14621,24997.32521,2394.22282,598.55571,2992.77853,68072.9951209313,20570.304964195315,0.0,0.0
217,14151.90536,3525.14621,24997.32521,2394.22282,598.55571,2992.77853,68072.9951209313,20570.304964195315,0.0,0.0
218,14151.90536,3525.14621,24997.32521,2394.22282,598.55571,2992.77853,68072.9951209313,20570.304964195315,0.0,0.0
219,14151.90536,3525.14621,24997.32521,2394.22282,598.55571,2992.77853,68072.9951209313,20570.304964195315,0.0,0.0
220,14151.90536,3525.14621,24997.32521,2394.22282,598.55571,2992.77853,68072.9951209313,20570.304964195315,0.0,0.0
221,14151.90536,3525.14621,24997.32521,2394.22282,598.55571,2992.77853,68072.9951209313,20570.304964195315,0.0,0.0
222,14151.90536,3525.14621,24997.32521,2394.22282,598.55571,2992.77853,68072.9951209313,20570.304964195315,0.0,0.0
223,14151.90536,3525.14621,24997.32521,2394.22282,598.55571,2992.77853,68072.9951209313,20570.304964195315,0.0,0.0
224,14151.90536,3525.14621,24997.32521,2394.22282,598.55571,2992.77853,68072.9951209313,20570.304964195315,0.0,0.0
225,14151.90536,3525.14621,24997.32521,2394.22282,598.55571,2992.77853,68072.9951209313,20570.304964195315,0.0,0.0
226,14151.90536,3525.14621,24997.32521,2394.22282,598.55571,2992.77853,68072.9951209313,20570.304964195315,0.0,0.0
227,14151.90536,3525.14621,24997.32521,2394.22282,598.55571,2992.77853,68072.9951209313,20570.304964195315,0.0,0.0
228,14151.90536,3525.14621,24997.32521,2394.22282,598.55571,2992.77853,68072.9951209313,20570.304964195315,0.0,0.0
229,14151.90536,3525.14621,24997.32521,2394.22282,598.55571,2992.77853,68072.9951209313,20570.304964195315,0.0,0.0
230,14151.90536,3525.14621,24997.32521,2394.22282,598.55571,2992.77853,68072.9951209313,20570.304964195315,0.0,0.0
231,14151.90536,3525.14621,24997.32521,2394.22282,598.55571,2992.77853,68072.9951209313,20570.304964195315,0.0,0.0
232,14151.90536,3525.14621,24997.32521,2394.22282,598.55571,2992.77853,68072.9951209313,20570.304964195315,0.0,0.0
233,14151.90536,3525.14621,24997.32521,2394.22282,598.55571,2992.77853,68072.9951209313,20570.304964195315,0.0,0.0
234,14151.90536,3525.14621,24997.32521,2394.22282,598.55571,2992.77853,68072.9951209313,20570.304964195315,0.0,0.0
235,14151.90536,3525.14621,24997.32521,2394.22282,598.55571,2992.77853,68072.9951209313,20570.304964195315,0.0,0.0
236,14151.90536,3525.14621,24997.32521,2394.22282,598.55571,2992.77853,68072.9951209313,20570.304964195315,0.0,0.0
237,14151.90536,3525.14621,24997.32521,2394.22282,598.55571,2992.77853,68072.9951209313,20570.304964195315,0.0,0.0
238,14151.90536,3525.14621,24997.32521,2394.22282,598.55571,2992.77853,68072.9951209313,20570.304964195315,0.0,0.0
239,14151.90536,3525.14621,24997.32521,2394.22282,598.55571,2992.77853,68072.9951209313,20570.304964195315,0.0,0.0
240,14151.90536,3525.14621,24997.32521,2394.22282,598.55571,2992.77853,68072.9951209313,20570.304964195315,0.0,0.0
241,14151.90536,3525.14621,24997.32521,2394.22282,598.55571,2992.77853,68072.9951209313,20570.304964195315,0.0,0.0
242,14151.90536,3525.14621,24997.32521,2394.22282,598.55571,2992.77853,68072.9951209313,20570.304964195315,0.0,0.0
243,14151.90536,3525.14621,24997.32521,2394.22282,598.55571,2992.77853,68072.9951209313,20570.304964195315,0.0,0.0
244,14151.90536,3525.14621,24997.32521,2394.22282,598.55571,2992.77853,68072.9951209313,20570.304964195315,0.0,0.0
245,14151.90536,3525.14621,24997.32521,2394.22282,598.55571,2992.77853,68072.9951209313,20570.304964195315,0.0,0.0
246,14151.90536,3525.14621,24997.32521,2394.22282,598.55571,2992.77853,68072.9951209313,20570.304964195315,0.0,0.0
247,14151.90536,3525.14621,24997.32521,2394.22282,598.55571,2992.77853,68072.9951209313,20570.304964195315,0.0,0.0
248,14151.90536,3525.14621,24997.32521,2394.22282,598.55571,2992.77853,68072.9951209313,20570.304964195315,0.0,0.0
249,14151.90536,3525.14621,24997.32521,2394.22282,598.55571,2992.77853,68072.9951209313,20570.304964195315,0.0,0.0
250,14151.90536,3525.14621,24997.32521,2394.22282,598.55571,2992.77853,68072.9951209313,20570.304964195315,0.0,0.0
251,14151.90536,3525.14621,24997.32521,2394.22282,598.55571,2992.77853,68072.9951209313,20570.304964195315,0.0,0.0
252,14151.90536,3525.14621,24997.32521,2394.22282,598.55571,2992.77853,68072.9951209313,20570.304964195315,0.0,0.0
253,14151.90536,3525.14621,24997.32521,2394.22282,598.55571,2992.77853,68072.9951209313,20570.304964195315,0.0,0.0
254,14151.90536,3525.14621,24997.32521,2394.22282,598.55571,2992.77853,68072.9951209313,20570.304964195315,0.0,0.0
255,14151.90536,3525.14621,24997.32521,2394.22282,598.55571,2992.77853,68072.9951209313,20570.304964195315,0.0,0.0
256,14151.90536,3525.14621,24997.32521,2394.22282,598.55571,2992.77853,68072.9951209313,20570.304964195315,0.0,0.0
257,14151.90536,3525.14621,24997.32521,2394.22282,598.55571,2992.77853,68072.9951209313,20570.304964195315,0.0,0.0
258,14151.90536,3525.14621,24997.32521,2394.22282,598.55571,2992.77853,68072.9951209313,20570.304964195315,0.0,0.0
259,14151.90536,3525.14621,24997.32521,2394.22282,598.55571,2992.77853,68072.9951209313,20570.304964195315,0.0,0.0
260,14151.90536,3525.14621,24997.32521,2394.22282,598.55571,2992.77853,68072.9951209313,20570.304964195315,0.0,0.0
261,14151.90536,3525.14621,24997.32521,2394.22282,598.55571,2992.77853,68072.9951209313,20570.304964195315,0.0,0.0
262,14151.90536,3525.14621,24997.32521,2394.22282,598.55571,2992.77853,68072.9951209313,20570.304964195315,0.0,0.0
263,14151.90536,3525.14621,24997.32521,2394.22282,598.55571,2992.77853,68072.9951209313,20570.304964195315,0.0,0.0
264,14151.90536,3525.14621,24997.32521,2394.22282,598.55571,2992.77853,68072.9951209313,20570.304964195315,0.0,0.0
265,14151.90536,3525.14621,24997.32521,2394.22282,598.55571,2992.77853,68072.9951209313,20570.304964195315,0.0,0.0
266,14151.90536,3525.14621,24997.32521,2394.22282,598.55571,2992.77853,68072.9951209313,20570.304964195315,0.0,0.0
267,14151.90536,3525.14621,24997.32521,2394.22282,598.55571,2992.77853,68072.9951209313,20570.304964195315,0.0,0.0
268,14151.90536,3525.14621,24997.32521,2394.22282,598.55571,2992.77853,68072.9951209313,20570.304964195315,0.0,0.0
269,14151.90536,3525.14621,24997.32521,2394.22282,598.55571,2992.77853,68072.9951209313,20570.304964195315,0.0,0.0
270,14151.90536,3525.14621,24997.32521,2394.22282,598.55571,2992.77853,68072.9951209313,20570.304964195315,0.0,0.0
271,14151.90536,3525.14621,24997.32521,2394.22282,598.55571,2992.77853,68072.9951209313,20570.304964195315,0.0,0.0
272,14151.90536,3525.14621,24997.32521,2394.22282,598.55571,2992.77853,68072.9951209313,20570.304964195315,0.0,0.0
273,14151.90536,3525.14621,24997.32521,2394.22282,598.55571,2992.77853,68072.9951209313,20570.304964195315,0.0,0.0
274,14151.90536,3525.14621,24997.32521,2394.22282,598.55571,2992.77853,68072.9951209313,20570.304964195315,0.0,0.0
275,14151.90536,3525.14621,24997.32521,2394.22282,598.55571,2992.77853,68072.9951209313,20570.304964195315,0.0,0.0
276,14151.90536,3525.14621,24997.32521,2394.22282,598.55571,2992.77853,68072.9951209313,20570.304964195315,0.0,0.0
277,14151.90536,3525.14621,24997.32521,2394.22282,598.55571,2992.77853,68072.9951209313,20570.304964195315,0.0,0.0
278,14151.90536,3525.14621,24997.32521,2394.22282,598.55571,2992.77853,68072.9951209313,20570.304964195315,0.0,0.0
279,14151.90536,3525.14621,24997.32521,2394.22282,598.55571,2992.77853,68072.9951209313,20570.304964195315,0.0,0.0
280,14151.90536,3525.14621,24997.32521,2394.22282,598.55571,2992.77853,68072.9951209313,20570.304964195315,0.0,0.0
281,14151.90536,3525.14621,24997.32521,2394.22282,598.55571,2992.77853,68072.9951209313,20570.304964195315,0.0,0.0
282,14151.90536,3525.14621,24997.32521,2394.22282,598.55571,2992.77853,68072.9951209313,20570.304964195315,0.0,0.0
283,14151.90536,3525.14621,24997.32521,2394.22282,598.55571,2992.77853,68072.9951209313,20570.304964195315,0.0,0.0
284,14151.90536,3525.14621,24997.32521,2394.22282,598.55571,2992.77853,68072.9951209313,20570.304964195315,0.0,0.0
285,14151.90536,3525.14621,24997.32521,2394.22282,598.55571,2992.77853,68072.9951209313,20570.304964195315,0.0,0.0
286,14151.90536,3525.14621,24997.32521,2394.22282,598.55571,2992.77853,68072.9951209313,20570.304964195315,0.0,0.0
287,14151.90536,3525.14621,24997.32521,2394.22282,598.55571,2992.77853,68072.9951209313,20570.304964195315,0.0,0.0
288,14151.90536,3525.14621,24997.32521,2394.22282,598.55571,2992.77853,68072.9951209313,20570.304964195315,0.0,0.0
289,14151.90536,3525.14621,24997.32521,2394.22282,598.55571,2992.77853,68072.9951209313,20570.304964195315,0.0,0.0
290,14151.90536,3525.14621,24997.32521,2394.22282,598.55571,2992.77853,68072.9951209313,20570.304964195315,0.0,0.0
291,14151.90536,3525.14621,24997.32521,2394.22282,598.55571,2992.77853,68072.9951209313,20570.304964195315,0.0,0.0
292,14151.90536,3525.14621,24997.32521,2394.22282,598.55571,2992.77853,68072.9951209313,20570.304964195315,0.0,0.0
293,14151.90536,3525.14621,24997.32521,2394.22282,598.55571,2992.77853,68072.9951209313,20570.304964195315,0.0,0.0
294,14151.90536,3525.14621,24997.32521,2394.22282,598.55571,2992.77853,68072.9951209313,20570.304964195315,0.0,0.0
295,14151.90536,3525.14621,24997.32521,2394.22282,598.55571,2992.77853,68072.9951209313,20570.304964195315,0.0,0.0
296,14151.90536,3525.14621,24997.32521,2394.22282,598.55571,2992.77853,68072.9951209313,20570.304964195315,0.0,0.0
297,14151.90536,3525.14621,24997.32521,2394.22282,598.55571,2992.77853,68072.9951209313,20570.304964195315,0.0,0.0
298,14151.90536,3525.14621,24997.32521,2394.22282,598.55571,2992.77853,68072.9951209313,20570.304964195315,0.0,0.0
299,14151.90536,3525.14621,24997.32521,2394.22282,598.55571,2992.77853,68072.9951209313,20570.304964195315,0.0,0.0
300,14151.90536,3525.14621,24997.32521,2394.22282,598.55571,2992.77853,68072.9951209313,20570.304964195315,0.0,0.0
301,14151.90536,3525.14621,24997.32521,2394.22282,598.55571,2992.77853,68072.9951209313,20570.304964195315,0.0,0.0
302,14151.90536,3525.14621,24997.32521,2394.22282,598.55571,2992.77853,68072.9951209313,20570.304964195315,0.0,0.0
303,14151.90536,3525.14621,24997.32521,2394.22282,598.55571,2992.77853,68072.9951209313,20570.304964195315,0.0,0.0
304,14151.90536,3525.14621,24997.32521,2394.22282,598.55571,2992.77853,68072.9951209313,20570.304964195315,0.0,0.0
305,14151.90536,3525.14621,24997.32521,2394.22282,598.55571,2992.77853,68072.9951209313,20570.304964195315,0.0,0.0
306,14151.90536,3525.14621,24997.32521,2394.22282,598.55571,2992.77853,68072.9951209313,20570.304964195315,0.0,0.0
307,14151.90536,3525.14621,24997.32521,2394.22282,598.55571,2992.77853,68072.9951209313,20570.304964195315,0.0,0.0
308,14151.90536,3525.14621,24997.32521,2394.22282,598.55571,2992.77853,68072.9951209313,20570.304964195315,0.0,0.0
309,14151.90536,3525.14621,24997.32521,2394.22282,598.55571,2992.77853,68072.9951209313,20570.304964195315,0.0,0.0
310,14151.90536,3525.14621,24997.32521,2394.22282,598.55571,2992.77853,68072.9951209313,20570.304964195315,0.0,0.0
311,14151.90536,3525.14621,24997.32521,2394.22282,598.55571,2992.77853,68072.9951209313,20570.304964195315,0.0,0.0
312,14151.90536,3525.14621,24997.32521,2394.22282,598.55571,2992.77853,68072.9951209313,20570.304964195315,0.0,0.0
313,14151.90536,3525.14621,24997.32521,2394.22282,598.55571,2992.77853,68072.9951209313,20570.304964195315,0.0,0.0
314,14151.90536,3525.14621,24997.32521,2394.22282,598.55571,2992.77853,68072.9951209313,20570.304964195315,0.0,0.0
315,14151.90536,3525.14621,24997.32521,2394.22282,598.55571,2992.77853,68072.9951209313,20570.304964195315,0.0,0.0
316,14151.90536,3525.14621,24997.32521,2394.22282,598.55571,2992.77853,68072.9951209313,20570.304964195315,0.0,0.0
317,14151.90536,3525.14621,24997.32521,2394.22282,598.55571,2992.77853,68072.9951209313,20570.304964195315,0.0,0.0
318,14151.90536,3525.14621,24997.32521,2394.22282,598.55571,2992.77853,68072.9951209313,20570.304964195315,0.0,0.0
319,14151.90536,3525.14621,24997.32521,2394.22282,598.55571,2992.77853,68072.9951209313,20570.304964195315,0.0,0.0
320,14151.90536,3525.14621,24997.32521,2394.22282,598.55571,2992.77853,68072.9951209313,20570.304964195315,0.0,0.0
321,14151.90536,3525.14621,24997.32521,2394.22282,598.55571,2992.77853,68072.9951209313,20570.304964195315,0.0,0.0
322,14151.90536,3525.14621,24997.32521,2394.22282,598.55571,2992.77853,68072.9951209313,20570.304964195315,0.0,0.0
323,14151.90536,3525.14621,24997.32521,2394.22282,598.55571,2992.77853,68072.9951209313,20570.304964195315,0.0,0.0
324,14151.90536,3525.14621,24997.32521,2394.22282,598.55571,2992.77853,68072.9951209313,20570.304964195315,0.0,0.0
325,14151.90536,3525.14621,24997.32521,2394.22282,598.55571,2992.77853,68072.9951209313,20570.304964195315,0.0,0.0
326,14151.90536,3525.14621,24997.32521,2394.22282,598.55571,2992.77853,68072.9951209313,20570.304964195315,0.0,0.0
327,14151.90536,3525.14621,24997.32521,2394.22282,598.55571,2992.77853,68072.9951209313,20570.304964195315,0.0,0.0
328,14151.90536,3525.14621,24997.32521,2394.22282,598.55571,2992.77853,68072.9951209313,20570.304964195315,0.0,0.0
329,14151.90536,3525.14621,24997.32521,2394.22282,598.55571,2992.77853,68072.9951209313,20570.304964195315,0.0,0.0
330,14151.90536,3525.14621,24997.32521,2394.22282,598.55571,2992.77853,68072.9951209313,20570.304964195315,0.0,0.0
331,14151.90536,3525.14621,24997.32521,2394.22282,598.55571,2992.77853,68072.9951209313,20570.304964195315,0.0,0.0
332,14151.90536,3525.14621,24997.32521,2394.22282,598.55571,2992.77853,68072.9951209313,20570.304964195315,0.0,0.0
333,14151.90536,3525.14621,24997.32521,2394.22282,598.55571,2992.77853,68072.9951209313,20570.304964195315,0.0,0.0
334,14151.90536,3525.14621,24997.32521,2394.22282,598.55571,2992.77853,68072.9951209313,20570.304964195315,0.0,0.0
335,14151.90536,3525.14621,24997.32521,2394.22282,598.55571,2992.77853,68072.9951209313,20570.304964195315,0.0,0.0
336,14151.90536,3525.14621,24997.32521,2394.22282,598.55571,2992.77853,68072.9951209313,20570.304964195315,0.0,0.0
337,14151.90536,3525.14621,24997.32521,2394.22282,598.55571,2992.77853,68072.9951209313,20570.304964195315,0.0,0.0
338,14151.90536,3525.14621,24997.32521,2394.22282,598.55571,2992.77853,68072.9951209313,20570.304964195315,0.0,0.0
339,14151.90536,3525.14621,24997.32521,2394.22282,598.55571,2992.77853,68072.9951209313,20570.304964195315,0.0,0.0
340,14151.90536,3525.14621,24997.32521,2394.22282,598.55571,2992.77853,68072.9951209313,20570.304964195315,0.0,0.0
341,14151.90536,3525.14621,24997.32521,2394.22282,598.55571,2992.77853,68072.9951209313,20570.304964195315,0.0,0.0
342,14151.90536,3525.14621,24997.32521,2394.22282,598.55571,2992.77853,68072.9951209313,20570.304964195315,0.0,0.0
343,14151.90536,3525.14621,24997.32521,2394.22282,598.55571,2992.77853,68072.9951209313,20570.304964195315,0.0,0.0
344,14151.90536,3525.14621,24997.32521,2394.22282,598.55571,2992.77853,68072.9951209313,20570.304964195315,0.0,0.0
345,14151.90536,3525.14621,24997.32521,2394.22282,598.55571,2992.77853,68072.9951209313,20570.304964195315,0.0,0.0
346,14151.90536,3525.14621,24997.32521,2394.22282,598.55571,2992.77853,68072.9951209313,20570.304964195315,0.0,0.0
347,14151.90536,3525.14621,24997.32521,2394.22282,598.55571,2992.77853,68072.9951209313,20570.304964195315,0.0,0.0
348,14151.90536,3525.14621,24997.32521,2394.22282,598.55571,2992.77853,68072.9951209313,20570.304964195315,0.0,0.0
349,14151.90536,3525.14621,24997.32521,2394.22282,598.55571,2992.77853,68072.9951209313,20570.304964195315,0.0,0.0
350,14151.90536,3525.14621,24997.32521,2394.22282,598.55571,2992.77853,68072.9951209313,20570.304964195315,0.0,0.0
351,14151.90536,3525.14621,24997.32521,2394.22282,598.55571,2992.77853,68072.9951209313,20570.304964195315,0.0,0.0
352,14151.90536,3525.14621,24997.32521,2394.22282,598.55571,2992.77853,68072.9951209313,20570.304964195315,0.0,0.0
353,14151.90536,3525.14621,24997.32521,2394.22282,598.55571,2992.77853,68072.9951209313,20570.304964195315,0.0,0.0
354,14151.90536,3525.14621,24997.32521,2394.22282,598.55571,2992.77853,68072.9951209313,20570.304964195315,0.0,0.0
355,14151.90536,3525.14621,24997.32521,2394.22282,598.55571,2992.77853,68072.9951209313,20570.304964195315,0.0,0.0
356,14151.90536,3525.14621,24997.32521,2394.22282,598.55571,2992.77853,68072.9951209313,20570.304964195315,0.0,0.0
357,14151.90536,3525.14621,24997.32521,2394.22282,598.55571,2992.77853,68072.9951209313,20570.304964195315,0.0,0.0
358,14151.90536,3525.14621,24997.32521,2394.22282,598.55571,2992.77853,68072.9951209313,20570.304964195315,0.0,0.0
359,14151.90536,3525.14621,24997.32521,2394.22282,598.55571,2992.77853,68072.9951209313,20570.304964195315,0.0,0.0
360,14151.90536,3525.14621,24997.32521,2394.22282,598.55571,2992.77853,68072.9951209313,20570.304964195315,0.0,0.0
361,14151.90536,3525.14621,24997.32521,2394.22282,598.55571,2992.77853,68072.9951209313,20570.304964195315,0.0,0.0
362,14151.90536,3525.14621,24997.32521,2394.22282,598.55571,2992.77853,68072.9951209313,20570.304964195315,0.0,0.0
363,14151.90536,3525.14621,24997.32521,2394.22282,598.55571,2992.77853,68072.9951209313,20570.304964195315,0.0,0.0
364,14151.90536,3525.14621,24997.32521,2394.22282,598.55571,2992.77853,68072.9951209313,20570.304964195315,0.0,0.0
365,14151.90536,3525.14621,24997.32521,2394.22282,598.55571,2992.77853,68072.9951209313,20570.304964195315,0.0,0.0
366,14151.90536,3525.14621,24997.32521,2394.22282,598.55571,2992.77853,68072.9951209313,20570.304964195315,0.0,0.0
367,14151.90536,3525.14621,24997.32521,2394.22282,598.55571,2992.77853,68072.9951209313,20570.304964195315,0.0,0.0
368,14151.90536,3525.14621,24997.32521,2394.22282,598.55571,2992.77853,68072.9951209313,20570.304964195315,0.0,0.0
369,14151.90536,3525.14621,24997.32521,2394.22282,598.55571,2992.77853,68072.9951209313,20570.304964195315,0.0,0.0
370,14151.90536,3525.14621,24997.32521,2394.22282,598.55571,2992.77853,68072.9951209313,20570.304964195315,0.0,0.0
371,14151.90536,3525.14621,24997.32521,2394.22282,598.55571,2992.77853,68072.9951209313,20570.304964195315,0.0,0.0
372,14151.90536,3525.14621,24997.32521,2394.22282,598.55571,2992.77853,68072.9951209313,20570.304964195315,0.0,0.0
373,14151.90536,3525.14621,24997.32521,2394.22282,598.55571,2992.77853,68072.9951209313,20570.304964195315,0.0,0.0
374,14151.90536,3525.14621,24997.32521,2394.22282,598.55571,2992.77853,68072.9951209313,20570.304964195315,0.0,0.0
375,14151.90536,3525.14621,24997.32521,2394.22282,598.55571,2992.77853,68072.9951209313,20570.304964195315,0.0,0.0
376,14151.90536,3525.14621,24997.32521,2394.22282,598.55571,2992.77853,68072.9951209313,20570.304964195315,0.0,0.0
377,14151.90536,3525.14621,24997.32521,2394.22282,598.55571,2992.77853,68072.9951209313,20570.304964195315,0.0,0.0
378,14151.90536,3525.14621,24997.32521,2394.22282,598.55571,2992.77853,68072.9951209313,20570.304964195315,0.0,0.0
379,14151.90536,3525.14621,24997.32521,2394.22282,598.55571,2992.77853,68072.9951209313,20570.304964195315,0.0,0.0
380,14151.90536,3525.14621,24997.32521,2394.22282,598.55571,2992.77853,68072.9951209313,20570.304964195315,0.0,0.0
381,14151.90536,3525.14621,24997.32521,2394.22282,598.55571,2992.77853,68072.9951209313,20570.304964195315,0.0,0.0
382,14151.90536,3525.14621,24997.32521,2394.22282,598.55571,2992.77853,68072.9951209313,20570.304964195315,0.0,0.0
383,14151.90536,3525.14621,24997.32521,2394.22282,598.55571,2992.77853,68072.9951209313,20570.304964195315,0.0,0.0
384,14151.90536,3525.14621,24997.32521,2394.22282,598.55571,2992.77853,68072.9951209313,20570.304964195315,0.0,0.0
385,14151.90536,3525.14621,24997.32521,2394.22282,598.55571,2992.77853,68072.9951209313,20570.304964195315,0.0,0.0
386,14151.90536,3525.14621,24997.32521,2394.22282,598.55571,2992.77853,68072.9951209313,20570.304964195315,0.0,0.0
387,14151.90536,3525.14621,24997.32521,2394.22282,598.55571,2992.77853,68072.9951209313,20570.304964195315,0.0,0.0
388,14151.90536,3525.14621,24997.32521,2394.22282,598.55571,2992.77853,68072.9951209313,20570.304964195315,0.0,0.0
389,14151.90536,3525.14621,24997.32521,2394.22282,598.55571,2992.77853,68072.9951209313,20570.304964195315,0.0,0.0
390,14151.90536,3525.14621,24997.32521,2394.22282,598.55571,2992.77853,68072.9951209313,20570.304964195315,0.0,0.0
391,14151.90536,3525.14621,24997.32521,2394.22282,598.55571,2992.77853,68072.9951209313,20570.304964195315,0.0,0.0
392,14151.90536,3525.14621,24997.32521,2394.22282,598.55571,2992.77853,68072.9951209313,20570.304964195315,0.0,0.0
393,14151.90536,3525.14621,24997.32521,2394.22282,598.55571,2992.77853,68072.9951209313,20570.304964195315,0.0,0.0
394,14151.90536,3525.14621,24997.32521,2394.22282,598.55571,2992.77853,68072.9951209313,20570.304964195315,0.0,0.0
395,14151.90536,3525.14621,24997.32521,2394.22282,598.55571,2992.77853,68072.9951209313,20570.304964195315,0.0,0.0
396,14151.90536,3525.14621,24997.32521,2394.22282,598.55571,2992.77853,68072.9951209313,20570.304964195315,0.0,0.0
397,14151.90536,3525.14621,24997.32521,2394.22282,598.55571,2992.77853,68072.9951209313,20570.304964195315,0.0,0.0
398,14151.90536,3525.14621,24997.32521,2394.22282,598.55571,2992.77853,68072.9951209313,20570.304964195315,0.0,0.0
399,14151.90536,3525.14621,24997.32521,2394.22282,598.55571,2992.77853,68072.9951209313,20570.304964195315,0.0,0.0
400,14151.90536,3525.14621,24997.32521,2394.22282,598.55571,2992.77853,68072.9951209313,20570.304964195315,0.0,0.0
401,14151.90536,3525.14621,24997.32521,2394.22282,598.55571,2992.77853,68072.9951209313,20570.304964195315,0.0,0.0
402,14151.90536,3525.14621,24997.32521,2394.22282,598.55571,2992.77853,68072.9951209313,20570.304964195315,0.0,0.0
403,14151.90536,3525.14621,24997.32521,2394.22282,598.55571,2992.77853,68072.9951209313,20570.304964195315,0.0,0.0
404,14151.90536,3525.14621,24997.32521,2394.22282,598.55571,2992.77853,68072.9951209313,20570.304964195315,0.0,0.0
405,14151.90536,3525.14621,24997.32521,2394.22282,598.55571,2992.77853,68072.9951209313,20570.304964195315,0.0,0.0
406,14151.90536,3525.14621,24997.32521,2394.22282,598.55571,2992.77853,68072.9951209313,20570.304964195315,0.0,0.0
407,14151.90536,3525.14621,24997.32521,2394.22282,598.55571,2992.77853,68072.9951209313,20570.304964195315,0.0,0.0
408,14151.90536,3525.14621,24997.32521,2394.22282,598.55571,2992.77853,68072.9951209313,20570.304964195315,0.0,0.0
409,14151.90536,3525.14621,24997.32521,2394.22282,598.55571,2992.77853,68072.9951209313,20570.304964195315,0.0,0.0
410,14151.90536,3525.14621,24997.32521,2394.22282,598.55571,2992.77853,68072.9951209313,20570.304964195315,0.0,0.0
411,14151.90536,3525.14621,24997.32521,2394.22282,598.55571,2992.77853,68072.9951209313,20570.304964195315,0.0,0.0
412,14151.90536,3525.14621,24997.32521,2394.22282,598.55571,2992.77853,68072.9951209313,20570.304964195315,0.0,0.0
413,14151.90536,3525.14621,24997.32521,2394.22282,598.55571,2992.77853,68072.9951209313,20570.304964195315,0.0,0.0
414,14151.90536,3525.14621,24997.32521,2394.22282,598.55571,2992.77853,68072.9951209313,20570.304964195315,0.0,0.0
415,14151.90536,3525.14621,24997.32521,2394.22282,598.55571,2992.77853,68072.9951209313,20570.304964195315,0.0,0.0
416,14151.90536,3525.14621,24997.32521,2394.22282,598.55571,2992.77853,68072.9951209313,20570.304964195315,0.0,0.0
417,14151.90536,3525.14621,24997.32521,2394.22282,598.55571,2992.77853,68072.9951209313,20570.304964195315,0.0,0.0
418,14151.90536,3525.14621,24997.32521,2394.22282,598.55571,2992.77853,68072.9951209313,20570.304964195315,0.0,0.0
419,14151.90536,3525.14621,24997.32521,2394.22282,598.55571,2992.77853,68072.9951209313,20570.304964195315,0.0,0.0
420,14151.90536,3525.14621,24997.32521,2394.22282,598.55571,2992.77853,68072.9951209313,20570.304964195315,0.0,0.0
421,14151.90536,3525.14621,24997.32521,2394.22282,598.55571,2992.77853,68072.9951209313,20570.304964195315,0.0,0.0
422,14151.90536,3525.14621,24997.32521,2394.22282,598.55571,2992.77853,68072.9951209313,20570.304964195315,0.0,0.0
423,14151.90536,3525.14621,24997.32521,2394.22282,598.55571,2992.77853,68072.9951209313,20570.304964195315,0.0,0.0
424,14151.90536,3525.14621,24997.32521,2394.22282,598.55571,2992.77853,68072.9951209313,20570.304964195315,0.0,0.0
425,14151.90536,3525.14621,24997.32521,2394.22282,598.55571,2992.77853,68072.9951209313,20570.304964195315,0.0,0.0
426,14151.90536,3525.14621,24997.32521,2394.22282,598.55571,2992.77853,68072.9951209313,20570.304964195315,0.0,0.0
427,14151.90536,3525.14621,24997.32521,2394.22282,598.55571,2992.77853,68072.9951209313,20570.304964195315,0.0,0.0
428,14151.90536,3525.14621,24997.32521,2394.22282,598.55571,2992.77853,68072.9951209313,20570.304964195315,0.0,0.0
429,14151.90536,3525.14621,24997.32521,2394.22282,598.55571,2992.77853,68072.9951209313,20570.304964195315,0.0,0.0
430,14151.90536,3525.14621,24997.32521,2394.22282,598.55571,2992.77853,68072.9951209313,20570.304964195315,0.0,0.0
431,14151.90536,3525.14621,24997.32521,2394.22282,598.55571,2992.77853,68072.9951209313,20570.304964195315,0.0,0.0
432,14151.90536,3525.14621,24997.32521,2394.22282,598.55571,2992.77853,68072.9951209313,20570.304964195315,0.0,0.0
433,14151.90536,3525.14621,24997.32521,2394.22282,598.55571,2992.77853,68072.9951209313,20570.304964195315,0.0,0.0
434,14151.90536,3525.14621,24997.32521,2394.22282,598.55571,2992.77853,68072.9951209313,20570.304964195315,0.0,0.0
435,14151.90536,3525.14621,24997.32521,2394.22282,598.55571,2992.77853,68072.9951209313,20570.304964195315,0.0,0.0
436,14151.90536,3525.14621,24997.32521,2394.22282,598.55571,2992.77853,68072.9951209313,20570.304964195315,0.0,0.0
437,14151.90536,3525.14621,24997.32521,2394.22282,598.55571,2992.77853,68072.9951209313,20570.304964195315,0.0,0.0
438,14151.90536,3525.14621,24997.32521,2394.22282,598.55571,2992.77853,68072.9951209313,20570.304964195315,0.0,0.0
439,14151.90536,3525.14621,24997.32521,2394.22282,598.55571,2992.77853,68072.9951209313,20570.304964195315,0.0,0.0
440,14151.90536,3525.14621,24997.32521,2394.22282,598.55571,2992.77853,68072.9951209313,20570.304964195315,0.0,0.0
441,14151.90536,3525.14621,24997.32521,2394.22282,598.55571,2992.77853,68072.9951209313,20570.304964195315,0.0,0.0
442,14151.90536,3525.14621,24997.32521,2394.22282,598.55571,2992.77853,68072.9951209313,20570.304964195315,0.0,0.0
443,14151.90536,3525.14621,24997.32521,2394.22282,598.55571,2992.77853,68072.9951209313,20570.304964195315,0.0,0.0
444,14151.90536,3525.14621,24997.32521,2394.22282,598.55571,2992.77853,68072.9951209313,20570.304964195315,0.0,0.0
445,14151.90536,3525.14621,24997.32521,2394.22282,598.55571,2992.77853,68072.9951209313,20570.304964195315,0.0,0.0
446,14151.90536,3525.14621,24997.32521,2394.22282,598.55571,2992.77853,68072.9951209313,20570.304964195315,0.0,0.0
447,14151.90536,3525.14621,24997.32521,2394.22282,598.55571,2992.77853,68072.9951209313,20570.304964195315,0.0,0.0
448,14151.90536,3525.14621,24997.32521,2394.22282,598.55571,2992.77853,68072.9951209313,20570.304964195315,0.0,0.0
449,14151.90536,3525.14621,24997.32521,2394.22282,598.55571,2992.77853,68072.9951209313,20570.304964195315,0.0,0.0
450,14151.90536,3525.14621,24997.32521,2394.22282,598.55571,2992.77853,68072.9951209313,20570.304964195315,0.0,0.0
451,14151.90536,3525.14621,24997.32521,2394.22282,598.55571,2992.77853,68072.9951209313,20570.304964195315,0.0,0.0
452,14151.90536,3525.14621,24997.32521,2394.22282,598.55571,2992.77853,68072.9951209313,20570.304964195315,0.0,0.0
453,14151.90536,3525.14621,24997.32521,2394.22282,598.55571,2992.77853,68072.9951209313,20570.304964195315,0.0,0.0
454,14151.90536,3525.14621,24997.32521,2394.22282,598.55571,2992.77853,68072.9951209313,20570.304964195315,0.0,0.0
455,14151.90536,3525.14621,24997.32521,2394.22282,598.55571,2992.77853,68072.9951209313,20570.304964195315,0.0,0.0
456,14151.90536,3525.14621,24997.32521,2394.22282,598.55571,2992.77853,68072.9951209313,20570.304964195315,0.0,0.0
457,14151.90536,3525.14621,24997.32521,2394.22282,598.55571,2992.77853,68072.9951209313,20570.304964195315,0.0,0.0
458,14151.90536,3525.14621,24997.32521,2394.22282,598.55571,2992.77853,68072.9951209313,20570.304964195315,0.0,0.0
459,14151.90536,3525.14621,24997.32521,2394.22282,598.55571,2992.77853,68072.9951209313,20570.304964195315,0.0,0.0
460,14151.90536,3525.14621,24997.32521,2394.22282,598.55571,2992.77853,68072.9951209313,20570.304964195315,0.0,0.0
461,14151.90536,3525.14621,24997.32521,2394.22282,598.55571,2992.77853,68072.9951209313,20570.304964195315,0.0,0.0
462,14151.90536,3525.14621,24997.32521,2394.22282,598.55571,2992.77853,68072.9951209313,20570.304964195315,0.0,0.0
463,14151.90536,3525.14621,24997.32521,2394.22282,598.55571,2992.77853,68072.9951209313,20570.304964195315,0.0,0.0
464,14151.90536,3525.14621,24997.32521,2394.22282,598.55571,2992.77853,68072.9951209313,20570.304964195315,0.0,0.0
465,14151.90536,3525.14621,24997.32521,2394.22282,598.55571,2992.77853,68072.9951209313,20570.304964195315,0.0,0.0
466,14151.90536,3525.14621,24997.32521,2394.22282,598.55571,2992.77853,68072.9951209313,20570.304964195315,0.0,0.0
467,14151.90536,3525.14621,24997.32521,2394.22282,598.55571,2992.77853,68072.9951209313,20570.304964195315,0.0,0.0
468,14151.90536,3525.14621,24997.32521,2394.22282,598.55571,2992.77853,68072.9951209313,20570.304964195315,0.0,0.0
469,14151.90536,3525.14621,24997.32521,2394.22282,598.55571,2992.77853,68072.9951209313,20570.304964195315,0.0,0.0
470,14151.90536,3525.14621,24997.32521,2394.22282,598.55571,2992.77853,68072.9951209313,20570.304964195315,0.0,0.0
471,14151.90536,3525.14621,24997.32521,2394.22282,598.55571,2992.77853,68072.9951209313,20570.304964195315,0.0,0.0
472,14151.90536,3525.14621,24997.32521,2394.22282,598.55571,2992.77853,68072.9951209313,20570.304964195315,0.0,0.0
473,14151.90536,3525.14621,24997.32521,2394.22282,598.55571,2992.77853,68072.9951209313,20570.304964195315,0.0,0.0
474,14151.90536,3525.14621,24997.32521,2394.22282,598.55571,2992.77853,68072.9951209313,20570.304964195315,0.0,0.0
475,14151.90536,3525.14621,24997.32521,2394.22282,598.55571,2992.77853,68072.9951209313,20570.304964195315,0.0,0.0
476,14151.90536,3525.14621,24997.32521,2394.22282,598.55571,2992.77853,68072.9951209313,20570.304964195315,0.0,0.0
477,14151.90536,3525.14621,24997.32521,2394.22282,598.55571,2992.77853,68072.9951209313,20570.304964195315,0.0,0.0
478,14151.90536,3525.14621,24997.32521,2394.22282,598.55571,2992.77853,68072.9951209313,20570.304964195315,0.0,0.0
479,14151.90536,3525.14621,24997.32521,2394.22282,598.55571,2992.77853,68072.9951209313,20570.304964195315,0.0,0.0
480,14151.90536,3525.14621,24997.32521,2394.22282,598.55571,2992.77853,68072.9951209313,20570.304964195315,0.0,0.0
481,14151.90536,3525.14621,24997.32521,2394.22282,598.55571,2992.77853,68072.9951209313,20570.304964195315,0.0,0.0
482,14151.90536,3525.14621,24997.32521,2394.22282,598.55571,2992.77853,68072.9951209313,20570.304964195315,0.0,0.0
483,14151.90536,3525.14621,24997.32521,2394.22282,598.55571,2992.77853,68072.9951209313,20570.304964195315,0.0,0.0
484,14151.90536,3525.14621,24997.32521,2394.22282,598.55571,2992.77853,68072.9951209313,20570.304964195315,0.0,0.0
485,14151.90536,3525.14621,24997.32521,2394.22282,598.55571,2992.77853,68072.9951209313,20570.304964195315,0.0,0.0
486,14151.90536,3525.14621,24997.32521,2394.22282,598.55571,2992.77853,68072.9951209313,20570.304964195315,0.0,0.0
487,14151.90536,3525.14621,24997.32521,2394.22282,598.55571,2992.77853,68072.9951209313,20570.304964195315,0.0,0.0
488,14151.90536,3525.14621,24997.32521,2394.22282,598.55571,2992.77853,68072.9951209313,20570.304964195315,0.0,0.0
489,14151.90536,3525.14621,24997.32521,2394.22282,598.55571,2992.77853,68072.9951209313,20570.304964195315,0.0,0.0
490,14151.90536,3525.14621,24997.32521,2394.22282,598.55571,2992.77853,68072.9951209313,20570.304964195315,0.0,0.0
491,14151.90536,3525.14621,24997.32521,2394.22282,598.55571,2992.77853,68072.9951209313,20570.304964195315,0.0,0.0
492,14151.90536,3525.14621,24997.32521,2394.22282,598.55571,2992.77853,68072.9951209313,20570.304964195315,0.0,0.0
493,14151.90536,3525.14621,24997.32521,2394.22282,598.55571,2992.77853,68072.9951209313,20570.304964195315,0.0,0.0
494,14151.90536,3525.14621,24997.32521,2394.22282,598.55571,2992.77853,68072.9951209313,20570.304964195315,0.0,0.0
495,14151.90536,3525.14621,24997.32521,2394.22282,598.55571,2992.77853,68072.9951209313,20570.304964195315,0.0,0.0
496,14151.90536,3525.14621,24997.32521,2394.22282,598.55571,2992.77853,68072.9951209313,20570.304964195315,0.0,0.0
497,14151.90536,3525.14621,24997.32521,2394.22282,598.55571,2992.77853,68072.9951209313,20570.304964195315,0.0,0.0
498,14151.90536,3525.14621,24997.32521,2394.22282,598.55571,2992.77853,68072.9951209313,20570.304964195315,0.0,0.0
499,14151.90536,3525.14621,24997.32521,2394.22282,598.55571,2992.77853,68072.9951209313,20570.304964195315,0.0,0.0
500,14151.90536,3525.14621,24997.32521,2394.22282,598.55571,2992.77853,68072.9951209313,20570.304964195315,0.0,0.0
501,14151.90536,3525.14621,24997.32521,2394.22282,598.55571,2992.77853,68072.9951209313,20570.304964195315,0.0,0.0
502,14151.90536,3525.14621,24997.32521,2394.22282,598.55571,2992.77853,68072.9951209313,20570.304964195315,0.0,0.0
503,14151.90536,3525.14621,24997.32521,2394.22282,598.55571,2992.77853,68072.9951209313,20570.304964195315,0.0,0.0
504,14151.90536,3525.14621,24997.32521,2394.22282,598.55571,2992.77853,68072.9951209313,20570.304964195315,0.0,0.0
505,14151.90536,3525.14621,24997.32521,2394.22282,598.55571,2992.77853,68072.9951209313,20570.304964195315,0.0,0.0
506,14151.90536,3525.14621,24997.32521,2394.22282,598.55571,2992.77853,68072.9951209313,20570.304964195315,0.0,0.0
507,14151.90536,3525.14621,24997.32521,2394.22282,598.55571,2992.77853,68072.9951209313,20570.304964195315,0.0,0.0
508,14151.90536,3525.14621,24997.32521,2394.22282,598.55571,2992.77853,68072.9951209313,20570.304964195315,0.0,0.0
509,14151.90536,3525.14621,24997.32521,2394.22282,598.55571,2992.77853,68072.9951209313,20570.304964195315,0.0,0.0
510,14151.90536,3525.14621,24997.32521,2394.22282,598.55571,2992.77853,68072.9951209313,20570.304964195315,0.0,0.0
511,14151.90536,3525.14621,24997.32521,2394.22282,598.55571,2992.77853,68072.9951209313,20570.304964195315,0.0,0.0
512,14151.90536,3525.14621,24997.32521,2394.22282,598.55571,2992.77853,68072.9951209313,20570.304964195315,0.0,0.0
513,14151.90536,3525.14621,24997.32521,2394.22282,598.55571,2992.77853,68072.9951209313,20570.304964195315,0.0,0.0
514,14151.90536,3525.14621,24997.32521,2394.22282,598.55571,2992.77853,68072.9951209313,20570.304964195315,0.0,0.0
515,14151.90536,3525.14621,24997.32521,2394.22282,598.55571,2992.77853,68072.9951209313,20570.304964195315,0.0,0.0
516,14151.90536,3525.14621,24997.32521,2394.22282,598.55571,2992.77853,68072.9951209313,20570.304964195315,0.0,0.0
517,14151.90536,3525.14621,24997.32521,2394.22282,598.55571,2992.77853,68072.9951209313,20570.304964195315,0.0,0.0
518,14151.90536,3525.14621,24997.32521,2394.22282,598.55571,2992.77853,68072.9951209313,20570.304964195315,0.0,0.0
519,14151.90536,3525.14621,24997.32521,2394.22282,598.55571,2992.77853,68072.9951209313,20570.304964195315,0.0,0.0
520,14151.90536,3525.14621,24997.32521,2394.22282,598.55571,2992.77853,68072.9951209313,20570.304964195315,0.0,0.0
521,14151.90536,3525.14621,24997.32521,2394.22282,598.55571,2992.77853,68072.9951209313,20570.304964195315,0.0,0.0
522,14151.90536,3525.14621,24997.32521,2394.22282,598.55571,2992.77853,68072.9951209313,20570.304964195315,0.0,0.0
523,14151.90536,3525.14621,24997.32521,2394.22282,598.55571,2992.77853,68072.9951209313,20570.304964195315,0.0,0.0
524,14151.90536,3525.14621,24997.32521,2394.22282,598.55571,2992.77853,68072.9951209313,20570.304964195315,0.0,0.0
525,14151.90536,3525.14621,24997.32521,2394.22282,598.55571,2992.77853,68072.9951209313,20570.304964195315,0.0,0.0
526,14151.90536,3525.14621,24997.32521,2394.22282,598.55571,2992.77853,68072.9951209313,20570.304964195315,0.0,0.0
527,14151.90536,3525.14621,24997.32521,2394.22282,598.55571,2992.77853,68072.9951209313,20570.304964195315,0.0,0.0
528,14151.90536,3525.14621,24997.32521,2394.22282,598.55571,2992.77853,68072.9951209313,20570.304964195315,0.0,0.0
529,14151.90536,3525.14621,24997.32521,2394.22282,598.55571,2992.77853,68072.9951209313,20570.304964195315,0.0,0.0
530,14151.90536,3525.14621,24997.32521,2394.22282,598.55571,2992.77853,68072.9951209313,20570.304964195315,0.0,0.0
531,14151.90536,3525.14621,24997.32521,2394.22282,598.55571,2992.77853,68072.9951209313,20570.304964195315,0.0,0.0
532,14151.90536,3525.14621,24997.32521,2394.22282,598.55571,2992.77853,68072.9951209313,20570.304964195315,0.0,0.0
533,14151.90536,3525.14621,24997.32521,2394.22282,598.55571,2992.77853,68072.9951209313,20570.304964195315,0.0,0.0
534,14151.90536,3525.14621,24997.32521,2394.22282,598.55571,2992.77853,68072.9951209313,20570.304964195315,0.0,0.0
535,14151.90536,3525.14621,24997.32521,2394.22282,598.55571,2992.77853,68072.9951209313,20570.304964195315,0.0,0.0
536,14151.90536,3525.14621,24997.32521,2394.22282,598.55571,2992.77853,68072.9951209313,20570.304964195315,0.0,0.0
537,14151.90536,3525.14621,24997.32521,2394.22282,598.55571,2992.77853,68072.9951209313,20570.304964195315,0.0,0.0
538,14151.90536,3525.14621,24997.32521,2394.22282,598.55571,2992.77853,68072.9951209313,20570.304964195315,0.0,0.0
539,14151.90536,3525.14621,24997.32521,2394.22282,598.55571,2992.77853,68072.9951209313,20570.304964195315,0.0,0.0
540,14151.90536,3525.14621,24997.32521,2394.22282,598.55571,2992.77853,68072.9951209313,20570.304964195315,0.0,0.0
541,14151.90536,3525.14621,24997.32521,2394.22282,598.55571,2992.77853,68072.9951209313,20570.304964195315,0.0,0.0
542,14151.90536,3525.14621,24997.32521,2394.22282,598.55571,2992.77853,68072.9951209313,20570.304964195315,0.0,0.0
543,14151.90536,3525.14621,24997.32521,2394.22282,598.55571,2992.77853,68072.9951209313,20570.304964195315,0.0,0.0
544,14151.90536,3525.14621,24997.32521,2394.22282,598.55571,2992.77853,68072.9951209313,20570.304964195315,0.0,0.0
545,14151.90536,3525.14621,24997.32521,2394.22282,598.55571,2992.77853,68072.9951209313,20570.304964195315,0.0,0.0
546,14151.90536,3525.14621,24997.32521,2394.22282,598.55571,2992.77853,68072.9951209313,20570.304964195315,0.0,0.0
547,14151.90536,3525.14621,24997.32521,2394.22282,598.55571,2992.77853,68072.9951209313,20570.304964195315,0.0,0.0
548,14151.90536,3525.14621,24997.32521,2394.22282,598.55571,2992.77853,68072.9951209313,20570.304964195315,0.0,0.0
549,14151.90536,3525.14621,24997.32521,2394.22282,598.55571,2992.77853,68072.9951209313,20570.304964195315,0.0,0.0
550,14151.90536,3525.14621,24997.32521,2394.22282,598.55571,2992.77853,68072.9951209313,20570.304964195315,0.0,0.0
551,14151.90536,3525.14621,24997.32521,2394.22282,598.55571,2992.77853,68072.9951209313,20570.304964195315,0.0,0.0
552,14151.90536,3525.14621,24997.32521,2394.22282,598.55571,2992.77853,68072.9951209313,20570.304964195315,0.0,0.0
553,14151.90536,3525.14621,24997.32521,2394.22282,598.55571,2992.77853,68072.9951209313,20570.304964195315,0.0,0.0
554,14151.90536,3525.14621,24997.32521,2394.22282,598.55571,2992.77853,68072.9951209313,20570.304964195315,0.0,0.0
555,14151.90536,3525.14621,24997.32521,2394.22282,598.55571,2992.77853,68072.9951209313,20570.304964195315,0.0,0.0
556,14151.90536,3525.14621,24997.32521,2394.22282,598.55571,2992.77853,68072.9951209313,20570.304964195315,0.0,0.0
557,14151.90536,3525.14621,24997.32521,2394.22282,598.55571,2992.77853,68072.9951209313,20570.304964195315,0.0,0.0
558,14151.90536,3525.14621,24997.32521,2394.22282,598.55571,2992.77853,68072.9951209313,20570.304964195315,0.0,0.0
559,14151.90536,3525.14621,24997.32521,2394.22282,598.55571,2992.77853,68072.9951209313,20570.304964195315,0.0,0.0
560,14151.90536,3525.14621,24997.32521,2394.22282,598.55571,2992.77853,68072.9951209313,20570.304964195315,0.0,0.0
561,14151.90536,3525.14621,24997.32521,2394.22282,598.55571,2992.77853,68072.9951209313,20570.304964195315,0.0,0.0
562,14151.90536,3525.14621,24997.32521,2394.22282,598.55571,2992.77853,68072.9951209313,20570.304964195315,0.0,0.0
563,14151.90536,3525.14621,24997.32521,2394.22282,598.55571,2992.77853,68072.9951209313,20570.304964195315,0.0,0.0
564,14151.90536,3525.14621,24997.32521,2394.22282,598.55571,2992.77853,68072.9951209313,20570.304964195315,0.0,0.0
565,14151.90536,3525.14621,24997.32521,2394.22282,598.55571,2992.77853,68072.9951209313,20570.304964195315,0.0,0.0
566,14151.90536,3525.14621,24997.32521,2394.22282,598.55571,2992.77853,68072.9951209313,20570.304964195315,0.0,0.0
567,14151.90536,3525.14621,24997.32521,2394.22282,598.55571,2992.77853,68072.9951209313,20570.304964195315,0.0,0.0
568,14151.90536,3525.14621,24997.32521,2394.22282,598.55571,2992.77853,68072.9951209313,20570.304964195315,0.0,0.0
569,14151.90536,3525.14621,24997.32521,2394.22282,598.55571,2992.77853,68072.9951209313,20570.304964195315,0.0,0.0
570,14151.90536,3525.14621,24997.32521,2394.22282,598.55571,2992.77853,68072.9951209313,20570.304964195315,0.0,0.0
571,14151.90536,3525.14621,24997.32521,2394.22282,598.55571,2992.77853,68072.9951209313,20570.304964195315,0.0,0.0
572,14151.90536,3525.14621,24997.32521,2394.22282,598.55571,2992.77853,68072.9951209313,20570.304964195315,0.0,0.0
573,14151.90536,3525.14621,24997.32521,2394.22282,598.55571,2992.77853,68072.9951209313,20570.304964195315,0.0,0.0
574,14151.90536,3525.14621,24997.32521,2394.22282,598.55571,2992.77853,68072.9951209313,20570.304964195315,0.0,0.0
575,14151.90536,3525.14621,24997.32521,2394.22282,598.55571,2992.77853,68072.9951209313,20570.304964195315,0.0,0.0
576,14151.90536,3525.14621,24997.32521,2394.22282,598.55571,2992.77853,68072.9951209313,20570.304964195315,0.0,0.0
577,14151.90536,3525.14621,24997.32521,2394.22282,598.55571,2992.77853,68072.9951209313,20570.304964195315,0.0,0.0
578,14151.90536,3525.14621,24997.32521,2394.22282,598.55571,2992.77853,68072.9951209313,20570.304964195315,0.0,0.0
579,14151.90536,3525.14621,24997.32521,2394.22282,598.55571,2992.77853,68072.9951209313,20570.304964195315,0.0,0.0
580,14151.90536,3525.14621,24997.32521,2394.22282,598.55571,2992.77853,68072.9951209313,20570.304964195315,0.0,0.0
581,14151.90536,3525.14621,24997.32521,2394.22282,598.55571,2992.77853,68072.9951209313,20570.304964195315,0.0,0.0
582,14151.90536,3525.14621,24997.32521,2394.22282,598.55571,2992.77853,68072.9951209313,20570.304964195315,0.0,0.0
583,14151.90536,3525.14621,24997.32521,2394.22282,598.55571,2992.77853,68072.9951209313,20570.304964195315,0.0,0.0
584,14151.90536,3525.14621,24997.32521,2394.22282,598.55571,2992.77853,68072.9951209313,20570.304964195315,0.0,0.0
585,14151.90536,3525.14621,24997.32521,2394.22282,598.55571,2992.77853,68072.9951209313,20570.304964195315,0.0,0.0
586,14151.90536,3525.14621,24997.32521,2394.22282,598.55571,2992.77853,68072.9951209313,20570.304964195315,0.0,0.0
587,14151.90536,3525.14621,24997.32521,2394.22282,598.55571,2992.77853,68072.9951209313,20570.304964195315,0.0,0.0
588,14151.90536,3525.14621,24997.32521,2394.22282,598.55571,2992.77853,68072.9951209313,20570.304964195315,0.0,0.0
589,14151.90536,3525.14621,24997.32521,2394.22282,598.55571,2992.77853,68072.9951209313,20570.304964195315,0.0,0.0
590,14151.90536,3525.14621,24997.32521,2394.22282,598.55571,2992.77853,68072.9951209313,20570.304964195315,0.0,0.0
591,14151.90536,3525.14621,24997.32521,2394.22282,598.55571,2992.77853,68072.9951209313,20570.304964195315,0.0,0.0
592,14151.90536,3525.14621,24997.32521,2394.22282,598.55571,2992.77853,68072.9951209313,20570.304964195315,0.0,0.0
593,14151.90536,3525.14621,24997.32521,2394.22282,598.55571,2992.77853,68072.9951209313,20570.304964195315,0.0,0.0
594,14151.90536,3525.14621,24997.32521,2394.22282,598.55571,2992.77853,68072.9951209313,20570.304964195315,0.0,0.0
595,14151.90536,3525.14621,24997.32521,2394.22282,598.55571,2992.77853,68072.9951209313,20570.304964195315,0.0,0.0
596,14151.90536,3525.14621,24997.32521,2394.22282,598.55571,2992.77853,68072.9951209313,20570.304964195315,0.0,0.0
597,14151.90536,3525.14621,24997.32521,2394.22282,598.55571,2992.77853,68072.9951209313,20570.304964195315,0.0,0.0
598,14151.90536,3525.14621,24997.32521,2394.22282,598.55571,2992.77853,68072.9951209313,20570.304964195315,0.0,0.0
599,14151.90536,3525.14621,24997.32521,2394.22282,598.55571,2992.77853,68072.9951209313,20570.304964195315,0.0,0.0
600,14151.90536,3525.14621,24997.32521,2394.22282,598.55571,2992.77853,68072.9951209313,20570.304964195315,0.0,0.0
601,14151.90536,3525.14621,24997.32521,2394.22282,598.55571,2992.77853,68072.9951209313,20570.304964195315,0.0,0.0
602,14151.90536,3525.14621,24997.32521,2394.22282,598.55571,2992.77853,68072.9951209313,20570.304964195315,0.0,0.0
603,14151.90536,3525.14621,24997.32521,2394.22282,598.55571,2992.77853,68072.9951209313,20570.304964195315,0.0,0.0
604,14151.90536,3525.14621,24997.32521,2394.22282,598.55571,2992.77853,68072.9951209313,20570.304964195315,0.0,0.0
605,14151.90536,3525.14621,24997.32521,2394.22282,598.55571,2992.77853,68072.9951209313,20570.304964195315,0.0,0.0
606,14151.90536,3525.14621,24997.32521,2394.22282,598.55571,2992.77853,68072.9951209313,20570.304964195315,0.0,0.0
607,14151.90536,3525.14621,24997.32521,2394.22282,598.55571,2992.77853,68072.9951209313,20570.304964195315,0.0,0.0
608,14151.90536,3525.14621,24997.32521,2394.22282,598.55571,2992.77853,68072.9951209313,20570.304964195315,0.0,0.0
609,14151.90536,3525.14621,24997.32521,2394.22282,598.55571,2992.77853,68072.9951209313,20570.304964195315,0.0,0.0
610,14151.90536,3525.14621,24997.32521,2394.22282,598.55571,2992.77853,68072.9951209313,20570.304964195315,0.0,0.0
611,14151.90536,3525.14621,24997.32521,2394.22282,598.55571,2992.77853,68072.9951209313,20570.304964195315,0.0,0.0
612,14151.90536,3525.14621,24997.32521,2394.22282,598.55571,2992.77853,68072.9951209313,20570.304964195315,0.0,0.0
613,14151.90536,3525.14621,24997.32521,2394.22282,598.55571,2992.77853,68072.9951209313,20570.304964195315,0.0,0.0
614,14151.90536,3525.14621,24997.32521,2394.22282,598.55571,2992.77853,68072.9951209313,20570.304964195315,0.0,0.0
615,14151.90536,3525.14621,24997.32521,2394.22282,598.55571,2992.77853,68072.9951209313,20570.304964195315,0.0,0.0
616,14151.90536,3525.14621,24997.32521,2394.22282,598.55571,2992.77853,68072.9951209313,20570.304964195315,0.0,0.0
617,14151.90536,3525.14621,24997.32521,2394.22282,598.55571,2992.77853,68072.9951209313,20570.304964195315,0.0,0.0
618,14151.90536,3525.14621,24997.32521,2394.22282,598.55571,2992.77853,68072.9951209313,20570.304964195315,0.0,0.0
619,14151.90536,3525.14621,24997.32521,2394.22282,598.55571,2992.77853,68072.9951209313,20570.304964195315,0.0,0.0
620,14151.90536,3525.14621,24997.32521,2394.22282,598.55571,2992.77853,68072.9951209313,20570.304964195315,0.0,0.0
621,14151.90536,3525.14621,24997.32521,2394.22282,598.55571,2992.77853,68072.9951209313,20570.304964195315,0.0,0.0
622,14151.90536,3525.14621,24997.32521,2394.22282,598.55571,2992.77853,68072.9951209313,20570.304964195315,0.0,0.0
623,14151.90536,3525.14621,24997.32521,2394.22282,598.55571,2992.77853,68072.9951209313,20570.304964195315,0.0,0.0
624,14151.90536,3525.14621,24997.32521,2394.22282,598.55571,2992.77853,68072.9951209313,20570.304964195315,0.0,0.0
625,14151.90536,3525.14621,24997.32521,2394.22282,598.55571,2992.77853,68072.9951209313,20570.304964195315,0.0,0.0
626,14151.90536,3525.14621,24997.32521,2394.22282,598.55571,2992.77853,68072.9951209313,20570.304964195315,0.0,0.0
627,14151.90536,3525.14621,24997.32521,2394.22282,598.55571,2992.77853,68072.9951209313,20570.304964195315,0.0,0.0
628,14151.90536,3525.14621,24997.32521,2394.22282,598.55571,2992.77853,68072.9951209313,20570.304964195315,0.0,0.0
629,14151.90536,3525.14621,24997.32521,2394.22282,598.55571,2992.77853,68072.9951209313,20570.304964195315,0.0,0.0
630,14151.90536,3525.14621,24997.32521,2394.22282,598.55571,2992.77853,68072.9951209313,20570.304964195315,0.0,0.0
631,14151.90536,3525.14621,24997.32521,2394.22282,598.55571,2992.77853,68072.9951209313,20570.304964195315,0.0,0.0
632,14151.90536,3525.14621,24997.32521,2394.22282,598.55571,2992.77853,68072.9951209313,20570.304964195315,0.0,0.0
633,14151.90536,3525.14621,24997.32521,2394.22282,598.55571,2992.77853,68072.9951209313,20570.304964195315,0.0,0.0
634,14151.90536,3525.14621,24997.32521,2394.22282,598.55571,2992.77853,68072.9951209313,20570.304964195315,0.0,0.0
635,14151.90536,3525.14621,24997.32521,2394.22282,598.55571,2992.77853,68072.9951209313,20570.304964195315,0.0,0.0
636,14151.90536,3525.14621,24997.32521,2394.22282,598.55571,2992.77853,68072.9951209313,20570.304964195315,0.0,0.0
637,14151.90536,3525.14621,24997.32521,2394.22282,598.55571,2992.77853,68072.9951209313,20570.304964195315,0.0,0.0
638,14151.90536,3525.14621,24997.32521,2394.22282,598.55571,2992.77853,68072.9951209313,20570.304964195315,0.0,0.0
639,14151.90536,3525.14621,24997.32521,2394.22282,598.55571,2992.77853,68072.9951209313,20570.304964195315,0.0,0.0
640,14151.90536,3525.14621,24997.32521,2394.22282,598.55571,2992.77853,68072.9951209313,20570.304964195315,0.0,0.0
641,14151.90536,3525.14621,24997.32521,2394.22282,598.55571,2992.77853,68072.9951209313,20570.304964195315,0.0,0.0
642,14151.90536,3525.14621,24997.32521,2394.22282,598.55571,2992.77853,68072.9951209313,20570.304964195315,0.0,0.0
643,14151.90536,3525.14621,24997.32521,2394.22282,598.55571,2992.77853,68072.9951209313,20570.304964195315,0.0,0.0
644,14151.90536,3525.14621,24997.32521,2394.22282,598.55571,2992.77853,68072.9951209313,20570.304964195315,0.0,0.0
645,14151.90536,3525.14621,24997.32521,2394.22282,598.55571,2992.77853,68072.9951209313,20570.304964195315,0.0,0.0
646,14151.90536,3525.14621,24997.32521,2394.22282,598.55571,2992.77853,68072.9951209313,20570.304964195315,0.0,0.0
647,14151.90536,3525.14621,24997.32521,2394.22282,598.55571,2992.77853,68072.9951209313,20570.304964195315,0.0,0.0
648,14151.90536,3525.14621,24997.32521,2394.22282,598.55571,2992.77853,68072.9951209313,20570.304964195315,0.0,0.0
649,14151.90536,3525.14621,24997.32521,2394.22282,598.55571,2992.77853,68072.9951209313,20570.304964195315,0.0,0.0
650,14151.90536,3525.14621,24997.32521,2394.22282,598.55571,2992.77853,68072.9951209313,20570.304964195315,0.0,0.0
651,14151.90536,3525.14621,24997.32521,2394.22282,598.55571,2992.77853,68072.9951209313,20570.304964195315,0.0,0.0
652,14151.90536,3525.14621,24997.32521,2394.22282,598.55571,2992.77853,68072.9951209313,20570.304964195315,0.0,0.0
653,14151.90536,3525.14621,24997.32521,2394.22282,598.55571,2992.77853,68072.9951209313,20570.304964195315,0.0,0.0
654,14151.90536,3525.14621,24997.32521,2394.22282,598.55571,2992.77853,68072.9951209313,20570.304964195315,0.0,0.0
655,14151.90536,3525.14621,24997.32521,2394.22282,598.55571,2992.77853,68072.9951209313,20570.304964195315,0.0,0.0
656,14151.90536,3525.14621,24997.32521,2394.22282,598.55571,2992.77853,68072.9951209313,20570.304964195315,0.0,0.0
657,14151.90536,3525.14621,24997.32521,2394.22282,598.55571,2992.77853,68072.9951209313,20570.304964195315,0.0,0.0
658,14151.90536,3525.14621,24997.32521,2394.22282,598.55571,2992.77853,68072.9951209313,20570.304964195315,0.0,0.0
659,14151.90536,3525.14621,24997.32521,2394.22282,598.55571,2992.77853,68072.9951209313,20570.304964195315,0.0,0.0
660,14151.90536,3525.14621,24997.32521,2394.22282,598.55571,2992.77853,68072.9951209313,20570.304964195315,0.0,0.0
661,14151.90536,3525.14621,24997.32521,2394.22282,598.55571,2992.77853,68072.9951209313,20570.304964195315,0.0,0.0
662,14151.90536,3525.14621,24997.32521,2394.22282,598.55571,2992.77853,68072.9951209313,20570.304964195315,0.0,0.0
663,14151.90536,3525.14621,24997.32521,2394.22282,598.55571,2992.77853,68072.9951209313,20570.304964195315,0.0,0.0
664,14151.90536,3525.14621,24997.32521,2394.22282,598.55571,2992.77853,68072.9951209313,20570.304964195315,0.0,0.0
665,14151.90536,3525.14621,24997.32521,2394.22282,598.55571,2992.77853,68072.9951209313,20570.304964195315,0.0,0.0
666,14151.90536,3525.14621,24997.32521,2394.22282,598.55571,2992.77853,68072.9951209313,20570.304964195315,0.0,0.0
667,14151.90536,3525.14621,24997.32521,2394.22282,598.55571,2992.77853,68072.9951209313,20570.304964195315,0.0,0.0
668,14151.90536,3525.14621,24997.32521,2394.22282,598.55571,2992.77853,68072.9951209313,20570.304964195315,0.0,0.0
669,14151.90536,3525.14621,24997.32521,2394.22282,598.55571,2992.77853,68072.9951209313,20570.304964195315,0.0,0.0
670,14151.90536,3525.14621,24997.32521,2394.22282,598.55571,2992.77853,68072.9951209313,20570.304964195315,0.0,0.0
671,14151.90536,3525.14621,24997.32521,2394.22282,598.55571,2992.77853,68072.9951209313,20570.304964195315,0.0,0.0
672,14151.90536,3525.14621,24997.32521,2394.22282,598.55571,2992.77853,68072.9951209313,20570.304964195315,0.0,0.0
673,14151.90536,3525.14621,24997.32521,2394.22282,598.55571,2992.77853,68072.9951209313,20570.304964195315,0.0,0.0
674,14151.90536,3525.14621,24997.32521,2394.22282,598.55571,2992.77853,68072.9951209313,20570.304964195315,0.0,0.0
675,14151.90536,3525.14621,24997.32521,2394.22282,598.55571,2992.77853,68072.9951209313,20570.304964195315,0.0,0.0
676,14151.90536,3525.14621,24997.32521,2394.22282,598.55571,2992.77853,68072.9951209313,20570.304964195315,0.0,0.0
677,14151.90536,3525.14621,24997.32521,2394.22282,598.55571,2992.77853,68072.9951209313,20570.304964195315,0.0,0.0
678,14151.90536,3525.14621,24997.32521,2394.22282,598.55571,2992.77853,68072.9951209313,20570.304964195315,0.0,0.0
679,14151.90536,3525.14621,24997.32521,2394.22282,598.55571,2992.77853,68072.9951209313,20570.304964195315,0.0,0.0
680,14151.90536,3525.14621,24997.32521,2394.22282,598.55571,2992.77853,68072.9951209313,20570.304964195315,0.0,0.0
681,14151.90536,3525.14621,24997.32521,2394.22282,598.55571,2992.77853,68072.9951209313,20570.304964195315,0.0,0.0
682,14151.90536,3525.14621,24997.32521,2394.22282,598.55571,2992.77853,68072.9951209313,20570.304964195315,0.0,0.0
683,14151.90536,3525.14621,24997.32521,2394.22282,598.55571,2992.77853,68072.9951209313,20570.304964195315,0.0,0.0
684,14151.90536,3525.14621,24997.32521,2394.22282,598.55571,2992.77853,68072.9951209313,20570.304964195315,0.0,0.0
685,14151.90536,3525.14621,24997.32521,2394.22282,598.55571,2992.77853,68072.9951209313,20570.304964195315,0.0,0.0
686,14151.90536,3525.14621,24997.32521,2394.22282,598.55571,2992.77853,68072.9951209313,20570.304964195315,0.0,0.0
687,14151.90536,3525.14621,24997.32521,2394.22282,598.55571,2992.77853,68072.9951209313,20570.304964195315,0.0,0.0
688,14151.90536,3525.14621,24997.32521,2394.22282,598.55571,2992.77853,68072.9951209313,20570.304964195315,0.0,0.0
689,14151.90536,3525.14621,24997.32521,2394.22282,598.55571,2992.77853,68072.9951209313,20570.304964195315,0.0,0.0
690,14151.90536,3525.14621,24997.32521,2394.22282,598.55571,2992.77853,68072.9951209313,20570.304964195315,0.0,0.0
691,14151.90536,3525.14621,24997.32521,2394.22282,598.55571,2992.77853,68072.9951209313,20570.304964195315,0.0,0.0
692,14151.90536,3525.14621,24997.32521,2394.22282,598.55571,2992.77853,68072.9951209313,20570.304964195315,0.0,0.0
693,14151.90536,3525.14621,24997.32521,2394.22282,598.55571,2992.77853,68072.9951209313,20570.304964195315,0.0,0.0
694,14151.90536,3525.14621,24997.32521,2394.22282,598.55571,2992.77853,68072.9951209313,20570.304964195315,0.0,0.0
695,14151.90536,3525.14621,24997.32521,2394.22282,598.55571,2992.77853,68072.9951209313,20570.304964195315,0.0,0.0
696,14151.90536,3525.14621,24997.32521,2394.22282,598.55571,2992.77853,68072.9951209313,20570.304964195315,0.0,0.0
697,14151.90536,3525.14621,24997.32521,2394.22282,598.55571,2992.77853,68072.9951209313,20570.304964195315,0.0,0.0
698,14151.90536,3525.14621,24997.32521,2394.22282,598.55571,2992.77853,68072.9951209313,20570.304964195315,0.0,0.0
699,14151.90536,3525.14621,24997.32521,2394.22282,598.55571,2992.77853,68072.9951209313,20570.304964195315,0.0,0.0
700,14151.90536,3525.14621,24997.32521,2394.22282,598.55571,2992.77853,68072.9951209313,20570.304964195315,0.0,0.0
701,14151.90536,3525.14621,24997.32521,2394.22282,598.55571,2992.77853,68072.9951209313,20570.304964195315,0.0,0.0
702,14151.90536,3525.14621,24997.32521,2394.22282,598.55571,2992.77853,68072.9951209313,20570.304964195315,0.0,0.0
703,14151.90536,3525.14621,24997.32521,2394.22282,598.55571,2992.77853,68072.9951209313,20570.304964195315,0.0,0.0
704,14151.90536,3525.14621,24997.32521,2394.22282,598.55571,2992.77853,68072.9951209313,20570.304964195315,0.0,0.0
705,14151.90536,3525.14621,24997.32521,2394.22282,598.55571,2992.77853,68072.9951209313,20570.304964195315,0.0,0.0
706,14151.90536,3525.14621,24997.32521,2394.22282,598.55571,2992.77853,68072.9951209313,20570.304964195315,0.0,0.0
707,14151.90536,3525.14621,24997.32521,2394.22282,598.55571,2992.77853,68072.9951209313,20570.304964195315,0.0,0.0
708,14151.90536,3525.14621,24997.32521,2394.22282,598.55571,2992.77853,68072.9951209313,20570.304964195315,0.0,0.0
709,14151.90536,3525.14621,24997.32521,2394.22282,598.55571,2992.77853,68072.9951209313,20570.304964195315,0.0,0.0
710,14151.90536,3525.14621,24997.32521,2394.22282,598.55571,2992.77853,68072.9951209313,20570.304964195315,0.0,0.0
711,14151.90536,3525.14621,24997.32521,2394.22282,598.55571,2992.77853,68072.9951209313,20570.304964195315,0.0,0.0
712,14151.90536,3525.14621,24997.32521,2394.22282,598.55571,2992.77853,68072.9951209313,20570.304964195315,0.0,0.0
713,14151.90536,3525.14621,24997.32521,2394.22282,598.55571,2992.77853,68072.9951209313,20570.304964195315,0.0,0.0
714,14151.90536,3525.14621,24997.32521,2394.22282,598.55571,2992.77853,68072.9951209313,20570.304964195315,0.0,0.0
715,14151.90536,3525.14621,24997.32521,2394.22282,598.55571,2992.77853,68072.9951209313,20570.304964195315,0.0,0.0
716,14151.90536,3525.14621,24997.32521,2394.22282,598.55571,2992.77853,68072.9951209313,20570.304964195315,0.0,0.0
717,14151.90536,3525.14621,24997.32521,2394.22282,598.55571,2992.77853,68072.9951209313,20570.304964195315,0.0,0.0
718,14151.90536,3525.14621,24997.32521,2394.22282,598.55571,2992.77853,68072.9951209313,20570.304964195315,0.0,0.0
719,14151.90536,3525.14621,24997.32521,2394.22282,598.55571,2992.77853,68072.9951209313,20570.304964195315,0.0,0.0
720,14151.90536,3525.14621,24997.32521,2394.22282,598.55571,2992.77853,68072.9951209313,20570.304964195315,0.0,0.0
721,14151.90536,3525.14621,24997.32521,2394.22282,598.55571,2992.77853,68072.9951209313,20570.304964195315,0.0,0.0
722,14151.90536,3525.14621,24997.32521,2394.22282,598.55571,2992.77853,68072.9951209313,20570.304964195315,0.0,0.0
723,14151.90536,3525.14621,24997.32521,2394.22282,598.55571,2992.77853,68072.9951209313,20570.304964195315,0.0,0.0
724,14151.90536,3525.14621,24997.32521,2394.22282,598.55571,2992.77853,68072.9951209313,20570.304964195315,0.0,0.0
725,14151.90536,3525.14621,24997.32521,2394.22282,598.55571,2992.77853,68072.9951209313,20570.304964195315,0.0,0.0
726,14151.90536,3525.14621,24997.32521,2394.22282,598.55571,2992.77853,68072.9951209313,20570.304964195315,0.0,0.0
727,14151.90536,3525.14621,24997.32521,2394.22282,598.55571,2992.77853,68072.9951209313,20570.304964195315,0.0,0.0
728,14151.90536,3525.14621,24997.32521,2394.22282,598.55571,2992.77853,68072.9951209313,20570.304964195315,0.0,0.0
729,14151.90536,3525.14621,24997.32521,2394.22282,598.55571,2992.77853,68072.9951209313,20570.304964195315,0.0,0.0
730,14151.90536,3525.14621,24997.32521,2394.22282,598.55571,2992.77853,68072.9951209313,20570.304964195315,0.0,0.0
731,14151.90536,3525.14621,24997.32521,2394.22282,598.55571,2992.77853,68072.9951209313,20570.304964195315,0.0,0.0
732,14151.90536,3525.14621,24997.32521,2394.22282,598.55571,2992.77853,68072.9951209313,20570.304964195315,0.0,0.0
733,14151.90536,3525.14621,24997.32521,2394.22282,598.55571,2992.77853,68072.9951209313,20570.304964195315,0.0,0.0
734,14151.90536,3525.14621,24997.32521,2394.22282,598.55571,2992.77853,68072.9951209313,20570.304964195315,0.0,0.0
735,14151.90536,3525.14621,24997.32521,2394.22282,598.55571,2992.77853,68072.9951209313,20570.304964195315,0.0,0.0
736,14151.90536,3525.14621,24997.32521,2394.22282,598.55571,2992.77853,68072.9951209313,20570.304964195315,0.0,0.0
737,14151.90536,3525.14621,24997.32521,2394.22282,598.55571,2992.77853,68072.9951209313,20570.304964195315,0.0,0.0
738,14151.90536,3525.14621,24997.32521,2394.22282,598.55571,2992.77853,68072.9951209313,20570.304964195315,0.0,0.0
739,14151.90536,3525.14621,24997.32521,2394.22282,598.55571,2992.77853,68072.9951209313,20570.304964195315,0.0,0.0
740,14151.90536,3525.14621,24997.32521,2394.22282,598.55571,2992.77853,68072.9951209313,20570.304964195315,0.0,0.0
741,14151.90536,3525.14621,24997.32521,2394.22282,598.55571,2992.77853,68072.9951209313,20570.304964195315,0.0,0.0
742,14151.90536,3525.14621,24997.32521,2394.22282,598.55571,2992.77853,68072.9951209313,20570.304964195315,0.0,0.0
743,14151.90536,3525.14621,24997.32521,2394.22282,598.55571,2992.77853,68072.9951209313,20570.304964195315,0.0,0.0
744,14151.90536,3525.14621,24997.32521,2394.22282,598.55571,2992.77853,68072.9951209313,20570.304964195315,0.0,0.0
745,14151.90536,3525.14621,24997.32521,2394.22282,598.55571,2992.77853,68072.9951209313,20570.304964195315,0.0,0.0
746,14151.90536,3525.14621,24997.32521,2394.22282,598.55571,2992.77853,68072.9951209313,20570.304964195315,0.0,0.0
747,14151.90536,3525.14621,24997.32521,2394.22282,598.55571,2992.77853,68072.9951209313,20570.304964195315,0.0,0.0
748,14151.90536,3525.14621,24997.32521,2394.22282,598.55571,2992.77853,68072.9951209313,20570.304964195315,0.0,0.0
749,14151.90536,3525.14621,24997.32521,2394.22282,598.55571,2992.77853,68072.9951209313,20570.304964195315,0.0,0.0
750,14151.90536,3525.14621,24997.32521,2394.22282,598.55571,2992.77853,68072.9951209313,20570.304964195315,0.0,0.0
751,14151.90536,3525.14621,24997.32521,2394.22282,598.55571,2992.77853,68072.9951209313,20570.304964195315,0.0,0.0
752,14151.90536,3525.14621,24997.32521,2394.22282,598.55571,2992.77853,68072.9951209313,20570.304964195315,0.0,0.0
753,14151.90536,3525.14621,24997.32521,2394.22282,598.55571,2992.77853,68072.9951209313,20570.304964195315,0.0,0.0
754,14151.90536,3525.14621,24997.32521,2394.22282,598.55571,2992.77853,68072.9951209313,20570.304964195315,0.0,0.0
755,14151.90536,3525.14621,24997.32521,2394.22282,598.55571,2992.77853,68072.9951209313,20570.304964195315,0.0,0.0
756,14151.90536,3525.14621,24997.32521,2394.22282,598.55571,2992.77853,68072.9951209313,20570.304964195315,0.0,0.0
757,14151.90536,3525.14621,24997.32521,2394.22282,598.55571,2992.77853,68072.9951209313,20570.304964195315,0.0,0.0
758,14151.90536,3525.14621,24997.32521,2394.22282,598.55571,2992.77853,68072.9951209313,20570.304964195315,0.0,0.0
759,14151.90536,3525.14621,24997.32521,2394.22282,598.55571,2992.77853,68072.9951209313,20570.304964195315,0.0,0.0
760,14151.90536,3525.14621,24997.32521,2394.22282,598.55571,2992.77853,68072.9951209313,20570.304964195315,0.0,0.0
761,14151.90536,3525.14621,24997.32521,2394.22282,598.55571,2992.77853,68072.9951209313,20570.304964195315,0.0,0.0
762,14151.90536,3525.14621,24997.32521,2394.22282,598.55571,2992.77853,68072.9951209313,20570.304964195315,0.0,0.0
763,14151.90536,3525.14621,24997.32521,2394.22282,598.55571,2992.77853,68072.9951209313,20570.304964195315,0.0,0.0
764,14151.90536,3525.14621,24997.32521,2394.22282,598.55571,2992.77853,68072.9951209313,20570.304964195315,0.0,0.0
765,14151.90536,3525.14621,24997.32521,2394.22282,598.55571,2992.77853,68072.9951209313,20570.304964195315,0.0,0.0
766,14151.90536,3525.14621,24997.32521,2394.22282,598.55571,2992.77853,68072.9951209313,20570.304964195315,0.0,0.0
767,14151.90536,3525.14621,24997.32521,2394.22282,598.55571,2992.77853,68072.9951209313,20570.304964195315,0.0,0.0
768,14151.90536,3525.14621,24997.32521,2394.22282,598.55571,2992.77853,68072.9951209313,20570.304964195315,0.0,0.0
769,14151.90536,3525.14621,24997.32521,2394.22282,598.55571,2992.77853,68072.9951209313,20570.304964195315,0.0,0.0
770,14151.90536,3525.14621,24997.32521,2394.22282,598.55571,2992.77853,68072.9951209313,20570.304964195315,0.0,0.0
771,14151.90536,3525.14621,24997.32521,2394.22282,598.55571,2992.77853,68072.9951209313,20570.304964195315,0.0,0.0
772,14151.90536,3525.14621,24997.32521,2394.22282,598.55571,2992.77853,68072.9951209313,20570.304964195315,0.0,0.0
773,14151.90536,3525.14621,24997.32521,2394.22282,598.55571,2992.77853,68072.9951209313,20570.304964195315,0.0,0.0
774,14151.90536,3525.14621,24997.32521,2394.22282,598.55571,2992.77853,68072.9951209313,20570.304964195315,0.0,0.0
775,14151.90536,3525.14621,24997.32521,2394.22282,598.55571,2992.77853,68072.9951209313,20570.304964195315,0.0,0.0
776,14151.90536,3525.14621,24997.32521,2394.22282,598.55571,2992.77853,68072.9951209313,20570.304964195315,0.0,0.0
777,14151.90536,3525.14621,24997.32521,2394.22282,598.55571,2992.77853,68072.9951209313,20570.304964195315,0.0,0.0
778,14151.90536,3525.14621,24997.32521,2394.22282,598.55571,2992.77853,68072.9951209313,20570.304964195315,0.0,0.0
779,14151.90536,3525.14621,24997.32521,2394.22282,598.55571,2992.77853,68072.9951209313,20570.304964195315,0.0,0.0
780,14151.90536,3525.14621,24997.32521,2394.22282,598.55571,2992.77853,68072.9951209313,20570.304964195315,0.0,0.0
781,14151.90536,3525.14621,24997.32521,2394.22282,598.55571,2992.77853,68072.9951209313,20570.304964195315,0.0,0.0
782,14151.90536,3525.14621,24997.32521,2394.22282,598.55571,2992.77853,68072.9951209313,20570.304964195315,0.0,0.0
783,14151.90536,3525.14621,24997.32521,2394.22282,598.55571,2992.77853,68072.9951209313,20570.304964195315,0.0,0.0
784,14151.90536,3525.14621,24997.32521,2394.22282,598.55571,2992.77853,68072.9951209313,20570.304964195315,0.0,0.0
785,14151.90536,3525.14621,24997.32521,2394.22282,598.55571,2992.77853,68072.9951209313,20570.304964195315,0.0,0.0
786,14151.90536,3525.14621,24997.32521,2394.22282,598.55571,2992.77853,68072.9951209313,20570.304964195315,0.0,0.0
787,14151.90536,3525.14621,24997.32521,2394.22282,598.55571,2992.77853,68072.9951209313,20570.304964195315,0.0,0.0
788,14151.90536,3525.14621,24997.32521,2394.22282,598.55571,2992.77853,68072.9951209313,20570.304964195315,0.0,0.0
789,14151.90536,3525.14621,24997.32521,2394.22282,598.55571,2992.77853,68072.9951209313,20570.304964195315,0.0,0.0
790,14151.90536,3525.14621,24997.32521,2394.22282,598.55571,2992.77853,68072.9951209313,20570.304964195315,0.0,0.0
791,14151.90536,3525.14621,24997.32521,2394.22282,598.55571,2992.77853,68072.9951209313,20570.304964195315,0.0,0.0
792,14151.90536,3525.14621,24997.32521,2394.22282,598.55571,2992.77853,68072.9951209313,20570.304964195315,0.0,0.0
793,14151.90536,3525.14621,24997.32521,2394.22282,598.55571,2992.77853,68072.9951209313,20570.304964195315,0.0,0.0
794,14151.90536,3525.14621,24997.32521,2394.22282,598.55571,2992.77853,68072.9951209313,20570.304964195315,0.0,0.0
795,14151.90536,3525.14621,24997.32521,2394.22282,598.55571,2992.77853,68072.9951209313,20570.304964195315,0.0,0.0
796,14151.90536,3525.14621,24997.32521,2394.22282,598.55571,2992.77853,68072.9951209313,20570.304964195315,0.0,0.0
797,14151.90536,3525.14621,24997.32521,2394.22282,598.55571,2992.77853,68072.9951209313,20570.304964195315,0.0,0.0
798,14151.90536,3525.14621,24997.32521,2394.22282,598.55571,2992.77853,68072.9951209313,20570.304964195315,0.0,0.0
799,14151.90536,3525.14621,24997.32521,2394.22282,598.55571,2992.77853,68072.9951209313,20570.304964195315,0.0,0.0
800,14151.90536,3525.14621,24997.32521,2394.22282,598.55571,2992.77853,68072.9951209313,20570.304964195315,0.0,0.0
801,14151.90536,3525.14621,24997.32521,2394.22282,598.55571,2992.77853,68072.9951209313,20570.304964195315,0.0,0.0
802,14151.90536,3525.14621,24997.32521,2394.22282,598.55571,2992.77853,68072.9951209313,20570.304964195315,0.0,0.0
803,14151.90536,3525.14621,24997.32521,2394.22282,598.55571,2992.77853,68072.9951209313,20570.304964195315,0.0,0.0
804,14151.90536,3525.14621,24997.32521,2394.22282,598.55571,2992.77853,68072.9951209313,20570.304964195315,0.0,0.0
805,14151.90536,3525.14621,24997.32521,2394.22282,598.55571,2992.77853,68072.9951209313,20570.304964195315,0.0,0.0
806,14151.90536,3525.14621,24997.32521,2394.22282,598.55571,2992.77853,68072.9951209313,20570.304964195315,0.0,0.0
807,14151.90536,3525.14621,24997.32521,2394.22282,598.55571,2992.77853,68072.9951209313,20570.304964195315,0.0,0.0
808,14151.90536,3525.14621,24997.32521,2394.22282,598.55571,2992.77853,68072.9951209313,20570.304964195315,0.0,0.0
809,14151.90536,3525.14621,24997.32521,2394.22282,598.55571,2992.77853,68072.9951209313,20570.304964195315,0.0,0.0
810,14151.90536,3525.14621,24997.32521,2394.22282,598.55571,2992.77853,68072.9951209313,20570.304964195315,0.0,0.0
811,14151.90536,3525.14621,24997.32521,2394.22282,598.55571,2992.77853,68072.9951209313,20570.304964195315,0.0,0.0
812,14151.90536,3525.14621,24997.32521,2394.22282,598.55571,2992.77853,68072.9951209313,20570.304964195315,0.0,0.0
813,14151.90536,3525.14621,24997.32521,2394.22282,598.55571,2992.77853,68072.9951209313,20570.304964195315,0.0,0.0
814,14151.90536,3525.14621,24997.32521,2394.22282,598.55571,2992.77853,68072.9951209313,20570.304964195315,0.0,0.0
815,14151.90536,3525.14621,24997.32521,2394.22282,598.55571,2992.77853,68072.9951209313,20570.304964195315,0.0,0.0
816,14151.90536,3525.14621,24997.32521,2394.22282,598.55571,2992.77853,68072.9951209313,20570.304964195315,0.0,0.0
817,14151.90536,3525.14621,24997.32521,2394.22282,598.55571,2992.77853,68072.9951209313,20570.304964195315,0.0,0.0
818,14151.90536,3525.14621,24997.32521,2394.22282,598.55571,2992.77853,68072.9951209313,20570.304964195315,0.0,0.0
819,14151.90536,3525.14621,24997.32521,2394.22282,598.55571,2992.77853,68072.9951209313,20570.304964195315,0.0,0.0
820,14151.90536,3525.14621,24997.32521,2394.22282,598.55571,2992.77853,68072.9951209313,20570.304964195315,0.0,0.0
821,14151.90536,3525.14621,24997.32521,2394.22282,598.55571,2992.77853,68072.9951209313,20570.304964195315,0.0,0.0
822,14151.90536,3525.14621,24997.32521,2394.22282,598.55571,2992.77853,68072.9951209313,20570.304964195315,0.0,0.0
823,14151.90536,3525.14621,24997.32521,2394.22282,598.55571,2992.77853,68072.9951209313,20570.304964195315,0.0,0.0
824,14151.90536,3525.14621,24997.32521,2394.22282,598.55571,2992.77853,68072.9951209313,20570.304964195315,0.0,0.0
825,14151.90536,3525.14621,24997.32521,2394.22282,598.55571,2992.77853,68072.9951209313,20570.304964195315,0.0,0.0
826,14151.90536,3525.14621,24997.32521,2394.22282,598.55571,2992.77853,68072.9951209313,20570.304964195315,0.0,0.0
827,14151.90536,3525.14621,24997.32521,2394.22282,598.55571,2992.77853,68072.9951209313,20570.304964195315,0.0,0.0
828,14151.90536,3525.14621,24997.32521,2394.22282,598.55571,2992.77853,68072.9951209313,20570.304964195315,0.0,0.0
829,14151.90536,3525.14621,24997.32521,2394.22282,598.55571,2992.77853,68072.9951209313,20570.304964195315,0.0,0.0
830,14151.90536,3525.14621,24997.32521,2394.22282,598.55571,2992.77853,68072.9951209313,20570.304964195315,0.0,0.0
831,14151.90536,3525.14621,24997.32521,2394.22282,598.55571,2992.77853,68072.9951209313,20570.304964195315,0.0,0.0
832,14151.90536,3525.14621,24997.32521,2394.22282,598.55571,2992.77853,68072.9951209313,20570.304964195315,0.0,0.0
833,14151.90536,3525.14621,24997.32521,2394.22282,598.55571,2992.77853,68072.9951209313,20570.304964195315,0.0,0.0
834,14151.90536,3525.14621,24997.32521,2394.22282,598.55571,2992.77853,68072.9951209313,20570.304964195315,0.0,0.0
835,14151.90536,3525.14621,24997.32521,2394.22282,598.55571,2992.77853,68072.9951209313,20570.304964195315,0.0,0.0
836,14151.90536,3525.14621,24997.32521,2394.22282,598.55571,2992.77853,68072.9951209313,20570.304964195315,0.0,0.0
837,14151.90536,3525.14621,24997.32521,2394.22282,598.55571,2992.77853,68072.9951209313,20570.304964195315,0.0,0.0
838,14151.90536,3525.14621,24997.32521,2394.22282,598.55571,2992.77853,68072.9951209313,20570.304964195315,0.0,0.0
839,14151.90536,3525.14621,24997.32521,2394.22282,598.55571,2992.77853,68072.9951209313,20570.304964195315,0.0,0.0
840,14151.90536,3525.14621,24997.32521,2394.22282,598.55571,2992.77853,68072.9951209313,20570.304964195315,0.0,0.0
841,14151.90536,3525.14621,24997.32521,2394.22282,598.55571,2992.77853,68072.9951209313,20570.304964195315,0.0,0.0
842,14151.90536,3525.14621,24997.32521,2394.22282,598.55571,2992.77853,68072.9951209313,20570.304964195315,0.0,0.0
843,14151.90536,3525.14621,24997.32521,2394.22282,598.55571,2992.77853,68072.9951209313,20570.304964195315,0.0,0.0
844,14151.90536,3525.14621,24997.32521,2394.22282,598.55571,2992.77853,68072.9951209313,20570.304964195315,0.0,0.0
845,14151.90536,3525.14621,24997.32521,2394.22282,598.55571,2992.77853,68072.9951209313,20570.304964195315,0.0,0.0
846,14151.90536,3525.14621,24997.32521,2394.22282,598.55571,2992.77853,68072.9951209313,20570.304964195315,0.0,0.0
847,14151.90536,3525.14621,24997.32521,2394.22282,598.55571,2992.77853,68072.9951209313,20570.304964195315,0.0,0.0
848,14151.90536,3525.14621,24997.32521,2394.22282,598.55571,2992.77853,68072.9951209313,20570.304964195315,0.0,0.0
849,14151.90536,3525.14621,24997.32521,2394.22282,598.55571,2992.77853,68072.9951209313,20570.304964195315,0.0,0.0
850,14151.90536,3525.14621,24997.32521,2394.22282,598.55571,2992.77853,68072.9951209313,20570.304964195315,0.0,0.0
851,14151.90536,3525.14621,24997.32521,2394.22282,598.55571,2992.77853,68072.9951209313,20570.304964195315,0.0,0.0
852,14151.90536,3525.14621,24997.32521,2394.22282,598.55571,2992.77853,68072.9951209313,20570.304964195315,0.0,0.0
853,14151.90536,3525.14621,24997.32521,2394.22282,598.55571,2992.77853,68072.9951209313,20570.304964195315,0.0,0.0
854,14151.90536,3525.14621,24997.32521,2394.22282,598.55571,2992.77853,68072.9951209313,20570.304964195315,0.0,0.0
855,14151.90536,3525.14621,24997.32521,2394.22282,598.55571,2992.77853,68072.9951209313,20570.304964195315,0.0,0.0
856,14151.90536,3525.14621,24997.32521,2394.22282,598.55571,2992.77853,68072.9951209313,20570.304964195315,0.0,0.0
857,14151.90536,3525.14621,24997.32521,2394.22282,598.55571,2992.77853,68072.9951209313,20570.304964195315,0.0,0.0
858,14151.90536,3525.14621,24997.32521,2394.22282,598.55571,2992.77853,68072.9951209313,20570.304964195315,0.0,0.0
859,14151.90536,3525.14621,24997.32521,2394.22282,598.55571,2992.77853,68072.9951209313,20570.304964195315,0.0,0.0
860,14151.90536,3525.14621,24997.32521,2394.22282,598.55571,2992.77853,68072.9951209313,20570.304964195315,0.0,0.0
861,14151.90536,3525.14621,24997.32521,2394.22282,598.55571,2992.77853,68072.9951209313,20570.304964195315,0.0,0.0
862,14151.90536,3525.14621,24997.32521,2394.22282,598.55571,2992.77853,68072.9951209313,20570.304964195315,0.0,0.0
863,14151.90536,3525.14621,24997.32521,2394.22282,598.55571,2992.77853,68072.9951209313,20570.304964195315,0.0,0.0
864,14151.90536,3525.14621,24997.32521,2394.22282,598.55571,2992.77853,68072.9951209313,20570.304964195315,0.0,0.0
865,14151.90536,3525.14621,24997.32521,2394.22282,598.55571,2992.77853,68072.9951209313,20570.304964195315,0.0,0.0
866,14151.90536,3525.14621,24997.32521,2394.22282,598.55571,2992.77853,68072.9951209313,20570.304964195315,0.0,0.0
867,14151.90536,3525.14621,24997.32521,2394.22282,598.55571,2992.77853,68072.9951209313,20570.304964195315,0.0,0.0
868,14151.90536,3525.14621,24997.32521,2394.22282,598.55571,2992.77853,68072.9951209313,20570.304964195315,0.0,0.0
869,14151.90536,3525.14621,24997.32521,2394.22282,598.55571,2992.77853,68072.9951209313,20570.304964195315,0.0,0.0
870,14151.90536,3525.14621,24997.32521,2394.22282,598.55571,2992.77853,68072.9951209313,20570.304964195315,0.0,0.0
871,14151.90536,3525.14621,24997.32521,2394.22282,598.55571,2992.77853,68072.9951209313,20570.304964195315,0.0,0.0
872,14151.90536,3525.14621,24997.32521,2394.22282,598.55571,2992.77853,68072.9951209313,20570.304964195315,0.0,0.0
873,14151.90536,3525.14621,24997.32521,2394.22282,598.55571,2992.77853,68072.9951209313,20570.304964195315,0.0,0.0
874,14151.90536,3525.14621,24997.32521,2394.22282,598.55571,2992.77853,68072.9951209313,20570.304964195315,0.0,0.0
875,14151.90536,3525.14621,24997.32521,2394.22282,598.55571,2992.77853,68072.9951209313,20570.304964195315,0.0,0.0
876,14151.90536,3525.14621,24997.32521,2394.22282,598.55571,2992.77853,68072.9951209313,20570.304964195315,0.0,0.0
877,14151.90536,3525.14621,24997.32521,2394.22282,598.55571,2992.77853,68072.9951209313,20570.304964195315,0.0,0.0
878,14151.90536,3525.14621,24997.32521,2394.22282,598.55571,2992.77853,68072.9951209313,20570.304964195315,0.0,0.0
879,14151.90536,3525.14621,24997.32521,2394.22282,598.55571,2992.77853,68072.9951209313,20570.304964195315,0.0,0.0
880,14151.90536,3525.14621,24997.32521,2394.22282,598.55571,2992.77853,68072.9951209313,20570.304964195315,0.0,0.0
881,14151.90536,3525.14621,24997.32521,2394.22282,598.55571,2992.77853,68072.9951209313,20570.304964195315,0.0,0.0
882,14151.90536,3525.14621,24997.32521,2394.22282,598.55571,2992.77853,68072.9951209313,20570.304964195315,0.0,0.0
883,14151.90536,3525.14621,24997.32521,2394.22282,598.55571,2992.77853,68072.9951209313,20570.304964195315,0.0,0.0
884,14151.90536,3525.14621,24997.32521,2394.22282,598.55571,2992.77853,68072.9951209313,20570.304964195315,0.0,0.0
885,14151.90536,3525.14621,24997.32521,2394.22282,598.55571,2992.77853,68072.9951209313,20570.304964195315,0.0,0.0
886,14151.90536,3525.14621,24997.32521,2394.22282,598.55571,2992.77853,68072.9951209313,20570.304964195315,0.0,0.0
887,14151.90536,3525.14621,24997.32521,2394.22282,598.55571,2992.77853,68072.9951209313,20570.304964195315,0.0,0.0
888,14151.90536,3525.14621,24997.32521,2394.22282,598.55571,2992.77853,68072.9951209313,20570.304964195315,0.0,0.0
889,14151.90536,3525.14621,24997.32521,2394.22282,598.55571,2992.77853,68072.9951209313,20570.304964195315,0.0,0.0
890,14151.90536,3525.14621,24997.32521,2394.22282,598.55571,2992.77853,68072.9951209313,20570.304964195315,0.0,0.0
891,14151.90536,3525.14621,24997.32521,2394.22282,598.55571,2992.77853,68072.9951209313,20570.304964195315,0.0,0.0
892,14151.90536,3525.14621,24997.32521,2394.22282,598.55571,2992.77853,68072.9951209313,20570.304964195315,0.0,0.0
893,14151.90536,3525.14621,24997.32521,2394.22282,598.55571,2992.77853,68072.9951209313,20570.304964195315,0.0,0.0
894,14151.90536,3525.14621,24997.32521,2394.22282,598.55571,2992.77853,68072.9951209313,20570.304964195315,0.0,0.0
895,14151.90536,3525.14621,24997.32521,2394.22282,598.55571,2992.77853,68072.9951209313,20570.304964195315,0.0,0.0
896,14151.90536,3525.14621,24997.32521,2394.22282,598.55571,2992.77853,68072.9951209313,20570.304964195315,0.0,0.0
897,14151.90536,3525.14621,24997.32521,2394.22282,598.55571,2992.77853,68072.9951209313,20570.304964195315,0.0,0.0
898,14151.90536,3525.14621,24997.32521,2394.22282,598.55571,2992.77853,68072.9951209313,20570.304964195315,0.0,0.0
899,14151.90536,3525.14621,24997.32521,2394.22282,598.55571,2992.77853,68072.9951209313,20570.304964195315,0.0,0.0
900,14151.90536,3525.14621,24997.32521,2394.22282,598.55571,2992.77853,68072.9951209313,20570.304964195315,0.0,0.0
901,14151.90536,3525.14621,24997.32521,2394.22282,598.55571,2992.77853,68072.9951209313,20570.304964195315,0.0,0.0
902,14151.90536,3525.14621,24997.32521,2394.22282,598.55571,2992.77853,68072.9951209313,20570.304964195315,0.0,0.0
903,14151.90536,3525.14621,24997.32521,2394.22282,598.55571,2992.77853,68072.9951209313,20570.304964195315,0.0,0.0
904,14151.90536,3525.14621,24997.32521,2394.22282,598.55571,2992.77853,68072.9951209313,20570.304964195315,0.0,0.0
905,14151.90536,3525.14621,24997.32521,2394.22282,598.55571,2992.77853,68072.9951209313,20570.304964195315,0.0,0.0
906,14151.90536,3525.14621,24997.32521,2394.22282,598.55571,2992.77853,68072.9951209313,20570.304964195315,0.0,0.0
907,14151.90536,3525.14621,24997.32521,2394.22282,598.55571,2992.77853,68072.9951209313,20570.304964195315,0.0,0.0
908,14151.90536,3525.14621,24997.32521,2394.22282,598.55571,2992.77853,68072.9951209313,20570.304964195315,0.0,0.0
909,14151.90536,3525.14621,24997.32521,2394.22282,598.55571,2992.77853,68072.9951209313,20570.304964195315,0.0,0.0
910,14151.90536,3525.14621,24997.32521,2394.22282,598.55571,2992.77853,68072.9951209313,20570.304964195315,0.0,0.0
911,14151.90536,3525.14621,24997.32521,2394.22282,598.55571,2992.77853,68072.9951209313,20570.304964195315,0.0,0.0
912,14151.90536,3525.14621,24997.32521,2394.22282,598.55571,2992.77853,68072.9951209313,20570.304964195315,0.0,0.0
913,14151.90536,3525.14621,24997.32521,2394.22282,598.55571,2992.77853,68072.9951209313,20570.304964195315,0.0,0.0
914,14151.90536,3525.14621,24997.32521,2394.22282,598.55571,2992.77853,68072.9951209313,20570.304964195315,0.0,0.0
915,14151.90536,3525.14621,24997.32521,2394.22282,598.55571,2992.77853,68072.9951209313,20570.304964195315,0.0,0.0
916,14151.90536,3525.14621,24997.32521,2394.22282,598.55571,2992.77853,68072.9951209313,20570.304964195315,0.0,0.0
917,14151.90536,3525.14621,24997.32521,2394.22282,598.55571,2992.77853,68072.9951209313,20570.304964195315,0.0,0.0
918,14151.90536,3525.14621,24997.32521,2394.22282,598.55571,2992.77853,68072.9951209313,20570.304964195315,0.0,0.0
919,14151.90536,3525.14621,24997.32521,2394.22282,598.55571,2992.77853,68072.9951209313,20570.304964195315,0.0,0.0
920,14151.90536,3525.14621,24997.32521,2394.22282,598.55571,2992.77853,68072.9951209313,20570.304964195315,0.0,0.0
921,14151.90536,3525.14621,24997.32521,2394.22282,598.55571,2992.77853,68072.9951209313,20570.304964195315,0.0,0.0
922,14151.90536,3525.14621,24997.32521,2394.22282,598.55571,2992.77853,68072.9951209313,20570.304964195315,0.0,0.0
923,14151.90536,3525.14621,24997.32521,2394.22282,598.55571,2992.77853,68072.9951209313,20570.304964195315,0.0,0.0
924,14151.90536,3525.14621,24997.32521,2394.22282,598.55571,2992.77853,68072.9951209313,20570.304964195315,0.0,0.0
925,14151.90536,3525.14621,24997.32521,2394.22282,598.55571,2992.77853,68072.9951209313,20570.304964195315,0.0,0.0
926,14151.90536,3525.14621,24997.32521,2394.22282,598.55571,2992.77853,68072.9951209313,20570.304964195315,0.0,0.0
927,14151.90536,3525.14621,24997.32521,2394.22282,598.55571,2992.77853,68072.9951209313,20570.304964195315,0.0,0.0
928,14151.90536,3525.14621,24997.32521,2394.22282,598.55571,2992.77853,68072.9951209313,20570.304964195315,0.0,0.0
929,14151.90536,3525.14621,24997.32521,2394.22282,598.55571,2992.77853,68072.9951209313,20570.304964195315,0.0,0.0
930,14151.90536,3525.14621,24997.32521,2394.22282,598.55571,2992.77853,68072.9951209313,20570.304964195315,0.0,0.0
931,14151.90536,3525.14621,24997.32521,2394.22282,598.55571,2992.77853,68072.9951209313,20570.304964195315,0.0,0.0
932,14151.90536,3525.14621,24997.32521,2394.22282,598.55571,2992.77853,68072.9951209313,20570.304964195315,0.0,0.0
933,14151.90536,3525.14621,24997.32521,2394.22282,598.55571,2992.77853,68072.9951209313,20570.304964195315,0.0,0.0
934,14151.90536,3525.14621,24997.32521,2394.22282,598.55571,2992.77853,68072.9951209313,20570.304964195315,0.0,0.0
935,14151.90536,3525.14621,24997.32521,2394.22282,598.55571,2992.77853,68072.9951209313,20570.304964195315,0.0,0.0
936,14151.90536,3525.14621,24997.32521,2394.22282,598.55571,2992.77853,68072.9951209313,20570.304964195315,0.0,0.0
937,14151.90536,3525.14621,24997.32521,2394.22282,598.55571,2992.77853,68072.9951209313,20570.304964195315,0.0,0.0
938,14151.90536,3525.14621,24997.32521,2394.22282,598.55571,2992.77853,68072.9951209313,20570.304964195315,0.0,0.0
939,14151.90536,3525.14621,24997.32521,2394.22282,598.55571,2992.77853,68072.9951209313,20570.304964195315,0.0,0.0
940,14151.90536,3525.14621,24997.32521,2394.22282,598.55571,2992.77853,68072.9951209313,20570.304964195315,0.0,0.0
941,14151.90536,3525.14621,24997.32521,2394.22282,598.55571,2992.77853,68072.9951209313,20570.304964195315,0.0,0.0
942,14151.90536,3525.14621,24997.32521,2394.22282,598.55571,2992.77853,68072.9951209313,20570.304964195315,0.0,0.0
943,14151.90536,3525.14621,24997.32521,2394.22282,598.55571,2992.77853,68072.9951209313,20570.304964195315,0.0,0.0
944,14151.90536,3525.14621,24997.32521,2394.22282,598.55571,2992.77853,68072.9951209313,20570.304964195315,0.0,0.0
945,14151.90536,3525.14621,24997.32521,2394.22282,598.55571,2992.77853,68072.9951209313,20570.304964195315,0.0,0.0
946,14151.90536,3525.14621,24997.32521,2394.22282,598.55571,2992.77853,68072.9951209313,20570.304964195315,0.0,0.0
947,14151.90536,3525.14621,24997.32521,2394.22282,598.55571,2992.77853,68072.9951209313,20570.304964195315,0.0,0.0
948,14151.90536,3525.14621,24997.32521,2394.22282,598.55571,2992.77853,68072.9951209313,20570.304964195315,0.0,0.0
949,14151.90536,3525.14621,24997.32521,2394.22282,598.55571,2992.77853,68072.9951209313,20570.304964195315,0.0,0.0
950,14151.90536,3525.14621,24997.32521,2394.22282,598.55571,2992.77853,68072.9951209313,20570.304964195315,0.0,0.0
951,14151.90536,3525.14621,24997.32521,2394.22282,598.55571,2992.77853,68072.9951209313,20570.304964195315,0.0,0.0
952,14151.90536,3525.14621,24997.32521,2394.22282,598.55571,2992.77853,68072.9951209313,20570.304964195315,0.0,0.0
953,14151.90536,3525.14621,24997.32521,2394.22282,598.55571,2992.77853,68072.9951209313,20570.304964195315,0.0,0.0
954,14151.90536,3525.14621,24997.32521,2394.22282,598.55571,2992.77853,68072.9951209313,20570.304964195315,0.0,0.0
955,14151.90536,3525.14621,24997.32521,2394.22282,598.55571,2992.77853,68072.9951209313,20570.304964195315,0.0,0.0
956,14151.90536,3525.14621,24997.32521,2394.22282,598.55571,2992.77853,68072.9951209313,20570.304964195315,0.0,0.0
957,14151.90536,3525.14621,24997.32521,2394.22282,598.55571,2992.77853,68072.9951209313,20570.304964195315,0.0,0.0
958,14151.90536,3525.14621,24997.32521,2394.22282,598.55571,2992.77853,68072.9951209313,20570.304964195315,0.0,0.0
959,14151.90536,3525.14621,24997.32521,2394.22282,598.55571,2992.77853,68072.9951209313,20570.304964195315,0.0,0.0
960,14151.90536,3525.14621,24997.32521,2394.22282,598.55571,2992.77853,68072.9951209313,20570.304964195315,0.0,0.0
961,14151.90536,3525.14621,24997.32521,2394.22282,598.55571,2992.77853,68072.9951209313,20570.304964195315,0.0,0.0
962,14151.90536,3525.14621,24997.32521,2394.22282,598.55571,2992.77853,68072.9951209313,20570.304964195315,0.0,0.0
963,14151.90536,3525.14621,24997.32521,2394.22282,598.55571,2992.77853,68072.9951209313,20570.304964195315,0.0,0.0
964,14151.90536,3525.14621,24997.32521,2394.22282,598.55571,2992.77853,68072.9951209313,20570.304964195315,0.0,0.0
965,14151.90536,3525.14621,24997.32521,2394.22282,598.55571,2992.77853,68072.9951209313,20570.304964195315,0.0,0.0
966,14151.90536,3525.14621,24997.32521,2394.22282,598.55571,2992.77853,68072.9951209313,20570.304964195315,0.0,0.0
967,14151.90536,3525.14621,24997.32521,2394.22282,598.55571,2992.77853,68072.9951209313,20570.304964195315,0.0,0.0
968,14151.90536,3525.14621,24997.32521,2394.22282,598.55571,2992.77853,68072.9951209313,20570.304964195315,0.0,0.0
969,14151.90536,3525.14621,24997.32521,2394.22282,598.55571,2992.77853,68072.9951209313,20570.304964195315,0.0,0.0
970,14151.90536,3525.14621,24997.32521,2394.22282,598.55571,2992.77853,68072.9951209313,20570.304964195315,0.0,0.0
971,14151.90536,3525.14621,24997.32521,2394.22282,598.55571,2992.77853,68072.9951209313,20570.304964195315,0.0,0.0
972,14151.90536,3525.14621,24997.32521,2394.22282,598.55571,2992.77853,68072.9951209313,20570.304964195315,0.0,0.0
973,14151.90536,3525.14621,24997.32521,2394.22282,598.55571,2992.77853,68072.9951209313,20570.304964195315,0.0,0.0
974,14151.90536,3525.14621,24997.32521,2394.22282,598.55571,2992.77853,68072.9951209313,20570.304964195315,0.0,0.0
975,14151.90536,3525.14621,24997.32521,2394.22282,598.55571,2992.77853,68072.9951209313,20570.304964195315,0.0,0.0
976,14151.90536,3525.14621,24997.32521,2394.22282,598.55571,2992.77853,68072.9951209313,20570.304964195315,0.0,0.0
977,14151.90536,3525.14621,24997.32521,2394.22282,598.55571,2992.77853,68072.9951209313,20570.304964195315,0.0,0.0
978,14151.90536,3525.14621,24997.32521,2394.22282,598.55571,2992.77853,68072.9951209313,20570.304964195315,0.0,0.0
979,14151.90536,3525.14621,24997.32521,2394.22282,598.55571,2992.77853,68072.9951209313,20570.304964195315,0.0,0.0
980,14151.90536,3525.14621,24997.32521,2394.22282,598.55571,2992.77853,68072.9951209313,20570.304964195315,0.0,0.0
981,14151.90536,3525.14621,24997.32521,2394.22282,598.55571,2992.77853,68072.9951209313,20570.304964195315,0.0,0.0
982,14151.90536,3525.14621,24997.32521,2394.22282,598.55571,2992.77853,68072.9951209313,20570.304964195315,0.0,0.0
983,14151.90536,3525.14621,24997.32521,2394.22282,598.55571,2992.77853,68072.9951209313,20570.304964195315,0.0,0.0
984,14151.90536,3525.14621,24997.32521,2394.22282,598.55571,2992.77853,68072.9951209313,20570.304964195315,0.0,0.0
985,14151.90536,3525.14621,24997.32521,2394.22282,598.55571,2992.77853,68072.9951209313,20570.304964195315,0.0,0.0
986,14151.90536,3525.14621,24997.32521,2394.22282,598.55571,2992.77853,68072.9951209313,20570.304964195315,0.0,0.0
987,14151.90536,3525.14621,24997.32521,2394.22282,598.55571,2992.77853,68072.9951209313,20570.304964195315,0.0,0.0
988,14151.90536,3525.14621,24997.32521,2394.22282,598.55571,2992.77853,68072.9951209313,20570.304964195315,0.0,0.0
989,14151.90536,3525.14621,24997.32521,2394.22282,598.55571,2992.77853,68072.9951209313,20570.304964195315,0.0,0.0
990,14151.90536,3525.14621,24997.32521,2394.22282,598.55571,2992.77853,68072.9951209313,20570.304964195315,0.0,0.0
991,14151.90536,3525.14621,24997.32521,2394.22282,598.55571,2992.77853,68072.9951209313,20570.304964195315,0.0,0.0
992,14151.90536,3525.14621,24997.32521,2394.22282,598.55571,2992.77853,68072.9951209313,20570.304964195315,0.0,0.0
993,14151.90536,3525.14621,24997.32521,2394.22282,598.55571,2992.77853,68072.9951209313,20570.304964195315,0.0,0.0
994,14151.90536,3525.14621,24997.32521,2394.22282,598.55571,2992.77853,68072.9951209313,20570.304964195315,0.0,0.0
995,14151.90536,3525.14621,24997.32521,2394.22282,598.55571,2992.77853,68072.9951209313,20570.304964195315,0.0,0.0
996,14151.90536,3525.14621,24997.32521,2394.22282,598.55571,2992.77853,68072.9951209313,20570.304964195315,0.0,0.0
997,14151.90536,3525.14621,24997.32521,2394.22282,598.55571,2992.77853,68072.9951209313,20570.304964195315,0.0,0.0
998,14151.90536,3525.14621,24997.32521,2394.22282,598.55571,2992.77853,68072.9951209313,20570.304964195315,0.0,0.0
999,14151.90536,3525.14621,24997.32521,2394.22282,598.55571,2992.77853,68072.9951209313,20570.304964195315,0.0,0.0
1000,14151.90536,3525.14621,24997.32521,2394.22282,598.55571,2992.77853,68072.9951209313,20570.304964195315,0.0,0.0
1001,14151.90536,3525.14621,24997.32521,2394.22282,598.55571,2992.77853,68072.9951209313,20570.304964195315,0.0,0.0
1002,14151.90536,3525.14621,24997.32521,2394.22282,598.55571,2992.77853,68072.9951209313,20570.304964195315,0.0,0.0
1003,14151.90536,3525.14621,24997.32521,2394.22282,598.55571,2992.77853,68072.9951209313,20570.304964195315,0.0,0.0
1004,14151.90536,3525.14621,24997.32521,2394.22282,598.55571,2992.77853,68072.9951209313,20570.304964195315,0.0,0.0
1005,14151.90536,3525.14621,24997.32521,2394.22282,598.55571,2992.77853,68072.9951209313,20570.304964195315,0.0,0.0
1006,14151.90536,3525.14621,24997.32521,2394.22282,598.55571,2992.77853,68072.9951209313,20570.304964195315,0.0,0.0
1007,14151.90536,3525.14621,24997.32521,2394.22282,598.55571,2992.77853,68072.9951209313,20570.304964195315,0.0,0.0
1008,14151.90536,3525.14621,24997.32521,2394.22282,598.55571,2992.77853,68072.9951209313,20570.304964195315,0.0,0.0
1009,14151.90536,3525.14621,24997.32521,2394.22282,598.55571,2992.77853,68072.9951209313,20570.304964195315,0.0,0.0
1010,14151.90536,3525.14621,24997.32521,2394.22282,598.55571,2992.77853,68072.9951209313,20570.304964195315,0.0,0.0
1011,14151.90536,3525.14621,24997.32521,2394.22282,598.55571,2992.77853,68072.9951209313,20570.304964195315,0.0,0.0
1012,14151.90536,3525.14621,24997.32521,2394.22282,598.55571,2992.77853,68072.9951209313,20570.304964195315,0.0,0.0
1013,14151.90536,3525.14621,24997.32521,2394.22282,598.55571,2992.77853,68072.9951209313,20570.304964195315,0.0,0.0
1014,14151.90536,3525.14621,24997.32521,2394.22282,598.55571,2992.77853,68072.9951209313,20570.304964195315,0.0,0.0
1015,14151.90536,3525.14621,24997.32521,2394.22282,598.55571,2992.77853,68072.9951209313,20570.304964195315,0.0,0.0
1016,14151.90536,3525.14621,24997.32521,2394.22282,598.55571,2992.77853,68072.9951209313,20570.304964195315,0.0,0.0
1017,14151.90536,3525.14621,24997.32521,2394.22282,598.55571,2992.77853,68072.9951209313,20570.304964195315,0.0,0.0
1018,14151.90536,3525.14621,24997.32521,2394.22282,598.55571,2992.77853,68072.9951209313,20570.304964195315,0.0,0.0
1019,14151.90536,3525.14621,24997.32521,2394.22282,598.55571,2992.77853,68072.9951209313,20570.304964195315,0.0,0.0
1020,14151.90536,3525.14621,24997.32521,2394.22282,598.55571,2992.77853,68072.9951209313,20570.304964195315,0.0,0.0
1021,14151.90536,3525.14621,24997.32521,2394.22282,598.55571,2992.77853,68072.9951209313,20570.304964195315,0.0,0.0
1022,14151.90536,3525.14621,24997.32521,2394.22282,598.55571,2992.77853,68072.9951209313,20570.304964195315,0.0,0.0
1023,14151.90536,3525.14621,24997.32521,2394.22282,598.55571,2992.77853,68072.9951209313,20570.304964195315,0.0,0.0
1024,14151.90536,3525.14621,24997.32521,2394.22282,598.55571,2992.77853,68072.9951209313,20570.304964195315,0.0,0.0
1025,14151.90536,3525.14621,24997.32521,2394.22282,598.55571,2992.77853,68072.9951209313,20570.304964195315,0.0,0.0
1026,14151.90536,3525.14621,24997.32521,2394.22282,598.55571,2992.77853,68072.9951209313,20570.304964195315,0.0,0.0
1027,14151.90536,3525.14621,24997.32521,2394.22282,598.55571,2992.77853,68072.9951209313,20570.304964195315,0.0,0.0
1028,14151.90536,3525.14621,24997.32521,2394.22282,598.55571,2992.77853,68072.9951209313,20570.304964195315,0.0,0.0
1029,14151.90536,3525.14621,24997.32521,2394.22282,598.55571,2992.77853,68072.9951209313,20570.304964195315,0.0,0.0
1030,14151.90536,3525.14621,24997.32521,2394.22282,598.55571,2992.77853,68072.9951209313,20570.304964195315,0.0,0.0
1031,14151.90536,3525.14621,24997.32521,2394.22282,598.55571,2992.77853,68072.9951209313,20570.304964195315,0.0,0.0
1032,14151.90536,3525.14621,24997.32521,2394.22282,598.55571,2992.77853,68072.9951209313,20570.304964195315,0.0,0.0
1033,14151.90536,3525.14621,24997.32521,2394.22282,598.55571,2992.77853,68072.9951209313,20570.304964195315,0.0,0.0
1034,14151.90536,3525.14621,24997.32521,2394.22282,598.55571,2992.77853,68072.9951209313,20570.304964195315,0.0,0.0
1035,14151.90536,3525.14621,24997.32521,2394.22282,598.55571,2992.77853,68072.9951209313,20570.304964195315,0.0,0.0
1036,14151.90536,3525.14621,24997.32521,2394.22282,598.55571,2992.77853,68072.9951209313,20570.304964195315,0.0,0.0
1037,14151.90536,3525.14621,24997.32521,2394.22282,598.55571,2992.77853,68072.9951209313,20570.304964195315,0.0,0.0
1038,14151.90536,3525.14621,24997.32521,2394.22282,598.55571,2992.77853,68072.9951209313,20570.304964195315,0.0,0.0
1039,14151.90536,3525.14621,24997.32521,2394.22282,598.55571,2992.77853,68072.9951209313,20570.304964195315,0.0,0.0
1040,14151.90536,3525.14621,24997.32521,2394.22282,598.55571,2992.77853,68072.9951209313,20570.304964195315,0.0,0.0
1041,14151.90536,3525.14621,24997.32521,2394.22282,598.55571,2992.77853,68072.9951209313,20570.304964195315,0.0,0.0
1042,14151.90536,3525.14621,24997.32521,2394.22282,598.55571,2992.77853,68072.9951209313,20570.304964195315,0.0,0.0
1043,14151.90536,3525.14621,24997.32521,2394.22282,598.55571,2992.77853,68072.9951209313,20570.304964195315,0.0,0.0
1044,14151.90536,3525.14621,24997.32521,2394.22282,598.55571,2992.77853,68072.9951209313,20570.304964195315,0.0,0.0
1045,14151.90536,3525.14621,24997.32521,2394.22282,598.55571,2992.77853,68072.9951209313,20570.304964195315,0.0,0.0
1046,14151.90536,3525.14621,24997.32521,2394.22282,598.55571,2992.77853,68072.9951209313,20570.304964195315,0.0,0.0
1047,14151.90536,3525.14621,24997.32521,2394.22282,598.55571,2992.77853,68072.9951209313,20570.304964195315,0.0,0.0
1048,14151.90536,3525.14621,24997.32521,2394.22282,598.55571,2992.77853,68072.9951209313,20570.304964195315,0.0,0.0
1049,14151.90536,3525.14621,24997.32521,2394.22282,598.55571,2992.77853,68072.9951209313,20570.304964195315,0.0,0.0
1050,14151.90536,3525.14621,24997.32521,2394.22282,598.55571,2992.77853,68072.9951209313,20570.304964195315,0.0,0.0
1051,14151.90536,3525.14621,24997.32521,2394.22282,598.55571,2992.77853,68072.9951209313,20570.304964195315,0.0,0.0
1052,14151.90536,3525.14621,24997.32521,2394.22282,598.55571,2992.77853,68072.9951209313,20570.304964195315,0.0,0.0
1053,14151.90536,3525.14621,24997.32521,2394.22282,598.55571,2992.77853,68072.9951209313,20570.304964195315,0.0,0.0
1054,14151.90536,3525.14621,24997.32521,2394.22282,598.55571,2992.77853,68072.9951209313,20570.304964195315,0.0,0.0
1055,14151.90536,3525.14621,24997.32521,2394.22282,598.55571,2992.77853,68072.9951209313,20570.304964195315,0.0,0.0
1056,14151.90536,3525.14621,24997.32521,2394.22282,598.55571,2992.77853,68072.9951209313,20570.304964195315,0.0,0.0
1057,14151.90536,3525.14621,24997.32521,2394.22282,598.55571,2992.77853,68072.9951209313,20570.304964195315,0.0,0.0
1058,14151.90536,3525.14621,24997.32521,2394.22282,598.55571,2992.77853,68072.9951209313,20570.304964195315,0.0,0.0
1059,14151.90536,3525.14621,24997.32521,2394.22282,598.55571,2992.77853,68072.9951209313,20570.304964195315,0.0,0.0
1060,14151.90536,3525.14621,24997.32521,2394.22282,598.55571,2992.77853,68072.9951209313,20570.304964195315,0.0,0.0
1061,14151.90536,3525.14621,24997.32521,2394.22282,598.55571,2992.77853,68072.9951209313,20570.304964195315,0.0,0.0
1062,14151.90536,3525.14621,24997.32521,2394.22282,598.55571,2992.77853,68072.9951209313,20570.304964195315,0.0,0.0
1063,14151.90536,3525.14621,24997.32521,2394.22282,598.55571,2992.77853,68072.9951209313,20570.304964195315,0.0,0.0
1064,14151.90536,3525.14621,24997.32521,2394.22282,598.55571,2992.77853,68072.9951209313,20570.304964195315,0.0,0.0
1065,14151.90536,3525.14621,24997.32521,2394.22282,598.55571,2992.77853,68072.9951209313,20570.304964195315,0.0,0.0
1066,14151.90536,3525.14621,24997.32521,2394.22282,598.55571,2992.77853,68072.9951209313,20570.304964195315,0.0,0.0
1067,14151.90536,3525.14621,24997.32521,2394.22282,598.55571,2992.77853,68072.9951209313,20570.304964195315,0.0,0.0
1068,14151.90536,3525.14621,24997.32521,2394.22282,598.55571,2992.77853,68072.9951209313,20570.304964195315,0.0,0.0
1069,14151.90536,3525.14621,24997.32521,2394.22282,598.55571,2992.77853,68072.9951209313,20570.304964195315,0.0,0.0
1070,14151.90536,3525.14621,24997.32521,2394.22282,598.55571,2992.77853,68072.9951209313,20570.304964195315,0.0,0.0
1071,14151.90536,3525.14621,24997.32521,2394.22282,598.55571,2992.77853,68072.9951209313,20570.304964195315,0.0,0.0
1072,14151.90536,3525.14621,24997.32521,2394.22282,598.55571,2992.77853,68072.9951209313,20570.304964195315,0.0,0.0
1073,14151.90536,3525.14621,24997.32521,2394.22282,598.55571,2992.77853,68072.9951209313,20570.304964195315,0.0,0.0
1074,14151.90536,3525.14621,24997.32521,2394.22282,598.55571,2992.77853,68072.9951209313,20570.304964195315,0.0,0.0
1075,14151.90536,3525.14621,24997.32521,2394.22282,598.55571,2992.77853,68072.9951209313,20570.304964195315,0.0,0.0
1076,14151.90536,3525.14621,24997.32521,2394.22282,598.55571,2992.77853,68072.9951209313,20570.304964195315,0.0,0.0
1077,14151.90536,3525.14621,24997.32521,2394.22282,598.55571,2992.77853,68072.9951209313,20570.304964195315,0.0,0.0
1078,14151.90536,3525.14621,24997.32521,2394.22282,598.55571,2992.77853,68072.9951209313,20570.304964195315,0.0,0.0
1079,14151.90536,3525.14621,24997.32521,2394.22282,598.55571,2992.77853,68072.9951209313,20570.304964195315,0.0,0.0
1080,14151.90536,3525.14621,24997.32521,2394.22282,598.55571,2992.77853,68072.9951209313,20570.304964195315,0.0,0.0
1081,14151.90536,3525.14621,24997.32521,2394.22282,598.55571,2992.77853,68072.9951209313,20570.304964195315,0.0,0.0
1082,14151.90536,3525.14621,24997.32521,2394.22282,598.55571,2992.77853,68072.9951209313,20570.304964195315,0.0,0.0
1083,14151.90536,3525.14621,24997.32521,2394.22282,598.55571,2992.77853,68072.9951209313,20570.304964195315,0.0,0.0
1084,14151.90536,3525.14621,24997.32521,2394.22282,598.55571,2992.77853,68072.9951209313,20570.304964195315,0.0,0.0
1085,14151.90536,3525.14621,24997.32521,2394.22282,598.55571,2992.77853,68072.9951209313,20570.304964195315,0.0,0.0
1086,14151.90536,3525.14621,24997.32521,2394.22282,598.55571,2992.77853,68072.9951209313,20570.304964195315,0.0,0.0
1087,14151.90536,3525.14621,24997.32521,2394.22282,598.55571,2992.77853,68072.9951209313,20570.304964195315,0.0,0.0
1088,14151.90536,3525.14621,24997.32521,2394.22282,598.55571,2992.77853,68072.9951209313,20570.304964195315,0.0,0.0
1089,14151.90536,3525.14621,24997.32521,2394.22282,598.55571,2992.77853,68072.9951209313,20570.304964195315,0.0,0.0
1090,14151.90536,3525.14621,24997.32521,2394.22282,598.55571,2992.77853,68072.9951209313,20570.304964195315,0.0,0.0
1091,14151.90536,3525.14621,24997.32521,2394.22282,598.55571,2992.77853,68072.9951209313,20570.304964195315,0.0,0.0
1092,14151.90536,3525.14621,24997.32521,2394.22282,598.55571,2992.77853,68072.9951209313,20570.304964195315,0.0,0.0
1093,14151.90536,3525.14621,24997.32521,2394.22282,598.55571,2992.77853,68072.9951209313,20570.304964195315,0.0,0.0
1094,14151.90536,3525.14621,24997.32521,2394.22282,598.55571,2992.77853,68072.9951209313,20570.304964195315,0.0,0.0
1095,14151.90536,3525.14621,24997.32521,2394.22282,598.55571,2992.77853,68072.9951209313,20570.304964195315,0.0,0.0
1096,14151.90536,3525.14621,24997.32521,2394.22282,598.55571,2992.77853,68072.9951209313,20570.304964195315,0.0,0.0
1097,14151.90536,3525.14621,24997.32521,2394.22282,598.55571,2992.77853,68072.9951209313,20570.304964195315,0.0,0.0
1098,14151.90536,3525.14621,24997.32521,2394.22282,598.55571,2992.77853,68072.9951209313,20570.304964195315,0.0,0.0
1099,14151.90536,3525.14621,24997.32521,2394.22282,598.55571,2992.77853,68072.9951209313,20570.304964195315,0.0,0.0
1100,14151.90536,3525.14621,24997.32521,2394.22282,598.55571,2992.77853,68072.9951209313,20570.304964195315,0.0,0.0
1101,14151.90536,3525.14621,24997.32521,2394.22282,598.55571,2992.77853,68072.9951209313,20570.304964195315,0.0,0.0
1102,14151.90536,3525.14621,24997.32521,2394.22282,598.55571,2992.77853,68072.9951209313,20570.304964195315,0.0,0.0
1103,14151.90536,3525.14621,24997.32521,2394.22282,598.55571,2992.77853,68072.9951209313,20570.304964195315,0.0,0.0
1104,14151.90536,3525.14621,24997.32521,2394.22282,598.55571,2992.77853,68072.9951209313,20570.304964195315,0.0,0.0
1105,14151.90536,3525.14621,24997.32521,2394.22282,598.55571,2992.77853,68072.9951209313,20570.304964195315,0.0,0.0
1106,14151.90536,3525.14621,24997.32521,2394.22282,598.55571,2992.77853,68072.9951209313,20570.304964195315,0.0,0.0
1107,14151.90536,3525.14621,24997.32521,2394.22282,598.55571,2992.77853,68072.9951209313,20570.304964195315,0.0,0.0
1108,14151.90536,3525.14621,24997.32521,2394.22282,598.55571,2992.77853,68072.9951209313,20570.304964195315,0.0,0.0
1109,14151.90536,3525.14621,24997.32521,2394.22282,598.55571,2992.77853,68072.9951209313,20570.304964195315,0.0,0.0
1110,14151.90536,3525.14621,24997.32521,2394.22282,598.55571,2992.77853,68072.9951209313,20570.304964195315,0.0,0.0
1111,14151.90536,3525.14621,24997.32521,2394.22282,598.55571,2992.77853,68072.9951209313,20570.304964195315,0.0,0.0
1112,14151.90536,3525.14621,24997.32521,2394.22282,598.55571,2992.77853,68072.9951209313,20570.304964195315,0.0,0.0
1113,14151.90536,3525.14621,24997.32521,2394.22282,598.55571,2992.77853,68072.9951209313,20570.304964195315,0.0,0.0
1114,14151.90536,3525.14621,24997.32521,2394.22282,598.55571,2992.77853,68072.9951209313,20570.304964195315,0.0,0.0
1115,14151.90536,3525.14621,24997.32521,2394.22282,598.55571,2992.77853,68072.9951209313,20570.304964195315,0.0,0.0
1116,14151.90536,3525.14621,24997.32521,2394.22282,598.55571,2992.77853,68072.9951209313,20570.304964195315,0.0,0.0
1117,14151.90536,3525.14621,24997.32521,2394.22282,598.55571,2992.77853,68072.9951209313,20570.304964195315,0.0,0.0
1118,14151.90536,3525.14621,24997.32521,2394.22282,598.55571,2992.77853,68072.9951209313,20570.304964195315,0.0,0.0
1119,14151.90536,3525.14621,24997.32521,2394.22282,598.55571,2992.77853,68072.9951209313,20570.304964195315,0.0,0.0
1120,14151.90536,3525.14621,24997.32521,2394.22282,598.55571,2992.77853,68072.9951209313,20570.304964195315,0.0,0.0
1121,14151.90536,3525.14621,24997.32521,2394.22282,598.55571,2992.77853,68072.9951209313,20570.304964195315,0.0,0.0
1122,14151.90536,3525.14621,24997.32521,2394.22282,598.55571,2992.77853,68072.9951209313,20570.304964195315,0.0,0.0
1123,14151.90536,3525.14621,24997.32521,2394.22282,598.55571,2992.77853,68072.9951209313,20570.304964195315,0.0,0.0
1124,14151.90536,3525.14621,24997.32521,2394.22282,598.55571,2992.77853,68072.9951209313,20570.304964195315,0.0,0.0
1125,14151.90536,3525.14621,24997.32521,2394.22282,598.55571,2992.77853,68072.9951209313,20570.304964195315,0.0,0.0
1126,14151.90536,3525.14621,24997.32521,2394.22282,598.55571,2992.77853,68072.9951209313,20570.304964195315,0.0,0.0
1127,14151.90536,3525.14621,24997.32521,2394.22282,598.55571,2992.77853,68072.9951209313,20570.304964195315,0.0,0.0
1128,14151.90536,3525.14621,24997.32521,2394.22282,598.55571,2992.77853,68072.9951209313,20570.304964195315,0.0,0.0
1129,14151.90536,3525.14621,24997.32521,2394.22282,598.55571,2992.77853,68072.9951209313,20570.304964195315,0.0,0.0
1130,14151.90536,3525.14621,24997.32521,2394.22282,598.55571,2992.77853,68072.9951209313,20570.304964195315,0.0,0.0
1131,14151.90536,3525.14621,24997.32521,2394.22282,598.55571,2992.77853,68072.9951209313,20570.304964195315,0.0,0.0
1132,14151.90536,3525.14621,24997.32521,2394.22282,598.55571,2992.77853,68072.9951209313,20570.304964195315,0.0,0.0
1133,14151.90536,3525.14621,24997.32521,2394.22282,598.55571,2992.77853,68072.9951209313,20570.304964195315,0.0,0.0
1134,14151.90536,3525.14621,24997.32521,2394.22282,598.55571,2992.77853,68072.9951209313,20570.304964195315,0.0,0.0
1135,14151.90536,3525.14621,24997.32521,2394.22282,598.55571,2992.77853,68072.9951209313,20570.304964195315,0.0,0.0
1136,14151.90536,3525.14621,24997.32521,2394.22282,598.55571,2992.77853,68072.9951209313,20570.304964195315,0.0,0.0
1137,14151.90536,3525.14621,24997.32521,2394.22282,598.55571,2992.77853,68072.9951209313,20570.304964195315,0.0,0.0
1138,14151.90536,3525.14621,24997.32521,2394.22282,598.55571,2992.77853,68072.9951209313,20570.304964195315,0.0,0.0
1139,14151.90536,3525.14621,24997.32521,2394.22282,598.55571,2992.77853,68072.9951209313,20570.304964195315,0.0,0.0
1140,14151.90536,3525.14621,24997.32521,2394.22282,598.55571,2992.77853,68072.9951209313,20570.304964195315,0.0,0.0
1141,14151.90536,3525.14621,24997.32521,2394.22282,598.55571,2992.77853,68072.9951209313,20570.304964195315,0.0,0.0
1142,14151.90536,3525.14621,24997.32521,2394.22282,598.55571,2992.77853,68072.9951209313,20570.304964195315,0.0,0.0
1143,14151.90536,3525.14621,24997.32521,2394.22282,598.55571,2992.77853,68072.9951209313,20570.304964195315,0.0,0.0
1144,14151.90536,3525.14621,24997.32521,2394.22282,598.55571,2992.77853,68072.9951209313,20570.304964195315,0.0,0.0
1145,14151.90536,3525.14621,24997.32521,2394.22282,598.55571,2992.77853,68072.9951209313,20570.304964195315,0.0,0.0
1146,14151.90536,3525.14621,24997.32521,2394.22282,598.55571,2992.77853,68072.9951209313,20570.304964195315,0.0,0.0
1147,14151.90536,3525.14621,24997.32521,2394.22282,598.55571,2992.77853,68072.9951209313,20570.304964195315,0.0,0.0
1148,14151.90536,3525.14621,24997.32521,2394.22282,598.55571,2992.77853,68072.9951209313,20570.304964195315,0.0,0.0
1149,14151.90536,3525.14621,24997.32521,2394.22282,598.55571,2992.77853,68072.9951209313,20570.304964195315,0.0,0.0
1150,14151.90536,3525.14621,24997.32521,2394.22282,598.55571,2992.77853,68072.9951209313,20570.304964195315,0.0,0.0
1151,14151.90536,3525.14621,24997.32521,2394.22282,598.55571,2992.77853,68072.9951209313,20570.304964195315,0.0,0.0
1152,14151.90536,3525.14621,24997.32521,2394.22282,598.55571,2992.77853,68072.9951209313,20570.304964195315,0.0,0.0
1153,14151.90536,3525.14621,24997.32521,2394.22282,598.55571,2992.77853,68072.9951209313,20570.304964195315,0.0,0.0
1154,14151.90536,3525.14621,24997.32521,2394.22282,598.55571,2992.77853,68072.9951209313,20570.304964195315,0.0,0.0
1155,14151.90536,3525.14621,24997.32521,2394.22282,598.55571,2992.77853,68072.9951209313,20570.304964195315,0.0,0.0
1156,14151.90536,3525.14621,24997.32521,2394.22282,598.55571,2992.77853,68072.9951209313,20570.304964195315,0.0,0.0
1157,14151.90536,3525.14621,24997.32521,2394.22282,598.55571,2992.77853,68072.9951209313,20570.304964195315,0.0,0.0
1158,14151.90536,3525.14621,24997.32521,2394.22282,598.55571,2992.77853,68072.9951209313,20570.304964195315,0.0,0.0
1159,14151.90536,3525.14621,24997.32521,2394.22282,598.55571,2992.77853,68072.9951209313,20570.304964195315,0.0,0.0
1160,14151.90536,3525.14621,24997.32521,2394.22282,598.55571,2992.77853,68072.9951209313,20570.304964195315,0.0,0.0
1161,14151.90536,3525.14621,24997.32521,2394.22282,598.55571,2992.77853,68072.9951209313,20570.304964195315,0.0,0.0
1162,14151.90536,3525.14621,24997.32521,2394.22282,598.55571,2992.77853,68072.9951209313,20570.304964195315,0.0,0.0
1163,14151.90536,3525.14621,24997.32521,2394.22282,598.55571,2992.77853,68072.9951209313,20570.304964195315,0.0,0.0
1164,14151.90536,3525.14621,24997.32521,2394.22282,598.55571,2992.77853,68072.9951209313,20570.304964195315,0.0,0.0
1165,14151.90536,3525.14621,24997.32521,2394.22282,598.55571,2992.77853,68072.9951209313,20570.304964195315,0.0,0.0
1166,14151.90536,3525.14621,24997.32521,2394.22282,598.55571,2992.77853,68072.9951209313,20570.304964195315,0.0,0.0
1167,14151.90536,3525.14621,24997.32521,2394.22282,598.55571,2992.77853,68072.9951209313,20570.304964195315,0.0,0.0
1168,14151.90536,3525.14621,24997.32521,2394.22282,598.55571,2992.77853,68072.9951209313,20570.304964195315,0.0,0.0
1169,14151.90536,3525.14621,24997.32521,2394.22282,598.55571,2992.77853,68072.9951209313,20570.304964195315,0.0,0.0
1170,14151.90536,3525.14621,24997.32521,2394.22282,598.55571,2992.77853,68072.9951209313,20570.304964195315,0.0,0.0
1171,14151.90536,3525.14621,24997.32521,2394.22282,598.55571,2992.77853,68072.9951209313,20570.304964195315,0.0,0.0
1172,14151.90536,3525.14621,24997.32521,2394.22282,598.55571,2992.77853,68072.9951209313,20570.304964195315,0.0,0.0
1173,14151.90536,3525.14621,24997.32521,2394.22282,598.55571,2992.77853,68072.9951209313,20570.304964195315,0.0,0.0
1174,14151.90536,3525.14621,24997.32521,2394.22282,598.55571,2992.77853,68072.9951209313,20570.304964195315,0.0,0.0
1175,14151.90536,3525.14621,24997.32521,2394.22282,598.55571,2992.77853,68072.9951209313,20570.304964195315,0.0,0.0
1176,14151.90536,3525.14621,24997.32521,2394.22282,598.55571,2992.77853,68072.9951209313,20570.304964195315,0.0,0.0
1177,14151.90536,3525.14621,24997.32521,2394.22282,598.55571,2992.77853,68072.9951209313,20570.304964195315,0.0,0.0
1178,14151.90536,3525.14621,24997.32521,2394.22282,598.55571,2992.77853,68072.9951209313,20570.304964195315,0.0,0.0
1179,14151.90536,3525.14621,24997.32521,2394.22282,598.55571,2992.77853,68072.9951209313,20570.304964195315,0.0,0.0
1180,14151.90536,3525.14621,24997.32521,2394.22282,598.55571,2992.77853,68072.9951209313,20570.304964195315,0.0,0.0
1181,14151.90536,3525.14621,24997.32521,2394.22282,598.55571,2992.77853,68072.9951209313,20570.304964195315,0.0,0.0
1182,14151.90536,3525.14621,24997.32521,2394.22282,598.55571,2992.77853,68072.9951209313,20570.304964195315,0.0,0.0
1183,14151.90536,3525.14621,24997.32521,2394.22282,598.55571,2992.77853,68072.9951209313,20570.304964195315,0.0,0.0
1184,14151.90536,3525.14621,24997.32521,2394.22282,598.55571,2992.77853,68072.9951209313,20570.304964195315,0.0,0.0
1185,14151.90536,3525.14621,24997.32521,2394.22282,598.55571,2992.77853,68072.9951209313,20570.304964195315,0.0,0.0
1186,14151.90536,3525.14621,24997.32521,2394.22282,598.55571,2992.77853,68072.9951209313,20570.304964195315,0.0,0.0
1187,14151.90536,3525.14621,24997.32521,2394.22282,598.55571,2992.77853,68072.9951209313,20570.304964195315,0.0,0.0
1188,14151.90536,3525.14621,24997.32521,2394.22282,598.55571,2992.77853,68072.9951209313,20570.304964195315,0.0,0.0
1189,14151.90536,3525.14621,24997.32521,2394.22282,598.55571,2992.77853,68072.9951209313,20570.304964195315,0.0,0.0
1190,14151.90536,3525.14621,24997.32521,2394.22282,598.55571,2992.77853,68072.9951209313,20570.304964195315,0.0,0.0
1191,14151.90536,3525.14621,24997.32521,2394.22282,598.55571,2992.77853,68072.9951209313,20570.304964195315,0.0,0.0
1192,14151.90536,3525.14621,24997.32521,2394.22282,598.55571,2992.77853,68072.9951209313,20570.304964195315,0.0,0.0
1193,14151.90536,3525.14621,24997.32521,2394.22282,598.55571,2992.77853,68072.9951209313,20570.304964195315,0.0,0.0
1194,14151.90536,3525.14621,24997.32521,2394.22282,598.55571,2992.77853,68072.9951209313,20570.304964195315,0.0,0.0
1195,14151.90536,3525.14621,24997.32521,2394.22282,598.55571,2992.77853,68072.9951209313,20570.304964195315,0.0,0.0
1196,14151.90536,3525.14621,24997.32521,2394.22282,598.55571,2992.77853,68072.9951209313,20570.304964195315,0.0,0.0
1197,14151.90536,3525.14621,24997.32521,2394.22282,598.55571,2992.77853,68072.9951209313,20570.304964195315,0.0,0.0
1198,14151.90536,3525.14621,24997.32521,2394.22282,598.55571,2992.77853,68072.9951209313,20570.304964195315,0.0,0.0
1199,14151.90536,3525.14621,24997.32521,2394.22282,598.55571,2992.77853,68072.9951209313,20570.304964195315,0.0,0.0
1200,14151.90536,3525.14621,24997.32521,2394.22282,598.55571,2992.77853,68072.9951209313,20570.304964195315,0.0,0.0
1201,14151.90536,3525.14621,24997.32521,2394.22282,598.55571,2992.77853,68072.9951209313,20570.304964195315,0.0,0.0
1202,14151.90536,3525.14621,24997.32521,2394.22282,598.55571,2992.77853,68072.9951209313,20570.304964195315,0.0,0.0
1203,14151.90536,3525.14621,24997.32521,2394.22282,598.55571,2992.77853,68072.9951209313,20570.304964195315,0.0,0.0
1204,14151.90536,3525.14621,24997.32521,2394.22282,598.55571,2992.77853,68072.9951209313,20570.304964195315,0.0,0.0
1205,14151.90536,3525.14621,24997.32521,2394.22282,598.55571,2992.77853,68072.9951209313,20570.304964195315,0.0,0.0
1206,14151.90536,3525.14621,24997.32521,2394.22282,598.55571,2992.77853,68072.9951209313,20570.304964195315,0.0,0.0
1207,14151.90536,3525.14621,24997.32521,2394.22282,598.55571,2992.77853,68072.9951209313,20570.304964195315,0.0,0.0
1208,14151.90536,3525.14621,24997.32521,2394.22282,598.55571,2992.77853,68072.9951209313,20570.304964195315,0.0,0.0
1209,14151.90536,3525.14621,24997.32521,2394.22282,598.55571,2992.77853,68072.9951209313,20570.304964195315,0.0,0.0
1210,14151.90536,3525.14621,24997.32521,2394.22282,598.55571,2992.77853,68072.9951209313,20570.304964195315,0.0,0.0
1211,14151.90536,3525.14621,24997.32521,2394.22282,598.55571,2992.77853,68072.9951209313,20570.304964195315,0.0,0.0
1212,14151.90536,3525.14621,24997.32521,2394.22282,598.55571,2992.77853,68072.9951209313,20570.304964195315,0.0,0.0
1213,14151.90536,3525.14621,24997.32521,2394.22282,598.55571,2992.77853,68072.9951209313,20570.304964195315,0.0,0.0
1214,14151.90536,3525.14621,24997.32521,2394.22282,598.55571,2992.77853,68072.9951209313,20570.304964195315,0.0,0.0
1215,14151.90536,3525.14621,24997.32521,2394.22282,598.55571,2992.77853,68072.9951209313,20570.304964195315,0.0,0.0
1216,14151.90536,3525.14621,24997.32521,2394.22282,598.55571,2992.77853,68072.9951209313,20570.304964195315,0.0,0.0
1217,14151.90536,3525.14621,24997.32521,2394.22282,598.55571,2992.77853,68072.9951209313,20570.304964195315,0.0,0.0
1218,14151.90536,3525.14621,24997.32521,2394.22282,598.55571,2992.77853,68072.9951209313,20570.304964195315,0.0,0.0
1219,14151.90536,3525.14621,24997.32521,2394.22282,598.55571,2992.77853,68072.9951209313,20570.304964195315,0.0,0.0
1220,14151.90536,3525.14621,24997.32521,2394.22282,598.55571,2992.77853,68072.9951209313,20570.304964195315,0.0,0.0
1221,14151.90536,3525.14621,24997.32521,2394.22282,598.55571,2992.77853,68072.9951209313,20570.304964195315,0.0,0.0
1222,14151.90536,3525.14621,24997.32521,2394.22282,598.55571,2992.77853,68072.9951209313,20570.304964195315,0.0,0.0
1223,14151.90536,3525.14621,24997.32521,2394.22282,598.55571,2992.77853,68072.9951209313,20570.304964195315,0.0,0.0
1224,14151.90536,3525.14621,24997.32521,2394.22282,598.55571,2992.77853,68072.9951209313,20570.304964195315,0.0,0.0
1225,14151.90536,3525.14621,24997.32521,2394.22282,598.55571,2992.77853,68072.9951209313,20570.304964195315,0.0,0.0
1226,14151.90536,3525.14621,24997.32521,2394.22282,598.55571,2992.77853,68072.9951209313,20570.304964195315,0.0,0.0
1227,14151.90536,3525.14621,24997.32521,2394.22282,598.55571,2992.77853,68072.9951209313,20570.304964195315,0.0,0.0
1228,14151.90536,3525.14621,24997.32521,2394.22282,598.55571,2992.77853,68072.9951209313,20570.304964195315,0.0,0.0
1229,14151.90536,3525.14621,24997.32521,2394.22282,598.55571,2992.77853,68072.9951209313,20570.304964195315,0.0,0.0
1230,14151.90536,3525.14621,24997.32521,2394.22282,598.55571,2992.77853,68072.9951209313,20570.304964195315,0.0,0.0
1231,14151.90536,3525.14621,24997.32521,2394.22282,598.55571,2992.77853,68072.9951209313,20570.304964195315,0.0,0.0
1232,14151.90536,3525.14621,24997.32521,2394.22282,598.55571,2992.77853,68072.9951209313,20570.304964195315,0.0,0.0
1233,14151.90536,3525.14621,24997.32521,2394.22282,598.55571,2992.77853,68072.9951209313,20570.304964195315,0.0,0.0
1234,14151.90536,3525.14621,24997.32521,2394.22282,598.55571,2992.77853,68072.9951209313,20570.304964195315,0.0,0.0
1235,14151.90536,3525.14621,24997.32521,2394.22282,598.55571,2992.77853,68072.9951209313,20570.304964195315,0.0,0.0
1236,14151.90536,3525.14621,24997.32521,2394.22282,598.55571,2992.77853,68072.9951209313,20570.304964195315,0.0,0.0
1237,14151.90536,3525.14621,24997.32521,2394.22282,598.55571,2992.77853,68072.9951209313,20570.304964195315,0.0,0.0
1238,14151.90536,3525.14621,24997.32521,2394.22282,598.55571,2992.77853,68072.9951209313,20570.304964195315,0.0,0.0
1239,14151.90536,3525.14621,24997.32521,2394.22282,598.55571,2992.77853,68072.9951209313,20570.304964195315,0.0,0.0
1240,14151.90536,3525.14621,24997.32521,2394.22282,598.55571,2992.77853,68072.9951209313,20570.304964195315,0.0,0.0
1241,14151.90536,3525.14621,24997.32521,2394.22282,598.55571,2992.77853,68072.9951209313,20570.304964195315,0.0,0.0
1242,14151.90536,3525.14621,24997.32521,2394.22282,598.55571,2992.77853,68072.9951209313,20570.304964195315,0.0,0.0
1243,14151.90536,3525.14621,24997.32521,2394.22282,598.55571,2992.77853,68072.9951209313,20570.304964195315,0.0,0.0
1244,14151.90536,3525.14621,24997.32521,2394.22282,598.55571,2992.77853,68072.9951209313,20570.304964195315,0.0,0.0
1245,14151.90536,3525.14621,24997.32521,2394.22282,598.55571,2992.77853,68072.9951209313,20570.304964195315,0.0,0.0
1246,14151.90536,3525.14621,24997.32521,2394.22282,598.55571,2992.77853,68072.9951209313,20570.304964195315,0.0,0.0
1247,14151.90536,3525.14621,24997.32521,2394.22282,598.55571,2992.77853,68072.9951209313,20570.304964195315,0.0,0.0
1248,14151.90536,3525.14621,24997.32521,2394.22282,598.55571,2992.77853,68072.9951209313,20570.304964195315,0.0,0.0
1249,14151.90536,3525.14621,24997.32521,2394.22282,598.55571,2992.77853,68072.9951209313,20570.304964195315,0.0,0.0
1250,14151.90536,3525.14621,24997.32521,2394.22282,598.55571,2992.77853,68072.9951209313,20570.304964195315,0.0,0.0
1251,14151.90536,3525.14621,24997.32521,2394.22282,598.55571,2992.77853,68072.9951209313,20570.304964195315,0.0,0.0
1252,14151.90536,3525.14621,24997.32521,2394.22282,598.55571,2992.77853,68072.9951209313,20570.304964195315,0.0,0.0
1253,14151.90536,3525.14621,24997.32521,2394.22282,598.55571,2992.77853,68072.9951209313,20570.304964195315,0.0,0.0
1254,14151.90536,3525.14621,24997.32521,2394.22282,598.55571,2992.77853,68072.9951209313,20570.304964195315,0.0,0.0
1255,14151.90536,3525.14621,24997.32521,2394.22282,598.55571,2992.77853,68072.9951209313,20570.304964195315,0.0,0.0
1256,14151.90536,3525.14621,24997.32521,2394.22282,598.55571,2992.77853,68072.9951209313,20570.304964195315,0.0,0.0
1257,14151.90536,3525.14621,24997.32521,2394.22282,598.55571,2992.77853,68072.9951209313,20570.304964195315,0.0,0.0
1258,14151.90536,3525.14621,24997.32521,2394.22282,598.55571,2992.77853,68072.9951209313,20570.304964195315,0.0,0.0
1259,14151.90536,3525.14621,24997.32521,2394.22282,598.55571,2992.77853,68072.9951209313,20570.304964195315,0.0,0.0
1260,14151.90536,3525.14621,24997.32521,2394.22282,598.55571,2992.77853,68072.9951209313,20570.304964195315,0.0,0.0
1261,14151.90536,3525.14621,24997.32521,2394.22282,598.55571,2992.77853,68072.9951209313,20570.304964195315,0.0,0.0
1262,14151.90536,3525.14621,24997.32521,2394.22282,598.55571,2992.77853,68072.9951209313,20570.304964195315,0.0,0.0
1263,14151.90536,3525.14621,24997.32521,2394.22282,598.55571,2992.77853,68072.9951209313,20570.304964195315,0.0,0.0
1264,14151.90536,3525.14621,24997.32521,2394.22282,598.55571,2992.77853,68072.9951209313,20570.304964195315,0.0,0.0
1265,14151.90536,3525.14621,24997.32521,2394.22282,598.55571,2992.77853,68072.9951209313,20570.304964195315,0.0,0.0
1266,14151.90536,3525.14621,24997.32521,2394.22282,598.55571,2992.77853,68072.9951209313,20570.304964195315,0.0,0.0
1267,14151.90536,3525.14621,24997.32521,2394.22282,598.55571,2992.77853,68072.9951209313,20570.304964195315,0.0,0.0
1268,14151.90536,3525.14621,24997.32521,2394.22282,598.55571,2992.77853,68072.9951209313,20570.304964195315,0.0,0.0
1269,14151.90536,3525.14621,24997.32521,2394.22282,598.55571,2992.77853,68072.9951209313,20570.304964195315,0.0,0.0
1270,14151.90536,3525.14621,24997.32521,2394.22282,598.55571,2992.77853,68072.9951209313,20570.304964195315,0.0,0.0
1271,14151.90536,3525.14621,24997.32521,2394.22282,598.55571,2992.77853,68072.9951209313,20570.304964195315,0.0,0.0
1272,14151.90536,3525.14621,24997.32521,2394.22282,598.55571,2992.77853,68072.9951209313,20570.304964195315,0.0,0.0
1273,14151.90536,3525.14621,24997.32521,2394.22282,598.55571,2992.77853,68072.9951209313,20570.304964195315,0.0,0.0
1274,14151.90536,3525.14621,24997.32521,2394.22282,598.55571,2992.77853,68072.9951209313,20570.304964195315,0.0,0.0
1275,14151.90536,3525.14621,24997.32521,2394.22282,598.55571,2992.77853,68072.9951209313,20570.304964195315,0.0,0.0
1276,14151.90536,3525.14621,24997.32521,2394.22282,598.55571,2992.77853,68072.9951209313,20570.304964195315,0.0,0.0
1277,14151.90536,3525.14621,24997.32521,2394.22282,598.55571,2992.77853,68072.9951209313,20570.304964195315,0.0,0.0
1278,14151.90536,3525.14621,24997.32521,2394.22282,598.55571,2992.77853,68072.9951209313,20570.304964195315,0.0,0.0
1279,14151.90536,3525.14621,24997.32521,2394.22282,598.55571,2992.77853,68072.9951209313,20570.304964195315,0.0,0.0
1280,14151.90536,3525.14621,24997.32521,2394.22282,598.55571,2992.77853,68072.9951209313,20570.304964195315,0.0,0.0
1281,14151.90536,3525.14621,24997.32521,2394.22282,598.55571,2992.77853,68072.9951209313,20570.304964195315,0.0,0.0
1282,14151.90536,3525.14621,24997.32521,2394.22282,598.55571,2992.77853,68072.9951209313,20570.304964195315,0.0,0.0
1283,14151.90536,3525.14621,24997.32521,2394.22282,598.55571,2992.77853,68072.9951209313,20570.304964195315,0.0,0.0
1284,14151.90536,3525.14621,24997.32521,2394.22282,598.55571,2992.77853,68072.9951209313,20570.304964195315,0.0,0.0
1285,14151.90536,3525.14621,24997.32521,2394.22282,598.55571,2992.77853,68072.9951209313,20570.304964195315,0.0,0.0
1286,14151.90536,3525.14621,24997.32521,2394.22282,598.55571,2992.77853,68072.9951209313,20570.304964195315,0.0,0.0
1287,14151.90536,3525.14621,24997.32521,2394.22282,598.55571,2992.77853,68072.9951209313,20570.304964195315,0.0,0.0
1288,14151.90536,3525.14621,24997.32521,2394.22282,598.55571,2992.77853,68072.9951209313,20570.304964195315,0.0,0.0
1289,14151.90536,3525.14621,24997.32521,2394.22282,598.55571,2992.77853,68072.9951209313,20570.304964195315,0.0,0.0
1290,14151.90536,3525.14621,24997.32521,2394.22282,598.55571,2992.77853,68072.9951209313,20570.304964195315,0.0,0.0
1291,14151.90536,3525.14621,24997.32521,2394.22282,598.55571,2992.77853,68072.9951209313,20570.304964195315,0.0,0.0
1292,14151.90536,3525.14621,24997.32521,2394.22282,598.55571,2992.77853,68072.9951209313,20570.304964195315,0.0,0.0
1293,14151.90536,3525.14621,24997.32521,2394.22282,598.55571,2992.77853,68072.9951209313,20570.304964195315,0.0,0.0
1294,14151.90536,3525.14621,24997.32521,2394.22282,598.55571,2992.77853,68072.9951209313,20570.304964195315,0.0,0.0
1295,14151.90536,3525.14621,24997.32521,2394.22282,598.55571,2992.77853,68072.9951209313,20570.304964195315,0.0,0.0
1296,14151.90536,3525.14621,24997.32521,2394.22282,598.55571,2992.77853,68072.9951209313,20570.304964195315,0.0,0.0
1297,14151.90536,3525.14621,24997.32521,2394.22282,598.55571,2992.77853,68072.9951209313,20570.304964195315,0.0,0.0
1298,14151.90536,3525.14621,24997.32521,2394.22282,598.55571,2992.77853,68072.9951209313,20570.304964195315,0.0,0.0
1299,14151.90536,3525.14621,24997.32521,2394.22282,598.55571,2992.77853,68072.9951209313,20570.304964195315,0.0,0.0
1300,14151.90536,3525.14621,24997.32521,2394.22282,598.55571,2992.77853,68072.9951209313,20570.304964195315,0.0,0.0
1301,14151.90536,3525.14621,24997.32521,2394.22282,598.55571,2992.77853,68072.9951209313,20570.304964195315,0.0,0.0
1302,14151.90536,3525.14621,24997.32521,2394.22282,598.55571,2992.77853,68072.9951209313,20570.304964195315,0.0,0.0
1303,14151.90536,3525.14621,24997.32521,2394.22282,598.55571,2992.77853,68072.9951209313,20570.304964195315,0.0,0.0
1304,14151.90536,3525.14621,24997.32521,2394.22282,598.55571,2992.77853,68072.9951209313,20570.304964195315,0.0,0.0
1305,14151.90536,3525.14621,24997.32521,2394.22282,598.55571,2992.77853,68072.9951209313,20570.304964195315,0.0,0.0
1306,14151.90536,3525.14621,24997.32521,2394.22282,598.55571,2992.77853,68072.9951209313,20570.304964195315,0.0,0.0
1307,14151.90536,3525.14621,24997.32521,2394.22282,598.55571,2992.77853,68072.9951209313,20570.304964195315,0.0,0.0
1308,14151.90536,3525.14621,24997.32521,2394.22282,598.55571,2992.77853,68072.9951209313,20570.304964195315,0.0,0.0
1309,14151.90536,3525.14621,24997.32521,2394.22282,598.55571,2992.77853,68072.9951209313,20570.304964195315,0.0,0.0
1310,14151.90536,3525.14621,24997.32521,2394.22282,598.55571,2992.77853,68072.9951209313,20570.304964195315,0.0,0.0
1311,14151.90536,3525.14621,24997.32521,2394.22282,598.55571,2992.77853,68072.9951209313,20570.304964195315,0.0,0.0
1312,14151.90536,3525.14621,24997.32521,2394.22282,598.55571,2992.77853,68072.9951209313,20570.304964195315,0.0,0.0
1313,14151.90536,3525.14621,24997.32521,2394.22282,598.55571,2992.77853,68072.9951209313,20570.304964195315,0.0,0.0
1314,14151.90536,3525.14621,24997.32521,2394.22282,598.55571,2992.77853,68072.9951209313,20570.304964195315,0.0,0.0
1315,14151.90536,3525.14621,24997.32521,2394.22282,598.55571,2992.77853,68072.9951209313,20570.304964195315,0.0,0.0
1316,14151.90536,3525.14621,24997.32521,2394.22282,598.55571,2992.77853,68072.9951209313,20570.304964195315,0.0,0.0
1317,14151.90536,3525.14621,24997.32521,2394.22282,598.55571,2992.77853,68072.9951209313,20570.304964195315,0.0,0.0
1318,14151.90536,3525.14621,24997.32521,2394.22282,598.55571,2992.77853,68072.9951209313,20570.304964195315,0.0,0.0
1319,14151.90536,3525.14621,24997.32521,2394.22282,598.55571,2992.77853,68072.9951209313,20570.304964195315,0.0,0.0
1320,14151.90536,3525.14621,24997.32521,2394.22282,598.55571,2992.77853,68072.9951209313,20570.304964195315,0.0,0.0
1321,14151.90536,3525.14621,24997.32521,2394.22282,598.55571,2992.77853,68072.9951209313,20570.304964195315,0.0,0.0
1322,14151.90536,3525.14621,24997.32521,2394.22282,598.55571,2992.77853,68072.9951209313,20570.304964195315,0.0,0.0
1323,14151.90536,3525.14621,24997.32521,2394.22282,598.55571,2992.77853,68072.9951209313,20570.304964195315,0.0,0.0
1324,14151.90536,3525.14621,24997.32521,2394.22282,598.55571,2992.77853,68072.9951209313,20570.304964195315,0.0,0.0
1325,14151.90536,3525.14621,24997.32521,2394.22282,598.55571,2992.77853,68072.9951209313,20570.304964195315,0.0,0.0
1326,14151.90536,3525.14621,24997.32521,2394.22282,598.55571,2992.77853,68072.9951209313,20570.304964195315,0.0,0.0
1327,14151.90536,3525.14621,24997.32521,2394.22282,598.55571,2992.77853,68072.9951209313,20570.304964195315,0.0,0.0
1328,14151.90536,3525.14621,24997.32521,2394.22282,598.55571,2992.77853,68072.9951209313,20570.304964195315,0.0,0.0
1329,14151.90536,3525.14621,24997.32521,2394.22282,598.55571,2992.77853,68072.9951209313,20570.304964195315,0.0,0.0
1330,14151.90536,3525.14621,24997.32521,2394.22282,598.55571,2992.77853,68072.9951209313,20570.304964195315,0.0,0.0
1331,14151.90536,3525.14621,24997.32521,2394.22282,598.55571,2992.77853,68072.9951209313,20570.304964195315,0.0,0.0
1332,14151.90536,3525.14621,24997.32521,2394.22282,598.55571,2992.77853,68072.9951209313,20570.304964195315,0.0,0.0
1333,14151.90536,3525.14621,24997.32521,2394.22282,598.55571,2992.77853,68072.9951209313,20570.304964195315,0.0,0.0
1334,14151.90536,3525.14621,24997.32521,2394.22282,598.55571,2992.77853,68072.9951209313,20570.304964195315,0.0,0.0
1335,14151.90536,3525.14621,24997.32521,2394.22282,598.55571,2992.77853,68072.9951209313,20570.304964195315,0.0,0.0
1336,14151.90536,3525.14621,24997.32521,2394.22282,598.55571,2992.77853,68072.9951209313,20570.304964195315,0.0,0.0
1337,14151.90536,3525.14621,24997.32521,2394.22282,598.55571,2992.77853,68072.9951209313,20570.304964195315,0.0,0.0
1338,14151.90536,3525.14621,24997.32521,2394.22282,598.55571,2992.77853,68072.9951209313,20570.304964195315,0.0,0.0
1339,14151.90536,3525.14621,24997.32521,2394.22282,598.55571,2992.77853,68072.9951209313,20570.304964195315,0.0,0.0
1340,14151.90536,3525.14621,24997.32521,2394.22282,598.55571,2992.77853,68072.9951209313,20570.304964195315,0.0,0.0
1341,14151.90536,3525.14621,24997.32521,2394.22282,598.55571,2992.77853,68072.9951209313,20570.304964195315,0.0,0.0
1342,14151.90536,3525.14621,24997.32521,2394.22282,598.55571,2992.77853,68072.9951209313,20570.304964195315,0.0,0.0
1343,14151.90536,3525.14621,24997.32521,2394.22282,598.55571,2992.77853,68072.9951209313,20570.304964195315,0.0,0.0
1344,14151.90536,3525.14621,24997.32521,2394.22282,598.55571,2992.77853,68072.9951209313,20570.304964195315,0.0,0.0
1345,14151.90536,3525.14621,24997.32521,2394.22282,598.55571,2992.77853,68072.9951209313,20570.304964195315,0.0,0.0
1346,14151.90536,3525.14621,24997.32521,2394.22282,598.55571,2992.77853,68072.9951209313,20570.304964195315,0.0,0.0
1347,14151.90536,3525.14621,24997.32521,2394.22282,598.55571,2992.77853,68072.9951209313,20570.304964195315,0.0,0.0
1348,14151.90536,3525.14621,24997.32521,2394.22282,598.55571,2992.77853,68072.9951209313,20570.304964195315,0.0,0.0
1349,14151.90536,3525.14621,24997.32521,2394.22282,598.55571,2992.77853,68072.9951209313,20570.304964195315,0.0,0.0
1350,14151.90536,3525.14621,24997.32521,2394.22282,598.55571,2992.77853,68072.9951209313,20570.304964195315,0.0,0.0
1351,14151.90536,3525.14621,24997.32521,2394.22282,598.55571,2992.77853,68072.9951209313,20570.304964195315,0.0,0.0
1352,14151.90536,3525.14621,24997.32521,2394.22282,598.55571,2992.77853,68072.9951209313,20570.304964195315,0.0,0.0
1353,14151.90536,3525.14621,24997.32521,2394.22282,598.55571,2992.77853,68072.9951209313,20570.304964195315,0.0,0.0
1354,14151.90536,3525.14621,24997.32521,2394.22282,598.55571,2992.77853,68072.9951209313,20570.304964195315,0.0,0.0
1355,14151.90536,3525.14621,24997.32521,2394.22282,598.55571,2992.77853,68072.9951209313,20570.304964195315,0.0,0.0
1356,14151.90536,3525.14621,24997.32521,2394.22282,598.55571,2992.77853,68072.9951209313,20570.304964195315,0.0,0.0
1357,14151.90536,3525.14621,24997.32521,2394.22282,598.55571,2992.77853,68072.9951209313,20570.304964195315,0.0,0.0
1358,14151.90536,3525.14621,24997.32521,2394.22282,598.55571,2992.77853,68072.9951209313,20570.304964195315,0.0,0.0
1359,14151.90536,3525.14621,24997.32521,2394.22282,598.55571,2992.77853,68072.9951209313,20570.304964195315,0.0,0.0
1360,14151.90536,3525.14621,24997.32521,2394.22282,598.55571,2992.77853,68072.9951209313,20570.304964195315,0.0,0.0
1361,14151.90536,3525.14621,24997.32521,2394.22282,598.55571,2992.77853,68072.9951209313,20570.304964195315,0.0,0.0
1362,14151.90536,3525.14621,24997.32521,2394.22282,598.55571,2992.77853,68072.9951209313,20570.304964195315,0.0,0.0
1363,14151.90536,3525.14621,24997.32521,2394.22282,598.55571,2992.77853,68072.9951209313,20570.304964195315,0.0,0.0
1364,14151.90536,3525.14621,24997.32521,2394.22282,598.55571,2992.77853,68072.9951209313,20570.304964195315,0.0,0.0
1365,14151.90536,3525.14621,24997.32521,2394.22282,598.55571,2992.77853,68072.9951209313,20570.304964195315,0.0,0.0
1366,14151.90536,3525.14621,24997.32521,2394.22282,598.55571,2992.77853,68072.9951209313,20570.304964195315,0.0,0.0
1367,14151.90536,3525.14621,24997.32521,2394.22282,598.55571,2992.77853,68072.9951209313,20570.304964195315,0.0,0.0
1368,14151.90536,3525.14621,24997.32521,2394.22282,598.55571,2992.77853,68072.9951209313,20570.304964195315,0.0,0.0
1369,14151.90536,3525.14621,24997.32521,2394.22282,598.55571,2992.77853,68072.9951209313,20570.304964195315,0.0,0.0
1370,14151.90536,3525.14621,24997.32521,2394.22282,598.55571,2992.77853,68072.9951209313,20570.304964195315,0.0,0.0
1371,14151.90536,3525.14621,24997.32521,2394.22282,598.55571,2992.77853,68072.9951209313,20570.304964195315,0.0,0.0
1372,14151.90536,3525.14621,24997.32521,2394.22282,598.55571,2992.77853,68072.9951209313,20570.304964195315,0.0,0.0
1373,14151.90536,3525.14621,24997.32521,2394.22282,598.55571,2992.77853,68072.9951209313,20570.304964195315,0.0,0.0
1374,14151.90536,3525.14621,24997.32521,2394.22282,598.55571,2992.77853,68072.9951209313,20570.304964195315,0.0,0.0
1375,14151.90536,3525.14621,24997.32521,2394.22282,598.55571,2992.77853,68072.9951209313,20570.304964195315,0.0,0.0
1376,14151.90536,3525.14621,24997.32521,2394.22282,598.55571,2992.77853,68072.9951209313,20570.304964195315,0.0,0.0
1377,14151.90536,3525.14621,24997.32521,2394.22282,598.55571,2992.77853,68072.9951209313,20570.304964195315,0.0,0.0
1378,14151.90536,3525.14621,24997.32521,2394.22282,598.55571,2992.77853,68072.9951209313,20570.304964195315,0.0,0.0
1379,14151.90536,3525.14621,24997.32521,2394.22282,598.55571,2992.77853,68072.9951209313,20570.304964195315,0.0,0.0
1380,14151.90536,3525.14621,24997.32521,2394.22282,598.55571,2992.77853,68072.9951209313,20570.304964195315,0.0,0.0
1381,14151.90536,3525.14621,24997.32521,2394.22282,598.55571,2992.77853,68072.9951209313,20570.304964195315,0.0,0.0
1382,14151.90536,3525.14621,24997.32521,2394.22282,598.55571,2992.77853,68072.9951209313,20570.304964195315,0.0,0.0
1383,14151.90536,3525.14621,24997.32521,2394.22282,598.55571,2992.77853,68072.9951209313,20570.304964195315,0.0,0.0
1384,14151.90536,3525.14621,24997.32521,2394.22282,598.55571,2992.77853,68072.9951209313,20570.304964195315,0.0,0.0
1385,14151.90536,3525.14621,24997.32521,2394.22282,598.55571,2992.77853,68072.9951209313,20570.304964195315,0.0,0.0
1386,14151.90536,3525.14621,24997.32521,2394.22282,598.55571,2992.77853,68072.9951209313,20570.304964195315,0.0,0.0
1387,14151.90536,3525.14621,24997.32521,2394.22282,598.55571,2992.77853,68072.9951209313,20570.304964195315,0.0,0.0
1388,14151.90536,3525.14621,24997.32521,2394.22282,598.55571,2992.77853,68072.9951209313,20570.304964195315,0.0,0.0
1389,14151.90536,3525.14621,24997.32521,2394.22282,598.55571,2992.77853,68072.9951209313,20570.304964195315,0.0,0.0
1390,14151.90536,3525.14621,24997.32521,2394.22282,598.55571,2992.77853,68072.9951209313,20570.304964195315,0.0,0.0
1391,14151.90536,3525.14621,24997.32521,2394.22282,598.55571,2992.77853,68072.9951209313,20570.304964195315,0.0,0.0
1392,14151.90536,3525.14621,24997.32521,2394.22282,598.55571,2992.77853,68072.9951209313,20570.304964195315,0.0,0.0
1393,14151.90536,3525.14621,24997.32521,2394.22282,598.55571,2992.77853,68072.9951209313,20570.304964195315,0.0,0.0
1394,14151.90536,3525.14621,24997.32521,2394.22282,598.55571,2992.77853,68072.9951209313,20570.304964195315,0.0,0.0
1395,14151.90536,3525.14621,24997.32521,2394.22282,598.55571,2992.77853,68072.9951209313,20570.304964195315,0.0,0.0
1396,14151.90536,3525.14621,24997.32521,2394.22282,598.55571,2992.77853,68072.9951209313,20570.304964195315,0.0,0.0
1397,14151.90536,3525.14621,24997.32521,2394.22282,598.55571,2992.77853,68072.9951209313,20570.304964195315,0.0,0.0
1398,14151.90536,3525.14621,24997.32521,2394.22282,598.55571,2992.77853,68072.9951209313,20570.304964195315,0.0,0.0
1399,14151.90536,3525.14621,24997.32521,2394.22282,598.55571,2992.77853,68072.9951209313,20570.304964195315,0.0,0.0
1400,14151.90536,3525.14621,24997.32521,2394.22282,598.55571,2992.77853,68072.9951209313,20570.304964195315,0.0,0.0
1401,14151.90536,3525.14621,24997.32521,2394.22282,598.55571,2992.77853,68072.9951209313,20570.304964195315,0.0,0.0
1402,14151.90536,3525.14621,24997.32521,2394.22282,598.55571,2992.77853,68072.9951209313,20570.304964195315,0.0,0.0
1403,14151.90536,3525.14621,24997.32521,2394.22282,598.55571,2992.77853,68072.9951209313,20570.304964195315,0.0,0.0
1404,14151.90536,3525.14621,24997.32521,2394.22282,598.55571,2992.77853,68072.9951209313,20570.304964195315,0.0,0.0
1405,14151.90536,3525.14621,24997.32521,2394.22282,598.55571,2992.77853,68072.9951209313,20570.304964195315,0.0,0.0
1406,14151.90536,3525.14621,24997.32521,2394.22282,598.55571,2992.77853,68072.9951209313,20570.304964195315,0.0,0.0
1407,14151.90536,3525.14621,24997.32521,2394.22282,598.55571,2992.77853,68072.9951209313,20570.304964195315,0.0,0.0
1408,14151.90536,3525.14621,24997.32521,2394.22282,598.55571,2992.77853,68072.9951209313,20570.304964195315,0.0,0.0
1409,14151.90536,3525.14621,24997.32521,2394.22282,598.55571,2992.77853,68072.9951209313,20570.304964195315,0.0,0.0
1410,14151.90536,3525.14621,24997.32521,2394.22282,598.55571,2992.77853,68072.9951209313,20570.304964195315,0.0,0.0
1411,14151.90536,3525.14621,24997.32521,2394.22282,598.55571,2992.77853,68072.9951209313,20570.304964195315,0.0,0.0
1412,14151.90536,3525.14621,24997.32521,2394.22282,598.55571,2992.77853,68072.9951209313,20570.304964195315,0.0,0.0
1413,14151.90536,3525.14621,24997.32521,2394.22282,598.55571,2992.77853,68072.9951209313,20570.304964195315,0.0,0.0
1414,14151.90536,3525.14621,24997.32521,2394.22282,598.55571,2992.77853,68072.9951209313,20570.304964195315,0.0,0.0
1415,14151.90536,3525.14621,24997.32521,2394.22282,598.55571,2992.77853,68072.9951209313,20570.304964195315,0.0,0.0
1416,14151.90536,3525.14621,24997.32521,2394.22282,598.55571,2992.77853,68072.9951209313,20570.304964195315,0.0,0.0
1417,14151.90536,3525.14621,24997.32521,2394.22282,598.55571,2992.77853,68072.9951209313,20570.304964195315,0.0,0.0
1418,14151.90536,3525.14621,24997.32521,2394.22282,598.55571,2992.77853,68072.9951209313,20570.304964195315,0.0,0.0
1419,14151.90536,3525.14621,24997.32521,2394.22282,598.55571,2992.77853,68072.9951209313,20570.304964195315,0.0,0.0
1420,14151.90536,3525.14621,24997.32521,2394.22282,598.55571,2992.77853,68072.9951209313,20570.304964195315,0.0,0.0
1421,14151.90536,3525.14621,24997.32521,2394.22282,598.55571,2992.77853,68072.9951209313,20570.304964195315,0.0,0.0
1422,14151.90536,3525.14621,24997.32521,2394.22282,598.55571,2992.77853,68072.9951209313,20570.304964195315,0.0,0.0
1423,14151.90536,3525.14621,24997.32521,2394.22282,598.55571,2992.77853,68072.9951209313,20570.304964195315,0.0,0.0
1424,14151.90536,3525.14621,24997.32521,2394.22282,598.55571,2992.77853,68072.9951209313,20570.304964195315,0.0,0.0
1425,14151.90536,3525.14621,24997.32521,2394.22282,598.55571,2992.77853,68072.9951209313,20570.304964195315,0.0,0.0
1426,14151.90536,3525.14621,24997.32521,2394.22282,598.55571,2992.77853,68072.9951209313,20570.304964195315,0.0,0.0
1427,14151.90536,3525.14621,24997.32521,2394.22282,598.55571,2992.77853,68072.9951209313,20570.304964195315,0.0,0.0
1428,14151.90536,3525.14621,24997.32521,2394.22282,598.55571,2992.77853,68072.9951209313,20570.304964195315,0.0,0.0
1429,14151.90536,3525.14621,24997.32521,2394.22282,598.55571,2992.77853,68072.9951209313,20570.304964195315,0.0,0.0
1430,14151.90536,3525.14621,24997.32521,2394.22282,598.55571,2992.77853,68072.9951209313,20570.304964195315,0.0,0.0
1431,14151.90536,3525.14621,24997.32521,2394.22282,598.55571,2992.77853,68072.9951209313,20570.304964195315,0.0,0.0
1432,14151.90536,3525.14621,24997.32521,2394.22282,598.55571,2992.77853,68072.9951209313,20570.304964195315,0.0,0.0
1433,14151.90536,3525.14621,24997.32521,2394.22282,598.55571,2992.77853,68072.9951209313,20570.304964195315,0.0,0.0
1434,14151.90536,3525.14621,24997.32521,2394.22282,598.55571,2992.77853,68072.9951209313,20570.304964195315,0.0,0.0
1435,14151.90536,3525.14621,24997.32521,2394.22282,598.55571,2992.77853,68072.9951209313,20570.304964195315,0.0,0.0
1436,14151.90536,3525.14621,24997.32521,2394.22282,598.55571,2992.77853,68072.9951209313,20570.304964195315,0.0,0.0
1437,14151.90536,3525.14621,24997.32521,2394.22282,598.55571,2992.77853,68072.9951209313,20570.304964195315,0.0,0.0
1438,14151.90536,3525.14621,24997.32521,2394.22282,598.55571,2992.77853,68072.9951209313,20570.304964195315,0.0,0.0
1439,14151.90536,3525.14621,24997.32521,2394.22282,598.55571,2992.77853,68072.9951209313,20570.304964195315,0.0,0.0
1440,14151.90536,3525.14621,24997.32521,2394.22282,598.55571,2992.77853,68072.9951209313,20570.304964195315,0.0,0.0
1441,14151.90536,3525.14621,24997.32521,2394.22282,598.55571,2992.77853,68072.9951209313,20570.304964195315,0.0,0.0
1442,14151.90536,3525.14621,24997.32521,2394.22282,598.55571,2992.77853,68072.9951209313,20570.304964195315,0.0,0.0
1443,14151.90536,3525.14621,24997.32521,2394.22282,598.55571,2992.77853,68072.9951209313,20570.304964195315,0.0,0.0
1444,14151.90536,3525.14621,24997.32521,2394.22282,598.55571,2992.77853,68072.9951209313,20570.304964195315,0.0,0.0
1445,14151.90536,3525.14621,24997.32521,2394.22282,598.55571,2992.77853,68072.9951209313,20570.304964195315,0.0,0.0
1446,14151.90536,3525.14621,24997.32521,2394.22282,598.55571,2992.77853,68072.9951209313,20570.304964195315,0.0,0.0
1447,14151.90536,3525.14621,24997.32521,2394.22282,598.55571,2992.77853,68072.9951209313,20570.304964195315,0.0,0.0
1448,14151.90536,3525.14621,24997.32521,2394.22282,598.55571,2992.77853,68072.9951209313,20570.304964195315,0.0,0.0
1449,14151.90536,3525.14621,24997.32521,2394.22282,598.55571,2992.77853,68072.9951209313,20570.304964195315,0.0,0.0
1450,14151.90536,3525.14621,24997.32521,2394.22282,598.55571,2992.77853,68072.9951209313,20570.304964195315,0.0,0.0
1451,14151.90536,3525.14621,24997.32521,2394.22282,598.55571,2992.77853,68072.9951209313,20570.304964195315,0.0,0.0
1452,14151.90536,3525.14621,24997.32521,2394.22282,598.55571,2992.77853,68072.9951209313,20570.304964195315,0.0,0.0
1453,14151.90536,3525.14621,24997.32521,2394.22282,598.55571,2992.77853,68072.9951209313,20570.304964195315,0.0,0.0
1454,14151.90536,3525.14621,24997.32521,2394.22282,598.55571,2992.77853,68072.9951209313,20570.304964195315,0.0,0.0
1455,14151.90536,3525.14621,24997.32521,2394.22282,598.55571,2992.77853,68072.9951209313,20570.304964195315,0.0,0.0
1456,14151.90536,3525.14621,24997.32521,2394.22282,598.55571,2992.77853,68072.9951209313,20570.304964195315,0.0,0.0
1457,14151.90536,3525.14621,24997.32521,2394.22282,598.55571,2992.77853,68072.9951209313,20570.304964195315,0.0,0.0
1458,14151.90536,3525.14621,24997.32521,2394.22282,598.55571,2992.77853,68072.9951209313,20570.304964195315,0.0,0.0
1459,14151.90536,3525.14621,24997.32521,2394.22282,598.55571,2992.77853,68072.9951209313,20570.304964195315,0.0,0.0
1460,14151.90536,3525.14621,24997.32521,2394.22282,598.55571,2992.77853,68072.9951209313,20570.304964195315,0.0,0.0
1461,14151.90536,3525.14621,24997.32521,2394.22282,598.55571,2992.77853,68072.9951209313,20570.304964195315,0.0,0.0
1462,14151.90536,3525.14621,24997.32521,2394.22282,598.55571,2992.77853,68072.9951209313,20570.304964195315,0.0,0.0
1463,14151.90536,3525.14621,24997.32521,2394.22282,598.55571,2992.77853,68072.9951209313,20570.304964195315,0.0,0.0
1464,14151.90536,3525.14621,24997.32521,2394.22282,598.55571,2992.77853,68072.9951209313,20570.304964195315,0.0,0.0
1465,14151.90536,3525.14621,24997.32521,2394.22282,598.55571,2992.77853,68072.9951209313,20570.304964195315,0.0,0.0
1466,14151.90536,3525.14621,24997.32521,2394.22282,598.55571,2992.77853,68072.9951209313,20570.304964195315,0.0,0.0
1467,14151.90536,3525.14621,24997.32521,2394.22282,598.55571,2992.77853,68072.9951209313,20570.304964195315,0.0,0.0
1468,14151.90536,3525.14621,24997.32521,2394.22282,598.55571,2992.77853,68072.9951209313,20570.304964195315,0.0,0.0
1469,14151.90536,3525.14621,24997.32521,2394.22282,598.55571,2992.77853,68072.9951209313,20570.304964195315,0.0,0.0
1470,14151.90536,3525.14621,24997.32521,2394.22282,598.55571,2992.77853,68072.9951209313,20570.304964195315,0.0,0.0
1471,14151.90536,3525.14621,24997.32521,2394.22282,598.55571,2992.77853,68072.9951209313,20570.304964195315,0.0,0.0
1472,14151.90536,3525.14621,24997.32521,2394.22282,598.55571,2992.77853,68072.9951209313,20570.304964195315,0.0,0.0
1473,14151.90536,3525.14621,24997.32521,2394.22282,598.55571,2992.77853,68072.9951209313,20570.304964195315,0.0,0.0
1474,14151.90536,3525.14621,24997.32521,2394.22282,598.55571,2992.77853,68072.9951209313,20570.304964195315,0.0,0.0
1475,14151.90536,3525.14621,24997.32521,2394.22282,598.55571,2992.77853,68072.9951209313,20570.304964195315,0.0,0.0
1476,14151.90536,3525.14621,24997.32521,2394.22282,598.55571,2992.77853,68072.9951209313,20570.304964195315,0.0,0.0
1477,14151.90536,3525.14621,24997.32521,2394.22282,598.55571,2992.77853,68072.9951209313,20570.304964195315,0.0,0.0
1478,14151.90536,3525.14621,24997.32521,2394.22282,598.55571,2992.77853,68072.9951209313,20570.304964195315,0.0,0.0
1479,14151.90536,3525.14621,24997.32521,2394.22282,598.55571,2992.77853,68072.9951209313,20570.304964195315,0.0,0.0
1480,14151.90536,3525.14621,24997.32521,2394.22282,598.55571,2992.77853,68072.9951209313,20570.304964195315,0.0,0.0
1481,14151.90536,3525.14621,24997.32521,2394.22282,598.55571,2992.77853,68072.9951209313,20570.304964195315,0.0,0.0
1482,14151.90536,3525.14621,24997.32521,2394.22282,598.55571,2992.77853,68072.9951209313,20570.304964195315,0.0,0.0
1483,14151.90536,3525.14621,24997.32521,2394.22282,598.55571,2992.77853,68072.9951209313,20570.304964195315,0.0,0.0
1484,14151.90536,3525.14621,24997.32521,2394.22282,598.55571,2992.77853,68072.9951209313,20570.304964195315,0.0,0.0
1485,14151.90536,3525.14621,24997.32521,2394.22282,598.55571,2992.77853,68072.9951209313,20570.304964195315,0.0,0.0
1486,14151.90536,3525.14621,24997.32521,2394.22282,598.55571,2992.77853,68072.9951209313,20570.304964195315,0.0,0.0
1487,14151.90536,3525.14621,24997.32521,2394.22282,598.55571,2992.77853,68072.9951209313,20570.304964195315,0.0,0.0
1488,14151.90536,3525.14621,24997.32521,2394.22282,598.55571,2992.77853,68072.9951209313,20570.304964195315,0.0,0.0
1489,14151.90536,3525.14621,24997.32521,2394.22282,598.55571,2992.77853,68072.9951209313,20570.304964195315,0.0,0.0
1490,14151.90536,3525.14621,24997.32521,2394.22282,598.55571,2992.77853,68072.9951209313,20570.304964195315,0.0,0.0
1491,14151.90536,3525.14621,24997.32521,2394.22282,598.55571,2992.77853,68072.9951209313,20570.304964195315,0.0,0.0
1492,14151.90536,3525.14621,24997.32521,2394.22282,598.55571,2992.77853,68072.9951209313,20570.304964195315,0.0,0.0
1493,14151.90536,3525.14621,24997.32521,2394.22282,598.55571,2992.77853,68072.9951209313,20570.304964195315,0.0,0.0
1494,14151.90536,3525.14621,24997.32521,2394.22282,598.55571,2992.77853,68072.9951209313,20570.304964195315,0.0,0.0
1495,14151.90536,3525.14621,24997.32521,2394.22282,598.55571,2992.77853,68072.9951209313,20570.304964195315,0.0,0.0
1496,14151.90536,3525.14621,24997.32521,2394.22282,598.55571,2992.77853,68072.9951209313,20570.304964195315,0.0,0.0
1497,14151.90536,3525.14621,24997.32521,2394.22282,598.55571,2992.77853,68072.9951209313,20570.304964195315,0.0,0.0
1498,14151.90536,3525.14621,24997.32521,2394.22282,598.55571,2992.77853,68072.9951209313,20570.304964195315,0.0,0.0
1499,14151.90536,3525.14621,24997.32521,2394.22282,598.55571,2992.77853,68072.9951209313,20570.304964195315,0.0,0.0
1500,14151.90536,3525.14621,24997.32521,2394.22282,598.55571,2992.77853,68072.9951209313,20570.304964195315,0.0,0.0
1501,14151.90536,3525.14621,24997.32521,2394.22282,598.55571,2992.77853,68072.9951209313,20570.304964195315,0.0,0.0
1502,14151.90536,3525.14621,24997.32521,2394.22282,598.55571,2992.77853,68072.9951209313,20570.304964195315,0.0,0.0
1503,14151.90536,3525.14621,24997.32521,2394.22282,598.55571,2992.77853,68072.9951209313,20570.304964195315,0.0,0.0
1504,14151.90536,3525.14621,24997.32521,2394.22282,598.55571,2992.77853,68072.9951209313,20570.304964195315,0.0,0.0
1505,14151.90536,3525.14621,24997.32521,2394.22282,598.55571,2992.77853,68072.9951209313,20570.304964195315,0.0,0.0
1506,14151.90536,3525.14621,24997.32521,2394.22282,598.55571,2992.77853,68072.9951209313,20570.304964195315,0.0,0.0
1507,14151.90536,3525.14621,24997.32521,2394.22282,598.55571,2992.77853,68072.9951209313,20570.304964195315,0.0,0.0
1508,14151.90536,3525.14621,24997.32521,2394.22282,598.55571,2992.77853,68072.9951209313,20570.304964195315,0.0,0.0
1509,14151.90536,3525.14621,24997.32521,2394.22282,598.55571,2992.77853,68072.9951209313,20570.304964195315,0.0,0.0
1510,14151.90536,3525.14621,24997.32521,2394.22282,598.55571,2992.77853,68072.9951209313,20570.304964195315,0.0,0.0
1511,14151.90536,3525.14621,24997.32521,2394.22282,598.55571,2992.77853,68072.9951209313,20570.304964195315,0.0,0.0
1512,14151.90536,3525.14621,24997.32521,2394.22282,598.55571,2992.77853,68072.9951209313,20570.304964195315,0.0,0.0
1513,14151.90536,3525.14621,24997.32521,2394.22282,598.55571,2992.77853,68072.9951209313,20570.304964195315,0.0,0.0
1514,14151.90536,3525.14621,24997.32521,2394.22282,598.55571,2992.77853,68072.9951209313,20570.304964195315,0.0,0.0
1515,14151.90536,3525.14621,24997.32521,2394.22282,598.55571,2992.77853,68072.9951209313,20570.304964195315,0.0,0.0
1516,14151.90536,3525.14621,24997.32521,2394.22282,598.55571,2992.77853,68072.9951209313,20570.304964195315,0.0,0.0
1517,14151.90536,3525.14621,24997.32521,2394.22282,598.55571,2992.77853,68072.9951209313,20570.304964195315,0.0,0.0
1518,14151.90536,3525.14621,24997.32521,2394.22282,598.55571,2992.77853,68072.9951209313,20570.304964195315,0.0,0.0
1519,14151.90536,3525.14621,24997.32521,2394.22282,598.55571,2992.77853,68072.9951209313,20570.304964195315,0.0,0.0
1520,14151.90536,3525.14621,24997.32521,2394.22282,598.55571,2992.77853,68072.9951209313,20570.304964195315,0.0,0.0
1521,14151.90536,3525.14621,24997.32521,2394.22282,598.55571,2992.77853,68072.9951209313,20570.304964195315,0.0,0.0
1522,14151.90536,3525.14621,24997.32521,2394.22282,598.55571,2992.77853,68072.9951209313,20570.304964195315,0.0,0.0
1523,14151.90536,3525.14621,24997.32521,2394.22282,598.55571,2992.77853,68072.9951209313,20570.304964195315,0.0,0.0
1524,14151.90536,3525.14621,24997.32521,2394.22282,598.55571,2992.77853,68072.9951209313,20570.304964195315,0.0,0.0
1525,14151.90536,3525.14621,24997.32521,2394.22282,598.55571,2992.77853,68072.9951209313,20570.304964195315,0.0,0.0
1526,14151.90536,3525.14621,24997.32521,2394.22282,598.55571,2992.77853,68072.9951209313,20570.304964195315,0.0,0.0
1527,14151.90536,3525.14621,24997.32521,2394.22282,598.55571,2992.77853,68072.9951209313,20570.304964195315,0.0,0.0
1528,14151.90536,3525.14621,24997.32521,2394.22282,598.55571,2992.77853,68072.9951209313,20570.304964195315,0.0,0.0
1529,14151.90536,3525.14621,24997.32521,2394.22282,598.55571,2992.77853,68072.9951209313,20570.304964195315,0.0,0.0
1530,14151.90536,3525.14621,24997.32521,2394.22282,598.55571,2992.77853,68072.9951209313,20570.304964195315,0.0,0.0
1531,14151.90536,3525.14621,24997.32521,2394.22282,598.55571,2992.77853,68072.9951209313,20570.304964195315,0.0,0.0
1532,14151.90536,3525.14621,24997.32521,2394.22282,598.55571,2992.77853,68072.9951209313,20570.304964195315,0.0,0.0
1533,14151.90536,3525.14621,24997.32521,2394.22282,598.55571,2992.77853,68072.9951209313,20570.304964195315,0.0,0.0
1534,14151.90536,3525.14621,24997.32521,2394.22282,598.55571,2992.77853,68072.9951209313,20570.304964195315,0.0,0.0
1535,14151.90536,3525.14621,24997.32521,2394.22282,598.55571,2992.77853,68072.9951209313,20570.304964195315,0.0,0.0
1536,14151.90536,3525.14621,24997.32521,2394.22282,598.55571,2992.77853,68072.9951209313,20570.304964195315,0.0,0.0
1537,14151.90536,3525.14621,24997.32521,2394.22282,598.55571,2992.77853,68072.9951209313,20570.304964195315,0.0,0.0
1538,14151.90536,3525.14621,24997.32521,2394.22282,598.55571,2992.77853,68072.9951209313,20570.304964195315,0.0,0.0
1539,14151.90536,3525.14621,24997.32521,2394.22282,598.55571,2992.77853,68072.9951209313,20570.304964195315,0.0,0.0
1540,14151.90536,3525.14621,24997.32521,2394.22282,598.55571,2992.77853,68072.9951209313,20570.304964195315,0.0,0.0
1541,14151.90536,3525.14621,24997.32521,2394.22282,598.55571,2992.77853,68072.9951209313,20570.304964195315,0.0,0.0
1542,14151.90536,3525.14621,24997.32521,2394.22282,598.55571,2992.77853,68072.9951209313,20570.304964195315,0.0,0.0
1543,14151.90536,3525.14621,24997.32521,2394.22282,598.55571,2992.77853,68072.9951209313,20570.304964195315,0.0,0.0
1544,14151.90536,3525.14621,24997.32521,2394.22282,598.55571,2992.77853,68072.9951209313,20570.304964195315,0.0,0.0
1545,14151.90536,3525.14621,24997.32521,2394.22282,598.55571,2992.77853,68072.9951209313,20570.304964195315,0.0,0.0
1546,14151.90536,3525.14621,24997.32521,2394.22282,598.55571,2992.77853,68072.9951209313,20570.304964195315,0.0,0.0
1547,14151.90536,3525.14621,24997.32521,2394.22282,598.55571,2992.77853,68072.9951209313,20570.304964195315,0.0,0.0
1548,14151.90536,3525.14621,24997.32521,2394.22282,598.55571,2992.77853,68072.9951209313,20570.304964195315,0.0,0.0
1549,14151.90536,3525.14621,24997.32521,2394.22282,598.55571,2992.77853,68072.9951209313,20570.304964195315,0.0,0.0
1550,14151.90536,3525.14621,24997.32521,2394.22282,598.55571,2992.77853,68072.9951209313,20570.304964195315,0.0,0.0
1551,14151.90536,3525.14621,24997.32521,2394.22282,598.55571,2992.77853,68072.9951209313,20570.304964195315,0.0,0.0
1552,14151.90536,3525.14621,24997.32521,2394.22282,598.55571,2992.77853,68072.9951209313,20570.304964195315,0.0,0.0
1553,14151.90536,3525.14621,24997.32521,2394.22282,598.55571,2992.77853,68072.9951209313,20570.304964195315,0.0,0.0
1554,14151.90536,3525.14621,24997.32521,2394.22282,598.55571,2992.77853,68072.9951209313,20570.304964195315,0.0,0.0
1555,14151.90536,3525.14621,24997.32521,2394.22282,598.55571,2992.77853,68072.9951209313,20570.304964195315,0.0,0.0
1556,14151.90536,3525.14621,24997.32521,2394.22282,598.55571,2992.77853,68072.9951209313,20570.304964195315,0.0,0.0
1557,14151.90536,3525.14621,24997.32521,2394.22282,598.55571,2992.77853,68072.9951209313,20570.304964195315,0.0,0.0
1558,14151.90536,3525.14621,24997.32521,2394.22282,598.55571,2992.77853,68072.9951209313,20570.304964195315,0.0,0.0
1559,14151.90536,3525.14621,24997.32521,2394.22282,598.55571,2992.77853,68072.9951209313,20570.304964195315,0.0,0.0
1560,14151.90536,3525.14621,24997.32521,2394.22282,598.55571,2992.77853,68072.9951209313,20570.304964195315,0.0,0.0
1561,14151.90536,3525.14621,24997.32521,2394.22282,598.55571,2992.77853,68072.9951209313,20570.304964195315,0.0,0.0
1562,14151.90536,3525.14621,24997.32521,2394.22282,598.55571,2992.77853,68072.9951209313,20570.304964195315,0.0,0.0
1563,14151.90536,3525.14621,24997.32521,2394.22282,598.55571,2992.77853,68072.9951209313,20570.304964195315,0.0,0.0
1564,14151.90536,3525.14621,24997.32521,2394.22282,598.55571,2992.77853,68072.9951209313,20570.304964195315,0.0,0.0
1565,14151.90536,3525.14621,24997.32521,2394.22282,598.55571,2992.77853,68072.9951209313,20570.304964195315,0.0,0.0
1566,14151.90536,3525.14621,24997.32521,2394.22282,598.55571,2992.77853,68072.9951209313,20570.304964195315,0.0,0.0
1567,14151.90536,3525.14621,24997.32521,2394.22282,598.55571,2992.77853,68072.9951209313,20570.304964195315,0.0,0.0
1568,14151.90536,3525.14621,24997.32521,2394.22282,598.55571,2992.77853,68072.9951209313,20570.304964195315,0.0,0.0
1569,14151.90536,3525.14621,24997.32521,2394.22282,598.55571,2992.77853,68072.9951209313,20570.304964195315,0.0,0.0
1570,14151.90536,3525.14621,24997.32521,2394.22282,598.55571,2992.77853,68072.9951209313,20570.304964195315,0.0,0.0
1571,14151.90536,3525.14621,24997.32521,2394.22282,598.55571,2992.77853,68072.9951209313,20570.304964195315,0.0,0.0
1572,14151.90536,3525.14621,24997.32521,2394.22282,598.55571,2992.77853,68072.9951209313,20570.304964195315,0.0,0.0
1573,14151.90536,3525.14621,24997.32521,2394.22282,598.55571,2992.77853,68072.9951209313,20570.304964195315,0.0,0.0
1574,14151.90536,3525.14621,24997.32521,2394.22282,598.55571,2992.77853,68072.9951209313,20570.304964195315,0.0,0.0
1575,14151.90536,3525.14621,24997.32521,2394.22282,598.55571,2992.77853,68072.9951209313,20570.304964195315,0.0,0.0
1576,14151.90536,3525.14621,24997.32521,2394.22282,598.55571,2992.77853,68072.9951209313,20570.304964195315,0.0,0.0
1577,14151.90536,3525.14621,24997.32521,2394.22282,598.55571,2992.77853,68072.9951209313,20570.304964195315,0.0,0.0
1578,14151.90536,3525.14621,24997.32521,2394.22282,598.55571,2992.77853,68072.9951209313,20570.304964195315,0.0,0.0
1579,14151.90536,3525.14621,24997.32521,2394.22282,598.55571,2992.77853,68072.9951209313,20570.304964195315,0.0,0.0
1580,14151.90536,3525.14621,24997.32521,2394.22282,598.55571,2992.77853,68072.9951209313,20570.304964195315,0.0,0.0
1581,14151.90536,3525.14621,24997.32521,2394.22282,598.55571,2992.77853,68072.9951209313,20570.304964195315,0.0,0.0
1582,14151.90536,3525.14621,24997.32521,2394.22282,598.55571,2992.77853,68072.9951209313,20570.304964195315,0.0,0.0
1583,14151.90536,3525.14621,24997.32521,2394.22282,598.55571,2992.77853,68072.9951209313,20570.304964195315,0.0,0.0
1584,14151.90536,3525.14621,24997.32521,2394.22282,598.55571,2992.77853,68072.9951209313,20570.304964195315,0.0,0.0
1585,14151.90536,3525.14621,24997.32521,2394.22282,598.55571,2992.77853,68072.9951209313,20570.304964195315,0.0,0.0
1586,14151.90536,3525.14621,24997.32521,2394.22282,598.55571,2992.77853,68072.9951209313,20570.304964195315,0.0,0.0
1587,14151.90536,3525.14621,24997.32521,2394.22282,598.55571,2992.77853,68072.9951209313,20570.304964195315,0.0,0.0
1588,14151.90536,3525.14621,24997.32521,2394.22282,598.55571,2992.77853,68072.9951209313,20570.304964195315,0.0,0.0
1589,14151.90536,3525.14621,24997.32521,2394.22282,598.55571,2992.77853,68072.9951209313,20570.304964195315,0.0,0.0
1590,14151.90536,3525.14621,24997.32521,2394.22282,598.55571,2992.77853,68072.9951209313,20570.304964195315,0.0,0.0
1591,14151.90536,3525.14621,24997.32521,2394.22282,598.55571,2992.77853,68072.9951209313,20570.304964195315,0.0,0.0
1592,14151.90536,3525.14621,24997.32521,2394.22282,598.55571,2992.77853,68072.9951209313,20570.304964195315,0.0,0.0
1593,14151.90536,3525.14621,24997.32521,2394.22282,598.55571,2992.77853,68072.9951209313,20570.304964195315,0.0,0.0
1594,14151.90536,3525.14621,24997.32521,2394.22282,598.55571,2992.77853,68072.9951209313,20570.304964195315,0.0,0.0
1595,14151.90536,3525.14621,24997.32521,2394.22282,598.55571,2992.77853,68072.9951209313,20570.304964195315,0.0,0.0
1596,14151.90536,3525.14621,24997.32521,2394.22282,598.55571,2992.77853,68072.9951209313,20570.304964195315,0.0,0.0
1597,14151.90536,3525.14621,24997.32521,2394.22282,598.55571,2992.77853,68072.9951209313,20570.304964195315,0.0,0.0
1598,14151.90536,3525.14621,24997.32521,2394.22282,598.55571,2992.77853,68072.9951209313,20570.304964195315,0.0,0.0
1599,14151.90536,3525.14621,24997.32521,2394.22282,598.55571,2992.77853,68072.9951209313,20570.304964195315,0.0,0.0
1600,14151.90536,3525.14621,24997.32521,2394.22282,598.55571,2992.77853,68072.9951209313,20570.304964195315,0.0,0.0
1601,14151.90536,3525.14621,24997.32521,2394.22282,598.55571,2992.77853,68072.9951209313,20570.304964195315,0.0,0.0
1602,14151.90536,3525.14621,24997.32521,2394.22282,598.55571,2992.77853,68072.9951209313,20570.304964195315,0.0,0.0
1603,14151.90536,3525.14621,24997.32521,2394.22282,598.55571,2992.77853,68072.9951209313,20570.304964195315,0.0,0.0
1604,14151.90536,3525.14621,24997.32521,2394.22282,598.55571,2992.77853,68072.9951209313,20570.304964195315,0.0,0.0
1605,14151.90536,3525.14621,24997.32521,2394.22282,598.55571,2992.77853,68072.9951209313,20570.304964195315,0.0,0.0
1606,14151.90536,3525.14621,24997.32521,2394.22282,598.55571,2992.77853,68072.9951209313,20570.304964195315,0.0,0.0
1607,14151.90536,3525.14621,24997.32521,2394.22282,598.55571,2992.77853,68072.9951209313,20570.304964195315,0.0,0.0
1608,14151.90536,3525.14621,24997.32521,2394.22282,598.55571,2992.77853,68072.9951209313,20570.304964195315,0.0,0.0
1609,14151.90536,3525.14621,24997.32521,2394.22282,598.55571,2992.77853,68072.9951209313,20570.304964195315,0.0,0.0
1610,14151.90536,3525.14621,24997.32521,2394.22282,598.55571,2992.77853,68072.9951209313,20570.304964195315,0.0,0.0
1611,14151.90536,3525.14621,24997.32521,2394.22282,598.55571,2992.77853,68072.9951209313,20570.304964195315,0.0,0.0
1612,14151.90536,3525.14621,24997.32521,2394.22282,598.55571,2992.77853,68072.9951209313,20570.304964195315,0.0,0.0
1613,14151.90536,3525.14621,24997.32521,2394.22282,598.55571,2992.77853,68072.9951209313,20570.304964195315,0.0,0.0
1614,14151.90536,3525.14621,24997.32521,2394.22282,598.55571,2992.77853,68072.9951209313,20570.304964195315,0.0,0.0
1615,14151.90536,3525.14621,24997.32521,2394.22282,598.55571,2992.77853,68072.9951209313,20570.304964195315,0.0,0.0
1616,14151.90536,3525.14621,24997.32521,2394.22282,598.55571,2992.77853,68072.9951209313,20570.304964195315,0.0,0.0
1617,14151.90536,3525.14621,24997.32521,2394.22282,598.55571,2992.77853,68072.9951209313,20570.304964195315,0.0,0.0
1618,14151.90536,3525.14621,24997.32521,2394.22282,598.55571,2992.77853,68072.9951209313,20570.304964195315,0.0,0.0
1619,14151.90536,3525.14621,24997.32521,2394.22282,598.55571,2992.77853,68072.9951209313,20570.304964195315,0.0,0.0
1620,14151.90536,3525.14621,24997.32521,2394.22282,598.55571,2992.77853,68072.9951209313,20570.304964195315,0.0,0.0
1621,14151.90536,3525.14621,24997.32521,2394.22282,598.55571,2992.77853,68072.9951209313,20570.304964195315,0.0,0.0
1622,14151.90536,3525.14621,24997.32521,2394.22282,598.55571,2992.77853,68072.9951209313,20570.304964195315,0.0,0.0
1623,14151.90536,3525.14621,24997.32521,2394.22282,598.55571,2992.77853,68072.9951209313,20570.304964195315,0.0,0.0
1624,14151.90536,3525.14621,24997.32521,2394.22282,598.55571,2992.77853,68072.9951209313,20570.304964195315,0.0,0.0
1625,14151.90536,3525.14621,24997.32521,2394.22282,598.55571,2992.77853,68072.9951209313,20570.304964195315,0.0,0.0
1626,14151.90536,3525.14621,24997.32521,2394.22282,598.55571,2992.77853,68072.9951209313,20570.304964195315,0.0,0.0
1627,14151.90536,3525.14621,24997.32521,2394.22282,598.55571,2992.77853,68072.9951209313,20570.304964195315,0.0,0.0
1628,14151.90536,3525.14621,24997.32521,2394.22282,598.55571,2992.77853,68072.9951209313,20570.304964195315,0.0,0.0
1629,14151.90536,3525.14621,24997.32521,2394.22282,598.55571,2992.77853,68072.9951209313,20570.304964195315,0.0,0.0
1630,14151.90536,3525.14621,24997.32521,2394.22282,598.55571,2992.77853,68072.9951209313,20570.304964195315,0.0,0.0
1631,14151.90536,3525.14621,24997.32521,2394.22282,598.55571,2992.77853,68072.9951209313,20570.304964195315,0.0,0.0
1632,14151.90536,3525.14621,24997.32521,2394.22282,598.55571,2992.77853,68072.9951209313,20570.304964195315,0.0,0.0
1633,14151.90536,3525.14621,24997.32521,2394.22282,598.55571,2992.77853,68072.9951209313,20570.304964195315,0.0,0.0
1634,14151.90536,3525.14621,24997.32521,2394.22282,598.55571,2992.77853,68072.9951209313,20570.304964195315,0.0,0.0
1635,14151.90536,3525.14621,24997.32521,2394.22282,598.55571,2992.77853,68072.9951209313,20570.304964195315,0.0,0.0
1636,14151.90536,3525.14621,24997.32521,2394.22282,598.55571,2992.77853,68072.9951209313,20570.304964195315,0.0,0.0
1637,14151.90536,3525.14621,24997.32521,2394.22282,598.55571,2992.77853,68072.9951209313,20570.304964195315,0.0,0.0
1638,14151.90536,3525.14621,24997.32521,2394.22282,598.55571,2992.77853,68072.9951209313,20570.304964195315,0.0,0.0
1639,14151.90536,3525.14621,24997.32521,2394.22282,598.55571,2992.77853,68072.9951209313,20570.304964195315,0.0,0.0
1640,14151.90536,3525.14621,24997.32521,2394.22282,598.55571,2992.77853,68072.9951209313,20570.304964195315,0.0,0.0
1641,14151.90536,3525.14621,24997.32521,2394.22282,598.55571,2992.77853,68072.9951209313,20570.304964195315,0.0,0.0
1642,14151.90536,3525.14621,24997.32521,2394.22282,598.55571,2992.77853,68072.9951209313,20570.304964195315,0.0,0.0
1643,14151.90536,3525.14621,24997.32521,2394.22282,598.55571,2992.77853,68072.9951209313,20570.304964195315,0.0,0.0
1644,14151.90536,3525.14621,24997.32521,2394.22282,598.55571,2992.77853,68072.9951209313,20570.304964195315,0.0,0.0
1645,14151.90536,3525.14621,24997.32521,2394.22282,598.55571,2992.77853,68072.9951209313,20570.304964195315,0.0,0.0
1646,14151.90536,3525.14621,24997.32521,2394.22282,598.55571,2992.77853,68072.9951209313,20570.304964195315,0.0,0.0
1647,14151.90536,3525.14621,24997.32521,2394.22282,598.55571,2992.77853,68072.9951209313,20570.304964195315,0.0,0.0
1648,14151.90536,3525.14621,24997.32521,2394.22282,598.55571,2992.77853,68072.9951209313,20570.304964195315,0.0,0.0
1649,14151.90536,3525.14621,24997.32521,2394.22282,598.55571,2992.77853,68072.9951209313,20570.304964195315,0.0,0.0
1650,14151.90536,3525.14621,24997.32521,2394.22282,598.55571,2992.77853,68072.9951209313,20570.304964195315,0.0,0.0
1651,14151.90536,3525.14621,24997.32521,2394.22282,598.55571,2992.77853,68072.9951209313,20570.304964195315,0.0,0.0
1652,14151.90536,3525.14621,24997.32521,2394.22282,598.55571,2992.77853,68072.9951209313,20570.304964195315,0.0,0.0
1653,14151.90536,3525.14621,24997.32521,2394.22282,598.55571,2992.77853,68072.9951209313,20570.304964195315,0.0,0.0
1654,14151.90536,3525.14621,24997.32521,2394.22282,598.55571,2992.77853,68072.9951209313,20570.304964195315,0.0,0.0
1655,14151.90536,3525.14621,24997.32521,2394.22282,598.55571,2992.77853,68072.9951209313,20570.304964195315,0.0,0.0
1656,14151.90536,3525.14621,24997.32521,2394.22282,598.55571,2992.77853,68072.9951209313,20570.304964195315,0.0,0.0
1657,14151.90536,3525.14621,24997.32521,2394.22282,598.55571,2992.77853,68072.9951209313,20570.304964195315,0.0,0.0
1658,14151.90536,3525.14621,24997.32521,2394.22282,598.55571,2992.77853,68072.9951209313,20570.304964195315,0.0,0.0
1659,14151.90536,3525.14621,24997.32521,2394.22282,598.55571,2992.77853,68072.9951209313,20570.304964195315,0.0,0.0
1660,14151.90536,3525.14621,24997.32521,2394.22282,598.55571,2992.77853,68072.9951209313,20570.304964195315,0.0,0.0
1661,14151.90536,3525.14621,24997.32521,2394.22282,598.55571,2992.77853,68072.9951209313,20570.304964195315,0.0,0.0
1662,14151.90536,3525.14621,24997.32521,2394.22282,598.55571,2992.77853,68072.9951209313,20570.304964195315,0.0,0.0
1663,14151.90536,3525.14621,24997.32521,2394.22282,598.55571,2992.77853,68072.9951209313,20570.304964195315,0.0,0.0
1664,14151.90536,3525.14621,24997.32521,2394.22282,598.55571,2992.77853,68072.9951209313,20570.304964195315,0.0,0.0
1665,14151.90536,3525.14621,24997.32521,2394.22282,598.55571,2992.77853,68072.9951209313,20570.304964195315,0.0,0.0
1666,14151.90536,3525.14621,24997.32521,2394.22282,598.55571,2992.77853,68072.9951209313,20570.304964195315,0.0,0.0
1667,14151.90536,3525.14621,24997.32521,2394.22282,598.55571,2992.77853,68072.9951209313,20570.304964195315,0.0,0.0
1668,14151.90536,3525.14621,24997.32521,2394.22282,598.55571,2992.77853,68072.9951209313,20570.304964195315,0.0,0.0
1669,14151.90536,3525.14621,24997.32521,2394.22282,598.55571,2992.77853,68072.9951209313,20570.304964195315,0.0,0.0
1670,14151.90536,3525.14621,24997.32521,2394.22282,598.55571,2992.77853,68072.9951209313,20570.304964195315,0.0,0.0
1671,14151.90536,3525.14621,24997.32521,2394.22282,598.55571,2992.77853,68072.9951209313,20570.304964195315,0.0,0.0
1672,14151.90536,3525.14621,24997.32521,2394.22282,598.55571,2992.77853,68072.9951209313,20570.304964195315,0.0,0.0
1673,14151.90536,3525.14621,24997.32521,2394.22282,598.55571,2992.77853,68072.9951209313,20570.304964195315,0.0,0.0
1674,14151.90536,3525.14621,24997.32521,2394.22282,598.55571,2992.77853,68072.9951209313,20570.304964195315,0.0,0.0
1675,14151.90536,3525.14621,24997.32521,2394.22282,598.55571,2992.77853,68072.9951209313,20570.304964195315,0.0,0.0
1676,14151.90536,3525.14621,24997.32521,2394.22282,598.55571,2992.77853,68072.9951209313,20570.304964195315,0.0,0.0
1677,14151.90536,3525.14621,24997.32521,2394.22282,598.55571,2992.77853,68072.9951209313,20570.304964195315,0.0,0.0
1678,14151.90536,3525.14621,24997.32521,2394.22282,598.55571,2992.77853,68072.9951209313,20570.304964195315,0.0,0.0
1679,14151.90536,3525.14621,24997.32521,2394.22282,598.55571,2992.77853,68072.9951209313,20570.304964195315,0.0,0.0
1680,14151.90536,3525.14621,24997.32521,2394.22282,598.55571,2992.77853,68072.9951209313,20570.304964195315,0.0,0.0
1681,14151.90536,3525.14621,24997.32521,2394.22282,598.55571,2992.77853,68072.9951209313,20570.304964195315,0.0,0.0
1682,14151.90536,3525.14621,24997.32521,2394.22282,598.55571,2992.77853,68072.9951209313,20570.304964195315,0.0,0.0
1683,14151.90536,3525.14621,24997.32521,2394.22282,598.55571,2992.77853,68072.9951209313,20570.304964195315,0.0,0.0
1684,14151.90536,3525.14621,24997.32521,2394.22282,598.55571,2992.77853,68072.9951209313,20570.304964195315,0.0,0.0
1685,14151.90536,3525.14621,24997.32521,2394.22282,598.55571,2992.77853,68072.9951209313,20570.304964195315,0.0,0.0
1686,14151.90536,3525.14621,24997.32521,2394.22282,598.55571,2992.77853,68072.9951209313,20570.304964195315,0.0,0.0
1687,14151.90536,3525.14621,24997.32521,2394.22282,598.55571,2992.77853,68072.9951209313,20570.304964195315,0.0,0.0
1688,14151.90536,3525.14621,24997.32521,2394.22282,598.55571,2992.77853,68072.9951209313,20570.304964195315,0.0,0.0
1689,14151.90536,3525.14621,24997.32521,2394.22282,598.55571,2992.77853,68072.9951209313,20570.304964195315,0.0,0.0
1690,14151.90536,3525.14621,24997.32521,2394.22282,598.55571,2992.77853,68072.9951209313,20570.304964195315,0.0,0.0
1691,14151.90536,3525.14621,24997.32521,2394.22282,598.55571,2992.77853,68072.9951209313,20570.304964195315,0.0,0.0
1692,14151.90536,3525.14621,24997.32521,2394.22282,598.55571,2992.77853,68072.9951209313,20570.304964195315,0.0,0.0
1693,14151.90536,3525.14621,24997.32521,2394.22282,598.55571,2992.77853,68072.9951209313,20570.304964195315,0.0,0.0
1694,14151.90536,3525.14621,24997.32521,2394.22282,598.55571,2992.77853,68072.9951209313,20570.304964195315,0.0,0.0
1695,14151.90536,3525.14621,24997.32521,2394.22282,598.55571,2992.77853,68072.9951209313,20570.304964195315,0.0,0.0
1696,14151.90536,3525.14621,24997.32521,2394.22282,598.55571,2992.77853,68072.9951209313,20570.304964195315,0.0,0.0
1697,14151.90536,3525.14621,24997.32521,2394.22282,598.55571,2992.77853,68072.9951209313,20570.304964195315,0.0,0.0
1698,14151.90536,3525.14621,24997.32521,2394.22282,598.55571,2992.77853,68072.9951209313,20570.304964195315,0.0,0.0
1699,14151.90536,3525.14621,24997.32521,2394.22282,598.55571,2992.77853,68072.9951209313,20570.304964195315,0.0,0.0
1700,14151.90536,3525.14621,24997.32521,2394.22282,598.55571,2992.77853,68072.9951209313,20570.304964195315,0.0,0.0
1701,14151.90536,3525.14621,24997.32521,2394.22282,598.55571,2992.77853,68072.9951209313,20570.304964195315,0.0,0.0
1702,14151.90536,3525.14621,24997.32521,2394.22282,598.55571,2992.77853,68072.9951209313,20570.304964195315,0.0,0.0
1703,14151.90536,3525.14621,24997.32521,2394.22282,598.55571,2992.77853,68072.9951209313,20570.304964195315,0.0,0.0
1704,14151.90536,3525.14621,24997.32521,2394.22282,598.55571,2992.77853,68072.9951209313,20570.304964195315,0.0,0.0
1705,14151.90536,3525.14621,24997.32521,2394.22282,598.55571,2992.77853,68072.9951209313,20570.304964195315,0.0,0.0
1706,14151.90536,3525.14621,24997.32521,2394.22282,598.55571,2992.77853,68072.9951209313,20570.304964195315,0.0,0.0
1707,14151.90536,3525.14621,24997.32521,2394.22282,598.55571,2992.77853,68072.9951209313,20570.304964195315,0.0,0.0
1708,14151.90536,3525.14621,24997.32521,2394.22282,598.55571,2992.77853,68072.9951209313,20570.304964195315,0.0,0.0
1709,14151.90536,3525.14621,24997.32521,2394.22282,598.55571,2992.77853,68072.9951209313,20570.304964195315,0.0,0.0
1710,14151.90536,3525.14621,24997.32521,2394.22282,598.55571,2992.77853,68072.9951209313,20570.304964195315,0.0,0.0
1711,14151.90536,3525.14621,24997.32521,2394.22282,598.55571,2992.77853,68072.9951209313,20570.304964195315,0.0,0.0
1712,14151.90536,3525.14621,24997.32521,2394.22282,598.55571,2992.77853,68072.9951209313,20570.304964195315,0.0,0.0
1713,14151.90536,3525.14621,24997.32521,2394.22282,598.55571,2992.77853,68072.9951209313,20570.304964195315,0.0,0.0
1714,14151.90536,3525.14621,24997.32521,2394.22282,598.55571,2992.77853,68072.9951209313,20570.304964195315,0.0,0.0
1715,14151.90536,3525.14621,24997.32521,2394.22282,598.55571,2992.77853,68072.9951209313,20570.304964195315,0.0,0.0
1716,14151.90536,3525.14621,24997.32521,2394.22282,598.55571,2992.77853,68072.9951209313,20570.304964195315,0.0,0.0
1717,14151.90536,3525.14621,24997.32521,2394.22282,598.55571,2992.77853,68072.9951209313,20570.304964195315,0.0,0.0
1718,14151.90536,3525.14621,24997.32521,2394.22282,598.55571,2992.77853,68072.9951209313,20570.304964195315,0.0,0.0
1719,14151.90536,3525.14621,24997.32521,2394.22282,598.55571,2992.77853,68072.9951209313,20570.304964195315,0.0,0.0
1720,14151.90536,3525.14621,24997.32521,2394.22282,598.55571,2992.77853,68072.9951209313,20570.304964195315,0.0,0.0
1721,14151.90536,3525.14621,24997.32521,2394.22282,598.55571,2992.77853,68072.9951209313,20570.304964195315,0.0,0.0
1722,14151.90536,3525.14621,24997.32521,2394.22282,598.55571,2992.77853,68072.9951209313,20570.304964195315,0.0,0.0
1723,14151.90536,3525.14621,24997.32521,2394.22282,598.55571,2992.77853,68072.9951209313,20570.304964195315,0.0,0.0
1724,14151.90536,3525.14621,24997.32521,2394.22282,598.55571,2992.77853,68072.9951209313,20570.304964195315,0.0,0.0
1725,14151.90536,3525.14621,24997.32521,2394.22282,598.55571,2992.77853,68072.9951209313,20570.304964195315,0.0,0.0
1726,14151.90536,3525.14621,24997.32521,2394.22282,598.55571,2992.77853,68072.9951209313,20570.304964195315,0.0,0.0
1727,14151.90536,3525.14621,24997.32521,2394.22282,598.55571,2992.77853,68072.9951209313,20570.304964195315,0.0,0.0
1728,14151.90536,3525.14621,24997.32521,2394.22282,598.55571,2992.77853,68072.9951209313,20570.304964195315,0.0,0.0
1729,14151.90536,3525.14621,24997.32521,2394.22282,598.55571,2992.77853,68072.9951209313,20570.304964195315,0.0,0.0
1730,14151.90536,3525.14621,24997.32521,2394.22282,598.55571,2992.77853,68072.9951209313,20570.304964195315,0.0,0.0
1731,14151.90536,3525.14621,24997.32521,2394.22282,598.55571,2992.77853,68072.9951209313,20570.304964195315,0.0,0.0
1732,14151.90536,3525.14621,24997.32521,2394.22282,598.55571,2992.77853,68072.9951209313,20570.304964195315,0.0,0.0
1733,14151.90536,3525.14621,24997.32521,2394.22282,598.55571,2992.77853,68072.9951209313,20570.304964195315,0.0,0.0
1734,14151.90536,3525.14621,24997.32521,2394.22282,598.55571,2992.77853,68072.9951209313,20570.304964195315,0.0,0.0
1735,14151.90536,3525.14621,24997.32521,2394.22282,598.55571,2992.77853,68072.9951209313,20570.304964195315,0.0,0.0
1736,14151.90536,3525.14621,24997.32521,2394.22282,598.55571,2992.77853,68072.9951209313,20570.304964195315,0.0,0.0
1737,14151.90536,3525.14621,24997.32521,2394.22282,598.55571,2992.77853,68072.9951209313,20570.304964195315,0.0,0.0
1738,14151.90536,3525.14621,24997.32521,2394.22282,598.55571,2992.77853,68072.9951209313,20570.304964195315,0.0,0.0
1739,14151.90536,3525.14621,24997.32521,2394.22282,598.55571,2992.77853,68072.9951209313,20570.304964195315,0.0,0.0
1740,14151.90536,3525.14621,24997.32521,2394.22282,598.55571,2992.77853,68072.9951209313,20570.304964195315,0.0,0.0
1741,14151.90536,3525.14621,24997.32521,2394.22282,598.55571,2992.77853,68072.9951209313,20570.304964195315,0.0,0.0
1742,14151.90536,3525.14621,24997.32521,2394.22282,598.55571,2992.77853,68072.9951209313,20570.304964195315,0.0,0.0
1743,14151.90536,3525.14621,24997.32521,2394.22282,598.55571,2992.77853,68072.9951209313,20570.304964195315,0.0,0.0
1744,14151.90536,3525.14621,24997.32521,2394.22282,598.55571,2992.77853,68072.9951209313,20570.304964195315,0.0,0.0
1745,14151.90536,3525.14621,24997.32521,2394.22282,598.55571,2992.77853,68072.9951209313,20570.304964195315,0.0,0.0
1746,14151.90536,3525.14621,24997.32521,2394.22282,598.55571,2992.77853,68072.9951209313,20570.304964195315,0.0,0.0
1747,14151.90536,3525.14621,24997.32521,2394.22282,598.55571,2992.77853,68072.9951209313,20570.304964195315,0.0,0.0
1748,14151.90536,3525.14621,24997.32521,2394.22282,598.55571,2992.77853,68072.9951209313,20570.304964195315,0.0,0.0
1749,14151.90536,3525.14621,24997.32521,2394.22282,598.55571,2992.77853,68072.9951209313,20570.304964195315,0.0,0.0
1750,14151.90536,3525.14621,24997.32521,2394.22282,598.55571,2992.77853,68072.9951209313,20570.304964195315,0.0,0.0
1751,14151.90536,3525.14621,24997.32521,2394.22282,598.55571,2992.77853,68072.9951209313,20570.304964195315,0.0,0.0
1752,14151.90536,3525.14621,24997.32521,2394.22282,598.55571,2992.77853,68072.9951209313,20570.304964195315,0.0,0.0
1753,14151.90536,3525.14621,24997.32521,2394.22282,598.55571,2992.77853,68072.9951209313,20570.304964195315,0.0,0.0
1754,14151.90536,3525.14621,24997.32521,2394.22282,598.55571,2992.77853,68072.9951209313,20570.304964195315,0.0,0.0
1755,14151.90536,3525.14621,24997.32521,2394.22282,598.55571,2992.77853,68072.9951209313,20570.304964195315,0.0,0.0
1756,14151.90536,3525.14621,24997.32521,2394.22282,598.55571,2992.77853,68072.9951209313,20570.304964195315,0.0,0.0
1757,14151.90536,3525.14621,24997.32521,2394.22282,598.55571,2992.77853,68072.9951209313,20570.304964195315,0.0,0.0
1758,14151.90536,3525.14621,24997.32521,2394.22282,598.55571,2992.77853,68072.9951209313,20570.304964195315,0.0,0.0
1759,14151.90536,3525.14621,24997.32521,2394.22282,598.55571,2992.77853,68072.9951209313,20570.304964195315,0.0,0.0
1760,14151.90536,3525.14621,24997.32521,2394.22282,598.55571,2992.77853,68072.9951209313,20570.304964195315,0.0,0.0
1761,14151.90536,3525.14621,24997.32521,2394.22282,598.55571,2992.77853,68072.9951209313,20570.304964195315,0.0,0.0
1762,14151.90536,3525.14621,24997.32521,2394.22282,598.55571,2992.77853,68072.9951209313,20570.304964195315,0.0,0.0
1763,14151.90536,3525.14621,24997.32521,2394.22282,598.55571,2992.77853,68072.9951209313,20570.304964195315,0.0,0.0
1764,14151.90536,3525.14621,24997.32521,2394.22282,598.55571,2992.77853,68072.9951209313,20570.304964195315,0.0,0.0
1765,14151.90536,3525.14621,24997.32521,2394.22282,598.55571,2992.77853,68072.9951209313,20570.304964195315,0.0,0.0
1766,14151.90536,3525.14621,24997.32521,2394.22282,598.55571,2992.77853,68072.9951209313,20570.304964195315,0.0,0.0
1767,14151.90536,3525.14621,24997.32521,2394.22282,598.55571,2992.77853,68072.9951209313,20570.304964195315,0.0,0.0
1768,14151.90536,3525.14621,24997.32521,2394.22282,598.55571,2992.77853,68072.9951209313,20570.304964195315,0.0,0.0
1769,14151.90536,3525.14621,24997.32521,2394.22282,598.55571,2992.77853,68072.9951209313,20570.304964195315,0.0,0.0
1770,14151.90536,3525.14621,24997.32521,2394.22282,598.55571,2992.77853,68072.9951209313,20570.304964195315,0.0,0.0
1771,14151.90536,3525.14621,24997.32521,2394.22282,598.55571,2992.77853,68072.9951209313,20570.304964195315,0.0,0.0
1772,14151.90536,3525.14621,24997.32521,2394.22282,598.55571,2992.77853,68072.9951209313,20570.304964195315,0.0,0.0
1773,14151.90536,3525.14621,24997.32521,2394.22282,598.55571,2992.77853,68072.9951209313,20570.304964195315,0.0,0.0
1774,14151.90536,3525.14621,24997.32521,2394.22282,598.55571,2992.77853,68072.9951209313,20570.304964195315,0.0,0.0
1775,14151.90536,3525.14621,24997.32521,2394.22282,598.55571,2992.77853,68072.9951209313,20570.304964195315,0.0,0.0
1776,14151.90536,3525.14621,24997.32521,2394.22282,598.55571,2992.77853,68072.9951209313,20570.304964195315,0.0,0.0
1777,14151.90536,3525.14621,24997.32521,2394.22282,598.55571,2992.77853,68072.9951209313,20570.304964195315,0.0,0.0
1778,14151.90536,3525.14621,24997.32521,2394.22282,598.55571,2992.77853,68072.9951209313,20570.304964195315,0.0,0.0
1779,14151.90536,3525.14621,24997.32521,2394.22282,598.55571,2992.77853,68072.9951209313,20570.304964195315,0.0,0.0
1780,14151.90536,3525.14621,24997.32521,2394.22282,598.55571,2992.77853,68072.9951209313,20570.304964195315,0.0,0.0
1781,14151.90536,3525.14621,24997.32521,2394.22282,598.55571,2992.77853,68072.9951209313,20570.304964195315,0.0,0.0
1782,14151.90536,3525.14621,24997.32521,2394.22282,598.55571,2992.77853,68072.9951209313,20570.304964195315,0.0,0.0
1783,14151.90536,3525.14621,24997.32521,2394.22282,598.55571,2992.77853,68072.9951209313,20570.304964195315,0.0,0.0
1784,14151.90536,3525.14621,24997.32521,2394.22282,598.55571,2992.77853,68072.9951209313,20570.304964195315,0.0,0.0
1785,14151.90536,3525.14621,24997.32521,2394.22282,598.55571,2992.77853,68072.9951209313,20570.304964195315,0.0,0.0
1786,14151.90536,3525.14621,24997.32521,2394.22282,598.55571,2992.77853,68072.9951209313,20570.304964195315,0.0,0.0
1787,14151.90536,3525.14621,24997.32521,2394.22282,598.55571,2992.77853,68072.9951209313,20570.304964195315,0.0,0.0
1788,14151.90536,3525.14621,24997.32521,2394.22282,598.55571,2992.77853,68072.9951209313,20570.304964195315,0.0,0.0
1789,14151.90536,3525.14621,24997.32521,2394.22282,598.55571,2992.77853,68072.9951209313,20570.304964195315,0.0,0.0
1790,14151.90536,3525.14621,24997.32521,2394.22282,598.55571,2992.77853,68072.9951209313,20570.304964195315,0.0,0.0
1791,14151.90536,3525.14621,24997.32521,2394.22282,598.55571,2992.77853,68072.9951209313,20570.304964195315,0.0,0.0
1792,14151.90536,3525.14621,24997.32521,2394.22282,598.55571,2992.77853,68072.9951209313,20570.304964195315,0.0,0.0
1793,14151.90536,3525.14621,24997.32521,2394.22282,598.55571,2992.77853,68072.9951209313,20570.304964195315,0.0,0.0
1794,14151.90536,3525.14621,24997.32521,2394.22282,598.55571,2992.77853,68072.9951209313,20570.304964195315,0.0,0.0
1795,14151.90536,3525.14621,24997.32521,2394.22282,598.55571,2992.77853,68072.9951209313,20570.304964195315,0.0,0.0
1796,14151.90536,3525.14621,24997.32521,2394.22282,598.55571,2992.77853,68072.9951209313,20570.304964195315,0.0,0.0
1797,14151.90536,3525.14621,24997.32521,2394.22282,598.55571,2992.77853,68072.9951209313,20570.304964195315,0.0,0.0
1798,14151.90536,3525.14621,24997.32521,2394.22282,598.55571,2992.77853,68072.9951209313,20570.304964195315,0.0,0.0
1799,14151.90536,3525.14621,24997.32521,2394.22282,598.55571,2992.77853,68072.9951209313,20570.304964195315,0.0,0.0
1800,14151.90536,3525.14621,24997.32521,2394.22282,598.55571,2992.77853,68072.9951209313,20570.304964195315,0.0,0.0
1801,14151.90536,3525.14621,24997.32521,2394.22282,598.55571,2992.77853,68072.9951209313,20570.304964195315,0.0,0.0
1802,14151.90536,3525.14621,24997.32521,2394.22282,598.55571,2992.77853,68072.9951209313,20570.304964195315,0.0,0.0
1803,14151.90536,3525.14621,24997.32521,2394.22282,598.55571,2992.77853,68072.9951209313,20570.304964195315,0.0,0.0
1804,14151.90536,3525.14621,24997.32521,2394.22282,598.55571,2992.77853,68072.9951209313,20570.304964195315,0.0,0.0
1805,14151.90536,3525.14621,24997.32521,2394.22282,598.55571,2992.77853,68072.9951209313,20570.304964195315,0.0,0.0
1806,14151.90536,3525.14621,24997.32521,2394.22282,598.55571,2992.77853,68072.9951209313,20570.304964195315,0.0,0.0
1807,14151.90536,3525.14621,24997.32521,2394.22282,598.55571,2992.77853,68072.9951209313,20570.304964195315,0.0,0.0
1808,14151.90536,3525.14621,24997.32521,2394.22282,598.55571,2992.77853,68072.9951209313,20570.304964195315,0.0,0.0
1809,14151.90536,3525.14621,24997.32521,2394.22282,598.55571,2992.77853,68072.9951209313,20570.304964195315,0.0,0.0
1810,14151.90536,3525.14621,24997.32521,2394.22282,598.55571,2992.77853,68072.9951209313,20570.304964195315,0.0,0.0
1811,14151.90536,3525.14621,24997.32521,2394.22282,598.55571,2992.77853,68072.9951209313,20570.304964195315,0.0,0.0
1812,14151.90536,3525.14621,24997.32521,2394.22282,598.55571,2992.77853,68072.9951209313,20570.304964195315,0.0,0.0
1813,14151.90536,3525.14621,24997.32521,2394.22282,598.55571,2992.77853,68072.9951209313,20570.304964195315,0.0,0.0
1814,14151.90536,3525.14621,24997.32521,2394.22282,598.55571,2992.77853,68072.9951209313,20570.304964195315,0.0,0.0
1815,14151.90536,3525.14621,24997.32521,2394.22282,598.55571,2992.77853,68072.9951209313,20570.304964195315,0.0,0.0
1816,14151.90536,3525.14621,24997.32521,2394.22282,598.55571,2992.77853,68072.9951209313,20570.304964195315,0.0,0.0
1817,14151.90536,3525.14621,24997.32521,2394.22282,598.55571,2992.77853,68072.9951209313,20570.304964195315,0.0,0.0
1818,14151.90536,3525.14621,24997.32521,2394.22282,598.55571,2992.77853,68072.9951209313,20570.304964195315,0.0,0.0
1819,14151.90536,3525.14621,24997.32521,2394.22282,598.55571,2992.77853,68072.9951209313,20570.304964195315,0.0,0.0
1820,14151.90536,3525.14621,24997.32521,2394.22282,598.55571,2992.77853,68072.9951209313,20570.304964195315,0.0,0.0
1821,14151.90536,3525.14621,24997.32521,2394.22282,598.55571,2992.77853,68072.9951209313,20570.304964195315,0.0,0.0
1822,14151.90536,3525.14621,24997.32521,2394.22282,598.55571,2992.77853,68072.9951209313,20570.304964195315,0.0,0.0
1823,14151.90536,3525.14621,24997.32521,2394.22282,598.55571,2992.77853,68072.9951209313,20570.304964195315,0.0,0.0
1824,14151.90536,3525.14621,24997.32521,2394.22282,598.55571,2992.77853,68072.9951209313,20570.304964195315,0.0,0.0
1825,14151.90536,3525.14621,24997.32521,2394.22282,598.55571,2992.77853,68072.9951209313,20570.304964195315,0.0,0.0
1826,14151.90536,3525.14621,24997.32521,2394.22282,598.55571,2992.77853,68072.9951209313,20570.304964195315,0.0,0.0
1827,14151.90536,3525.14621,24997.32521,2394.22282,598.55571,2992.77853,68072.9951209313,20570.304964195315,0.0,0.0
1828,14151.90536,3525.14621,24997.32521,2394.22282,598.55571,2992.77853,68072.9951209313,20570.304964195315,0.0,0.0
1829,14151.90536,3525.14621,24997.32521,2394.22282,598.55571,2992.77853,68072.9951209313,20570.304964195315,0.0,0.0
1830,14151.90536,3525.14621,24997.32521,2394.22282,598.55571,2992.77853,68072.9951209313,20570.304964195315,0.0,0.0
1831,14151.90536,3525.14621,24997.32521,2394.22282,598.55571,2992.77853,68072.9951209313,20570.304964195315,0.0,0.0
1832,14151.90536,3525.14621,24997.32521,2394.22282,598.55571,2992.77853,68072.9951209313,20570.304964195315,0.0,0.0
1833,14151.90536,3525.14621,24997.32521,2394.22282,598.55571,2992.77853,68072.9951209313,20570.304964195315,0.0,0.0
1834,14151.90536,3525.14621,24997.32521,2394.22282,598.55571,2992.77853,68072.9951209313,20570.304964195315,0.0,0.0
1835,14151.90536,3525.14621,24997.32521,2394.22282,598.55571,2992.77853,68072.9951209313,20570.304964195315,0.0,0.0
1836,14151.90536,3525.14621,24997.32521,2394.22282,598.55571,2992.77853,68072.9951209313,20570.304964195315,0.0,0.0
1837,14151.90536,3525.14621,24997.32521,2394.22282,598.55571,2992.77853,68072.9951209313,20570.304964195315,0.0,0.0
1838,14151.90536,3525.14621,24997.32521,2394.22282,598.55571,2992.77853,68072.9951209313,20570.304964195315,0.0,0.0
1839,14151.90536,3525.14621,24997.32521,2394.22282,598.55571,2992.77853,68072.9951209313,20570.304964195315,0.0,0.0
1840,14151.90536,3525.14621,24997.32521,2394.22282,598.55571,2992.77853,68072.9951209313,20570.304964195315,0.0,0.0
1841,14151.90536,3525.14621,24997.32521,2394.22282,598.55571,2992.77853,68072.9951209313,20570.304964195315,0.0,0.0
1842,14151.90536,3525.14621,24997.32521,2394.22282,598.55571,2992.77853,68072.9951209313,20570.304964195315,0.0,0.0
1843,14151.90536,3525.14621,24997.32521,2394.22282,598.55571,2992.77853,68072.9951209313,20570.304964195315,0.0,0.0
1844,14151.90536,3525.14621,24997.32521,2394.22282,598.55571,2992.77853,68072.9951209313,20570.304964195315,0.0,0.0
1845,14151.90536,3525.14621,24997.32521,2394.22282,598.55571,2992.77853,68072.9951209313,20570.304964195315,0.0,0.0
1846,14151.90536,3525.14621,24997.32521,2394.22282,598.55571,2992.77853,68072.9951209313,20570.304964195315,0.0,0.0
1847,14151.90536,3525.14621,24997.32521,2394.22282,598.55571,2992.77853,68072.9951209313,20570.304964195315,0.0,0.0
1848,14151.90536,3525.14621,24997.32521,2394.22282,598.55571,2992.77853,68072.9951209313,20570.304964195315,0.0,0.0
1849,14151.90536,3525.14621,24997.32521,2394.22282,598.55571,2992.77853,68072.9951209313,20570.304964195315,0.0,0.0
1850,14151.90536,3525.14621,24997.32521,2394.22282,598.55571,2992.77853,68072.9951209313,20570.304964195315,0.0,0.0
1851,14151.90536,3525.14621,24997.32521,2394.22282,598.55571,2992.77853,68072.9951209313,20570.304964195315,0.0,0.0
1852,14151.90536,3525.14621,24997.32521,2394.22282,598.55571,2992.77853,68072.9951209313,20570.304964195315,0.0,0.0
1853,14151.90536,3525.14621,24997.32521,2394.22282,598.55571,2992.77853,68072.9951209313,20570.304964195315,0.0,0.0
1854,14151.90536,3525.14621,24997.32521,2394.22282,598.55571,2992.77853,68072.9951209313,20570.304964195315,0.0,0.0
1855,14151.90536,3525.14621,24997.32521,2394.22282,598.55571,2992.77853,68072.9951209313,20570.304964195315,0.0,0.0
1856,14151.90536,3525.14621,24997.32521,2394.22282,598.55571,2992.77853,68072.9951209313,20570.304964195315,0.0,0.0
1857,14151.90536,3525.14621,24997.32521,2394.22282,598.55571,2992.77853,68072.9951209313,20570.304964195315,0.0,0.0
1858,14151.90536,3525.14621,24997.32521,2394.22282,598.55571,2992.77853,68072.9951209313,20570.304964195315,0.0,0.0
1859,14151.90536,3525.14621,24997.32521,2394.22282,598.55571,2992.77853,68072.9951209313,20570.304964195315,0.0,0.0
1860,14151.90536,3525.14621,24997.32521,2394.22282,598.55571,2992.77853,68072.9951209313,20570.304964195315,0.0,0.0
1861,14151.90536,3525.14621,24997.32521,2394.22282,598.55571,2992.77853,68072.9951209313,20570.304964195315,0.0,0.0
1862,14151.90536,3525.14621,24997.32521,2394.22282,598.55571,2992.77853,68072.9951209313,20570.304964195315,0.0,0.0
1863,14151.90536,3525.14621,24997.32521,2394.22282,598.55571,2992.77853,68072.9951209313,20570.304964195315,0.0,0.0
1864,14151.90536,3525.14621,24997.32521,2394.22282,598.55571,2992.77853,68072.9951209313,20570.304964195315,0.0,0.0
1865,14151.90536,3525.14621,24997.32521,2394.22282,598.55571,2992.77853,68072.9951209313,20570.304964195315,0.0,0.0
1866,14151.90536,3525.14621,24997.32521,2394.22282,598.55571,2992.77853,68072.9951209313,20570.304964195315,0.0,0.0
1867,14151.90536,3525.14621,24997.32521,2394.22282,598.55571,2992.77853,68072.9951209313,20570.304964195315,0.0,0.0
1868,14151.90536,3525.14621,24997.32521,2394.22282,598.55571,2992.77853,68072.9951209313,20570.304964195315,0.0,0.0
1869,14151.90536,3525.14621,24997.32521,2394.22282,598.55571,2992.77853,68072.9951209313,20570.304964195315,0.0,0.0
1870,14151.90536,3525.14621,24997.32521,2394.22282,598.55571,2992.77853,68072.9951209313,20570.304964195315,0.0,0.0
1871,14151.90536,3525.14621,24997.32521,2394.22282,598.55571,2992.77853,68072.9951209313,20570.304964195315,0.0,0.0
1872,14151.90536,3525.14621,24997.32521,2394.22282,598.55571,2992.77853,68072.9951209313,20570.304964195315,0.0,0.0
1873,14151.90536,3525.14621,24997.32521,2394.22282,598.55571,2992.77853,68072.9951209313,20570.304964195315,0.0,0.0
1874,14151.90536,3525.14621,24997.32521,2394.22282,598.55571,2992.77853,68072.9951209313,20570.304964195315,0.0,0.0
1875,14151.90536,3525.14621,24997.32521,2394.22282,598.55571,2992.77853,68072.9951209313,20570.304964195315,0.0,0.0
1876,14151.90536,3525.14621,24997.32521,2394.22282,598.55571,2992.77853,68072.9951209313,20570.304964195315,0.0,0.0
1877,14151.90536,3525.14621,24997.32521,2394.22282,598.55571,2992.77853,68072.9951209313,20570.304964195315,0.0,0.0
1878,14151.90536,3525.14621,24997.32521,2394.22282,598.55571,2992.77853,68072.9951209313,20570.304964195315,0.0,0.0
1879,14151.90536,3525.14621,24997.32521,2394.22282,598.55571,2992.77853,68072.9951209313,20570.304964195315,0.0,0.0
1880,14151.90536,3525.14621,24997.32521,2394.22282,598.55571,2992.77853,68072.9951209313,20570.304964195315,0.0,0.0
1881,14151.90536,3525.14621,24997.32521,2394.22282,598.55571,2992.77853,68072.9951209313,20570.304964195315,0.0,0.0
1882,14151.90536,3525.14621,24997.32521,2394.22282,598.55571,2992.77853,68072.9951209313,20570.304964195315,0.0,0.0
1883,14151.90536,3525.14621,24997.32521,2394.22282,598.55571,2992.77853,68072.9951209313,20570.304964195315,0.0,0.0
1884,14151.90536,3525.14621,24997.32521,2394.22282,598.55571,2992.77853,68072.9951209313,20570.304964195315,0.0,0.0
1885,14151.90536,3525.14621,24997.32521,2394.22282,598.55571,2992.77853,68072.9951209313,20570.304964195315,0.0,0.0
1886,14151.90536,3525.14621,24997.32521,2394.22282,598.55571,2992.77853,68072.9951209313,20570.304964195315,0.0,0.0
1887,14151.90536,3525.14621,24997.32521,2394.22282,598.55571,2992.77853,68072.9951209313,20570.304964195315,0.0,0.0
1888,14151.90536,3525.14621,24997.32521,2394.22282,598.55571,2992.77853,68072.9951209313,20570.304964195315,0.0,0.0
1889,14151.90536,3525.14621,24997.32521,2394.22282,598.55571,2992.77853,68072.9951209313,20570.304964195315,0.0,0.0
1890,14151.90536,3525.14621,24997.32521,2394.22282,598.55571,2992.77853,68072.9951209313,20570.304964195315,0.0,0.0
1891,14151.90536,3525.14621,24997.32521,2394.22282,598.55571,2992.77853,68072.9951209313,20570.304964195315,0.0,0.0
1892,14151.90536,3525.14621,24997.32521,2394.22282,598.55571,2992.77853,68072.9951209313,20570.304964195315,0.0,0.0
1893,14151.90536,3525.14621,24997.32521,2394.22282,598.55571,2992.77853,68072.9951209313,20570.304964195315,0.0,0.0
1894,14151.90536,3525.14621,24997.32521,2394.22282,598.55571,2992.77853,68072.9951209313,20570.304964195315,0.0,0.0
1895,14151.90536,3525.14621,24997.32521,2394.22282,598.55571,2992.77853,68072.9951209313,20570.304964195315,0.0,0.0
1896,14151.90536,3525.14621,24997.32521,2394.22282,598.55571,2992.77853,68072.9951209313,20570.304964195315,0.0,0.0
1897,14151.90536,3525.14621,24997.32521,2394.22282,598.55571,2992.77853,68072.9951209313,20570.304964195315,0.0,0.0
1898,14151.90536,3525.14621,24997.32521,2394.22282,598.55571,2992.77853,68072.9951209313,20570.304964195315,0.0,0.0
1899,14151.90536,3525.14621,24997.32521,2394.22282,598.55571,2992.77853,68072.9951209313,20570.304964195315,0.0,0.0
1900,14151.90536,3525.14621,24997.32521,2394.22282,598.55571,2992.77853,68072.9951209313,20570.304964195315,0.0,0.0
1901,14151.90536,3525.14621,24997.32521,2394.22282,598.55571,2992.77853,68072.9951209313,20570.304964195315,0.0,0.0
1902,14151.90536,3525.14621,24997.32521,2394.22282,598.55571,2992.77853,68072.9951209313,20570.304964195315,0.0,0.0
1903,14151.90536,3525.14621,24997.32521,2394.22282,598.55571,2992.77853,68072.9951209313,20570.304964195315,0.0,0.0
1904,14151.90536,3525.14621,24997.32521,2394.22282,598.55571,2992.77853,68072.9951209313,20570.304964195315,0.0,0.0
1905,14151.90536,3525.14621,24997.32521,2394.22282,598.55571,2992.77853,68072.9951209313,20570.304964195315,0.0,0.0
1906,14151.90536,3525.14621,24997.32521,2394.22282,598.55571,2992.77853,68072.9951209313,20570.304964195315,0.0,0.0
1907,14151.90536,3525.14621,24997.32521,2394.22282,598.55571,2992.77853,68072.9951209313,20570.304964195315,0.0,0.0
1908,14151.90536,3525.14621,24997.32521,2394.22282,598.55571,2992.77853,68072.9951209313,20570.304964195315,0.0,0.0
1909,14151.90536,3525.14621,24997.32521,2394.22282,598.55571,2992.77853,68072.9951209313,20570.304964195315,0.0,0.0
1910,14151.90536,3525.14621,24997.32521,2394.22282,598.55571,2992.77853,68072.9951209313,20570.304964195315,0.0,0.0
1911,14151.90536,3525.14621,24997.32521,2394.22282,598.55571,2992.77853,68072.9951209313,20570.304964195315,0.0,0.0
1912,14151.90536,3525.14621,24997.32521,2394.22282,598.55571,2992.77853,68072.9951209313,20570.304964195315,0.0,0.0
1913,14151.90536,3525.14621,24997.32521,2394.22282,598.55571,2992.77853,68072.9951209313,20570.304964195315,0.0,0.0
1914,14151.90536,3525.14621,24997.32521,2394.22282,598.55571,2992.77853,68072.9951209313,20570.304964195315,0.0,0.0
1915,14151.90536,3525.14621,24997.32521,2394.22282,598.55571,2992.77853,68072.9951209313,20570.304964195315,0.0,0.0
1916,14151.90536,3525.14621,24997.32521,2394.22282,598.55571,2992.77853,68072.9951209313,20570.304964195315,0.0,0.0
1917,14151.90536,3525.14621,24997.32521,2394.22282,598.55571,2992.77853,68072.9951209313,20570.304964195315,0.0,0.0
1918,14151.90536,3525.14621,24997.32521,2394.22282,598.55571,2992.77853,68072.9951209313,20570.304964195315,0.0,0.0
1919,14151.90536,3525.14621,24997.32521,2394.22282,598.55571,2992.77853,68072.9951209313,20570.304964195315,0.0,0.0
1920,14151.90536,3525.14621,24997.32521,2394.22282,598.55571,2992.77853,68072.9951209313,20570.304964195315,0.0,0.0
1921,14151.90536,3525.14621,24997.32521,2394.22282,598.55571,2992.77853,68072.9951209313,20570.304964195315,0.0,0.0
1922,14151.90536,3525.14621,24997.32521,2394.22282,598.55571,2992.77853,68072.9951209313,20570.304964195315,0.0,0.0
1923,14151.90536,3525.14621,24997.32521,2394.22282,598.55571,2992.77853,68072.9951209313,20570.304964195315,0.0,0.0
1924,14151.90536,3525.14621,24997.32521,2394.22282,598.55571,2992.77853,68072.9951209313,20570.304964195315,0.0,0.0
1925,14151.90536,3525.14621,24997.32521,2394.22282,598.55571,2992.77853,68072.9951209313,20570.304964195315,0.0,0.0
1926,14151.90536,3525.14621,24997.32521,2394.22282,598.55571,2992.77853,68072.9951209313,20570.304964195315,0.0,0.0
1927,14151.90536,3525.14621,24997.32521,2394.22282,598.55571,2992.77853,68072.9951209313,20570.304964195315,0.0,0.0
1928,14151.90536,3525.14621,24997.32521,2394.22282,598.55571,2992.77853,68072.9951209313,20570.304964195315,0.0,0.0
1929,14151.90536,3525.14621,24997.32521,2394.22282,598.55571,2992.77853,68072.9951209313,20570.304964195315,0.0,0.0
1930,14151.90536,3525.14621,24997.32521,2394.22282,598.55571,2992.77853,68072.9951209313,20570.304964195315,0.0,0.0
1931,14151.90536,3525.14621,24997.32521,2394.22282,598.55571,2992.77853,68072.9951209313,20570.304964195315,0.0,0.0
1932,14151.90536,3525.14621,24997.32521,2394.22282,598.55571,2992.77853,68072.9951209313,20570.304964195315,0.0,0.0
1933,14151.90536,3525.14621,24997.32521,2394.22282,598.55571,2992.77853,68072.9951209313,20570.304964195315,0.0,0.0
1934,14151.90536,3525.14621,24997.32521,2394.22282,598.55571,2992.77853,68072.9951209313,20570.304964195315,0.0,0.0
1935,14151.90536,3525.14621,24997.32521,2394.22282,598.55571,2992.77853,68072.9951209313,20570.304964195315,0.0,0.0
1936,14151.90536,3525.14621,24997.32521,2394.22282,598.55571,2992.77853,68072.9951209313,20570.304964195315,0.0,0.0
1937,14151.90536,3525.14621,24997.32521,2394.22282,598.55571,2992.77853,68072.9951209313,20570.304964195315,0.0,0.0
1938,14151.90536,3525.14621,24997.32521,2394.22282,598.55571,2992.77853,68072.9951209313,20570.304964195315,0.0,0.0
1939,14151.90536,3525.14621,24997.32521,2394.22282,598.55571,2992.77853,68072.9951209313,20570.304964195315,0.0,0.0
1940,14151.90536,3525.14621,24997.32521,2394.22282,598.55571,2992.77853,68072.9951209313,20570.304964195315,0.0,0.0
1941,14151.90536,3525.14621,24997.32521,2394.22282,598.55571,2992.77853,68072.9951209313,20570.304964195315,0.0,0.0
1942,14151.90536,3525.14621,24997.32521,2394.22282,598.55571,2992.77853,68072.9951209313,20570.304964195315,0.0,0.0
1943,14151.90536,3525.14621,24997.32521,2394.22282,598.55571,2992.77853,68072.9951209313,20570.304964195315,0.0,0.0
1944,14151.90536,3525.14621,24997.32521,2394.22282,598.55571,2992.77853,68072.9951209313,20570.304964195315,0.0,0.0
1945,14151.90536,3525.14621,24997.32521,2394.22282,598.55571,2992.77853,68072.9951209313,20570.304964195315,0.0,0.0
1946,14151.90536,3525.14621,24997.32521,2394.22282,598.55571,2992.77853,68072.9951209313,20570.304964195315,0.0,0.0
1947,14151.90536,3525.14621,24997.32521,2394.22282,598.55571,2992.77853,68072.9951209313,20570.304964195315,0.0,0.0
1948,14151.90536,3525.14621,24997.32521,2394.22282,598.55571,2992.77853,68072.9951209313,20570.304964195315,0.0,0.0
1949,14151.90536,3525.14621,24997.32521,2394.22282,598.55571,2992.77853,68072.9951209313,20570.304964195315,0.0,0.0
1950,14151.90536,3525.14621,24997.32521,2394.22282,598.55571,2992.77853,68072.9951209313,20570.304964195315,0.0,0.0
1951,14151.90536,3525.14621,24997.32521,2394.22282,598.55571,2992.77853,68072.9951209313,20570.304964195315,0.0,0.0
1952,14151.90536,3525.14621,24997.32521,2394.22282,598.55571,2992.77853,68072.9951209313,20570.304964195315,0.0,0.0
1953,14151.90536,3525.14621,24997.32521,2394.22282,598.55571,2992.77853,68072.9951209313,20570.304964195315,0.0,0.0
1954,14151.90536,3525.14621,24997.32521,2394.22282,598.55571,2992.77853,68072.9951209313,20570.304964195315,0.0,0.0
1955,14151.90536,3525.14621,24997.32521,2394.22282,598.55571,2992.77853,68072.9951209313,20570.304964195315,0.0,0.0
1956,14151.90536,3525.14621,24997.32521,2394.22282,598.55571,2992.77853,68072.9951209313,20570.304964195315,0.0,0.0
1957,14151.90536,3525.14621,24997.32521,2394.22282,598.55571,2992.77853,68072.9951209313,20570.304964195315,0.0,0.0
1958,14151.90536,3525.14621,24997.32521,2394.22282,598.55571,2992.77853,68072.9951209313,20570.304964195315,0.0,0.0
1959,14151.90536,3525.14621,24997.32521,2394.22282,598.55571,2992.77853,68072.9951209313,20570.304964195315,0.0,0.0
1960,14151.90536,3525.14621,24997.32521,2394.22282,598.55571,2992.77853,68072.9951209313,20570.304964195315,0.0,0.0
1961,14151.90536,3525.14621,24997.32521,2394.22282,598.55571,2992.77853,68072.9951209313,20570.304964195315,0.0,0.0
1962,14151.90536,3525.14621,24997.32521,2394.22282,598.55571,2992.77853,68072.9951209313,20570.304964195315,0.0,0.0
1963,14151.90536,3525.14621,24997.32521,2394.22282,598.55571,2992.77853,68072.9951209313,20570.304964195315,0.0,0.0
1964,14151.90536,3525.14621,24997.32521,2394.22282,598.55571,2992.77853,68072.9951209313,20570.304964195315,0.0,0.0
1965,14151.90536,3525.14621,24997.32521,2394.22282,598.55571,2992.77853,68072.9951209313,20570.304964195315,0.0,0.0
1966,14151.90536,3525.14621,24997.32521,2394.22282,598.55571,2992.77853,68072.9951209313,20570.304964195315,0.0,0.0
1967,14151.90536,3525.14621,24997.32521,2394.22282,598.55571,2992.77853,68072.9951209313,20570.304964195315,0.0,0.0
1968,14151.90536,3525.14621,24997.32521,2394.22282,598.55571,2992.77853,68072.9951209313,20570.304964195315,0.0,0.0
1969,14151.90536,3525.14621,24997.32521,2394.22282,598.55571,2992.77853,68072.9951209313,20570.304964195315,0.0,0.0
1970,14151.90536,3525.14621,24997.32521,2394.22282,598.55571,2992.77853,68072.9951209313,20570.304964195315,0.0,0.0
1971,14151.90536,3525.14621,24997.32521,2394.22282,598.55571,2992.77853,68072.9951209313,20570.304964195315,0.0,0.0
1972,14151.90536,3525.14621,24997.32521,2394.22282,598.55571,2992.77853,68072.9951209313,20570.304964195315,0.0,0.0
1973,14151.90536,3525.14621,24997.32521,2394.22282,598.55571,2992.77853,68072.9951209313,20570.304964195315,0.0,0.0
1974,14151.90536,3525.14621,24997.32521,2394.22282,598.55571,2992.77853,68072.9951209313,20570.304964195315,0.0,0.0
1975,14151.90536,3525.14621,24997.32521,2394.22282,598.55571,2992.77853,68072.9951209313,20570.304964195315,0.0,0.0
1976,14151.90536,3525.14621,24997.32521,2394.22282,598.55571,2992.77853,68072.9951209313,20570.304964195315,0.0,0.0
1977,14151.90536,3525.14621,24997.32521,2394.22282,598.55571,2992.77853,68072.9951209313,20570.304964195315,0.0,0.0
1978,14151.90536,3525.14621,24997.32521,2394.22282,598.55571,2992.77853,68072.9951209313,20570.304964195315,0.0,0.0
1979,14151.90536,3525.14621,24997.32521,2394.22282,598.55571,2992.77853,68072.9951209313,20570.304964195315,0.0,0.0
1980,14151.90536,3525.14621,24997.32521,2394.22282,598.55571,2992.77853,68072.9951209313,20570.304964195315,0.0,0.0
1981,14151.90536,3525.14621,24997.32521,2394.22282,598.55571,2992.77853,68072.9951209313,20570.304964195315,0.0,0.0
1982,14151.90536,3525.14621,24997.32521,2394.22282,598.55571,2992.77853,68072.9951209313,20570.304964195315,0.0,0.0
1983,14151.90536,3525.14621,24997.32521,2394.22282,598.55571,2992.77853,68072.9951209313,20570.304964195315,0.0,0.0
1984,14151.90536,3525.14621,24997.32521,2394.22282,598.55571,2992.77853,68072.9951209313,20570.304964195315,0.0,0.0
1985,14151.90536,3525.14621,24997.32521,2394.22282,598.55571,2992.77853,68072.9951209313,20570.304964195315,0.0,0.0
1986,14151.90536,3525.14621,24997.32521,2394.22282,598.55571,2992.77853,68072.9951209313,20570.304964195315,0.0,0.0
1987,14151.90536,3525.14621,24997.32521,2394.22282,598.55571,2992.77853,68072.9951209313,20570.304964195315,0.0,0.0
1988,14151.90536,3525.14621,24997.32521,2394.22282,598.55571,2992.77853,68072.9951209313,20570.304964195315,0.0,0.0
1989,14151.90536,3525.14621,24997.32521,2394.22282,598.55571,2992.77853,68072.9951209313,20570.304964195315,0.0,0.0
1990,14151.90536,3525.14621,24997.32521,2394.22282,598.55571,2992.77853,68072.9951209313,20570.304964195315,0.0,0.0
1991,14151.90536,3525.14621,24997.32521,2394.22282,598.55571,2992.77853,68072.9951209313,20570.304964195315,0.0,0.0
1992,14151.90536,3525.14621,24997.32521,2394.22282,598.55571,2992.77853,68072.9951209313,20570.304964195315,0.0,0.0
1993,14151.90536,3525.14621,24997.32521,2394.22282,598.55571,2992.77853,68072.9951209313,20570.304964195315,0.0,0.0
1994,14151.90536,3525.14621,24997.32521,2394.22282,598.55571,2992.77853,68072.9951209313,20570.304964195315,0.0,0.0
1995,14151.90536,3525.14621,24997.32521,2394.22282,598.55571,2992.77853,68072.9951209313,20570.304964195315,0.0,0.0
1996,14151.90536,3525.14621,24997.32521,2394.22282,598.55571,2992.77853,68072.9951209313,20570.304964195315,0.0,0.0
1997,14151.90536,3525.14621,24997.32521,2394.22282,598.55571,2992.77853,68072.9951209313,20570.304964195315,0.0,0.0
1998,14151.90536,3525.14621,24997.32521,2394.22282,598.55571,2992.77853,68072.9951209313,20570.304964195315,0.0,0.0
1999,14151.90536,3525.14621,24997.32521,2394.22282,598.55571,2992.77853,68072.9951209313,20570.304964195315,0.0,0.0
2000,14151.90536,3525.14621,24997.32521,2394.22282,598.55571,2992.77853,68072.9951209313,20570.304964195315,0.0,0.0
2001,14151.90536,3525.14621,24997.32521,2394.22282,598.55571,2992.77853,68072.9951209313,20570.304964195315,0.0,0.0
2002,14151.90536,3525.14621,24997.32521,2394.22282,598.55571,2992.77853,68072.9951209313,20570.304964195315,0.0,0.0
2003,14151.90536,3525.14621,24997.32521,2394.22282,598.55571,2992.77853,68072.9951209313,20570.304964195315,0.0,0.0
2004,14151.90536,3525.14621,24997.32521,2394.22282,598.55571,2992.77853,68072.9951209313,20570.304964195315,0.0,0.0
2005,14151.90536,3525.14621,24997.32521,2394.22282,598.55571,2992.77853,68072.9951209313,20570.304964195315,0.0,0.0
2006,14151.90536,3525.14621,24997.32521,2394.22282,598.55571,2992.77853,68072.9951209313,20570.304964195315,0.0,0.0
2007,14151.90536,3525.14621,24997.32521,2394.22282,598.55571,2992.77853,68072.9951209313,20570.304964195315,0.0,0.0
2008,14151.90536,3525.14621,24997.32521,2394.22282,598.55571,2992.77853,68072.9951209313,20570.304964195315,0.0,0.0
2009,14151.90536,3525.14621,24997.32521,2394.22282,598.55571,2992.77853,68072.9951209313,20570.304964195315,0.0,0.0
2010,14151.90536,3525.14621,24997.32521,2394.22282,598.55571,2992.77853,68072.9951209313,20570.304964195315,0.0,0.0
2011,14151.90536,3525.14621,24997.32521,2394.22282,598.55571,2992.77853,68072.9951209313,20570.304964195315,0.0,0.0
2012,14151.90536,3525.14621,24997.32521,2394.22282,598.55571,2992.77853,68072.9951209313,20570.304964195315,0.0,0.0
2013,14151.90536,3525.14621,24997.32521,2394.22282,598.55571,2992.77853,68072.9951209313,20570.304964195315,0.0,0.0
2014,14151.90536,3525.14621,24997.32521,2394.22282,598.55571,2992.77853,68072.9951209313,20570.304964195315,0.0,0.0
2015,14151.90536,3525.14621,24997.32521,2394.22282,598.55571,2992.77853,68072.9951209313,20570.304964195315,0.0,0.0
2016,14151.90536,3525.14621,24997.32521,2394.22282,598.55571,2992.77853,68072.9951209313,20570.304964195315,0.0,0.0
