Time_Index,Demand_Ethanol,Demand_Gasoline,Demand_Flexfuel,Demand_Jetfuel,Demand_SAF_Jetfuel,Demand_fossil_Jetfuel,Demand_Diesel,Demand_BioDiesel,Unnamed: 9,Unnamed: 10
1,14794.35635,3957.02457,25729.01294,2268.38944,432.07418,2700.46362,62485.3097343297,18904.30405083655,0.0,0.0
2,14794.35635,3957.02457,25729.01294,2268.38944,432.07418,2700.46362,62485.3097343297,18904.30405083655,0.0,0.0
3,14794.35635,3957.02457,25729.01294,2268.38944,432.07418,2700.46362,62485.3097343297,18904.30405083655,0.0,0.0
4,14794.35635,3957.02457,25729.01294,2268.38944,432.07418,2700.46362,62485.3097343297,18904.30405083655,0.0,0.0
5,14794.35635,3957.02457,25729.01294,2268.38944,432.07418,2700.46362,62485.3097343297,18904.30405083655,0.0,0.0
6,14794.35635,3957.02457,25729.01294,2268.38944,432.07418,2700.46362,62485.3097343297,18904.30405083655,0.0,0.0
7,14794.35635,3957.02457,25729.01294,2268.38944,432.07418,2700.46362,62485.3097343297,18904.30405083655,0.0,0.0
8,14794.35635,3957.02457,25729.01294,2268.38944,432.07418,2700.46362,62485.3097343297,18904.30405083655,0.0,0.0
9,14794.35635,3957.02457,25729.01294,2268.38944,432.07418,2700.46362,62485.3097343297,18904.30405083655,0.0,0.0
10,14794.35635,3957.02457,25729.01294,2268.38944,432.07418,2700.46362,62485.3097343297,18904.30405083655,0.0,0.0
11,14794.35635,3957.02457,25729.01294,2268.38944,432.07418,2700.46362,62485.3097343297,18904.30405083655,0.0,0.0
12,14794.35635,3957.02457,25729.01294,2268.38944,432.07418,2700.46362,62485.3097343297,18904.30405083655,0.0,0.0
13,14794.35635,3957.02457,25729.01294,2268.38944,432.07418,2700.46362,62485.3097343297,18904.30405083655,0.0,0.0
14,14794.35635,3957.02457,25729.01294,2268.38944,432.07418,2700.46362,62485.3097343297,18904.30405083655,0.0,0.0
15,14794.35635,3957.02457,25729.01294,2268.38944,432.07418,2700.46362,62485.3097343297,18904.30405083655,0.0,0.0
16,14794.35635,3957.02457,25729.01294,2268.38944,432.07418,2700.46362,62485.3097343297,18904.30405083655,0.0,0.0
17,14794.35635,3957.02457,25729.01294,2268.38944,432.07418,2700.46362,62485.3097343297,18904.30405083655,0.0,0.0
18,14794.35635,3957.02457,25729.01294,2268.38944,432.07418,2700.46362,62485.3097343297,18904.30405083655,0.0,0.0
19,14794.35635,3957.02457,25729.01294,2268.38944,432.07418,2700.46362,62485.3097343297,18904.30405083655,0.0,0.0
20,14794.35635,3957.02457,25729.01294,2268.38944,432.07418,2700.46362,62485.3097343297,18904.30405083655,0.0,0.0
21,14794.35635,3957.02457,25729.01294,2268.38944,432.07418,2700.46362,62485.3097343297,18904.30405083655,0.0,0.0
22,14794.35635,3957.02457,25729.01294,2268.38944,432.07418,2700.46362,62485.3097343297,18904.30405083655,0.0,0.0
23,14794.35635,3957.02457,25729.01294,2268.38944,432.07418,2700.46362,62485.3097343297,18904.30405083655,0.0,0.0
24,14794.35635,3957.02457,25729.01294,2268.38944,432.07418,2700.46362,62485.3097343297,18904.30405083655,0.0,0.0
25,14794.35635,3957.02457,25729.01294,2268.38944,432.07418,2700.46362,62485.3097343297,18904.30405083655,0.0,0.0
26,14794.35635,3957.02457,25729.01294,2268.38944,432.07418,2700.46362,62485.3097343297,18904.30405083655,0.0,0.0
27,14794.35635,3957.02457,25729.01294,2268.38944,432.07418,2700.46362,62485.3097343297,18904.30405083655,0.0,0.0
28,14794.35635,3957.02457,25729.01294,2268.38944,432.07418,2700.46362,62485.3097343297,18904.30405083655,0.0,0.0
29,14794.35635,3957.02457,25729.01294,2268.38944,432.07418,2700.46362,62485.3097343297,18904.30405083655,0.0,0.0
30,14794.35635,3957.02457,25729.01294,2268.38944,432.07418,2700.46362,62485.3097343297,18904.30405083655,0.0,0.0
31,14794.35635,3957.02457,25729.01294,2268.38944,432.07418,2700.46362,62485.3097343297,18904.30405083655,0.0,0.0
32,14794.35635,3957.02457,25729.01294,2268.38944,432.07418,2700.46362,62485.3097343297,18904.30405083655,0.0,0.0
33,14794.35635,3957.02457,25729.01294,2268.38944,432.07418,2700.46362,62485.3097343297,18904.30405083655,0.0,0.0
34,14794.35635,3957.02457,25729.01294,2268.38944,432.07418,2700.46362,62485.3097343297,18904.30405083655,0.0,0.0
35,14794.35635,3957.02457,25729.01294,2268.38944,432.07418,2700.46362,62485.3097343297,18904.30405083655,0.0,0.0
36,14794.35635,3957.02457,25729.01294,2268.38944,432.07418,2700.46362,62485.3097343297,18904.30405083655,0.0,0.0
37,14794.35635,3957.02457,25729.01294,2268.38944,432.07418,2700.46362,62485.3097343297,18904.30405083655,0.0,0.0
38,14794.35635,3957.02457,25729.01294,2268.38944,432.07418,2700.46362,62485.3097343297,18904.30405083655,0.0,0.0
39,14794.35635,3957.02457,25729.01294,2268.38944,432.07418,2700.46362,62485.3097343297,18904.30405083655,0.0,0.0
40,14794.35635,3957.02457,25729.01294,2268.38944,432.07418,2700.46362,62485.3097343297,18904.30405083655,0.0,0.0
41,14794.35635,3957.02457,25729.01294,2268.38944,432.07418,2700.46362,62485.3097343297,18904.30405083655,0.0,0.0
42,14794.35635,3957.02457,25729.01294,2268.38944,432.07418,2700.46362,62485.3097343297,18904.30405083655,0.0,0.0
43,14794.35635,3957.02457,25729.01294,2268.38944,432.07418,2700.46362,62485.3097343297,18904.30405083655,0.0,0.0
44,14794.35635,3957.02457,25729.01294,2268.38944,432.07418,2700.46362,62485.3097343297,18904.30405083655,0.0,0.0
45,14794.35635,3957.02457,25729.01294,2268.38944,432.07418,2700.46362,62485.3097343297,18904.30405083655,0.0,0.0
46,14794.35635,3957.02457,25729.01294,2268.38944,432.07418,2700.46362,62485.3097343297,18904.30405083655,0.0,0.0
47,14794.35635,3957.02457,25729.01294,2268.38944,432.07418,2700.46362,62485.3097343297,18904.30405083655,0.0,0.0
48,14794.35635,3957.02457,25729.01294,2268.38944,432.07418,2700.46362,62485.3097343297,18904.30405083655,0.0,0.0
49,14794.35635,3957.02457,25729.01294,2268.38944,432.07418,2700.46362,62485.3097343297,18904.30405083655,0.0,0.0
50,14794.35635,3957.02457,25729.01294,2268.38944,432.07418,2700.46362,62485.3097343297,18904.30405083655,0.0,0.0
51,14794.35635,3957.02457,25729.01294,2268.38944,432.07418,2700.46362,62485.3097343297,18904.30405083655,0.0,0.0
52,14794.35635,3957.02457,25729.01294,2268.38944,432.07418,2700.46362,62485.3097343297,18904.30405083655,0.0,0.0
53,14794.35635,3957.02457,25729.01294,2268.38944,432.07418,2700.46362,62485.3097343297,18904.30405083655,0.0,0.0
54,14794.35635,3957.02457,25729.01294,2268.38944,432.07418,2700.46362,62485.3097343297,18904.30405083655,0.0,0.0
55,14794.35635,3957.02457,25729.01294,2268.38944,432.07418,2700.46362,62485.3097343297,18904.30405083655,0.0,0.0
56,14794.35635,3957.02457,25729.01294,2268.38944,432.07418,2700.46362,62485.3097343297,18904.30405083655,0.0,0.0
57,14794.35635,3957.02457,25729.01294,2268.38944,432.07418,2700.46362,62485.3097343297,18904.30405083655,0.0,0.0
58,14794.35635,3957.02457,25729.01294,2268.38944,432.07418,2700.46362,62485.3097343297,18904.30405083655,0.0,0.0
59,14794.35635,3957.02457,25729.01294,2268.38944,432.07418,2700.46362,62485.3097343297,18904.30405083655,0.0,0.0
60,14794.35635,3957.02457,25729.01294,2268.38944,432.07418,2700.46362,62485.3097343297,18904.30405083655,0.0,0.0
61,14794.35635,3957.02457,25729.01294,2268.38944,432.07418,2700.46362,62485.3097343297,18904.30405083655,0.0,0.0
62,14794.35635,3957.02457,25729.01294,2268.38944,432.07418,2700.46362,62485.3097343297,18904.30405083655,0.0,0.0
63,14794.35635,3957.02457,25729.01294,2268.38944,432.07418,2700.46362,62485.3097343297,18904.30405083655,0.0,0.0
64,14794.35635,3957.02457,25729.01294,2268.38944,432.07418,2700.46362,62485.3097343297,18904.30405083655,0.0,0.0
65,14794.35635,3957.02457,25729.01294,2268.38944,432.07418,2700.46362,62485.3097343297,18904.30405083655,0.0,0.0
66,14794.35635,3957.02457,25729.01294,2268.38944,432.07418,2700.46362,62485.3097343297,18904.30405083655,0.0,0.0
67,14794.35635,3957.02457,25729.01294,2268.38944,432.07418,2700.46362,62485.3097343297,18904.30405083655,0.0,0.0
68,14794.35635,3957.02457,25729.01294,2268.38944,432.07418,2700.46362,62485.3097343297,18904.30405083655,0.0,0.0
69,14794.35635,3957.02457,25729.01294,2268.38944,432.07418,2700.46362,62485.3097343297,18904.30405083655,0.0,0.0
70,14794.35635,3957.02457,25729.01294,2268.38944,432.07418,2700.46362,62485.3097343297,18904.30405083655,0.0,0.0
71,14794.35635,3957.02457,25729.01294,2268.38944,432.07418,2700.46362,62485.3097343297,18904.30405083655,0.0,0.0
72,14794.35635,3957.02457,25729.01294,2268.38944,432.07418,2700.46362,62485.3097343297,18904.30405083655,0.0,0.0
73,14794.35635,3957.02457,25729.01294,2268.38944,432.07418,2700.46362,62485.3097343297,18904.30405083655,0.0,0.0
74,14794.35635,3957.02457,25729.01294,2268.38944,432.07418,2700.46362,62485.3097343297,18904.30405083655,0.0,0.0
75,14794.35635,3957.02457,25729.01294,2268.38944,432.07418,2700.46362,62485.3097343297,18904.30405083655,0.0,0.0
76,14794.35635,3957.02457,25729.01294,2268.38944,432.07418,2700.46362,62485.3097343297,18904.30405083655,0.0,0.0
77,14794.35635,3957.02457,25729.01294,2268.38944,432.07418,2700.46362,62485.3097343297,18904.30405083655,0.0,0.0
78,14794.35635,3957.02457,25729.01294,2268.38944,432.07418,2700.46362,62485.3097343297,18904.30405083655,0.0,0.0
79,14794.35635,3957.02457,25729.01294,2268.38944,432.07418,2700.46362,62485.3097343297,18904.30405083655,0.0,0.0
80,14794.35635,3957.02457,25729.01294,2268.38944,432.07418,2700.46362,62485.3097343297,18904.30405083655,0.0,0.0
81,14794.35635,3957.02457,25729.01294,2268.38944,432.07418,2700.46362,62485.3097343297,18904.30405083655,0.0,0.0
82,14794.35635,3957.02457,25729.01294,2268.38944,432.07418,2700.46362,62485.3097343297,18904.30405083655,0.0,0.0
83,14794.35635,3957.02457,25729.01294,2268.38944,432.07418,2700.46362,62485.3097343297,18904.30405083655,0.0,0.0
84,14794.35635,3957.02457,25729.01294,2268.38944,432.07418,2700.46362,62485.3097343297,18904.30405083655,0.0,0.0
85,14794.35635,3957.02457,25729.01294,2268.38944,432.07418,2700.46362,62485.3097343297,18904.30405083655,0.0,0.0
86,14794.35635,3957.02457,25729.01294,2268.38944,432.07418,2700.46362,62485.3097343297,18904.30405083655,0.0,0.0
87,14794.35635,3957.02457,25729.01294,2268.38944,432.07418,2700.46362,62485.3097343297,18904.30405083655,0.0,0.0
88,14794.35635,3957.02457,25729.01294,2268.38944,432.07418,2700.46362,62485.3097343297,18904.30405083655,0.0,0.0
89,14794.35635,3957.02457,25729.01294,2268.38944,432.07418,2700.46362,62485.3097343297,18904.30405083655,0.0,0.0
90,14794.35635,3957.02457,25729.01294,2268.38944,432.07418,2700.46362,62485.3097343297,18904.30405083655,0.0,0.0
91,14794.35635,3957.02457,25729.01294,2268.38944,432.07418,2700.46362,62485.3097343297,18904.30405083655,0.0,0.0
92,14794.35635,3957.02457,25729.01294,2268.38944,432.07418,2700.46362,62485.3097343297,18904.30405083655,0.0,0.0
93,14794.35635,3957.02457,25729.01294,2268.38944,432.07418,2700.46362,62485.3097343297,18904.30405083655,0.0,0.0
94,14794.35635,3957.02457,25729.01294,2268.38944,432.07418,2700.46362,62485.3097343297,18904.30405083655,0.0,0.0
95,14794.35635,3957.02457,25729.01294,2268.38944,432.07418,2700.46362,62485.3097343297,18904.30405083655,0.0,0.0
96,14794.35635,3957.02457,25729.01294,2268.38944,432.07418,2700.46362,62485.3097343297,18904.30405083655,0.0,0.0
97,14794.35635,3957.02457,25729.01294,2268.38944,432.07418,2700.46362,62485.3097343297,18904.30405083655,0.0,0.0
98,14794.35635,3957.02457,25729.01294,2268.38944,432.07418,2700.46362,62485.3097343297,18904.30405083655,0.0,0.0
99,14794.35635,3957.02457,25729.01294,2268.38944,432.07418,2700.46362,62485.3097343297,18904.30405083655,0.0,0.0
100,14794.35635,3957.02457,25729.01294,2268.38944,432.07418,2700.46362,62485.3097343297,18904.30405083655,0.0,0.0
101,14794.35635,3957.02457,25729.01294,2268.38944,432.07418,2700.46362,62485.3097343297,18904.30405083655,0.0,0.0
102,14794.35635,3957.02457,25729.01294,2268.38944,432.07418,2700.46362,62485.3097343297,18904.30405083655,0.0,0.0
103,14794.35635,3957.02457,25729.01294,2268.38944,432.07418,2700.46362,62485.3097343297,18904.30405083655,0.0,0.0
104,14794.35635,3957.02457,25729.01294,2268.38944,432.07418,2700.46362,62485.3097343297,18904.30405083655,0.0,0.0
105,14794.35635,3957.02457,25729.01294,2268.38944,432.07418,2700.46362,62485.3097343297,18904.30405083655,0.0,0.0
106,14794.35635,3957.02457,25729.01294,2268.38944,432.07418,2700.46362,62485.3097343297,18904.30405083655,0.0,0.0
107,14794.35635,3957.02457,25729.01294,2268.38944,432.07418,2700.46362,62485.3097343297,18904.30405083655,0.0,0.0
108,14794.35635,3957.02457,25729.01294,2268.38944,432.07418,2700.46362,62485.3097343297,18904.30405083655,0.0,0.0
109,14794.35635,3957.02457,25729.01294,2268.38944,432.07418,2700.46362,62485.3097343297,18904.30405083655,0.0,0.0
110,14794.35635,3957.02457,25729.01294,2268.38944,432.07418,2700.46362,62485.3097343297,18904.30405083655,0.0,0.0
111,14794.35635,3957.02457,25729.01294,2268.38944,432.07418,2700.46362,62485.3097343297,18904.30405083655,0.0,0.0
112,14794.35635,3957.02457,25729.01294,2268.38944,432.07418,2700.46362,62485.3097343297,18904.30405083655,0.0,0.0
113,14794.35635,3957.02457,25729.01294,2268.38944,432.07418,2700.46362,62485.3097343297,18904.30405083655,0.0,0.0
114,14794.35635,3957.02457,25729.01294,2268.38944,432.07418,2700.46362,62485.3097343297,18904.30405083655,0.0,0.0
115,14794.35635,3957.02457,25729.01294,2268.38944,432.07418,2700.46362,62485.3097343297,18904.30405083655,0.0,0.0
116,14794.35635,3957.02457,25729.01294,2268.38944,432.07418,2700.46362,62485.3097343297,18904.30405083655,0.0,0.0
117,14794.35635,3957.02457,25729.01294,2268.38944,432.07418,2700.46362,62485.3097343297,18904.30405083655,0.0,0.0
118,14794.35635,3957.02457,25729.01294,2268.38944,432.07418,2700.46362,62485.3097343297,18904.30405083655,0.0,0.0
119,14794.35635,3957.02457,25729.01294,2268.38944,432.07418,2700.46362,62485.3097343297,18904.30405083655,0.0,0.0
120,14794.35635,3957.02457,25729.01294,2268.38944,432.07418,2700.46362,62485.3097343297,18904.30405083655,0.0,0.0
121,14794.35635,3957.02457,25729.01294,2268.38944,432.07418,2700.46362,62485.3097343297,18904.30405083655,0.0,0.0
122,14794.35635,3957.02457,25729.01294,2268.38944,432.07418,2700.46362,62485.3097343297,18904.30405083655,0.0,0.0
123,14794.35635,3957.02457,25729.01294,2268.38944,432.07418,2700.46362,62485.3097343297,18904.30405083655,0.0,0.0
124,14794.35635,3957.02457,25729.01294,2268.38944,432.07418,2700.46362,62485.3097343297,18904.30405083655,0.0,0.0
125,14794.35635,3957.02457,25729.01294,2268.38944,432.07418,2700.46362,62485.3097343297,18904.30405083655,0.0,0.0
126,14794.35635,3957.02457,25729.01294,2268.38944,432.07418,2700.46362,62485.3097343297,18904.30405083655,0.0,0.0
127,14794.35635,3957.02457,25729.01294,2268.38944,432.07418,2700.46362,62485.3097343297,18904.30405083655,0.0,0.0
128,14794.35635,3957.02457,25729.01294,2268.38944,432.07418,2700.46362,62485.3097343297,18904.30405083655,0.0,0.0
129,14794.35635,3957.02457,25729.01294,2268.38944,432.07418,2700.46362,62485.3097343297,18904.30405083655,0.0,0.0
130,14794.35635,3957.02457,25729.01294,2268.38944,432.07418,2700.46362,62485.3097343297,18904.30405083655,0.0,0.0
131,14794.35635,3957.02457,25729.01294,2268.38944,432.07418,2700.46362,62485.3097343297,18904.30405083655,0.0,0.0
132,14794.35635,3957.02457,25729.01294,2268.38944,432.07418,2700.46362,62485.3097343297,18904.30405083655,0.0,0.0
133,14794.35635,3957.02457,25729.01294,2268.38944,432.07418,2700.46362,62485.3097343297,18904.30405083655,0.0,0.0
134,14794.35635,3957.02457,25729.01294,2268.38944,432.07418,2700.46362,62485.3097343297,18904.30405083655,0.0,0.0
135,14794.35635,3957.02457,25729.01294,2268.38944,432.07418,2700.46362,62485.3097343297,18904.30405083655,0.0,0.0
136,14794.35635,3957.02457,25729.01294,2268.38944,432.07418,2700.46362,62485.3097343297,18904.30405083655,0.0,0.0
137,14794.35635,3957.02457,25729.01294,2268.38944,432.07418,2700.46362,62485.3097343297,18904.30405083655,0.0,0.0
138,14794.35635,3957.02457,25729.01294,2268.38944,432.07418,2700.46362,62485.3097343297,18904.30405083655,0.0,0.0
139,14794.35635,3957.02457,25729.01294,2268.38944,432.07418,2700.46362,62485.3097343297,18904.30405083655,0.0,0.0
140,14794.35635,3957.02457,25729.01294,2268.38944,432.07418,2700.46362,62485.3097343297,18904.30405083655,0.0,0.0
141,14794.35635,3957.02457,25729.01294,2268.38944,432.07418,2700.46362,62485.3097343297,18904.30405083655,0.0,0.0
142,14794.35635,3957.02457,25729.01294,2268.38944,432.07418,2700.46362,62485.3097343297,18904.30405083655,0.0,0.0
143,14794.35635,3957.02457,25729.01294,2268.38944,432.07418,2700.46362,62485.3097343297,18904.30405083655,0.0,0.0
144,14794.35635,3957.02457,25729.01294,2268.38944,432.07418,2700.46362,62485.3097343297,18904.30405083655,0.0,0.0
145,14794.35635,3957.02457,25729.01294,2268.38944,432.07418,2700.46362,62485.3097343297,18904.30405083655,0.0,0.0
146,14794.35635,3957.02457,25729.01294,2268.38944,432.07418,2700.46362,62485.3097343297,18904.30405083655,0.0,0.0
147,14794.35635,3957.02457,25729.01294,2268.38944,432.07418,2700.46362,62485.3097343297,18904.30405083655,0.0,0.0
148,14794.35635,3957.02457,25729.01294,2268.38944,432.07418,2700.46362,62485.3097343297,18904.30405083655,0.0,0.0
149,14794.35635,3957.02457,25729.01294,2268.38944,432.07418,2700.46362,62485.3097343297,18904.30405083655,0.0,0.0
150,14794.35635,3957.02457,25729.01294,2268.38944,432.07418,2700.46362,62485.3097343297,18904.30405083655,0.0,0.0
151,14794.35635,3957.02457,25729.01294,2268.38944,432.07418,2700.46362,62485.3097343297,18904.30405083655,0.0,0.0
152,14794.35635,3957.02457,25729.01294,2268.38944,432.07418,2700.46362,62485.3097343297,18904.30405083655,0.0,0.0
153,14794.35635,3957.02457,25729.01294,2268.38944,432.07418,2700.46362,62485.3097343297,18904.30405083655,0.0,0.0
154,14794.35635,3957.02457,25729.01294,2268.38944,432.07418,2700.46362,62485.3097343297,18904.30405083655,0.0,0.0
155,14794.35635,3957.02457,25729.01294,2268.38944,432.07418,2700.46362,62485.3097343297,18904.30405083655,0.0,0.0
156,14794.35635,3957.02457,25729.01294,2268.38944,432.07418,2700.46362,62485.3097343297,18904.30405083655,0.0,0.0
157,14794.35635,3957.02457,25729.01294,2268.38944,432.07418,2700.46362,62485.3097343297,18904.30405083655,0.0,0.0
158,14794.35635,3957.02457,25729.01294,2268.38944,432.07418,2700.46362,62485.3097343297,18904.30405083655,0.0,0.0
159,14794.35635,3957.02457,25729.01294,2268.38944,432.07418,2700.46362,62485.3097343297,18904.30405083655,0.0,0.0
160,14794.35635,3957.02457,25729.01294,2268.38944,432.07418,2700.46362,62485.3097343297,18904.30405083655,0.0,0.0
161,14794.35635,3957.02457,25729.01294,2268.38944,432.07418,2700.46362,62485.3097343297,18904.30405083655,0.0,0.0
162,14794.35635,3957.02457,25729.01294,2268.38944,432.07418,2700.46362,62485.3097343297,18904.30405083655,0.0,0.0
163,14794.35635,3957.02457,25729.01294,2268.38944,432.07418,2700.46362,62485.3097343297,18904.30405083655,0.0,0.0
164,14794.35635,3957.02457,25729.01294,2268.38944,432.07418,2700.46362,62485.3097343297,18904.30405083655,0.0,0.0
165,14794.35635,3957.02457,25729.01294,2268.38944,432.07418,2700.46362,62485.3097343297,18904.30405083655,0.0,0.0
166,14794.35635,3957.02457,25729.01294,2268.38944,432.07418,2700.46362,62485.3097343297,18904.30405083655,0.0,0.0
167,14794.35635,3957.02457,25729.01294,2268.38944,432.07418,2700.46362,62485.3097343297,18904.30405083655,0.0,0.0
168,14794.35635,3957.02457,25729.01294,2268.38944,432.07418,2700.46362,62485.3097343297,18904.30405083655,0.0,0.0
169,14794.35635,3957.02457,25729.01294,2268.38944,432.07418,2700.46362,62485.3097343297,18904.30405083655,0.0,0.0
170,14794.35635,3957.02457,25729.01294,2268.38944,432.07418,2700.46362,62485.3097343297,18904.30405083655,0.0,0.0
171,14794.35635,3957.02457,25729.01294,2268.38944,432.07418,2700.46362,62485.3097343297,18904.30405083655,0.0,0.0
172,14794.35635,3957.02457,25729.01294,2268.38944,432.07418,2700.46362,62485.3097343297,18904.30405083655,0.0,0.0
173,14794.35635,3957.02457,25729.01294,2268.38944,432.07418,2700.46362,62485.3097343297,18904.30405083655,0.0,0.0
174,14794.35635,3957.02457,25729.01294,2268.38944,432.07418,2700.46362,62485.3097343297,18904.30405083655,0.0,0.0
175,14794.35635,3957.02457,25729.01294,2268.38944,432.07418,2700.46362,62485.3097343297,18904.30405083655,0.0,0.0
176,14794.35635,3957.02457,25729.01294,2268.38944,432.07418,2700.46362,62485.3097343297,18904.30405083655,0.0,0.0
177,14794.35635,3957.02457,25729.01294,2268.38944,432.07418,2700.46362,62485.3097343297,18904.30405083655,0.0,0.0
178,14794.35635,3957.02457,25729.01294,2268.38944,432.07418,2700.46362,62485.3097343297,18904.30405083655,0.0,0.0
179,14794.35635,3957.02457,25729.01294,2268.38944,432.07418,2700.46362,62485.3097343297,18904.30405083655,0.0,0.0
180,14794.35635,3957.02457,25729.01294,2268.38944,432.07418,2700.46362,62485.3097343297,18904.30405083655,0.0,0.0
181,14794.35635,3957.02457,25729.01294,2268.38944,432.07418,2700.46362,62485.3097343297,18904.30405083655,0.0,0.0
182,14794.35635,3957.02457,25729.01294,2268.38944,432.07418,2700.46362,62485.3097343297,18904.30405083655,0.0,0.0
183,14794.35635,3957.02457,25729.01294,2268.38944,432.07418,2700.46362,62485.3097343297,18904.30405083655,0.0,0.0
184,14794.35635,3957.02457,25729.01294,2268.38944,432.07418,2700.46362,62485.3097343297,18904.30405083655,0.0,0.0
185,14794.35635,3957.02457,25729.01294,2268.38944,432.07418,2700.46362,62485.3097343297,18904.30405083655,0.0,0.0
186,14794.35635,3957.02457,25729.01294,2268.38944,432.07418,2700.46362,62485.3097343297,18904.30405083655,0.0,0.0
187,14794.35635,3957.02457,25729.01294,2268.38944,432.07418,2700.46362,62485.3097343297,18904.30405083655,0.0,0.0
188,14794.35635,3957.02457,25729.01294,2268.38944,432.07418,2700.46362,62485.3097343297,18904.30405083655,0.0,0.0
189,14794.35635,3957.02457,25729.01294,2268.38944,432.07418,2700.46362,62485.3097343297,18904.30405083655,0.0,0.0
190,14794.35635,3957.02457,25729.01294,2268.38944,432.07418,2700.46362,62485.3097343297,18904.30405083655,0.0,0.0
191,14794.35635,3957.02457,25729.01294,2268.38944,432.07418,2700.46362,62485.3097343297,18904.30405083655,0.0,0.0
192,14794.35635,3957.02457,25729.01294,2268.38944,432.07418,2700.46362,62485.3097343297,18904.30405083655,0.0,0.0
193,14794.35635,3957.02457,25729.01294,2268.38944,432.07418,2700.46362,62485.3097343297,18904.30405083655,0.0,0.0
194,14794.35635,3957.02457,25729.01294,2268.38944,432.07418,2700.46362,62485.3097343297,18904.30405083655,0.0,0.0
195,14794.35635,3957.02457,25729.01294,2268.38944,432.07418,2700.46362,62485.3097343297,18904.30405083655,0.0,0.0
196,14794.35635,3957.02457,25729.01294,2268.38944,432.07418,2700.46362,62485.3097343297,18904.30405083655,0.0,0.0
197,14794.35635,3957.02457,25729.01294,2268.38944,432.07418,2700.46362,62485.3097343297,18904.30405083655,0.0,0.0
198,14794.35635,3957.02457,25729.01294,2268.38944,432.07418,2700.46362,62485.3097343297,18904.30405083655,0.0,0.0
199,14794.35635,3957.02457,25729.01294,2268.38944,432.07418,2700.46362,62485.3097343297,18904.30405083655,0.0,0.0
200,14794.35635,3957.02457,25729.01294,2268.38944,432.07418,2700.46362,62485.3097343297,18904.30405083655,0.0,0.0
201,14794.35635,3957.02457,25729.01294,2268.38944,432.07418,2700.46362,62485.3097343297,18904.30405083655,0.0,0.0
202,14794.35635,3957.02457,25729.01294,2268.38944,432.07418,2700.46362,62485.3097343297,18904.30405083655,0.0,0.0
203,14794.35635,3957.02457,25729.01294,2268.38944,432.07418,2700.46362,62485.3097343297,18904.30405083655,0.0,0.0
204,14794.35635,3957.02457,25729.01294,2268.38944,432.07418,2700.46362,62485.3097343297,18904.30405083655,0.0,0.0
205,14794.35635,3957.02457,25729.01294,2268.38944,432.07418,2700.46362,62485.3097343297,18904.30405083655,0.0,0.0
206,14794.35635,3957.02457,25729.01294,2268.38944,432.07418,2700.46362,62485.3097343297,18904.30405083655,0.0,0.0
207,14794.35635,3957.02457,25729.01294,2268.38944,432.07418,2700.46362,62485.3097343297,18904.30405083655,0.0,0.0
208,14794.35635,3957.02457,25729.01294,2268.38944,432.07418,2700.46362,62485.3097343297,18904.30405083655,0.0,0.0
209,14794.35635,3957.02457,25729.01294,2268.38944,432.07418,2700.46362,62485.3097343297,18904.30405083655,0.0,0.0
210,14794.35635,3957.02457,25729.01294,2268.38944,432.07418,2700.46362,62485.3097343297,18904.30405083655,0.0,0.0
211,14794.35635,3957.02457,25729.01294,2268.38944,432.07418,2700.46362,62485.3097343297,18904.30405083655,0.0,0.0
212,14794.35635,3957.02457,25729.01294,2268.38944,432.07418,2700.46362,62485.3097343297,18904.30405083655,0.0,0.0
213,14794.35635,3957.02457,25729.01294,2268.38944,432.07418,2700.46362,62485.3097343297,18904.30405083655,0.0,0.0
214,14794.35635,3957.02457,25729.01294,2268.38944,432.07418,2700.46362,62485.3097343297,18904.30405083655,0.0,0.0
215,14794.35635,3957.02457,25729.01294,2268.38944,432.07418,2700.46362,62485.3097343297,18904.30405083655,0.0,0.0
216,14794.35635,3957.02457,25729.01294,2268.38944,432.07418,2700.46362,62485.3097343297,18904.30405083655,0.0,0.0
217,14794.35635,3957.02457,25729.01294,2268.38944,432.07418,2700.46362,62485.3097343297,18904.30405083655,0.0,0.0
218,14794.35635,3957.02457,25729.01294,2268.38944,432.07418,2700.46362,62485.3097343297,18904.30405083655,0.0,0.0
219,14794.35635,3957.02457,25729.01294,2268.38944,432.07418,2700.46362,62485.3097343297,18904.30405083655,0.0,0.0
220,14794.35635,3957.02457,25729.01294,2268.38944,432.07418,2700.46362,62485.3097343297,18904.30405083655,0.0,0.0
221,14794.35635,3957.02457,25729.01294,2268.38944,432.07418,2700.46362,62485.3097343297,18904.30405083655,0.0,0.0
222,14794.35635,3957.02457,25729.01294,2268.38944,432.07418,2700.46362,62485.3097343297,18904.30405083655,0.0,0.0
223,14794.35635,3957.02457,25729.01294,2268.38944,432.07418,2700.46362,62485.3097343297,18904.30405083655,0.0,0.0
224,14794.35635,3957.02457,25729.01294,2268.38944,432.07418,2700.46362,62485.3097343297,18904.30405083655,0.0,0.0
225,14794.35635,3957.02457,25729.01294,2268.38944,432.07418,2700.46362,62485.3097343297,18904.30405083655,0.0,0.0
226,14794.35635,3957.02457,25729.01294,2268.38944,432.07418,2700.46362,62485.3097343297,18904.30405083655,0.0,0.0
227,14794.35635,3957.02457,25729.01294,2268.38944,432.07418,2700.46362,62485.3097343297,18904.30405083655,0.0,0.0
228,14794.35635,3957.02457,25729.01294,2268.38944,432.07418,2700.46362,62485.3097343297,18904.30405083655,0.0,0.0
229,14794.35635,3957.02457,25729.01294,2268.38944,432.07418,2700.46362,62485.3097343297,18904.30405083655,0.0,0.0
230,14794.35635,3957.02457,25729.01294,2268.38944,432.07418,2700.46362,62485.3097343297,18904.30405083655,0.0,0.0
231,14794.35635,3957.02457,25729.01294,2268.38944,432.07418,2700.46362,62485.3097343297,18904.30405083655,0.0,0.0
232,14794.35635,3957.02457,25729.01294,2268.38944,432.07418,2700.46362,62485.3097343297,18904.30405083655,0.0,0.0
233,14794.35635,3957.02457,25729.01294,2268.38944,432.07418,2700.46362,62485.3097343297,18904.30405083655,0.0,0.0
234,14794.35635,3957.02457,25729.01294,2268.38944,432.07418,2700.46362,62485.3097343297,18904.30405083655,0.0,0.0
235,14794.35635,3957.02457,25729.01294,2268.38944,432.07418,2700.46362,62485.3097343297,18904.30405083655,0.0,0.0
236,14794.35635,3957.02457,25729.01294,2268.38944,432.07418,2700.46362,62485.3097343297,18904.30405083655,0.0,0.0
237,14794.35635,3957.02457,25729.01294,2268.38944,432.07418,2700.46362,62485.3097343297,18904.30405083655,0.0,0.0
238,14794.35635,3957.02457,25729.01294,2268.38944,432.07418,2700.46362,62485.3097343297,18904.30405083655,0.0,0.0
239,14794.35635,3957.02457,25729.01294,2268.38944,432.07418,2700.46362,62485.3097343297,18904.30405083655,0.0,0.0
240,14794.35635,3957.02457,25729.01294,2268.38944,432.07418,2700.46362,62485.3097343297,18904.30405083655,0.0,0.0
241,14794.35635,3957.02457,25729.01294,2268.38944,432.07418,2700.46362,62485.3097343297,18904.30405083655,0.0,0.0
242,14794.35635,3957.02457,25729.01294,2268.38944,432.07418,2700.46362,62485.3097343297,18904.30405083655,0.0,0.0
243,14794.35635,3957.02457,25729.01294,2268.38944,432.07418,2700.46362,62485.3097343297,18904.30405083655,0.0,0.0
244,14794.35635,3957.02457,25729.01294,2268.38944,432.07418,2700.46362,62485.3097343297,18904.30405083655,0.0,0.0
245,14794.35635,3957.02457,25729.01294,2268.38944,432.07418,2700.46362,62485.3097343297,18904.30405083655,0.0,0.0
246,14794.35635,3957.02457,25729.01294,2268.38944,432.07418,2700.46362,62485.3097343297,18904.30405083655,0.0,0.0
247,14794.35635,3957.02457,25729.01294,2268.38944,432.07418,2700.46362,62485.3097343297,18904.30405083655,0.0,0.0
248,14794.35635,3957.02457,25729.01294,2268.38944,432.07418,2700.46362,62485.3097343297,18904.30405083655,0.0,0.0
249,14794.35635,3957.02457,25729.01294,2268.38944,432.07418,2700.46362,62485.3097343297,18904.30405083655,0.0,0.0
250,14794.35635,3957.02457,25729.01294,2268.38944,432.07418,2700.46362,62485.3097343297,18904.30405083655,0.0,0.0
251,14794.35635,3957.02457,25729.01294,2268.38944,432.07418,2700.46362,62485.3097343297,18904.30405083655,0.0,0.0
252,14794.35635,3957.02457,25729.01294,2268.38944,432.07418,2700.46362,62485.3097343297,18904.30405083655,0.0,0.0
253,14794.35635,3957.02457,25729.01294,2268.38944,432.07418,2700.46362,62485.3097343297,18904.30405083655,0.0,0.0
254,14794.35635,3957.02457,25729.01294,2268.38944,432.07418,2700.46362,62485.3097343297,18904.30405083655,0.0,0.0
255,14794.35635,3957.02457,25729.01294,2268.38944,432.07418,2700.46362,62485.3097343297,18904.30405083655,0.0,0.0
256,14794.35635,3957.02457,25729.01294,2268.38944,432.07418,2700.46362,62485.3097343297,18904.30405083655,0.0,0.0
257,14794.35635,3957.02457,25729.01294,2268.38944,432.07418,2700.46362,62485.3097343297,18904.30405083655,0.0,0.0
258,14794.35635,3957.02457,25729.01294,2268.38944,432.07418,2700.46362,62485.3097343297,18904.30405083655,0.0,0.0
259,14794.35635,3957.02457,25729.01294,2268.38944,432.07418,2700.46362,62485.3097343297,18904.30405083655,0.0,0.0
260,14794.35635,3957.02457,25729.01294,2268.38944,432.07418,2700.46362,62485.3097343297,18904.30405083655,0.0,0.0
261,14794.35635,3957.02457,25729.01294,2268.38944,432.07418,2700.46362,62485.3097343297,18904.30405083655,0.0,0.0
262,14794.35635,3957.02457,25729.01294,2268.38944,432.07418,2700.46362,62485.3097343297,18904.30405083655,0.0,0.0
263,14794.35635,3957.02457,25729.01294,2268.38944,432.07418,2700.46362,62485.3097343297,18904.30405083655,0.0,0.0
264,14794.35635,3957.02457,25729.01294,2268.38944,432.07418,2700.46362,62485.3097343297,18904.30405083655,0.0,0.0
265,14794.35635,3957.02457,25729.01294,2268.38944,432.07418,2700.46362,62485.3097343297,18904.30405083655,0.0,0.0
266,14794.35635,3957.02457,25729.01294,2268.38944,432.07418,2700.46362,62485.3097343297,18904.30405083655,0.0,0.0
267,14794.35635,3957.02457,25729.01294,2268.38944,432.07418,2700.46362,62485.3097343297,18904.30405083655,0.0,0.0
268,14794.35635,3957.02457,25729.01294,2268.38944,432.07418,2700.46362,62485.3097343297,18904.30405083655,0.0,0.0
269,14794.35635,3957.02457,25729.01294,2268.38944,432.07418,2700.46362,62485.3097343297,18904.30405083655,0.0,0.0
270,14794.35635,3957.02457,25729.01294,2268.38944,432.07418,2700.46362,62485.3097343297,18904.30405083655,0.0,0.0
271,14794.35635,3957.02457,25729.01294,2268.38944,432.07418,2700.46362,62485.3097343297,18904.30405083655,0.0,0.0
272,14794.35635,3957.02457,25729.01294,2268.38944,432.07418,2700.46362,62485.3097343297,18904.30405083655,0.0,0.0
273,14794.35635,3957.02457,25729.01294,2268.38944,432.07418,2700.46362,62485.3097343297,18904.30405083655,0.0,0.0
274,14794.35635,3957.02457,25729.01294,2268.38944,432.07418,2700.46362,62485.3097343297,18904.30405083655,0.0,0.0
275,14794.35635,3957.02457,25729.01294,2268.38944,432.07418,2700.46362,62485.3097343297,18904.30405083655,0.0,0.0
276,14794.35635,3957.02457,25729.01294,2268.38944,432.07418,2700.46362,62485.3097343297,18904.30405083655,0.0,0.0
277,14794.35635,3957.02457,25729.01294,2268.38944,432.07418,2700.46362,62485.3097343297,18904.30405083655,0.0,0.0
278,14794.35635,3957.02457,25729.01294,2268.38944,432.07418,2700.46362,62485.3097343297,18904.30405083655,0.0,0.0
279,14794.35635,3957.02457,25729.01294,2268.38944,432.07418,2700.46362,62485.3097343297,18904.30405083655,0.0,0.0
280,14794.35635,3957.02457,25729.01294,2268.38944,432.07418,2700.46362,62485.3097343297,18904.30405083655,0.0,0.0
281,14794.35635,3957.02457,25729.01294,2268.38944,432.07418,2700.46362,62485.3097343297,18904.30405083655,0.0,0.0
282,14794.35635,3957.02457,25729.01294,2268.38944,432.07418,2700.46362,62485.3097343297,18904.30405083655,0.0,0.0
283,14794.35635,3957.02457,25729.01294,2268.38944,432.07418,2700.46362,62485.3097343297,18904.30405083655,0.0,0.0
284,14794.35635,3957.02457,25729.01294,2268.38944,432.07418,2700.46362,62485.3097343297,18904.30405083655,0.0,0.0
285,14794.35635,3957.02457,25729.01294,2268.38944,432.07418,2700.46362,62485.3097343297,18904.30405083655,0.0,0.0
286,14794.35635,3957.02457,25729.01294,2268.38944,432.07418,2700.46362,62485.3097343297,18904.30405083655,0.0,0.0
287,14794.35635,3957.02457,25729.01294,2268.38944,432.07418,2700.46362,62485.3097343297,18904.30405083655,0.0,0.0
288,14794.35635,3957.02457,25729.01294,2268.38944,432.07418,2700.46362,62485.3097343297,18904.30405083655,0.0,0.0
289,14794.35635,3957.02457,25729.01294,2268.38944,432.07418,2700.46362,62485.3097343297,18904.30405083655,0.0,0.0
290,14794.35635,3957.02457,25729.01294,2268.38944,432.07418,2700.46362,62485.3097343297,18904.30405083655,0.0,0.0
291,14794.35635,3957.02457,25729.01294,2268.38944,432.07418,2700.46362,62485.3097343297,18904.30405083655,0.0,0.0
292,14794.35635,3957.02457,25729.01294,2268.38944,432.07418,2700.46362,62485.3097343297,18904.30405083655,0.0,0.0
293,14794.35635,3957.02457,25729.01294,2268.38944,432.07418,2700.46362,62485.3097343297,18904.30405083655,0.0,0.0
294,14794.35635,3957.02457,25729.01294,2268.38944,432.07418,2700.46362,62485.3097343297,18904.30405083655,0.0,0.0
295,14794.35635,3957.02457,25729.01294,2268.38944,432.07418,2700.46362,62485.3097343297,18904.30405083655,0.0,0.0
296,14794.35635,3957.02457,25729.01294,2268.38944,432.07418,2700.46362,62485.3097343297,18904.30405083655,0.0,0.0
297,14794.35635,3957.02457,25729.01294,2268.38944,432.07418,2700.46362,62485.3097343297,18904.30405083655,0.0,0.0
298,14794.35635,3957.02457,25729.01294,2268.38944,432.07418,2700.46362,62485.3097343297,18904.30405083655,0.0,0.0
299,14794.35635,3957.02457,25729.01294,2268.38944,432.07418,2700.46362,62485.3097343297,18904.30405083655,0.0,0.0
300,14794.35635,3957.02457,25729.01294,2268.38944,432.07418,2700.46362,62485.3097343297,18904.30405083655,0.0,0.0
301,14794.35635,3957.02457,25729.01294,2268.38944,432.07418,2700.46362,62485.3097343297,18904.30405083655,0.0,0.0
302,14794.35635,3957.02457,25729.01294,2268.38944,432.07418,2700.46362,62485.3097343297,18904.30405083655,0.0,0.0
303,14794.35635,3957.02457,25729.01294,2268.38944,432.07418,2700.46362,62485.3097343297,18904.30405083655,0.0,0.0
304,14794.35635,3957.02457,25729.01294,2268.38944,432.07418,2700.46362,62485.3097343297,18904.30405083655,0.0,0.0
305,14794.35635,3957.02457,25729.01294,2268.38944,432.07418,2700.46362,62485.3097343297,18904.30405083655,0.0,0.0
306,14794.35635,3957.02457,25729.01294,2268.38944,432.07418,2700.46362,62485.3097343297,18904.30405083655,0.0,0.0
307,14794.35635,3957.02457,25729.01294,2268.38944,432.07418,2700.46362,62485.3097343297,18904.30405083655,0.0,0.0
308,14794.35635,3957.02457,25729.01294,2268.38944,432.07418,2700.46362,62485.3097343297,18904.30405083655,0.0,0.0
309,14794.35635,3957.02457,25729.01294,2268.38944,432.07418,2700.46362,62485.3097343297,18904.30405083655,0.0,0.0
310,14794.35635,3957.02457,25729.01294,2268.38944,432.07418,2700.46362,62485.3097343297,18904.30405083655,0.0,0.0
311,14794.35635,3957.02457,25729.01294,2268.38944,432.07418,2700.46362,62485.3097343297,18904.30405083655,0.0,0.0
312,14794.35635,3957.02457,25729.01294,2268.38944,432.07418,2700.46362,62485.3097343297,18904.30405083655,0.0,0.0
313,14794.35635,3957.02457,25729.01294,2268.38944,432.07418,2700.46362,62485.3097343297,18904.30405083655,0.0,0.0
314,14794.35635,3957.02457,25729.01294,2268.38944,432.07418,2700.46362,62485.3097343297,18904.30405083655,0.0,0.0
315,14794.35635,3957.02457,25729.01294,2268.38944,432.07418,2700.46362,62485.3097343297,18904.30405083655,0.0,0.0
316,14794.35635,3957.02457,25729.01294,2268.38944,432.07418,2700.46362,62485.3097343297,18904.30405083655,0.0,0.0
317,14794.35635,3957.02457,25729.01294,2268.38944,432.07418,2700.46362,62485.3097343297,18904.30405083655,0.0,0.0
318,14794.35635,3957.02457,25729.01294,2268.38944,432.07418,2700.46362,62485.3097343297,18904.30405083655,0.0,0.0
319,14794.35635,3957.02457,25729.01294,2268.38944,432.07418,2700.46362,62485.3097343297,18904.30405083655,0.0,0.0
320,14794.35635,3957.02457,25729.01294,2268.38944,432.07418,2700.46362,62485.3097343297,18904.30405083655,0.0,0.0
321,14794.35635,3957.02457,25729.01294,2268.38944,432.07418,2700.46362,62485.3097343297,18904.30405083655,0.0,0.0
322,14794.35635,3957.02457,25729.01294,2268.38944,432.07418,2700.46362,62485.3097343297,18904.30405083655,0.0,0.0
323,14794.35635,3957.02457,25729.01294,2268.38944,432.07418,2700.46362,62485.3097343297,18904.30405083655,0.0,0.0
324,14794.35635,3957.02457,25729.01294,2268.38944,432.07418,2700.46362,62485.3097343297,18904.30405083655,0.0,0.0
325,14794.35635,3957.02457,25729.01294,2268.38944,432.07418,2700.46362,62485.3097343297,18904.30405083655,0.0,0.0
326,14794.35635,3957.02457,25729.01294,2268.38944,432.07418,2700.46362,62485.3097343297,18904.30405083655,0.0,0.0
327,14794.35635,3957.02457,25729.01294,2268.38944,432.07418,2700.46362,62485.3097343297,18904.30405083655,0.0,0.0
328,14794.35635,3957.02457,25729.01294,2268.38944,432.07418,2700.46362,62485.3097343297,18904.30405083655,0.0,0.0
329,14794.35635,3957.02457,25729.01294,2268.38944,432.07418,2700.46362,62485.3097343297,18904.30405083655,0.0,0.0
330,14794.35635,3957.02457,25729.01294,2268.38944,432.07418,2700.46362,62485.3097343297,18904.30405083655,0.0,0.0
331,14794.35635,3957.02457,25729.01294,2268.38944,432.07418,2700.46362,62485.3097343297,18904.30405083655,0.0,0.0
332,14794.35635,3957.02457,25729.01294,2268.38944,432.07418,2700.46362,62485.3097343297,18904.30405083655,0.0,0.0
333,14794.35635,3957.02457,25729.01294,2268.38944,432.07418,2700.46362,62485.3097343297,18904.30405083655,0.0,0.0
334,14794.35635,3957.02457,25729.01294,2268.38944,432.07418,2700.46362,62485.3097343297,18904.30405083655,0.0,0.0
335,14794.35635,3957.02457,25729.01294,2268.38944,432.07418,2700.46362,62485.3097343297,18904.30405083655,0.0,0.0
336,14794.35635,3957.02457,25729.01294,2268.38944,432.07418,2700.46362,62485.3097343297,18904.30405083655,0.0,0.0
337,14794.35635,3957.02457,25729.01294,2268.38944,432.07418,2700.46362,62485.3097343297,18904.30405083655,0.0,0.0
338,14794.35635,3957.02457,25729.01294,2268.38944,432.07418,2700.46362,62485.3097343297,18904.30405083655,0.0,0.0
339,14794.35635,3957.02457,25729.01294,2268.38944,432.07418,2700.46362,62485.3097343297,18904.30405083655,0.0,0.0
340,14794.35635,3957.02457,25729.01294,2268.38944,432.07418,2700.46362,62485.3097343297,18904.30405083655,0.0,0.0
341,14794.35635,3957.02457,25729.01294,2268.38944,432.07418,2700.46362,62485.3097343297,18904.30405083655,0.0,0.0
342,14794.35635,3957.02457,25729.01294,2268.38944,432.07418,2700.46362,62485.3097343297,18904.30405083655,0.0,0.0
343,14794.35635,3957.02457,25729.01294,2268.38944,432.07418,2700.46362,62485.3097343297,18904.30405083655,0.0,0.0
344,14794.35635,3957.02457,25729.01294,2268.38944,432.07418,2700.46362,62485.3097343297,18904.30405083655,0.0,0.0
345,14794.35635,3957.02457,25729.01294,2268.38944,432.07418,2700.46362,62485.3097343297,18904.30405083655,0.0,0.0
346,14794.35635,3957.02457,25729.01294,2268.38944,432.07418,2700.46362,62485.3097343297,18904.30405083655,0.0,0.0
347,14794.35635,3957.02457,25729.01294,2268.38944,432.07418,2700.46362,62485.3097343297,18904.30405083655,0.0,0.0
348,14794.35635,3957.02457,25729.01294,2268.38944,432.07418,2700.46362,62485.3097343297,18904.30405083655,0.0,0.0
349,14794.35635,3957.02457,25729.01294,2268.38944,432.07418,2700.46362,62485.3097343297,18904.30405083655,0.0,0.0
350,14794.35635,3957.02457,25729.01294,2268.38944,432.07418,2700.46362,62485.3097343297,18904.30405083655,0.0,0.0
351,14794.35635,3957.02457,25729.01294,2268.38944,432.07418,2700.46362,62485.3097343297,18904.30405083655,0.0,0.0
352,14794.35635,3957.02457,25729.01294,2268.38944,432.07418,2700.46362,62485.3097343297,18904.30405083655,0.0,0.0
353,14794.35635,3957.02457,25729.01294,2268.38944,432.07418,2700.46362,62485.3097343297,18904.30405083655,0.0,0.0
354,14794.35635,3957.02457,25729.01294,2268.38944,432.07418,2700.46362,62485.3097343297,18904.30405083655,0.0,0.0
355,14794.35635,3957.02457,25729.01294,2268.38944,432.07418,2700.46362,62485.3097343297,18904.30405083655,0.0,0.0
356,14794.35635,3957.02457,25729.01294,2268.38944,432.07418,2700.46362,62485.3097343297,18904.30405083655,0.0,0.0
357,14794.35635,3957.02457,25729.01294,2268.38944,432.07418,2700.46362,62485.3097343297,18904.30405083655,0.0,0.0
358,14794.35635,3957.02457,25729.01294,2268.38944,432.07418,2700.46362,62485.3097343297,18904.30405083655,0.0,0.0
359,14794.35635,3957.02457,25729.01294,2268.38944,432.07418,2700.46362,62485.3097343297,18904.30405083655,0.0,0.0
360,14794.35635,3957.02457,25729.01294,2268.38944,432.07418,2700.46362,62485.3097343297,18904.30405083655,0.0,0.0
361,14794.35635,3957.02457,25729.01294,2268.38944,432.07418,2700.46362,62485.3097343297,18904.30405083655,0.0,0.0
362,14794.35635,3957.02457,25729.01294,2268.38944,432.07418,2700.46362,62485.3097343297,18904.30405083655,0.0,0.0
363,14794.35635,3957.02457,25729.01294,2268.38944,432.07418,2700.46362,62485.3097343297,18904.30405083655,0.0,0.0
364,14794.35635,3957.02457,25729.01294,2268.38944,432.07418,2700.46362,62485.3097343297,18904.30405083655,0.0,0.0
365,14794.35635,3957.02457,25729.01294,2268.38944,432.07418,2700.46362,62485.3097343297,18904.30405083655,0.0,0.0
366,14794.35635,3957.02457,25729.01294,2268.38944,432.07418,2700.46362,62485.3097343297,18904.30405083655,0.0,0.0
367,14794.35635,3957.02457,25729.01294,2268.38944,432.07418,2700.46362,62485.3097343297,18904.30405083655,0.0,0.0
368,14794.35635,3957.02457,25729.01294,2268.38944,432.07418,2700.46362,62485.3097343297,18904.30405083655,0.0,0.0
369,14794.35635,3957.02457,25729.01294,2268.38944,432.07418,2700.46362,62485.3097343297,18904.30405083655,0.0,0.0
370,14794.35635,3957.02457,25729.01294,2268.38944,432.07418,2700.46362,62485.3097343297,18904.30405083655,0.0,0.0
371,14794.35635,3957.02457,25729.01294,2268.38944,432.07418,2700.46362,62485.3097343297,18904.30405083655,0.0,0.0
372,14794.35635,3957.02457,25729.01294,2268.38944,432.07418,2700.46362,62485.3097343297,18904.30405083655,0.0,0.0
373,14794.35635,3957.02457,25729.01294,2268.38944,432.07418,2700.46362,62485.3097343297,18904.30405083655,0.0,0.0
374,14794.35635,3957.02457,25729.01294,2268.38944,432.07418,2700.46362,62485.3097343297,18904.30405083655,0.0,0.0
375,14794.35635,3957.02457,25729.01294,2268.38944,432.07418,2700.46362,62485.3097343297,18904.30405083655,0.0,0.0
376,14794.35635,3957.02457,25729.01294,2268.38944,432.07418,2700.46362,62485.3097343297,18904.30405083655,0.0,0.0
377,14794.35635,3957.02457,25729.01294,2268.38944,432.07418,2700.46362,62485.3097343297,18904.30405083655,0.0,0.0
378,14794.35635,3957.02457,25729.01294,2268.38944,432.07418,2700.46362,62485.3097343297,18904.30405083655,0.0,0.0
379,14794.35635,3957.02457,25729.01294,2268.38944,432.07418,2700.46362,62485.3097343297,18904.30405083655,0.0,0.0
380,14794.35635,3957.02457,25729.01294,2268.38944,432.07418,2700.46362,62485.3097343297,18904.30405083655,0.0,0.0
381,14794.35635,3957.02457,25729.01294,2268.38944,432.07418,2700.46362,62485.3097343297,18904.30405083655,0.0,0.0
382,14794.35635,3957.02457,25729.01294,2268.38944,432.07418,2700.46362,62485.3097343297,18904.30405083655,0.0,0.0
383,14794.35635,3957.02457,25729.01294,2268.38944,432.07418,2700.46362,62485.3097343297,18904.30405083655,0.0,0.0
384,14794.35635,3957.02457,25729.01294,2268.38944,432.07418,2700.46362,62485.3097343297,18904.30405083655,0.0,0.0
385,14794.35635,3957.02457,25729.01294,2268.38944,432.07418,2700.46362,62485.3097343297,18904.30405083655,0.0,0.0
386,14794.35635,3957.02457,25729.01294,2268.38944,432.07418,2700.46362,62485.3097343297,18904.30405083655,0.0,0.0
387,14794.35635,3957.02457,25729.01294,2268.38944,432.07418,2700.46362,62485.3097343297,18904.30405083655,0.0,0.0
388,14794.35635,3957.02457,25729.01294,2268.38944,432.07418,2700.46362,62485.3097343297,18904.30405083655,0.0,0.0
389,14794.35635,3957.02457,25729.01294,2268.38944,432.07418,2700.46362,62485.3097343297,18904.30405083655,0.0,0.0
390,14794.35635,3957.02457,25729.01294,2268.38944,432.07418,2700.46362,62485.3097343297,18904.30405083655,0.0,0.0
391,14794.35635,3957.02457,25729.01294,2268.38944,432.07418,2700.46362,62485.3097343297,18904.30405083655,0.0,0.0
392,14794.35635,3957.02457,25729.01294,2268.38944,432.07418,2700.46362,62485.3097343297,18904.30405083655,0.0,0.0
393,14794.35635,3957.02457,25729.01294,2268.38944,432.07418,2700.46362,62485.3097343297,18904.30405083655,0.0,0.0
394,14794.35635,3957.02457,25729.01294,2268.38944,432.07418,2700.46362,62485.3097343297,18904.30405083655,0.0,0.0
395,14794.35635,3957.02457,25729.01294,2268.38944,432.07418,2700.46362,62485.3097343297,18904.30405083655,0.0,0.0
396,14794.35635,3957.02457,25729.01294,2268.38944,432.07418,2700.46362,62485.3097343297,18904.30405083655,0.0,0.0
397,14794.35635,3957.02457,25729.01294,2268.38944,432.07418,2700.46362,62485.3097343297,18904.30405083655,0.0,0.0
398,14794.35635,3957.02457,25729.01294,2268.38944,432.07418,2700.46362,62485.3097343297,18904.30405083655,0.0,0.0
399,14794.35635,3957.02457,25729.01294,2268.38944,432.07418,2700.46362,62485.3097343297,18904.30405083655,0.0,0.0
400,14794.35635,3957.02457,25729.01294,2268.38944,432.07418,2700.46362,62485.3097343297,18904.30405083655,0.0,0.0
401,14794.35635,3957.02457,25729.01294,2268.38944,432.07418,2700.46362,62485.3097343297,18904.30405083655,0.0,0.0
402,14794.35635,3957.02457,25729.01294,2268.38944,432.07418,2700.46362,62485.3097343297,18904.30405083655,0.0,0.0
403,14794.35635,3957.02457,25729.01294,2268.38944,432.07418,2700.46362,62485.3097343297,18904.30405083655,0.0,0.0
404,14794.35635,3957.02457,25729.01294,2268.38944,432.07418,2700.46362,62485.3097343297,18904.30405083655,0.0,0.0
405,14794.35635,3957.02457,25729.01294,2268.38944,432.07418,2700.46362,62485.3097343297,18904.30405083655,0.0,0.0
406,14794.35635,3957.02457,25729.01294,2268.38944,432.07418,2700.46362,62485.3097343297,18904.30405083655,0.0,0.0
407,14794.35635,3957.02457,25729.01294,2268.38944,432.07418,2700.46362,62485.3097343297,18904.30405083655,0.0,0.0
408,14794.35635,3957.02457,25729.01294,2268.38944,432.07418,2700.46362,62485.3097343297,18904.30405083655,0.0,0.0
409,14794.35635,3957.02457,25729.01294,2268.38944,432.07418,2700.46362,62485.3097343297,18904.30405083655,0.0,0.0
410,14794.35635,3957.02457,25729.01294,2268.38944,432.07418,2700.46362,62485.3097343297,18904.30405083655,0.0,0.0
411,14794.35635,3957.02457,25729.01294,2268.38944,432.07418,2700.46362,62485.3097343297,18904.30405083655,0.0,0.0
412,14794.35635,3957.02457,25729.01294,2268.38944,432.07418,2700.46362,62485.3097343297,18904.30405083655,0.0,0.0
413,14794.35635,3957.02457,25729.01294,2268.38944,432.07418,2700.46362,62485.3097343297,18904.30405083655,0.0,0.0
414,14794.35635,3957.02457,25729.01294,2268.38944,432.07418,2700.46362,62485.3097343297,18904.30405083655,0.0,0.0
415,14794.35635,3957.02457,25729.01294,2268.38944,432.07418,2700.46362,62485.3097343297,18904.30405083655,0.0,0.0
416,14794.35635,3957.02457,25729.01294,2268.38944,432.07418,2700.46362,62485.3097343297,18904.30405083655,0.0,0.0
417,14794.35635,3957.02457,25729.01294,2268.38944,432.07418,2700.46362,62485.3097343297,18904.30405083655,0.0,0.0
418,14794.35635,3957.02457,25729.01294,2268.38944,432.07418,2700.46362,62485.3097343297,18904.30405083655,0.0,0.0
419,14794.35635,3957.02457,25729.01294,2268.38944,432.07418,2700.46362,62485.3097343297,18904.30405083655,0.0,0.0
420,14794.35635,3957.02457,25729.01294,2268.38944,432.07418,2700.46362,62485.3097343297,18904.30405083655,0.0,0.0
421,14794.35635,3957.02457,25729.01294,2268.38944,432.07418,2700.46362,62485.3097343297,18904.30405083655,0.0,0.0
422,14794.35635,3957.02457,25729.01294,2268.38944,432.07418,2700.46362,62485.3097343297,18904.30405083655,0.0,0.0
423,14794.35635,3957.02457,25729.01294,2268.38944,432.07418,2700.46362,62485.3097343297,18904.30405083655,0.0,0.0
424,14794.35635,3957.02457,25729.01294,2268.38944,432.07418,2700.46362,62485.3097343297,18904.30405083655,0.0,0.0
425,14794.35635,3957.02457,25729.01294,2268.38944,432.07418,2700.46362,62485.3097343297,18904.30405083655,0.0,0.0
426,14794.35635,3957.02457,25729.01294,2268.38944,432.07418,2700.46362,62485.3097343297,18904.30405083655,0.0,0.0
427,14794.35635,3957.02457,25729.01294,2268.38944,432.07418,2700.46362,62485.3097343297,18904.30405083655,0.0,0.0
428,14794.35635,3957.02457,25729.01294,2268.38944,432.07418,2700.46362,62485.3097343297,18904.30405083655,0.0,0.0
429,14794.35635,3957.02457,25729.01294,2268.38944,432.07418,2700.46362,62485.3097343297,18904.30405083655,0.0,0.0
430,14794.35635,3957.02457,25729.01294,2268.38944,432.07418,2700.46362,62485.3097343297,18904.30405083655,0.0,0.0
431,14794.35635,3957.02457,25729.01294,2268.38944,432.07418,2700.46362,62485.3097343297,18904.30405083655,0.0,0.0
432,14794.35635,3957.02457,25729.01294,2268.38944,432.07418,2700.46362,62485.3097343297,18904.30405083655,0.0,0.0
433,14794.35635,3957.02457,25729.01294,2268.38944,432.07418,2700.46362,62485.3097343297,18904.30405083655,0.0,0.0
434,14794.35635,3957.02457,25729.01294,2268.38944,432.07418,2700.46362,62485.3097343297,18904.30405083655,0.0,0.0
435,14794.35635,3957.02457,25729.01294,2268.38944,432.07418,2700.46362,62485.3097343297,18904.30405083655,0.0,0.0
436,14794.35635,3957.02457,25729.01294,2268.38944,432.07418,2700.46362,62485.3097343297,18904.30405083655,0.0,0.0
437,14794.35635,3957.02457,25729.01294,2268.38944,432.07418,2700.46362,62485.3097343297,18904.30405083655,0.0,0.0
438,14794.35635,3957.02457,25729.01294,2268.38944,432.07418,2700.46362,62485.3097343297,18904.30405083655,0.0,0.0
439,14794.35635,3957.02457,25729.01294,2268.38944,432.07418,2700.46362,62485.3097343297,18904.30405083655,0.0,0.0
440,14794.35635,3957.02457,25729.01294,2268.38944,432.07418,2700.46362,62485.3097343297,18904.30405083655,0.0,0.0
441,14794.35635,3957.02457,25729.01294,2268.38944,432.07418,2700.46362,62485.3097343297,18904.30405083655,0.0,0.0
442,14794.35635,3957.02457,25729.01294,2268.38944,432.07418,2700.46362,62485.3097343297,18904.30405083655,0.0,0.0
443,14794.35635,3957.02457,25729.01294,2268.38944,432.07418,2700.46362,62485.3097343297,18904.30405083655,0.0,0.0
444,14794.35635,3957.02457,25729.01294,2268.38944,432.07418,2700.46362,62485.3097343297,18904.30405083655,0.0,0.0
445,14794.35635,3957.02457,25729.01294,2268.38944,432.07418,2700.46362,62485.3097343297,18904.30405083655,0.0,0.0
446,14794.35635,3957.02457,25729.01294,2268.38944,432.07418,2700.46362,62485.3097343297,18904.30405083655,0.0,0.0
447,14794.35635,3957.02457,25729.01294,2268.38944,432.07418,2700.46362,62485.3097343297,18904.30405083655,0.0,0.0
448,14794.35635,3957.02457,25729.01294,2268.38944,432.07418,2700.46362,62485.3097343297,18904.30405083655,0.0,0.0
449,14794.35635,3957.02457,25729.01294,2268.38944,432.07418,2700.46362,62485.3097343297,18904.30405083655,0.0,0.0
450,14794.35635,3957.02457,25729.01294,2268.38944,432.07418,2700.46362,62485.3097343297,18904.30405083655,0.0,0.0
451,14794.35635,3957.02457,25729.01294,2268.38944,432.07418,2700.46362,62485.3097343297,18904.30405083655,0.0,0.0
452,14794.35635,3957.02457,25729.01294,2268.38944,432.07418,2700.46362,62485.3097343297,18904.30405083655,0.0,0.0
453,14794.35635,3957.02457,25729.01294,2268.38944,432.07418,2700.46362,62485.3097343297,18904.30405083655,0.0,0.0
454,14794.35635,3957.02457,25729.01294,2268.38944,432.07418,2700.46362,62485.3097343297,18904.30405083655,0.0,0.0
455,14794.35635,3957.02457,25729.01294,2268.38944,432.07418,2700.46362,62485.3097343297,18904.30405083655,0.0,0.0
456,14794.35635,3957.02457,25729.01294,2268.38944,432.07418,2700.46362,62485.3097343297,18904.30405083655,0.0,0.0
457,14794.35635,3957.02457,25729.01294,2268.38944,432.07418,2700.46362,62485.3097343297,18904.30405083655,0.0,0.0
458,14794.35635,3957.02457,25729.01294,2268.38944,432.07418,2700.46362,62485.3097343297,18904.30405083655,0.0,0.0
459,14794.35635,3957.02457,25729.01294,2268.38944,432.07418,2700.46362,62485.3097343297,18904.30405083655,0.0,0.0
460,14794.35635,3957.02457,25729.01294,2268.38944,432.07418,2700.46362,62485.3097343297,18904.30405083655,0.0,0.0
461,14794.35635,3957.02457,25729.01294,2268.38944,432.07418,2700.46362,62485.3097343297,18904.30405083655,0.0,0.0
462,14794.35635,3957.02457,25729.01294,2268.38944,432.07418,2700.46362,62485.3097343297,18904.30405083655,0.0,0.0
463,14794.35635,3957.02457,25729.01294,2268.38944,432.07418,2700.46362,62485.3097343297,18904.30405083655,0.0,0.0
464,14794.35635,3957.02457,25729.01294,2268.38944,432.07418,2700.46362,62485.3097343297,18904.30405083655,0.0,0.0
465,14794.35635,3957.02457,25729.01294,2268.38944,432.07418,2700.46362,62485.3097343297,18904.30405083655,0.0,0.0
466,14794.35635,3957.02457,25729.01294,2268.38944,432.07418,2700.46362,62485.3097343297,18904.30405083655,0.0,0.0
467,14794.35635,3957.02457,25729.01294,2268.38944,432.07418,2700.46362,62485.3097343297,18904.30405083655,0.0,0.0
468,14794.35635,3957.02457,25729.01294,2268.38944,432.07418,2700.46362,62485.3097343297,18904.30405083655,0.0,0.0
469,14794.35635,3957.02457,25729.01294,2268.38944,432.07418,2700.46362,62485.3097343297,18904.30405083655,0.0,0.0
470,14794.35635,3957.02457,25729.01294,2268.38944,432.07418,2700.46362,62485.3097343297,18904.30405083655,0.0,0.0
471,14794.35635,3957.02457,25729.01294,2268.38944,432.07418,2700.46362,62485.3097343297,18904.30405083655,0.0,0.0
472,14794.35635,3957.02457,25729.01294,2268.38944,432.07418,2700.46362,62485.3097343297,18904.30405083655,0.0,0.0
473,14794.35635,3957.02457,25729.01294,2268.38944,432.07418,2700.46362,62485.3097343297,18904.30405083655,0.0,0.0
474,14794.35635,3957.02457,25729.01294,2268.38944,432.07418,2700.46362,62485.3097343297,18904.30405083655,0.0,0.0
475,14794.35635,3957.02457,25729.01294,2268.38944,432.07418,2700.46362,62485.3097343297,18904.30405083655,0.0,0.0
476,14794.35635,3957.02457,25729.01294,2268.38944,432.07418,2700.46362,62485.3097343297,18904.30405083655,0.0,0.0
477,14794.35635,3957.02457,25729.01294,2268.38944,432.07418,2700.46362,62485.3097343297,18904.30405083655,0.0,0.0
478,14794.35635,3957.02457,25729.01294,2268.38944,432.07418,2700.46362,62485.3097343297,18904.30405083655,0.0,0.0
479,14794.35635,3957.02457,25729.01294,2268.38944,432.07418,2700.46362,62485.3097343297,18904.30405083655,0.0,0.0
480,14794.35635,3957.02457,25729.01294,2268.38944,432.07418,2700.46362,62485.3097343297,18904.30405083655,0.0,0.0
481,14794.35635,3957.02457,25729.01294,2268.38944,432.07418,2700.46362,62485.3097343297,18904.30405083655,0.0,0.0
482,14794.35635,3957.02457,25729.01294,2268.38944,432.07418,2700.46362,62485.3097343297,18904.30405083655,0.0,0.0
483,14794.35635,3957.02457,25729.01294,2268.38944,432.07418,2700.46362,62485.3097343297,18904.30405083655,0.0,0.0
484,14794.35635,3957.02457,25729.01294,2268.38944,432.07418,2700.46362,62485.3097343297,18904.30405083655,0.0,0.0
485,14794.35635,3957.02457,25729.01294,2268.38944,432.07418,2700.46362,62485.3097343297,18904.30405083655,0.0,0.0
486,14794.35635,3957.02457,25729.01294,2268.38944,432.07418,2700.46362,62485.3097343297,18904.30405083655,0.0,0.0
487,14794.35635,3957.02457,25729.01294,2268.38944,432.07418,2700.46362,62485.3097343297,18904.30405083655,0.0,0.0
488,14794.35635,3957.02457,25729.01294,2268.38944,432.07418,2700.46362,62485.3097343297,18904.30405083655,0.0,0.0
489,14794.35635,3957.02457,25729.01294,2268.38944,432.07418,2700.46362,62485.3097343297,18904.30405083655,0.0,0.0
490,14794.35635,3957.02457,25729.01294,2268.38944,432.07418,2700.46362,62485.3097343297,18904.30405083655,0.0,0.0
491,14794.35635,3957.02457,25729.01294,2268.38944,432.07418,2700.46362,62485.3097343297,18904.30405083655,0.0,0.0
492,14794.35635,3957.02457,25729.01294,2268.38944,432.07418,2700.46362,62485.3097343297,18904.30405083655,0.0,0.0
493,14794.35635,3957.02457,25729.01294,2268.38944,432.07418,2700.46362,62485.3097343297,18904.30405083655,0.0,0.0
494,14794.35635,3957.02457,25729.01294,2268.38944,432.07418,2700.46362,62485.3097343297,18904.30405083655,0.0,0.0
495,14794.35635,3957.02457,25729.01294,2268.38944,432.07418,2700.46362,62485.3097343297,18904.30405083655,0.0,0.0
496,14794.35635,3957.02457,25729.01294,2268.38944,432.07418,2700.46362,62485.3097343297,18904.30405083655,0.0,0.0
497,14794.35635,3957.02457,25729.01294,2268.38944,432.07418,2700.46362,62485.3097343297,18904.30405083655,0.0,0.0
498,14794.35635,3957.02457,25729.01294,2268.38944,432.07418,2700.46362,62485.3097343297,18904.30405083655,0.0,0.0
499,14794.35635,3957.02457,25729.01294,2268.38944,432.07418,2700.46362,62485.3097343297,18904.30405083655,0.0,0.0
500,14794.35635,3957.02457,25729.01294,2268.38944,432.07418,2700.46362,62485.3097343297,18904.30405083655,0.0,0.0
501,14794.35635,3957.02457,25729.01294,2268.38944,432.07418,2700.46362,62485.3097343297,18904.30405083655,0.0,0.0
502,14794.35635,3957.02457,25729.01294,2268.38944,432.07418,2700.46362,62485.3097343297,18904.30405083655,0.0,0.0
503,14794.35635,3957.02457,25729.01294,2268.38944,432.07418,2700.46362,62485.3097343297,18904.30405083655,0.0,0.0
504,14794.35635,3957.02457,25729.01294,2268.38944,432.07418,2700.46362,62485.3097343297,18904.30405083655,0.0,0.0
505,14794.35635,3957.02457,25729.01294,2268.38944,432.07418,2700.46362,62485.3097343297,18904.30405083655,0.0,0.0
506,14794.35635,3957.02457,25729.01294,2268.38944,432.07418,2700.46362,62485.3097343297,18904.30405083655,0.0,0.0
507,14794.35635,3957.02457,25729.01294,2268.38944,432.07418,2700.46362,62485.3097343297,18904.30405083655,0.0,0.0
508,14794.35635,3957.02457,25729.01294,2268.38944,432.07418,2700.46362,62485.3097343297,18904.30405083655,0.0,0.0
509,14794.35635,3957.02457,25729.01294,2268.38944,432.07418,2700.46362,62485.3097343297,18904.30405083655,0.0,0.0
510,14794.35635,3957.02457,25729.01294,2268.38944,432.07418,2700.46362,62485.3097343297,18904.30405083655,0.0,0.0
511,14794.35635,3957.02457,25729.01294,2268.38944,432.07418,2700.46362,62485.3097343297,18904.30405083655,0.0,0.0
512,14794.35635,3957.02457,25729.01294,2268.38944,432.07418,2700.46362,62485.3097343297,18904.30405083655,0.0,0.0
513,14794.35635,3957.02457,25729.01294,2268.38944,432.07418,2700.46362,62485.3097343297,18904.30405083655,0.0,0.0
514,14794.35635,3957.02457,25729.01294,2268.38944,432.07418,2700.46362,62485.3097343297,18904.30405083655,0.0,0.0
515,14794.35635,3957.02457,25729.01294,2268.38944,432.07418,2700.46362,62485.3097343297,18904.30405083655,0.0,0.0
516,14794.35635,3957.02457,25729.01294,2268.38944,432.07418,2700.46362,62485.3097343297,18904.30405083655,0.0,0.0
517,14794.35635,3957.02457,25729.01294,2268.38944,432.07418,2700.46362,62485.3097343297,18904.30405083655,0.0,0.0
518,14794.35635,3957.02457,25729.01294,2268.38944,432.07418,2700.46362,62485.3097343297,18904.30405083655,0.0,0.0
519,14794.35635,3957.02457,25729.01294,2268.38944,432.07418,2700.46362,62485.3097343297,18904.30405083655,0.0,0.0
520,14794.35635,3957.02457,25729.01294,2268.38944,432.07418,2700.46362,62485.3097343297,18904.30405083655,0.0,0.0
521,14794.35635,3957.02457,25729.01294,2268.38944,432.07418,2700.46362,62485.3097343297,18904.30405083655,0.0,0.0
522,14794.35635,3957.02457,25729.01294,2268.38944,432.07418,2700.46362,62485.3097343297,18904.30405083655,0.0,0.0
523,14794.35635,3957.02457,25729.01294,2268.38944,432.07418,2700.46362,62485.3097343297,18904.30405083655,0.0,0.0
524,14794.35635,3957.02457,25729.01294,2268.38944,432.07418,2700.46362,62485.3097343297,18904.30405083655,0.0,0.0
525,14794.35635,3957.02457,25729.01294,2268.38944,432.07418,2700.46362,62485.3097343297,18904.30405083655,0.0,0.0
526,14794.35635,3957.02457,25729.01294,2268.38944,432.07418,2700.46362,62485.3097343297,18904.30405083655,0.0,0.0
527,14794.35635,3957.02457,25729.01294,2268.38944,432.07418,2700.46362,62485.3097343297,18904.30405083655,0.0,0.0
528,14794.35635,3957.02457,25729.01294,2268.38944,432.07418,2700.46362,62485.3097343297,18904.30405083655,0.0,0.0
529,14794.35635,3957.02457,25729.01294,2268.38944,432.07418,2700.46362,62485.3097343297,18904.30405083655,0.0,0.0
530,14794.35635,3957.02457,25729.01294,2268.38944,432.07418,2700.46362,62485.3097343297,18904.30405083655,0.0,0.0
531,14794.35635,3957.02457,25729.01294,2268.38944,432.07418,2700.46362,62485.3097343297,18904.30405083655,0.0,0.0
532,14794.35635,3957.02457,25729.01294,2268.38944,432.07418,2700.46362,62485.3097343297,18904.30405083655,0.0,0.0
533,14794.35635,3957.02457,25729.01294,2268.38944,432.07418,2700.46362,62485.3097343297,18904.30405083655,0.0,0.0
534,14794.35635,3957.02457,25729.01294,2268.38944,432.07418,2700.46362,62485.3097343297,18904.30405083655,0.0,0.0
535,14794.35635,3957.02457,25729.01294,2268.38944,432.07418,2700.46362,62485.3097343297,18904.30405083655,0.0,0.0
536,14794.35635,3957.02457,25729.01294,2268.38944,432.07418,2700.46362,62485.3097343297,18904.30405083655,0.0,0.0
537,14794.35635,3957.02457,25729.01294,2268.38944,432.07418,2700.46362,62485.3097343297,18904.30405083655,0.0,0.0
538,14794.35635,3957.02457,25729.01294,2268.38944,432.07418,2700.46362,62485.3097343297,18904.30405083655,0.0,0.0
539,14794.35635,3957.02457,25729.01294,2268.38944,432.07418,2700.46362,62485.3097343297,18904.30405083655,0.0,0.0
540,14794.35635,3957.02457,25729.01294,2268.38944,432.07418,2700.46362,62485.3097343297,18904.30405083655,0.0,0.0
541,14794.35635,3957.02457,25729.01294,2268.38944,432.07418,2700.46362,62485.3097343297,18904.30405083655,0.0,0.0
542,14794.35635,3957.02457,25729.01294,2268.38944,432.07418,2700.46362,62485.3097343297,18904.30405083655,0.0,0.0
543,14794.35635,3957.02457,25729.01294,2268.38944,432.07418,2700.46362,62485.3097343297,18904.30405083655,0.0,0.0
544,14794.35635,3957.02457,25729.01294,2268.38944,432.07418,2700.46362,62485.3097343297,18904.30405083655,0.0,0.0
545,14794.35635,3957.02457,25729.01294,2268.38944,432.07418,2700.46362,62485.3097343297,18904.30405083655,0.0,0.0
546,14794.35635,3957.02457,25729.01294,2268.38944,432.07418,2700.46362,62485.3097343297,18904.30405083655,0.0,0.0
547,14794.35635,3957.02457,25729.01294,2268.38944,432.07418,2700.46362,62485.3097343297,18904.30405083655,0.0,0.0
548,14794.35635,3957.02457,25729.01294,2268.38944,432.07418,2700.46362,62485.3097343297,18904.30405083655,0.0,0.0
549,14794.35635,3957.02457,25729.01294,2268.38944,432.07418,2700.46362,62485.3097343297,18904.30405083655,0.0,0.0
550,14794.35635,3957.02457,25729.01294,2268.38944,432.07418,2700.46362,62485.3097343297,18904.30405083655,0.0,0.0
551,14794.35635,3957.02457,25729.01294,2268.38944,432.07418,2700.46362,62485.3097343297,18904.30405083655,0.0,0.0
552,14794.35635,3957.02457,25729.01294,2268.38944,432.07418,2700.46362,62485.3097343297,18904.30405083655,0.0,0.0
553,14794.35635,3957.02457,25729.01294,2268.38944,432.07418,2700.46362,62485.3097343297,18904.30405083655,0.0,0.0
554,14794.35635,3957.02457,25729.01294,2268.38944,432.07418,2700.46362,62485.3097343297,18904.30405083655,0.0,0.0
555,14794.35635,3957.02457,25729.01294,2268.38944,432.07418,2700.46362,62485.3097343297,18904.30405083655,0.0,0.0
556,14794.35635,3957.02457,25729.01294,2268.38944,432.07418,2700.46362,62485.3097343297,18904.30405083655,0.0,0.0
557,14794.35635,3957.02457,25729.01294,2268.38944,432.07418,2700.46362,62485.3097343297,18904.30405083655,0.0,0.0
558,14794.35635,3957.02457,25729.01294,2268.38944,432.07418,2700.46362,62485.3097343297,18904.30405083655,0.0,0.0
559,14794.35635,3957.02457,25729.01294,2268.38944,432.07418,2700.46362,62485.3097343297,18904.30405083655,0.0,0.0
560,14794.35635,3957.02457,25729.01294,2268.38944,432.07418,2700.46362,62485.3097343297,18904.30405083655,0.0,0.0
561,14794.35635,3957.02457,25729.01294,2268.38944,432.07418,2700.46362,62485.3097343297,18904.30405083655,0.0,0.0
562,14794.35635,3957.02457,25729.01294,2268.38944,432.07418,2700.46362,62485.3097343297,18904.30405083655,0.0,0.0
563,14794.35635,3957.02457,25729.01294,2268.38944,432.07418,2700.46362,62485.3097343297,18904.30405083655,0.0,0.0
564,14794.35635,3957.02457,25729.01294,2268.38944,432.07418,2700.46362,62485.3097343297,18904.30405083655,0.0,0.0
565,14794.35635,3957.02457,25729.01294,2268.38944,432.07418,2700.46362,62485.3097343297,18904.30405083655,0.0,0.0
566,14794.35635,3957.02457,25729.01294,2268.38944,432.07418,2700.46362,62485.3097343297,18904.30405083655,0.0,0.0
567,14794.35635,3957.02457,25729.01294,2268.38944,432.07418,2700.46362,62485.3097343297,18904.30405083655,0.0,0.0
568,14794.35635,3957.02457,25729.01294,2268.38944,432.07418,2700.46362,62485.3097343297,18904.30405083655,0.0,0.0
569,14794.35635,3957.02457,25729.01294,2268.38944,432.07418,2700.46362,62485.3097343297,18904.30405083655,0.0,0.0
570,14794.35635,3957.02457,25729.01294,2268.38944,432.07418,2700.46362,62485.3097343297,18904.30405083655,0.0,0.0
571,14794.35635,3957.02457,25729.01294,2268.38944,432.07418,2700.46362,62485.3097343297,18904.30405083655,0.0,0.0
572,14794.35635,3957.02457,25729.01294,2268.38944,432.07418,2700.46362,62485.3097343297,18904.30405083655,0.0,0.0
573,14794.35635,3957.02457,25729.01294,2268.38944,432.07418,2700.46362,62485.3097343297,18904.30405083655,0.0,0.0
574,14794.35635,3957.02457,25729.01294,2268.38944,432.07418,2700.46362,62485.3097343297,18904.30405083655,0.0,0.0
575,14794.35635,3957.02457,25729.01294,2268.38944,432.07418,2700.46362,62485.3097343297,18904.30405083655,0.0,0.0
576,14794.35635,3957.02457,25729.01294,2268.38944,432.07418,2700.46362,62485.3097343297,18904.30405083655,0.0,0.0
577,14794.35635,3957.02457,25729.01294,2268.38944,432.07418,2700.46362,62485.3097343297,18904.30405083655,0.0,0.0
578,14794.35635,3957.02457,25729.01294,2268.38944,432.07418,2700.46362,62485.3097343297,18904.30405083655,0.0,0.0
579,14794.35635,3957.02457,25729.01294,2268.38944,432.07418,2700.46362,62485.3097343297,18904.30405083655,0.0,0.0
580,14794.35635,3957.02457,25729.01294,2268.38944,432.07418,2700.46362,62485.3097343297,18904.30405083655,0.0,0.0
581,14794.35635,3957.02457,25729.01294,2268.38944,432.07418,2700.46362,62485.3097343297,18904.30405083655,0.0,0.0
582,14794.35635,3957.02457,25729.01294,2268.38944,432.07418,2700.46362,62485.3097343297,18904.30405083655,0.0,0.0
583,14794.35635,3957.02457,25729.01294,2268.38944,432.07418,2700.46362,62485.3097343297,18904.30405083655,0.0,0.0
584,14794.35635,3957.02457,25729.01294,2268.38944,432.07418,2700.46362,62485.3097343297,18904.30405083655,0.0,0.0
585,14794.35635,3957.02457,25729.01294,2268.38944,432.07418,2700.46362,62485.3097343297,18904.30405083655,0.0,0.0
586,14794.35635,3957.02457,25729.01294,2268.38944,432.07418,2700.46362,62485.3097343297,18904.30405083655,0.0,0.0
587,14794.35635,3957.02457,25729.01294,2268.38944,432.07418,2700.46362,62485.3097343297,18904.30405083655,0.0,0.0
588,14794.35635,3957.02457,25729.01294,2268.38944,432.07418,2700.46362,62485.3097343297,18904.30405083655,0.0,0.0
589,14794.35635,3957.02457,25729.01294,2268.38944,432.07418,2700.46362,62485.3097343297,18904.30405083655,0.0,0.0
590,14794.35635,3957.02457,25729.01294,2268.38944,432.07418,2700.46362,62485.3097343297,18904.30405083655,0.0,0.0
591,14794.35635,3957.02457,25729.01294,2268.38944,432.07418,2700.46362,62485.3097343297,18904.30405083655,0.0,0.0
592,14794.35635,3957.02457,25729.01294,2268.38944,432.07418,2700.46362,62485.3097343297,18904.30405083655,0.0,0.0
593,14794.35635,3957.02457,25729.01294,2268.38944,432.07418,2700.46362,62485.3097343297,18904.30405083655,0.0,0.0
594,14794.35635,3957.02457,25729.01294,2268.38944,432.07418,2700.46362,62485.3097343297,18904.30405083655,0.0,0.0
595,14794.35635,3957.02457,25729.01294,2268.38944,432.07418,2700.46362,62485.3097343297,18904.30405083655,0.0,0.0
596,14794.35635,3957.02457,25729.01294,2268.38944,432.07418,2700.46362,62485.3097343297,18904.30405083655,0.0,0.0
597,14794.35635,3957.02457,25729.01294,2268.38944,432.07418,2700.46362,62485.3097343297,18904.30405083655,0.0,0.0
598,14794.35635,3957.02457,25729.01294,2268.38944,432.07418,2700.46362,62485.3097343297,18904.30405083655,0.0,0.0
599,14794.35635,3957.02457,25729.01294,2268.38944,432.07418,2700.46362,62485.3097343297,18904.30405083655,0.0,0.0
600,14794.35635,3957.02457,25729.01294,2268.38944,432.07418,2700.46362,62485.3097343297,18904.30405083655,0.0,0.0
601,14794.35635,3957.02457,25729.01294,2268.38944,432.07418,2700.46362,62485.3097343297,18904.30405083655,0.0,0.0
602,14794.35635,3957.02457,25729.01294,2268.38944,432.07418,2700.46362,62485.3097343297,18904.30405083655,0.0,0.0
603,14794.35635,3957.02457,25729.01294,2268.38944,432.07418,2700.46362,62485.3097343297,18904.30405083655,0.0,0.0
604,14794.35635,3957.02457,25729.01294,2268.38944,432.07418,2700.46362,62485.3097343297,18904.30405083655,0.0,0.0
605,14794.35635,3957.02457,25729.01294,2268.38944,432.07418,2700.46362,62485.3097343297,18904.30405083655,0.0,0.0
606,14794.35635,3957.02457,25729.01294,2268.38944,432.07418,2700.46362,62485.3097343297,18904.30405083655,0.0,0.0
607,14794.35635,3957.02457,25729.01294,2268.38944,432.07418,2700.46362,62485.3097343297,18904.30405083655,0.0,0.0
608,14794.35635,3957.02457,25729.01294,2268.38944,432.07418,2700.46362,62485.3097343297,18904.30405083655,0.0,0.0
609,14794.35635,3957.02457,25729.01294,2268.38944,432.07418,2700.46362,62485.3097343297,18904.30405083655,0.0,0.0
610,14794.35635,3957.02457,25729.01294,2268.38944,432.07418,2700.46362,62485.3097343297,18904.30405083655,0.0,0.0
611,14794.35635,3957.02457,25729.01294,2268.38944,432.07418,2700.46362,62485.3097343297,18904.30405083655,0.0,0.0
612,14794.35635,3957.02457,25729.01294,2268.38944,432.07418,2700.46362,62485.3097343297,18904.30405083655,0.0,0.0
613,14794.35635,3957.02457,25729.01294,2268.38944,432.07418,2700.46362,62485.3097343297,18904.30405083655,0.0,0.0
614,14794.35635,3957.02457,25729.01294,2268.38944,432.07418,2700.46362,62485.3097343297,18904.30405083655,0.0,0.0
615,14794.35635,3957.02457,25729.01294,2268.38944,432.07418,2700.46362,62485.3097343297,18904.30405083655,0.0,0.0
616,14794.35635,3957.02457,25729.01294,2268.38944,432.07418,2700.46362,62485.3097343297,18904.30405083655,0.0,0.0
617,14794.35635,3957.02457,25729.01294,2268.38944,432.07418,2700.46362,62485.3097343297,18904.30405083655,0.0,0.0
618,14794.35635,3957.02457,25729.01294,2268.38944,432.07418,2700.46362,62485.3097343297,18904.30405083655,0.0,0.0
619,14794.35635,3957.02457,25729.01294,2268.38944,432.07418,2700.46362,62485.3097343297,18904.30405083655,0.0,0.0
620,14794.35635,3957.02457,25729.01294,2268.38944,432.07418,2700.46362,62485.3097343297,18904.30405083655,0.0,0.0
621,14794.35635,3957.02457,25729.01294,2268.38944,432.07418,2700.46362,62485.3097343297,18904.30405083655,0.0,0.0
622,14794.35635,3957.02457,25729.01294,2268.38944,432.07418,2700.46362,62485.3097343297,18904.30405083655,0.0,0.0
623,14794.35635,3957.02457,25729.01294,2268.38944,432.07418,2700.46362,62485.3097343297,18904.30405083655,0.0,0.0
624,14794.35635,3957.02457,25729.01294,2268.38944,432.07418,2700.46362,62485.3097343297,18904.30405083655,0.0,0.0
625,14794.35635,3957.02457,25729.01294,2268.38944,432.07418,2700.46362,62485.3097343297,18904.30405083655,0.0,0.0
626,14794.35635,3957.02457,25729.01294,2268.38944,432.07418,2700.46362,62485.3097343297,18904.30405083655,0.0,0.0
627,14794.35635,3957.02457,25729.01294,2268.38944,432.07418,2700.46362,62485.3097343297,18904.30405083655,0.0,0.0
628,14794.35635,3957.02457,25729.01294,2268.38944,432.07418,2700.46362,62485.3097343297,18904.30405083655,0.0,0.0
629,14794.35635,3957.02457,25729.01294,2268.38944,432.07418,2700.46362,62485.3097343297,18904.30405083655,0.0,0.0
630,14794.35635,3957.02457,25729.01294,2268.38944,432.07418,2700.46362,62485.3097343297,18904.30405083655,0.0,0.0
631,14794.35635,3957.02457,25729.01294,2268.38944,432.07418,2700.46362,62485.3097343297,18904.30405083655,0.0,0.0
632,14794.35635,3957.02457,25729.01294,2268.38944,432.07418,2700.46362,62485.3097343297,18904.30405083655,0.0,0.0
633,14794.35635,3957.02457,25729.01294,2268.38944,432.07418,2700.46362,62485.3097343297,18904.30405083655,0.0,0.0
634,14794.35635,3957.02457,25729.01294,2268.38944,432.07418,2700.46362,62485.3097343297,18904.30405083655,0.0,0.0
635,14794.35635,3957.02457,25729.01294,2268.38944,432.07418,2700.46362,62485.3097343297,18904.30405083655,0.0,0.0
636,14794.35635,3957.02457,25729.01294,2268.38944,432.07418,2700.46362,62485.3097343297,18904.30405083655,0.0,0.0
637,14794.35635,3957.02457,25729.01294,2268.38944,432.07418,2700.46362,62485.3097343297,18904.30405083655,0.0,0.0
638,14794.35635,3957.02457,25729.01294,2268.38944,432.07418,2700.46362,62485.3097343297,18904.30405083655,0.0,0.0
639,14794.35635,3957.02457,25729.01294,2268.38944,432.07418,2700.46362,62485.3097343297,18904.30405083655,0.0,0.0
640,14794.35635,3957.02457,25729.01294,2268.38944,432.07418,2700.46362,62485.3097343297,18904.30405083655,0.0,0.0
641,14794.35635,3957.02457,25729.01294,2268.38944,432.07418,2700.46362,62485.3097343297,18904.30405083655,0.0,0.0
642,14794.35635,3957.02457,25729.01294,2268.38944,432.07418,2700.46362,62485.3097343297,18904.30405083655,0.0,0.0
643,14794.35635,3957.02457,25729.01294,2268.38944,432.07418,2700.46362,62485.3097343297,18904.30405083655,0.0,0.0
644,14794.35635,3957.02457,25729.01294,2268.38944,432.07418,2700.46362,62485.3097343297,18904.30405083655,0.0,0.0
645,14794.35635,3957.02457,25729.01294,2268.38944,432.07418,2700.46362,62485.3097343297,18904.30405083655,0.0,0.0
646,14794.35635,3957.02457,25729.01294,2268.38944,432.07418,2700.46362,62485.3097343297,18904.30405083655,0.0,0.0
647,14794.35635,3957.02457,25729.01294,2268.38944,432.07418,2700.46362,62485.3097343297,18904.30405083655,0.0,0.0
648,14794.35635,3957.02457,25729.01294,2268.38944,432.07418,2700.46362,62485.3097343297,18904.30405083655,0.0,0.0
649,14794.35635,3957.02457,25729.01294,2268.38944,432.07418,2700.46362,62485.3097343297,18904.30405083655,0.0,0.0
650,14794.35635,3957.02457,25729.01294,2268.38944,432.07418,2700.46362,62485.3097343297,18904.30405083655,0.0,0.0
651,14794.35635,3957.02457,25729.01294,2268.38944,432.07418,2700.46362,62485.3097343297,18904.30405083655,0.0,0.0
652,14794.35635,3957.02457,25729.01294,2268.38944,432.07418,2700.46362,62485.3097343297,18904.30405083655,0.0,0.0
653,14794.35635,3957.02457,25729.01294,2268.38944,432.07418,2700.46362,62485.3097343297,18904.30405083655,0.0,0.0
654,14794.35635,3957.02457,25729.01294,2268.38944,432.07418,2700.46362,62485.3097343297,18904.30405083655,0.0,0.0
655,14794.35635,3957.02457,25729.01294,2268.38944,432.07418,2700.46362,62485.3097343297,18904.30405083655,0.0,0.0
656,14794.35635,3957.02457,25729.01294,2268.38944,432.07418,2700.46362,62485.3097343297,18904.30405083655,0.0,0.0
657,14794.35635,3957.02457,25729.01294,2268.38944,432.07418,2700.46362,62485.3097343297,18904.30405083655,0.0,0.0
658,14794.35635,3957.02457,25729.01294,2268.38944,432.07418,2700.46362,62485.3097343297,18904.30405083655,0.0,0.0
659,14794.35635,3957.02457,25729.01294,2268.38944,432.07418,2700.46362,62485.3097343297,18904.30405083655,0.0,0.0
660,14794.35635,3957.02457,25729.01294,2268.38944,432.07418,2700.46362,62485.3097343297,18904.30405083655,0.0,0.0
661,14794.35635,3957.02457,25729.01294,2268.38944,432.07418,2700.46362,62485.3097343297,18904.30405083655,0.0,0.0
662,14794.35635,3957.02457,25729.01294,2268.38944,432.07418,2700.46362,62485.3097343297,18904.30405083655,0.0,0.0
663,14794.35635,3957.02457,25729.01294,2268.38944,432.07418,2700.46362,62485.3097343297,18904.30405083655,0.0,0.0
664,14794.35635,3957.02457,25729.01294,2268.38944,432.07418,2700.46362,62485.3097343297,18904.30405083655,0.0,0.0
665,14794.35635,3957.02457,25729.01294,2268.38944,432.07418,2700.46362,62485.3097343297,18904.30405083655,0.0,0.0
666,14794.35635,3957.02457,25729.01294,2268.38944,432.07418,2700.46362,62485.3097343297,18904.30405083655,0.0,0.0
667,14794.35635,3957.02457,25729.01294,2268.38944,432.07418,2700.46362,62485.3097343297,18904.30405083655,0.0,0.0
668,14794.35635,3957.02457,25729.01294,2268.38944,432.07418,2700.46362,62485.3097343297,18904.30405083655,0.0,0.0
669,14794.35635,3957.02457,25729.01294,2268.38944,432.07418,2700.46362,62485.3097343297,18904.30405083655,0.0,0.0
670,14794.35635,3957.02457,25729.01294,2268.38944,432.07418,2700.46362,62485.3097343297,18904.30405083655,0.0,0.0
671,14794.35635,3957.02457,25729.01294,2268.38944,432.07418,2700.46362,62485.3097343297,18904.30405083655,0.0,0.0
672,14794.35635,3957.02457,25729.01294,2268.38944,432.07418,2700.46362,62485.3097343297,18904.30405083655,0.0,0.0
673,14794.35635,3957.02457,25729.01294,2268.38944,432.07418,2700.46362,62485.3097343297,18904.30405083655,0.0,0.0
674,14794.35635,3957.02457,25729.01294,2268.38944,432.07418,2700.46362,62485.3097343297,18904.30405083655,0.0,0.0
675,14794.35635,3957.02457,25729.01294,2268.38944,432.07418,2700.46362,62485.3097343297,18904.30405083655,0.0,0.0
676,14794.35635,3957.02457,25729.01294,2268.38944,432.07418,2700.46362,62485.3097343297,18904.30405083655,0.0,0.0
677,14794.35635,3957.02457,25729.01294,2268.38944,432.07418,2700.46362,62485.3097343297,18904.30405083655,0.0,0.0
678,14794.35635,3957.02457,25729.01294,2268.38944,432.07418,2700.46362,62485.3097343297,18904.30405083655,0.0,0.0
679,14794.35635,3957.02457,25729.01294,2268.38944,432.07418,2700.46362,62485.3097343297,18904.30405083655,0.0,0.0
680,14794.35635,3957.02457,25729.01294,2268.38944,432.07418,2700.46362,62485.3097343297,18904.30405083655,0.0,0.0
681,14794.35635,3957.02457,25729.01294,2268.38944,432.07418,2700.46362,62485.3097343297,18904.30405083655,0.0,0.0
682,14794.35635,3957.02457,25729.01294,2268.38944,432.07418,2700.46362,62485.3097343297,18904.30405083655,0.0,0.0
683,14794.35635,3957.02457,25729.01294,2268.38944,432.07418,2700.46362,62485.3097343297,18904.30405083655,0.0,0.0
684,14794.35635,3957.02457,25729.01294,2268.38944,432.07418,2700.46362,62485.3097343297,18904.30405083655,0.0,0.0
685,14794.35635,3957.02457,25729.01294,2268.38944,432.07418,2700.46362,62485.3097343297,18904.30405083655,0.0,0.0
686,14794.35635,3957.02457,25729.01294,2268.38944,432.07418,2700.46362,62485.3097343297,18904.30405083655,0.0,0.0
687,14794.35635,3957.02457,25729.01294,2268.38944,432.07418,2700.46362,62485.3097343297,18904.30405083655,0.0,0.0
688,14794.35635,3957.02457,25729.01294,2268.38944,432.07418,2700.46362,62485.3097343297,18904.30405083655,0.0,0.0
689,14794.35635,3957.02457,25729.01294,2268.38944,432.07418,2700.46362,62485.3097343297,18904.30405083655,0.0,0.0
690,14794.35635,3957.02457,25729.01294,2268.38944,432.07418,2700.46362,62485.3097343297,18904.30405083655,0.0,0.0
691,14794.35635,3957.02457,25729.01294,2268.38944,432.07418,2700.46362,62485.3097343297,18904.30405083655,0.0,0.0
692,14794.35635,3957.02457,25729.01294,2268.38944,432.07418,2700.46362,62485.3097343297,18904.30405083655,0.0,0.0
693,14794.35635,3957.02457,25729.01294,2268.38944,432.07418,2700.46362,62485.3097343297,18904.30405083655,0.0,0.0
694,14794.35635,3957.02457,25729.01294,2268.38944,432.07418,2700.46362,62485.3097343297,18904.30405083655,0.0,0.0
695,14794.35635,3957.02457,25729.01294,2268.38944,432.07418,2700.46362,62485.3097343297,18904.30405083655,0.0,0.0
696,14794.35635,3957.02457,25729.01294,2268.38944,432.07418,2700.46362,62485.3097343297,18904.30405083655,0.0,0.0
697,14794.35635,3957.02457,25729.01294,2268.38944,432.07418,2700.46362,62485.3097343297,18904.30405083655,0.0,0.0
698,14794.35635,3957.02457,25729.01294,2268.38944,432.07418,2700.46362,62485.3097343297,18904.30405083655,0.0,0.0
699,14794.35635,3957.02457,25729.01294,2268.38944,432.07418,2700.46362,62485.3097343297,18904.30405083655,0.0,0.0
700,14794.35635,3957.02457,25729.01294,2268.38944,432.07418,2700.46362,62485.3097343297,18904.30405083655,0.0,0.0
701,14794.35635,3957.02457,25729.01294,2268.38944,432.07418,2700.46362,62485.3097343297,18904.30405083655,0.0,0.0
702,14794.35635,3957.02457,25729.01294,2268.38944,432.07418,2700.46362,62485.3097343297,18904.30405083655,0.0,0.0
703,14794.35635,3957.02457,25729.01294,2268.38944,432.07418,2700.46362,62485.3097343297,18904.30405083655,0.0,0.0
704,14794.35635,3957.02457,25729.01294,2268.38944,432.07418,2700.46362,62485.3097343297,18904.30405083655,0.0,0.0
705,14794.35635,3957.02457,25729.01294,2268.38944,432.07418,2700.46362,62485.3097343297,18904.30405083655,0.0,0.0
706,14794.35635,3957.02457,25729.01294,2268.38944,432.07418,2700.46362,62485.3097343297,18904.30405083655,0.0,0.0
707,14794.35635,3957.02457,25729.01294,2268.38944,432.07418,2700.46362,62485.3097343297,18904.30405083655,0.0,0.0
708,14794.35635,3957.02457,25729.01294,2268.38944,432.07418,2700.46362,62485.3097343297,18904.30405083655,0.0,0.0
709,14794.35635,3957.02457,25729.01294,2268.38944,432.07418,2700.46362,62485.3097343297,18904.30405083655,0.0,0.0
710,14794.35635,3957.02457,25729.01294,2268.38944,432.07418,2700.46362,62485.3097343297,18904.30405083655,0.0,0.0
711,14794.35635,3957.02457,25729.01294,2268.38944,432.07418,2700.46362,62485.3097343297,18904.30405083655,0.0,0.0
712,14794.35635,3957.02457,25729.01294,2268.38944,432.07418,2700.46362,62485.3097343297,18904.30405083655,0.0,0.0
713,14794.35635,3957.02457,25729.01294,2268.38944,432.07418,2700.46362,62485.3097343297,18904.30405083655,0.0,0.0
714,14794.35635,3957.02457,25729.01294,2268.38944,432.07418,2700.46362,62485.3097343297,18904.30405083655,0.0,0.0
715,14794.35635,3957.02457,25729.01294,2268.38944,432.07418,2700.46362,62485.3097343297,18904.30405083655,0.0,0.0
716,14794.35635,3957.02457,25729.01294,2268.38944,432.07418,2700.46362,62485.3097343297,18904.30405083655,0.0,0.0
717,14794.35635,3957.02457,25729.01294,2268.38944,432.07418,2700.46362,62485.3097343297,18904.30405083655,0.0,0.0
718,14794.35635,3957.02457,25729.01294,2268.38944,432.07418,2700.46362,62485.3097343297,18904.30405083655,0.0,0.0
719,14794.35635,3957.02457,25729.01294,2268.38944,432.07418,2700.46362,62485.3097343297,18904.30405083655,0.0,0.0
720,14794.35635,3957.02457,25729.01294,2268.38944,432.07418,2700.46362,62485.3097343297,18904.30405083655,0.0,0.0
721,14794.35635,3957.02457,25729.01294,2268.38944,432.07418,2700.46362,62485.3097343297,18904.30405083655,0.0,0.0
722,14794.35635,3957.02457,25729.01294,2268.38944,432.07418,2700.46362,62485.3097343297,18904.30405083655,0.0,0.0
723,14794.35635,3957.02457,25729.01294,2268.38944,432.07418,2700.46362,62485.3097343297,18904.30405083655,0.0,0.0
724,14794.35635,3957.02457,25729.01294,2268.38944,432.07418,2700.46362,62485.3097343297,18904.30405083655,0.0,0.0
725,14794.35635,3957.02457,25729.01294,2268.38944,432.07418,2700.46362,62485.3097343297,18904.30405083655,0.0,0.0
726,14794.35635,3957.02457,25729.01294,2268.38944,432.07418,2700.46362,62485.3097343297,18904.30405083655,0.0,0.0
727,14794.35635,3957.02457,25729.01294,2268.38944,432.07418,2700.46362,62485.3097343297,18904.30405083655,0.0,0.0
728,14794.35635,3957.02457,25729.01294,2268.38944,432.07418,2700.46362,62485.3097343297,18904.30405083655,0.0,0.0
729,14794.35635,3957.02457,25729.01294,2268.38944,432.07418,2700.46362,62485.3097343297,18904.30405083655,0.0,0.0
730,14794.35635,3957.02457,25729.01294,2268.38944,432.07418,2700.46362,62485.3097343297,18904.30405083655,0.0,0.0
731,14794.35635,3957.02457,25729.01294,2268.38944,432.07418,2700.46362,62485.3097343297,18904.30405083655,0.0,0.0
732,14794.35635,3957.02457,25729.01294,2268.38944,432.07418,2700.46362,62485.3097343297,18904.30405083655,0.0,0.0
733,14794.35635,3957.02457,25729.01294,2268.38944,432.07418,2700.46362,62485.3097343297,18904.30405083655,0.0,0.0
734,14794.35635,3957.02457,25729.01294,2268.38944,432.07418,2700.46362,62485.3097343297,18904.30405083655,0.0,0.0
735,14794.35635,3957.02457,25729.01294,2268.38944,432.07418,2700.46362,62485.3097343297,18904.30405083655,0.0,0.0
736,14794.35635,3957.02457,25729.01294,2268.38944,432.07418,2700.46362,62485.3097343297,18904.30405083655,0.0,0.0
737,14794.35635,3957.02457,25729.01294,2268.38944,432.07418,2700.46362,62485.3097343297,18904.30405083655,0.0,0.0
738,14794.35635,3957.02457,25729.01294,2268.38944,432.07418,2700.46362,62485.3097343297,18904.30405083655,0.0,0.0
739,14794.35635,3957.02457,25729.01294,2268.38944,432.07418,2700.46362,62485.3097343297,18904.30405083655,0.0,0.0
740,14794.35635,3957.02457,25729.01294,2268.38944,432.07418,2700.46362,62485.3097343297,18904.30405083655,0.0,0.0
741,14794.35635,3957.02457,25729.01294,2268.38944,432.07418,2700.46362,62485.3097343297,18904.30405083655,0.0,0.0
742,14794.35635,3957.02457,25729.01294,2268.38944,432.07418,2700.46362,62485.3097343297,18904.30405083655,0.0,0.0
743,14794.35635,3957.02457,25729.01294,2268.38944,432.07418,2700.46362,62485.3097343297,18904.30405083655,0.0,0.0
744,14794.35635,3957.02457,25729.01294,2268.38944,432.07418,2700.46362,62485.3097343297,18904.30405083655,0.0,0.0
745,14794.35635,3957.02457,25729.01294,2268.38944,432.07418,2700.46362,62485.3097343297,18904.30405083655,0.0,0.0
746,14794.35635,3957.02457,25729.01294,2268.38944,432.07418,2700.46362,62485.3097343297,18904.30405083655,0.0,0.0
747,14794.35635,3957.02457,25729.01294,2268.38944,432.07418,2700.46362,62485.3097343297,18904.30405083655,0.0,0.0
748,14794.35635,3957.02457,25729.01294,2268.38944,432.07418,2700.46362,62485.3097343297,18904.30405083655,0.0,0.0
749,14794.35635,3957.02457,25729.01294,2268.38944,432.07418,2700.46362,62485.3097343297,18904.30405083655,0.0,0.0
750,14794.35635,3957.02457,25729.01294,2268.38944,432.07418,2700.46362,62485.3097343297,18904.30405083655,0.0,0.0
751,14794.35635,3957.02457,25729.01294,2268.38944,432.07418,2700.46362,62485.3097343297,18904.30405083655,0.0,0.0
752,14794.35635,3957.02457,25729.01294,2268.38944,432.07418,2700.46362,62485.3097343297,18904.30405083655,0.0,0.0
753,14794.35635,3957.02457,25729.01294,2268.38944,432.07418,2700.46362,62485.3097343297,18904.30405083655,0.0,0.0
754,14794.35635,3957.02457,25729.01294,2268.38944,432.07418,2700.46362,62485.3097343297,18904.30405083655,0.0,0.0
755,14794.35635,3957.02457,25729.01294,2268.38944,432.07418,2700.46362,62485.3097343297,18904.30405083655,0.0,0.0
756,14794.35635,3957.02457,25729.01294,2268.38944,432.07418,2700.46362,62485.3097343297,18904.30405083655,0.0,0.0
757,14794.35635,3957.02457,25729.01294,2268.38944,432.07418,2700.46362,62485.3097343297,18904.30405083655,0.0,0.0
758,14794.35635,3957.02457,25729.01294,2268.38944,432.07418,2700.46362,62485.3097343297,18904.30405083655,0.0,0.0
759,14794.35635,3957.02457,25729.01294,2268.38944,432.07418,2700.46362,62485.3097343297,18904.30405083655,0.0,0.0
760,14794.35635,3957.02457,25729.01294,2268.38944,432.07418,2700.46362,62485.3097343297,18904.30405083655,0.0,0.0
761,14794.35635,3957.02457,25729.01294,2268.38944,432.07418,2700.46362,62485.3097343297,18904.30405083655,0.0,0.0
762,14794.35635,3957.02457,25729.01294,2268.38944,432.07418,2700.46362,62485.3097343297,18904.30405083655,0.0,0.0
763,14794.35635,3957.02457,25729.01294,2268.38944,432.07418,2700.46362,62485.3097343297,18904.30405083655,0.0,0.0
764,14794.35635,3957.02457,25729.01294,2268.38944,432.07418,2700.46362,62485.3097343297,18904.30405083655,0.0,0.0
765,14794.35635,3957.02457,25729.01294,2268.38944,432.07418,2700.46362,62485.3097343297,18904.30405083655,0.0,0.0
766,14794.35635,3957.02457,25729.01294,2268.38944,432.07418,2700.46362,62485.3097343297,18904.30405083655,0.0,0.0
767,14794.35635,3957.02457,25729.01294,2268.38944,432.07418,2700.46362,62485.3097343297,18904.30405083655,0.0,0.0
768,14794.35635,3957.02457,25729.01294,2268.38944,432.07418,2700.46362,62485.3097343297,18904.30405083655,0.0,0.0
769,14794.35635,3957.02457,25729.01294,2268.38944,432.07418,2700.46362,62485.3097343297,18904.30405083655,0.0,0.0
770,14794.35635,3957.02457,25729.01294,2268.38944,432.07418,2700.46362,62485.3097343297,18904.30405083655,0.0,0.0
771,14794.35635,3957.02457,25729.01294,2268.38944,432.07418,2700.46362,62485.3097343297,18904.30405083655,0.0,0.0
772,14794.35635,3957.02457,25729.01294,2268.38944,432.07418,2700.46362,62485.3097343297,18904.30405083655,0.0,0.0
773,14794.35635,3957.02457,25729.01294,2268.38944,432.07418,2700.46362,62485.3097343297,18904.30405083655,0.0,0.0
774,14794.35635,3957.02457,25729.01294,2268.38944,432.07418,2700.46362,62485.3097343297,18904.30405083655,0.0,0.0
775,14794.35635,3957.02457,25729.01294,2268.38944,432.07418,2700.46362,62485.3097343297,18904.30405083655,0.0,0.0
776,14794.35635,3957.02457,25729.01294,2268.38944,432.07418,2700.46362,62485.3097343297,18904.30405083655,0.0,0.0
777,14794.35635,3957.02457,25729.01294,2268.38944,432.07418,2700.46362,62485.3097343297,18904.30405083655,0.0,0.0
778,14794.35635,3957.02457,25729.01294,2268.38944,432.07418,2700.46362,62485.3097343297,18904.30405083655,0.0,0.0
779,14794.35635,3957.02457,25729.01294,2268.38944,432.07418,2700.46362,62485.3097343297,18904.30405083655,0.0,0.0
780,14794.35635,3957.02457,25729.01294,2268.38944,432.07418,2700.46362,62485.3097343297,18904.30405083655,0.0,0.0
781,14794.35635,3957.02457,25729.01294,2268.38944,432.07418,2700.46362,62485.3097343297,18904.30405083655,0.0,0.0
782,14794.35635,3957.02457,25729.01294,2268.38944,432.07418,2700.46362,62485.3097343297,18904.30405083655,0.0,0.0
783,14794.35635,3957.02457,25729.01294,2268.38944,432.07418,2700.46362,62485.3097343297,18904.30405083655,0.0,0.0
784,14794.35635,3957.02457,25729.01294,2268.38944,432.07418,2700.46362,62485.3097343297,18904.30405083655,0.0,0.0
785,14794.35635,3957.02457,25729.01294,2268.38944,432.07418,2700.46362,62485.3097343297,18904.30405083655,0.0,0.0
786,14794.35635,3957.02457,25729.01294,2268.38944,432.07418,2700.46362,62485.3097343297,18904.30405083655,0.0,0.0
787,14794.35635,3957.02457,25729.01294,2268.38944,432.07418,2700.46362,62485.3097343297,18904.30405083655,0.0,0.0
788,14794.35635,3957.02457,25729.01294,2268.38944,432.07418,2700.46362,62485.3097343297,18904.30405083655,0.0,0.0
789,14794.35635,3957.02457,25729.01294,2268.38944,432.07418,2700.46362,62485.3097343297,18904.30405083655,0.0,0.0
790,14794.35635,3957.02457,25729.01294,2268.38944,432.07418,2700.46362,62485.3097343297,18904.30405083655,0.0,0.0
791,14794.35635,3957.02457,25729.01294,2268.38944,432.07418,2700.46362,62485.3097343297,18904.30405083655,0.0,0.0
792,14794.35635,3957.02457,25729.01294,2268.38944,432.07418,2700.46362,62485.3097343297,18904.30405083655,0.0,0.0
793,14794.35635,3957.02457,25729.01294,2268.38944,432.07418,2700.46362,62485.3097343297,18904.30405083655,0.0,0.0
794,14794.35635,3957.02457,25729.01294,2268.38944,432.07418,2700.46362,62485.3097343297,18904.30405083655,0.0,0.0
795,14794.35635,3957.02457,25729.01294,2268.38944,432.07418,2700.46362,62485.3097343297,18904.30405083655,0.0,0.0
796,14794.35635,3957.02457,25729.01294,2268.38944,432.07418,2700.46362,62485.3097343297,18904.30405083655,0.0,0.0
797,14794.35635,3957.02457,25729.01294,2268.38944,432.07418,2700.46362,62485.3097343297,18904.30405083655,0.0,0.0
798,14794.35635,3957.02457,25729.01294,2268.38944,432.07418,2700.46362,62485.3097343297,18904.30405083655,0.0,0.0
799,14794.35635,3957.02457,25729.01294,2268.38944,432.07418,2700.46362,62485.3097343297,18904.30405083655,0.0,0.0
800,14794.35635,3957.02457,25729.01294,2268.38944,432.07418,2700.46362,62485.3097343297,18904.30405083655,0.0,0.0
801,14794.35635,3957.02457,25729.01294,2268.38944,432.07418,2700.46362,62485.3097343297,18904.30405083655,0.0,0.0
802,14794.35635,3957.02457,25729.01294,2268.38944,432.07418,2700.46362,62485.3097343297,18904.30405083655,0.0,0.0
803,14794.35635,3957.02457,25729.01294,2268.38944,432.07418,2700.46362,62485.3097343297,18904.30405083655,0.0,0.0
804,14794.35635,3957.02457,25729.01294,2268.38944,432.07418,2700.46362,62485.3097343297,18904.30405083655,0.0,0.0
805,14794.35635,3957.02457,25729.01294,2268.38944,432.07418,2700.46362,62485.3097343297,18904.30405083655,0.0,0.0
806,14794.35635,3957.02457,25729.01294,2268.38944,432.07418,2700.46362,62485.3097343297,18904.30405083655,0.0,0.0
807,14794.35635,3957.02457,25729.01294,2268.38944,432.07418,2700.46362,62485.3097343297,18904.30405083655,0.0,0.0
808,14794.35635,3957.02457,25729.01294,2268.38944,432.07418,2700.46362,62485.3097343297,18904.30405083655,0.0,0.0
809,14794.35635,3957.02457,25729.01294,2268.38944,432.07418,2700.46362,62485.3097343297,18904.30405083655,0.0,0.0
810,14794.35635,3957.02457,25729.01294,2268.38944,432.07418,2700.46362,62485.3097343297,18904.30405083655,0.0,0.0
811,14794.35635,3957.02457,25729.01294,2268.38944,432.07418,2700.46362,62485.3097343297,18904.30405083655,0.0,0.0
812,14794.35635,3957.02457,25729.01294,2268.38944,432.07418,2700.46362,62485.3097343297,18904.30405083655,0.0,0.0
813,14794.35635,3957.02457,25729.01294,2268.38944,432.07418,2700.46362,62485.3097343297,18904.30405083655,0.0,0.0
814,14794.35635,3957.02457,25729.01294,2268.38944,432.07418,2700.46362,62485.3097343297,18904.30405083655,0.0,0.0
815,14794.35635,3957.02457,25729.01294,2268.38944,432.07418,2700.46362,62485.3097343297,18904.30405083655,0.0,0.0
816,14794.35635,3957.02457,25729.01294,2268.38944,432.07418,2700.46362,62485.3097343297,18904.30405083655,0.0,0.0
817,14794.35635,3957.02457,25729.01294,2268.38944,432.07418,2700.46362,62485.3097343297,18904.30405083655,0.0,0.0
818,14794.35635,3957.02457,25729.01294,2268.38944,432.07418,2700.46362,62485.3097343297,18904.30405083655,0.0,0.0
819,14794.35635,3957.02457,25729.01294,2268.38944,432.07418,2700.46362,62485.3097343297,18904.30405083655,0.0,0.0
820,14794.35635,3957.02457,25729.01294,2268.38944,432.07418,2700.46362,62485.3097343297,18904.30405083655,0.0,0.0
821,14794.35635,3957.02457,25729.01294,2268.38944,432.07418,2700.46362,62485.3097343297,18904.30405083655,0.0,0.0
822,14794.35635,3957.02457,25729.01294,2268.38944,432.07418,2700.46362,62485.3097343297,18904.30405083655,0.0,0.0
823,14794.35635,3957.02457,25729.01294,2268.38944,432.07418,2700.46362,62485.3097343297,18904.30405083655,0.0,0.0
824,14794.35635,3957.02457,25729.01294,2268.38944,432.07418,2700.46362,62485.3097343297,18904.30405083655,0.0,0.0
825,14794.35635,3957.02457,25729.01294,2268.38944,432.07418,2700.46362,62485.3097343297,18904.30405083655,0.0,0.0
826,14794.35635,3957.02457,25729.01294,2268.38944,432.07418,2700.46362,62485.3097343297,18904.30405083655,0.0,0.0
827,14794.35635,3957.02457,25729.01294,2268.38944,432.07418,2700.46362,62485.3097343297,18904.30405083655,0.0,0.0
828,14794.35635,3957.02457,25729.01294,2268.38944,432.07418,2700.46362,62485.3097343297,18904.30405083655,0.0,0.0
829,14794.35635,3957.02457,25729.01294,2268.38944,432.07418,2700.46362,62485.3097343297,18904.30405083655,0.0,0.0
830,14794.35635,3957.02457,25729.01294,2268.38944,432.07418,2700.46362,62485.3097343297,18904.30405083655,0.0,0.0
831,14794.35635,3957.02457,25729.01294,2268.38944,432.07418,2700.46362,62485.3097343297,18904.30405083655,0.0,0.0
832,14794.35635,3957.02457,25729.01294,2268.38944,432.07418,2700.46362,62485.3097343297,18904.30405083655,0.0,0.0
833,14794.35635,3957.02457,25729.01294,2268.38944,432.07418,2700.46362,62485.3097343297,18904.30405083655,0.0,0.0
834,14794.35635,3957.02457,25729.01294,2268.38944,432.07418,2700.46362,62485.3097343297,18904.30405083655,0.0,0.0
835,14794.35635,3957.02457,25729.01294,2268.38944,432.07418,2700.46362,62485.3097343297,18904.30405083655,0.0,0.0
836,14794.35635,3957.02457,25729.01294,2268.38944,432.07418,2700.46362,62485.3097343297,18904.30405083655,0.0,0.0
837,14794.35635,3957.02457,25729.01294,2268.38944,432.07418,2700.46362,62485.3097343297,18904.30405083655,0.0,0.0
838,14794.35635,3957.02457,25729.01294,2268.38944,432.07418,2700.46362,62485.3097343297,18904.30405083655,0.0,0.0
839,14794.35635,3957.02457,25729.01294,2268.38944,432.07418,2700.46362,62485.3097343297,18904.30405083655,0.0,0.0
840,14794.35635,3957.02457,25729.01294,2268.38944,432.07418,2700.46362,62485.3097343297,18904.30405083655,0.0,0.0
841,14794.35635,3957.02457,25729.01294,2268.38944,432.07418,2700.46362,62485.3097343297,18904.30405083655,0.0,0.0
842,14794.35635,3957.02457,25729.01294,2268.38944,432.07418,2700.46362,62485.3097343297,18904.30405083655,0.0,0.0
843,14794.35635,3957.02457,25729.01294,2268.38944,432.07418,2700.46362,62485.3097343297,18904.30405083655,0.0,0.0
844,14794.35635,3957.02457,25729.01294,2268.38944,432.07418,2700.46362,62485.3097343297,18904.30405083655,0.0,0.0
845,14794.35635,3957.02457,25729.01294,2268.38944,432.07418,2700.46362,62485.3097343297,18904.30405083655,0.0,0.0
846,14794.35635,3957.02457,25729.01294,2268.38944,432.07418,2700.46362,62485.3097343297,18904.30405083655,0.0,0.0
847,14794.35635,3957.02457,25729.01294,2268.38944,432.07418,2700.46362,62485.3097343297,18904.30405083655,0.0,0.0
848,14794.35635,3957.02457,25729.01294,2268.38944,432.07418,2700.46362,62485.3097343297,18904.30405083655,0.0,0.0
849,14794.35635,3957.02457,25729.01294,2268.38944,432.07418,2700.46362,62485.3097343297,18904.30405083655,0.0,0.0
850,14794.35635,3957.02457,25729.01294,2268.38944,432.07418,2700.46362,62485.3097343297,18904.30405083655,0.0,0.0
851,14794.35635,3957.02457,25729.01294,2268.38944,432.07418,2700.46362,62485.3097343297,18904.30405083655,0.0,0.0
852,14794.35635,3957.02457,25729.01294,2268.38944,432.07418,2700.46362,62485.3097343297,18904.30405083655,0.0,0.0
853,14794.35635,3957.02457,25729.01294,2268.38944,432.07418,2700.46362,62485.3097343297,18904.30405083655,0.0,0.0
854,14794.35635,3957.02457,25729.01294,2268.38944,432.07418,2700.46362,62485.3097343297,18904.30405083655,0.0,0.0
855,14794.35635,3957.02457,25729.01294,2268.38944,432.07418,2700.46362,62485.3097343297,18904.30405083655,0.0,0.0
856,14794.35635,3957.02457,25729.01294,2268.38944,432.07418,2700.46362,62485.3097343297,18904.30405083655,0.0,0.0
857,14794.35635,3957.02457,25729.01294,2268.38944,432.07418,2700.46362,62485.3097343297,18904.30405083655,0.0,0.0
858,14794.35635,3957.02457,25729.01294,2268.38944,432.07418,2700.46362,62485.3097343297,18904.30405083655,0.0,0.0
859,14794.35635,3957.02457,25729.01294,2268.38944,432.07418,2700.46362,62485.3097343297,18904.30405083655,0.0,0.0
860,14794.35635,3957.02457,25729.01294,2268.38944,432.07418,2700.46362,62485.3097343297,18904.30405083655,0.0,0.0
861,14794.35635,3957.02457,25729.01294,2268.38944,432.07418,2700.46362,62485.3097343297,18904.30405083655,0.0,0.0
862,14794.35635,3957.02457,25729.01294,2268.38944,432.07418,2700.46362,62485.3097343297,18904.30405083655,0.0,0.0
863,14794.35635,3957.02457,25729.01294,2268.38944,432.07418,2700.46362,62485.3097343297,18904.30405083655,0.0,0.0
864,14794.35635,3957.02457,25729.01294,2268.38944,432.07418,2700.46362,62485.3097343297,18904.30405083655,0.0,0.0
865,14794.35635,3957.02457,25729.01294,2268.38944,432.07418,2700.46362,62485.3097343297,18904.30405083655,0.0,0.0
866,14794.35635,3957.02457,25729.01294,2268.38944,432.07418,2700.46362,62485.3097343297,18904.30405083655,0.0,0.0
867,14794.35635,3957.02457,25729.01294,2268.38944,432.07418,2700.46362,62485.3097343297,18904.30405083655,0.0,0.0
868,14794.35635,3957.02457,25729.01294,2268.38944,432.07418,2700.46362,62485.3097343297,18904.30405083655,0.0,0.0
869,14794.35635,3957.02457,25729.01294,2268.38944,432.07418,2700.46362,62485.3097343297,18904.30405083655,0.0,0.0
870,14794.35635,3957.02457,25729.01294,2268.38944,432.07418,2700.46362,62485.3097343297,18904.30405083655,0.0,0.0
871,14794.35635,3957.02457,25729.01294,2268.38944,432.07418,2700.46362,62485.3097343297,18904.30405083655,0.0,0.0
872,14794.35635,3957.02457,25729.01294,2268.38944,432.07418,2700.46362,62485.3097343297,18904.30405083655,0.0,0.0
873,14794.35635,3957.02457,25729.01294,2268.38944,432.07418,2700.46362,62485.3097343297,18904.30405083655,0.0,0.0
874,14794.35635,3957.02457,25729.01294,2268.38944,432.07418,2700.46362,62485.3097343297,18904.30405083655,0.0,0.0
875,14794.35635,3957.02457,25729.01294,2268.38944,432.07418,2700.46362,62485.3097343297,18904.30405083655,0.0,0.0
876,14794.35635,3957.02457,25729.01294,2268.38944,432.07418,2700.46362,62485.3097343297,18904.30405083655,0.0,0.0
877,14794.35635,3957.02457,25729.01294,2268.38944,432.07418,2700.46362,62485.3097343297,18904.30405083655,0.0,0.0
878,14794.35635,3957.02457,25729.01294,2268.38944,432.07418,2700.46362,62485.3097343297,18904.30405083655,0.0,0.0
879,14794.35635,3957.02457,25729.01294,2268.38944,432.07418,2700.46362,62485.3097343297,18904.30405083655,0.0,0.0
880,14794.35635,3957.02457,25729.01294,2268.38944,432.07418,2700.46362,62485.3097343297,18904.30405083655,0.0,0.0
881,14794.35635,3957.02457,25729.01294,2268.38944,432.07418,2700.46362,62485.3097343297,18904.30405083655,0.0,0.0
882,14794.35635,3957.02457,25729.01294,2268.38944,432.07418,2700.46362,62485.3097343297,18904.30405083655,0.0,0.0
883,14794.35635,3957.02457,25729.01294,2268.38944,432.07418,2700.46362,62485.3097343297,18904.30405083655,0.0,0.0
884,14794.35635,3957.02457,25729.01294,2268.38944,432.07418,2700.46362,62485.3097343297,18904.30405083655,0.0,0.0
885,14794.35635,3957.02457,25729.01294,2268.38944,432.07418,2700.46362,62485.3097343297,18904.30405083655,0.0,0.0
886,14794.35635,3957.02457,25729.01294,2268.38944,432.07418,2700.46362,62485.3097343297,18904.30405083655,0.0,0.0
887,14794.35635,3957.02457,25729.01294,2268.38944,432.07418,2700.46362,62485.3097343297,18904.30405083655,0.0,0.0
888,14794.35635,3957.02457,25729.01294,2268.38944,432.07418,2700.46362,62485.3097343297,18904.30405083655,0.0,0.0
889,14794.35635,3957.02457,25729.01294,2268.38944,432.07418,2700.46362,62485.3097343297,18904.30405083655,0.0,0.0
890,14794.35635,3957.02457,25729.01294,2268.38944,432.07418,2700.46362,62485.3097343297,18904.30405083655,0.0,0.0
891,14794.35635,3957.02457,25729.01294,2268.38944,432.07418,2700.46362,62485.3097343297,18904.30405083655,0.0,0.0
892,14794.35635,3957.02457,25729.01294,2268.38944,432.07418,2700.46362,62485.3097343297,18904.30405083655,0.0,0.0
893,14794.35635,3957.02457,25729.01294,2268.38944,432.07418,2700.46362,62485.3097343297,18904.30405083655,0.0,0.0
894,14794.35635,3957.02457,25729.01294,2268.38944,432.07418,2700.46362,62485.3097343297,18904.30405083655,0.0,0.0
895,14794.35635,3957.02457,25729.01294,2268.38944,432.07418,2700.46362,62485.3097343297,18904.30405083655,0.0,0.0
896,14794.35635,3957.02457,25729.01294,2268.38944,432.07418,2700.46362,62485.3097343297,18904.30405083655,0.0,0.0
897,14794.35635,3957.02457,25729.01294,2268.38944,432.07418,2700.46362,62485.3097343297,18904.30405083655,0.0,0.0
898,14794.35635,3957.02457,25729.01294,2268.38944,432.07418,2700.46362,62485.3097343297,18904.30405083655,0.0,0.0
899,14794.35635,3957.02457,25729.01294,2268.38944,432.07418,2700.46362,62485.3097343297,18904.30405083655,0.0,0.0
900,14794.35635,3957.02457,25729.01294,2268.38944,432.07418,2700.46362,62485.3097343297,18904.30405083655,0.0,0.0
901,14794.35635,3957.02457,25729.01294,2268.38944,432.07418,2700.46362,62485.3097343297,18904.30405083655,0.0,0.0
902,14794.35635,3957.02457,25729.01294,2268.38944,432.07418,2700.46362,62485.3097343297,18904.30405083655,0.0,0.0
903,14794.35635,3957.02457,25729.01294,2268.38944,432.07418,2700.46362,62485.3097343297,18904.30405083655,0.0,0.0
904,14794.35635,3957.02457,25729.01294,2268.38944,432.07418,2700.46362,62485.3097343297,18904.30405083655,0.0,0.0
905,14794.35635,3957.02457,25729.01294,2268.38944,432.07418,2700.46362,62485.3097343297,18904.30405083655,0.0,0.0
906,14794.35635,3957.02457,25729.01294,2268.38944,432.07418,2700.46362,62485.3097343297,18904.30405083655,0.0,0.0
907,14794.35635,3957.02457,25729.01294,2268.38944,432.07418,2700.46362,62485.3097343297,18904.30405083655,0.0,0.0
908,14794.35635,3957.02457,25729.01294,2268.38944,432.07418,2700.46362,62485.3097343297,18904.30405083655,0.0,0.0
909,14794.35635,3957.02457,25729.01294,2268.38944,432.07418,2700.46362,62485.3097343297,18904.30405083655,0.0,0.0
910,14794.35635,3957.02457,25729.01294,2268.38944,432.07418,2700.46362,62485.3097343297,18904.30405083655,0.0,0.0
911,14794.35635,3957.02457,25729.01294,2268.38944,432.07418,2700.46362,62485.3097343297,18904.30405083655,0.0,0.0
912,14794.35635,3957.02457,25729.01294,2268.38944,432.07418,2700.46362,62485.3097343297,18904.30405083655,0.0,0.0
913,14794.35635,3957.02457,25729.01294,2268.38944,432.07418,2700.46362,62485.3097343297,18904.30405083655,0.0,0.0
914,14794.35635,3957.02457,25729.01294,2268.38944,432.07418,2700.46362,62485.3097343297,18904.30405083655,0.0,0.0
915,14794.35635,3957.02457,25729.01294,2268.38944,432.07418,2700.46362,62485.3097343297,18904.30405083655,0.0,0.0
916,14794.35635,3957.02457,25729.01294,2268.38944,432.07418,2700.46362,62485.3097343297,18904.30405083655,0.0,0.0
917,14794.35635,3957.02457,25729.01294,2268.38944,432.07418,2700.46362,62485.3097343297,18904.30405083655,0.0,0.0
918,14794.35635,3957.02457,25729.01294,2268.38944,432.07418,2700.46362,62485.3097343297,18904.30405083655,0.0,0.0
919,14794.35635,3957.02457,25729.01294,2268.38944,432.07418,2700.46362,62485.3097343297,18904.30405083655,0.0,0.0
920,14794.35635,3957.02457,25729.01294,2268.38944,432.07418,2700.46362,62485.3097343297,18904.30405083655,0.0,0.0
921,14794.35635,3957.02457,25729.01294,2268.38944,432.07418,2700.46362,62485.3097343297,18904.30405083655,0.0,0.0
922,14794.35635,3957.02457,25729.01294,2268.38944,432.07418,2700.46362,62485.3097343297,18904.30405083655,0.0,0.0
923,14794.35635,3957.02457,25729.01294,2268.38944,432.07418,2700.46362,62485.3097343297,18904.30405083655,0.0,0.0
924,14794.35635,3957.02457,25729.01294,2268.38944,432.07418,2700.46362,62485.3097343297,18904.30405083655,0.0,0.0
925,14794.35635,3957.02457,25729.01294,2268.38944,432.07418,2700.46362,62485.3097343297,18904.30405083655,0.0,0.0
926,14794.35635,3957.02457,25729.01294,2268.38944,432.07418,2700.46362,62485.3097343297,18904.30405083655,0.0,0.0
927,14794.35635,3957.02457,25729.01294,2268.38944,432.07418,2700.46362,62485.3097343297,18904.30405083655,0.0,0.0
928,14794.35635,3957.02457,25729.01294,2268.38944,432.07418,2700.46362,62485.3097343297,18904.30405083655,0.0,0.0
929,14794.35635,3957.02457,25729.01294,2268.38944,432.07418,2700.46362,62485.3097343297,18904.30405083655,0.0,0.0
930,14794.35635,3957.02457,25729.01294,2268.38944,432.07418,2700.46362,62485.3097343297,18904.30405083655,0.0,0.0
931,14794.35635,3957.02457,25729.01294,2268.38944,432.07418,2700.46362,62485.3097343297,18904.30405083655,0.0,0.0
932,14794.35635,3957.02457,25729.01294,2268.38944,432.07418,2700.46362,62485.3097343297,18904.30405083655,0.0,0.0
933,14794.35635,3957.02457,25729.01294,2268.38944,432.07418,2700.46362,62485.3097343297,18904.30405083655,0.0,0.0
934,14794.35635,3957.02457,25729.01294,2268.38944,432.07418,2700.46362,62485.3097343297,18904.30405083655,0.0,0.0
935,14794.35635,3957.02457,25729.01294,2268.38944,432.07418,2700.46362,62485.3097343297,18904.30405083655,0.0,0.0
936,14794.35635,3957.02457,25729.01294,2268.38944,432.07418,2700.46362,62485.3097343297,18904.30405083655,0.0,0.0
937,14794.35635,3957.02457,25729.01294,2268.38944,432.07418,2700.46362,62485.3097343297,18904.30405083655,0.0,0.0
938,14794.35635,3957.02457,25729.01294,2268.38944,432.07418,2700.46362,62485.3097343297,18904.30405083655,0.0,0.0
939,14794.35635,3957.02457,25729.01294,2268.38944,432.07418,2700.46362,62485.3097343297,18904.30405083655,0.0,0.0
940,14794.35635,3957.02457,25729.01294,2268.38944,432.07418,2700.46362,62485.3097343297,18904.30405083655,0.0,0.0
941,14794.35635,3957.02457,25729.01294,2268.38944,432.07418,2700.46362,62485.3097343297,18904.30405083655,0.0,0.0
942,14794.35635,3957.02457,25729.01294,2268.38944,432.07418,2700.46362,62485.3097343297,18904.30405083655,0.0,0.0
943,14794.35635,3957.02457,25729.01294,2268.38944,432.07418,2700.46362,62485.3097343297,18904.30405083655,0.0,0.0
944,14794.35635,3957.02457,25729.01294,2268.38944,432.07418,2700.46362,62485.3097343297,18904.30405083655,0.0,0.0
945,14794.35635,3957.02457,25729.01294,2268.38944,432.07418,2700.46362,62485.3097343297,18904.30405083655,0.0,0.0
946,14794.35635,3957.02457,25729.01294,2268.38944,432.07418,2700.46362,62485.3097343297,18904.30405083655,0.0,0.0
947,14794.35635,3957.02457,25729.01294,2268.38944,432.07418,2700.46362,62485.3097343297,18904.30405083655,0.0,0.0
948,14794.35635,3957.02457,25729.01294,2268.38944,432.07418,2700.46362,62485.3097343297,18904.30405083655,0.0,0.0
949,14794.35635,3957.02457,25729.01294,2268.38944,432.07418,2700.46362,62485.3097343297,18904.30405083655,0.0,0.0
950,14794.35635,3957.02457,25729.01294,2268.38944,432.07418,2700.46362,62485.3097343297,18904.30405083655,0.0,0.0
951,14794.35635,3957.02457,25729.01294,2268.38944,432.07418,2700.46362,62485.3097343297,18904.30405083655,0.0,0.0
952,14794.35635,3957.02457,25729.01294,2268.38944,432.07418,2700.46362,62485.3097343297,18904.30405083655,0.0,0.0
953,14794.35635,3957.02457,25729.01294,2268.38944,432.07418,2700.46362,62485.3097343297,18904.30405083655,0.0,0.0
954,14794.35635,3957.02457,25729.01294,2268.38944,432.07418,2700.46362,62485.3097343297,18904.30405083655,0.0,0.0
955,14794.35635,3957.02457,25729.01294,2268.38944,432.07418,2700.46362,62485.3097343297,18904.30405083655,0.0,0.0
956,14794.35635,3957.02457,25729.01294,2268.38944,432.07418,2700.46362,62485.3097343297,18904.30405083655,0.0,0.0
957,14794.35635,3957.02457,25729.01294,2268.38944,432.07418,2700.46362,62485.3097343297,18904.30405083655,0.0,0.0
958,14794.35635,3957.02457,25729.01294,2268.38944,432.07418,2700.46362,62485.3097343297,18904.30405083655,0.0,0.0
959,14794.35635,3957.02457,25729.01294,2268.38944,432.07418,2700.46362,62485.3097343297,18904.30405083655,0.0,0.0
960,14794.35635,3957.02457,25729.01294,2268.38944,432.07418,2700.46362,62485.3097343297,18904.30405083655,0.0,0.0
961,14794.35635,3957.02457,25729.01294,2268.38944,432.07418,2700.46362,62485.3097343297,18904.30405083655,0.0,0.0
962,14794.35635,3957.02457,25729.01294,2268.38944,432.07418,2700.46362,62485.3097343297,18904.30405083655,0.0,0.0
963,14794.35635,3957.02457,25729.01294,2268.38944,432.07418,2700.46362,62485.3097343297,18904.30405083655,0.0,0.0
964,14794.35635,3957.02457,25729.01294,2268.38944,432.07418,2700.46362,62485.3097343297,18904.30405083655,0.0,0.0
965,14794.35635,3957.02457,25729.01294,2268.38944,432.07418,2700.46362,62485.3097343297,18904.30405083655,0.0,0.0
966,14794.35635,3957.02457,25729.01294,2268.38944,432.07418,2700.46362,62485.3097343297,18904.30405083655,0.0,0.0
967,14794.35635,3957.02457,25729.01294,2268.38944,432.07418,2700.46362,62485.3097343297,18904.30405083655,0.0,0.0
968,14794.35635,3957.02457,25729.01294,2268.38944,432.07418,2700.46362,62485.3097343297,18904.30405083655,0.0,0.0
969,14794.35635,3957.02457,25729.01294,2268.38944,432.07418,2700.46362,62485.3097343297,18904.30405083655,0.0,0.0
970,14794.35635,3957.02457,25729.01294,2268.38944,432.07418,2700.46362,62485.3097343297,18904.30405083655,0.0,0.0
971,14794.35635,3957.02457,25729.01294,2268.38944,432.07418,2700.46362,62485.3097343297,18904.30405083655,0.0,0.0
972,14794.35635,3957.02457,25729.01294,2268.38944,432.07418,2700.46362,62485.3097343297,18904.30405083655,0.0,0.0
973,14794.35635,3957.02457,25729.01294,2268.38944,432.07418,2700.46362,62485.3097343297,18904.30405083655,0.0,0.0
974,14794.35635,3957.02457,25729.01294,2268.38944,432.07418,2700.46362,62485.3097343297,18904.30405083655,0.0,0.0
975,14794.35635,3957.02457,25729.01294,2268.38944,432.07418,2700.46362,62485.3097343297,18904.30405083655,0.0,0.0
976,14794.35635,3957.02457,25729.01294,2268.38944,432.07418,2700.46362,62485.3097343297,18904.30405083655,0.0,0.0
977,14794.35635,3957.02457,25729.01294,2268.38944,432.07418,2700.46362,62485.3097343297,18904.30405083655,0.0,0.0
978,14794.35635,3957.02457,25729.01294,2268.38944,432.07418,2700.46362,62485.3097343297,18904.30405083655,0.0,0.0
979,14794.35635,3957.02457,25729.01294,2268.38944,432.07418,2700.46362,62485.3097343297,18904.30405083655,0.0,0.0
980,14794.35635,3957.02457,25729.01294,2268.38944,432.07418,2700.46362,62485.3097343297,18904.30405083655,0.0,0.0
981,14794.35635,3957.02457,25729.01294,2268.38944,432.07418,2700.46362,62485.3097343297,18904.30405083655,0.0,0.0
982,14794.35635,3957.02457,25729.01294,2268.38944,432.07418,2700.46362,62485.3097343297,18904.30405083655,0.0,0.0
983,14794.35635,3957.02457,25729.01294,2268.38944,432.07418,2700.46362,62485.3097343297,18904.30405083655,0.0,0.0
984,14794.35635,3957.02457,25729.01294,2268.38944,432.07418,2700.46362,62485.3097343297,18904.30405083655,0.0,0.0
985,14794.35635,3957.02457,25729.01294,2268.38944,432.07418,2700.46362,62485.3097343297,18904.30405083655,0.0,0.0
986,14794.35635,3957.02457,25729.01294,2268.38944,432.07418,2700.46362,62485.3097343297,18904.30405083655,0.0,0.0
987,14794.35635,3957.02457,25729.01294,2268.38944,432.07418,2700.46362,62485.3097343297,18904.30405083655,0.0,0.0
988,14794.35635,3957.02457,25729.01294,2268.38944,432.07418,2700.46362,62485.3097343297,18904.30405083655,0.0,0.0
989,14794.35635,3957.02457,25729.01294,2268.38944,432.07418,2700.46362,62485.3097343297,18904.30405083655,0.0,0.0
990,14794.35635,3957.02457,25729.01294,2268.38944,432.07418,2700.46362,62485.3097343297,18904.30405083655,0.0,0.0
991,14794.35635,3957.02457,25729.01294,2268.38944,432.07418,2700.46362,62485.3097343297,18904.30405083655,0.0,0.0
992,14794.35635,3957.02457,25729.01294,2268.38944,432.07418,2700.46362,62485.3097343297,18904.30405083655,0.0,0.0
993,14794.35635,3957.02457,25729.01294,2268.38944,432.07418,2700.46362,62485.3097343297,18904.30405083655,0.0,0.0
994,14794.35635,3957.02457,25729.01294,2268.38944,432.07418,2700.46362,62485.3097343297,18904.30405083655,0.0,0.0
995,14794.35635,3957.02457,25729.01294,2268.38944,432.07418,2700.46362,62485.3097343297,18904.30405083655,0.0,0.0
996,14794.35635,3957.02457,25729.01294,2268.38944,432.07418,2700.46362,62485.3097343297,18904.30405083655,0.0,0.0
997,14794.35635,3957.02457,25729.01294,2268.38944,432.07418,2700.46362,62485.3097343297,18904.30405083655,0.0,0.0
998,14794.35635,3957.02457,25729.01294,2268.38944,432.07418,2700.46362,62485.3097343297,18904.30405083655,0.0,0.0
999,14794.35635,3957.02457,25729.01294,2268.38944,432.07418,2700.46362,62485.3097343297,18904.30405083655,0.0,0.0
1000,14794.35635,3957.02457,25729.01294,2268.38944,432.07418,2700.46362,62485.3097343297,18904.30405083655,0.0,0.0
1001,14794.35635,3957.02457,25729.01294,2268.38944,432.07418,2700.46362,62485.3097343297,18904.30405083655,0.0,0.0
1002,14794.35635,3957.02457,25729.01294,2268.38944,432.07418,2700.46362,62485.3097343297,18904.30405083655,0.0,0.0
1003,14794.35635,3957.02457,25729.01294,2268.38944,432.07418,2700.46362,62485.3097343297,18904.30405083655,0.0,0.0
1004,14794.35635,3957.02457,25729.01294,2268.38944,432.07418,2700.46362,62485.3097343297,18904.30405083655,0.0,0.0
1005,14794.35635,3957.02457,25729.01294,2268.38944,432.07418,2700.46362,62485.3097343297,18904.30405083655,0.0,0.0
1006,14794.35635,3957.02457,25729.01294,2268.38944,432.07418,2700.46362,62485.3097343297,18904.30405083655,0.0,0.0
1007,14794.35635,3957.02457,25729.01294,2268.38944,432.07418,2700.46362,62485.3097343297,18904.30405083655,0.0,0.0
1008,14794.35635,3957.02457,25729.01294,2268.38944,432.07418,2700.46362,62485.3097343297,18904.30405083655,0.0,0.0
1009,14794.35635,3957.02457,25729.01294,2268.38944,432.07418,2700.46362,62485.3097343297,18904.30405083655,0.0,0.0
1010,14794.35635,3957.02457,25729.01294,2268.38944,432.07418,2700.46362,62485.3097343297,18904.30405083655,0.0,0.0
1011,14794.35635,3957.02457,25729.01294,2268.38944,432.07418,2700.46362,62485.3097343297,18904.30405083655,0.0,0.0
1012,14794.35635,3957.02457,25729.01294,2268.38944,432.07418,2700.46362,62485.3097343297,18904.30405083655,0.0,0.0
1013,14794.35635,3957.02457,25729.01294,2268.38944,432.07418,2700.46362,62485.3097343297,18904.30405083655,0.0,0.0
1014,14794.35635,3957.02457,25729.01294,2268.38944,432.07418,2700.46362,62485.3097343297,18904.30405083655,0.0,0.0
1015,14794.35635,3957.02457,25729.01294,2268.38944,432.07418,2700.46362,62485.3097343297,18904.30405083655,0.0,0.0
1016,14794.35635,3957.02457,25729.01294,2268.38944,432.07418,2700.46362,62485.3097343297,18904.30405083655,0.0,0.0
1017,14794.35635,3957.02457,25729.01294,2268.38944,432.07418,2700.46362,62485.3097343297,18904.30405083655,0.0,0.0
1018,14794.35635,3957.02457,25729.01294,2268.38944,432.07418,2700.46362,62485.3097343297,18904.30405083655,0.0,0.0
1019,14794.35635,3957.02457,25729.01294,2268.38944,432.07418,2700.46362,62485.3097343297,18904.30405083655,0.0,0.0
1020,14794.35635,3957.02457,25729.01294,2268.38944,432.07418,2700.46362,62485.3097343297,18904.30405083655,0.0,0.0
1021,14794.35635,3957.02457,25729.01294,2268.38944,432.07418,2700.46362,62485.3097343297,18904.30405083655,0.0,0.0
1022,14794.35635,3957.02457,25729.01294,2268.38944,432.07418,2700.46362,62485.3097343297,18904.30405083655,0.0,0.0
1023,14794.35635,3957.02457,25729.01294,2268.38944,432.07418,2700.46362,62485.3097343297,18904.30405083655,0.0,0.0
1024,14794.35635,3957.02457,25729.01294,2268.38944,432.07418,2700.46362,62485.3097343297,18904.30405083655,0.0,0.0
1025,14794.35635,3957.02457,25729.01294,2268.38944,432.07418,2700.46362,62485.3097343297,18904.30405083655,0.0,0.0
1026,14794.35635,3957.02457,25729.01294,2268.38944,432.07418,2700.46362,62485.3097343297,18904.30405083655,0.0,0.0
1027,14794.35635,3957.02457,25729.01294,2268.38944,432.07418,2700.46362,62485.3097343297,18904.30405083655,0.0,0.0
1028,14794.35635,3957.02457,25729.01294,2268.38944,432.07418,2700.46362,62485.3097343297,18904.30405083655,0.0,0.0
1029,14794.35635,3957.02457,25729.01294,2268.38944,432.07418,2700.46362,62485.3097343297,18904.30405083655,0.0,0.0
1030,14794.35635,3957.02457,25729.01294,2268.38944,432.07418,2700.46362,62485.3097343297,18904.30405083655,0.0,0.0
1031,14794.35635,3957.02457,25729.01294,2268.38944,432.07418,2700.46362,62485.3097343297,18904.30405083655,0.0,0.0
1032,14794.35635,3957.02457,25729.01294,2268.38944,432.07418,2700.46362,62485.3097343297,18904.30405083655,0.0,0.0
1033,14794.35635,3957.02457,25729.01294,2268.38944,432.07418,2700.46362,62485.3097343297,18904.30405083655,0.0,0.0
1034,14794.35635,3957.02457,25729.01294,2268.38944,432.07418,2700.46362,62485.3097343297,18904.30405083655,0.0,0.0
1035,14794.35635,3957.02457,25729.01294,2268.38944,432.07418,2700.46362,62485.3097343297,18904.30405083655,0.0,0.0
1036,14794.35635,3957.02457,25729.01294,2268.38944,432.07418,2700.46362,62485.3097343297,18904.30405083655,0.0,0.0
1037,14794.35635,3957.02457,25729.01294,2268.38944,432.07418,2700.46362,62485.3097343297,18904.30405083655,0.0,0.0
1038,14794.35635,3957.02457,25729.01294,2268.38944,432.07418,2700.46362,62485.3097343297,18904.30405083655,0.0,0.0
1039,14794.35635,3957.02457,25729.01294,2268.38944,432.07418,2700.46362,62485.3097343297,18904.30405083655,0.0,0.0
1040,14794.35635,3957.02457,25729.01294,2268.38944,432.07418,2700.46362,62485.3097343297,18904.30405083655,0.0,0.0
1041,14794.35635,3957.02457,25729.01294,2268.38944,432.07418,2700.46362,62485.3097343297,18904.30405083655,0.0,0.0
1042,14794.35635,3957.02457,25729.01294,2268.38944,432.07418,2700.46362,62485.3097343297,18904.30405083655,0.0,0.0
1043,14794.35635,3957.02457,25729.01294,2268.38944,432.07418,2700.46362,62485.3097343297,18904.30405083655,0.0,0.0
1044,14794.35635,3957.02457,25729.01294,2268.38944,432.07418,2700.46362,62485.3097343297,18904.30405083655,0.0,0.0
1045,14794.35635,3957.02457,25729.01294,2268.38944,432.07418,2700.46362,62485.3097343297,18904.30405083655,0.0,0.0
1046,14794.35635,3957.02457,25729.01294,2268.38944,432.07418,2700.46362,62485.3097343297,18904.30405083655,0.0,0.0
1047,14794.35635,3957.02457,25729.01294,2268.38944,432.07418,2700.46362,62485.3097343297,18904.30405083655,0.0,0.0
1048,14794.35635,3957.02457,25729.01294,2268.38944,432.07418,2700.46362,62485.3097343297,18904.30405083655,0.0,0.0
1049,14794.35635,3957.02457,25729.01294,2268.38944,432.07418,2700.46362,62485.3097343297,18904.30405083655,0.0,0.0
1050,14794.35635,3957.02457,25729.01294,2268.38944,432.07418,2700.46362,62485.3097343297,18904.30405083655,0.0,0.0
1051,14794.35635,3957.02457,25729.01294,2268.38944,432.07418,2700.46362,62485.3097343297,18904.30405083655,0.0,0.0
1052,14794.35635,3957.02457,25729.01294,2268.38944,432.07418,2700.46362,62485.3097343297,18904.30405083655,0.0,0.0
1053,14794.35635,3957.02457,25729.01294,2268.38944,432.07418,2700.46362,62485.3097343297,18904.30405083655,0.0,0.0
1054,14794.35635,3957.02457,25729.01294,2268.38944,432.07418,2700.46362,62485.3097343297,18904.30405083655,0.0,0.0
1055,14794.35635,3957.02457,25729.01294,2268.38944,432.07418,2700.46362,62485.3097343297,18904.30405083655,0.0,0.0
1056,14794.35635,3957.02457,25729.01294,2268.38944,432.07418,2700.46362,62485.3097343297,18904.30405083655,0.0,0.0
1057,14794.35635,3957.02457,25729.01294,2268.38944,432.07418,2700.46362,62485.3097343297,18904.30405083655,0.0,0.0
1058,14794.35635,3957.02457,25729.01294,2268.38944,432.07418,2700.46362,62485.3097343297,18904.30405083655,0.0,0.0
1059,14794.35635,3957.02457,25729.01294,2268.38944,432.07418,2700.46362,62485.3097343297,18904.30405083655,0.0,0.0
1060,14794.35635,3957.02457,25729.01294,2268.38944,432.07418,2700.46362,62485.3097343297,18904.30405083655,0.0,0.0
1061,14794.35635,3957.02457,25729.01294,2268.38944,432.07418,2700.46362,62485.3097343297,18904.30405083655,0.0,0.0
1062,14794.35635,3957.02457,25729.01294,2268.38944,432.07418,2700.46362,62485.3097343297,18904.30405083655,0.0,0.0
1063,14794.35635,3957.02457,25729.01294,2268.38944,432.07418,2700.46362,62485.3097343297,18904.30405083655,0.0,0.0
1064,14794.35635,3957.02457,25729.01294,2268.38944,432.07418,2700.46362,62485.3097343297,18904.30405083655,0.0,0.0
1065,14794.35635,3957.02457,25729.01294,2268.38944,432.07418,2700.46362,62485.3097343297,18904.30405083655,0.0,0.0
1066,14794.35635,3957.02457,25729.01294,2268.38944,432.07418,2700.46362,62485.3097343297,18904.30405083655,0.0,0.0
1067,14794.35635,3957.02457,25729.01294,2268.38944,432.07418,2700.46362,62485.3097343297,18904.30405083655,0.0,0.0
1068,14794.35635,3957.02457,25729.01294,2268.38944,432.07418,2700.46362,62485.3097343297,18904.30405083655,0.0,0.0
1069,14794.35635,3957.02457,25729.01294,2268.38944,432.07418,2700.46362,62485.3097343297,18904.30405083655,0.0,0.0
1070,14794.35635,3957.02457,25729.01294,2268.38944,432.07418,2700.46362,62485.3097343297,18904.30405083655,0.0,0.0
1071,14794.35635,3957.02457,25729.01294,2268.38944,432.07418,2700.46362,62485.3097343297,18904.30405083655,0.0,0.0
1072,14794.35635,3957.02457,25729.01294,2268.38944,432.07418,2700.46362,62485.3097343297,18904.30405083655,0.0,0.0
1073,14794.35635,3957.02457,25729.01294,2268.38944,432.07418,2700.46362,62485.3097343297,18904.30405083655,0.0,0.0
1074,14794.35635,3957.02457,25729.01294,2268.38944,432.07418,2700.46362,62485.3097343297,18904.30405083655,0.0,0.0
1075,14794.35635,3957.02457,25729.01294,2268.38944,432.07418,2700.46362,62485.3097343297,18904.30405083655,0.0,0.0
1076,14794.35635,3957.02457,25729.01294,2268.38944,432.07418,2700.46362,62485.3097343297,18904.30405083655,0.0,0.0
1077,14794.35635,3957.02457,25729.01294,2268.38944,432.07418,2700.46362,62485.3097343297,18904.30405083655,0.0,0.0
1078,14794.35635,3957.02457,25729.01294,2268.38944,432.07418,2700.46362,62485.3097343297,18904.30405083655,0.0,0.0
1079,14794.35635,3957.02457,25729.01294,2268.38944,432.07418,2700.46362,62485.3097343297,18904.30405083655,0.0,0.0
1080,14794.35635,3957.02457,25729.01294,2268.38944,432.07418,2700.46362,62485.3097343297,18904.30405083655,0.0,0.0
1081,14794.35635,3957.02457,25729.01294,2268.38944,432.07418,2700.46362,62485.3097343297,18904.30405083655,0.0,0.0
1082,14794.35635,3957.02457,25729.01294,2268.38944,432.07418,2700.46362,62485.3097343297,18904.30405083655,0.0,0.0
1083,14794.35635,3957.02457,25729.01294,2268.38944,432.07418,2700.46362,62485.3097343297,18904.30405083655,0.0,0.0
1084,14794.35635,3957.02457,25729.01294,2268.38944,432.07418,2700.46362,62485.3097343297,18904.30405083655,0.0,0.0
1085,14794.35635,3957.02457,25729.01294,2268.38944,432.07418,2700.46362,62485.3097343297,18904.30405083655,0.0,0.0
1086,14794.35635,3957.02457,25729.01294,2268.38944,432.07418,2700.46362,62485.3097343297,18904.30405083655,0.0,0.0
1087,14794.35635,3957.02457,25729.01294,2268.38944,432.07418,2700.46362,62485.3097343297,18904.30405083655,0.0,0.0
1088,14794.35635,3957.02457,25729.01294,2268.38944,432.07418,2700.46362,62485.3097343297,18904.30405083655,0.0,0.0
1089,14794.35635,3957.02457,25729.01294,2268.38944,432.07418,2700.46362,62485.3097343297,18904.30405083655,0.0,0.0
1090,14794.35635,3957.02457,25729.01294,2268.38944,432.07418,2700.46362,62485.3097343297,18904.30405083655,0.0,0.0
1091,14794.35635,3957.02457,25729.01294,2268.38944,432.07418,2700.46362,62485.3097343297,18904.30405083655,0.0,0.0
1092,14794.35635,3957.02457,25729.01294,2268.38944,432.07418,2700.46362,62485.3097343297,18904.30405083655,0.0,0.0
1093,14794.35635,3957.02457,25729.01294,2268.38944,432.07418,2700.46362,62485.3097343297,18904.30405083655,0.0,0.0
1094,14794.35635,3957.02457,25729.01294,2268.38944,432.07418,2700.46362,62485.3097343297,18904.30405083655,0.0,0.0
1095,14794.35635,3957.02457,25729.01294,2268.38944,432.07418,2700.46362,62485.3097343297,18904.30405083655,0.0,0.0
1096,14794.35635,3957.02457,25729.01294,2268.38944,432.07418,2700.46362,62485.3097343297,18904.30405083655,0.0,0.0
1097,14794.35635,3957.02457,25729.01294,2268.38944,432.07418,2700.46362,62485.3097343297,18904.30405083655,0.0,0.0
1098,14794.35635,3957.02457,25729.01294,2268.38944,432.07418,2700.46362,62485.3097343297,18904.30405083655,0.0,0.0
1099,14794.35635,3957.02457,25729.01294,2268.38944,432.07418,2700.46362,62485.3097343297,18904.30405083655,0.0,0.0
1100,14794.35635,3957.02457,25729.01294,2268.38944,432.07418,2700.46362,62485.3097343297,18904.30405083655,0.0,0.0
1101,14794.35635,3957.02457,25729.01294,2268.38944,432.07418,2700.46362,62485.3097343297,18904.30405083655,0.0,0.0
1102,14794.35635,3957.02457,25729.01294,2268.38944,432.07418,2700.46362,62485.3097343297,18904.30405083655,0.0,0.0
1103,14794.35635,3957.02457,25729.01294,2268.38944,432.07418,2700.46362,62485.3097343297,18904.30405083655,0.0,0.0
1104,14794.35635,3957.02457,25729.01294,2268.38944,432.07418,2700.46362,62485.3097343297,18904.30405083655,0.0,0.0
1105,14794.35635,3957.02457,25729.01294,2268.38944,432.07418,2700.46362,62485.3097343297,18904.30405083655,0.0,0.0
1106,14794.35635,3957.02457,25729.01294,2268.38944,432.07418,2700.46362,62485.3097343297,18904.30405083655,0.0,0.0
1107,14794.35635,3957.02457,25729.01294,2268.38944,432.07418,2700.46362,62485.3097343297,18904.30405083655,0.0,0.0
1108,14794.35635,3957.02457,25729.01294,2268.38944,432.07418,2700.46362,62485.3097343297,18904.30405083655,0.0,0.0
1109,14794.35635,3957.02457,25729.01294,2268.38944,432.07418,2700.46362,62485.3097343297,18904.30405083655,0.0,0.0
1110,14794.35635,3957.02457,25729.01294,2268.38944,432.07418,2700.46362,62485.3097343297,18904.30405083655,0.0,0.0
1111,14794.35635,3957.02457,25729.01294,2268.38944,432.07418,2700.46362,62485.3097343297,18904.30405083655,0.0,0.0
1112,14794.35635,3957.02457,25729.01294,2268.38944,432.07418,2700.46362,62485.3097343297,18904.30405083655,0.0,0.0
1113,14794.35635,3957.02457,25729.01294,2268.38944,432.07418,2700.46362,62485.3097343297,18904.30405083655,0.0,0.0
1114,14794.35635,3957.02457,25729.01294,2268.38944,432.07418,2700.46362,62485.3097343297,18904.30405083655,0.0,0.0
1115,14794.35635,3957.02457,25729.01294,2268.38944,432.07418,2700.46362,62485.3097343297,18904.30405083655,0.0,0.0
1116,14794.35635,3957.02457,25729.01294,2268.38944,432.07418,2700.46362,62485.3097343297,18904.30405083655,0.0,0.0
1117,14794.35635,3957.02457,25729.01294,2268.38944,432.07418,2700.46362,62485.3097343297,18904.30405083655,0.0,0.0
1118,14794.35635,3957.02457,25729.01294,2268.38944,432.07418,2700.46362,62485.3097343297,18904.30405083655,0.0,0.0
1119,14794.35635,3957.02457,25729.01294,2268.38944,432.07418,2700.46362,62485.3097343297,18904.30405083655,0.0,0.0
1120,14794.35635,3957.02457,25729.01294,2268.38944,432.07418,2700.46362,62485.3097343297,18904.30405083655,0.0,0.0
1121,14794.35635,3957.02457,25729.01294,2268.38944,432.07418,2700.46362,62485.3097343297,18904.30405083655,0.0,0.0
1122,14794.35635,3957.02457,25729.01294,2268.38944,432.07418,2700.46362,62485.3097343297,18904.30405083655,0.0,0.0
1123,14794.35635,3957.02457,25729.01294,2268.38944,432.07418,2700.46362,62485.3097343297,18904.30405083655,0.0,0.0
1124,14794.35635,3957.02457,25729.01294,2268.38944,432.07418,2700.46362,62485.3097343297,18904.30405083655,0.0,0.0
1125,14794.35635,3957.02457,25729.01294,2268.38944,432.07418,2700.46362,62485.3097343297,18904.30405083655,0.0,0.0
1126,14794.35635,3957.02457,25729.01294,2268.38944,432.07418,2700.46362,62485.3097343297,18904.30405083655,0.0,0.0
1127,14794.35635,3957.02457,25729.01294,2268.38944,432.07418,2700.46362,62485.3097343297,18904.30405083655,0.0,0.0
1128,14794.35635,3957.02457,25729.01294,2268.38944,432.07418,2700.46362,62485.3097343297,18904.30405083655,0.0,0.0
1129,14794.35635,3957.02457,25729.01294,2268.38944,432.07418,2700.46362,62485.3097343297,18904.30405083655,0.0,0.0
1130,14794.35635,3957.02457,25729.01294,2268.38944,432.07418,2700.46362,62485.3097343297,18904.30405083655,0.0,0.0
1131,14794.35635,3957.02457,25729.01294,2268.38944,432.07418,2700.46362,62485.3097343297,18904.30405083655,0.0,0.0
1132,14794.35635,3957.02457,25729.01294,2268.38944,432.07418,2700.46362,62485.3097343297,18904.30405083655,0.0,0.0
1133,14794.35635,3957.02457,25729.01294,2268.38944,432.07418,2700.46362,62485.3097343297,18904.30405083655,0.0,0.0
1134,14794.35635,3957.02457,25729.01294,2268.38944,432.07418,2700.46362,62485.3097343297,18904.30405083655,0.0,0.0
1135,14794.35635,3957.02457,25729.01294,2268.38944,432.07418,2700.46362,62485.3097343297,18904.30405083655,0.0,0.0
1136,14794.35635,3957.02457,25729.01294,2268.38944,432.07418,2700.46362,62485.3097343297,18904.30405083655,0.0,0.0
1137,14794.35635,3957.02457,25729.01294,2268.38944,432.07418,2700.46362,62485.3097343297,18904.30405083655,0.0,0.0
1138,14794.35635,3957.02457,25729.01294,2268.38944,432.07418,2700.46362,62485.3097343297,18904.30405083655,0.0,0.0
1139,14794.35635,3957.02457,25729.01294,2268.38944,432.07418,2700.46362,62485.3097343297,18904.30405083655,0.0,0.0
1140,14794.35635,3957.02457,25729.01294,2268.38944,432.07418,2700.46362,62485.3097343297,18904.30405083655,0.0,0.0
1141,14794.35635,3957.02457,25729.01294,2268.38944,432.07418,2700.46362,62485.3097343297,18904.30405083655,0.0,0.0
1142,14794.35635,3957.02457,25729.01294,2268.38944,432.07418,2700.46362,62485.3097343297,18904.30405083655,0.0,0.0
1143,14794.35635,3957.02457,25729.01294,2268.38944,432.07418,2700.46362,62485.3097343297,18904.30405083655,0.0,0.0
1144,14794.35635,3957.02457,25729.01294,2268.38944,432.07418,2700.46362,62485.3097343297,18904.30405083655,0.0,0.0
1145,14794.35635,3957.02457,25729.01294,2268.38944,432.07418,2700.46362,62485.3097343297,18904.30405083655,0.0,0.0
1146,14794.35635,3957.02457,25729.01294,2268.38944,432.07418,2700.46362,62485.3097343297,18904.30405083655,0.0,0.0
1147,14794.35635,3957.02457,25729.01294,2268.38944,432.07418,2700.46362,62485.3097343297,18904.30405083655,0.0,0.0
1148,14794.35635,3957.02457,25729.01294,2268.38944,432.07418,2700.46362,62485.3097343297,18904.30405083655,0.0,0.0
1149,14794.35635,3957.02457,25729.01294,2268.38944,432.07418,2700.46362,62485.3097343297,18904.30405083655,0.0,0.0
1150,14794.35635,3957.02457,25729.01294,2268.38944,432.07418,2700.46362,62485.3097343297,18904.30405083655,0.0,0.0
1151,14794.35635,3957.02457,25729.01294,2268.38944,432.07418,2700.46362,62485.3097343297,18904.30405083655,0.0,0.0
1152,14794.35635,3957.02457,25729.01294,2268.38944,432.07418,2700.46362,62485.3097343297,18904.30405083655,0.0,0.0
1153,14794.35635,3957.02457,25729.01294,2268.38944,432.07418,2700.46362,62485.3097343297,18904.30405083655,0.0,0.0
1154,14794.35635,3957.02457,25729.01294,2268.38944,432.07418,2700.46362,62485.3097343297,18904.30405083655,0.0,0.0
1155,14794.35635,3957.02457,25729.01294,2268.38944,432.07418,2700.46362,62485.3097343297,18904.30405083655,0.0,0.0
1156,14794.35635,3957.02457,25729.01294,2268.38944,432.07418,2700.46362,62485.3097343297,18904.30405083655,0.0,0.0
1157,14794.35635,3957.02457,25729.01294,2268.38944,432.07418,2700.46362,62485.3097343297,18904.30405083655,0.0,0.0
1158,14794.35635,3957.02457,25729.01294,2268.38944,432.07418,2700.46362,62485.3097343297,18904.30405083655,0.0,0.0
1159,14794.35635,3957.02457,25729.01294,2268.38944,432.07418,2700.46362,62485.3097343297,18904.30405083655,0.0,0.0
1160,14794.35635,3957.02457,25729.01294,2268.38944,432.07418,2700.46362,62485.3097343297,18904.30405083655,0.0,0.0
1161,14794.35635,3957.02457,25729.01294,2268.38944,432.07418,2700.46362,62485.3097343297,18904.30405083655,0.0,0.0
1162,14794.35635,3957.02457,25729.01294,2268.38944,432.07418,2700.46362,62485.3097343297,18904.30405083655,0.0,0.0
1163,14794.35635,3957.02457,25729.01294,2268.38944,432.07418,2700.46362,62485.3097343297,18904.30405083655,0.0,0.0
1164,14794.35635,3957.02457,25729.01294,2268.38944,432.07418,2700.46362,62485.3097343297,18904.30405083655,0.0,0.0
1165,14794.35635,3957.02457,25729.01294,2268.38944,432.07418,2700.46362,62485.3097343297,18904.30405083655,0.0,0.0
1166,14794.35635,3957.02457,25729.01294,2268.38944,432.07418,2700.46362,62485.3097343297,18904.30405083655,0.0,0.0
1167,14794.35635,3957.02457,25729.01294,2268.38944,432.07418,2700.46362,62485.3097343297,18904.30405083655,0.0,0.0
1168,14794.35635,3957.02457,25729.01294,2268.38944,432.07418,2700.46362,62485.3097343297,18904.30405083655,0.0,0.0
1169,14794.35635,3957.02457,25729.01294,2268.38944,432.07418,2700.46362,62485.3097343297,18904.30405083655,0.0,0.0
1170,14794.35635,3957.02457,25729.01294,2268.38944,432.07418,2700.46362,62485.3097343297,18904.30405083655,0.0,0.0
1171,14794.35635,3957.02457,25729.01294,2268.38944,432.07418,2700.46362,62485.3097343297,18904.30405083655,0.0,0.0
1172,14794.35635,3957.02457,25729.01294,2268.38944,432.07418,2700.46362,62485.3097343297,18904.30405083655,0.0,0.0
1173,14794.35635,3957.02457,25729.01294,2268.38944,432.07418,2700.46362,62485.3097343297,18904.30405083655,0.0,0.0
1174,14794.35635,3957.02457,25729.01294,2268.38944,432.07418,2700.46362,62485.3097343297,18904.30405083655,0.0,0.0
1175,14794.35635,3957.02457,25729.01294,2268.38944,432.07418,2700.46362,62485.3097343297,18904.30405083655,0.0,0.0
1176,14794.35635,3957.02457,25729.01294,2268.38944,432.07418,2700.46362,62485.3097343297,18904.30405083655,0.0,0.0
1177,14794.35635,3957.02457,25729.01294,2268.38944,432.07418,2700.46362,62485.3097343297,18904.30405083655,0.0,0.0
1178,14794.35635,3957.02457,25729.01294,2268.38944,432.07418,2700.46362,62485.3097343297,18904.30405083655,0.0,0.0
1179,14794.35635,3957.02457,25729.01294,2268.38944,432.07418,2700.46362,62485.3097343297,18904.30405083655,0.0,0.0
1180,14794.35635,3957.02457,25729.01294,2268.38944,432.07418,2700.46362,62485.3097343297,18904.30405083655,0.0,0.0
1181,14794.35635,3957.02457,25729.01294,2268.38944,432.07418,2700.46362,62485.3097343297,18904.30405083655,0.0,0.0
1182,14794.35635,3957.02457,25729.01294,2268.38944,432.07418,2700.46362,62485.3097343297,18904.30405083655,0.0,0.0
1183,14794.35635,3957.02457,25729.01294,2268.38944,432.07418,2700.46362,62485.3097343297,18904.30405083655,0.0,0.0
1184,14794.35635,3957.02457,25729.01294,2268.38944,432.07418,2700.46362,62485.3097343297,18904.30405083655,0.0,0.0
1185,14794.35635,3957.02457,25729.01294,2268.38944,432.07418,2700.46362,62485.3097343297,18904.30405083655,0.0,0.0
1186,14794.35635,3957.02457,25729.01294,2268.38944,432.07418,2700.46362,62485.3097343297,18904.30405083655,0.0,0.0
1187,14794.35635,3957.02457,25729.01294,2268.38944,432.07418,2700.46362,62485.3097343297,18904.30405083655,0.0,0.0
1188,14794.35635,3957.02457,25729.01294,2268.38944,432.07418,2700.46362,62485.3097343297,18904.30405083655,0.0,0.0
1189,14794.35635,3957.02457,25729.01294,2268.38944,432.07418,2700.46362,62485.3097343297,18904.30405083655,0.0,0.0
1190,14794.35635,3957.02457,25729.01294,2268.38944,432.07418,2700.46362,62485.3097343297,18904.30405083655,0.0,0.0
1191,14794.35635,3957.02457,25729.01294,2268.38944,432.07418,2700.46362,62485.3097343297,18904.30405083655,0.0,0.0
1192,14794.35635,3957.02457,25729.01294,2268.38944,432.07418,2700.46362,62485.3097343297,18904.30405083655,0.0,0.0
1193,14794.35635,3957.02457,25729.01294,2268.38944,432.07418,2700.46362,62485.3097343297,18904.30405083655,0.0,0.0
1194,14794.35635,3957.02457,25729.01294,2268.38944,432.07418,2700.46362,62485.3097343297,18904.30405083655,0.0,0.0
1195,14794.35635,3957.02457,25729.01294,2268.38944,432.07418,2700.46362,62485.3097343297,18904.30405083655,0.0,0.0
1196,14794.35635,3957.02457,25729.01294,2268.38944,432.07418,2700.46362,62485.3097343297,18904.30405083655,0.0,0.0
1197,14794.35635,3957.02457,25729.01294,2268.38944,432.07418,2700.46362,62485.3097343297,18904.30405083655,0.0,0.0
1198,14794.35635,3957.02457,25729.01294,2268.38944,432.07418,2700.46362,62485.3097343297,18904.30405083655,0.0,0.0
1199,14794.35635,3957.02457,25729.01294,2268.38944,432.07418,2700.46362,62485.3097343297,18904.30405083655,0.0,0.0
1200,14794.35635,3957.02457,25729.01294,2268.38944,432.07418,2700.46362,62485.3097343297,18904.30405083655,0.0,0.0
1201,14794.35635,3957.02457,25729.01294,2268.38944,432.07418,2700.46362,62485.3097343297,18904.30405083655,0.0,0.0
1202,14794.35635,3957.02457,25729.01294,2268.38944,432.07418,2700.46362,62485.3097343297,18904.30405083655,0.0,0.0
1203,14794.35635,3957.02457,25729.01294,2268.38944,432.07418,2700.46362,62485.3097343297,18904.30405083655,0.0,0.0
1204,14794.35635,3957.02457,25729.01294,2268.38944,432.07418,2700.46362,62485.3097343297,18904.30405083655,0.0,0.0
1205,14794.35635,3957.02457,25729.01294,2268.38944,432.07418,2700.46362,62485.3097343297,18904.30405083655,0.0,0.0
1206,14794.35635,3957.02457,25729.01294,2268.38944,432.07418,2700.46362,62485.3097343297,18904.30405083655,0.0,0.0
1207,14794.35635,3957.02457,25729.01294,2268.38944,432.07418,2700.46362,62485.3097343297,18904.30405083655,0.0,0.0
1208,14794.35635,3957.02457,25729.01294,2268.38944,432.07418,2700.46362,62485.3097343297,18904.30405083655,0.0,0.0
1209,14794.35635,3957.02457,25729.01294,2268.38944,432.07418,2700.46362,62485.3097343297,18904.30405083655,0.0,0.0
1210,14794.35635,3957.02457,25729.01294,2268.38944,432.07418,2700.46362,62485.3097343297,18904.30405083655,0.0,0.0
1211,14794.35635,3957.02457,25729.01294,2268.38944,432.07418,2700.46362,62485.3097343297,18904.30405083655,0.0,0.0
1212,14794.35635,3957.02457,25729.01294,2268.38944,432.07418,2700.46362,62485.3097343297,18904.30405083655,0.0,0.0
1213,14794.35635,3957.02457,25729.01294,2268.38944,432.07418,2700.46362,62485.3097343297,18904.30405083655,0.0,0.0
1214,14794.35635,3957.02457,25729.01294,2268.38944,432.07418,2700.46362,62485.3097343297,18904.30405083655,0.0,0.0
1215,14794.35635,3957.02457,25729.01294,2268.38944,432.07418,2700.46362,62485.3097343297,18904.30405083655,0.0,0.0
1216,14794.35635,3957.02457,25729.01294,2268.38944,432.07418,2700.46362,62485.3097343297,18904.30405083655,0.0,0.0
1217,14794.35635,3957.02457,25729.01294,2268.38944,432.07418,2700.46362,62485.3097343297,18904.30405083655,0.0,0.0
1218,14794.35635,3957.02457,25729.01294,2268.38944,432.07418,2700.46362,62485.3097343297,18904.30405083655,0.0,0.0
1219,14794.35635,3957.02457,25729.01294,2268.38944,432.07418,2700.46362,62485.3097343297,18904.30405083655,0.0,0.0
1220,14794.35635,3957.02457,25729.01294,2268.38944,432.07418,2700.46362,62485.3097343297,18904.30405083655,0.0,0.0
1221,14794.35635,3957.02457,25729.01294,2268.38944,432.07418,2700.46362,62485.3097343297,18904.30405083655,0.0,0.0
1222,14794.35635,3957.02457,25729.01294,2268.38944,432.07418,2700.46362,62485.3097343297,18904.30405083655,0.0,0.0
1223,14794.35635,3957.02457,25729.01294,2268.38944,432.07418,2700.46362,62485.3097343297,18904.30405083655,0.0,0.0
1224,14794.35635,3957.02457,25729.01294,2268.38944,432.07418,2700.46362,62485.3097343297,18904.30405083655,0.0,0.0
1225,14794.35635,3957.02457,25729.01294,2268.38944,432.07418,2700.46362,62485.3097343297,18904.30405083655,0.0,0.0
1226,14794.35635,3957.02457,25729.01294,2268.38944,432.07418,2700.46362,62485.3097343297,18904.30405083655,0.0,0.0
1227,14794.35635,3957.02457,25729.01294,2268.38944,432.07418,2700.46362,62485.3097343297,18904.30405083655,0.0,0.0
1228,14794.35635,3957.02457,25729.01294,2268.38944,432.07418,2700.46362,62485.3097343297,18904.30405083655,0.0,0.0
1229,14794.35635,3957.02457,25729.01294,2268.38944,432.07418,2700.46362,62485.3097343297,18904.30405083655,0.0,0.0
1230,14794.35635,3957.02457,25729.01294,2268.38944,432.07418,2700.46362,62485.3097343297,18904.30405083655,0.0,0.0
1231,14794.35635,3957.02457,25729.01294,2268.38944,432.07418,2700.46362,62485.3097343297,18904.30405083655,0.0,0.0
1232,14794.35635,3957.02457,25729.01294,2268.38944,432.07418,2700.46362,62485.3097343297,18904.30405083655,0.0,0.0
1233,14794.35635,3957.02457,25729.01294,2268.38944,432.07418,2700.46362,62485.3097343297,18904.30405083655,0.0,0.0
1234,14794.35635,3957.02457,25729.01294,2268.38944,432.07418,2700.46362,62485.3097343297,18904.30405083655,0.0,0.0
1235,14794.35635,3957.02457,25729.01294,2268.38944,432.07418,2700.46362,62485.3097343297,18904.30405083655,0.0,0.0
1236,14794.35635,3957.02457,25729.01294,2268.38944,432.07418,2700.46362,62485.3097343297,18904.30405083655,0.0,0.0
1237,14794.35635,3957.02457,25729.01294,2268.38944,432.07418,2700.46362,62485.3097343297,18904.30405083655,0.0,0.0
1238,14794.35635,3957.02457,25729.01294,2268.38944,432.07418,2700.46362,62485.3097343297,18904.30405083655,0.0,0.0
1239,14794.35635,3957.02457,25729.01294,2268.38944,432.07418,2700.46362,62485.3097343297,18904.30405083655,0.0,0.0
1240,14794.35635,3957.02457,25729.01294,2268.38944,432.07418,2700.46362,62485.3097343297,18904.30405083655,0.0,0.0
1241,14794.35635,3957.02457,25729.01294,2268.38944,432.07418,2700.46362,62485.3097343297,18904.30405083655,0.0,0.0
1242,14794.35635,3957.02457,25729.01294,2268.38944,432.07418,2700.46362,62485.3097343297,18904.30405083655,0.0,0.0
1243,14794.35635,3957.02457,25729.01294,2268.38944,432.07418,2700.46362,62485.3097343297,18904.30405083655,0.0,0.0
1244,14794.35635,3957.02457,25729.01294,2268.38944,432.07418,2700.46362,62485.3097343297,18904.30405083655,0.0,0.0
1245,14794.35635,3957.02457,25729.01294,2268.38944,432.07418,2700.46362,62485.3097343297,18904.30405083655,0.0,0.0
1246,14794.35635,3957.02457,25729.01294,2268.38944,432.07418,2700.46362,62485.3097343297,18904.30405083655,0.0,0.0
1247,14794.35635,3957.02457,25729.01294,2268.38944,432.07418,2700.46362,62485.3097343297,18904.30405083655,0.0,0.0
1248,14794.35635,3957.02457,25729.01294,2268.38944,432.07418,2700.46362,62485.3097343297,18904.30405083655,0.0,0.0
1249,14794.35635,3957.02457,25729.01294,2268.38944,432.07418,2700.46362,62485.3097343297,18904.30405083655,0.0,0.0
1250,14794.35635,3957.02457,25729.01294,2268.38944,432.07418,2700.46362,62485.3097343297,18904.30405083655,0.0,0.0
1251,14794.35635,3957.02457,25729.01294,2268.38944,432.07418,2700.46362,62485.3097343297,18904.30405083655,0.0,0.0
1252,14794.35635,3957.02457,25729.01294,2268.38944,432.07418,2700.46362,62485.3097343297,18904.30405083655,0.0,0.0
1253,14794.35635,3957.02457,25729.01294,2268.38944,432.07418,2700.46362,62485.3097343297,18904.30405083655,0.0,0.0
1254,14794.35635,3957.02457,25729.01294,2268.38944,432.07418,2700.46362,62485.3097343297,18904.30405083655,0.0,0.0
1255,14794.35635,3957.02457,25729.01294,2268.38944,432.07418,2700.46362,62485.3097343297,18904.30405083655,0.0,0.0
1256,14794.35635,3957.02457,25729.01294,2268.38944,432.07418,2700.46362,62485.3097343297,18904.30405083655,0.0,0.0
1257,14794.35635,3957.02457,25729.01294,2268.38944,432.07418,2700.46362,62485.3097343297,18904.30405083655,0.0,0.0
1258,14794.35635,3957.02457,25729.01294,2268.38944,432.07418,2700.46362,62485.3097343297,18904.30405083655,0.0,0.0
1259,14794.35635,3957.02457,25729.01294,2268.38944,432.07418,2700.46362,62485.3097343297,18904.30405083655,0.0,0.0
1260,14794.35635,3957.02457,25729.01294,2268.38944,432.07418,2700.46362,62485.3097343297,18904.30405083655,0.0,0.0
1261,14794.35635,3957.02457,25729.01294,2268.38944,432.07418,2700.46362,62485.3097343297,18904.30405083655,0.0,0.0
1262,14794.35635,3957.02457,25729.01294,2268.38944,432.07418,2700.46362,62485.3097343297,18904.30405083655,0.0,0.0
1263,14794.35635,3957.02457,25729.01294,2268.38944,432.07418,2700.46362,62485.3097343297,18904.30405083655,0.0,0.0
1264,14794.35635,3957.02457,25729.01294,2268.38944,432.07418,2700.46362,62485.3097343297,18904.30405083655,0.0,0.0
1265,14794.35635,3957.02457,25729.01294,2268.38944,432.07418,2700.46362,62485.3097343297,18904.30405083655,0.0,0.0
1266,14794.35635,3957.02457,25729.01294,2268.38944,432.07418,2700.46362,62485.3097343297,18904.30405083655,0.0,0.0
1267,14794.35635,3957.02457,25729.01294,2268.38944,432.07418,2700.46362,62485.3097343297,18904.30405083655,0.0,0.0
1268,14794.35635,3957.02457,25729.01294,2268.38944,432.07418,2700.46362,62485.3097343297,18904.30405083655,0.0,0.0
1269,14794.35635,3957.02457,25729.01294,2268.38944,432.07418,2700.46362,62485.3097343297,18904.30405083655,0.0,0.0
1270,14794.35635,3957.02457,25729.01294,2268.38944,432.07418,2700.46362,62485.3097343297,18904.30405083655,0.0,0.0
1271,14794.35635,3957.02457,25729.01294,2268.38944,432.07418,2700.46362,62485.3097343297,18904.30405083655,0.0,0.0
1272,14794.35635,3957.02457,25729.01294,2268.38944,432.07418,2700.46362,62485.3097343297,18904.30405083655,0.0,0.0
1273,14794.35635,3957.02457,25729.01294,2268.38944,432.07418,2700.46362,62485.3097343297,18904.30405083655,0.0,0.0
1274,14794.35635,3957.02457,25729.01294,2268.38944,432.07418,2700.46362,62485.3097343297,18904.30405083655,0.0,0.0
1275,14794.35635,3957.02457,25729.01294,2268.38944,432.07418,2700.46362,62485.3097343297,18904.30405083655,0.0,0.0
1276,14794.35635,3957.02457,25729.01294,2268.38944,432.07418,2700.46362,62485.3097343297,18904.30405083655,0.0,0.0
1277,14794.35635,3957.02457,25729.01294,2268.38944,432.07418,2700.46362,62485.3097343297,18904.30405083655,0.0,0.0
1278,14794.35635,3957.02457,25729.01294,2268.38944,432.07418,2700.46362,62485.3097343297,18904.30405083655,0.0,0.0
1279,14794.35635,3957.02457,25729.01294,2268.38944,432.07418,2700.46362,62485.3097343297,18904.30405083655,0.0,0.0
1280,14794.35635,3957.02457,25729.01294,2268.38944,432.07418,2700.46362,62485.3097343297,18904.30405083655,0.0,0.0
1281,14794.35635,3957.02457,25729.01294,2268.38944,432.07418,2700.46362,62485.3097343297,18904.30405083655,0.0,0.0
1282,14794.35635,3957.02457,25729.01294,2268.38944,432.07418,2700.46362,62485.3097343297,18904.30405083655,0.0,0.0
1283,14794.35635,3957.02457,25729.01294,2268.38944,432.07418,2700.46362,62485.3097343297,18904.30405083655,0.0,0.0
1284,14794.35635,3957.02457,25729.01294,2268.38944,432.07418,2700.46362,62485.3097343297,18904.30405083655,0.0,0.0
1285,14794.35635,3957.02457,25729.01294,2268.38944,432.07418,2700.46362,62485.3097343297,18904.30405083655,0.0,0.0
1286,14794.35635,3957.02457,25729.01294,2268.38944,432.07418,2700.46362,62485.3097343297,18904.30405083655,0.0,0.0
1287,14794.35635,3957.02457,25729.01294,2268.38944,432.07418,2700.46362,62485.3097343297,18904.30405083655,0.0,0.0
1288,14794.35635,3957.02457,25729.01294,2268.38944,432.07418,2700.46362,62485.3097343297,18904.30405083655,0.0,0.0
1289,14794.35635,3957.02457,25729.01294,2268.38944,432.07418,2700.46362,62485.3097343297,18904.30405083655,0.0,0.0
1290,14794.35635,3957.02457,25729.01294,2268.38944,432.07418,2700.46362,62485.3097343297,18904.30405083655,0.0,0.0
1291,14794.35635,3957.02457,25729.01294,2268.38944,432.07418,2700.46362,62485.3097343297,18904.30405083655,0.0,0.0
1292,14794.35635,3957.02457,25729.01294,2268.38944,432.07418,2700.46362,62485.3097343297,18904.30405083655,0.0,0.0
1293,14794.35635,3957.02457,25729.01294,2268.38944,432.07418,2700.46362,62485.3097343297,18904.30405083655,0.0,0.0
1294,14794.35635,3957.02457,25729.01294,2268.38944,432.07418,2700.46362,62485.3097343297,18904.30405083655,0.0,0.0
1295,14794.35635,3957.02457,25729.01294,2268.38944,432.07418,2700.46362,62485.3097343297,18904.30405083655,0.0,0.0
1296,14794.35635,3957.02457,25729.01294,2268.38944,432.07418,2700.46362,62485.3097343297,18904.30405083655,0.0,0.0
1297,14794.35635,3957.02457,25729.01294,2268.38944,432.07418,2700.46362,62485.3097343297,18904.30405083655,0.0,0.0
1298,14794.35635,3957.02457,25729.01294,2268.38944,432.07418,2700.46362,62485.3097343297,18904.30405083655,0.0,0.0
1299,14794.35635,3957.02457,25729.01294,2268.38944,432.07418,2700.46362,62485.3097343297,18904.30405083655,0.0,0.0
1300,14794.35635,3957.02457,25729.01294,2268.38944,432.07418,2700.46362,62485.3097343297,18904.30405083655,0.0,0.0
1301,14794.35635,3957.02457,25729.01294,2268.38944,432.07418,2700.46362,62485.3097343297,18904.30405083655,0.0,0.0
1302,14794.35635,3957.02457,25729.01294,2268.38944,432.07418,2700.46362,62485.3097343297,18904.30405083655,0.0,0.0
1303,14794.35635,3957.02457,25729.01294,2268.38944,432.07418,2700.46362,62485.3097343297,18904.30405083655,0.0,0.0
1304,14794.35635,3957.02457,25729.01294,2268.38944,432.07418,2700.46362,62485.3097343297,18904.30405083655,0.0,0.0
1305,14794.35635,3957.02457,25729.01294,2268.38944,432.07418,2700.46362,62485.3097343297,18904.30405083655,0.0,0.0
1306,14794.35635,3957.02457,25729.01294,2268.38944,432.07418,2700.46362,62485.3097343297,18904.30405083655,0.0,0.0
1307,14794.35635,3957.02457,25729.01294,2268.38944,432.07418,2700.46362,62485.3097343297,18904.30405083655,0.0,0.0
1308,14794.35635,3957.02457,25729.01294,2268.38944,432.07418,2700.46362,62485.3097343297,18904.30405083655,0.0,0.0
1309,14794.35635,3957.02457,25729.01294,2268.38944,432.07418,2700.46362,62485.3097343297,18904.30405083655,0.0,0.0
1310,14794.35635,3957.02457,25729.01294,2268.38944,432.07418,2700.46362,62485.3097343297,18904.30405083655,0.0,0.0
1311,14794.35635,3957.02457,25729.01294,2268.38944,432.07418,2700.46362,62485.3097343297,18904.30405083655,0.0,0.0
1312,14794.35635,3957.02457,25729.01294,2268.38944,432.07418,2700.46362,62485.3097343297,18904.30405083655,0.0,0.0
1313,14794.35635,3957.02457,25729.01294,2268.38944,432.07418,2700.46362,62485.3097343297,18904.30405083655,0.0,0.0
1314,14794.35635,3957.02457,25729.01294,2268.38944,432.07418,2700.46362,62485.3097343297,18904.30405083655,0.0,0.0
1315,14794.35635,3957.02457,25729.01294,2268.38944,432.07418,2700.46362,62485.3097343297,18904.30405083655,0.0,0.0
1316,14794.35635,3957.02457,25729.01294,2268.38944,432.07418,2700.46362,62485.3097343297,18904.30405083655,0.0,0.0
1317,14794.35635,3957.02457,25729.01294,2268.38944,432.07418,2700.46362,62485.3097343297,18904.30405083655,0.0,0.0
1318,14794.35635,3957.02457,25729.01294,2268.38944,432.07418,2700.46362,62485.3097343297,18904.30405083655,0.0,0.0
1319,14794.35635,3957.02457,25729.01294,2268.38944,432.07418,2700.46362,62485.3097343297,18904.30405083655,0.0,0.0
1320,14794.35635,3957.02457,25729.01294,2268.38944,432.07418,2700.46362,62485.3097343297,18904.30405083655,0.0,0.0
1321,14794.35635,3957.02457,25729.01294,2268.38944,432.07418,2700.46362,62485.3097343297,18904.30405083655,0.0,0.0
1322,14794.35635,3957.02457,25729.01294,2268.38944,432.07418,2700.46362,62485.3097343297,18904.30405083655,0.0,0.0
1323,14794.35635,3957.02457,25729.01294,2268.38944,432.07418,2700.46362,62485.3097343297,18904.30405083655,0.0,0.0
1324,14794.35635,3957.02457,25729.01294,2268.38944,432.07418,2700.46362,62485.3097343297,18904.30405083655,0.0,0.0
1325,14794.35635,3957.02457,25729.01294,2268.38944,432.07418,2700.46362,62485.3097343297,18904.30405083655,0.0,0.0
1326,14794.35635,3957.02457,25729.01294,2268.38944,432.07418,2700.46362,62485.3097343297,18904.30405083655,0.0,0.0
1327,14794.35635,3957.02457,25729.01294,2268.38944,432.07418,2700.46362,62485.3097343297,18904.30405083655,0.0,0.0
1328,14794.35635,3957.02457,25729.01294,2268.38944,432.07418,2700.46362,62485.3097343297,18904.30405083655,0.0,0.0
1329,14794.35635,3957.02457,25729.01294,2268.38944,432.07418,2700.46362,62485.3097343297,18904.30405083655,0.0,0.0
1330,14794.35635,3957.02457,25729.01294,2268.38944,432.07418,2700.46362,62485.3097343297,18904.30405083655,0.0,0.0
1331,14794.35635,3957.02457,25729.01294,2268.38944,432.07418,2700.46362,62485.3097343297,18904.30405083655,0.0,0.0
1332,14794.35635,3957.02457,25729.01294,2268.38944,432.07418,2700.46362,62485.3097343297,18904.30405083655,0.0,0.0
1333,14794.35635,3957.02457,25729.01294,2268.38944,432.07418,2700.46362,62485.3097343297,18904.30405083655,0.0,0.0
1334,14794.35635,3957.02457,25729.01294,2268.38944,432.07418,2700.46362,62485.3097343297,18904.30405083655,0.0,0.0
1335,14794.35635,3957.02457,25729.01294,2268.38944,432.07418,2700.46362,62485.3097343297,18904.30405083655,0.0,0.0
1336,14794.35635,3957.02457,25729.01294,2268.38944,432.07418,2700.46362,62485.3097343297,18904.30405083655,0.0,0.0
1337,14794.35635,3957.02457,25729.01294,2268.38944,432.07418,2700.46362,62485.3097343297,18904.30405083655,0.0,0.0
1338,14794.35635,3957.02457,25729.01294,2268.38944,432.07418,2700.46362,62485.3097343297,18904.30405083655,0.0,0.0
1339,14794.35635,3957.02457,25729.01294,2268.38944,432.07418,2700.46362,62485.3097343297,18904.30405083655,0.0,0.0
1340,14794.35635,3957.02457,25729.01294,2268.38944,432.07418,2700.46362,62485.3097343297,18904.30405083655,0.0,0.0
1341,14794.35635,3957.02457,25729.01294,2268.38944,432.07418,2700.46362,62485.3097343297,18904.30405083655,0.0,0.0
1342,14794.35635,3957.02457,25729.01294,2268.38944,432.07418,2700.46362,62485.3097343297,18904.30405083655,0.0,0.0
1343,14794.35635,3957.02457,25729.01294,2268.38944,432.07418,2700.46362,62485.3097343297,18904.30405083655,0.0,0.0
1344,14794.35635,3957.02457,25729.01294,2268.38944,432.07418,2700.46362,62485.3097343297,18904.30405083655,0.0,0.0
1345,14794.35635,3957.02457,25729.01294,2268.38944,432.07418,2700.46362,62485.3097343297,18904.30405083655,0.0,0.0
1346,14794.35635,3957.02457,25729.01294,2268.38944,432.07418,2700.46362,62485.3097343297,18904.30405083655,0.0,0.0
1347,14794.35635,3957.02457,25729.01294,2268.38944,432.07418,2700.46362,62485.3097343297,18904.30405083655,0.0,0.0
1348,14794.35635,3957.02457,25729.01294,2268.38944,432.07418,2700.46362,62485.3097343297,18904.30405083655,0.0,0.0
1349,14794.35635,3957.02457,25729.01294,2268.38944,432.07418,2700.46362,62485.3097343297,18904.30405083655,0.0,0.0
1350,14794.35635,3957.02457,25729.01294,2268.38944,432.07418,2700.46362,62485.3097343297,18904.30405083655,0.0,0.0
1351,14794.35635,3957.02457,25729.01294,2268.38944,432.07418,2700.46362,62485.3097343297,18904.30405083655,0.0,0.0
1352,14794.35635,3957.02457,25729.01294,2268.38944,432.07418,2700.46362,62485.3097343297,18904.30405083655,0.0,0.0
1353,14794.35635,3957.02457,25729.01294,2268.38944,432.07418,2700.46362,62485.3097343297,18904.30405083655,0.0,0.0
1354,14794.35635,3957.02457,25729.01294,2268.38944,432.07418,2700.46362,62485.3097343297,18904.30405083655,0.0,0.0
1355,14794.35635,3957.02457,25729.01294,2268.38944,432.07418,2700.46362,62485.3097343297,18904.30405083655,0.0,0.0
1356,14794.35635,3957.02457,25729.01294,2268.38944,432.07418,2700.46362,62485.3097343297,18904.30405083655,0.0,0.0
1357,14794.35635,3957.02457,25729.01294,2268.38944,432.07418,2700.46362,62485.3097343297,18904.30405083655,0.0,0.0
1358,14794.35635,3957.02457,25729.01294,2268.38944,432.07418,2700.46362,62485.3097343297,18904.30405083655,0.0,0.0
1359,14794.35635,3957.02457,25729.01294,2268.38944,432.07418,2700.46362,62485.3097343297,18904.30405083655,0.0,0.0
1360,14794.35635,3957.02457,25729.01294,2268.38944,432.07418,2700.46362,62485.3097343297,18904.30405083655,0.0,0.0
1361,14794.35635,3957.02457,25729.01294,2268.38944,432.07418,2700.46362,62485.3097343297,18904.30405083655,0.0,0.0
1362,14794.35635,3957.02457,25729.01294,2268.38944,432.07418,2700.46362,62485.3097343297,18904.30405083655,0.0,0.0
1363,14794.35635,3957.02457,25729.01294,2268.38944,432.07418,2700.46362,62485.3097343297,18904.30405083655,0.0,0.0
1364,14794.35635,3957.02457,25729.01294,2268.38944,432.07418,2700.46362,62485.3097343297,18904.30405083655,0.0,0.0
1365,14794.35635,3957.02457,25729.01294,2268.38944,432.07418,2700.46362,62485.3097343297,18904.30405083655,0.0,0.0
1366,14794.35635,3957.02457,25729.01294,2268.38944,432.07418,2700.46362,62485.3097343297,18904.30405083655,0.0,0.0
1367,14794.35635,3957.02457,25729.01294,2268.38944,432.07418,2700.46362,62485.3097343297,18904.30405083655,0.0,0.0
1368,14794.35635,3957.02457,25729.01294,2268.38944,432.07418,2700.46362,62485.3097343297,18904.30405083655,0.0,0.0
1369,14794.35635,3957.02457,25729.01294,2268.38944,432.07418,2700.46362,62485.3097343297,18904.30405083655,0.0,0.0
1370,14794.35635,3957.02457,25729.01294,2268.38944,432.07418,2700.46362,62485.3097343297,18904.30405083655,0.0,0.0
1371,14794.35635,3957.02457,25729.01294,2268.38944,432.07418,2700.46362,62485.3097343297,18904.30405083655,0.0,0.0
1372,14794.35635,3957.02457,25729.01294,2268.38944,432.07418,2700.46362,62485.3097343297,18904.30405083655,0.0,0.0
1373,14794.35635,3957.02457,25729.01294,2268.38944,432.07418,2700.46362,62485.3097343297,18904.30405083655,0.0,0.0
1374,14794.35635,3957.02457,25729.01294,2268.38944,432.07418,2700.46362,62485.3097343297,18904.30405083655,0.0,0.0
1375,14794.35635,3957.02457,25729.01294,2268.38944,432.07418,2700.46362,62485.3097343297,18904.30405083655,0.0,0.0
1376,14794.35635,3957.02457,25729.01294,2268.38944,432.07418,2700.46362,62485.3097343297,18904.30405083655,0.0,0.0
1377,14794.35635,3957.02457,25729.01294,2268.38944,432.07418,2700.46362,62485.3097343297,18904.30405083655,0.0,0.0
1378,14794.35635,3957.02457,25729.01294,2268.38944,432.07418,2700.46362,62485.3097343297,18904.30405083655,0.0,0.0
1379,14794.35635,3957.02457,25729.01294,2268.38944,432.07418,2700.46362,62485.3097343297,18904.30405083655,0.0,0.0
1380,14794.35635,3957.02457,25729.01294,2268.38944,432.07418,2700.46362,62485.3097343297,18904.30405083655,0.0,0.0
1381,14794.35635,3957.02457,25729.01294,2268.38944,432.07418,2700.46362,62485.3097343297,18904.30405083655,0.0,0.0
1382,14794.35635,3957.02457,25729.01294,2268.38944,432.07418,2700.46362,62485.3097343297,18904.30405083655,0.0,0.0
1383,14794.35635,3957.02457,25729.01294,2268.38944,432.07418,2700.46362,62485.3097343297,18904.30405083655,0.0,0.0
1384,14794.35635,3957.02457,25729.01294,2268.38944,432.07418,2700.46362,62485.3097343297,18904.30405083655,0.0,0.0
1385,14794.35635,3957.02457,25729.01294,2268.38944,432.07418,2700.46362,62485.3097343297,18904.30405083655,0.0,0.0
1386,14794.35635,3957.02457,25729.01294,2268.38944,432.07418,2700.46362,62485.3097343297,18904.30405083655,0.0,0.0
1387,14794.35635,3957.02457,25729.01294,2268.38944,432.07418,2700.46362,62485.3097343297,18904.30405083655,0.0,0.0
1388,14794.35635,3957.02457,25729.01294,2268.38944,432.07418,2700.46362,62485.3097343297,18904.30405083655,0.0,0.0
1389,14794.35635,3957.02457,25729.01294,2268.38944,432.07418,2700.46362,62485.3097343297,18904.30405083655,0.0,0.0
1390,14794.35635,3957.02457,25729.01294,2268.38944,432.07418,2700.46362,62485.3097343297,18904.30405083655,0.0,0.0
1391,14794.35635,3957.02457,25729.01294,2268.38944,432.07418,2700.46362,62485.3097343297,18904.30405083655,0.0,0.0
1392,14794.35635,3957.02457,25729.01294,2268.38944,432.07418,2700.46362,62485.3097343297,18904.30405083655,0.0,0.0
1393,14794.35635,3957.02457,25729.01294,2268.38944,432.07418,2700.46362,62485.3097343297,18904.30405083655,0.0,0.0
1394,14794.35635,3957.02457,25729.01294,2268.38944,432.07418,2700.46362,62485.3097343297,18904.30405083655,0.0,0.0
1395,14794.35635,3957.02457,25729.01294,2268.38944,432.07418,2700.46362,62485.3097343297,18904.30405083655,0.0,0.0
1396,14794.35635,3957.02457,25729.01294,2268.38944,432.07418,2700.46362,62485.3097343297,18904.30405083655,0.0,0.0
1397,14794.35635,3957.02457,25729.01294,2268.38944,432.07418,2700.46362,62485.3097343297,18904.30405083655,0.0,0.0
1398,14794.35635,3957.02457,25729.01294,2268.38944,432.07418,2700.46362,62485.3097343297,18904.30405083655,0.0,0.0
1399,14794.35635,3957.02457,25729.01294,2268.38944,432.07418,2700.46362,62485.3097343297,18904.30405083655,0.0,0.0
1400,14794.35635,3957.02457,25729.01294,2268.38944,432.07418,2700.46362,62485.3097343297,18904.30405083655,0.0,0.0
1401,14794.35635,3957.02457,25729.01294,2268.38944,432.07418,2700.46362,62485.3097343297,18904.30405083655,0.0,0.0
1402,14794.35635,3957.02457,25729.01294,2268.38944,432.07418,2700.46362,62485.3097343297,18904.30405083655,0.0,0.0
1403,14794.35635,3957.02457,25729.01294,2268.38944,432.07418,2700.46362,62485.3097343297,18904.30405083655,0.0,0.0
1404,14794.35635,3957.02457,25729.01294,2268.38944,432.07418,2700.46362,62485.3097343297,18904.30405083655,0.0,0.0
1405,14794.35635,3957.02457,25729.01294,2268.38944,432.07418,2700.46362,62485.3097343297,18904.30405083655,0.0,0.0
1406,14794.35635,3957.02457,25729.01294,2268.38944,432.07418,2700.46362,62485.3097343297,18904.30405083655,0.0,0.0
1407,14794.35635,3957.02457,25729.01294,2268.38944,432.07418,2700.46362,62485.3097343297,18904.30405083655,0.0,0.0
1408,14794.35635,3957.02457,25729.01294,2268.38944,432.07418,2700.46362,62485.3097343297,18904.30405083655,0.0,0.0
1409,14794.35635,3957.02457,25729.01294,2268.38944,432.07418,2700.46362,62485.3097343297,18904.30405083655,0.0,0.0
1410,14794.35635,3957.02457,25729.01294,2268.38944,432.07418,2700.46362,62485.3097343297,18904.30405083655,0.0,0.0
1411,14794.35635,3957.02457,25729.01294,2268.38944,432.07418,2700.46362,62485.3097343297,18904.30405083655,0.0,0.0
1412,14794.35635,3957.02457,25729.01294,2268.38944,432.07418,2700.46362,62485.3097343297,18904.30405083655,0.0,0.0
1413,14794.35635,3957.02457,25729.01294,2268.38944,432.07418,2700.46362,62485.3097343297,18904.30405083655,0.0,0.0
1414,14794.35635,3957.02457,25729.01294,2268.38944,432.07418,2700.46362,62485.3097343297,18904.30405083655,0.0,0.0
1415,14794.35635,3957.02457,25729.01294,2268.38944,432.07418,2700.46362,62485.3097343297,18904.30405083655,0.0,0.0
1416,14794.35635,3957.02457,25729.01294,2268.38944,432.07418,2700.46362,62485.3097343297,18904.30405083655,0.0,0.0
1417,14794.35635,3957.02457,25729.01294,2268.38944,432.07418,2700.46362,62485.3097343297,18904.30405083655,0.0,0.0
1418,14794.35635,3957.02457,25729.01294,2268.38944,432.07418,2700.46362,62485.3097343297,18904.30405083655,0.0,0.0
1419,14794.35635,3957.02457,25729.01294,2268.38944,432.07418,2700.46362,62485.3097343297,18904.30405083655,0.0,0.0
1420,14794.35635,3957.02457,25729.01294,2268.38944,432.07418,2700.46362,62485.3097343297,18904.30405083655,0.0,0.0
1421,14794.35635,3957.02457,25729.01294,2268.38944,432.07418,2700.46362,62485.3097343297,18904.30405083655,0.0,0.0
1422,14794.35635,3957.02457,25729.01294,2268.38944,432.07418,2700.46362,62485.3097343297,18904.30405083655,0.0,0.0
1423,14794.35635,3957.02457,25729.01294,2268.38944,432.07418,2700.46362,62485.3097343297,18904.30405083655,0.0,0.0
1424,14794.35635,3957.02457,25729.01294,2268.38944,432.07418,2700.46362,62485.3097343297,18904.30405083655,0.0,0.0
1425,14794.35635,3957.02457,25729.01294,2268.38944,432.07418,2700.46362,62485.3097343297,18904.30405083655,0.0,0.0
1426,14794.35635,3957.02457,25729.01294,2268.38944,432.07418,2700.46362,62485.3097343297,18904.30405083655,0.0,0.0
1427,14794.35635,3957.02457,25729.01294,2268.38944,432.07418,2700.46362,62485.3097343297,18904.30405083655,0.0,0.0
1428,14794.35635,3957.02457,25729.01294,2268.38944,432.07418,2700.46362,62485.3097343297,18904.30405083655,0.0,0.0
1429,14794.35635,3957.02457,25729.01294,2268.38944,432.07418,2700.46362,62485.3097343297,18904.30405083655,0.0,0.0
1430,14794.35635,3957.02457,25729.01294,2268.38944,432.07418,2700.46362,62485.3097343297,18904.30405083655,0.0,0.0
1431,14794.35635,3957.02457,25729.01294,2268.38944,432.07418,2700.46362,62485.3097343297,18904.30405083655,0.0,0.0
1432,14794.35635,3957.02457,25729.01294,2268.38944,432.07418,2700.46362,62485.3097343297,18904.30405083655,0.0,0.0
1433,14794.35635,3957.02457,25729.01294,2268.38944,432.07418,2700.46362,62485.3097343297,18904.30405083655,0.0,0.0
1434,14794.35635,3957.02457,25729.01294,2268.38944,432.07418,2700.46362,62485.3097343297,18904.30405083655,0.0,0.0
1435,14794.35635,3957.02457,25729.01294,2268.38944,432.07418,2700.46362,62485.3097343297,18904.30405083655,0.0,0.0
1436,14794.35635,3957.02457,25729.01294,2268.38944,432.07418,2700.46362,62485.3097343297,18904.30405083655,0.0,0.0
1437,14794.35635,3957.02457,25729.01294,2268.38944,432.07418,2700.46362,62485.3097343297,18904.30405083655,0.0,0.0
1438,14794.35635,3957.02457,25729.01294,2268.38944,432.07418,2700.46362,62485.3097343297,18904.30405083655,0.0,0.0
1439,14794.35635,3957.02457,25729.01294,2268.38944,432.07418,2700.46362,62485.3097343297,18904.30405083655,0.0,0.0
1440,14794.35635,3957.02457,25729.01294,2268.38944,432.07418,2700.46362,62485.3097343297,18904.30405083655,0.0,0.0
1441,14794.35635,3957.02457,25729.01294,2268.38944,432.07418,2700.46362,62485.3097343297,18904.30405083655,0.0,0.0
1442,14794.35635,3957.02457,25729.01294,2268.38944,432.07418,2700.46362,62485.3097343297,18904.30405083655,0.0,0.0
1443,14794.35635,3957.02457,25729.01294,2268.38944,432.07418,2700.46362,62485.3097343297,18904.30405083655,0.0,0.0
1444,14794.35635,3957.02457,25729.01294,2268.38944,432.07418,2700.46362,62485.3097343297,18904.30405083655,0.0,0.0
1445,14794.35635,3957.02457,25729.01294,2268.38944,432.07418,2700.46362,62485.3097343297,18904.30405083655,0.0,0.0
1446,14794.35635,3957.02457,25729.01294,2268.38944,432.07418,2700.46362,62485.3097343297,18904.30405083655,0.0,0.0
1447,14794.35635,3957.02457,25729.01294,2268.38944,432.07418,2700.46362,62485.3097343297,18904.30405083655,0.0,0.0
1448,14794.35635,3957.02457,25729.01294,2268.38944,432.07418,2700.46362,62485.3097343297,18904.30405083655,0.0,0.0
1449,14794.35635,3957.02457,25729.01294,2268.38944,432.07418,2700.46362,62485.3097343297,18904.30405083655,0.0,0.0
1450,14794.35635,3957.02457,25729.01294,2268.38944,432.07418,2700.46362,62485.3097343297,18904.30405083655,0.0,0.0
1451,14794.35635,3957.02457,25729.01294,2268.38944,432.07418,2700.46362,62485.3097343297,18904.30405083655,0.0,0.0
1452,14794.35635,3957.02457,25729.01294,2268.38944,432.07418,2700.46362,62485.3097343297,18904.30405083655,0.0,0.0
1453,14794.35635,3957.02457,25729.01294,2268.38944,432.07418,2700.46362,62485.3097343297,18904.30405083655,0.0,0.0
1454,14794.35635,3957.02457,25729.01294,2268.38944,432.07418,2700.46362,62485.3097343297,18904.30405083655,0.0,0.0
1455,14794.35635,3957.02457,25729.01294,2268.38944,432.07418,2700.46362,62485.3097343297,18904.30405083655,0.0,0.0
1456,14794.35635,3957.02457,25729.01294,2268.38944,432.07418,2700.46362,62485.3097343297,18904.30405083655,0.0,0.0
1457,14794.35635,3957.02457,25729.01294,2268.38944,432.07418,2700.46362,62485.3097343297,18904.30405083655,0.0,0.0
1458,14794.35635,3957.02457,25729.01294,2268.38944,432.07418,2700.46362,62485.3097343297,18904.30405083655,0.0,0.0
1459,14794.35635,3957.02457,25729.01294,2268.38944,432.07418,2700.46362,62485.3097343297,18904.30405083655,0.0,0.0
1460,14794.35635,3957.02457,25729.01294,2268.38944,432.07418,2700.46362,62485.3097343297,18904.30405083655,0.0,0.0
1461,14794.35635,3957.02457,25729.01294,2268.38944,432.07418,2700.46362,62485.3097343297,18904.30405083655,0.0,0.0
1462,14794.35635,3957.02457,25729.01294,2268.38944,432.07418,2700.46362,62485.3097343297,18904.30405083655,0.0,0.0
1463,14794.35635,3957.02457,25729.01294,2268.38944,432.07418,2700.46362,62485.3097343297,18904.30405083655,0.0,0.0
1464,14794.35635,3957.02457,25729.01294,2268.38944,432.07418,2700.46362,62485.3097343297,18904.30405083655,0.0,0.0
1465,14794.35635,3957.02457,25729.01294,2268.38944,432.07418,2700.46362,62485.3097343297,18904.30405083655,0.0,0.0
1466,14794.35635,3957.02457,25729.01294,2268.38944,432.07418,2700.46362,62485.3097343297,18904.30405083655,0.0,0.0
1467,14794.35635,3957.02457,25729.01294,2268.38944,432.07418,2700.46362,62485.3097343297,18904.30405083655,0.0,0.0
1468,14794.35635,3957.02457,25729.01294,2268.38944,432.07418,2700.46362,62485.3097343297,18904.30405083655,0.0,0.0
1469,14794.35635,3957.02457,25729.01294,2268.38944,432.07418,2700.46362,62485.3097343297,18904.30405083655,0.0,0.0
1470,14794.35635,3957.02457,25729.01294,2268.38944,432.07418,2700.46362,62485.3097343297,18904.30405083655,0.0,0.0
1471,14794.35635,3957.02457,25729.01294,2268.38944,432.07418,2700.46362,62485.3097343297,18904.30405083655,0.0,0.0
1472,14794.35635,3957.02457,25729.01294,2268.38944,432.07418,2700.46362,62485.3097343297,18904.30405083655,0.0,0.0
1473,14794.35635,3957.02457,25729.01294,2268.38944,432.07418,2700.46362,62485.3097343297,18904.30405083655,0.0,0.0
1474,14794.35635,3957.02457,25729.01294,2268.38944,432.07418,2700.46362,62485.3097343297,18904.30405083655,0.0,0.0
1475,14794.35635,3957.02457,25729.01294,2268.38944,432.07418,2700.46362,62485.3097343297,18904.30405083655,0.0,0.0
1476,14794.35635,3957.02457,25729.01294,2268.38944,432.07418,2700.46362,62485.3097343297,18904.30405083655,0.0,0.0
1477,14794.35635,3957.02457,25729.01294,2268.38944,432.07418,2700.46362,62485.3097343297,18904.30405083655,0.0,0.0
1478,14794.35635,3957.02457,25729.01294,2268.38944,432.07418,2700.46362,62485.3097343297,18904.30405083655,0.0,0.0
1479,14794.35635,3957.02457,25729.01294,2268.38944,432.07418,2700.46362,62485.3097343297,18904.30405083655,0.0,0.0
1480,14794.35635,3957.02457,25729.01294,2268.38944,432.07418,2700.46362,62485.3097343297,18904.30405083655,0.0,0.0
1481,14794.35635,3957.02457,25729.01294,2268.38944,432.07418,2700.46362,62485.3097343297,18904.30405083655,0.0,0.0
1482,14794.35635,3957.02457,25729.01294,2268.38944,432.07418,2700.46362,62485.3097343297,18904.30405083655,0.0,0.0
1483,14794.35635,3957.02457,25729.01294,2268.38944,432.07418,2700.46362,62485.3097343297,18904.30405083655,0.0,0.0
1484,14794.35635,3957.02457,25729.01294,2268.38944,432.07418,2700.46362,62485.3097343297,18904.30405083655,0.0,0.0
1485,14794.35635,3957.02457,25729.01294,2268.38944,432.07418,2700.46362,62485.3097343297,18904.30405083655,0.0,0.0
1486,14794.35635,3957.02457,25729.01294,2268.38944,432.07418,2700.46362,62485.3097343297,18904.30405083655,0.0,0.0
1487,14794.35635,3957.02457,25729.01294,2268.38944,432.07418,2700.46362,62485.3097343297,18904.30405083655,0.0,0.0
1488,14794.35635,3957.02457,25729.01294,2268.38944,432.07418,2700.46362,62485.3097343297,18904.30405083655,0.0,0.0
1489,14794.35635,3957.02457,25729.01294,2268.38944,432.07418,2700.46362,62485.3097343297,18904.30405083655,0.0,0.0
1490,14794.35635,3957.02457,25729.01294,2268.38944,432.07418,2700.46362,62485.3097343297,18904.30405083655,0.0,0.0
1491,14794.35635,3957.02457,25729.01294,2268.38944,432.07418,2700.46362,62485.3097343297,18904.30405083655,0.0,0.0
1492,14794.35635,3957.02457,25729.01294,2268.38944,432.07418,2700.46362,62485.3097343297,18904.30405083655,0.0,0.0
1493,14794.35635,3957.02457,25729.01294,2268.38944,432.07418,2700.46362,62485.3097343297,18904.30405083655,0.0,0.0
1494,14794.35635,3957.02457,25729.01294,2268.38944,432.07418,2700.46362,62485.3097343297,18904.30405083655,0.0,0.0
1495,14794.35635,3957.02457,25729.01294,2268.38944,432.07418,2700.46362,62485.3097343297,18904.30405083655,0.0,0.0
1496,14794.35635,3957.02457,25729.01294,2268.38944,432.07418,2700.46362,62485.3097343297,18904.30405083655,0.0,0.0
1497,14794.35635,3957.02457,25729.01294,2268.38944,432.07418,2700.46362,62485.3097343297,18904.30405083655,0.0,0.0
1498,14794.35635,3957.02457,25729.01294,2268.38944,432.07418,2700.46362,62485.3097343297,18904.30405083655,0.0,0.0
1499,14794.35635,3957.02457,25729.01294,2268.38944,432.07418,2700.46362,62485.3097343297,18904.30405083655,0.0,0.0
1500,14794.35635,3957.02457,25729.01294,2268.38944,432.07418,2700.46362,62485.3097343297,18904.30405083655,0.0,0.0
1501,14794.35635,3957.02457,25729.01294,2268.38944,432.07418,2700.46362,62485.3097343297,18904.30405083655,0.0,0.0
1502,14794.35635,3957.02457,25729.01294,2268.38944,432.07418,2700.46362,62485.3097343297,18904.30405083655,0.0,0.0
1503,14794.35635,3957.02457,25729.01294,2268.38944,432.07418,2700.46362,62485.3097343297,18904.30405083655,0.0,0.0
1504,14794.35635,3957.02457,25729.01294,2268.38944,432.07418,2700.46362,62485.3097343297,18904.30405083655,0.0,0.0
1505,14794.35635,3957.02457,25729.01294,2268.38944,432.07418,2700.46362,62485.3097343297,18904.30405083655,0.0,0.0
1506,14794.35635,3957.02457,25729.01294,2268.38944,432.07418,2700.46362,62485.3097343297,18904.30405083655,0.0,0.0
1507,14794.35635,3957.02457,25729.01294,2268.38944,432.07418,2700.46362,62485.3097343297,18904.30405083655,0.0,0.0
1508,14794.35635,3957.02457,25729.01294,2268.38944,432.07418,2700.46362,62485.3097343297,18904.30405083655,0.0,0.0
1509,14794.35635,3957.02457,25729.01294,2268.38944,432.07418,2700.46362,62485.3097343297,18904.30405083655,0.0,0.0
1510,14794.35635,3957.02457,25729.01294,2268.38944,432.07418,2700.46362,62485.3097343297,18904.30405083655,0.0,0.0
1511,14794.35635,3957.02457,25729.01294,2268.38944,432.07418,2700.46362,62485.3097343297,18904.30405083655,0.0,0.0
1512,14794.35635,3957.02457,25729.01294,2268.38944,432.07418,2700.46362,62485.3097343297,18904.30405083655,0.0,0.0
1513,14794.35635,3957.02457,25729.01294,2268.38944,432.07418,2700.46362,62485.3097343297,18904.30405083655,0.0,0.0
1514,14794.35635,3957.02457,25729.01294,2268.38944,432.07418,2700.46362,62485.3097343297,18904.30405083655,0.0,0.0
1515,14794.35635,3957.02457,25729.01294,2268.38944,432.07418,2700.46362,62485.3097343297,18904.30405083655,0.0,0.0
1516,14794.35635,3957.02457,25729.01294,2268.38944,432.07418,2700.46362,62485.3097343297,18904.30405083655,0.0,0.0
1517,14794.35635,3957.02457,25729.01294,2268.38944,432.07418,2700.46362,62485.3097343297,18904.30405083655,0.0,0.0
1518,14794.35635,3957.02457,25729.01294,2268.38944,432.07418,2700.46362,62485.3097343297,18904.30405083655,0.0,0.0
1519,14794.35635,3957.02457,25729.01294,2268.38944,432.07418,2700.46362,62485.3097343297,18904.30405083655,0.0,0.0
1520,14794.35635,3957.02457,25729.01294,2268.38944,432.07418,2700.46362,62485.3097343297,18904.30405083655,0.0,0.0
1521,14794.35635,3957.02457,25729.01294,2268.38944,432.07418,2700.46362,62485.3097343297,18904.30405083655,0.0,0.0
1522,14794.35635,3957.02457,25729.01294,2268.38944,432.07418,2700.46362,62485.3097343297,18904.30405083655,0.0,0.0
1523,14794.35635,3957.02457,25729.01294,2268.38944,432.07418,2700.46362,62485.3097343297,18904.30405083655,0.0,0.0
1524,14794.35635,3957.02457,25729.01294,2268.38944,432.07418,2700.46362,62485.3097343297,18904.30405083655,0.0,0.0
1525,14794.35635,3957.02457,25729.01294,2268.38944,432.07418,2700.46362,62485.3097343297,18904.30405083655,0.0,0.0
1526,14794.35635,3957.02457,25729.01294,2268.38944,432.07418,2700.46362,62485.3097343297,18904.30405083655,0.0,0.0
1527,14794.35635,3957.02457,25729.01294,2268.38944,432.07418,2700.46362,62485.3097343297,18904.30405083655,0.0,0.0
1528,14794.35635,3957.02457,25729.01294,2268.38944,432.07418,2700.46362,62485.3097343297,18904.30405083655,0.0,0.0
1529,14794.35635,3957.02457,25729.01294,2268.38944,432.07418,2700.46362,62485.3097343297,18904.30405083655,0.0,0.0
1530,14794.35635,3957.02457,25729.01294,2268.38944,432.07418,2700.46362,62485.3097343297,18904.30405083655,0.0,0.0
1531,14794.35635,3957.02457,25729.01294,2268.38944,432.07418,2700.46362,62485.3097343297,18904.30405083655,0.0,0.0
1532,14794.35635,3957.02457,25729.01294,2268.38944,432.07418,2700.46362,62485.3097343297,18904.30405083655,0.0,0.0
1533,14794.35635,3957.02457,25729.01294,2268.38944,432.07418,2700.46362,62485.3097343297,18904.30405083655,0.0,0.0
1534,14794.35635,3957.02457,25729.01294,2268.38944,432.07418,2700.46362,62485.3097343297,18904.30405083655,0.0,0.0
1535,14794.35635,3957.02457,25729.01294,2268.38944,432.07418,2700.46362,62485.3097343297,18904.30405083655,0.0,0.0
1536,14794.35635,3957.02457,25729.01294,2268.38944,432.07418,2700.46362,62485.3097343297,18904.30405083655,0.0,0.0
1537,14794.35635,3957.02457,25729.01294,2268.38944,432.07418,2700.46362,62485.3097343297,18904.30405083655,0.0,0.0
1538,14794.35635,3957.02457,25729.01294,2268.38944,432.07418,2700.46362,62485.3097343297,18904.30405083655,0.0,0.0
1539,14794.35635,3957.02457,25729.01294,2268.38944,432.07418,2700.46362,62485.3097343297,18904.30405083655,0.0,0.0
1540,14794.35635,3957.02457,25729.01294,2268.38944,432.07418,2700.46362,62485.3097343297,18904.30405083655,0.0,0.0
1541,14794.35635,3957.02457,25729.01294,2268.38944,432.07418,2700.46362,62485.3097343297,18904.30405083655,0.0,0.0
1542,14794.35635,3957.02457,25729.01294,2268.38944,432.07418,2700.46362,62485.3097343297,18904.30405083655,0.0,0.0
1543,14794.35635,3957.02457,25729.01294,2268.38944,432.07418,2700.46362,62485.3097343297,18904.30405083655,0.0,0.0
1544,14794.35635,3957.02457,25729.01294,2268.38944,432.07418,2700.46362,62485.3097343297,18904.30405083655,0.0,0.0
1545,14794.35635,3957.02457,25729.01294,2268.38944,432.07418,2700.46362,62485.3097343297,18904.30405083655,0.0,0.0
1546,14794.35635,3957.02457,25729.01294,2268.38944,432.07418,2700.46362,62485.3097343297,18904.30405083655,0.0,0.0
1547,14794.35635,3957.02457,25729.01294,2268.38944,432.07418,2700.46362,62485.3097343297,18904.30405083655,0.0,0.0
1548,14794.35635,3957.02457,25729.01294,2268.38944,432.07418,2700.46362,62485.3097343297,18904.30405083655,0.0,0.0
1549,14794.35635,3957.02457,25729.01294,2268.38944,432.07418,2700.46362,62485.3097343297,18904.30405083655,0.0,0.0
1550,14794.35635,3957.02457,25729.01294,2268.38944,432.07418,2700.46362,62485.3097343297,18904.30405083655,0.0,0.0
1551,14794.35635,3957.02457,25729.01294,2268.38944,432.07418,2700.46362,62485.3097343297,18904.30405083655,0.0,0.0
1552,14794.35635,3957.02457,25729.01294,2268.38944,432.07418,2700.46362,62485.3097343297,18904.30405083655,0.0,0.0
1553,14794.35635,3957.02457,25729.01294,2268.38944,432.07418,2700.46362,62485.3097343297,18904.30405083655,0.0,0.0
1554,14794.35635,3957.02457,25729.01294,2268.38944,432.07418,2700.46362,62485.3097343297,18904.30405083655,0.0,0.0
1555,14794.35635,3957.02457,25729.01294,2268.38944,432.07418,2700.46362,62485.3097343297,18904.30405083655,0.0,0.0
1556,14794.35635,3957.02457,25729.01294,2268.38944,432.07418,2700.46362,62485.3097343297,18904.30405083655,0.0,0.0
1557,14794.35635,3957.02457,25729.01294,2268.38944,432.07418,2700.46362,62485.3097343297,18904.30405083655,0.0,0.0
1558,14794.35635,3957.02457,25729.01294,2268.38944,432.07418,2700.46362,62485.3097343297,18904.30405083655,0.0,0.0
1559,14794.35635,3957.02457,25729.01294,2268.38944,432.07418,2700.46362,62485.3097343297,18904.30405083655,0.0,0.0
1560,14794.35635,3957.02457,25729.01294,2268.38944,432.07418,2700.46362,62485.3097343297,18904.30405083655,0.0,0.0
1561,14794.35635,3957.02457,25729.01294,2268.38944,432.07418,2700.46362,62485.3097343297,18904.30405083655,0.0,0.0
1562,14794.35635,3957.02457,25729.01294,2268.38944,432.07418,2700.46362,62485.3097343297,18904.30405083655,0.0,0.0
1563,14794.35635,3957.02457,25729.01294,2268.38944,432.07418,2700.46362,62485.3097343297,18904.30405083655,0.0,0.0
1564,14794.35635,3957.02457,25729.01294,2268.38944,432.07418,2700.46362,62485.3097343297,18904.30405083655,0.0,0.0
1565,14794.35635,3957.02457,25729.01294,2268.38944,432.07418,2700.46362,62485.3097343297,18904.30405083655,0.0,0.0
1566,14794.35635,3957.02457,25729.01294,2268.38944,432.07418,2700.46362,62485.3097343297,18904.30405083655,0.0,0.0
1567,14794.35635,3957.02457,25729.01294,2268.38944,432.07418,2700.46362,62485.3097343297,18904.30405083655,0.0,0.0
1568,14794.35635,3957.02457,25729.01294,2268.38944,432.07418,2700.46362,62485.3097343297,18904.30405083655,0.0,0.0
1569,14794.35635,3957.02457,25729.01294,2268.38944,432.07418,2700.46362,62485.3097343297,18904.30405083655,0.0,0.0
1570,14794.35635,3957.02457,25729.01294,2268.38944,432.07418,2700.46362,62485.3097343297,18904.30405083655,0.0,0.0
1571,14794.35635,3957.02457,25729.01294,2268.38944,432.07418,2700.46362,62485.3097343297,18904.30405083655,0.0,0.0
1572,14794.35635,3957.02457,25729.01294,2268.38944,432.07418,2700.46362,62485.3097343297,18904.30405083655,0.0,0.0
1573,14794.35635,3957.02457,25729.01294,2268.38944,432.07418,2700.46362,62485.3097343297,18904.30405083655,0.0,0.0
1574,14794.35635,3957.02457,25729.01294,2268.38944,432.07418,2700.46362,62485.3097343297,18904.30405083655,0.0,0.0
1575,14794.35635,3957.02457,25729.01294,2268.38944,432.07418,2700.46362,62485.3097343297,18904.30405083655,0.0,0.0
1576,14794.35635,3957.02457,25729.01294,2268.38944,432.07418,2700.46362,62485.3097343297,18904.30405083655,0.0,0.0
1577,14794.35635,3957.02457,25729.01294,2268.38944,432.07418,2700.46362,62485.3097343297,18904.30405083655,0.0,0.0
1578,14794.35635,3957.02457,25729.01294,2268.38944,432.07418,2700.46362,62485.3097343297,18904.30405083655,0.0,0.0
1579,14794.35635,3957.02457,25729.01294,2268.38944,432.07418,2700.46362,62485.3097343297,18904.30405083655,0.0,0.0
1580,14794.35635,3957.02457,25729.01294,2268.38944,432.07418,2700.46362,62485.3097343297,18904.30405083655,0.0,0.0
1581,14794.35635,3957.02457,25729.01294,2268.38944,432.07418,2700.46362,62485.3097343297,18904.30405083655,0.0,0.0
1582,14794.35635,3957.02457,25729.01294,2268.38944,432.07418,2700.46362,62485.3097343297,18904.30405083655,0.0,0.0
1583,14794.35635,3957.02457,25729.01294,2268.38944,432.07418,2700.46362,62485.3097343297,18904.30405083655,0.0,0.0
1584,14794.35635,3957.02457,25729.01294,2268.38944,432.07418,2700.46362,62485.3097343297,18904.30405083655,0.0,0.0
1585,14794.35635,3957.02457,25729.01294,2268.38944,432.07418,2700.46362,62485.3097343297,18904.30405083655,0.0,0.0
1586,14794.35635,3957.02457,25729.01294,2268.38944,432.07418,2700.46362,62485.3097343297,18904.30405083655,0.0,0.0
1587,14794.35635,3957.02457,25729.01294,2268.38944,432.07418,2700.46362,62485.3097343297,18904.30405083655,0.0,0.0
1588,14794.35635,3957.02457,25729.01294,2268.38944,432.07418,2700.46362,62485.3097343297,18904.30405083655,0.0,0.0
1589,14794.35635,3957.02457,25729.01294,2268.38944,432.07418,2700.46362,62485.3097343297,18904.30405083655,0.0,0.0
1590,14794.35635,3957.02457,25729.01294,2268.38944,432.07418,2700.46362,62485.3097343297,18904.30405083655,0.0,0.0
1591,14794.35635,3957.02457,25729.01294,2268.38944,432.07418,2700.46362,62485.3097343297,18904.30405083655,0.0,0.0
1592,14794.35635,3957.02457,25729.01294,2268.38944,432.07418,2700.46362,62485.3097343297,18904.30405083655,0.0,0.0
1593,14794.35635,3957.02457,25729.01294,2268.38944,432.07418,2700.46362,62485.3097343297,18904.30405083655,0.0,0.0
1594,14794.35635,3957.02457,25729.01294,2268.38944,432.07418,2700.46362,62485.3097343297,18904.30405083655,0.0,0.0
1595,14794.35635,3957.02457,25729.01294,2268.38944,432.07418,2700.46362,62485.3097343297,18904.30405083655,0.0,0.0
1596,14794.35635,3957.02457,25729.01294,2268.38944,432.07418,2700.46362,62485.3097343297,18904.30405083655,0.0,0.0
1597,14794.35635,3957.02457,25729.01294,2268.38944,432.07418,2700.46362,62485.3097343297,18904.30405083655,0.0,0.0
1598,14794.35635,3957.02457,25729.01294,2268.38944,432.07418,2700.46362,62485.3097343297,18904.30405083655,0.0,0.0
1599,14794.35635,3957.02457,25729.01294,2268.38944,432.07418,2700.46362,62485.3097343297,18904.30405083655,0.0,0.0
1600,14794.35635,3957.02457,25729.01294,2268.38944,432.07418,2700.46362,62485.3097343297,18904.30405083655,0.0,0.0
1601,14794.35635,3957.02457,25729.01294,2268.38944,432.07418,2700.46362,62485.3097343297,18904.30405083655,0.0,0.0
1602,14794.35635,3957.02457,25729.01294,2268.38944,432.07418,2700.46362,62485.3097343297,18904.30405083655,0.0,0.0
1603,14794.35635,3957.02457,25729.01294,2268.38944,432.07418,2700.46362,62485.3097343297,18904.30405083655,0.0,0.0
1604,14794.35635,3957.02457,25729.01294,2268.38944,432.07418,2700.46362,62485.3097343297,18904.30405083655,0.0,0.0
1605,14794.35635,3957.02457,25729.01294,2268.38944,432.07418,2700.46362,62485.3097343297,18904.30405083655,0.0,0.0
1606,14794.35635,3957.02457,25729.01294,2268.38944,432.07418,2700.46362,62485.3097343297,18904.30405083655,0.0,0.0
1607,14794.35635,3957.02457,25729.01294,2268.38944,432.07418,2700.46362,62485.3097343297,18904.30405083655,0.0,0.0
1608,14794.35635,3957.02457,25729.01294,2268.38944,432.07418,2700.46362,62485.3097343297,18904.30405083655,0.0,0.0
1609,14794.35635,3957.02457,25729.01294,2268.38944,432.07418,2700.46362,62485.3097343297,18904.30405083655,0.0,0.0
1610,14794.35635,3957.02457,25729.01294,2268.38944,432.07418,2700.46362,62485.3097343297,18904.30405083655,0.0,0.0
1611,14794.35635,3957.02457,25729.01294,2268.38944,432.07418,2700.46362,62485.3097343297,18904.30405083655,0.0,0.0
1612,14794.35635,3957.02457,25729.01294,2268.38944,432.07418,2700.46362,62485.3097343297,18904.30405083655,0.0,0.0
1613,14794.35635,3957.02457,25729.01294,2268.38944,432.07418,2700.46362,62485.3097343297,18904.30405083655,0.0,0.0
1614,14794.35635,3957.02457,25729.01294,2268.38944,432.07418,2700.46362,62485.3097343297,18904.30405083655,0.0,0.0
1615,14794.35635,3957.02457,25729.01294,2268.38944,432.07418,2700.46362,62485.3097343297,18904.30405083655,0.0,0.0
1616,14794.35635,3957.02457,25729.01294,2268.38944,432.07418,2700.46362,62485.3097343297,18904.30405083655,0.0,0.0
1617,14794.35635,3957.02457,25729.01294,2268.38944,432.07418,2700.46362,62485.3097343297,18904.30405083655,0.0,0.0
1618,14794.35635,3957.02457,25729.01294,2268.38944,432.07418,2700.46362,62485.3097343297,18904.30405083655,0.0,0.0
1619,14794.35635,3957.02457,25729.01294,2268.38944,432.07418,2700.46362,62485.3097343297,18904.30405083655,0.0,0.0
1620,14794.35635,3957.02457,25729.01294,2268.38944,432.07418,2700.46362,62485.3097343297,18904.30405083655,0.0,0.0
1621,14794.35635,3957.02457,25729.01294,2268.38944,432.07418,2700.46362,62485.3097343297,18904.30405083655,0.0,0.0
1622,14794.35635,3957.02457,25729.01294,2268.38944,432.07418,2700.46362,62485.3097343297,18904.30405083655,0.0,0.0
1623,14794.35635,3957.02457,25729.01294,2268.38944,432.07418,2700.46362,62485.3097343297,18904.30405083655,0.0,0.0
1624,14794.35635,3957.02457,25729.01294,2268.38944,432.07418,2700.46362,62485.3097343297,18904.30405083655,0.0,0.0
1625,14794.35635,3957.02457,25729.01294,2268.38944,432.07418,2700.46362,62485.3097343297,18904.30405083655,0.0,0.0
1626,14794.35635,3957.02457,25729.01294,2268.38944,432.07418,2700.46362,62485.3097343297,18904.30405083655,0.0,0.0
1627,14794.35635,3957.02457,25729.01294,2268.38944,432.07418,2700.46362,62485.3097343297,18904.30405083655,0.0,0.0
1628,14794.35635,3957.02457,25729.01294,2268.38944,432.07418,2700.46362,62485.3097343297,18904.30405083655,0.0,0.0
1629,14794.35635,3957.02457,25729.01294,2268.38944,432.07418,2700.46362,62485.3097343297,18904.30405083655,0.0,0.0
1630,14794.35635,3957.02457,25729.01294,2268.38944,432.07418,2700.46362,62485.3097343297,18904.30405083655,0.0,0.0
1631,14794.35635,3957.02457,25729.01294,2268.38944,432.07418,2700.46362,62485.3097343297,18904.30405083655,0.0,0.0
1632,14794.35635,3957.02457,25729.01294,2268.38944,432.07418,2700.46362,62485.3097343297,18904.30405083655,0.0,0.0
1633,14794.35635,3957.02457,25729.01294,2268.38944,432.07418,2700.46362,62485.3097343297,18904.30405083655,0.0,0.0
1634,14794.35635,3957.02457,25729.01294,2268.38944,432.07418,2700.46362,62485.3097343297,18904.30405083655,0.0,0.0
1635,14794.35635,3957.02457,25729.01294,2268.38944,432.07418,2700.46362,62485.3097343297,18904.30405083655,0.0,0.0
1636,14794.35635,3957.02457,25729.01294,2268.38944,432.07418,2700.46362,62485.3097343297,18904.30405083655,0.0,0.0
1637,14794.35635,3957.02457,25729.01294,2268.38944,432.07418,2700.46362,62485.3097343297,18904.30405083655,0.0,0.0
1638,14794.35635,3957.02457,25729.01294,2268.38944,432.07418,2700.46362,62485.3097343297,18904.30405083655,0.0,0.0
1639,14794.35635,3957.02457,25729.01294,2268.38944,432.07418,2700.46362,62485.3097343297,18904.30405083655,0.0,0.0
1640,14794.35635,3957.02457,25729.01294,2268.38944,432.07418,2700.46362,62485.3097343297,18904.30405083655,0.0,0.0
1641,14794.35635,3957.02457,25729.01294,2268.38944,432.07418,2700.46362,62485.3097343297,18904.30405083655,0.0,0.0
1642,14794.35635,3957.02457,25729.01294,2268.38944,432.07418,2700.46362,62485.3097343297,18904.30405083655,0.0,0.0
1643,14794.35635,3957.02457,25729.01294,2268.38944,432.07418,2700.46362,62485.3097343297,18904.30405083655,0.0,0.0
1644,14794.35635,3957.02457,25729.01294,2268.38944,432.07418,2700.46362,62485.3097343297,18904.30405083655,0.0,0.0
1645,14794.35635,3957.02457,25729.01294,2268.38944,432.07418,2700.46362,62485.3097343297,18904.30405083655,0.0,0.0
1646,14794.35635,3957.02457,25729.01294,2268.38944,432.07418,2700.46362,62485.3097343297,18904.30405083655,0.0,0.0
1647,14794.35635,3957.02457,25729.01294,2268.38944,432.07418,2700.46362,62485.3097343297,18904.30405083655,0.0,0.0
1648,14794.35635,3957.02457,25729.01294,2268.38944,432.07418,2700.46362,62485.3097343297,18904.30405083655,0.0,0.0
1649,14794.35635,3957.02457,25729.01294,2268.38944,432.07418,2700.46362,62485.3097343297,18904.30405083655,0.0,0.0
1650,14794.35635,3957.02457,25729.01294,2268.38944,432.07418,2700.46362,62485.3097343297,18904.30405083655,0.0,0.0
1651,14794.35635,3957.02457,25729.01294,2268.38944,432.07418,2700.46362,62485.3097343297,18904.30405083655,0.0,0.0
1652,14794.35635,3957.02457,25729.01294,2268.38944,432.07418,2700.46362,62485.3097343297,18904.30405083655,0.0,0.0
1653,14794.35635,3957.02457,25729.01294,2268.38944,432.07418,2700.46362,62485.3097343297,18904.30405083655,0.0,0.0
1654,14794.35635,3957.02457,25729.01294,2268.38944,432.07418,2700.46362,62485.3097343297,18904.30405083655,0.0,0.0
1655,14794.35635,3957.02457,25729.01294,2268.38944,432.07418,2700.46362,62485.3097343297,18904.30405083655,0.0,0.0
1656,14794.35635,3957.02457,25729.01294,2268.38944,432.07418,2700.46362,62485.3097343297,18904.30405083655,0.0,0.0
1657,14794.35635,3957.02457,25729.01294,2268.38944,432.07418,2700.46362,62485.3097343297,18904.30405083655,0.0,0.0
1658,14794.35635,3957.02457,25729.01294,2268.38944,432.07418,2700.46362,62485.3097343297,18904.30405083655,0.0,0.0
1659,14794.35635,3957.02457,25729.01294,2268.38944,432.07418,2700.46362,62485.3097343297,18904.30405083655,0.0,0.0
1660,14794.35635,3957.02457,25729.01294,2268.38944,432.07418,2700.46362,62485.3097343297,18904.30405083655,0.0,0.0
1661,14794.35635,3957.02457,25729.01294,2268.38944,432.07418,2700.46362,62485.3097343297,18904.30405083655,0.0,0.0
1662,14794.35635,3957.02457,25729.01294,2268.38944,432.07418,2700.46362,62485.3097343297,18904.30405083655,0.0,0.0
1663,14794.35635,3957.02457,25729.01294,2268.38944,432.07418,2700.46362,62485.3097343297,18904.30405083655,0.0,0.0
1664,14794.35635,3957.02457,25729.01294,2268.38944,432.07418,2700.46362,62485.3097343297,18904.30405083655,0.0,0.0
1665,14794.35635,3957.02457,25729.01294,2268.38944,432.07418,2700.46362,62485.3097343297,18904.30405083655,0.0,0.0
1666,14794.35635,3957.02457,25729.01294,2268.38944,432.07418,2700.46362,62485.3097343297,18904.30405083655,0.0,0.0
1667,14794.35635,3957.02457,25729.01294,2268.38944,432.07418,2700.46362,62485.3097343297,18904.30405083655,0.0,0.0
1668,14794.35635,3957.02457,25729.01294,2268.38944,432.07418,2700.46362,62485.3097343297,18904.30405083655,0.0,0.0
1669,14794.35635,3957.02457,25729.01294,2268.38944,432.07418,2700.46362,62485.3097343297,18904.30405083655,0.0,0.0
1670,14794.35635,3957.02457,25729.01294,2268.38944,432.07418,2700.46362,62485.3097343297,18904.30405083655,0.0,0.0
1671,14794.35635,3957.02457,25729.01294,2268.38944,432.07418,2700.46362,62485.3097343297,18904.30405083655,0.0,0.0
1672,14794.35635,3957.02457,25729.01294,2268.38944,432.07418,2700.46362,62485.3097343297,18904.30405083655,0.0,0.0
1673,14794.35635,3957.02457,25729.01294,2268.38944,432.07418,2700.46362,62485.3097343297,18904.30405083655,0.0,0.0
1674,14794.35635,3957.02457,25729.01294,2268.38944,432.07418,2700.46362,62485.3097343297,18904.30405083655,0.0,0.0
1675,14794.35635,3957.02457,25729.01294,2268.38944,432.07418,2700.46362,62485.3097343297,18904.30405083655,0.0,0.0
1676,14794.35635,3957.02457,25729.01294,2268.38944,432.07418,2700.46362,62485.3097343297,18904.30405083655,0.0,0.0
1677,14794.35635,3957.02457,25729.01294,2268.38944,432.07418,2700.46362,62485.3097343297,18904.30405083655,0.0,0.0
1678,14794.35635,3957.02457,25729.01294,2268.38944,432.07418,2700.46362,62485.3097343297,18904.30405083655,0.0,0.0
1679,14794.35635,3957.02457,25729.01294,2268.38944,432.07418,2700.46362,62485.3097343297,18904.30405083655,0.0,0.0
1680,14794.35635,3957.02457,25729.01294,2268.38944,432.07418,2700.46362,62485.3097343297,18904.30405083655,0.0,0.0
1681,14794.35635,3957.02457,25729.01294,2268.38944,432.07418,2700.46362,62485.3097343297,18904.30405083655,0.0,0.0
1682,14794.35635,3957.02457,25729.01294,2268.38944,432.07418,2700.46362,62485.3097343297,18904.30405083655,0.0,0.0
1683,14794.35635,3957.02457,25729.01294,2268.38944,432.07418,2700.46362,62485.3097343297,18904.30405083655,0.0,0.0
1684,14794.35635,3957.02457,25729.01294,2268.38944,432.07418,2700.46362,62485.3097343297,18904.30405083655,0.0,0.0
1685,14794.35635,3957.02457,25729.01294,2268.38944,432.07418,2700.46362,62485.3097343297,18904.30405083655,0.0,0.0
1686,14794.35635,3957.02457,25729.01294,2268.38944,432.07418,2700.46362,62485.3097343297,18904.30405083655,0.0,0.0
1687,14794.35635,3957.02457,25729.01294,2268.38944,432.07418,2700.46362,62485.3097343297,18904.30405083655,0.0,0.0
1688,14794.35635,3957.02457,25729.01294,2268.38944,432.07418,2700.46362,62485.3097343297,18904.30405083655,0.0,0.0
1689,14794.35635,3957.02457,25729.01294,2268.38944,432.07418,2700.46362,62485.3097343297,18904.30405083655,0.0,0.0
1690,14794.35635,3957.02457,25729.01294,2268.38944,432.07418,2700.46362,62485.3097343297,18904.30405083655,0.0,0.0
1691,14794.35635,3957.02457,25729.01294,2268.38944,432.07418,2700.46362,62485.3097343297,18904.30405083655,0.0,0.0
1692,14794.35635,3957.02457,25729.01294,2268.38944,432.07418,2700.46362,62485.3097343297,18904.30405083655,0.0,0.0
1693,14794.35635,3957.02457,25729.01294,2268.38944,432.07418,2700.46362,62485.3097343297,18904.30405083655,0.0,0.0
1694,14794.35635,3957.02457,25729.01294,2268.38944,432.07418,2700.46362,62485.3097343297,18904.30405083655,0.0,0.0
1695,14794.35635,3957.02457,25729.01294,2268.38944,432.07418,2700.46362,62485.3097343297,18904.30405083655,0.0,0.0
1696,14794.35635,3957.02457,25729.01294,2268.38944,432.07418,2700.46362,62485.3097343297,18904.30405083655,0.0,0.0
1697,14794.35635,3957.02457,25729.01294,2268.38944,432.07418,2700.46362,62485.3097343297,18904.30405083655,0.0,0.0
1698,14794.35635,3957.02457,25729.01294,2268.38944,432.07418,2700.46362,62485.3097343297,18904.30405083655,0.0,0.0
1699,14794.35635,3957.02457,25729.01294,2268.38944,432.07418,2700.46362,62485.3097343297,18904.30405083655,0.0,0.0
1700,14794.35635,3957.02457,25729.01294,2268.38944,432.07418,2700.46362,62485.3097343297,18904.30405083655,0.0,0.0
1701,14794.35635,3957.02457,25729.01294,2268.38944,432.07418,2700.46362,62485.3097343297,18904.30405083655,0.0,0.0
1702,14794.35635,3957.02457,25729.01294,2268.38944,432.07418,2700.46362,62485.3097343297,18904.30405083655,0.0,0.0
1703,14794.35635,3957.02457,25729.01294,2268.38944,432.07418,2700.46362,62485.3097343297,18904.30405083655,0.0,0.0
1704,14794.35635,3957.02457,25729.01294,2268.38944,432.07418,2700.46362,62485.3097343297,18904.30405083655,0.0,0.0
1705,14794.35635,3957.02457,25729.01294,2268.38944,432.07418,2700.46362,62485.3097343297,18904.30405083655,0.0,0.0
1706,14794.35635,3957.02457,25729.01294,2268.38944,432.07418,2700.46362,62485.3097343297,18904.30405083655,0.0,0.0
1707,14794.35635,3957.02457,25729.01294,2268.38944,432.07418,2700.46362,62485.3097343297,18904.30405083655,0.0,0.0
1708,14794.35635,3957.02457,25729.01294,2268.38944,432.07418,2700.46362,62485.3097343297,18904.30405083655,0.0,0.0
1709,14794.35635,3957.02457,25729.01294,2268.38944,432.07418,2700.46362,62485.3097343297,18904.30405083655,0.0,0.0
1710,14794.35635,3957.02457,25729.01294,2268.38944,432.07418,2700.46362,62485.3097343297,18904.30405083655,0.0,0.0
1711,14794.35635,3957.02457,25729.01294,2268.38944,432.07418,2700.46362,62485.3097343297,18904.30405083655,0.0,0.0
1712,14794.35635,3957.02457,25729.01294,2268.38944,432.07418,2700.46362,62485.3097343297,18904.30405083655,0.0,0.0
1713,14794.35635,3957.02457,25729.01294,2268.38944,432.07418,2700.46362,62485.3097343297,18904.30405083655,0.0,0.0
1714,14794.35635,3957.02457,25729.01294,2268.38944,432.07418,2700.46362,62485.3097343297,18904.30405083655,0.0,0.0
1715,14794.35635,3957.02457,25729.01294,2268.38944,432.07418,2700.46362,62485.3097343297,18904.30405083655,0.0,0.0
1716,14794.35635,3957.02457,25729.01294,2268.38944,432.07418,2700.46362,62485.3097343297,18904.30405083655,0.0,0.0
1717,14794.35635,3957.02457,25729.01294,2268.38944,432.07418,2700.46362,62485.3097343297,18904.30405083655,0.0,0.0
1718,14794.35635,3957.02457,25729.01294,2268.38944,432.07418,2700.46362,62485.3097343297,18904.30405083655,0.0,0.0
1719,14794.35635,3957.02457,25729.01294,2268.38944,432.07418,2700.46362,62485.3097343297,18904.30405083655,0.0,0.0
1720,14794.35635,3957.02457,25729.01294,2268.38944,432.07418,2700.46362,62485.3097343297,18904.30405083655,0.0,0.0
1721,14794.35635,3957.02457,25729.01294,2268.38944,432.07418,2700.46362,62485.3097343297,18904.30405083655,0.0,0.0
1722,14794.35635,3957.02457,25729.01294,2268.38944,432.07418,2700.46362,62485.3097343297,18904.30405083655,0.0,0.0
1723,14794.35635,3957.02457,25729.01294,2268.38944,432.07418,2700.46362,62485.3097343297,18904.30405083655,0.0,0.0
1724,14794.35635,3957.02457,25729.01294,2268.38944,432.07418,2700.46362,62485.3097343297,18904.30405083655,0.0,0.0
1725,14794.35635,3957.02457,25729.01294,2268.38944,432.07418,2700.46362,62485.3097343297,18904.30405083655,0.0,0.0
1726,14794.35635,3957.02457,25729.01294,2268.38944,432.07418,2700.46362,62485.3097343297,18904.30405083655,0.0,0.0
1727,14794.35635,3957.02457,25729.01294,2268.38944,432.07418,2700.46362,62485.3097343297,18904.30405083655,0.0,0.0
1728,14794.35635,3957.02457,25729.01294,2268.38944,432.07418,2700.46362,62485.3097343297,18904.30405083655,0.0,0.0
1729,14794.35635,3957.02457,25729.01294,2268.38944,432.07418,2700.46362,62485.3097343297,18904.30405083655,0.0,0.0
1730,14794.35635,3957.02457,25729.01294,2268.38944,432.07418,2700.46362,62485.3097343297,18904.30405083655,0.0,0.0
1731,14794.35635,3957.02457,25729.01294,2268.38944,432.07418,2700.46362,62485.3097343297,18904.30405083655,0.0,0.0
1732,14794.35635,3957.02457,25729.01294,2268.38944,432.07418,2700.46362,62485.3097343297,18904.30405083655,0.0,0.0
1733,14794.35635,3957.02457,25729.01294,2268.38944,432.07418,2700.46362,62485.3097343297,18904.30405083655,0.0,0.0
1734,14794.35635,3957.02457,25729.01294,2268.38944,432.07418,2700.46362,62485.3097343297,18904.30405083655,0.0,0.0
1735,14794.35635,3957.02457,25729.01294,2268.38944,432.07418,2700.46362,62485.3097343297,18904.30405083655,0.0,0.0
1736,14794.35635,3957.02457,25729.01294,2268.38944,432.07418,2700.46362,62485.3097343297,18904.30405083655,0.0,0.0
1737,14794.35635,3957.02457,25729.01294,2268.38944,432.07418,2700.46362,62485.3097343297,18904.30405083655,0.0,0.0
1738,14794.35635,3957.02457,25729.01294,2268.38944,432.07418,2700.46362,62485.3097343297,18904.30405083655,0.0,0.0
1739,14794.35635,3957.02457,25729.01294,2268.38944,432.07418,2700.46362,62485.3097343297,18904.30405083655,0.0,0.0
1740,14794.35635,3957.02457,25729.01294,2268.38944,432.07418,2700.46362,62485.3097343297,18904.30405083655,0.0,0.0
1741,14794.35635,3957.02457,25729.01294,2268.38944,432.07418,2700.46362,62485.3097343297,18904.30405083655,0.0,0.0
1742,14794.35635,3957.02457,25729.01294,2268.38944,432.07418,2700.46362,62485.3097343297,18904.30405083655,0.0,0.0
1743,14794.35635,3957.02457,25729.01294,2268.38944,432.07418,2700.46362,62485.3097343297,18904.30405083655,0.0,0.0
1744,14794.35635,3957.02457,25729.01294,2268.38944,432.07418,2700.46362,62485.3097343297,18904.30405083655,0.0,0.0
1745,14794.35635,3957.02457,25729.01294,2268.38944,432.07418,2700.46362,62485.3097343297,18904.30405083655,0.0,0.0
1746,14794.35635,3957.02457,25729.01294,2268.38944,432.07418,2700.46362,62485.3097343297,18904.30405083655,0.0,0.0
1747,14794.35635,3957.02457,25729.01294,2268.38944,432.07418,2700.46362,62485.3097343297,18904.30405083655,0.0,0.0
1748,14794.35635,3957.02457,25729.01294,2268.38944,432.07418,2700.46362,62485.3097343297,18904.30405083655,0.0,0.0
1749,14794.35635,3957.02457,25729.01294,2268.38944,432.07418,2700.46362,62485.3097343297,18904.30405083655,0.0,0.0
1750,14794.35635,3957.02457,25729.01294,2268.38944,432.07418,2700.46362,62485.3097343297,18904.30405083655,0.0,0.0
1751,14794.35635,3957.02457,25729.01294,2268.38944,432.07418,2700.46362,62485.3097343297,18904.30405083655,0.0,0.0
1752,14794.35635,3957.02457,25729.01294,2268.38944,432.07418,2700.46362,62485.3097343297,18904.30405083655,0.0,0.0
1753,14794.35635,3957.02457,25729.01294,2268.38944,432.07418,2700.46362,62485.3097343297,18904.30405083655,0.0,0.0
1754,14794.35635,3957.02457,25729.01294,2268.38944,432.07418,2700.46362,62485.3097343297,18904.30405083655,0.0,0.0
1755,14794.35635,3957.02457,25729.01294,2268.38944,432.07418,2700.46362,62485.3097343297,18904.30405083655,0.0,0.0
1756,14794.35635,3957.02457,25729.01294,2268.38944,432.07418,2700.46362,62485.3097343297,18904.30405083655,0.0,0.0
1757,14794.35635,3957.02457,25729.01294,2268.38944,432.07418,2700.46362,62485.3097343297,18904.30405083655,0.0,0.0
1758,14794.35635,3957.02457,25729.01294,2268.38944,432.07418,2700.46362,62485.3097343297,18904.30405083655,0.0,0.0
1759,14794.35635,3957.02457,25729.01294,2268.38944,432.07418,2700.46362,62485.3097343297,18904.30405083655,0.0,0.0
1760,14794.35635,3957.02457,25729.01294,2268.38944,432.07418,2700.46362,62485.3097343297,18904.30405083655,0.0,0.0
1761,14794.35635,3957.02457,25729.01294,2268.38944,432.07418,2700.46362,62485.3097343297,18904.30405083655,0.0,0.0
1762,14794.35635,3957.02457,25729.01294,2268.38944,432.07418,2700.46362,62485.3097343297,18904.30405083655,0.0,0.0
1763,14794.35635,3957.02457,25729.01294,2268.38944,432.07418,2700.46362,62485.3097343297,18904.30405083655,0.0,0.0
1764,14794.35635,3957.02457,25729.01294,2268.38944,432.07418,2700.46362,62485.3097343297,18904.30405083655,0.0,0.0
1765,14794.35635,3957.02457,25729.01294,2268.38944,432.07418,2700.46362,62485.3097343297,18904.30405083655,0.0,0.0
1766,14794.35635,3957.02457,25729.01294,2268.38944,432.07418,2700.46362,62485.3097343297,18904.30405083655,0.0,0.0
1767,14794.35635,3957.02457,25729.01294,2268.38944,432.07418,2700.46362,62485.3097343297,18904.30405083655,0.0,0.0
1768,14794.35635,3957.02457,25729.01294,2268.38944,432.07418,2700.46362,62485.3097343297,18904.30405083655,0.0,0.0
1769,14794.35635,3957.02457,25729.01294,2268.38944,432.07418,2700.46362,62485.3097343297,18904.30405083655,0.0,0.0
1770,14794.35635,3957.02457,25729.01294,2268.38944,432.07418,2700.46362,62485.3097343297,18904.30405083655,0.0,0.0
1771,14794.35635,3957.02457,25729.01294,2268.38944,432.07418,2700.46362,62485.3097343297,18904.30405083655,0.0,0.0
1772,14794.35635,3957.02457,25729.01294,2268.38944,432.07418,2700.46362,62485.3097343297,18904.30405083655,0.0,0.0
1773,14794.35635,3957.02457,25729.01294,2268.38944,432.07418,2700.46362,62485.3097343297,18904.30405083655,0.0,0.0
1774,14794.35635,3957.02457,25729.01294,2268.38944,432.07418,2700.46362,62485.3097343297,18904.30405083655,0.0,0.0
1775,14794.35635,3957.02457,25729.01294,2268.38944,432.07418,2700.46362,62485.3097343297,18904.30405083655,0.0,0.0
1776,14794.35635,3957.02457,25729.01294,2268.38944,432.07418,2700.46362,62485.3097343297,18904.30405083655,0.0,0.0
1777,14794.35635,3957.02457,25729.01294,2268.38944,432.07418,2700.46362,62485.3097343297,18904.30405083655,0.0,0.0
1778,14794.35635,3957.02457,25729.01294,2268.38944,432.07418,2700.46362,62485.3097343297,18904.30405083655,0.0,0.0
1779,14794.35635,3957.02457,25729.01294,2268.38944,432.07418,2700.46362,62485.3097343297,18904.30405083655,0.0,0.0
1780,14794.35635,3957.02457,25729.01294,2268.38944,432.07418,2700.46362,62485.3097343297,18904.30405083655,0.0,0.0
1781,14794.35635,3957.02457,25729.01294,2268.38944,432.07418,2700.46362,62485.3097343297,18904.30405083655,0.0,0.0
1782,14794.35635,3957.02457,25729.01294,2268.38944,432.07418,2700.46362,62485.3097343297,18904.30405083655,0.0,0.0
1783,14794.35635,3957.02457,25729.01294,2268.38944,432.07418,2700.46362,62485.3097343297,18904.30405083655,0.0,0.0
1784,14794.35635,3957.02457,25729.01294,2268.38944,432.07418,2700.46362,62485.3097343297,18904.30405083655,0.0,0.0
1785,14794.35635,3957.02457,25729.01294,2268.38944,432.07418,2700.46362,62485.3097343297,18904.30405083655,0.0,0.0
1786,14794.35635,3957.02457,25729.01294,2268.38944,432.07418,2700.46362,62485.3097343297,18904.30405083655,0.0,0.0
1787,14794.35635,3957.02457,25729.01294,2268.38944,432.07418,2700.46362,62485.3097343297,18904.30405083655,0.0,0.0
1788,14794.35635,3957.02457,25729.01294,2268.38944,432.07418,2700.46362,62485.3097343297,18904.30405083655,0.0,0.0
1789,14794.35635,3957.02457,25729.01294,2268.38944,432.07418,2700.46362,62485.3097343297,18904.30405083655,0.0,0.0
1790,14794.35635,3957.02457,25729.01294,2268.38944,432.07418,2700.46362,62485.3097343297,18904.30405083655,0.0,0.0
1791,14794.35635,3957.02457,25729.01294,2268.38944,432.07418,2700.46362,62485.3097343297,18904.30405083655,0.0,0.0
1792,14794.35635,3957.02457,25729.01294,2268.38944,432.07418,2700.46362,62485.3097343297,18904.30405083655,0.0,0.0
1793,14794.35635,3957.02457,25729.01294,2268.38944,432.07418,2700.46362,62485.3097343297,18904.30405083655,0.0,0.0
1794,14794.35635,3957.02457,25729.01294,2268.38944,432.07418,2700.46362,62485.3097343297,18904.30405083655,0.0,0.0
1795,14794.35635,3957.02457,25729.01294,2268.38944,432.07418,2700.46362,62485.3097343297,18904.30405083655,0.0,0.0
1796,14794.35635,3957.02457,25729.01294,2268.38944,432.07418,2700.46362,62485.3097343297,18904.30405083655,0.0,0.0
1797,14794.35635,3957.02457,25729.01294,2268.38944,432.07418,2700.46362,62485.3097343297,18904.30405083655,0.0,0.0
1798,14794.35635,3957.02457,25729.01294,2268.38944,432.07418,2700.46362,62485.3097343297,18904.30405083655,0.0,0.0
1799,14794.35635,3957.02457,25729.01294,2268.38944,432.07418,2700.46362,62485.3097343297,18904.30405083655,0.0,0.0
1800,14794.35635,3957.02457,25729.01294,2268.38944,432.07418,2700.46362,62485.3097343297,18904.30405083655,0.0,0.0
1801,14794.35635,3957.02457,25729.01294,2268.38944,432.07418,2700.46362,62485.3097343297,18904.30405083655,0.0,0.0
1802,14794.35635,3957.02457,25729.01294,2268.38944,432.07418,2700.46362,62485.3097343297,18904.30405083655,0.0,0.0
1803,14794.35635,3957.02457,25729.01294,2268.38944,432.07418,2700.46362,62485.3097343297,18904.30405083655,0.0,0.0
1804,14794.35635,3957.02457,25729.01294,2268.38944,432.07418,2700.46362,62485.3097343297,18904.30405083655,0.0,0.0
1805,14794.35635,3957.02457,25729.01294,2268.38944,432.07418,2700.46362,62485.3097343297,18904.30405083655,0.0,0.0
1806,14794.35635,3957.02457,25729.01294,2268.38944,432.07418,2700.46362,62485.3097343297,18904.30405083655,0.0,0.0
1807,14794.35635,3957.02457,25729.01294,2268.38944,432.07418,2700.46362,62485.3097343297,18904.30405083655,0.0,0.0
1808,14794.35635,3957.02457,25729.01294,2268.38944,432.07418,2700.46362,62485.3097343297,18904.30405083655,0.0,0.0
1809,14794.35635,3957.02457,25729.01294,2268.38944,432.07418,2700.46362,62485.3097343297,18904.30405083655,0.0,0.0
1810,14794.35635,3957.02457,25729.01294,2268.38944,432.07418,2700.46362,62485.3097343297,18904.30405083655,0.0,0.0
1811,14794.35635,3957.02457,25729.01294,2268.38944,432.07418,2700.46362,62485.3097343297,18904.30405083655,0.0,0.0
1812,14794.35635,3957.02457,25729.01294,2268.38944,432.07418,2700.46362,62485.3097343297,18904.30405083655,0.0,0.0
1813,14794.35635,3957.02457,25729.01294,2268.38944,432.07418,2700.46362,62485.3097343297,18904.30405083655,0.0,0.0
1814,14794.35635,3957.02457,25729.01294,2268.38944,432.07418,2700.46362,62485.3097343297,18904.30405083655,0.0,0.0
1815,14794.35635,3957.02457,25729.01294,2268.38944,432.07418,2700.46362,62485.3097343297,18904.30405083655,0.0,0.0
1816,14794.35635,3957.02457,25729.01294,2268.38944,432.07418,2700.46362,62485.3097343297,18904.30405083655,0.0,0.0
1817,14794.35635,3957.02457,25729.01294,2268.38944,432.07418,2700.46362,62485.3097343297,18904.30405083655,0.0,0.0
1818,14794.35635,3957.02457,25729.01294,2268.38944,432.07418,2700.46362,62485.3097343297,18904.30405083655,0.0,0.0
1819,14794.35635,3957.02457,25729.01294,2268.38944,432.07418,2700.46362,62485.3097343297,18904.30405083655,0.0,0.0
1820,14794.35635,3957.02457,25729.01294,2268.38944,432.07418,2700.46362,62485.3097343297,18904.30405083655,0.0,0.0
1821,14794.35635,3957.02457,25729.01294,2268.38944,432.07418,2700.46362,62485.3097343297,18904.30405083655,0.0,0.0
1822,14794.35635,3957.02457,25729.01294,2268.38944,432.07418,2700.46362,62485.3097343297,18904.30405083655,0.0,0.0
1823,14794.35635,3957.02457,25729.01294,2268.38944,432.07418,2700.46362,62485.3097343297,18904.30405083655,0.0,0.0
1824,14794.35635,3957.02457,25729.01294,2268.38944,432.07418,2700.46362,62485.3097343297,18904.30405083655,0.0,0.0
1825,14794.35635,3957.02457,25729.01294,2268.38944,432.07418,2700.46362,62485.3097343297,18904.30405083655,0.0,0.0
1826,14794.35635,3957.02457,25729.01294,2268.38944,432.07418,2700.46362,62485.3097343297,18904.30405083655,0.0,0.0
1827,14794.35635,3957.02457,25729.01294,2268.38944,432.07418,2700.46362,62485.3097343297,18904.30405083655,0.0,0.0
1828,14794.35635,3957.02457,25729.01294,2268.38944,432.07418,2700.46362,62485.3097343297,18904.30405083655,0.0,0.0
1829,14794.35635,3957.02457,25729.01294,2268.38944,432.07418,2700.46362,62485.3097343297,18904.30405083655,0.0,0.0
1830,14794.35635,3957.02457,25729.01294,2268.38944,432.07418,2700.46362,62485.3097343297,18904.30405083655,0.0,0.0
1831,14794.35635,3957.02457,25729.01294,2268.38944,432.07418,2700.46362,62485.3097343297,18904.30405083655,0.0,0.0
1832,14794.35635,3957.02457,25729.01294,2268.38944,432.07418,2700.46362,62485.3097343297,18904.30405083655,0.0,0.0
1833,14794.35635,3957.02457,25729.01294,2268.38944,432.07418,2700.46362,62485.3097343297,18904.30405083655,0.0,0.0
1834,14794.35635,3957.02457,25729.01294,2268.38944,432.07418,2700.46362,62485.3097343297,18904.30405083655,0.0,0.0
1835,14794.35635,3957.02457,25729.01294,2268.38944,432.07418,2700.46362,62485.3097343297,18904.30405083655,0.0,0.0
1836,14794.35635,3957.02457,25729.01294,2268.38944,432.07418,2700.46362,62485.3097343297,18904.30405083655,0.0,0.0
1837,14794.35635,3957.02457,25729.01294,2268.38944,432.07418,2700.46362,62485.3097343297,18904.30405083655,0.0,0.0
1838,14794.35635,3957.02457,25729.01294,2268.38944,432.07418,2700.46362,62485.3097343297,18904.30405083655,0.0,0.0
1839,14794.35635,3957.02457,25729.01294,2268.38944,432.07418,2700.46362,62485.3097343297,18904.30405083655,0.0,0.0
1840,14794.35635,3957.02457,25729.01294,2268.38944,432.07418,2700.46362,62485.3097343297,18904.30405083655,0.0,0.0
1841,14794.35635,3957.02457,25729.01294,2268.38944,432.07418,2700.46362,62485.3097343297,18904.30405083655,0.0,0.0
1842,14794.35635,3957.02457,25729.01294,2268.38944,432.07418,2700.46362,62485.3097343297,18904.30405083655,0.0,0.0
1843,14794.35635,3957.02457,25729.01294,2268.38944,432.07418,2700.46362,62485.3097343297,18904.30405083655,0.0,0.0
1844,14794.35635,3957.02457,25729.01294,2268.38944,432.07418,2700.46362,62485.3097343297,18904.30405083655,0.0,0.0
1845,14794.35635,3957.02457,25729.01294,2268.38944,432.07418,2700.46362,62485.3097343297,18904.30405083655,0.0,0.0
1846,14794.35635,3957.02457,25729.01294,2268.38944,432.07418,2700.46362,62485.3097343297,18904.30405083655,0.0,0.0
1847,14794.35635,3957.02457,25729.01294,2268.38944,432.07418,2700.46362,62485.3097343297,18904.30405083655,0.0,0.0
1848,14794.35635,3957.02457,25729.01294,2268.38944,432.07418,2700.46362,62485.3097343297,18904.30405083655,0.0,0.0
1849,14794.35635,3957.02457,25729.01294,2268.38944,432.07418,2700.46362,62485.3097343297,18904.30405083655,0.0,0.0
1850,14794.35635,3957.02457,25729.01294,2268.38944,432.07418,2700.46362,62485.3097343297,18904.30405083655,0.0,0.0
1851,14794.35635,3957.02457,25729.01294,2268.38944,432.07418,2700.46362,62485.3097343297,18904.30405083655,0.0,0.0
1852,14794.35635,3957.02457,25729.01294,2268.38944,432.07418,2700.46362,62485.3097343297,18904.30405083655,0.0,0.0
1853,14794.35635,3957.02457,25729.01294,2268.38944,432.07418,2700.46362,62485.3097343297,18904.30405083655,0.0,0.0
1854,14794.35635,3957.02457,25729.01294,2268.38944,432.07418,2700.46362,62485.3097343297,18904.30405083655,0.0,0.0
1855,14794.35635,3957.02457,25729.01294,2268.38944,432.07418,2700.46362,62485.3097343297,18904.30405083655,0.0,0.0
1856,14794.35635,3957.02457,25729.01294,2268.38944,432.07418,2700.46362,62485.3097343297,18904.30405083655,0.0,0.0
1857,14794.35635,3957.02457,25729.01294,2268.38944,432.07418,2700.46362,62485.3097343297,18904.30405083655,0.0,0.0
1858,14794.35635,3957.02457,25729.01294,2268.38944,432.07418,2700.46362,62485.3097343297,18904.30405083655,0.0,0.0
1859,14794.35635,3957.02457,25729.01294,2268.38944,432.07418,2700.46362,62485.3097343297,18904.30405083655,0.0,0.0
1860,14794.35635,3957.02457,25729.01294,2268.38944,432.07418,2700.46362,62485.3097343297,18904.30405083655,0.0,0.0
1861,14794.35635,3957.02457,25729.01294,2268.38944,432.07418,2700.46362,62485.3097343297,18904.30405083655,0.0,0.0
1862,14794.35635,3957.02457,25729.01294,2268.38944,432.07418,2700.46362,62485.3097343297,18904.30405083655,0.0,0.0
1863,14794.35635,3957.02457,25729.01294,2268.38944,432.07418,2700.46362,62485.3097343297,18904.30405083655,0.0,0.0
1864,14794.35635,3957.02457,25729.01294,2268.38944,432.07418,2700.46362,62485.3097343297,18904.30405083655,0.0,0.0
1865,14794.35635,3957.02457,25729.01294,2268.38944,432.07418,2700.46362,62485.3097343297,18904.30405083655,0.0,0.0
1866,14794.35635,3957.02457,25729.01294,2268.38944,432.07418,2700.46362,62485.3097343297,18904.30405083655,0.0,0.0
1867,14794.35635,3957.02457,25729.01294,2268.38944,432.07418,2700.46362,62485.3097343297,18904.30405083655,0.0,0.0
1868,14794.35635,3957.02457,25729.01294,2268.38944,432.07418,2700.46362,62485.3097343297,18904.30405083655,0.0,0.0
1869,14794.35635,3957.02457,25729.01294,2268.38944,432.07418,2700.46362,62485.3097343297,18904.30405083655,0.0,0.0
1870,14794.35635,3957.02457,25729.01294,2268.38944,432.07418,2700.46362,62485.3097343297,18904.30405083655,0.0,0.0
1871,14794.35635,3957.02457,25729.01294,2268.38944,432.07418,2700.46362,62485.3097343297,18904.30405083655,0.0,0.0
1872,14794.35635,3957.02457,25729.01294,2268.38944,432.07418,2700.46362,62485.3097343297,18904.30405083655,0.0,0.0
1873,14794.35635,3957.02457,25729.01294,2268.38944,432.07418,2700.46362,62485.3097343297,18904.30405083655,0.0,0.0
1874,14794.35635,3957.02457,25729.01294,2268.38944,432.07418,2700.46362,62485.3097343297,18904.30405083655,0.0,0.0
1875,14794.35635,3957.02457,25729.01294,2268.38944,432.07418,2700.46362,62485.3097343297,18904.30405083655,0.0,0.0
1876,14794.35635,3957.02457,25729.01294,2268.38944,432.07418,2700.46362,62485.3097343297,18904.30405083655,0.0,0.0
1877,14794.35635,3957.02457,25729.01294,2268.38944,432.07418,2700.46362,62485.3097343297,18904.30405083655,0.0,0.0
1878,14794.35635,3957.02457,25729.01294,2268.38944,432.07418,2700.46362,62485.3097343297,18904.30405083655,0.0,0.0
1879,14794.35635,3957.02457,25729.01294,2268.38944,432.07418,2700.46362,62485.3097343297,18904.30405083655,0.0,0.0
1880,14794.35635,3957.02457,25729.01294,2268.38944,432.07418,2700.46362,62485.3097343297,18904.30405083655,0.0,0.0
1881,14794.35635,3957.02457,25729.01294,2268.38944,432.07418,2700.46362,62485.3097343297,18904.30405083655,0.0,0.0
1882,14794.35635,3957.02457,25729.01294,2268.38944,432.07418,2700.46362,62485.3097343297,18904.30405083655,0.0,0.0
1883,14794.35635,3957.02457,25729.01294,2268.38944,432.07418,2700.46362,62485.3097343297,18904.30405083655,0.0,0.0
1884,14794.35635,3957.02457,25729.01294,2268.38944,432.07418,2700.46362,62485.3097343297,18904.30405083655,0.0,0.0
1885,14794.35635,3957.02457,25729.01294,2268.38944,432.07418,2700.46362,62485.3097343297,18904.30405083655,0.0,0.0
1886,14794.35635,3957.02457,25729.01294,2268.38944,432.07418,2700.46362,62485.3097343297,18904.30405083655,0.0,0.0
1887,14794.35635,3957.02457,25729.01294,2268.38944,432.07418,2700.46362,62485.3097343297,18904.30405083655,0.0,0.0
1888,14794.35635,3957.02457,25729.01294,2268.38944,432.07418,2700.46362,62485.3097343297,18904.30405083655,0.0,0.0
1889,14794.35635,3957.02457,25729.01294,2268.38944,432.07418,2700.46362,62485.3097343297,18904.30405083655,0.0,0.0
1890,14794.35635,3957.02457,25729.01294,2268.38944,432.07418,2700.46362,62485.3097343297,18904.30405083655,0.0,0.0
1891,14794.35635,3957.02457,25729.01294,2268.38944,432.07418,2700.46362,62485.3097343297,18904.30405083655,0.0,0.0
1892,14794.35635,3957.02457,25729.01294,2268.38944,432.07418,2700.46362,62485.3097343297,18904.30405083655,0.0,0.0
1893,14794.35635,3957.02457,25729.01294,2268.38944,432.07418,2700.46362,62485.3097343297,18904.30405083655,0.0,0.0
1894,14794.35635,3957.02457,25729.01294,2268.38944,432.07418,2700.46362,62485.3097343297,18904.30405083655,0.0,0.0
1895,14794.35635,3957.02457,25729.01294,2268.38944,432.07418,2700.46362,62485.3097343297,18904.30405083655,0.0,0.0
1896,14794.35635,3957.02457,25729.01294,2268.38944,432.07418,2700.46362,62485.3097343297,18904.30405083655,0.0,0.0
1897,14794.35635,3957.02457,25729.01294,2268.38944,432.07418,2700.46362,62485.3097343297,18904.30405083655,0.0,0.0
1898,14794.35635,3957.02457,25729.01294,2268.38944,432.07418,2700.46362,62485.3097343297,18904.30405083655,0.0,0.0
1899,14794.35635,3957.02457,25729.01294,2268.38944,432.07418,2700.46362,62485.3097343297,18904.30405083655,0.0,0.0
1900,14794.35635,3957.02457,25729.01294,2268.38944,432.07418,2700.46362,62485.3097343297,18904.30405083655,0.0,0.0
1901,14794.35635,3957.02457,25729.01294,2268.38944,432.07418,2700.46362,62485.3097343297,18904.30405083655,0.0,0.0
1902,14794.35635,3957.02457,25729.01294,2268.38944,432.07418,2700.46362,62485.3097343297,18904.30405083655,0.0,0.0
1903,14794.35635,3957.02457,25729.01294,2268.38944,432.07418,2700.46362,62485.3097343297,18904.30405083655,0.0,0.0
1904,14794.35635,3957.02457,25729.01294,2268.38944,432.07418,2700.46362,62485.3097343297,18904.30405083655,0.0,0.0
1905,14794.35635,3957.02457,25729.01294,2268.38944,432.07418,2700.46362,62485.3097343297,18904.30405083655,0.0,0.0
1906,14794.35635,3957.02457,25729.01294,2268.38944,432.07418,2700.46362,62485.3097343297,18904.30405083655,0.0,0.0
1907,14794.35635,3957.02457,25729.01294,2268.38944,432.07418,2700.46362,62485.3097343297,18904.30405083655,0.0,0.0
1908,14794.35635,3957.02457,25729.01294,2268.38944,432.07418,2700.46362,62485.3097343297,18904.30405083655,0.0,0.0
1909,14794.35635,3957.02457,25729.01294,2268.38944,432.07418,2700.46362,62485.3097343297,18904.30405083655,0.0,0.0
1910,14794.35635,3957.02457,25729.01294,2268.38944,432.07418,2700.46362,62485.3097343297,18904.30405083655,0.0,0.0
1911,14794.35635,3957.02457,25729.01294,2268.38944,432.07418,2700.46362,62485.3097343297,18904.30405083655,0.0,0.0
1912,14794.35635,3957.02457,25729.01294,2268.38944,432.07418,2700.46362,62485.3097343297,18904.30405083655,0.0,0.0
1913,14794.35635,3957.02457,25729.01294,2268.38944,432.07418,2700.46362,62485.3097343297,18904.30405083655,0.0,0.0
1914,14794.35635,3957.02457,25729.01294,2268.38944,432.07418,2700.46362,62485.3097343297,18904.30405083655,0.0,0.0
1915,14794.35635,3957.02457,25729.01294,2268.38944,432.07418,2700.46362,62485.3097343297,18904.30405083655,0.0,0.0
1916,14794.35635,3957.02457,25729.01294,2268.38944,432.07418,2700.46362,62485.3097343297,18904.30405083655,0.0,0.0
1917,14794.35635,3957.02457,25729.01294,2268.38944,432.07418,2700.46362,62485.3097343297,18904.30405083655,0.0,0.0
1918,14794.35635,3957.02457,25729.01294,2268.38944,432.07418,2700.46362,62485.3097343297,18904.30405083655,0.0,0.0
1919,14794.35635,3957.02457,25729.01294,2268.38944,432.07418,2700.46362,62485.3097343297,18904.30405083655,0.0,0.0
1920,14794.35635,3957.02457,25729.01294,2268.38944,432.07418,2700.46362,62485.3097343297,18904.30405083655,0.0,0.0
1921,14794.35635,3957.02457,25729.01294,2268.38944,432.07418,2700.46362,62485.3097343297,18904.30405083655,0.0,0.0
1922,14794.35635,3957.02457,25729.01294,2268.38944,432.07418,2700.46362,62485.3097343297,18904.30405083655,0.0,0.0
1923,14794.35635,3957.02457,25729.01294,2268.38944,432.07418,2700.46362,62485.3097343297,18904.30405083655,0.0,0.0
1924,14794.35635,3957.02457,25729.01294,2268.38944,432.07418,2700.46362,62485.3097343297,18904.30405083655,0.0,0.0
1925,14794.35635,3957.02457,25729.01294,2268.38944,432.07418,2700.46362,62485.3097343297,18904.30405083655,0.0,0.0
1926,14794.35635,3957.02457,25729.01294,2268.38944,432.07418,2700.46362,62485.3097343297,18904.30405083655,0.0,0.0
1927,14794.35635,3957.02457,25729.01294,2268.38944,432.07418,2700.46362,62485.3097343297,18904.30405083655,0.0,0.0
1928,14794.35635,3957.02457,25729.01294,2268.38944,432.07418,2700.46362,62485.3097343297,18904.30405083655,0.0,0.0
1929,14794.35635,3957.02457,25729.01294,2268.38944,432.07418,2700.46362,62485.3097343297,18904.30405083655,0.0,0.0
1930,14794.35635,3957.02457,25729.01294,2268.38944,432.07418,2700.46362,62485.3097343297,18904.30405083655,0.0,0.0
1931,14794.35635,3957.02457,25729.01294,2268.38944,432.07418,2700.46362,62485.3097343297,18904.30405083655,0.0,0.0
1932,14794.35635,3957.02457,25729.01294,2268.38944,432.07418,2700.46362,62485.3097343297,18904.30405083655,0.0,0.0
1933,14794.35635,3957.02457,25729.01294,2268.38944,432.07418,2700.46362,62485.3097343297,18904.30405083655,0.0,0.0
1934,14794.35635,3957.02457,25729.01294,2268.38944,432.07418,2700.46362,62485.3097343297,18904.30405083655,0.0,0.0
1935,14794.35635,3957.02457,25729.01294,2268.38944,432.07418,2700.46362,62485.3097343297,18904.30405083655,0.0,0.0
1936,14794.35635,3957.02457,25729.01294,2268.38944,432.07418,2700.46362,62485.3097343297,18904.30405083655,0.0,0.0
1937,14794.35635,3957.02457,25729.01294,2268.38944,432.07418,2700.46362,62485.3097343297,18904.30405083655,0.0,0.0
1938,14794.35635,3957.02457,25729.01294,2268.38944,432.07418,2700.46362,62485.3097343297,18904.30405083655,0.0,0.0
1939,14794.35635,3957.02457,25729.01294,2268.38944,432.07418,2700.46362,62485.3097343297,18904.30405083655,0.0,0.0
1940,14794.35635,3957.02457,25729.01294,2268.38944,432.07418,2700.46362,62485.3097343297,18904.30405083655,0.0,0.0
1941,14794.35635,3957.02457,25729.01294,2268.38944,432.07418,2700.46362,62485.3097343297,18904.30405083655,0.0,0.0
1942,14794.35635,3957.02457,25729.01294,2268.38944,432.07418,2700.46362,62485.3097343297,18904.30405083655,0.0,0.0
1943,14794.35635,3957.02457,25729.01294,2268.38944,432.07418,2700.46362,62485.3097343297,18904.30405083655,0.0,0.0
1944,14794.35635,3957.02457,25729.01294,2268.38944,432.07418,2700.46362,62485.3097343297,18904.30405083655,0.0,0.0
1945,14794.35635,3957.02457,25729.01294,2268.38944,432.07418,2700.46362,62485.3097343297,18904.30405083655,0.0,0.0
1946,14794.35635,3957.02457,25729.01294,2268.38944,432.07418,2700.46362,62485.3097343297,18904.30405083655,0.0,0.0
1947,14794.35635,3957.02457,25729.01294,2268.38944,432.07418,2700.46362,62485.3097343297,18904.30405083655,0.0,0.0
1948,14794.35635,3957.02457,25729.01294,2268.38944,432.07418,2700.46362,62485.3097343297,18904.30405083655,0.0,0.0
1949,14794.35635,3957.02457,25729.01294,2268.38944,432.07418,2700.46362,62485.3097343297,18904.30405083655,0.0,0.0
1950,14794.35635,3957.02457,25729.01294,2268.38944,432.07418,2700.46362,62485.3097343297,18904.30405083655,0.0,0.0
1951,14794.35635,3957.02457,25729.01294,2268.38944,432.07418,2700.46362,62485.3097343297,18904.30405083655,0.0,0.0
1952,14794.35635,3957.02457,25729.01294,2268.38944,432.07418,2700.46362,62485.3097343297,18904.30405083655,0.0,0.0
1953,14794.35635,3957.02457,25729.01294,2268.38944,432.07418,2700.46362,62485.3097343297,18904.30405083655,0.0,0.0
1954,14794.35635,3957.02457,25729.01294,2268.38944,432.07418,2700.46362,62485.3097343297,18904.30405083655,0.0,0.0
1955,14794.35635,3957.02457,25729.01294,2268.38944,432.07418,2700.46362,62485.3097343297,18904.30405083655,0.0,0.0
1956,14794.35635,3957.02457,25729.01294,2268.38944,432.07418,2700.46362,62485.3097343297,18904.30405083655,0.0,0.0
1957,14794.35635,3957.02457,25729.01294,2268.38944,432.07418,2700.46362,62485.3097343297,18904.30405083655,0.0,0.0
1958,14794.35635,3957.02457,25729.01294,2268.38944,432.07418,2700.46362,62485.3097343297,18904.30405083655,0.0,0.0
1959,14794.35635,3957.02457,25729.01294,2268.38944,432.07418,2700.46362,62485.3097343297,18904.30405083655,0.0,0.0
1960,14794.35635,3957.02457,25729.01294,2268.38944,432.07418,2700.46362,62485.3097343297,18904.30405083655,0.0,0.0
1961,14794.35635,3957.02457,25729.01294,2268.38944,432.07418,2700.46362,62485.3097343297,18904.30405083655,0.0,0.0
1962,14794.35635,3957.02457,25729.01294,2268.38944,432.07418,2700.46362,62485.3097343297,18904.30405083655,0.0,0.0
1963,14794.35635,3957.02457,25729.01294,2268.38944,432.07418,2700.46362,62485.3097343297,18904.30405083655,0.0,0.0
1964,14794.35635,3957.02457,25729.01294,2268.38944,432.07418,2700.46362,62485.3097343297,18904.30405083655,0.0,0.0
1965,14794.35635,3957.02457,25729.01294,2268.38944,432.07418,2700.46362,62485.3097343297,18904.30405083655,0.0,0.0
1966,14794.35635,3957.02457,25729.01294,2268.38944,432.07418,2700.46362,62485.3097343297,18904.30405083655,0.0,0.0
1967,14794.35635,3957.02457,25729.01294,2268.38944,432.07418,2700.46362,62485.3097343297,18904.30405083655,0.0,0.0
1968,14794.35635,3957.02457,25729.01294,2268.38944,432.07418,2700.46362,62485.3097343297,18904.30405083655,0.0,0.0
1969,14794.35635,3957.02457,25729.01294,2268.38944,432.07418,2700.46362,62485.3097343297,18904.30405083655,0.0,0.0
1970,14794.35635,3957.02457,25729.01294,2268.38944,432.07418,2700.46362,62485.3097343297,18904.30405083655,0.0,0.0
1971,14794.35635,3957.02457,25729.01294,2268.38944,432.07418,2700.46362,62485.3097343297,18904.30405083655,0.0,0.0
1972,14794.35635,3957.02457,25729.01294,2268.38944,432.07418,2700.46362,62485.3097343297,18904.30405083655,0.0,0.0
1973,14794.35635,3957.02457,25729.01294,2268.38944,432.07418,2700.46362,62485.3097343297,18904.30405083655,0.0,0.0
1974,14794.35635,3957.02457,25729.01294,2268.38944,432.07418,2700.46362,62485.3097343297,18904.30405083655,0.0,0.0
1975,14794.35635,3957.02457,25729.01294,2268.38944,432.07418,2700.46362,62485.3097343297,18904.30405083655,0.0,0.0
1976,14794.35635,3957.02457,25729.01294,2268.38944,432.07418,2700.46362,62485.3097343297,18904.30405083655,0.0,0.0
1977,14794.35635,3957.02457,25729.01294,2268.38944,432.07418,2700.46362,62485.3097343297,18904.30405083655,0.0,0.0
1978,14794.35635,3957.02457,25729.01294,2268.38944,432.07418,2700.46362,62485.3097343297,18904.30405083655,0.0,0.0
1979,14794.35635,3957.02457,25729.01294,2268.38944,432.07418,2700.46362,62485.3097343297,18904.30405083655,0.0,0.0
1980,14794.35635,3957.02457,25729.01294,2268.38944,432.07418,2700.46362,62485.3097343297,18904.30405083655,0.0,0.0
1981,14794.35635,3957.02457,25729.01294,2268.38944,432.07418,2700.46362,62485.3097343297,18904.30405083655,0.0,0.0
1982,14794.35635,3957.02457,25729.01294,2268.38944,432.07418,2700.46362,62485.3097343297,18904.30405083655,0.0,0.0
1983,14794.35635,3957.02457,25729.01294,2268.38944,432.07418,2700.46362,62485.3097343297,18904.30405083655,0.0,0.0
1984,14794.35635,3957.02457,25729.01294,2268.38944,432.07418,2700.46362,62485.3097343297,18904.30405083655,0.0,0.0
1985,14794.35635,3957.02457,25729.01294,2268.38944,432.07418,2700.46362,62485.3097343297,18904.30405083655,0.0,0.0
1986,14794.35635,3957.02457,25729.01294,2268.38944,432.07418,2700.46362,62485.3097343297,18904.30405083655,0.0,0.0
1987,14794.35635,3957.02457,25729.01294,2268.38944,432.07418,2700.46362,62485.3097343297,18904.30405083655,0.0,0.0
1988,14794.35635,3957.02457,25729.01294,2268.38944,432.07418,2700.46362,62485.3097343297,18904.30405083655,0.0,0.0
1989,14794.35635,3957.02457,25729.01294,2268.38944,432.07418,2700.46362,62485.3097343297,18904.30405083655,0.0,0.0
1990,14794.35635,3957.02457,25729.01294,2268.38944,432.07418,2700.46362,62485.3097343297,18904.30405083655,0.0,0.0
1991,14794.35635,3957.02457,25729.01294,2268.38944,432.07418,2700.46362,62485.3097343297,18904.30405083655,0.0,0.0
1992,14794.35635,3957.02457,25729.01294,2268.38944,432.07418,2700.46362,62485.3097343297,18904.30405083655,0.0,0.0
1993,14794.35635,3957.02457,25729.01294,2268.38944,432.07418,2700.46362,62485.3097343297,18904.30405083655,0.0,0.0
1994,14794.35635,3957.02457,25729.01294,2268.38944,432.07418,2700.46362,62485.3097343297,18904.30405083655,0.0,0.0
1995,14794.35635,3957.02457,25729.01294,2268.38944,432.07418,2700.46362,62485.3097343297,18904.30405083655,0.0,0.0
1996,14794.35635,3957.02457,25729.01294,2268.38944,432.07418,2700.46362,62485.3097343297,18904.30405083655,0.0,0.0
1997,14794.35635,3957.02457,25729.01294,2268.38944,432.07418,2700.46362,62485.3097343297,18904.30405083655,0.0,0.0
1998,14794.35635,3957.02457,25729.01294,2268.38944,432.07418,2700.46362,62485.3097343297,18904.30405083655,0.0,0.0
1999,14794.35635,3957.02457,25729.01294,2268.38944,432.07418,2700.46362,62485.3097343297,18904.30405083655,0.0,0.0
2000,14794.35635,3957.02457,25729.01294,2268.38944,432.07418,2700.46362,62485.3097343297,18904.30405083655,0.0,0.0
2001,14794.35635,3957.02457,25729.01294,2268.38944,432.07418,2700.46362,62485.3097343297,18904.30405083655,0.0,0.0
2002,14794.35635,3957.02457,25729.01294,2268.38944,432.07418,2700.46362,62485.3097343297,18904.30405083655,0.0,0.0
2003,14794.35635,3957.02457,25729.01294,2268.38944,432.07418,2700.46362,62485.3097343297,18904.30405083655,0.0,0.0
2004,14794.35635,3957.02457,25729.01294,2268.38944,432.07418,2700.46362,62485.3097343297,18904.30405083655,0.0,0.0
2005,14794.35635,3957.02457,25729.01294,2268.38944,432.07418,2700.46362,62485.3097343297,18904.30405083655,0.0,0.0
2006,14794.35635,3957.02457,25729.01294,2268.38944,432.07418,2700.46362,62485.3097343297,18904.30405083655,0.0,0.0
2007,14794.35635,3957.02457,25729.01294,2268.38944,432.07418,2700.46362,62485.3097343297,18904.30405083655,0.0,0.0
2008,14794.35635,3957.02457,25729.01294,2268.38944,432.07418,2700.46362,62485.3097343297,18904.30405083655,0.0,0.0
2009,14794.35635,3957.02457,25729.01294,2268.38944,432.07418,2700.46362,62485.3097343297,18904.30405083655,0.0,0.0
2010,14794.35635,3957.02457,25729.01294,2268.38944,432.07418,2700.46362,62485.3097343297,18904.30405083655,0.0,0.0
2011,14794.35635,3957.02457,25729.01294,2268.38944,432.07418,2700.46362,62485.3097343297,18904.30405083655,0.0,0.0
2012,14794.35635,3957.02457,25729.01294,2268.38944,432.07418,2700.46362,62485.3097343297,18904.30405083655,0.0,0.0
2013,14794.35635,3957.02457,25729.01294,2268.38944,432.07418,2700.46362,62485.3097343297,18904.30405083655,0.0,0.0
2014,14794.35635,3957.02457,25729.01294,2268.38944,432.07418,2700.46362,62485.3097343297,18904.30405083655,0.0,0.0
2015,14794.35635,3957.02457,25729.01294,2268.38944,432.07418,2700.46362,62485.3097343297,18904.30405083655,0.0,0.0
2016,14794.35635,3957.02457,25729.01294,2268.38944,432.07418,2700.46362,62485.3097343297,18904.30405083655,0.0,0.0
