Time_Index,natgas_price_BR,natgas_LNG_price_BR,coal_price_BR,coal_price_imported,uranium_price_BR,gasoline_fossil_price_BR,diesel_fossil_price_BR,jetfuel_fossil_price_BR,aviationgasoline_price_BR,heavyfueloil_price_BR
1,37.53,129.11,10.88,21.76,8.3,54.62,69.55,81.16,1,1
2,37.53,129.11,10.88,21.76,8.3,54.62,69.55,81.16,1,1
3,37.53,129.11,10.88,21.76,8.3,54.62,69.55,81.16,1,1
4,37.53,129.11,10.88,21.76,8.3,54.62,69.55,81.16,1,1
5,37.53,129.11,10.88,21.76,8.3,54.62,69.55,81.16,1,1
6,37.53,129.11,10.88,21.76,8.3,54.62,69.55,81.16,1,1
7,37.53,129.11,10.88,21.76,8.3,54.62,69.55,81.16,1,1
8,37.53,129.11,10.88,21.76,8.3,54.62,69.55,81.16,1,1
9,37.53,129.11,10.88,21.76,8.3,54.62,69.55,81.16,1,1
10,37.53,129.11,10.88,21.76,8.3,54.62,69.55,81.16,1,1
11,37.53,129.11,10.88,21.76,8.3,54.62,69.55,81.16,1,1
12,37.53,129.11,10.88,21.76,8.3,54.62,69.55,81.16,1,1
13,37.53,129.11,10.88,21.76,8.3,54.62,69.55,81.16,1,1
14,37.53,129.11,10.88,21.76,8.3,54.62,69.55,81.16,1,1
15,37.53,129.11,10.88,21.76,8.3,54.62,69.55,81.16,1,1
16,37.53,129.11,10.88,21.76,8.3,54.62,69.55,81.16,1,1
17,37.53,129.11,10.88,21.76,8.3,54.62,69.55,81.16,1,1
18,37.53,129.11,10.88,21.76,8.3,54.62,69.55,81.16,1,1
19,37.53,129.11,10.88,21.76,8.3,54.62,69.55,81.16,1,1
20,37.53,129.11,10.88,21.76,8.3,54.62,69.55,81.16,1,1
21,37.53,129.11,10.88,21.76,8.3,54.62,69.55,81.16,1,1
22,37.53,129.11,10.88,21.76,8.3,54.62,69.55,81.16,1,1
23,37.53,129.11,10.88,21.76,8.3,54.62,69.55,81.16,1,1
24,37.53,129.11,10.88,21.76,8.3,54.62,69.55,81.16,1,1
25,37.53,129.11,10.88,21.76,8.3,54.62,69.55,81.16,1,1
26,37.53,129.11,10.88,21.76,8.3,54.62,69.55,81.16,1,1
27,37.53,129.11,10.88,21.76,8.3,54.62,69.55,81.16,1,1
28,37.53,129.11,10.88,21.76,8.3,54.62,69.55,81.16,1,1
29,37.53,129.11,10.88,21.76,8.3,54.62,69.55,81.16,1,1
30,37.53,129.11,10.88,21.76,8.3,54.62,69.55,81.16,1,1
31,37.53,129.11,10.88,21.76,8.3,54.62,69.55,81.16,1,1
32,37.53,129.11,10.88,21.76,8.3,54.62,69.55,81.16,1,1
33,37.53,129.11,10.88,21.76,8.3,54.62,69.55,81.16,1,1
34,37.53,129.11,10.88,21.76,8.3,54.62,69.55,81.16,1,1
35,37.53,129.11,10.88,21.76,8.3,54.62,69.55,81.16,1,1
36,37.53,129.11,10.88,21.76,8.3,54.62,69.55,81.16,1,1
37,37.53,129.11,10.88,21.76,8.3,54.62,69.55,81.16,1,1
38,37.53,129.11,10.88,21.76,8.3,54.62,69.55,81.16,1,1
39,37.53,129.11,10.88,21.76,8.3,54.62,69.55,81.16,1,1
40,37.53,129.11,10.88,21.76,8.3,54.62,69.55,81.16,1,1
41,37.53,129.11,10.88,21.76,8.3,54.62,69.55,81.16,1,1
42,37.53,129.11,10.88,21.76,8.3,54.62,69.55,81.16,1,1
43,37.53,129.11,10.88,21.76,8.3,54.62,69.55,81.16,1,1
44,37.53,129.11,10.88,21.76,8.3,54.62,69.55,81.16,1,1
45,37.53,129.11,10.88,21.76,8.3,54.62,69.55,81.16,1,1
46,37.53,129.11,10.88,21.76,8.3,54.62,69.55,81.16,1,1
47,37.53,129.11,10.88,21.76,8.3,54.62,69.55,81.16,1,1
48,37.53,129.11,10.88,21.76,8.3,54.62,69.55,81.16,1,1
49,37.53,129.11,10.88,21.76,8.3,54.62,69.55,81.16,1,1
50,37.53,129.11,10.88,21.76,8.3,54.62,69.55,81.16,1,1
51,37.53,129.11,10.88,21.76,8.3,54.62,69.55,81.16,1,1
52,37.53,129.11,10.88,21.76,8.3,54.62,69.55,81.16,1,1
53,37.53,129.11,10.88,21.76,8.3,54.62,69.55,81.16,1,1
54,37.53,129.11,10.88,21.76,8.3,54.62,69.55,81.16,1,1
55,37.53,129.11,10.88,21.76,8.3,54.62,69.55,81.16,1,1
56,37.53,129.11,10.88,21.76,8.3,54.62,69.55,81.16,1,1
57,37.53,129.11,10.88,21.76,8.3,54.62,69.55,81.16,1,1
58,37.53,129.11,10.88,21.76,8.3,54.62,69.55,81.16,1,1
59,37.53,129.11,10.88,21.76,8.3,54.62,69.55,81.16,1,1
60,37.53,129.11,10.88,21.76,8.3,54.62,69.55,81.16,1,1
61,37.53,129.11,10.88,21.76,8.3,54.62,69.55,81.16,1,1
62,37.53,129.11,10.88,21.76,8.3,54.62,69.55,81.16,1,1
63,37.53,129.11,10.88,21.76,8.3,54.62,69.55,81.16,1,1
64,37.53,129.11,10.88,21.76,8.3,54.62,69.55,81.16,1,1
65,37.53,129.11,10.88,21.76,8.3,54.62,69.55,81.16,1,1
66,37.53,129.11,10.88,21.76,8.3,54.62,69.55,81.16,1,1
67,37.53,129.11,10.88,21.76,8.3,54.62,69.55,81.16,1,1
68,37.53,129.11,10.88,21.76,8.3,54.62,69.55,81.16,1,1
69,37.53,129.11,10.88,21.76,8.3,54.62,69.55,81.16,1,1
70,37.53,129.11,10.88,21.76,8.3,54.62,69.55,81.16,1,1
71,37.53,129.11,10.88,21.76,8.3,54.62,69.55,81.16,1,1
72,37.53,129.11,10.88,21.76,8.3,54.62,69.55,81.16,1,1
73,37.53,129.11,10.88,21.76,8.3,54.62,69.55,81.16,1,1
74,37.53,129.11,10.88,21.76,8.3,54.62,69.55,81.16,1,1
75,37.53,129.11,10.88,21.76,8.3,54.62,69.55,81.16,1,1
76,37.53,129.11,10.88,21.76,8.3,54.62,69.55,81.16,1,1
77,37.53,129.11,10.88,21.76,8.3,54.62,69.55,81.16,1,1
78,37.53,129.11,10.88,21.76,8.3,54.62,69.55,81.16,1,1
79,37.53,129.11,10.88,21.76,8.3,54.62,69.55,81.16,1,1
80,37.53,129.11,10.88,21.76,8.3,54.62,69.55,81.16,1,1
81,37.53,129.11,10.88,21.76,8.3,54.62,69.55,81.16,1,1
82,37.53,129.11,10.88,21.76,8.3,54.62,69.55,81.16,1,1
83,37.53,129.11,10.88,21.76,8.3,54.62,69.55,81.16,1,1
84,37.53,129.11,10.88,21.76,8.3,54.62,69.55,81.16,1,1
85,37.53,129.11,10.88,21.76,8.3,54.62,69.55,81.16,1,1
86,37.53,129.11,10.88,21.76,8.3,54.62,69.55,81.16,1,1
87,37.53,129.11,10.88,21.76,8.3,54.62,69.55,81.16,1,1
88,37.53,129.11,10.88,21.76,8.3,54.62,69.55,81.16,1,1
89,37.53,129.11,10.88,21.76,8.3,54.62,69.55,81.16,1,1
90,37.53,129.11,10.88,21.76,8.3,54.62,69.55,81.16,1,1
91,37.53,129.11,10.88,21.76,8.3,54.62,69.55,81.16,1,1
92,37.53,129.11,10.88,21.76,8.3,54.62,69.55,81.16,1,1
93,37.53,129.11,10.88,21.76,8.3,54.62,69.55,81.16,1,1
94,37.53,129.11,10.88,21.76,8.3,54.62,69.55,81.16,1,1
95,37.53,129.11,10.88,21.76,8.3,54.62,69.55,81.16,1,1
96,37.53,129.11,10.88,21.76,8.3,54.62,69.55,81.16,1,1
97,37.53,129.11,10.88,21.76,8.3,54.62,69.55,81.16,1,1
98,37.53,129.11,10.88,21.76,8.3,54.62,69.55,81.16,1,1
99,37.53,129.11,10.88,21.76,8.3,54.62,69.55,81.16,1,1
100,37.53,129.11,10.88,21.76,8.3,54.62,69.55,81.16,1,1
101,37.53,129.11,10.88,21.76,8.3,54.62,69.55,81.16,1,1
102,37.53,129.11,10.88,21.76,8.3,54.62,69.55,81.16,1,1
103,37.53,129.11,10.88,21.76,8.3,54.62,69.55,81.16,1,1
104,37.53,129.11,10.88,21.76,8.3,54.62,69.55,81.16,1,1
105,37.53,129.11,10.88,21.76,8.3,54.62,69.55,81.16,1,1
106,37.53,129.11,10.88,21.76,8.3,54.62,69.55,81.16,1,1
107,37.53,129.11,10.88,21.76,8.3,54.62,69.55,81.16,1,1
108,37.53,129.11,10.88,21.76,8.3,54.62,69.55,81.16,1,1
109,37.53,129.11,10.88,21.76,8.3,54.62,69.55,81.16,1,1
110,37.53,129.11,10.88,21.76,8.3,54.62,69.55,81.16,1,1
111,37.53,129.11,10.88,21.76,8.3,54.62,69.55,81.16,1,1
112,37.53,129.11,10.88,21.76,8.3,54.62,69.55,81.16,1,1
113,37.53,129.11,10.88,21.76,8.3,54.62,69.55,81.16,1,1
114,37.53,129.11,10.88,21.76,8.3,54.62,69.55,81.16,1,1
115,37.53,129.11,10.88,21.76,8.3,54.62,69.55,81.16,1,1
116,37.53,129.11,10.88,21.76,8.3,54.62,69.55,81.16,1,1
117,37.53,129.11,10.88,21.76,8.3,54.62,69.55,81.16,1,1
118,37.53,129.11,10.88,21.76,8.3,54.62,69.55,81.16,1,1
119,37.53,129.11,10.88,21.76,8.3,54.62,69.55,81.16,1,1
120,37.53,129.11,10.88,21.76,8.3,54.62,69.55,81.16,1,1
121,37.53,129.11,10.88,21.76,8.3,54.62,69.55,81.16,1,1
122,37.53,129.11,10.88,21.76,8.3,54.62,69.55,81.16,1,1
123,37.53,129.11,10.88,21.76,8.3,54.62,69.55,81.16,1,1
124,37.53,129.11,10.88,21.76,8.3,54.62,69.55,81.16,1,1
125,37.53,129.11,10.88,21.76,8.3,54.62,69.55,81.16,1,1
126,37.53,129.11,10.88,21.76,8.3,54.62,69.55,81.16,1,1
127,37.53,129.11,10.88,21.76,8.3,54.62,69.55,81.16,1,1
128,37.53,129.11,10.88,21.76,8.3,54.62,69.55,81.16,1,1
129,37.53,129.11,10.88,21.76,8.3,54.62,69.55,81.16,1,1
130,37.53,129.11,10.88,21.76,8.3,54.62,69.55,81.16,1,1
131,37.53,129.11,10.88,21.76,8.3,54.62,69.55,81.16,1,1
132,37.53,129.11,10.88,21.76,8.3,54.62,69.55,81.16,1,1
133,37.53,129.11,10.88,21.76,8.3,54.62,69.55,81.16,1,1
134,37.53,129.11,10.88,21.76,8.3,54.62,69.55,81.16,1,1
135,37.53,129.11,10.88,21.76,8.3,54.62,69.55,81.16,1,1
136,37.53,129.11,10.88,21.76,8.3,54.62,69.55,81.16,1,1
137,37.53,129.11,10.88,21.76,8.3,54.62,69.55,81.16,1,1
138,37.53,129.11,10.88,21.76,8.3,54.62,69.55,81.16,1,1
139,37.53,129.11,10.88,21.76,8.3,54.62,69.55,81.16,1,1
140,37.53,129.11,10.88,21.76,8.3,54.62,69.55,81.16,1,1
141,37.53,129.11,10.88,21.76,8.3,54.62,69.55,81.16,1,1
142,37.53,129.11,10.88,21.76,8.3,54.62,69.55,81.16,1,1
143,37.53,129.11,10.88,21.76,8.3,54.62,69.55,81.16,1,1
144,37.53,129.11,10.88,21.76,8.3,54.62,69.55,81.16,1,1
145,37.53,129.11,10.88,21.76,8.3,54.62,69.55,81.16,1,1
146,37.53,129.11,10.88,21.76,8.3,54.62,69.55,81.16,1,1
147,37.53,129.11,10.88,21.76,8.3,54.62,69.55,81.16,1,1
148,37.53,129.11,10.88,21.76,8.3,54.62,69.55,81.16,1,1
149,37.53,129.11,10.88,21.76,8.3,54.62,69.55,81.16,1,1
150,37.53,129.11,10.88,21.76,8.3,54.62,69.55,81.16,1,1
151,37.53,129.11,10.88,21.76,8.3,54.62,69.55,81.16,1,1
152,37.53,129.11,10.88,21.76,8.3,54.62,69.55,81.16,1,1
153,37.53,129.11,10.88,21.76,8.3,54.62,69.55,81.16,1,1
154,37.53,129.11,10.88,21.76,8.3,54.62,69.55,81.16,1,1
155,37.53,129.11,10.88,21.76,8.3,54.62,69.55,81.16,1,1
156,37.53,129.11,10.88,21.76,8.3,54.62,69.55,81.16,1,1
157,37.53,129.11,10.88,21.76,8.3,54.62,69.55,81.16,1,1
158,37.53,129.11,10.88,21.76,8.3,54.62,69.55,81.16,1,1
159,37.53,129.11,10.88,21.76,8.3,54.62,69.55,81.16,1,1
160,37.53,129.11,10.88,21.76,8.3,54.62,69.55,81.16,1,1
161,37.53,129.11,10.88,21.76,8.3,54.62,69.55,81.16,1,1
162,37.53,129.11,10.88,21.76,8.3,54.62,69.55,81.16,1,1
163,37.53,129.11,10.88,21.76,8.3,54.62,69.55,81.16,1,1
164,37.53,129.11,10.88,21.76,8.3,54.62,69.55,81.16,1,1
165,37.53,129.11,10.88,21.76,8.3,54.62,69.55,81.16,1,1
166,37.53,129.11,10.88,21.76,8.3,54.62,69.55,81.16,1,1
167,37.53,129.11,10.88,21.76,8.3,54.62,69.55,81.16,1,1
168,37.53,129.11,10.88,21.76,8.3,54.62,69.55,81.16,1,1
169,37.53,129.11,10.88,21.76,8.3,54.62,69.55,81.16,1,1
170,37.53,129.11,10.88,21.76,8.3,54.62,69.55,81.16,1,1
171,37.53,129.11,10.88,21.76,8.3,54.62,69.55,81.16,1,1
172,37.53,129.11,10.88,21.76,8.3,54.62,69.55,81.16,1,1
173,37.53,129.11,10.88,21.76,8.3,54.62,69.55,81.16,1,1
174,37.53,129.11,10.88,21.76,8.3,54.62,69.55,81.16,1,1
175,37.53,129.11,10.88,21.76,8.3,54.62,69.55,81.16,1,1
176,37.53,129.11,10.88,21.76,8.3,54.62,69.55,81.16,1,1
177,37.53,129.11,10.88,21.76,8.3,54.62,69.55,81.16,1,1
178,37.53,129.11,10.88,21.76,8.3,54.62,69.55,81.16,1,1
179,37.53,129.11,10.88,21.76,8.3,54.62,69.55,81.16,1,1
180,37.53,129.11,10.88,21.76,8.3,54.62,69.55,81.16,1,1
181,37.53,129.11,10.88,21.76,8.3,54.62,69.55,81.16,1,1
182,37.53,129.11,10.88,21.76,8.3,54.62,69.55,81.16,1,1
183,37.53,129.11,10.88,21.76,8.3,54.62,69.55,81.16,1,1
184,37.53,129.11,10.88,21.76,8.3,54.62,69.55,81.16,1,1
185,37.53,129.11,10.88,21.76,8.3,54.62,69.55,81.16,1,1
186,37.53,129.11,10.88,21.76,8.3,54.62,69.55,81.16,1,1
187,37.53,129.11,10.88,21.76,8.3,54.62,69.55,81.16,1,1
188,37.53,129.11,10.88,21.76,8.3,54.62,69.55,81.16,1,1
189,37.53,129.11,10.88,21.76,8.3,54.62,69.55,81.16,1,1
190,37.53,129.11,10.88,21.76,8.3,54.62,69.55,81.16,1,1
191,37.53,129.11,10.88,21.76,8.3,54.62,69.55,81.16,1,1
192,37.53,129.11,10.88,21.76,8.3,54.62,69.55,81.16,1,1
193,37.53,129.11,10.88,21.76,8.3,54.62,69.55,81.16,1,1
194,37.53,129.11,10.88,21.76,8.3,54.62,69.55,81.16,1,1
195,37.53,129.11,10.88,21.76,8.3,54.62,69.55,81.16,1,1
196,37.53,129.11,10.88,21.76,8.3,54.62,69.55,81.16,1,1
197,37.53,129.11,10.88,21.76,8.3,54.62,69.55,81.16,1,1
198,37.53,129.11,10.88,21.76,8.3,54.62,69.55,81.16,1,1
199,37.53,129.11,10.88,21.76,8.3,54.62,69.55,81.16,1,1
200,37.53,129.11,10.88,21.76,8.3,54.62,69.55,81.16,1,1
201,37.53,129.11,10.88,21.76,8.3,54.62,69.55,81.16,1,1
202,37.53,129.11,10.88,21.76,8.3,54.62,69.55,81.16,1,1
203,37.53,129.11,10.88,21.76,8.3,54.62,69.55,81.16,1,1
204,37.53,129.11,10.88,21.76,8.3,54.62,69.55,81.16,1,1
205,37.53,129.11,10.88,21.76,8.3,54.62,69.55,81.16,1,1
206,37.53,129.11,10.88,21.76,8.3,54.62,69.55,81.16,1,1
207,37.53,129.11,10.88,21.76,8.3,54.62,69.55,81.16,1,1
208,37.53,129.11,10.88,21.76,8.3,54.62,69.55,81.16,1,1
209,37.53,129.11,10.88,21.76,8.3,54.62,69.55,81.16,1,1
210,37.53,129.11,10.88,21.76,8.3,54.62,69.55,81.16,1,1
211,37.53,129.11,10.88,21.76,8.3,54.62,69.55,81.16,1,1
212,37.53,129.11,10.88,21.76,8.3,54.62,69.55,81.16,1,1
213,37.53,129.11,10.88,21.76,8.3,54.62,69.55,81.16,1,1
214,37.53,129.11,10.88,21.76,8.3,54.62,69.55,81.16,1,1
215,37.53,129.11,10.88,21.76,8.3,54.62,69.55,81.16,1,1
216,37.53,129.11,10.88,21.76,8.3,54.62,69.55,81.16,1,1
217,37.53,129.11,10.88,21.76,8.3,54.62,69.55,81.16,1,1
218,37.53,129.11,10.88,21.76,8.3,54.62,69.55,81.16,1,1
219,37.53,129.11,10.88,21.76,8.3,54.62,69.55,81.16,1,1
220,37.53,129.11,10.88,21.76,8.3,54.62,69.55,81.16,1,1
221,37.53,129.11,10.88,21.76,8.3,54.62,69.55,81.16,1,1
222,37.53,129.11,10.88,21.76,8.3,54.62,69.55,81.16,1,1
223,37.53,129.11,10.88,21.76,8.3,54.62,69.55,81.16,1,1
224,37.53,129.11,10.88,21.76,8.3,54.62,69.55,81.16,1,1
225,37.53,129.11,10.88,21.76,8.3,54.62,69.55,81.16,1,1
226,37.53,129.11,10.88,21.76,8.3,54.62,69.55,81.16,1,1
227,37.53,129.11,10.88,21.76,8.3,54.62,69.55,81.16,1,1
228,37.53,129.11,10.88,21.76,8.3,54.62,69.55,81.16,1,1
229,37.53,129.11,10.88,21.76,8.3,54.62,69.55,81.16,1,1
230,37.53,129.11,10.88,21.76,8.3,54.62,69.55,81.16,1,1
231,37.53,129.11,10.88,21.76,8.3,54.62,69.55,81.16,1,1
232,37.53,129.11,10.88,21.76,8.3,54.62,69.55,81.16,1,1
233,37.53,129.11,10.88,21.76,8.3,54.62,69.55,81.16,1,1
234,37.53,129.11,10.88,21.76,8.3,54.62,69.55,81.16,1,1
235,37.53,129.11,10.88,21.76,8.3,54.62,69.55,81.16,1,1
236,37.53,129.11,10.88,21.76,8.3,54.62,69.55,81.16,1,1
237,37.53,129.11,10.88,21.76,8.3,54.62,69.55,81.16,1,1
238,37.53,129.11,10.88,21.76,8.3,54.62,69.55,81.16,1,1
239,37.53,129.11,10.88,21.76,8.3,54.62,69.55,81.16,1,1
240,37.53,129.11,10.88,21.76,8.3,54.62,69.55,81.16,1,1
241,37.53,129.11,10.88,21.76,8.3,54.62,69.55,81.16,1,1
242,37.53,129.11,10.88,21.76,8.3,54.62,69.55,81.16,1,1
243,37.53,129.11,10.88,21.76,8.3,54.62,69.55,81.16,1,1
244,37.53,129.11,10.88,21.76,8.3,54.62,69.55,81.16,1,1
245,37.53,129.11,10.88,21.76,8.3,54.62,69.55,81.16,1,1
246,37.53,129.11,10.88,21.76,8.3,54.62,69.55,81.16,1,1
247,37.53,129.11,10.88,21.76,8.3,54.62,69.55,81.16,1,1
248,37.53,129.11,10.88,21.76,8.3,54.62,69.55,81.16,1,1
249,37.53,129.11,10.88,21.76,8.3,54.62,69.55,81.16,1,1
250,37.53,129.11,10.88,21.76,8.3,54.62,69.55,81.16,1,1
251,37.53,129.11,10.88,21.76,8.3,54.62,69.55,81.16,1,1
252,37.53,129.11,10.88,21.76,8.3,54.62,69.55,81.16,1,1
253,37.53,129.11,10.88,21.76,8.3,54.62,69.55,81.16,1,1
254,37.53,129.11,10.88,21.76,8.3,54.62,69.55,81.16,1,1
255,37.53,129.11,10.88,21.76,8.3,54.62,69.55,81.16,1,1
256,37.53,129.11,10.88,21.76,8.3,54.62,69.55,81.16,1,1
257,37.53,129.11,10.88,21.76,8.3,54.62,69.55,81.16,1,1
258,37.53,129.11,10.88,21.76,8.3,54.62,69.55,81.16,1,1
259,37.53,129.11,10.88,21.76,8.3,54.62,69.55,81.16,1,1
260,37.53,129.11,10.88,21.76,8.3,54.62,69.55,81.16,1,1
261,37.53,129.11,10.88,21.76,8.3,54.62,69.55,81.16,1,1
262,37.53,129.11,10.88,21.76,8.3,54.62,69.55,81.16,1,1
263,37.53,129.11,10.88,21.76,8.3,54.62,69.55,81.16,1,1
264,37.53,129.11,10.88,21.76,8.3,54.62,69.55,81.16,1,1
265,37.53,129.11,10.88,21.76,8.3,54.62,69.55,81.16,1,1
266,37.53,129.11,10.88,21.76,8.3,54.62,69.55,81.16,1,1
267,37.53,129.11,10.88,21.76,8.3,54.62,69.55,81.16,1,1
268,37.53,129.11,10.88,21.76,8.3,54.62,69.55,81.16,1,1
269,37.53,129.11,10.88,21.76,8.3,54.62,69.55,81.16,1,1
270,37.53,129.11,10.88,21.76,8.3,54.62,69.55,81.16,1,1
271,37.53,129.11,10.88,21.76,8.3,54.62,69.55,81.16,1,1
272,37.53,129.11,10.88,21.76,8.3,54.62,69.55,81.16,1,1
273,37.53,129.11,10.88,21.76,8.3,54.62,69.55,81.16,1,1
274,37.53,129.11,10.88,21.76,8.3,54.62,69.55,81.16,1,1
275,37.53,129.11,10.88,21.76,8.3,54.62,69.55,81.16,1,1
276,37.53,129.11,10.88,21.76,8.3,54.62,69.55,81.16,1,1
277,37.53,129.11,10.88,21.76,8.3,54.62,69.55,81.16,1,1
278,37.53,129.11,10.88,21.76,8.3,54.62,69.55,81.16,1,1
279,37.53,129.11,10.88,21.76,8.3,54.62,69.55,81.16,1,1
280,37.53,129.11,10.88,21.76,8.3,54.62,69.55,81.16,1,1
281,37.53,129.11,10.88,21.76,8.3,54.62,69.55,81.16,1,1
282,37.53,129.11,10.88,21.76,8.3,54.62,69.55,81.16,1,1
283,37.53,129.11,10.88,21.76,8.3,54.62,69.55,81.16,1,1
284,37.53,129.11,10.88,21.76,8.3,54.62,69.55,81.16,1,1
285,37.53,129.11,10.88,21.76,8.3,54.62,69.55,81.16,1,1
286,37.53,129.11,10.88,21.76,8.3,54.62,69.55,81.16,1,1
287,37.53,129.11,10.88,21.76,8.3,54.62,69.55,81.16,1,1
288,37.53,129.11,10.88,21.76,8.3,54.62,69.55,81.16,1,1
289,37.53,129.11,10.88,21.76,8.3,54.62,69.55,81.16,1,1
290,37.53,129.11,10.88,21.76,8.3,54.62,69.55,81.16,1,1
291,37.53,129.11,10.88,21.76,8.3,54.62,69.55,81.16,1,1
292,37.53,129.11,10.88,21.76,8.3,54.62,69.55,81.16,1,1
293,37.53,129.11,10.88,21.76,8.3,54.62,69.55,81.16,1,1
294,37.53,129.11,10.88,21.76,8.3,54.62,69.55,81.16,1,1
295,37.53,129.11,10.88,21.76,8.3,54.62,69.55,81.16,1,1
296,37.53,129.11,10.88,21.76,8.3,54.62,69.55,81.16,1,1
297,37.53,129.11,10.88,21.76,8.3,54.62,69.55,81.16,1,1
298,37.53,129.11,10.88,21.76,8.3,54.62,69.55,81.16,1,1
299,37.53,129.11,10.88,21.76,8.3,54.62,69.55,81.16,1,1
300,37.53,129.11,10.88,21.76,8.3,54.62,69.55,81.16,1,1
301,37.53,129.11,10.88,21.76,8.3,54.62,69.55,81.16,1,1
302,37.53,129.11,10.88,21.76,8.3,54.62,69.55,81.16,1,1
303,37.53,129.11,10.88,21.76,8.3,54.62,69.55,81.16,1,1
304,37.53,129.11,10.88,21.76,8.3,54.62,69.55,81.16,1,1
305,37.53,129.11,10.88,21.76,8.3,54.62,69.55,81.16,1,1
306,37.53,129.11,10.88,21.76,8.3,54.62,69.55,81.16,1,1
307,37.53,129.11,10.88,21.76,8.3,54.62,69.55,81.16,1,1
308,37.53,129.11,10.88,21.76,8.3,54.62,69.55,81.16,1,1
309,37.53,129.11,10.88,21.76,8.3,54.62,69.55,81.16,1,1
310,37.53,129.11,10.88,21.76,8.3,54.62,69.55,81.16,1,1
311,37.53,129.11,10.88,21.76,8.3,54.62,69.55,81.16,1,1
312,37.53,129.11,10.88,21.76,8.3,54.62,69.55,81.16,1,1
313,37.53,129.11,10.88,21.76,8.3,54.62,69.55,81.16,1,1
314,37.53,129.11,10.88,21.76,8.3,54.62,69.55,81.16,1,1
315,37.53,129.11,10.88,21.76,8.3,54.62,69.55,81.16,1,1
316,37.53,129.11,10.88,21.76,8.3,54.62,69.55,81.16,1,1
317,37.53,129.11,10.88,21.76,8.3,54.62,69.55,81.16,1,1
318,37.53,129.11,10.88,21.76,8.3,54.62,69.55,81.16,1,1
319,37.53,129.11,10.88,21.76,8.3,54.62,69.55,81.16,1,1
320,37.53,129.11,10.88,21.76,8.3,54.62,69.55,81.16,1,1
321,37.53,129.11,10.88,21.76,8.3,54.62,69.55,81.16,1,1
322,37.53,129.11,10.88,21.76,8.3,54.62,69.55,81.16,1,1
323,37.53,129.11,10.88,21.76,8.3,54.62,69.55,81.16,1,1
324,37.53,129.11,10.88,21.76,8.3,54.62,69.55,81.16,1,1
325,37.53,129.11,10.88,21.76,8.3,54.62,69.55,81.16,1,1
326,37.53,129.11,10.88,21.76,8.3,54.62,69.55,81.16,1,1
327,37.53,129.11,10.88,21.76,8.3,54.62,69.55,81.16,1,1
328,37.53,129.11,10.88,21.76,8.3,54.62,69.55,81.16,1,1
329,37.53,129.11,10.88,21.76,8.3,54.62,69.55,81.16,1,1
330,37.53,129.11,10.88,21.76,8.3,54.62,69.55,81.16,1,1
331,37.53,129.11,10.88,21.76,8.3,54.62,69.55,81.16,1,1
332,37.53,129.11,10.88,21.76,8.3,54.62,69.55,81.16,1,1
333,37.53,129.11,10.88,21.76,8.3,54.62,69.55,81.16,1,1
334,37.53,129.11,10.88,21.76,8.3,54.62,69.55,81.16,1,1
335,37.53,129.11,10.88,21.76,8.3,54.62,69.55,81.16,1,1
336,37.53,129.11,10.88,21.76,8.3,54.62,69.55,81.16,1,1
337,37.53,129.11,10.88,21.76,8.3,54.62,69.55,81.16,1,1
338,37.53,129.11,10.88,21.76,8.3,54.62,69.55,81.16,1,1
339,37.53,129.11,10.88,21.76,8.3,54.62,69.55,81.16,1,1
340,37.53,129.11,10.88,21.76,8.3,54.62,69.55,81.16,1,1
341,37.53,129.11,10.88,21.76,8.3,54.62,69.55,81.16,1,1
342,37.53,129.11,10.88,21.76,8.3,54.62,69.55,81.16,1,1
343,37.53,129.11,10.88,21.76,8.3,54.62,69.55,81.16,1,1
344,37.53,129.11,10.88,21.76,8.3,54.62,69.55,81.16,1,1
345,37.53,129.11,10.88,21.76,8.3,54.62,69.55,81.16,1,1
346,37.53,129.11,10.88,21.76,8.3,54.62,69.55,81.16,1,1
347,37.53,129.11,10.88,21.76,8.3,54.62,69.55,81.16,1,1
348,37.53,129.11,10.88,21.76,8.3,54.62,69.55,81.16,1,1
349,37.53,129.11,10.88,21.76,8.3,54.62,69.55,81.16,1,1
350,37.53,129.11,10.88,21.76,8.3,54.62,69.55,81.16,1,1
351,37.53,129.11,10.88,21.76,8.3,54.62,69.55,81.16,1,1
352,37.53,129.11,10.88,21.76,8.3,54.62,69.55,81.16,1,1
353,37.53,129.11,10.88,21.76,8.3,54.62,69.55,81.16,1,1
354,37.53,129.11,10.88,21.76,8.3,54.62,69.55,81.16,1,1
355,37.53,129.11,10.88,21.76,8.3,54.62,69.55,81.16,1,1
356,37.53,129.11,10.88,21.76,8.3,54.62,69.55,81.16,1,1
357,37.53,129.11,10.88,21.76,8.3,54.62,69.55,81.16,1,1
358,37.53,129.11,10.88,21.76,8.3,54.62,69.55,81.16,1,1
359,37.53,129.11,10.88,21.76,8.3,54.62,69.55,81.16,1,1
360,37.53,129.11,10.88,21.76,8.3,54.62,69.55,81.16,1,1
361,37.53,129.11,10.88,21.76,8.3,54.62,69.55,81.16,1,1
362,37.53,129.11,10.88,21.76,8.3,54.62,69.55,81.16,1,1
363,37.53,129.11,10.88,21.76,8.3,54.62,69.55,81.16,1,1
364,37.53,129.11,10.88,21.76,8.3,54.62,69.55,81.16,1,1
365,37.53,129.11,10.88,21.76,8.3,54.62,69.55,81.16,1,1
366,37.53,129.11,10.88,21.76,8.3,54.62,69.55,81.16,1,1
367,37.53,129.11,10.88,21.76,8.3,54.62,69.55,81.16,1,1
368,37.53,129.11,10.88,21.76,8.3,54.62,69.55,81.16,1,1
369,37.53,129.11,10.88,21.76,8.3,54.62,69.55,81.16,1,1
370,37.53,129.11,10.88,21.76,8.3,54.62,69.55,81.16,1,1
371,37.53,129.11,10.88,21.76,8.3,54.62,69.55,81.16,1,1
372,37.53,129.11,10.88,21.76,8.3,54.62,69.55,81.16,1,1
373,37.53,129.11,10.88,21.76,8.3,54.62,69.55,81.16,1,1
374,37.53,129.11,10.88,21.76,8.3,54.62,69.55,81.16,1,1
375,37.53,129.11,10.88,21.76,8.3,54.62,69.55,81.16,1,1
376,37.53,129.11,10.88,21.76,8.3,54.62,69.55,81.16,1,1
377,37.53,129.11,10.88,21.76,8.3,54.62,69.55,81.16,1,1
378,37.53,129.11,10.88,21.76,8.3,54.62,69.55,81.16,1,1
379,37.53,129.11,10.88,21.76,8.3,54.62,69.55,81.16,1,1
380,37.53,129.11,10.88,21.76,8.3,54.62,69.55,81.16,1,1
381,37.53,129.11,10.88,21.76,8.3,54.62,69.55,81.16,1,1
382,37.53,129.11,10.88,21.76,8.3,54.62,69.55,81.16,1,1
383,37.53,129.11,10.88,21.76,8.3,54.62,69.55,81.16,1,1
384,37.53,129.11,10.88,21.76,8.3,54.62,69.55,81.16,1,1
385,37.53,129.11,10.88,21.76,8.3,54.62,69.55,81.16,1,1
386,37.53,129.11,10.88,21.76,8.3,54.62,69.55,81.16,1,1
387,37.53,129.11,10.88,21.76,8.3,54.62,69.55,81.16,1,1
388,37.53,129.11,10.88,21.76,8.3,54.62,69.55,81.16,1,1
389,37.53,129.11,10.88,21.76,8.3,54.62,69.55,81.16,1,1
390,37.53,129.11,10.88,21.76,8.3,54.62,69.55,81.16,1,1
391,37.53,129.11,10.88,21.76,8.3,54.62,69.55,81.16,1,1
392,37.53,129.11,10.88,21.76,8.3,54.62,69.55,81.16,1,1
393,37.53,129.11,10.88,21.76,8.3,54.62,69.55,81.16,1,1
394,37.53,129.11,10.88,21.76,8.3,54.62,69.55,81.16,1,1
395,37.53,129.11,10.88,21.76,8.3,54.62,69.55,81.16,1,1
396,37.53,129.11,10.88,21.76,8.3,54.62,69.55,81.16,1,1
397,37.53,129.11,10.88,21.76,8.3,54.62,69.55,81.16,1,1
398,37.53,129.11,10.88,21.76,8.3,54.62,69.55,81.16,1,1
399,37.53,129.11,10.88,21.76,8.3,54.62,69.55,81.16,1,1
400,37.53,129.11,10.88,21.76,8.3,54.62,69.55,81.16,1,1
401,37.53,129.11,10.88,21.76,8.3,54.62,69.55,81.16,1,1
402,37.53,129.11,10.88,21.76,8.3,54.62,69.55,81.16,1,1
403,37.53,129.11,10.88,21.76,8.3,54.62,69.55,81.16,1,1
404,37.53,129.11,10.88,21.76,8.3,54.62,69.55,81.16,1,1
405,37.53,129.11,10.88,21.76,8.3,54.62,69.55,81.16,1,1
406,37.53,129.11,10.88,21.76,8.3,54.62,69.55,81.16,1,1
407,37.53,129.11,10.88,21.76,8.3,54.62,69.55,81.16,1,1
408,37.53,129.11,10.88,21.76,8.3,54.62,69.55,81.16,1,1
409,37.53,129.11,10.88,21.76,8.3,54.62,69.55,81.16,1,1
410,37.53,129.11,10.88,21.76,8.3,54.62,69.55,81.16,1,1
411,37.53,129.11,10.88,21.76,8.3,54.62,69.55,81.16,1,1
412,37.53,129.11,10.88,21.76,8.3,54.62,69.55,81.16,1,1
413,37.53,129.11,10.88,21.76,8.3,54.62,69.55,81.16,1,1
414,37.53,129.11,10.88,21.76,8.3,54.62,69.55,81.16,1,1
415,37.53,129.11,10.88,21.76,8.3,54.62,69.55,81.16,1,1
416,37.53,129.11,10.88,21.76,8.3,54.62,69.55,81.16,1,1
417,37.53,129.11,10.88,21.76,8.3,54.62,69.55,81.16,1,1
418,37.53,129.11,10.88,21.76,8.3,54.62,69.55,81.16,1,1
419,37.53,129.11,10.88,21.76,8.3,54.62,69.55,81.16,1,1
420,37.53,129.11,10.88,21.76,8.3,54.62,69.55,81.16,1,1
421,37.53,129.11,10.88,21.76,8.3,54.62,69.55,81.16,1,1
422,37.53,129.11,10.88,21.76,8.3,54.62,69.55,81.16,1,1
423,37.53,129.11,10.88,21.76,8.3,54.62,69.55,81.16,1,1
424,37.53,129.11,10.88,21.76,8.3,54.62,69.55,81.16,1,1
425,37.53,129.11,10.88,21.76,8.3,54.62,69.55,81.16,1,1
426,37.53,129.11,10.88,21.76,8.3,54.62,69.55,81.16,1,1
427,37.53,129.11,10.88,21.76,8.3,54.62,69.55,81.16,1,1
428,37.53,129.11,10.88,21.76,8.3,54.62,69.55,81.16,1,1
429,37.53,129.11,10.88,21.76,8.3,54.62,69.55,81.16,1,1
430,37.53,129.11,10.88,21.76,8.3,54.62,69.55,81.16,1,1
431,37.53,129.11,10.88,21.76,8.3,54.62,69.55,81.16,1,1
432,37.53,129.11,10.88,21.76,8.3,54.62,69.55,81.16,1,1
433,37.53,129.11,10.88,21.76,8.3,54.62,69.55,81.16,1,1
434,37.53,129.11,10.88,21.76,8.3,54.62,69.55,81.16,1,1
435,37.53,129.11,10.88,21.76,8.3,54.62,69.55,81.16,1,1
436,37.53,129.11,10.88,21.76,8.3,54.62,69.55,81.16,1,1
437,37.53,129.11,10.88,21.76,8.3,54.62,69.55,81.16,1,1
438,37.53,129.11,10.88,21.76,8.3,54.62,69.55,81.16,1,1
439,37.53,129.11,10.88,21.76,8.3,54.62,69.55,81.16,1,1
440,37.53,129.11,10.88,21.76,8.3,54.62,69.55,81.16,1,1
441,37.53,129.11,10.88,21.76,8.3,54.62,69.55,81.16,1,1
442,37.53,129.11,10.88,21.76,8.3,54.62,69.55,81.16,1,1
443,37.53,129.11,10.88,21.76,8.3,54.62,69.55,81.16,1,1
444,37.53,129.11,10.88,21.76,8.3,54.62,69.55,81.16,1,1
445,37.53,129.11,10.88,21.76,8.3,54.62,69.55,81.16,1,1
446,37.53,129.11,10.88,21.76,8.3,54.62,69.55,81.16,1,1
447,37.53,129.11,10.88,21.76,8.3,54.62,69.55,81.16,1,1
448,37.53,129.11,10.88,21.76,8.3,54.62,69.55,81.16,1,1
449,37.53,129.11,10.88,21.76,8.3,54.62,69.55,81.16,1,1
450,37.53,129.11,10.88,21.76,8.3,54.62,69.55,81.16,1,1
451,37.53,129.11,10.88,21.76,8.3,54.62,69.55,81.16,1,1
452,37.53,129.11,10.88,21.76,8.3,54.62,69.55,81.16,1,1
453,37.53,129.11,10.88,21.76,8.3,54.62,69.55,81.16,1,1
454,37.53,129.11,10.88,21.76,8.3,54.62,69.55,81.16,1,1
455,37.53,129.11,10.88,21.76,8.3,54.62,69.55,81.16,1,1
456,37.53,129.11,10.88,21.76,8.3,54.62,69.55,81.16,1,1
457,37.53,129.11,10.88,21.76,8.3,54.62,69.55,81.16,1,1
458,37.53,129.11,10.88,21.76,8.3,54.62,69.55,81.16,1,1
459,37.53,129.11,10.88,21.76,8.3,54.62,69.55,81.16,1,1
460,37.53,129.11,10.88,21.76,8.3,54.62,69.55,81.16,1,1
461,37.53,129.11,10.88,21.76,8.3,54.62,69.55,81.16,1,1
462,37.53,129.11,10.88,21.76,8.3,54.62,69.55,81.16,1,1
463,37.53,129.11,10.88,21.76,8.3,54.62,69.55,81.16,1,1
464,37.53,129.11,10.88,21.76,8.3,54.62,69.55,81.16,1,1
465,37.53,129.11,10.88,21.76,8.3,54.62,69.55,81.16,1,1
466,37.53,129.11,10.88,21.76,8.3,54.62,69.55,81.16,1,1
467,37.53,129.11,10.88,21.76,8.3,54.62,69.55,81.16,1,1
468,37.53,129.11,10.88,21.76,8.3,54.62,69.55,81.16,1,1
469,37.53,129.11,10.88,21.76,8.3,54.62,69.55,81.16,1,1
470,37.53,129.11,10.88,21.76,8.3,54.62,69.55,81.16,1,1
471,37.53,129.11,10.88,21.76,8.3,54.62,69.55,81.16,1,1
472,37.53,129.11,10.88,21.76,8.3,54.62,69.55,81.16,1,1
473,37.53,129.11,10.88,21.76,8.3,54.62,69.55,81.16,1,1
474,37.53,129.11,10.88,21.76,8.3,54.62,69.55,81.16,1,1
475,37.53,129.11,10.88,21.76,8.3,54.62,69.55,81.16,1,1
476,37.53,129.11,10.88,21.76,8.3,54.62,69.55,81.16,1,1
477,37.53,129.11,10.88,21.76,8.3,54.62,69.55,81.16,1,1
478,37.53,129.11,10.88,21.76,8.3,54.62,69.55,81.16,1,1
479,37.53,129.11,10.88,21.76,8.3,54.62,69.55,81.16,1,1
480,37.53,129.11,10.88,21.76,8.3,54.62,69.55,81.16,1,1
481,37.53,129.11,10.88,21.76,8.3,54.62,69.55,81.16,1,1
482,37.53,129.11,10.88,21.76,8.3,54.62,69.55,81.16,1,1
483,37.53,129.11,10.88,21.76,8.3,54.62,69.55,81.16,1,1
484,37.53,129.11,10.88,21.76,8.3,54.62,69.55,81.16,1,1
485,37.53,129.11,10.88,21.76,8.3,54.62,69.55,81.16,1,1
486,37.53,129.11,10.88,21.76,8.3,54.62,69.55,81.16,1,1
487,37.53,129.11,10.88,21.76,8.3,54.62,69.55,81.16,1,1
488,37.53,129.11,10.88,21.76,8.3,54.62,69.55,81.16,1,1
489,37.53,129.11,10.88,21.76,8.3,54.62,69.55,81.16,1,1
490,37.53,129.11,10.88,21.76,8.3,54.62,69.55,81.16,1,1
491,37.53,129.11,10.88,21.76,8.3,54.62,69.55,81.16,1,1
492,37.53,129.11,10.88,21.76,8.3,54.62,69.55,81.16,1,1
493,37.53,129.11,10.88,21.76,8.3,54.62,69.55,81.16,1,1
494,37.53,129.11,10.88,21.76,8.3,54.62,69.55,81.16,1,1
495,37.53,129.11,10.88,21.76,8.3,54.62,69.55,81.16,1,1
496,37.53,129.11,10.88,21.76,8.3,54.62,69.55,81.16,1,1
497,37.53,129.11,10.88,21.76,8.3,54.62,69.55,81.16,1,1
498,37.53,129.11,10.88,21.76,8.3,54.62,69.55,81.16,1,1
499,37.53,129.11,10.88,21.76,8.3,54.62,69.55,81.16,1,1
500,37.53,129.11,10.88,21.76,8.3,54.62,69.55,81.16,1,1
501,37.53,129.11,10.88,21.76,8.3,54.62,69.55,81.16,1,1
502,37.53,129.11,10.88,21.76,8.3,54.62,69.55,81.16,1,1
503,37.53,129.11,10.88,21.76,8.3,54.62,69.55,81.16,1,1
504,37.53,129.11,10.88,21.76,8.3,54.62,69.55,81.16,1,1
505,37.53,129.11,10.88,21.76,8.3,54.62,69.55,81.16,1,1
506,37.53,129.11,10.88,21.76,8.3,54.62,69.55,81.16,1,1
507,37.53,129.11,10.88,21.76,8.3,54.62,69.55,81.16,1,1
508,37.53,129.11,10.88,21.76,8.3,54.62,69.55,81.16,1,1
509,37.53,129.11,10.88,21.76,8.3,54.62,69.55,81.16,1,1
510,37.53,129.11,10.88,21.76,8.3,54.62,69.55,81.16,1,1
511,37.53,129.11,10.88,21.76,8.3,54.62,69.55,81.16,1,1
512,37.53,129.11,10.88,21.76,8.3,54.62,69.55,81.16,1,1
513,37.53,129.11,10.88,21.76,8.3,54.62,69.55,81.16,1,1
514,37.53,129.11,10.88,21.76,8.3,54.62,69.55,81.16,1,1
515,37.53,129.11,10.88,21.76,8.3,54.62,69.55,81.16,1,1
516,37.53,129.11,10.88,21.76,8.3,54.62,69.55,81.16,1,1
517,37.53,129.11,10.88,21.76,8.3,54.62,69.55,81.16,1,1
518,37.53,129.11,10.88,21.76,8.3,54.62,69.55,81.16,1,1
519,37.53,129.11,10.88,21.76,8.3,54.62,69.55,81.16,1,1
520,37.53,129.11,10.88,21.76,8.3,54.62,69.55,81.16,1,1
521,37.53,129.11,10.88,21.76,8.3,54.62,69.55,81.16,1,1
522,37.53,129.11,10.88,21.76,8.3,54.62,69.55,81.16,1,1
523,37.53,129.11,10.88,21.76,8.3,54.62,69.55,81.16,1,1
524,37.53,129.11,10.88,21.76,8.3,54.62,69.55,81.16,1,1
525,37.53,129.11,10.88,21.76,8.3,54.62,69.55,81.16,1,1
526,37.53,129.11,10.88,21.76,8.3,54.62,69.55,81.16,1,1
527,37.53,129.11,10.88,21.76,8.3,54.62,69.55,81.16,1,1
528,37.53,129.11,10.88,21.76,8.3,54.62,69.55,81.16,1,1
529,37.53,129.11,10.88,21.76,8.3,54.62,69.55,81.16,1,1
530,37.53,129.11,10.88,21.76,8.3,54.62,69.55,81.16,1,1
531,37.53,129.11,10.88,21.76,8.3,54.62,69.55,81.16,1,1
532,37.53,129.11,10.88,21.76,8.3,54.62,69.55,81.16,1,1
533,37.53,129.11,10.88,21.76,8.3,54.62,69.55,81.16,1,1
534,37.53,129.11,10.88,21.76,8.3,54.62,69.55,81.16,1,1
535,37.53,129.11,10.88,21.76,8.3,54.62,69.55,81.16,1,1
536,37.53,129.11,10.88,21.76,8.3,54.62,69.55,81.16,1,1
537,37.53,129.11,10.88,21.76,8.3,54.62,69.55,81.16,1,1
538,37.53,129.11,10.88,21.76,8.3,54.62,69.55,81.16,1,1
539,37.53,129.11,10.88,21.76,8.3,54.62,69.55,81.16,1,1
540,37.53,129.11,10.88,21.76,8.3,54.62,69.55,81.16,1,1
541,37.53,129.11,10.88,21.76,8.3,54.62,69.55,81.16,1,1
542,37.53,129.11,10.88,21.76,8.3,54.62,69.55,81.16,1,1
543,37.53,129.11,10.88,21.76,8.3,54.62,69.55,81.16,1,1
544,37.53,129.11,10.88,21.76,8.3,54.62,69.55,81.16,1,1
545,37.53,129.11,10.88,21.76,8.3,54.62,69.55,81.16,1,1
546,37.53,129.11,10.88,21.76,8.3,54.62,69.55,81.16,1,1
547,37.53,129.11,10.88,21.76,8.3,54.62,69.55,81.16,1,1
548,37.53,129.11,10.88,21.76,8.3,54.62,69.55,81.16,1,1
549,37.53,129.11,10.88,21.76,8.3,54.62,69.55,81.16,1,1
550,37.53,129.11,10.88,21.76,8.3,54.62,69.55,81.16,1,1
551,37.53,129.11,10.88,21.76,8.3,54.62,69.55,81.16,1,1
552,37.53,129.11,10.88,21.76,8.3,54.62,69.55,81.16,1,1
553,37.53,129.11,10.88,21.76,8.3,54.62,69.55,81.16,1,1
554,37.53,129.11,10.88,21.76,8.3,54.62,69.55,81.16,1,1
555,37.53,129.11,10.88,21.76,8.3,54.62,69.55,81.16,1,1
556,37.53,129.11,10.88,21.76,8.3,54.62,69.55,81.16,1,1
557,37.53,129.11,10.88,21.76,8.3,54.62,69.55,81.16,1,1
558,37.53,129.11,10.88,21.76,8.3,54.62,69.55,81.16,1,1
559,37.53,129.11,10.88,21.76,8.3,54.62,69.55,81.16,1,1
560,37.53,129.11,10.88,21.76,8.3,54.62,69.55,81.16,1,1
561,37.53,129.11,10.88,21.76,8.3,54.62,69.55,81.16,1,1
562,37.53,129.11,10.88,21.76,8.3,54.62,69.55,81.16,1,1
563,37.53,129.11,10.88,21.76,8.3,54.62,69.55,81.16,1,1
564,37.53,129.11,10.88,21.76,8.3,54.62,69.55,81.16,1,1
565,37.53,129.11,10.88,21.76,8.3,54.62,69.55,81.16,1,1
566,37.53,129.11,10.88,21.76,8.3,54.62,69.55,81.16,1,1
567,37.53,129.11,10.88,21.76,8.3,54.62,69.55,81.16,1,1
568,37.53,129.11,10.88,21.76,8.3,54.62,69.55,81.16,1,1
569,37.53,129.11,10.88,21.76,8.3,54.62,69.55,81.16,1,1
570,37.53,129.11,10.88,21.76,8.3,54.62,69.55,81.16,1,1
571,37.53,129.11,10.88,21.76,8.3,54.62,69.55,81.16,1,1
572,37.53,129.11,10.88,21.76,8.3,54.62,69.55,81.16,1,1
573,37.53,129.11,10.88,21.76,8.3,54.62,69.55,81.16,1,1
574,37.53,129.11,10.88,21.76,8.3,54.62,69.55,81.16,1,1
575,37.53,129.11,10.88,21.76,8.3,54.62,69.55,81.16,1,1
576,37.53,129.11,10.88,21.76,8.3,54.62,69.55,81.16,1,1
577,37.53,129.11,10.88,21.76,8.3,54.62,69.55,81.16,1,1
578,37.53,129.11,10.88,21.76,8.3,54.62,69.55,81.16,1,1
579,37.53,129.11,10.88,21.76,8.3,54.62,69.55,81.16,1,1
580,37.53,129.11,10.88,21.76,8.3,54.62,69.55,81.16,1,1
581,37.53,129.11,10.88,21.76,8.3,54.62,69.55,81.16,1,1
582,37.53,129.11,10.88,21.76,8.3,54.62,69.55,81.16,1,1
583,37.53,129.11,10.88,21.76,8.3,54.62,69.55,81.16,1,1
584,37.53,129.11,10.88,21.76,8.3,54.62,69.55,81.16,1,1
585,37.53,129.11,10.88,21.76,8.3,54.62,69.55,81.16,1,1
586,37.53,129.11,10.88,21.76,8.3,54.62,69.55,81.16,1,1
587,37.53,129.11,10.88,21.76,8.3,54.62,69.55,81.16,1,1
588,37.53,129.11,10.88,21.76,8.3,54.62,69.55,81.16,1,1
589,37.53,129.11,10.88,21.76,8.3,54.62,69.55,81.16,1,1
590,37.53,129.11,10.88,21.76,8.3,54.62,69.55,81.16,1,1
591,37.53,129.11,10.88,21.76,8.3,54.62,69.55,81.16,1,1
592,37.53,129.11,10.88,21.76,8.3,54.62,69.55,81.16,1,1
593,37.53,129.11,10.88,21.76,8.3,54.62,69.55,81.16,1,1
594,37.53,129.11,10.88,21.76,8.3,54.62,69.55,81.16,1,1
595,37.53,129.11,10.88,21.76,8.3,54.62,69.55,81.16,1,1
596,37.53,129.11,10.88,21.76,8.3,54.62,69.55,81.16,1,1
597,37.53,129.11,10.88,21.76,8.3,54.62,69.55,81.16,1,1
598,37.53,129.11,10.88,21.76,8.3,54.62,69.55,81.16,1,1
599,37.53,129.11,10.88,21.76,8.3,54.62,69.55,81.16,1,1
600,37.53,129.11,10.88,21.76,8.3,54.62,69.55,81.16,1,1
601,37.53,129.11,10.88,21.76,8.3,54.62,69.55,81.16,1,1
602,37.53,129.11,10.88,21.76,8.3,54.62,69.55,81.16,1,1
603,37.53,129.11,10.88,21.76,8.3,54.62,69.55,81.16,1,1
604,37.53,129.11,10.88,21.76,8.3,54.62,69.55,81.16,1,1
605,37.53,129.11,10.88,21.76,8.3,54.62,69.55,81.16,1,1
606,37.53,129.11,10.88,21.76,8.3,54.62,69.55,81.16,1,1
607,37.53,129.11,10.88,21.76,8.3,54.62,69.55,81.16,1,1
608,37.53,129.11,10.88,21.76,8.3,54.62,69.55,81.16,1,1
609,37.53,129.11,10.88,21.76,8.3,54.62,69.55,81.16,1,1
610,37.53,129.11,10.88,21.76,8.3,54.62,69.55,81.16,1,1
611,37.53,129.11,10.88,21.76,8.3,54.62,69.55,81.16,1,1
612,37.53,129.11,10.88,21.76,8.3,54.62,69.55,81.16,1,1
613,37.53,129.11,10.88,21.76,8.3,54.62,69.55,81.16,1,1
614,37.53,129.11,10.88,21.76,8.3,54.62,69.55,81.16,1,1
615,37.53,129.11,10.88,21.76,8.3,54.62,69.55,81.16,1,1
616,37.53,129.11,10.88,21.76,8.3,54.62,69.55,81.16,1,1
617,37.53,129.11,10.88,21.76,8.3,54.62,69.55,81.16,1,1
618,37.53,129.11,10.88,21.76,8.3,54.62,69.55,81.16,1,1
619,37.53,129.11,10.88,21.76,8.3,54.62,69.55,81.16,1,1
620,37.53,129.11,10.88,21.76,8.3,54.62,69.55,81.16,1,1
621,37.53,129.11,10.88,21.76,8.3,54.62,69.55,81.16,1,1
622,37.53,129.11,10.88,21.76,8.3,54.62,69.55,81.16,1,1
623,37.53,129.11,10.88,21.76,8.3,54.62,69.55,81.16,1,1
624,37.53,129.11,10.88,21.76,8.3,54.62,69.55,81.16,1,1
625,37.53,129.11,10.88,21.76,8.3,54.62,69.55,81.16,1,1
626,37.53,129.11,10.88,21.76,8.3,54.62,69.55,81.16,1,1
627,37.53,129.11,10.88,21.76,8.3,54.62,69.55,81.16,1,1
628,37.53,129.11,10.88,21.76,8.3,54.62,69.55,81.16,1,1
629,37.53,129.11,10.88,21.76,8.3,54.62,69.55,81.16,1,1
630,37.53,129.11,10.88,21.76,8.3,54.62,69.55,81.16,1,1
631,37.53,129.11,10.88,21.76,8.3,54.62,69.55,81.16,1,1
632,37.53,129.11,10.88,21.76,8.3,54.62,69.55,81.16,1,1
633,37.53,129.11,10.88,21.76,8.3,54.62,69.55,81.16,1,1
634,37.53,129.11,10.88,21.76,8.3,54.62,69.55,81.16,1,1
635,37.53,129.11,10.88,21.76,8.3,54.62,69.55,81.16,1,1
636,37.53,129.11,10.88,21.76,8.3,54.62,69.55,81.16,1,1
637,37.53,129.11,10.88,21.76,8.3,54.62,69.55,81.16,1,1
638,37.53,129.11,10.88,21.76,8.3,54.62,69.55,81.16,1,1
639,37.53,129.11,10.88,21.76,8.3,54.62,69.55,81.16,1,1
640,37.53,129.11,10.88,21.76,8.3,54.62,69.55,81.16,1,1
641,37.53,129.11,10.88,21.76,8.3,54.62,69.55,81.16,1,1
642,37.53,129.11,10.88,21.76,8.3,54.62,69.55,81.16,1,1
643,37.53,129.11,10.88,21.76,8.3,54.62,69.55,81.16,1,1
644,37.53,129.11,10.88,21.76,8.3,54.62,69.55,81.16,1,1
645,37.53,129.11,10.88,21.76,8.3,54.62,69.55,81.16,1,1
646,37.53,129.11,10.88,21.76,8.3,54.62,69.55,81.16,1,1
647,37.53,129.11,10.88,21.76,8.3,54.62,69.55,81.16,1,1
648,37.53,129.11,10.88,21.76,8.3,54.62,69.55,81.16,1,1
649,37.53,129.11,10.88,21.76,8.3,54.62,69.55,81.16,1,1
650,37.53,129.11,10.88,21.76,8.3,54.62,69.55,81.16,1,1
651,37.53,129.11,10.88,21.76,8.3,54.62,69.55,81.16,1,1
652,37.53,129.11,10.88,21.76,8.3,54.62,69.55,81.16,1,1
653,37.53,129.11,10.88,21.76,8.3,54.62,69.55,81.16,1,1
654,37.53,129.11,10.88,21.76,8.3,54.62,69.55,81.16,1,1
655,37.53,129.11,10.88,21.76,8.3,54.62,69.55,81.16,1,1
656,37.53,129.11,10.88,21.76,8.3,54.62,69.55,81.16,1,1
657,37.53,129.11,10.88,21.76,8.3,54.62,69.55,81.16,1,1
658,37.53,129.11,10.88,21.76,8.3,54.62,69.55,81.16,1,1
659,37.53,129.11,10.88,21.76,8.3,54.62,69.55,81.16,1,1
660,37.53,129.11,10.88,21.76,8.3,54.62,69.55,81.16,1,1
661,37.53,129.11,10.88,21.76,8.3,54.62,69.55,81.16,1,1
662,37.53,129.11,10.88,21.76,8.3,54.62,69.55,81.16,1,1
663,37.53,129.11,10.88,21.76,8.3,54.62,69.55,81.16,1,1
664,37.53,129.11,10.88,21.76,8.3,54.62,69.55,81.16,1,1
665,37.53,129.11,10.88,21.76,8.3,54.62,69.55,81.16,1,1
666,37.53,129.11,10.88,21.76,8.3,54.62,69.55,81.16,1,1
667,37.53,129.11,10.88,21.76,8.3,54.62,69.55,81.16,1,1
668,37.53,129.11,10.88,21.76,8.3,54.62,69.55,81.16,1,1
669,37.53,129.11,10.88,21.76,8.3,54.62,69.55,81.16,1,1
670,37.53,129.11,10.88,21.76,8.3,54.62,69.55,81.16,1,1
671,37.53,129.11,10.88,21.76,8.3,54.62,69.55,81.16,1,1
672,37.53,129.11,10.88,21.76,8.3,54.62,69.55,81.16,1,1
673,37.53,129.11,10.88,21.76,8.3,54.62,69.55,81.16,1,1
674,37.53,129.11,10.88,21.76,8.3,54.62,69.55,81.16,1,1
675,37.53,129.11,10.88,21.76,8.3,54.62,69.55,81.16,1,1
676,37.53,129.11,10.88,21.76,8.3,54.62,69.55,81.16,1,1
677,37.53,129.11,10.88,21.76,8.3,54.62,69.55,81.16,1,1
678,37.53,129.11,10.88,21.76,8.3,54.62,69.55,81.16,1,1
679,37.53,129.11,10.88,21.76,8.3,54.62,69.55,81.16,1,1
680,37.53,129.11,10.88,21.76,8.3,54.62,69.55,81.16,1,1
681,37.53,129.11,10.88,21.76,8.3,54.62,69.55,81.16,1,1
682,37.53,129.11,10.88,21.76,8.3,54.62,69.55,81.16,1,1
683,37.53,129.11,10.88,21.76,8.3,54.62,69.55,81.16,1,1
684,37.53,129.11,10.88,21.76,8.3,54.62,69.55,81.16,1,1
685,37.53,129.11,10.88,21.76,8.3,54.62,69.55,81.16,1,1
686,37.53,129.11,10.88,21.76,8.3,54.62,69.55,81.16,1,1
687,37.53,129.11,10.88,21.76,8.3,54.62,69.55,81.16,1,1
688,37.53,129.11,10.88,21.76,8.3,54.62,69.55,81.16,1,1
689,37.53,129.11,10.88,21.76,8.3,54.62,69.55,81.16,1,1
690,37.53,129.11,10.88,21.76,8.3,54.62,69.55,81.16,1,1
691,37.53,129.11,10.88,21.76,8.3,54.62,69.55,81.16,1,1
692,37.53,129.11,10.88,21.76,8.3,54.62,69.55,81.16,1,1
693,37.53,129.11,10.88,21.76,8.3,54.62,69.55,81.16,1,1
694,37.53,129.11,10.88,21.76,8.3,54.62,69.55,81.16,1,1
695,37.53,129.11,10.88,21.76,8.3,54.62,69.55,81.16,1,1
696,37.53,129.11,10.88,21.76,8.3,54.62,69.55,81.16,1,1
697,37.53,129.11,10.88,21.76,8.3,54.62,69.55,81.16,1,1
698,37.53,129.11,10.88,21.76,8.3,54.62,69.55,81.16,1,1
699,37.53,129.11,10.88,21.76,8.3,54.62,69.55,81.16,1,1
700,37.53,129.11,10.88,21.76,8.3,54.62,69.55,81.16,1,1
701,37.53,129.11,10.88,21.76,8.3,54.62,69.55,81.16,1,1
702,37.53,129.11,10.88,21.76,8.3,54.62,69.55,81.16,1,1
703,37.53,129.11,10.88,21.76,8.3,54.62,69.55,81.16,1,1
704,37.53,129.11,10.88,21.76,8.3,54.62,69.55,81.16,1,1
705,37.53,129.11,10.88,21.76,8.3,54.62,69.55,81.16,1,1
706,37.53,129.11,10.88,21.76,8.3,54.62,69.55,81.16,1,1
707,37.53,129.11,10.88,21.76,8.3,54.62,69.55,81.16,1,1
708,37.53,129.11,10.88,21.76,8.3,54.62,69.55,81.16,1,1
709,37.53,129.11,10.88,21.76,8.3,54.62,69.55,81.16,1,1
710,37.53,129.11,10.88,21.76,8.3,54.62,69.55,81.16,1,1
711,37.53,129.11,10.88,21.76,8.3,54.62,69.55,81.16,1,1
712,37.53,129.11,10.88,21.76,8.3,54.62,69.55,81.16,1,1
713,37.53,129.11,10.88,21.76,8.3,54.62,69.55,81.16,1,1
714,37.53,129.11,10.88,21.76,8.3,54.62,69.55,81.16,1,1
715,37.53,129.11,10.88,21.76,8.3,54.62,69.55,81.16,1,1
716,37.53,129.11,10.88,21.76,8.3,54.62,69.55,81.16,1,1
717,37.53,129.11,10.88,21.76,8.3,54.62,69.55,81.16,1,1
718,37.53,129.11,10.88,21.76,8.3,54.62,69.55,81.16,1,1
719,37.53,129.11,10.88,21.76,8.3,54.62,69.55,81.16,1,1
720,37.53,129.11,10.88,21.76,8.3,54.62,69.55,81.16,1,1
721,37.53,129.11,10.88,21.76,8.3,54.62,69.55,81.16,1,1
722,37.53,129.11,10.88,21.76,8.3,54.62,69.55,81.16,1,1
723,37.53,129.11,10.88,21.76,8.3,54.62,69.55,81.16,1,1
724,37.53,129.11,10.88,21.76,8.3,54.62,69.55,81.16,1,1
725,37.53,129.11,10.88,21.76,8.3,54.62,69.55,81.16,1,1
726,37.53,129.11,10.88,21.76,8.3,54.62,69.55,81.16,1,1
727,37.53,129.11,10.88,21.76,8.3,54.62,69.55,81.16,1,1
728,37.53,129.11,10.88,21.76,8.3,54.62,69.55,81.16,1,1
729,37.53,129.11,10.88,21.76,8.3,54.62,69.55,81.16,1,1
730,37.53,129.11,10.88,21.76,8.3,54.62,69.55,81.16,1,1
731,37.53,129.11,10.88,21.76,8.3,54.62,69.55,81.16,1,1
732,37.53,129.11,10.88,21.76,8.3,54.62,69.55,81.16,1,1
733,37.53,129.11,10.88,21.76,8.3,54.62,69.55,81.16,1,1
734,37.53,129.11,10.88,21.76,8.3,54.62,69.55,81.16,1,1
735,37.53,129.11,10.88,21.76,8.3,54.62,69.55,81.16,1,1
736,37.53,129.11,10.88,21.76,8.3,54.62,69.55,81.16,1,1
737,37.53,129.11,10.88,21.76,8.3,54.62,69.55,81.16,1,1
738,37.53,129.11,10.88,21.76,8.3,54.62,69.55,81.16,1,1
739,37.53,129.11,10.88,21.76,8.3,54.62,69.55,81.16,1,1
740,37.53,129.11,10.88,21.76,8.3,54.62,69.55,81.16,1,1
741,37.53,129.11,10.88,21.76,8.3,54.62,69.55,81.16,1,1
742,37.53,129.11,10.88,21.76,8.3,54.62,69.55,81.16,1,1
743,37.53,129.11,10.88,21.76,8.3,54.62,69.55,81.16,1,1
744,37.53,129.11,10.88,21.76,8.3,54.62,69.55,81.16,1,1
745,37.53,129.11,10.88,21.76,8.3,54.62,69.55,81.16,1,1
746,37.53,129.11,10.88,21.76,8.3,54.62,69.55,81.16,1,1
747,37.53,129.11,10.88,21.76,8.3,54.62,69.55,81.16,1,1
748,37.53,129.11,10.88,21.76,8.3,54.62,69.55,81.16,1,1
749,37.53,129.11,10.88,21.76,8.3,54.62,69.55,81.16,1,1
750,37.53,129.11,10.88,21.76,8.3,54.62,69.55,81.16,1,1
751,37.53,129.11,10.88,21.76,8.3,54.62,69.55,81.16,1,1
752,37.53,129.11,10.88,21.76,8.3,54.62,69.55,81.16,1,1
753,37.53,129.11,10.88,21.76,8.3,54.62,69.55,81.16,1,1
754,37.53,129.11,10.88,21.76,8.3,54.62,69.55,81.16,1,1
755,37.53,129.11,10.88,21.76,8.3,54.62,69.55,81.16,1,1
756,37.53,129.11,10.88,21.76,8.3,54.62,69.55,81.16,1,1
757,37.53,129.11,10.88,21.76,8.3,54.62,69.55,81.16,1,1
758,37.53,129.11,10.88,21.76,8.3,54.62,69.55,81.16,1,1
759,37.53,129.11,10.88,21.76,8.3,54.62,69.55,81.16,1,1
760,37.53,129.11,10.88,21.76,8.3,54.62,69.55,81.16,1,1
761,37.53,129.11,10.88,21.76,8.3,54.62,69.55,81.16,1,1
762,37.53,129.11,10.88,21.76,8.3,54.62,69.55,81.16,1,1
763,37.53,129.11,10.88,21.76,8.3,54.62,69.55,81.16,1,1
764,37.53,129.11,10.88,21.76,8.3,54.62,69.55,81.16,1,1
765,37.53,129.11,10.88,21.76,8.3,54.62,69.55,81.16,1,1
766,37.53,129.11,10.88,21.76,8.3,54.62,69.55,81.16,1,1
767,37.53,129.11,10.88,21.76,8.3,54.62,69.55,81.16,1,1
768,37.53,129.11,10.88,21.76,8.3,54.62,69.55,81.16,1,1
769,37.53,129.11,10.88,21.76,8.3,54.62,69.55,81.16,1,1
770,37.53,129.11,10.88,21.76,8.3,54.62,69.55,81.16,1,1
771,37.53,129.11,10.88,21.76,8.3,54.62,69.55,81.16,1,1
772,37.53,129.11,10.88,21.76,8.3,54.62,69.55,81.16,1,1
773,37.53,129.11,10.88,21.76,8.3,54.62,69.55,81.16,1,1
774,37.53,129.11,10.88,21.76,8.3,54.62,69.55,81.16,1,1
775,37.53,129.11,10.88,21.76,8.3,54.62,69.55,81.16,1,1
776,37.53,129.11,10.88,21.76,8.3,54.62,69.55,81.16,1,1
777,37.53,129.11,10.88,21.76,8.3,54.62,69.55,81.16,1,1
778,37.53,129.11,10.88,21.76,8.3,54.62,69.55,81.16,1,1
779,37.53,129.11,10.88,21.76,8.3,54.62,69.55,81.16,1,1
780,37.53,129.11,10.88,21.76,8.3,54.62,69.55,81.16,1,1
781,37.53,129.11,10.88,21.76,8.3,54.62,69.55,81.16,1,1
782,37.53,129.11,10.88,21.76,8.3,54.62,69.55,81.16,1,1
783,37.53,129.11,10.88,21.76,8.3,54.62,69.55,81.16,1,1
784,37.53,129.11,10.88,21.76,8.3,54.62,69.55,81.16,1,1
785,37.53,129.11,10.88,21.76,8.3,54.62,69.55,81.16,1,1
786,37.53,129.11,10.88,21.76,8.3,54.62,69.55,81.16,1,1
787,37.53,129.11,10.88,21.76,8.3,54.62,69.55,81.16,1,1
788,37.53,129.11,10.88,21.76,8.3,54.62,69.55,81.16,1,1
789,37.53,129.11,10.88,21.76,8.3,54.62,69.55,81.16,1,1
790,37.53,129.11,10.88,21.76,8.3,54.62,69.55,81.16,1,1
791,37.53,129.11,10.88,21.76,8.3,54.62,69.55,81.16,1,1
792,37.53,129.11,10.88,21.76,8.3,54.62,69.55,81.16,1,1
793,37.53,129.11,10.88,21.76,8.3,54.62,69.55,81.16,1,1
794,37.53,129.11,10.88,21.76,8.3,54.62,69.55,81.16,1,1
795,37.53,129.11,10.88,21.76,8.3,54.62,69.55,81.16,1,1
796,37.53,129.11,10.88,21.76,8.3,54.62,69.55,81.16,1,1
797,37.53,129.11,10.88,21.76,8.3,54.62,69.55,81.16,1,1
798,37.53,129.11,10.88,21.76,8.3,54.62,69.55,81.16,1,1
799,37.53,129.11,10.88,21.76,8.3,54.62,69.55,81.16,1,1
800,37.53,129.11,10.88,21.76,8.3,54.62,69.55,81.16,1,1
801,37.53,129.11,10.88,21.76,8.3,54.62,69.55,81.16,1,1
802,37.53,129.11,10.88,21.76,8.3,54.62,69.55,81.16,1,1
803,37.53,129.11,10.88,21.76,8.3,54.62,69.55,81.16,1,1
804,37.53,129.11,10.88,21.76,8.3,54.62,69.55,81.16,1,1
805,37.53,129.11,10.88,21.76,8.3,54.62,69.55,81.16,1,1
806,37.53,129.11,10.88,21.76,8.3,54.62,69.55,81.16,1,1
807,37.53,129.11,10.88,21.76,8.3,54.62,69.55,81.16,1,1
808,37.53,129.11,10.88,21.76,8.3,54.62,69.55,81.16,1,1
809,37.53,129.11,10.88,21.76,8.3,54.62,69.55,81.16,1,1
810,37.53,129.11,10.88,21.76,8.3,54.62,69.55,81.16,1,1
811,37.53,129.11,10.88,21.76,8.3,54.62,69.55,81.16,1,1
812,37.53,129.11,10.88,21.76,8.3,54.62,69.55,81.16,1,1
813,37.53,129.11,10.88,21.76,8.3,54.62,69.55,81.16,1,1
814,37.53,129.11,10.88,21.76,8.3,54.62,69.55,81.16,1,1
815,37.53,129.11,10.88,21.76,8.3,54.62,69.55,81.16,1,1
816,37.53,129.11,10.88,21.76,8.3,54.62,69.55,81.16,1,1
817,37.53,129.11,10.88,21.76,8.3,54.62,69.55,81.16,1,1
818,37.53,129.11,10.88,21.76,8.3,54.62,69.55,81.16,1,1
819,37.53,129.11,10.88,21.76,8.3,54.62,69.55,81.16,1,1
820,37.53,129.11,10.88,21.76,8.3,54.62,69.55,81.16,1,1
821,37.53,129.11,10.88,21.76,8.3,54.62,69.55,81.16,1,1
822,37.53,129.11,10.88,21.76,8.3,54.62,69.55,81.16,1,1
823,37.53,129.11,10.88,21.76,8.3,54.62,69.55,81.16,1,1
824,37.53,129.11,10.88,21.76,8.3,54.62,69.55,81.16,1,1
825,37.53,129.11,10.88,21.76,8.3,54.62,69.55,81.16,1,1
826,37.53,129.11,10.88,21.76,8.3,54.62,69.55,81.16,1,1
827,37.53,129.11,10.88,21.76,8.3,54.62,69.55,81.16,1,1
828,37.53,129.11,10.88,21.76,8.3,54.62,69.55,81.16,1,1
829,37.53,129.11,10.88,21.76,8.3,54.62,69.55,81.16,1,1
830,37.53,129.11,10.88,21.76,8.3,54.62,69.55,81.16,1,1
831,37.53,129.11,10.88,21.76,8.3,54.62,69.55,81.16,1,1
832,37.53,129.11,10.88,21.76,8.3,54.62,69.55,81.16,1,1
833,37.53,129.11,10.88,21.76,8.3,54.62,69.55,81.16,1,1
834,37.53,129.11,10.88,21.76,8.3,54.62,69.55,81.16,1,1
835,37.53,129.11,10.88,21.76,8.3,54.62,69.55,81.16,1,1
836,37.53,129.11,10.88,21.76,8.3,54.62,69.55,81.16,1,1
837,37.53,129.11,10.88,21.76,8.3,54.62,69.55,81.16,1,1
838,37.53,129.11,10.88,21.76,8.3,54.62,69.55,81.16,1,1
839,37.53,129.11,10.88,21.76,8.3,54.62,69.55,81.16,1,1
840,37.53,129.11,10.88,21.76,8.3,54.62,69.55,81.16,1,1
841,37.53,129.11,10.88,21.76,8.3,54.62,69.55,81.16,1,1
842,37.53,129.11,10.88,21.76,8.3,54.62,69.55,81.16,1,1
843,37.53,129.11,10.88,21.76,8.3,54.62,69.55,81.16,1,1
844,37.53,129.11,10.88,21.76,8.3,54.62,69.55,81.16,1,1
845,37.53,129.11,10.88,21.76,8.3,54.62,69.55,81.16,1,1
846,37.53,129.11,10.88,21.76,8.3,54.62,69.55,81.16,1,1
847,37.53,129.11,10.88,21.76,8.3,54.62,69.55,81.16,1,1
848,37.53,129.11,10.88,21.76,8.3,54.62,69.55,81.16,1,1
849,37.53,129.11,10.88,21.76,8.3,54.62,69.55,81.16,1,1
850,37.53,129.11,10.88,21.76,8.3,54.62,69.55,81.16,1,1
851,37.53,129.11,10.88,21.76,8.3,54.62,69.55,81.16,1,1
852,37.53,129.11,10.88,21.76,8.3,54.62,69.55,81.16,1,1
853,37.53,129.11,10.88,21.76,8.3,54.62,69.55,81.16,1,1
854,37.53,129.11,10.88,21.76,8.3,54.62,69.55,81.16,1,1
855,37.53,129.11,10.88,21.76,8.3,54.62,69.55,81.16,1,1
856,37.53,129.11,10.88,21.76,8.3,54.62,69.55,81.16,1,1
857,37.53,129.11,10.88,21.76,8.3,54.62,69.55,81.16,1,1
858,37.53,129.11,10.88,21.76,8.3,54.62,69.55,81.16,1,1
859,37.53,129.11,10.88,21.76,8.3,54.62,69.55,81.16,1,1
860,37.53,129.11,10.88,21.76,8.3,54.62,69.55,81.16,1,1
861,37.53,129.11,10.88,21.76,8.3,54.62,69.55,81.16,1,1
862,37.53,129.11,10.88,21.76,8.3,54.62,69.55,81.16,1,1
863,37.53,129.11,10.88,21.76,8.3,54.62,69.55,81.16,1,1
864,37.53,129.11,10.88,21.76,8.3,54.62,69.55,81.16,1,1
865,37.53,129.11,10.88,21.76,8.3,54.62,69.55,81.16,1,1
866,37.53,129.11,10.88,21.76,8.3,54.62,69.55,81.16,1,1
867,37.53,129.11,10.88,21.76,8.3,54.62,69.55,81.16,1,1
868,37.53,129.11,10.88,21.76,8.3,54.62,69.55,81.16,1,1
869,37.53,129.11,10.88,21.76,8.3,54.62,69.55,81.16,1,1
870,37.53,129.11,10.88,21.76,8.3,54.62,69.55,81.16,1,1
871,37.53,129.11,10.88,21.76,8.3,54.62,69.55,81.16,1,1
872,37.53,129.11,10.88,21.76,8.3,54.62,69.55,81.16,1,1
873,37.53,129.11,10.88,21.76,8.3,54.62,69.55,81.16,1,1
874,37.53,129.11,10.88,21.76,8.3,54.62,69.55,81.16,1,1
875,37.53,129.11,10.88,21.76,8.3,54.62,69.55,81.16,1,1
876,37.53,129.11,10.88,21.76,8.3,54.62,69.55,81.16,1,1
877,37.53,129.11,10.88,21.76,8.3,54.62,69.55,81.16,1,1
878,37.53,129.11,10.88,21.76,8.3,54.62,69.55,81.16,1,1
879,37.53,129.11,10.88,21.76,8.3,54.62,69.55,81.16,1,1
880,37.53,129.11,10.88,21.76,8.3,54.62,69.55,81.16,1,1
881,37.53,129.11,10.88,21.76,8.3,54.62,69.55,81.16,1,1
882,37.53,129.11,10.88,21.76,8.3,54.62,69.55,81.16,1,1
883,37.53,129.11,10.88,21.76,8.3,54.62,69.55,81.16,1,1
884,37.53,129.11,10.88,21.76,8.3,54.62,69.55,81.16,1,1
885,37.53,129.11,10.88,21.76,8.3,54.62,69.55,81.16,1,1
886,37.53,129.11,10.88,21.76,8.3,54.62,69.55,81.16,1,1
887,37.53,129.11,10.88,21.76,8.3,54.62,69.55,81.16,1,1
888,37.53,129.11,10.88,21.76,8.3,54.62,69.55,81.16,1,1
889,37.53,129.11,10.88,21.76,8.3,54.62,69.55,81.16,1,1
890,37.53,129.11,10.88,21.76,8.3,54.62,69.55,81.16,1,1
891,37.53,129.11,10.88,21.76,8.3,54.62,69.55,81.16,1,1
892,37.53,129.11,10.88,21.76,8.3,54.62,69.55,81.16,1,1
893,37.53,129.11,10.88,21.76,8.3,54.62,69.55,81.16,1,1
894,37.53,129.11,10.88,21.76,8.3,54.62,69.55,81.16,1,1
895,37.53,129.11,10.88,21.76,8.3,54.62,69.55,81.16,1,1
896,37.53,129.11,10.88,21.76,8.3,54.62,69.55,81.16,1,1
897,37.53,129.11,10.88,21.76,8.3,54.62,69.55,81.16,1,1
898,37.53,129.11,10.88,21.76,8.3,54.62,69.55,81.16,1,1
899,37.53,129.11,10.88,21.76,8.3,54.62,69.55,81.16,1,1
900,37.53,129.11,10.88,21.76,8.3,54.62,69.55,81.16,1,1
901,37.53,129.11,10.88,21.76,8.3,54.62,69.55,81.16,1,1
902,37.53,129.11,10.88,21.76,8.3,54.62,69.55,81.16,1,1
903,37.53,129.11,10.88,21.76,8.3,54.62,69.55,81.16,1,1
904,37.53,129.11,10.88,21.76,8.3,54.62,69.55,81.16,1,1
905,37.53,129.11,10.88,21.76,8.3,54.62,69.55,81.16,1,1
906,37.53,129.11,10.88,21.76,8.3,54.62,69.55,81.16,1,1
907,37.53,129.11,10.88,21.76,8.3,54.62,69.55,81.16,1,1
908,37.53,129.11,10.88,21.76,8.3,54.62,69.55,81.16,1,1
909,37.53,129.11,10.88,21.76,8.3,54.62,69.55,81.16,1,1
910,37.53,129.11,10.88,21.76,8.3,54.62,69.55,81.16,1,1
911,37.53,129.11,10.88,21.76,8.3,54.62,69.55,81.16,1,1
912,37.53,129.11,10.88,21.76,8.3,54.62,69.55,81.16,1,1
913,37.53,129.11,10.88,21.76,8.3,54.62,69.55,81.16,1,1
914,37.53,129.11,10.88,21.76,8.3,54.62,69.55,81.16,1,1
915,37.53,129.11,10.88,21.76,8.3,54.62,69.55,81.16,1,1
916,37.53,129.11,10.88,21.76,8.3,54.62,69.55,81.16,1,1
917,37.53,129.11,10.88,21.76,8.3,54.62,69.55,81.16,1,1
918,37.53,129.11,10.88,21.76,8.3,54.62,69.55,81.16,1,1
919,37.53,129.11,10.88,21.76,8.3,54.62,69.55,81.16,1,1
920,37.53,129.11,10.88,21.76,8.3,54.62,69.55,81.16,1,1
921,37.53,129.11,10.88,21.76,8.3,54.62,69.55,81.16,1,1
922,37.53,129.11,10.88,21.76,8.3,54.62,69.55,81.16,1,1
923,37.53,129.11,10.88,21.76,8.3,54.62,69.55,81.16,1,1
924,37.53,129.11,10.88,21.76,8.3,54.62,69.55,81.16,1,1
925,37.53,129.11,10.88,21.76,8.3,54.62,69.55,81.16,1,1
926,37.53,129.11,10.88,21.76,8.3,54.62,69.55,81.16,1,1
927,37.53,129.11,10.88,21.76,8.3,54.62,69.55,81.16,1,1
928,37.53,129.11,10.88,21.76,8.3,54.62,69.55,81.16,1,1
929,37.53,129.11,10.88,21.76,8.3,54.62,69.55,81.16,1,1
930,37.53,129.11,10.88,21.76,8.3,54.62,69.55,81.16,1,1
931,37.53,129.11,10.88,21.76,8.3,54.62,69.55,81.16,1,1
932,37.53,129.11,10.88,21.76,8.3,54.62,69.55,81.16,1,1
933,37.53,129.11,10.88,21.76,8.3,54.62,69.55,81.16,1,1
934,37.53,129.11,10.88,21.76,8.3,54.62,69.55,81.16,1,1
935,37.53,129.11,10.88,21.76,8.3,54.62,69.55,81.16,1,1
936,37.53,129.11,10.88,21.76,8.3,54.62,69.55,81.16,1,1
937,37.53,129.11,10.88,21.76,8.3,54.62,69.55,81.16,1,1
938,37.53,129.11,10.88,21.76,8.3,54.62,69.55,81.16,1,1
939,37.53,129.11,10.88,21.76,8.3,54.62,69.55,81.16,1,1
940,37.53,129.11,10.88,21.76,8.3,54.62,69.55,81.16,1,1
941,37.53,129.11,10.88,21.76,8.3,54.62,69.55,81.16,1,1
942,37.53,129.11,10.88,21.76,8.3,54.62,69.55,81.16,1,1
943,37.53,129.11,10.88,21.76,8.3,54.62,69.55,81.16,1,1
944,37.53,129.11,10.88,21.76,8.3,54.62,69.55,81.16,1,1
945,37.53,129.11,10.88,21.76,8.3,54.62,69.55,81.16,1,1
946,37.53,129.11,10.88,21.76,8.3,54.62,69.55,81.16,1,1
947,37.53,129.11,10.88,21.76,8.3,54.62,69.55,81.16,1,1
948,37.53,129.11,10.88,21.76,8.3,54.62,69.55,81.16,1,1
949,37.53,129.11,10.88,21.76,8.3,54.62,69.55,81.16,1,1
950,37.53,129.11,10.88,21.76,8.3,54.62,69.55,81.16,1,1
951,37.53,129.11,10.88,21.76,8.3,54.62,69.55,81.16,1,1
952,37.53,129.11,10.88,21.76,8.3,54.62,69.55,81.16,1,1
953,37.53,129.11,10.88,21.76,8.3,54.62,69.55,81.16,1,1
954,37.53,129.11,10.88,21.76,8.3,54.62,69.55,81.16,1,1
955,37.53,129.11,10.88,21.76,8.3,54.62,69.55,81.16,1,1
956,37.53,129.11,10.88,21.76,8.3,54.62,69.55,81.16,1,1
957,37.53,129.11,10.88,21.76,8.3,54.62,69.55,81.16,1,1
958,37.53,129.11,10.88,21.76,8.3,54.62,69.55,81.16,1,1
959,37.53,129.11,10.88,21.76,8.3,54.62,69.55,81.16,1,1
960,37.53,129.11,10.88,21.76,8.3,54.62,69.55,81.16,1,1
961,37.53,129.11,10.88,21.76,8.3,54.62,69.55,81.16,1,1
962,37.53,129.11,10.88,21.76,8.3,54.62,69.55,81.16,1,1
963,37.53,129.11,10.88,21.76,8.3,54.62,69.55,81.16,1,1
964,37.53,129.11,10.88,21.76,8.3,54.62,69.55,81.16,1,1
965,37.53,129.11,10.88,21.76,8.3,54.62,69.55,81.16,1,1
966,37.53,129.11,10.88,21.76,8.3,54.62,69.55,81.16,1,1
967,37.53,129.11,10.88,21.76,8.3,54.62,69.55,81.16,1,1
968,37.53,129.11,10.88,21.76,8.3,54.62,69.55,81.16,1,1
969,37.53,129.11,10.88,21.76,8.3,54.62,69.55,81.16,1,1
970,37.53,129.11,10.88,21.76,8.3,54.62,69.55,81.16,1,1
971,37.53,129.11,10.88,21.76,8.3,54.62,69.55,81.16,1,1
972,37.53,129.11,10.88,21.76,8.3,54.62,69.55,81.16,1,1
973,37.53,129.11,10.88,21.76,8.3,54.62,69.55,81.16,1,1
974,37.53,129.11,10.88,21.76,8.3,54.62,69.55,81.16,1,1
975,37.53,129.11,10.88,21.76,8.3,54.62,69.55,81.16,1,1
976,37.53,129.11,10.88,21.76,8.3,54.62,69.55,81.16,1,1
977,37.53,129.11,10.88,21.76,8.3,54.62,69.55,81.16,1,1
978,37.53,129.11,10.88,21.76,8.3,54.62,69.55,81.16,1,1
979,37.53,129.11,10.88,21.76,8.3,54.62,69.55,81.16,1,1
980,37.53,129.11,10.88,21.76,8.3,54.62,69.55,81.16,1,1
981,37.53,129.11,10.88,21.76,8.3,54.62,69.55,81.16,1,1
982,37.53,129.11,10.88,21.76,8.3,54.62,69.55,81.16,1,1
983,37.53,129.11,10.88,21.76,8.3,54.62,69.55,81.16,1,1
984,37.53,129.11,10.88,21.76,8.3,54.62,69.55,81.16,1,1
985,37.53,129.11,10.88,21.76,8.3,54.62,69.55,81.16,1,1
986,37.53,129.11,10.88,21.76,8.3,54.62,69.55,81.16,1,1
987,37.53,129.11,10.88,21.76,8.3,54.62,69.55,81.16,1,1
988,37.53,129.11,10.88,21.76,8.3,54.62,69.55,81.16,1,1
989,37.53,129.11,10.88,21.76,8.3,54.62,69.55,81.16,1,1
990,37.53,129.11,10.88,21.76,8.3,54.62,69.55,81.16,1,1
991,37.53,129.11,10.88,21.76,8.3,54.62,69.55,81.16,1,1
992,37.53,129.11,10.88,21.76,8.3,54.62,69.55,81.16,1,1
993,37.53,129.11,10.88,21.76,8.3,54.62,69.55,81.16,1,1
994,37.53,129.11,10.88,21.76,8.3,54.62,69.55,81.16,1,1
995,37.53,129.11,10.88,21.76,8.3,54.62,69.55,81.16,1,1
996,37.53,129.11,10.88,21.76,8.3,54.62,69.55,81.16,1,1
997,37.53,129.11,10.88,21.76,8.3,54.62,69.55,81.16,1,1
998,37.53,129.11,10.88,21.76,8.3,54.62,69.55,81.16,1,1
999,37.53,129.11,10.88,21.76,8.3,54.62,69.55,81.16,1,1
1000,37.53,129.11,10.88,21.76,8.3,54.62,69.55,81.16,1,1
1001,37.53,129.11,10.88,21.76,8.3,54.62,69.55,81.16,1,1
1002,37.53,129.11,10.88,21.76,8.3,54.62,69.55,81.16,1,1
1003,37.53,129.11,10.88,21.76,8.3,54.62,69.55,81.16,1,1
1004,37.53,129.11,10.88,21.76,8.3,54.62,69.55,81.16,1,1
1005,37.53,129.11,10.88,21.76,8.3,54.62,69.55,81.16,1,1
1006,37.53,129.11,10.88,21.76,8.3,54.62,69.55,81.16,1,1
1007,37.53,129.11,10.88,21.76,8.3,54.62,69.55,81.16,1,1
1008,37.53,129.11,10.88,21.76,8.3,54.62,69.55,81.16,1,1
1009,37.53,129.11,10.88,21.76,8.3,54.62,69.55,81.16,1,1
1010,37.53,129.11,10.88,21.76,8.3,54.62,69.55,81.16,1,1
1011,37.53,129.11,10.88,21.76,8.3,54.62,69.55,81.16,1,1
1012,37.53,129.11,10.88,21.76,8.3,54.62,69.55,81.16,1,1
1013,37.53,129.11,10.88,21.76,8.3,54.62,69.55,81.16,1,1
1014,37.53,129.11,10.88,21.76,8.3,54.62,69.55,81.16,1,1
1015,37.53,129.11,10.88,21.76,8.3,54.62,69.55,81.16,1,1
1016,37.53,129.11,10.88,21.76,8.3,54.62,69.55,81.16,1,1
1017,37.53,129.11,10.88,21.76,8.3,54.62,69.55,81.16,1,1
1018,37.53,129.11,10.88,21.76,8.3,54.62,69.55,81.16,1,1
1019,37.53,129.11,10.88,21.76,8.3,54.62,69.55,81.16,1,1
1020,37.53,129.11,10.88,21.76,8.3,54.62,69.55,81.16,1,1
1021,37.53,129.11,10.88,21.76,8.3,54.62,69.55,81.16,1,1
1022,37.53,129.11,10.88,21.76,8.3,54.62,69.55,81.16,1,1
1023,37.53,129.11,10.88,21.76,8.3,54.62,69.55,81.16,1,1
1024,37.53,129.11,10.88,21.76,8.3,54.62,69.55,81.16,1,1
1025,37.53,129.11,10.88,21.76,8.3,54.62,69.55,81.16,1,1
1026,37.53,129.11,10.88,21.76,8.3,54.62,69.55,81.16,1,1
1027,37.53,129.11,10.88,21.76,8.3,54.62,69.55,81.16,1,1
1028,37.53,129.11,10.88,21.76,8.3,54.62,69.55,81.16,1,1
1029,37.53,129.11,10.88,21.76,8.3,54.62,69.55,81.16,1,1
1030,37.53,129.11,10.88,21.76,8.3,54.62,69.55,81.16,1,1
1031,37.53,129.11,10.88,21.76,8.3,54.62,69.55,81.16,1,1
1032,37.53,129.11,10.88,21.76,8.3,54.62,69.55,81.16,1,1
1033,37.53,129.11,10.88,21.76,8.3,54.62,69.55,81.16,1,1
1034,37.53,129.11,10.88,21.76,8.3,54.62,69.55,81.16,1,1
1035,37.53,129.11,10.88,21.76,8.3,54.62,69.55,81.16,1,1
1036,37.53,129.11,10.88,21.76,8.3,54.62,69.55,81.16,1,1
1037,37.53,129.11,10.88,21.76,8.3,54.62,69.55,81.16,1,1
1038,37.53,129.11,10.88,21.76,8.3,54.62,69.55,81.16,1,1
1039,37.53,129.11,10.88,21.76,8.3,54.62,69.55,81.16,1,1
1040,37.53,129.11,10.88,21.76,8.3,54.62,69.55,81.16,1,1
1041,37.53,129.11,10.88,21.76,8.3,54.62,69.55,81.16,1,1
1042,37.53,129.11,10.88,21.76,8.3,54.62,69.55,81.16,1,1
1043,37.53,129.11,10.88,21.76,8.3,54.62,69.55,81.16,1,1
1044,37.53,129.11,10.88,21.76,8.3,54.62,69.55,81.16,1,1
1045,37.53,129.11,10.88,21.76,8.3,54.62,69.55,81.16,1,1
1046,37.53,129.11,10.88,21.76,8.3,54.62,69.55,81.16,1,1
1047,37.53,129.11,10.88,21.76,8.3,54.62,69.55,81.16,1,1
1048,37.53,129.11,10.88,21.76,8.3,54.62,69.55,81.16,1,1
1049,37.53,129.11,10.88,21.76,8.3,54.62,69.55,81.16,1,1
1050,37.53,129.11,10.88,21.76,8.3,54.62,69.55,81.16,1,1
1051,37.53,129.11,10.88,21.76,8.3,54.62,69.55,81.16,1,1
1052,37.53,129.11,10.88,21.76,8.3,54.62,69.55,81.16,1,1
1053,37.53,129.11,10.88,21.76,8.3,54.62,69.55,81.16,1,1
1054,37.53,129.11,10.88,21.76,8.3,54.62,69.55,81.16,1,1
1055,37.53,129.11,10.88,21.76,8.3,54.62,69.55,81.16,1,1
1056,37.53,129.11,10.88,21.76,8.3,54.62,69.55,81.16,1,1
1057,37.53,129.11,10.88,21.76,8.3,54.62,69.55,81.16,1,1
1058,37.53,129.11,10.88,21.76,8.3,54.62,69.55,81.16,1,1
1059,37.53,129.11,10.88,21.76,8.3,54.62,69.55,81.16,1,1
1060,37.53,129.11,10.88,21.76,8.3,54.62,69.55,81.16,1,1
1061,37.53,129.11,10.88,21.76,8.3,54.62,69.55,81.16,1,1
1062,37.53,129.11,10.88,21.76,8.3,54.62,69.55,81.16,1,1
1063,37.53,129.11,10.88,21.76,8.3,54.62,69.55,81.16,1,1
1064,37.53,129.11,10.88,21.76,8.3,54.62,69.55,81.16,1,1
1065,37.53,129.11,10.88,21.76,8.3,54.62,69.55,81.16,1,1
1066,37.53,129.11,10.88,21.76,8.3,54.62,69.55,81.16,1,1
1067,37.53,129.11,10.88,21.76,8.3,54.62,69.55,81.16,1,1
1068,37.53,129.11,10.88,21.76,8.3,54.62,69.55,81.16,1,1
1069,37.53,129.11,10.88,21.76,8.3,54.62,69.55,81.16,1,1
1070,37.53,129.11,10.88,21.76,8.3,54.62,69.55,81.16,1,1
1071,37.53,129.11,10.88,21.76,8.3,54.62,69.55,81.16,1,1
1072,37.53,129.11,10.88,21.76,8.3,54.62,69.55,81.16,1,1
1073,37.53,129.11,10.88,21.76,8.3,54.62,69.55,81.16,1,1
1074,37.53,129.11,10.88,21.76,8.3,54.62,69.55,81.16,1,1
1075,37.53,129.11,10.88,21.76,8.3,54.62,69.55,81.16,1,1
1076,37.53,129.11,10.88,21.76,8.3,54.62,69.55,81.16,1,1
1077,37.53,129.11,10.88,21.76,8.3,54.62,69.55,81.16,1,1
1078,37.53,129.11,10.88,21.76,8.3,54.62,69.55,81.16,1,1
1079,37.53,129.11,10.88,21.76,8.3,54.62,69.55,81.16,1,1
1080,37.53,129.11,10.88,21.76,8.3,54.62,69.55,81.16,1,1
1081,37.53,129.11,10.88,21.76,8.3,54.62,69.55,81.16,1,1
1082,37.53,129.11,10.88,21.76,8.3,54.62,69.55,81.16,1,1
1083,37.53,129.11,10.88,21.76,8.3,54.62,69.55,81.16,1,1
1084,37.53,129.11,10.88,21.76,8.3,54.62,69.55,81.16,1,1
1085,37.53,129.11,10.88,21.76,8.3,54.62,69.55,81.16,1,1
1086,37.53,129.11,10.88,21.76,8.3,54.62,69.55,81.16,1,1
1087,37.53,129.11,10.88,21.76,8.3,54.62,69.55,81.16,1,1
1088,37.53,129.11,10.88,21.76,8.3,54.62,69.55,81.16,1,1
1089,37.53,129.11,10.88,21.76,8.3,54.62,69.55,81.16,1,1
1090,37.53,129.11,10.88,21.76,8.3,54.62,69.55,81.16,1,1
1091,37.53,129.11,10.88,21.76,8.3,54.62,69.55,81.16,1,1
1092,37.53,129.11,10.88,21.76,8.3,54.62,69.55,81.16,1,1
1093,37.53,129.11,10.88,21.76,8.3,54.62,69.55,81.16,1,1
1094,37.53,129.11,10.88,21.76,8.3,54.62,69.55,81.16,1,1
1095,37.53,129.11,10.88,21.76,8.3,54.62,69.55,81.16,1,1
1096,37.53,129.11,10.88,21.76,8.3,54.62,69.55,81.16,1,1
1097,37.53,129.11,10.88,21.76,8.3,54.62,69.55,81.16,1,1
1098,37.53,129.11,10.88,21.76,8.3,54.62,69.55,81.16,1,1
1099,37.53,129.11,10.88,21.76,8.3,54.62,69.55,81.16,1,1
1100,37.53,129.11,10.88,21.76,8.3,54.62,69.55,81.16,1,1
1101,37.53,129.11,10.88,21.76,8.3,54.62,69.55,81.16,1,1
1102,37.53,129.11,10.88,21.76,8.3,54.62,69.55,81.16,1,1
1103,37.53,129.11,10.88,21.76,8.3,54.62,69.55,81.16,1,1
1104,37.53,129.11,10.88,21.76,8.3,54.62,69.55,81.16,1,1
1105,37.53,129.11,10.88,21.76,8.3,54.62,69.55,81.16,1,1
1106,37.53,129.11,10.88,21.76,8.3,54.62,69.55,81.16,1,1
1107,37.53,129.11,10.88,21.76,8.3,54.62,69.55,81.16,1,1
1108,37.53,129.11,10.88,21.76,8.3,54.62,69.55,81.16,1,1
1109,37.53,129.11,10.88,21.76,8.3,54.62,69.55,81.16,1,1
1110,37.53,129.11,10.88,21.76,8.3,54.62,69.55,81.16,1,1
1111,37.53,129.11,10.88,21.76,8.3,54.62,69.55,81.16,1,1
1112,37.53,129.11,10.88,21.76,8.3,54.62,69.55,81.16,1,1
1113,37.53,129.11,10.88,21.76,8.3,54.62,69.55,81.16,1,1
1114,37.53,129.11,10.88,21.76,8.3,54.62,69.55,81.16,1,1
1115,37.53,129.11,10.88,21.76,8.3,54.62,69.55,81.16,1,1
1116,37.53,129.11,10.88,21.76,8.3,54.62,69.55,81.16,1,1
1117,37.53,129.11,10.88,21.76,8.3,54.62,69.55,81.16,1,1
1118,37.53,129.11,10.88,21.76,8.3,54.62,69.55,81.16,1,1
1119,37.53,129.11,10.88,21.76,8.3,54.62,69.55,81.16,1,1
1120,37.53,129.11,10.88,21.76,8.3,54.62,69.55,81.16,1,1
1121,37.53,129.11,10.88,21.76,8.3,54.62,69.55,81.16,1,1
1122,37.53,129.11,10.88,21.76,8.3,54.62,69.55,81.16,1,1
1123,37.53,129.11,10.88,21.76,8.3,54.62,69.55,81.16,1,1
1124,37.53,129.11,10.88,21.76,8.3,54.62,69.55,81.16,1,1
1125,37.53,129.11,10.88,21.76,8.3,54.62,69.55,81.16,1,1
1126,37.53,129.11,10.88,21.76,8.3,54.62,69.55,81.16,1,1
1127,37.53,129.11,10.88,21.76,8.3,54.62,69.55,81.16,1,1
1128,37.53,129.11,10.88,21.76,8.3,54.62,69.55,81.16,1,1
1129,37.53,129.11,10.88,21.76,8.3,54.62,69.55,81.16,1,1
1130,37.53,129.11,10.88,21.76,8.3,54.62,69.55,81.16,1,1
1131,37.53,129.11,10.88,21.76,8.3,54.62,69.55,81.16,1,1
1132,37.53,129.11,10.88,21.76,8.3,54.62,69.55,81.16,1,1
1133,37.53,129.11,10.88,21.76,8.3,54.62,69.55,81.16,1,1
1134,37.53,129.11,10.88,21.76,8.3,54.62,69.55,81.16,1,1
1135,37.53,129.11,10.88,21.76,8.3,54.62,69.55,81.16,1,1
1136,37.53,129.11,10.88,21.76,8.3,54.62,69.55,81.16,1,1
1137,37.53,129.11,10.88,21.76,8.3,54.62,69.55,81.16,1,1
1138,37.53,129.11,10.88,21.76,8.3,54.62,69.55,81.16,1,1
1139,37.53,129.11,10.88,21.76,8.3,54.62,69.55,81.16,1,1
1140,37.53,129.11,10.88,21.76,8.3,54.62,69.55,81.16,1,1
1141,37.53,129.11,10.88,21.76,8.3,54.62,69.55,81.16,1,1
1142,37.53,129.11,10.88,21.76,8.3,54.62,69.55,81.16,1,1
1143,37.53,129.11,10.88,21.76,8.3,54.62,69.55,81.16,1,1
1144,37.53,129.11,10.88,21.76,8.3,54.62,69.55,81.16,1,1
1145,37.53,129.11,10.88,21.76,8.3,54.62,69.55,81.16,1,1
1146,37.53,129.11,10.88,21.76,8.3,54.62,69.55,81.16,1,1
1147,37.53,129.11,10.88,21.76,8.3,54.62,69.55,81.16,1,1
1148,37.53,129.11,10.88,21.76,8.3,54.62,69.55,81.16,1,1
1149,37.53,129.11,10.88,21.76,8.3,54.62,69.55,81.16,1,1
1150,37.53,129.11,10.88,21.76,8.3,54.62,69.55,81.16,1,1
1151,37.53,129.11,10.88,21.76,8.3,54.62,69.55,81.16,1,1
1152,37.53,129.11,10.88,21.76,8.3,54.62,69.55,81.16,1,1
1153,37.53,129.11,10.88,21.76,8.3,54.62,69.55,81.16,1,1
1154,37.53,129.11,10.88,21.76,8.3,54.62,69.55,81.16,1,1
1155,37.53,129.11,10.88,21.76,8.3,54.62,69.55,81.16,1,1
1156,37.53,129.11,10.88,21.76,8.3,54.62,69.55,81.16,1,1
1157,37.53,129.11,10.88,21.76,8.3,54.62,69.55,81.16,1,1
1158,37.53,129.11,10.88,21.76,8.3,54.62,69.55,81.16,1,1
1159,37.53,129.11,10.88,21.76,8.3,54.62,69.55,81.16,1,1
1160,37.53,129.11,10.88,21.76,8.3,54.62,69.55,81.16,1,1
1161,37.53,129.11,10.88,21.76,8.3,54.62,69.55,81.16,1,1
1162,37.53,129.11,10.88,21.76,8.3,54.62,69.55,81.16,1,1
1163,37.53,129.11,10.88,21.76,8.3,54.62,69.55,81.16,1,1
1164,37.53,129.11,10.88,21.76,8.3,54.62,69.55,81.16,1,1
1165,37.53,129.11,10.88,21.76,8.3,54.62,69.55,81.16,1,1
1166,37.53,129.11,10.88,21.76,8.3,54.62,69.55,81.16,1,1
1167,37.53,129.11,10.88,21.76,8.3,54.62,69.55,81.16,1,1
1168,37.53,129.11,10.88,21.76,8.3,54.62,69.55,81.16,1,1
1169,37.53,129.11,10.88,21.76,8.3,54.62,69.55,81.16,1,1
1170,37.53,129.11,10.88,21.76,8.3,54.62,69.55,81.16,1,1
1171,37.53,129.11,10.88,21.76,8.3,54.62,69.55,81.16,1,1
1172,37.53,129.11,10.88,21.76,8.3,54.62,69.55,81.16,1,1
1173,37.53,129.11,10.88,21.76,8.3,54.62,69.55,81.16,1,1
1174,37.53,129.11,10.88,21.76,8.3,54.62,69.55,81.16,1,1
1175,37.53,129.11,10.88,21.76,8.3,54.62,69.55,81.16,1,1
1176,37.53,129.11,10.88,21.76,8.3,54.62,69.55,81.16,1,1
1177,37.53,129.11,10.88,21.76,8.3,54.62,69.55,81.16,1,1
1178,37.53,129.11,10.88,21.76,8.3,54.62,69.55,81.16,1,1
1179,37.53,129.11,10.88,21.76,8.3,54.62,69.55,81.16,1,1
1180,37.53,129.11,10.88,21.76,8.3,54.62,69.55,81.16,1,1
1181,37.53,129.11,10.88,21.76,8.3,54.62,69.55,81.16,1,1
1182,37.53,129.11,10.88,21.76,8.3,54.62,69.55,81.16,1,1
1183,37.53,129.11,10.88,21.76,8.3,54.62,69.55,81.16,1,1
1184,37.53,129.11,10.88,21.76,8.3,54.62,69.55,81.16,1,1
1185,37.53,129.11,10.88,21.76,8.3,54.62,69.55,81.16,1,1
1186,37.53,129.11,10.88,21.76,8.3,54.62,69.55,81.16,1,1
1187,37.53,129.11,10.88,21.76,8.3,54.62,69.55,81.16,1,1
1188,37.53,129.11,10.88,21.76,8.3,54.62,69.55,81.16,1,1
1189,37.53,129.11,10.88,21.76,8.3,54.62,69.55,81.16,1,1
1190,37.53,129.11,10.88,21.76,8.3,54.62,69.55,81.16,1,1
1191,37.53,129.11,10.88,21.76,8.3,54.62,69.55,81.16,1,1
1192,37.53,129.11,10.88,21.76,8.3,54.62,69.55,81.16,1,1
1193,37.53,129.11,10.88,21.76,8.3,54.62,69.55,81.16,1,1
1194,37.53,129.11,10.88,21.76,8.3,54.62,69.55,81.16,1,1
1195,37.53,129.11,10.88,21.76,8.3,54.62,69.55,81.16,1,1
1196,37.53,129.11,10.88,21.76,8.3,54.62,69.55,81.16,1,1
1197,37.53,129.11,10.88,21.76,8.3,54.62,69.55,81.16,1,1
1198,37.53,129.11,10.88,21.76,8.3,54.62,69.55,81.16,1,1
1199,37.53,129.11,10.88,21.76,8.3,54.62,69.55,81.16,1,1
1200,37.53,129.11,10.88,21.76,8.3,54.62,69.55,81.16,1,1
1201,37.53,129.11,10.88,21.76,8.3,54.62,69.55,81.16,1,1
1202,37.53,129.11,10.88,21.76,8.3,54.62,69.55,81.16,1,1
1203,37.53,129.11,10.88,21.76,8.3,54.62,69.55,81.16,1,1
1204,37.53,129.11,10.88,21.76,8.3,54.62,69.55,81.16,1,1
1205,37.53,129.11,10.88,21.76,8.3,54.62,69.55,81.16,1,1
1206,37.53,129.11,10.88,21.76,8.3,54.62,69.55,81.16,1,1
1207,37.53,129.11,10.88,21.76,8.3,54.62,69.55,81.16,1,1
1208,37.53,129.11,10.88,21.76,8.3,54.62,69.55,81.16,1,1
1209,37.53,129.11,10.88,21.76,8.3,54.62,69.55,81.16,1,1
1210,37.53,129.11,10.88,21.76,8.3,54.62,69.55,81.16,1,1
1211,37.53,129.11,10.88,21.76,8.3,54.62,69.55,81.16,1,1
1212,37.53,129.11,10.88,21.76,8.3,54.62,69.55,81.16,1,1
1213,37.53,129.11,10.88,21.76,8.3,54.62,69.55,81.16,1,1
1214,37.53,129.11,10.88,21.76,8.3,54.62,69.55,81.16,1,1
1215,37.53,129.11,10.88,21.76,8.3,54.62,69.55,81.16,1,1
1216,37.53,129.11,10.88,21.76,8.3,54.62,69.55,81.16,1,1
1217,37.53,129.11,10.88,21.76,8.3,54.62,69.55,81.16,1,1
1218,37.53,129.11,10.88,21.76,8.3,54.62,69.55,81.16,1,1
1219,37.53,129.11,10.88,21.76,8.3,54.62,69.55,81.16,1,1
1220,37.53,129.11,10.88,21.76,8.3,54.62,69.55,81.16,1,1
1221,37.53,129.11,10.88,21.76,8.3,54.62,69.55,81.16,1,1
1222,37.53,129.11,10.88,21.76,8.3,54.62,69.55,81.16,1,1
1223,37.53,129.11,10.88,21.76,8.3,54.62,69.55,81.16,1,1
1224,37.53,129.11,10.88,21.76,8.3,54.62,69.55,81.16,1,1
1225,37.53,129.11,10.88,21.76,8.3,54.62,69.55,81.16,1,1
1226,37.53,129.11,10.88,21.76,8.3,54.62,69.55,81.16,1,1
1227,37.53,129.11,10.88,21.76,8.3,54.62,69.55,81.16,1,1
1228,37.53,129.11,10.88,21.76,8.3,54.62,69.55,81.16,1,1
1229,37.53,129.11,10.88,21.76,8.3,54.62,69.55,81.16,1,1
1230,37.53,129.11,10.88,21.76,8.3,54.62,69.55,81.16,1,1
1231,37.53,129.11,10.88,21.76,8.3,54.62,69.55,81.16,1,1
1232,37.53,129.11,10.88,21.76,8.3,54.62,69.55,81.16,1,1
1233,37.53,129.11,10.88,21.76,8.3,54.62,69.55,81.16,1,1
1234,37.53,129.11,10.88,21.76,8.3,54.62,69.55,81.16,1,1
1235,37.53,129.11,10.88,21.76,8.3,54.62,69.55,81.16,1,1
1236,37.53,129.11,10.88,21.76,8.3,54.62,69.55,81.16,1,1
1237,37.53,129.11,10.88,21.76,8.3,54.62,69.55,81.16,1,1
1238,37.53,129.11,10.88,21.76,8.3,54.62,69.55,81.16,1,1
1239,37.53,129.11,10.88,21.76,8.3,54.62,69.55,81.16,1,1
1240,37.53,129.11,10.88,21.76,8.3,54.62,69.55,81.16,1,1
1241,37.53,129.11,10.88,21.76,8.3,54.62,69.55,81.16,1,1
1242,37.53,129.11,10.88,21.76,8.3,54.62,69.55,81.16,1,1
1243,37.53,129.11,10.88,21.76,8.3,54.62,69.55,81.16,1,1
1244,37.53,129.11,10.88,21.76,8.3,54.62,69.55,81.16,1,1
1245,37.53,129.11,10.88,21.76,8.3,54.62,69.55,81.16,1,1
1246,37.53,129.11,10.88,21.76,8.3,54.62,69.55,81.16,1,1
1247,37.53,129.11,10.88,21.76,8.3,54.62,69.55,81.16,1,1
1248,37.53,129.11,10.88,21.76,8.3,54.62,69.55,81.16,1,1
1249,37.53,129.11,10.88,21.76,8.3,54.62,69.55,81.16,1,1
1250,37.53,129.11,10.88,21.76,8.3,54.62,69.55,81.16,1,1
1251,37.53,129.11,10.88,21.76,8.3,54.62,69.55,81.16,1,1
1252,37.53,129.11,10.88,21.76,8.3,54.62,69.55,81.16,1,1
1253,37.53,129.11,10.88,21.76,8.3,54.62,69.55,81.16,1,1
1254,37.53,129.11,10.88,21.76,8.3,54.62,69.55,81.16,1,1
1255,37.53,129.11,10.88,21.76,8.3,54.62,69.55,81.16,1,1
1256,37.53,129.11,10.88,21.76,8.3,54.62,69.55,81.16,1,1
1257,37.53,129.11,10.88,21.76,8.3,54.62,69.55,81.16,1,1
1258,37.53,129.11,10.88,21.76,8.3,54.62,69.55,81.16,1,1
1259,37.53,129.11,10.88,21.76,8.3,54.62,69.55,81.16,1,1
1260,37.53,129.11,10.88,21.76,8.3,54.62,69.55,81.16,1,1
1261,37.53,129.11,10.88,21.76,8.3,54.62,69.55,81.16,1,1
1262,37.53,129.11,10.88,21.76,8.3,54.62,69.55,81.16,1,1
1263,37.53,129.11,10.88,21.76,8.3,54.62,69.55,81.16,1,1
1264,37.53,129.11,10.88,21.76,8.3,54.62,69.55,81.16,1,1
1265,37.53,129.11,10.88,21.76,8.3,54.62,69.55,81.16,1,1
1266,37.53,129.11,10.88,21.76,8.3,54.62,69.55,81.16,1,1
1267,37.53,129.11,10.88,21.76,8.3,54.62,69.55,81.16,1,1
1268,37.53,129.11,10.88,21.76,8.3,54.62,69.55,81.16,1,1
1269,37.53,129.11,10.88,21.76,8.3,54.62,69.55,81.16,1,1
1270,37.53,129.11,10.88,21.76,8.3,54.62,69.55,81.16,1,1
1271,37.53,129.11,10.88,21.76,8.3,54.62,69.55,81.16,1,1
1272,37.53,129.11,10.88,21.76,8.3,54.62,69.55,81.16,1,1
1273,37.53,129.11,10.88,21.76,8.3,54.62,69.55,81.16,1,1
1274,37.53,129.11,10.88,21.76,8.3,54.62,69.55,81.16,1,1
1275,37.53,129.11,10.88,21.76,8.3,54.62,69.55,81.16,1,1
1276,37.53,129.11,10.88,21.76,8.3,54.62,69.55,81.16,1,1
1277,37.53,129.11,10.88,21.76,8.3,54.62,69.55,81.16,1,1
1278,37.53,129.11,10.88,21.76,8.3,54.62,69.55,81.16,1,1
1279,37.53,129.11,10.88,21.76,8.3,54.62,69.55,81.16,1,1
1280,37.53,129.11,10.88,21.76,8.3,54.62,69.55,81.16,1,1
1281,37.53,129.11,10.88,21.76,8.3,54.62,69.55,81.16,1,1
1282,37.53,129.11,10.88,21.76,8.3,54.62,69.55,81.16,1,1
1283,37.53,129.11,10.88,21.76,8.3,54.62,69.55,81.16,1,1
1284,37.53,129.11,10.88,21.76,8.3,54.62,69.55,81.16,1,1
1285,37.53,129.11,10.88,21.76,8.3,54.62,69.55,81.16,1,1
1286,37.53,129.11,10.88,21.76,8.3,54.62,69.55,81.16,1,1
1287,37.53,129.11,10.88,21.76,8.3,54.62,69.55,81.16,1,1
1288,37.53,129.11,10.88,21.76,8.3,54.62,69.55,81.16,1,1
1289,37.53,129.11,10.88,21.76,8.3,54.62,69.55,81.16,1,1
1290,37.53,129.11,10.88,21.76,8.3,54.62,69.55,81.16,1,1
1291,37.53,129.11,10.88,21.76,8.3,54.62,69.55,81.16,1,1
1292,37.53,129.11,10.88,21.76,8.3,54.62,69.55,81.16,1,1
1293,37.53,129.11,10.88,21.76,8.3,54.62,69.55,81.16,1,1
1294,37.53,129.11,10.88,21.76,8.3,54.62,69.55,81.16,1,1
1295,37.53,129.11,10.88,21.76,8.3,54.62,69.55,81.16,1,1
1296,37.53,129.11,10.88,21.76,8.3,54.62,69.55,81.16,1,1
1297,37.53,129.11,10.88,21.76,8.3,54.62,69.55,81.16,1,1
1298,37.53,129.11,10.88,21.76,8.3,54.62,69.55,81.16,1,1
1299,37.53,129.11,10.88,21.76,8.3,54.62,69.55,81.16,1,1
1300,37.53,129.11,10.88,21.76,8.3,54.62,69.55,81.16,1,1
1301,37.53,129.11,10.88,21.76,8.3,54.62,69.55,81.16,1,1
1302,37.53,129.11,10.88,21.76,8.3,54.62,69.55,81.16,1,1
1303,37.53,129.11,10.88,21.76,8.3,54.62,69.55,81.16,1,1
1304,37.53,129.11,10.88,21.76,8.3,54.62,69.55,81.16,1,1
1305,37.53,129.11,10.88,21.76,8.3,54.62,69.55,81.16,1,1
1306,37.53,129.11,10.88,21.76,8.3,54.62,69.55,81.16,1,1
1307,37.53,129.11,10.88,21.76,8.3,54.62,69.55,81.16,1,1
1308,37.53,129.11,10.88,21.76,8.3,54.62,69.55,81.16,1,1
1309,37.53,129.11,10.88,21.76,8.3,54.62,69.55,81.16,1,1
1310,37.53,129.11,10.88,21.76,8.3,54.62,69.55,81.16,1,1
1311,37.53,129.11,10.88,21.76,8.3,54.62,69.55,81.16,1,1
1312,37.53,129.11,10.88,21.76,8.3,54.62,69.55,81.16,1,1
1313,37.53,129.11,10.88,21.76,8.3,54.62,69.55,81.16,1,1
1314,37.53,129.11,10.88,21.76,8.3,54.62,69.55,81.16,1,1
1315,37.53,129.11,10.88,21.76,8.3,54.62,69.55,81.16,1,1
1316,37.53,129.11,10.88,21.76,8.3,54.62,69.55,81.16,1,1
1317,37.53,129.11,10.88,21.76,8.3,54.62,69.55,81.16,1,1
1318,37.53,129.11,10.88,21.76,8.3,54.62,69.55,81.16,1,1
1319,37.53,129.11,10.88,21.76,8.3,54.62,69.55,81.16,1,1
1320,37.53,129.11,10.88,21.76,8.3,54.62,69.55,81.16,1,1
1321,37.53,129.11,10.88,21.76,8.3,54.62,69.55,81.16,1,1
1322,37.53,129.11,10.88,21.76,8.3,54.62,69.55,81.16,1,1
1323,37.53,129.11,10.88,21.76,8.3,54.62,69.55,81.16,1,1
1324,37.53,129.11,10.88,21.76,8.3,54.62,69.55,81.16,1,1
1325,37.53,129.11,10.88,21.76,8.3,54.62,69.55,81.16,1,1
1326,37.53,129.11,10.88,21.76,8.3,54.62,69.55,81.16,1,1
1327,37.53,129.11,10.88,21.76,8.3,54.62,69.55,81.16,1,1
1328,37.53,129.11,10.88,21.76,8.3,54.62,69.55,81.16,1,1
1329,37.53,129.11,10.88,21.76,8.3,54.62,69.55,81.16,1,1
1330,37.53,129.11,10.88,21.76,8.3,54.62,69.55,81.16,1,1
1331,37.53,129.11,10.88,21.76,8.3,54.62,69.55,81.16,1,1
1332,37.53,129.11,10.88,21.76,8.3,54.62,69.55,81.16,1,1
1333,37.53,129.11,10.88,21.76,8.3,54.62,69.55,81.16,1,1
1334,37.53,129.11,10.88,21.76,8.3,54.62,69.55,81.16,1,1
1335,37.53,129.11,10.88,21.76,8.3,54.62,69.55,81.16,1,1
1336,37.53,129.11,10.88,21.76,8.3,54.62,69.55,81.16,1,1
1337,37.53,129.11,10.88,21.76,8.3,54.62,69.55,81.16,1,1
1338,37.53,129.11,10.88,21.76,8.3,54.62,69.55,81.16,1,1
1339,37.53,129.11,10.88,21.76,8.3,54.62,69.55,81.16,1,1
1340,37.53,129.11,10.88,21.76,8.3,54.62,69.55,81.16,1,1
1341,37.53,129.11,10.88,21.76,8.3,54.62,69.55,81.16,1,1
1342,37.53,129.11,10.88,21.76,8.3,54.62,69.55,81.16,1,1
1343,37.53,129.11,10.88,21.76,8.3,54.62,69.55,81.16,1,1
1344,37.53,129.11,10.88,21.76,8.3,54.62,69.55,81.16,1,1
1345,37.53,129.11,10.88,21.76,8.3,54.62,69.55,81.16,1,1
1346,37.53,129.11,10.88,21.76,8.3,54.62,69.55,81.16,1,1
1347,37.53,129.11,10.88,21.76,8.3,54.62,69.55,81.16,1,1
1348,37.53,129.11,10.88,21.76,8.3,54.62,69.55,81.16,1,1
1349,37.53,129.11,10.88,21.76,8.3,54.62,69.55,81.16,1,1
1350,37.53,129.11,10.88,21.76,8.3,54.62,69.55,81.16,1,1
1351,37.53,129.11,10.88,21.76,8.3,54.62,69.55,81.16,1,1
1352,37.53,129.11,10.88,21.76,8.3,54.62,69.55,81.16,1,1
1353,37.53,129.11,10.88,21.76,8.3,54.62,69.55,81.16,1,1
1354,37.53,129.11,10.88,21.76,8.3,54.62,69.55,81.16,1,1
1355,37.53,129.11,10.88,21.76,8.3,54.62,69.55,81.16,1,1
1356,37.53,129.11,10.88,21.76,8.3,54.62,69.55,81.16,1,1
1357,37.53,129.11,10.88,21.76,8.3,54.62,69.55,81.16,1,1
1358,37.53,129.11,10.88,21.76,8.3,54.62,69.55,81.16,1,1
1359,37.53,129.11,10.88,21.76,8.3,54.62,69.55,81.16,1,1
1360,37.53,129.11,10.88,21.76,8.3,54.62,69.55,81.16,1,1
1361,37.53,129.11,10.88,21.76,8.3,54.62,69.55,81.16,1,1
1362,37.53,129.11,10.88,21.76,8.3,54.62,69.55,81.16,1,1
1363,37.53,129.11,10.88,21.76,8.3,54.62,69.55,81.16,1,1
1364,37.53,129.11,10.88,21.76,8.3,54.62,69.55,81.16,1,1
1365,37.53,129.11,10.88,21.76,8.3,54.62,69.55,81.16,1,1
1366,37.53,129.11,10.88,21.76,8.3,54.62,69.55,81.16,1,1
1367,37.53,129.11,10.88,21.76,8.3,54.62,69.55,81.16,1,1
1368,37.53,129.11,10.88,21.76,8.3,54.62,69.55,81.16,1,1
1369,37.53,129.11,10.88,21.76,8.3,54.62,69.55,81.16,1,1
1370,37.53,129.11,10.88,21.76,8.3,54.62,69.55,81.16,1,1
1371,37.53,129.11,10.88,21.76,8.3,54.62,69.55,81.16,1,1
1372,37.53,129.11,10.88,21.76,8.3,54.62,69.55,81.16,1,1
1373,37.53,129.11,10.88,21.76,8.3,54.62,69.55,81.16,1,1
1374,37.53,129.11,10.88,21.76,8.3,54.62,69.55,81.16,1,1
1375,37.53,129.11,10.88,21.76,8.3,54.62,69.55,81.16,1,1
1376,37.53,129.11,10.88,21.76,8.3,54.62,69.55,81.16,1,1
1377,37.53,129.11,10.88,21.76,8.3,54.62,69.55,81.16,1,1
1378,37.53,129.11,10.88,21.76,8.3,54.62,69.55,81.16,1,1
1379,37.53,129.11,10.88,21.76,8.3,54.62,69.55,81.16,1,1
1380,37.53,129.11,10.88,21.76,8.3,54.62,69.55,81.16,1,1
1381,37.53,129.11,10.88,21.76,8.3,54.62,69.55,81.16,1,1
1382,37.53,129.11,10.88,21.76,8.3,54.62,69.55,81.16,1,1
1383,37.53,129.11,10.88,21.76,8.3,54.62,69.55,81.16,1,1
1384,37.53,129.11,10.88,21.76,8.3,54.62,69.55,81.16,1,1
1385,37.53,129.11,10.88,21.76,8.3,54.62,69.55,81.16,1,1
1386,37.53,129.11,10.88,21.76,8.3,54.62,69.55,81.16,1,1
1387,37.53,129.11,10.88,21.76,8.3,54.62,69.55,81.16,1,1
1388,37.53,129.11,10.88,21.76,8.3,54.62,69.55,81.16,1,1
1389,37.53,129.11,10.88,21.76,8.3,54.62,69.55,81.16,1,1
1390,37.53,129.11,10.88,21.76,8.3,54.62,69.55,81.16,1,1
1391,37.53,129.11,10.88,21.76,8.3,54.62,69.55,81.16,1,1
1392,37.53,129.11,10.88,21.76,8.3,54.62,69.55,81.16,1,1
1393,37.53,129.11,10.88,21.76,8.3,54.62,69.55,81.16,1,1
1394,37.53,129.11,10.88,21.76,8.3,54.62,69.55,81.16,1,1
1395,37.53,129.11,10.88,21.76,8.3,54.62,69.55,81.16,1,1
1396,37.53,129.11,10.88,21.76,8.3,54.62,69.55,81.16,1,1
1397,37.53,129.11,10.88,21.76,8.3,54.62,69.55,81.16,1,1
1398,37.53,129.11,10.88,21.76,8.3,54.62,69.55,81.16,1,1
1399,37.53,129.11,10.88,21.76,8.3,54.62,69.55,81.16,1,1
1400,37.53,129.11,10.88,21.76,8.3,54.62,69.55,81.16,1,1
1401,37.53,129.11,10.88,21.76,8.3,54.62,69.55,81.16,1,1
1402,37.53,129.11,10.88,21.76,8.3,54.62,69.55,81.16,1,1
1403,37.53,129.11,10.88,21.76,8.3,54.62,69.55,81.16,1,1
1404,37.53,129.11,10.88,21.76,8.3,54.62,69.55,81.16,1,1
1405,37.53,129.11,10.88,21.76,8.3,54.62,69.55,81.16,1,1
1406,37.53,129.11,10.88,21.76,8.3,54.62,69.55,81.16,1,1
1407,37.53,129.11,10.88,21.76,8.3,54.62,69.55,81.16,1,1
1408,37.53,129.11,10.88,21.76,8.3,54.62,69.55,81.16,1,1
1409,37.53,129.11,10.88,21.76,8.3,54.62,69.55,81.16,1,1
1410,37.53,129.11,10.88,21.76,8.3,54.62,69.55,81.16,1,1
1411,37.53,129.11,10.88,21.76,8.3,54.62,69.55,81.16,1,1
1412,37.53,129.11,10.88,21.76,8.3,54.62,69.55,81.16,1,1
1413,37.53,129.11,10.88,21.76,8.3,54.62,69.55,81.16,1,1
1414,37.53,129.11,10.88,21.76,8.3,54.62,69.55,81.16,1,1
1415,37.53,129.11,10.88,21.76,8.3,54.62,69.55,81.16,1,1
1416,37.53,129.11,10.88,21.76,8.3,54.62,69.55,81.16,1,1
1417,37.53,129.11,10.88,21.76,8.3,54.62,69.55,81.16,1,1
1418,37.53,129.11,10.88,21.76,8.3,54.62,69.55,81.16,1,1
1419,37.53,129.11,10.88,21.76,8.3,54.62,69.55,81.16,1,1
1420,37.53,129.11,10.88,21.76,8.3,54.62,69.55,81.16,1,1
1421,37.53,129.11,10.88,21.76,8.3,54.62,69.55,81.16,1,1
1422,37.53,129.11,10.88,21.76,8.3,54.62,69.55,81.16,1,1
1423,37.53,129.11,10.88,21.76,8.3,54.62,69.55,81.16,1,1
1424,37.53,129.11,10.88,21.76,8.3,54.62,69.55,81.16,1,1
1425,37.53,129.11,10.88,21.76,8.3,54.62,69.55,81.16,1,1
1426,37.53,129.11,10.88,21.76,8.3,54.62,69.55,81.16,1,1
1427,37.53,129.11,10.88,21.76,8.3,54.62,69.55,81.16,1,1
1428,37.53,129.11,10.88,21.76,8.3,54.62,69.55,81.16,1,1
1429,37.53,129.11,10.88,21.76,8.3,54.62,69.55,81.16,1,1
1430,37.53,129.11,10.88,21.76,8.3,54.62,69.55,81.16,1,1
1431,37.53,129.11,10.88,21.76,8.3,54.62,69.55,81.16,1,1
1432,37.53,129.11,10.88,21.76,8.3,54.62,69.55,81.16,1,1
1433,37.53,129.11,10.88,21.76,8.3,54.62,69.55,81.16,1,1
1434,37.53,129.11,10.88,21.76,8.3,54.62,69.55,81.16,1,1
1435,37.53,129.11,10.88,21.76,8.3,54.62,69.55,81.16,1,1
1436,37.53,129.11,10.88,21.76,8.3,54.62,69.55,81.16,1,1
1437,37.53,129.11,10.88,21.76,8.3,54.62,69.55,81.16,1,1
1438,37.53,129.11,10.88,21.76,8.3,54.62,69.55,81.16,1,1
1439,37.53,129.11,10.88,21.76,8.3,54.62,69.55,81.16,1,1
1440,37.53,129.11,10.88,21.76,8.3,54.62,69.55,81.16,1,1
1441,37.53,129.11,10.88,21.76,8.3,54.62,69.55,81.16,1,1
1442,37.53,129.11,10.88,21.76,8.3,54.62,69.55,81.16,1,1
1443,37.53,129.11,10.88,21.76,8.3,54.62,69.55,81.16,1,1
1444,37.53,129.11,10.88,21.76,8.3,54.62,69.55,81.16,1,1
1445,37.53,129.11,10.88,21.76,8.3,54.62,69.55,81.16,1,1
1446,37.53,129.11,10.88,21.76,8.3,54.62,69.55,81.16,1,1
1447,37.53,129.11,10.88,21.76,8.3,54.62,69.55,81.16,1,1
1448,37.53,129.11,10.88,21.76,8.3,54.62,69.55,81.16,1,1
1449,37.53,129.11,10.88,21.76,8.3,54.62,69.55,81.16,1,1
1450,37.53,129.11,10.88,21.76,8.3,54.62,69.55,81.16,1,1
1451,37.53,129.11,10.88,21.76,8.3,54.62,69.55,81.16,1,1
1452,37.53,129.11,10.88,21.76,8.3,54.62,69.55,81.16,1,1
1453,37.53,129.11,10.88,21.76,8.3,54.62,69.55,81.16,1,1
1454,37.53,129.11,10.88,21.76,8.3,54.62,69.55,81.16,1,1
1455,37.53,129.11,10.88,21.76,8.3,54.62,69.55,81.16,1,1
1456,37.53,129.11,10.88,21.76,8.3,54.62,69.55,81.16,1,1
1457,37.53,129.11,10.88,21.76,8.3,54.62,69.55,81.16,1,1
1458,37.53,129.11,10.88,21.76,8.3,54.62,69.55,81.16,1,1
1459,37.53,129.11,10.88,21.76,8.3,54.62,69.55,81.16,1,1
1460,37.53,129.11,10.88,21.76,8.3,54.62,69.55,81.16,1,1
1461,37.53,129.11,10.88,21.76,8.3,54.62,69.55,81.16,1,1
1462,37.53,129.11,10.88,21.76,8.3,54.62,69.55,81.16,1,1
1463,37.53,129.11,10.88,21.76,8.3,54.62,69.55,81.16,1,1
1464,37.53,129.11,10.88,21.76,8.3,54.62,69.55,81.16,1,1
1465,37.53,129.11,10.88,21.76,8.3,54.62,69.55,81.16,1,1
1466,37.53,129.11,10.88,21.76,8.3,54.62,69.55,81.16,1,1
1467,37.53,129.11,10.88,21.76,8.3,54.62,69.55,81.16,1,1
1468,37.53,129.11,10.88,21.76,8.3,54.62,69.55,81.16,1,1
1469,37.53,129.11,10.88,21.76,8.3,54.62,69.55,81.16,1,1
1470,37.53,129.11,10.88,21.76,8.3,54.62,69.55,81.16,1,1
1471,37.53,129.11,10.88,21.76,8.3,54.62,69.55,81.16,1,1
1472,37.53,129.11,10.88,21.76,8.3,54.62,69.55,81.16,1,1
1473,37.53,129.11,10.88,21.76,8.3,54.62,69.55,81.16,1,1
1474,37.53,129.11,10.88,21.76,8.3,54.62,69.55,81.16,1,1
1475,37.53,129.11,10.88,21.76,8.3,54.62,69.55,81.16,1,1
1476,37.53,129.11,10.88,21.76,8.3,54.62,69.55,81.16,1,1
1477,37.53,129.11,10.88,21.76,8.3,54.62,69.55,81.16,1,1
1478,37.53,129.11,10.88,21.76,8.3,54.62,69.55,81.16,1,1
1479,37.53,129.11,10.88,21.76,8.3,54.62,69.55,81.16,1,1
1480,37.53,129.11,10.88,21.76,8.3,54.62,69.55,81.16,1,1
1481,37.53,129.11,10.88,21.76,8.3,54.62,69.55,81.16,1,1
1482,37.53,129.11,10.88,21.76,8.3,54.62,69.55,81.16,1,1
1483,37.53,129.11,10.88,21.76,8.3,54.62,69.55,81.16,1,1
1484,37.53,129.11,10.88,21.76,8.3,54.62,69.55,81.16,1,1
1485,37.53,129.11,10.88,21.76,8.3,54.62,69.55,81.16,1,1
1486,37.53,129.11,10.88,21.76,8.3,54.62,69.55,81.16,1,1
1487,37.53,129.11,10.88,21.76,8.3,54.62,69.55,81.16,1,1
1488,37.53,129.11,10.88,21.76,8.3,54.62,69.55,81.16,1,1
1489,37.53,129.11,10.88,21.76,8.3,54.62,69.55,81.16,1,1
1490,37.53,129.11,10.88,21.76,8.3,54.62,69.55,81.16,1,1
1491,37.53,129.11,10.88,21.76,8.3,54.62,69.55,81.16,1,1
1492,37.53,129.11,10.88,21.76,8.3,54.62,69.55,81.16,1,1
1493,37.53,129.11,10.88,21.76,8.3,54.62,69.55,81.16,1,1
1494,37.53,129.11,10.88,21.76,8.3,54.62,69.55,81.16,1,1
1495,37.53,129.11,10.88,21.76,8.3,54.62,69.55,81.16,1,1
1496,37.53,129.11,10.88,21.76,8.3,54.62,69.55,81.16,1,1
1497,37.53,129.11,10.88,21.76,8.3,54.62,69.55,81.16,1,1
1498,37.53,129.11,10.88,21.76,8.3,54.62,69.55,81.16,1,1
1499,37.53,129.11,10.88,21.76,8.3,54.62,69.55,81.16,1,1
1500,37.53,129.11,10.88,21.76,8.3,54.62,69.55,81.16,1,1
1501,37.53,129.11,10.88,21.76,8.3,54.62,69.55,81.16,1,1
1502,37.53,129.11,10.88,21.76,8.3,54.62,69.55,81.16,1,1
1503,37.53,129.11,10.88,21.76,8.3,54.62,69.55,81.16,1,1
1504,37.53,129.11,10.88,21.76,8.3,54.62,69.55,81.16,1,1
1505,37.53,129.11,10.88,21.76,8.3,54.62,69.55,81.16,1,1
1506,37.53,129.11,10.88,21.76,8.3,54.62,69.55,81.16,1,1
1507,37.53,129.11,10.88,21.76,8.3,54.62,69.55,81.16,1,1
1508,37.53,129.11,10.88,21.76,8.3,54.62,69.55,81.16,1,1
1509,37.53,129.11,10.88,21.76,8.3,54.62,69.55,81.16,1,1
1510,37.53,129.11,10.88,21.76,8.3,54.62,69.55,81.16,1,1
1511,37.53,129.11,10.88,21.76,8.3,54.62,69.55,81.16,1,1
1512,37.53,129.11,10.88,21.76,8.3,54.62,69.55,81.16,1,1
1513,37.53,129.11,10.88,21.76,8.3,54.62,69.55,81.16,1,1
1514,37.53,129.11,10.88,21.76,8.3,54.62,69.55,81.16,1,1
1515,37.53,129.11,10.88,21.76,8.3,54.62,69.55,81.16,1,1
1516,37.53,129.11,10.88,21.76,8.3,54.62,69.55,81.16,1,1
1517,37.53,129.11,10.88,21.76,8.3,54.62,69.55,81.16,1,1
1518,37.53,129.11,10.88,21.76,8.3,54.62,69.55,81.16,1,1
1519,37.53,129.11,10.88,21.76,8.3,54.62,69.55,81.16,1,1
1520,37.53,129.11,10.88,21.76,8.3,54.62,69.55,81.16,1,1
1521,37.53,129.11,10.88,21.76,8.3,54.62,69.55,81.16,1,1
1522,37.53,129.11,10.88,21.76,8.3,54.62,69.55,81.16,1,1
1523,37.53,129.11,10.88,21.76,8.3,54.62,69.55,81.16,1,1
1524,37.53,129.11,10.88,21.76,8.3,54.62,69.55,81.16,1,1
1525,37.53,129.11,10.88,21.76,8.3,54.62,69.55,81.16,1,1
1526,37.53,129.11,10.88,21.76,8.3,54.62,69.55,81.16,1,1
1527,37.53,129.11,10.88,21.76,8.3,54.62,69.55,81.16,1,1
1528,37.53,129.11,10.88,21.76,8.3,54.62,69.55,81.16,1,1
1529,37.53,129.11,10.88,21.76,8.3,54.62,69.55,81.16,1,1
1530,37.53,129.11,10.88,21.76,8.3,54.62,69.55,81.16,1,1
1531,37.53,129.11,10.88,21.76,8.3,54.62,69.55,81.16,1,1
1532,37.53,129.11,10.88,21.76,8.3,54.62,69.55,81.16,1,1
1533,37.53,129.11,10.88,21.76,8.3,54.62,69.55,81.16,1,1
1534,37.53,129.11,10.88,21.76,8.3,54.62,69.55,81.16,1,1
1535,37.53,129.11,10.88,21.76,8.3,54.62,69.55,81.16,1,1
1536,37.53,129.11,10.88,21.76,8.3,54.62,69.55,81.16,1,1
1537,37.53,129.11,10.88,21.76,8.3,54.62,69.55,81.16,1,1
1538,37.53,129.11,10.88,21.76,8.3,54.62,69.55,81.16,1,1
1539,37.53,129.11,10.88,21.76,8.3,54.62,69.55,81.16,1,1
1540,37.53,129.11,10.88,21.76,8.3,54.62,69.55,81.16,1,1
1541,37.53,129.11,10.88,21.76,8.3,54.62,69.55,81.16,1,1
1542,37.53,129.11,10.88,21.76,8.3,54.62,69.55,81.16,1,1
1543,37.53,129.11,10.88,21.76,8.3,54.62,69.55,81.16,1,1
1544,37.53,129.11,10.88,21.76,8.3,54.62,69.55,81.16,1,1
1545,37.53,129.11,10.88,21.76,8.3,54.62,69.55,81.16,1,1
1546,37.53,129.11,10.88,21.76,8.3,54.62,69.55,81.16,1,1
1547,37.53,129.11,10.88,21.76,8.3,54.62,69.55,81.16,1,1
1548,37.53,129.11,10.88,21.76,8.3,54.62,69.55,81.16,1,1
1549,37.53,129.11,10.88,21.76,8.3,54.62,69.55,81.16,1,1
1550,37.53,129.11,10.88,21.76,8.3,54.62,69.55,81.16,1,1
1551,37.53,129.11,10.88,21.76,8.3,54.62,69.55,81.16,1,1
1552,37.53,129.11,10.88,21.76,8.3,54.62,69.55,81.16,1,1
1553,37.53,129.11,10.88,21.76,8.3,54.62,69.55,81.16,1,1
1554,37.53,129.11,10.88,21.76,8.3,54.62,69.55,81.16,1,1
1555,37.53,129.11,10.88,21.76,8.3,54.62,69.55,81.16,1,1
1556,37.53,129.11,10.88,21.76,8.3,54.62,69.55,81.16,1,1
1557,37.53,129.11,10.88,21.76,8.3,54.62,69.55,81.16,1,1
1558,37.53,129.11,10.88,21.76,8.3,54.62,69.55,81.16,1,1
1559,37.53,129.11,10.88,21.76,8.3,54.62,69.55,81.16,1,1
1560,37.53,129.11,10.88,21.76,8.3,54.62,69.55,81.16,1,1
1561,37.53,129.11,10.88,21.76,8.3,54.62,69.55,81.16,1,1
1562,37.53,129.11,10.88,21.76,8.3,54.62,69.55,81.16,1,1
1563,37.53,129.11,10.88,21.76,8.3,54.62,69.55,81.16,1,1
1564,37.53,129.11,10.88,21.76,8.3,54.62,69.55,81.16,1,1
1565,37.53,129.11,10.88,21.76,8.3,54.62,69.55,81.16,1,1
1566,37.53,129.11,10.88,21.76,8.3,54.62,69.55,81.16,1,1
1567,37.53,129.11,10.88,21.76,8.3,54.62,69.55,81.16,1,1
1568,37.53,129.11,10.88,21.76,8.3,54.62,69.55,81.16,1,1
1569,37.53,129.11,10.88,21.76,8.3,54.62,69.55,81.16,1,1
1570,37.53,129.11,10.88,21.76,8.3,54.62,69.55,81.16,1,1
1571,37.53,129.11,10.88,21.76,8.3,54.62,69.55,81.16,1,1
1572,37.53,129.11,10.88,21.76,8.3,54.62,69.55,81.16,1,1
1573,37.53,129.11,10.88,21.76,8.3,54.62,69.55,81.16,1,1
1574,37.53,129.11,10.88,21.76,8.3,54.62,69.55,81.16,1,1
1575,37.53,129.11,10.88,21.76,8.3,54.62,69.55,81.16,1,1
1576,37.53,129.11,10.88,21.76,8.3,54.62,69.55,81.16,1,1
1577,37.53,129.11,10.88,21.76,8.3,54.62,69.55,81.16,1,1
1578,37.53,129.11,10.88,21.76,8.3,54.62,69.55,81.16,1,1
1579,37.53,129.11,10.88,21.76,8.3,54.62,69.55,81.16,1,1
1580,37.53,129.11,10.88,21.76,8.3,54.62,69.55,81.16,1,1
1581,37.53,129.11,10.88,21.76,8.3,54.62,69.55,81.16,1,1
1582,37.53,129.11,10.88,21.76,8.3,54.62,69.55,81.16,1,1
1583,37.53,129.11,10.88,21.76,8.3,54.62,69.55,81.16,1,1
1584,37.53,129.11,10.88,21.76,8.3,54.62,69.55,81.16,1,1
1585,37.53,129.11,10.88,21.76,8.3,54.62,69.55,81.16,1,1
1586,37.53,129.11,10.88,21.76,8.3,54.62,69.55,81.16,1,1
1587,37.53,129.11,10.88,21.76,8.3,54.62,69.55,81.16,1,1
1588,37.53,129.11,10.88,21.76,8.3,54.62,69.55,81.16,1,1
1589,37.53,129.11,10.88,21.76,8.3,54.62,69.55,81.16,1,1
1590,37.53,129.11,10.88,21.76,8.3,54.62,69.55,81.16,1,1
1591,37.53,129.11,10.88,21.76,8.3,54.62,69.55,81.16,1,1
1592,37.53,129.11,10.88,21.76,8.3,54.62,69.55,81.16,1,1
1593,37.53,129.11,10.88,21.76,8.3,54.62,69.55,81.16,1,1
1594,37.53,129.11,10.88,21.76,8.3,54.62,69.55,81.16,1,1
1595,37.53,129.11,10.88,21.76,8.3,54.62,69.55,81.16,1,1
1596,37.53,129.11,10.88,21.76,8.3,54.62,69.55,81.16,1,1
1597,37.53,129.11,10.88,21.76,8.3,54.62,69.55,81.16,1,1
1598,37.53,129.11,10.88,21.76,8.3,54.62,69.55,81.16,1,1
1599,37.53,129.11,10.88,21.76,8.3,54.62,69.55,81.16,1,1
1600,37.53,129.11,10.88,21.76,8.3,54.62,69.55,81.16,1,1
1601,37.53,129.11,10.88,21.76,8.3,54.62,69.55,81.16,1,1
1602,37.53,129.11,10.88,21.76,8.3,54.62,69.55,81.16,1,1
1603,37.53,129.11,10.88,21.76,8.3,54.62,69.55,81.16,1,1
1604,37.53,129.11,10.88,21.76,8.3,54.62,69.55,81.16,1,1
1605,37.53,129.11,10.88,21.76,8.3,54.62,69.55,81.16,1,1
1606,37.53,129.11,10.88,21.76,8.3,54.62,69.55,81.16,1,1
1607,37.53,129.11,10.88,21.76,8.3,54.62,69.55,81.16,1,1
1608,37.53,129.11,10.88,21.76,8.3,54.62,69.55,81.16,1,1
1609,37.53,129.11,10.88,21.76,8.3,54.62,69.55,81.16,1,1
1610,37.53,129.11,10.88,21.76,8.3,54.62,69.55,81.16,1,1
1611,37.53,129.11,10.88,21.76,8.3,54.62,69.55,81.16,1,1
1612,37.53,129.11,10.88,21.76,8.3,54.62,69.55,81.16,1,1
1613,37.53,129.11,10.88,21.76,8.3,54.62,69.55,81.16,1,1
1614,37.53,129.11,10.88,21.76,8.3,54.62,69.55,81.16,1,1
1615,37.53,129.11,10.88,21.76,8.3,54.62,69.55,81.16,1,1
1616,37.53,129.11,10.88,21.76,8.3,54.62,69.55,81.16,1,1
1617,37.53,129.11,10.88,21.76,8.3,54.62,69.55,81.16,1,1
1618,37.53,129.11,10.88,21.76,8.3,54.62,69.55,81.16,1,1
1619,37.53,129.11,10.88,21.76,8.3,54.62,69.55,81.16,1,1
1620,37.53,129.11,10.88,21.76,8.3,54.62,69.55,81.16,1,1
1621,37.53,129.11,10.88,21.76,8.3,54.62,69.55,81.16,1,1
1622,37.53,129.11,10.88,21.76,8.3,54.62,69.55,81.16,1,1
1623,37.53,129.11,10.88,21.76,8.3,54.62,69.55,81.16,1,1
1624,37.53,129.11,10.88,21.76,8.3,54.62,69.55,81.16,1,1
1625,37.53,129.11,10.88,21.76,8.3,54.62,69.55,81.16,1,1
1626,37.53,129.11,10.88,21.76,8.3,54.62,69.55,81.16,1,1
1627,37.53,129.11,10.88,21.76,8.3,54.62,69.55,81.16,1,1
1628,37.53,129.11,10.88,21.76,8.3,54.62,69.55,81.16,1,1
1629,37.53,129.11,10.88,21.76,8.3,54.62,69.55,81.16,1,1
1630,37.53,129.11,10.88,21.76,8.3,54.62,69.55,81.16,1,1
1631,37.53,129.11,10.88,21.76,8.3,54.62,69.55,81.16,1,1
1632,37.53,129.11,10.88,21.76,8.3,54.62,69.55,81.16,1,1
1633,37.53,129.11,10.88,21.76,8.3,54.62,69.55,81.16,1,1
1634,37.53,129.11,10.88,21.76,8.3,54.62,69.55,81.16,1,1
1635,37.53,129.11,10.88,21.76,8.3,54.62,69.55,81.16,1,1
1636,37.53,129.11,10.88,21.76,8.3,54.62,69.55,81.16,1,1
1637,37.53,129.11,10.88,21.76,8.3,54.62,69.55,81.16,1,1
1638,37.53,129.11,10.88,21.76,8.3,54.62,69.55,81.16,1,1
1639,37.53,129.11,10.88,21.76,8.3,54.62,69.55,81.16,1,1
1640,37.53,129.11,10.88,21.76,8.3,54.62,69.55,81.16,1,1
1641,37.53,129.11,10.88,21.76,8.3,54.62,69.55,81.16,1,1
1642,37.53,129.11,10.88,21.76,8.3,54.62,69.55,81.16,1,1
1643,37.53,129.11,10.88,21.76,8.3,54.62,69.55,81.16,1,1
1644,37.53,129.11,10.88,21.76,8.3,54.62,69.55,81.16,1,1
1645,37.53,129.11,10.88,21.76,8.3,54.62,69.55,81.16,1,1
1646,37.53,129.11,10.88,21.76,8.3,54.62,69.55,81.16,1,1
1647,37.53,129.11,10.88,21.76,8.3,54.62,69.55,81.16,1,1
1648,37.53,129.11,10.88,21.76,8.3,54.62,69.55,81.16,1,1
1649,37.53,129.11,10.88,21.76,8.3,54.62,69.55,81.16,1,1
1650,37.53,129.11,10.88,21.76,8.3,54.62,69.55,81.16,1,1
1651,37.53,129.11,10.88,21.76,8.3,54.62,69.55,81.16,1,1
1652,37.53,129.11,10.88,21.76,8.3,54.62,69.55,81.16,1,1
1653,37.53,129.11,10.88,21.76,8.3,54.62,69.55,81.16,1,1
1654,37.53,129.11,10.88,21.76,8.3,54.62,69.55,81.16,1,1
1655,37.53,129.11,10.88,21.76,8.3,54.62,69.55,81.16,1,1
1656,37.53,129.11,10.88,21.76,8.3,54.62,69.55,81.16,1,1
1657,37.53,129.11,10.88,21.76,8.3,54.62,69.55,81.16,1,1
1658,37.53,129.11,10.88,21.76,8.3,54.62,69.55,81.16,1,1
1659,37.53,129.11,10.88,21.76,8.3,54.62,69.55,81.16,1,1
1660,37.53,129.11,10.88,21.76,8.3,54.62,69.55,81.16,1,1
1661,37.53,129.11,10.88,21.76,8.3,54.62,69.55,81.16,1,1
1662,37.53,129.11,10.88,21.76,8.3,54.62,69.55,81.16,1,1
1663,37.53,129.11,10.88,21.76,8.3,54.62,69.55,81.16,1,1
1664,37.53,129.11,10.88,21.76,8.3,54.62,69.55,81.16,1,1
1665,37.53,129.11,10.88,21.76,8.3,54.62,69.55,81.16,1,1
1666,37.53,129.11,10.88,21.76,8.3,54.62,69.55,81.16,1,1
1667,37.53,129.11,10.88,21.76,8.3,54.62,69.55,81.16,1,1
1668,37.53,129.11,10.88,21.76,8.3,54.62,69.55,81.16,1,1
1669,37.53,129.11,10.88,21.76,8.3,54.62,69.55,81.16,1,1
1670,37.53,129.11,10.88,21.76,8.3,54.62,69.55,81.16,1,1
1671,37.53,129.11,10.88,21.76,8.3,54.62,69.55,81.16,1,1
1672,37.53,129.11,10.88,21.76,8.3,54.62,69.55,81.16,1,1
1673,37.53,129.11,10.88,21.76,8.3,54.62,69.55,81.16,1,1
1674,37.53,129.11,10.88,21.76,8.3,54.62,69.55,81.16,1,1
1675,37.53,129.11,10.88,21.76,8.3,54.62,69.55,81.16,1,1
1676,37.53,129.11,10.88,21.76,8.3,54.62,69.55,81.16,1,1
1677,37.53,129.11,10.88,21.76,8.3,54.62,69.55,81.16,1,1
1678,37.53,129.11,10.88,21.76,8.3,54.62,69.55,81.16,1,1
1679,37.53,129.11,10.88,21.76,8.3,54.62,69.55,81.16,1,1
1680,37.53,129.11,10.88,21.76,8.3,54.62,69.55,81.16,1,1
1681,37.53,129.11,10.88,21.76,8.3,54.62,69.55,81.16,1,1
1682,37.53,129.11,10.88,21.76,8.3,54.62,69.55,81.16,1,1
1683,37.53,129.11,10.88,21.76,8.3,54.62,69.55,81.16,1,1
1684,37.53,129.11,10.88,21.76,8.3,54.62,69.55,81.16,1,1
1685,37.53,129.11,10.88,21.76,8.3,54.62,69.55,81.16,1,1
1686,37.53,129.11,10.88,21.76,8.3,54.62,69.55,81.16,1,1
1687,37.53,129.11,10.88,21.76,8.3,54.62,69.55,81.16,1,1
1688,37.53,129.11,10.88,21.76,8.3,54.62,69.55,81.16,1,1
1689,37.53,129.11,10.88,21.76,8.3,54.62,69.55,81.16,1,1
1690,37.53,129.11,10.88,21.76,8.3,54.62,69.55,81.16,1,1
1691,37.53,129.11,10.88,21.76,8.3,54.62,69.55,81.16,1,1
1692,37.53,129.11,10.88,21.76,8.3,54.62,69.55,81.16,1,1
1693,37.53,129.11,10.88,21.76,8.3,54.62,69.55,81.16,1,1
1694,37.53,129.11,10.88,21.76,8.3,54.62,69.55,81.16,1,1
1695,37.53,129.11,10.88,21.76,8.3,54.62,69.55,81.16,1,1
1696,37.53,129.11,10.88,21.76,8.3,54.62,69.55,81.16,1,1
1697,37.53,129.11,10.88,21.76,8.3,54.62,69.55,81.16,1,1
1698,37.53,129.11,10.88,21.76,8.3,54.62,69.55,81.16,1,1
1699,37.53,129.11,10.88,21.76,8.3,54.62,69.55,81.16,1,1
1700,37.53,129.11,10.88,21.76,8.3,54.62,69.55,81.16,1,1
1701,37.53,129.11,10.88,21.76,8.3,54.62,69.55,81.16,1,1
1702,37.53,129.11,10.88,21.76,8.3,54.62,69.55,81.16,1,1
1703,37.53,129.11,10.88,21.76,8.3,54.62,69.55,81.16,1,1
1704,37.53,129.11,10.88,21.76,8.3,54.62,69.55,81.16,1,1
1705,37.53,129.11,10.88,21.76,8.3,54.62,69.55,81.16,1,1
1706,37.53,129.11,10.88,21.76,8.3,54.62,69.55,81.16,1,1
1707,37.53,129.11,10.88,21.76,8.3,54.62,69.55,81.16,1,1
1708,37.53,129.11,10.88,21.76,8.3,54.62,69.55,81.16,1,1
1709,37.53,129.11,10.88,21.76,8.3,54.62,69.55,81.16,1,1
1710,37.53,129.11,10.88,21.76,8.3,54.62,69.55,81.16,1,1
1711,37.53,129.11,10.88,21.76,8.3,54.62,69.55,81.16,1,1
1712,37.53,129.11,10.88,21.76,8.3,54.62,69.55,81.16,1,1
1713,37.53,129.11,10.88,21.76,8.3,54.62,69.55,81.16,1,1
1714,37.53,129.11,10.88,21.76,8.3,54.62,69.55,81.16,1,1
1715,37.53,129.11,10.88,21.76,8.3,54.62,69.55,81.16,1,1
1716,37.53,129.11,10.88,21.76,8.3,54.62,69.55,81.16,1,1
1717,37.53,129.11,10.88,21.76,8.3,54.62,69.55,81.16,1,1
1718,37.53,129.11,10.88,21.76,8.3,54.62,69.55,81.16,1,1
1719,37.53,129.11,10.88,21.76,8.3,54.62,69.55,81.16,1,1
1720,37.53,129.11,10.88,21.76,8.3,54.62,69.55,81.16,1,1
1721,37.53,129.11,10.88,21.76,8.3,54.62,69.55,81.16,1,1
1722,37.53,129.11,10.88,21.76,8.3,54.62,69.55,81.16,1,1
1723,37.53,129.11,10.88,21.76,8.3,54.62,69.55,81.16,1,1
1724,37.53,129.11,10.88,21.76,8.3,54.62,69.55,81.16,1,1
1725,37.53,129.11,10.88,21.76,8.3,54.62,69.55,81.16,1,1
1726,37.53,129.11,10.88,21.76,8.3,54.62,69.55,81.16,1,1
1727,37.53,129.11,10.88,21.76,8.3,54.62,69.55,81.16,1,1
1728,37.53,129.11,10.88,21.76,8.3,54.62,69.55,81.16,1,1
1729,37.53,129.11,10.88,21.76,8.3,54.62,69.55,81.16,1,1
1730,37.53,129.11,10.88,21.76,8.3,54.62,69.55,81.16,1,1
1731,37.53,129.11,10.88,21.76,8.3,54.62,69.55,81.16,1,1
1732,37.53,129.11,10.88,21.76,8.3,54.62,69.55,81.16,1,1
1733,37.53,129.11,10.88,21.76,8.3,54.62,69.55,81.16,1,1
1734,37.53,129.11,10.88,21.76,8.3,54.62,69.55,81.16,1,1
1735,37.53,129.11,10.88,21.76,8.3,54.62,69.55,81.16,1,1
1736,37.53,129.11,10.88,21.76,8.3,54.62,69.55,81.16,1,1
1737,37.53,129.11,10.88,21.76,8.3,54.62,69.55,81.16,1,1
1738,37.53,129.11,10.88,21.76,8.3,54.62,69.55,81.16,1,1
1739,37.53,129.11,10.88,21.76,8.3,54.62,69.55,81.16,1,1
1740,37.53,129.11,10.88,21.76,8.3,54.62,69.55,81.16,1,1
1741,37.53,129.11,10.88,21.76,8.3,54.62,69.55,81.16,1,1
1742,37.53,129.11,10.88,21.76,8.3,54.62,69.55,81.16,1,1
1743,37.53,129.11,10.88,21.76,8.3,54.62,69.55,81.16,1,1
1744,37.53,129.11,10.88,21.76,8.3,54.62,69.55,81.16,1,1
1745,37.53,129.11,10.88,21.76,8.3,54.62,69.55,81.16,1,1
1746,37.53,129.11,10.88,21.76,8.3,54.62,69.55,81.16,1,1
1747,37.53,129.11,10.88,21.76,8.3,54.62,69.55,81.16,1,1
1748,37.53,129.11,10.88,21.76,8.3,54.62,69.55,81.16,1,1
1749,37.53,129.11,10.88,21.76,8.3,54.62,69.55,81.16,1,1
1750,37.53,129.11,10.88,21.76,8.3,54.62,69.55,81.16,1,1
1751,37.53,129.11,10.88,21.76,8.3,54.62,69.55,81.16,1,1
1752,37.53,129.11,10.88,21.76,8.3,54.62,69.55,81.16,1,1
1753,37.53,129.11,10.88,21.76,8.3,54.62,69.55,81.16,1,1
1754,37.53,129.11,10.88,21.76,8.3,54.62,69.55,81.16,1,1
1755,37.53,129.11,10.88,21.76,8.3,54.62,69.55,81.16,1,1
1756,37.53,129.11,10.88,21.76,8.3,54.62,69.55,81.16,1,1
1757,37.53,129.11,10.88,21.76,8.3,54.62,69.55,81.16,1,1
1758,37.53,129.11,10.88,21.76,8.3,54.62,69.55,81.16,1,1
1759,37.53,129.11,10.88,21.76,8.3,54.62,69.55,81.16,1,1
1760,37.53,129.11,10.88,21.76,8.3,54.62,69.55,81.16,1,1
1761,37.53,129.11,10.88,21.76,8.3,54.62,69.55,81.16,1,1
1762,37.53,129.11,10.88,21.76,8.3,54.62,69.55,81.16,1,1
1763,37.53,129.11,10.88,21.76,8.3,54.62,69.55,81.16,1,1
1764,37.53,129.11,10.88,21.76,8.3,54.62,69.55,81.16,1,1
1765,37.53,129.11,10.88,21.76,8.3,54.62,69.55,81.16,1,1
1766,37.53,129.11,10.88,21.76,8.3,54.62,69.55,81.16,1,1
1767,37.53,129.11,10.88,21.76,8.3,54.62,69.55,81.16,1,1
1768,37.53,129.11,10.88,21.76,8.3,54.62,69.55,81.16,1,1
1769,37.53,129.11,10.88,21.76,8.3,54.62,69.55,81.16,1,1
1770,37.53,129.11,10.88,21.76,8.3,54.62,69.55,81.16,1,1
1771,37.53,129.11,10.88,21.76,8.3,54.62,69.55,81.16,1,1
1772,37.53,129.11,10.88,21.76,8.3,54.62,69.55,81.16,1,1
1773,37.53,129.11,10.88,21.76,8.3,54.62,69.55,81.16,1,1
1774,37.53,129.11,10.88,21.76,8.3,54.62,69.55,81.16,1,1
1775,37.53,129.11,10.88,21.76,8.3,54.62,69.55,81.16,1,1
1776,37.53,129.11,10.88,21.76,8.3,54.62,69.55,81.16,1,1
1777,37.53,129.11,10.88,21.76,8.3,54.62,69.55,81.16,1,1
1778,37.53,129.11,10.88,21.76,8.3,54.62,69.55,81.16,1,1
1779,37.53,129.11,10.88,21.76,8.3,54.62,69.55,81.16,1,1
1780,37.53,129.11,10.88,21.76,8.3,54.62,69.55,81.16,1,1
1781,37.53,129.11,10.88,21.76,8.3,54.62,69.55,81.16,1,1
1782,37.53,129.11,10.88,21.76,8.3,54.62,69.55,81.16,1,1
1783,37.53,129.11,10.88,21.76,8.3,54.62,69.55,81.16,1,1
1784,37.53,129.11,10.88,21.76,8.3,54.62,69.55,81.16,1,1
1785,37.53,129.11,10.88,21.76,8.3,54.62,69.55,81.16,1,1
1786,37.53,129.11,10.88,21.76,8.3,54.62,69.55,81.16,1,1
1787,37.53,129.11,10.88,21.76,8.3,54.62,69.55,81.16,1,1
1788,37.53,129.11,10.88,21.76,8.3,54.62,69.55,81.16,1,1
1789,37.53,129.11,10.88,21.76,8.3,54.62,69.55,81.16,1,1
1790,37.53,129.11,10.88,21.76,8.3,54.62,69.55,81.16,1,1
1791,37.53,129.11,10.88,21.76,8.3,54.62,69.55,81.16,1,1
1792,37.53,129.11,10.88,21.76,8.3,54.62,69.55,81.16,1,1
1793,37.53,129.11,10.88,21.76,8.3,54.62,69.55,81.16,1,1
1794,37.53,129.11,10.88,21.76,8.3,54.62,69.55,81.16,1,1
1795,37.53,129.11,10.88,21.76,8.3,54.62,69.55,81.16,1,1
1796,37.53,129.11,10.88,21.76,8.3,54.62,69.55,81.16,1,1
1797,37.53,129.11,10.88,21.76,8.3,54.62,69.55,81.16,1,1
1798,37.53,129.11,10.88,21.76,8.3,54.62,69.55,81.16,1,1
1799,37.53,129.11,10.88,21.76,8.3,54.62,69.55,81.16,1,1
1800,37.53,129.11,10.88,21.76,8.3,54.62,69.55,81.16,1,1
1801,37.53,129.11,10.88,21.76,8.3,54.62,69.55,81.16,1,1
1802,37.53,129.11,10.88,21.76,8.3,54.62,69.55,81.16,1,1
1803,37.53,129.11,10.88,21.76,8.3,54.62,69.55,81.16,1,1
1804,37.53,129.11,10.88,21.76,8.3,54.62,69.55,81.16,1,1
1805,37.53,129.11,10.88,21.76,8.3,54.62,69.55,81.16,1,1
1806,37.53,129.11,10.88,21.76,8.3,54.62,69.55,81.16,1,1
1807,37.53,129.11,10.88,21.76,8.3,54.62,69.55,81.16,1,1
1808,37.53,129.11,10.88,21.76,8.3,54.62,69.55,81.16,1,1
1809,37.53,129.11,10.88,21.76,8.3,54.62,69.55,81.16,1,1
1810,37.53,129.11,10.88,21.76,8.3,54.62,69.55,81.16,1,1
1811,37.53,129.11,10.88,21.76,8.3,54.62,69.55,81.16,1,1
1812,37.53,129.11,10.88,21.76,8.3,54.62,69.55,81.16,1,1
1813,37.53,129.11,10.88,21.76,8.3,54.62,69.55,81.16,1,1
1814,37.53,129.11,10.88,21.76,8.3,54.62,69.55,81.16,1,1
1815,37.53,129.11,10.88,21.76,8.3,54.62,69.55,81.16,1,1
1816,37.53,129.11,10.88,21.76,8.3,54.62,69.55,81.16,1,1
1817,37.53,129.11,10.88,21.76,8.3,54.62,69.55,81.16,1,1
1818,37.53,129.11,10.88,21.76,8.3,54.62,69.55,81.16,1,1
1819,37.53,129.11,10.88,21.76,8.3,54.62,69.55,81.16,1,1
1820,37.53,129.11,10.88,21.76,8.3,54.62,69.55,81.16,1,1
1821,37.53,129.11,10.88,21.76,8.3,54.62,69.55,81.16,1,1
1822,37.53,129.11,10.88,21.76,8.3,54.62,69.55,81.16,1,1
1823,37.53,129.11,10.88,21.76,8.3,54.62,69.55,81.16,1,1
1824,37.53,129.11,10.88,21.76,8.3,54.62,69.55,81.16,1,1
1825,37.53,129.11,10.88,21.76,8.3,54.62,69.55,81.16,1,1
1826,37.53,129.11,10.88,21.76,8.3,54.62,69.55,81.16,1,1
1827,37.53,129.11,10.88,21.76,8.3,54.62,69.55,81.16,1,1
1828,37.53,129.11,10.88,21.76,8.3,54.62,69.55,81.16,1,1
1829,37.53,129.11,10.88,21.76,8.3,54.62,69.55,81.16,1,1
1830,37.53,129.11,10.88,21.76,8.3,54.62,69.55,81.16,1,1
1831,37.53,129.11,10.88,21.76,8.3,54.62,69.55,81.16,1,1
1832,37.53,129.11,10.88,21.76,8.3,54.62,69.55,81.16,1,1
1833,37.53,129.11,10.88,21.76,8.3,54.62,69.55,81.16,1,1
1834,37.53,129.11,10.88,21.76,8.3,54.62,69.55,81.16,1,1
1835,37.53,129.11,10.88,21.76,8.3,54.62,69.55,81.16,1,1
1836,37.53,129.11,10.88,21.76,8.3,54.62,69.55,81.16,1,1
1837,37.53,129.11,10.88,21.76,8.3,54.62,69.55,81.16,1,1
1838,37.53,129.11,10.88,21.76,8.3,54.62,69.55,81.16,1,1
1839,37.53,129.11,10.88,21.76,8.3,54.62,69.55,81.16,1,1
1840,37.53,129.11,10.88,21.76,8.3,54.62,69.55,81.16,1,1
1841,37.53,129.11,10.88,21.76,8.3,54.62,69.55,81.16,1,1
1842,37.53,129.11,10.88,21.76,8.3,54.62,69.55,81.16,1,1
1843,37.53,129.11,10.88,21.76,8.3,54.62,69.55,81.16,1,1
1844,37.53,129.11,10.88,21.76,8.3,54.62,69.55,81.16,1,1
1845,37.53,129.11,10.88,21.76,8.3,54.62,69.55,81.16,1,1
1846,37.53,129.11,10.88,21.76,8.3,54.62,69.55,81.16,1,1
1847,37.53,129.11,10.88,21.76,8.3,54.62,69.55,81.16,1,1
1848,37.53,129.11,10.88,21.76,8.3,54.62,69.55,81.16,1,1
1849,37.53,129.11,10.88,21.76,8.3,54.62,69.55,81.16,1,1
1850,37.53,129.11,10.88,21.76,8.3,54.62,69.55,81.16,1,1
1851,37.53,129.11,10.88,21.76,8.3,54.62,69.55,81.16,1,1
1852,37.53,129.11,10.88,21.76,8.3,54.62,69.55,81.16,1,1
1853,37.53,129.11,10.88,21.76,8.3,54.62,69.55,81.16,1,1
1854,37.53,129.11,10.88,21.76,8.3,54.62,69.55,81.16,1,1
1855,37.53,129.11,10.88,21.76,8.3,54.62,69.55,81.16,1,1
1856,37.53,129.11,10.88,21.76,8.3,54.62,69.55,81.16,1,1
1857,37.53,129.11,10.88,21.76,8.3,54.62,69.55,81.16,1,1
1858,37.53,129.11,10.88,21.76,8.3,54.62,69.55,81.16,1,1
1859,37.53,129.11,10.88,21.76,8.3,54.62,69.55,81.16,1,1
1860,37.53,129.11,10.88,21.76,8.3,54.62,69.55,81.16,1,1
1861,37.53,129.11,10.88,21.76,8.3,54.62,69.55,81.16,1,1
1862,37.53,129.11,10.88,21.76,8.3,54.62,69.55,81.16,1,1
1863,37.53,129.11,10.88,21.76,8.3,54.62,69.55,81.16,1,1
1864,37.53,129.11,10.88,21.76,8.3,54.62,69.55,81.16,1,1
1865,37.53,129.11,10.88,21.76,8.3,54.62,69.55,81.16,1,1
1866,37.53,129.11,10.88,21.76,8.3,54.62,69.55,81.16,1,1
1867,37.53,129.11,10.88,21.76,8.3,54.62,69.55,81.16,1,1
1868,37.53,129.11,10.88,21.76,8.3,54.62,69.55,81.16,1,1
1869,37.53,129.11,10.88,21.76,8.3,54.62,69.55,81.16,1,1
1870,37.53,129.11,10.88,21.76,8.3,54.62,69.55,81.16,1,1
1871,37.53,129.11,10.88,21.76,8.3,54.62,69.55,81.16,1,1
1872,37.53,129.11,10.88,21.76,8.3,54.62,69.55,81.16,1,1
1873,37.53,129.11,10.88,21.76,8.3,54.62,69.55,81.16,1,1
1874,37.53,129.11,10.88,21.76,8.3,54.62,69.55,81.16,1,1
1875,37.53,129.11,10.88,21.76,8.3,54.62,69.55,81.16,1,1
1876,37.53,129.11,10.88,21.76,8.3,54.62,69.55,81.16,1,1
1877,37.53,129.11,10.88,21.76,8.3,54.62,69.55,81.16,1,1
1878,37.53,129.11,10.88,21.76,8.3,54.62,69.55,81.16,1,1
1879,37.53,129.11,10.88,21.76,8.3,54.62,69.55,81.16,1,1
1880,37.53,129.11,10.88,21.76,8.3,54.62,69.55,81.16,1,1
1881,37.53,129.11,10.88,21.76,8.3,54.62,69.55,81.16,1,1
1882,37.53,129.11,10.88,21.76,8.3,54.62,69.55,81.16,1,1
1883,37.53,129.11,10.88,21.76,8.3,54.62,69.55,81.16,1,1
1884,37.53,129.11,10.88,21.76,8.3,54.62,69.55,81.16,1,1
1885,37.53,129.11,10.88,21.76,8.3,54.62,69.55,81.16,1,1
1886,37.53,129.11,10.88,21.76,8.3,54.62,69.55,81.16,1,1
1887,37.53,129.11,10.88,21.76,8.3,54.62,69.55,81.16,1,1
1888,37.53,129.11,10.88,21.76,8.3,54.62,69.55,81.16,1,1
1889,37.53,129.11,10.88,21.76,8.3,54.62,69.55,81.16,1,1
1890,37.53,129.11,10.88,21.76,8.3,54.62,69.55,81.16,1,1
1891,37.53,129.11,10.88,21.76,8.3,54.62,69.55,81.16,1,1
1892,37.53,129.11,10.88,21.76,8.3,54.62,69.55,81.16,1,1
1893,37.53,129.11,10.88,21.76,8.3,54.62,69.55,81.16,1,1
1894,37.53,129.11,10.88,21.76,8.3,54.62,69.55,81.16,1,1
1895,37.53,129.11,10.88,21.76,8.3,54.62,69.55,81.16,1,1
1896,37.53,129.11,10.88,21.76,8.3,54.62,69.55,81.16,1,1
1897,37.53,129.11,10.88,21.76,8.3,54.62,69.55,81.16,1,1
1898,37.53,129.11,10.88,21.76,8.3,54.62,69.55,81.16,1,1
1899,37.53,129.11,10.88,21.76,8.3,54.62,69.55,81.16,1,1
1900,37.53,129.11,10.88,21.76,8.3,54.62,69.55,81.16,1,1
1901,37.53,129.11,10.88,21.76,8.3,54.62,69.55,81.16,1,1
1902,37.53,129.11,10.88,21.76,8.3,54.62,69.55,81.16,1,1
1903,37.53,129.11,10.88,21.76,8.3,54.62,69.55,81.16,1,1
1904,37.53,129.11,10.88,21.76,8.3,54.62,69.55,81.16,1,1
1905,37.53,129.11,10.88,21.76,8.3,54.62,69.55,81.16,1,1
1906,37.53,129.11,10.88,21.76,8.3,54.62,69.55,81.16,1,1
1907,37.53,129.11,10.88,21.76,8.3,54.62,69.55,81.16,1,1
1908,37.53,129.11,10.88,21.76,8.3,54.62,69.55,81.16,1,1
1909,37.53,129.11,10.88,21.76,8.3,54.62,69.55,81.16,1,1
1910,37.53,129.11,10.88,21.76,8.3,54.62,69.55,81.16,1,1
1911,37.53,129.11,10.88,21.76,8.3,54.62,69.55,81.16,1,1
1912,37.53,129.11,10.88,21.76,8.3,54.62,69.55,81.16,1,1
1913,37.53,129.11,10.88,21.76,8.3,54.62,69.55,81.16,1,1
1914,37.53,129.11,10.88,21.76,8.3,54.62,69.55,81.16,1,1
1915,37.53,129.11,10.88,21.76,8.3,54.62,69.55,81.16,1,1
1916,37.53,129.11,10.88,21.76,8.3,54.62,69.55,81.16,1,1
1917,37.53,129.11,10.88,21.76,8.3,54.62,69.55,81.16,1,1
1918,37.53,129.11,10.88,21.76,8.3,54.62,69.55,81.16,1,1
1919,37.53,129.11,10.88,21.76,8.3,54.62,69.55,81.16,1,1
1920,37.53,129.11,10.88,21.76,8.3,54.62,69.55,81.16,1,1
1921,37.53,129.11,10.88,21.76,8.3,54.62,69.55,81.16,1,1
1922,37.53,129.11,10.88,21.76,8.3,54.62,69.55,81.16,1,1
1923,37.53,129.11,10.88,21.76,8.3,54.62,69.55,81.16,1,1
1924,37.53,129.11,10.88,21.76,8.3,54.62,69.55,81.16,1,1
1925,37.53,129.11,10.88,21.76,8.3,54.62,69.55,81.16,1,1
1926,37.53,129.11,10.88,21.76,8.3,54.62,69.55,81.16,1,1
1927,37.53,129.11,10.88,21.76,8.3,54.62,69.55,81.16,1,1
1928,37.53,129.11,10.88,21.76,8.3,54.62,69.55,81.16,1,1
1929,37.53,129.11,10.88,21.76,8.3,54.62,69.55,81.16,1,1
1930,37.53,129.11,10.88,21.76,8.3,54.62,69.55,81.16,1,1
1931,37.53,129.11,10.88,21.76,8.3,54.62,69.55,81.16,1,1
1932,37.53,129.11,10.88,21.76,8.3,54.62,69.55,81.16,1,1
1933,37.53,129.11,10.88,21.76,8.3,54.62,69.55,81.16,1,1
1934,37.53,129.11,10.88,21.76,8.3,54.62,69.55,81.16,1,1
1935,37.53,129.11,10.88,21.76,8.3,54.62,69.55,81.16,1,1
1936,37.53,129.11,10.88,21.76,8.3,54.62,69.55,81.16,1,1
1937,37.53,129.11,10.88,21.76,8.3,54.62,69.55,81.16,1,1
1938,37.53,129.11,10.88,21.76,8.3,54.62,69.55,81.16,1,1
1939,37.53,129.11,10.88,21.76,8.3,54.62,69.55,81.16,1,1
1940,37.53,129.11,10.88,21.76,8.3,54.62,69.55,81.16,1,1
1941,37.53,129.11,10.88,21.76,8.3,54.62,69.55,81.16,1,1
1942,37.53,129.11,10.88,21.76,8.3,54.62,69.55,81.16,1,1
1943,37.53,129.11,10.88,21.76,8.3,54.62,69.55,81.16,1,1
1944,37.53,129.11,10.88,21.76,8.3,54.62,69.55,81.16,1,1
1945,37.53,129.11,10.88,21.76,8.3,54.62,69.55,81.16,1,1
1946,37.53,129.11,10.88,21.76,8.3,54.62,69.55,81.16,1,1
1947,37.53,129.11,10.88,21.76,8.3,54.62,69.55,81.16,1,1
1948,37.53,129.11,10.88,21.76,8.3,54.62,69.55,81.16,1,1
1949,37.53,129.11,10.88,21.76,8.3,54.62,69.55,81.16,1,1
1950,37.53,129.11,10.88,21.76,8.3,54.62,69.55,81.16,1,1
1951,37.53,129.11,10.88,21.76,8.3,54.62,69.55,81.16,1,1
1952,37.53,129.11,10.88,21.76,8.3,54.62,69.55,81.16,1,1
1953,37.53,129.11,10.88,21.76,8.3,54.62,69.55,81.16,1,1
1954,37.53,129.11,10.88,21.76,8.3,54.62,69.55,81.16,1,1
1955,37.53,129.11,10.88,21.76,8.3,54.62,69.55,81.16,1,1
1956,37.53,129.11,10.88,21.76,8.3,54.62,69.55,81.16,1,1
1957,37.53,129.11,10.88,21.76,8.3,54.62,69.55,81.16,1,1
1958,37.53,129.11,10.88,21.76,8.3,54.62,69.55,81.16,1,1
1959,37.53,129.11,10.88,21.76,8.3,54.62,69.55,81.16,1,1
1960,37.53,129.11,10.88,21.76,8.3,54.62,69.55,81.16,1,1
1961,37.53,129.11,10.88,21.76,8.3,54.62,69.55,81.16,1,1
1962,37.53,129.11,10.88,21.76,8.3,54.62,69.55,81.16,1,1
1963,37.53,129.11,10.88,21.76,8.3,54.62,69.55,81.16,1,1
1964,37.53,129.11,10.88,21.76,8.3,54.62,69.55,81.16,1,1
1965,37.53,129.11,10.88,21.76,8.3,54.62,69.55,81.16,1,1
1966,37.53,129.11,10.88,21.76,8.3,54.62,69.55,81.16,1,1
1967,37.53,129.11,10.88,21.76,8.3,54.62,69.55,81.16,1,1
1968,37.53,129.11,10.88,21.76,8.3,54.62,69.55,81.16,1,1
1969,37.53,129.11,10.88,21.76,8.3,54.62,69.55,81.16,1,1
1970,37.53,129.11,10.88,21.76,8.3,54.62,69.55,81.16,1,1
1971,37.53,129.11,10.88,21.76,8.3,54.62,69.55,81.16,1,1
1972,37.53,129.11,10.88,21.76,8.3,54.62,69.55,81.16,1,1
1973,37.53,129.11,10.88,21.76,8.3,54.62,69.55,81.16,1,1
1974,37.53,129.11,10.88,21.76,8.3,54.62,69.55,81.16,1,1
1975,37.53,129.11,10.88,21.76,8.3,54.62,69.55,81.16,1,1
1976,37.53,129.11,10.88,21.76,8.3,54.62,69.55,81.16,1,1
1977,37.53,129.11,10.88,21.76,8.3,54.62,69.55,81.16,1,1
1978,37.53,129.11,10.88,21.76,8.3,54.62,69.55,81.16,1,1
1979,37.53,129.11,10.88,21.76,8.3,54.62,69.55,81.16,1,1
1980,37.53,129.11,10.88,21.76,8.3,54.62,69.55,81.16,1,1
1981,37.53,129.11,10.88,21.76,8.3,54.62,69.55,81.16,1,1
1982,37.53,129.11,10.88,21.76,8.3,54.62,69.55,81.16,1,1
1983,37.53,129.11,10.88,21.76,8.3,54.62,69.55,81.16,1,1
1984,37.53,129.11,10.88,21.76,8.3,54.62,69.55,81.16,1,1
1985,37.53,129.11,10.88,21.76,8.3,54.62,69.55,81.16,1,1
1986,37.53,129.11,10.88,21.76,8.3,54.62,69.55,81.16,1,1
1987,37.53,129.11,10.88,21.76,8.3,54.62,69.55,81.16,1,1
1988,37.53,129.11,10.88,21.76,8.3,54.62,69.55,81.16,1,1
1989,37.53,129.11,10.88,21.76,8.3,54.62,69.55,81.16,1,1
1990,37.53,129.11,10.88,21.76,8.3,54.62,69.55,81.16,1,1
1991,37.53,129.11,10.88,21.76,8.3,54.62,69.55,81.16,1,1
1992,37.53,129.11,10.88,21.76,8.3,54.62,69.55,81.16,1,1
1993,37.53,129.11,10.88,21.76,8.3,54.62,69.55,81.16,1,1
1994,37.53,129.11,10.88,21.76,8.3,54.62,69.55,81.16,1,1
1995,37.53,129.11,10.88,21.76,8.3,54.62,69.55,81.16,1,1
1996,37.53,129.11,10.88,21.76,8.3,54.62,69.55,81.16,1,1
1997,37.53,129.11,10.88,21.76,8.3,54.62,69.55,81.16,1,1
1998,37.53,129.11,10.88,21.76,8.3,54.62,69.55,81.16,1,1
1999,37.53,129.11,10.88,21.76,8.3,54.62,69.55,81.16,1,1
2000,37.53,129.11,10.88,21.76,8.3,54.62,69.55,81.16,1,1
2001,37.53,129.11,10.88,21.76,8.3,54.62,69.55,81.16,1,1
2002,37.53,129.11,10.88,21.76,8.3,54.62,69.55,81.16,1,1
2003,37.53,129.11,10.88,21.76,8.3,54.62,69.55,81.16,1,1
2004,37.53,129.11,10.88,21.76,8.3,54.62,69.55,81.16,1,1
2005,37.53,129.11,10.88,21.76,8.3,54.62,69.55,81.16,1,1
2006,37.53,129.11,10.88,21.76,8.3,54.62,69.55,81.16,1,1
2007,37.53,129.11,10.88,21.76,8.3,54.62,69.55,81.16,1,1
2008,37.53,129.11,10.88,21.76,8.3,54.62,69.55,81.16,1,1
2009,37.53,129.11,10.88,21.76,8.3,54.62,69.55,81.16,1,1
2010,37.53,129.11,10.88,21.76,8.3,54.62,69.55,81.16,1,1
2011,37.53,129.11,10.88,21.76,8.3,54.62,69.55,81.16,1,1
2012,37.53,129.11,10.88,21.76,8.3,54.62,69.55,81.16,1,1
2013,37.53,129.11,10.88,21.76,8.3,54.62,69.55,81.16,1,1
2014,37.53,129.11,10.88,21.76,8.3,54.62,69.55,81.16,1,1
2015,37.53,129.11,10.88,21.76,8.3,54.62,69.55,81.16,1,1
2016,37.53,129.11,10.88,21.76,8.3,54.62,69.55,81.16,1,1
