Time_Index,h2_BR_AC,h2_BR_AL,h2_BR_AM,h2_BR_AP,h2_BR_BA,h2_BR_CE,h2_BR_DF,h2_BR_ES,h2_BR_GO,h2_BR_MA,h2_BR_MG,h2_BR_MS,h2_BR_MT,h2_BR_PA,h2_BR_PB,h2_BR_PE,h2_BR_PI,h2_BR_PR,h2_BR_RJ,h2_BR_RN,h2_BR_RO,h2_BR_RR,h2_BR_RS,h2_BR_SC,h2_BR_SE,h2_BR_SP,h2_BR_TO
1,0.08745,2.380136006501418,6.480698820167502,0.08338,41.85669719871477,5.381152095812778,0.5696596698224912,6.930095347141026,16.874372457993278,4.7834405701417975,56.430931388833244,6.7151481099728265,16.518405495399957,6.745410870432795,2.0497861861548863,18.59337586550757,1.3370028790796047,48.915450270042584,40.336869856747555,0.40214,0.9433618630978511,0.09653,49.903729632749645,21.426252977845426,2.8522134061462827,329.14717390055154,1.8964560442498608
2,0.08745,2.380136006501418,6.480698820167502,0.08338,41.85669719871477,5.381152095812778,0.5696596698224912,6.930095347141026,16.874372457993278,4.7834405701417975,56.430931388833244,6.7151481099728265,16.518405495399957,6.745410870432795,2.0497861861548863,18.59337586550757,1.3370028790796047,48.915450270042584,40.336869856747555,0.40214,0.9433618630978511,0.09653,49.903729632749645,21.426252977845426,2.8522134061462827,329.14717390055154,1.8964560442498608
3,0.08745,2.380136006501418,6.480698820167502,0.08338,41.85669719871477,5.381152095812778,0.5696596698224912,6.930095347141026,16.874372457993278,4.7834405701417975,56.430931388833244,6.7151481099728265,16.518405495399957,6.745410870432795,2.0497861861548863,18.59337586550757,1.3370028790796047,48.915450270042584,40.336869856747555,0.40214,0.9433618630978511,0.09653,49.903729632749645,21.426252977845426,2.8522134061462827,329.14717390055154,1.8964560442498608
4,0.08745,2.380136006501418,6.480698820167502,0.08338,41.85669719871477,5.381152095812778,0.5696596698224912,6.930095347141026,16.874372457993278,4.7834405701417975,56.430931388833244,6.7151481099728265,16.518405495399957,6.745410870432795,2.0497861861548863,18.59337586550757,1.3370028790796047,48.915450270042584,40.336869856747555,0.40214,0.9433618630978511,0.09653,49.903729632749645,21.426252977845426,2.8522134061462827,329.14717390055154,1.8964560442498608
5,0.08745,2.380136006501418,6.480698820167502,0.08338,41.85669719871477,5.381152095812778,0.5696596698224912,6.930095347141026,16.874372457993278,4.7834405701417975,56.430931388833244,6.7151481099728265,16.518405495399957,6.745410870432795,2.0497861861548863,18.59337586550757,1.3370028790796047,48.915450270042584,40.336869856747555,0.40214,0.9433618630978511,0.09653,49.903729632749645,21.426252977845426,2.8522134061462827,329.14717390055154,1.8964560442498608
6,0.08745,2.380136006501418,6.480698820167502,0.08338,41.85669719871477,5.381152095812778,0.5696596698224912,6.930095347141026,16.874372457993278,4.7834405701417975,56.430931388833244,6.7151481099728265,16.518405495399957,6.745410870432795,2.0497861861548863,18.59337586550757,1.3370028790796047,48.915450270042584,40.336869856747555,0.40214,0.9433618630978511,0.09653,49.903729632749645,21.426252977845426,2.8522134061462827,329.14717390055154,1.8964560442498608
7,0.08745,2.380136006501418,6.480698820167502,0.08338,41.85669719871477,5.381152095812778,0.5696596698224912,6.930095347141026,16.874372457993278,4.7834405701417975,56.430931388833244,6.7151481099728265,16.518405495399957,6.745410870432795,2.0497861861548863,18.59337586550757,1.3370028790796047,48.915450270042584,40.336869856747555,0.40214,0.9433618630978511,0.09653,49.903729632749645,21.426252977845426,2.8522134061462827,329.14717390055154,1.8964560442498608
8,0.08745,2.380136006501418,6.480698820167502,0.08338,41.85669719871477,5.381152095812778,0.5696596698224912,6.930095347141026,16.874372457993278,4.7834405701417975,56.430931388833244,6.7151481099728265,16.518405495399957,6.745410870432795,2.0497861861548863,18.59337586550757,1.3370028790796047,48.915450270042584,40.336869856747555,0.40214,0.9433618630978511,0.09653,49.903729632749645,21.426252977845426,2.8522134061462827,329.14717390055154,1.8964560442498608
9,0.08745,2.380136006501418,6.480698820167502,0.08338,41.85669719871477,5.381152095812778,0.5696596698224912,6.930095347141026,16.874372457993278,4.7834405701417975,56.430931388833244,6.7151481099728265,16.518405495399957,6.745410870432795,2.0497861861548863,18.59337586550757,1.3370028790796047,48.915450270042584,40.336869856747555,0.40214,0.9433618630978511,0.09653,49.903729632749645,21.426252977845426,2.8522134061462827,329.14717390055154,1.8964560442498608
10,0.08745,2.380136006501418,6.480698820167502,0.08338,41.85669719871477,5.381152095812778,0.5696596698224912,6.930095347141026,16.874372457993278,4.7834405701417975,56.430931388833244,6.7151481099728265,16.518405495399957,6.745410870432795,2.0497861861548863,18.59337586550757,1.3370028790796047,48.915450270042584,40.336869856747555,0.40214,0.9433618630978511,0.09653,49.903729632749645,21.426252977845426,2.8522134061462827,329.14717390055154,1.8964560442498608
11,0.08745,2.380136006501418,6.480698820167502,0.08338,41.85669719871477,5.381152095812778,0.5696596698224912,6.930095347141026,16.874372457993278,4.7834405701417975,56.430931388833244,6.7151481099728265,16.518405495399957,6.745410870432795,2.0497861861548863,18.59337586550757,1.3370028790796047,48.915450270042584,40.336869856747555,0.40214,0.9433618630978511,0.09653,49.903729632749645,21.426252977845426,2.8522134061462827,329.14717390055154,1.8964560442498608
12,0.08745,2.380136006501418,6.480698820167502,0.08338,41.85669719871477,5.381152095812778,0.5696596698224912,6.930095347141026,16.874372457993278,4.7834405701417975,56.430931388833244,6.7151481099728265,16.518405495399957,6.745410870432795,2.0497861861548863,18.59337586550757,1.3370028790796047,48.915450270042584,40.336869856747555,0.40214,0.9433618630978511,0.09653,49.903729632749645,21.426252977845426,2.8522134061462827,329.14717390055154,1.8964560442498608
13,0.08745,2.380136006501418,6.480698820167502,0.08338,41.85669719871477,5.381152095812778,0.5696596698224912,6.930095347141026,16.874372457993278,4.7834405701417975,56.430931388833244,6.7151481099728265,16.518405495399957,6.745410870432795,2.0497861861548863,18.59337586550757,1.3370028790796047,48.915450270042584,40.336869856747555,0.40214,0.9433618630978511,0.09653,49.903729632749645,21.426252977845426,2.8522134061462827,329.14717390055154,1.8964560442498608
14,0.08745,2.380136006501418,6.480698820167502,0.08338,41.85669719871477,5.381152095812778,0.5696596698224912,6.930095347141026,16.874372457993278,4.7834405701417975,56.430931388833244,6.7151481099728265,16.518405495399957,6.745410870432795,2.0497861861548863,18.59337586550757,1.3370028790796047,48.915450270042584,40.336869856747555,0.40214,0.9433618630978511,0.09653,49.903729632749645,21.426252977845426,2.8522134061462827,329.14717390055154,1.8964560442498608
15,0.08745,2.380136006501418,6.480698820167502,0.08338,41.85669719871477,5.381152095812778,0.5696596698224912,6.930095347141026,16.874372457993278,4.7834405701417975,56.430931388833244,6.7151481099728265,16.518405495399957,6.745410870432795,2.0497861861548863,18.59337586550757,1.3370028790796047,48.915450270042584,40.336869856747555,0.40214,0.9433618630978511,0.09653,49.903729632749645,21.426252977845426,2.8522134061462827,329.14717390055154,1.8964560442498608
16,0.08745,2.380136006501418,6.480698820167502,0.08338,41.85669719871477,5.381152095812778,0.5696596698224912,6.930095347141026,16.874372457993278,4.7834405701417975,56.430931388833244,6.7151481099728265,16.518405495399957,6.745410870432795,2.0497861861548863,18.59337586550757,1.3370028790796047,48.915450270042584,40.336869856747555,0.40214,0.9433618630978511,0.09653,49.903729632749645,21.426252977845426,2.8522134061462827,329.14717390055154,1.8964560442498608
17,0.08745,2.380136006501418,6.480698820167502,0.08338,41.85669719871477,5.381152095812778,0.5696596698224912,6.930095347141026,16.874372457993278,4.7834405701417975,56.430931388833244,6.7151481099728265,16.518405495399957,6.745410870432795,2.0497861861548863,18.59337586550757,1.3370028790796047,48.915450270042584,40.336869856747555,0.40214,0.9433618630978511,0.09653,49.903729632749645,21.426252977845426,2.8522134061462827,329.14717390055154,1.8964560442498608
18,0.08745,2.380136006501418,6.480698820167502,0.08338,41.85669719871477,5.381152095812778,0.5696596698224912,6.930095347141026,16.874372457993278,4.7834405701417975,56.430931388833244,6.7151481099728265,16.518405495399957,6.745410870432795,2.0497861861548863,18.59337586550757,1.3370028790796047,48.915450270042584,40.336869856747555,0.40214,0.9433618630978511,0.09653,49.903729632749645,21.426252977845426,2.8522134061462827,329.14717390055154,1.8964560442498608
19,0.08745,2.380136006501418,6.480698820167502,0.08338,41.85669719871477,5.381152095812778,0.5696596698224912,6.930095347141026,16.874372457993278,4.7834405701417975,56.430931388833244,6.7151481099728265,16.518405495399957,6.745410870432795,2.0497861861548863,18.59337586550757,1.3370028790796047,48.915450270042584,40.336869856747555,0.40214,0.9433618630978511,0.09653,49.903729632749645,21.426252977845426,2.8522134061462827,329.14717390055154,1.8964560442498608
20,0.08745,2.380136006501418,6.480698820167502,0.08338,41.85669719871477,5.381152095812778,0.5696596698224912,6.930095347141026,16.874372457993278,4.7834405701417975,56.430931388833244,6.7151481099728265,16.518405495399957,6.745410870432795,2.0497861861548863,18.59337586550757,1.3370028790796047,48.915450270042584,40.336869856747555,0.40214,0.9433618630978511,0.09653,49.903729632749645,21.426252977845426,2.8522134061462827,329.14717390055154,1.8964560442498608
21,0.08745,2.380136006501418,6.480698820167502,0.08338,41.85669719871477,5.381152095812778,0.5696596698224912,6.930095347141026,16.874372457993278,4.7834405701417975,56.430931388833244,6.7151481099728265,16.518405495399957,6.745410870432795,2.0497861861548863,18.59337586550757,1.3370028790796047,48.915450270042584,40.336869856747555,0.40214,0.9433618630978511,0.09653,49.903729632749645,21.426252977845426,2.8522134061462827,329.14717390055154,1.8964560442498608
22,0.08745,2.380136006501418,6.480698820167502,0.08338,41.85669719871477,5.381152095812778,0.5696596698224912,6.930095347141026,16.874372457993278,4.7834405701417975,56.430931388833244,6.7151481099728265,16.518405495399957,6.745410870432795,2.0497861861548863,18.59337586550757,1.3370028790796047,48.915450270042584,40.336869856747555,0.40214,0.9433618630978511,0.09653,49.903729632749645,21.426252977845426,2.8522134061462827,329.14717390055154,1.8964560442498608
23,0.08745,2.380136006501418,6.480698820167502,0.08338,41.85669719871477,5.381152095812778,0.5696596698224912,6.930095347141026,16.874372457993278,4.7834405701417975,56.430931388833244,6.7151481099728265,16.518405495399957,6.745410870432795,2.0497861861548863,18.59337586550757,1.3370028790796047,48.915450270042584,40.336869856747555,0.40214,0.9433618630978511,0.09653,49.903729632749645,21.426252977845426,2.8522134061462827,329.14717390055154,1.8964560442498608
24,0.08745,2.380136006501418,6.480698820167502,0.08338,41.85669719871477,5.381152095812778,0.5696596698224912,6.930095347141026,16.874372457993278,4.7834405701417975,56.430931388833244,6.7151481099728265,16.518405495399957,6.745410870432795,2.0497861861548863,18.59337586550757,1.3370028790796047,48.915450270042584,40.336869856747555,0.40214,0.9433618630978511,0.09653,49.903729632749645,21.426252977845426,2.8522134061462827,329.14717390055154,1.8964560442498608
25,0.08745,2.380136006501418,6.480698820167502,0.08338,41.85669719871477,5.381152095812778,0.5696596698224912,6.930095347141026,16.874372457993278,4.7834405701417975,56.430931388833244,6.7151481099728265,16.518405495399957,6.745410870432795,2.0497861861548863,18.59337586550757,1.3370028790796047,48.915450270042584,40.336869856747555,0.40214,0.9433618630978511,0.09653,49.903729632749645,21.426252977845426,2.8522134061462827,329.14717390055154,1.8964560442498608
26,0.08745,2.380136006501418,6.480698820167502,0.08338,41.85669719871477,5.381152095812778,0.5696596698224912,6.930095347141026,16.874372457993278,4.7834405701417975,56.430931388833244,6.7151481099728265,16.518405495399957,6.745410870432795,2.0497861861548863,18.59337586550757,1.3370028790796047,48.915450270042584,40.336869856747555,0.40214,0.9433618630978511,0.09653,49.903729632749645,21.426252977845426,2.8522134061462827,329.14717390055154,1.8964560442498608
27,0.08745,2.380136006501418,6.480698820167502,0.08338,41.85669719871477,5.381152095812778,0.5696596698224912,6.930095347141026,16.874372457993278,4.7834405701417975,56.430931388833244,6.7151481099728265,16.518405495399957,6.745410870432795,2.0497861861548863,18.59337586550757,1.3370028790796047,48.915450270042584,40.336869856747555,0.40214,0.9433618630978511,0.09653,49.903729632749645,21.426252977845426,2.8522134061462827,329.14717390055154,1.8964560442498608
28,0.08745,2.380136006501418,6.480698820167502,0.08338,41.85669719871477,5.381152095812778,0.5696596698224912,6.930095347141026,16.874372457993278,4.7834405701417975,56.430931388833244,6.7151481099728265,16.518405495399957,6.745410870432795,2.0497861861548863,18.59337586550757,1.3370028790796047,48.915450270042584,40.336869856747555,0.40214,0.9433618630978511,0.09653,49.903729632749645,21.426252977845426,2.8522134061462827,329.14717390055154,1.8964560442498608
29,0.08745,2.380136006501418,6.480698820167502,0.08338,41.85669719871477,5.381152095812778,0.5696596698224912,6.930095347141026,16.874372457993278,4.7834405701417975,56.430931388833244,6.7151481099728265,16.518405495399957,6.745410870432795,2.0497861861548863,18.59337586550757,1.3370028790796047,48.915450270042584,40.336869856747555,0.40214,0.9433618630978511,0.09653,49.903729632749645,21.426252977845426,2.8522134061462827,329.14717390055154,1.8964560442498608
30,0.08745,2.380136006501418,6.480698820167502,0.08338,41.85669719871477,5.381152095812778,0.5696596698224912,6.930095347141026,16.874372457993278,4.7834405701417975,56.430931388833244,6.7151481099728265,16.518405495399957,6.745410870432795,2.0497861861548863,18.59337586550757,1.3370028790796047,48.915450270042584,40.336869856747555,0.40214,0.9433618630978511,0.09653,49.903729632749645,21.426252977845426,2.8522134061462827,329.14717390055154,1.8964560442498608
31,0.08745,2.380136006501418,6.480698820167502,0.08338,41.85669719871477,5.381152095812778,0.5696596698224912,6.930095347141026,16.874372457993278,4.7834405701417975,56.430931388833244,6.7151481099728265,16.518405495399957,6.745410870432795,2.0497861861548863,18.59337586550757,1.3370028790796047,48.915450270042584,40.336869856747555,0.40214,0.9433618630978511,0.09653,49.903729632749645,21.426252977845426,2.8522134061462827,329.14717390055154,1.8964560442498608
32,0.08745,2.380136006501418,6.480698820167502,0.08338,41.85669719871477,5.381152095812778,0.5696596698224912,6.930095347141026,16.874372457993278,4.7834405701417975,56.430931388833244,6.7151481099728265,16.518405495399957,6.745410870432795,2.0497861861548863,18.59337586550757,1.3370028790796047,48.915450270042584,40.336869856747555,0.40214,0.9433618630978511,0.09653,49.903729632749645,21.426252977845426,2.8522134061462827,329.14717390055154,1.8964560442498608
33,0.08745,2.380136006501418,6.480698820167502,0.08338,41.85669719871477,5.381152095812778,0.5696596698224912,6.930095347141026,16.874372457993278,4.7834405701417975,56.430931388833244,6.7151481099728265,16.518405495399957,6.745410870432795,2.0497861861548863,18.59337586550757,1.3370028790796047,48.915450270042584,40.336869856747555,0.40214,0.9433618630978511,0.09653,49.903729632749645,21.426252977845426,2.8522134061462827,329.14717390055154,1.8964560442498608
34,0.08745,2.380136006501418,6.480698820167502,0.08338,41.85669719871477,5.381152095812778,0.5696596698224912,6.930095347141026,16.874372457993278,4.7834405701417975,56.430931388833244,6.7151481099728265,16.518405495399957,6.745410870432795,2.0497861861548863,18.59337586550757,1.3370028790796047,48.915450270042584,40.336869856747555,0.40214,0.9433618630978511,0.09653,49.903729632749645,21.426252977845426,2.8522134061462827,329.14717390055154,1.8964560442498608
35,0.08745,2.380136006501418,6.480698820167502,0.08338,41.85669719871477,5.381152095812778,0.5696596698224912,6.930095347141026,16.874372457993278,4.7834405701417975,56.430931388833244,6.7151481099728265,16.518405495399957,6.745410870432795,2.0497861861548863,18.59337586550757,1.3370028790796047,48.915450270042584,40.336869856747555,0.40214,0.9433618630978511,0.09653,49.903729632749645,21.426252977845426,2.8522134061462827,329.14717390055154,1.8964560442498608
36,0.08745,2.380136006501418,6.480698820167502,0.08338,41.85669719871477,5.381152095812778,0.5696596698224912,6.930095347141026,16.874372457993278,4.7834405701417975,56.430931388833244,6.7151481099728265,16.518405495399957,6.745410870432795,2.0497861861548863,18.59337586550757,1.3370028790796047,48.915450270042584,40.336869856747555,0.40214,0.9433618630978511,0.09653,49.903729632749645,21.426252977845426,2.8522134061462827,329.14717390055154,1.8964560442498608
37,0.08745,2.380136006501418,6.480698820167502,0.08338,41.85669719871477,5.381152095812778,0.5696596698224912,6.930095347141026,16.874372457993278,4.7834405701417975,56.430931388833244,6.7151481099728265,16.518405495399957,6.745410870432795,2.0497861861548863,18.59337586550757,1.3370028790796047,48.915450270042584,40.336869856747555,0.40214,0.9433618630978511,0.09653,49.903729632749645,21.426252977845426,2.8522134061462827,329.14717390055154,1.8964560442498608
38,0.08745,2.380136006501418,6.480698820167502,0.08338,41.85669719871477,5.381152095812778,0.5696596698224912,6.930095347141026,16.874372457993278,4.7834405701417975,56.430931388833244,6.7151481099728265,16.518405495399957,6.745410870432795,2.0497861861548863,18.59337586550757,1.3370028790796047,48.915450270042584,40.336869856747555,0.40214,0.9433618630978511,0.09653,49.903729632749645,21.426252977845426,2.8522134061462827,329.14717390055154,1.8964560442498608
39,0.08745,2.380136006501418,6.480698820167502,0.08338,41.85669719871477,5.381152095812778,0.5696596698224912,6.930095347141026,16.874372457993278,4.7834405701417975,56.430931388833244,6.7151481099728265,16.518405495399957,6.745410870432795,2.0497861861548863,18.59337586550757,1.3370028790796047,48.915450270042584,40.336869856747555,0.40214,0.9433618630978511,0.09653,49.903729632749645,21.426252977845426,2.8522134061462827,329.14717390055154,1.8964560442498608
40,0.08745,2.380136006501418,6.480698820167502,0.08338,41.85669719871477,5.381152095812778,0.5696596698224912,6.930095347141026,16.874372457993278,4.7834405701417975,56.430931388833244,6.7151481099728265,16.518405495399957,6.745410870432795,2.0497861861548863,18.59337586550757,1.3370028790796047,48.915450270042584,40.336869856747555,0.40214,0.9433618630978511,0.09653,49.903729632749645,21.426252977845426,2.8522134061462827,329.14717390055154,1.8964560442498608
41,0.08745,2.380136006501418,6.480698820167502,0.08338,41.85669719871477,5.381152095812778,0.5696596698224912,6.930095347141026,16.874372457993278,4.7834405701417975,56.430931388833244,6.7151481099728265,16.518405495399957,6.745410870432795,2.0497861861548863,18.59337586550757,1.3370028790796047,48.915450270042584,40.336869856747555,0.40214,0.9433618630978511,0.09653,49.903729632749645,21.426252977845426,2.8522134061462827,329.14717390055154,1.8964560442498608
42,0.08745,2.380136006501418,6.480698820167502,0.08338,41.85669719871477,5.381152095812778,0.5696596698224912,6.930095347141026,16.874372457993278,4.7834405701417975,56.430931388833244,6.7151481099728265,16.518405495399957,6.745410870432795,2.0497861861548863,18.59337586550757,1.3370028790796047,48.915450270042584,40.336869856747555,0.40214,0.9433618630978511,0.09653,49.903729632749645,21.426252977845426,2.8522134061462827,329.14717390055154,1.8964560442498608
43,0.08745,2.380136006501418,6.480698820167502,0.08338,41.85669719871477,5.381152095812778,0.5696596698224912,6.930095347141026,16.874372457993278,4.7834405701417975,56.430931388833244,6.7151481099728265,16.518405495399957,6.745410870432795,2.0497861861548863,18.59337586550757,1.3370028790796047,48.915450270042584,40.336869856747555,0.40214,0.9433618630978511,0.09653,49.903729632749645,21.426252977845426,2.8522134061462827,329.14717390055154,1.8964560442498608
44,0.08745,2.380136006501418,6.480698820167502,0.08338,41.85669719871477,5.381152095812778,0.5696596698224912,6.930095347141026,16.874372457993278,4.7834405701417975,56.430931388833244,6.7151481099728265,16.518405495399957,6.745410870432795,2.0497861861548863,18.59337586550757,1.3370028790796047,48.915450270042584,40.336869856747555,0.40214,0.9433618630978511,0.09653,49.903729632749645,21.426252977845426,2.8522134061462827,329.14717390055154,1.8964560442498608
45,0.08745,2.380136006501418,6.480698820167502,0.08338,41.85669719871477,5.381152095812778,0.5696596698224912,6.930095347141026,16.874372457993278,4.7834405701417975,56.430931388833244,6.7151481099728265,16.518405495399957,6.745410870432795,2.0497861861548863,18.59337586550757,1.3370028790796047,48.915450270042584,40.336869856747555,0.40214,0.9433618630978511,0.09653,49.903729632749645,21.426252977845426,2.8522134061462827,329.14717390055154,1.8964560442498608
46,0.08745,2.380136006501418,6.480698820167502,0.08338,41.85669719871477,5.381152095812778,0.5696596698224912,6.930095347141026,16.874372457993278,4.7834405701417975,56.430931388833244,6.7151481099728265,16.518405495399957,6.745410870432795,2.0497861861548863,18.59337586550757,1.3370028790796047,48.915450270042584,40.336869856747555,0.40214,0.9433618630978511,0.09653,49.903729632749645,21.426252977845426,2.8522134061462827,329.14717390055154,1.8964560442498608
47,0.08745,2.380136006501418,6.480698820167502,0.08338,41.85669719871477,5.381152095812778,0.5696596698224912,6.930095347141026,16.874372457993278,4.7834405701417975,56.430931388833244,6.7151481099728265,16.518405495399957,6.745410870432795,2.0497861861548863,18.59337586550757,1.3370028790796047,48.915450270042584,40.336869856747555,0.40214,0.9433618630978511,0.09653,49.903729632749645,21.426252977845426,2.8522134061462827,329.14717390055154,1.8964560442498608
48,0.08745,2.380136006501418,6.480698820167502,0.08338,41.85669719871477,5.381152095812778,0.5696596698224912,6.930095347141026,16.874372457993278,4.7834405701417975,56.430931388833244,6.7151481099728265,16.518405495399957,6.745410870432795,2.0497861861548863,18.59337586550757,1.3370028790796047,48.915450270042584,40.336869856747555,0.40214,0.9433618630978511,0.09653,49.903729632749645,21.426252977845426,2.8522134061462827,329.14717390055154,1.8964560442498608
49,0.08745,2.380136006501418,6.480698820167502,0.08338,41.85669719871477,5.381152095812778,0.5696596698224912,6.930095347141026,16.874372457993278,4.7834405701417975,56.430931388833244,6.7151481099728265,16.518405495399957,6.745410870432795,2.0497861861548863,18.59337586550757,1.3370028790796047,48.915450270042584,40.336869856747555,0.40214,0.9433618630978511,0.09653,49.903729632749645,21.426252977845426,2.8522134061462827,329.14717390055154,1.8964560442498608
50,0.08745,2.380136006501418,6.480698820167502,0.08338,41.85669719871477,5.381152095812778,0.5696596698224912,6.930095347141026,16.874372457993278,4.7834405701417975,56.430931388833244,6.7151481099728265,16.518405495399957,6.745410870432795,2.0497861861548863,18.59337586550757,1.3370028790796047,48.915450270042584,40.336869856747555,0.40214,0.9433618630978511,0.09653,49.903729632749645,21.426252977845426,2.8522134061462827,329.14717390055154,1.8964560442498608
51,0.08745,2.380136006501418,6.480698820167502,0.08338,41.85669719871477,5.381152095812778,0.5696596698224912,6.930095347141026,16.874372457993278,4.7834405701417975,56.430931388833244,6.7151481099728265,16.518405495399957,6.745410870432795,2.0497861861548863,18.59337586550757,1.3370028790796047,48.915450270042584,40.336869856747555,0.40214,0.9433618630978511,0.09653,49.903729632749645,21.426252977845426,2.8522134061462827,329.14717390055154,1.8964560442498608
52,0.08745,2.380136006501418,6.480698820167502,0.08338,41.85669719871477,5.381152095812778,0.5696596698224912,6.930095347141026,16.874372457993278,4.7834405701417975,56.430931388833244,6.7151481099728265,16.518405495399957,6.745410870432795,2.0497861861548863,18.59337586550757,1.3370028790796047,48.915450270042584,40.336869856747555,0.40214,0.9433618630978511,0.09653,49.903729632749645,21.426252977845426,2.8522134061462827,329.14717390055154,1.8964560442498608
53,0.08745,2.380136006501418,6.480698820167502,0.08338,41.85669719871477,5.381152095812778,0.5696596698224912,6.930095347141026,16.874372457993278,4.7834405701417975,56.430931388833244,6.7151481099728265,16.518405495399957,6.745410870432795,2.0497861861548863,18.59337586550757,1.3370028790796047,48.915450270042584,40.336869856747555,0.40214,0.9433618630978511,0.09653,49.903729632749645,21.426252977845426,2.8522134061462827,329.14717390055154,1.8964560442498608
54,0.08745,2.380136006501418,6.480698820167502,0.08338,41.85669719871477,5.381152095812778,0.5696596698224912,6.930095347141026,16.874372457993278,4.7834405701417975,56.430931388833244,6.7151481099728265,16.518405495399957,6.745410870432795,2.0497861861548863,18.59337586550757,1.3370028790796047,48.915450270042584,40.336869856747555,0.40214,0.9433618630978511,0.09653,49.903729632749645,21.426252977845426,2.8522134061462827,329.14717390055154,1.8964560442498608
55,0.08745,2.380136006501418,6.480698820167502,0.08338,41.85669719871477,5.381152095812778,0.5696596698224912,6.930095347141026,16.874372457993278,4.7834405701417975,56.430931388833244,6.7151481099728265,16.518405495399957,6.745410870432795,2.0497861861548863,18.59337586550757,1.3370028790796047,48.915450270042584,40.336869856747555,0.40214,0.9433618630978511,0.09653,49.903729632749645,21.426252977845426,2.8522134061462827,329.14717390055154,1.8964560442498608
56,0.08745,2.380136006501418,6.480698820167502,0.08338,41.85669719871477,5.381152095812778,0.5696596698224912,6.930095347141026,16.874372457993278,4.7834405701417975,56.430931388833244,6.7151481099728265,16.518405495399957,6.745410870432795,2.0497861861548863,18.59337586550757,1.3370028790796047,48.915450270042584,40.336869856747555,0.40214,0.9433618630978511,0.09653,49.903729632749645,21.426252977845426,2.8522134061462827,329.14717390055154,1.8964560442498608
57,0.08745,2.380136006501418,6.480698820167502,0.08338,41.85669719871477,5.381152095812778,0.5696596698224912,6.930095347141026,16.874372457993278,4.7834405701417975,56.430931388833244,6.7151481099728265,16.518405495399957,6.745410870432795,2.0497861861548863,18.59337586550757,1.3370028790796047,48.915450270042584,40.336869856747555,0.40214,0.9433618630978511,0.09653,49.903729632749645,21.426252977845426,2.8522134061462827,329.14717390055154,1.8964560442498608
58,0.08745,2.380136006501418,6.480698820167502,0.08338,41.85669719871477,5.381152095812778,0.5696596698224912,6.930095347141026,16.874372457993278,4.7834405701417975,56.430931388833244,6.7151481099728265,16.518405495399957,6.745410870432795,2.0497861861548863,18.59337586550757,1.3370028790796047,48.915450270042584,40.336869856747555,0.40214,0.9433618630978511,0.09653,49.903729632749645,21.426252977845426,2.8522134061462827,329.14717390055154,1.8964560442498608
59,0.08745,2.380136006501418,6.480698820167502,0.08338,41.85669719871477,5.381152095812778,0.5696596698224912,6.930095347141026,16.874372457993278,4.7834405701417975,56.430931388833244,6.7151481099728265,16.518405495399957,6.745410870432795,2.0497861861548863,18.59337586550757,1.3370028790796047,48.915450270042584,40.336869856747555,0.40214,0.9433618630978511,0.09653,49.903729632749645,21.426252977845426,2.8522134061462827,329.14717390055154,1.8964560442498608
60,0.08745,2.380136006501418,6.480698820167502,0.08338,41.85669719871477,5.381152095812778,0.5696596698224912,6.930095347141026,16.874372457993278,4.7834405701417975,56.430931388833244,6.7151481099728265,16.518405495399957,6.745410870432795,2.0497861861548863,18.59337586550757,1.3370028790796047,48.915450270042584,40.336869856747555,0.40214,0.9433618630978511,0.09653,49.903729632749645,21.426252977845426,2.8522134061462827,329.14717390055154,1.8964560442498608
61,0.08745,2.380136006501418,6.480698820167502,0.08338,41.85669719871477,5.381152095812778,0.5696596698224912,6.930095347141026,16.874372457993278,4.7834405701417975,56.430931388833244,6.7151481099728265,16.518405495399957,6.745410870432795,2.0497861861548863,18.59337586550757,1.3370028790796047,48.915450270042584,40.336869856747555,0.40214,0.9433618630978511,0.09653,49.903729632749645,21.426252977845426,2.8522134061462827,329.14717390055154,1.8964560442498608
62,0.08745,2.380136006501418,6.480698820167502,0.08338,41.85669719871477,5.381152095812778,0.5696596698224912,6.930095347141026,16.874372457993278,4.7834405701417975,56.430931388833244,6.7151481099728265,16.518405495399957,6.745410870432795,2.0497861861548863,18.59337586550757,1.3370028790796047,48.915450270042584,40.336869856747555,0.40214,0.9433618630978511,0.09653,49.903729632749645,21.426252977845426,2.8522134061462827,329.14717390055154,1.8964560442498608
63,0.08745,2.380136006501418,6.480698820167502,0.08338,41.85669719871477,5.381152095812778,0.5696596698224912,6.930095347141026,16.874372457993278,4.7834405701417975,56.430931388833244,6.7151481099728265,16.518405495399957,6.745410870432795,2.0497861861548863,18.59337586550757,1.3370028790796047,48.915450270042584,40.336869856747555,0.40214,0.9433618630978511,0.09653,49.903729632749645,21.426252977845426,2.8522134061462827,329.14717390055154,1.8964560442498608
64,0.08745,2.380136006501418,6.480698820167502,0.08338,41.85669719871477,5.381152095812778,0.5696596698224912,6.930095347141026,16.874372457993278,4.7834405701417975,56.430931388833244,6.7151481099728265,16.518405495399957,6.745410870432795,2.0497861861548863,18.59337586550757,1.3370028790796047,48.915450270042584,40.336869856747555,0.40214,0.9433618630978511,0.09653,49.903729632749645,21.426252977845426,2.8522134061462827,329.14717390055154,1.8964560442498608
65,0.08745,2.380136006501418,6.480698820167502,0.08338,41.85669719871477,5.381152095812778,0.5696596698224912,6.930095347141026,16.874372457993278,4.7834405701417975,56.430931388833244,6.7151481099728265,16.518405495399957,6.745410870432795,2.0497861861548863,18.59337586550757,1.3370028790796047,48.915450270042584,40.336869856747555,0.40214,0.9433618630978511,0.09653,49.903729632749645,21.426252977845426,2.8522134061462827,329.14717390055154,1.8964560442498608
66,0.08745,2.380136006501418,6.480698820167502,0.08338,41.85669719871477,5.381152095812778,0.5696596698224912,6.930095347141026,16.874372457993278,4.7834405701417975,56.430931388833244,6.7151481099728265,16.518405495399957,6.745410870432795,2.0497861861548863,18.59337586550757,1.3370028790796047,48.915450270042584,40.336869856747555,0.40214,0.9433618630978511,0.09653,49.903729632749645,21.426252977845426,2.8522134061462827,329.14717390055154,1.8964560442498608
67,0.08745,2.380136006501418,6.480698820167502,0.08338,41.85669719871477,5.381152095812778,0.5696596698224912,6.930095347141026,16.874372457993278,4.7834405701417975,56.430931388833244,6.7151481099728265,16.518405495399957,6.745410870432795,2.0497861861548863,18.59337586550757,1.3370028790796047,48.915450270042584,40.336869856747555,0.40214,0.9433618630978511,0.09653,49.903729632749645,21.426252977845426,2.8522134061462827,329.14717390055154,1.8964560442498608
68,0.08745,2.380136006501418,6.480698820167502,0.08338,41.85669719871477,5.381152095812778,0.5696596698224912,6.930095347141026,16.874372457993278,4.7834405701417975,56.430931388833244,6.7151481099728265,16.518405495399957,6.745410870432795,2.0497861861548863,18.59337586550757,1.3370028790796047,48.915450270042584,40.336869856747555,0.40214,0.9433618630978511,0.09653,49.903729632749645,21.426252977845426,2.8522134061462827,329.14717390055154,1.8964560442498608
69,0.08745,2.380136006501418,6.480698820167502,0.08338,41.85669719871477,5.381152095812778,0.5696596698224912,6.930095347141026,16.874372457993278,4.7834405701417975,56.430931388833244,6.7151481099728265,16.518405495399957,6.745410870432795,2.0497861861548863,18.59337586550757,1.3370028790796047,48.915450270042584,40.336869856747555,0.40214,0.9433618630978511,0.09653,49.903729632749645,21.426252977845426,2.8522134061462827,329.14717390055154,1.8964560442498608
70,0.08745,2.380136006501418,6.480698820167502,0.08338,41.85669719871477,5.381152095812778,0.5696596698224912,6.930095347141026,16.874372457993278,4.7834405701417975,56.430931388833244,6.7151481099728265,16.518405495399957,6.745410870432795,2.0497861861548863,18.59337586550757,1.3370028790796047,48.915450270042584,40.336869856747555,0.40214,0.9433618630978511,0.09653,49.903729632749645,21.426252977845426,2.8522134061462827,329.14717390055154,1.8964560442498608
71,0.08745,2.380136006501418,6.480698820167502,0.08338,41.85669719871477,5.381152095812778,0.5696596698224912,6.930095347141026,16.874372457993278,4.7834405701417975,56.430931388833244,6.7151481099728265,16.518405495399957,6.745410870432795,2.0497861861548863,18.59337586550757,1.3370028790796047,48.915450270042584,40.336869856747555,0.40214,0.9433618630978511,0.09653,49.903729632749645,21.426252977845426,2.8522134061462827,329.14717390055154,1.8964560442498608
72,0.08745,2.380136006501418,6.480698820167502,0.08338,41.85669719871477,5.381152095812778,0.5696596698224912,6.930095347141026,16.874372457993278,4.7834405701417975,56.430931388833244,6.7151481099728265,16.518405495399957,6.745410870432795,2.0497861861548863,18.59337586550757,1.3370028790796047,48.915450270042584,40.336869856747555,0.40214,0.9433618630978511,0.09653,49.903729632749645,21.426252977845426,2.8522134061462827,329.14717390055154,1.8964560442498608
73,0.08745,2.380136006501418,6.480698820167502,0.08338,41.85669719871477,5.381152095812778,0.5696596698224912,6.930095347141026,16.874372457993278,4.7834405701417975,56.430931388833244,6.7151481099728265,16.518405495399957,6.745410870432795,2.0497861861548863,18.59337586550757,1.3370028790796047,48.915450270042584,40.336869856747555,0.40214,0.9433618630978511,0.09653,49.903729632749645,21.426252977845426,2.8522134061462827,329.14717390055154,1.8964560442498608
74,0.08745,2.380136006501418,6.480698820167502,0.08338,41.85669719871477,5.381152095812778,0.5696596698224912,6.930095347141026,16.874372457993278,4.7834405701417975,56.430931388833244,6.7151481099728265,16.518405495399957,6.745410870432795,2.0497861861548863,18.59337586550757,1.3370028790796047,48.915450270042584,40.336869856747555,0.40214,0.9433618630978511,0.09653,49.903729632749645,21.426252977845426,2.8522134061462827,329.14717390055154,1.8964560442498608
75,0.08745,2.380136006501418,6.480698820167502,0.08338,41.85669719871477,5.381152095812778,0.5696596698224912,6.930095347141026,16.874372457993278,4.7834405701417975,56.430931388833244,6.7151481099728265,16.518405495399957,6.745410870432795,2.0497861861548863,18.59337586550757,1.3370028790796047,48.915450270042584,40.336869856747555,0.40214,0.9433618630978511,0.09653,49.903729632749645,21.426252977845426,2.8522134061462827,329.14717390055154,1.8964560442498608
76,0.08745,2.380136006501418,6.480698820167502,0.08338,41.85669719871477,5.381152095812778,0.5696596698224912,6.930095347141026,16.874372457993278,4.7834405701417975,56.430931388833244,6.7151481099728265,16.518405495399957,6.745410870432795,2.0497861861548863,18.59337586550757,1.3370028790796047,48.915450270042584,40.336869856747555,0.40214,0.9433618630978511,0.09653,49.903729632749645,21.426252977845426,2.8522134061462827,329.14717390055154,1.8964560442498608
77,0.08745,2.380136006501418,6.480698820167502,0.08338,41.85669719871477,5.381152095812778,0.5696596698224912,6.930095347141026,16.874372457993278,4.7834405701417975,56.430931388833244,6.7151481099728265,16.518405495399957,6.745410870432795,2.0497861861548863,18.59337586550757,1.3370028790796047,48.915450270042584,40.336869856747555,0.40214,0.9433618630978511,0.09653,49.903729632749645,21.426252977845426,2.8522134061462827,329.14717390055154,1.8964560442498608
78,0.08745,2.380136006501418,6.480698820167502,0.08338,41.85669719871477,5.381152095812778,0.5696596698224912,6.930095347141026,16.874372457993278,4.7834405701417975,56.430931388833244,6.7151481099728265,16.518405495399957,6.745410870432795,2.0497861861548863,18.59337586550757,1.3370028790796047,48.915450270042584,40.336869856747555,0.40214,0.9433618630978511,0.09653,49.903729632749645,21.426252977845426,2.8522134061462827,329.14717390055154,1.8964560442498608
79,0.08745,2.380136006501418,6.480698820167502,0.08338,41.85669719871477,5.381152095812778,0.5696596698224912,6.930095347141026,16.874372457993278,4.7834405701417975,56.430931388833244,6.7151481099728265,16.518405495399957,6.745410870432795,2.0497861861548863,18.59337586550757,1.3370028790796047,48.915450270042584,40.336869856747555,0.40214,0.9433618630978511,0.09653,49.903729632749645,21.426252977845426,2.8522134061462827,329.14717390055154,1.8964560442498608
80,0.08745,2.380136006501418,6.480698820167502,0.08338,41.85669719871477,5.381152095812778,0.5696596698224912,6.930095347141026,16.874372457993278,4.7834405701417975,56.430931388833244,6.7151481099728265,16.518405495399957,6.745410870432795,2.0497861861548863,18.59337586550757,1.3370028790796047,48.915450270042584,40.336869856747555,0.40214,0.9433618630978511,0.09653,49.903729632749645,21.426252977845426,2.8522134061462827,329.14717390055154,1.8964560442498608
81,0.08745,2.380136006501418,6.480698820167502,0.08338,41.85669719871477,5.381152095812778,0.5696596698224912,6.930095347141026,16.874372457993278,4.7834405701417975,56.430931388833244,6.7151481099728265,16.518405495399957,6.745410870432795,2.0497861861548863,18.59337586550757,1.3370028790796047,48.915450270042584,40.336869856747555,0.40214,0.9433618630978511,0.09653,49.903729632749645,21.426252977845426,2.8522134061462827,329.14717390055154,1.8964560442498608
82,0.08745,2.380136006501418,6.480698820167502,0.08338,41.85669719871477,5.381152095812778,0.5696596698224912,6.930095347141026,16.874372457993278,4.7834405701417975,56.430931388833244,6.7151481099728265,16.518405495399957,6.745410870432795,2.0497861861548863,18.59337586550757,1.3370028790796047,48.915450270042584,40.336869856747555,0.40214,0.9433618630978511,0.09653,49.903729632749645,21.426252977845426,2.8522134061462827,329.14717390055154,1.8964560442498608
83,0.08745,2.380136006501418,6.480698820167502,0.08338,41.85669719871477,5.381152095812778,0.5696596698224912,6.930095347141026,16.874372457993278,4.7834405701417975,56.430931388833244,6.7151481099728265,16.518405495399957,6.745410870432795,2.0497861861548863,18.59337586550757,1.3370028790796047,48.915450270042584,40.336869856747555,0.40214,0.9433618630978511,0.09653,49.903729632749645,21.426252977845426,2.8522134061462827,329.14717390055154,1.8964560442498608
84,0.08745,2.380136006501418,6.480698820167502,0.08338,41.85669719871477,5.381152095812778,0.5696596698224912,6.930095347141026,16.874372457993278,4.7834405701417975,56.430931388833244,6.7151481099728265,16.518405495399957,6.745410870432795,2.0497861861548863,18.59337586550757,1.3370028790796047,48.915450270042584,40.336869856747555,0.40214,0.9433618630978511,0.09653,49.903729632749645,21.426252977845426,2.8522134061462827,329.14717390055154,1.8964560442498608
85,0.08745,2.380136006501418,6.480698820167502,0.08338,41.85669719871477,5.381152095812778,0.5696596698224912,6.930095347141026,16.874372457993278,4.7834405701417975,56.430931388833244,6.7151481099728265,16.518405495399957,6.745410870432795,2.0497861861548863,18.59337586550757,1.3370028790796047,48.915450270042584,40.336869856747555,0.40214,0.9433618630978511,0.09653,49.903729632749645,21.426252977845426,2.8522134061462827,329.14717390055154,1.8964560442498608
86,0.08745,2.380136006501418,6.480698820167502,0.08338,41.85669719871477,5.381152095812778,0.5696596698224912,6.930095347141026,16.874372457993278,4.7834405701417975,56.430931388833244,6.7151481099728265,16.518405495399957,6.745410870432795,2.0497861861548863,18.59337586550757,1.3370028790796047,48.915450270042584,40.336869856747555,0.40214,0.9433618630978511,0.09653,49.903729632749645,21.426252977845426,2.8522134061462827,329.14717390055154,1.8964560442498608
87,0.08745,2.380136006501418,6.480698820167502,0.08338,41.85669719871477,5.381152095812778,0.5696596698224912,6.930095347141026,16.874372457993278,4.7834405701417975,56.430931388833244,6.7151481099728265,16.518405495399957,6.745410870432795,2.0497861861548863,18.59337586550757,1.3370028790796047,48.915450270042584,40.336869856747555,0.40214,0.9433618630978511,0.09653,49.903729632749645,21.426252977845426,2.8522134061462827,329.14717390055154,1.8964560442498608
88,0.08745,2.380136006501418,6.480698820167502,0.08338,41.85669719871477,5.381152095812778,0.5696596698224912,6.930095347141026,16.874372457993278,4.7834405701417975,56.430931388833244,6.7151481099728265,16.518405495399957,6.745410870432795,2.0497861861548863,18.59337586550757,1.3370028790796047,48.915450270042584,40.336869856747555,0.40214,0.9433618630978511,0.09653,49.903729632749645,21.426252977845426,2.8522134061462827,329.14717390055154,1.8964560442498608
89,0.08745,2.380136006501418,6.480698820167502,0.08338,41.85669719871477,5.381152095812778,0.5696596698224912,6.930095347141026,16.874372457993278,4.7834405701417975,56.430931388833244,6.7151481099728265,16.518405495399957,6.745410870432795,2.0497861861548863,18.59337586550757,1.3370028790796047,48.915450270042584,40.336869856747555,0.40214,0.9433618630978511,0.09653,49.903729632749645,21.426252977845426,2.8522134061462827,329.14717390055154,1.8964560442498608
90,0.08745,2.380136006501418,6.480698820167502,0.08338,41.85669719871477,5.381152095812778,0.5696596698224912,6.930095347141026,16.874372457993278,4.7834405701417975,56.430931388833244,6.7151481099728265,16.518405495399957,6.745410870432795,2.0497861861548863,18.59337586550757,1.3370028790796047,48.915450270042584,40.336869856747555,0.40214,0.9433618630978511,0.09653,49.903729632749645,21.426252977845426,2.8522134061462827,329.14717390055154,1.8964560442498608
91,0.08745,2.380136006501418,6.480698820167502,0.08338,41.85669719871477,5.381152095812778,0.5696596698224912,6.930095347141026,16.874372457993278,4.7834405701417975,56.430931388833244,6.7151481099728265,16.518405495399957,6.745410870432795,2.0497861861548863,18.59337586550757,1.3370028790796047,48.915450270042584,40.336869856747555,0.40214,0.9433618630978511,0.09653,49.903729632749645,21.426252977845426,2.8522134061462827,329.14717390055154,1.8964560442498608
92,0.08745,2.380136006501418,6.480698820167502,0.08338,41.85669719871477,5.381152095812778,0.5696596698224912,6.930095347141026,16.874372457993278,4.7834405701417975,56.430931388833244,6.7151481099728265,16.518405495399957,6.745410870432795,2.0497861861548863,18.59337586550757,1.3370028790796047,48.915450270042584,40.336869856747555,0.40214,0.9433618630978511,0.09653,49.903729632749645,21.426252977845426,2.8522134061462827,329.14717390055154,1.8964560442498608
93,0.08745,2.380136006501418,6.480698820167502,0.08338,41.85669719871477,5.381152095812778,0.5696596698224912,6.930095347141026,16.874372457993278,4.7834405701417975,56.430931388833244,6.7151481099728265,16.518405495399957,6.745410870432795,2.0497861861548863,18.59337586550757,1.3370028790796047,48.915450270042584,40.336869856747555,0.40214,0.9433618630978511,0.09653,49.903729632749645,21.426252977845426,2.8522134061462827,329.14717390055154,1.8964560442498608
94,0.08745,2.380136006501418,6.480698820167502,0.08338,41.85669719871477,5.381152095812778,0.5696596698224912,6.930095347141026,16.874372457993278,4.7834405701417975,56.430931388833244,6.7151481099728265,16.518405495399957,6.745410870432795,2.0497861861548863,18.59337586550757,1.3370028790796047,48.915450270042584,40.336869856747555,0.40214,0.9433618630978511,0.09653,49.903729632749645,21.426252977845426,2.8522134061462827,329.14717390055154,1.8964560442498608
95,0.08745,2.380136006501418,6.480698820167502,0.08338,41.85669719871477,5.381152095812778,0.5696596698224912,6.930095347141026,16.874372457993278,4.7834405701417975,56.430931388833244,6.7151481099728265,16.518405495399957,6.745410870432795,2.0497861861548863,18.59337586550757,1.3370028790796047,48.915450270042584,40.336869856747555,0.40214,0.9433618630978511,0.09653,49.903729632749645,21.426252977845426,2.8522134061462827,329.14717390055154,1.8964560442498608
96,0.08745,2.380136006501418,6.480698820167502,0.08338,41.85669719871477,5.381152095812778,0.5696596698224912,6.930095347141026,16.874372457993278,4.7834405701417975,56.430931388833244,6.7151481099728265,16.518405495399957,6.745410870432795,2.0497861861548863,18.59337586550757,1.3370028790796047,48.915450270042584,40.336869856747555,0.40214,0.9433618630978511,0.09653,49.903729632749645,21.426252977845426,2.8522134061462827,329.14717390055154,1.8964560442498608
97,0.08745,2.380136006501418,6.480698820167502,0.08338,41.85669719871477,5.381152095812778,0.5696596698224912,6.930095347141026,16.874372457993278,4.7834405701417975,56.430931388833244,6.7151481099728265,16.518405495399957,6.745410870432795,2.0497861861548863,18.59337586550757,1.3370028790796047,48.915450270042584,40.336869856747555,0.40214,0.9433618630978511,0.09653,49.903729632749645,21.426252977845426,2.8522134061462827,329.14717390055154,1.8964560442498608
98,0.08745,2.380136006501418,6.480698820167502,0.08338,41.85669719871477,5.381152095812778,0.5696596698224912,6.930095347141026,16.874372457993278,4.7834405701417975,56.430931388833244,6.7151481099728265,16.518405495399957,6.745410870432795,2.0497861861548863,18.59337586550757,1.3370028790796047,48.915450270042584,40.336869856747555,0.40214,0.9433618630978511,0.09653,49.903729632749645,21.426252977845426,2.8522134061462827,329.14717390055154,1.8964560442498608
99,0.08745,2.380136006501418,6.480698820167502,0.08338,41.85669719871477,5.381152095812778,0.5696596698224912,6.930095347141026,16.874372457993278,4.7834405701417975,56.430931388833244,6.7151481099728265,16.518405495399957,6.745410870432795,2.0497861861548863,18.59337586550757,1.3370028790796047,48.915450270042584,40.336869856747555,0.40214,0.9433618630978511,0.09653,49.903729632749645,21.426252977845426,2.8522134061462827,329.14717390055154,1.8964560442498608
100,0.08745,2.380136006501418,6.480698820167502,0.08338,41.85669719871477,5.381152095812778,0.5696596698224912,6.930095347141026,16.874372457993278,4.7834405701417975,56.430931388833244,6.7151481099728265,16.518405495399957,6.745410870432795,2.0497861861548863,18.59337586550757,1.3370028790796047,48.915450270042584,40.336869856747555,0.40214,0.9433618630978511,0.09653,49.903729632749645,21.426252977845426,2.8522134061462827,329.14717390055154,1.8964560442498608
101,0.08745,2.380136006501418,6.480698820167502,0.08338,41.85669719871477,5.381152095812778,0.5696596698224912,6.930095347141026,16.874372457993278,4.7834405701417975,56.430931388833244,6.7151481099728265,16.518405495399957,6.745410870432795,2.0497861861548863,18.59337586550757,1.3370028790796047,48.915450270042584,40.336869856747555,0.40214,0.9433618630978511,0.09653,49.903729632749645,21.426252977845426,2.8522134061462827,329.14717390055154,1.8964560442498608
102,0.08745,2.380136006501418,6.480698820167502,0.08338,41.85669719871477,5.381152095812778,0.5696596698224912,6.930095347141026,16.874372457993278,4.7834405701417975,56.430931388833244,6.7151481099728265,16.518405495399957,6.745410870432795,2.0497861861548863,18.59337586550757,1.3370028790796047,48.915450270042584,40.336869856747555,0.40214,0.9433618630978511,0.09653,49.903729632749645,21.426252977845426,2.8522134061462827,329.14717390055154,1.8964560442498608
103,0.08745,2.380136006501418,6.480698820167502,0.08338,41.85669719871477,5.381152095812778,0.5696596698224912,6.930095347141026,16.874372457993278,4.7834405701417975,56.430931388833244,6.7151481099728265,16.518405495399957,6.745410870432795,2.0497861861548863,18.59337586550757,1.3370028790796047,48.915450270042584,40.336869856747555,0.40214,0.9433618630978511,0.09653,49.903729632749645,21.426252977845426,2.8522134061462827,329.14717390055154,1.8964560442498608
104,0.08745,2.380136006501418,6.480698820167502,0.08338,41.85669719871477,5.381152095812778,0.5696596698224912,6.930095347141026,16.874372457993278,4.7834405701417975,56.430931388833244,6.7151481099728265,16.518405495399957,6.745410870432795,2.0497861861548863,18.59337586550757,1.3370028790796047,48.915450270042584,40.336869856747555,0.40214,0.9433618630978511,0.09653,49.903729632749645,21.426252977845426,2.8522134061462827,329.14717390055154,1.8964560442498608
105,0.08745,2.380136006501418,6.480698820167502,0.08338,41.85669719871477,5.381152095812778,0.5696596698224912,6.930095347141026,16.874372457993278,4.7834405701417975,56.430931388833244,6.7151481099728265,16.518405495399957,6.745410870432795,2.0497861861548863,18.59337586550757,1.3370028790796047,48.915450270042584,40.336869856747555,0.40214,0.9433618630978511,0.09653,49.903729632749645,21.426252977845426,2.8522134061462827,329.14717390055154,1.8964560442498608
106,0.08745,2.380136006501418,6.480698820167502,0.08338,41.85669719871477,5.381152095812778,0.5696596698224912,6.930095347141026,16.874372457993278,4.7834405701417975,56.430931388833244,6.7151481099728265,16.518405495399957,6.745410870432795,2.0497861861548863,18.59337586550757,1.3370028790796047,48.915450270042584,40.336869856747555,0.40214,0.9433618630978511,0.09653,49.903729632749645,21.426252977845426,2.8522134061462827,329.14717390055154,1.8964560442498608
107,0.08745,2.380136006501418,6.480698820167502,0.08338,41.85669719871477,5.381152095812778,0.5696596698224912,6.930095347141026,16.874372457993278,4.7834405701417975,56.430931388833244,6.7151481099728265,16.518405495399957,6.745410870432795,2.0497861861548863,18.59337586550757,1.3370028790796047,48.915450270042584,40.336869856747555,0.40214,0.9433618630978511,0.09653,49.903729632749645,21.426252977845426,2.8522134061462827,329.14717390055154,1.8964560442498608
108,0.08745,2.380136006501418,6.480698820167502,0.08338,41.85669719871477,5.381152095812778,0.5696596698224912,6.930095347141026,16.874372457993278,4.7834405701417975,56.430931388833244,6.7151481099728265,16.518405495399957,6.745410870432795,2.0497861861548863,18.59337586550757,1.3370028790796047,48.915450270042584,40.336869856747555,0.40214,0.9433618630978511,0.09653,49.903729632749645,21.426252977845426,2.8522134061462827,329.14717390055154,1.8964560442498608
109,0.08745,2.380136006501418,6.480698820167502,0.08338,41.85669719871477,5.381152095812778,0.5696596698224912,6.930095347141026,16.874372457993278,4.7834405701417975,56.430931388833244,6.7151481099728265,16.518405495399957,6.745410870432795,2.0497861861548863,18.59337586550757,1.3370028790796047,48.915450270042584,40.336869856747555,0.40214,0.9433618630978511,0.09653,49.903729632749645,21.426252977845426,2.8522134061462827,329.14717390055154,1.8964560442498608
110,0.08745,2.380136006501418,6.480698820167502,0.08338,41.85669719871477,5.381152095812778,0.5696596698224912,6.930095347141026,16.874372457993278,4.7834405701417975,56.430931388833244,6.7151481099728265,16.518405495399957,6.745410870432795,2.0497861861548863,18.59337586550757,1.3370028790796047,48.915450270042584,40.336869856747555,0.40214,0.9433618630978511,0.09653,49.903729632749645,21.426252977845426,2.8522134061462827,329.14717390055154,1.8964560442498608
111,0.08745,2.380136006501418,6.480698820167502,0.08338,41.85669719871477,5.381152095812778,0.5696596698224912,6.930095347141026,16.874372457993278,4.7834405701417975,56.430931388833244,6.7151481099728265,16.518405495399957,6.745410870432795,2.0497861861548863,18.59337586550757,1.3370028790796047,48.915450270042584,40.336869856747555,0.40214,0.9433618630978511,0.09653,49.903729632749645,21.426252977845426,2.8522134061462827,329.14717390055154,1.8964560442498608
112,0.08745,2.380136006501418,6.480698820167502,0.08338,41.85669719871477,5.381152095812778,0.5696596698224912,6.930095347141026,16.874372457993278,4.7834405701417975,56.430931388833244,6.7151481099728265,16.518405495399957,6.745410870432795,2.0497861861548863,18.59337586550757,1.3370028790796047,48.915450270042584,40.336869856747555,0.40214,0.9433618630978511,0.09653,49.903729632749645,21.426252977845426,2.8522134061462827,329.14717390055154,1.8964560442498608
113,0.08745,2.380136006501418,6.480698820167502,0.08338,41.85669719871477,5.381152095812778,0.5696596698224912,6.930095347141026,16.874372457993278,4.7834405701417975,56.430931388833244,6.7151481099728265,16.518405495399957,6.745410870432795,2.0497861861548863,18.59337586550757,1.3370028790796047,48.915450270042584,40.336869856747555,0.40214,0.9433618630978511,0.09653,49.903729632749645,21.426252977845426,2.8522134061462827,329.14717390055154,1.8964560442498608
114,0.08745,2.380136006501418,6.480698820167502,0.08338,41.85669719871477,5.381152095812778,0.5696596698224912,6.930095347141026,16.874372457993278,4.7834405701417975,56.430931388833244,6.7151481099728265,16.518405495399957,6.745410870432795,2.0497861861548863,18.59337586550757,1.3370028790796047,48.915450270042584,40.336869856747555,0.40214,0.9433618630978511,0.09653,49.903729632749645,21.426252977845426,2.8522134061462827,329.14717390055154,1.8964560442498608
115,0.08745,2.380136006501418,6.480698820167502,0.08338,41.85669719871477,5.381152095812778,0.5696596698224912,6.930095347141026,16.874372457993278,4.7834405701417975,56.430931388833244,6.7151481099728265,16.518405495399957,6.745410870432795,2.0497861861548863,18.59337586550757,1.3370028790796047,48.915450270042584,40.336869856747555,0.40214,0.9433618630978511,0.09653,49.903729632749645,21.426252977845426,2.8522134061462827,329.14717390055154,1.8964560442498608
116,0.08745,2.380136006501418,6.480698820167502,0.08338,41.85669719871477,5.381152095812778,0.5696596698224912,6.930095347141026,16.874372457993278,4.7834405701417975,56.430931388833244,6.7151481099728265,16.518405495399957,6.745410870432795,2.0497861861548863,18.59337586550757,1.3370028790796047,48.915450270042584,40.336869856747555,0.40214,0.9433618630978511,0.09653,49.903729632749645,21.426252977845426,2.8522134061462827,329.14717390055154,1.8964560442498608
117,0.08745,2.380136006501418,6.480698820167502,0.08338,41.85669719871477,5.381152095812778,0.5696596698224912,6.930095347141026,16.874372457993278,4.7834405701417975,56.430931388833244,6.7151481099728265,16.518405495399957,6.745410870432795,2.0497861861548863,18.59337586550757,1.3370028790796047,48.915450270042584,40.336869856747555,0.40214,0.9433618630978511,0.09653,49.903729632749645,21.426252977845426,2.8522134061462827,329.14717390055154,1.8964560442498608
118,0.08745,2.380136006501418,6.480698820167502,0.08338,41.85669719871477,5.381152095812778,0.5696596698224912,6.930095347141026,16.874372457993278,4.7834405701417975,56.430931388833244,6.7151481099728265,16.518405495399957,6.745410870432795,2.0497861861548863,18.59337586550757,1.3370028790796047,48.915450270042584,40.336869856747555,0.40214,0.9433618630978511,0.09653,49.903729632749645,21.426252977845426,2.8522134061462827,329.14717390055154,1.8964560442498608
119,0.08745,2.380136006501418,6.480698820167502,0.08338,41.85669719871477,5.381152095812778,0.5696596698224912,6.930095347141026,16.874372457993278,4.7834405701417975,56.430931388833244,6.7151481099728265,16.518405495399957,6.745410870432795,2.0497861861548863,18.59337586550757,1.3370028790796047,48.915450270042584,40.336869856747555,0.40214,0.9433618630978511,0.09653,49.903729632749645,21.426252977845426,2.8522134061462827,329.14717390055154,1.8964560442498608
120,0.08745,2.380136006501418,6.480698820167502,0.08338,41.85669719871477,5.381152095812778,0.5696596698224912,6.930095347141026,16.874372457993278,4.7834405701417975,56.430931388833244,6.7151481099728265,16.518405495399957,6.745410870432795,2.0497861861548863,18.59337586550757,1.3370028790796047,48.915450270042584,40.336869856747555,0.40214,0.9433618630978511,0.09653,49.903729632749645,21.426252977845426,2.8522134061462827,329.14717390055154,1.8964560442498608
121,0.08745,2.380136006501418,6.480698820167502,0.08338,41.85669719871477,5.381152095812778,0.5696596698224912,6.930095347141026,16.874372457993278,4.7834405701417975,56.430931388833244,6.7151481099728265,16.518405495399957,6.745410870432795,2.0497861861548863,18.59337586550757,1.3370028790796047,48.915450270042584,40.336869856747555,0.40214,0.9433618630978511,0.09653,49.903729632749645,21.426252977845426,2.8522134061462827,329.14717390055154,1.8964560442498608
122,0.08745,2.380136006501418,6.480698820167502,0.08338,41.85669719871477,5.381152095812778,0.5696596698224912,6.930095347141026,16.874372457993278,4.7834405701417975,56.430931388833244,6.7151481099728265,16.518405495399957,6.745410870432795,2.0497861861548863,18.59337586550757,1.3370028790796047,48.915450270042584,40.336869856747555,0.40214,0.9433618630978511,0.09653,49.903729632749645,21.426252977845426,2.8522134061462827,329.14717390055154,1.8964560442498608
123,0.08745,2.380136006501418,6.480698820167502,0.08338,41.85669719871477,5.381152095812778,0.5696596698224912,6.930095347141026,16.874372457993278,4.7834405701417975,56.430931388833244,6.7151481099728265,16.518405495399957,6.745410870432795,2.0497861861548863,18.59337586550757,1.3370028790796047,48.915450270042584,40.336869856747555,0.40214,0.9433618630978511,0.09653,49.903729632749645,21.426252977845426,2.8522134061462827,329.14717390055154,1.8964560442498608
124,0.08745,2.380136006501418,6.480698820167502,0.08338,41.85669719871477,5.381152095812778,0.5696596698224912,6.930095347141026,16.874372457993278,4.7834405701417975,56.430931388833244,6.7151481099728265,16.518405495399957,6.745410870432795,2.0497861861548863,18.59337586550757,1.3370028790796047,48.915450270042584,40.336869856747555,0.40214,0.9433618630978511,0.09653,49.903729632749645,21.426252977845426,2.8522134061462827,329.14717390055154,1.8964560442498608
125,0.08745,2.380136006501418,6.480698820167502,0.08338,41.85669719871477,5.381152095812778,0.5696596698224912,6.930095347141026,16.874372457993278,4.7834405701417975,56.430931388833244,6.7151481099728265,16.518405495399957,6.745410870432795,2.0497861861548863,18.59337586550757,1.3370028790796047,48.915450270042584,40.336869856747555,0.40214,0.9433618630978511,0.09653,49.903729632749645,21.426252977845426,2.8522134061462827,329.14717390055154,1.8964560442498608
126,0.08745,2.380136006501418,6.480698820167502,0.08338,41.85669719871477,5.381152095812778,0.5696596698224912,6.930095347141026,16.874372457993278,4.7834405701417975,56.430931388833244,6.7151481099728265,16.518405495399957,6.745410870432795,2.0497861861548863,18.59337586550757,1.3370028790796047,48.915450270042584,40.336869856747555,0.40214,0.9433618630978511,0.09653,49.903729632749645,21.426252977845426,2.8522134061462827,329.14717390055154,1.8964560442498608
127,0.08745,2.380136006501418,6.480698820167502,0.08338,41.85669719871477,5.381152095812778,0.5696596698224912,6.930095347141026,16.874372457993278,4.7834405701417975,56.430931388833244,6.7151481099728265,16.518405495399957,6.745410870432795,2.0497861861548863,18.59337586550757,1.3370028790796047,48.915450270042584,40.336869856747555,0.40214,0.9433618630978511,0.09653,49.903729632749645,21.426252977845426,2.8522134061462827,329.14717390055154,1.8964560442498608
128,0.08745,2.380136006501418,6.480698820167502,0.08338,41.85669719871477,5.381152095812778,0.5696596698224912,6.930095347141026,16.874372457993278,4.7834405701417975,56.430931388833244,6.7151481099728265,16.518405495399957,6.745410870432795,2.0497861861548863,18.59337586550757,1.3370028790796047,48.915450270042584,40.336869856747555,0.40214,0.9433618630978511,0.09653,49.903729632749645,21.426252977845426,2.8522134061462827,329.14717390055154,1.8964560442498608
129,0.08745,2.380136006501418,6.480698820167502,0.08338,41.85669719871477,5.381152095812778,0.5696596698224912,6.930095347141026,16.874372457993278,4.7834405701417975,56.430931388833244,6.7151481099728265,16.518405495399957,6.745410870432795,2.0497861861548863,18.59337586550757,1.3370028790796047,48.915450270042584,40.336869856747555,0.40214,0.9433618630978511,0.09653,49.903729632749645,21.426252977845426,2.8522134061462827,329.14717390055154,1.8964560442498608
130,0.08745,2.380136006501418,6.480698820167502,0.08338,41.85669719871477,5.381152095812778,0.5696596698224912,6.930095347141026,16.874372457993278,4.7834405701417975,56.430931388833244,6.7151481099728265,16.518405495399957,6.745410870432795,2.0497861861548863,18.59337586550757,1.3370028790796047,48.915450270042584,40.336869856747555,0.40214,0.9433618630978511,0.09653,49.903729632749645,21.426252977845426,2.8522134061462827,329.14717390055154,1.8964560442498608
131,0.08745,2.380136006501418,6.480698820167502,0.08338,41.85669719871477,5.381152095812778,0.5696596698224912,6.930095347141026,16.874372457993278,4.7834405701417975,56.430931388833244,6.7151481099728265,16.518405495399957,6.745410870432795,2.0497861861548863,18.59337586550757,1.3370028790796047,48.915450270042584,40.336869856747555,0.40214,0.9433618630978511,0.09653,49.903729632749645,21.426252977845426,2.8522134061462827,329.14717390055154,1.8964560442498608
132,0.08745,2.380136006501418,6.480698820167502,0.08338,41.85669719871477,5.381152095812778,0.5696596698224912,6.930095347141026,16.874372457993278,4.7834405701417975,56.430931388833244,6.7151481099728265,16.518405495399957,6.745410870432795,2.0497861861548863,18.59337586550757,1.3370028790796047,48.915450270042584,40.336869856747555,0.40214,0.9433618630978511,0.09653,49.903729632749645,21.426252977845426,2.8522134061462827,329.14717390055154,1.8964560442498608
133,0.08745,2.380136006501418,6.480698820167502,0.08338,41.85669719871477,5.381152095812778,0.5696596698224912,6.930095347141026,16.874372457993278,4.7834405701417975,56.430931388833244,6.7151481099728265,16.518405495399957,6.745410870432795,2.0497861861548863,18.59337586550757,1.3370028790796047,48.915450270042584,40.336869856747555,0.40214,0.9433618630978511,0.09653,49.903729632749645,21.426252977845426,2.8522134061462827,329.14717390055154,1.8964560442498608
134,0.08745,2.380136006501418,6.480698820167502,0.08338,41.85669719871477,5.381152095812778,0.5696596698224912,6.930095347141026,16.874372457993278,4.7834405701417975,56.430931388833244,6.7151481099728265,16.518405495399957,6.745410870432795,2.0497861861548863,18.59337586550757,1.3370028790796047,48.915450270042584,40.336869856747555,0.40214,0.9433618630978511,0.09653,49.903729632749645,21.426252977845426,2.8522134061462827,329.14717390055154,1.8964560442498608
135,0.08745,2.380136006501418,6.480698820167502,0.08338,41.85669719871477,5.381152095812778,0.5696596698224912,6.930095347141026,16.874372457993278,4.7834405701417975,56.430931388833244,6.7151481099728265,16.518405495399957,6.745410870432795,2.0497861861548863,18.59337586550757,1.3370028790796047,48.915450270042584,40.336869856747555,0.40214,0.9433618630978511,0.09653,49.903729632749645,21.426252977845426,2.8522134061462827,329.14717390055154,1.8964560442498608
136,0.08745,2.380136006501418,6.480698820167502,0.08338,41.85669719871477,5.381152095812778,0.5696596698224912,6.930095347141026,16.874372457993278,4.7834405701417975,56.430931388833244,6.7151481099728265,16.518405495399957,6.745410870432795,2.0497861861548863,18.59337586550757,1.3370028790796047,48.915450270042584,40.336869856747555,0.40214,0.9433618630978511,0.09653,49.903729632749645,21.426252977845426,2.8522134061462827,329.14717390055154,1.8964560442498608
137,0.08745,2.380136006501418,6.480698820167502,0.08338,41.85669719871477,5.381152095812778,0.5696596698224912,6.930095347141026,16.874372457993278,4.7834405701417975,56.430931388833244,6.7151481099728265,16.518405495399957,6.745410870432795,2.0497861861548863,18.59337586550757,1.3370028790796047,48.915450270042584,40.336869856747555,0.40214,0.9433618630978511,0.09653,49.903729632749645,21.426252977845426,2.8522134061462827,329.14717390055154,1.8964560442498608
138,0.08745,2.380136006501418,6.480698820167502,0.08338,41.85669719871477,5.381152095812778,0.5696596698224912,6.930095347141026,16.874372457993278,4.7834405701417975,56.430931388833244,6.7151481099728265,16.518405495399957,6.745410870432795,2.0497861861548863,18.59337586550757,1.3370028790796047,48.915450270042584,40.336869856747555,0.40214,0.9433618630978511,0.09653,49.903729632749645,21.426252977845426,2.8522134061462827,329.14717390055154,1.8964560442498608
139,0.08745,2.380136006501418,6.480698820167502,0.08338,41.85669719871477,5.381152095812778,0.5696596698224912,6.930095347141026,16.874372457993278,4.7834405701417975,56.430931388833244,6.7151481099728265,16.518405495399957,6.745410870432795,2.0497861861548863,18.59337586550757,1.3370028790796047,48.915450270042584,40.336869856747555,0.40214,0.9433618630978511,0.09653,49.903729632749645,21.426252977845426,2.8522134061462827,329.14717390055154,1.8964560442498608
140,0.08745,2.380136006501418,6.480698820167502,0.08338,41.85669719871477,5.381152095812778,0.5696596698224912,6.930095347141026,16.874372457993278,4.7834405701417975,56.430931388833244,6.7151481099728265,16.518405495399957,6.745410870432795,2.0497861861548863,18.59337586550757,1.3370028790796047,48.915450270042584,40.336869856747555,0.40214,0.9433618630978511,0.09653,49.903729632749645,21.426252977845426,2.8522134061462827,329.14717390055154,1.8964560442498608
141,0.08745,2.380136006501418,6.480698820167502,0.08338,41.85669719871477,5.381152095812778,0.5696596698224912,6.930095347141026,16.874372457993278,4.7834405701417975,56.430931388833244,6.7151481099728265,16.518405495399957,6.745410870432795,2.0497861861548863,18.59337586550757,1.3370028790796047,48.915450270042584,40.336869856747555,0.40214,0.9433618630978511,0.09653,49.903729632749645,21.426252977845426,2.8522134061462827,329.14717390055154,1.8964560442498608
142,0.08745,2.380136006501418,6.480698820167502,0.08338,41.85669719871477,5.381152095812778,0.5696596698224912,6.930095347141026,16.874372457993278,4.7834405701417975,56.430931388833244,6.7151481099728265,16.518405495399957,6.745410870432795,2.0497861861548863,18.59337586550757,1.3370028790796047,48.915450270042584,40.336869856747555,0.40214,0.9433618630978511,0.09653,49.903729632749645,21.426252977845426,2.8522134061462827,329.14717390055154,1.8964560442498608
143,0.08745,2.380136006501418,6.480698820167502,0.08338,41.85669719871477,5.381152095812778,0.5696596698224912,6.930095347141026,16.874372457993278,4.7834405701417975,56.430931388833244,6.7151481099728265,16.518405495399957,6.745410870432795,2.0497861861548863,18.59337586550757,1.3370028790796047,48.915450270042584,40.336869856747555,0.40214,0.9433618630978511,0.09653,49.903729632749645,21.426252977845426,2.8522134061462827,329.14717390055154,1.8964560442498608
144,0.08745,2.380136006501418,6.480698820167502,0.08338,41.85669719871477,5.381152095812778,0.5696596698224912,6.930095347141026,16.874372457993278,4.7834405701417975,56.430931388833244,6.7151481099728265,16.518405495399957,6.745410870432795,2.0497861861548863,18.59337586550757,1.3370028790796047,48.915450270042584,40.336869856747555,0.40214,0.9433618630978511,0.09653,49.903729632749645,21.426252977845426,2.8522134061462827,329.14717390055154,1.8964560442498608
145,0.08745,2.380136006501418,6.480698820167502,0.08338,41.85669719871477,5.381152095812778,0.5696596698224912,6.930095347141026,16.874372457993278,4.7834405701417975,56.430931388833244,6.7151481099728265,16.518405495399957,6.745410870432795,2.0497861861548863,18.59337586550757,1.3370028790796047,48.915450270042584,40.336869856747555,0.40214,0.9433618630978511,0.09653,49.903729632749645,21.426252977845426,2.8522134061462827,329.14717390055154,1.8964560442498608
146,0.08745,2.380136006501418,6.480698820167502,0.08338,41.85669719871477,5.381152095812778,0.5696596698224912,6.930095347141026,16.874372457993278,4.7834405701417975,56.430931388833244,6.7151481099728265,16.518405495399957,6.745410870432795,2.0497861861548863,18.59337586550757,1.3370028790796047,48.915450270042584,40.336869856747555,0.40214,0.9433618630978511,0.09653,49.903729632749645,21.426252977845426,2.8522134061462827,329.14717390055154,1.8964560442498608
147,0.08745,2.380136006501418,6.480698820167502,0.08338,41.85669719871477,5.381152095812778,0.5696596698224912,6.930095347141026,16.874372457993278,4.7834405701417975,56.430931388833244,6.7151481099728265,16.518405495399957,6.745410870432795,2.0497861861548863,18.59337586550757,1.3370028790796047,48.915450270042584,40.336869856747555,0.40214,0.9433618630978511,0.09653,49.903729632749645,21.426252977845426,2.8522134061462827,329.14717390055154,1.8964560442498608
148,0.08745,2.380136006501418,6.480698820167502,0.08338,41.85669719871477,5.381152095812778,0.5696596698224912,6.930095347141026,16.874372457993278,4.7834405701417975,56.430931388833244,6.7151481099728265,16.518405495399957,6.745410870432795,2.0497861861548863,18.59337586550757,1.3370028790796047,48.915450270042584,40.336869856747555,0.40214,0.9433618630978511,0.09653,49.903729632749645,21.426252977845426,2.8522134061462827,329.14717390055154,1.8964560442498608
149,0.08745,2.380136006501418,6.480698820167502,0.08338,41.85669719871477,5.381152095812778,0.5696596698224912,6.930095347141026,16.874372457993278,4.7834405701417975,56.430931388833244,6.7151481099728265,16.518405495399957,6.745410870432795,2.0497861861548863,18.59337586550757,1.3370028790796047,48.915450270042584,40.336869856747555,0.40214,0.9433618630978511,0.09653,49.903729632749645,21.426252977845426,2.8522134061462827,329.14717390055154,1.8964560442498608
150,0.08745,2.380136006501418,6.480698820167502,0.08338,41.85669719871477,5.381152095812778,0.5696596698224912,6.930095347141026,16.874372457993278,4.7834405701417975,56.430931388833244,6.7151481099728265,16.518405495399957,6.745410870432795,2.0497861861548863,18.59337586550757,1.3370028790796047,48.915450270042584,40.336869856747555,0.40214,0.9433618630978511,0.09653,49.903729632749645,21.426252977845426,2.8522134061462827,329.14717390055154,1.8964560442498608
151,0.08745,2.380136006501418,6.480698820167502,0.08338,41.85669719871477,5.381152095812778,0.5696596698224912,6.930095347141026,16.874372457993278,4.7834405701417975,56.430931388833244,6.7151481099728265,16.518405495399957,6.745410870432795,2.0497861861548863,18.59337586550757,1.3370028790796047,48.915450270042584,40.336869856747555,0.40214,0.9433618630978511,0.09653,49.903729632749645,21.426252977845426,2.8522134061462827,329.14717390055154,1.8964560442498608
152,0.08745,2.380136006501418,6.480698820167502,0.08338,41.85669719871477,5.381152095812778,0.5696596698224912,6.930095347141026,16.874372457993278,4.7834405701417975,56.430931388833244,6.7151481099728265,16.518405495399957,6.745410870432795,2.0497861861548863,18.59337586550757,1.3370028790796047,48.915450270042584,40.336869856747555,0.40214,0.9433618630978511,0.09653,49.903729632749645,21.426252977845426,2.8522134061462827,329.14717390055154,1.8964560442498608
153,0.08745,2.380136006501418,6.480698820167502,0.08338,41.85669719871477,5.381152095812778,0.5696596698224912,6.930095347141026,16.874372457993278,4.7834405701417975,56.430931388833244,6.7151481099728265,16.518405495399957,6.745410870432795,2.0497861861548863,18.59337586550757,1.3370028790796047,48.915450270042584,40.336869856747555,0.40214,0.9433618630978511,0.09653,49.903729632749645,21.426252977845426,2.8522134061462827,329.14717390055154,1.8964560442498608
154,0.08745,2.380136006501418,6.480698820167502,0.08338,41.85669719871477,5.381152095812778,0.5696596698224912,6.930095347141026,16.874372457993278,4.7834405701417975,56.430931388833244,6.7151481099728265,16.518405495399957,6.745410870432795,2.0497861861548863,18.59337586550757,1.3370028790796047,48.915450270042584,40.336869856747555,0.40214,0.9433618630978511,0.09653,49.903729632749645,21.426252977845426,2.8522134061462827,329.14717390055154,1.8964560442498608
155,0.08745,2.380136006501418,6.480698820167502,0.08338,41.85669719871477,5.381152095812778,0.5696596698224912,6.930095347141026,16.874372457993278,4.7834405701417975,56.430931388833244,6.7151481099728265,16.518405495399957,6.745410870432795,2.0497861861548863,18.59337586550757,1.3370028790796047,48.915450270042584,40.336869856747555,0.40214,0.9433618630978511,0.09653,49.903729632749645,21.426252977845426,2.8522134061462827,329.14717390055154,1.8964560442498608
156,0.08745,2.380136006501418,6.480698820167502,0.08338,41.85669719871477,5.381152095812778,0.5696596698224912,6.930095347141026,16.874372457993278,4.7834405701417975,56.430931388833244,6.7151481099728265,16.518405495399957,6.745410870432795,2.0497861861548863,18.59337586550757,1.3370028790796047,48.915450270042584,40.336869856747555,0.40214,0.9433618630978511,0.09653,49.903729632749645,21.426252977845426,2.8522134061462827,329.14717390055154,1.8964560442498608
157,0.08745,2.380136006501418,6.480698820167502,0.08338,41.85669719871477,5.381152095812778,0.5696596698224912,6.930095347141026,16.874372457993278,4.7834405701417975,56.430931388833244,6.7151481099728265,16.518405495399957,6.745410870432795,2.0497861861548863,18.59337586550757,1.3370028790796047,48.915450270042584,40.336869856747555,0.40214,0.9433618630978511,0.09653,49.903729632749645,21.426252977845426,2.8522134061462827,329.14717390055154,1.8964560442498608
158,0.08745,2.380136006501418,6.480698820167502,0.08338,41.85669719871477,5.381152095812778,0.5696596698224912,6.930095347141026,16.874372457993278,4.7834405701417975,56.430931388833244,6.7151481099728265,16.518405495399957,6.745410870432795,2.0497861861548863,18.59337586550757,1.3370028790796047,48.915450270042584,40.336869856747555,0.40214,0.9433618630978511,0.09653,49.903729632749645,21.426252977845426,2.8522134061462827,329.14717390055154,1.8964560442498608
159,0.08745,2.380136006501418,6.480698820167502,0.08338,41.85669719871477,5.381152095812778,0.5696596698224912,6.930095347141026,16.874372457993278,4.7834405701417975,56.430931388833244,6.7151481099728265,16.518405495399957,6.745410870432795,2.0497861861548863,18.59337586550757,1.3370028790796047,48.915450270042584,40.336869856747555,0.40214,0.9433618630978511,0.09653,49.903729632749645,21.426252977845426,2.8522134061462827,329.14717390055154,1.8964560442498608
160,0.08745,2.380136006501418,6.480698820167502,0.08338,41.85669719871477,5.381152095812778,0.5696596698224912,6.930095347141026,16.874372457993278,4.7834405701417975,56.430931388833244,6.7151481099728265,16.518405495399957,6.745410870432795,2.0497861861548863,18.59337586550757,1.3370028790796047,48.915450270042584,40.336869856747555,0.40214,0.9433618630978511,0.09653,49.903729632749645,21.426252977845426,2.8522134061462827,329.14717390055154,1.8964560442498608
161,0.08745,2.380136006501418,6.480698820167502,0.08338,41.85669719871477,5.381152095812778,0.5696596698224912,6.930095347141026,16.874372457993278,4.7834405701417975,56.430931388833244,6.7151481099728265,16.518405495399957,6.745410870432795,2.0497861861548863,18.59337586550757,1.3370028790796047,48.915450270042584,40.336869856747555,0.40214,0.9433618630978511,0.09653,49.903729632749645,21.426252977845426,2.8522134061462827,329.14717390055154,1.8964560442498608
162,0.08745,2.380136006501418,6.480698820167502,0.08338,41.85669719871477,5.381152095812778,0.5696596698224912,6.930095347141026,16.874372457993278,4.7834405701417975,56.430931388833244,6.7151481099728265,16.518405495399957,6.745410870432795,2.0497861861548863,18.59337586550757,1.3370028790796047,48.915450270042584,40.336869856747555,0.40214,0.9433618630978511,0.09653,49.903729632749645,21.426252977845426,2.8522134061462827,329.14717390055154,1.8964560442498608
163,0.08745,2.380136006501418,6.480698820167502,0.08338,41.85669719871477,5.381152095812778,0.5696596698224912,6.930095347141026,16.874372457993278,4.7834405701417975,56.430931388833244,6.7151481099728265,16.518405495399957,6.745410870432795,2.0497861861548863,18.59337586550757,1.3370028790796047,48.915450270042584,40.336869856747555,0.40214,0.9433618630978511,0.09653,49.903729632749645,21.426252977845426,2.8522134061462827,329.14717390055154,1.8964560442498608
164,0.08745,2.380136006501418,6.480698820167502,0.08338,41.85669719871477,5.381152095812778,0.5696596698224912,6.930095347141026,16.874372457993278,4.7834405701417975,56.430931388833244,6.7151481099728265,16.518405495399957,6.745410870432795,2.0497861861548863,18.59337586550757,1.3370028790796047,48.915450270042584,40.336869856747555,0.40214,0.9433618630978511,0.09653,49.903729632749645,21.426252977845426,2.8522134061462827,329.14717390055154,1.8964560442498608
165,0.08745,2.380136006501418,6.480698820167502,0.08338,41.85669719871477,5.381152095812778,0.5696596698224912,6.930095347141026,16.874372457993278,4.7834405701417975,56.430931388833244,6.7151481099728265,16.518405495399957,6.745410870432795,2.0497861861548863,18.59337586550757,1.3370028790796047,48.915450270042584,40.336869856747555,0.40214,0.9433618630978511,0.09653,49.903729632749645,21.426252977845426,2.8522134061462827,329.14717390055154,1.8964560442498608
166,0.08745,2.380136006501418,6.480698820167502,0.08338,41.85669719871477,5.381152095812778,0.5696596698224912,6.930095347141026,16.874372457993278,4.7834405701417975,56.430931388833244,6.7151481099728265,16.518405495399957,6.745410870432795,2.0497861861548863,18.59337586550757,1.3370028790796047,48.915450270042584,40.336869856747555,0.40214,0.9433618630978511,0.09653,49.903729632749645,21.426252977845426,2.8522134061462827,329.14717390055154,1.8964560442498608
167,0.08745,2.380136006501418,6.480698820167502,0.08338,41.85669719871477,5.381152095812778,0.5696596698224912,6.930095347141026,16.874372457993278,4.7834405701417975,56.430931388833244,6.7151481099728265,16.518405495399957,6.745410870432795,2.0497861861548863,18.59337586550757,1.3370028790796047,48.915450270042584,40.336869856747555,0.40214,0.9433618630978511,0.09653,49.903729632749645,21.426252977845426,2.8522134061462827,329.14717390055154,1.8964560442498608
168,0.08745,2.380136006501418,6.480698820167502,0.08338,41.85669719871477,5.381152095812778,0.5696596698224912,6.930095347141026,16.874372457993278,4.7834405701417975,56.430931388833244,6.7151481099728265,16.518405495399957,6.745410870432795,2.0497861861548863,18.59337586550757,1.3370028790796047,48.915450270042584,40.336869856747555,0.40214,0.9433618630978511,0.09653,49.903729632749645,21.426252977845426,2.8522134061462827,329.14717390055154,1.8964560442498608
169,0.08745,2.380136006501418,6.480698820167502,0.08338,41.85669719871477,5.381152095812778,0.5696596698224912,6.930095347141026,16.874372457993278,4.7834405701417975,56.430931388833244,6.7151481099728265,16.518405495399957,6.745410870432795,2.0497861861548863,18.59337586550757,1.3370028790796047,48.915450270042584,40.336869856747555,0.40214,0.9433618630978511,0.09653,49.903729632749645,21.426252977845426,2.8522134061462827,329.14717390055154,1.8964560442498608
170,0.08745,2.380136006501418,6.480698820167502,0.08338,41.85669719871477,5.381152095812778,0.5696596698224912,6.930095347141026,16.874372457993278,4.7834405701417975,56.430931388833244,6.7151481099728265,16.518405495399957,6.745410870432795,2.0497861861548863,18.59337586550757,1.3370028790796047,48.915450270042584,40.336869856747555,0.40214,0.9433618630978511,0.09653,49.903729632749645,21.426252977845426,2.8522134061462827,329.14717390055154,1.8964560442498608
171,0.08745,2.380136006501418,6.480698820167502,0.08338,41.85669719871477,5.381152095812778,0.5696596698224912,6.930095347141026,16.874372457993278,4.7834405701417975,56.430931388833244,6.7151481099728265,16.518405495399957,6.745410870432795,2.0497861861548863,18.59337586550757,1.3370028790796047,48.915450270042584,40.336869856747555,0.40214,0.9433618630978511,0.09653,49.903729632749645,21.426252977845426,2.8522134061462827,329.14717390055154,1.8964560442498608
172,0.08745,2.380136006501418,6.480698820167502,0.08338,41.85669719871477,5.381152095812778,0.5696596698224912,6.930095347141026,16.874372457993278,4.7834405701417975,56.430931388833244,6.7151481099728265,16.518405495399957,6.745410870432795,2.0497861861548863,18.59337586550757,1.3370028790796047,48.915450270042584,40.336869856747555,0.40214,0.9433618630978511,0.09653,49.903729632749645,21.426252977845426,2.8522134061462827,329.14717390055154,1.8964560442498608
173,0.08745,2.380136006501418,6.480698820167502,0.08338,41.85669719871477,5.381152095812778,0.5696596698224912,6.930095347141026,16.874372457993278,4.7834405701417975,56.430931388833244,6.7151481099728265,16.518405495399957,6.745410870432795,2.0497861861548863,18.59337586550757,1.3370028790796047,48.915450270042584,40.336869856747555,0.40214,0.9433618630978511,0.09653,49.903729632749645,21.426252977845426,2.8522134061462827,329.14717390055154,1.8964560442498608
174,0.08745,2.380136006501418,6.480698820167502,0.08338,41.85669719871477,5.381152095812778,0.5696596698224912,6.930095347141026,16.874372457993278,4.7834405701417975,56.430931388833244,6.7151481099728265,16.518405495399957,6.745410870432795,2.0497861861548863,18.59337586550757,1.3370028790796047,48.915450270042584,40.336869856747555,0.40214,0.9433618630978511,0.09653,49.903729632749645,21.426252977845426,2.8522134061462827,329.14717390055154,1.8964560442498608
175,0.08745,2.380136006501418,6.480698820167502,0.08338,41.85669719871477,5.381152095812778,0.5696596698224912,6.930095347141026,16.874372457993278,4.7834405701417975,56.430931388833244,6.7151481099728265,16.518405495399957,6.745410870432795,2.0497861861548863,18.59337586550757,1.3370028790796047,48.915450270042584,40.336869856747555,0.40214,0.9433618630978511,0.09653,49.903729632749645,21.426252977845426,2.8522134061462827,329.14717390055154,1.8964560442498608
176,0.08745,2.380136006501418,6.480698820167502,0.08338,41.85669719871477,5.381152095812778,0.5696596698224912,6.930095347141026,16.874372457993278,4.7834405701417975,56.430931388833244,6.7151481099728265,16.518405495399957,6.745410870432795,2.0497861861548863,18.59337586550757,1.3370028790796047,48.915450270042584,40.336869856747555,0.40214,0.9433618630978511,0.09653,49.903729632749645,21.426252977845426,2.8522134061462827,329.14717390055154,1.8964560442498608
177,0.08745,2.380136006501418,6.480698820167502,0.08338,41.85669719871477,5.381152095812778,0.5696596698224912,6.930095347141026,16.874372457993278,4.7834405701417975,56.430931388833244,6.7151481099728265,16.518405495399957,6.745410870432795,2.0497861861548863,18.59337586550757,1.3370028790796047,48.915450270042584,40.336869856747555,0.40214,0.9433618630978511,0.09653,49.903729632749645,21.426252977845426,2.8522134061462827,329.14717390055154,1.8964560442498608
178,0.08745,2.380136006501418,6.480698820167502,0.08338,41.85669719871477,5.381152095812778,0.5696596698224912,6.930095347141026,16.874372457993278,4.7834405701417975,56.430931388833244,6.7151481099728265,16.518405495399957,6.745410870432795,2.0497861861548863,18.59337586550757,1.3370028790796047,48.915450270042584,40.336869856747555,0.40214,0.9433618630978511,0.09653,49.903729632749645,21.426252977845426,2.8522134061462827,329.14717390055154,1.8964560442498608
179,0.08745,2.380136006501418,6.480698820167502,0.08338,41.85669719871477,5.381152095812778,0.5696596698224912,6.930095347141026,16.874372457993278,4.7834405701417975,56.430931388833244,6.7151481099728265,16.518405495399957,6.745410870432795,2.0497861861548863,18.59337586550757,1.3370028790796047,48.915450270042584,40.336869856747555,0.40214,0.9433618630978511,0.09653,49.903729632749645,21.426252977845426,2.8522134061462827,329.14717390055154,1.8964560442498608
180,0.08745,2.380136006501418,6.480698820167502,0.08338,41.85669719871477,5.381152095812778,0.5696596698224912,6.930095347141026,16.874372457993278,4.7834405701417975,56.430931388833244,6.7151481099728265,16.518405495399957,6.745410870432795,2.0497861861548863,18.59337586550757,1.3370028790796047,48.915450270042584,40.336869856747555,0.40214,0.9433618630978511,0.09653,49.903729632749645,21.426252977845426,2.8522134061462827,329.14717390055154,1.8964560442498608
181,0.08745,2.380136006501418,6.480698820167502,0.08338,41.85669719871477,5.381152095812778,0.5696596698224912,6.930095347141026,16.874372457993278,4.7834405701417975,56.430931388833244,6.7151481099728265,16.518405495399957,6.745410870432795,2.0497861861548863,18.59337586550757,1.3370028790796047,48.915450270042584,40.336869856747555,0.40214,0.9433618630978511,0.09653,49.903729632749645,21.426252977845426,2.8522134061462827,329.14717390055154,1.8964560442498608
182,0.08745,2.380136006501418,6.480698820167502,0.08338,41.85669719871477,5.381152095812778,0.5696596698224912,6.930095347141026,16.874372457993278,4.7834405701417975,56.430931388833244,6.7151481099728265,16.518405495399957,6.745410870432795,2.0497861861548863,18.59337586550757,1.3370028790796047,48.915450270042584,40.336869856747555,0.40214,0.9433618630978511,0.09653,49.903729632749645,21.426252977845426,2.8522134061462827,329.14717390055154,1.8964560442498608
183,0.08745,2.380136006501418,6.480698820167502,0.08338,41.85669719871477,5.381152095812778,0.5696596698224912,6.930095347141026,16.874372457993278,4.7834405701417975,56.430931388833244,6.7151481099728265,16.518405495399957,6.745410870432795,2.0497861861548863,18.59337586550757,1.3370028790796047,48.915450270042584,40.336869856747555,0.40214,0.9433618630978511,0.09653,49.903729632749645,21.426252977845426,2.8522134061462827,329.14717390055154,1.8964560442498608
184,0.08745,2.380136006501418,6.480698820167502,0.08338,41.85669719871477,5.381152095812778,0.5696596698224912,6.930095347141026,16.874372457993278,4.7834405701417975,56.430931388833244,6.7151481099728265,16.518405495399957,6.745410870432795,2.0497861861548863,18.59337586550757,1.3370028790796047,48.915450270042584,40.336869856747555,0.40214,0.9433618630978511,0.09653,49.903729632749645,21.426252977845426,2.8522134061462827,329.14717390055154,1.8964560442498608
185,0.08745,2.380136006501418,6.480698820167502,0.08338,41.85669719871477,5.381152095812778,0.5696596698224912,6.930095347141026,16.874372457993278,4.7834405701417975,56.430931388833244,6.7151481099728265,16.518405495399957,6.745410870432795,2.0497861861548863,18.59337586550757,1.3370028790796047,48.915450270042584,40.336869856747555,0.40214,0.9433618630978511,0.09653,49.903729632749645,21.426252977845426,2.8522134061462827,329.14717390055154,1.8964560442498608
186,0.08745,2.380136006501418,6.480698820167502,0.08338,41.85669719871477,5.381152095812778,0.5696596698224912,6.930095347141026,16.874372457993278,4.7834405701417975,56.430931388833244,6.7151481099728265,16.518405495399957,6.745410870432795,2.0497861861548863,18.59337586550757,1.3370028790796047,48.915450270042584,40.336869856747555,0.40214,0.9433618630978511,0.09653,49.903729632749645,21.426252977845426,2.8522134061462827,329.14717390055154,1.8964560442498608
187,0.08745,2.380136006501418,6.480698820167502,0.08338,41.85669719871477,5.381152095812778,0.5696596698224912,6.930095347141026,16.874372457993278,4.7834405701417975,56.430931388833244,6.7151481099728265,16.518405495399957,6.745410870432795,2.0497861861548863,18.59337586550757,1.3370028790796047,48.915450270042584,40.336869856747555,0.40214,0.9433618630978511,0.09653,49.903729632749645,21.426252977845426,2.8522134061462827,329.14717390055154,1.8964560442498608
188,0.08745,2.380136006501418,6.480698820167502,0.08338,41.85669719871477,5.381152095812778,0.5696596698224912,6.930095347141026,16.874372457993278,4.7834405701417975,56.430931388833244,6.7151481099728265,16.518405495399957,6.745410870432795,2.0497861861548863,18.59337586550757,1.3370028790796047,48.915450270042584,40.336869856747555,0.40214,0.9433618630978511,0.09653,49.903729632749645,21.426252977845426,2.8522134061462827,329.14717390055154,1.8964560442498608
189,0.08745,2.380136006501418,6.480698820167502,0.08338,41.85669719871477,5.381152095812778,0.5696596698224912,6.930095347141026,16.874372457993278,4.7834405701417975,56.430931388833244,6.7151481099728265,16.518405495399957,6.745410870432795,2.0497861861548863,18.59337586550757,1.3370028790796047,48.915450270042584,40.336869856747555,0.40214,0.9433618630978511,0.09653,49.903729632749645,21.426252977845426,2.8522134061462827,329.14717390055154,1.8964560442498608
190,0.08745,2.380136006501418,6.480698820167502,0.08338,41.85669719871477,5.381152095812778,0.5696596698224912,6.930095347141026,16.874372457993278,4.7834405701417975,56.430931388833244,6.7151481099728265,16.518405495399957,6.745410870432795,2.0497861861548863,18.59337586550757,1.3370028790796047,48.915450270042584,40.336869856747555,0.40214,0.9433618630978511,0.09653,49.903729632749645,21.426252977845426,2.8522134061462827,329.14717390055154,1.8964560442498608
191,0.08745,2.380136006501418,6.480698820167502,0.08338,41.85669719871477,5.381152095812778,0.5696596698224912,6.930095347141026,16.874372457993278,4.7834405701417975,56.430931388833244,6.7151481099728265,16.518405495399957,6.745410870432795,2.0497861861548863,18.59337586550757,1.3370028790796047,48.915450270042584,40.336869856747555,0.40214,0.9433618630978511,0.09653,49.903729632749645,21.426252977845426,2.8522134061462827,329.14717390055154,1.8964560442498608
192,0.08745,2.380136006501418,6.480698820167502,0.08338,41.85669719871477,5.381152095812778,0.5696596698224912,6.930095347141026,16.874372457993278,4.7834405701417975,56.430931388833244,6.7151481099728265,16.518405495399957,6.745410870432795,2.0497861861548863,18.59337586550757,1.3370028790796047,48.915450270042584,40.336869856747555,0.40214,0.9433618630978511,0.09653,49.903729632749645,21.426252977845426,2.8522134061462827,329.14717390055154,1.8964560442498608
193,0.08745,2.380136006501418,6.480698820167502,0.08338,41.85669719871477,5.381152095812778,0.5696596698224912,6.930095347141026,16.874372457993278,4.7834405701417975,56.430931388833244,6.7151481099728265,16.518405495399957,6.745410870432795,2.0497861861548863,18.59337586550757,1.3370028790796047,48.915450270042584,40.336869856747555,0.40214,0.9433618630978511,0.09653,49.903729632749645,21.426252977845426,2.8522134061462827,329.14717390055154,1.8964560442498608
194,0.08745,2.380136006501418,6.480698820167502,0.08338,41.85669719871477,5.381152095812778,0.5696596698224912,6.930095347141026,16.874372457993278,4.7834405701417975,56.430931388833244,6.7151481099728265,16.518405495399957,6.745410870432795,2.0497861861548863,18.59337586550757,1.3370028790796047,48.915450270042584,40.336869856747555,0.40214,0.9433618630978511,0.09653,49.903729632749645,21.426252977845426,2.8522134061462827,329.14717390055154,1.8964560442498608
195,0.08745,2.380136006501418,6.480698820167502,0.08338,41.85669719871477,5.381152095812778,0.5696596698224912,6.930095347141026,16.874372457993278,4.7834405701417975,56.430931388833244,6.7151481099728265,16.518405495399957,6.745410870432795,2.0497861861548863,18.59337586550757,1.3370028790796047,48.915450270042584,40.336869856747555,0.40214,0.9433618630978511,0.09653,49.903729632749645,21.426252977845426,2.8522134061462827,329.14717390055154,1.8964560442498608
196,0.08745,2.380136006501418,6.480698820167502,0.08338,41.85669719871477,5.381152095812778,0.5696596698224912,6.930095347141026,16.874372457993278,4.7834405701417975,56.430931388833244,6.7151481099728265,16.518405495399957,6.745410870432795,2.0497861861548863,18.59337586550757,1.3370028790796047,48.915450270042584,40.336869856747555,0.40214,0.9433618630978511,0.09653,49.903729632749645,21.426252977845426,2.8522134061462827,329.14717390055154,1.8964560442498608
197,0.08745,2.380136006501418,6.480698820167502,0.08338,41.85669719871477,5.381152095812778,0.5696596698224912,6.930095347141026,16.874372457993278,4.7834405701417975,56.430931388833244,6.7151481099728265,16.518405495399957,6.745410870432795,2.0497861861548863,18.59337586550757,1.3370028790796047,48.915450270042584,40.336869856747555,0.40214,0.9433618630978511,0.09653,49.903729632749645,21.426252977845426,2.8522134061462827,329.14717390055154,1.8964560442498608
198,0.08745,2.380136006501418,6.480698820167502,0.08338,41.85669719871477,5.381152095812778,0.5696596698224912,6.930095347141026,16.874372457993278,4.7834405701417975,56.430931388833244,6.7151481099728265,16.518405495399957,6.745410870432795,2.0497861861548863,18.59337586550757,1.3370028790796047,48.915450270042584,40.336869856747555,0.40214,0.9433618630978511,0.09653,49.903729632749645,21.426252977845426,2.8522134061462827,329.14717390055154,1.8964560442498608
199,0.08745,2.380136006501418,6.480698820167502,0.08338,41.85669719871477,5.381152095812778,0.5696596698224912,6.930095347141026,16.874372457993278,4.7834405701417975,56.430931388833244,6.7151481099728265,16.518405495399957,6.745410870432795,2.0497861861548863,18.59337586550757,1.3370028790796047,48.915450270042584,40.336869856747555,0.40214,0.9433618630978511,0.09653,49.903729632749645,21.426252977845426,2.8522134061462827,329.14717390055154,1.8964560442498608
200,0.08745,2.380136006501418,6.480698820167502,0.08338,41.85669719871477,5.381152095812778,0.5696596698224912,6.930095347141026,16.874372457993278,4.7834405701417975,56.430931388833244,6.7151481099728265,16.518405495399957,6.745410870432795,2.0497861861548863,18.59337586550757,1.3370028790796047,48.915450270042584,40.336869856747555,0.40214,0.9433618630978511,0.09653,49.903729632749645,21.426252977845426,2.8522134061462827,329.14717390055154,1.8964560442498608
201,0.08745,2.380136006501418,6.480698820167502,0.08338,41.85669719871477,5.381152095812778,0.5696596698224912,6.930095347141026,16.874372457993278,4.7834405701417975,56.430931388833244,6.7151481099728265,16.518405495399957,6.745410870432795,2.0497861861548863,18.59337586550757,1.3370028790796047,48.915450270042584,40.336869856747555,0.40214,0.9433618630978511,0.09653,49.903729632749645,21.426252977845426,2.8522134061462827,329.14717390055154,1.8964560442498608
202,0.08745,2.380136006501418,6.480698820167502,0.08338,41.85669719871477,5.381152095812778,0.5696596698224912,6.930095347141026,16.874372457993278,4.7834405701417975,56.430931388833244,6.7151481099728265,16.518405495399957,6.745410870432795,2.0497861861548863,18.59337586550757,1.3370028790796047,48.915450270042584,40.336869856747555,0.40214,0.9433618630978511,0.09653,49.903729632749645,21.426252977845426,2.8522134061462827,329.14717390055154,1.8964560442498608
203,0.08745,2.380136006501418,6.480698820167502,0.08338,41.85669719871477,5.381152095812778,0.5696596698224912,6.930095347141026,16.874372457993278,4.7834405701417975,56.430931388833244,6.7151481099728265,16.518405495399957,6.745410870432795,2.0497861861548863,18.59337586550757,1.3370028790796047,48.915450270042584,40.336869856747555,0.40214,0.9433618630978511,0.09653,49.903729632749645,21.426252977845426,2.8522134061462827,329.14717390055154,1.8964560442498608
204,0.08745,2.380136006501418,6.480698820167502,0.08338,41.85669719871477,5.381152095812778,0.5696596698224912,6.930095347141026,16.874372457993278,4.7834405701417975,56.430931388833244,6.7151481099728265,16.518405495399957,6.745410870432795,2.0497861861548863,18.59337586550757,1.3370028790796047,48.915450270042584,40.336869856747555,0.40214,0.9433618630978511,0.09653,49.903729632749645,21.426252977845426,2.8522134061462827,329.14717390055154,1.8964560442498608
205,0.08745,2.380136006501418,6.480698820167502,0.08338,41.85669719871477,5.381152095812778,0.5696596698224912,6.930095347141026,16.874372457993278,4.7834405701417975,56.430931388833244,6.7151481099728265,16.518405495399957,6.745410870432795,2.0497861861548863,18.59337586550757,1.3370028790796047,48.915450270042584,40.336869856747555,0.40214,0.9433618630978511,0.09653,49.903729632749645,21.426252977845426,2.8522134061462827,329.14717390055154,1.8964560442498608
206,0.08745,2.380136006501418,6.480698820167502,0.08338,41.85669719871477,5.381152095812778,0.5696596698224912,6.930095347141026,16.874372457993278,4.7834405701417975,56.430931388833244,6.7151481099728265,16.518405495399957,6.745410870432795,2.0497861861548863,18.59337586550757,1.3370028790796047,48.915450270042584,40.336869856747555,0.40214,0.9433618630978511,0.09653,49.903729632749645,21.426252977845426,2.8522134061462827,329.14717390055154,1.8964560442498608
207,0.08745,2.380136006501418,6.480698820167502,0.08338,41.85669719871477,5.381152095812778,0.5696596698224912,6.930095347141026,16.874372457993278,4.7834405701417975,56.430931388833244,6.7151481099728265,16.518405495399957,6.745410870432795,2.0497861861548863,18.59337586550757,1.3370028790796047,48.915450270042584,40.336869856747555,0.40214,0.9433618630978511,0.09653,49.903729632749645,21.426252977845426,2.8522134061462827,329.14717390055154,1.8964560442498608
208,0.08745,2.380136006501418,6.480698820167502,0.08338,41.85669719871477,5.381152095812778,0.5696596698224912,6.930095347141026,16.874372457993278,4.7834405701417975,56.430931388833244,6.7151481099728265,16.518405495399957,6.745410870432795,2.0497861861548863,18.59337586550757,1.3370028790796047,48.915450270042584,40.336869856747555,0.40214,0.9433618630978511,0.09653,49.903729632749645,21.426252977845426,2.8522134061462827,329.14717390055154,1.8964560442498608
209,0.08745,2.380136006501418,6.480698820167502,0.08338,41.85669719871477,5.381152095812778,0.5696596698224912,6.930095347141026,16.874372457993278,4.7834405701417975,56.430931388833244,6.7151481099728265,16.518405495399957,6.745410870432795,2.0497861861548863,18.59337586550757,1.3370028790796047,48.915450270042584,40.336869856747555,0.40214,0.9433618630978511,0.09653,49.903729632749645,21.426252977845426,2.8522134061462827,329.14717390055154,1.8964560442498608
210,0.08745,2.380136006501418,6.480698820167502,0.08338,41.85669719871477,5.381152095812778,0.5696596698224912,6.930095347141026,16.874372457993278,4.7834405701417975,56.430931388833244,6.7151481099728265,16.518405495399957,6.745410870432795,2.0497861861548863,18.59337586550757,1.3370028790796047,48.915450270042584,40.336869856747555,0.40214,0.9433618630978511,0.09653,49.903729632749645,21.426252977845426,2.8522134061462827,329.14717390055154,1.8964560442498608
211,0.08745,2.380136006501418,6.480698820167502,0.08338,41.85669719871477,5.381152095812778,0.5696596698224912,6.930095347141026,16.874372457993278,4.7834405701417975,56.430931388833244,6.7151481099728265,16.518405495399957,6.745410870432795,2.0497861861548863,18.59337586550757,1.3370028790796047,48.915450270042584,40.336869856747555,0.40214,0.9433618630978511,0.09653,49.903729632749645,21.426252977845426,2.8522134061462827,329.14717390055154,1.8964560442498608
212,0.08745,2.380136006501418,6.480698820167502,0.08338,41.85669719871477,5.381152095812778,0.5696596698224912,6.930095347141026,16.874372457993278,4.7834405701417975,56.430931388833244,6.7151481099728265,16.518405495399957,6.745410870432795,2.0497861861548863,18.59337586550757,1.3370028790796047,48.915450270042584,40.336869856747555,0.40214,0.9433618630978511,0.09653,49.903729632749645,21.426252977845426,2.8522134061462827,329.14717390055154,1.8964560442498608
213,0.08745,2.380136006501418,6.480698820167502,0.08338,41.85669719871477,5.381152095812778,0.5696596698224912,6.930095347141026,16.874372457993278,4.7834405701417975,56.430931388833244,6.7151481099728265,16.518405495399957,6.745410870432795,2.0497861861548863,18.59337586550757,1.3370028790796047,48.915450270042584,40.336869856747555,0.40214,0.9433618630978511,0.09653,49.903729632749645,21.426252977845426,2.8522134061462827,329.14717390055154,1.8964560442498608
214,0.08745,2.380136006501418,6.480698820167502,0.08338,41.85669719871477,5.381152095812778,0.5696596698224912,6.930095347141026,16.874372457993278,4.7834405701417975,56.430931388833244,6.7151481099728265,16.518405495399957,6.745410870432795,2.0497861861548863,18.59337586550757,1.3370028790796047,48.915450270042584,40.336869856747555,0.40214,0.9433618630978511,0.09653,49.903729632749645,21.426252977845426,2.8522134061462827,329.14717390055154,1.8964560442498608
215,0.08745,2.380136006501418,6.480698820167502,0.08338,41.85669719871477,5.381152095812778,0.5696596698224912,6.930095347141026,16.874372457993278,4.7834405701417975,56.430931388833244,6.7151481099728265,16.518405495399957,6.745410870432795,2.0497861861548863,18.59337586550757,1.3370028790796047,48.915450270042584,40.336869856747555,0.40214,0.9433618630978511,0.09653,49.903729632749645,21.426252977845426,2.8522134061462827,329.14717390055154,1.8964560442498608
216,0.08745,2.380136006501418,6.480698820167502,0.08338,41.85669719871477,5.381152095812778,0.5696596698224912,6.930095347141026,16.874372457993278,4.7834405701417975,56.430931388833244,6.7151481099728265,16.518405495399957,6.745410870432795,2.0497861861548863,18.59337586550757,1.3370028790796047,48.915450270042584,40.336869856747555,0.40214,0.9433618630978511,0.09653,49.903729632749645,21.426252977845426,2.8522134061462827,329.14717390055154,1.8964560442498608
217,0.08745,2.380136006501418,6.480698820167502,0.08338,41.85669719871477,5.381152095812778,0.5696596698224912,6.930095347141026,16.874372457993278,4.7834405701417975,56.430931388833244,6.7151481099728265,16.518405495399957,6.745410870432795,2.0497861861548863,18.59337586550757,1.3370028790796047,48.915450270042584,40.336869856747555,0.40214,0.9433618630978511,0.09653,49.903729632749645,21.426252977845426,2.8522134061462827,329.14717390055154,1.8964560442498608
218,0.08745,2.380136006501418,6.480698820167502,0.08338,41.85669719871477,5.381152095812778,0.5696596698224912,6.930095347141026,16.874372457993278,4.7834405701417975,56.430931388833244,6.7151481099728265,16.518405495399957,6.745410870432795,2.0497861861548863,18.59337586550757,1.3370028790796047,48.915450270042584,40.336869856747555,0.40214,0.9433618630978511,0.09653,49.903729632749645,21.426252977845426,2.8522134061462827,329.14717390055154,1.8964560442498608
219,0.08745,2.380136006501418,6.480698820167502,0.08338,41.85669719871477,5.381152095812778,0.5696596698224912,6.930095347141026,16.874372457993278,4.7834405701417975,56.430931388833244,6.7151481099728265,16.518405495399957,6.745410870432795,2.0497861861548863,18.59337586550757,1.3370028790796047,48.915450270042584,40.336869856747555,0.40214,0.9433618630978511,0.09653,49.903729632749645,21.426252977845426,2.8522134061462827,329.14717390055154,1.8964560442498608
220,0.08745,2.380136006501418,6.480698820167502,0.08338,41.85669719871477,5.381152095812778,0.5696596698224912,6.930095347141026,16.874372457993278,4.7834405701417975,56.430931388833244,6.7151481099728265,16.518405495399957,6.745410870432795,2.0497861861548863,18.59337586550757,1.3370028790796047,48.915450270042584,40.336869856747555,0.40214,0.9433618630978511,0.09653,49.903729632749645,21.426252977845426,2.8522134061462827,329.14717390055154,1.8964560442498608
221,0.08745,2.380136006501418,6.480698820167502,0.08338,41.85669719871477,5.381152095812778,0.5696596698224912,6.930095347141026,16.874372457993278,4.7834405701417975,56.430931388833244,6.7151481099728265,16.518405495399957,6.745410870432795,2.0497861861548863,18.59337586550757,1.3370028790796047,48.915450270042584,40.336869856747555,0.40214,0.9433618630978511,0.09653,49.903729632749645,21.426252977845426,2.8522134061462827,329.14717390055154,1.8964560442498608
222,0.08745,2.380136006501418,6.480698820167502,0.08338,41.85669719871477,5.381152095812778,0.5696596698224912,6.930095347141026,16.874372457993278,4.7834405701417975,56.430931388833244,6.7151481099728265,16.518405495399957,6.745410870432795,2.0497861861548863,18.59337586550757,1.3370028790796047,48.915450270042584,40.336869856747555,0.40214,0.9433618630978511,0.09653,49.903729632749645,21.426252977845426,2.8522134061462827,329.14717390055154,1.8964560442498608
223,0.08745,2.380136006501418,6.480698820167502,0.08338,41.85669719871477,5.381152095812778,0.5696596698224912,6.930095347141026,16.874372457993278,4.7834405701417975,56.430931388833244,6.7151481099728265,16.518405495399957,6.745410870432795,2.0497861861548863,18.59337586550757,1.3370028790796047,48.915450270042584,40.336869856747555,0.40214,0.9433618630978511,0.09653,49.903729632749645,21.426252977845426,2.8522134061462827,329.14717390055154,1.8964560442498608
224,0.08745,2.380136006501418,6.480698820167502,0.08338,41.85669719871477,5.381152095812778,0.5696596698224912,6.930095347141026,16.874372457993278,4.7834405701417975,56.430931388833244,6.7151481099728265,16.518405495399957,6.745410870432795,2.0497861861548863,18.59337586550757,1.3370028790796047,48.915450270042584,40.336869856747555,0.40214,0.9433618630978511,0.09653,49.903729632749645,21.426252977845426,2.8522134061462827,329.14717390055154,1.8964560442498608
225,0.08745,2.380136006501418,6.480698820167502,0.08338,41.85669719871477,5.381152095812778,0.5696596698224912,6.930095347141026,16.874372457993278,4.7834405701417975,56.430931388833244,6.7151481099728265,16.518405495399957,6.745410870432795,2.0497861861548863,18.59337586550757,1.3370028790796047,48.915450270042584,40.336869856747555,0.40214,0.9433618630978511,0.09653,49.903729632749645,21.426252977845426,2.8522134061462827,329.14717390055154,1.8964560442498608
226,0.08745,2.380136006501418,6.480698820167502,0.08338,41.85669719871477,5.381152095812778,0.5696596698224912,6.930095347141026,16.874372457993278,4.7834405701417975,56.430931388833244,6.7151481099728265,16.518405495399957,6.745410870432795,2.0497861861548863,18.59337586550757,1.3370028790796047,48.915450270042584,40.336869856747555,0.40214,0.9433618630978511,0.09653,49.903729632749645,21.426252977845426,2.8522134061462827,329.14717390055154,1.8964560442498608
227,0.08745,2.380136006501418,6.480698820167502,0.08338,41.85669719871477,5.381152095812778,0.5696596698224912,6.930095347141026,16.874372457993278,4.7834405701417975,56.430931388833244,6.7151481099728265,16.518405495399957,6.745410870432795,2.0497861861548863,18.59337586550757,1.3370028790796047,48.915450270042584,40.336869856747555,0.40214,0.9433618630978511,0.09653,49.903729632749645,21.426252977845426,2.8522134061462827,329.14717390055154,1.8964560442498608
228,0.08745,2.380136006501418,6.480698820167502,0.08338,41.85669719871477,5.381152095812778,0.5696596698224912,6.930095347141026,16.874372457993278,4.7834405701417975,56.430931388833244,6.7151481099728265,16.518405495399957,6.745410870432795,2.0497861861548863,18.59337586550757,1.3370028790796047,48.915450270042584,40.336869856747555,0.40214,0.9433618630978511,0.09653,49.903729632749645,21.426252977845426,2.8522134061462827,329.14717390055154,1.8964560442498608
229,0.08745,2.380136006501418,6.480698820167502,0.08338,41.85669719871477,5.381152095812778,0.5696596698224912,6.930095347141026,16.874372457993278,4.7834405701417975,56.430931388833244,6.7151481099728265,16.518405495399957,6.745410870432795,2.0497861861548863,18.59337586550757,1.3370028790796047,48.915450270042584,40.336869856747555,0.40214,0.9433618630978511,0.09653,49.903729632749645,21.426252977845426,2.8522134061462827,329.14717390055154,1.8964560442498608
230,0.08745,2.380136006501418,6.480698820167502,0.08338,41.85669719871477,5.381152095812778,0.5696596698224912,6.930095347141026,16.874372457993278,4.7834405701417975,56.430931388833244,6.7151481099728265,16.518405495399957,6.745410870432795,2.0497861861548863,18.59337586550757,1.3370028790796047,48.915450270042584,40.336869856747555,0.40214,0.9433618630978511,0.09653,49.903729632749645,21.426252977845426,2.8522134061462827,329.14717390055154,1.8964560442498608
231,0.08745,2.380136006501418,6.480698820167502,0.08338,41.85669719871477,5.381152095812778,0.5696596698224912,6.930095347141026,16.874372457993278,4.7834405701417975,56.430931388833244,6.7151481099728265,16.518405495399957,6.745410870432795,2.0497861861548863,18.59337586550757,1.3370028790796047,48.915450270042584,40.336869856747555,0.40214,0.9433618630978511,0.09653,49.903729632749645,21.426252977845426,2.8522134061462827,329.14717390055154,1.8964560442498608
232,0.08745,2.380136006501418,6.480698820167502,0.08338,41.85669719871477,5.381152095812778,0.5696596698224912,6.930095347141026,16.874372457993278,4.7834405701417975,56.430931388833244,6.7151481099728265,16.518405495399957,6.745410870432795,2.0497861861548863,18.59337586550757,1.3370028790796047,48.915450270042584,40.336869856747555,0.40214,0.9433618630978511,0.09653,49.903729632749645,21.426252977845426,2.8522134061462827,329.14717390055154,1.8964560442498608
233,0.08745,2.380136006501418,6.480698820167502,0.08338,41.85669719871477,5.381152095812778,0.5696596698224912,6.930095347141026,16.874372457993278,4.7834405701417975,56.430931388833244,6.7151481099728265,16.518405495399957,6.745410870432795,2.0497861861548863,18.59337586550757,1.3370028790796047,48.915450270042584,40.336869856747555,0.40214,0.9433618630978511,0.09653,49.903729632749645,21.426252977845426,2.8522134061462827,329.14717390055154,1.8964560442498608
234,0.08745,2.380136006501418,6.480698820167502,0.08338,41.85669719871477,5.381152095812778,0.5696596698224912,6.930095347141026,16.874372457993278,4.7834405701417975,56.430931388833244,6.7151481099728265,16.518405495399957,6.745410870432795,2.0497861861548863,18.59337586550757,1.3370028790796047,48.915450270042584,40.336869856747555,0.40214,0.9433618630978511,0.09653,49.903729632749645,21.426252977845426,2.8522134061462827,329.14717390055154,1.8964560442498608
235,0.08745,2.380136006501418,6.480698820167502,0.08338,41.85669719871477,5.381152095812778,0.5696596698224912,6.930095347141026,16.874372457993278,4.7834405701417975,56.430931388833244,6.7151481099728265,16.518405495399957,6.745410870432795,2.0497861861548863,18.59337586550757,1.3370028790796047,48.915450270042584,40.336869856747555,0.40214,0.9433618630978511,0.09653,49.903729632749645,21.426252977845426,2.8522134061462827,329.14717390055154,1.8964560442498608
236,0.08745,2.380136006501418,6.480698820167502,0.08338,41.85669719871477,5.381152095812778,0.5696596698224912,6.930095347141026,16.874372457993278,4.7834405701417975,56.430931388833244,6.7151481099728265,16.518405495399957,6.745410870432795,2.0497861861548863,18.59337586550757,1.3370028790796047,48.915450270042584,40.336869856747555,0.40214,0.9433618630978511,0.09653,49.903729632749645,21.426252977845426,2.8522134061462827,329.14717390055154,1.8964560442498608
237,0.08745,2.380136006501418,6.480698820167502,0.08338,41.85669719871477,5.381152095812778,0.5696596698224912,6.930095347141026,16.874372457993278,4.7834405701417975,56.430931388833244,6.7151481099728265,16.518405495399957,6.745410870432795,2.0497861861548863,18.59337586550757,1.3370028790796047,48.915450270042584,40.336869856747555,0.40214,0.9433618630978511,0.09653,49.903729632749645,21.426252977845426,2.8522134061462827,329.14717390055154,1.8964560442498608
238,0.08745,2.380136006501418,6.480698820167502,0.08338,41.85669719871477,5.381152095812778,0.5696596698224912,6.930095347141026,16.874372457993278,4.7834405701417975,56.430931388833244,6.7151481099728265,16.518405495399957,6.745410870432795,2.0497861861548863,18.59337586550757,1.3370028790796047,48.915450270042584,40.336869856747555,0.40214,0.9433618630978511,0.09653,49.903729632749645,21.426252977845426,2.8522134061462827,329.14717390055154,1.8964560442498608
239,0.08745,2.380136006501418,6.480698820167502,0.08338,41.85669719871477,5.381152095812778,0.5696596698224912,6.930095347141026,16.874372457993278,4.7834405701417975,56.430931388833244,6.7151481099728265,16.518405495399957,6.745410870432795,2.0497861861548863,18.59337586550757,1.3370028790796047,48.915450270042584,40.336869856747555,0.40214,0.9433618630978511,0.09653,49.903729632749645,21.426252977845426,2.8522134061462827,329.14717390055154,1.8964560442498608
240,0.08745,2.380136006501418,6.480698820167502,0.08338,41.85669719871477,5.381152095812778,0.5696596698224912,6.930095347141026,16.874372457993278,4.7834405701417975,56.430931388833244,6.7151481099728265,16.518405495399957,6.745410870432795,2.0497861861548863,18.59337586550757,1.3370028790796047,48.915450270042584,40.336869856747555,0.40214,0.9433618630978511,0.09653,49.903729632749645,21.426252977845426,2.8522134061462827,329.14717390055154,1.8964560442498608
241,0.08745,2.380136006501418,6.480698820167502,0.08338,41.85669719871477,5.381152095812778,0.5696596698224912,6.930095347141026,16.874372457993278,4.7834405701417975,56.430931388833244,6.7151481099728265,16.518405495399957,6.745410870432795,2.0497861861548863,18.59337586550757,1.3370028790796047,48.915450270042584,40.336869856747555,0.40214,0.9433618630978511,0.09653,49.903729632749645,21.426252977845426,2.8522134061462827,329.14717390055154,1.8964560442498608
242,0.08745,2.380136006501418,6.480698820167502,0.08338,41.85669719871477,5.381152095812778,0.5696596698224912,6.930095347141026,16.874372457993278,4.7834405701417975,56.430931388833244,6.7151481099728265,16.518405495399957,6.745410870432795,2.0497861861548863,18.59337586550757,1.3370028790796047,48.915450270042584,40.336869856747555,0.40214,0.9433618630978511,0.09653,49.903729632749645,21.426252977845426,2.8522134061462827,329.14717390055154,1.8964560442498608
243,0.08745,2.380136006501418,6.480698820167502,0.08338,41.85669719871477,5.381152095812778,0.5696596698224912,6.930095347141026,16.874372457993278,4.7834405701417975,56.430931388833244,6.7151481099728265,16.518405495399957,6.745410870432795,2.0497861861548863,18.59337586550757,1.3370028790796047,48.915450270042584,40.336869856747555,0.40214,0.9433618630978511,0.09653,49.903729632749645,21.426252977845426,2.8522134061462827,329.14717390055154,1.8964560442498608
244,0.08745,2.380136006501418,6.480698820167502,0.08338,41.85669719871477,5.381152095812778,0.5696596698224912,6.930095347141026,16.874372457993278,4.7834405701417975,56.430931388833244,6.7151481099728265,16.518405495399957,6.745410870432795,2.0497861861548863,18.59337586550757,1.3370028790796047,48.915450270042584,40.336869856747555,0.40214,0.9433618630978511,0.09653,49.903729632749645,21.426252977845426,2.8522134061462827,329.14717390055154,1.8964560442498608
245,0.08745,2.380136006501418,6.480698820167502,0.08338,41.85669719871477,5.381152095812778,0.5696596698224912,6.930095347141026,16.874372457993278,4.7834405701417975,56.430931388833244,6.7151481099728265,16.518405495399957,6.745410870432795,2.0497861861548863,18.59337586550757,1.3370028790796047,48.915450270042584,40.336869856747555,0.40214,0.9433618630978511,0.09653,49.903729632749645,21.426252977845426,2.8522134061462827,329.14717390055154,1.8964560442498608
246,0.08745,2.380136006501418,6.480698820167502,0.08338,41.85669719871477,5.381152095812778,0.5696596698224912,6.930095347141026,16.874372457993278,4.7834405701417975,56.430931388833244,6.7151481099728265,16.518405495399957,6.745410870432795,2.0497861861548863,18.59337586550757,1.3370028790796047,48.915450270042584,40.336869856747555,0.40214,0.9433618630978511,0.09653,49.903729632749645,21.426252977845426,2.8522134061462827,329.14717390055154,1.8964560442498608
247,0.08745,2.380136006501418,6.480698820167502,0.08338,41.85669719871477,5.381152095812778,0.5696596698224912,6.930095347141026,16.874372457993278,4.7834405701417975,56.430931388833244,6.7151481099728265,16.518405495399957,6.745410870432795,2.0497861861548863,18.59337586550757,1.3370028790796047,48.915450270042584,40.336869856747555,0.40214,0.9433618630978511,0.09653,49.903729632749645,21.426252977845426,2.8522134061462827,329.14717390055154,1.8964560442498608
248,0.08745,2.380136006501418,6.480698820167502,0.08338,41.85669719871477,5.381152095812778,0.5696596698224912,6.930095347141026,16.874372457993278,4.7834405701417975,56.430931388833244,6.7151481099728265,16.518405495399957,6.745410870432795,2.0497861861548863,18.59337586550757,1.3370028790796047,48.915450270042584,40.336869856747555,0.40214,0.9433618630978511,0.09653,49.903729632749645,21.426252977845426,2.8522134061462827,329.14717390055154,1.8964560442498608
249,0.08745,2.380136006501418,6.480698820167502,0.08338,41.85669719871477,5.381152095812778,0.5696596698224912,6.930095347141026,16.874372457993278,4.7834405701417975,56.430931388833244,6.7151481099728265,16.518405495399957,6.745410870432795,2.0497861861548863,18.59337586550757,1.3370028790796047,48.915450270042584,40.336869856747555,0.40214,0.9433618630978511,0.09653,49.903729632749645,21.426252977845426,2.8522134061462827,329.14717390055154,1.8964560442498608
250,0.08745,2.380136006501418,6.480698820167502,0.08338,41.85669719871477,5.381152095812778,0.5696596698224912,6.930095347141026,16.874372457993278,4.7834405701417975,56.430931388833244,6.7151481099728265,16.518405495399957,6.745410870432795,2.0497861861548863,18.59337586550757,1.3370028790796047,48.915450270042584,40.336869856747555,0.40214,0.9433618630978511,0.09653,49.903729632749645,21.426252977845426,2.8522134061462827,329.14717390055154,1.8964560442498608
251,0.08745,2.380136006501418,6.480698820167502,0.08338,41.85669719871477,5.381152095812778,0.5696596698224912,6.930095347141026,16.874372457993278,4.7834405701417975,56.430931388833244,6.7151481099728265,16.518405495399957,6.745410870432795,2.0497861861548863,18.59337586550757,1.3370028790796047,48.915450270042584,40.336869856747555,0.40214,0.9433618630978511,0.09653,49.903729632749645,21.426252977845426,2.8522134061462827,329.14717390055154,1.8964560442498608
252,0.08745,2.380136006501418,6.480698820167502,0.08338,41.85669719871477,5.381152095812778,0.5696596698224912,6.930095347141026,16.874372457993278,4.7834405701417975,56.430931388833244,6.7151481099728265,16.518405495399957,6.745410870432795,2.0497861861548863,18.59337586550757,1.3370028790796047,48.915450270042584,40.336869856747555,0.40214,0.9433618630978511,0.09653,49.903729632749645,21.426252977845426,2.8522134061462827,329.14717390055154,1.8964560442498608
253,0.08745,2.380136006501418,6.480698820167502,0.08338,41.85669719871477,5.381152095812778,0.5696596698224912,6.930095347141026,16.874372457993278,4.7834405701417975,56.430931388833244,6.7151481099728265,16.518405495399957,6.745410870432795,2.0497861861548863,18.59337586550757,1.3370028790796047,48.915450270042584,40.336869856747555,0.40214,0.9433618630978511,0.09653,49.903729632749645,21.426252977845426,2.8522134061462827,329.14717390055154,1.8964560442498608
254,0.08745,2.380136006501418,6.480698820167502,0.08338,41.85669719871477,5.381152095812778,0.5696596698224912,6.930095347141026,16.874372457993278,4.7834405701417975,56.430931388833244,6.7151481099728265,16.518405495399957,6.745410870432795,2.0497861861548863,18.59337586550757,1.3370028790796047,48.915450270042584,40.336869856747555,0.40214,0.9433618630978511,0.09653,49.903729632749645,21.426252977845426,2.8522134061462827,329.14717390055154,1.8964560442498608
255,0.08745,2.380136006501418,6.480698820167502,0.08338,41.85669719871477,5.381152095812778,0.5696596698224912,6.930095347141026,16.874372457993278,4.7834405701417975,56.430931388833244,6.7151481099728265,16.518405495399957,6.745410870432795,2.0497861861548863,18.59337586550757,1.3370028790796047,48.915450270042584,40.336869856747555,0.40214,0.9433618630978511,0.09653,49.903729632749645,21.426252977845426,2.8522134061462827,329.14717390055154,1.8964560442498608
256,0.08745,2.380136006501418,6.480698820167502,0.08338,41.85669719871477,5.381152095812778,0.5696596698224912,6.930095347141026,16.874372457993278,4.7834405701417975,56.430931388833244,6.7151481099728265,16.518405495399957,6.745410870432795,2.0497861861548863,18.59337586550757,1.3370028790796047,48.915450270042584,40.336869856747555,0.40214,0.9433618630978511,0.09653,49.903729632749645,21.426252977845426,2.8522134061462827,329.14717390055154,1.8964560442498608
257,0.08745,2.380136006501418,6.480698820167502,0.08338,41.85669719871477,5.381152095812778,0.5696596698224912,6.930095347141026,16.874372457993278,4.7834405701417975,56.430931388833244,6.7151481099728265,16.518405495399957,6.745410870432795,2.0497861861548863,18.59337586550757,1.3370028790796047,48.915450270042584,40.336869856747555,0.40214,0.9433618630978511,0.09653,49.903729632749645,21.426252977845426,2.8522134061462827,329.14717390055154,1.8964560442498608
258,0.08745,2.380136006501418,6.480698820167502,0.08338,41.85669719871477,5.381152095812778,0.5696596698224912,6.930095347141026,16.874372457993278,4.7834405701417975,56.430931388833244,6.7151481099728265,16.518405495399957,6.745410870432795,2.0497861861548863,18.59337586550757,1.3370028790796047,48.915450270042584,40.336869856747555,0.40214,0.9433618630978511,0.09653,49.903729632749645,21.426252977845426,2.8522134061462827,329.14717390055154,1.8964560442498608
259,0.08745,2.380136006501418,6.480698820167502,0.08338,41.85669719871477,5.381152095812778,0.5696596698224912,6.930095347141026,16.874372457993278,4.7834405701417975,56.430931388833244,6.7151481099728265,16.518405495399957,6.745410870432795,2.0497861861548863,18.59337586550757,1.3370028790796047,48.915450270042584,40.336869856747555,0.40214,0.9433618630978511,0.09653,49.903729632749645,21.426252977845426,2.8522134061462827,329.14717390055154,1.8964560442498608
260,0.08745,2.380136006501418,6.480698820167502,0.08338,41.85669719871477,5.381152095812778,0.5696596698224912,6.930095347141026,16.874372457993278,4.7834405701417975,56.430931388833244,6.7151481099728265,16.518405495399957,6.745410870432795,2.0497861861548863,18.59337586550757,1.3370028790796047,48.915450270042584,40.336869856747555,0.40214,0.9433618630978511,0.09653,49.903729632749645,21.426252977845426,2.8522134061462827,329.14717390055154,1.8964560442498608
261,0.08745,2.380136006501418,6.480698820167502,0.08338,41.85669719871477,5.381152095812778,0.5696596698224912,6.930095347141026,16.874372457993278,4.7834405701417975,56.430931388833244,6.7151481099728265,16.518405495399957,6.745410870432795,2.0497861861548863,18.59337586550757,1.3370028790796047,48.915450270042584,40.336869856747555,0.40214,0.9433618630978511,0.09653,49.903729632749645,21.426252977845426,2.8522134061462827,329.14717390055154,1.8964560442498608
262,0.08745,2.380136006501418,6.480698820167502,0.08338,41.85669719871477,5.381152095812778,0.5696596698224912,6.930095347141026,16.874372457993278,4.7834405701417975,56.430931388833244,6.7151481099728265,16.518405495399957,6.745410870432795,2.0497861861548863,18.59337586550757,1.3370028790796047,48.915450270042584,40.336869856747555,0.40214,0.9433618630978511,0.09653,49.903729632749645,21.426252977845426,2.8522134061462827,329.14717390055154,1.8964560442498608
263,0.08745,2.380136006501418,6.480698820167502,0.08338,41.85669719871477,5.381152095812778,0.5696596698224912,6.930095347141026,16.874372457993278,4.7834405701417975,56.430931388833244,6.7151481099728265,16.518405495399957,6.745410870432795,2.0497861861548863,18.59337586550757,1.3370028790796047,48.915450270042584,40.336869856747555,0.40214,0.9433618630978511,0.09653,49.903729632749645,21.426252977845426,2.8522134061462827,329.14717390055154,1.8964560442498608
264,0.08745,2.380136006501418,6.480698820167502,0.08338,41.85669719871477,5.381152095812778,0.5696596698224912,6.930095347141026,16.874372457993278,4.7834405701417975,56.430931388833244,6.7151481099728265,16.518405495399957,6.745410870432795,2.0497861861548863,18.59337586550757,1.3370028790796047,48.915450270042584,40.336869856747555,0.40214,0.9433618630978511,0.09653,49.903729632749645,21.426252977845426,2.8522134061462827,329.14717390055154,1.8964560442498608
265,0.08745,2.380136006501418,6.480698820167502,0.08338,41.85669719871477,5.381152095812778,0.5696596698224912,6.930095347141026,16.874372457993278,4.7834405701417975,56.430931388833244,6.7151481099728265,16.518405495399957,6.745410870432795,2.0497861861548863,18.59337586550757,1.3370028790796047,48.915450270042584,40.336869856747555,0.40214,0.9433618630978511,0.09653,49.903729632749645,21.426252977845426,2.8522134061462827,329.14717390055154,1.8964560442498608
266,0.08745,2.380136006501418,6.480698820167502,0.08338,41.85669719871477,5.381152095812778,0.5696596698224912,6.930095347141026,16.874372457993278,4.7834405701417975,56.430931388833244,6.7151481099728265,16.518405495399957,6.745410870432795,2.0497861861548863,18.59337586550757,1.3370028790796047,48.915450270042584,40.336869856747555,0.40214,0.9433618630978511,0.09653,49.903729632749645,21.426252977845426,2.8522134061462827,329.14717390055154,1.8964560442498608
267,0.08745,2.380136006501418,6.480698820167502,0.08338,41.85669719871477,5.381152095812778,0.5696596698224912,6.930095347141026,16.874372457993278,4.7834405701417975,56.430931388833244,6.7151481099728265,16.518405495399957,6.745410870432795,2.0497861861548863,18.59337586550757,1.3370028790796047,48.915450270042584,40.336869856747555,0.40214,0.9433618630978511,0.09653,49.903729632749645,21.426252977845426,2.8522134061462827,329.14717390055154,1.8964560442498608
268,0.08745,2.380136006501418,6.480698820167502,0.08338,41.85669719871477,5.381152095812778,0.5696596698224912,6.930095347141026,16.874372457993278,4.7834405701417975,56.430931388833244,6.7151481099728265,16.518405495399957,6.745410870432795,2.0497861861548863,18.59337586550757,1.3370028790796047,48.915450270042584,40.336869856747555,0.40214,0.9433618630978511,0.09653,49.903729632749645,21.426252977845426,2.8522134061462827,329.14717390055154,1.8964560442498608
269,0.08745,2.380136006501418,6.480698820167502,0.08338,41.85669719871477,5.381152095812778,0.5696596698224912,6.930095347141026,16.874372457993278,4.7834405701417975,56.430931388833244,6.7151481099728265,16.518405495399957,6.745410870432795,2.0497861861548863,18.59337586550757,1.3370028790796047,48.915450270042584,40.336869856747555,0.40214,0.9433618630978511,0.09653,49.903729632749645,21.426252977845426,2.8522134061462827,329.14717390055154,1.8964560442498608
270,0.08745,2.380136006501418,6.480698820167502,0.08338,41.85669719871477,5.381152095812778,0.5696596698224912,6.930095347141026,16.874372457993278,4.7834405701417975,56.430931388833244,6.7151481099728265,16.518405495399957,6.745410870432795,2.0497861861548863,18.59337586550757,1.3370028790796047,48.915450270042584,40.336869856747555,0.40214,0.9433618630978511,0.09653,49.903729632749645,21.426252977845426,2.8522134061462827,329.14717390055154,1.8964560442498608
271,0.08745,2.380136006501418,6.480698820167502,0.08338,41.85669719871477,5.381152095812778,0.5696596698224912,6.930095347141026,16.874372457993278,4.7834405701417975,56.430931388833244,6.7151481099728265,16.518405495399957,6.745410870432795,2.0497861861548863,18.59337586550757,1.3370028790796047,48.915450270042584,40.336869856747555,0.40214,0.9433618630978511,0.09653,49.903729632749645,21.426252977845426,2.8522134061462827,329.14717390055154,1.8964560442498608
272,0.08745,2.380136006501418,6.480698820167502,0.08338,41.85669719871477,5.381152095812778,0.5696596698224912,6.930095347141026,16.874372457993278,4.7834405701417975,56.430931388833244,6.7151481099728265,16.518405495399957,6.745410870432795,2.0497861861548863,18.59337586550757,1.3370028790796047,48.915450270042584,40.336869856747555,0.40214,0.9433618630978511,0.09653,49.903729632749645,21.426252977845426,2.8522134061462827,329.14717390055154,1.8964560442498608
273,0.08745,2.380136006501418,6.480698820167502,0.08338,41.85669719871477,5.381152095812778,0.5696596698224912,6.930095347141026,16.874372457993278,4.7834405701417975,56.430931388833244,6.7151481099728265,16.518405495399957,6.745410870432795,2.0497861861548863,18.59337586550757,1.3370028790796047,48.915450270042584,40.336869856747555,0.40214,0.9433618630978511,0.09653,49.903729632749645,21.426252977845426,2.8522134061462827,329.14717390055154,1.8964560442498608
274,0.08745,2.380136006501418,6.480698820167502,0.08338,41.85669719871477,5.381152095812778,0.5696596698224912,6.930095347141026,16.874372457993278,4.7834405701417975,56.430931388833244,6.7151481099728265,16.518405495399957,6.745410870432795,2.0497861861548863,18.59337586550757,1.3370028790796047,48.915450270042584,40.336869856747555,0.40214,0.9433618630978511,0.09653,49.903729632749645,21.426252977845426,2.8522134061462827,329.14717390055154,1.8964560442498608
275,0.08745,2.380136006501418,6.480698820167502,0.08338,41.85669719871477,5.381152095812778,0.5696596698224912,6.930095347141026,16.874372457993278,4.7834405701417975,56.430931388833244,6.7151481099728265,16.518405495399957,6.745410870432795,2.0497861861548863,18.59337586550757,1.3370028790796047,48.915450270042584,40.336869856747555,0.40214,0.9433618630978511,0.09653,49.903729632749645,21.426252977845426,2.8522134061462827,329.14717390055154,1.8964560442498608
276,0.08745,2.380136006501418,6.480698820167502,0.08338,41.85669719871477,5.381152095812778,0.5696596698224912,6.930095347141026,16.874372457993278,4.7834405701417975,56.430931388833244,6.7151481099728265,16.518405495399957,6.745410870432795,2.0497861861548863,18.59337586550757,1.3370028790796047,48.915450270042584,40.336869856747555,0.40214,0.9433618630978511,0.09653,49.903729632749645,21.426252977845426,2.8522134061462827,329.14717390055154,1.8964560442498608
277,0.08745,2.380136006501418,6.480698820167502,0.08338,41.85669719871477,5.381152095812778,0.5696596698224912,6.930095347141026,16.874372457993278,4.7834405701417975,56.430931388833244,6.7151481099728265,16.518405495399957,6.745410870432795,2.0497861861548863,18.59337586550757,1.3370028790796047,48.915450270042584,40.336869856747555,0.40214,0.9433618630978511,0.09653,49.903729632749645,21.426252977845426,2.8522134061462827,329.14717390055154,1.8964560442498608
278,0.08745,2.380136006501418,6.480698820167502,0.08338,41.85669719871477,5.381152095812778,0.5696596698224912,6.930095347141026,16.874372457993278,4.7834405701417975,56.430931388833244,6.7151481099728265,16.518405495399957,6.745410870432795,2.0497861861548863,18.59337586550757,1.3370028790796047,48.915450270042584,40.336869856747555,0.40214,0.9433618630978511,0.09653,49.903729632749645,21.426252977845426,2.8522134061462827,329.14717390055154,1.8964560442498608
279,0.08745,2.380136006501418,6.480698820167502,0.08338,41.85669719871477,5.381152095812778,0.5696596698224912,6.930095347141026,16.874372457993278,4.7834405701417975,56.430931388833244,6.7151481099728265,16.518405495399957,6.745410870432795,2.0497861861548863,18.59337586550757,1.3370028790796047,48.915450270042584,40.336869856747555,0.40214,0.9433618630978511,0.09653,49.903729632749645,21.426252977845426,2.8522134061462827,329.14717390055154,1.8964560442498608
280,0.08745,2.380136006501418,6.480698820167502,0.08338,41.85669719871477,5.381152095812778,0.5696596698224912,6.930095347141026,16.874372457993278,4.7834405701417975,56.430931388833244,6.7151481099728265,16.518405495399957,6.745410870432795,2.0497861861548863,18.59337586550757,1.3370028790796047,48.915450270042584,40.336869856747555,0.40214,0.9433618630978511,0.09653,49.903729632749645,21.426252977845426,2.8522134061462827,329.14717390055154,1.8964560442498608
281,0.08745,2.380136006501418,6.480698820167502,0.08338,41.85669719871477,5.381152095812778,0.5696596698224912,6.930095347141026,16.874372457993278,4.7834405701417975,56.430931388833244,6.7151481099728265,16.518405495399957,6.745410870432795,2.0497861861548863,18.59337586550757,1.3370028790796047,48.915450270042584,40.336869856747555,0.40214,0.9433618630978511,0.09653,49.903729632749645,21.426252977845426,2.8522134061462827,329.14717390055154,1.8964560442498608
282,0.08745,2.380136006501418,6.480698820167502,0.08338,41.85669719871477,5.381152095812778,0.5696596698224912,6.930095347141026,16.874372457993278,4.7834405701417975,56.430931388833244,6.7151481099728265,16.518405495399957,6.745410870432795,2.0497861861548863,18.59337586550757,1.3370028790796047,48.915450270042584,40.336869856747555,0.40214,0.9433618630978511,0.09653,49.903729632749645,21.426252977845426,2.8522134061462827,329.14717390055154,1.8964560442498608
283,0.08745,2.380136006501418,6.480698820167502,0.08338,41.85669719871477,5.381152095812778,0.5696596698224912,6.930095347141026,16.874372457993278,4.7834405701417975,56.430931388833244,6.7151481099728265,16.518405495399957,6.745410870432795,2.0497861861548863,18.59337586550757,1.3370028790796047,48.915450270042584,40.336869856747555,0.40214,0.9433618630978511,0.09653,49.903729632749645,21.426252977845426,2.8522134061462827,329.14717390055154,1.8964560442498608
284,0.08745,2.380136006501418,6.480698820167502,0.08338,41.85669719871477,5.381152095812778,0.5696596698224912,6.930095347141026,16.874372457993278,4.7834405701417975,56.430931388833244,6.7151481099728265,16.518405495399957,6.745410870432795,2.0497861861548863,18.59337586550757,1.3370028790796047,48.915450270042584,40.336869856747555,0.40214,0.9433618630978511,0.09653,49.903729632749645,21.426252977845426,2.8522134061462827,329.14717390055154,1.8964560442498608
285,0.08745,2.380136006501418,6.480698820167502,0.08338,41.85669719871477,5.381152095812778,0.5696596698224912,6.930095347141026,16.874372457993278,4.7834405701417975,56.430931388833244,6.7151481099728265,16.518405495399957,6.745410870432795,2.0497861861548863,18.59337586550757,1.3370028790796047,48.915450270042584,40.336869856747555,0.40214,0.9433618630978511,0.09653,49.903729632749645,21.426252977845426,2.8522134061462827,329.14717390055154,1.8964560442498608
286,0.08745,2.380136006501418,6.480698820167502,0.08338,41.85669719871477,5.381152095812778,0.5696596698224912,6.930095347141026,16.874372457993278,4.7834405701417975,56.430931388833244,6.7151481099728265,16.518405495399957,6.745410870432795,2.0497861861548863,18.59337586550757,1.3370028790796047,48.915450270042584,40.336869856747555,0.40214,0.9433618630978511,0.09653,49.903729632749645,21.426252977845426,2.8522134061462827,329.14717390055154,1.8964560442498608
287,0.08745,2.380136006501418,6.480698820167502,0.08338,41.85669719871477,5.381152095812778,0.5696596698224912,6.930095347141026,16.874372457993278,4.7834405701417975,56.430931388833244,6.7151481099728265,16.518405495399957,6.745410870432795,2.0497861861548863,18.59337586550757,1.3370028790796047,48.915450270042584,40.336869856747555,0.40214,0.9433618630978511,0.09653,49.903729632749645,21.426252977845426,2.8522134061462827,329.14717390055154,1.8964560442498608
288,0.08745,2.380136006501418,6.480698820167502,0.08338,41.85669719871477,5.381152095812778,0.5696596698224912,6.930095347141026,16.874372457993278,4.7834405701417975,56.430931388833244,6.7151481099728265,16.518405495399957,6.745410870432795,2.0497861861548863,18.59337586550757,1.3370028790796047,48.915450270042584,40.336869856747555,0.40214,0.9433618630978511,0.09653,49.903729632749645,21.426252977845426,2.8522134061462827,329.14717390055154,1.8964560442498608
289,0.08745,2.380136006501418,6.480698820167502,0.08338,41.85669719871477,5.381152095812778,0.5696596698224912,6.930095347141026,16.874372457993278,4.7834405701417975,56.430931388833244,6.7151481099728265,16.518405495399957,6.745410870432795,2.0497861861548863,18.59337586550757,1.3370028790796047,48.915450270042584,40.336869856747555,0.40214,0.9433618630978511,0.09653,49.903729632749645,21.426252977845426,2.8522134061462827,329.14717390055154,1.8964560442498608
290,0.08745,2.380136006501418,6.480698820167502,0.08338,41.85669719871477,5.381152095812778,0.5696596698224912,6.930095347141026,16.874372457993278,4.7834405701417975,56.430931388833244,6.7151481099728265,16.518405495399957,6.745410870432795,2.0497861861548863,18.59337586550757,1.3370028790796047,48.915450270042584,40.336869856747555,0.40214,0.9433618630978511,0.09653,49.903729632749645,21.426252977845426,2.8522134061462827,329.14717390055154,1.8964560442498608
291,0.08745,2.380136006501418,6.480698820167502,0.08338,41.85669719871477,5.381152095812778,0.5696596698224912,6.930095347141026,16.874372457993278,4.7834405701417975,56.430931388833244,6.7151481099728265,16.518405495399957,6.745410870432795,2.0497861861548863,18.59337586550757,1.3370028790796047,48.915450270042584,40.336869856747555,0.40214,0.9433618630978511,0.09653,49.903729632749645,21.426252977845426,2.8522134061462827,329.14717390055154,1.8964560442498608
292,0.08745,2.380136006501418,6.480698820167502,0.08338,41.85669719871477,5.381152095812778,0.5696596698224912,6.930095347141026,16.874372457993278,4.7834405701417975,56.430931388833244,6.7151481099728265,16.518405495399957,6.745410870432795,2.0497861861548863,18.59337586550757,1.3370028790796047,48.915450270042584,40.336869856747555,0.40214,0.9433618630978511,0.09653,49.903729632749645,21.426252977845426,2.8522134061462827,329.14717390055154,1.8964560442498608
293,0.08745,2.380136006501418,6.480698820167502,0.08338,41.85669719871477,5.381152095812778,0.5696596698224912,6.930095347141026,16.874372457993278,4.7834405701417975,56.430931388833244,6.7151481099728265,16.518405495399957,6.745410870432795,2.0497861861548863,18.59337586550757,1.3370028790796047,48.915450270042584,40.336869856747555,0.40214,0.9433618630978511,0.09653,49.903729632749645,21.426252977845426,2.8522134061462827,329.14717390055154,1.8964560442498608
294,0.08745,2.380136006501418,6.480698820167502,0.08338,41.85669719871477,5.381152095812778,0.5696596698224912,6.930095347141026,16.874372457993278,4.7834405701417975,56.430931388833244,6.7151481099728265,16.518405495399957,6.745410870432795,2.0497861861548863,18.59337586550757,1.3370028790796047,48.915450270042584,40.336869856747555,0.40214,0.9433618630978511,0.09653,49.903729632749645,21.426252977845426,2.8522134061462827,329.14717390055154,1.8964560442498608
295,0.08745,2.380136006501418,6.480698820167502,0.08338,41.85669719871477,5.381152095812778,0.5696596698224912,6.930095347141026,16.874372457993278,4.7834405701417975,56.430931388833244,6.7151481099728265,16.518405495399957,6.745410870432795,2.0497861861548863,18.59337586550757,1.3370028790796047,48.915450270042584,40.336869856747555,0.40214,0.9433618630978511,0.09653,49.903729632749645,21.426252977845426,2.8522134061462827,329.14717390055154,1.8964560442498608
296,0.08745,2.380136006501418,6.480698820167502,0.08338,41.85669719871477,5.381152095812778,0.5696596698224912,6.930095347141026,16.874372457993278,4.7834405701417975,56.430931388833244,6.7151481099728265,16.518405495399957,6.745410870432795,2.0497861861548863,18.59337586550757,1.3370028790796047,48.915450270042584,40.336869856747555,0.40214,0.9433618630978511,0.09653,49.903729632749645,21.426252977845426,2.8522134061462827,329.14717390055154,1.8964560442498608
297,0.08745,2.380136006501418,6.480698820167502,0.08338,41.85669719871477,5.381152095812778,0.5696596698224912,6.930095347141026,16.874372457993278,4.7834405701417975,56.430931388833244,6.7151481099728265,16.518405495399957,6.745410870432795,2.0497861861548863,18.59337586550757,1.3370028790796047,48.915450270042584,40.336869856747555,0.40214,0.9433618630978511,0.09653,49.903729632749645,21.426252977845426,2.8522134061462827,329.14717390055154,1.8964560442498608
298,0.08745,2.380136006501418,6.480698820167502,0.08338,41.85669719871477,5.381152095812778,0.5696596698224912,6.930095347141026,16.874372457993278,4.7834405701417975,56.430931388833244,6.7151481099728265,16.518405495399957,6.745410870432795,2.0497861861548863,18.59337586550757,1.3370028790796047,48.915450270042584,40.336869856747555,0.40214,0.9433618630978511,0.09653,49.903729632749645,21.426252977845426,2.8522134061462827,329.14717390055154,1.8964560442498608
299,0.08745,2.380136006501418,6.480698820167502,0.08338,41.85669719871477,5.381152095812778,0.5696596698224912,6.930095347141026,16.874372457993278,4.7834405701417975,56.430931388833244,6.7151481099728265,16.518405495399957,6.745410870432795,2.0497861861548863,18.59337586550757,1.3370028790796047,48.915450270042584,40.336869856747555,0.40214,0.9433618630978511,0.09653,49.903729632749645,21.426252977845426,2.8522134061462827,329.14717390055154,1.8964560442498608
300,0.08745,2.380136006501418,6.480698820167502,0.08338,41.85669719871477,5.381152095812778,0.5696596698224912,6.930095347141026,16.874372457993278,4.7834405701417975,56.430931388833244,6.7151481099728265,16.518405495399957,6.745410870432795,2.0497861861548863,18.59337586550757,1.3370028790796047,48.915450270042584,40.336869856747555,0.40214,0.9433618630978511,0.09653,49.903729632749645,21.426252977845426,2.8522134061462827,329.14717390055154,1.8964560442498608
301,0.08745,2.380136006501418,6.480698820167502,0.08338,41.85669719871477,5.381152095812778,0.5696596698224912,6.930095347141026,16.874372457993278,4.7834405701417975,56.430931388833244,6.7151481099728265,16.518405495399957,6.745410870432795,2.0497861861548863,18.59337586550757,1.3370028790796047,48.915450270042584,40.336869856747555,0.40214,0.9433618630978511,0.09653,49.903729632749645,21.426252977845426,2.8522134061462827,329.14717390055154,1.8964560442498608
302,0.08745,2.380136006501418,6.480698820167502,0.08338,41.85669719871477,5.381152095812778,0.5696596698224912,6.930095347141026,16.874372457993278,4.7834405701417975,56.430931388833244,6.7151481099728265,16.518405495399957,6.745410870432795,2.0497861861548863,18.59337586550757,1.3370028790796047,48.915450270042584,40.336869856747555,0.40214,0.9433618630978511,0.09653,49.903729632749645,21.426252977845426,2.8522134061462827,329.14717390055154,1.8964560442498608
303,0.08745,2.380136006501418,6.480698820167502,0.08338,41.85669719871477,5.381152095812778,0.5696596698224912,6.930095347141026,16.874372457993278,4.7834405701417975,56.430931388833244,6.7151481099728265,16.518405495399957,6.745410870432795,2.0497861861548863,18.59337586550757,1.3370028790796047,48.915450270042584,40.336869856747555,0.40214,0.9433618630978511,0.09653,49.903729632749645,21.426252977845426,2.8522134061462827,329.14717390055154,1.8964560442498608
304,0.08745,2.380136006501418,6.480698820167502,0.08338,41.85669719871477,5.381152095812778,0.5696596698224912,6.930095347141026,16.874372457993278,4.7834405701417975,56.430931388833244,6.7151481099728265,16.518405495399957,6.745410870432795,2.0497861861548863,18.59337586550757,1.3370028790796047,48.915450270042584,40.336869856747555,0.40214,0.9433618630978511,0.09653,49.903729632749645,21.426252977845426,2.8522134061462827,329.14717390055154,1.8964560442498608
305,0.08745,2.380136006501418,6.480698820167502,0.08338,41.85669719871477,5.381152095812778,0.5696596698224912,6.930095347141026,16.874372457993278,4.7834405701417975,56.430931388833244,6.7151481099728265,16.518405495399957,6.745410870432795,2.0497861861548863,18.59337586550757,1.3370028790796047,48.915450270042584,40.336869856747555,0.40214,0.9433618630978511,0.09653,49.903729632749645,21.426252977845426,2.8522134061462827,329.14717390055154,1.8964560442498608
306,0.08745,2.380136006501418,6.480698820167502,0.08338,41.85669719871477,5.381152095812778,0.5696596698224912,6.930095347141026,16.874372457993278,4.7834405701417975,56.430931388833244,6.7151481099728265,16.518405495399957,6.745410870432795,2.0497861861548863,18.59337586550757,1.3370028790796047,48.915450270042584,40.336869856747555,0.40214,0.9433618630978511,0.09653,49.903729632749645,21.426252977845426,2.8522134061462827,329.14717390055154,1.8964560442498608
307,0.08745,2.380136006501418,6.480698820167502,0.08338,41.85669719871477,5.381152095812778,0.5696596698224912,6.930095347141026,16.874372457993278,4.7834405701417975,56.430931388833244,6.7151481099728265,16.518405495399957,6.745410870432795,2.0497861861548863,18.59337586550757,1.3370028790796047,48.915450270042584,40.336869856747555,0.40214,0.9433618630978511,0.09653,49.903729632749645,21.426252977845426,2.8522134061462827,329.14717390055154,1.8964560442498608
308,0.08745,2.380136006501418,6.480698820167502,0.08338,41.85669719871477,5.381152095812778,0.5696596698224912,6.930095347141026,16.874372457993278,4.7834405701417975,56.430931388833244,6.7151481099728265,16.518405495399957,6.745410870432795,2.0497861861548863,18.59337586550757,1.3370028790796047,48.915450270042584,40.336869856747555,0.40214,0.9433618630978511,0.09653,49.903729632749645,21.426252977845426,2.8522134061462827,329.14717390055154,1.8964560442498608
309,0.08745,2.380136006501418,6.480698820167502,0.08338,41.85669719871477,5.381152095812778,0.5696596698224912,6.930095347141026,16.874372457993278,4.7834405701417975,56.430931388833244,6.7151481099728265,16.518405495399957,6.745410870432795,2.0497861861548863,18.59337586550757,1.3370028790796047,48.915450270042584,40.336869856747555,0.40214,0.9433618630978511,0.09653,49.903729632749645,21.426252977845426,2.8522134061462827,329.14717390055154,1.8964560442498608
310,0.08745,2.380136006501418,6.480698820167502,0.08338,41.85669719871477,5.381152095812778,0.5696596698224912,6.930095347141026,16.874372457993278,4.7834405701417975,56.430931388833244,6.7151481099728265,16.518405495399957,6.745410870432795,2.0497861861548863,18.59337586550757,1.3370028790796047,48.915450270042584,40.336869856747555,0.40214,0.9433618630978511,0.09653,49.903729632749645,21.426252977845426,2.8522134061462827,329.14717390055154,1.8964560442498608
311,0.08745,2.380136006501418,6.480698820167502,0.08338,41.85669719871477,5.381152095812778,0.5696596698224912,6.930095347141026,16.874372457993278,4.7834405701417975,56.430931388833244,6.7151481099728265,16.518405495399957,6.745410870432795,2.0497861861548863,18.59337586550757,1.3370028790796047,48.915450270042584,40.336869856747555,0.40214,0.9433618630978511,0.09653,49.903729632749645,21.426252977845426,2.8522134061462827,329.14717390055154,1.8964560442498608
312,0.08745,2.380136006501418,6.480698820167502,0.08338,41.85669719871477,5.381152095812778,0.5696596698224912,6.930095347141026,16.874372457993278,4.7834405701417975,56.430931388833244,6.7151481099728265,16.518405495399957,6.745410870432795,2.0497861861548863,18.59337586550757,1.3370028790796047,48.915450270042584,40.336869856747555,0.40214,0.9433618630978511,0.09653,49.903729632749645,21.426252977845426,2.8522134061462827,329.14717390055154,1.8964560442498608
313,0.08745,2.380136006501418,6.480698820167502,0.08338,41.85669719871477,5.381152095812778,0.5696596698224912,6.930095347141026,16.874372457993278,4.7834405701417975,56.430931388833244,6.7151481099728265,16.518405495399957,6.745410870432795,2.0497861861548863,18.59337586550757,1.3370028790796047,48.915450270042584,40.336869856747555,0.40214,0.9433618630978511,0.09653,49.903729632749645,21.426252977845426,2.8522134061462827,329.14717390055154,1.8964560442498608
314,0.08745,2.380136006501418,6.480698820167502,0.08338,41.85669719871477,5.381152095812778,0.5696596698224912,6.930095347141026,16.874372457993278,4.7834405701417975,56.430931388833244,6.7151481099728265,16.518405495399957,6.745410870432795,2.0497861861548863,18.59337586550757,1.3370028790796047,48.915450270042584,40.336869856747555,0.40214,0.9433618630978511,0.09653,49.903729632749645,21.426252977845426,2.8522134061462827,329.14717390055154,1.8964560442498608
315,0.08745,2.380136006501418,6.480698820167502,0.08338,41.85669719871477,5.381152095812778,0.5696596698224912,6.930095347141026,16.874372457993278,4.7834405701417975,56.430931388833244,6.7151481099728265,16.518405495399957,6.745410870432795,2.0497861861548863,18.59337586550757,1.3370028790796047,48.915450270042584,40.336869856747555,0.40214,0.9433618630978511,0.09653,49.903729632749645,21.426252977845426,2.8522134061462827,329.14717390055154,1.8964560442498608
316,0.08745,2.380136006501418,6.480698820167502,0.08338,41.85669719871477,5.381152095812778,0.5696596698224912,6.930095347141026,16.874372457993278,4.7834405701417975,56.430931388833244,6.7151481099728265,16.518405495399957,6.745410870432795,2.0497861861548863,18.59337586550757,1.3370028790796047,48.915450270042584,40.336869856747555,0.40214,0.9433618630978511,0.09653,49.903729632749645,21.426252977845426,2.8522134061462827,329.14717390055154,1.8964560442498608
317,0.08745,2.380136006501418,6.480698820167502,0.08338,41.85669719871477,5.381152095812778,0.5696596698224912,6.930095347141026,16.874372457993278,4.7834405701417975,56.430931388833244,6.7151481099728265,16.518405495399957,6.745410870432795,2.0497861861548863,18.59337586550757,1.3370028790796047,48.915450270042584,40.336869856747555,0.40214,0.9433618630978511,0.09653,49.903729632749645,21.426252977845426,2.8522134061462827,329.14717390055154,1.8964560442498608
318,0.08745,2.380136006501418,6.480698820167502,0.08338,41.85669719871477,5.381152095812778,0.5696596698224912,6.930095347141026,16.874372457993278,4.7834405701417975,56.430931388833244,6.7151481099728265,16.518405495399957,6.745410870432795,2.0497861861548863,18.59337586550757,1.3370028790796047,48.915450270042584,40.336869856747555,0.40214,0.9433618630978511,0.09653,49.903729632749645,21.426252977845426,2.8522134061462827,329.14717390055154,1.8964560442498608
319,0.08745,2.380136006501418,6.480698820167502,0.08338,41.85669719871477,5.381152095812778,0.5696596698224912,6.930095347141026,16.874372457993278,4.7834405701417975,56.430931388833244,6.7151481099728265,16.518405495399957,6.745410870432795,2.0497861861548863,18.59337586550757,1.3370028790796047,48.915450270042584,40.336869856747555,0.40214,0.9433618630978511,0.09653,49.903729632749645,21.426252977845426,2.8522134061462827,329.14717390055154,1.8964560442498608
320,0.08745,2.380136006501418,6.480698820167502,0.08338,41.85669719871477,5.381152095812778,0.5696596698224912,6.930095347141026,16.874372457993278,4.7834405701417975,56.430931388833244,6.7151481099728265,16.518405495399957,6.745410870432795,2.0497861861548863,18.59337586550757,1.3370028790796047,48.915450270042584,40.336869856747555,0.40214,0.9433618630978511,0.09653,49.903729632749645,21.426252977845426,2.8522134061462827,329.14717390055154,1.8964560442498608
321,0.08745,2.380136006501418,6.480698820167502,0.08338,41.85669719871477,5.381152095812778,0.5696596698224912,6.930095347141026,16.874372457993278,4.7834405701417975,56.430931388833244,6.7151481099728265,16.518405495399957,6.745410870432795,2.0497861861548863,18.59337586550757,1.3370028790796047,48.915450270042584,40.336869856747555,0.40214,0.9433618630978511,0.09653,49.903729632749645,21.426252977845426,2.8522134061462827,329.14717390055154,1.8964560442498608
322,0.08745,2.380136006501418,6.480698820167502,0.08338,41.85669719871477,5.381152095812778,0.5696596698224912,6.930095347141026,16.874372457993278,4.7834405701417975,56.430931388833244,6.7151481099728265,16.518405495399957,6.745410870432795,2.0497861861548863,18.59337586550757,1.3370028790796047,48.915450270042584,40.336869856747555,0.40214,0.9433618630978511,0.09653,49.903729632749645,21.426252977845426,2.8522134061462827,329.14717390055154,1.8964560442498608
323,0.08745,2.380136006501418,6.480698820167502,0.08338,41.85669719871477,5.381152095812778,0.5696596698224912,6.930095347141026,16.874372457993278,4.7834405701417975,56.430931388833244,6.7151481099728265,16.518405495399957,6.745410870432795,2.0497861861548863,18.59337586550757,1.3370028790796047,48.915450270042584,40.336869856747555,0.40214,0.9433618630978511,0.09653,49.903729632749645,21.426252977845426,2.8522134061462827,329.14717390055154,1.8964560442498608
324,0.08745,2.380136006501418,6.480698820167502,0.08338,41.85669719871477,5.381152095812778,0.5696596698224912,6.930095347141026,16.874372457993278,4.7834405701417975,56.430931388833244,6.7151481099728265,16.518405495399957,6.745410870432795,2.0497861861548863,18.59337586550757,1.3370028790796047,48.915450270042584,40.336869856747555,0.40214,0.9433618630978511,0.09653,49.903729632749645,21.426252977845426,2.8522134061462827,329.14717390055154,1.8964560442498608
325,0.08745,2.380136006501418,6.480698820167502,0.08338,41.85669719871477,5.381152095812778,0.5696596698224912,6.930095347141026,16.874372457993278,4.7834405701417975,56.430931388833244,6.7151481099728265,16.518405495399957,6.745410870432795,2.0497861861548863,18.59337586550757,1.3370028790796047,48.915450270042584,40.336869856747555,0.40214,0.9433618630978511,0.09653,49.903729632749645,21.426252977845426,2.8522134061462827,329.14717390055154,1.8964560442498608
326,0.08745,2.380136006501418,6.480698820167502,0.08338,41.85669719871477,5.381152095812778,0.5696596698224912,6.930095347141026,16.874372457993278,4.7834405701417975,56.430931388833244,6.7151481099728265,16.518405495399957,6.745410870432795,2.0497861861548863,18.59337586550757,1.3370028790796047,48.915450270042584,40.336869856747555,0.40214,0.9433618630978511,0.09653,49.903729632749645,21.426252977845426,2.8522134061462827,329.14717390055154,1.8964560442498608
327,0.08745,2.380136006501418,6.480698820167502,0.08338,41.85669719871477,5.381152095812778,0.5696596698224912,6.930095347141026,16.874372457993278,4.7834405701417975,56.430931388833244,6.7151481099728265,16.518405495399957,6.745410870432795,2.0497861861548863,18.59337586550757,1.3370028790796047,48.915450270042584,40.336869856747555,0.40214,0.9433618630978511,0.09653,49.903729632749645,21.426252977845426,2.8522134061462827,329.14717390055154,1.8964560442498608
328,0.08745,2.380136006501418,6.480698820167502,0.08338,41.85669719871477,5.381152095812778,0.5696596698224912,6.930095347141026,16.874372457993278,4.7834405701417975,56.430931388833244,6.7151481099728265,16.518405495399957,6.745410870432795,2.0497861861548863,18.59337586550757,1.3370028790796047,48.915450270042584,40.336869856747555,0.40214,0.9433618630978511,0.09653,49.903729632749645,21.426252977845426,2.8522134061462827,329.14717390055154,1.8964560442498608
329,0.08745,2.380136006501418,6.480698820167502,0.08338,41.85669719871477,5.381152095812778,0.5696596698224912,6.930095347141026,16.874372457993278,4.7834405701417975,56.430931388833244,6.7151481099728265,16.518405495399957,6.745410870432795,2.0497861861548863,18.59337586550757,1.3370028790796047,48.915450270042584,40.336869856747555,0.40214,0.9433618630978511,0.09653,49.903729632749645,21.426252977845426,2.8522134061462827,329.14717390055154,1.8964560442498608
330,0.08745,2.380136006501418,6.480698820167502,0.08338,41.85669719871477,5.381152095812778,0.5696596698224912,6.930095347141026,16.874372457993278,4.7834405701417975,56.430931388833244,6.7151481099728265,16.518405495399957,6.745410870432795,2.0497861861548863,18.59337586550757,1.3370028790796047,48.915450270042584,40.336869856747555,0.40214,0.9433618630978511,0.09653,49.903729632749645,21.426252977845426,2.8522134061462827,329.14717390055154,1.8964560442498608
331,0.08745,2.380136006501418,6.480698820167502,0.08338,41.85669719871477,5.381152095812778,0.5696596698224912,6.930095347141026,16.874372457993278,4.7834405701417975,56.430931388833244,6.7151481099728265,16.518405495399957,6.745410870432795,2.0497861861548863,18.59337586550757,1.3370028790796047,48.915450270042584,40.336869856747555,0.40214,0.9433618630978511,0.09653,49.903729632749645,21.426252977845426,2.8522134061462827,329.14717390055154,1.8964560442498608
332,0.08745,2.380136006501418,6.480698820167502,0.08338,41.85669719871477,5.381152095812778,0.5696596698224912,6.930095347141026,16.874372457993278,4.7834405701417975,56.430931388833244,6.7151481099728265,16.518405495399957,6.745410870432795,2.0497861861548863,18.59337586550757,1.3370028790796047,48.915450270042584,40.336869856747555,0.40214,0.9433618630978511,0.09653,49.903729632749645,21.426252977845426,2.8522134061462827,329.14717390055154,1.8964560442498608
333,0.08745,2.380136006501418,6.480698820167502,0.08338,41.85669719871477,5.381152095812778,0.5696596698224912,6.930095347141026,16.874372457993278,4.7834405701417975,56.430931388833244,6.7151481099728265,16.518405495399957,6.745410870432795,2.0497861861548863,18.59337586550757,1.3370028790796047,48.915450270042584,40.336869856747555,0.40214,0.9433618630978511,0.09653,49.903729632749645,21.426252977845426,2.8522134061462827,329.14717390055154,1.8964560442498608
334,0.08745,2.380136006501418,6.480698820167502,0.08338,41.85669719871477,5.381152095812778,0.5696596698224912,6.930095347141026,16.874372457993278,4.7834405701417975,56.430931388833244,6.7151481099728265,16.518405495399957,6.745410870432795,2.0497861861548863,18.59337586550757,1.3370028790796047,48.915450270042584,40.336869856747555,0.40214,0.9433618630978511,0.09653,49.903729632749645,21.426252977845426,2.8522134061462827,329.14717390055154,1.8964560442498608
335,0.08745,2.380136006501418,6.480698820167502,0.08338,41.85669719871477,5.381152095812778,0.5696596698224912,6.930095347141026,16.874372457993278,4.7834405701417975,56.430931388833244,6.7151481099728265,16.518405495399957,6.745410870432795,2.0497861861548863,18.59337586550757,1.3370028790796047,48.915450270042584,40.336869856747555,0.40214,0.9433618630978511,0.09653,49.903729632749645,21.426252977845426,2.8522134061462827,329.14717390055154,1.8964560442498608
336,0.08745,2.380136006501418,6.480698820167502,0.08338,41.85669719871477,5.381152095812778,0.5696596698224912,6.930095347141026,16.874372457993278,4.7834405701417975,56.430931388833244,6.7151481099728265,16.518405495399957,6.745410870432795,2.0497861861548863,18.59337586550757,1.3370028790796047,48.915450270042584,40.336869856747555,0.40214,0.9433618630978511,0.09653,49.903729632749645,21.426252977845426,2.8522134061462827,329.14717390055154,1.8964560442498608
337,0.08745,2.380136006501418,6.480698820167502,0.08338,41.85669719871477,5.381152095812778,0.5696596698224912,6.930095347141026,16.874372457993278,4.7834405701417975,56.430931388833244,6.7151481099728265,16.518405495399957,6.745410870432795,2.0497861861548863,18.59337586550757,1.3370028790796047,48.915450270042584,40.336869856747555,0.40214,0.9433618630978511,0.09653,49.903729632749645,21.426252977845426,2.8522134061462827,329.14717390055154,1.8964560442498608
338,0.08745,2.380136006501418,6.480698820167502,0.08338,41.85669719871477,5.381152095812778,0.5696596698224912,6.930095347141026,16.874372457993278,4.7834405701417975,56.430931388833244,6.7151481099728265,16.518405495399957,6.745410870432795,2.0497861861548863,18.59337586550757,1.3370028790796047,48.915450270042584,40.336869856747555,0.40214,0.9433618630978511,0.09653,49.903729632749645,21.426252977845426,2.8522134061462827,329.14717390055154,1.8964560442498608
339,0.08745,2.380136006501418,6.480698820167502,0.08338,41.85669719871477,5.381152095812778,0.5696596698224912,6.930095347141026,16.874372457993278,4.7834405701417975,56.430931388833244,6.7151481099728265,16.518405495399957,6.745410870432795,2.0497861861548863,18.59337586550757,1.3370028790796047,48.915450270042584,40.336869856747555,0.40214,0.9433618630978511,0.09653,49.903729632749645,21.426252977845426,2.8522134061462827,329.14717390055154,1.8964560442498608
340,0.08745,2.380136006501418,6.480698820167502,0.08338,41.85669719871477,5.381152095812778,0.5696596698224912,6.930095347141026,16.874372457993278,4.7834405701417975,56.430931388833244,6.7151481099728265,16.518405495399957,6.745410870432795,2.0497861861548863,18.59337586550757,1.3370028790796047,48.915450270042584,40.336869856747555,0.40214,0.9433618630978511,0.09653,49.903729632749645,21.426252977845426,2.8522134061462827,329.14717390055154,1.8964560442498608
341,0.08745,2.380136006501418,6.480698820167502,0.08338,41.85669719871477,5.381152095812778,0.5696596698224912,6.930095347141026,16.874372457993278,4.7834405701417975,56.430931388833244,6.7151481099728265,16.518405495399957,6.745410870432795,2.0497861861548863,18.59337586550757,1.3370028790796047,48.915450270042584,40.336869856747555,0.40214,0.9433618630978511,0.09653,49.903729632749645,21.426252977845426,2.8522134061462827,329.14717390055154,1.8964560442498608
342,0.08745,2.380136006501418,6.480698820167502,0.08338,41.85669719871477,5.381152095812778,0.5696596698224912,6.930095347141026,16.874372457993278,4.7834405701417975,56.430931388833244,6.7151481099728265,16.518405495399957,6.745410870432795,2.0497861861548863,18.59337586550757,1.3370028790796047,48.915450270042584,40.336869856747555,0.40214,0.9433618630978511,0.09653,49.903729632749645,21.426252977845426,2.8522134061462827,329.14717390055154,1.8964560442498608
343,0.08745,2.380136006501418,6.480698820167502,0.08338,41.85669719871477,5.381152095812778,0.5696596698224912,6.930095347141026,16.874372457993278,4.7834405701417975,56.430931388833244,6.7151481099728265,16.518405495399957,6.745410870432795,2.0497861861548863,18.59337586550757,1.3370028790796047,48.915450270042584,40.336869856747555,0.40214,0.9433618630978511,0.09653,49.903729632749645,21.426252977845426,2.8522134061462827,329.14717390055154,1.8964560442498608
344,0.08745,2.380136006501418,6.480698820167502,0.08338,41.85669719871477,5.381152095812778,0.5696596698224912,6.930095347141026,16.874372457993278,4.7834405701417975,56.430931388833244,6.7151481099728265,16.518405495399957,6.745410870432795,2.0497861861548863,18.59337586550757,1.3370028790796047,48.915450270042584,40.336869856747555,0.40214,0.9433618630978511,0.09653,49.903729632749645,21.426252977845426,2.8522134061462827,329.14717390055154,1.8964560442498608
345,0.08745,2.380136006501418,6.480698820167502,0.08338,41.85669719871477,5.381152095812778,0.5696596698224912,6.930095347141026,16.874372457993278,4.7834405701417975,56.430931388833244,6.7151481099728265,16.518405495399957,6.745410870432795,2.0497861861548863,18.59337586550757,1.3370028790796047,48.915450270042584,40.336869856747555,0.40214,0.9433618630978511,0.09653,49.903729632749645,21.426252977845426,2.8522134061462827,329.14717390055154,1.8964560442498608
346,0.08745,2.380136006501418,6.480698820167502,0.08338,41.85669719871477,5.381152095812778,0.5696596698224912,6.930095347141026,16.874372457993278,4.7834405701417975,56.430931388833244,6.7151481099728265,16.518405495399957,6.745410870432795,2.0497861861548863,18.59337586550757,1.3370028790796047,48.915450270042584,40.336869856747555,0.40214,0.9433618630978511,0.09653,49.903729632749645,21.426252977845426,2.8522134061462827,329.14717390055154,1.8964560442498608
347,0.08745,2.380136006501418,6.480698820167502,0.08338,41.85669719871477,5.381152095812778,0.5696596698224912,6.930095347141026,16.874372457993278,4.7834405701417975,56.430931388833244,6.7151481099728265,16.518405495399957,6.745410870432795,2.0497861861548863,18.59337586550757,1.3370028790796047,48.915450270042584,40.336869856747555,0.40214,0.9433618630978511,0.09653,49.903729632749645,21.426252977845426,2.8522134061462827,329.14717390055154,1.8964560442498608
348,0.08745,2.380136006501418,6.480698820167502,0.08338,41.85669719871477,5.381152095812778,0.5696596698224912,6.930095347141026,16.874372457993278,4.7834405701417975,56.430931388833244,6.7151481099728265,16.518405495399957,6.745410870432795,2.0497861861548863,18.59337586550757,1.3370028790796047,48.915450270042584,40.336869856747555,0.40214,0.9433618630978511,0.09653,49.903729632749645,21.426252977845426,2.8522134061462827,329.14717390055154,1.8964560442498608
349,0.08745,2.380136006501418,6.480698820167502,0.08338,41.85669719871477,5.381152095812778,0.5696596698224912,6.930095347141026,16.874372457993278,4.7834405701417975,56.430931388833244,6.7151481099728265,16.518405495399957,6.745410870432795,2.0497861861548863,18.59337586550757,1.3370028790796047,48.915450270042584,40.336869856747555,0.40214,0.9433618630978511,0.09653,49.903729632749645,21.426252977845426,2.8522134061462827,329.14717390055154,1.8964560442498608
350,0.08745,2.380136006501418,6.480698820167502,0.08338,41.85669719871477,5.381152095812778,0.5696596698224912,6.930095347141026,16.874372457993278,4.7834405701417975,56.430931388833244,6.7151481099728265,16.518405495399957,6.745410870432795,2.0497861861548863,18.59337586550757,1.3370028790796047,48.915450270042584,40.336869856747555,0.40214,0.9433618630978511,0.09653,49.903729632749645,21.426252977845426,2.8522134061462827,329.14717390055154,1.8964560442498608
351,0.08745,2.380136006501418,6.480698820167502,0.08338,41.85669719871477,5.381152095812778,0.5696596698224912,6.930095347141026,16.874372457993278,4.7834405701417975,56.430931388833244,6.7151481099728265,16.518405495399957,6.745410870432795,2.0497861861548863,18.59337586550757,1.3370028790796047,48.915450270042584,40.336869856747555,0.40214,0.9433618630978511,0.09653,49.903729632749645,21.426252977845426,2.8522134061462827,329.14717390055154,1.8964560442498608
352,0.08745,2.380136006501418,6.480698820167502,0.08338,41.85669719871477,5.381152095812778,0.5696596698224912,6.930095347141026,16.874372457993278,4.7834405701417975,56.430931388833244,6.7151481099728265,16.518405495399957,6.745410870432795,2.0497861861548863,18.59337586550757,1.3370028790796047,48.915450270042584,40.336869856747555,0.40214,0.9433618630978511,0.09653,49.903729632749645,21.426252977845426,2.8522134061462827,329.14717390055154,1.8964560442498608
353,0.08745,2.380136006501418,6.480698820167502,0.08338,41.85669719871477,5.381152095812778,0.5696596698224912,6.930095347141026,16.874372457993278,4.7834405701417975,56.430931388833244,6.7151481099728265,16.518405495399957,6.745410870432795,2.0497861861548863,18.59337586550757,1.3370028790796047,48.915450270042584,40.336869856747555,0.40214,0.9433618630978511,0.09653,49.903729632749645,21.426252977845426,2.8522134061462827,329.14717390055154,1.8964560442498608
354,0.08745,2.380136006501418,6.480698820167502,0.08338,41.85669719871477,5.381152095812778,0.5696596698224912,6.930095347141026,16.874372457993278,4.7834405701417975,56.430931388833244,6.7151481099728265,16.518405495399957,6.745410870432795,2.0497861861548863,18.59337586550757,1.3370028790796047,48.915450270042584,40.336869856747555,0.40214,0.9433618630978511,0.09653,49.903729632749645,21.426252977845426,2.8522134061462827,329.14717390055154,1.8964560442498608
355,0.08745,2.380136006501418,6.480698820167502,0.08338,41.85669719871477,5.381152095812778,0.5696596698224912,6.930095347141026,16.874372457993278,4.7834405701417975,56.430931388833244,6.7151481099728265,16.518405495399957,6.745410870432795,2.0497861861548863,18.59337586550757,1.3370028790796047,48.915450270042584,40.336869856747555,0.40214,0.9433618630978511,0.09653,49.903729632749645,21.426252977845426,2.8522134061462827,329.14717390055154,1.8964560442498608
356,0.08745,2.380136006501418,6.480698820167502,0.08338,41.85669719871477,5.381152095812778,0.5696596698224912,6.930095347141026,16.874372457993278,4.7834405701417975,56.430931388833244,6.7151481099728265,16.518405495399957,6.745410870432795,2.0497861861548863,18.59337586550757,1.3370028790796047,48.915450270042584,40.336869856747555,0.40214,0.9433618630978511,0.09653,49.903729632749645,21.426252977845426,2.8522134061462827,329.14717390055154,1.8964560442498608
357,0.08745,2.380136006501418,6.480698820167502,0.08338,41.85669719871477,5.381152095812778,0.5696596698224912,6.930095347141026,16.874372457993278,4.7834405701417975,56.430931388833244,6.7151481099728265,16.518405495399957,6.745410870432795,2.0497861861548863,18.59337586550757,1.3370028790796047,48.915450270042584,40.336869856747555,0.40214,0.9433618630978511,0.09653,49.903729632749645,21.426252977845426,2.8522134061462827,329.14717390055154,1.8964560442498608
358,0.08745,2.380136006501418,6.480698820167502,0.08338,41.85669719871477,5.381152095812778,0.5696596698224912,6.930095347141026,16.874372457993278,4.7834405701417975,56.430931388833244,6.7151481099728265,16.518405495399957,6.745410870432795,2.0497861861548863,18.59337586550757,1.3370028790796047,48.915450270042584,40.336869856747555,0.40214,0.9433618630978511,0.09653,49.903729632749645,21.426252977845426,2.8522134061462827,329.14717390055154,1.8964560442498608
359,0.08745,2.380136006501418,6.480698820167502,0.08338,41.85669719871477,5.381152095812778,0.5696596698224912,6.930095347141026,16.874372457993278,4.7834405701417975,56.430931388833244,6.7151481099728265,16.518405495399957,6.745410870432795,2.0497861861548863,18.59337586550757,1.3370028790796047,48.915450270042584,40.336869856747555,0.40214,0.9433618630978511,0.09653,49.903729632749645,21.426252977845426,2.8522134061462827,329.14717390055154,1.8964560442498608
360,0.08745,2.380136006501418,6.480698820167502,0.08338,41.85669719871477,5.381152095812778,0.5696596698224912,6.930095347141026,16.874372457993278,4.7834405701417975,56.430931388833244,6.7151481099728265,16.518405495399957,6.745410870432795,2.0497861861548863,18.59337586550757,1.3370028790796047,48.915450270042584,40.336869856747555,0.40214,0.9433618630978511,0.09653,49.903729632749645,21.426252977845426,2.8522134061462827,329.14717390055154,1.8964560442498608
361,0.08745,2.380136006501418,6.480698820167502,0.08338,41.85669719871477,5.381152095812778,0.5696596698224912,6.930095347141026,16.874372457993278,4.7834405701417975,56.430931388833244,6.7151481099728265,16.518405495399957,6.745410870432795,2.0497861861548863,18.59337586550757,1.3370028790796047,48.915450270042584,40.336869856747555,0.40214,0.9433618630978511,0.09653,49.903729632749645,21.426252977845426,2.8522134061462827,329.14717390055154,1.8964560442498608
362,0.08745,2.380136006501418,6.480698820167502,0.08338,41.85669719871477,5.381152095812778,0.5696596698224912,6.930095347141026,16.874372457993278,4.7834405701417975,56.430931388833244,6.7151481099728265,16.518405495399957,6.745410870432795,2.0497861861548863,18.59337586550757,1.3370028790796047,48.915450270042584,40.336869856747555,0.40214,0.9433618630978511,0.09653,49.903729632749645,21.426252977845426,2.8522134061462827,329.14717390055154,1.8964560442498608
363,0.08745,2.380136006501418,6.480698820167502,0.08338,41.85669719871477,5.381152095812778,0.5696596698224912,6.930095347141026,16.874372457993278,4.7834405701417975,56.430931388833244,6.7151481099728265,16.518405495399957,6.745410870432795,2.0497861861548863,18.59337586550757,1.3370028790796047,48.915450270042584,40.336869856747555,0.40214,0.9433618630978511,0.09653,49.903729632749645,21.426252977845426,2.8522134061462827,329.14717390055154,1.8964560442498608
364,0.08745,2.380136006501418,6.480698820167502,0.08338,41.85669719871477,5.381152095812778,0.5696596698224912,6.930095347141026,16.874372457993278,4.7834405701417975,56.430931388833244,6.7151481099728265,16.518405495399957,6.745410870432795,2.0497861861548863,18.59337586550757,1.3370028790796047,48.915450270042584,40.336869856747555,0.40214,0.9433618630978511,0.09653,49.903729632749645,21.426252977845426,2.8522134061462827,329.14717390055154,1.8964560442498608
365,0.08745,2.380136006501418,6.480698820167502,0.08338,41.85669719871477,5.381152095812778,0.5696596698224912,6.930095347141026,16.874372457993278,4.7834405701417975,56.430931388833244,6.7151481099728265,16.518405495399957,6.745410870432795,2.0497861861548863,18.59337586550757,1.3370028790796047,48.915450270042584,40.336869856747555,0.40214,0.9433618630978511,0.09653,49.903729632749645,21.426252977845426,2.8522134061462827,329.14717390055154,1.8964560442498608
366,0.08745,2.380136006501418,6.480698820167502,0.08338,41.85669719871477,5.381152095812778,0.5696596698224912,6.930095347141026,16.874372457993278,4.7834405701417975,56.430931388833244,6.7151481099728265,16.518405495399957,6.745410870432795,2.0497861861548863,18.59337586550757,1.3370028790796047,48.915450270042584,40.336869856747555,0.40214,0.9433618630978511,0.09653,49.903729632749645,21.426252977845426,2.8522134061462827,329.14717390055154,1.8964560442498608
367,0.08745,2.380136006501418,6.480698820167502,0.08338,41.85669719871477,5.381152095812778,0.5696596698224912,6.930095347141026,16.874372457993278,4.7834405701417975,56.430931388833244,6.7151481099728265,16.518405495399957,6.745410870432795,2.0497861861548863,18.59337586550757,1.3370028790796047,48.915450270042584,40.336869856747555,0.40214,0.9433618630978511,0.09653,49.903729632749645,21.426252977845426,2.8522134061462827,329.14717390055154,1.8964560442498608
368,0.08745,2.380136006501418,6.480698820167502,0.08338,41.85669719871477,5.381152095812778,0.5696596698224912,6.930095347141026,16.874372457993278,4.7834405701417975,56.430931388833244,6.7151481099728265,16.518405495399957,6.745410870432795,2.0497861861548863,18.59337586550757,1.3370028790796047,48.915450270042584,40.336869856747555,0.40214,0.9433618630978511,0.09653,49.903729632749645,21.426252977845426,2.8522134061462827,329.14717390055154,1.8964560442498608
369,0.08745,2.380136006501418,6.480698820167502,0.08338,41.85669719871477,5.381152095812778,0.5696596698224912,6.930095347141026,16.874372457993278,4.7834405701417975,56.430931388833244,6.7151481099728265,16.518405495399957,6.745410870432795,2.0497861861548863,18.59337586550757,1.3370028790796047,48.915450270042584,40.336869856747555,0.40214,0.9433618630978511,0.09653,49.903729632749645,21.426252977845426,2.8522134061462827,329.14717390055154,1.8964560442498608
370,0.08745,2.380136006501418,6.480698820167502,0.08338,41.85669719871477,5.381152095812778,0.5696596698224912,6.930095347141026,16.874372457993278,4.7834405701417975,56.430931388833244,6.7151481099728265,16.518405495399957,6.745410870432795,2.0497861861548863,18.59337586550757,1.3370028790796047,48.915450270042584,40.336869856747555,0.40214,0.9433618630978511,0.09653,49.903729632749645,21.426252977845426,2.8522134061462827,329.14717390055154,1.8964560442498608
371,0.08745,2.380136006501418,6.480698820167502,0.08338,41.85669719871477,5.381152095812778,0.5696596698224912,6.930095347141026,16.874372457993278,4.7834405701417975,56.430931388833244,6.7151481099728265,16.518405495399957,6.745410870432795,2.0497861861548863,18.59337586550757,1.3370028790796047,48.915450270042584,40.336869856747555,0.40214,0.9433618630978511,0.09653,49.903729632749645,21.426252977845426,2.8522134061462827,329.14717390055154,1.8964560442498608
372,0.08745,2.380136006501418,6.480698820167502,0.08338,41.85669719871477,5.381152095812778,0.5696596698224912,6.930095347141026,16.874372457993278,4.7834405701417975,56.430931388833244,6.7151481099728265,16.518405495399957,6.745410870432795,2.0497861861548863,18.59337586550757,1.3370028790796047,48.915450270042584,40.336869856747555,0.40214,0.9433618630978511,0.09653,49.903729632749645,21.426252977845426,2.8522134061462827,329.14717390055154,1.8964560442498608
373,0.08745,2.380136006501418,6.480698820167502,0.08338,41.85669719871477,5.381152095812778,0.5696596698224912,6.930095347141026,16.874372457993278,4.7834405701417975,56.430931388833244,6.7151481099728265,16.518405495399957,6.745410870432795,2.0497861861548863,18.59337586550757,1.3370028790796047,48.915450270042584,40.336869856747555,0.40214,0.9433618630978511,0.09653,49.903729632749645,21.426252977845426,2.8522134061462827,329.14717390055154,1.8964560442498608
374,0.08745,2.380136006501418,6.480698820167502,0.08338,41.85669719871477,5.381152095812778,0.5696596698224912,6.930095347141026,16.874372457993278,4.7834405701417975,56.430931388833244,6.7151481099728265,16.518405495399957,6.745410870432795,2.0497861861548863,18.59337586550757,1.3370028790796047,48.915450270042584,40.336869856747555,0.40214,0.9433618630978511,0.09653,49.903729632749645,21.426252977845426,2.8522134061462827,329.14717390055154,1.8964560442498608
375,0.08745,2.380136006501418,6.480698820167502,0.08338,41.85669719871477,5.381152095812778,0.5696596698224912,6.930095347141026,16.874372457993278,4.7834405701417975,56.430931388833244,6.7151481099728265,16.518405495399957,6.745410870432795,2.0497861861548863,18.59337586550757,1.3370028790796047,48.915450270042584,40.336869856747555,0.40214,0.9433618630978511,0.09653,49.903729632749645,21.426252977845426,2.8522134061462827,329.14717390055154,1.8964560442498608
376,0.08745,2.380136006501418,6.480698820167502,0.08338,41.85669719871477,5.381152095812778,0.5696596698224912,6.930095347141026,16.874372457993278,4.7834405701417975,56.430931388833244,6.7151481099728265,16.518405495399957,6.745410870432795,2.0497861861548863,18.59337586550757,1.3370028790796047,48.915450270042584,40.336869856747555,0.40214,0.9433618630978511,0.09653,49.903729632749645,21.426252977845426,2.8522134061462827,329.14717390055154,1.8964560442498608
377,0.08745,2.380136006501418,6.480698820167502,0.08338,41.85669719871477,5.381152095812778,0.5696596698224912,6.930095347141026,16.874372457993278,4.7834405701417975,56.430931388833244,6.7151481099728265,16.518405495399957,6.745410870432795,2.0497861861548863,18.59337586550757,1.3370028790796047,48.915450270042584,40.336869856747555,0.40214,0.9433618630978511,0.09653,49.903729632749645,21.426252977845426,2.8522134061462827,329.14717390055154,1.8964560442498608
378,0.08745,2.380136006501418,6.480698820167502,0.08338,41.85669719871477,5.381152095812778,0.5696596698224912,6.930095347141026,16.874372457993278,4.7834405701417975,56.430931388833244,6.7151481099728265,16.518405495399957,6.745410870432795,2.0497861861548863,18.59337586550757,1.3370028790796047,48.915450270042584,40.336869856747555,0.40214,0.9433618630978511,0.09653,49.903729632749645,21.426252977845426,2.8522134061462827,329.14717390055154,1.8964560442498608
379,0.08745,2.380136006501418,6.480698820167502,0.08338,41.85669719871477,5.381152095812778,0.5696596698224912,6.930095347141026,16.874372457993278,4.7834405701417975,56.430931388833244,6.7151481099728265,16.518405495399957,6.745410870432795,2.0497861861548863,18.59337586550757,1.3370028790796047,48.915450270042584,40.336869856747555,0.40214,0.9433618630978511,0.09653,49.903729632749645,21.426252977845426,2.8522134061462827,329.14717390055154,1.8964560442498608
380,0.08745,2.380136006501418,6.480698820167502,0.08338,41.85669719871477,5.381152095812778,0.5696596698224912,6.930095347141026,16.874372457993278,4.7834405701417975,56.430931388833244,6.7151481099728265,16.518405495399957,6.745410870432795,2.0497861861548863,18.59337586550757,1.3370028790796047,48.915450270042584,40.336869856747555,0.40214,0.9433618630978511,0.09653,49.903729632749645,21.426252977845426,2.8522134061462827,329.14717390055154,1.8964560442498608
381,0.08745,2.380136006501418,6.480698820167502,0.08338,41.85669719871477,5.381152095812778,0.5696596698224912,6.930095347141026,16.874372457993278,4.7834405701417975,56.430931388833244,6.7151481099728265,16.518405495399957,6.745410870432795,2.0497861861548863,18.59337586550757,1.3370028790796047,48.915450270042584,40.336869856747555,0.40214,0.9433618630978511,0.09653,49.903729632749645,21.426252977845426,2.8522134061462827,329.14717390055154,1.8964560442498608
382,0.08745,2.380136006501418,6.480698820167502,0.08338,41.85669719871477,5.381152095812778,0.5696596698224912,6.930095347141026,16.874372457993278,4.7834405701417975,56.430931388833244,6.7151481099728265,16.518405495399957,6.745410870432795,2.0497861861548863,18.59337586550757,1.3370028790796047,48.915450270042584,40.336869856747555,0.40214,0.9433618630978511,0.09653,49.903729632749645,21.426252977845426,2.8522134061462827,329.14717390055154,1.8964560442498608
383,0.08745,2.380136006501418,6.480698820167502,0.08338,41.85669719871477,5.381152095812778,0.5696596698224912,6.930095347141026,16.874372457993278,4.7834405701417975,56.430931388833244,6.7151481099728265,16.518405495399957,6.745410870432795,2.0497861861548863,18.59337586550757,1.3370028790796047,48.915450270042584,40.336869856747555,0.40214,0.9433618630978511,0.09653,49.903729632749645,21.426252977845426,2.8522134061462827,329.14717390055154,1.8964560442498608
384,0.08745,2.380136006501418,6.480698820167502,0.08338,41.85669719871477,5.381152095812778,0.5696596698224912,6.930095347141026,16.874372457993278,4.7834405701417975,56.430931388833244,6.7151481099728265,16.518405495399957,6.745410870432795,2.0497861861548863,18.59337586550757,1.3370028790796047,48.915450270042584,40.336869856747555,0.40214,0.9433618630978511,0.09653,49.903729632749645,21.426252977845426,2.8522134061462827,329.14717390055154,1.8964560442498608
385,0.08745,2.380136006501418,6.480698820167502,0.08338,41.85669719871477,5.381152095812778,0.5696596698224912,6.930095347141026,16.874372457993278,4.7834405701417975,56.430931388833244,6.7151481099728265,16.518405495399957,6.745410870432795,2.0497861861548863,18.59337586550757,1.3370028790796047,48.915450270042584,40.336869856747555,0.40214,0.9433618630978511,0.09653,49.903729632749645,21.426252977845426,2.8522134061462827,329.14717390055154,1.8964560442498608
386,0.08745,2.380136006501418,6.480698820167502,0.08338,41.85669719871477,5.381152095812778,0.5696596698224912,6.930095347141026,16.874372457993278,4.7834405701417975,56.430931388833244,6.7151481099728265,16.518405495399957,6.745410870432795,2.0497861861548863,18.59337586550757,1.3370028790796047,48.915450270042584,40.336869856747555,0.40214,0.9433618630978511,0.09653,49.903729632749645,21.426252977845426,2.8522134061462827,329.14717390055154,1.8964560442498608
387,0.08745,2.380136006501418,6.480698820167502,0.08338,41.85669719871477,5.381152095812778,0.5696596698224912,6.930095347141026,16.874372457993278,4.7834405701417975,56.430931388833244,6.7151481099728265,16.518405495399957,6.745410870432795,2.0497861861548863,18.59337586550757,1.3370028790796047,48.915450270042584,40.336869856747555,0.40214,0.9433618630978511,0.09653,49.903729632749645,21.426252977845426,2.8522134061462827,329.14717390055154,1.8964560442498608
388,0.08745,2.380136006501418,6.480698820167502,0.08338,41.85669719871477,5.381152095812778,0.5696596698224912,6.930095347141026,16.874372457993278,4.7834405701417975,56.430931388833244,6.7151481099728265,16.518405495399957,6.745410870432795,2.0497861861548863,18.59337586550757,1.3370028790796047,48.915450270042584,40.336869856747555,0.40214,0.9433618630978511,0.09653,49.903729632749645,21.426252977845426,2.8522134061462827,329.14717390055154,1.8964560442498608
389,0.08745,2.380136006501418,6.480698820167502,0.08338,41.85669719871477,5.381152095812778,0.5696596698224912,6.930095347141026,16.874372457993278,4.7834405701417975,56.430931388833244,6.7151481099728265,16.518405495399957,6.745410870432795,2.0497861861548863,18.59337586550757,1.3370028790796047,48.915450270042584,40.336869856747555,0.40214,0.9433618630978511,0.09653,49.903729632749645,21.426252977845426,2.8522134061462827,329.14717390055154,1.8964560442498608
390,0.08745,2.380136006501418,6.480698820167502,0.08338,41.85669719871477,5.381152095812778,0.5696596698224912,6.930095347141026,16.874372457993278,4.7834405701417975,56.430931388833244,6.7151481099728265,16.518405495399957,6.745410870432795,2.0497861861548863,18.59337586550757,1.3370028790796047,48.915450270042584,40.336869856747555,0.40214,0.9433618630978511,0.09653,49.903729632749645,21.426252977845426,2.8522134061462827,329.14717390055154,1.8964560442498608
391,0.08745,2.380136006501418,6.480698820167502,0.08338,41.85669719871477,5.381152095812778,0.5696596698224912,6.930095347141026,16.874372457993278,4.7834405701417975,56.430931388833244,6.7151481099728265,16.518405495399957,6.745410870432795,2.0497861861548863,18.59337586550757,1.3370028790796047,48.915450270042584,40.336869856747555,0.40214,0.9433618630978511,0.09653,49.903729632749645,21.426252977845426,2.8522134061462827,329.14717390055154,1.8964560442498608
392,0.08745,2.380136006501418,6.480698820167502,0.08338,41.85669719871477,5.381152095812778,0.5696596698224912,6.930095347141026,16.874372457993278,4.7834405701417975,56.430931388833244,6.7151481099728265,16.518405495399957,6.745410870432795,2.0497861861548863,18.59337586550757,1.3370028790796047,48.915450270042584,40.336869856747555,0.40214,0.9433618630978511,0.09653,49.903729632749645,21.426252977845426,2.8522134061462827,329.14717390055154,1.8964560442498608
393,0.08745,2.380136006501418,6.480698820167502,0.08338,41.85669719871477,5.381152095812778,0.5696596698224912,6.930095347141026,16.874372457993278,4.7834405701417975,56.430931388833244,6.7151481099728265,16.518405495399957,6.745410870432795,2.0497861861548863,18.59337586550757,1.3370028790796047,48.915450270042584,40.336869856747555,0.40214,0.9433618630978511,0.09653,49.903729632749645,21.426252977845426,2.8522134061462827,329.14717390055154,1.8964560442498608
394,0.08745,2.380136006501418,6.480698820167502,0.08338,41.85669719871477,5.381152095812778,0.5696596698224912,6.930095347141026,16.874372457993278,4.7834405701417975,56.430931388833244,6.7151481099728265,16.518405495399957,6.745410870432795,2.0497861861548863,18.59337586550757,1.3370028790796047,48.915450270042584,40.336869856747555,0.40214,0.9433618630978511,0.09653,49.903729632749645,21.426252977845426,2.8522134061462827,329.14717390055154,1.8964560442498608
395,0.08745,2.380136006501418,6.480698820167502,0.08338,41.85669719871477,5.381152095812778,0.5696596698224912,6.930095347141026,16.874372457993278,4.7834405701417975,56.430931388833244,6.7151481099728265,16.518405495399957,6.745410870432795,2.0497861861548863,18.59337586550757,1.3370028790796047,48.915450270042584,40.336869856747555,0.40214,0.9433618630978511,0.09653,49.903729632749645,21.426252977845426,2.8522134061462827,329.14717390055154,1.8964560442498608
396,0.08745,2.380136006501418,6.480698820167502,0.08338,41.85669719871477,5.381152095812778,0.5696596698224912,6.930095347141026,16.874372457993278,4.7834405701417975,56.430931388833244,6.7151481099728265,16.518405495399957,6.745410870432795,2.0497861861548863,18.59337586550757,1.3370028790796047,48.915450270042584,40.336869856747555,0.40214,0.9433618630978511,0.09653,49.903729632749645,21.426252977845426,2.8522134061462827,329.14717390055154,1.8964560442498608
397,0.08745,2.380136006501418,6.480698820167502,0.08338,41.85669719871477,5.381152095812778,0.5696596698224912,6.930095347141026,16.874372457993278,4.7834405701417975,56.430931388833244,6.7151481099728265,16.518405495399957,6.745410870432795,2.0497861861548863,18.59337586550757,1.3370028790796047,48.915450270042584,40.336869856747555,0.40214,0.9433618630978511,0.09653,49.903729632749645,21.426252977845426,2.8522134061462827,329.14717390055154,1.8964560442498608
398,0.08745,2.380136006501418,6.480698820167502,0.08338,41.85669719871477,5.381152095812778,0.5696596698224912,6.930095347141026,16.874372457993278,4.7834405701417975,56.430931388833244,6.7151481099728265,16.518405495399957,6.745410870432795,2.0497861861548863,18.59337586550757,1.3370028790796047,48.915450270042584,40.336869856747555,0.40214,0.9433618630978511,0.09653,49.903729632749645,21.426252977845426,2.8522134061462827,329.14717390055154,1.8964560442498608
399,0.08745,2.380136006501418,6.480698820167502,0.08338,41.85669719871477,5.381152095812778,0.5696596698224912,6.930095347141026,16.874372457993278,4.7834405701417975,56.430931388833244,6.7151481099728265,16.518405495399957,6.745410870432795,2.0497861861548863,18.59337586550757,1.3370028790796047,48.915450270042584,40.336869856747555,0.40214,0.9433618630978511,0.09653,49.903729632749645,21.426252977845426,2.8522134061462827,329.14717390055154,1.8964560442498608
400,0.08745,2.380136006501418,6.480698820167502,0.08338,41.85669719871477,5.381152095812778,0.5696596698224912,6.930095347141026,16.874372457993278,4.7834405701417975,56.430931388833244,6.7151481099728265,16.518405495399957,6.745410870432795,2.0497861861548863,18.59337586550757,1.3370028790796047,48.915450270042584,40.336869856747555,0.40214,0.9433618630978511,0.09653,49.903729632749645,21.426252977845426,2.8522134061462827,329.14717390055154,1.8964560442498608
401,0.08745,2.380136006501418,6.480698820167502,0.08338,41.85669719871477,5.381152095812778,0.5696596698224912,6.930095347141026,16.874372457993278,4.7834405701417975,56.430931388833244,6.7151481099728265,16.518405495399957,6.745410870432795,2.0497861861548863,18.59337586550757,1.3370028790796047,48.915450270042584,40.336869856747555,0.40214,0.9433618630978511,0.09653,49.903729632749645,21.426252977845426,2.8522134061462827,329.14717390055154,1.8964560442498608
402,0.08745,2.380136006501418,6.480698820167502,0.08338,41.85669719871477,5.381152095812778,0.5696596698224912,6.930095347141026,16.874372457993278,4.7834405701417975,56.430931388833244,6.7151481099728265,16.518405495399957,6.745410870432795,2.0497861861548863,18.59337586550757,1.3370028790796047,48.915450270042584,40.336869856747555,0.40214,0.9433618630978511,0.09653,49.903729632749645,21.426252977845426,2.8522134061462827,329.14717390055154,1.8964560442498608
403,0.08745,2.380136006501418,6.480698820167502,0.08338,41.85669719871477,5.381152095812778,0.5696596698224912,6.930095347141026,16.874372457993278,4.7834405701417975,56.430931388833244,6.7151481099728265,16.518405495399957,6.745410870432795,2.0497861861548863,18.59337586550757,1.3370028790796047,48.915450270042584,40.336869856747555,0.40214,0.9433618630978511,0.09653,49.903729632749645,21.426252977845426,2.8522134061462827,329.14717390055154,1.8964560442498608
404,0.08745,2.380136006501418,6.480698820167502,0.08338,41.85669719871477,5.381152095812778,0.5696596698224912,6.930095347141026,16.874372457993278,4.7834405701417975,56.430931388833244,6.7151481099728265,16.518405495399957,6.745410870432795,2.0497861861548863,18.59337586550757,1.3370028790796047,48.915450270042584,40.336869856747555,0.40214,0.9433618630978511,0.09653,49.903729632749645,21.426252977845426,2.8522134061462827,329.14717390055154,1.8964560442498608
405,0.08745,2.380136006501418,6.480698820167502,0.08338,41.85669719871477,5.381152095812778,0.5696596698224912,6.930095347141026,16.874372457993278,4.7834405701417975,56.430931388833244,6.7151481099728265,16.518405495399957,6.745410870432795,2.0497861861548863,18.59337586550757,1.3370028790796047,48.915450270042584,40.336869856747555,0.40214,0.9433618630978511,0.09653,49.903729632749645,21.426252977845426,2.8522134061462827,329.14717390055154,1.8964560442498608
406,0.08745,2.380136006501418,6.480698820167502,0.08338,41.85669719871477,5.381152095812778,0.5696596698224912,6.930095347141026,16.874372457993278,4.7834405701417975,56.430931388833244,6.7151481099728265,16.518405495399957,6.745410870432795,2.0497861861548863,18.59337586550757,1.3370028790796047,48.915450270042584,40.336869856747555,0.40214,0.9433618630978511,0.09653,49.903729632749645,21.426252977845426,2.8522134061462827,329.14717390055154,1.8964560442498608
407,0.08745,2.380136006501418,6.480698820167502,0.08338,41.85669719871477,5.381152095812778,0.5696596698224912,6.930095347141026,16.874372457993278,4.7834405701417975,56.430931388833244,6.7151481099728265,16.518405495399957,6.745410870432795,2.0497861861548863,18.59337586550757,1.3370028790796047,48.915450270042584,40.336869856747555,0.40214,0.9433618630978511,0.09653,49.903729632749645,21.426252977845426,2.8522134061462827,329.14717390055154,1.8964560442498608
408,0.08745,2.380136006501418,6.480698820167502,0.08338,41.85669719871477,5.381152095812778,0.5696596698224912,6.930095347141026,16.874372457993278,4.7834405701417975,56.430931388833244,6.7151481099728265,16.518405495399957,6.745410870432795,2.0497861861548863,18.59337586550757,1.3370028790796047,48.915450270042584,40.336869856747555,0.40214,0.9433618630978511,0.09653,49.903729632749645,21.426252977845426,2.8522134061462827,329.14717390055154,1.8964560442498608
409,0.08745,2.380136006501418,6.480698820167502,0.08338,41.85669719871477,5.381152095812778,0.5696596698224912,6.930095347141026,16.874372457993278,4.7834405701417975,56.430931388833244,6.7151481099728265,16.518405495399957,6.745410870432795,2.0497861861548863,18.59337586550757,1.3370028790796047,48.915450270042584,40.336869856747555,0.40214,0.9433618630978511,0.09653,49.903729632749645,21.426252977845426,2.8522134061462827,329.14717390055154,1.8964560442498608
410,0.08745,2.380136006501418,6.480698820167502,0.08338,41.85669719871477,5.381152095812778,0.5696596698224912,6.930095347141026,16.874372457993278,4.7834405701417975,56.430931388833244,6.7151481099728265,16.518405495399957,6.745410870432795,2.0497861861548863,18.59337586550757,1.3370028790796047,48.915450270042584,40.336869856747555,0.40214,0.9433618630978511,0.09653,49.903729632749645,21.426252977845426,2.8522134061462827,329.14717390055154,1.8964560442498608
411,0.08745,2.380136006501418,6.480698820167502,0.08338,41.85669719871477,5.381152095812778,0.5696596698224912,6.930095347141026,16.874372457993278,4.7834405701417975,56.430931388833244,6.7151481099728265,16.518405495399957,6.745410870432795,2.0497861861548863,18.59337586550757,1.3370028790796047,48.915450270042584,40.336869856747555,0.40214,0.9433618630978511,0.09653,49.903729632749645,21.426252977845426,2.8522134061462827,329.14717390055154,1.8964560442498608
412,0.08745,2.380136006501418,6.480698820167502,0.08338,41.85669719871477,5.381152095812778,0.5696596698224912,6.930095347141026,16.874372457993278,4.7834405701417975,56.430931388833244,6.7151481099728265,16.518405495399957,6.745410870432795,2.0497861861548863,18.59337586550757,1.3370028790796047,48.915450270042584,40.336869856747555,0.40214,0.9433618630978511,0.09653,49.903729632749645,21.426252977845426,2.8522134061462827,329.14717390055154,1.8964560442498608
413,0.08745,2.380136006501418,6.480698820167502,0.08338,41.85669719871477,5.381152095812778,0.5696596698224912,6.930095347141026,16.874372457993278,4.7834405701417975,56.430931388833244,6.7151481099728265,16.518405495399957,6.745410870432795,2.0497861861548863,18.59337586550757,1.3370028790796047,48.915450270042584,40.336869856747555,0.40214,0.9433618630978511,0.09653,49.903729632749645,21.426252977845426,2.8522134061462827,329.14717390055154,1.8964560442498608
414,0.08745,2.380136006501418,6.480698820167502,0.08338,41.85669719871477,5.381152095812778,0.5696596698224912,6.930095347141026,16.874372457993278,4.7834405701417975,56.430931388833244,6.7151481099728265,16.518405495399957,6.745410870432795,2.0497861861548863,18.59337586550757,1.3370028790796047,48.915450270042584,40.336869856747555,0.40214,0.9433618630978511,0.09653,49.903729632749645,21.426252977845426,2.8522134061462827,329.14717390055154,1.8964560442498608
415,0.08745,2.380136006501418,6.480698820167502,0.08338,41.85669719871477,5.381152095812778,0.5696596698224912,6.930095347141026,16.874372457993278,4.7834405701417975,56.430931388833244,6.7151481099728265,16.518405495399957,6.745410870432795,2.0497861861548863,18.59337586550757,1.3370028790796047,48.915450270042584,40.336869856747555,0.40214,0.9433618630978511,0.09653,49.903729632749645,21.426252977845426,2.8522134061462827,329.14717390055154,1.8964560442498608
416,0.08745,2.380136006501418,6.480698820167502,0.08338,41.85669719871477,5.381152095812778,0.5696596698224912,6.930095347141026,16.874372457993278,4.7834405701417975,56.430931388833244,6.7151481099728265,16.518405495399957,6.745410870432795,2.0497861861548863,18.59337586550757,1.3370028790796047,48.915450270042584,40.336869856747555,0.40214,0.9433618630978511,0.09653,49.903729632749645,21.426252977845426,2.8522134061462827,329.14717390055154,1.8964560442498608
417,0.08745,2.380136006501418,6.480698820167502,0.08338,41.85669719871477,5.381152095812778,0.5696596698224912,6.930095347141026,16.874372457993278,4.7834405701417975,56.430931388833244,6.7151481099728265,16.518405495399957,6.745410870432795,2.0497861861548863,18.59337586550757,1.3370028790796047,48.915450270042584,40.336869856747555,0.40214,0.9433618630978511,0.09653,49.903729632749645,21.426252977845426,2.8522134061462827,329.14717390055154,1.8964560442498608
418,0.08745,2.380136006501418,6.480698820167502,0.08338,41.85669719871477,5.381152095812778,0.5696596698224912,6.930095347141026,16.874372457993278,4.7834405701417975,56.430931388833244,6.7151481099728265,16.518405495399957,6.745410870432795,2.0497861861548863,18.59337586550757,1.3370028790796047,48.915450270042584,40.336869856747555,0.40214,0.9433618630978511,0.09653,49.903729632749645,21.426252977845426,2.8522134061462827,329.14717390055154,1.8964560442498608
419,0.08745,2.380136006501418,6.480698820167502,0.08338,41.85669719871477,5.381152095812778,0.5696596698224912,6.930095347141026,16.874372457993278,4.7834405701417975,56.430931388833244,6.7151481099728265,16.518405495399957,6.745410870432795,2.0497861861548863,18.59337586550757,1.3370028790796047,48.915450270042584,40.336869856747555,0.40214,0.9433618630978511,0.09653,49.903729632749645,21.426252977845426,2.8522134061462827,329.14717390055154,1.8964560442498608
420,0.08745,2.380136006501418,6.480698820167502,0.08338,41.85669719871477,5.381152095812778,0.5696596698224912,6.930095347141026,16.874372457993278,4.7834405701417975,56.430931388833244,6.7151481099728265,16.518405495399957,6.745410870432795,2.0497861861548863,18.59337586550757,1.3370028790796047,48.915450270042584,40.336869856747555,0.40214,0.9433618630978511,0.09653,49.903729632749645,21.426252977845426,2.8522134061462827,329.14717390055154,1.8964560442498608
421,0.08745,2.380136006501418,6.480698820167502,0.08338,41.85669719871477,5.381152095812778,0.5696596698224912,6.930095347141026,16.874372457993278,4.7834405701417975,56.430931388833244,6.7151481099728265,16.518405495399957,6.745410870432795,2.0497861861548863,18.59337586550757,1.3370028790796047,48.915450270042584,40.336869856747555,0.40214,0.9433618630978511,0.09653,49.903729632749645,21.426252977845426,2.8522134061462827,329.14717390055154,1.8964560442498608
422,0.08745,2.380136006501418,6.480698820167502,0.08338,41.85669719871477,5.381152095812778,0.5696596698224912,6.930095347141026,16.874372457993278,4.7834405701417975,56.430931388833244,6.7151481099728265,16.518405495399957,6.745410870432795,2.0497861861548863,18.59337586550757,1.3370028790796047,48.915450270042584,40.336869856747555,0.40214,0.9433618630978511,0.09653,49.903729632749645,21.426252977845426,2.8522134061462827,329.14717390055154,1.8964560442498608
423,0.08745,2.380136006501418,6.480698820167502,0.08338,41.85669719871477,5.381152095812778,0.5696596698224912,6.930095347141026,16.874372457993278,4.7834405701417975,56.430931388833244,6.7151481099728265,16.518405495399957,6.745410870432795,2.0497861861548863,18.59337586550757,1.3370028790796047,48.915450270042584,40.336869856747555,0.40214,0.9433618630978511,0.09653,49.903729632749645,21.426252977845426,2.8522134061462827,329.14717390055154,1.8964560442498608
424,0.08745,2.380136006501418,6.480698820167502,0.08338,41.85669719871477,5.381152095812778,0.5696596698224912,6.930095347141026,16.874372457993278,4.7834405701417975,56.430931388833244,6.7151481099728265,16.518405495399957,6.745410870432795,2.0497861861548863,18.59337586550757,1.3370028790796047,48.915450270042584,40.336869856747555,0.40214,0.9433618630978511,0.09653,49.903729632749645,21.426252977845426,2.8522134061462827,329.14717390055154,1.8964560442498608
425,0.08745,2.380136006501418,6.480698820167502,0.08338,41.85669719871477,5.381152095812778,0.5696596698224912,6.930095347141026,16.874372457993278,4.7834405701417975,56.430931388833244,6.7151481099728265,16.518405495399957,6.745410870432795,2.0497861861548863,18.59337586550757,1.3370028790796047,48.915450270042584,40.336869856747555,0.40214,0.9433618630978511,0.09653,49.903729632749645,21.426252977845426,2.8522134061462827,329.14717390055154,1.8964560442498608
426,0.08745,2.380136006501418,6.480698820167502,0.08338,41.85669719871477,5.381152095812778,0.5696596698224912,6.930095347141026,16.874372457993278,4.7834405701417975,56.430931388833244,6.7151481099728265,16.518405495399957,6.745410870432795,2.0497861861548863,18.59337586550757,1.3370028790796047,48.915450270042584,40.336869856747555,0.40214,0.9433618630978511,0.09653,49.903729632749645,21.426252977845426,2.8522134061462827,329.14717390055154,1.8964560442498608
427,0.08745,2.380136006501418,6.480698820167502,0.08338,41.85669719871477,5.381152095812778,0.5696596698224912,6.930095347141026,16.874372457993278,4.7834405701417975,56.430931388833244,6.7151481099728265,16.518405495399957,6.745410870432795,2.0497861861548863,18.59337586550757,1.3370028790796047,48.915450270042584,40.336869856747555,0.40214,0.9433618630978511,0.09653,49.903729632749645,21.426252977845426,2.8522134061462827,329.14717390055154,1.8964560442498608
428,0.08745,2.380136006501418,6.480698820167502,0.08338,41.85669719871477,5.381152095812778,0.5696596698224912,6.930095347141026,16.874372457993278,4.7834405701417975,56.430931388833244,6.7151481099728265,16.518405495399957,6.745410870432795,2.0497861861548863,18.59337586550757,1.3370028790796047,48.915450270042584,40.336869856747555,0.40214,0.9433618630978511,0.09653,49.903729632749645,21.426252977845426,2.8522134061462827,329.14717390055154,1.8964560442498608
429,0.08745,2.380136006501418,6.480698820167502,0.08338,41.85669719871477,5.381152095812778,0.5696596698224912,6.930095347141026,16.874372457993278,4.7834405701417975,56.430931388833244,6.7151481099728265,16.518405495399957,6.745410870432795,2.0497861861548863,18.59337586550757,1.3370028790796047,48.915450270042584,40.336869856747555,0.40214,0.9433618630978511,0.09653,49.903729632749645,21.426252977845426,2.8522134061462827,329.14717390055154,1.8964560442498608
430,0.08745,2.380136006501418,6.480698820167502,0.08338,41.85669719871477,5.381152095812778,0.5696596698224912,6.930095347141026,16.874372457993278,4.7834405701417975,56.430931388833244,6.7151481099728265,16.518405495399957,6.745410870432795,2.0497861861548863,18.59337586550757,1.3370028790796047,48.915450270042584,40.336869856747555,0.40214,0.9433618630978511,0.09653,49.903729632749645,21.426252977845426,2.8522134061462827,329.14717390055154,1.8964560442498608
431,0.08745,2.380136006501418,6.480698820167502,0.08338,41.85669719871477,5.381152095812778,0.5696596698224912,6.930095347141026,16.874372457993278,4.7834405701417975,56.430931388833244,6.7151481099728265,16.518405495399957,6.745410870432795,2.0497861861548863,18.59337586550757,1.3370028790796047,48.915450270042584,40.336869856747555,0.40214,0.9433618630978511,0.09653,49.903729632749645,21.426252977845426,2.8522134061462827,329.14717390055154,1.8964560442498608
432,0.08745,2.380136006501418,6.480698820167502,0.08338,41.85669719871477,5.381152095812778,0.5696596698224912,6.930095347141026,16.874372457993278,4.7834405701417975,56.430931388833244,6.7151481099728265,16.518405495399957,6.745410870432795,2.0497861861548863,18.59337586550757,1.3370028790796047,48.915450270042584,40.336869856747555,0.40214,0.9433618630978511,0.09653,49.903729632749645,21.426252977845426,2.8522134061462827,329.14717390055154,1.8964560442498608
433,0.08745,2.380136006501418,6.480698820167502,0.08338,41.85669719871477,5.381152095812778,0.5696596698224912,6.930095347141026,16.874372457993278,4.7834405701417975,56.430931388833244,6.7151481099728265,16.518405495399957,6.745410870432795,2.0497861861548863,18.59337586550757,1.3370028790796047,48.915450270042584,40.336869856747555,0.40214,0.9433618630978511,0.09653,49.903729632749645,21.426252977845426,2.8522134061462827,329.14717390055154,1.8964560442498608
434,0.08745,2.380136006501418,6.480698820167502,0.08338,41.85669719871477,5.381152095812778,0.5696596698224912,6.930095347141026,16.874372457993278,4.7834405701417975,56.430931388833244,6.7151481099728265,16.518405495399957,6.745410870432795,2.0497861861548863,18.59337586550757,1.3370028790796047,48.915450270042584,40.336869856747555,0.40214,0.9433618630978511,0.09653,49.903729632749645,21.426252977845426,2.8522134061462827,329.14717390055154,1.8964560442498608
435,0.08745,2.380136006501418,6.480698820167502,0.08338,41.85669719871477,5.381152095812778,0.5696596698224912,6.930095347141026,16.874372457993278,4.7834405701417975,56.430931388833244,6.7151481099728265,16.518405495399957,6.745410870432795,2.0497861861548863,18.59337586550757,1.3370028790796047,48.915450270042584,40.336869856747555,0.40214,0.9433618630978511,0.09653,49.903729632749645,21.426252977845426,2.8522134061462827,329.14717390055154,1.8964560442498608
436,0.08745,2.380136006501418,6.480698820167502,0.08338,41.85669719871477,5.381152095812778,0.5696596698224912,6.930095347141026,16.874372457993278,4.7834405701417975,56.430931388833244,6.7151481099728265,16.518405495399957,6.745410870432795,2.0497861861548863,18.59337586550757,1.3370028790796047,48.915450270042584,40.336869856747555,0.40214,0.9433618630978511,0.09653,49.903729632749645,21.426252977845426,2.8522134061462827,329.14717390055154,1.8964560442498608
437,0.08745,2.380136006501418,6.480698820167502,0.08338,41.85669719871477,5.381152095812778,0.5696596698224912,6.930095347141026,16.874372457993278,4.7834405701417975,56.430931388833244,6.7151481099728265,16.518405495399957,6.745410870432795,2.0497861861548863,18.59337586550757,1.3370028790796047,48.915450270042584,40.336869856747555,0.40214,0.9433618630978511,0.09653,49.903729632749645,21.426252977845426,2.8522134061462827,329.14717390055154,1.8964560442498608
438,0.08745,2.380136006501418,6.480698820167502,0.08338,41.85669719871477,5.381152095812778,0.5696596698224912,6.930095347141026,16.874372457993278,4.7834405701417975,56.430931388833244,6.7151481099728265,16.518405495399957,6.745410870432795,2.0497861861548863,18.59337586550757,1.3370028790796047,48.915450270042584,40.336869856747555,0.40214,0.9433618630978511,0.09653,49.903729632749645,21.426252977845426,2.8522134061462827,329.14717390055154,1.8964560442498608
439,0.08745,2.380136006501418,6.480698820167502,0.08338,41.85669719871477,5.381152095812778,0.5696596698224912,6.930095347141026,16.874372457993278,4.7834405701417975,56.430931388833244,6.7151481099728265,16.518405495399957,6.745410870432795,2.0497861861548863,18.59337586550757,1.3370028790796047,48.915450270042584,40.336869856747555,0.40214,0.9433618630978511,0.09653,49.903729632749645,21.426252977845426,2.8522134061462827,329.14717390055154,1.8964560442498608
440,0.08745,2.380136006501418,6.480698820167502,0.08338,41.85669719871477,5.381152095812778,0.5696596698224912,6.930095347141026,16.874372457993278,4.7834405701417975,56.430931388833244,6.7151481099728265,16.518405495399957,6.745410870432795,2.0497861861548863,18.59337586550757,1.3370028790796047,48.915450270042584,40.336869856747555,0.40214,0.9433618630978511,0.09653,49.903729632749645,21.426252977845426,2.8522134061462827,329.14717390055154,1.8964560442498608
441,0.08745,2.380136006501418,6.480698820167502,0.08338,41.85669719871477,5.381152095812778,0.5696596698224912,6.930095347141026,16.874372457993278,4.7834405701417975,56.430931388833244,6.7151481099728265,16.518405495399957,6.745410870432795,2.0497861861548863,18.59337586550757,1.3370028790796047,48.915450270042584,40.336869856747555,0.40214,0.9433618630978511,0.09653,49.903729632749645,21.426252977845426,2.8522134061462827,329.14717390055154,1.8964560442498608
442,0.08745,2.380136006501418,6.480698820167502,0.08338,41.85669719871477,5.381152095812778,0.5696596698224912,6.930095347141026,16.874372457993278,4.7834405701417975,56.430931388833244,6.7151481099728265,16.518405495399957,6.745410870432795,2.0497861861548863,18.59337586550757,1.3370028790796047,48.915450270042584,40.336869856747555,0.40214,0.9433618630978511,0.09653,49.903729632749645,21.426252977845426,2.8522134061462827,329.14717390055154,1.8964560442498608
443,0.08745,2.380136006501418,6.480698820167502,0.08338,41.85669719871477,5.381152095812778,0.5696596698224912,6.930095347141026,16.874372457993278,4.7834405701417975,56.430931388833244,6.7151481099728265,16.518405495399957,6.745410870432795,2.0497861861548863,18.59337586550757,1.3370028790796047,48.915450270042584,40.336869856747555,0.40214,0.9433618630978511,0.09653,49.903729632749645,21.426252977845426,2.8522134061462827,329.14717390055154,1.8964560442498608
444,0.08745,2.380136006501418,6.480698820167502,0.08338,41.85669719871477,5.381152095812778,0.5696596698224912,6.930095347141026,16.874372457993278,4.7834405701417975,56.430931388833244,6.7151481099728265,16.518405495399957,6.745410870432795,2.0497861861548863,18.59337586550757,1.3370028790796047,48.915450270042584,40.336869856747555,0.40214,0.9433618630978511,0.09653,49.903729632749645,21.426252977845426,2.8522134061462827,329.14717390055154,1.8964560442498608
445,0.08745,2.380136006501418,6.480698820167502,0.08338,41.85669719871477,5.381152095812778,0.5696596698224912,6.930095347141026,16.874372457993278,4.7834405701417975,56.430931388833244,6.7151481099728265,16.518405495399957,6.745410870432795,2.0497861861548863,18.59337586550757,1.3370028790796047,48.915450270042584,40.336869856747555,0.40214,0.9433618630978511,0.09653,49.903729632749645,21.426252977845426,2.8522134061462827,329.14717390055154,1.8964560442498608
446,0.08745,2.380136006501418,6.480698820167502,0.08338,41.85669719871477,5.381152095812778,0.5696596698224912,6.930095347141026,16.874372457993278,4.7834405701417975,56.430931388833244,6.7151481099728265,16.518405495399957,6.745410870432795,2.0497861861548863,18.59337586550757,1.3370028790796047,48.915450270042584,40.336869856747555,0.40214,0.9433618630978511,0.09653,49.903729632749645,21.426252977845426,2.8522134061462827,329.14717390055154,1.8964560442498608
447,0.08745,2.380136006501418,6.480698820167502,0.08338,41.85669719871477,5.381152095812778,0.5696596698224912,6.930095347141026,16.874372457993278,4.7834405701417975,56.430931388833244,6.7151481099728265,16.518405495399957,6.745410870432795,2.0497861861548863,18.59337586550757,1.3370028790796047,48.915450270042584,40.336869856747555,0.40214,0.9433618630978511,0.09653,49.903729632749645,21.426252977845426,2.8522134061462827,329.14717390055154,1.8964560442498608
448,0.08745,2.380136006501418,6.480698820167502,0.08338,41.85669719871477,5.381152095812778,0.5696596698224912,6.930095347141026,16.874372457993278,4.7834405701417975,56.430931388833244,6.7151481099728265,16.518405495399957,6.745410870432795,2.0497861861548863,18.59337586550757,1.3370028790796047,48.915450270042584,40.336869856747555,0.40214,0.9433618630978511,0.09653,49.903729632749645,21.426252977845426,2.8522134061462827,329.14717390055154,1.8964560442498608
449,0.08745,2.380136006501418,6.480698820167502,0.08338,41.85669719871477,5.381152095812778,0.5696596698224912,6.930095347141026,16.874372457993278,4.7834405701417975,56.430931388833244,6.7151481099728265,16.518405495399957,6.745410870432795,2.0497861861548863,18.59337586550757,1.3370028790796047,48.915450270042584,40.336869856747555,0.40214,0.9433618630978511,0.09653,49.903729632749645,21.426252977845426,2.8522134061462827,329.14717390055154,1.8964560442498608
450,0.08745,2.380136006501418,6.480698820167502,0.08338,41.85669719871477,5.381152095812778,0.5696596698224912,6.930095347141026,16.874372457993278,4.7834405701417975,56.430931388833244,6.7151481099728265,16.518405495399957,6.745410870432795,2.0497861861548863,18.59337586550757,1.3370028790796047,48.915450270042584,40.336869856747555,0.40214,0.9433618630978511,0.09653,49.903729632749645,21.426252977845426,2.8522134061462827,329.14717390055154,1.8964560442498608
451,0.08745,2.380136006501418,6.480698820167502,0.08338,41.85669719871477,5.381152095812778,0.5696596698224912,6.930095347141026,16.874372457993278,4.7834405701417975,56.430931388833244,6.7151481099728265,16.518405495399957,6.745410870432795,2.0497861861548863,18.59337586550757,1.3370028790796047,48.915450270042584,40.336869856747555,0.40214,0.9433618630978511,0.09653,49.903729632749645,21.426252977845426,2.8522134061462827,329.14717390055154,1.8964560442498608
452,0.08745,2.380136006501418,6.480698820167502,0.08338,41.85669719871477,5.381152095812778,0.5696596698224912,6.930095347141026,16.874372457993278,4.7834405701417975,56.430931388833244,6.7151481099728265,16.518405495399957,6.745410870432795,2.0497861861548863,18.59337586550757,1.3370028790796047,48.915450270042584,40.336869856747555,0.40214,0.9433618630978511,0.09653,49.903729632749645,21.426252977845426,2.8522134061462827,329.14717390055154,1.8964560442498608
453,0.08745,2.380136006501418,6.480698820167502,0.08338,41.85669719871477,5.381152095812778,0.5696596698224912,6.930095347141026,16.874372457993278,4.7834405701417975,56.430931388833244,6.7151481099728265,16.518405495399957,6.745410870432795,2.0497861861548863,18.59337586550757,1.3370028790796047,48.915450270042584,40.336869856747555,0.40214,0.9433618630978511,0.09653,49.903729632749645,21.426252977845426,2.8522134061462827,329.14717390055154,1.8964560442498608
454,0.08745,2.380136006501418,6.480698820167502,0.08338,41.85669719871477,5.381152095812778,0.5696596698224912,6.930095347141026,16.874372457993278,4.7834405701417975,56.430931388833244,6.7151481099728265,16.518405495399957,6.745410870432795,2.0497861861548863,18.59337586550757,1.3370028790796047,48.915450270042584,40.336869856747555,0.40214,0.9433618630978511,0.09653,49.903729632749645,21.426252977845426,2.8522134061462827,329.14717390055154,1.8964560442498608
455,0.08745,2.380136006501418,6.480698820167502,0.08338,41.85669719871477,5.381152095812778,0.5696596698224912,6.930095347141026,16.874372457993278,4.7834405701417975,56.430931388833244,6.7151481099728265,16.518405495399957,6.745410870432795,2.0497861861548863,18.59337586550757,1.3370028790796047,48.915450270042584,40.336869856747555,0.40214,0.9433618630978511,0.09653,49.903729632749645,21.426252977845426,2.8522134061462827,329.14717390055154,1.8964560442498608
456,0.08745,2.380136006501418,6.480698820167502,0.08338,41.85669719871477,5.381152095812778,0.5696596698224912,6.930095347141026,16.874372457993278,4.7834405701417975,56.430931388833244,6.7151481099728265,16.518405495399957,6.745410870432795,2.0497861861548863,18.59337586550757,1.3370028790796047,48.915450270042584,40.336869856747555,0.40214,0.9433618630978511,0.09653,49.903729632749645,21.426252977845426,2.8522134061462827,329.14717390055154,1.8964560442498608
457,0.08745,2.380136006501418,6.480698820167502,0.08338,41.85669719871477,5.381152095812778,0.5696596698224912,6.930095347141026,16.874372457993278,4.7834405701417975,56.430931388833244,6.7151481099728265,16.518405495399957,6.745410870432795,2.0497861861548863,18.59337586550757,1.3370028790796047,48.915450270042584,40.336869856747555,0.40214,0.9433618630978511,0.09653,49.903729632749645,21.426252977845426,2.8522134061462827,329.14717390055154,1.8964560442498608
458,0.08745,2.380136006501418,6.480698820167502,0.08338,41.85669719871477,5.381152095812778,0.5696596698224912,6.930095347141026,16.874372457993278,4.7834405701417975,56.430931388833244,6.7151481099728265,16.518405495399957,6.745410870432795,2.0497861861548863,18.59337586550757,1.3370028790796047,48.915450270042584,40.336869856747555,0.40214,0.9433618630978511,0.09653,49.903729632749645,21.426252977845426,2.8522134061462827,329.14717390055154,1.8964560442498608
459,0.08745,2.380136006501418,6.480698820167502,0.08338,41.85669719871477,5.381152095812778,0.5696596698224912,6.930095347141026,16.874372457993278,4.7834405701417975,56.430931388833244,6.7151481099728265,16.518405495399957,6.745410870432795,2.0497861861548863,18.59337586550757,1.3370028790796047,48.915450270042584,40.336869856747555,0.40214,0.9433618630978511,0.09653,49.903729632749645,21.426252977845426,2.8522134061462827,329.14717390055154,1.8964560442498608
460,0.08745,2.380136006501418,6.480698820167502,0.08338,41.85669719871477,5.381152095812778,0.5696596698224912,6.930095347141026,16.874372457993278,4.7834405701417975,56.430931388833244,6.7151481099728265,16.518405495399957,6.745410870432795,2.0497861861548863,18.59337586550757,1.3370028790796047,48.915450270042584,40.336869856747555,0.40214,0.9433618630978511,0.09653,49.903729632749645,21.426252977845426,2.8522134061462827,329.14717390055154,1.8964560442498608
461,0.08745,2.380136006501418,6.480698820167502,0.08338,41.85669719871477,5.381152095812778,0.5696596698224912,6.930095347141026,16.874372457993278,4.7834405701417975,56.430931388833244,6.7151481099728265,16.518405495399957,6.745410870432795,2.0497861861548863,18.59337586550757,1.3370028790796047,48.915450270042584,40.336869856747555,0.40214,0.9433618630978511,0.09653,49.903729632749645,21.426252977845426,2.8522134061462827,329.14717390055154,1.8964560442498608
462,0.08745,2.380136006501418,6.480698820167502,0.08338,41.85669719871477,5.381152095812778,0.5696596698224912,6.930095347141026,16.874372457993278,4.7834405701417975,56.430931388833244,6.7151481099728265,16.518405495399957,6.745410870432795,2.0497861861548863,18.59337586550757,1.3370028790796047,48.915450270042584,40.336869856747555,0.40214,0.9433618630978511,0.09653,49.903729632749645,21.426252977845426,2.8522134061462827,329.14717390055154,1.8964560442498608
463,0.08745,2.380136006501418,6.480698820167502,0.08338,41.85669719871477,5.381152095812778,0.5696596698224912,6.930095347141026,16.874372457993278,4.7834405701417975,56.430931388833244,6.7151481099728265,16.518405495399957,6.745410870432795,2.0497861861548863,18.59337586550757,1.3370028790796047,48.915450270042584,40.336869856747555,0.40214,0.9433618630978511,0.09653,49.903729632749645,21.426252977845426,2.8522134061462827,329.14717390055154,1.8964560442498608
464,0.08745,2.380136006501418,6.480698820167502,0.08338,41.85669719871477,5.381152095812778,0.5696596698224912,6.930095347141026,16.874372457993278,4.7834405701417975,56.430931388833244,6.7151481099728265,16.518405495399957,6.745410870432795,2.0497861861548863,18.59337586550757,1.3370028790796047,48.915450270042584,40.336869856747555,0.40214,0.9433618630978511,0.09653,49.903729632749645,21.426252977845426,2.8522134061462827,329.14717390055154,1.8964560442498608
465,0.08745,2.380136006501418,6.480698820167502,0.08338,41.85669719871477,5.381152095812778,0.5696596698224912,6.930095347141026,16.874372457993278,4.7834405701417975,56.430931388833244,6.7151481099728265,16.518405495399957,6.745410870432795,2.0497861861548863,18.59337586550757,1.3370028790796047,48.915450270042584,40.336869856747555,0.40214,0.9433618630978511,0.09653,49.903729632749645,21.426252977845426,2.8522134061462827,329.14717390055154,1.8964560442498608
466,0.08745,2.380136006501418,6.480698820167502,0.08338,41.85669719871477,5.381152095812778,0.5696596698224912,6.930095347141026,16.874372457993278,4.7834405701417975,56.430931388833244,6.7151481099728265,16.518405495399957,6.745410870432795,2.0497861861548863,18.59337586550757,1.3370028790796047,48.915450270042584,40.336869856747555,0.40214,0.9433618630978511,0.09653,49.903729632749645,21.426252977845426,2.8522134061462827,329.14717390055154,1.8964560442498608
467,0.08745,2.380136006501418,6.480698820167502,0.08338,41.85669719871477,5.381152095812778,0.5696596698224912,6.930095347141026,16.874372457993278,4.7834405701417975,56.430931388833244,6.7151481099728265,16.518405495399957,6.745410870432795,2.0497861861548863,18.59337586550757,1.3370028790796047,48.915450270042584,40.336869856747555,0.40214,0.9433618630978511,0.09653,49.903729632749645,21.426252977845426,2.8522134061462827,329.14717390055154,1.8964560442498608
468,0.08745,2.380136006501418,6.480698820167502,0.08338,41.85669719871477,5.381152095812778,0.5696596698224912,6.930095347141026,16.874372457993278,4.7834405701417975,56.430931388833244,6.7151481099728265,16.518405495399957,6.745410870432795,2.0497861861548863,18.59337586550757,1.3370028790796047,48.915450270042584,40.336869856747555,0.40214,0.9433618630978511,0.09653,49.903729632749645,21.426252977845426,2.8522134061462827,329.14717390055154,1.8964560442498608
469,0.08745,2.380136006501418,6.480698820167502,0.08338,41.85669719871477,5.381152095812778,0.5696596698224912,6.930095347141026,16.874372457993278,4.7834405701417975,56.430931388833244,6.7151481099728265,16.518405495399957,6.745410870432795,2.0497861861548863,18.59337586550757,1.3370028790796047,48.915450270042584,40.336869856747555,0.40214,0.9433618630978511,0.09653,49.903729632749645,21.426252977845426,2.8522134061462827,329.14717390055154,1.8964560442498608
470,0.08745,2.380136006501418,6.480698820167502,0.08338,41.85669719871477,5.381152095812778,0.5696596698224912,6.930095347141026,16.874372457993278,4.7834405701417975,56.430931388833244,6.7151481099728265,16.518405495399957,6.745410870432795,2.0497861861548863,18.59337586550757,1.3370028790796047,48.915450270042584,40.336869856747555,0.40214,0.9433618630978511,0.09653,49.903729632749645,21.426252977845426,2.8522134061462827,329.14717390055154,1.8964560442498608
471,0.08745,2.380136006501418,6.480698820167502,0.08338,41.85669719871477,5.381152095812778,0.5696596698224912,6.930095347141026,16.874372457993278,4.7834405701417975,56.430931388833244,6.7151481099728265,16.518405495399957,6.745410870432795,2.0497861861548863,18.59337586550757,1.3370028790796047,48.915450270042584,40.336869856747555,0.40214,0.9433618630978511,0.09653,49.903729632749645,21.426252977845426,2.8522134061462827,329.14717390055154,1.8964560442498608
472,0.08745,2.380136006501418,6.480698820167502,0.08338,41.85669719871477,5.381152095812778,0.5696596698224912,6.930095347141026,16.874372457993278,4.7834405701417975,56.430931388833244,6.7151481099728265,16.518405495399957,6.745410870432795,2.0497861861548863,18.59337586550757,1.3370028790796047,48.915450270042584,40.336869856747555,0.40214,0.9433618630978511,0.09653,49.903729632749645,21.426252977845426,2.8522134061462827,329.14717390055154,1.8964560442498608
473,0.08745,2.380136006501418,6.480698820167502,0.08338,41.85669719871477,5.381152095812778,0.5696596698224912,6.930095347141026,16.874372457993278,4.7834405701417975,56.430931388833244,6.7151481099728265,16.518405495399957,6.745410870432795,2.0497861861548863,18.59337586550757,1.3370028790796047,48.915450270042584,40.336869856747555,0.40214,0.9433618630978511,0.09653,49.903729632749645,21.426252977845426,2.8522134061462827,329.14717390055154,1.8964560442498608
474,0.08745,2.380136006501418,6.480698820167502,0.08338,41.85669719871477,5.381152095812778,0.5696596698224912,6.930095347141026,16.874372457993278,4.7834405701417975,56.430931388833244,6.7151481099728265,16.518405495399957,6.745410870432795,2.0497861861548863,18.59337586550757,1.3370028790796047,48.915450270042584,40.336869856747555,0.40214,0.9433618630978511,0.09653,49.903729632749645,21.426252977845426,2.8522134061462827,329.14717390055154,1.8964560442498608
475,0.08745,2.380136006501418,6.480698820167502,0.08338,41.85669719871477,5.381152095812778,0.5696596698224912,6.930095347141026,16.874372457993278,4.7834405701417975,56.430931388833244,6.7151481099728265,16.518405495399957,6.745410870432795,2.0497861861548863,18.59337586550757,1.3370028790796047,48.915450270042584,40.336869856747555,0.40214,0.9433618630978511,0.09653,49.903729632749645,21.426252977845426,2.8522134061462827,329.14717390055154,1.8964560442498608
476,0.08745,2.380136006501418,6.480698820167502,0.08338,41.85669719871477,5.381152095812778,0.5696596698224912,6.930095347141026,16.874372457993278,4.7834405701417975,56.430931388833244,6.7151481099728265,16.518405495399957,6.745410870432795,2.0497861861548863,18.59337586550757,1.3370028790796047,48.915450270042584,40.336869856747555,0.40214,0.9433618630978511,0.09653,49.903729632749645,21.426252977845426,2.8522134061462827,329.14717390055154,1.8964560442498608
477,0.08745,2.380136006501418,6.480698820167502,0.08338,41.85669719871477,5.381152095812778,0.5696596698224912,6.930095347141026,16.874372457993278,4.7834405701417975,56.430931388833244,6.7151481099728265,16.518405495399957,6.745410870432795,2.0497861861548863,18.59337586550757,1.3370028790796047,48.915450270042584,40.336869856747555,0.40214,0.9433618630978511,0.09653,49.903729632749645,21.426252977845426,2.8522134061462827,329.14717390055154,1.8964560442498608
478,0.08745,2.380136006501418,6.480698820167502,0.08338,41.85669719871477,5.381152095812778,0.5696596698224912,6.930095347141026,16.874372457993278,4.7834405701417975,56.430931388833244,6.7151481099728265,16.518405495399957,6.745410870432795,2.0497861861548863,18.59337586550757,1.3370028790796047,48.915450270042584,40.336869856747555,0.40214,0.9433618630978511,0.09653,49.903729632749645,21.426252977845426,2.8522134061462827,329.14717390055154,1.8964560442498608
479,0.08745,2.380136006501418,6.480698820167502,0.08338,41.85669719871477,5.381152095812778,0.5696596698224912,6.930095347141026,16.874372457993278,4.7834405701417975,56.430931388833244,6.7151481099728265,16.518405495399957,6.745410870432795,2.0497861861548863,18.59337586550757,1.3370028790796047,48.915450270042584,40.336869856747555,0.40214,0.9433618630978511,0.09653,49.903729632749645,21.426252977845426,2.8522134061462827,329.14717390055154,1.8964560442498608
480,0.08745,2.380136006501418,6.480698820167502,0.08338,41.85669719871477,5.381152095812778,0.5696596698224912,6.930095347141026,16.874372457993278,4.7834405701417975,56.430931388833244,6.7151481099728265,16.518405495399957,6.745410870432795,2.0497861861548863,18.59337586550757,1.3370028790796047,48.915450270042584,40.336869856747555,0.40214,0.9433618630978511,0.09653,49.903729632749645,21.426252977845426,2.8522134061462827,329.14717390055154,1.8964560442498608
481,0.08745,2.380136006501418,6.480698820167502,0.08338,41.85669719871477,5.381152095812778,0.5696596698224912,6.930095347141026,16.874372457993278,4.7834405701417975,56.430931388833244,6.7151481099728265,16.518405495399957,6.745410870432795,2.0497861861548863,18.59337586550757,1.3370028790796047,48.915450270042584,40.336869856747555,0.40214,0.9433618630978511,0.09653,49.903729632749645,21.426252977845426,2.8522134061462827,329.14717390055154,1.8964560442498608
482,0.08745,2.380136006501418,6.480698820167502,0.08338,41.85669719871477,5.381152095812778,0.5696596698224912,6.930095347141026,16.874372457993278,4.7834405701417975,56.430931388833244,6.7151481099728265,16.518405495399957,6.745410870432795,2.0497861861548863,18.59337586550757,1.3370028790796047,48.915450270042584,40.336869856747555,0.40214,0.9433618630978511,0.09653,49.903729632749645,21.426252977845426,2.8522134061462827,329.14717390055154,1.8964560442498608
483,0.08745,2.380136006501418,6.480698820167502,0.08338,41.85669719871477,5.381152095812778,0.5696596698224912,6.930095347141026,16.874372457993278,4.7834405701417975,56.430931388833244,6.7151481099728265,16.518405495399957,6.745410870432795,2.0497861861548863,18.59337586550757,1.3370028790796047,48.915450270042584,40.336869856747555,0.40214,0.9433618630978511,0.09653,49.903729632749645,21.426252977845426,2.8522134061462827,329.14717390055154,1.8964560442498608
484,0.08745,2.380136006501418,6.480698820167502,0.08338,41.85669719871477,5.381152095812778,0.5696596698224912,6.930095347141026,16.874372457993278,4.7834405701417975,56.430931388833244,6.7151481099728265,16.518405495399957,6.745410870432795,2.0497861861548863,18.59337586550757,1.3370028790796047,48.915450270042584,40.336869856747555,0.40214,0.9433618630978511,0.09653,49.903729632749645,21.426252977845426,2.8522134061462827,329.14717390055154,1.8964560442498608
485,0.08745,2.380136006501418,6.480698820167502,0.08338,41.85669719871477,5.381152095812778,0.5696596698224912,6.930095347141026,16.874372457993278,4.7834405701417975,56.430931388833244,6.7151481099728265,16.518405495399957,6.745410870432795,2.0497861861548863,18.59337586550757,1.3370028790796047,48.915450270042584,40.336869856747555,0.40214,0.9433618630978511,0.09653,49.903729632749645,21.426252977845426,2.8522134061462827,329.14717390055154,1.8964560442498608
486,0.08745,2.380136006501418,6.480698820167502,0.08338,41.85669719871477,5.381152095812778,0.5696596698224912,6.930095347141026,16.874372457993278,4.7834405701417975,56.430931388833244,6.7151481099728265,16.518405495399957,6.745410870432795,2.0497861861548863,18.59337586550757,1.3370028790796047,48.915450270042584,40.336869856747555,0.40214,0.9433618630978511,0.09653,49.903729632749645,21.426252977845426,2.8522134061462827,329.14717390055154,1.8964560442498608
487,0.08745,2.380136006501418,6.480698820167502,0.08338,41.85669719871477,5.381152095812778,0.5696596698224912,6.930095347141026,16.874372457993278,4.7834405701417975,56.430931388833244,6.7151481099728265,16.518405495399957,6.745410870432795,2.0497861861548863,18.59337586550757,1.3370028790796047,48.915450270042584,40.336869856747555,0.40214,0.9433618630978511,0.09653,49.903729632749645,21.426252977845426,2.8522134061462827,329.14717390055154,1.8964560442498608
488,0.08745,2.380136006501418,6.480698820167502,0.08338,41.85669719871477,5.381152095812778,0.5696596698224912,6.930095347141026,16.874372457993278,4.7834405701417975,56.430931388833244,6.7151481099728265,16.518405495399957,6.745410870432795,2.0497861861548863,18.59337586550757,1.3370028790796047,48.915450270042584,40.336869856747555,0.40214,0.9433618630978511,0.09653,49.903729632749645,21.426252977845426,2.8522134061462827,329.14717390055154,1.8964560442498608
489,0.08745,2.380136006501418,6.480698820167502,0.08338,41.85669719871477,5.381152095812778,0.5696596698224912,6.930095347141026,16.874372457993278,4.7834405701417975,56.430931388833244,6.7151481099728265,16.518405495399957,6.745410870432795,2.0497861861548863,18.59337586550757,1.3370028790796047,48.915450270042584,40.336869856747555,0.40214,0.9433618630978511,0.09653,49.903729632749645,21.426252977845426,2.8522134061462827,329.14717390055154,1.8964560442498608
490,0.08745,2.380136006501418,6.480698820167502,0.08338,41.85669719871477,5.381152095812778,0.5696596698224912,6.930095347141026,16.874372457993278,4.7834405701417975,56.430931388833244,6.7151481099728265,16.518405495399957,6.745410870432795,2.0497861861548863,18.59337586550757,1.3370028790796047,48.915450270042584,40.336869856747555,0.40214,0.9433618630978511,0.09653,49.903729632749645,21.426252977845426,2.8522134061462827,329.14717390055154,1.8964560442498608
491,0.08745,2.380136006501418,6.480698820167502,0.08338,41.85669719871477,5.381152095812778,0.5696596698224912,6.930095347141026,16.874372457993278,4.7834405701417975,56.430931388833244,6.7151481099728265,16.518405495399957,6.745410870432795,2.0497861861548863,18.59337586550757,1.3370028790796047,48.915450270042584,40.336869856747555,0.40214,0.9433618630978511,0.09653,49.903729632749645,21.426252977845426,2.8522134061462827,329.14717390055154,1.8964560442498608
492,0.08745,2.380136006501418,6.480698820167502,0.08338,41.85669719871477,5.381152095812778,0.5696596698224912,6.930095347141026,16.874372457993278,4.7834405701417975,56.430931388833244,6.7151481099728265,16.518405495399957,6.745410870432795,2.0497861861548863,18.59337586550757,1.3370028790796047,48.915450270042584,40.336869856747555,0.40214,0.9433618630978511,0.09653,49.903729632749645,21.426252977845426,2.8522134061462827,329.14717390055154,1.8964560442498608
493,0.08745,2.380136006501418,6.480698820167502,0.08338,41.85669719871477,5.381152095812778,0.5696596698224912,6.930095347141026,16.874372457993278,4.7834405701417975,56.430931388833244,6.7151481099728265,16.518405495399957,6.745410870432795,2.0497861861548863,18.59337586550757,1.3370028790796047,48.915450270042584,40.336869856747555,0.40214,0.9433618630978511,0.09653,49.903729632749645,21.426252977845426,2.8522134061462827,329.14717390055154,1.8964560442498608
494,0.08745,2.380136006501418,6.480698820167502,0.08338,41.85669719871477,5.381152095812778,0.5696596698224912,6.930095347141026,16.874372457993278,4.7834405701417975,56.430931388833244,6.7151481099728265,16.518405495399957,6.745410870432795,2.0497861861548863,18.59337586550757,1.3370028790796047,48.915450270042584,40.336869856747555,0.40214,0.9433618630978511,0.09653,49.903729632749645,21.426252977845426,2.8522134061462827,329.14717390055154,1.8964560442498608
495,0.08745,2.380136006501418,6.480698820167502,0.08338,41.85669719871477,5.381152095812778,0.5696596698224912,6.930095347141026,16.874372457993278,4.7834405701417975,56.430931388833244,6.7151481099728265,16.518405495399957,6.745410870432795,2.0497861861548863,18.59337586550757,1.3370028790796047,48.915450270042584,40.336869856747555,0.40214,0.9433618630978511,0.09653,49.903729632749645,21.426252977845426,2.8522134061462827,329.14717390055154,1.8964560442498608
496,0.08745,2.380136006501418,6.480698820167502,0.08338,41.85669719871477,5.381152095812778,0.5696596698224912,6.930095347141026,16.874372457993278,4.7834405701417975,56.430931388833244,6.7151481099728265,16.518405495399957,6.745410870432795,2.0497861861548863,18.59337586550757,1.3370028790796047,48.915450270042584,40.336869856747555,0.40214,0.9433618630978511,0.09653,49.903729632749645,21.426252977845426,2.8522134061462827,329.14717390055154,1.8964560442498608
497,0.08745,2.380136006501418,6.480698820167502,0.08338,41.85669719871477,5.381152095812778,0.5696596698224912,6.930095347141026,16.874372457993278,4.7834405701417975,56.430931388833244,6.7151481099728265,16.518405495399957,6.745410870432795,2.0497861861548863,18.59337586550757,1.3370028790796047,48.915450270042584,40.336869856747555,0.40214,0.9433618630978511,0.09653,49.903729632749645,21.426252977845426,2.8522134061462827,329.14717390055154,1.8964560442498608
498,0.08745,2.380136006501418,6.480698820167502,0.08338,41.85669719871477,5.381152095812778,0.5696596698224912,6.930095347141026,16.874372457993278,4.7834405701417975,56.430931388833244,6.7151481099728265,16.518405495399957,6.745410870432795,2.0497861861548863,18.59337586550757,1.3370028790796047,48.915450270042584,40.336869856747555,0.40214,0.9433618630978511,0.09653,49.903729632749645,21.426252977845426,2.8522134061462827,329.14717390055154,1.8964560442498608
499,0.08745,2.380136006501418,6.480698820167502,0.08338,41.85669719871477,5.381152095812778,0.5696596698224912,6.930095347141026,16.874372457993278,4.7834405701417975,56.430931388833244,6.7151481099728265,16.518405495399957,6.745410870432795,2.0497861861548863,18.59337586550757,1.3370028790796047,48.915450270042584,40.336869856747555,0.40214,0.9433618630978511,0.09653,49.903729632749645,21.426252977845426,2.8522134061462827,329.14717390055154,1.8964560442498608
500,0.08745,2.380136006501418,6.480698820167502,0.08338,41.85669719871477,5.381152095812778,0.5696596698224912,6.930095347141026,16.874372457993278,4.7834405701417975,56.430931388833244,6.7151481099728265,16.518405495399957,6.745410870432795,2.0497861861548863,18.59337586550757,1.3370028790796047,48.915450270042584,40.336869856747555,0.40214,0.9433618630978511,0.09653,49.903729632749645,21.426252977845426,2.8522134061462827,329.14717390055154,1.8964560442498608
501,0.08745,2.380136006501418,6.480698820167502,0.08338,41.85669719871477,5.381152095812778,0.5696596698224912,6.930095347141026,16.874372457993278,4.7834405701417975,56.430931388833244,6.7151481099728265,16.518405495399957,6.745410870432795,2.0497861861548863,18.59337586550757,1.3370028790796047,48.915450270042584,40.336869856747555,0.40214,0.9433618630978511,0.09653,49.903729632749645,21.426252977845426,2.8522134061462827,329.14717390055154,1.8964560442498608
502,0.08745,2.380136006501418,6.480698820167502,0.08338,41.85669719871477,5.381152095812778,0.5696596698224912,6.930095347141026,16.874372457993278,4.7834405701417975,56.430931388833244,6.7151481099728265,16.518405495399957,6.745410870432795,2.0497861861548863,18.59337586550757,1.3370028790796047,48.915450270042584,40.336869856747555,0.40214,0.9433618630978511,0.09653,49.903729632749645,21.426252977845426,2.8522134061462827,329.14717390055154,1.8964560442498608
503,0.08745,2.380136006501418,6.480698820167502,0.08338,41.85669719871477,5.381152095812778,0.5696596698224912,6.930095347141026,16.874372457993278,4.7834405701417975,56.430931388833244,6.7151481099728265,16.518405495399957,6.745410870432795,2.0497861861548863,18.59337586550757,1.3370028790796047,48.915450270042584,40.336869856747555,0.40214,0.9433618630978511,0.09653,49.903729632749645,21.426252977845426,2.8522134061462827,329.14717390055154,1.8964560442498608
504,0.08745,2.380136006501418,6.480698820167502,0.08338,41.85669719871477,5.381152095812778,0.5696596698224912,6.930095347141026,16.874372457993278,4.7834405701417975,56.430931388833244,6.7151481099728265,16.518405495399957,6.745410870432795,2.0497861861548863,18.59337586550757,1.3370028790796047,48.915450270042584,40.336869856747555,0.40214,0.9433618630978511,0.09653,49.903729632749645,21.426252977845426,2.8522134061462827,329.14717390055154,1.8964560442498608
505,0.08745,2.380136006501418,6.480698820167502,0.08338,41.85669719871477,5.381152095812778,0.5696596698224912,6.930095347141026,16.874372457993278,4.7834405701417975,56.430931388833244,6.7151481099728265,16.518405495399957,6.745410870432795,2.0497861861548863,18.59337586550757,1.3370028790796047,48.915450270042584,40.336869856747555,0.40214,0.9433618630978511,0.09653,49.903729632749645,21.426252977845426,2.8522134061462827,329.14717390055154,1.8964560442498608
506,0.08745,2.380136006501418,6.480698820167502,0.08338,41.85669719871477,5.381152095812778,0.5696596698224912,6.930095347141026,16.874372457993278,4.7834405701417975,56.430931388833244,6.7151481099728265,16.518405495399957,6.745410870432795,2.0497861861548863,18.59337586550757,1.3370028790796047,48.915450270042584,40.336869856747555,0.40214,0.9433618630978511,0.09653,49.903729632749645,21.426252977845426,2.8522134061462827,329.14717390055154,1.8964560442498608
507,0.08745,2.380136006501418,6.480698820167502,0.08338,41.85669719871477,5.381152095812778,0.5696596698224912,6.930095347141026,16.874372457993278,4.7834405701417975,56.430931388833244,6.7151481099728265,16.518405495399957,6.745410870432795,2.0497861861548863,18.59337586550757,1.3370028790796047,48.915450270042584,40.336869856747555,0.40214,0.9433618630978511,0.09653,49.903729632749645,21.426252977845426,2.8522134061462827,329.14717390055154,1.8964560442498608
508,0.08745,2.380136006501418,6.480698820167502,0.08338,41.85669719871477,5.381152095812778,0.5696596698224912,6.930095347141026,16.874372457993278,4.7834405701417975,56.430931388833244,6.7151481099728265,16.518405495399957,6.745410870432795,2.0497861861548863,18.59337586550757,1.3370028790796047,48.915450270042584,40.336869856747555,0.40214,0.9433618630978511,0.09653,49.903729632749645,21.426252977845426,2.8522134061462827,329.14717390055154,1.8964560442498608
509,0.08745,2.380136006501418,6.480698820167502,0.08338,41.85669719871477,5.381152095812778,0.5696596698224912,6.930095347141026,16.874372457993278,4.7834405701417975,56.430931388833244,6.7151481099728265,16.518405495399957,6.745410870432795,2.0497861861548863,18.59337586550757,1.3370028790796047,48.915450270042584,40.336869856747555,0.40214,0.9433618630978511,0.09653,49.903729632749645,21.426252977845426,2.8522134061462827,329.14717390055154,1.8964560442498608
510,0.08745,2.380136006501418,6.480698820167502,0.08338,41.85669719871477,5.381152095812778,0.5696596698224912,6.930095347141026,16.874372457993278,4.7834405701417975,56.430931388833244,6.7151481099728265,16.518405495399957,6.745410870432795,2.0497861861548863,18.59337586550757,1.3370028790796047,48.915450270042584,40.336869856747555,0.40214,0.9433618630978511,0.09653,49.903729632749645,21.426252977845426,2.8522134061462827,329.14717390055154,1.8964560442498608
511,0.08745,2.380136006501418,6.480698820167502,0.08338,41.85669719871477,5.381152095812778,0.5696596698224912,6.930095347141026,16.874372457993278,4.7834405701417975,56.430931388833244,6.7151481099728265,16.518405495399957,6.745410870432795,2.0497861861548863,18.59337586550757,1.3370028790796047,48.915450270042584,40.336869856747555,0.40214,0.9433618630978511,0.09653,49.903729632749645,21.426252977845426,2.8522134061462827,329.14717390055154,1.8964560442498608
512,0.08745,2.380136006501418,6.480698820167502,0.08338,41.85669719871477,5.381152095812778,0.5696596698224912,6.930095347141026,16.874372457993278,4.7834405701417975,56.430931388833244,6.7151481099728265,16.518405495399957,6.745410870432795,2.0497861861548863,18.59337586550757,1.3370028790796047,48.915450270042584,40.336869856747555,0.40214,0.9433618630978511,0.09653,49.903729632749645,21.426252977845426,2.8522134061462827,329.14717390055154,1.8964560442498608
513,0.08745,2.380136006501418,6.480698820167502,0.08338,41.85669719871477,5.381152095812778,0.5696596698224912,6.930095347141026,16.874372457993278,4.7834405701417975,56.430931388833244,6.7151481099728265,16.518405495399957,6.745410870432795,2.0497861861548863,18.59337586550757,1.3370028790796047,48.915450270042584,40.336869856747555,0.40214,0.9433618630978511,0.09653,49.903729632749645,21.426252977845426,2.8522134061462827,329.14717390055154,1.8964560442498608
514,0.08745,2.380136006501418,6.480698820167502,0.08338,41.85669719871477,5.381152095812778,0.5696596698224912,6.930095347141026,16.874372457993278,4.7834405701417975,56.430931388833244,6.7151481099728265,16.518405495399957,6.745410870432795,2.0497861861548863,18.59337586550757,1.3370028790796047,48.915450270042584,40.336869856747555,0.40214,0.9433618630978511,0.09653,49.903729632749645,21.426252977845426,2.8522134061462827,329.14717390055154,1.8964560442498608
515,0.08745,2.380136006501418,6.480698820167502,0.08338,41.85669719871477,5.381152095812778,0.5696596698224912,6.930095347141026,16.874372457993278,4.7834405701417975,56.430931388833244,6.7151481099728265,16.518405495399957,6.745410870432795,2.0497861861548863,18.59337586550757,1.3370028790796047,48.915450270042584,40.336869856747555,0.40214,0.9433618630978511,0.09653,49.903729632749645,21.426252977845426,2.8522134061462827,329.14717390055154,1.8964560442498608
516,0.08745,2.380136006501418,6.480698820167502,0.08338,41.85669719871477,5.381152095812778,0.5696596698224912,6.930095347141026,16.874372457993278,4.7834405701417975,56.430931388833244,6.7151481099728265,16.518405495399957,6.745410870432795,2.0497861861548863,18.59337586550757,1.3370028790796047,48.915450270042584,40.336869856747555,0.40214,0.9433618630978511,0.09653,49.903729632749645,21.426252977845426,2.8522134061462827,329.14717390055154,1.8964560442498608
517,0.08745,2.380136006501418,6.480698820167502,0.08338,41.85669719871477,5.381152095812778,0.5696596698224912,6.930095347141026,16.874372457993278,4.7834405701417975,56.430931388833244,6.7151481099728265,16.518405495399957,6.745410870432795,2.0497861861548863,18.59337586550757,1.3370028790796047,48.915450270042584,40.336869856747555,0.40214,0.9433618630978511,0.09653,49.903729632749645,21.426252977845426,2.8522134061462827,329.14717390055154,1.8964560442498608
518,0.08745,2.380136006501418,6.480698820167502,0.08338,41.85669719871477,5.381152095812778,0.5696596698224912,6.930095347141026,16.874372457993278,4.7834405701417975,56.430931388833244,6.7151481099728265,16.518405495399957,6.745410870432795,2.0497861861548863,18.59337586550757,1.3370028790796047,48.915450270042584,40.336869856747555,0.40214,0.9433618630978511,0.09653,49.903729632749645,21.426252977845426,2.8522134061462827,329.14717390055154,1.8964560442498608
519,0.08745,2.380136006501418,6.480698820167502,0.08338,41.85669719871477,5.381152095812778,0.5696596698224912,6.930095347141026,16.874372457993278,4.7834405701417975,56.430931388833244,6.7151481099728265,16.518405495399957,6.745410870432795,2.0497861861548863,18.59337586550757,1.3370028790796047,48.915450270042584,40.336869856747555,0.40214,0.9433618630978511,0.09653,49.903729632749645,21.426252977845426,2.8522134061462827,329.14717390055154,1.8964560442498608
520,0.08745,2.380136006501418,6.480698820167502,0.08338,41.85669719871477,5.381152095812778,0.5696596698224912,6.930095347141026,16.874372457993278,4.7834405701417975,56.430931388833244,6.7151481099728265,16.518405495399957,6.745410870432795,2.0497861861548863,18.59337586550757,1.3370028790796047,48.915450270042584,40.336869856747555,0.40214,0.9433618630978511,0.09653,49.903729632749645,21.426252977845426,2.8522134061462827,329.14717390055154,1.8964560442498608
521,0.08745,2.380136006501418,6.480698820167502,0.08338,41.85669719871477,5.381152095812778,0.5696596698224912,6.930095347141026,16.874372457993278,4.7834405701417975,56.430931388833244,6.7151481099728265,16.518405495399957,6.745410870432795,2.0497861861548863,18.59337586550757,1.3370028790796047,48.915450270042584,40.336869856747555,0.40214,0.9433618630978511,0.09653,49.903729632749645,21.426252977845426,2.8522134061462827,329.14717390055154,1.8964560442498608
522,0.08745,2.380136006501418,6.480698820167502,0.08338,41.85669719871477,5.381152095812778,0.5696596698224912,6.930095347141026,16.874372457993278,4.7834405701417975,56.430931388833244,6.7151481099728265,16.518405495399957,6.745410870432795,2.0497861861548863,18.59337586550757,1.3370028790796047,48.915450270042584,40.336869856747555,0.40214,0.9433618630978511,0.09653,49.903729632749645,21.426252977845426,2.8522134061462827,329.14717390055154,1.8964560442498608
523,0.08745,2.380136006501418,6.480698820167502,0.08338,41.85669719871477,5.381152095812778,0.5696596698224912,6.930095347141026,16.874372457993278,4.7834405701417975,56.430931388833244,6.7151481099728265,16.518405495399957,6.745410870432795,2.0497861861548863,18.59337586550757,1.3370028790796047,48.915450270042584,40.336869856747555,0.40214,0.9433618630978511,0.09653,49.903729632749645,21.426252977845426,2.8522134061462827,329.14717390055154,1.8964560442498608
524,0.08745,2.380136006501418,6.480698820167502,0.08338,41.85669719871477,5.381152095812778,0.5696596698224912,6.930095347141026,16.874372457993278,4.7834405701417975,56.430931388833244,6.7151481099728265,16.518405495399957,6.745410870432795,2.0497861861548863,18.59337586550757,1.3370028790796047,48.915450270042584,40.336869856747555,0.40214,0.9433618630978511,0.09653,49.903729632749645,21.426252977845426,2.8522134061462827,329.14717390055154,1.8964560442498608
525,0.08745,2.380136006501418,6.480698820167502,0.08338,41.85669719871477,5.381152095812778,0.5696596698224912,6.930095347141026,16.874372457993278,4.7834405701417975,56.430931388833244,6.7151481099728265,16.518405495399957,6.745410870432795,2.0497861861548863,18.59337586550757,1.3370028790796047,48.915450270042584,40.336869856747555,0.40214,0.9433618630978511,0.09653,49.903729632749645,21.426252977845426,2.8522134061462827,329.14717390055154,1.8964560442498608
526,0.08745,2.380136006501418,6.480698820167502,0.08338,41.85669719871477,5.381152095812778,0.5696596698224912,6.930095347141026,16.874372457993278,4.7834405701417975,56.430931388833244,6.7151481099728265,16.518405495399957,6.745410870432795,2.0497861861548863,18.59337586550757,1.3370028790796047,48.915450270042584,40.336869856747555,0.40214,0.9433618630978511,0.09653,49.903729632749645,21.426252977845426,2.8522134061462827,329.14717390055154,1.8964560442498608
527,0.08745,2.380136006501418,6.480698820167502,0.08338,41.85669719871477,5.381152095812778,0.5696596698224912,6.930095347141026,16.874372457993278,4.7834405701417975,56.430931388833244,6.7151481099728265,16.518405495399957,6.745410870432795,2.0497861861548863,18.59337586550757,1.3370028790796047,48.915450270042584,40.336869856747555,0.40214,0.9433618630978511,0.09653,49.903729632749645,21.426252977845426,2.8522134061462827,329.14717390055154,1.8964560442498608
528,0.08745,2.380136006501418,6.480698820167502,0.08338,41.85669719871477,5.381152095812778,0.5696596698224912,6.930095347141026,16.874372457993278,4.7834405701417975,56.430931388833244,6.7151481099728265,16.518405495399957,6.745410870432795,2.0497861861548863,18.59337586550757,1.3370028790796047,48.915450270042584,40.336869856747555,0.40214,0.9433618630978511,0.09653,49.903729632749645,21.426252977845426,2.8522134061462827,329.14717390055154,1.8964560442498608
529,0.08745,2.380136006501418,6.480698820167502,0.08338,41.85669719871477,5.381152095812778,0.5696596698224912,6.930095347141026,16.874372457993278,4.7834405701417975,56.430931388833244,6.7151481099728265,16.518405495399957,6.745410870432795,2.0497861861548863,18.59337586550757,1.3370028790796047,48.915450270042584,40.336869856747555,0.40214,0.9433618630978511,0.09653,49.903729632749645,21.426252977845426,2.8522134061462827,329.14717390055154,1.8964560442498608
530,0.08745,2.380136006501418,6.480698820167502,0.08338,41.85669719871477,5.381152095812778,0.5696596698224912,6.930095347141026,16.874372457993278,4.7834405701417975,56.430931388833244,6.7151481099728265,16.518405495399957,6.745410870432795,2.0497861861548863,18.59337586550757,1.3370028790796047,48.915450270042584,40.336869856747555,0.40214,0.9433618630978511,0.09653,49.903729632749645,21.426252977845426,2.8522134061462827,329.14717390055154,1.8964560442498608
531,0.08745,2.380136006501418,6.480698820167502,0.08338,41.85669719871477,5.381152095812778,0.5696596698224912,6.930095347141026,16.874372457993278,4.7834405701417975,56.430931388833244,6.7151481099728265,16.518405495399957,6.745410870432795,2.0497861861548863,18.59337586550757,1.3370028790796047,48.915450270042584,40.336869856747555,0.40214,0.9433618630978511,0.09653,49.903729632749645,21.426252977845426,2.8522134061462827,329.14717390055154,1.8964560442498608
532,0.08745,2.380136006501418,6.480698820167502,0.08338,41.85669719871477,5.381152095812778,0.5696596698224912,6.930095347141026,16.874372457993278,4.7834405701417975,56.430931388833244,6.7151481099728265,16.518405495399957,6.745410870432795,2.0497861861548863,18.59337586550757,1.3370028790796047,48.915450270042584,40.336869856747555,0.40214,0.9433618630978511,0.09653,49.903729632749645,21.426252977845426,2.8522134061462827,329.14717390055154,1.8964560442498608
533,0.08745,2.380136006501418,6.480698820167502,0.08338,41.85669719871477,5.381152095812778,0.5696596698224912,6.930095347141026,16.874372457993278,4.7834405701417975,56.430931388833244,6.7151481099728265,16.518405495399957,6.745410870432795,2.0497861861548863,18.59337586550757,1.3370028790796047,48.915450270042584,40.336869856747555,0.40214,0.9433618630978511,0.09653,49.903729632749645,21.426252977845426,2.8522134061462827,329.14717390055154,1.8964560442498608
534,0.08745,2.380136006501418,6.480698820167502,0.08338,41.85669719871477,5.381152095812778,0.5696596698224912,6.930095347141026,16.874372457993278,4.7834405701417975,56.430931388833244,6.7151481099728265,16.518405495399957,6.745410870432795,2.0497861861548863,18.59337586550757,1.3370028790796047,48.915450270042584,40.336869856747555,0.40214,0.9433618630978511,0.09653,49.903729632749645,21.426252977845426,2.8522134061462827,329.14717390055154,1.8964560442498608
535,0.08745,2.380136006501418,6.480698820167502,0.08338,41.85669719871477,5.381152095812778,0.5696596698224912,6.930095347141026,16.874372457993278,4.7834405701417975,56.430931388833244,6.7151481099728265,16.518405495399957,6.745410870432795,2.0497861861548863,18.59337586550757,1.3370028790796047,48.915450270042584,40.336869856747555,0.40214,0.9433618630978511,0.09653,49.903729632749645,21.426252977845426,2.8522134061462827,329.14717390055154,1.8964560442498608
536,0.08745,2.380136006501418,6.480698820167502,0.08338,41.85669719871477,5.381152095812778,0.5696596698224912,6.930095347141026,16.874372457993278,4.7834405701417975,56.430931388833244,6.7151481099728265,16.518405495399957,6.745410870432795,2.0497861861548863,18.59337586550757,1.3370028790796047,48.915450270042584,40.336869856747555,0.40214,0.9433618630978511,0.09653,49.903729632749645,21.426252977845426,2.8522134061462827,329.14717390055154,1.8964560442498608
537,0.08745,2.380136006501418,6.480698820167502,0.08338,41.85669719871477,5.381152095812778,0.5696596698224912,6.930095347141026,16.874372457993278,4.7834405701417975,56.430931388833244,6.7151481099728265,16.518405495399957,6.745410870432795,2.0497861861548863,18.59337586550757,1.3370028790796047,48.915450270042584,40.336869856747555,0.40214,0.9433618630978511,0.09653,49.903729632749645,21.426252977845426,2.8522134061462827,329.14717390055154,1.8964560442498608
538,0.08745,2.380136006501418,6.480698820167502,0.08338,41.85669719871477,5.381152095812778,0.5696596698224912,6.930095347141026,16.874372457993278,4.7834405701417975,56.430931388833244,6.7151481099728265,16.518405495399957,6.745410870432795,2.0497861861548863,18.59337586550757,1.3370028790796047,48.915450270042584,40.336869856747555,0.40214,0.9433618630978511,0.09653,49.903729632749645,21.426252977845426,2.8522134061462827,329.14717390055154,1.8964560442498608
539,0.08745,2.380136006501418,6.480698820167502,0.08338,41.85669719871477,5.381152095812778,0.5696596698224912,6.930095347141026,16.874372457993278,4.7834405701417975,56.430931388833244,6.7151481099728265,16.518405495399957,6.745410870432795,2.0497861861548863,18.59337586550757,1.3370028790796047,48.915450270042584,40.336869856747555,0.40214,0.9433618630978511,0.09653,49.903729632749645,21.426252977845426,2.8522134061462827,329.14717390055154,1.8964560442498608
540,0.08745,2.380136006501418,6.480698820167502,0.08338,41.85669719871477,5.381152095812778,0.5696596698224912,6.930095347141026,16.874372457993278,4.7834405701417975,56.430931388833244,6.7151481099728265,16.518405495399957,6.745410870432795,2.0497861861548863,18.59337586550757,1.3370028790796047,48.915450270042584,40.336869856747555,0.40214,0.9433618630978511,0.09653,49.903729632749645,21.426252977845426,2.8522134061462827,329.14717390055154,1.8964560442498608
541,0.08745,2.380136006501418,6.480698820167502,0.08338,41.85669719871477,5.381152095812778,0.5696596698224912,6.930095347141026,16.874372457993278,4.7834405701417975,56.430931388833244,6.7151481099728265,16.518405495399957,6.745410870432795,2.0497861861548863,18.59337586550757,1.3370028790796047,48.915450270042584,40.336869856747555,0.40214,0.9433618630978511,0.09653,49.903729632749645,21.426252977845426,2.8522134061462827,329.14717390055154,1.8964560442498608
542,0.08745,2.380136006501418,6.480698820167502,0.08338,41.85669719871477,5.381152095812778,0.5696596698224912,6.930095347141026,16.874372457993278,4.7834405701417975,56.430931388833244,6.7151481099728265,16.518405495399957,6.745410870432795,2.0497861861548863,18.59337586550757,1.3370028790796047,48.915450270042584,40.336869856747555,0.40214,0.9433618630978511,0.09653,49.903729632749645,21.426252977845426,2.8522134061462827,329.14717390055154,1.8964560442498608
543,0.08745,2.380136006501418,6.480698820167502,0.08338,41.85669719871477,5.381152095812778,0.5696596698224912,6.930095347141026,16.874372457993278,4.7834405701417975,56.430931388833244,6.7151481099728265,16.518405495399957,6.745410870432795,2.0497861861548863,18.59337586550757,1.3370028790796047,48.915450270042584,40.336869856747555,0.40214,0.9433618630978511,0.09653,49.903729632749645,21.426252977845426,2.8522134061462827,329.14717390055154,1.8964560442498608
544,0.08745,2.380136006501418,6.480698820167502,0.08338,41.85669719871477,5.381152095812778,0.5696596698224912,6.930095347141026,16.874372457993278,4.7834405701417975,56.430931388833244,6.7151481099728265,16.518405495399957,6.745410870432795,2.0497861861548863,18.59337586550757,1.3370028790796047,48.915450270042584,40.336869856747555,0.40214,0.9433618630978511,0.09653,49.903729632749645,21.426252977845426,2.8522134061462827,329.14717390055154,1.8964560442498608
545,0.08745,2.380136006501418,6.480698820167502,0.08338,41.85669719871477,5.381152095812778,0.5696596698224912,6.930095347141026,16.874372457993278,4.7834405701417975,56.430931388833244,6.7151481099728265,16.518405495399957,6.745410870432795,2.0497861861548863,18.59337586550757,1.3370028790796047,48.915450270042584,40.336869856747555,0.40214,0.9433618630978511,0.09653,49.903729632749645,21.426252977845426,2.8522134061462827,329.14717390055154,1.8964560442498608
546,0.08745,2.380136006501418,6.480698820167502,0.08338,41.85669719871477,5.381152095812778,0.5696596698224912,6.930095347141026,16.874372457993278,4.7834405701417975,56.430931388833244,6.7151481099728265,16.518405495399957,6.745410870432795,2.0497861861548863,18.59337586550757,1.3370028790796047,48.915450270042584,40.336869856747555,0.40214,0.9433618630978511,0.09653,49.903729632749645,21.426252977845426,2.8522134061462827,329.14717390055154,1.8964560442498608
547,0.08745,2.380136006501418,6.480698820167502,0.08338,41.85669719871477,5.381152095812778,0.5696596698224912,6.930095347141026,16.874372457993278,4.7834405701417975,56.430931388833244,6.7151481099728265,16.518405495399957,6.745410870432795,2.0497861861548863,18.59337586550757,1.3370028790796047,48.915450270042584,40.336869856747555,0.40214,0.9433618630978511,0.09653,49.903729632749645,21.426252977845426,2.8522134061462827,329.14717390055154,1.8964560442498608
548,0.08745,2.380136006501418,6.480698820167502,0.08338,41.85669719871477,5.381152095812778,0.5696596698224912,6.930095347141026,16.874372457993278,4.7834405701417975,56.430931388833244,6.7151481099728265,16.518405495399957,6.745410870432795,2.0497861861548863,18.59337586550757,1.3370028790796047,48.915450270042584,40.336869856747555,0.40214,0.9433618630978511,0.09653,49.903729632749645,21.426252977845426,2.8522134061462827,329.14717390055154,1.8964560442498608
549,0.08745,2.380136006501418,6.480698820167502,0.08338,41.85669719871477,5.381152095812778,0.5696596698224912,6.930095347141026,16.874372457993278,4.7834405701417975,56.430931388833244,6.7151481099728265,16.518405495399957,6.745410870432795,2.0497861861548863,18.59337586550757,1.3370028790796047,48.915450270042584,40.336869856747555,0.40214,0.9433618630978511,0.09653,49.903729632749645,21.426252977845426,2.8522134061462827,329.14717390055154,1.8964560442498608
550,0.08745,2.380136006501418,6.480698820167502,0.08338,41.85669719871477,5.381152095812778,0.5696596698224912,6.930095347141026,16.874372457993278,4.7834405701417975,56.430931388833244,6.7151481099728265,16.518405495399957,6.745410870432795,2.0497861861548863,18.59337586550757,1.3370028790796047,48.915450270042584,40.336869856747555,0.40214,0.9433618630978511,0.09653,49.903729632749645,21.426252977845426,2.8522134061462827,329.14717390055154,1.8964560442498608
551,0.08745,2.380136006501418,6.480698820167502,0.08338,41.85669719871477,5.381152095812778,0.5696596698224912,6.930095347141026,16.874372457993278,4.7834405701417975,56.430931388833244,6.7151481099728265,16.518405495399957,6.745410870432795,2.0497861861548863,18.59337586550757,1.3370028790796047,48.915450270042584,40.336869856747555,0.40214,0.9433618630978511,0.09653,49.903729632749645,21.426252977845426,2.8522134061462827,329.14717390055154,1.8964560442498608
552,0.08745,2.380136006501418,6.480698820167502,0.08338,41.85669719871477,5.381152095812778,0.5696596698224912,6.930095347141026,16.874372457993278,4.7834405701417975,56.430931388833244,6.7151481099728265,16.518405495399957,6.745410870432795,2.0497861861548863,18.59337586550757,1.3370028790796047,48.915450270042584,40.336869856747555,0.40214,0.9433618630978511,0.09653,49.903729632749645,21.426252977845426,2.8522134061462827,329.14717390055154,1.8964560442498608
553,0.08745,2.380136006501418,6.480698820167502,0.08338,41.85669719871477,5.381152095812778,0.5696596698224912,6.930095347141026,16.874372457993278,4.7834405701417975,56.430931388833244,6.7151481099728265,16.518405495399957,6.745410870432795,2.0497861861548863,18.59337586550757,1.3370028790796047,48.915450270042584,40.336869856747555,0.40214,0.9433618630978511,0.09653,49.903729632749645,21.426252977845426,2.8522134061462827,329.14717390055154,1.8964560442498608
554,0.08745,2.380136006501418,6.480698820167502,0.08338,41.85669719871477,5.381152095812778,0.5696596698224912,6.930095347141026,16.874372457993278,4.7834405701417975,56.430931388833244,6.7151481099728265,16.518405495399957,6.745410870432795,2.0497861861548863,18.59337586550757,1.3370028790796047,48.915450270042584,40.336869856747555,0.40214,0.9433618630978511,0.09653,49.903729632749645,21.426252977845426,2.8522134061462827,329.14717390055154,1.8964560442498608
555,0.08745,2.380136006501418,6.480698820167502,0.08338,41.85669719871477,5.381152095812778,0.5696596698224912,6.930095347141026,16.874372457993278,4.7834405701417975,56.430931388833244,6.7151481099728265,16.518405495399957,6.745410870432795,2.0497861861548863,18.59337586550757,1.3370028790796047,48.915450270042584,40.336869856747555,0.40214,0.9433618630978511,0.09653,49.903729632749645,21.426252977845426,2.8522134061462827,329.14717390055154,1.8964560442498608
556,0.08745,2.380136006501418,6.480698820167502,0.08338,41.85669719871477,5.381152095812778,0.5696596698224912,6.930095347141026,16.874372457993278,4.7834405701417975,56.430931388833244,6.7151481099728265,16.518405495399957,6.745410870432795,2.0497861861548863,18.59337586550757,1.3370028790796047,48.915450270042584,40.336869856747555,0.40214,0.9433618630978511,0.09653,49.903729632749645,21.426252977845426,2.8522134061462827,329.14717390055154,1.8964560442498608
557,0.08745,2.380136006501418,6.480698820167502,0.08338,41.85669719871477,5.381152095812778,0.5696596698224912,6.930095347141026,16.874372457993278,4.7834405701417975,56.430931388833244,6.7151481099728265,16.518405495399957,6.745410870432795,2.0497861861548863,18.59337586550757,1.3370028790796047,48.915450270042584,40.336869856747555,0.40214,0.9433618630978511,0.09653,49.903729632749645,21.426252977845426,2.8522134061462827,329.14717390055154,1.8964560442498608
558,0.08745,2.380136006501418,6.480698820167502,0.08338,41.85669719871477,5.381152095812778,0.5696596698224912,6.930095347141026,16.874372457993278,4.7834405701417975,56.430931388833244,6.7151481099728265,16.518405495399957,6.745410870432795,2.0497861861548863,18.59337586550757,1.3370028790796047,48.915450270042584,40.336869856747555,0.40214,0.9433618630978511,0.09653,49.903729632749645,21.426252977845426,2.8522134061462827,329.14717390055154,1.8964560442498608
559,0.08745,2.380136006501418,6.480698820167502,0.08338,41.85669719871477,5.381152095812778,0.5696596698224912,6.930095347141026,16.874372457993278,4.7834405701417975,56.430931388833244,6.7151481099728265,16.518405495399957,6.745410870432795,2.0497861861548863,18.59337586550757,1.3370028790796047,48.915450270042584,40.336869856747555,0.40214,0.9433618630978511,0.09653,49.903729632749645,21.426252977845426,2.8522134061462827,329.14717390055154,1.8964560442498608
560,0.08745,2.380136006501418,6.480698820167502,0.08338,41.85669719871477,5.381152095812778,0.5696596698224912,6.930095347141026,16.874372457993278,4.7834405701417975,56.430931388833244,6.7151481099728265,16.518405495399957,6.745410870432795,2.0497861861548863,18.59337586550757,1.3370028790796047,48.915450270042584,40.336869856747555,0.40214,0.9433618630978511,0.09653,49.903729632749645,21.426252977845426,2.8522134061462827,329.14717390055154,1.8964560442498608
561,0.08745,2.380136006501418,6.480698820167502,0.08338,41.85669719871477,5.381152095812778,0.5696596698224912,6.930095347141026,16.874372457993278,4.7834405701417975,56.430931388833244,6.7151481099728265,16.518405495399957,6.745410870432795,2.0497861861548863,18.59337586550757,1.3370028790796047,48.915450270042584,40.336869856747555,0.40214,0.9433618630978511,0.09653,49.903729632749645,21.426252977845426,2.8522134061462827,329.14717390055154,1.8964560442498608
562,0.08745,2.380136006501418,6.480698820167502,0.08338,41.85669719871477,5.381152095812778,0.5696596698224912,6.930095347141026,16.874372457993278,4.7834405701417975,56.430931388833244,6.7151481099728265,16.518405495399957,6.745410870432795,2.0497861861548863,18.59337586550757,1.3370028790796047,48.915450270042584,40.336869856747555,0.40214,0.9433618630978511,0.09653,49.903729632749645,21.426252977845426,2.8522134061462827,329.14717390055154,1.8964560442498608
563,0.08745,2.380136006501418,6.480698820167502,0.08338,41.85669719871477,5.381152095812778,0.5696596698224912,6.930095347141026,16.874372457993278,4.7834405701417975,56.430931388833244,6.7151481099728265,16.518405495399957,6.745410870432795,2.0497861861548863,18.59337586550757,1.3370028790796047,48.915450270042584,40.336869856747555,0.40214,0.9433618630978511,0.09653,49.903729632749645,21.426252977845426,2.8522134061462827,329.14717390055154,1.8964560442498608
564,0.08745,2.380136006501418,6.480698820167502,0.08338,41.85669719871477,5.381152095812778,0.5696596698224912,6.930095347141026,16.874372457993278,4.7834405701417975,56.430931388833244,6.7151481099728265,16.518405495399957,6.745410870432795,2.0497861861548863,18.59337586550757,1.3370028790796047,48.915450270042584,40.336869856747555,0.40214,0.9433618630978511,0.09653,49.903729632749645,21.426252977845426,2.8522134061462827,329.14717390055154,1.8964560442498608
565,0.08745,2.380136006501418,6.480698820167502,0.08338,41.85669719871477,5.381152095812778,0.5696596698224912,6.930095347141026,16.874372457993278,4.7834405701417975,56.430931388833244,6.7151481099728265,16.518405495399957,6.745410870432795,2.0497861861548863,18.59337586550757,1.3370028790796047,48.915450270042584,40.336869856747555,0.40214,0.9433618630978511,0.09653,49.903729632749645,21.426252977845426,2.8522134061462827,329.14717390055154,1.8964560442498608
566,0.08745,2.380136006501418,6.480698820167502,0.08338,41.85669719871477,5.381152095812778,0.5696596698224912,6.930095347141026,16.874372457993278,4.7834405701417975,56.430931388833244,6.7151481099728265,16.518405495399957,6.745410870432795,2.0497861861548863,18.59337586550757,1.3370028790796047,48.915450270042584,40.336869856747555,0.40214,0.9433618630978511,0.09653,49.903729632749645,21.426252977845426,2.8522134061462827,329.14717390055154,1.8964560442498608
567,0.08745,2.380136006501418,6.480698820167502,0.08338,41.85669719871477,5.381152095812778,0.5696596698224912,6.930095347141026,16.874372457993278,4.7834405701417975,56.430931388833244,6.7151481099728265,16.518405495399957,6.745410870432795,2.0497861861548863,18.59337586550757,1.3370028790796047,48.915450270042584,40.336869856747555,0.40214,0.9433618630978511,0.09653,49.903729632749645,21.426252977845426,2.8522134061462827,329.14717390055154,1.8964560442498608
568,0.08745,2.380136006501418,6.480698820167502,0.08338,41.85669719871477,5.381152095812778,0.5696596698224912,6.930095347141026,16.874372457993278,4.7834405701417975,56.430931388833244,6.7151481099728265,16.518405495399957,6.745410870432795,2.0497861861548863,18.59337586550757,1.3370028790796047,48.915450270042584,40.336869856747555,0.40214,0.9433618630978511,0.09653,49.903729632749645,21.426252977845426,2.8522134061462827,329.14717390055154,1.8964560442498608
569,0.08745,2.380136006501418,6.480698820167502,0.08338,41.85669719871477,5.381152095812778,0.5696596698224912,6.930095347141026,16.874372457993278,4.7834405701417975,56.430931388833244,6.7151481099728265,16.518405495399957,6.745410870432795,2.0497861861548863,18.59337586550757,1.3370028790796047,48.915450270042584,40.336869856747555,0.40214,0.9433618630978511,0.09653,49.903729632749645,21.426252977845426,2.8522134061462827,329.14717390055154,1.8964560442498608
570,0.08745,2.380136006501418,6.480698820167502,0.08338,41.85669719871477,5.381152095812778,0.5696596698224912,6.930095347141026,16.874372457993278,4.7834405701417975,56.430931388833244,6.7151481099728265,16.518405495399957,6.745410870432795,2.0497861861548863,18.59337586550757,1.3370028790796047,48.915450270042584,40.336869856747555,0.40214,0.9433618630978511,0.09653,49.903729632749645,21.426252977845426,2.8522134061462827,329.14717390055154,1.8964560442498608
571,0.08745,2.380136006501418,6.480698820167502,0.08338,41.85669719871477,5.381152095812778,0.5696596698224912,6.930095347141026,16.874372457993278,4.7834405701417975,56.430931388833244,6.7151481099728265,16.518405495399957,6.745410870432795,2.0497861861548863,18.59337586550757,1.3370028790796047,48.915450270042584,40.336869856747555,0.40214,0.9433618630978511,0.09653,49.903729632749645,21.426252977845426,2.8522134061462827,329.14717390055154,1.8964560442498608
572,0.08745,2.380136006501418,6.480698820167502,0.08338,41.85669719871477,5.381152095812778,0.5696596698224912,6.930095347141026,16.874372457993278,4.7834405701417975,56.430931388833244,6.7151481099728265,16.518405495399957,6.745410870432795,2.0497861861548863,18.59337586550757,1.3370028790796047,48.915450270042584,40.336869856747555,0.40214,0.9433618630978511,0.09653,49.903729632749645,21.426252977845426,2.8522134061462827,329.14717390055154,1.8964560442498608
573,0.08745,2.380136006501418,6.480698820167502,0.08338,41.85669719871477,5.381152095812778,0.5696596698224912,6.930095347141026,16.874372457993278,4.7834405701417975,56.430931388833244,6.7151481099728265,16.518405495399957,6.745410870432795,2.0497861861548863,18.59337586550757,1.3370028790796047,48.915450270042584,40.336869856747555,0.40214,0.9433618630978511,0.09653,49.903729632749645,21.426252977845426,2.8522134061462827,329.14717390055154,1.8964560442498608
574,0.08745,2.380136006501418,6.480698820167502,0.08338,41.85669719871477,5.381152095812778,0.5696596698224912,6.930095347141026,16.874372457993278,4.7834405701417975,56.430931388833244,6.7151481099728265,16.518405495399957,6.745410870432795,2.0497861861548863,18.59337586550757,1.3370028790796047,48.915450270042584,40.336869856747555,0.40214,0.9433618630978511,0.09653,49.903729632749645,21.426252977845426,2.8522134061462827,329.14717390055154,1.8964560442498608
575,0.08745,2.380136006501418,6.480698820167502,0.08338,41.85669719871477,5.381152095812778,0.5696596698224912,6.930095347141026,16.874372457993278,4.7834405701417975,56.430931388833244,6.7151481099728265,16.518405495399957,6.745410870432795,2.0497861861548863,18.59337586550757,1.3370028790796047,48.915450270042584,40.336869856747555,0.40214,0.9433618630978511,0.09653,49.903729632749645,21.426252977845426,2.8522134061462827,329.14717390055154,1.8964560442498608
576,0.08745,2.380136006501418,6.480698820167502,0.08338,41.85669719871477,5.381152095812778,0.5696596698224912,6.930095347141026,16.874372457993278,4.7834405701417975,56.430931388833244,6.7151481099728265,16.518405495399957,6.745410870432795,2.0497861861548863,18.59337586550757,1.3370028790796047,48.915450270042584,40.336869856747555,0.40214,0.9433618630978511,0.09653,49.903729632749645,21.426252977845426,2.8522134061462827,329.14717390055154,1.8964560442498608
577,0.08745,2.380136006501418,6.480698820167502,0.08338,41.85669719871477,5.381152095812778,0.5696596698224912,6.930095347141026,16.874372457993278,4.7834405701417975,56.430931388833244,6.7151481099728265,16.518405495399957,6.745410870432795,2.0497861861548863,18.59337586550757,1.3370028790796047,48.915450270042584,40.336869856747555,0.40214,0.9433618630978511,0.09653,49.903729632749645,21.426252977845426,2.8522134061462827,329.14717390055154,1.8964560442498608
578,0.08745,2.380136006501418,6.480698820167502,0.08338,41.85669719871477,5.381152095812778,0.5696596698224912,6.930095347141026,16.874372457993278,4.7834405701417975,56.430931388833244,6.7151481099728265,16.518405495399957,6.745410870432795,2.0497861861548863,18.59337586550757,1.3370028790796047,48.915450270042584,40.336869856747555,0.40214,0.9433618630978511,0.09653,49.903729632749645,21.426252977845426,2.8522134061462827,329.14717390055154,1.8964560442498608
579,0.08745,2.380136006501418,6.480698820167502,0.08338,41.85669719871477,5.381152095812778,0.5696596698224912,6.930095347141026,16.874372457993278,4.7834405701417975,56.430931388833244,6.7151481099728265,16.518405495399957,6.745410870432795,2.0497861861548863,18.59337586550757,1.3370028790796047,48.915450270042584,40.336869856747555,0.40214,0.9433618630978511,0.09653,49.903729632749645,21.426252977845426,2.8522134061462827,329.14717390055154,1.8964560442498608
580,0.08745,2.380136006501418,6.480698820167502,0.08338,41.85669719871477,5.381152095812778,0.5696596698224912,6.930095347141026,16.874372457993278,4.7834405701417975,56.430931388833244,6.7151481099728265,16.518405495399957,6.745410870432795,2.0497861861548863,18.59337586550757,1.3370028790796047,48.915450270042584,40.336869856747555,0.40214,0.9433618630978511,0.09653,49.903729632749645,21.426252977845426,2.8522134061462827,329.14717390055154,1.8964560442498608
581,0.08745,2.380136006501418,6.480698820167502,0.08338,41.85669719871477,5.381152095812778,0.5696596698224912,6.930095347141026,16.874372457993278,4.7834405701417975,56.430931388833244,6.7151481099728265,16.518405495399957,6.745410870432795,2.0497861861548863,18.59337586550757,1.3370028790796047,48.915450270042584,40.336869856747555,0.40214,0.9433618630978511,0.09653,49.903729632749645,21.426252977845426,2.8522134061462827,329.14717390055154,1.8964560442498608
582,0.08745,2.380136006501418,6.480698820167502,0.08338,41.85669719871477,5.381152095812778,0.5696596698224912,6.930095347141026,16.874372457993278,4.7834405701417975,56.430931388833244,6.7151481099728265,16.518405495399957,6.745410870432795,2.0497861861548863,18.59337586550757,1.3370028790796047,48.915450270042584,40.336869856747555,0.40214,0.9433618630978511,0.09653,49.903729632749645,21.426252977845426,2.8522134061462827,329.14717390055154,1.8964560442498608
583,0.08745,2.380136006501418,6.480698820167502,0.08338,41.85669719871477,5.381152095812778,0.5696596698224912,6.930095347141026,16.874372457993278,4.7834405701417975,56.430931388833244,6.7151481099728265,16.518405495399957,6.745410870432795,2.0497861861548863,18.59337586550757,1.3370028790796047,48.915450270042584,40.336869856747555,0.40214,0.9433618630978511,0.09653,49.903729632749645,21.426252977845426,2.8522134061462827,329.14717390055154,1.8964560442498608
584,0.08745,2.380136006501418,6.480698820167502,0.08338,41.85669719871477,5.381152095812778,0.5696596698224912,6.930095347141026,16.874372457993278,4.7834405701417975,56.430931388833244,6.7151481099728265,16.518405495399957,6.745410870432795,2.0497861861548863,18.59337586550757,1.3370028790796047,48.915450270042584,40.336869856747555,0.40214,0.9433618630978511,0.09653,49.903729632749645,21.426252977845426,2.8522134061462827,329.14717390055154,1.8964560442498608
585,0.08745,2.380136006501418,6.480698820167502,0.08338,41.85669719871477,5.381152095812778,0.5696596698224912,6.930095347141026,16.874372457993278,4.7834405701417975,56.430931388833244,6.7151481099728265,16.518405495399957,6.745410870432795,2.0497861861548863,18.59337586550757,1.3370028790796047,48.915450270042584,40.336869856747555,0.40214,0.9433618630978511,0.09653,49.903729632749645,21.426252977845426,2.8522134061462827,329.14717390055154,1.8964560442498608
586,0.08745,2.380136006501418,6.480698820167502,0.08338,41.85669719871477,5.381152095812778,0.5696596698224912,6.930095347141026,16.874372457993278,4.7834405701417975,56.430931388833244,6.7151481099728265,16.518405495399957,6.745410870432795,2.0497861861548863,18.59337586550757,1.3370028790796047,48.915450270042584,40.336869856747555,0.40214,0.9433618630978511,0.09653,49.903729632749645,21.426252977845426,2.8522134061462827,329.14717390055154,1.8964560442498608
587,0.08745,2.380136006501418,6.480698820167502,0.08338,41.85669719871477,5.381152095812778,0.5696596698224912,6.930095347141026,16.874372457993278,4.7834405701417975,56.430931388833244,6.7151481099728265,16.518405495399957,6.745410870432795,2.0497861861548863,18.59337586550757,1.3370028790796047,48.915450270042584,40.336869856747555,0.40214,0.9433618630978511,0.09653,49.903729632749645,21.426252977845426,2.8522134061462827,329.14717390055154,1.8964560442498608
588,0.08745,2.380136006501418,6.480698820167502,0.08338,41.85669719871477,5.381152095812778,0.5696596698224912,6.930095347141026,16.874372457993278,4.7834405701417975,56.430931388833244,6.7151481099728265,16.518405495399957,6.745410870432795,2.0497861861548863,18.59337586550757,1.3370028790796047,48.915450270042584,40.336869856747555,0.40214,0.9433618630978511,0.09653,49.903729632749645,21.426252977845426,2.8522134061462827,329.14717390055154,1.8964560442498608
589,0.08745,2.380136006501418,6.480698820167502,0.08338,41.85669719871477,5.381152095812778,0.5696596698224912,6.930095347141026,16.874372457993278,4.7834405701417975,56.430931388833244,6.7151481099728265,16.518405495399957,6.745410870432795,2.0497861861548863,18.59337586550757,1.3370028790796047,48.915450270042584,40.336869856747555,0.40214,0.9433618630978511,0.09653,49.903729632749645,21.426252977845426,2.8522134061462827,329.14717390055154,1.8964560442498608
590,0.08745,2.380136006501418,6.480698820167502,0.08338,41.85669719871477,5.381152095812778,0.5696596698224912,6.930095347141026,16.874372457993278,4.7834405701417975,56.430931388833244,6.7151481099728265,16.518405495399957,6.745410870432795,2.0497861861548863,18.59337586550757,1.3370028790796047,48.915450270042584,40.336869856747555,0.40214,0.9433618630978511,0.09653,49.903729632749645,21.426252977845426,2.8522134061462827,329.14717390055154,1.8964560442498608
591,0.08745,2.380136006501418,6.480698820167502,0.08338,41.85669719871477,5.381152095812778,0.5696596698224912,6.930095347141026,16.874372457993278,4.7834405701417975,56.430931388833244,6.7151481099728265,16.518405495399957,6.745410870432795,2.0497861861548863,18.59337586550757,1.3370028790796047,48.915450270042584,40.336869856747555,0.40214,0.9433618630978511,0.09653,49.903729632749645,21.426252977845426,2.8522134061462827,329.14717390055154,1.8964560442498608
592,0.08745,2.380136006501418,6.480698820167502,0.08338,41.85669719871477,5.381152095812778,0.5696596698224912,6.930095347141026,16.874372457993278,4.7834405701417975,56.430931388833244,6.7151481099728265,16.518405495399957,6.745410870432795,2.0497861861548863,18.59337586550757,1.3370028790796047,48.915450270042584,40.336869856747555,0.40214,0.9433618630978511,0.09653,49.903729632749645,21.426252977845426,2.8522134061462827,329.14717390055154,1.8964560442498608
593,0.08745,2.380136006501418,6.480698820167502,0.08338,41.85669719871477,5.381152095812778,0.5696596698224912,6.930095347141026,16.874372457993278,4.7834405701417975,56.430931388833244,6.7151481099728265,16.518405495399957,6.745410870432795,2.0497861861548863,18.59337586550757,1.3370028790796047,48.915450270042584,40.336869856747555,0.40214,0.9433618630978511,0.09653,49.903729632749645,21.426252977845426,2.8522134061462827,329.14717390055154,1.8964560442498608
594,0.08745,2.380136006501418,6.480698820167502,0.08338,41.85669719871477,5.381152095812778,0.5696596698224912,6.930095347141026,16.874372457993278,4.7834405701417975,56.430931388833244,6.7151481099728265,16.518405495399957,6.745410870432795,2.0497861861548863,18.59337586550757,1.3370028790796047,48.915450270042584,40.336869856747555,0.40214,0.9433618630978511,0.09653,49.903729632749645,21.426252977845426,2.8522134061462827,329.14717390055154,1.8964560442498608
595,0.08745,2.380136006501418,6.480698820167502,0.08338,41.85669719871477,5.381152095812778,0.5696596698224912,6.930095347141026,16.874372457993278,4.7834405701417975,56.430931388833244,6.7151481099728265,16.518405495399957,6.745410870432795,2.0497861861548863,18.59337586550757,1.3370028790796047,48.915450270042584,40.336869856747555,0.40214,0.9433618630978511,0.09653,49.903729632749645,21.426252977845426,2.8522134061462827,329.14717390055154,1.8964560442498608
596,0.08745,2.380136006501418,6.480698820167502,0.08338,41.85669719871477,5.381152095812778,0.5696596698224912,6.930095347141026,16.874372457993278,4.7834405701417975,56.430931388833244,6.7151481099728265,16.518405495399957,6.745410870432795,2.0497861861548863,18.59337586550757,1.3370028790796047,48.915450270042584,40.336869856747555,0.40214,0.9433618630978511,0.09653,49.903729632749645,21.426252977845426,2.8522134061462827,329.14717390055154,1.8964560442498608
597,0.08745,2.380136006501418,6.480698820167502,0.08338,41.85669719871477,5.381152095812778,0.5696596698224912,6.930095347141026,16.874372457993278,4.7834405701417975,56.430931388833244,6.7151481099728265,16.518405495399957,6.745410870432795,2.0497861861548863,18.59337586550757,1.3370028790796047,48.915450270042584,40.336869856747555,0.40214,0.9433618630978511,0.09653,49.903729632749645,21.426252977845426,2.8522134061462827,329.14717390055154,1.8964560442498608
598,0.08745,2.380136006501418,6.480698820167502,0.08338,41.85669719871477,5.381152095812778,0.5696596698224912,6.930095347141026,16.874372457993278,4.7834405701417975,56.430931388833244,6.7151481099728265,16.518405495399957,6.745410870432795,2.0497861861548863,18.59337586550757,1.3370028790796047,48.915450270042584,40.336869856747555,0.40214,0.9433618630978511,0.09653,49.903729632749645,21.426252977845426,2.8522134061462827,329.14717390055154,1.8964560442498608
599,0.08745,2.380136006501418,6.480698820167502,0.08338,41.85669719871477,5.381152095812778,0.5696596698224912,6.930095347141026,16.874372457993278,4.7834405701417975,56.430931388833244,6.7151481099728265,16.518405495399957,6.745410870432795,2.0497861861548863,18.59337586550757,1.3370028790796047,48.915450270042584,40.336869856747555,0.40214,0.9433618630978511,0.09653,49.903729632749645,21.426252977845426,2.8522134061462827,329.14717390055154,1.8964560442498608
600,0.08745,2.380136006501418,6.480698820167502,0.08338,41.85669719871477,5.381152095812778,0.5696596698224912,6.930095347141026,16.874372457993278,4.7834405701417975,56.430931388833244,6.7151481099728265,16.518405495399957,6.745410870432795,2.0497861861548863,18.59337586550757,1.3370028790796047,48.915450270042584,40.336869856747555,0.40214,0.9433618630978511,0.09653,49.903729632749645,21.426252977845426,2.8522134061462827,329.14717390055154,1.8964560442498608
601,0.08745,2.380136006501418,6.480698820167502,0.08338,41.85669719871477,5.381152095812778,0.5696596698224912,6.930095347141026,16.874372457993278,4.7834405701417975,56.430931388833244,6.7151481099728265,16.518405495399957,6.745410870432795,2.0497861861548863,18.59337586550757,1.3370028790796047,48.915450270042584,40.336869856747555,0.40214,0.9433618630978511,0.09653,49.903729632749645,21.426252977845426,2.8522134061462827,329.14717390055154,1.8964560442498608
602,0.08745,2.380136006501418,6.480698820167502,0.08338,41.85669719871477,5.381152095812778,0.5696596698224912,6.930095347141026,16.874372457993278,4.7834405701417975,56.430931388833244,6.7151481099728265,16.518405495399957,6.745410870432795,2.0497861861548863,18.59337586550757,1.3370028790796047,48.915450270042584,40.336869856747555,0.40214,0.9433618630978511,0.09653,49.903729632749645,21.426252977845426,2.8522134061462827,329.14717390055154,1.8964560442498608
603,0.08745,2.380136006501418,6.480698820167502,0.08338,41.85669719871477,5.381152095812778,0.5696596698224912,6.930095347141026,16.874372457993278,4.7834405701417975,56.430931388833244,6.7151481099728265,16.518405495399957,6.745410870432795,2.0497861861548863,18.59337586550757,1.3370028790796047,48.915450270042584,40.336869856747555,0.40214,0.9433618630978511,0.09653,49.903729632749645,21.426252977845426,2.8522134061462827,329.14717390055154,1.8964560442498608
604,0.08745,2.380136006501418,6.480698820167502,0.08338,41.85669719871477,5.381152095812778,0.5696596698224912,6.930095347141026,16.874372457993278,4.7834405701417975,56.430931388833244,6.7151481099728265,16.518405495399957,6.745410870432795,2.0497861861548863,18.59337586550757,1.3370028790796047,48.915450270042584,40.336869856747555,0.40214,0.9433618630978511,0.09653,49.903729632749645,21.426252977845426,2.8522134061462827,329.14717390055154,1.8964560442498608
605,0.08745,2.380136006501418,6.480698820167502,0.08338,41.85669719871477,5.381152095812778,0.5696596698224912,6.930095347141026,16.874372457993278,4.7834405701417975,56.430931388833244,6.7151481099728265,16.518405495399957,6.745410870432795,2.0497861861548863,18.59337586550757,1.3370028790796047,48.915450270042584,40.336869856747555,0.40214,0.9433618630978511,0.09653,49.903729632749645,21.426252977845426,2.8522134061462827,329.14717390055154,1.8964560442498608
606,0.08745,2.380136006501418,6.480698820167502,0.08338,41.85669719871477,5.381152095812778,0.5696596698224912,6.930095347141026,16.874372457993278,4.7834405701417975,56.430931388833244,6.7151481099728265,16.518405495399957,6.745410870432795,2.0497861861548863,18.59337586550757,1.3370028790796047,48.915450270042584,40.336869856747555,0.40214,0.9433618630978511,0.09653,49.903729632749645,21.426252977845426,2.8522134061462827,329.14717390055154,1.8964560442498608
607,0.08745,2.380136006501418,6.480698820167502,0.08338,41.85669719871477,5.381152095812778,0.5696596698224912,6.930095347141026,16.874372457993278,4.7834405701417975,56.430931388833244,6.7151481099728265,16.518405495399957,6.745410870432795,2.0497861861548863,18.59337586550757,1.3370028790796047,48.915450270042584,40.336869856747555,0.40214,0.9433618630978511,0.09653,49.903729632749645,21.426252977845426,2.8522134061462827,329.14717390055154,1.8964560442498608
608,0.08745,2.380136006501418,6.480698820167502,0.08338,41.85669719871477,5.381152095812778,0.5696596698224912,6.930095347141026,16.874372457993278,4.7834405701417975,56.430931388833244,6.7151481099728265,16.518405495399957,6.745410870432795,2.0497861861548863,18.59337586550757,1.3370028790796047,48.915450270042584,40.336869856747555,0.40214,0.9433618630978511,0.09653,49.903729632749645,21.426252977845426,2.8522134061462827,329.14717390055154,1.8964560442498608
609,0.08745,2.380136006501418,6.480698820167502,0.08338,41.85669719871477,5.381152095812778,0.5696596698224912,6.930095347141026,16.874372457993278,4.7834405701417975,56.430931388833244,6.7151481099728265,16.518405495399957,6.745410870432795,2.0497861861548863,18.59337586550757,1.3370028790796047,48.915450270042584,40.336869856747555,0.40214,0.9433618630978511,0.09653,49.903729632749645,21.426252977845426,2.8522134061462827,329.14717390055154,1.8964560442498608
610,0.08745,2.380136006501418,6.480698820167502,0.08338,41.85669719871477,5.381152095812778,0.5696596698224912,6.930095347141026,16.874372457993278,4.7834405701417975,56.430931388833244,6.7151481099728265,16.518405495399957,6.745410870432795,2.0497861861548863,18.59337586550757,1.3370028790796047,48.915450270042584,40.336869856747555,0.40214,0.9433618630978511,0.09653,49.903729632749645,21.426252977845426,2.8522134061462827,329.14717390055154,1.8964560442498608
611,0.08745,2.380136006501418,6.480698820167502,0.08338,41.85669719871477,5.381152095812778,0.5696596698224912,6.930095347141026,16.874372457993278,4.7834405701417975,56.430931388833244,6.7151481099728265,16.518405495399957,6.745410870432795,2.0497861861548863,18.59337586550757,1.3370028790796047,48.915450270042584,40.336869856747555,0.40214,0.9433618630978511,0.09653,49.903729632749645,21.426252977845426,2.8522134061462827,329.14717390055154,1.8964560442498608
612,0.08745,2.380136006501418,6.480698820167502,0.08338,41.85669719871477,5.381152095812778,0.5696596698224912,6.930095347141026,16.874372457993278,4.7834405701417975,56.430931388833244,6.7151481099728265,16.518405495399957,6.745410870432795,2.0497861861548863,18.59337586550757,1.3370028790796047,48.915450270042584,40.336869856747555,0.40214,0.9433618630978511,0.09653,49.903729632749645,21.426252977845426,2.8522134061462827,329.14717390055154,1.8964560442498608
613,0.08745,2.380136006501418,6.480698820167502,0.08338,41.85669719871477,5.381152095812778,0.5696596698224912,6.930095347141026,16.874372457993278,4.7834405701417975,56.430931388833244,6.7151481099728265,16.518405495399957,6.745410870432795,2.0497861861548863,18.59337586550757,1.3370028790796047,48.915450270042584,40.336869856747555,0.40214,0.9433618630978511,0.09653,49.903729632749645,21.426252977845426,2.8522134061462827,329.14717390055154,1.8964560442498608
614,0.08745,2.380136006501418,6.480698820167502,0.08338,41.85669719871477,5.381152095812778,0.5696596698224912,6.930095347141026,16.874372457993278,4.7834405701417975,56.430931388833244,6.7151481099728265,16.518405495399957,6.745410870432795,2.0497861861548863,18.59337586550757,1.3370028790796047,48.915450270042584,40.336869856747555,0.40214,0.9433618630978511,0.09653,49.903729632749645,21.426252977845426,2.8522134061462827,329.14717390055154,1.8964560442498608
615,0.08745,2.380136006501418,6.480698820167502,0.08338,41.85669719871477,5.381152095812778,0.5696596698224912,6.930095347141026,16.874372457993278,4.7834405701417975,56.430931388833244,6.7151481099728265,16.518405495399957,6.745410870432795,2.0497861861548863,18.59337586550757,1.3370028790796047,48.915450270042584,40.336869856747555,0.40214,0.9433618630978511,0.09653,49.903729632749645,21.426252977845426,2.8522134061462827,329.14717390055154,1.8964560442498608
616,0.08745,2.380136006501418,6.480698820167502,0.08338,41.85669719871477,5.381152095812778,0.5696596698224912,6.930095347141026,16.874372457993278,4.7834405701417975,56.430931388833244,6.7151481099728265,16.518405495399957,6.745410870432795,2.0497861861548863,18.59337586550757,1.3370028790796047,48.915450270042584,40.336869856747555,0.40214,0.9433618630978511,0.09653,49.903729632749645,21.426252977845426,2.8522134061462827,329.14717390055154,1.8964560442498608
617,0.08745,2.380136006501418,6.480698820167502,0.08338,41.85669719871477,5.381152095812778,0.5696596698224912,6.930095347141026,16.874372457993278,4.7834405701417975,56.430931388833244,6.7151481099728265,16.518405495399957,6.745410870432795,2.0497861861548863,18.59337586550757,1.3370028790796047,48.915450270042584,40.336869856747555,0.40214,0.9433618630978511,0.09653,49.903729632749645,21.426252977845426,2.8522134061462827,329.14717390055154,1.8964560442498608
618,0.08745,2.380136006501418,6.480698820167502,0.08338,41.85669719871477,5.381152095812778,0.5696596698224912,6.930095347141026,16.874372457993278,4.7834405701417975,56.430931388833244,6.7151481099728265,16.518405495399957,6.745410870432795,2.0497861861548863,18.59337586550757,1.3370028790796047,48.915450270042584,40.336869856747555,0.40214,0.9433618630978511,0.09653,49.903729632749645,21.426252977845426,2.8522134061462827,329.14717390055154,1.8964560442498608
619,0.08745,2.380136006501418,6.480698820167502,0.08338,41.85669719871477,5.381152095812778,0.5696596698224912,6.930095347141026,16.874372457993278,4.7834405701417975,56.430931388833244,6.7151481099728265,16.518405495399957,6.745410870432795,2.0497861861548863,18.59337586550757,1.3370028790796047,48.915450270042584,40.336869856747555,0.40214,0.9433618630978511,0.09653,49.903729632749645,21.426252977845426,2.8522134061462827,329.14717390055154,1.8964560442498608
620,0.08745,2.380136006501418,6.480698820167502,0.08338,41.85669719871477,5.381152095812778,0.5696596698224912,6.930095347141026,16.874372457993278,4.7834405701417975,56.430931388833244,6.7151481099728265,16.518405495399957,6.745410870432795,2.0497861861548863,18.59337586550757,1.3370028790796047,48.915450270042584,40.336869856747555,0.40214,0.9433618630978511,0.09653,49.903729632749645,21.426252977845426,2.8522134061462827,329.14717390055154,1.8964560442498608
621,0.08745,2.380136006501418,6.480698820167502,0.08338,41.85669719871477,5.381152095812778,0.5696596698224912,6.930095347141026,16.874372457993278,4.7834405701417975,56.430931388833244,6.7151481099728265,16.518405495399957,6.745410870432795,2.0497861861548863,18.59337586550757,1.3370028790796047,48.915450270042584,40.336869856747555,0.40214,0.9433618630978511,0.09653,49.903729632749645,21.426252977845426,2.8522134061462827,329.14717390055154,1.8964560442498608
622,0.08745,2.380136006501418,6.480698820167502,0.08338,41.85669719871477,5.381152095812778,0.5696596698224912,6.930095347141026,16.874372457993278,4.7834405701417975,56.430931388833244,6.7151481099728265,16.518405495399957,6.745410870432795,2.0497861861548863,18.59337586550757,1.3370028790796047,48.915450270042584,40.336869856747555,0.40214,0.9433618630978511,0.09653,49.903729632749645,21.426252977845426,2.8522134061462827,329.14717390055154,1.8964560442498608
623,0.08745,2.380136006501418,6.480698820167502,0.08338,41.85669719871477,5.381152095812778,0.5696596698224912,6.930095347141026,16.874372457993278,4.7834405701417975,56.430931388833244,6.7151481099728265,16.518405495399957,6.745410870432795,2.0497861861548863,18.59337586550757,1.3370028790796047,48.915450270042584,40.336869856747555,0.40214,0.9433618630978511,0.09653,49.903729632749645,21.426252977845426,2.8522134061462827,329.14717390055154,1.8964560442498608
624,0.08745,2.380136006501418,6.480698820167502,0.08338,41.85669719871477,5.381152095812778,0.5696596698224912,6.930095347141026,16.874372457993278,4.7834405701417975,56.430931388833244,6.7151481099728265,16.518405495399957,6.745410870432795,2.0497861861548863,18.59337586550757,1.3370028790796047,48.915450270042584,40.336869856747555,0.40214,0.9433618630978511,0.09653,49.903729632749645,21.426252977845426,2.8522134061462827,329.14717390055154,1.8964560442498608
625,0.08745,2.380136006501418,6.480698820167502,0.08338,41.85669719871477,5.381152095812778,0.5696596698224912,6.930095347141026,16.874372457993278,4.7834405701417975,56.430931388833244,6.7151481099728265,16.518405495399957,6.745410870432795,2.0497861861548863,18.59337586550757,1.3370028790796047,48.915450270042584,40.336869856747555,0.40214,0.9433618630978511,0.09653,49.903729632749645,21.426252977845426,2.8522134061462827,329.14717390055154,1.8964560442498608
626,0.08745,2.380136006501418,6.480698820167502,0.08338,41.85669719871477,5.381152095812778,0.5696596698224912,6.930095347141026,16.874372457993278,4.7834405701417975,56.430931388833244,6.7151481099728265,16.518405495399957,6.745410870432795,2.0497861861548863,18.59337586550757,1.3370028790796047,48.915450270042584,40.336869856747555,0.40214,0.9433618630978511,0.09653,49.903729632749645,21.426252977845426,2.8522134061462827,329.14717390055154,1.8964560442498608
627,0.08745,2.380136006501418,6.480698820167502,0.08338,41.85669719871477,5.381152095812778,0.5696596698224912,6.930095347141026,16.874372457993278,4.7834405701417975,56.430931388833244,6.7151481099728265,16.518405495399957,6.745410870432795,2.0497861861548863,18.59337586550757,1.3370028790796047,48.915450270042584,40.336869856747555,0.40214,0.9433618630978511,0.09653,49.903729632749645,21.426252977845426,2.8522134061462827,329.14717390055154,1.8964560442498608
628,0.08745,2.380136006501418,6.480698820167502,0.08338,41.85669719871477,5.381152095812778,0.5696596698224912,6.930095347141026,16.874372457993278,4.7834405701417975,56.430931388833244,6.7151481099728265,16.518405495399957,6.745410870432795,2.0497861861548863,18.59337586550757,1.3370028790796047,48.915450270042584,40.336869856747555,0.40214,0.9433618630978511,0.09653,49.903729632749645,21.426252977845426,2.8522134061462827,329.14717390055154,1.8964560442498608
629,0.08745,2.380136006501418,6.480698820167502,0.08338,41.85669719871477,5.381152095812778,0.5696596698224912,6.930095347141026,16.874372457993278,4.7834405701417975,56.430931388833244,6.7151481099728265,16.518405495399957,6.745410870432795,2.0497861861548863,18.59337586550757,1.3370028790796047,48.915450270042584,40.336869856747555,0.40214,0.9433618630978511,0.09653,49.903729632749645,21.426252977845426,2.8522134061462827,329.14717390055154,1.8964560442498608
630,0.08745,2.380136006501418,6.480698820167502,0.08338,41.85669719871477,5.381152095812778,0.5696596698224912,6.930095347141026,16.874372457993278,4.7834405701417975,56.430931388833244,6.7151481099728265,16.518405495399957,6.745410870432795,2.0497861861548863,18.59337586550757,1.3370028790796047,48.915450270042584,40.336869856747555,0.40214,0.9433618630978511,0.09653,49.903729632749645,21.426252977845426,2.8522134061462827,329.14717390055154,1.8964560442498608
631,0.08745,2.380136006501418,6.480698820167502,0.08338,41.85669719871477,5.381152095812778,0.5696596698224912,6.930095347141026,16.874372457993278,4.7834405701417975,56.430931388833244,6.7151481099728265,16.518405495399957,6.745410870432795,2.0497861861548863,18.59337586550757,1.3370028790796047,48.915450270042584,40.336869856747555,0.40214,0.9433618630978511,0.09653,49.903729632749645,21.426252977845426,2.8522134061462827,329.14717390055154,1.8964560442498608
632,0.08745,2.380136006501418,6.480698820167502,0.08338,41.85669719871477,5.381152095812778,0.5696596698224912,6.930095347141026,16.874372457993278,4.7834405701417975,56.430931388833244,6.7151481099728265,16.518405495399957,6.745410870432795,2.0497861861548863,18.59337586550757,1.3370028790796047,48.915450270042584,40.336869856747555,0.40214,0.9433618630978511,0.09653,49.903729632749645,21.426252977845426,2.8522134061462827,329.14717390055154,1.8964560442498608
633,0.08745,2.380136006501418,6.480698820167502,0.08338,41.85669719871477,5.381152095812778,0.5696596698224912,6.930095347141026,16.874372457993278,4.7834405701417975,56.430931388833244,6.7151481099728265,16.518405495399957,6.745410870432795,2.0497861861548863,18.59337586550757,1.3370028790796047,48.915450270042584,40.336869856747555,0.40214,0.9433618630978511,0.09653,49.903729632749645,21.426252977845426,2.8522134061462827,329.14717390055154,1.8964560442498608
634,0.08745,2.380136006501418,6.480698820167502,0.08338,41.85669719871477,5.381152095812778,0.5696596698224912,6.930095347141026,16.874372457993278,4.7834405701417975,56.430931388833244,6.7151481099728265,16.518405495399957,6.745410870432795,2.0497861861548863,18.59337586550757,1.3370028790796047,48.915450270042584,40.336869856747555,0.40214,0.9433618630978511,0.09653,49.903729632749645,21.426252977845426,2.8522134061462827,329.14717390055154,1.8964560442498608
635,0.08745,2.380136006501418,6.480698820167502,0.08338,41.85669719871477,5.381152095812778,0.5696596698224912,6.930095347141026,16.874372457993278,4.7834405701417975,56.430931388833244,6.7151481099728265,16.518405495399957,6.745410870432795,2.0497861861548863,18.59337586550757,1.3370028790796047,48.915450270042584,40.336869856747555,0.40214,0.9433618630978511,0.09653,49.903729632749645,21.426252977845426,2.8522134061462827,329.14717390055154,1.8964560442498608
636,0.08745,2.380136006501418,6.480698820167502,0.08338,41.85669719871477,5.381152095812778,0.5696596698224912,6.930095347141026,16.874372457993278,4.7834405701417975,56.430931388833244,6.7151481099728265,16.518405495399957,6.745410870432795,2.0497861861548863,18.59337586550757,1.3370028790796047,48.915450270042584,40.336869856747555,0.40214,0.9433618630978511,0.09653,49.903729632749645,21.426252977845426,2.8522134061462827,329.14717390055154,1.8964560442498608
637,0.08745,2.380136006501418,6.480698820167502,0.08338,41.85669719871477,5.381152095812778,0.5696596698224912,6.930095347141026,16.874372457993278,4.7834405701417975,56.430931388833244,6.7151481099728265,16.518405495399957,6.745410870432795,2.0497861861548863,18.59337586550757,1.3370028790796047,48.915450270042584,40.336869856747555,0.40214,0.9433618630978511,0.09653,49.903729632749645,21.426252977845426,2.8522134061462827,329.14717390055154,1.8964560442498608
638,0.08745,2.380136006501418,6.480698820167502,0.08338,41.85669719871477,5.381152095812778,0.5696596698224912,6.930095347141026,16.874372457993278,4.7834405701417975,56.430931388833244,6.7151481099728265,16.518405495399957,6.745410870432795,2.0497861861548863,18.59337586550757,1.3370028790796047,48.915450270042584,40.336869856747555,0.40214,0.9433618630978511,0.09653,49.903729632749645,21.426252977845426,2.8522134061462827,329.14717390055154,1.8964560442498608
639,0.08745,2.380136006501418,6.480698820167502,0.08338,41.85669719871477,5.381152095812778,0.5696596698224912,6.930095347141026,16.874372457993278,4.7834405701417975,56.430931388833244,6.7151481099728265,16.518405495399957,6.745410870432795,2.0497861861548863,18.59337586550757,1.3370028790796047,48.915450270042584,40.336869856747555,0.40214,0.9433618630978511,0.09653,49.903729632749645,21.426252977845426,2.8522134061462827,329.14717390055154,1.8964560442498608
640,0.08745,2.380136006501418,6.480698820167502,0.08338,41.85669719871477,5.381152095812778,0.5696596698224912,6.930095347141026,16.874372457993278,4.7834405701417975,56.430931388833244,6.7151481099728265,16.518405495399957,6.745410870432795,2.0497861861548863,18.59337586550757,1.3370028790796047,48.915450270042584,40.336869856747555,0.40214,0.9433618630978511,0.09653,49.903729632749645,21.426252977845426,2.8522134061462827,329.14717390055154,1.8964560442498608
641,0.08745,2.380136006501418,6.480698820167502,0.08338,41.85669719871477,5.381152095812778,0.5696596698224912,6.930095347141026,16.874372457993278,4.7834405701417975,56.430931388833244,6.7151481099728265,16.518405495399957,6.745410870432795,2.0497861861548863,18.59337586550757,1.3370028790796047,48.915450270042584,40.336869856747555,0.40214,0.9433618630978511,0.09653,49.903729632749645,21.426252977845426,2.8522134061462827,329.14717390055154,1.8964560442498608
642,0.08745,2.380136006501418,6.480698820167502,0.08338,41.85669719871477,5.381152095812778,0.5696596698224912,6.930095347141026,16.874372457993278,4.7834405701417975,56.430931388833244,6.7151481099728265,16.518405495399957,6.745410870432795,2.0497861861548863,18.59337586550757,1.3370028790796047,48.915450270042584,40.336869856747555,0.40214,0.9433618630978511,0.09653,49.903729632749645,21.426252977845426,2.8522134061462827,329.14717390055154,1.8964560442498608
643,0.08745,2.380136006501418,6.480698820167502,0.08338,41.85669719871477,5.381152095812778,0.5696596698224912,6.930095347141026,16.874372457993278,4.7834405701417975,56.430931388833244,6.7151481099728265,16.518405495399957,6.745410870432795,2.0497861861548863,18.59337586550757,1.3370028790796047,48.915450270042584,40.336869856747555,0.40214,0.9433618630978511,0.09653,49.903729632749645,21.426252977845426,2.8522134061462827,329.14717390055154,1.8964560442498608
644,0.08745,2.380136006501418,6.480698820167502,0.08338,41.85669719871477,5.381152095812778,0.5696596698224912,6.930095347141026,16.874372457993278,4.7834405701417975,56.430931388833244,6.7151481099728265,16.518405495399957,6.745410870432795,2.0497861861548863,18.59337586550757,1.3370028790796047,48.915450270042584,40.336869856747555,0.40214,0.9433618630978511,0.09653,49.903729632749645,21.426252977845426,2.8522134061462827,329.14717390055154,1.8964560442498608
645,0.08745,2.380136006501418,6.480698820167502,0.08338,41.85669719871477,5.381152095812778,0.5696596698224912,6.930095347141026,16.874372457993278,4.7834405701417975,56.430931388833244,6.7151481099728265,16.518405495399957,6.745410870432795,2.0497861861548863,18.59337586550757,1.3370028790796047,48.915450270042584,40.336869856747555,0.40214,0.9433618630978511,0.09653,49.903729632749645,21.426252977845426,2.8522134061462827,329.14717390055154,1.8964560442498608
646,0.08745,2.380136006501418,6.480698820167502,0.08338,41.85669719871477,5.381152095812778,0.5696596698224912,6.930095347141026,16.874372457993278,4.7834405701417975,56.430931388833244,6.7151481099728265,16.518405495399957,6.745410870432795,2.0497861861548863,18.59337586550757,1.3370028790796047,48.915450270042584,40.336869856747555,0.40214,0.9433618630978511,0.09653,49.903729632749645,21.426252977845426,2.8522134061462827,329.14717390055154,1.8964560442498608
647,0.08745,2.380136006501418,6.480698820167502,0.08338,41.85669719871477,5.381152095812778,0.5696596698224912,6.930095347141026,16.874372457993278,4.7834405701417975,56.430931388833244,6.7151481099728265,16.518405495399957,6.745410870432795,2.0497861861548863,18.59337586550757,1.3370028790796047,48.915450270042584,40.336869856747555,0.40214,0.9433618630978511,0.09653,49.903729632749645,21.426252977845426,2.8522134061462827,329.14717390055154,1.8964560442498608
648,0.08745,2.380136006501418,6.480698820167502,0.08338,41.85669719871477,5.381152095812778,0.5696596698224912,6.930095347141026,16.874372457993278,4.7834405701417975,56.430931388833244,6.7151481099728265,16.518405495399957,6.745410870432795,2.0497861861548863,18.59337586550757,1.3370028790796047,48.915450270042584,40.336869856747555,0.40214,0.9433618630978511,0.09653,49.903729632749645,21.426252977845426,2.8522134061462827,329.14717390055154,1.8964560442498608
649,0.08745,2.380136006501418,6.480698820167502,0.08338,41.85669719871477,5.381152095812778,0.5696596698224912,6.930095347141026,16.874372457993278,4.7834405701417975,56.430931388833244,6.7151481099728265,16.518405495399957,6.745410870432795,2.0497861861548863,18.59337586550757,1.3370028790796047,48.915450270042584,40.336869856747555,0.40214,0.9433618630978511,0.09653,49.903729632749645,21.426252977845426,2.8522134061462827,329.14717390055154,1.8964560442498608
650,0.08745,2.380136006501418,6.480698820167502,0.08338,41.85669719871477,5.381152095812778,0.5696596698224912,6.930095347141026,16.874372457993278,4.7834405701417975,56.430931388833244,6.7151481099728265,16.518405495399957,6.745410870432795,2.0497861861548863,18.59337586550757,1.3370028790796047,48.915450270042584,40.336869856747555,0.40214,0.9433618630978511,0.09653,49.903729632749645,21.426252977845426,2.8522134061462827,329.14717390055154,1.8964560442498608
651,0.08745,2.380136006501418,6.480698820167502,0.08338,41.85669719871477,5.381152095812778,0.5696596698224912,6.930095347141026,16.874372457993278,4.7834405701417975,56.430931388833244,6.7151481099728265,16.518405495399957,6.745410870432795,2.0497861861548863,18.59337586550757,1.3370028790796047,48.915450270042584,40.336869856747555,0.40214,0.9433618630978511,0.09653,49.903729632749645,21.426252977845426,2.8522134061462827,329.14717390055154,1.8964560442498608
652,0.08745,2.380136006501418,6.480698820167502,0.08338,41.85669719871477,5.381152095812778,0.5696596698224912,6.930095347141026,16.874372457993278,4.7834405701417975,56.430931388833244,6.7151481099728265,16.518405495399957,6.745410870432795,2.0497861861548863,18.59337586550757,1.3370028790796047,48.915450270042584,40.336869856747555,0.40214,0.9433618630978511,0.09653,49.903729632749645,21.426252977845426,2.8522134061462827,329.14717390055154,1.8964560442498608
653,0.08745,2.380136006501418,6.480698820167502,0.08338,41.85669719871477,5.381152095812778,0.5696596698224912,6.930095347141026,16.874372457993278,4.7834405701417975,56.430931388833244,6.7151481099728265,16.518405495399957,6.745410870432795,2.0497861861548863,18.59337586550757,1.3370028790796047,48.915450270042584,40.336869856747555,0.40214,0.9433618630978511,0.09653,49.903729632749645,21.426252977845426,2.8522134061462827,329.14717390055154,1.8964560442498608
654,0.08745,2.380136006501418,6.480698820167502,0.08338,41.85669719871477,5.381152095812778,0.5696596698224912,6.930095347141026,16.874372457993278,4.7834405701417975,56.430931388833244,6.7151481099728265,16.518405495399957,6.745410870432795,2.0497861861548863,18.59337586550757,1.3370028790796047,48.915450270042584,40.336869856747555,0.40214,0.9433618630978511,0.09653,49.903729632749645,21.426252977845426,2.8522134061462827,329.14717390055154,1.8964560442498608
655,0.08745,2.380136006501418,6.480698820167502,0.08338,41.85669719871477,5.381152095812778,0.5696596698224912,6.930095347141026,16.874372457993278,4.7834405701417975,56.430931388833244,6.7151481099728265,16.518405495399957,6.745410870432795,2.0497861861548863,18.59337586550757,1.3370028790796047,48.915450270042584,40.336869856747555,0.40214,0.9433618630978511,0.09653,49.903729632749645,21.426252977845426,2.8522134061462827,329.14717390055154,1.8964560442498608
656,0.08745,2.380136006501418,6.480698820167502,0.08338,41.85669719871477,5.381152095812778,0.5696596698224912,6.930095347141026,16.874372457993278,4.7834405701417975,56.430931388833244,6.7151481099728265,16.518405495399957,6.745410870432795,2.0497861861548863,18.59337586550757,1.3370028790796047,48.915450270042584,40.336869856747555,0.40214,0.9433618630978511,0.09653,49.903729632749645,21.426252977845426,2.8522134061462827,329.14717390055154,1.8964560442498608
657,0.08745,2.380136006501418,6.480698820167502,0.08338,41.85669719871477,5.381152095812778,0.5696596698224912,6.930095347141026,16.874372457993278,4.7834405701417975,56.430931388833244,6.7151481099728265,16.518405495399957,6.745410870432795,2.0497861861548863,18.59337586550757,1.3370028790796047,48.915450270042584,40.336869856747555,0.40214,0.9433618630978511,0.09653,49.903729632749645,21.426252977845426,2.8522134061462827,329.14717390055154,1.8964560442498608
658,0.08745,2.380136006501418,6.480698820167502,0.08338,41.85669719871477,5.381152095812778,0.5696596698224912,6.930095347141026,16.874372457993278,4.7834405701417975,56.430931388833244,6.7151481099728265,16.518405495399957,6.745410870432795,2.0497861861548863,18.59337586550757,1.3370028790796047,48.915450270042584,40.336869856747555,0.40214,0.9433618630978511,0.09653,49.903729632749645,21.426252977845426,2.8522134061462827,329.14717390055154,1.8964560442498608
659,0.08745,2.380136006501418,6.480698820167502,0.08338,41.85669719871477,5.381152095812778,0.5696596698224912,6.930095347141026,16.874372457993278,4.7834405701417975,56.430931388833244,6.7151481099728265,16.518405495399957,6.745410870432795,2.0497861861548863,18.59337586550757,1.3370028790796047,48.915450270042584,40.336869856747555,0.40214,0.9433618630978511,0.09653,49.903729632749645,21.426252977845426,2.8522134061462827,329.14717390055154,1.8964560442498608
660,0.08745,2.380136006501418,6.480698820167502,0.08338,41.85669719871477,5.381152095812778,0.5696596698224912,6.930095347141026,16.874372457993278,4.7834405701417975,56.430931388833244,6.7151481099728265,16.518405495399957,6.745410870432795,2.0497861861548863,18.59337586550757,1.3370028790796047,48.915450270042584,40.336869856747555,0.40214,0.9433618630978511,0.09653,49.903729632749645,21.426252977845426,2.8522134061462827,329.14717390055154,1.8964560442498608
661,0.08745,2.380136006501418,6.480698820167502,0.08338,41.85669719871477,5.381152095812778,0.5696596698224912,6.930095347141026,16.874372457993278,4.7834405701417975,56.430931388833244,6.7151481099728265,16.518405495399957,6.745410870432795,2.0497861861548863,18.59337586550757,1.3370028790796047,48.915450270042584,40.336869856747555,0.40214,0.9433618630978511,0.09653,49.903729632749645,21.426252977845426,2.8522134061462827,329.14717390055154,1.8964560442498608
662,0.08745,2.380136006501418,6.480698820167502,0.08338,41.85669719871477,5.381152095812778,0.5696596698224912,6.930095347141026,16.874372457993278,4.7834405701417975,56.430931388833244,6.7151481099728265,16.518405495399957,6.745410870432795,2.0497861861548863,18.59337586550757,1.3370028790796047,48.915450270042584,40.336869856747555,0.40214,0.9433618630978511,0.09653,49.903729632749645,21.426252977845426,2.8522134061462827,329.14717390055154,1.8964560442498608
663,0.08745,2.380136006501418,6.480698820167502,0.08338,41.85669719871477,5.381152095812778,0.5696596698224912,6.930095347141026,16.874372457993278,4.7834405701417975,56.430931388833244,6.7151481099728265,16.518405495399957,6.745410870432795,2.0497861861548863,18.59337586550757,1.3370028790796047,48.915450270042584,40.336869856747555,0.40214,0.9433618630978511,0.09653,49.903729632749645,21.426252977845426,2.8522134061462827,329.14717390055154,1.8964560442498608
664,0.08745,2.380136006501418,6.480698820167502,0.08338,41.85669719871477,5.381152095812778,0.5696596698224912,6.930095347141026,16.874372457993278,4.7834405701417975,56.430931388833244,6.7151481099728265,16.518405495399957,6.745410870432795,2.0497861861548863,18.59337586550757,1.3370028790796047,48.915450270042584,40.336869856747555,0.40214,0.9433618630978511,0.09653,49.903729632749645,21.426252977845426,2.8522134061462827,329.14717390055154,1.8964560442498608
665,0.08745,2.380136006501418,6.480698820167502,0.08338,41.85669719871477,5.381152095812778,0.5696596698224912,6.930095347141026,16.874372457993278,4.7834405701417975,56.430931388833244,6.7151481099728265,16.518405495399957,6.745410870432795,2.0497861861548863,18.59337586550757,1.3370028790796047,48.915450270042584,40.336869856747555,0.40214,0.9433618630978511,0.09653,49.903729632749645,21.426252977845426,2.8522134061462827,329.14717390055154,1.8964560442498608
666,0.08745,2.380136006501418,6.480698820167502,0.08338,41.85669719871477,5.381152095812778,0.5696596698224912,6.930095347141026,16.874372457993278,4.7834405701417975,56.430931388833244,6.7151481099728265,16.518405495399957,6.745410870432795,2.0497861861548863,18.59337586550757,1.3370028790796047,48.915450270042584,40.336869856747555,0.40214,0.9433618630978511,0.09653,49.903729632749645,21.426252977845426,2.8522134061462827,329.14717390055154,1.8964560442498608
667,0.08745,2.380136006501418,6.480698820167502,0.08338,41.85669719871477,5.381152095812778,0.5696596698224912,6.930095347141026,16.874372457993278,4.7834405701417975,56.430931388833244,6.7151481099728265,16.518405495399957,6.745410870432795,2.0497861861548863,18.59337586550757,1.3370028790796047,48.915450270042584,40.336869856747555,0.40214,0.9433618630978511,0.09653,49.903729632749645,21.426252977845426,2.8522134061462827,329.14717390055154,1.8964560442498608
668,0.08745,2.380136006501418,6.480698820167502,0.08338,41.85669719871477,5.381152095812778,0.5696596698224912,6.930095347141026,16.874372457993278,4.7834405701417975,56.430931388833244,6.7151481099728265,16.518405495399957,6.745410870432795,2.0497861861548863,18.59337586550757,1.3370028790796047,48.915450270042584,40.336869856747555,0.40214,0.9433618630978511,0.09653,49.903729632749645,21.426252977845426,2.8522134061462827,329.14717390055154,1.8964560442498608
669,0.08745,2.380136006501418,6.480698820167502,0.08338,41.85669719871477,5.381152095812778,0.5696596698224912,6.930095347141026,16.874372457993278,4.7834405701417975,56.430931388833244,6.7151481099728265,16.518405495399957,6.745410870432795,2.0497861861548863,18.59337586550757,1.3370028790796047,48.915450270042584,40.336869856747555,0.40214,0.9433618630978511,0.09653,49.903729632749645,21.426252977845426,2.8522134061462827,329.14717390055154,1.8964560442498608
670,0.08745,2.380136006501418,6.480698820167502,0.08338,41.85669719871477,5.381152095812778,0.5696596698224912,6.930095347141026,16.874372457993278,4.7834405701417975,56.430931388833244,6.7151481099728265,16.518405495399957,6.745410870432795,2.0497861861548863,18.59337586550757,1.3370028790796047,48.915450270042584,40.336869856747555,0.40214,0.9433618630978511,0.09653,49.903729632749645,21.426252977845426,2.8522134061462827,329.14717390055154,1.8964560442498608
671,0.08745,2.380136006501418,6.480698820167502,0.08338,41.85669719871477,5.381152095812778,0.5696596698224912,6.930095347141026,16.874372457993278,4.7834405701417975,56.430931388833244,6.7151481099728265,16.518405495399957,6.745410870432795,2.0497861861548863,18.59337586550757,1.3370028790796047,48.915450270042584,40.336869856747555,0.40214,0.9433618630978511,0.09653,49.903729632749645,21.426252977845426,2.8522134061462827,329.14717390055154,1.8964560442498608
672,0.08745,2.380136006501418,6.480698820167502,0.08338,41.85669719871477,5.381152095812778,0.5696596698224912,6.930095347141026,16.874372457993278,4.7834405701417975,56.430931388833244,6.7151481099728265,16.518405495399957,6.745410870432795,2.0497861861548863,18.59337586550757,1.3370028790796047,48.915450270042584,40.336869856747555,0.40214,0.9433618630978511,0.09653,49.903729632749645,21.426252977845426,2.8522134061462827,329.14717390055154,1.8964560442498608
673,0.08745,2.380136006501418,6.480698820167502,0.08338,41.85669719871477,5.381152095812778,0.5696596698224912,6.930095347141026,16.874372457993278,4.7834405701417975,56.430931388833244,6.7151481099728265,16.518405495399957,6.745410870432795,2.0497861861548863,18.59337586550757,1.3370028790796047,48.915450270042584,40.336869856747555,0.40214,0.9433618630978511,0.09653,49.903729632749645,21.426252977845426,2.8522134061462827,329.14717390055154,1.8964560442498608
674,0.08745,2.380136006501418,6.480698820167502,0.08338,41.85669719871477,5.381152095812778,0.5696596698224912,6.930095347141026,16.874372457993278,4.7834405701417975,56.430931388833244,6.7151481099728265,16.518405495399957,6.745410870432795,2.0497861861548863,18.59337586550757,1.3370028790796047,48.915450270042584,40.336869856747555,0.40214,0.9433618630978511,0.09653,49.903729632749645,21.426252977845426,2.8522134061462827,329.14717390055154,1.8964560442498608
675,0.08745,2.380136006501418,6.480698820167502,0.08338,41.85669719871477,5.381152095812778,0.5696596698224912,6.930095347141026,16.874372457993278,4.7834405701417975,56.430931388833244,6.7151481099728265,16.518405495399957,6.745410870432795,2.0497861861548863,18.59337586550757,1.3370028790796047,48.915450270042584,40.336869856747555,0.40214,0.9433618630978511,0.09653,49.903729632749645,21.426252977845426,2.8522134061462827,329.14717390055154,1.8964560442498608
676,0.08745,2.380136006501418,6.480698820167502,0.08338,41.85669719871477,5.381152095812778,0.5696596698224912,6.930095347141026,16.874372457993278,4.7834405701417975,56.430931388833244,6.7151481099728265,16.518405495399957,6.745410870432795,2.0497861861548863,18.59337586550757,1.3370028790796047,48.915450270042584,40.336869856747555,0.40214,0.9433618630978511,0.09653,49.903729632749645,21.426252977845426,2.8522134061462827,329.14717390055154,1.8964560442498608
677,0.08745,2.380136006501418,6.480698820167502,0.08338,41.85669719871477,5.381152095812778,0.5696596698224912,6.930095347141026,16.874372457993278,4.7834405701417975,56.430931388833244,6.7151481099728265,16.518405495399957,6.745410870432795,2.0497861861548863,18.59337586550757,1.3370028790796047,48.915450270042584,40.336869856747555,0.40214,0.9433618630978511,0.09653,49.903729632749645,21.426252977845426,2.8522134061462827,329.14717390055154,1.8964560442498608
678,0.08745,2.380136006501418,6.480698820167502,0.08338,41.85669719871477,5.381152095812778,0.5696596698224912,6.930095347141026,16.874372457993278,4.7834405701417975,56.430931388833244,6.7151481099728265,16.518405495399957,6.745410870432795,2.0497861861548863,18.59337586550757,1.3370028790796047,48.915450270042584,40.336869856747555,0.40214,0.9433618630978511,0.09653,49.903729632749645,21.426252977845426,2.8522134061462827,329.14717390055154,1.8964560442498608
679,0.08745,2.380136006501418,6.480698820167502,0.08338,41.85669719871477,5.381152095812778,0.5696596698224912,6.930095347141026,16.874372457993278,4.7834405701417975,56.430931388833244,6.7151481099728265,16.518405495399957,6.745410870432795,2.0497861861548863,18.59337586550757,1.3370028790796047,48.915450270042584,40.336869856747555,0.40214,0.9433618630978511,0.09653,49.903729632749645,21.426252977845426,2.8522134061462827,329.14717390055154,1.8964560442498608
680,0.08745,2.380136006501418,6.480698820167502,0.08338,41.85669719871477,5.381152095812778,0.5696596698224912,6.930095347141026,16.874372457993278,4.7834405701417975,56.430931388833244,6.7151481099728265,16.518405495399957,6.745410870432795,2.0497861861548863,18.59337586550757,1.3370028790796047,48.915450270042584,40.336869856747555,0.40214,0.9433618630978511,0.09653,49.903729632749645,21.426252977845426,2.8522134061462827,329.14717390055154,1.8964560442498608
681,0.08745,2.380136006501418,6.480698820167502,0.08338,41.85669719871477,5.381152095812778,0.5696596698224912,6.930095347141026,16.874372457993278,4.7834405701417975,56.430931388833244,6.7151481099728265,16.518405495399957,6.745410870432795,2.0497861861548863,18.59337586550757,1.3370028790796047,48.915450270042584,40.336869856747555,0.40214,0.9433618630978511,0.09653,49.903729632749645,21.426252977845426,2.8522134061462827,329.14717390055154,1.8964560442498608
682,0.08745,2.380136006501418,6.480698820167502,0.08338,41.85669719871477,5.381152095812778,0.5696596698224912,6.930095347141026,16.874372457993278,4.7834405701417975,56.430931388833244,6.7151481099728265,16.518405495399957,6.745410870432795,2.0497861861548863,18.59337586550757,1.3370028790796047,48.915450270042584,40.336869856747555,0.40214,0.9433618630978511,0.09653,49.903729632749645,21.426252977845426,2.8522134061462827,329.14717390055154,1.8964560442498608
683,0.08745,2.380136006501418,6.480698820167502,0.08338,41.85669719871477,5.381152095812778,0.5696596698224912,6.930095347141026,16.874372457993278,4.7834405701417975,56.430931388833244,6.7151481099728265,16.518405495399957,6.745410870432795,2.0497861861548863,18.59337586550757,1.3370028790796047,48.915450270042584,40.336869856747555,0.40214,0.9433618630978511,0.09653,49.903729632749645,21.426252977845426,2.8522134061462827,329.14717390055154,1.8964560442498608
684,0.08745,2.380136006501418,6.480698820167502,0.08338,41.85669719871477,5.381152095812778,0.5696596698224912,6.930095347141026,16.874372457993278,4.7834405701417975,56.430931388833244,6.7151481099728265,16.518405495399957,6.745410870432795,2.0497861861548863,18.59337586550757,1.3370028790796047,48.915450270042584,40.336869856747555,0.40214,0.9433618630978511,0.09653,49.903729632749645,21.426252977845426,2.8522134061462827,329.14717390055154,1.8964560442498608
685,0.08745,2.380136006501418,6.480698820167502,0.08338,41.85669719871477,5.381152095812778,0.5696596698224912,6.930095347141026,16.874372457993278,4.7834405701417975,56.430931388833244,6.7151481099728265,16.518405495399957,6.745410870432795,2.0497861861548863,18.59337586550757,1.3370028790796047,48.915450270042584,40.336869856747555,0.40214,0.9433618630978511,0.09653,49.903729632749645,21.426252977845426,2.8522134061462827,329.14717390055154,1.8964560442498608
686,0.08745,2.380136006501418,6.480698820167502,0.08338,41.85669719871477,5.381152095812778,0.5696596698224912,6.930095347141026,16.874372457993278,4.7834405701417975,56.430931388833244,6.7151481099728265,16.518405495399957,6.745410870432795,2.0497861861548863,18.59337586550757,1.3370028790796047,48.915450270042584,40.336869856747555,0.40214,0.9433618630978511,0.09653,49.903729632749645,21.426252977845426,2.8522134061462827,329.14717390055154,1.8964560442498608
687,0.08745,2.380136006501418,6.480698820167502,0.08338,41.85669719871477,5.381152095812778,0.5696596698224912,6.930095347141026,16.874372457993278,4.7834405701417975,56.430931388833244,6.7151481099728265,16.518405495399957,6.745410870432795,2.0497861861548863,18.59337586550757,1.3370028790796047,48.915450270042584,40.336869856747555,0.40214,0.9433618630978511,0.09653,49.903729632749645,21.426252977845426,2.8522134061462827,329.14717390055154,1.8964560442498608
688,0.08745,2.380136006501418,6.480698820167502,0.08338,41.85669719871477,5.381152095812778,0.5696596698224912,6.930095347141026,16.874372457993278,4.7834405701417975,56.430931388833244,6.7151481099728265,16.518405495399957,6.745410870432795,2.0497861861548863,18.59337586550757,1.3370028790796047,48.915450270042584,40.336869856747555,0.40214,0.9433618630978511,0.09653,49.903729632749645,21.426252977845426,2.8522134061462827,329.14717390055154,1.8964560442498608
689,0.08745,2.380136006501418,6.480698820167502,0.08338,41.85669719871477,5.381152095812778,0.5696596698224912,6.930095347141026,16.874372457993278,4.7834405701417975,56.430931388833244,6.7151481099728265,16.518405495399957,6.745410870432795,2.0497861861548863,18.59337586550757,1.3370028790796047,48.915450270042584,40.336869856747555,0.40214,0.9433618630978511,0.09653,49.903729632749645,21.426252977845426,2.8522134061462827,329.14717390055154,1.8964560442498608
690,0.08745,2.380136006501418,6.480698820167502,0.08338,41.85669719871477,5.381152095812778,0.5696596698224912,6.930095347141026,16.874372457993278,4.7834405701417975,56.430931388833244,6.7151481099728265,16.518405495399957,6.745410870432795,2.0497861861548863,18.59337586550757,1.3370028790796047,48.915450270042584,40.336869856747555,0.40214,0.9433618630978511,0.09653,49.903729632749645,21.426252977845426,2.8522134061462827,329.14717390055154,1.8964560442498608
691,0.08745,2.380136006501418,6.480698820167502,0.08338,41.85669719871477,5.381152095812778,0.5696596698224912,6.930095347141026,16.874372457993278,4.7834405701417975,56.430931388833244,6.7151481099728265,16.518405495399957,6.745410870432795,2.0497861861548863,18.59337586550757,1.3370028790796047,48.915450270042584,40.336869856747555,0.40214,0.9433618630978511,0.09653,49.903729632749645,21.426252977845426,2.8522134061462827,329.14717390055154,1.8964560442498608
692,0.08745,2.380136006501418,6.480698820167502,0.08338,41.85669719871477,5.381152095812778,0.5696596698224912,6.930095347141026,16.874372457993278,4.7834405701417975,56.430931388833244,6.7151481099728265,16.518405495399957,6.745410870432795,2.0497861861548863,18.59337586550757,1.3370028790796047,48.915450270042584,40.336869856747555,0.40214,0.9433618630978511,0.09653,49.903729632749645,21.426252977845426,2.8522134061462827,329.14717390055154,1.8964560442498608
693,0.08745,2.380136006501418,6.480698820167502,0.08338,41.85669719871477,5.381152095812778,0.5696596698224912,6.930095347141026,16.874372457993278,4.7834405701417975,56.430931388833244,6.7151481099728265,16.518405495399957,6.745410870432795,2.0497861861548863,18.59337586550757,1.3370028790796047,48.915450270042584,40.336869856747555,0.40214,0.9433618630978511,0.09653,49.903729632749645,21.426252977845426,2.8522134061462827,329.14717390055154,1.8964560442498608
694,0.08745,2.380136006501418,6.480698820167502,0.08338,41.85669719871477,5.381152095812778,0.5696596698224912,6.930095347141026,16.874372457993278,4.7834405701417975,56.430931388833244,6.7151481099728265,16.518405495399957,6.745410870432795,2.0497861861548863,18.59337586550757,1.3370028790796047,48.915450270042584,40.336869856747555,0.40214,0.9433618630978511,0.09653,49.903729632749645,21.426252977845426,2.8522134061462827,329.14717390055154,1.8964560442498608
695,0.08745,2.380136006501418,6.480698820167502,0.08338,41.85669719871477,5.381152095812778,0.5696596698224912,6.930095347141026,16.874372457993278,4.7834405701417975,56.430931388833244,6.7151481099728265,16.518405495399957,6.745410870432795,2.0497861861548863,18.59337586550757,1.3370028790796047,48.915450270042584,40.336869856747555,0.40214,0.9433618630978511,0.09653,49.903729632749645,21.426252977845426,2.8522134061462827,329.14717390055154,1.8964560442498608
696,0.08745,2.380136006501418,6.480698820167502,0.08338,41.85669719871477,5.381152095812778,0.5696596698224912,6.930095347141026,16.874372457993278,4.7834405701417975,56.430931388833244,6.7151481099728265,16.518405495399957,6.745410870432795,2.0497861861548863,18.59337586550757,1.3370028790796047,48.915450270042584,40.336869856747555,0.40214,0.9433618630978511,0.09653,49.903729632749645,21.426252977845426,2.8522134061462827,329.14717390055154,1.8964560442498608
697,0.08745,2.380136006501418,6.480698820167502,0.08338,41.85669719871477,5.381152095812778,0.5696596698224912,6.930095347141026,16.874372457993278,4.7834405701417975,56.430931388833244,6.7151481099728265,16.518405495399957,6.745410870432795,2.0497861861548863,18.59337586550757,1.3370028790796047,48.915450270042584,40.336869856747555,0.40214,0.9433618630978511,0.09653,49.903729632749645,21.426252977845426,2.8522134061462827,329.14717390055154,1.8964560442498608
698,0.08745,2.380136006501418,6.480698820167502,0.08338,41.85669719871477,5.381152095812778,0.5696596698224912,6.930095347141026,16.874372457993278,4.7834405701417975,56.430931388833244,6.7151481099728265,16.518405495399957,6.745410870432795,2.0497861861548863,18.59337586550757,1.3370028790796047,48.915450270042584,40.336869856747555,0.40214,0.9433618630978511,0.09653,49.903729632749645,21.426252977845426,2.8522134061462827,329.14717390055154,1.8964560442498608
699,0.08745,2.380136006501418,6.480698820167502,0.08338,41.85669719871477,5.381152095812778,0.5696596698224912,6.930095347141026,16.874372457993278,4.7834405701417975,56.430931388833244,6.7151481099728265,16.518405495399957,6.745410870432795,2.0497861861548863,18.59337586550757,1.3370028790796047,48.915450270042584,40.336869856747555,0.40214,0.9433618630978511,0.09653,49.903729632749645,21.426252977845426,2.8522134061462827,329.14717390055154,1.8964560442498608
700,0.08745,2.380136006501418,6.480698820167502,0.08338,41.85669719871477,5.381152095812778,0.5696596698224912,6.930095347141026,16.874372457993278,4.7834405701417975,56.430931388833244,6.7151481099728265,16.518405495399957,6.745410870432795,2.0497861861548863,18.59337586550757,1.3370028790796047,48.915450270042584,40.336869856747555,0.40214,0.9433618630978511,0.09653,49.903729632749645,21.426252977845426,2.8522134061462827,329.14717390055154,1.8964560442498608
701,0.08745,2.380136006501418,6.480698820167502,0.08338,41.85669719871477,5.381152095812778,0.5696596698224912,6.930095347141026,16.874372457993278,4.7834405701417975,56.430931388833244,6.7151481099728265,16.518405495399957,6.745410870432795,2.0497861861548863,18.59337586550757,1.3370028790796047,48.915450270042584,40.336869856747555,0.40214,0.9433618630978511,0.09653,49.903729632749645,21.426252977845426,2.8522134061462827,329.14717390055154,1.8964560442498608
702,0.08745,2.380136006501418,6.480698820167502,0.08338,41.85669719871477,5.381152095812778,0.5696596698224912,6.930095347141026,16.874372457993278,4.7834405701417975,56.430931388833244,6.7151481099728265,16.518405495399957,6.745410870432795,2.0497861861548863,18.59337586550757,1.3370028790796047,48.915450270042584,40.336869856747555,0.40214,0.9433618630978511,0.09653,49.903729632749645,21.426252977845426,2.8522134061462827,329.14717390055154,1.8964560442498608
703,0.08745,2.380136006501418,6.480698820167502,0.08338,41.85669719871477,5.381152095812778,0.5696596698224912,6.930095347141026,16.874372457993278,4.7834405701417975,56.430931388833244,6.7151481099728265,16.518405495399957,6.745410870432795,2.0497861861548863,18.59337586550757,1.3370028790796047,48.915450270042584,40.336869856747555,0.40214,0.9433618630978511,0.09653,49.903729632749645,21.426252977845426,2.8522134061462827,329.14717390055154,1.8964560442498608
704,0.08745,2.380136006501418,6.480698820167502,0.08338,41.85669719871477,5.381152095812778,0.5696596698224912,6.930095347141026,16.874372457993278,4.7834405701417975,56.430931388833244,6.7151481099728265,16.518405495399957,6.745410870432795,2.0497861861548863,18.59337586550757,1.3370028790796047,48.915450270042584,40.336869856747555,0.40214,0.9433618630978511,0.09653,49.903729632749645,21.426252977845426,2.8522134061462827,329.14717390055154,1.8964560442498608
705,0.08745,2.380136006501418,6.480698820167502,0.08338,41.85669719871477,5.381152095812778,0.5696596698224912,6.930095347141026,16.874372457993278,4.7834405701417975,56.430931388833244,6.7151481099728265,16.518405495399957,6.745410870432795,2.0497861861548863,18.59337586550757,1.3370028790796047,48.915450270042584,40.336869856747555,0.40214,0.9433618630978511,0.09653,49.903729632749645,21.426252977845426,2.8522134061462827,329.14717390055154,1.8964560442498608
706,0.08745,2.380136006501418,6.480698820167502,0.08338,41.85669719871477,5.381152095812778,0.5696596698224912,6.930095347141026,16.874372457993278,4.7834405701417975,56.430931388833244,6.7151481099728265,16.518405495399957,6.745410870432795,2.0497861861548863,18.59337586550757,1.3370028790796047,48.915450270042584,40.336869856747555,0.40214,0.9433618630978511,0.09653,49.903729632749645,21.426252977845426,2.8522134061462827,329.14717390055154,1.8964560442498608
707,0.08745,2.380136006501418,6.480698820167502,0.08338,41.85669719871477,5.381152095812778,0.5696596698224912,6.930095347141026,16.874372457993278,4.7834405701417975,56.430931388833244,6.7151481099728265,16.518405495399957,6.745410870432795,2.0497861861548863,18.59337586550757,1.3370028790796047,48.915450270042584,40.336869856747555,0.40214,0.9433618630978511,0.09653,49.903729632749645,21.426252977845426,2.8522134061462827,329.14717390055154,1.8964560442498608
708,0.08745,2.380136006501418,6.480698820167502,0.08338,41.85669719871477,5.381152095812778,0.5696596698224912,6.930095347141026,16.874372457993278,4.7834405701417975,56.430931388833244,6.7151481099728265,16.518405495399957,6.745410870432795,2.0497861861548863,18.59337586550757,1.3370028790796047,48.915450270042584,40.336869856747555,0.40214,0.9433618630978511,0.09653,49.903729632749645,21.426252977845426,2.8522134061462827,329.14717390055154,1.8964560442498608
709,0.08745,2.380136006501418,6.480698820167502,0.08338,41.85669719871477,5.381152095812778,0.5696596698224912,6.930095347141026,16.874372457993278,4.7834405701417975,56.430931388833244,6.7151481099728265,16.518405495399957,6.745410870432795,2.0497861861548863,18.59337586550757,1.3370028790796047,48.915450270042584,40.336869856747555,0.40214,0.9433618630978511,0.09653,49.903729632749645,21.426252977845426,2.8522134061462827,329.14717390055154,1.8964560442498608
710,0.08745,2.380136006501418,6.480698820167502,0.08338,41.85669719871477,5.381152095812778,0.5696596698224912,6.930095347141026,16.874372457993278,4.7834405701417975,56.430931388833244,6.7151481099728265,16.518405495399957,6.745410870432795,2.0497861861548863,18.59337586550757,1.3370028790796047,48.915450270042584,40.336869856747555,0.40214,0.9433618630978511,0.09653,49.903729632749645,21.426252977845426,2.8522134061462827,329.14717390055154,1.8964560442498608
711,0.08745,2.380136006501418,6.480698820167502,0.08338,41.85669719871477,5.381152095812778,0.5696596698224912,6.930095347141026,16.874372457993278,4.7834405701417975,56.430931388833244,6.7151481099728265,16.518405495399957,6.745410870432795,2.0497861861548863,18.59337586550757,1.3370028790796047,48.915450270042584,40.336869856747555,0.40214,0.9433618630978511,0.09653,49.903729632749645,21.426252977845426,2.8522134061462827,329.14717390055154,1.8964560442498608
712,0.08745,2.380136006501418,6.480698820167502,0.08338,41.85669719871477,5.381152095812778,0.5696596698224912,6.930095347141026,16.874372457993278,4.7834405701417975,56.430931388833244,6.7151481099728265,16.518405495399957,6.745410870432795,2.0497861861548863,18.59337586550757,1.3370028790796047,48.915450270042584,40.336869856747555,0.40214,0.9433618630978511,0.09653,49.903729632749645,21.426252977845426,2.8522134061462827,329.14717390055154,1.8964560442498608
713,0.08745,2.380136006501418,6.480698820167502,0.08338,41.85669719871477,5.381152095812778,0.5696596698224912,6.930095347141026,16.874372457993278,4.7834405701417975,56.430931388833244,6.7151481099728265,16.518405495399957,6.745410870432795,2.0497861861548863,18.59337586550757,1.3370028790796047,48.915450270042584,40.336869856747555,0.40214,0.9433618630978511,0.09653,49.903729632749645,21.426252977845426,2.8522134061462827,329.14717390055154,1.8964560442498608
714,0.08745,2.380136006501418,6.480698820167502,0.08338,41.85669719871477,5.381152095812778,0.5696596698224912,6.930095347141026,16.874372457993278,4.7834405701417975,56.430931388833244,6.7151481099728265,16.518405495399957,6.745410870432795,2.0497861861548863,18.59337586550757,1.3370028790796047,48.915450270042584,40.336869856747555,0.40214,0.9433618630978511,0.09653,49.903729632749645,21.426252977845426,2.8522134061462827,329.14717390055154,1.8964560442498608
715,0.08745,2.380136006501418,6.480698820167502,0.08338,41.85669719871477,5.381152095812778,0.5696596698224912,6.930095347141026,16.874372457993278,4.7834405701417975,56.430931388833244,6.7151481099728265,16.518405495399957,6.745410870432795,2.0497861861548863,18.59337586550757,1.3370028790796047,48.915450270042584,40.336869856747555,0.40214,0.9433618630978511,0.09653,49.903729632749645,21.426252977845426,2.8522134061462827,329.14717390055154,1.8964560442498608
716,0.08745,2.380136006501418,6.480698820167502,0.08338,41.85669719871477,5.381152095812778,0.5696596698224912,6.930095347141026,16.874372457993278,4.7834405701417975,56.430931388833244,6.7151481099728265,16.518405495399957,6.745410870432795,2.0497861861548863,18.59337586550757,1.3370028790796047,48.915450270042584,40.336869856747555,0.40214,0.9433618630978511,0.09653,49.903729632749645,21.426252977845426,2.8522134061462827,329.14717390055154,1.8964560442498608
717,0.08745,2.380136006501418,6.480698820167502,0.08338,41.85669719871477,5.381152095812778,0.5696596698224912,6.930095347141026,16.874372457993278,4.7834405701417975,56.430931388833244,6.7151481099728265,16.518405495399957,6.745410870432795,2.0497861861548863,18.59337586550757,1.3370028790796047,48.915450270042584,40.336869856747555,0.40214,0.9433618630978511,0.09653,49.903729632749645,21.426252977845426,2.8522134061462827,329.14717390055154,1.8964560442498608
718,0.08745,2.380136006501418,6.480698820167502,0.08338,41.85669719871477,5.381152095812778,0.5696596698224912,6.930095347141026,16.874372457993278,4.7834405701417975,56.430931388833244,6.7151481099728265,16.518405495399957,6.745410870432795,2.0497861861548863,18.59337586550757,1.3370028790796047,48.915450270042584,40.336869856747555,0.40214,0.9433618630978511,0.09653,49.903729632749645,21.426252977845426,2.8522134061462827,329.14717390055154,1.8964560442498608
719,0.08745,2.380136006501418,6.480698820167502,0.08338,41.85669719871477,5.381152095812778,0.5696596698224912,6.930095347141026,16.874372457993278,4.7834405701417975,56.430931388833244,6.7151481099728265,16.518405495399957,6.745410870432795,2.0497861861548863,18.59337586550757,1.3370028790796047,48.915450270042584,40.336869856747555,0.40214,0.9433618630978511,0.09653,49.903729632749645,21.426252977845426,2.8522134061462827,329.14717390055154,1.8964560442498608
720,0.08745,2.380136006501418,6.480698820167502,0.08338,41.85669719871477,5.381152095812778,0.5696596698224912,6.930095347141026,16.874372457993278,4.7834405701417975,56.430931388833244,6.7151481099728265,16.518405495399957,6.745410870432795,2.0497861861548863,18.59337586550757,1.3370028790796047,48.915450270042584,40.336869856747555,0.40214,0.9433618630978511,0.09653,49.903729632749645,21.426252977845426,2.8522134061462827,329.14717390055154,1.8964560442498608
721,0.08745,2.380136006501418,6.480698820167502,0.08338,41.85669719871477,5.381152095812778,0.5696596698224912,6.930095347141026,16.874372457993278,4.7834405701417975,56.430931388833244,6.7151481099728265,16.518405495399957,6.745410870432795,2.0497861861548863,18.59337586550757,1.3370028790796047,48.915450270042584,40.336869856747555,0.40214,0.9433618630978511,0.09653,49.903729632749645,21.426252977845426,2.8522134061462827,329.14717390055154,1.8964560442498608
722,0.08745,2.380136006501418,6.480698820167502,0.08338,41.85669719871477,5.381152095812778,0.5696596698224912,6.930095347141026,16.874372457993278,4.7834405701417975,56.430931388833244,6.7151481099728265,16.518405495399957,6.745410870432795,2.0497861861548863,18.59337586550757,1.3370028790796047,48.915450270042584,40.336869856747555,0.40214,0.9433618630978511,0.09653,49.903729632749645,21.426252977845426,2.8522134061462827,329.14717390055154,1.8964560442498608
723,0.08745,2.380136006501418,6.480698820167502,0.08338,41.85669719871477,5.381152095812778,0.5696596698224912,6.930095347141026,16.874372457993278,4.7834405701417975,56.430931388833244,6.7151481099728265,16.518405495399957,6.745410870432795,2.0497861861548863,18.59337586550757,1.3370028790796047,48.915450270042584,40.336869856747555,0.40214,0.9433618630978511,0.09653,49.903729632749645,21.426252977845426,2.8522134061462827,329.14717390055154,1.8964560442498608
724,0.08745,2.380136006501418,6.480698820167502,0.08338,41.85669719871477,5.381152095812778,0.5696596698224912,6.930095347141026,16.874372457993278,4.7834405701417975,56.430931388833244,6.7151481099728265,16.518405495399957,6.745410870432795,2.0497861861548863,18.59337586550757,1.3370028790796047,48.915450270042584,40.336869856747555,0.40214,0.9433618630978511,0.09653,49.903729632749645,21.426252977845426,2.8522134061462827,329.14717390055154,1.8964560442498608
725,0.08745,2.380136006501418,6.480698820167502,0.08338,41.85669719871477,5.381152095812778,0.5696596698224912,6.930095347141026,16.874372457993278,4.7834405701417975,56.430931388833244,6.7151481099728265,16.518405495399957,6.745410870432795,2.0497861861548863,18.59337586550757,1.3370028790796047,48.915450270042584,40.336869856747555,0.40214,0.9433618630978511,0.09653,49.903729632749645,21.426252977845426,2.8522134061462827,329.14717390055154,1.8964560442498608
726,0.08745,2.380136006501418,6.480698820167502,0.08338,41.85669719871477,5.381152095812778,0.5696596698224912,6.930095347141026,16.874372457993278,4.7834405701417975,56.430931388833244,6.7151481099728265,16.518405495399957,6.745410870432795,2.0497861861548863,18.59337586550757,1.3370028790796047,48.915450270042584,40.336869856747555,0.40214,0.9433618630978511,0.09653,49.903729632749645,21.426252977845426,2.8522134061462827,329.14717390055154,1.8964560442498608
727,0.08745,2.380136006501418,6.480698820167502,0.08338,41.85669719871477,5.381152095812778,0.5696596698224912,6.930095347141026,16.874372457993278,4.7834405701417975,56.430931388833244,6.7151481099728265,16.518405495399957,6.745410870432795,2.0497861861548863,18.59337586550757,1.3370028790796047,48.915450270042584,40.336869856747555,0.40214,0.9433618630978511,0.09653,49.903729632749645,21.426252977845426,2.8522134061462827,329.14717390055154,1.8964560442498608
728,0.08745,2.380136006501418,6.480698820167502,0.08338,41.85669719871477,5.381152095812778,0.5696596698224912,6.930095347141026,16.874372457993278,4.7834405701417975,56.430931388833244,6.7151481099728265,16.518405495399957,6.745410870432795,2.0497861861548863,18.59337586550757,1.3370028790796047,48.915450270042584,40.336869856747555,0.40214,0.9433618630978511,0.09653,49.903729632749645,21.426252977845426,2.8522134061462827,329.14717390055154,1.8964560442498608
729,0.08745,2.380136006501418,6.480698820167502,0.08338,41.85669719871477,5.381152095812778,0.5696596698224912,6.930095347141026,16.874372457993278,4.7834405701417975,56.430931388833244,6.7151481099728265,16.518405495399957,6.745410870432795,2.0497861861548863,18.59337586550757,1.3370028790796047,48.915450270042584,40.336869856747555,0.40214,0.9433618630978511,0.09653,49.903729632749645,21.426252977845426,2.8522134061462827,329.14717390055154,1.8964560442498608
730,0.08745,2.380136006501418,6.480698820167502,0.08338,41.85669719871477,5.381152095812778,0.5696596698224912,6.930095347141026,16.874372457993278,4.7834405701417975,56.430931388833244,6.7151481099728265,16.518405495399957,6.745410870432795,2.0497861861548863,18.59337586550757,1.3370028790796047,48.915450270042584,40.336869856747555,0.40214,0.9433618630978511,0.09653,49.903729632749645,21.426252977845426,2.8522134061462827,329.14717390055154,1.8964560442498608
731,0.08745,2.380136006501418,6.480698820167502,0.08338,41.85669719871477,5.381152095812778,0.5696596698224912,6.930095347141026,16.874372457993278,4.7834405701417975,56.430931388833244,6.7151481099728265,16.518405495399957,6.745410870432795,2.0497861861548863,18.59337586550757,1.3370028790796047,48.915450270042584,40.336869856747555,0.40214,0.9433618630978511,0.09653,49.903729632749645,21.426252977845426,2.8522134061462827,329.14717390055154,1.8964560442498608
732,0.08745,2.380136006501418,6.480698820167502,0.08338,41.85669719871477,5.381152095812778,0.5696596698224912,6.930095347141026,16.874372457993278,4.7834405701417975,56.430931388833244,6.7151481099728265,16.518405495399957,6.745410870432795,2.0497861861548863,18.59337586550757,1.3370028790796047,48.915450270042584,40.336869856747555,0.40214,0.9433618630978511,0.09653,49.903729632749645,21.426252977845426,2.8522134061462827,329.14717390055154,1.8964560442498608
733,0.08745,2.380136006501418,6.480698820167502,0.08338,41.85669719871477,5.381152095812778,0.5696596698224912,6.930095347141026,16.874372457993278,4.7834405701417975,56.430931388833244,6.7151481099728265,16.518405495399957,6.745410870432795,2.0497861861548863,18.59337586550757,1.3370028790796047,48.915450270042584,40.336869856747555,0.40214,0.9433618630978511,0.09653,49.903729632749645,21.426252977845426,2.8522134061462827,329.14717390055154,1.8964560442498608
734,0.08745,2.380136006501418,6.480698820167502,0.08338,41.85669719871477,5.381152095812778,0.5696596698224912,6.930095347141026,16.874372457993278,4.7834405701417975,56.430931388833244,6.7151481099728265,16.518405495399957,6.745410870432795,2.0497861861548863,18.59337586550757,1.3370028790796047,48.915450270042584,40.336869856747555,0.40214,0.9433618630978511,0.09653,49.903729632749645,21.426252977845426,2.8522134061462827,329.14717390055154,1.8964560442498608
735,0.08745,2.380136006501418,6.480698820167502,0.08338,41.85669719871477,5.381152095812778,0.5696596698224912,6.930095347141026,16.874372457993278,4.7834405701417975,56.430931388833244,6.7151481099728265,16.518405495399957,6.745410870432795,2.0497861861548863,18.59337586550757,1.3370028790796047,48.915450270042584,40.336869856747555,0.40214,0.9433618630978511,0.09653,49.903729632749645,21.426252977845426,2.8522134061462827,329.14717390055154,1.8964560442498608
736,0.08745,2.380136006501418,6.480698820167502,0.08338,41.85669719871477,5.381152095812778,0.5696596698224912,6.930095347141026,16.874372457993278,4.7834405701417975,56.430931388833244,6.7151481099728265,16.518405495399957,6.745410870432795,2.0497861861548863,18.59337586550757,1.3370028790796047,48.915450270042584,40.336869856747555,0.40214,0.9433618630978511,0.09653,49.903729632749645,21.426252977845426,2.8522134061462827,329.14717390055154,1.8964560442498608
737,0.08745,2.380136006501418,6.480698820167502,0.08338,41.85669719871477,5.381152095812778,0.5696596698224912,6.930095347141026,16.874372457993278,4.7834405701417975,56.430931388833244,6.7151481099728265,16.518405495399957,6.745410870432795,2.0497861861548863,18.59337586550757,1.3370028790796047,48.915450270042584,40.336869856747555,0.40214,0.9433618630978511,0.09653,49.903729632749645,21.426252977845426,2.8522134061462827,329.14717390055154,1.8964560442498608
738,0.08745,2.380136006501418,6.480698820167502,0.08338,41.85669719871477,5.381152095812778,0.5696596698224912,6.930095347141026,16.874372457993278,4.7834405701417975,56.430931388833244,6.7151481099728265,16.518405495399957,6.745410870432795,2.0497861861548863,18.59337586550757,1.3370028790796047,48.915450270042584,40.336869856747555,0.40214,0.9433618630978511,0.09653,49.903729632749645,21.426252977845426,2.8522134061462827,329.14717390055154,1.8964560442498608
739,0.08745,2.380136006501418,6.480698820167502,0.08338,41.85669719871477,5.381152095812778,0.5696596698224912,6.930095347141026,16.874372457993278,4.7834405701417975,56.430931388833244,6.7151481099728265,16.518405495399957,6.745410870432795,2.0497861861548863,18.59337586550757,1.3370028790796047,48.915450270042584,40.336869856747555,0.40214,0.9433618630978511,0.09653,49.903729632749645,21.426252977845426,2.8522134061462827,329.14717390055154,1.8964560442498608
740,0.08745,2.380136006501418,6.480698820167502,0.08338,41.85669719871477,5.381152095812778,0.5696596698224912,6.930095347141026,16.874372457993278,4.7834405701417975,56.430931388833244,6.7151481099728265,16.518405495399957,6.745410870432795,2.0497861861548863,18.59337586550757,1.3370028790796047,48.915450270042584,40.336869856747555,0.40214,0.9433618630978511,0.09653,49.903729632749645,21.426252977845426,2.8522134061462827,329.14717390055154,1.8964560442498608
741,0.08745,2.380136006501418,6.480698820167502,0.08338,41.85669719871477,5.381152095812778,0.5696596698224912,6.930095347141026,16.874372457993278,4.7834405701417975,56.430931388833244,6.7151481099728265,16.518405495399957,6.745410870432795,2.0497861861548863,18.59337586550757,1.3370028790796047,48.915450270042584,40.336869856747555,0.40214,0.9433618630978511,0.09653,49.903729632749645,21.426252977845426,2.8522134061462827,329.14717390055154,1.8964560442498608
742,0.08745,2.380136006501418,6.480698820167502,0.08338,41.85669719871477,5.381152095812778,0.5696596698224912,6.930095347141026,16.874372457993278,4.7834405701417975,56.430931388833244,6.7151481099728265,16.518405495399957,6.745410870432795,2.0497861861548863,18.59337586550757,1.3370028790796047,48.915450270042584,40.336869856747555,0.40214,0.9433618630978511,0.09653,49.903729632749645,21.426252977845426,2.8522134061462827,329.14717390055154,1.8964560442498608
743,0.08745,2.380136006501418,6.480698820167502,0.08338,41.85669719871477,5.381152095812778,0.5696596698224912,6.930095347141026,16.874372457993278,4.7834405701417975,56.430931388833244,6.7151481099728265,16.518405495399957,6.745410870432795,2.0497861861548863,18.59337586550757,1.3370028790796047,48.915450270042584,40.336869856747555,0.40214,0.9433618630978511,0.09653,49.903729632749645,21.426252977845426,2.8522134061462827,329.14717390055154,1.8964560442498608
744,0.08745,2.380136006501418,6.480698820167502,0.08338,41.85669719871477,5.381152095812778,0.5696596698224912,6.930095347141026,16.874372457993278,4.7834405701417975,56.430931388833244,6.7151481099728265,16.518405495399957,6.745410870432795,2.0497861861548863,18.59337586550757,1.3370028790796047,48.915450270042584,40.336869856747555,0.40214,0.9433618630978511,0.09653,49.903729632749645,21.426252977845426,2.8522134061462827,329.14717390055154,1.8964560442498608
745,0.08745,2.380136006501418,6.480698820167502,0.08338,41.85669719871477,5.381152095812778,0.5696596698224912,6.930095347141026,16.874372457993278,4.7834405701417975,56.430931388833244,6.7151481099728265,16.518405495399957,6.745410870432795,2.0497861861548863,18.59337586550757,1.3370028790796047,48.915450270042584,40.336869856747555,0.40214,0.9433618630978511,0.09653,49.903729632749645,21.426252977845426,2.8522134061462827,329.14717390055154,1.8964560442498608
746,0.08745,2.380136006501418,6.480698820167502,0.08338,41.85669719871477,5.381152095812778,0.5696596698224912,6.930095347141026,16.874372457993278,4.7834405701417975,56.430931388833244,6.7151481099728265,16.518405495399957,6.745410870432795,2.0497861861548863,18.59337586550757,1.3370028790796047,48.915450270042584,40.336869856747555,0.40214,0.9433618630978511,0.09653,49.903729632749645,21.426252977845426,2.8522134061462827,329.14717390055154,1.8964560442498608
747,0.08745,2.380136006501418,6.480698820167502,0.08338,41.85669719871477,5.381152095812778,0.5696596698224912,6.930095347141026,16.874372457993278,4.7834405701417975,56.430931388833244,6.7151481099728265,16.518405495399957,6.745410870432795,2.0497861861548863,18.59337586550757,1.3370028790796047,48.915450270042584,40.336869856747555,0.40214,0.9433618630978511,0.09653,49.903729632749645,21.426252977845426,2.8522134061462827,329.14717390055154,1.8964560442498608
748,0.08745,2.380136006501418,6.480698820167502,0.08338,41.85669719871477,5.381152095812778,0.5696596698224912,6.930095347141026,16.874372457993278,4.7834405701417975,56.430931388833244,6.7151481099728265,16.518405495399957,6.745410870432795,2.0497861861548863,18.59337586550757,1.3370028790796047,48.915450270042584,40.336869856747555,0.40214,0.9433618630978511,0.09653,49.903729632749645,21.426252977845426,2.8522134061462827,329.14717390055154,1.8964560442498608
749,0.08745,2.380136006501418,6.480698820167502,0.08338,41.85669719871477,5.381152095812778,0.5696596698224912,6.930095347141026,16.874372457993278,4.7834405701417975,56.430931388833244,6.7151481099728265,16.518405495399957,6.745410870432795,2.0497861861548863,18.59337586550757,1.3370028790796047,48.915450270042584,40.336869856747555,0.40214,0.9433618630978511,0.09653,49.903729632749645,21.426252977845426,2.8522134061462827,329.14717390055154,1.8964560442498608
750,0.08745,2.380136006501418,6.480698820167502,0.08338,41.85669719871477,5.381152095812778,0.5696596698224912,6.930095347141026,16.874372457993278,4.7834405701417975,56.430931388833244,6.7151481099728265,16.518405495399957,6.745410870432795,2.0497861861548863,18.59337586550757,1.3370028790796047,48.915450270042584,40.336869856747555,0.40214,0.9433618630978511,0.09653,49.903729632749645,21.426252977845426,2.8522134061462827,329.14717390055154,1.8964560442498608
751,0.08745,2.380136006501418,6.480698820167502,0.08338,41.85669719871477,5.381152095812778,0.5696596698224912,6.930095347141026,16.874372457993278,4.7834405701417975,56.430931388833244,6.7151481099728265,16.518405495399957,6.745410870432795,2.0497861861548863,18.59337586550757,1.3370028790796047,48.915450270042584,40.336869856747555,0.40214,0.9433618630978511,0.09653,49.903729632749645,21.426252977845426,2.8522134061462827,329.14717390055154,1.8964560442498608
752,0.08745,2.380136006501418,6.480698820167502,0.08338,41.85669719871477,5.381152095812778,0.5696596698224912,6.930095347141026,16.874372457993278,4.7834405701417975,56.430931388833244,6.7151481099728265,16.518405495399957,6.745410870432795,2.0497861861548863,18.59337586550757,1.3370028790796047,48.915450270042584,40.336869856747555,0.40214,0.9433618630978511,0.09653,49.903729632749645,21.426252977845426,2.8522134061462827,329.14717390055154,1.8964560442498608
753,0.08745,2.380136006501418,6.480698820167502,0.08338,41.85669719871477,5.381152095812778,0.5696596698224912,6.930095347141026,16.874372457993278,4.7834405701417975,56.430931388833244,6.7151481099728265,16.518405495399957,6.745410870432795,2.0497861861548863,18.59337586550757,1.3370028790796047,48.915450270042584,40.336869856747555,0.40214,0.9433618630978511,0.09653,49.903729632749645,21.426252977845426,2.8522134061462827,329.14717390055154,1.8964560442498608
754,0.08745,2.380136006501418,6.480698820167502,0.08338,41.85669719871477,5.381152095812778,0.5696596698224912,6.930095347141026,16.874372457993278,4.7834405701417975,56.430931388833244,6.7151481099728265,16.518405495399957,6.745410870432795,2.0497861861548863,18.59337586550757,1.3370028790796047,48.915450270042584,40.336869856747555,0.40214,0.9433618630978511,0.09653,49.903729632749645,21.426252977845426,2.8522134061462827,329.14717390055154,1.8964560442498608
755,0.08745,2.380136006501418,6.480698820167502,0.08338,41.85669719871477,5.381152095812778,0.5696596698224912,6.930095347141026,16.874372457993278,4.7834405701417975,56.430931388833244,6.7151481099728265,16.518405495399957,6.745410870432795,2.0497861861548863,18.59337586550757,1.3370028790796047,48.915450270042584,40.336869856747555,0.40214,0.9433618630978511,0.09653,49.903729632749645,21.426252977845426,2.8522134061462827,329.14717390055154,1.8964560442498608
756,0.08745,2.380136006501418,6.480698820167502,0.08338,41.85669719871477,5.381152095812778,0.5696596698224912,6.930095347141026,16.874372457993278,4.7834405701417975,56.430931388833244,6.7151481099728265,16.518405495399957,6.745410870432795,2.0497861861548863,18.59337586550757,1.3370028790796047,48.915450270042584,40.336869856747555,0.40214,0.9433618630978511,0.09653,49.903729632749645,21.426252977845426,2.8522134061462827,329.14717390055154,1.8964560442498608
757,0.08745,2.380136006501418,6.480698820167502,0.08338,41.85669719871477,5.381152095812778,0.5696596698224912,6.930095347141026,16.874372457993278,4.7834405701417975,56.430931388833244,6.7151481099728265,16.518405495399957,6.745410870432795,2.0497861861548863,18.59337586550757,1.3370028790796047,48.915450270042584,40.336869856747555,0.40214,0.9433618630978511,0.09653,49.903729632749645,21.426252977845426,2.8522134061462827,329.14717390055154,1.8964560442498608
758,0.08745,2.380136006501418,6.480698820167502,0.08338,41.85669719871477,5.381152095812778,0.5696596698224912,6.930095347141026,16.874372457993278,4.7834405701417975,56.430931388833244,6.7151481099728265,16.518405495399957,6.745410870432795,2.0497861861548863,18.59337586550757,1.3370028790796047,48.915450270042584,40.336869856747555,0.40214,0.9433618630978511,0.09653,49.903729632749645,21.426252977845426,2.8522134061462827,329.14717390055154,1.8964560442498608
759,0.08745,2.380136006501418,6.480698820167502,0.08338,41.85669719871477,5.381152095812778,0.5696596698224912,6.930095347141026,16.874372457993278,4.7834405701417975,56.430931388833244,6.7151481099728265,16.518405495399957,6.745410870432795,2.0497861861548863,18.59337586550757,1.3370028790796047,48.915450270042584,40.336869856747555,0.40214,0.9433618630978511,0.09653,49.903729632749645,21.426252977845426,2.8522134061462827,329.14717390055154,1.8964560442498608
760,0.08745,2.380136006501418,6.480698820167502,0.08338,41.85669719871477,5.381152095812778,0.5696596698224912,6.930095347141026,16.874372457993278,4.7834405701417975,56.430931388833244,6.7151481099728265,16.518405495399957,6.745410870432795,2.0497861861548863,18.59337586550757,1.3370028790796047,48.915450270042584,40.336869856747555,0.40214,0.9433618630978511,0.09653,49.903729632749645,21.426252977845426,2.8522134061462827,329.14717390055154,1.8964560442498608
761,0.08745,2.380136006501418,6.480698820167502,0.08338,41.85669719871477,5.381152095812778,0.5696596698224912,6.930095347141026,16.874372457993278,4.7834405701417975,56.430931388833244,6.7151481099728265,16.518405495399957,6.745410870432795,2.0497861861548863,18.59337586550757,1.3370028790796047,48.915450270042584,40.336869856747555,0.40214,0.9433618630978511,0.09653,49.903729632749645,21.426252977845426,2.8522134061462827,329.14717390055154,1.8964560442498608
762,0.08745,2.380136006501418,6.480698820167502,0.08338,41.85669719871477,5.381152095812778,0.5696596698224912,6.930095347141026,16.874372457993278,4.7834405701417975,56.430931388833244,6.7151481099728265,16.518405495399957,6.745410870432795,2.0497861861548863,18.59337586550757,1.3370028790796047,48.915450270042584,40.336869856747555,0.40214,0.9433618630978511,0.09653,49.903729632749645,21.426252977845426,2.8522134061462827,329.14717390055154,1.8964560442498608
763,0.08745,2.380136006501418,6.480698820167502,0.08338,41.85669719871477,5.381152095812778,0.5696596698224912,6.930095347141026,16.874372457993278,4.7834405701417975,56.430931388833244,6.7151481099728265,16.518405495399957,6.745410870432795,2.0497861861548863,18.59337586550757,1.3370028790796047,48.915450270042584,40.336869856747555,0.40214,0.9433618630978511,0.09653,49.903729632749645,21.426252977845426,2.8522134061462827,329.14717390055154,1.8964560442498608
764,0.08745,2.380136006501418,6.480698820167502,0.08338,41.85669719871477,5.381152095812778,0.5696596698224912,6.930095347141026,16.874372457993278,4.7834405701417975,56.430931388833244,6.7151481099728265,16.518405495399957,6.745410870432795,2.0497861861548863,18.59337586550757,1.3370028790796047,48.915450270042584,40.336869856747555,0.40214,0.9433618630978511,0.09653,49.903729632749645,21.426252977845426,2.8522134061462827,329.14717390055154,1.8964560442498608
765,0.08745,2.380136006501418,6.480698820167502,0.08338,41.85669719871477,5.381152095812778,0.5696596698224912,6.930095347141026,16.874372457993278,4.7834405701417975,56.430931388833244,6.7151481099728265,16.518405495399957,6.745410870432795,2.0497861861548863,18.59337586550757,1.3370028790796047,48.915450270042584,40.336869856747555,0.40214,0.9433618630978511,0.09653,49.903729632749645,21.426252977845426,2.8522134061462827,329.14717390055154,1.8964560442498608
766,0.08745,2.380136006501418,6.480698820167502,0.08338,41.85669719871477,5.381152095812778,0.5696596698224912,6.930095347141026,16.874372457993278,4.7834405701417975,56.430931388833244,6.7151481099728265,16.518405495399957,6.745410870432795,2.0497861861548863,18.59337586550757,1.3370028790796047,48.915450270042584,40.336869856747555,0.40214,0.9433618630978511,0.09653,49.903729632749645,21.426252977845426,2.8522134061462827,329.14717390055154,1.8964560442498608
767,0.08745,2.380136006501418,6.480698820167502,0.08338,41.85669719871477,5.381152095812778,0.5696596698224912,6.930095347141026,16.874372457993278,4.7834405701417975,56.430931388833244,6.7151481099728265,16.518405495399957,6.745410870432795,2.0497861861548863,18.59337586550757,1.3370028790796047,48.915450270042584,40.336869856747555,0.40214,0.9433618630978511,0.09653,49.903729632749645,21.426252977845426,2.8522134061462827,329.14717390055154,1.8964560442498608
768,0.08745,2.380136006501418,6.480698820167502,0.08338,41.85669719871477,5.381152095812778,0.5696596698224912,6.930095347141026,16.874372457993278,4.7834405701417975,56.430931388833244,6.7151481099728265,16.518405495399957,6.745410870432795,2.0497861861548863,18.59337586550757,1.3370028790796047,48.915450270042584,40.336869856747555,0.40214,0.9433618630978511,0.09653,49.903729632749645,21.426252977845426,2.8522134061462827,329.14717390055154,1.8964560442498608
769,0.08745,2.380136006501418,6.480698820167502,0.08338,41.85669719871477,5.381152095812778,0.5696596698224912,6.930095347141026,16.874372457993278,4.7834405701417975,56.430931388833244,6.7151481099728265,16.518405495399957,6.745410870432795,2.0497861861548863,18.59337586550757,1.3370028790796047,48.915450270042584,40.336869856747555,0.40214,0.9433618630978511,0.09653,49.903729632749645,21.426252977845426,2.8522134061462827,329.14717390055154,1.8964560442498608
770,0.08745,2.380136006501418,6.480698820167502,0.08338,41.85669719871477,5.381152095812778,0.5696596698224912,6.930095347141026,16.874372457993278,4.7834405701417975,56.430931388833244,6.7151481099728265,16.518405495399957,6.745410870432795,2.0497861861548863,18.59337586550757,1.3370028790796047,48.915450270042584,40.336869856747555,0.40214,0.9433618630978511,0.09653,49.903729632749645,21.426252977845426,2.8522134061462827,329.14717390055154,1.8964560442498608
771,0.08745,2.380136006501418,6.480698820167502,0.08338,41.85669719871477,5.381152095812778,0.5696596698224912,6.930095347141026,16.874372457993278,4.7834405701417975,56.430931388833244,6.7151481099728265,16.518405495399957,6.745410870432795,2.0497861861548863,18.59337586550757,1.3370028790796047,48.915450270042584,40.336869856747555,0.40214,0.9433618630978511,0.09653,49.903729632749645,21.426252977845426,2.8522134061462827,329.14717390055154,1.8964560442498608
772,0.08745,2.380136006501418,6.480698820167502,0.08338,41.85669719871477,5.381152095812778,0.5696596698224912,6.930095347141026,16.874372457993278,4.7834405701417975,56.430931388833244,6.7151481099728265,16.518405495399957,6.745410870432795,2.0497861861548863,18.59337586550757,1.3370028790796047,48.915450270042584,40.336869856747555,0.40214,0.9433618630978511,0.09653,49.903729632749645,21.426252977845426,2.8522134061462827,329.14717390055154,1.8964560442498608
773,0.08745,2.380136006501418,6.480698820167502,0.08338,41.85669719871477,5.381152095812778,0.5696596698224912,6.930095347141026,16.874372457993278,4.7834405701417975,56.430931388833244,6.7151481099728265,16.518405495399957,6.745410870432795,2.0497861861548863,18.59337586550757,1.3370028790796047,48.915450270042584,40.336869856747555,0.40214,0.9433618630978511,0.09653,49.903729632749645,21.426252977845426,2.8522134061462827,329.14717390055154,1.8964560442498608
774,0.08745,2.380136006501418,6.480698820167502,0.08338,41.85669719871477,5.381152095812778,0.5696596698224912,6.930095347141026,16.874372457993278,4.7834405701417975,56.430931388833244,6.7151481099728265,16.518405495399957,6.745410870432795,2.0497861861548863,18.59337586550757,1.3370028790796047,48.915450270042584,40.336869856747555,0.40214,0.9433618630978511,0.09653,49.903729632749645,21.426252977845426,2.8522134061462827,329.14717390055154,1.8964560442498608
775,0.08745,2.380136006501418,6.480698820167502,0.08338,41.85669719871477,5.381152095812778,0.5696596698224912,6.930095347141026,16.874372457993278,4.7834405701417975,56.430931388833244,6.7151481099728265,16.518405495399957,6.745410870432795,2.0497861861548863,18.59337586550757,1.3370028790796047,48.915450270042584,40.336869856747555,0.40214,0.9433618630978511,0.09653,49.903729632749645,21.426252977845426,2.8522134061462827,329.14717390055154,1.8964560442498608
776,0.08745,2.380136006501418,6.480698820167502,0.08338,41.85669719871477,5.381152095812778,0.5696596698224912,6.930095347141026,16.874372457993278,4.7834405701417975,56.430931388833244,6.7151481099728265,16.518405495399957,6.745410870432795,2.0497861861548863,18.59337586550757,1.3370028790796047,48.915450270042584,40.336869856747555,0.40214,0.9433618630978511,0.09653,49.903729632749645,21.426252977845426,2.8522134061462827,329.14717390055154,1.8964560442498608
777,0.08745,2.380136006501418,6.480698820167502,0.08338,41.85669719871477,5.381152095812778,0.5696596698224912,6.930095347141026,16.874372457993278,4.7834405701417975,56.430931388833244,6.7151481099728265,16.518405495399957,6.745410870432795,2.0497861861548863,18.59337586550757,1.3370028790796047,48.915450270042584,40.336869856747555,0.40214,0.9433618630978511,0.09653,49.903729632749645,21.426252977845426,2.8522134061462827,329.14717390055154,1.8964560442498608
778,0.08745,2.380136006501418,6.480698820167502,0.08338,41.85669719871477,5.381152095812778,0.5696596698224912,6.930095347141026,16.874372457993278,4.7834405701417975,56.430931388833244,6.7151481099728265,16.518405495399957,6.745410870432795,2.0497861861548863,18.59337586550757,1.3370028790796047,48.915450270042584,40.336869856747555,0.40214,0.9433618630978511,0.09653,49.903729632749645,21.426252977845426,2.8522134061462827,329.14717390055154,1.8964560442498608
779,0.08745,2.380136006501418,6.480698820167502,0.08338,41.85669719871477,5.381152095812778,0.5696596698224912,6.930095347141026,16.874372457993278,4.7834405701417975,56.430931388833244,6.7151481099728265,16.518405495399957,6.745410870432795,2.0497861861548863,18.59337586550757,1.3370028790796047,48.915450270042584,40.336869856747555,0.40214,0.9433618630978511,0.09653,49.903729632749645,21.426252977845426,2.8522134061462827,329.14717390055154,1.8964560442498608
780,0.08745,2.380136006501418,6.480698820167502,0.08338,41.85669719871477,5.381152095812778,0.5696596698224912,6.930095347141026,16.874372457993278,4.7834405701417975,56.430931388833244,6.7151481099728265,16.518405495399957,6.745410870432795,2.0497861861548863,18.59337586550757,1.3370028790796047,48.915450270042584,40.336869856747555,0.40214,0.9433618630978511,0.09653,49.903729632749645,21.426252977845426,2.8522134061462827,329.14717390055154,1.8964560442498608
781,0.08745,2.380136006501418,6.480698820167502,0.08338,41.85669719871477,5.381152095812778,0.5696596698224912,6.930095347141026,16.874372457993278,4.7834405701417975,56.430931388833244,6.7151481099728265,16.518405495399957,6.745410870432795,2.0497861861548863,18.59337586550757,1.3370028790796047,48.915450270042584,40.336869856747555,0.40214,0.9433618630978511,0.09653,49.903729632749645,21.426252977845426,2.8522134061462827,329.14717390055154,1.8964560442498608
782,0.08745,2.380136006501418,6.480698820167502,0.08338,41.85669719871477,5.381152095812778,0.5696596698224912,6.930095347141026,16.874372457993278,4.7834405701417975,56.430931388833244,6.7151481099728265,16.518405495399957,6.745410870432795,2.0497861861548863,18.59337586550757,1.3370028790796047,48.915450270042584,40.336869856747555,0.40214,0.9433618630978511,0.09653,49.903729632749645,21.426252977845426,2.8522134061462827,329.14717390055154,1.8964560442498608
783,0.08745,2.380136006501418,6.480698820167502,0.08338,41.85669719871477,5.381152095812778,0.5696596698224912,6.930095347141026,16.874372457993278,4.7834405701417975,56.430931388833244,6.7151481099728265,16.518405495399957,6.745410870432795,2.0497861861548863,18.59337586550757,1.3370028790796047,48.915450270042584,40.336869856747555,0.40214,0.9433618630978511,0.09653,49.903729632749645,21.426252977845426,2.8522134061462827,329.14717390055154,1.8964560442498608
784,0.08745,2.380136006501418,6.480698820167502,0.08338,41.85669719871477,5.381152095812778,0.5696596698224912,6.930095347141026,16.874372457993278,4.7834405701417975,56.430931388833244,6.7151481099728265,16.518405495399957,6.745410870432795,2.0497861861548863,18.59337586550757,1.3370028790796047,48.915450270042584,40.336869856747555,0.40214,0.9433618630978511,0.09653,49.903729632749645,21.426252977845426,2.8522134061462827,329.14717390055154,1.8964560442498608
785,0.08745,2.380136006501418,6.480698820167502,0.08338,41.85669719871477,5.381152095812778,0.5696596698224912,6.930095347141026,16.874372457993278,4.7834405701417975,56.430931388833244,6.7151481099728265,16.518405495399957,6.745410870432795,2.0497861861548863,18.59337586550757,1.3370028790796047,48.915450270042584,40.336869856747555,0.40214,0.9433618630978511,0.09653,49.903729632749645,21.426252977845426,2.8522134061462827,329.14717390055154,1.8964560442498608
786,0.08745,2.380136006501418,6.480698820167502,0.08338,41.85669719871477,5.381152095812778,0.5696596698224912,6.930095347141026,16.874372457993278,4.7834405701417975,56.430931388833244,6.7151481099728265,16.518405495399957,6.745410870432795,2.0497861861548863,18.59337586550757,1.3370028790796047,48.915450270042584,40.336869856747555,0.40214,0.9433618630978511,0.09653,49.903729632749645,21.426252977845426,2.8522134061462827,329.14717390055154,1.8964560442498608
787,0.08745,2.380136006501418,6.480698820167502,0.08338,41.85669719871477,5.381152095812778,0.5696596698224912,6.930095347141026,16.874372457993278,4.7834405701417975,56.430931388833244,6.7151481099728265,16.518405495399957,6.745410870432795,2.0497861861548863,18.59337586550757,1.3370028790796047,48.915450270042584,40.336869856747555,0.40214,0.9433618630978511,0.09653,49.903729632749645,21.426252977845426,2.8522134061462827,329.14717390055154,1.8964560442498608
788,0.08745,2.380136006501418,6.480698820167502,0.08338,41.85669719871477,5.381152095812778,0.5696596698224912,6.930095347141026,16.874372457993278,4.7834405701417975,56.430931388833244,6.7151481099728265,16.518405495399957,6.745410870432795,2.0497861861548863,18.59337586550757,1.3370028790796047,48.915450270042584,40.336869856747555,0.40214,0.9433618630978511,0.09653,49.903729632749645,21.426252977845426,2.8522134061462827,329.14717390055154,1.8964560442498608
789,0.08745,2.380136006501418,6.480698820167502,0.08338,41.85669719871477,5.381152095812778,0.5696596698224912,6.930095347141026,16.874372457993278,4.7834405701417975,56.430931388833244,6.7151481099728265,16.518405495399957,6.745410870432795,2.0497861861548863,18.59337586550757,1.3370028790796047,48.915450270042584,40.336869856747555,0.40214,0.9433618630978511,0.09653,49.903729632749645,21.426252977845426,2.8522134061462827,329.14717390055154,1.8964560442498608
790,0.08745,2.380136006501418,6.480698820167502,0.08338,41.85669719871477,5.381152095812778,0.5696596698224912,6.930095347141026,16.874372457993278,4.7834405701417975,56.430931388833244,6.7151481099728265,16.518405495399957,6.745410870432795,2.0497861861548863,18.59337586550757,1.3370028790796047,48.915450270042584,40.336869856747555,0.40214,0.9433618630978511,0.09653,49.903729632749645,21.426252977845426,2.8522134061462827,329.14717390055154,1.8964560442498608
791,0.08745,2.380136006501418,6.480698820167502,0.08338,41.85669719871477,5.381152095812778,0.5696596698224912,6.930095347141026,16.874372457993278,4.7834405701417975,56.430931388833244,6.7151481099728265,16.518405495399957,6.745410870432795,2.0497861861548863,18.59337586550757,1.3370028790796047,48.915450270042584,40.336869856747555,0.40214,0.9433618630978511,0.09653,49.903729632749645,21.426252977845426,2.8522134061462827,329.14717390055154,1.8964560442498608
792,0.08745,2.380136006501418,6.480698820167502,0.08338,41.85669719871477,5.381152095812778,0.5696596698224912,6.930095347141026,16.874372457993278,4.7834405701417975,56.430931388833244,6.7151481099728265,16.518405495399957,6.745410870432795,2.0497861861548863,18.59337586550757,1.3370028790796047,48.915450270042584,40.336869856747555,0.40214,0.9433618630978511,0.09653,49.903729632749645,21.426252977845426,2.8522134061462827,329.14717390055154,1.8964560442498608
793,0.08745,2.380136006501418,6.480698820167502,0.08338,41.85669719871477,5.381152095812778,0.5696596698224912,6.930095347141026,16.874372457993278,4.7834405701417975,56.430931388833244,6.7151481099728265,16.518405495399957,6.745410870432795,2.0497861861548863,18.59337586550757,1.3370028790796047,48.915450270042584,40.336869856747555,0.40214,0.9433618630978511,0.09653,49.903729632749645,21.426252977845426,2.8522134061462827,329.14717390055154,1.8964560442498608
794,0.08745,2.380136006501418,6.480698820167502,0.08338,41.85669719871477,5.381152095812778,0.5696596698224912,6.930095347141026,16.874372457993278,4.7834405701417975,56.430931388833244,6.7151481099728265,16.518405495399957,6.745410870432795,2.0497861861548863,18.59337586550757,1.3370028790796047,48.915450270042584,40.336869856747555,0.40214,0.9433618630978511,0.09653,49.903729632749645,21.426252977845426,2.8522134061462827,329.14717390055154,1.8964560442498608
795,0.08745,2.380136006501418,6.480698820167502,0.08338,41.85669719871477,5.381152095812778,0.5696596698224912,6.930095347141026,16.874372457993278,4.7834405701417975,56.430931388833244,6.7151481099728265,16.518405495399957,6.745410870432795,2.0497861861548863,18.59337586550757,1.3370028790796047,48.915450270042584,40.336869856747555,0.40214,0.9433618630978511,0.09653,49.903729632749645,21.426252977845426,2.8522134061462827,329.14717390055154,1.8964560442498608
796,0.08745,2.380136006501418,6.480698820167502,0.08338,41.85669719871477,5.381152095812778,0.5696596698224912,6.930095347141026,16.874372457993278,4.7834405701417975,56.430931388833244,6.7151481099728265,16.518405495399957,6.745410870432795,2.0497861861548863,18.59337586550757,1.3370028790796047,48.915450270042584,40.336869856747555,0.40214,0.9433618630978511,0.09653,49.903729632749645,21.426252977845426,2.8522134061462827,329.14717390055154,1.8964560442498608
797,0.08745,2.380136006501418,6.480698820167502,0.08338,41.85669719871477,5.381152095812778,0.5696596698224912,6.930095347141026,16.874372457993278,4.7834405701417975,56.430931388833244,6.7151481099728265,16.518405495399957,6.745410870432795,2.0497861861548863,18.59337586550757,1.3370028790796047,48.915450270042584,40.336869856747555,0.40214,0.9433618630978511,0.09653,49.903729632749645,21.426252977845426,2.8522134061462827,329.14717390055154,1.8964560442498608
798,0.08745,2.380136006501418,6.480698820167502,0.08338,41.85669719871477,5.381152095812778,0.5696596698224912,6.930095347141026,16.874372457993278,4.7834405701417975,56.430931388833244,6.7151481099728265,16.518405495399957,6.745410870432795,2.0497861861548863,18.59337586550757,1.3370028790796047,48.915450270042584,40.336869856747555,0.40214,0.9433618630978511,0.09653,49.903729632749645,21.426252977845426,2.8522134061462827,329.14717390055154,1.8964560442498608
799,0.08745,2.380136006501418,6.480698820167502,0.08338,41.85669719871477,5.381152095812778,0.5696596698224912,6.930095347141026,16.874372457993278,4.7834405701417975,56.430931388833244,6.7151481099728265,16.518405495399957,6.745410870432795,2.0497861861548863,18.59337586550757,1.3370028790796047,48.915450270042584,40.336869856747555,0.40214,0.9433618630978511,0.09653,49.903729632749645,21.426252977845426,2.8522134061462827,329.14717390055154,1.8964560442498608
800,0.08745,2.380136006501418,6.480698820167502,0.08338,41.85669719871477,5.381152095812778,0.5696596698224912,6.930095347141026,16.874372457993278,4.7834405701417975,56.430931388833244,6.7151481099728265,16.518405495399957,6.745410870432795,2.0497861861548863,18.59337586550757,1.3370028790796047,48.915450270042584,40.336869856747555,0.40214,0.9433618630978511,0.09653,49.903729632749645,21.426252977845426,2.8522134061462827,329.14717390055154,1.8964560442498608
801,0.08745,2.380136006501418,6.480698820167502,0.08338,41.85669719871477,5.381152095812778,0.5696596698224912,6.930095347141026,16.874372457993278,4.7834405701417975,56.430931388833244,6.7151481099728265,16.518405495399957,6.745410870432795,2.0497861861548863,18.59337586550757,1.3370028790796047,48.915450270042584,40.336869856747555,0.40214,0.9433618630978511,0.09653,49.903729632749645,21.426252977845426,2.8522134061462827,329.14717390055154,1.8964560442498608
802,0.08745,2.380136006501418,6.480698820167502,0.08338,41.85669719871477,5.381152095812778,0.5696596698224912,6.930095347141026,16.874372457993278,4.7834405701417975,56.430931388833244,6.7151481099728265,16.518405495399957,6.745410870432795,2.0497861861548863,18.59337586550757,1.3370028790796047,48.915450270042584,40.336869856747555,0.40214,0.9433618630978511,0.09653,49.903729632749645,21.426252977845426,2.8522134061462827,329.14717390055154,1.8964560442498608
803,0.08745,2.380136006501418,6.480698820167502,0.08338,41.85669719871477,5.381152095812778,0.5696596698224912,6.930095347141026,16.874372457993278,4.7834405701417975,56.430931388833244,6.7151481099728265,16.518405495399957,6.745410870432795,2.0497861861548863,18.59337586550757,1.3370028790796047,48.915450270042584,40.336869856747555,0.40214,0.9433618630978511,0.09653,49.903729632749645,21.426252977845426,2.8522134061462827,329.14717390055154,1.8964560442498608
804,0.08745,2.380136006501418,6.480698820167502,0.08338,41.85669719871477,5.381152095812778,0.5696596698224912,6.930095347141026,16.874372457993278,4.7834405701417975,56.430931388833244,6.7151481099728265,16.518405495399957,6.745410870432795,2.0497861861548863,18.59337586550757,1.3370028790796047,48.915450270042584,40.336869856747555,0.40214,0.9433618630978511,0.09653,49.903729632749645,21.426252977845426,2.8522134061462827,329.14717390055154,1.8964560442498608
805,0.08745,2.380136006501418,6.480698820167502,0.08338,41.85669719871477,5.381152095812778,0.5696596698224912,6.930095347141026,16.874372457993278,4.7834405701417975,56.430931388833244,6.7151481099728265,16.518405495399957,6.745410870432795,2.0497861861548863,18.59337586550757,1.3370028790796047,48.915450270042584,40.336869856747555,0.40214,0.9433618630978511,0.09653,49.903729632749645,21.426252977845426,2.8522134061462827,329.14717390055154,1.8964560442498608
806,0.08745,2.380136006501418,6.480698820167502,0.08338,41.85669719871477,5.381152095812778,0.5696596698224912,6.930095347141026,16.874372457993278,4.7834405701417975,56.430931388833244,6.7151481099728265,16.518405495399957,6.745410870432795,2.0497861861548863,18.59337586550757,1.3370028790796047,48.915450270042584,40.336869856747555,0.40214,0.9433618630978511,0.09653,49.903729632749645,21.426252977845426,2.8522134061462827,329.14717390055154,1.8964560442498608
807,0.08745,2.380136006501418,6.480698820167502,0.08338,41.85669719871477,5.381152095812778,0.5696596698224912,6.930095347141026,16.874372457993278,4.7834405701417975,56.430931388833244,6.7151481099728265,16.518405495399957,6.745410870432795,2.0497861861548863,18.59337586550757,1.3370028790796047,48.915450270042584,40.336869856747555,0.40214,0.9433618630978511,0.09653,49.903729632749645,21.426252977845426,2.8522134061462827,329.14717390055154,1.8964560442498608
808,0.08745,2.380136006501418,6.480698820167502,0.08338,41.85669719871477,5.381152095812778,0.5696596698224912,6.930095347141026,16.874372457993278,4.7834405701417975,56.430931388833244,6.7151481099728265,16.518405495399957,6.745410870432795,2.0497861861548863,18.59337586550757,1.3370028790796047,48.915450270042584,40.336869856747555,0.40214,0.9433618630978511,0.09653,49.903729632749645,21.426252977845426,2.8522134061462827,329.14717390055154,1.8964560442498608
809,0.08745,2.380136006501418,6.480698820167502,0.08338,41.85669719871477,5.381152095812778,0.5696596698224912,6.930095347141026,16.874372457993278,4.7834405701417975,56.430931388833244,6.7151481099728265,16.518405495399957,6.745410870432795,2.0497861861548863,18.59337586550757,1.3370028790796047,48.915450270042584,40.336869856747555,0.40214,0.9433618630978511,0.09653,49.903729632749645,21.426252977845426,2.8522134061462827,329.14717390055154,1.8964560442498608
810,0.08745,2.380136006501418,6.480698820167502,0.08338,41.85669719871477,5.381152095812778,0.5696596698224912,6.930095347141026,16.874372457993278,4.7834405701417975,56.430931388833244,6.7151481099728265,16.518405495399957,6.745410870432795,2.0497861861548863,18.59337586550757,1.3370028790796047,48.915450270042584,40.336869856747555,0.40214,0.9433618630978511,0.09653,49.903729632749645,21.426252977845426,2.8522134061462827,329.14717390055154,1.8964560442498608
811,0.08745,2.380136006501418,6.480698820167502,0.08338,41.85669719871477,5.381152095812778,0.5696596698224912,6.930095347141026,16.874372457993278,4.7834405701417975,56.430931388833244,6.7151481099728265,16.518405495399957,6.745410870432795,2.0497861861548863,18.59337586550757,1.3370028790796047,48.915450270042584,40.336869856747555,0.40214,0.9433618630978511,0.09653,49.903729632749645,21.426252977845426,2.8522134061462827,329.14717390055154,1.8964560442498608
812,0.08745,2.380136006501418,6.480698820167502,0.08338,41.85669719871477,5.381152095812778,0.5696596698224912,6.930095347141026,16.874372457993278,4.7834405701417975,56.430931388833244,6.7151481099728265,16.518405495399957,6.745410870432795,2.0497861861548863,18.59337586550757,1.3370028790796047,48.915450270042584,40.336869856747555,0.40214,0.9433618630978511,0.09653,49.903729632749645,21.426252977845426,2.8522134061462827,329.14717390055154,1.8964560442498608
813,0.08745,2.380136006501418,6.480698820167502,0.08338,41.85669719871477,5.381152095812778,0.5696596698224912,6.930095347141026,16.874372457993278,4.7834405701417975,56.430931388833244,6.7151481099728265,16.518405495399957,6.745410870432795,2.0497861861548863,18.59337586550757,1.3370028790796047,48.915450270042584,40.336869856747555,0.40214,0.9433618630978511,0.09653,49.903729632749645,21.426252977845426,2.8522134061462827,329.14717390055154,1.8964560442498608
814,0.08745,2.380136006501418,6.480698820167502,0.08338,41.85669719871477,5.381152095812778,0.5696596698224912,6.930095347141026,16.874372457993278,4.7834405701417975,56.430931388833244,6.7151481099728265,16.518405495399957,6.745410870432795,2.0497861861548863,18.59337586550757,1.3370028790796047,48.915450270042584,40.336869856747555,0.40214,0.9433618630978511,0.09653,49.903729632749645,21.426252977845426,2.8522134061462827,329.14717390055154,1.8964560442498608
815,0.08745,2.380136006501418,6.480698820167502,0.08338,41.85669719871477,5.381152095812778,0.5696596698224912,6.930095347141026,16.874372457993278,4.7834405701417975,56.430931388833244,6.7151481099728265,16.518405495399957,6.745410870432795,2.0497861861548863,18.59337586550757,1.3370028790796047,48.915450270042584,40.336869856747555,0.40214,0.9433618630978511,0.09653,49.903729632749645,21.426252977845426,2.8522134061462827,329.14717390055154,1.8964560442498608
816,0.08745,2.380136006501418,6.480698820167502,0.08338,41.85669719871477,5.381152095812778,0.5696596698224912,6.930095347141026,16.874372457993278,4.7834405701417975,56.430931388833244,6.7151481099728265,16.518405495399957,6.745410870432795,2.0497861861548863,18.59337586550757,1.3370028790796047,48.915450270042584,40.336869856747555,0.40214,0.9433618630978511,0.09653,49.903729632749645,21.426252977845426,2.8522134061462827,329.14717390055154,1.8964560442498608
817,0.08745,2.380136006501418,6.480698820167502,0.08338,41.85669719871477,5.381152095812778,0.5696596698224912,6.930095347141026,16.874372457993278,4.7834405701417975,56.430931388833244,6.7151481099728265,16.518405495399957,6.745410870432795,2.0497861861548863,18.59337586550757,1.3370028790796047,48.915450270042584,40.336869856747555,0.40214,0.9433618630978511,0.09653,49.903729632749645,21.426252977845426,2.8522134061462827,329.14717390055154,1.8964560442498608
818,0.08745,2.380136006501418,6.480698820167502,0.08338,41.85669719871477,5.381152095812778,0.5696596698224912,6.930095347141026,16.874372457993278,4.7834405701417975,56.430931388833244,6.7151481099728265,16.518405495399957,6.745410870432795,2.0497861861548863,18.59337586550757,1.3370028790796047,48.915450270042584,40.336869856747555,0.40214,0.9433618630978511,0.09653,49.903729632749645,21.426252977845426,2.8522134061462827,329.14717390055154,1.8964560442498608
819,0.08745,2.380136006501418,6.480698820167502,0.08338,41.85669719871477,5.381152095812778,0.5696596698224912,6.930095347141026,16.874372457993278,4.7834405701417975,56.430931388833244,6.7151481099728265,16.518405495399957,6.745410870432795,2.0497861861548863,18.59337586550757,1.3370028790796047,48.915450270042584,40.336869856747555,0.40214,0.9433618630978511,0.09653,49.903729632749645,21.426252977845426,2.8522134061462827,329.14717390055154,1.8964560442498608
820,0.08745,2.380136006501418,6.480698820167502,0.08338,41.85669719871477,5.381152095812778,0.5696596698224912,6.930095347141026,16.874372457993278,4.7834405701417975,56.430931388833244,6.7151481099728265,16.518405495399957,6.745410870432795,2.0497861861548863,18.59337586550757,1.3370028790796047,48.915450270042584,40.336869856747555,0.40214,0.9433618630978511,0.09653,49.903729632749645,21.426252977845426,2.8522134061462827,329.14717390055154,1.8964560442498608
821,0.08745,2.380136006501418,6.480698820167502,0.08338,41.85669719871477,5.381152095812778,0.5696596698224912,6.930095347141026,16.874372457993278,4.7834405701417975,56.430931388833244,6.7151481099728265,16.518405495399957,6.745410870432795,2.0497861861548863,18.59337586550757,1.3370028790796047,48.915450270042584,40.336869856747555,0.40214,0.9433618630978511,0.09653,49.903729632749645,21.426252977845426,2.8522134061462827,329.14717390055154,1.8964560442498608
822,0.08745,2.380136006501418,6.480698820167502,0.08338,41.85669719871477,5.381152095812778,0.5696596698224912,6.930095347141026,16.874372457993278,4.7834405701417975,56.430931388833244,6.7151481099728265,16.518405495399957,6.745410870432795,2.0497861861548863,18.59337586550757,1.3370028790796047,48.915450270042584,40.336869856747555,0.40214,0.9433618630978511,0.09653,49.903729632749645,21.426252977845426,2.8522134061462827,329.14717390055154,1.8964560442498608
823,0.08745,2.380136006501418,6.480698820167502,0.08338,41.85669719871477,5.381152095812778,0.5696596698224912,6.930095347141026,16.874372457993278,4.7834405701417975,56.430931388833244,6.7151481099728265,16.518405495399957,6.745410870432795,2.0497861861548863,18.59337586550757,1.3370028790796047,48.915450270042584,40.336869856747555,0.40214,0.9433618630978511,0.09653,49.903729632749645,21.426252977845426,2.8522134061462827,329.14717390055154,1.8964560442498608
824,0.08745,2.380136006501418,6.480698820167502,0.08338,41.85669719871477,5.381152095812778,0.5696596698224912,6.930095347141026,16.874372457993278,4.7834405701417975,56.430931388833244,6.7151481099728265,16.518405495399957,6.745410870432795,2.0497861861548863,18.59337586550757,1.3370028790796047,48.915450270042584,40.336869856747555,0.40214,0.9433618630978511,0.09653,49.903729632749645,21.426252977845426,2.8522134061462827,329.14717390055154,1.8964560442498608
825,0.08745,2.380136006501418,6.480698820167502,0.08338,41.85669719871477,5.381152095812778,0.5696596698224912,6.930095347141026,16.874372457993278,4.7834405701417975,56.430931388833244,6.7151481099728265,16.518405495399957,6.745410870432795,2.0497861861548863,18.59337586550757,1.3370028790796047,48.915450270042584,40.336869856747555,0.40214,0.9433618630978511,0.09653,49.903729632749645,21.426252977845426,2.8522134061462827,329.14717390055154,1.8964560442498608
826,0.08745,2.380136006501418,6.480698820167502,0.08338,41.85669719871477,5.381152095812778,0.5696596698224912,6.930095347141026,16.874372457993278,4.7834405701417975,56.430931388833244,6.7151481099728265,16.518405495399957,6.745410870432795,2.0497861861548863,18.59337586550757,1.3370028790796047,48.915450270042584,40.336869856747555,0.40214,0.9433618630978511,0.09653,49.903729632749645,21.426252977845426,2.8522134061462827,329.14717390055154,1.8964560442498608
827,0.08745,2.380136006501418,6.480698820167502,0.08338,41.85669719871477,5.381152095812778,0.5696596698224912,6.930095347141026,16.874372457993278,4.7834405701417975,56.430931388833244,6.7151481099728265,16.518405495399957,6.745410870432795,2.0497861861548863,18.59337586550757,1.3370028790796047,48.915450270042584,40.336869856747555,0.40214,0.9433618630978511,0.09653,49.903729632749645,21.426252977845426,2.8522134061462827,329.14717390055154,1.8964560442498608
828,0.08745,2.380136006501418,6.480698820167502,0.08338,41.85669719871477,5.381152095812778,0.5696596698224912,6.930095347141026,16.874372457993278,4.7834405701417975,56.430931388833244,6.7151481099728265,16.518405495399957,6.745410870432795,2.0497861861548863,18.59337586550757,1.3370028790796047,48.915450270042584,40.336869856747555,0.40214,0.9433618630978511,0.09653,49.903729632749645,21.426252977845426,2.8522134061462827,329.14717390055154,1.8964560442498608
829,0.08745,2.380136006501418,6.480698820167502,0.08338,41.85669719871477,5.381152095812778,0.5696596698224912,6.930095347141026,16.874372457993278,4.7834405701417975,56.430931388833244,6.7151481099728265,16.518405495399957,6.745410870432795,2.0497861861548863,18.59337586550757,1.3370028790796047,48.915450270042584,40.336869856747555,0.40214,0.9433618630978511,0.09653,49.903729632749645,21.426252977845426,2.8522134061462827,329.14717390055154,1.8964560442498608
830,0.08745,2.380136006501418,6.480698820167502,0.08338,41.85669719871477,5.381152095812778,0.5696596698224912,6.930095347141026,16.874372457993278,4.7834405701417975,56.430931388833244,6.7151481099728265,16.518405495399957,6.745410870432795,2.0497861861548863,18.59337586550757,1.3370028790796047,48.915450270042584,40.336869856747555,0.40214,0.9433618630978511,0.09653,49.903729632749645,21.426252977845426,2.8522134061462827,329.14717390055154,1.8964560442498608
831,0.08745,2.380136006501418,6.480698820167502,0.08338,41.85669719871477,5.381152095812778,0.5696596698224912,6.930095347141026,16.874372457993278,4.7834405701417975,56.430931388833244,6.7151481099728265,16.518405495399957,6.745410870432795,2.0497861861548863,18.59337586550757,1.3370028790796047,48.915450270042584,40.336869856747555,0.40214,0.9433618630978511,0.09653,49.903729632749645,21.426252977845426,2.8522134061462827,329.14717390055154,1.8964560442498608
832,0.08745,2.380136006501418,6.480698820167502,0.08338,41.85669719871477,5.381152095812778,0.5696596698224912,6.930095347141026,16.874372457993278,4.7834405701417975,56.430931388833244,6.7151481099728265,16.518405495399957,6.745410870432795,2.0497861861548863,18.59337586550757,1.3370028790796047,48.915450270042584,40.336869856747555,0.40214,0.9433618630978511,0.09653,49.903729632749645,21.426252977845426,2.8522134061462827,329.14717390055154,1.8964560442498608
833,0.08745,2.380136006501418,6.480698820167502,0.08338,41.85669719871477,5.381152095812778,0.5696596698224912,6.930095347141026,16.874372457993278,4.7834405701417975,56.430931388833244,6.7151481099728265,16.518405495399957,6.745410870432795,2.0497861861548863,18.59337586550757,1.3370028790796047,48.915450270042584,40.336869856747555,0.40214,0.9433618630978511,0.09653,49.903729632749645,21.426252977845426,2.8522134061462827,329.14717390055154,1.8964560442498608
834,0.08745,2.380136006501418,6.480698820167502,0.08338,41.85669719871477,5.381152095812778,0.5696596698224912,6.930095347141026,16.874372457993278,4.7834405701417975,56.430931388833244,6.7151481099728265,16.518405495399957,6.745410870432795,2.0497861861548863,18.59337586550757,1.3370028790796047,48.915450270042584,40.336869856747555,0.40214,0.9433618630978511,0.09653,49.903729632749645,21.426252977845426,2.8522134061462827,329.14717390055154,1.8964560442498608
835,0.08745,2.380136006501418,6.480698820167502,0.08338,41.85669719871477,5.381152095812778,0.5696596698224912,6.930095347141026,16.874372457993278,4.7834405701417975,56.430931388833244,6.7151481099728265,16.518405495399957,6.745410870432795,2.0497861861548863,18.59337586550757,1.3370028790796047,48.915450270042584,40.336869856747555,0.40214,0.9433618630978511,0.09653,49.903729632749645,21.426252977845426,2.8522134061462827,329.14717390055154,1.8964560442498608
836,0.08745,2.380136006501418,6.480698820167502,0.08338,41.85669719871477,5.381152095812778,0.5696596698224912,6.930095347141026,16.874372457993278,4.7834405701417975,56.430931388833244,6.7151481099728265,16.518405495399957,6.745410870432795,2.0497861861548863,18.59337586550757,1.3370028790796047,48.915450270042584,40.336869856747555,0.40214,0.9433618630978511,0.09653,49.903729632749645,21.426252977845426,2.8522134061462827,329.14717390055154,1.8964560442498608
837,0.08745,2.380136006501418,6.480698820167502,0.08338,41.85669719871477,5.381152095812778,0.5696596698224912,6.930095347141026,16.874372457993278,4.7834405701417975,56.430931388833244,6.7151481099728265,16.518405495399957,6.745410870432795,2.0497861861548863,18.59337586550757,1.3370028790796047,48.915450270042584,40.336869856747555,0.40214,0.9433618630978511,0.09653,49.903729632749645,21.426252977845426,2.8522134061462827,329.14717390055154,1.8964560442498608
838,0.08745,2.380136006501418,6.480698820167502,0.08338,41.85669719871477,5.381152095812778,0.5696596698224912,6.930095347141026,16.874372457993278,4.7834405701417975,56.430931388833244,6.7151481099728265,16.518405495399957,6.745410870432795,2.0497861861548863,18.59337586550757,1.3370028790796047,48.915450270042584,40.336869856747555,0.40214,0.9433618630978511,0.09653,49.903729632749645,21.426252977845426,2.8522134061462827,329.14717390055154,1.8964560442498608
839,0.08745,2.380136006501418,6.480698820167502,0.08338,41.85669719871477,5.381152095812778,0.5696596698224912,6.930095347141026,16.874372457993278,4.7834405701417975,56.430931388833244,6.7151481099728265,16.518405495399957,6.745410870432795,2.0497861861548863,18.59337586550757,1.3370028790796047,48.915450270042584,40.336869856747555,0.40214,0.9433618630978511,0.09653,49.903729632749645,21.426252977845426,2.8522134061462827,329.14717390055154,1.8964560442498608
840,0.08745,2.380136006501418,6.480698820167502,0.08338,41.85669719871477,5.381152095812778,0.5696596698224912,6.930095347141026,16.874372457993278,4.7834405701417975,56.430931388833244,6.7151481099728265,16.518405495399957,6.745410870432795,2.0497861861548863,18.59337586550757,1.3370028790796047,48.915450270042584,40.336869856747555,0.40214,0.9433618630978511,0.09653,49.903729632749645,21.426252977845426,2.8522134061462827,329.14717390055154,1.8964560442498608
841,0.08745,2.380136006501418,6.480698820167502,0.08338,41.85669719871477,5.381152095812778,0.5696596698224912,6.930095347141026,16.874372457993278,4.7834405701417975,56.430931388833244,6.7151481099728265,16.518405495399957,6.745410870432795,2.0497861861548863,18.59337586550757,1.3370028790796047,48.915450270042584,40.336869856747555,0.40214,0.9433618630978511,0.09653,49.903729632749645,21.426252977845426,2.8522134061462827,329.14717390055154,1.8964560442498608
842,0.08745,2.380136006501418,6.480698820167502,0.08338,41.85669719871477,5.381152095812778,0.5696596698224912,6.930095347141026,16.874372457993278,4.7834405701417975,56.430931388833244,6.7151481099728265,16.518405495399957,6.745410870432795,2.0497861861548863,18.59337586550757,1.3370028790796047,48.915450270042584,40.336869856747555,0.40214,0.9433618630978511,0.09653,49.903729632749645,21.426252977845426,2.8522134061462827,329.14717390055154,1.8964560442498608
843,0.08745,2.380136006501418,6.480698820167502,0.08338,41.85669719871477,5.381152095812778,0.5696596698224912,6.930095347141026,16.874372457993278,4.7834405701417975,56.430931388833244,6.7151481099728265,16.518405495399957,6.745410870432795,2.0497861861548863,18.59337586550757,1.3370028790796047,48.915450270042584,40.336869856747555,0.40214,0.9433618630978511,0.09653,49.903729632749645,21.426252977845426,2.8522134061462827,329.14717390055154,1.8964560442498608
844,0.08745,2.380136006501418,6.480698820167502,0.08338,41.85669719871477,5.381152095812778,0.5696596698224912,6.930095347141026,16.874372457993278,4.7834405701417975,56.430931388833244,6.7151481099728265,16.518405495399957,6.745410870432795,2.0497861861548863,18.59337586550757,1.3370028790796047,48.915450270042584,40.336869856747555,0.40214,0.9433618630978511,0.09653,49.903729632749645,21.426252977845426,2.8522134061462827,329.14717390055154,1.8964560442498608
845,0.08745,2.380136006501418,6.480698820167502,0.08338,41.85669719871477,5.381152095812778,0.5696596698224912,6.930095347141026,16.874372457993278,4.7834405701417975,56.430931388833244,6.7151481099728265,16.518405495399957,6.745410870432795,2.0497861861548863,18.59337586550757,1.3370028790796047,48.915450270042584,40.336869856747555,0.40214,0.9433618630978511,0.09653,49.903729632749645,21.426252977845426,2.8522134061462827,329.14717390055154,1.8964560442498608
846,0.08745,2.380136006501418,6.480698820167502,0.08338,41.85669719871477,5.381152095812778,0.5696596698224912,6.930095347141026,16.874372457993278,4.7834405701417975,56.430931388833244,6.7151481099728265,16.518405495399957,6.745410870432795,2.0497861861548863,18.59337586550757,1.3370028790796047,48.915450270042584,40.336869856747555,0.40214,0.9433618630978511,0.09653,49.903729632749645,21.426252977845426,2.8522134061462827,329.14717390055154,1.8964560442498608
847,0.08745,2.380136006501418,6.480698820167502,0.08338,41.85669719871477,5.381152095812778,0.5696596698224912,6.930095347141026,16.874372457993278,4.7834405701417975,56.430931388833244,6.7151481099728265,16.518405495399957,6.745410870432795,2.0497861861548863,18.59337586550757,1.3370028790796047,48.915450270042584,40.336869856747555,0.40214,0.9433618630978511,0.09653,49.903729632749645,21.426252977845426,2.8522134061462827,329.14717390055154,1.8964560442498608
848,0.08745,2.380136006501418,6.480698820167502,0.08338,41.85669719871477,5.381152095812778,0.5696596698224912,6.930095347141026,16.874372457993278,4.7834405701417975,56.430931388833244,6.7151481099728265,16.518405495399957,6.745410870432795,2.0497861861548863,18.59337586550757,1.3370028790796047,48.915450270042584,40.336869856747555,0.40214,0.9433618630978511,0.09653,49.903729632749645,21.426252977845426,2.8522134061462827,329.14717390055154,1.8964560442498608
849,0.08745,2.380136006501418,6.480698820167502,0.08338,41.85669719871477,5.381152095812778,0.5696596698224912,6.930095347141026,16.874372457993278,4.7834405701417975,56.430931388833244,6.7151481099728265,16.518405495399957,6.745410870432795,2.0497861861548863,18.59337586550757,1.3370028790796047,48.915450270042584,40.336869856747555,0.40214,0.9433618630978511,0.09653,49.903729632749645,21.426252977845426,2.8522134061462827,329.14717390055154,1.8964560442498608
850,0.08745,2.380136006501418,6.480698820167502,0.08338,41.85669719871477,5.381152095812778,0.5696596698224912,6.930095347141026,16.874372457993278,4.7834405701417975,56.430931388833244,6.7151481099728265,16.518405495399957,6.745410870432795,2.0497861861548863,18.59337586550757,1.3370028790796047,48.915450270042584,40.336869856747555,0.40214,0.9433618630978511,0.09653,49.903729632749645,21.426252977845426,2.8522134061462827,329.14717390055154,1.8964560442498608
851,0.08745,2.380136006501418,6.480698820167502,0.08338,41.85669719871477,5.381152095812778,0.5696596698224912,6.930095347141026,16.874372457993278,4.7834405701417975,56.430931388833244,6.7151481099728265,16.518405495399957,6.745410870432795,2.0497861861548863,18.59337586550757,1.3370028790796047,48.915450270042584,40.336869856747555,0.40214,0.9433618630978511,0.09653,49.903729632749645,21.426252977845426,2.8522134061462827,329.14717390055154,1.8964560442498608
852,0.08745,2.380136006501418,6.480698820167502,0.08338,41.85669719871477,5.381152095812778,0.5696596698224912,6.930095347141026,16.874372457993278,4.7834405701417975,56.430931388833244,6.7151481099728265,16.518405495399957,6.745410870432795,2.0497861861548863,18.59337586550757,1.3370028790796047,48.915450270042584,40.336869856747555,0.40214,0.9433618630978511,0.09653,49.903729632749645,21.426252977845426,2.8522134061462827,329.14717390055154,1.8964560442498608
853,0.08745,2.380136006501418,6.480698820167502,0.08338,41.85669719871477,5.381152095812778,0.5696596698224912,6.930095347141026,16.874372457993278,4.7834405701417975,56.430931388833244,6.7151481099728265,16.518405495399957,6.745410870432795,2.0497861861548863,18.59337586550757,1.3370028790796047,48.915450270042584,40.336869856747555,0.40214,0.9433618630978511,0.09653,49.903729632749645,21.426252977845426,2.8522134061462827,329.14717390055154,1.8964560442498608
854,0.08745,2.380136006501418,6.480698820167502,0.08338,41.85669719871477,5.381152095812778,0.5696596698224912,6.930095347141026,16.874372457993278,4.7834405701417975,56.430931388833244,6.7151481099728265,16.518405495399957,6.745410870432795,2.0497861861548863,18.59337586550757,1.3370028790796047,48.915450270042584,40.336869856747555,0.40214,0.9433618630978511,0.09653,49.903729632749645,21.426252977845426,2.8522134061462827,329.14717390055154,1.8964560442498608
855,0.08745,2.380136006501418,6.480698820167502,0.08338,41.85669719871477,5.381152095812778,0.5696596698224912,6.930095347141026,16.874372457993278,4.7834405701417975,56.430931388833244,6.7151481099728265,16.518405495399957,6.745410870432795,2.0497861861548863,18.59337586550757,1.3370028790796047,48.915450270042584,40.336869856747555,0.40214,0.9433618630978511,0.09653,49.903729632749645,21.426252977845426,2.8522134061462827,329.14717390055154,1.8964560442498608
856,0.08745,2.380136006501418,6.480698820167502,0.08338,41.85669719871477,5.381152095812778,0.5696596698224912,6.930095347141026,16.874372457993278,4.7834405701417975,56.430931388833244,6.7151481099728265,16.518405495399957,6.745410870432795,2.0497861861548863,18.59337586550757,1.3370028790796047,48.915450270042584,40.336869856747555,0.40214,0.9433618630978511,0.09653,49.903729632749645,21.426252977845426,2.8522134061462827,329.14717390055154,1.8964560442498608
857,0.08745,2.380136006501418,6.480698820167502,0.08338,41.85669719871477,5.381152095812778,0.5696596698224912,6.930095347141026,16.874372457993278,4.7834405701417975,56.430931388833244,6.7151481099728265,16.518405495399957,6.745410870432795,2.0497861861548863,18.59337586550757,1.3370028790796047,48.915450270042584,40.336869856747555,0.40214,0.9433618630978511,0.09653,49.903729632749645,21.426252977845426,2.8522134061462827,329.14717390055154,1.8964560442498608
858,0.08745,2.380136006501418,6.480698820167502,0.08338,41.85669719871477,5.381152095812778,0.5696596698224912,6.930095347141026,16.874372457993278,4.7834405701417975,56.430931388833244,6.7151481099728265,16.518405495399957,6.745410870432795,2.0497861861548863,18.59337586550757,1.3370028790796047,48.915450270042584,40.336869856747555,0.40214,0.9433618630978511,0.09653,49.903729632749645,21.426252977845426,2.8522134061462827,329.14717390055154,1.8964560442498608
859,0.08745,2.380136006501418,6.480698820167502,0.08338,41.85669719871477,5.381152095812778,0.5696596698224912,6.930095347141026,16.874372457993278,4.7834405701417975,56.430931388833244,6.7151481099728265,16.518405495399957,6.745410870432795,2.0497861861548863,18.59337586550757,1.3370028790796047,48.915450270042584,40.336869856747555,0.40214,0.9433618630978511,0.09653,49.903729632749645,21.426252977845426,2.8522134061462827,329.14717390055154,1.8964560442498608
860,0.08745,2.380136006501418,6.480698820167502,0.08338,41.85669719871477,5.381152095812778,0.5696596698224912,6.930095347141026,16.874372457993278,4.7834405701417975,56.430931388833244,6.7151481099728265,16.518405495399957,6.745410870432795,2.0497861861548863,18.59337586550757,1.3370028790796047,48.915450270042584,40.336869856747555,0.40214,0.9433618630978511,0.09653,49.903729632749645,21.426252977845426,2.8522134061462827,329.14717390055154,1.8964560442498608
861,0.08745,2.380136006501418,6.480698820167502,0.08338,41.85669719871477,5.381152095812778,0.5696596698224912,6.930095347141026,16.874372457993278,4.7834405701417975,56.430931388833244,6.7151481099728265,16.518405495399957,6.745410870432795,2.0497861861548863,18.59337586550757,1.3370028790796047,48.915450270042584,40.336869856747555,0.40214,0.9433618630978511,0.09653,49.903729632749645,21.426252977845426,2.8522134061462827,329.14717390055154,1.8964560442498608
862,0.08745,2.380136006501418,6.480698820167502,0.08338,41.85669719871477,5.381152095812778,0.5696596698224912,6.930095347141026,16.874372457993278,4.7834405701417975,56.430931388833244,6.7151481099728265,16.518405495399957,6.745410870432795,2.0497861861548863,18.59337586550757,1.3370028790796047,48.915450270042584,40.336869856747555,0.40214,0.9433618630978511,0.09653,49.903729632749645,21.426252977845426,2.8522134061462827,329.14717390055154,1.8964560442498608
863,0.08745,2.380136006501418,6.480698820167502,0.08338,41.85669719871477,5.381152095812778,0.5696596698224912,6.930095347141026,16.874372457993278,4.7834405701417975,56.430931388833244,6.7151481099728265,16.518405495399957,6.745410870432795,2.0497861861548863,18.59337586550757,1.3370028790796047,48.915450270042584,40.336869856747555,0.40214,0.9433618630978511,0.09653,49.903729632749645,21.426252977845426,2.8522134061462827,329.14717390055154,1.8964560442498608
864,0.08745,2.380136006501418,6.480698820167502,0.08338,41.85669719871477,5.381152095812778,0.5696596698224912,6.930095347141026,16.874372457993278,4.7834405701417975,56.430931388833244,6.7151481099728265,16.518405495399957,6.745410870432795,2.0497861861548863,18.59337586550757,1.3370028790796047,48.915450270042584,40.336869856747555,0.40214,0.9433618630978511,0.09653,49.903729632749645,21.426252977845426,2.8522134061462827,329.14717390055154,1.8964560442498608
865,0.08745,2.380136006501418,6.480698820167502,0.08338,41.85669719871477,5.381152095812778,0.5696596698224912,6.930095347141026,16.874372457993278,4.7834405701417975,56.430931388833244,6.7151481099728265,16.518405495399957,6.745410870432795,2.0497861861548863,18.59337586550757,1.3370028790796047,48.915450270042584,40.336869856747555,0.40214,0.9433618630978511,0.09653,49.903729632749645,21.426252977845426,2.8522134061462827,329.14717390055154,1.8964560442498608
866,0.08745,2.380136006501418,6.480698820167502,0.08338,41.85669719871477,5.381152095812778,0.5696596698224912,6.930095347141026,16.874372457993278,4.7834405701417975,56.430931388833244,6.7151481099728265,16.518405495399957,6.745410870432795,2.0497861861548863,18.59337586550757,1.3370028790796047,48.915450270042584,40.336869856747555,0.40214,0.9433618630978511,0.09653,49.903729632749645,21.426252977845426,2.8522134061462827,329.14717390055154,1.8964560442498608
867,0.08745,2.380136006501418,6.480698820167502,0.08338,41.85669719871477,5.381152095812778,0.5696596698224912,6.930095347141026,16.874372457993278,4.7834405701417975,56.430931388833244,6.7151481099728265,16.518405495399957,6.745410870432795,2.0497861861548863,18.59337586550757,1.3370028790796047,48.915450270042584,40.336869856747555,0.40214,0.9433618630978511,0.09653,49.903729632749645,21.426252977845426,2.8522134061462827,329.14717390055154,1.8964560442498608
868,0.08745,2.380136006501418,6.480698820167502,0.08338,41.85669719871477,5.381152095812778,0.5696596698224912,6.930095347141026,16.874372457993278,4.7834405701417975,56.430931388833244,6.7151481099728265,16.518405495399957,6.745410870432795,2.0497861861548863,18.59337586550757,1.3370028790796047,48.915450270042584,40.336869856747555,0.40214,0.9433618630978511,0.09653,49.903729632749645,21.426252977845426,2.8522134061462827,329.14717390055154,1.8964560442498608
869,0.08745,2.380136006501418,6.480698820167502,0.08338,41.85669719871477,5.381152095812778,0.5696596698224912,6.930095347141026,16.874372457993278,4.7834405701417975,56.430931388833244,6.7151481099728265,16.518405495399957,6.745410870432795,2.0497861861548863,18.59337586550757,1.3370028790796047,48.915450270042584,40.336869856747555,0.40214,0.9433618630978511,0.09653,49.903729632749645,21.426252977845426,2.8522134061462827,329.14717390055154,1.8964560442498608
870,0.08745,2.380136006501418,6.480698820167502,0.08338,41.85669719871477,5.381152095812778,0.5696596698224912,6.930095347141026,16.874372457993278,4.7834405701417975,56.430931388833244,6.7151481099728265,16.518405495399957,6.745410870432795,2.0497861861548863,18.59337586550757,1.3370028790796047,48.915450270042584,40.336869856747555,0.40214,0.9433618630978511,0.09653,49.903729632749645,21.426252977845426,2.8522134061462827,329.14717390055154,1.8964560442498608
871,0.08745,2.380136006501418,6.480698820167502,0.08338,41.85669719871477,5.381152095812778,0.5696596698224912,6.930095347141026,16.874372457993278,4.7834405701417975,56.430931388833244,6.7151481099728265,16.518405495399957,6.745410870432795,2.0497861861548863,18.59337586550757,1.3370028790796047,48.915450270042584,40.336869856747555,0.40214,0.9433618630978511,0.09653,49.903729632749645,21.426252977845426,2.8522134061462827,329.14717390055154,1.8964560442498608
872,0.08745,2.380136006501418,6.480698820167502,0.08338,41.85669719871477,5.381152095812778,0.5696596698224912,6.930095347141026,16.874372457993278,4.7834405701417975,56.430931388833244,6.7151481099728265,16.518405495399957,6.745410870432795,2.0497861861548863,18.59337586550757,1.3370028790796047,48.915450270042584,40.336869856747555,0.40214,0.9433618630978511,0.09653,49.903729632749645,21.426252977845426,2.8522134061462827,329.14717390055154,1.8964560442498608
873,0.08745,2.380136006501418,6.480698820167502,0.08338,41.85669719871477,5.381152095812778,0.5696596698224912,6.930095347141026,16.874372457993278,4.7834405701417975,56.430931388833244,6.7151481099728265,16.518405495399957,6.745410870432795,2.0497861861548863,18.59337586550757,1.3370028790796047,48.915450270042584,40.336869856747555,0.40214,0.9433618630978511,0.09653,49.903729632749645,21.426252977845426,2.8522134061462827,329.14717390055154,1.8964560442498608
874,0.08745,2.380136006501418,6.480698820167502,0.08338,41.85669719871477,5.381152095812778,0.5696596698224912,6.930095347141026,16.874372457993278,4.7834405701417975,56.430931388833244,6.7151481099728265,16.518405495399957,6.745410870432795,2.0497861861548863,18.59337586550757,1.3370028790796047,48.915450270042584,40.336869856747555,0.40214,0.9433618630978511,0.09653,49.903729632749645,21.426252977845426,2.8522134061462827,329.14717390055154,1.8964560442498608
875,0.08745,2.380136006501418,6.480698820167502,0.08338,41.85669719871477,5.381152095812778,0.5696596698224912,6.930095347141026,16.874372457993278,4.7834405701417975,56.430931388833244,6.7151481099728265,16.518405495399957,6.745410870432795,2.0497861861548863,18.59337586550757,1.3370028790796047,48.915450270042584,40.336869856747555,0.40214,0.9433618630978511,0.09653,49.903729632749645,21.426252977845426,2.8522134061462827,329.14717390055154,1.8964560442498608
876,0.08745,2.380136006501418,6.480698820167502,0.08338,41.85669719871477,5.381152095812778,0.5696596698224912,6.930095347141026,16.874372457993278,4.7834405701417975,56.430931388833244,6.7151481099728265,16.518405495399957,6.745410870432795,2.0497861861548863,18.59337586550757,1.3370028790796047,48.915450270042584,40.336869856747555,0.40214,0.9433618630978511,0.09653,49.903729632749645,21.426252977845426,2.8522134061462827,329.14717390055154,1.8964560442498608
877,0.08745,2.380136006501418,6.480698820167502,0.08338,41.85669719871477,5.381152095812778,0.5696596698224912,6.930095347141026,16.874372457993278,4.7834405701417975,56.430931388833244,6.7151481099728265,16.518405495399957,6.745410870432795,2.0497861861548863,18.59337586550757,1.3370028790796047,48.915450270042584,40.336869856747555,0.40214,0.9433618630978511,0.09653,49.903729632749645,21.426252977845426,2.8522134061462827,329.14717390055154,1.8964560442498608
878,0.08745,2.380136006501418,6.480698820167502,0.08338,41.85669719871477,5.381152095812778,0.5696596698224912,6.930095347141026,16.874372457993278,4.7834405701417975,56.430931388833244,6.7151481099728265,16.518405495399957,6.745410870432795,2.0497861861548863,18.59337586550757,1.3370028790796047,48.915450270042584,40.336869856747555,0.40214,0.9433618630978511,0.09653,49.903729632749645,21.426252977845426,2.8522134061462827,329.14717390055154,1.8964560442498608
879,0.08745,2.380136006501418,6.480698820167502,0.08338,41.85669719871477,5.381152095812778,0.5696596698224912,6.930095347141026,16.874372457993278,4.7834405701417975,56.430931388833244,6.7151481099728265,16.518405495399957,6.745410870432795,2.0497861861548863,18.59337586550757,1.3370028790796047,48.915450270042584,40.336869856747555,0.40214,0.9433618630978511,0.09653,49.903729632749645,21.426252977845426,2.8522134061462827,329.14717390055154,1.8964560442498608
880,0.08745,2.380136006501418,6.480698820167502,0.08338,41.85669719871477,5.381152095812778,0.5696596698224912,6.930095347141026,16.874372457993278,4.7834405701417975,56.430931388833244,6.7151481099728265,16.518405495399957,6.745410870432795,2.0497861861548863,18.59337586550757,1.3370028790796047,48.915450270042584,40.336869856747555,0.40214,0.9433618630978511,0.09653,49.903729632749645,21.426252977845426,2.8522134061462827,329.14717390055154,1.8964560442498608
881,0.08745,2.380136006501418,6.480698820167502,0.08338,41.85669719871477,5.381152095812778,0.5696596698224912,6.930095347141026,16.874372457993278,4.7834405701417975,56.430931388833244,6.7151481099728265,16.518405495399957,6.745410870432795,2.0497861861548863,18.59337586550757,1.3370028790796047,48.915450270042584,40.336869856747555,0.40214,0.9433618630978511,0.09653,49.903729632749645,21.426252977845426,2.8522134061462827,329.14717390055154,1.8964560442498608
882,0.08745,2.380136006501418,6.480698820167502,0.08338,41.85669719871477,5.381152095812778,0.5696596698224912,6.930095347141026,16.874372457993278,4.7834405701417975,56.430931388833244,6.7151481099728265,16.518405495399957,6.745410870432795,2.0497861861548863,18.59337586550757,1.3370028790796047,48.915450270042584,40.336869856747555,0.40214,0.9433618630978511,0.09653,49.903729632749645,21.426252977845426,2.8522134061462827,329.14717390055154,1.8964560442498608
883,0.08745,2.380136006501418,6.480698820167502,0.08338,41.85669719871477,5.381152095812778,0.5696596698224912,6.930095347141026,16.874372457993278,4.7834405701417975,56.430931388833244,6.7151481099728265,16.518405495399957,6.745410870432795,2.0497861861548863,18.59337586550757,1.3370028790796047,48.915450270042584,40.336869856747555,0.40214,0.9433618630978511,0.09653,49.903729632749645,21.426252977845426,2.8522134061462827,329.14717390055154,1.8964560442498608
884,0.08745,2.380136006501418,6.480698820167502,0.08338,41.85669719871477,5.381152095812778,0.5696596698224912,6.930095347141026,16.874372457993278,4.7834405701417975,56.430931388833244,6.7151481099728265,16.518405495399957,6.745410870432795,2.0497861861548863,18.59337586550757,1.3370028790796047,48.915450270042584,40.336869856747555,0.40214,0.9433618630978511,0.09653,49.903729632749645,21.426252977845426,2.8522134061462827,329.14717390055154,1.8964560442498608
885,0.08745,2.380136006501418,6.480698820167502,0.08338,41.85669719871477,5.381152095812778,0.5696596698224912,6.930095347141026,16.874372457993278,4.7834405701417975,56.430931388833244,6.7151481099728265,16.518405495399957,6.745410870432795,2.0497861861548863,18.59337586550757,1.3370028790796047,48.915450270042584,40.336869856747555,0.40214,0.9433618630978511,0.09653,49.903729632749645,21.426252977845426,2.8522134061462827,329.14717390055154,1.8964560442498608
886,0.08745,2.380136006501418,6.480698820167502,0.08338,41.85669719871477,5.381152095812778,0.5696596698224912,6.930095347141026,16.874372457993278,4.7834405701417975,56.430931388833244,6.7151481099728265,16.518405495399957,6.745410870432795,2.0497861861548863,18.59337586550757,1.3370028790796047,48.915450270042584,40.336869856747555,0.40214,0.9433618630978511,0.09653,49.903729632749645,21.426252977845426,2.8522134061462827,329.14717390055154,1.8964560442498608
887,0.08745,2.380136006501418,6.480698820167502,0.08338,41.85669719871477,5.381152095812778,0.5696596698224912,6.930095347141026,16.874372457993278,4.7834405701417975,56.430931388833244,6.7151481099728265,16.518405495399957,6.745410870432795,2.0497861861548863,18.59337586550757,1.3370028790796047,48.915450270042584,40.336869856747555,0.40214,0.9433618630978511,0.09653,49.903729632749645,21.426252977845426,2.8522134061462827,329.14717390055154,1.8964560442498608
888,0.08745,2.380136006501418,6.480698820167502,0.08338,41.85669719871477,5.381152095812778,0.5696596698224912,6.930095347141026,16.874372457993278,4.7834405701417975,56.430931388833244,6.7151481099728265,16.518405495399957,6.745410870432795,2.0497861861548863,18.59337586550757,1.3370028790796047,48.915450270042584,40.336869856747555,0.40214,0.9433618630978511,0.09653,49.903729632749645,21.426252977845426,2.8522134061462827,329.14717390055154,1.8964560442498608
889,0.08745,2.380136006501418,6.480698820167502,0.08338,41.85669719871477,5.381152095812778,0.5696596698224912,6.930095347141026,16.874372457993278,4.7834405701417975,56.430931388833244,6.7151481099728265,16.518405495399957,6.745410870432795,2.0497861861548863,18.59337586550757,1.3370028790796047,48.915450270042584,40.336869856747555,0.40214,0.9433618630978511,0.09653,49.903729632749645,21.426252977845426,2.8522134061462827,329.14717390055154,1.8964560442498608
890,0.08745,2.380136006501418,6.480698820167502,0.08338,41.85669719871477,5.381152095812778,0.5696596698224912,6.930095347141026,16.874372457993278,4.7834405701417975,56.430931388833244,6.7151481099728265,16.518405495399957,6.745410870432795,2.0497861861548863,18.59337586550757,1.3370028790796047,48.915450270042584,40.336869856747555,0.40214,0.9433618630978511,0.09653,49.903729632749645,21.426252977845426,2.8522134061462827,329.14717390055154,1.8964560442498608
891,0.08745,2.380136006501418,6.480698820167502,0.08338,41.85669719871477,5.381152095812778,0.5696596698224912,6.930095347141026,16.874372457993278,4.7834405701417975,56.430931388833244,6.7151481099728265,16.518405495399957,6.745410870432795,2.0497861861548863,18.59337586550757,1.3370028790796047,48.915450270042584,40.336869856747555,0.40214,0.9433618630978511,0.09653,49.903729632749645,21.426252977845426,2.8522134061462827,329.14717390055154,1.8964560442498608
892,0.08745,2.380136006501418,6.480698820167502,0.08338,41.85669719871477,5.381152095812778,0.5696596698224912,6.930095347141026,16.874372457993278,4.7834405701417975,56.430931388833244,6.7151481099728265,16.518405495399957,6.745410870432795,2.0497861861548863,18.59337586550757,1.3370028790796047,48.915450270042584,40.336869856747555,0.40214,0.9433618630978511,0.09653,49.903729632749645,21.426252977845426,2.8522134061462827,329.14717390055154,1.8964560442498608
893,0.08745,2.380136006501418,6.480698820167502,0.08338,41.85669719871477,5.381152095812778,0.5696596698224912,6.930095347141026,16.874372457993278,4.7834405701417975,56.430931388833244,6.7151481099728265,16.518405495399957,6.745410870432795,2.0497861861548863,18.59337586550757,1.3370028790796047,48.915450270042584,40.336869856747555,0.40214,0.9433618630978511,0.09653,49.903729632749645,21.426252977845426,2.8522134061462827,329.14717390055154,1.8964560442498608
894,0.08745,2.380136006501418,6.480698820167502,0.08338,41.85669719871477,5.381152095812778,0.5696596698224912,6.930095347141026,16.874372457993278,4.7834405701417975,56.430931388833244,6.7151481099728265,16.518405495399957,6.745410870432795,2.0497861861548863,18.59337586550757,1.3370028790796047,48.915450270042584,40.336869856747555,0.40214,0.9433618630978511,0.09653,49.903729632749645,21.426252977845426,2.8522134061462827,329.14717390055154,1.8964560442498608
895,0.08745,2.380136006501418,6.480698820167502,0.08338,41.85669719871477,5.381152095812778,0.5696596698224912,6.930095347141026,16.874372457993278,4.7834405701417975,56.430931388833244,6.7151481099728265,16.518405495399957,6.745410870432795,2.0497861861548863,18.59337586550757,1.3370028790796047,48.915450270042584,40.336869856747555,0.40214,0.9433618630978511,0.09653,49.903729632749645,21.426252977845426,2.8522134061462827,329.14717390055154,1.8964560442498608
896,0.08745,2.380136006501418,6.480698820167502,0.08338,41.85669719871477,5.381152095812778,0.5696596698224912,6.930095347141026,16.874372457993278,4.7834405701417975,56.430931388833244,6.7151481099728265,16.518405495399957,6.745410870432795,2.0497861861548863,18.59337586550757,1.3370028790796047,48.915450270042584,40.336869856747555,0.40214,0.9433618630978511,0.09653,49.903729632749645,21.426252977845426,2.8522134061462827,329.14717390055154,1.8964560442498608
897,0.08745,2.380136006501418,6.480698820167502,0.08338,41.85669719871477,5.381152095812778,0.5696596698224912,6.930095347141026,16.874372457993278,4.7834405701417975,56.430931388833244,6.7151481099728265,16.518405495399957,6.745410870432795,2.0497861861548863,18.59337586550757,1.3370028790796047,48.915450270042584,40.336869856747555,0.40214,0.9433618630978511,0.09653,49.903729632749645,21.426252977845426,2.8522134061462827,329.14717390055154,1.8964560442498608
898,0.08745,2.380136006501418,6.480698820167502,0.08338,41.85669719871477,5.381152095812778,0.5696596698224912,6.930095347141026,16.874372457993278,4.7834405701417975,56.430931388833244,6.7151481099728265,16.518405495399957,6.745410870432795,2.0497861861548863,18.59337586550757,1.3370028790796047,48.915450270042584,40.336869856747555,0.40214,0.9433618630978511,0.09653,49.903729632749645,21.426252977845426,2.8522134061462827,329.14717390055154,1.8964560442498608
899,0.08745,2.380136006501418,6.480698820167502,0.08338,41.85669719871477,5.381152095812778,0.5696596698224912,6.930095347141026,16.874372457993278,4.7834405701417975,56.430931388833244,6.7151481099728265,16.518405495399957,6.745410870432795,2.0497861861548863,18.59337586550757,1.3370028790796047,48.915450270042584,40.336869856747555,0.40214,0.9433618630978511,0.09653,49.903729632749645,21.426252977845426,2.8522134061462827,329.14717390055154,1.8964560442498608
900,0.08745,2.380136006501418,6.480698820167502,0.08338,41.85669719871477,5.381152095812778,0.5696596698224912,6.930095347141026,16.874372457993278,4.7834405701417975,56.430931388833244,6.7151481099728265,16.518405495399957,6.745410870432795,2.0497861861548863,18.59337586550757,1.3370028790796047,48.915450270042584,40.336869856747555,0.40214,0.9433618630978511,0.09653,49.903729632749645,21.426252977845426,2.8522134061462827,329.14717390055154,1.8964560442498608
901,0.08745,2.380136006501418,6.480698820167502,0.08338,41.85669719871477,5.381152095812778,0.5696596698224912,6.930095347141026,16.874372457993278,4.7834405701417975,56.430931388833244,6.7151481099728265,16.518405495399957,6.745410870432795,2.0497861861548863,18.59337586550757,1.3370028790796047,48.915450270042584,40.336869856747555,0.40214,0.9433618630978511,0.09653,49.903729632749645,21.426252977845426,2.8522134061462827,329.14717390055154,1.8964560442498608
902,0.08745,2.380136006501418,6.480698820167502,0.08338,41.85669719871477,5.381152095812778,0.5696596698224912,6.930095347141026,16.874372457993278,4.7834405701417975,56.430931388833244,6.7151481099728265,16.518405495399957,6.745410870432795,2.0497861861548863,18.59337586550757,1.3370028790796047,48.915450270042584,40.336869856747555,0.40214,0.9433618630978511,0.09653,49.903729632749645,21.426252977845426,2.8522134061462827,329.14717390055154,1.8964560442498608
903,0.08745,2.380136006501418,6.480698820167502,0.08338,41.85669719871477,5.381152095812778,0.5696596698224912,6.930095347141026,16.874372457993278,4.7834405701417975,56.430931388833244,6.7151481099728265,16.518405495399957,6.745410870432795,2.0497861861548863,18.59337586550757,1.3370028790796047,48.915450270042584,40.336869856747555,0.40214,0.9433618630978511,0.09653,49.903729632749645,21.426252977845426,2.8522134061462827,329.14717390055154,1.8964560442498608
904,0.08745,2.380136006501418,6.480698820167502,0.08338,41.85669719871477,5.381152095812778,0.5696596698224912,6.930095347141026,16.874372457993278,4.7834405701417975,56.430931388833244,6.7151481099728265,16.518405495399957,6.745410870432795,2.0497861861548863,18.59337586550757,1.3370028790796047,48.915450270042584,40.336869856747555,0.40214,0.9433618630978511,0.09653,49.903729632749645,21.426252977845426,2.8522134061462827,329.14717390055154,1.8964560442498608
905,0.08745,2.380136006501418,6.480698820167502,0.08338,41.85669719871477,5.381152095812778,0.5696596698224912,6.930095347141026,16.874372457993278,4.7834405701417975,56.430931388833244,6.7151481099728265,16.518405495399957,6.745410870432795,2.0497861861548863,18.59337586550757,1.3370028790796047,48.915450270042584,40.336869856747555,0.40214,0.9433618630978511,0.09653,49.903729632749645,21.426252977845426,2.8522134061462827,329.14717390055154,1.8964560442498608
906,0.08745,2.380136006501418,6.480698820167502,0.08338,41.85669719871477,5.381152095812778,0.5696596698224912,6.930095347141026,16.874372457993278,4.7834405701417975,56.430931388833244,6.7151481099728265,16.518405495399957,6.745410870432795,2.0497861861548863,18.59337586550757,1.3370028790796047,48.915450270042584,40.336869856747555,0.40214,0.9433618630978511,0.09653,49.903729632749645,21.426252977845426,2.8522134061462827,329.14717390055154,1.8964560442498608
907,0.08745,2.380136006501418,6.480698820167502,0.08338,41.85669719871477,5.381152095812778,0.5696596698224912,6.930095347141026,16.874372457993278,4.7834405701417975,56.430931388833244,6.7151481099728265,16.518405495399957,6.745410870432795,2.0497861861548863,18.59337586550757,1.3370028790796047,48.915450270042584,40.336869856747555,0.40214,0.9433618630978511,0.09653,49.903729632749645,21.426252977845426,2.8522134061462827,329.14717390055154,1.8964560442498608
908,0.08745,2.380136006501418,6.480698820167502,0.08338,41.85669719871477,5.381152095812778,0.5696596698224912,6.930095347141026,16.874372457993278,4.7834405701417975,56.430931388833244,6.7151481099728265,16.518405495399957,6.745410870432795,2.0497861861548863,18.59337586550757,1.3370028790796047,48.915450270042584,40.336869856747555,0.40214,0.9433618630978511,0.09653,49.903729632749645,21.426252977845426,2.8522134061462827,329.14717390055154,1.8964560442498608
909,0.08745,2.380136006501418,6.480698820167502,0.08338,41.85669719871477,5.381152095812778,0.5696596698224912,6.930095347141026,16.874372457993278,4.7834405701417975,56.430931388833244,6.7151481099728265,16.518405495399957,6.745410870432795,2.0497861861548863,18.59337586550757,1.3370028790796047,48.915450270042584,40.336869856747555,0.40214,0.9433618630978511,0.09653,49.903729632749645,21.426252977845426,2.8522134061462827,329.14717390055154,1.8964560442498608
910,0.08745,2.380136006501418,6.480698820167502,0.08338,41.85669719871477,5.381152095812778,0.5696596698224912,6.930095347141026,16.874372457993278,4.7834405701417975,56.430931388833244,6.7151481099728265,16.518405495399957,6.745410870432795,2.0497861861548863,18.59337586550757,1.3370028790796047,48.915450270042584,40.336869856747555,0.40214,0.9433618630978511,0.09653,49.903729632749645,21.426252977845426,2.8522134061462827,329.14717390055154,1.8964560442498608
911,0.08745,2.380136006501418,6.480698820167502,0.08338,41.85669719871477,5.381152095812778,0.5696596698224912,6.930095347141026,16.874372457993278,4.7834405701417975,56.430931388833244,6.7151481099728265,16.518405495399957,6.745410870432795,2.0497861861548863,18.59337586550757,1.3370028790796047,48.915450270042584,40.336869856747555,0.40214,0.9433618630978511,0.09653,49.903729632749645,21.426252977845426,2.8522134061462827,329.14717390055154,1.8964560442498608
912,0.08745,2.380136006501418,6.480698820167502,0.08338,41.85669719871477,5.381152095812778,0.5696596698224912,6.930095347141026,16.874372457993278,4.7834405701417975,56.430931388833244,6.7151481099728265,16.518405495399957,6.745410870432795,2.0497861861548863,18.59337586550757,1.3370028790796047,48.915450270042584,40.336869856747555,0.40214,0.9433618630978511,0.09653,49.903729632749645,21.426252977845426,2.8522134061462827,329.14717390055154,1.8964560442498608
913,0.08745,2.380136006501418,6.480698820167502,0.08338,41.85669719871477,5.381152095812778,0.5696596698224912,6.930095347141026,16.874372457993278,4.7834405701417975,56.430931388833244,6.7151481099728265,16.518405495399957,6.745410870432795,2.0497861861548863,18.59337586550757,1.3370028790796047,48.915450270042584,40.336869856747555,0.40214,0.9433618630978511,0.09653,49.903729632749645,21.426252977845426,2.8522134061462827,329.14717390055154,1.8964560442498608
914,0.08745,2.380136006501418,6.480698820167502,0.08338,41.85669719871477,5.381152095812778,0.5696596698224912,6.930095347141026,16.874372457993278,4.7834405701417975,56.430931388833244,6.7151481099728265,16.518405495399957,6.745410870432795,2.0497861861548863,18.59337586550757,1.3370028790796047,48.915450270042584,40.336869856747555,0.40214,0.9433618630978511,0.09653,49.903729632749645,21.426252977845426,2.8522134061462827,329.14717390055154,1.8964560442498608
915,0.08745,2.380136006501418,6.480698820167502,0.08338,41.85669719871477,5.381152095812778,0.5696596698224912,6.930095347141026,16.874372457993278,4.7834405701417975,56.430931388833244,6.7151481099728265,16.518405495399957,6.745410870432795,2.0497861861548863,18.59337586550757,1.3370028790796047,48.915450270042584,40.336869856747555,0.40214,0.9433618630978511,0.09653,49.903729632749645,21.426252977845426,2.8522134061462827,329.14717390055154,1.8964560442498608
916,0.08745,2.380136006501418,6.480698820167502,0.08338,41.85669719871477,5.381152095812778,0.5696596698224912,6.930095347141026,16.874372457993278,4.7834405701417975,56.430931388833244,6.7151481099728265,16.518405495399957,6.745410870432795,2.0497861861548863,18.59337586550757,1.3370028790796047,48.915450270042584,40.336869856747555,0.40214,0.9433618630978511,0.09653,49.903729632749645,21.426252977845426,2.8522134061462827,329.14717390055154,1.8964560442498608
917,0.08745,2.380136006501418,6.480698820167502,0.08338,41.85669719871477,5.381152095812778,0.5696596698224912,6.930095347141026,16.874372457993278,4.7834405701417975,56.430931388833244,6.7151481099728265,16.518405495399957,6.745410870432795,2.0497861861548863,18.59337586550757,1.3370028790796047,48.915450270042584,40.336869856747555,0.40214,0.9433618630978511,0.09653,49.903729632749645,21.426252977845426,2.8522134061462827,329.14717390055154,1.8964560442498608
918,0.08745,2.380136006501418,6.480698820167502,0.08338,41.85669719871477,5.381152095812778,0.5696596698224912,6.930095347141026,16.874372457993278,4.7834405701417975,56.430931388833244,6.7151481099728265,16.518405495399957,6.745410870432795,2.0497861861548863,18.59337586550757,1.3370028790796047,48.915450270042584,40.336869856747555,0.40214,0.9433618630978511,0.09653,49.903729632749645,21.426252977845426,2.8522134061462827,329.14717390055154,1.8964560442498608
919,0.08745,2.380136006501418,6.480698820167502,0.08338,41.85669719871477,5.381152095812778,0.5696596698224912,6.930095347141026,16.874372457993278,4.7834405701417975,56.430931388833244,6.7151481099728265,16.518405495399957,6.745410870432795,2.0497861861548863,18.59337586550757,1.3370028790796047,48.915450270042584,40.336869856747555,0.40214,0.9433618630978511,0.09653,49.903729632749645,21.426252977845426,2.8522134061462827,329.14717390055154,1.8964560442498608
920,0.08745,2.380136006501418,6.480698820167502,0.08338,41.85669719871477,5.381152095812778,0.5696596698224912,6.930095347141026,16.874372457993278,4.7834405701417975,56.430931388833244,6.7151481099728265,16.518405495399957,6.745410870432795,2.0497861861548863,18.59337586550757,1.3370028790796047,48.915450270042584,40.336869856747555,0.40214,0.9433618630978511,0.09653,49.903729632749645,21.426252977845426,2.8522134061462827,329.14717390055154,1.8964560442498608
921,0.08745,2.380136006501418,6.480698820167502,0.08338,41.85669719871477,5.381152095812778,0.5696596698224912,6.930095347141026,16.874372457993278,4.7834405701417975,56.430931388833244,6.7151481099728265,16.518405495399957,6.745410870432795,2.0497861861548863,18.59337586550757,1.3370028790796047,48.915450270042584,40.336869856747555,0.40214,0.9433618630978511,0.09653,49.903729632749645,21.426252977845426,2.8522134061462827,329.14717390055154,1.8964560442498608
922,0.08745,2.380136006501418,6.480698820167502,0.08338,41.85669719871477,5.381152095812778,0.5696596698224912,6.930095347141026,16.874372457993278,4.7834405701417975,56.430931388833244,6.7151481099728265,16.518405495399957,6.745410870432795,2.0497861861548863,18.59337586550757,1.3370028790796047,48.915450270042584,40.336869856747555,0.40214,0.9433618630978511,0.09653,49.903729632749645,21.426252977845426,2.8522134061462827,329.14717390055154,1.8964560442498608
923,0.08745,2.380136006501418,6.480698820167502,0.08338,41.85669719871477,5.381152095812778,0.5696596698224912,6.930095347141026,16.874372457993278,4.7834405701417975,56.430931388833244,6.7151481099728265,16.518405495399957,6.745410870432795,2.0497861861548863,18.59337586550757,1.3370028790796047,48.915450270042584,40.336869856747555,0.40214,0.9433618630978511,0.09653,49.903729632749645,21.426252977845426,2.8522134061462827,329.14717390055154,1.8964560442498608
924,0.08745,2.380136006501418,6.480698820167502,0.08338,41.85669719871477,5.381152095812778,0.5696596698224912,6.930095347141026,16.874372457993278,4.7834405701417975,56.430931388833244,6.7151481099728265,16.518405495399957,6.745410870432795,2.0497861861548863,18.59337586550757,1.3370028790796047,48.915450270042584,40.336869856747555,0.40214,0.9433618630978511,0.09653,49.903729632749645,21.426252977845426,2.8522134061462827,329.14717390055154,1.8964560442498608
925,0.08745,2.380136006501418,6.480698820167502,0.08338,41.85669719871477,5.381152095812778,0.5696596698224912,6.930095347141026,16.874372457993278,4.7834405701417975,56.430931388833244,6.7151481099728265,16.518405495399957,6.745410870432795,2.0497861861548863,18.59337586550757,1.3370028790796047,48.915450270042584,40.336869856747555,0.40214,0.9433618630978511,0.09653,49.903729632749645,21.426252977845426,2.8522134061462827,329.14717390055154,1.8964560442498608
926,0.08745,2.380136006501418,6.480698820167502,0.08338,41.85669719871477,5.381152095812778,0.5696596698224912,6.930095347141026,16.874372457993278,4.7834405701417975,56.430931388833244,6.7151481099728265,16.518405495399957,6.745410870432795,2.0497861861548863,18.59337586550757,1.3370028790796047,48.915450270042584,40.336869856747555,0.40214,0.9433618630978511,0.09653,49.903729632749645,21.426252977845426,2.8522134061462827,329.14717390055154,1.8964560442498608
927,0.08745,2.380136006501418,6.480698820167502,0.08338,41.85669719871477,5.381152095812778,0.5696596698224912,6.930095347141026,16.874372457993278,4.7834405701417975,56.430931388833244,6.7151481099728265,16.518405495399957,6.745410870432795,2.0497861861548863,18.59337586550757,1.3370028790796047,48.915450270042584,40.336869856747555,0.40214,0.9433618630978511,0.09653,49.903729632749645,21.426252977845426,2.8522134061462827,329.14717390055154,1.8964560442498608
928,0.08745,2.380136006501418,6.480698820167502,0.08338,41.85669719871477,5.381152095812778,0.5696596698224912,6.930095347141026,16.874372457993278,4.7834405701417975,56.430931388833244,6.7151481099728265,16.518405495399957,6.745410870432795,2.0497861861548863,18.59337586550757,1.3370028790796047,48.915450270042584,40.336869856747555,0.40214,0.9433618630978511,0.09653,49.903729632749645,21.426252977845426,2.8522134061462827,329.14717390055154,1.8964560442498608
929,0.08745,2.380136006501418,6.480698820167502,0.08338,41.85669719871477,5.381152095812778,0.5696596698224912,6.930095347141026,16.874372457993278,4.7834405701417975,56.430931388833244,6.7151481099728265,16.518405495399957,6.745410870432795,2.0497861861548863,18.59337586550757,1.3370028790796047,48.915450270042584,40.336869856747555,0.40214,0.9433618630978511,0.09653,49.903729632749645,21.426252977845426,2.8522134061462827,329.14717390055154,1.8964560442498608
930,0.08745,2.380136006501418,6.480698820167502,0.08338,41.85669719871477,5.381152095812778,0.5696596698224912,6.930095347141026,16.874372457993278,4.7834405701417975,56.430931388833244,6.7151481099728265,16.518405495399957,6.745410870432795,2.0497861861548863,18.59337586550757,1.3370028790796047,48.915450270042584,40.336869856747555,0.40214,0.9433618630978511,0.09653,49.903729632749645,21.426252977845426,2.8522134061462827,329.14717390055154,1.8964560442498608
931,0.08745,2.380136006501418,6.480698820167502,0.08338,41.85669719871477,5.381152095812778,0.5696596698224912,6.930095347141026,16.874372457993278,4.7834405701417975,56.430931388833244,6.7151481099728265,16.518405495399957,6.745410870432795,2.0497861861548863,18.59337586550757,1.3370028790796047,48.915450270042584,40.336869856747555,0.40214,0.9433618630978511,0.09653,49.903729632749645,21.426252977845426,2.8522134061462827,329.14717390055154,1.8964560442498608
932,0.08745,2.380136006501418,6.480698820167502,0.08338,41.85669719871477,5.381152095812778,0.5696596698224912,6.930095347141026,16.874372457993278,4.7834405701417975,56.430931388833244,6.7151481099728265,16.518405495399957,6.745410870432795,2.0497861861548863,18.59337586550757,1.3370028790796047,48.915450270042584,40.336869856747555,0.40214,0.9433618630978511,0.09653,49.903729632749645,21.426252977845426,2.8522134061462827,329.14717390055154,1.8964560442498608
933,0.08745,2.380136006501418,6.480698820167502,0.08338,41.85669719871477,5.381152095812778,0.5696596698224912,6.930095347141026,16.874372457993278,4.7834405701417975,56.430931388833244,6.7151481099728265,16.518405495399957,6.745410870432795,2.0497861861548863,18.59337586550757,1.3370028790796047,48.915450270042584,40.336869856747555,0.40214,0.9433618630978511,0.09653,49.903729632749645,21.426252977845426,2.8522134061462827,329.14717390055154,1.8964560442498608
934,0.08745,2.380136006501418,6.480698820167502,0.08338,41.85669719871477,5.381152095812778,0.5696596698224912,6.930095347141026,16.874372457993278,4.7834405701417975,56.430931388833244,6.7151481099728265,16.518405495399957,6.745410870432795,2.0497861861548863,18.59337586550757,1.3370028790796047,48.915450270042584,40.336869856747555,0.40214,0.9433618630978511,0.09653,49.903729632749645,21.426252977845426,2.8522134061462827,329.14717390055154,1.8964560442498608
935,0.08745,2.380136006501418,6.480698820167502,0.08338,41.85669719871477,5.381152095812778,0.5696596698224912,6.930095347141026,16.874372457993278,4.7834405701417975,56.430931388833244,6.7151481099728265,16.518405495399957,6.745410870432795,2.0497861861548863,18.59337586550757,1.3370028790796047,48.915450270042584,40.336869856747555,0.40214,0.9433618630978511,0.09653,49.903729632749645,21.426252977845426,2.8522134061462827,329.14717390055154,1.8964560442498608
936,0.08745,2.380136006501418,6.480698820167502,0.08338,41.85669719871477,5.381152095812778,0.5696596698224912,6.930095347141026,16.874372457993278,4.7834405701417975,56.430931388833244,6.7151481099728265,16.518405495399957,6.745410870432795,2.0497861861548863,18.59337586550757,1.3370028790796047,48.915450270042584,40.336869856747555,0.40214,0.9433618630978511,0.09653,49.903729632749645,21.426252977845426,2.8522134061462827,329.14717390055154,1.8964560442498608
937,0.08745,2.380136006501418,6.480698820167502,0.08338,41.85669719871477,5.381152095812778,0.5696596698224912,6.930095347141026,16.874372457993278,4.7834405701417975,56.430931388833244,6.7151481099728265,16.518405495399957,6.745410870432795,2.0497861861548863,18.59337586550757,1.3370028790796047,48.915450270042584,40.336869856747555,0.40214,0.9433618630978511,0.09653,49.903729632749645,21.426252977845426,2.8522134061462827,329.14717390055154,1.8964560442498608
938,0.08745,2.380136006501418,6.480698820167502,0.08338,41.85669719871477,5.381152095812778,0.5696596698224912,6.930095347141026,16.874372457993278,4.7834405701417975,56.430931388833244,6.7151481099728265,16.518405495399957,6.745410870432795,2.0497861861548863,18.59337586550757,1.3370028790796047,48.915450270042584,40.336869856747555,0.40214,0.9433618630978511,0.09653,49.903729632749645,21.426252977845426,2.8522134061462827,329.14717390055154,1.8964560442498608
939,0.08745,2.380136006501418,6.480698820167502,0.08338,41.85669719871477,5.381152095812778,0.5696596698224912,6.930095347141026,16.874372457993278,4.7834405701417975,56.430931388833244,6.7151481099728265,16.518405495399957,6.745410870432795,2.0497861861548863,18.59337586550757,1.3370028790796047,48.915450270042584,40.336869856747555,0.40214,0.9433618630978511,0.09653,49.903729632749645,21.426252977845426,2.8522134061462827,329.14717390055154,1.8964560442498608
940,0.08745,2.380136006501418,6.480698820167502,0.08338,41.85669719871477,5.381152095812778,0.5696596698224912,6.930095347141026,16.874372457993278,4.7834405701417975,56.430931388833244,6.7151481099728265,16.518405495399957,6.745410870432795,2.0497861861548863,18.59337586550757,1.3370028790796047,48.915450270042584,40.336869856747555,0.40214,0.9433618630978511,0.09653,49.903729632749645,21.426252977845426,2.8522134061462827,329.14717390055154,1.8964560442498608
941,0.08745,2.380136006501418,6.480698820167502,0.08338,41.85669719871477,5.381152095812778,0.5696596698224912,6.930095347141026,16.874372457993278,4.7834405701417975,56.430931388833244,6.7151481099728265,16.518405495399957,6.745410870432795,2.0497861861548863,18.59337586550757,1.3370028790796047,48.915450270042584,40.336869856747555,0.40214,0.9433618630978511,0.09653,49.903729632749645,21.426252977845426,2.8522134061462827,329.14717390055154,1.8964560442498608
942,0.08745,2.380136006501418,6.480698820167502,0.08338,41.85669719871477,5.381152095812778,0.5696596698224912,6.930095347141026,16.874372457993278,4.7834405701417975,56.430931388833244,6.7151481099728265,16.518405495399957,6.745410870432795,2.0497861861548863,18.59337586550757,1.3370028790796047,48.915450270042584,40.336869856747555,0.40214,0.9433618630978511,0.09653,49.903729632749645,21.426252977845426,2.8522134061462827,329.14717390055154,1.8964560442498608
943,0.08745,2.380136006501418,6.480698820167502,0.08338,41.85669719871477,5.381152095812778,0.5696596698224912,6.930095347141026,16.874372457993278,4.7834405701417975,56.430931388833244,6.7151481099728265,16.518405495399957,6.745410870432795,2.0497861861548863,18.59337586550757,1.3370028790796047,48.915450270042584,40.336869856747555,0.40214,0.9433618630978511,0.09653,49.903729632749645,21.426252977845426,2.8522134061462827,329.14717390055154,1.8964560442498608
944,0.08745,2.380136006501418,6.480698820167502,0.08338,41.85669719871477,5.381152095812778,0.5696596698224912,6.930095347141026,16.874372457993278,4.7834405701417975,56.430931388833244,6.7151481099728265,16.518405495399957,6.745410870432795,2.0497861861548863,18.59337586550757,1.3370028790796047,48.915450270042584,40.336869856747555,0.40214,0.9433618630978511,0.09653,49.903729632749645,21.426252977845426,2.8522134061462827,329.14717390055154,1.8964560442498608
945,0.08745,2.380136006501418,6.480698820167502,0.08338,41.85669719871477,5.381152095812778,0.5696596698224912,6.930095347141026,16.874372457993278,4.7834405701417975,56.430931388833244,6.7151481099728265,16.518405495399957,6.745410870432795,2.0497861861548863,18.59337586550757,1.3370028790796047,48.915450270042584,40.336869856747555,0.40214,0.9433618630978511,0.09653,49.903729632749645,21.426252977845426,2.8522134061462827,329.14717390055154,1.8964560442498608
946,0.08745,2.380136006501418,6.480698820167502,0.08338,41.85669719871477,5.381152095812778,0.5696596698224912,6.930095347141026,16.874372457993278,4.7834405701417975,56.430931388833244,6.7151481099728265,16.518405495399957,6.745410870432795,2.0497861861548863,18.59337586550757,1.3370028790796047,48.915450270042584,40.336869856747555,0.40214,0.9433618630978511,0.09653,49.903729632749645,21.426252977845426,2.8522134061462827,329.14717390055154,1.8964560442498608
947,0.08745,2.380136006501418,6.480698820167502,0.08338,41.85669719871477,5.381152095812778,0.5696596698224912,6.930095347141026,16.874372457993278,4.7834405701417975,56.430931388833244,6.7151481099728265,16.518405495399957,6.745410870432795,2.0497861861548863,18.59337586550757,1.3370028790796047,48.915450270042584,40.336869856747555,0.40214,0.9433618630978511,0.09653,49.903729632749645,21.426252977845426,2.8522134061462827,329.14717390055154,1.8964560442498608
948,0.08745,2.380136006501418,6.480698820167502,0.08338,41.85669719871477,5.381152095812778,0.5696596698224912,6.930095347141026,16.874372457993278,4.7834405701417975,56.430931388833244,6.7151481099728265,16.518405495399957,6.745410870432795,2.0497861861548863,18.59337586550757,1.3370028790796047,48.915450270042584,40.336869856747555,0.40214,0.9433618630978511,0.09653,49.903729632749645,21.426252977845426,2.8522134061462827,329.14717390055154,1.8964560442498608
949,0.08745,2.380136006501418,6.480698820167502,0.08338,41.85669719871477,5.381152095812778,0.5696596698224912,6.930095347141026,16.874372457993278,4.7834405701417975,56.430931388833244,6.7151481099728265,16.518405495399957,6.745410870432795,2.0497861861548863,18.59337586550757,1.3370028790796047,48.915450270042584,40.336869856747555,0.40214,0.9433618630978511,0.09653,49.903729632749645,21.426252977845426,2.8522134061462827,329.14717390055154,1.8964560442498608
950,0.08745,2.380136006501418,6.480698820167502,0.08338,41.85669719871477,5.381152095812778,0.5696596698224912,6.930095347141026,16.874372457993278,4.7834405701417975,56.430931388833244,6.7151481099728265,16.518405495399957,6.745410870432795,2.0497861861548863,18.59337586550757,1.3370028790796047,48.915450270042584,40.336869856747555,0.40214,0.9433618630978511,0.09653,49.903729632749645,21.426252977845426,2.8522134061462827,329.14717390055154,1.8964560442498608
951,0.08745,2.380136006501418,6.480698820167502,0.08338,41.85669719871477,5.381152095812778,0.5696596698224912,6.930095347141026,16.874372457993278,4.7834405701417975,56.430931388833244,6.7151481099728265,16.518405495399957,6.745410870432795,2.0497861861548863,18.59337586550757,1.3370028790796047,48.915450270042584,40.336869856747555,0.40214,0.9433618630978511,0.09653,49.903729632749645,21.426252977845426,2.8522134061462827,329.14717390055154,1.8964560442498608
952,0.08745,2.380136006501418,6.480698820167502,0.08338,41.85669719871477,5.381152095812778,0.5696596698224912,6.930095347141026,16.874372457993278,4.7834405701417975,56.430931388833244,6.7151481099728265,16.518405495399957,6.745410870432795,2.0497861861548863,18.59337586550757,1.3370028790796047,48.915450270042584,40.336869856747555,0.40214,0.9433618630978511,0.09653,49.903729632749645,21.426252977845426,2.8522134061462827,329.14717390055154,1.8964560442498608
953,0.08745,2.380136006501418,6.480698820167502,0.08338,41.85669719871477,5.381152095812778,0.5696596698224912,6.930095347141026,16.874372457993278,4.7834405701417975,56.430931388833244,6.7151481099728265,16.518405495399957,6.745410870432795,2.0497861861548863,18.59337586550757,1.3370028790796047,48.915450270042584,40.336869856747555,0.40214,0.9433618630978511,0.09653,49.903729632749645,21.426252977845426,2.8522134061462827,329.14717390055154,1.8964560442498608
954,0.08745,2.380136006501418,6.480698820167502,0.08338,41.85669719871477,5.381152095812778,0.5696596698224912,6.930095347141026,16.874372457993278,4.7834405701417975,56.430931388833244,6.7151481099728265,16.518405495399957,6.745410870432795,2.0497861861548863,18.59337586550757,1.3370028790796047,48.915450270042584,40.336869856747555,0.40214,0.9433618630978511,0.09653,49.903729632749645,21.426252977845426,2.8522134061462827,329.14717390055154,1.8964560442498608
955,0.08745,2.380136006501418,6.480698820167502,0.08338,41.85669719871477,5.381152095812778,0.5696596698224912,6.930095347141026,16.874372457993278,4.7834405701417975,56.430931388833244,6.7151481099728265,16.518405495399957,6.745410870432795,2.0497861861548863,18.59337586550757,1.3370028790796047,48.915450270042584,40.336869856747555,0.40214,0.9433618630978511,0.09653,49.903729632749645,21.426252977845426,2.8522134061462827,329.14717390055154,1.8964560442498608
956,0.08745,2.380136006501418,6.480698820167502,0.08338,41.85669719871477,5.381152095812778,0.5696596698224912,6.930095347141026,16.874372457993278,4.7834405701417975,56.430931388833244,6.7151481099728265,16.518405495399957,6.745410870432795,2.0497861861548863,18.59337586550757,1.3370028790796047,48.915450270042584,40.336869856747555,0.40214,0.9433618630978511,0.09653,49.903729632749645,21.426252977845426,2.8522134061462827,329.14717390055154,1.8964560442498608
957,0.08745,2.380136006501418,6.480698820167502,0.08338,41.85669719871477,5.381152095812778,0.5696596698224912,6.930095347141026,16.874372457993278,4.7834405701417975,56.430931388833244,6.7151481099728265,16.518405495399957,6.745410870432795,2.0497861861548863,18.59337586550757,1.3370028790796047,48.915450270042584,40.336869856747555,0.40214,0.9433618630978511,0.09653,49.903729632749645,21.426252977845426,2.8522134061462827,329.14717390055154,1.8964560442498608
958,0.08745,2.380136006501418,6.480698820167502,0.08338,41.85669719871477,5.381152095812778,0.5696596698224912,6.930095347141026,16.874372457993278,4.7834405701417975,56.430931388833244,6.7151481099728265,16.518405495399957,6.745410870432795,2.0497861861548863,18.59337586550757,1.3370028790796047,48.915450270042584,40.336869856747555,0.40214,0.9433618630978511,0.09653,49.903729632749645,21.426252977845426,2.8522134061462827,329.14717390055154,1.8964560442498608
959,0.08745,2.380136006501418,6.480698820167502,0.08338,41.85669719871477,5.381152095812778,0.5696596698224912,6.930095347141026,16.874372457993278,4.7834405701417975,56.430931388833244,6.7151481099728265,16.518405495399957,6.745410870432795,2.0497861861548863,18.59337586550757,1.3370028790796047,48.915450270042584,40.336869856747555,0.40214,0.9433618630978511,0.09653,49.903729632749645,21.426252977845426,2.8522134061462827,329.14717390055154,1.8964560442498608
960,0.08745,2.380136006501418,6.480698820167502,0.08338,41.85669719871477,5.381152095812778,0.5696596698224912,6.930095347141026,16.874372457993278,4.7834405701417975,56.430931388833244,6.7151481099728265,16.518405495399957,6.745410870432795,2.0497861861548863,18.59337586550757,1.3370028790796047,48.915450270042584,40.336869856747555,0.40214,0.9433618630978511,0.09653,49.903729632749645,21.426252977845426,2.8522134061462827,329.14717390055154,1.8964560442498608
961,0.08745,2.380136006501418,6.480698820167502,0.08338,41.85669719871477,5.381152095812778,0.5696596698224912,6.930095347141026,16.874372457993278,4.7834405701417975,56.430931388833244,6.7151481099728265,16.518405495399957,6.745410870432795,2.0497861861548863,18.59337586550757,1.3370028790796047,48.915450270042584,40.336869856747555,0.40214,0.9433618630978511,0.09653,49.903729632749645,21.426252977845426,2.8522134061462827,329.14717390055154,1.8964560442498608
962,0.08745,2.380136006501418,6.480698820167502,0.08338,41.85669719871477,5.381152095812778,0.5696596698224912,6.930095347141026,16.874372457993278,4.7834405701417975,56.430931388833244,6.7151481099728265,16.518405495399957,6.745410870432795,2.0497861861548863,18.59337586550757,1.3370028790796047,48.915450270042584,40.336869856747555,0.40214,0.9433618630978511,0.09653,49.903729632749645,21.426252977845426,2.8522134061462827,329.14717390055154,1.8964560442498608
963,0.08745,2.380136006501418,6.480698820167502,0.08338,41.85669719871477,5.381152095812778,0.5696596698224912,6.930095347141026,16.874372457993278,4.7834405701417975,56.430931388833244,6.7151481099728265,16.518405495399957,6.745410870432795,2.0497861861548863,18.59337586550757,1.3370028790796047,48.915450270042584,40.336869856747555,0.40214,0.9433618630978511,0.09653,49.903729632749645,21.426252977845426,2.8522134061462827,329.14717390055154,1.8964560442498608
964,0.08745,2.380136006501418,6.480698820167502,0.08338,41.85669719871477,5.381152095812778,0.5696596698224912,6.930095347141026,16.874372457993278,4.7834405701417975,56.430931388833244,6.7151481099728265,16.518405495399957,6.745410870432795,2.0497861861548863,18.59337586550757,1.3370028790796047,48.915450270042584,40.336869856747555,0.40214,0.9433618630978511,0.09653,49.903729632749645,21.426252977845426,2.8522134061462827,329.14717390055154,1.8964560442498608
965,0.08745,2.380136006501418,6.480698820167502,0.08338,41.85669719871477,5.381152095812778,0.5696596698224912,6.930095347141026,16.874372457993278,4.7834405701417975,56.430931388833244,6.7151481099728265,16.518405495399957,6.745410870432795,2.0497861861548863,18.59337586550757,1.3370028790796047,48.915450270042584,40.336869856747555,0.40214,0.9433618630978511,0.09653,49.903729632749645,21.426252977845426,2.8522134061462827,329.14717390055154,1.8964560442498608
966,0.08745,2.380136006501418,6.480698820167502,0.08338,41.85669719871477,5.381152095812778,0.5696596698224912,6.930095347141026,16.874372457993278,4.7834405701417975,56.430931388833244,6.7151481099728265,16.518405495399957,6.745410870432795,2.0497861861548863,18.59337586550757,1.3370028790796047,48.915450270042584,40.336869856747555,0.40214,0.9433618630978511,0.09653,49.903729632749645,21.426252977845426,2.8522134061462827,329.14717390055154,1.8964560442498608
967,0.08745,2.380136006501418,6.480698820167502,0.08338,41.85669719871477,5.381152095812778,0.5696596698224912,6.930095347141026,16.874372457993278,4.7834405701417975,56.430931388833244,6.7151481099728265,16.518405495399957,6.745410870432795,2.0497861861548863,18.59337586550757,1.3370028790796047,48.915450270042584,40.336869856747555,0.40214,0.9433618630978511,0.09653,49.903729632749645,21.426252977845426,2.8522134061462827,329.14717390055154,1.8964560442498608
968,0.08745,2.380136006501418,6.480698820167502,0.08338,41.85669719871477,5.381152095812778,0.5696596698224912,6.930095347141026,16.874372457993278,4.7834405701417975,56.430931388833244,6.7151481099728265,16.518405495399957,6.745410870432795,2.0497861861548863,18.59337586550757,1.3370028790796047,48.915450270042584,40.336869856747555,0.40214,0.9433618630978511,0.09653,49.903729632749645,21.426252977845426,2.8522134061462827,329.14717390055154,1.8964560442498608
969,0.08745,2.380136006501418,6.480698820167502,0.08338,41.85669719871477,5.381152095812778,0.5696596698224912,6.930095347141026,16.874372457993278,4.7834405701417975,56.430931388833244,6.7151481099728265,16.518405495399957,6.745410870432795,2.0497861861548863,18.59337586550757,1.3370028790796047,48.915450270042584,40.336869856747555,0.40214,0.9433618630978511,0.09653,49.903729632749645,21.426252977845426,2.8522134061462827,329.14717390055154,1.8964560442498608
970,0.08745,2.380136006501418,6.480698820167502,0.08338,41.85669719871477,5.381152095812778,0.5696596698224912,6.930095347141026,16.874372457993278,4.7834405701417975,56.430931388833244,6.7151481099728265,16.518405495399957,6.745410870432795,2.0497861861548863,18.59337586550757,1.3370028790796047,48.915450270042584,40.336869856747555,0.40214,0.9433618630978511,0.09653,49.903729632749645,21.426252977845426,2.8522134061462827,329.14717390055154,1.8964560442498608
971,0.08745,2.380136006501418,6.480698820167502,0.08338,41.85669719871477,5.381152095812778,0.5696596698224912,6.930095347141026,16.874372457993278,4.7834405701417975,56.430931388833244,6.7151481099728265,16.518405495399957,6.745410870432795,2.0497861861548863,18.59337586550757,1.3370028790796047,48.915450270042584,40.336869856747555,0.40214,0.9433618630978511,0.09653,49.903729632749645,21.426252977845426,2.8522134061462827,329.14717390055154,1.8964560442498608
972,0.08745,2.380136006501418,6.480698820167502,0.08338,41.85669719871477,5.381152095812778,0.5696596698224912,6.930095347141026,16.874372457993278,4.7834405701417975,56.430931388833244,6.7151481099728265,16.518405495399957,6.745410870432795,2.0497861861548863,18.59337586550757,1.3370028790796047,48.915450270042584,40.336869856747555,0.40214,0.9433618630978511,0.09653,49.903729632749645,21.426252977845426,2.8522134061462827,329.14717390055154,1.8964560442498608
973,0.08745,2.380136006501418,6.480698820167502,0.08338,41.85669719871477,5.381152095812778,0.5696596698224912,6.930095347141026,16.874372457993278,4.7834405701417975,56.430931388833244,6.7151481099728265,16.518405495399957,6.745410870432795,2.0497861861548863,18.59337586550757,1.3370028790796047,48.915450270042584,40.336869856747555,0.40214,0.9433618630978511,0.09653,49.903729632749645,21.426252977845426,2.8522134061462827,329.14717390055154,1.8964560442498608
974,0.08745,2.380136006501418,6.480698820167502,0.08338,41.85669719871477,5.381152095812778,0.5696596698224912,6.930095347141026,16.874372457993278,4.7834405701417975,56.430931388833244,6.7151481099728265,16.518405495399957,6.745410870432795,2.0497861861548863,18.59337586550757,1.3370028790796047,48.915450270042584,40.336869856747555,0.40214,0.9433618630978511,0.09653,49.903729632749645,21.426252977845426,2.8522134061462827,329.14717390055154,1.8964560442498608
975,0.08745,2.380136006501418,6.480698820167502,0.08338,41.85669719871477,5.381152095812778,0.5696596698224912,6.930095347141026,16.874372457993278,4.7834405701417975,56.430931388833244,6.7151481099728265,16.518405495399957,6.745410870432795,2.0497861861548863,18.59337586550757,1.3370028790796047,48.915450270042584,40.336869856747555,0.40214,0.9433618630978511,0.09653,49.903729632749645,21.426252977845426,2.8522134061462827,329.14717390055154,1.8964560442498608
976,0.08745,2.380136006501418,6.480698820167502,0.08338,41.85669719871477,5.381152095812778,0.5696596698224912,6.930095347141026,16.874372457993278,4.7834405701417975,56.430931388833244,6.7151481099728265,16.518405495399957,6.745410870432795,2.0497861861548863,18.59337586550757,1.3370028790796047,48.915450270042584,40.336869856747555,0.40214,0.9433618630978511,0.09653,49.903729632749645,21.426252977845426,2.8522134061462827,329.14717390055154,1.8964560442498608
977,0.08745,2.380136006501418,6.480698820167502,0.08338,41.85669719871477,5.381152095812778,0.5696596698224912,6.930095347141026,16.874372457993278,4.7834405701417975,56.430931388833244,6.7151481099728265,16.518405495399957,6.745410870432795,2.0497861861548863,18.59337586550757,1.3370028790796047,48.915450270042584,40.336869856747555,0.40214,0.9433618630978511,0.09653,49.903729632749645,21.426252977845426,2.8522134061462827,329.14717390055154,1.8964560442498608
978,0.08745,2.380136006501418,6.480698820167502,0.08338,41.85669719871477,5.381152095812778,0.5696596698224912,6.930095347141026,16.874372457993278,4.7834405701417975,56.430931388833244,6.7151481099728265,16.518405495399957,6.745410870432795,2.0497861861548863,18.59337586550757,1.3370028790796047,48.915450270042584,40.336869856747555,0.40214,0.9433618630978511,0.09653,49.903729632749645,21.426252977845426,2.8522134061462827,329.14717390055154,1.8964560442498608
979,0.08745,2.380136006501418,6.480698820167502,0.08338,41.85669719871477,5.381152095812778,0.5696596698224912,6.930095347141026,16.874372457993278,4.7834405701417975,56.430931388833244,6.7151481099728265,16.518405495399957,6.745410870432795,2.0497861861548863,18.59337586550757,1.3370028790796047,48.915450270042584,40.336869856747555,0.40214,0.9433618630978511,0.09653,49.903729632749645,21.426252977845426,2.8522134061462827,329.14717390055154,1.8964560442498608
980,0.08745,2.380136006501418,6.480698820167502,0.08338,41.85669719871477,5.381152095812778,0.5696596698224912,6.930095347141026,16.874372457993278,4.7834405701417975,56.430931388833244,6.7151481099728265,16.518405495399957,6.745410870432795,2.0497861861548863,18.59337586550757,1.3370028790796047,48.915450270042584,40.336869856747555,0.40214,0.9433618630978511,0.09653,49.903729632749645,21.426252977845426,2.8522134061462827,329.14717390055154,1.8964560442498608
981,0.08745,2.380136006501418,6.480698820167502,0.08338,41.85669719871477,5.381152095812778,0.5696596698224912,6.930095347141026,16.874372457993278,4.7834405701417975,56.430931388833244,6.7151481099728265,16.518405495399957,6.745410870432795,2.0497861861548863,18.59337586550757,1.3370028790796047,48.915450270042584,40.336869856747555,0.40214,0.9433618630978511,0.09653,49.903729632749645,21.426252977845426,2.8522134061462827,329.14717390055154,1.8964560442498608
982,0.08745,2.380136006501418,6.480698820167502,0.08338,41.85669719871477,5.381152095812778,0.5696596698224912,6.930095347141026,16.874372457993278,4.7834405701417975,56.430931388833244,6.7151481099728265,16.518405495399957,6.745410870432795,2.0497861861548863,18.59337586550757,1.3370028790796047,48.915450270042584,40.336869856747555,0.40214,0.9433618630978511,0.09653,49.903729632749645,21.426252977845426,2.8522134061462827,329.14717390055154,1.8964560442498608
983,0.08745,2.380136006501418,6.480698820167502,0.08338,41.85669719871477,5.381152095812778,0.5696596698224912,6.930095347141026,16.874372457993278,4.7834405701417975,56.430931388833244,6.7151481099728265,16.518405495399957,6.745410870432795,2.0497861861548863,18.59337586550757,1.3370028790796047,48.915450270042584,40.336869856747555,0.40214,0.9433618630978511,0.09653,49.903729632749645,21.426252977845426,2.8522134061462827,329.14717390055154,1.8964560442498608
984,0.08745,2.380136006501418,6.480698820167502,0.08338,41.85669719871477,5.381152095812778,0.5696596698224912,6.930095347141026,16.874372457993278,4.7834405701417975,56.430931388833244,6.7151481099728265,16.518405495399957,6.745410870432795,2.0497861861548863,18.59337586550757,1.3370028790796047,48.915450270042584,40.336869856747555,0.40214,0.9433618630978511,0.09653,49.903729632749645,21.426252977845426,2.8522134061462827,329.14717390055154,1.8964560442498608
985,0.08745,2.380136006501418,6.480698820167502,0.08338,41.85669719871477,5.381152095812778,0.5696596698224912,6.930095347141026,16.874372457993278,4.7834405701417975,56.430931388833244,6.7151481099728265,16.518405495399957,6.745410870432795,2.0497861861548863,18.59337586550757,1.3370028790796047,48.915450270042584,40.336869856747555,0.40214,0.9433618630978511,0.09653,49.903729632749645,21.426252977845426,2.8522134061462827,329.14717390055154,1.8964560442498608
986,0.08745,2.380136006501418,6.480698820167502,0.08338,41.85669719871477,5.381152095812778,0.5696596698224912,6.930095347141026,16.874372457993278,4.7834405701417975,56.430931388833244,6.7151481099728265,16.518405495399957,6.745410870432795,2.0497861861548863,18.59337586550757,1.3370028790796047,48.915450270042584,40.336869856747555,0.40214,0.9433618630978511,0.09653,49.903729632749645,21.426252977845426,2.8522134061462827,329.14717390055154,1.8964560442498608
987,0.08745,2.380136006501418,6.480698820167502,0.08338,41.85669719871477,5.381152095812778,0.5696596698224912,6.930095347141026,16.874372457993278,4.7834405701417975,56.430931388833244,6.7151481099728265,16.518405495399957,6.745410870432795,2.0497861861548863,18.59337586550757,1.3370028790796047,48.915450270042584,40.336869856747555,0.40214,0.9433618630978511,0.09653,49.903729632749645,21.426252977845426,2.8522134061462827,329.14717390055154,1.8964560442498608
988,0.08745,2.380136006501418,6.480698820167502,0.08338,41.85669719871477,5.381152095812778,0.5696596698224912,6.930095347141026,16.874372457993278,4.7834405701417975,56.430931388833244,6.7151481099728265,16.518405495399957,6.745410870432795,2.0497861861548863,18.59337586550757,1.3370028790796047,48.915450270042584,40.336869856747555,0.40214,0.9433618630978511,0.09653,49.903729632749645,21.426252977845426,2.8522134061462827,329.14717390055154,1.8964560442498608
989,0.08745,2.380136006501418,6.480698820167502,0.08338,41.85669719871477,5.381152095812778,0.5696596698224912,6.930095347141026,16.874372457993278,4.7834405701417975,56.430931388833244,6.7151481099728265,16.518405495399957,6.745410870432795,2.0497861861548863,18.59337586550757,1.3370028790796047,48.915450270042584,40.336869856747555,0.40214,0.9433618630978511,0.09653,49.903729632749645,21.426252977845426,2.8522134061462827,329.14717390055154,1.8964560442498608
990,0.08745,2.380136006501418,6.480698820167502,0.08338,41.85669719871477,5.381152095812778,0.5696596698224912,6.930095347141026,16.874372457993278,4.7834405701417975,56.430931388833244,6.7151481099728265,16.518405495399957,6.745410870432795,2.0497861861548863,18.59337586550757,1.3370028790796047,48.915450270042584,40.336869856747555,0.40214,0.9433618630978511,0.09653,49.903729632749645,21.426252977845426,2.8522134061462827,329.14717390055154,1.8964560442498608
991,0.08745,2.380136006501418,6.480698820167502,0.08338,41.85669719871477,5.381152095812778,0.5696596698224912,6.930095347141026,16.874372457993278,4.7834405701417975,56.430931388833244,6.7151481099728265,16.518405495399957,6.745410870432795,2.0497861861548863,18.59337586550757,1.3370028790796047,48.915450270042584,40.336869856747555,0.40214,0.9433618630978511,0.09653,49.903729632749645,21.426252977845426,2.8522134061462827,329.14717390055154,1.8964560442498608
992,0.08745,2.380136006501418,6.480698820167502,0.08338,41.85669719871477,5.381152095812778,0.5696596698224912,6.930095347141026,16.874372457993278,4.7834405701417975,56.430931388833244,6.7151481099728265,16.518405495399957,6.745410870432795,2.0497861861548863,18.59337586550757,1.3370028790796047,48.915450270042584,40.336869856747555,0.40214,0.9433618630978511,0.09653,49.903729632749645,21.426252977845426,2.8522134061462827,329.14717390055154,1.8964560442498608
993,0.08745,2.380136006501418,6.480698820167502,0.08338,41.85669719871477,5.381152095812778,0.5696596698224912,6.930095347141026,16.874372457993278,4.7834405701417975,56.430931388833244,6.7151481099728265,16.518405495399957,6.745410870432795,2.0497861861548863,18.59337586550757,1.3370028790796047,48.915450270042584,40.336869856747555,0.40214,0.9433618630978511,0.09653,49.903729632749645,21.426252977845426,2.8522134061462827,329.14717390055154,1.8964560442498608
994,0.08745,2.380136006501418,6.480698820167502,0.08338,41.85669719871477,5.381152095812778,0.5696596698224912,6.930095347141026,16.874372457993278,4.7834405701417975,56.430931388833244,6.7151481099728265,16.518405495399957,6.745410870432795,2.0497861861548863,18.59337586550757,1.3370028790796047,48.915450270042584,40.336869856747555,0.40214,0.9433618630978511,0.09653,49.903729632749645,21.426252977845426,2.8522134061462827,329.14717390055154,1.8964560442498608
995,0.08745,2.380136006501418,6.480698820167502,0.08338,41.85669719871477,5.381152095812778,0.5696596698224912,6.930095347141026,16.874372457993278,4.7834405701417975,56.430931388833244,6.7151481099728265,16.518405495399957,6.745410870432795,2.0497861861548863,18.59337586550757,1.3370028790796047,48.915450270042584,40.336869856747555,0.40214,0.9433618630978511,0.09653,49.903729632749645,21.426252977845426,2.8522134061462827,329.14717390055154,1.8964560442498608
996,0.08745,2.380136006501418,6.480698820167502,0.08338,41.85669719871477,5.381152095812778,0.5696596698224912,6.930095347141026,16.874372457993278,4.7834405701417975,56.430931388833244,6.7151481099728265,16.518405495399957,6.745410870432795,2.0497861861548863,18.59337586550757,1.3370028790796047,48.915450270042584,40.336869856747555,0.40214,0.9433618630978511,0.09653,49.903729632749645,21.426252977845426,2.8522134061462827,329.14717390055154,1.8964560442498608
997,0.08745,2.380136006501418,6.480698820167502,0.08338,41.85669719871477,5.381152095812778,0.5696596698224912,6.930095347141026,16.874372457993278,4.7834405701417975,56.430931388833244,6.7151481099728265,16.518405495399957,6.745410870432795,2.0497861861548863,18.59337586550757,1.3370028790796047,48.915450270042584,40.336869856747555,0.40214,0.9433618630978511,0.09653,49.903729632749645,21.426252977845426,2.8522134061462827,329.14717390055154,1.8964560442498608
998,0.08745,2.380136006501418,6.480698820167502,0.08338,41.85669719871477,5.381152095812778,0.5696596698224912,6.930095347141026,16.874372457993278,4.7834405701417975,56.430931388833244,6.7151481099728265,16.518405495399957,6.745410870432795,2.0497861861548863,18.59337586550757,1.3370028790796047,48.915450270042584,40.336869856747555,0.40214,0.9433618630978511,0.09653,49.903729632749645,21.426252977845426,2.8522134061462827,329.14717390055154,1.8964560442498608
999,0.08745,2.380136006501418,6.480698820167502,0.08338,41.85669719871477,5.381152095812778,0.5696596698224912,6.930095347141026,16.874372457993278,4.7834405701417975,56.430931388833244,6.7151481099728265,16.518405495399957,6.745410870432795,2.0497861861548863,18.59337586550757,1.3370028790796047,48.915450270042584,40.336869856747555,0.40214,0.9433618630978511,0.09653,49.903729632749645,21.426252977845426,2.8522134061462827,329.14717390055154,1.8964560442498608
1000,0.08745,2.380136006501418,6.480698820167502,0.08338,41.85669719871477,5.381152095812778,0.5696596698224912,6.930095347141026,16.874372457993278,4.7834405701417975,56.430931388833244,6.7151481099728265,16.518405495399957,6.745410870432795,2.0497861861548863,18.59337586550757,1.3370028790796047,48.915450270042584,40.336869856747555,0.40214,0.9433618630978511,0.09653,49.903729632749645,21.426252977845426,2.8522134061462827,329.14717390055154,1.8964560442498608
1001,0.08745,2.380136006501418,6.480698820167502,0.08338,41.85669719871477,5.381152095812778,0.5696596698224912,6.930095347141026,16.874372457993278,4.7834405701417975,56.430931388833244,6.7151481099728265,16.518405495399957,6.745410870432795,2.0497861861548863,18.59337586550757,1.3370028790796047,48.915450270042584,40.336869856747555,0.40214,0.9433618630978511,0.09653,49.903729632749645,21.426252977845426,2.8522134061462827,329.14717390055154,1.8964560442498608
1002,0.08745,2.380136006501418,6.480698820167502,0.08338,41.85669719871477,5.381152095812778,0.5696596698224912,6.930095347141026,16.874372457993278,4.7834405701417975,56.430931388833244,6.7151481099728265,16.518405495399957,6.745410870432795,2.0497861861548863,18.59337586550757,1.3370028790796047,48.915450270042584,40.336869856747555,0.40214,0.9433618630978511,0.09653,49.903729632749645,21.426252977845426,2.8522134061462827,329.14717390055154,1.8964560442498608
1003,0.08745,2.380136006501418,6.480698820167502,0.08338,41.85669719871477,5.381152095812778,0.5696596698224912,6.930095347141026,16.874372457993278,4.7834405701417975,56.430931388833244,6.7151481099728265,16.518405495399957,6.745410870432795,2.0497861861548863,18.59337586550757,1.3370028790796047,48.915450270042584,40.336869856747555,0.40214,0.9433618630978511,0.09653,49.903729632749645,21.426252977845426,2.8522134061462827,329.14717390055154,1.8964560442498608
1004,0.08745,2.380136006501418,6.480698820167502,0.08338,41.85669719871477,5.381152095812778,0.5696596698224912,6.930095347141026,16.874372457993278,4.7834405701417975,56.430931388833244,6.7151481099728265,16.518405495399957,6.745410870432795,2.0497861861548863,18.59337586550757,1.3370028790796047,48.915450270042584,40.336869856747555,0.40214,0.9433618630978511,0.09653,49.903729632749645,21.426252977845426,2.8522134061462827,329.14717390055154,1.8964560442498608
1005,0.08745,2.380136006501418,6.480698820167502,0.08338,41.85669719871477,5.381152095812778,0.5696596698224912,6.930095347141026,16.874372457993278,4.7834405701417975,56.430931388833244,6.7151481099728265,16.518405495399957,6.745410870432795,2.0497861861548863,18.59337586550757,1.3370028790796047,48.915450270042584,40.336869856747555,0.40214,0.9433618630978511,0.09653,49.903729632749645,21.426252977845426,2.8522134061462827,329.14717390055154,1.8964560442498608
1006,0.08745,2.380136006501418,6.480698820167502,0.08338,41.85669719871477,5.381152095812778,0.5696596698224912,6.930095347141026,16.874372457993278,4.7834405701417975,56.430931388833244,6.7151481099728265,16.518405495399957,6.745410870432795,2.0497861861548863,18.59337586550757,1.3370028790796047,48.915450270042584,40.336869856747555,0.40214,0.9433618630978511,0.09653,49.903729632749645,21.426252977845426,2.8522134061462827,329.14717390055154,1.8964560442498608
1007,0.08745,2.380136006501418,6.480698820167502,0.08338,41.85669719871477,5.381152095812778,0.5696596698224912,6.930095347141026,16.874372457993278,4.7834405701417975,56.430931388833244,6.7151481099728265,16.518405495399957,6.745410870432795,2.0497861861548863,18.59337586550757,1.3370028790796047,48.915450270042584,40.336869856747555,0.40214,0.9433618630978511,0.09653,49.903729632749645,21.426252977845426,2.8522134061462827,329.14717390055154,1.8964560442498608
1008,0.08745,2.380136006501418,6.480698820167502,0.08338,41.85669719871477,5.381152095812778,0.5696596698224912,6.930095347141026,16.874372457993278,4.7834405701417975,56.430931388833244,6.7151481099728265,16.518405495399957,6.745410870432795,2.0497861861548863,18.59337586550757,1.3370028790796047,48.915450270042584,40.336869856747555,0.40214,0.9433618630978511,0.09653,49.903729632749645,21.426252977845426,2.8522134061462827,329.14717390055154,1.8964560442498608
1009,0.08745,2.380136006501418,6.480698820167502,0.08338,41.85669719871477,5.381152095812778,0.5696596698224912,6.930095347141026,16.874372457993278,4.7834405701417975,56.430931388833244,6.7151481099728265,16.518405495399957,6.745410870432795,2.0497861861548863,18.59337586550757,1.3370028790796047,48.915450270042584,40.336869856747555,0.40214,0.9433618630978511,0.09653,49.903729632749645,21.426252977845426,2.8522134061462827,329.14717390055154,1.8964560442498608
1010,0.08745,2.380136006501418,6.480698820167502,0.08338,41.85669719871477,5.381152095812778,0.5696596698224912,6.930095347141026,16.874372457993278,4.7834405701417975,56.430931388833244,6.7151481099728265,16.518405495399957,6.745410870432795,2.0497861861548863,18.59337586550757,1.3370028790796047,48.915450270042584,40.336869856747555,0.40214,0.9433618630978511,0.09653,49.903729632749645,21.426252977845426,2.8522134061462827,329.14717390055154,1.8964560442498608
1011,0.08745,2.380136006501418,6.480698820167502,0.08338,41.85669719871477,5.381152095812778,0.5696596698224912,6.930095347141026,16.874372457993278,4.7834405701417975,56.430931388833244,6.7151481099728265,16.518405495399957,6.745410870432795,2.0497861861548863,18.59337586550757,1.3370028790796047,48.915450270042584,40.336869856747555,0.40214,0.9433618630978511,0.09653,49.903729632749645,21.426252977845426,2.8522134061462827,329.14717390055154,1.8964560442498608
1012,0.08745,2.380136006501418,6.480698820167502,0.08338,41.85669719871477,5.381152095812778,0.5696596698224912,6.930095347141026,16.874372457993278,4.7834405701417975,56.430931388833244,6.7151481099728265,16.518405495399957,6.745410870432795,2.0497861861548863,18.59337586550757,1.3370028790796047,48.915450270042584,40.336869856747555,0.40214,0.9433618630978511,0.09653,49.903729632749645,21.426252977845426,2.8522134061462827,329.14717390055154,1.8964560442498608
1013,0.08745,2.380136006501418,6.480698820167502,0.08338,41.85669719871477,5.381152095812778,0.5696596698224912,6.930095347141026,16.874372457993278,4.7834405701417975,56.430931388833244,6.7151481099728265,16.518405495399957,6.745410870432795,2.0497861861548863,18.59337586550757,1.3370028790796047,48.915450270042584,40.336869856747555,0.40214,0.9433618630978511,0.09653,49.903729632749645,21.426252977845426,2.8522134061462827,329.14717390055154,1.8964560442498608
1014,0.08745,2.380136006501418,6.480698820167502,0.08338,41.85669719871477,5.381152095812778,0.5696596698224912,6.930095347141026,16.874372457993278,4.7834405701417975,56.430931388833244,6.7151481099728265,16.518405495399957,6.745410870432795,2.0497861861548863,18.59337586550757,1.3370028790796047,48.915450270042584,40.336869856747555,0.40214,0.9433618630978511,0.09653,49.903729632749645,21.426252977845426,2.8522134061462827,329.14717390055154,1.8964560442498608
1015,0.08745,2.380136006501418,6.480698820167502,0.08338,41.85669719871477,5.381152095812778,0.5696596698224912,6.930095347141026,16.874372457993278,4.7834405701417975,56.430931388833244,6.7151481099728265,16.518405495399957,6.745410870432795,2.0497861861548863,18.59337586550757,1.3370028790796047,48.915450270042584,40.336869856747555,0.40214,0.9433618630978511,0.09653,49.903729632749645,21.426252977845426,2.8522134061462827,329.14717390055154,1.8964560442498608
1016,0.08745,2.380136006501418,6.480698820167502,0.08338,41.85669719871477,5.381152095812778,0.5696596698224912,6.930095347141026,16.874372457993278,4.7834405701417975,56.430931388833244,6.7151481099728265,16.518405495399957,6.745410870432795,2.0497861861548863,18.59337586550757,1.3370028790796047,48.915450270042584,40.336869856747555,0.40214,0.9433618630978511,0.09653,49.903729632749645,21.426252977845426,2.8522134061462827,329.14717390055154,1.8964560442498608
1017,0.08745,2.380136006501418,6.480698820167502,0.08338,41.85669719871477,5.381152095812778,0.5696596698224912,6.930095347141026,16.874372457993278,4.7834405701417975,56.430931388833244,6.7151481099728265,16.518405495399957,6.745410870432795,2.0497861861548863,18.59337586550757,1.3370028790796047,48.915450270042584,40.336869856747555,0.40214,0.9433618630978511,0.09653,49.903729632749645,21.426252977845426,2.8522134061462827,329.14717390055154,1.8964560442498608
1018,0.08745,2.380136006501418,6.480698820167502,0.08338,41.85669719871477,5.381152095812778,0.5696596698224912,6.930095347141026,16.874372457993278,4.7834405701417975,56.430931388833244,6.7151481099728265,16.518405495399957,6.745410870432795,2.0497861861548863,18.59337586550757,1.3370028790796047,48.915450270042584,40.336869856747555,0.40214,0.9433618630978511,0.09653,49.903729632749645,21.426252977845426,2.8522134061462827,329.14717390055154,1.8964560442498608
1019,0.08745,2.380136006501418,6.480698820167502,0.08338,41.85669719871477,5.381152095812778,0.5696596698224912,6.930095347141026,16.874372457993278,4.7834405701417975,56.430931388833244,6.7151481099728265,16.518405495399957,6.745410870432795,2.0497861861548863,18.59337586550757,1.3370028790796047,48.915450270042584,40.336869856747555,0.40214,0.9433618630978511,0.09653,49.903729632749645,21.426252977845426,2.8522134061462827,329.14717390055154,1.8964560442498608
1020,0.08745,2.380136006501418,6.480698820167502,0.08338,41.85669719871477,5.381152095812778,0.5696596698224912,6.930095347141026,16.874372457993278,4.7834405701417975,56.430931388833244,6.7151481099728265,16.518405495399957,6.745410870432795,2.0497861861548863,18.59337586550757,1.3370028790796047,48.915450270042584,40.336869856747555,0.40214,0.9433618630978511,0.09653,49.903729632749645,21.426252977845426,2.8522134061462827,329.14717390055154,1.8964560442498608
1021,0.08745,2.380136006501418,6.480698820167502,0.08338,41.85669719871477,5.381152095812778,0.5696596698224912,6.930095347141026,16.874372457993278,4.7834405701417975,56.430931388833244,6.7151481099728265,16.518405495399957,6.745410870432795,2.0497861861548863,18.59337586550757,1.3370028790796047,48.915450270042584,40.336869856747555,0.40214,0.9433618630978511,0.09653,49.903729632749645,21.426252977845426,2.8522134061462827,329.14717390055154,1.8964560442498608
1022,0.08745,2.380136006501418,6.480698820167502,0.08338,41.85669719871477,5.381152095812778,0.5696596698224912,6.930095347141026,16.874372457993278,4.7834405701417975,56.430931388833244,6.7151481099728265,16.518405495399957,6.745410870432795,2.0497861861548863,18.59337586550757,1.3370028790796047,48.915450270042584,40.336869856747555,0.40214,0.9433618630978511,0.09653,49.903729632749645,21.426252977845426,2.8522134061462827,329.14717390055154,1.8964560442498608
1023,0.08745,2.380136006501418,6.480698820167502,0.08338,41.85669719871477,5.381152095812778,0.5696596698224912,6.930095347141026,16.874372457993278,4.7834405701417975,56.430931388833244,6.7151481099728265,16.518405495399957,6.745410870432795,2.0497861861548863,18.59337586550757,1.3370028790796047,48.915450270042584,40.336869856747555,0.40214,0.9433618630978511,0.09653,49.903729632749645,21.426252977845426,2.8522134061462827,329.14717390055154,1.8964560442498608
1024,0.08745,2.380136006501418,6.480698820167502,0.08338,41.85669719871477,5.381152095812778,0.5696596698224912,6.930095347141026,16.874372457993278,4.7834405701417975,56.430931388833244,6.7151481099728265,16.518405495399957,6.745410870432795,2.0497861861548863,18.59337586550757,1.3370028790796047,48.915450270042584,40.336869856747555,0.40214,0.9433618630978511,0.09653,49.903729632749645,21.426252977845426,2.8522134061462827,329.14717390055154,1.8964560442498608
1025,0.08745,2.380136006501418,6.480698820167502,0.08338,41.85669719871477,5.381152095812778,0.5696596698224912,6.930095347141026,16.874372457993278,4.7834405701417975,56.430931388833244,6.7151481099728265,16.518405495399957,6.745410870432795,2.0497861861548863,18.59337586550757,1.3370028790796047,48.915450270042584,40.336869856747555,0.40214,0.9433618630978511,0.09653,49.903729632749645,21.426252977845426,2.8522134061462827,329.14717390055154,1.8964560442498608
1026,0.08745,2.380136006501418,6.480698820167502,0.08338,41.85669719871477,5.381152095812778,0.5696596698224912,6.930095347141026,16.874372457993278,4.7834405701417975,56.430931388833244,6.7151481099728265,16.518405495399957,6.745410870432795,2.0497861861548863,18.59337586550757,1.3370028790796047,48.915450270042584,40.336869856747555,0.40214,0.9433618630978511,0.09653,49.903729632749645,21.426252977845426,2.8522134061462827,329.14717390055154,1.8964560442498608
1027,0.08745,2.380136006501418,6.480698820167502,0.08338,41.85669719871477,5.381152095812778,0.5696596698224912,6.930095347141026,16.874372457993278,4.7834405701417975,56.430931388833244,6.7151481099728265,16.518405495399957,6.745410870432795,2.0497861861548863,18.59337586550757,1.3370028790796047,48.915450270042584,40.336869856747555,0.40214,0.9433618630978511,0.09653,49.903729632749645,21.426252977845426,2.8522134061462827,329.14717390055154,1.8964560442498608
1028,0.08745,2.380136006501418,6.480698820167502,0.08338,41.85669719871477,5.381152095812778,0.5696596698224912,6.930095347141026,16.874372457993278,4.7834405701417975,56.430931388833244,6.7151481099728265,16.518405495399957,6.745410870432795,2.0497861861548863,18.59337586550757,1.3370028790796047,48.915450270042584,40.336869856747555,0.40214,0.9433618630978511,0.09653,49.903729632749645,21.426252977845426,2.8522134061462827,329.14717390055154,1.8964560442498608
1029,0.08745,2.380136006501418,6.480698820167502,0.08338,41.85669719871477,5.381152095812778,0.5696596698224912,6.930095347141026,16.874372457993278,4.7834405701417975,56.430931388833244,6.7151481099728265,16.518405495399957,6.745410870432795,2.0497861861548863,18.59337586550757,1.3370028790796047,48.915450270042584,40.336869856747555,0.40214,0.9433618630978511,0.09653,49.903729632749645,21.426252977845426,2.8522134061462827,329.14717390055154,1.8964560442498608
1030,0.08745,2.380136006501418,6.480698820167502,0.08338,41.85669719871477,5.381152095812778,0.5696596698224912,6.930095347141026,16.874372457993278,4.7834405701417975,56.430931388833244,6.7151481099728265,16.518405495399957,6.745410870432795,2.0497861861548863,18.59337586550757,1.3370028790796047,48.915450270042584,40.336869856747555,0.40214,0.9433618630978511,0.09653,49.903729632749645,21.426252977845426,2.8522134061462827,329.14717390055154,1.8964560442498608
1031,0.08745,2.380136006501418,6.480698820167502,0.08338,41.85669719871477,5.381152095812778,0.5696596698224912,6.930095347141026,16.874372457993278,4.7834405701417975,56.430931388833244,6.7151481099728265,16.518405495399957,6.745410870432795,2.0497861861548863,18.59337586550757,1.3370028790796047,48.915450270042584,40.336869856747555,0.40214,0.9433618630978511,0.09653,49.903729632749645,21.426252977845426,2.8522134061462827,329.14717390055154,1.8964560442498608
1032,0.08745,2.380136006501418,6.480698820167502,0.08338,41.85669719871477,5.381152095812778,0.5696596698224912,6.930095347141026,16.874372457993278,4.7834405701417975,56.430931388833244,6.7151481099728265,16.518405495399957,6.745410870432795,2.0497861861548863,18.59337586550757,1.3370028790796047,48.915450270042584,40.336869856747555,0.40214,0.9433618630978511,0.09653,49.903729632749645,21.426252977845426,2.8522134061462827,329.14717390055154,1.8964560442498608
1033,0.08745,2.380136006501418,6.480698820167502,0.08338,41.85669719871477,5.381152095812778,0.5696596698224912,6.930095347141026,16.874372457993278,4.7834405701417975,56.430931388833244,6.7151481099728265,16.518405495399957,6.745410870432795,2.0497861861548863,18.59337586550757,1.3370028790796047,48.915450270042584,40.336869856747555,0.40214,0.9433618630978511,0.09653,49.903729632749645,21.426252977845426,2.8522134061462827,329.14717390055154,1.8964560442498608
1034,0.08745,2.380136006501418,6.480698820167502,0.08338,41.85669719871477,5.381152095812778,0.5696596698224912,6.930095347141026,16.874372457993278,4.7834405701417975,56.430931388833244,6.7151481099728265,16.518405495399957,6.745410870432795,2.0497861861548863,18.59337586550757,1.3370028790796047,48.915450270042584,40.336869856747555,0.40214,0.9433618630978511,0.09653,49.903729632749645,21.426252977845426,2.8522134061462827,329.14717390055154,1.8964560442498608
1035,0.08745,2.380136006501418,6.480698820167502,0.08338,41.85669719871477,5.381152095812778,0.5696596698224912,6.930095347141026,16.874372457993278,4.7834405701417975,56.430931388833244,6.7151481099728265,16.518405495399957,6.745410870432795,2.0497861861548863,18.59337586550757,1.3370028790796047,48.915450270042584,40.336869856747555,0.40214,0.9433618630978511,0.09653,49.903729632749645,21.426252977845426,2.8522134061462827,329.14717390055154,1.8964560442498608
1036,0.08745,2.380136006501418,6.480698820167502,0.08338,41.85669719871477,5.381152095812778,0.5696596698224912,6.930095347141026,16.874372457993278,4.7834405701417975,56.430931388833244,6.7151481099728265,16.518405495399957,6.745410870432795,2.0497861861548863,18.59337586550757,1.3370028790796047,48.915450270042584,40.336869856747555,0.40214,0.9433618630978511,0.09653,49.903729632749645,21.426252977845426,2.8522134061462827,329.14717390055154,1.8964560442498608
1037,0.08745,2.380136006501418,6.480698820167502,0.08338,41.85669719871477,5.381152095812778,0.5696596698224912,6.930095347141026,16.874372457993278,4.7834405701417975,56.430931388833244,6.7151481099728265,16.518405495399957,6.745410870432795,2.0497861861548863,18.59337586550757,1.3370028790796047,48.915450270042584,40.336869856747555,0.40214,0.9433618630978511,0.09653,49.903729632749645,21.426252977845426,2.8522134061462827,329.14717390055154,1.8964560442498608
1038,0.08745,2.380136006501418,6.480698820167502,0.08338,41.85669719871477,5.381152095812778,0.5696596698224912,6.930095347141026,16.874372457993278,4.7834405701417975,56.430931388833244,6.7151481099728265,16.518405495399957,6.745410870432795,2.0497861861548863,18.59337586550757,1.3370028790796047,48.915450270042584,40.336869856747555,0.40214,0.9433618630978511,0.09653,49.903729632749645,21.426252977845426,2.8522134061462827,329.14717390055154,1.8964560442498608
1039,0.08745,2.380136006501418,6.480698820167502,0.08338,41.85669719871477,5.381152095812778,0.5696596698224912,6.930095347141026,16.874372457993278,4.7834405701417975,56.430931388833244,6.7151481099728265,16.518405495399957,6.745410870432795,2.0497861861548863,18.59337586550757,1.3370028790796047,48.915450270042584,40.336869856747555,0.40214,0.9433618630978511,0.09653,49.903729632749645,21.426252977845426,2.8522134061462827,329.14717390055154,1.8964560442498608
1040,0.08745,2.380136006501418,6.480698820167502,0.08338,41.85669719871477,5.381152095812778,0.5696596698224912,6.930095347141026,16.874372457993278,4.7834405701417975,56.430931388833244,6.7151481099728265,16.518405495399957,6.745410870432795,2.0497861861548863,18.59337586550757,1.3370028790796047,48.915450270042584,40.336869856747555,0.40214,0.9433618630978511,0.09653,49.903729632749645,21.426252977845426,2.8522134061462827,329.14717390055154,1.8964560442498608
1041,0.08745,2.380136006501418,6.480698820167502,0.08338,41.85669719871477,5.381152095812778,0.5696596698224912,6.930095347141026,16.874372457993278,4.7834405701417975,56.430931388833244,6.7151481099728265,16.518405495399957,6.745410870432795,2.0497861861548863,18.59337586550757,1.3370028790796047,48.915450270042584,40.336869856747555,0.40214,0.9433618630978511,0.09653,49.903729632749645,21.426252977845426,2.8522134061462827,329.14717390055154,1.8964560442498608
1042,0.08745,2.380136006501418,6.480698820167502,0.08338,41.85669719871477,5.381152095812778,0.5696596698224912,6.930095347141026,16.874372457993278,4.7834405701417975,56.430931388833244,6.7151481099728265,16.518405495399957,6.745410870432795,2.0497861861548863,18.59337586550757,1.3370028790796047,48.915450270042584,40.336869856747555,0.40214,0.9433618630978511,0.09653,49.903729632749645,21.426252977845426,2.8522134061462827,329.14717390055154,1.8964560442498608
1043,0.08745,2.380136006501418,6.480698820167502,0.08338,41.85669719871477,5.381152095812778,0.5696596698224912,6.930095347141026,16.874372457993278,4.7834405701417975,56.430931388833244,6.7151481099728265,16.518405495399957,6.745410870432795,2.0497861861548863,18.59337586550757,1.3370028790796047,48.915450270042584,40.336869856747555,0.40214,0.9433618630978511,0.09653,49.903729632749645,21.426252977845426,2.8522134061462827,329.14717390055154,1.8964560442498608
1044,0.08745,2.380136006501418,6.480698820167502,0.08338,41.85669719871477,5.381152095812778,0.5696596698224912,6.930095347141026,16.874372457993278,4.7834405701417975,56.430931388833244,6.7151481099728265,16.518405495399957,6.745410870432795,2.0497861861548863,18.59337586550757,1.3370028790796047,48.915450270042584,40.336869856747555,0.40214,0.9433618630978511,0.09653,49.903729632749645,21.426252977845426,2.8522134061462827,329.14717390055154,1.8964560442498608
1045,0.08745,2.380136006501418,6.480698820167502,0.08338,41.85669719871477,5.381152095812778,0.5696596698224912,6.930095347141026,16.874372457993278,4.7834405701417975,56.430931388833244,6.7151481099728265,16.518405495399957,6.745410870432795,2.0497861861548863,18.59337586550757,1.3370028790796047,48.915450270042584,40.336869856747555,0.40214,0.9433618630978511,0.09653,49.903729632749645,21.426252977845426,2.8522134061462827,329.14717390055154,1.8964560442498608
1046,0.08745,2.380136006501418,6.480698820167502,0.08338,41.85669719871477,5.381152095812778,0.5696596698224912,6.930095347141026,16.874372457993278,4.7834405701417975,56.430931388833244,6.7151481099728265,16.518405495399957,6.745410870432795,2.0497861861548863,18.59337586550757,1.3370028790796047,48.915450270042584,40.336869856747555,0.40214,0.9433618630978511,0.09653,49.903729632749645,21.426252977845426,2.8522134061462827,329.14717390055154,1.8964560442498608
1047,0.08745,2.380136006501418,6.480698820167502,0.08338,41.85669719871477,5.381152095812778,0.5696596698224912,6.930095347141026,16.874372457993278,4.7834405701417975,56.430931388833244,6.7151481099728265,16.518405495399957,6.745410870432795,2.0497861861548863,18.59337586550757,1.3370028790796047,48.915450270042584,40.336869856747555,0.40214,0.9433618630978511,0.09653,49.903729632749645,21.426252977845426,2.8522134061462827,329.14717390055154,1.8964560442498608
1048,0.08745,2.380136006501418,6.480698820167502,0.08338,41.85669719871477,5.381152095812778,0.5696596698224912,6.930095347141026,16.874372457993278,4.7834405701417975,56.430931388833244,6.7151481099728265,16.518405495399957,6.745410870432795,2.0497861861548863,18.59337586550757,1.3370028790796047,48.915450270042584,40.336869856747555,0.40214,0.9433618630978511,0.09653,49.903729632749645,21.426252977845426,2.8522134061462827,329.14717390055154,1.8964560442498608
1049,0.08745,2.380136006501418,6.480698820167502,0.08338,41.85669719871477,5.381152095812778,0.5696596698224912,6.930095347141026,16.874372457993278,4.7834405701417975,56.430931388833244,6.7151481099728265,16.518405495399957,6.745410870432795,2.0497861861548863,18.59337586550757,1.3370028790796047,48.915450270042584,40.336869856747555,0.40214,0.9433618630978511,0.09653,49.903729632749645,21.426252977845426,2.8522134061462827,329.14717390055154,1.8964560442498608
1050,0.08745,2.380136006501418,6.480698820167502,0.08338,41.85669719871477,5.381152095812778,0.5696596698224912,6.930095347141026,16.874372457993278,4.7834405701417975,56.430931388833244,6.7151481099728265,16.518405495399957,6.745410870432795,2.0497861861548863,18.59337586550757,1.3370028790796047,48.915450270042584,40.336869856747555,0.40214,0.9433618630978511,0.09653,49.903729632749645,21.426252977845426,2.8522134061462827,329.14717390055154,1.8964560442498608
1051,0.08745,2.380136006501418,6.480698820167502,0.08338,41.85669719871477,5.381152095812778,0.5696596698224912,6.930095347141026,16.874372457993278,4.7834405701417975,56.430931388833244,6.7151481099728265,16.518405495399957,6.745410870432795,2.0497861861548863,18.59337586550757,1.3370028790796047,48.915450270042584,40.336869856747555,0.40214,0.9433618630978511,0.09653,49.903729632749645,21.426252977845426,2.8522134061462827,329.14717390055154,1.8964560442498608
1052,0.08745,2.380136006501418,6.480698820167502,0.08338,41.85669719871477,5.381152095812778,0.5696596698224912,6.930095347141026,16.874372457993278,4.7834405701417975,56.430931388833244,6.7151481099728265,16.518405495399957,6.745410870432795,2.0497861861548863,18.59337586550757,1.3370028790796047,48.915450270042584,40.336869856747555,0.40214,0.9433618630978511,0.09653,49.903729632749645,21.426252977845426,2.8522134061462827,329.14717390055154,1.8964560442498608
1053,0.08745,2.380136006501418,6.480698820167502,0.08338,41.85669719871477,5.381152095812778,0.5696596698224912,6.930095347141026,16.874372457993278,4.7834405701417975,56.430931388833244,6.7151481099728265,16.518405495399957,6.745410870432795,2.0497861861548863,18.59337586550757,1.3370028790796047,48.915450270042584,40.336869856747555,0.40214,0.9433618630978511,0.09653,49.903729632749645,21.426252977845426,2.8522134061462827,329.14717390055154,1.8964560442498608
1054,0.08745,2.380136006501418,6.480698820167502,0.08338,41.85669719871477,5.381152095812778,0.5696596698224912,6.930095347141026,16.874372457993278,4.7834405701417975,56.430931388833244,6.7151481099728265,16.518405495399957,6.745410870432795,2.0497861861548863,18.59337586550757,1.3370028790796047,48.915450270042584,40.336869856747555,0.40214,0.9433618630978511,0.09653,49.903729632749645,21.426252977845426,2.8522134061462827,329.14717390055154,1.8964560442498608
1055,0.08745,2.380136006501418,6.480698820167502,0.08338,41.85669719871477,5.381152095812778,0.5696596698224912,6.930095347141026,16.874372457993278,4.7834405701417975,56.430931388833244,6.7151481099728265,16.518405495399957,6.745410870432795,2.0497861861548863,18.59337586550757,1.3370028790796047,48.915450270042584,40.336869856747555,0.40214,0.9433618630978511,0.09653,49.903729632749645,21.426252977845426,2.8522134061462827,329.14717390055154,1.8964560442498608
1056,0.08745,2.380136006501418,6.480698820167502,0.08338,41.85669719871477,5.381152095812778,0.5696596698224912,6.930095347141026,16.874372457993278,4.7834405701417975,56.430931388833244,6.7151481099728265,16.518405495399957,6.745410870432795,2.0497861861548863,18.59337586550757,1.3370028790796047,48.915450270042584,40.336869856747555,0.40214,0.9433618630978511,0.09653,49.903729632749645,21.426252977845426,2.8522134061462827,329.14717390055154,1.8964560442498608
1057,0.08745,2.380136006501418,6.480698820167502,0.08338,41.85669719871477,5.381152095812778,0.5696596698224912,6.930095347141026,16.874372457993278,4.7834405701417975,56.430931388833244,6.7151481099728265,16.518405495399957,6.745410870432795,2.0497861861548863,18.59337586550757,1.3370028790796047,48.915450270042584,40.336869856747555,0.40214,0.9433618630978511,0.09653,49.903729632749645,21.426252977845426,2.8522134061462827,329.14717390055154,1.8964560442498608
1058,0.08745,2.380136006501418,6.480698820167502,0.08338,41.85669719871477,5.381152095812778,0.5696596698224912,6.930095347141026,16.874372457993278,4.7834405701417975,56.430931388833244,6.7151481099728265,16.518405495399957,6.745410870432795,2.0497861861548863,18.59337586550757,1.3370028790796047,48.915450270042584,40.336869856747555,0.40214,0.9433618630978511,0.09653,49.903729632749645,21.426252977845426,2.8522134061462827,329.14717390055154,1.8964560442498608
1059,0.08745,2.380136006501418,6.480698820167502,0.08338,41.85669719871477,5.381152095812778,0.5696596698224912,6.930095347141026,16.874372457993278,4.7834405701417975,56.430931388833244,6.7151481099728265,16.518405495399957,6.745410870432795,2.0497861861548863,18.59337586550757,1.3370028790796047,48.915450270042584,40.336869856747555,0.40214,0.9433618630978511,0.09653,49.903729632749645,21.426252977845426,2.8522134061462827,329.14717390055154,1.8964560442498608
1060,0.08745,2.380136006501418,6.480698820167502,0.08338,41.85669719871477,5.381152095812778,0.5696596698224912,6.930095347141026,16.874372457993278,4.7834405701417975,56.430931388833244,6.7151481099728265,16.518405495399957,6.745410870432795,2.0497861861548863,18.59337586550757,1.3370028790796047,48.915450270042584,40.336869856747555,0.40214,0.9433618630978511,0.09653,49.903729632749645,21.426252977845426,2.8522134061462827,329.14717390055154,1.8964560442498608
1061,0.08745,2.380136006501418,6.480698820167502,0.08338,41.85669719871477,5.381152095812778,0.5696596698224912,6.930095347141026,16.874372457993278,4.7834405701417975,56.430931388833244,6.7151481099728265,16.518405495399957,6.745410870432795,2.0497861861548863,18.59337586550757,1.3370028790796047,48.915450270042584,40.336869856747555,0.40214,0.9433618630978511,0.09653,49.903729632749645,21.426252977845426,2.8522134061462827,329.14717390055154,1.8964560442498608
1062,0.08745,2.380136006501418,6.480698820167502,0.08338,41.85669719871477,5.381152095812778,0.5696596698224912,6.930095347141026,16.874372457993278,4.7834405701417975,56.430931388833244,6.7151481099728265,16.518405495399957,6.745410870432795,2.0497861861548863,18.59337586550757,1.3370028790796047,48.915450270042584,40.336869856747555,0.40214,0.9433618630978511,0.09653,49.903729632749645,21.426252977845426,2.8522134061462827,329.14717390055154,1.8964560442498608
1063,0.08745,2.380136006501418,6.480698820167502,0.08338,41.85669719871477,5.381152095812778,0.5696596698224912,6.930095347141026,16.874372457993278,4.7834405701417975,56.430931388833244,6.7151481099728265,16.518405495399957,6.745410870432795,2.0497861861548863,18.59337586550757,1.3370028790796047,48.915450270042584,40.336869856747555,0.40214,0.9433618630978511,0.09653,49.903729632749645,21.426252977845426,2.8522134061462827,329.14717390055154,1.8964560442498608
1064,0.08745,2.380136006501418,6.480698820167502,0.08338,41.85669719871477,5.381152095812778,0.5696596698224912,6.930095347141026,16.874372457993278,4.7834405701417975,56.430931388833244,6.7151481099728265,16.518405495399957,6.745410870432795,2.0497861861548863,18.59337586550757,1.3370028790796047,48.915450270042584,40.336869856747555,0.40214,0.9433618630978511,0.09653,49.903729632749645,21.426252977845426,2.8522134061462827,329.14717390055154,1.8964560442498608
1065,0.08745,2.380136006501418,6.480698820167502,0.08338,41.85669719871477,5.381152095812778,0.5696596698224912,6.930095347141026,16.874372457993278,4.7834405701417975,56.430931388833244,6.7151481099728265,16.518405495399957,6.745410870432795,2.0497861861548863,18.59337586550757,1.3370028790796047,48.915450270042584,40.336869856747555,0.40214,0.9433618630978511,0.09653,49.903729632749645,21.426252977845426,2.8522134061462827,329.14717390055154,1.8964560442498608
1066,0.08745,2.380136006501418,6.480698820167502,0.08338,41.85669719871477,5.381152095812778,0.5696596698224912,6.930095347141026,16.874372457993278,4.7834405701417975,56.430931388833244,6.7151481099728265,16.518405495399957,6.745410870432795,2.0497861861548863,18.59337586550757,1.3370028790796047,48.915450270042584,40.336869856747555,0.40214,0.9433618630978511,0.09653,49.903729632749645,21.426252977845426,2.8522134061462827,329.14717390055154,1.8964560442498608
1067,0.08745,2.380136006501418,6.480698820167502,0.08338,41.85669719871477,5.381152095812778,0.5696596698224912,6.930095347141026,16.874372457993278,4.7834405701417975,56.430931388833244,6.7151481099728265,16.518405495399957,6.745410870432795,2.0497861861548863,18.59337586550757,1.3370028790796047,48.915450270042584,40.336869856747555,0.40214,0.9433618630978511,0.09653,49.903729632749645,21.426252977845426,2.8522134061462827,329.14717390055154,1.8964560442498608
1068,0.08745,2.380136006501418,6.480698820167502,0.08338,41.85669719871477,5.381152095812778,0.5696596698224912,6.930095347141026,16.874372457993278,4.7834405701417975,56.430931388833244,6.7151481099728265,16.518405495399957,6.745410870432795,2.0497861861548863,18.59337586550757,1.3370028790796047,48.915450270042584,40.336869856747555,0.40214,0.9433618630978511,0.09653,49.903729632749645,21.426252977845426,2.8522134061462827,329.14717390055154,1.8964560442498608
1069,0.08745,2.380136006501418,6.480698820167502,0.08338,41.85669719871477,5.381152095812778,0.5696596698224912,6.930095347141026,16.874372457993278,4.7834405701417975,56.430931388833244,6.7151481099728265,16.518405495399957,6.745410870432795,2.0497861861548863,18.59337586550757,1.3370028790796047,48.915450270042584,40.336869856747555,0.40214,0.9433618630978511,0.09653,49.903729632749645,21.426252977845426,2.8522134061462827,329.14717390055154,1.8964560442498608
1070,0.08745,2.380136006501418,6.480698820167502,0.08338,41.85669719871477,5.381152095812778,0.5696596698224912,6.930095347141026,16.874372457993278,4.7834405701417975,56.430931388833244,6.7151481099728265,16.518405495399957,6.745410870432795,2.0497861861548863,18.59337586550757,1.3370028790796047,48.915450270042584,40.336869856747555,0.40214,0.9433618630978511,0.09653,49.903729632749645,21.426252977845426,2.8522134061462827,329.14717390055154,1.8964560442498608
1071,0.08745,2.380136006501418,6.480698820167502,0.08338,41.85669719871477,5.381152095812778,0.5696596698224912,6.930095347141026,16.874372457993278,4.7834405701417975,56.430931388833244,6.7151481099728265,16.518405495399957,6.745410870432795,2.0497861861548863,18.59337586550757,1.3370028790796047,48.915450270042584,40.336869856747555,0.40214,0.9433618630978511,0.09653,49.903729632749645,21.426252977845426,2.8522134061462827,329.14717390055154,1.8964560442498608
1072,0.08745,2.380136006501418,6.480698820167502,0.08338,41.85669719871477,5.381152095812778,0.5696596698224912,6.930095347141026,16.874372457993278,4.7834405701417975,56.430931388833244,6.7151481099728265,16.518405495399957,6.745410870432795,2.0497861861548863,18.59337586550757,1.3370028790796047,48.915450270042584,40.336869856747555,0.40214,0.9433618630978511,0.09653,49.903729632749645,21.426252977845426,2.8522134061462827,329.14717390055154,1.8964560442498608
1073,0.08745,2.380136006501418,6.480698820167502,0.08338,41.85669719871477,5.381152095812778,0.5696596698224912,6.930095347141026,16.874372457993278,4.7834405701417975,56.430931388833244,6.7151481099728265,16.518405495399957,6.745410870432795,2.0497861861548863,18.59337586550757,1.3370028790796047,48.915450270042584,40.336869856747555,0.40214,0.9433618630978511,0.09653,49.903729632749645,21.426252977845426,2.8522134061462827,329.14717390055154,1.8964560442498608
1074,0.08745,2.380136006501418,6.480698820167502,0.08338,41.85669719871477,5.381152095812778,0.5696596698224912,6.930095347141026,16.874372457993278,4.7834405701417975,56.430931388833244,6.7151481099728265,16.518405495399957,6.745410870432795,2.0497861861548863,18.59337586550757,1.3370028790796047,48.915450270042584,40.336869856747555,0.40214,0.9433618630978511,0.09653,49.903729632749645,21.426252977845426,2.8522134061462827,329.14717390055154,1.8964560442498608
1075,0.08745,2.380136006501418,6.480698820167502,0.08338,41.85669719871477,5.381152095812778,0.5696596698224912,6.930095347141026,16.874372457993278,4.7834405701417975,56.430931388833244,6.7151481099728265,16.518405495399957,6.745410870432795,2.0497861861548863,18.59337586550757,1.3370028790796047,48.915450270042584,40.336869856747555,0.40214,0.9433618630978511,0.09653,49.903729632749645,21.426252977845426,2.8522134061462827,329.14717390055154,1.8964560442498608
1076,0.08745,2.380136006501418,6.480698820167502,0.08338,41.85669719871477,5.381152095812778,0.5696596698224912,6.930095347141026,16.874372457993278,4.7834405701417975,56.430931388833244,6.7151481099728265,16.518405495399957,6.745410870432795,2.0497861861548863,18.59337586550757,1.3370028790796047,48.915450270042584,40.336869856747555,0.40214,0.9433618630978511,0.09653,49.903729632749645,21.426252977845426,2.8522134061462827,329.14717390055154,1.8964560442498608
1077,0.08745,2.380136006501418,6.480698820167502,0.08338,41.85669719871477,5.381152095812778,0.5696596698224912,6.930095347141026,16.874372457993278,4.7834405701417975,56.430931388833244,6.7151481099728265,16.518405495399957,6.745410870432795,2.0497861861548863,18.59337586550757,1.3370028790796047,48.915450270042584,40.336869856747555,0.40214,0.9433618630978511,0.09653,49.903729632749645,21.426252977845426,2.8522134061462827,329.14717390055154,1.8964560442498608
1078,0.08745,2.380136006501418,6.480698820167502,0.08338,41.85669719871477,5.381152095812778,0.5696596698224912,6.930095347141026,16.874372457993278,4.7834405701417975,56.430931388833244,6.7151481099728265,16.518405495399957,6.745410870432795,2.0497861861548863,18.59337586550757,1.3370028790796047,48.915450270042584,40.336869856747555,0.40214,0.9433618630978511,0.09653,49.903729632749645,21.426252977845426,2.8522134061462827,329.14717390055154,1.8964560442498608
1079,0.08745,2.380136006501418,6.480698820167502,0.08338,41.85669719871477,5.381152095812778,0.5696596698224912,6.930095347141026,16.874372457993278,4.7834405701417975,56.430931388833244,6.7151481099728265,16.518405495399957,6.745410870432795,2.0497861861548863,18.59337586550757,1.3370028790796047,48.915450270042584,40.336869856747555,0.40214,0.9433618630978511,0.09653,49.903729632749645,21.426252977845426,2.8522134061462827,329.14717390055154,1.8964560442498608
1080,0.08745,2.380136006501418,6.480698820167502,0.08338,41.85669719871477,5.381152095812778,0.5696596698224912,6.930095347141026,16.874372457993278,4.7834405701417975,56.430931388833244,6.7151481099728265,16.518405495399957,6.745410870432795,2.0497861861548863,18.59337586550757,1.3370028790796047,48.915450270042584,40.336869856747555,0.40214,0.9433618630978511,0.09653,49.903729632749645,21.426252977845426,2.8522134061462827,329.14717390055154,1.8964560442498608
1081,0.08745,2.380136006501418,6.480698820167502,0.08338,41.85669719871477,5.381152095812778,0.5696596698224912,6.930095347141026,16.874372457993278,4.7834405701417975,56.430931388833244,6.7151481099728265,16.518405495399957,6.745410870432795,2.0497861861548863,18.59337586550757,1.3370028790796047,48.915450270042584,40.336869856747555,0.40214,0.9433618630978511,0.09653,49.903729632749645,21.426252977845426,2.8522134061462827,329.14717390055154,1.8964560442498608
1082,0.08745,2.380136006501418,6.480698820167502,0.08338,41.85669719871477,5.381152095812778,0.5696596698224912,6.930095347141026,16.874372457993278,4.7834405701417975,56.430931388833244,6.7151481099728265,16.518405495399957,6.745410870432795,2.0497861861548863,18.59337586550757,1.3370028790796047,48.915450270042584,40.336869856747555,0.40214,0.9433618630978511,0.09653,49.903729632749645,21.426252977845426,2.8522134061462827,329.14717390055154,1.8964560442498608
1083,0.08745,2.380136006501418,6.480698820167502,0.08338,41.85669719871477,5.381152095812778,0.5696596698224912,6.930095347141026,16.874372457993278,4.7834405701417975,56.430931388833244,6.7151481099728265,16.518405495399957,6.745410870432795,2.0497861861548863,18.59337586550757,1.3370028790796047,48.915450270042584,40.336869856747555,0.40214,0.9433618630978511,0.09653,49.903729632749645,21.426252977845426,2.8522134061462827,329.14717390055154,1.8964560442498608
1084,0.08745,2.380136006501418,6.480698820167502,0.08338,41.85669719871477,5.381152095812778,0.5696596698224912,6.930095347141026,16.874372457993278,4.7834405701417975,56.430931388833244,6.7151481099728265,16.518405495399957,6.745410870432795,2.0497861861548863,18.59337586550757,1.3370028790796047,48.915450270042584,40.336869856747555,0.40214,0.9433618630978511,0.09653,49.903729632749645,21.426252977845426,2.8522134061462827,329.14717390055154,1.8964560442498608
1085,0.08745,2.380136006501418,6.480698820167502,0.08338,41.85669719871477,5.381152095812778,0.5696596698224912,6.930095347141026,16.874372457993278,4.7834405701417975,56.430931388833244,6.7151481099728265,16.518405495399957,6.745410870432795,2.0497861861548863,18.59337586550757,1.3370028790796047,48.915450270042584,40.336869856747555,0.40214,0.9433618630978511,0.09653,49.903729632749645,21.426252977845426,2.8522134061462827,329.14717390055154,1.8964560442498608
1086,0.08745,2.380136006501418,6.480698820167502,0.08338,41.85669719871477,5.381152095812778,0.5696596698224912,6.930095347141026,16.874372457993278,4.7834405701417975,56.430931388833244,6.7151481099728265,16.518405495399957,6.745410870432795,2.0497861861548863,18.59337586550757,1.3370028790796047,48.915450270042584,40.336869856747555,0.40214,0.9433618630978511,0.09653,49.903729632749645,21.426252977845426,2.8522134061462827,329.14717390055154,1.8964560442498608
1087,0.08745,2.380136006501418,6.480698820167502,0.08338,41.85669719871477,5.381152095812778,0.5696596698224912,6.930095347141026,16.874372457993278,4.7834405701417975,56.430931388833244,6.7151481099728265,16.518405495399957,6.745410870432795,2.0497861861548863,18.59337586550757,1.3370028790796047,48.915450270042584,40.336869856747555,0.40214,0.9433618630978511,0.09653,49.903729632749645,21.426252977845426,2.8522134061462827,329.14717390055154,1.8964560442498608
1088,0.08745,2.380136006501418,6.480698820167502,0.08338,41.85669719871477,5.381152095812778,0.5696596698224912,6.930095347141026,16.874372457993278,4.7834405701417975,56.430931388833244,6.7151481099728265,16.518405495399957,6.745410870432795,2.0497861861548863,18.59337586550757,1.3370028790796047,48.915450270042584,40.336869856747555,0.40214,0.9433618630978511,0.09653,49.903729632749645,21.426252977845426,2.8522134061462827,329.14717390055154,1.8964560442498608
1089,0.08745,2.380136006501418,6.480698820167502,0.08338,41.85669719871477,5.381152095812778,0.5696596698224912,6.930095347141026,16.874372457993278,4.7834405701417975,56.430931388833244,6.7151481099728265,16.518405495399957,6.745410870432795,2.0497861861548863,18.59337586550757,1.3370028790796047,48.915450270042584,40.336869856747555,0.40214,0.9433618630978511,0.09653,49.903729632749645,21.426252977845426,2.8522134061462827,329.14717390055154,1.8964560442498608
1090,0.08745,2.380136006501418,6.480698820167502,0.08338,41.85669719871477,5.381152095812778,0.5696596698224912,6.930095347141026,16.874372457993278,4.7834405701417975,56.430931388833244,6.7151481099728265,16.518405495399957,6.745410870432795,2.0497861861548863,18.59337586550757,1.3370028790796047,48.915450270042584,40.336869856747555,0.40214,0.9433618630978511,0.09653,49.903729632749645,21.426252977845426,2.8522134061462827,329.14717390055154,1.8964560442498608
1091,0.08745,2.380136006501418,6.480698820167502,0.08338,41.85669719871477,5.381152095812778,0.5696596698224912,6.930095347141026,16.874372457993278,4.7834405701417975,56.430931388833244,6.7151481099728265,16.518405495399957,6.745410870432795,2.0497861861548863,18.59337586550757,1.3370028790796047,48.915450270042584,40.336869856747555,0.40214,0.9433618630978511,0.09653,49.903729632749645,21.426252977845426,2.8522134061462827,329.14717390055154,1.8964560442498608
1092,0.08745,2.380136006501418,6.480698820167502,0.08338,41.85669719871477,5.381152095812778,0.5696596698224912,6.930095347141026,16.874372457993278,4.7834405701417975,56.430931388833244,6.7151481099728265,16.518405495399957,6.745410870432795,2.0497861861548863,18.59337586550757,1.3370028790796047,48.915450270042584,40.336869856747555,0.40214,0.9433618630978511,0.09653,49.903729632749645,21.426252977845426,2.8522134061462827,329.14717390055154,1.8964560442498608
1093,0.08745,2.380136006501418,6.480698820167502,0.08338,41.85669719871477,5.381152095812778,0.5696596698224912,6.930095347141026,16.874372457993278,4.7834405701417975,56.430931388833244,6.7151481099728265,16.518405495399957,6.745410870432795,2.0497861861548863,18.59337586550757,1.3370028790796047,48.915450270042584,40.336869856747555,0.40214,0.9433618630978511,0.09653,49.903729632749645,21.426252977845426,2.8522134061462827,329.14717390055154,1.8964560442498608
1094,0.08745,2.380136006501418,6.480698820167502,0.08338,41.85669719871477,5.381152095812778,0.5696596698224912,6.930095347141026,16.874372457993278,4.7834405701417975,56.430931388833244,6.7151481099728265,16.518405495399957,6.745410870432795,2.0497861861548863,18.59337586550757,1.3370028790796047,48.915450270042584,40.336869856747555,0.40214,0.9433618630978511,0.09653,49.903729632749645,21.426252977845426,2.8522134061462827,329.14717390055154,1.8964560442498608
1095,0.08745,2.380136006501418,6.480698820167502,0.08338,41.85669719871477,5.381152095812778,0.5696596698224912,6.930095347141026,16.874372457993278,4.7834405701417975,56.430931388833244,6.7151481099728265,16.518405495399957,6.745410870432795,2.0497861861548863,18.59337586550757,1.3370028790796047,48.915450270042584,40.336869856747555,0.40214,0.9433618630978511,0.09653,49.903729632749645,21.426252977845426,2.8522134061462827,329.14717390055154,1.8964560442498608
1096,0.08745,2.380136006501418,6.480698820167502,0.08338,41.85669719871477,5.381152095812778,0.5696596698224912,6.930095347141026,16.874372457993278,4.7834405701417975,56.430931388833244,6.7151481099728265,16.518405495399957,6.745410870432795,2.0497861861548863,18.59337586550757,1.3370028790796047,48.915450270042584,40.336869856747555,0.40214,0.9433618630978511,0.09653,49.903729632749645,21.426252977845426,2.8522134061462827,329.14717390055154,1.8964560442498608
1097,0.08745,2.380136006501418,6.480698820167502,0.08338,41.85669719871477,5.381152095812778,0.5696596698224912,6.930095347141026,16.874372457993278,4.7834405701417975,56.430931388833244,6.7151481099728265,16.518405495399957,6.745410870432795,2.0497861861548863,18.59337586550757,1.3370028790796047,48.915450270042584,40.336869856747555,0.40214,0.9433618630978511,0.09653,49.903729632749645,21.426252977845426,2.8522134061462827,329.14717390055154,1.8964560442498608
1098,0.08745,2.380136006501418,6.480698820167502,0.08338,41.85669719871477,5.381152095812778,0.5696596698224912,6.930095347141026,16.874372457993278,4.7834405701417975,56.430931388833244,6.7151481099728265,16.518405495399957,6.745410870432795,2.0497861861548863,18.59337586550757,1.3370028790796047,48.915450270042584,40.336869856747555,0.40214,0.9433618630978511,0.09653,49.903729632749645,21.426252977845426,2.8522134061462827,329.14717390055154,1.8964560442498608
1099,0.08745,2.380136006501418,6.480698820167502,0.08338,41.85669719871477,5.381152095812778,0.5696596698224912,6.930095347141026,16.874372457993278,4.7834405701417975,56.430931388833244,6.7151481099728265,16.518405495399957,6.745410870432795,2.0497861861548863,18.59337586550757,1.3370028790796047,48.915450270042584,40.336869856747555,0.40214,0.9433618630978511,0.09653,49.903729632749645,21.426252977845426,2.8522134061462827,329.14717390055154,1.8964560442498608
1100,0.08745,2.380136006501418,6.480698820167502,0.08338,41.85669719871477,5.381152095812778,0.5696596698224912,6.930095347141026,16.874372457993278,4.7834405701417975,56.430931388833244,6.7151481099728265,16.518405495399957,6.745410870432795,2.0497861861548863,18.59337586550757,1.3370028790796047,48.915450270042584,40.336869856747555,0.40214,0.9433618630978511,0.09653,49.903729632749645,21.426252977845426,2.8522134061462827,329.14717390055154,1.8964560442498608
1101,0.08745,2.380136006501418,6.480698820167502,0.08338,41.85669719871477,5.381152095812778,0.5696596698224912,6.930095347141026,16.874372457993278,4.7834405701417975,56.430931388833244,6.7151481099728265,16.518405495399957,6.745410870432795,2.0497861861548863,18.59337586550757,1.3370028790796047,48.915450270042584,40.336869856747555,0.40214,0.9433618630978511,0.09653,49.903729632749645,21.426252977845426,2.8522134061462827,329.14717390055154,1.8964560442498608
1102,0.08745,2.380136006501418,6.480698820167502,0.08338,41.85669719871477,5.381152095812778,0.5696596698224912,6.930095347141026,16.874372457993278,4.7834405701417975,56.430931388833244,6.7151481099728265,16.518405495399957,6.745410870432795,2.0497861861548863,18.59337586550757,1.3370028790796047,48.915450270042584,40.336869856747555,0.40214,0.9433618630978511,0.09653,49.903729632749645,21.426252977845426,2.8522134061462827,329.14717390055154,1.8964560442498608
1103,0.08745,2.380136006501418,6.480698820167502,0.08338,41.85669719871477,5.381152095812778,0.5696596698224912,6.930095347141026,16.874372457993278,4.7834405701417975,56.430931388833244,6.7151481099728265,16.518405495399957,6.745410870432795,2.0497861861548863,18.59337586550757,1.3370028790796047,48.915450270042584,40.336869856747555,0.40214,0.9433618630978511,0.09653,49.903729632749645,21.426252977845426,2.8522134061462827,329.14717390055154,1.8964560442498608
1104,0.08745,2.380136006501418,6.480698820167502,0.08338,41.85669719871477,5.381152095812778,0.5696596698224912,6.930095347141026,16.874372457993278,4.7834405701417975,56.430931388833244,6.7151481099728265,16.518405495399957,6.745410870432795,2.0497861861548863,18.59337586550757,1.3370028790796047,48.915450270042584,40.336869856747555,0.40214,0.9433618630978511,0.09653,49.903729632749645,21.426252977845426,2.8522134061462827,329.14717390055154,1.8964560442498608
1105,0.08745,2.380136006501418,6.480698820167502,0.08338,41.85669719871477,5.381152095812778,0.5696596698224912,6.930095347141026,16.874372457993278,4.7834405701417975,56.430931388833244,6.7151481099728265,16.518405495399957,6.745410870432795,2.0497861861548863,18.59337586550757,1.3370028790796047,48.915450270042584,40.336869856747555,0.40214,0.9433618630978511,0.09653,49.903729632749645,21.426252977845426,2.8522134061462827,329.14717390055154,1.8964560442498608
1106,0.08745,2.380136006501418,6.480698820167502,0.08338,41.85669719871477,5.381152095812778,0.5696596698224912,6.930095347141026,16.874372457993278,4.7834405701417975,56.430931388833244,6.7151481099728265,16.518405495399957,6.745410870432795,2.0497861861548863,18.59337586550757,1.3370028790796047,48.915450270042584,40.336869856747555,0.40214,0.9433618630978511,0.09653,49.903729632749645,21.426252977845426,2.8522134061462827,329.14717390055154,1.8964560442498608
1107,0.08745,2.380136006501418,6.480698820167502,0.08338,41.85669719871477,5.381152095812778,0.5696596698224912,6.930095347141026,16.874372457993278,4.7834405701417975,56.430931388833244,6.7151481099728265,16.518405495399957,6.745410870432795,2.0497861861548863,18.59337586550757,1.3370028790796047,48.915450270042584,40.336869856747555,0.40214,0.9433618630978511,0.09653,49.903729632749645,21.426252977845426,2.8522134061462827,329.14717390055154,1.8964560442498608
1108,0.08745,2.380136006501418,6.480698820167502,0.08338,41.85669719871477,5.381152095812778,0.5696596698224912,6.930095347141026,16.874372457993278,4.7834405701417975,56.430931388833244,6.7151481099728265,16.518405495399957,6.745410870432795,2.0497861861548863,18.59337586550757,1.3370028790796047,48.915450270042584,40.336869856747555,0.40214,0.9433618630978511,0.09653,49.903729632749645,21.426252977845426,2.8522134061462827,329.14717390055154,1.8964560442498608
1109,0.08745,2.380136006501418,6.480698820167502,0.08338,41.85669719871477,5.381152095812778,0.5696596698224912,6.930095347141026,16.874372457993278,4.7834405701417975,56.430931388833244,6.7151481099728265,16.518405495399957,6.745410870432795,2.0497861861548863,18.59337586550757,1.3370028790796047,48.915450270042584,40.336869856747555,0.40214,0.9433618630978511,0.09653,49.903729632749645,21.426252977845426,2.8522134061462827,329.14717390055154,1.8964560442498608
1110,0.08745,2.380136006501418,6.480698820167502,0.08338,41.85669719871477,5.381152095812778,0.5696596698224912,6.930095347141026,16.874372457993278,4.7834405701417975,56.430931388833244,6.7151481099728265,16.518405495399957,6.745410870432795,2.0497861861548863,18.59337586550757,1.3370028790796047,48.915450270042584,40.336869856747555,0.40214,0.9433618630978511,0.09653,49.903729632749645,21.426252977845426,2.8522134061462827,329.14717390055154,1.8964560442498608
1111,0.08745,2.380136006501418,6.480698820167502,0.08338,41.85669719871477,5.381152095812778,0.5696596698224912,6.930095347141026,16.874372457993278,4.7834405701417975,56.430931388833244,6.7151481099728265,16.518405495399957,6.745410870432795,2.0497861861548863,18.59337586550757,1.3370028790796047,48.915450270042584,40.336869856747555,0.40214,0.9433618630978511,0.09653,49.903729632749645,21.426252977845426,2.8522134061462827,329.14717390055154,1.8964560442498608
1112,0.08745,2.380136006501418,6.480698820167502,0.08338,41.85669719871477,5.381152095812778,0.5696596698224912,6.930095347141026,16.874372457993278,4.7834405701417975,56.430931388833244,6.7151481099728265,16.518405495399957,6.745410870432795,2.0497861861548863,18.59337586550757,1.3370028790796047,48.915450270042584,40.336869856747555,0.40214,0.9433618630978511,0.09653,49.903729632749645,21.426252977845426,2.8522134061462827,329.14717390055154,1.8964560442498608
1113,0.08745,2.380136006501418,6.480698820167502,0.08338,41.85669719871477,5.381152095812778,0.5696596698224912,6.930095347141026,16.874372457993278,4.7834405701417975,56.430931388833244,6.7151481099728265,16.518405495399957,6.745410870432795,2.0497861861548863,18.59337586550757,1.3370028790796047,48.915450270042584,40.336869856747555,0.40214,0.9433618630978511,0.09653,49.903729632749645,21.426252977845426,2.8522134061462827,329.14717390055154,1.8964560442498608
1114,0.08745,2.380136006501418,6.480698820167502,0.08338,41.85669719871477,5.381152095812778,0.5696596698224912,6.930095347141026,16.874372457993278,4.7834405701417975,56.430931388833244,6.7151481099728265,16.518405495399957,6.745410870432795,2.0497861861548863,18.59337586550757,1.3370028790796047,48.915450270042584,40.336869856747555,0.40214,0.9433618630978511,0.09653,49.903729632749645,21.426252977845426,2.8522134061462827,329.14717390055154,1.8964560442498608
1115,0.08745,2.380136006501418,6.480698820167502,0.08338,41.85669719871477,5.381152095812778,0.5696596698224912,6.930095347141026,16.874372457993278,4.7834405701417975,56.430931388833244,6.7151481099728265,16.518405495399957,6.745410870432795,2.0497861861548863,18.59337586550757,1.3370028790796047,48.915450270042584,40.336869856747555,0.40214,0.9433618630978511,0.09653,49.903729632749645,21.426252977845426,2.8522134061462827,329.14717390055154,1.8964560442498608
1116,0.08745,2.380136006501418,6.480698820167502,0.08338,41.85669719871477,5.381152095812778,0.5696596698224912,6.930095347141026,16.874372457993278,4.7834405701417975,56.430931388833244,6.7151481099728265,16.518405495399957,6.745410870432795,2.0497861861548863,18.59337586550757,1.3370028790796047,48.915450270042584,40.336869856747555,0.40214,0.9433618630978511,0.09653,49.903729632749645,21.426252977845426,2.8522134061462827,329.14717390055154,1.8964560442498608
1117,0.08745,2.380136006501418,6.480698820167502,0.08338,41.85669719871477,5.381152095812778,0.5696596698224912,6.930095347141026,16.874372457993278,4.7834405701417975,56.430931388833244,6.7151481099728265,16.518405495399957,6.745410870432795,2.0497861861548863,18.59337586550757,1.3370028790796047,48.915450270042584,40.336869856747555,0.40214,0.9433618630978511,0.09653,49.903729632749645,21.426252977845426,2.8522134061462827,329.14717390055154,1.8964560442498608
1118,0.08745,2.380136006501418,6.480698820167502,0.08338,41.85669719871477,5.381152095812778,0.5696596698224912,6.930095347141026,16.874372457993278,4.7834405701417975,56.430931388833244,6.7151481099728265,16.518405495399957,6.745410870432795,2.0497861861548863,18.59337586550757,1.3370028790796047,48.915450270042584,40.336869856747555,0.40214,0.9433618630978511,0.09653,49.903729632749645,21.426252977845426,2.8522134061462827,329.14717390055154,1.8964560442498608
1119,0.08745,2.380136006501418,6.480698820167502,0.08338,41.85669719871477,5.381152095812778,0.5696596698224912,6.930095347141026,16.874372457993278,4.7834405701417975,56.430931388833244,6.7151481099728265,16.518405495399957,6.745410870432795,2.0497861861548863,18.59337586550757,1.3370028790796047,48.915450270042584,40.336869856747555,0.40214,0.9433618630978511,0.09653,49.903729632749645,21.426252977845426,2.8522134061462827,329.14717390055154,1.8964560442498608
1120,0.08745,2.380136006501418,6.480698820167502,0.08338,41.85669719871477,5.381152095812778,0.5696596698224912,6.930095347141026,16.874372457993278,4.7834405701417975,56.430931388833244,6.7151481099728265,16.518405495399957,6.745410870432795,2.0497861861548863,18.59337586550757,1.3370028790796047,48.915450270042584,40.336869856747555,0.40214,0.9433618630978511,0.09653,49.903729632749645,21.426252977845426,2.8522134061462827,329.14717390055154,1.8964560442498608
1121,0.08745,2.380136006501418,6.480698820167502,0.08338,41.85669719871477,5.381152095812778,0.5696596698224912,6.930095347141026,16.874372457993278,4.7834405701417975,56.430931388833244,6.7151481099728265,16.518405495399957,6.745410870432795,2.0497861861548863,18.59337586550757,1.3370028790796047,48.915450270042584,40.336869856747555,0.40214,0.9433618630978511,0.09653,49.903729632749645,21.426252977845426,2.8522134061462827,329.14717390055154,1.8964560442498608
1122,0.08745,2.380136006501418,6.480698820167502,0.08338,41.85669719871477,5.381152095812778,0.5696596698224912,6.930095347141026,16.874372457993278,4.7834405701417975,56.430931388833244,6.7151481099728265,16.518405495399957,6.745410870432795,2.0497861861548863,18.59337586550757,1.3370028790796047,48.915450270042584,40.336869856747555,0.40214,0.9433618630978511,0.09653,49.903729632749645,21.426252977845426,2.8522134061462827,329.14717390055154,1.8964560442498608
1123,0.08745,2.380136006501418,6.480698820167502,0.08338,41.85669719871477,5.381152095812778,0.5696596698224912,6.930095347141026,16.874372457993278,4.7834405701417975,56.430931388833244,6.7151481099728265,16.518405495399957,6.745410870432795,2.0497861861548863,18.59337586550757,1.3370028790796047,48.915450270042584,40.336869856747555,0.40214,0.9433618630978511,0.09653,49.903729632749645,21.426252977845426,2.8522134061462827,329.14717390055154,1.8964560442498608
1124,0.08745,2.380136006501418,6.480698820167502,0.08338,41.85669719871477,5.381152095812778,0.5696596698224912,6.930095347141026,16.874372457993278,4.7834405701417975,56.430931388833244,6.7151481099728265,16.518405495399957,6.745410870432795,2.0497861861548863,18.59337586550757,1.3370028790796047,48.915450270042584,40.336869856747555,0.40214,0.9433618630978511,0.09653,49.903729632749645,21.426252977845426,2.8522134061462827,329.14717390055154,1.8964560442498608
1125,0.08745,2.380136006501418,6.480698820167502,0.08338,41.85669719871477,5.381152095812778,0.5696596698224912,6.930095347141026,16.874372457993278,4.7834405701417975,56.430931388833244,6.7151481099728265,16.518405495399957,6.745410870432795,2.0497861861548863,18.59337586550757,1.3370028790796047,48.915450270042584,40.336869856747555,0.40214,0.9433618630978511,0.09653,49.903729632749645,21.426252977845426,2.8522134061462827,329.14717390055154,1.8964560442498608
1126,0.08745,2.380136006501418,6.480698820167502,0.08338,41.85669719871477,5.381152095812778,0.5696596698224912,6.930095347141026,16.874372457993278,4.7834405701417975,56.430931388833244,6.7151481099728265,16.518405495399957,6.745410870432795,2.0497861861548863,18.59337586550757,1.3370028790796047,48.915450270042584,40.336869856747555,0.40214,0.9433618630978511,0.09653,49.903729632749645,21.426252977845426,2.8522134061462827,329.14717390055154,1.8964560442498608
1127,0.08745,2.380136006501418,6.480698820167502,0.08338,41.85669719871477,5.381152095812778,0.5696596698224912,6.930095347141026,16.874372457993278,4.7834405701417975,56.430931388833244,6.7151481099728265,16.518405495399957,6.745410870432795,2.0497861861548863,18.59337586550757,1.3370028790796047,48.915450270042584,40.336869856747555,0.40214,0.9433618630978511,0.09653,49.903729632749645,21.426252977845426,2.8522134061462827,329.14717390055154,1.8964560442498608
1128,0.08745,2.380136006501418,6.480698820167502,0.08338,41.85669719871477,5.381152095812778,0.5696596698224912,6.930095347141026,16.874372457993278,4.7834405701417975,56.430931388833244,6.7151481099728265,16.518405495399957,6.745410870432795,2.0497861861548863,18.59337586550757,1.3370028790796047,48.915450270042584,40.336869856747555,0.40214,0.9433618630978511,0.09653,49.903729632749645,21.426252977845426,2.8522134061462827,329.14717390055154,1.8964560442498608
1129,0.08745,2.380136006501418,6.480698820167502,0.08338,41.85669719871477,5.381152095812778,0.5696596698224912,6.930095347141026,16.874372457993278,4.7834405701417975,56.430931388833244,6.7151481099728265,16.518405495399957,6.745410870432795,2.0497861861548863,18.59337586550757,1.3370028790796047,48.915450270042584,40.336869856747555,0.40214,0.9433618630978511,0.09653,49.903729632749645,21.426252977845426,2.8522134061462827,329.14717390055154,1.8964560442498608
1130,0.08745,2.380136006501418,6.480698820167502,0.08338,41.85669719871477,5.381152095812778,0.5696596698224912,6.930095347141026,16.874372457993278,4.7834405701417975,56.430931388833244,6.7151481099728265,16.518405495399957,6.745410870432795,2.0497861861548863,18.59337586550757,1.3370028790796047,48.915450270042584,40.336869856747555,0.40214,0.9433618630978511,0.09653,49.903729632749645,21.426252977845426,2.8522134061462827,329.14717390055154,1.8964560442498608
1131,0.08745,2.380136006501418,6.480698820167502,0.08338,41.85669719871477,5.381152095812778,0.5696596698224912,6.930095347141026,16.874372457993278,4.7834405701417975,56.430931388833244,6.7151481099728265,16.518405495399957,6.745410870432795,2.0497861861548863,18.59337586550757,1.3370028790796047,48.915450270042584,40.336869856747555,0.40214,0.9433618630978511,0.09653,49.903729632749645,21.426252977845426,2.8522134061462827,329.14717390055154,1.8964560442498608
1132,0.08745,2.380136006501418,6.480698820167502,0.08338,41.85669719871477,5.381152095812778,0.5696596698224912,6.930095347141026,16.874372457993278,4.7834405701417975,56.430931388833244,6.7151481099728265,16.518405495399957,6.745410870432795,2.0497861861548863,18.59337586550757,1.3370028790796047,48.915450270042584,40.336869856747555,0.40214,0.9433618630978511,0.09653,49.903729632749645,21.426252977845426,2.8522134061462827,329.14717390055154,1.8964560442498608
1133,0.08745,2.380136006501418,6.480698820167502,0.08338,41.85669719871477,5.381152095812778,0.5696596698224912,6.930095347141026,16.874372457993278,4.7834405701417975,56.430931388833244,6.7151481099728265,16.518405495399957,6.745410870432795,2.0497861861548863,18.59337586550757,1.3370028790796047,48.915450270042584,40.336869856747555,0.40214,0.9433618630978511,0.09653,49.903729632749645,21.426252977845426,2.8522134061462827,329.14717390055154,1.8964560442498608
1134,0.08745,2.380136006501418,6.480698820167502,0.08338,41.85669719871477,5.381152095812778,0.5696596698224912,6.930095347141026,16.874372457993278,4.7834405701417975,56.430931388833244,6.7151481099728265,16.518405495399957,6.745410870432795,2.0497861861548863,18.59337586550757,1.3370028790796047,48.915450270042584,40.336869856747555,0.40214,0.9433618630978511,0.09653,49.903729632749645,21.426252977845426,2.8522134061462827,329.14717390055154,1.8964560442498608
1135,0.08745,2.380136006501418,6.480698820167502,0.08338,41.85669719871477,5.381152095812778,0.5696596698224912,6.930095347141026,16.874372457993278,4.7834405701417975,56.430931388833244,6.7151481099728265,16.518405495399957,6.745410870432795,2.0497861861548863,18.59337586550757,1.3370028790796047,48.915450270042584,40.336869856747555,0.40214,0.9433618630978511,0.09653,49.903729632749645,21.426252977845426,2.8522134061462827,329.14717390055154,1.8964560442498608
1136,0.08745,2.380136006501418,6.480698820167502,0.08338,41.85669719871477,5.381152095812778,0.5696596698224912,6.930095347141026,16.874372457993278,4.7834405701417975,56.430931388833244,6.7151481099728265,16.518405495399957,6.745410870432795,2.0497861861548863,18.59337586550757,1.3370028790796047,48.915450270042584,40.336869856747555,0.40214,0.9433618630978511,0.09653,49.903729632749645,21.426252977845426,2.8522134061462827,329.14717390055154,1.8964560442498608
1137,0.08745,2.380136006501418,6.480698820167502,0.08338,41.85669719871477,5.381152095812778,0.5696596698224912,6.930095347141026,16.874372457993278,4.7834405701417975,56.430931388833244,6.7151481099728265,16.518405495399957,6.745410870432795,2.0497861861548863,18.59337586550757,1.3370028790796047,48.915450270042584,40.336869856747555,0.40214,0.9433618630978511,0.09653,49.903729632749645,21.426252977845426,2.8522134061462827,329.14717390055154,1.8964560442498608
1138,0.08745,2.380136006501418,6.480698820167502,0.08338,41.85669719871477,5.381152095812778,0.5696596698224912,6.930095347141026,16.874372457993278,4.7834405701417975,56.430931388833244,6.7151481099728265,16.518405495399957,6.745410870432795,2.0497861861548863,18.59337586550757,1.3370028790796047,48.915450270042584,40.336869856747555,0.40214,0.9433618630978511,0.09653,49.903729632749645,21.426252977845426,2.8522134061462827,329.14717390055154,1.8964560442498608
1139,0.08745,2.380136006501418,6.480698820167502,0.08338,41.85669719871477,5.381152095812778,0.5696596698224912,6.930095347141026,16.874372457993278,4.7834405701417975,56.430931388833244,6.7151481099728265,16.518405495399957,6.745410870432795,2.0497861861548863,18.59337586550757,1.3370028790796047,48.915450270042584,40.336869856747555,0.40214,0.9433618630978511,0.09653,49.903729632749645,21.426252977845426,2.8522134061462827,329.14717390055154,1.8964560442498608
1140,0.08745,2.380136006501418,6.480698820167502,0.08338,41.85669719871477,5.381152095812778,0.5696596698224912,6.930095347141026,16.874372457993278,4.7834405701417975,56.430931388833244,6.7151481099728265,16.518405495399957,6.745410870432795,2.0497861861548863,18.59337586550757,1.3370028790796047,48.915450270042584,40.336869856747555,0.40214,0.9433618630978511,0.09653,49.903729632749645,21.426252977845426,2.8522134061462827,329.14717390055154,1.8964560442498608
1141,0.08745,2.380136006501418,6.480698820167502,0.08338,41.85669719871477,5.381152095812778,0.5696596698224912,6.930095347141026,16.874372457993278,4.7834405701417975,56.430931388833244,6.7151481099728265,16.518405495399957,6.745410870432795,2.0497861861548863,18.59337586550757,1.3370028790796047,48.915450270042584,40.336869856747555,0.40214,0.9433618630978511,0.09653,49.903729632749645,21.426252977845426,2.8522134061462827,329.14717390055154,1.8964560442498608
1142,0.08745,2.380136006501418,6.480698820167502,0.08338,41.85669719871477,5.381152095812778,0.5696596698224912,6.930095347141026,16.874372457993278,4.7834405701417975,56.430931388833244,6.7151481099728265,16.518405495399957,6.745410870432795,2.0497861861548863,18.59337586550757,1.3370028790796047,48.915450270042584,40.336869856747555,0.40214,0.9433618630978511,0.09653,49.903729632749645,21.426252977845426,2.8522134061462827,329.14717390055154,1.8964560442498608
1143,0.08745,2.380136006501418,6.480698820167502,0.08338,41.85669719871477,5.381152095812778,0.5696596698224912,6.930095347141026,16.874372457993278,4.7834405701417975,56.430931388833244,6.7151481099728265,16.518405495399957,6.745410870432795,2.0497861861548863,18.59337586550757,1.3370028790796047,48.915450270042584,40.336869856747555,0.40214,0.9433618630978511,0.09653,49.903729632749645,21.426252977845426,2.8522134061462827,329.14717390055154,1.8964560442498608
1144,0.08745,2.380136006501418,6.480698820167502,0.08338,41.85669719871477,5.381152095812778,0.5696596698224912,6.930095347141026,16.874372457993278,4.7834405701417975,56.430931388833244,6.7151481099728265,16.518405495399957,6.745410870432795,2.0497861861548863,18.59337586550757,1.3370028790796047,48.915450270042584,40.336869856747555,0.40214,0.9433618630978511,0.09653,49.903729632749645,21.426252977845426,2.8522134061462827,329.14717390055154,1.8964560442498608
1145,0.08745,2.380136006501418,6.480698820167502,0.08338,41.85669719871477,5.381152095812778,0.5696596698224912,6.930095347141026,16.874372457993278,4.7834405701417975,56.430931388833244,6.7151481099728265,16.518405495399957,6.745410870432795,2.0497861861548863,18.59337586550757,1.3370028790796047,48.915450270042584,40.336869856747555,0.40214,0.9433618630978511,0.09653,49.903729632749645,21.426252977845426,2.8522134061462827,329.14717390055154,1.8964560442498608
1146,0.08745,2.380136006501418,6.480698820167502,0.08338,41.85669719871477,5.381152095812778,0.5696596698224912,6.930095347141026,16.874372457993278,4.7834405701417975,56.430931388833244,6.7151481099728265,16.518405495399957,6.745410870432795,2.0497861861548863,18.59337586550757,1.3370028790796047,48.915450270042584,40.336869856747555,0.40214,0.9433618630978511,0.09653,49.903729632749645,21.426252977845426,2.8522134061462827,329.14717390055154,1.8964560442498608
1147,0.08745,2.380136006501418,6.480698820167502,0.08338,41.85669719871477,5.381152095812778,0.5696596698224912,6.930095347141026,16.874372457993278,4.7834405701417975,56.430931388833244,6.7151481099728265,16.518405495399957,6.745410870432795,2.0497861861548863,18.59337586550757,1.3370028790796047,48.915450270042584,40.336869856747555,0.40214,0.9433618630978511,0.09653,49.903729632749645,21.426252977845426,2.8522134061462827,329.14717390055154,1.8964560442498608
1148,0.08745,2.380136006501418,6.480698820167502,0.08338,41.85669719871477,5.381152095812778,0.5696596698224912,6.930095347141026,16.874372457993278,4.7834405701417975,56.430931388833244,6.7151481099728265,16.518405495399957,6.745410870432795,2.0497861861548863,18.59337586550757,1.3370028790796047,48.915450270042584,40.336869856747555,0.40214,0.9433618630978511,0.09653,49.903729632749645,21.426252977845426,2.8522134061462827,329.14717390055154,1.8964560442498608
1149,0.08745,2.380136006501418,6.480698820167502,0.08338,41.85669719871477,5.381152095812778,0.5696596698224912,6.930095347141026,16.874372457993278,4.7834405701417975,56.430931388833244,6.7151481099728265,16.518405495399957,6.745410870432795,2.0497861861548863,18.59337586550757,1.3370028790796047,48.915450270042584,40.336869856747555,0.40214,0.9433618630978511,0.09653,49.903729632749645,21.426252977845426,2.8522134061462827,329.14717390055154,1.8964560442498608
1150,0.08745,2.380136006501418,6.480698820167502,0.08338,41.85669719871477,5.381152095812778,0.5696596698224912,6.930095347141026,16.874372457993278,4.7834405701417975,56.430931388833244,6.7151481099728265,16.518405495399957,6.745410870432795,2.0497861861548863,18.59337586550757,1.3370028790796047,48.915450270042584,40.336869856747555,0.40214,0.9433618630978511,0.09653,49.903729632749645,21.426252977845426,2.8522134061462827,329.14717390055154,1.8964560442498608
1151,0.08745,2.380136006501418,6.480698820167502,0.08338,41.85669719871477,5.381152095812778,0.5696596698224912,6.930095347141026,16.874372457993278,4.7834405701417975,56.430931388833244,6.7151481099728265,16.518405495399957,6.745410870432795,2.0497861861548863,18.59337586550757,1.3370028790796047,48.915450270042584,40.336869856747555,0.40214,0.9433618630978511,0.09653,49.903729632749645,21.426252977845426,2.8522134061462827,329.14717390055154,1.8964560442498608
1152,0.08745,2.380136006501418,6.480698820167502,0.08338,41.85669719871477,5.381152095812778,0.5696596698224912,6.930095347141026,16.874372457993278,4.7834405701417975,56.430931388833244,6.7151481099728265,16.518405495399957,6.745410870432795,2.0497861861548863,18.59337586550757,1.3370028790796047,48.915450270042584,40.336869856747555,0.40214,0.9433618630978511,0.09653,49.903729632749645,21.426252977845426,2.8522134061462827,329.14717390055154,1.8964560442498608
1153,0.08745,2.380136006501418,6.480698820167502,0.08338,41.85669719871477,5.381152095812778,0.5696596698224912,6.930095347141026,16.874372457993278,4.7834405701417975,56.430931388833244,6.7151481099728265,16.518405495399957,6.745410870432795,2.0497861861548863,18.59337586550757,1.3370028790796047,48.915450270042584,40.336869856747555,0.40214,0.9433618630978511,0.09653,49.903729632749645,21.426252977845426,2.8522134061462827,329.14717390055154,1.8964560442498608
1154,0.08745,2.380136006501418,6.480698820167502,0.08338,41.85669719871477,5.381152095812778,0.5696596698224912,6.930095347141026,16.874372457993278,4.7834405701417975,56.430931388833244,6.7151481099728265,16.518405495399957,6.745410870432795,2.0497861861548863,18.59337586550757,1.3370028790796047,48.915450270042584,40.336869856747555,0.40214,0.9433618630978511,0.09653,49.903729632749645,21.426252977845426,2.8522134061462827,329.14717390055154,1.8964560442498608
1155,0.08745,2.380136006501418,6.480698820167502,0.08338,41.85669719871477,5.381152095812778,0.5696596698224912,6.930095347141026,16.874372457993278,4.7834405701417975,56.430931388833244,6.7151481099728265,16.518405495399957,6.745410870432795,2.0497861861548863,18.59337586550757,1.3370028790796047,48.915450270042584,40.336869856747555,0.40214,0.9433618630978511,0.09653,49.903729632749645,21.426252977845426,2.8522134061462827,329.14717390055154,1.8964560442498608
1156,0.08745,2.380136006501418,6.480698820167502,0.08338,41.85669719871477,5.381152095812778,0.5696596698224912,6.930095347141026,16.874372457993278,4.7834405701417975,56.430931388833244,6.7151481099728265,16.518405495399957,6.745410870432795,2.0497861861548863,18.59337586550757,1.3370028790796047,48.915450270042584,40.336869856747555,0.40214,0.9433618630978511,0.09653,49.903729632749645,21.426252977845426,2.8522134061462827,329.14717390055154,1.8964560442498608
1157,0.08745,2.380136006501418,6.480698820167502,0.08338,41.85669719871477,5.381152095812778,0.5696596698224912,6.930095347141026,16.874372457993278,4.7834405701417975,56.430931388833244,6.7151481099728265,16.518405495399957,6.745410870432795,2.0497861861548863,18.59337586550757,1.3370028790796047,48.915450270042584,40.336869856747555,0.40214,0.9433618630978511,0.09653,49.903729632749645,21.426252977845426,2.8522134061462827,329.14717390055154,1.8964560442498608
1158,0.08745,2.380136006501418,6.480698820167502,0.08338,41.85669719871477,5.381152095812778,0.5696596698224912,6.930095347141026,16.874372457993278,4.7834405701417975,56.430931388833244,6.7151481099728265,16.518405495399957,6.745410870432795,2.0497861861548863,18.59337586550757,1.3370028790796047,48.915450270042584,40.336869856747555,0.40214,0.9433618630978511,0.09653,49.903729632749645,21.426252977845426,2.8522134061462827,329.14717390055154,1.8964560442498608
1159,0.08745,2.380136006501418,6.480698820167502,0.08338,41.85669719871477,5.381152095812778,0.5696596698224912,6.930095347141026,16.874372457993278,4.7834405701417975,56.430931388833244,6.7151481099728265,16.518405495399957,6.745410870432795,2.0497861861548863,18.59337586550757,1.3370028790796047,48.915450270042584,40.336869856747555,0.40214,0.9433618630978511,0.09653,49.903729632749645,21.426252977845426,2.8522134061462827,329.14717390055154,1.8964560442498608
1160,0.08745,2.380136006501418,6.480698820167502,0.08338,41.85669719871477,5.381152095812778,0.5696596698224912,6.930095347141026,16.874372457993278,4.7834405701417975,56.430931388833244,6.7151481099728265,16.518405495399957,6.745410870432795,2.0497861861548863,18.59337586550757,1.3370028790796047,48.915450270042584,40.336869856747555,0.40214,0.9433618630978511,0.09653,49.903729632749645,21.426252977845426,2.8522134061462827,329.14717390055154,1.8964560442498608
1161,0.08745,2.380136006501418,6.480698820167502,0.08338,41.85669719871477,5.381152095812778,0.5696596698224912,6.930095347141026,16.874372457993278,4.7834405701417975,56.430931388833244,6.7151481099728265,16.518405495399957,6.745410870432795,2.0497861861548863,18.59337586550757,1.3370028790796047,48.915450270042584,40.336869856747555,0.40214,0.9433618630978511,0.09653,49.903729632749645,21.426252977845426,2.8522134061462827,329.14717390055154,1.8964560442498608
1162,0.08745,2.380136006501418,6.480698820167502,0.08338,41.85669719871477,5.381152095812778,0.5696596698224912,6.930095347141026,16.874372457993278,4.7834405701417975,56.430931388833244,6.7151481099728265,16.518405495399957,6.745410870432795,2.0497861861548863,18.59337586550757,1.3370028790796047,48.915450270042584,40.336869856747555,0.40214,0.9433618630978511,0.09653,49.903729632749645,21.426252977845426,2.8522134061462827,329.14717390055154,1.8964560442498608
1163,0.08745,2.380136006501418,6.480698820167502,0.08338,41.85669719871477,5.381152095812778,0.5696596698224912,6.930095347141026,16.874372457993278,4.7834405701417975,56.430931388833244,6.7151481099728265,16.518405495399957,6.745410870432795,2.0497861861548863,18.59337586550757,1.3370028790796047,48.915450270042584,40.336869856747555,0.40214,0.9433618630978511,0.09653,49.903729632749645,21.426252977845426,2.8522134061462827,329.14717390055154,1.8964560442498608
1164,0.08745,2.380136006501418,6.480698820167502,0.08338,41.85669719871477,5.381152095812778,0.5696596698224912,6.930095347141026,16.874372457993278,4.7834405701417975,56.430931388833244,6.7151481099728265,16.518405495399957,6.745410870432795,2.0497861861548863,18.59337586550757,1.3370028790796047,48.915450270042584,40.336869856747555,0.40214,0.9433618630978511,0.09653,49.903729632749645,21.426252977845426,2.8522134061462827,329.14717390055154,1.8964560442498608
1165,0.08745,2.380136006501418,6.480698820167502,0.08338,41.85669719871477,5.381152095812778,0.5696596698224912,6.930095347141026,16.874372457993278,4.7834405701417975,56.430931388833244,6.7151481099728265,16.518405495399957,6.745410870432795,2.0497861861548863,18.59337586550757,1.3370028790796047,48.915450270042584,40.336869856747555,0.40214,0.9433618630978511,0.09653,49.903729632749645,21.426252977845426,2.8522134061462827,329.14717390055154,1.8964560442498608
1166,0.08745,2.380136006501418,6.480698820167502,0.08338,41.85669719871477,5.381152095812778,0.5696596698224912,6.930095347141026,16.874372457993278,4.7834405701417975,56.430931388833244,6.7151481099728265,16.518405495399957,6.745410870432795,2.0497861861548863,18.59337586550757,1.3370028790796047,48.915450270042584,40.336869856747555,0.40214,0.9433618630978511,0.09653,49.903729632749645,21.426252977845426,2.8522134061462827,329.14717390055154,1.8964560442498608
1167,0.08745,2.380136006501418,6.480698820167502,0.08338,41.85669719871477,5.381152095812778,0.5696596698224912,6.930095347141026,16.874372457993278,4.7834405701417975,56.430931388833244,6.7151481099728265,16.518405495399957,6.745410870432795,2.0497861861548863,18.59337586550757,1.3370028790796047,48.915450270042584,40.336869856747555,0.40214,0.9433618630978511,0.09653,49.903729632749645,21.426252977845426,2.8522134061462827,329.14717390055154,1.8964560442498608
1168,0.08745,2.380136006501418,6.480698820167502,0.08338,41.85669719871477,5.381152095812778,0.5696596698224912,6.930095347141026,16.874372457993278,4.7834405701417975,56.430931388833244,6.7151481099728265,16.518405495399957,6.745410870432795,2.0497861861548863,18.59337586550757,1.3370028790796047,48.915450270042584,40.336869856747555,0.40214,0.9433618630978511,0.09653,49.903729632749645,21.426252977845426,2.8522134061462827,329.14717390055154,1.8964560442498608
1169,0.08745,2.380136006501418,6.480698820167502,0.08338,41.85669719871477,5.381152095812778,0.5696596698224912,6.930095347141026,16.874372457993278,4.7834405701417975,56.430931388833244,6.7151481099728265,16.518405495399957,6.745410870432795,2.0497861861548863,18.59337586550757,1.3370028790796047,48.915450270042584,40.336869856747555,0.40214,0.9433618630978511,0.09653,49.903729632749645,21.426252977845426,2.8522134061462827,329.14717390055154,1.8964560442498608
1170,0.08745,2.380136006501418,6.480698820167502,0.08338,41.85669719871477,5.381152095812778,0.5696596698224912,6.930095347141026,16.874372457993278,4.7834405701417975,56.430931388833244,6.7151481099728265,16.518405495399957,6.745410870432795,2.0497861861548863,18.59337586550757,1.3370028790796047,48.915450270042584,40.336869856747555,0.40214,0.9433618630978511,0.09653,49.903729632749645,21.426252977845426,2.8522134061462827,329.14717390055154,1.8964560442498608
1171,0.08745,2.380136006501418,6.480698820167502,0.08338,41.85669719871477,5.381152095812778,0.5696596698224912,6.930095347141026,16.874372457993278,4.7834405701417975,56.430931388833244,6.7151481099728265,16.518405495399957,6.745410870432795,2.0497861861548863,18.59337586550757,1.3370028790796047,48.915450270042584,40.336869856747555,0.40214,0.9433618630978511,0.09653,49.903729632749645,21.426252977845426,2.8522134061462827,329.14717390055154,1.8964560442498608
1172,0.08745,2.380136006501418,6.480698820167502,0.08338,41.85669719871477,5.381152095812778,0.5696596698224912,6.930095347141026,16.874372457993278,4.7834405701417975,56.430931388833244,6.7151481099728265,16.518405495399957,6.745410870432795,2.0497861861548863,18.59337586550757,1.3370028790796047,48.915450270042584,40.336869856747555,0.40214,0.9433618630978511,0.09653,49.903729632749645,21.426252977845426,2.8522134061462827,329.14717390055154,1.8964560442498608
1173,0.08745,2.380136006501418,6.480698820167502,0.08338,41.85669719871477,5.381152095812778,0.5696596698224912,6.930095347141026,16.874372457993278,4.7834405701417975,56.430931388833244,6.7151481099728265,16.518405495399957,6.745410870432795,2.0497861861548863,18.59337586550757,1.3370028790796047,48.915450270042584,40.336869856747555,0.40214,0.9433618630978511,0.09653,49.903729632749645,21.426252977845426,2.8522134061462827,329.14717390055154,1.8964560442498608
1174,0.08745,2.380136006501418,6.480698820167502,0.08338,41.85669719871477,5.381152095812778,0.5696596698224912,6.930095347141026,16.874372457993278,4.7834405701417975,56.430931388833244,6.7151481099728265,16.518405495399957,6.745410870432795,2.0497861861548863,18.59337586550757,1.3370028790796047,48.915450270042584,40.336869856747555,0.40214,0.9433618630978511,0.09653,49.903729632749645,21.426252977845426,2.8522134061462827,329.14717390055154,1.8964560442498608
1175,0.08745,2.380136006501418,6.480698820167502,0.08338,41.85669719871477,5.381152095812778,0.5696596698224912,6.930095347141026,16.874372457993278,4.7834405701417975,56.430931388833244,6.7151481099728265,16.518405495399957,6.745410870432795,2.0497861861548863,18.59337586550757,1.3370028790796047,48.915450270042584,40.336869856747555,0.40214,0.9433618630978511,0.09653,49.903729632749645,21.426252977845426,2.8522134061462827,329.14717390055154,1.8964560442498608
1176,0.08745,2.380136006501418,6.480698820167502,0.08338,41.85669719871477,5.381152095812778,0.5696596698224912,6.930095347141026,16.874372457993278,4.7834405701417975,56.430931388833244,6.7151481099728265,16.518405495399957,6.745410870432795,2.0497861861548863,18.59337586550757,1.3370028790796047,48.915450270042584,40.336869856747555,0.40214,0.9433618630978511,0.09653,49.903729632749645,21.426252977845426,2.8522134061462827,329.14717390055154,1.8964560442498608
1177,0.08745,2.380136006501418,6.480698820167502,0.08338,41.85669719871477,5.381152095812778,0.5696596698224912,6.930095347141026,16.874372457993278,4.7834405701417975,56.430931388833244,6.7151481099728265,16.518405495399957,6.745410870432795,2.0497861861548863,18.59337586550757,1.3370028790796047,48.915450270042584,40.336869856747555,0.40214,0.9433618630978511,0.09653,49.903729632749645,21.426252977845426,2.8522134061462827,329.14717390055154,1.8964560442498608
1178,0.08745,2.380136006501418,6.480698820167502,0.08338,41.85669719871477,5.381152095812778,0.5696596698224912,6.930095347141026,16.874372457993278,4.7834405701417975,56.430931388833244,6.7151481099728265,16.518405495399957,6.745410870432795,2.0497861861548863,18.59337586550757,1.3370028790796047,48.915450270042584,40.336869856747555,0.40214,0.9433618630978511,0.09653,49.903729632749645,21.426252977845426,2.8522134061462827,329.14717390055154,1.8964560442498608
1179,0.08745,2.380136006501418,6.480698820167502,0.08338,41.85669719871477,5.381152095812778,0.5696596698224912,6.930095347141026,16.874372457993278,4.7834405701417975,56.430931388833244,6.7151481099728265,16.518405495399957,6.745410870432795,2.0497861861548863,18.59337586550757,1.3370028790796047,48.915450270042584,40.336869856747555,0.40214,0.9433618630978511,0.09653,49.903729632749645,21.426252977845426,2.8522134061462827,329.14717390055154,1.8964560442498608
1180,0.08745,2.380136006501418,6.480698820167502,0.08338,41.85669719871477,5.381152095812778,0.5696596698224912,6.930095347141026,16.874372457993278,4.7834405701417975,56.430931388833244,6.7151481099728265,16.518405495399957,6.745410870432795,2.0497861861548863,18.59337586550757,1.3370028790796047,48.915450270042584,40.336869856747555,0.40214,0.9433618630978511,0.09653,49.903729632749645,21.426252977845426,2.8522134061462827,329.14717390055154,1.8964560442498608
1181,0.08745,2.380136006501418,6.480698820167502,0.08338,41.85669719871477,5.381152095812778,0.5696596698224912,6.930095347141026,16.874372457993278,4.7834405701417975,56.430931388833244,6.7151481099728265,16.518405495399957,6.745410870432795,2.0497861861548863,18.59337586550757,1.3370028790796047,48.915450270042584,40.336869856747555,0.40214,0.9433618630978511,0.09653,49.903729632749645,21.426252977845426,2.8522134061462827,329.14717390055154,1.8964560442498608
1182,0.08745,2.380136006501418,6.480698820167502,0.08338,41.85669719871477,5.381152095812778,0.5696596698224912,6.930095347141026,16.874372457993278,4.7834405701417975,56.430931388833244,6.7151481099728265,16.518405495399957,6.745410870432795,2.0497861861548863,18.59337586550757,1.3370028790796047,48.915450270042584,40.336869856747555,0.40214,0.9433618630978511,0.09653,49.903729632749645,21.426252977845426,2.8522134061462827,329.14717390055154,1.8964560442498608
1183,0.08745,2.380136006501418,6.480698820167502,0.08338,41.85669719871477,5.381152095812778,0.5696596698224912,6.930095347141026,16.874372457993278,4.7834405701417975,56.430931388833244,6.7151481099728265,16.518405495399957,6.745410870432795,2.0497861861548863,18.59337586550757,1.3370028790796047,48.915450270042584,40.336869856747555,0.40214,0.9433618630978511,0.09653,49.903729632749645,21.426252977845426,2.8522134061462827,329.14717390055154,1.8964560442498608
1184,0.08745,2.380136006501418,6.480698820167502,0.08338,41.85669719871477,5.381152095812778,0.5696596698224912,6.930095347141026,16.874372457993278,4.7834405701417975,56.430931388833244,6.7151481099728265,16.518405495399957,6.745410870432795,2.0497861861548863,18.59337586550757,1.3370028790796047,48.915450270042584,40.336869856747555,0.40214,0.9433618630978511,0.09653,49.903729632749645,21.426252977845426,2.8522134061462827,329.14717390055154,1.8964560442498608
1185,0.08745,2.380136006501418,6.480698820167502,0.08338,41.85669719871477,5.381152095812778,0.5696596698224912,6.930095347141026,16.874372457993278,4.7834405701417975,56.430931388833244,6.7151481099728265,16.518405495399957,6.745410870432795,2.0497861861548863,18.59337586550757,1.3370028790796047,48.915450270042584,40.336869856747555,0.40214,0.9433618630978511,0.09653,49.903729632749645,21.426252977845426,2.8522134061462827,329.14717390055154,1.8964560442498608
1186,0.08745,2.380136006501418,6.480698820167502,0.08338,41.85669719871477,5.381152095812778,0.5696596698224912,6.930095347141026,16.874372457993278,4.7834405701417975,56.430931388833244,6.7151481099728265,16.518405495399957,6.745410870432795,2.0497861861548863,18.59337586550757,1.3370028790796047,48.915450270042584,40.336869856747555,0.40214,0.9433618630978511,0.09653,49.903729632749645,21.426252977845426,2.8522134061462827,329.14717390055154,1.8964560442498608
1187,0.08745,2.380136006501418,6.480698820167502,0.08338,41.85669719871477,5.381152095812778,0.5696596698224912,6.930095347141026,16.874372457993278,4.7834405701417975,56.430931388833244,6.7151481099728265,16.518405495399957,6.745410870432795,2.0497861861548863,18.59337586550757,1.3370028790796047,48.915450270042584,40.336869856747555,0.40214,0.9433618630978511,0.09653,49.903729632749645,21.426252977845426,2.8522134061462827,329.14717390055154,1.8964560442498608
1188,0.08745,2.380136006501418,6.480698820167502,0.08338,41.85669719871477,5.381152095812778,0.5696596698224912,6.930095347141026,16.874372457993278,4.7834405701417975,56.430931388833244,6.7151481099728265,16.518405495399957,6.745410870432795,2.0497861861548863,18.59337586550757,1.3370028790796047,48.915450270042584,40.336869856747555,0.40214,0.9433618630978511,0.09653,49.903729632749645,21.426252977845426,2.8522134061462827,329.14717390055154,1.8964560442498608
1189,0.08745,2.380136006501418,6.480698820167502,0.08338,41.85669719871477,5.381152095812778,0.5696596698224912,6.930095347141026,16.874372457993278,4.7834405701417975,56.430931388833244,6.7151481099728265,16.518405495399957,6.745410870432795,2.0497861861548863,18.59337586550757,1.3370028790796047,48.915450270042584,40.336869856747555,0.40214,0.9433618630978511,0.09653,49.903729632749645,21.426252977845426,2.8522134061462827,329.14717390055154,1.8964560442498608
1190,0.08745,2.380136006501418,6.480698820167502,0.08338,41.85669719871477,5.381152095812778,0.5696596698224912,6.930095347141026,16.874372457993278,4.7834405701417975,56.430931388833244,6.7151481099728265,16.518405495399957,6.745410870432795,2.0497861861548863,18.59337586550757,1.3370028790796047,48.915450270042584,40.336869856747555,0.40214,0.9433618630978511,0.09653,49.903729632749645,21.426252977845426,2.8522134061462827,329.14717390055154,1.8964560442498608
1191,0.08745,2.380136006501418,6.480698820167502,0.08338,41.85669719871477,5.381152095812778,0.5696596698224912,6.930095347141026,16.874372457993278,4.7834405701417975,56.430931388833244,6.7151481099728265,16.518405495399957,6.745410870432795,2.0497861861548863,18.59337586550757,1.3370028790796047,48.915450270042584,40.336869856747555,0.40214,0.9433618630978511,0.09653,49.903729632749645,21.426252977845426,2.8522134061462827,329.14717390055154,1.8964560442498608
1192,0.08745,2.380136006501418,6.480698820167502,0.08338,41.85669719871477,5.381152095812778,0.5696596698224912,6.930095347141026,16.874372457993278,4.7834405701417975,56.430931388833244,6.7151481099728265,16.518405495399957,6.745410870432795,2.0497861861548863,18.59337586550757,1.3370028790796047,48.915450270042584,40.336869856747555,0.40214,0.9433618630978511,0.09653,49.903729632749645,21.426252977845426,2.8522134061462827,329.14717390055154,1.8964560442498608
1193,0.08745,2.380136006501418,6.480698820167502,0.08338,41.85669719871477,5.381152095812778,0.5696596698224912,6.930095347141026,16.874372457993278,4.7834405701417975,56.430931388833244,6.7151481099728265,16.518405495399957,6.745410870432795,2.0497861861548863,18.59337586550757,1.3370028790796047,48.915450270042584,40.336869856747555,0.40214,0.9433618630978511,0.09653,49.903729632749645,21.426252977845426,2.8522134061462827,329.14717390055154,1.8964560442498608
1194,0.08745,2.380136006501418,6.480698820167502,0.08338,41.85669719871477,5.381152095812778,0.5696596698224912,6.930095347141026,16.874372457993278,4.7834405701417975,56.430931388833244,6.7151481099728265,16.518405495399957,6.745410870432795,2.0497861861548863,18.59337586550757,1.3370028790796047,48.915450270042584,40.336869856747555,0.40214,0.9433618630978511,0.09653,49.903729632749645,21.426252977845426,2.8522134061462827,329.14717390055154,1.8964560442498608
1195,0.08745,2.380136006501418,6.480698820167502,0.08338,41.85669719871477,5.381152095812778,0.5696596698224912,6.930095347141026,16.874372457993278,4.7834405701417975,56.430931388833244,6.7151481099728265,16.518405495399957,6.745410870432795,2.0497861861548863,18.59337586550757,1.3370028790796047,48.915450270042584,40.336869856747555,0.40214,0.9433618630978511,0.09653,49.903729632749645,21.426252977845426,2.8522134061462827,329.14717390055154,1.8964560442498608
1196,0.08745,2.380136006501418,6.480698820167502,0.08338,41.85669719871477,5.381152095812778,0.5696596698224912,6.930095347141026,16.874372457993278,4.7834405701417975,56.430931388833244,6.7151481099728265,16.518405495399957,6.745410870432795,2.0497861861548863,18.59337586550757,1.3370028790796047,48.915450270042584,40.336869856747555,0.40214,0.9433618630978511,0.09653,49.903729632749645,21.426252977845426,2.8522134061462827,329.14717390055154,1.8964560442498608
1197,0.08745,2.380136006501418,6.480698820167502,0.08338,41.85669719871477,5.381152095812778,0.5696596698224912,6.930095347141026,16.874372457993278,4.7834405701417975,56.430931388833244,6.7151481099728265,16.518405495399957,6.745410870432795,2.0497861861548863,18.59337586550757,1.3370028790796047,48.915450270042584,40.336869856747555,0.40214,0.9433618630978511,0.09653,49.903729632749645,21.426252977845426,2.8522134061462827,329.14717390055154,1.8964560442498608
1198,0.08745,2.380136006501418,6.480698820167502,0.08338,41.85669719871477,5.381152095812778,0.5696596698224912,6.930095347141026,16.874372457993278,4.7834405701417975,56.430931388833244,6.7151481099728265,16.518405495399957,6.745410870432795,2.0497861861548863,18.59337586550757,1.3370028790796047,48.915450270042584,40.336869856747555,0.40214,0.9433618630978511,0.09653,49.903729632749645,21.426252977845426,2.8522134061462827,329.14717390055154,1.8964560442498608
1199,0.08745,2.380136006501418,6.480698820167502,0.08338,41.85669719871477,5.381152095812778,0.5696596698224912,6.930095347141026,16.874372457993278,4.7834405701417975,56.430931388833244,6.7151481099728265,16.518405495399957,6.745410870432795,2.0497861861548863,18.59337586550757,1.3370028790796047,48.915450270042584,40.336869856747555,0.40214,0.9433618630978511,0.09653,49.903729632749645,21.426252977845426,2.8522134061462827,329.14717390055154,1.8964560442498608
1200,0.08745,2.380136006501418,6.480698820167502,0.08338,41.85669719871477,5.381152095812778,0.5696596698224912,6.930095347141026,16.874372457993278,4.7834405701417975,56.430931388833244,6.7151481099728265,16.518405495399957,6.745410870432795,2.0497861861548863,18.59337586550757,1.3370028790796047,48.915450270042584,40.336869856747555,0.40214,0.9433618630978511,0.09653,49.903729632749645,21.426252977845426,2.8522134061462827,329.14717390055154,1.8964560442498608
1201,0.08745,2.380136006501418,6.480698820167502,0.08338,41.85669719871477,5.381152095812778,0.5696596698224912,6.930095347141026,16.874372457993278,4.7834405701417975,56.430931388833244,6.7151481099728265,16.518405495399957,6.745410870432795,2.0497861861548863,18.59337586550757,1.3370028790796047,48.915450270042584,40.336869856747555,0.40214,0.9433618630978511,0.09653,49.903729632749645,21.426252977845426,2.8522134061462827,329.14717390055154,1.8964560442498608
1202,0.08745,2.380136006501418,6.480698820167502,0.08338,41.85669719871477,5.381152095812778,0.5696596698224912,6.930095347141026,16.874372457993278,4.7834405701417975,56.430931388833244,6.7151481099728265,16.518405495399957,6.745410870432795,2.0497861861548863,18.59337586550757,1.3370028790796047,48.915450270042584,40.336869856747555,0.40214,0.9433618630978511,0.09653,49.903729632749645,21.426252977845426,2.8522134061462827,329.14717390055154,1.8964560442498608
1203,0.08745,2.380136006501418,6.480698820167502,0.08338,41.85669719871477,5.381152095812778,0.5696596698224912,6.930095347141026,16.874372457993278,4.7834405701417975,56.430931388833244,6.7151481099728265,16.518405495399957,6.745410870432795,2.0497861861548863,18.59337586550757,1.3370028790796047,48.915450270042584,40.336869856747555,0.40214,0.9433618630978511,0.09653,49.903729632749645,21.426252977845426,2.8522134061462827,329.14717390055154,1.8964560442498608
1204,0.08745,2.380136006501418,6.480698820167502,0.08338,41.85669719871477,5.381152095812778,0.5696596698224912,6.930095347141026,16.874372457993278,4.7834405701417975,56.430931388833244,6.7151481099728265,16.518405495399957,6.745410870432795,2.0497861861548863,18.59337586550757,1.3370028790796047,48.915450270042584,40.336869856747555,0.40214,0.9433618630978511,0.09653,49.903729632749645,21.426252977845426,2.8522134061462827,329.14717390055154,1.8964560442498608
1205,0.08745,2.380136006501418,6.480698820167502,0.08338,41.85669719871477,5.381152095812778,0.5696596698224912,6.930095347141026,16.874372457993278,4.7834405701417975,56.430931388833244,6.7151481099728265,16.518405495399957,6.745410870432795,2.0497861861548863,18.59337586550757,1.3370028790796047,48.915450270042584,40.336869856747555,0.40214,0.9433618630978511,0.09653,49.903729632749645,21.426252977845426,2.8522134061462827,329.14717390055154,1.8964560442498608
1206,0.08745,2.380136006501418,6.480698820167502,0.08338,41.85669719871477,5.381152095812778,0.5696596698224912,6.930095347141026,16.874372457993278,4.7834405701417975,56.430931388833244,6.7151481099728265,16.518405495399957,6.745410870432795,2.0497861861548863,18.59337586550757,1.3370028790796047,48.915450270042584,40.336869856747555,0.40214,0.9433618630978511,0.09653,49.903729632749645,21.426252977845426,2.8522134061462827,329.14717390055154,1.8964560442498608
1207,0.08745,2.380136006501418,6.480698820167502,0.08338,41.85669719871477,5.381152095812778,0.5696596698224912,6.930095347141026,16.874372457993278,4.7834405701417975,56.430931388833244,6.7151481099728265,16.518405495399957,6.745410870432795,2.0497861861548863,18.59337586550757,1.3370028790796047,48.915450270042584,40.336869856747555,0.40214,0.9433618630978511,0.09653,49.903729632749645,21.426252977845426,2.8522134061462827,329.14717390055154,1.8964560442498608
1208,0.08745,2.380136006501418,6.480698820167502,0.08338,41.85669719871477,5.381152095812778,0.5696596698224912,6.930095347141026,16.874372457993278,4.7834405701417975,56.430931388833244,6.7151481099728265,16.518405495399957,6.745410870432795,2.0497861861548863,18.59337586550757,1.3370028790796047,48.915450270042584,40.336869856747555,0.40214,0.9433618630978511,0.09653,49.903729632749645,21.426252977845426,2.8522134061462827,329.14717390055154,1.8964560442498608
1209,0.08745,2.380136006501418,6.480698820167502,0.08338,41.85669719871477,5.381152095812778,0.5696596698224912,6.930095347141026,16.874372457993278,4.7834405701417975,56.430931388833244,6.7151481099728265,16.518405495399957,6.745410870432795,2.0497861861548863,18.59337586550757,1.3370028790796047,48.915450270042584,40.336869856747555,0.40214,0.9433618630978511,0.09653,49.903729632749645,21.426252977845426,2.8522134061462827,329.14717390055154,1.8964560442498608
1210,0.08745,2.380136006501418,6.480698820167502,0.08338,41.85669719871477,5.381152095812778,0.5696596698224912,6.930095347141026,16.874372457993278,4.7834405701417975,56.430931388833244,6.7151481099728265,16.518405495399957,6.745410870432795,2.0497861861548863,18.59337586550757,1.3370028790796047,48.915450270042584,40.336869856747555,0.40214,0.9433618630978511,0.09653,49.903729632749645,21.426252977845426,2.8522134061462827,329.14717390055154,1.8964560442498608
1211,0.08745,2.380136006501418,6.480698820167502,0.08338,41.85669719871477,5.381152095812778,0.5696596698224912,6.930095347141026,16.874372457993278,4.7834405701417975,56.430931388833244,6.7151481099728265,16.518405495399957,6.745410870432795,2.0497861861548863,18.59337586550757,1.3370028790796047,48.915450270042584,40.336869856747555,0.40214,0.9433618630978511,0.09653,49.903729632749645,21.426252977845426,2.8522134061462827,329.14717390055154,1.8964560442498608
1212,0.08745,2.380136006501418,6.480698820167502,0.08338,41.85669719871477,5.381152095812778,0.5696596698224912,6.930095347141026,16.874372457993278,4.7834405701417975,56.430931388833244,6.7151481099728265,16.518405495399957,6.745410870432795,2.0497861861548863,18.59337586550757,1.3370028790796047,48.915450270042584,40.336869856747555,0.40214,0.9433618630978511,0.09653,49.903729632749645,21.426252977845426,2.8522134061462827,329.14717390055154,1.8964560442498608
1213,0.08745,2.380136006501418,6.480698820167502,0.08338,41.85669719871477,5.381152095812778,0.5696596698224912,6.930095347141026,16.874372457993278,4.7834405701417975,56.430931388833244,6.7151481099728265,16.518405495399957,6.745410870432795,2.0497861861548863,18.59337586550757,1.3370028790796047,48.915450270042584,40.336869856747555,0.40214,0.9433618630978511,0.09653,49.903729632749645,21.426252977845426,2.8522134061462827,329.14717390055154,1.8964560442498608
1214,0.08745,2.380136006501418,6.480698820167502,0.08338,41.85669719871477,5.381152095812778,0.5696596698224912,6.930095347141026,16.874372457993278,4.7834405701417975,56.430931388833244,6.7151481099728265,16.518405495399957,6.745410870432795,2.0497861861548863,18.59337586550757,1.3370028790796047,48.915450270042584,40.336869856747555,0.40214,0.9433618630978511,0.09653,49.903729632749645,21.426252977845426,2.8522134061462827,329.14717390055154,1.8964560442498608
1215,0.08745,2.380136006501418,6.480698820167502,0.08338,41.85669719871477,5.381152095812778,0.5696596698224912,6.930095347141026,16.874372457993278,4.7834405701417975,56.430931388833244,6.7151481099728265,16.518405495399957,6.745410870432795,2.0497861861548863,18.59337586550757,1.3370028790796047,48.915450270042584,40.336869856747555,0.40214,0.9433618630978511,0.09653,49.903729632749645,21.426252977845426,2.8522134061462827,329.14717390055154,1.8964560442498608
1216,0.08745,2.380136006501418,6.480698820167502,0.08338,41.85669719871477,5.381152095812778,0.5696596698224912,6.930095347141026,16.874372457993278,4.7834405701417975,56.430931388833244,6.7151481099728265,16.518405495399957,6.745410870432795,2.0497861861548863,18.59337586550757,1.3370028790796047,48.915450270042584,40.336869856747555,0.40214,0.9433618630978511,0.09653,49.903729632749645,21.426252977845426,2.8522134061462827,329.14717390055154,1.8964560442498608
1217,0.08745,2.380136006501418,6.480698820167502,0.08338,41.85669719871477,5.381152095812778,0.5696596698224912,6.930095347141026,16.874372457993278,4.7834405701417975,56.430931388833244,6.7151481099728265,16.518405495399957,6.745410870432795,2.0497861861548863,18.59337586550757,1.3370028790796047,48.915450270042584,40.336869856747555,0.40214,0.9433618630978511,0.09653,49.903729632749645,21.426252977845426,2.8522134061462827,329.14717390055154,1.8964560442498608
1218,0.08745,2.380136006501418,6.480698820167502,0.08338,41.85669719871477,5.381152095812778,0.5696596698224912,6.930095347141026,16.874372457993278,4.7834405701417975,56.430931388833244,6.7151481099728265,16.518405495399957,6.745410870432795,2.0497861861548863,18.59337586550757,1.3370028790796047,48.915450270042584,40.336869856747555,0.40214,0.9433618630978511,0.09653,49.903729632749645,21.426252977845426,2.8522134061462827,329.14717390055154,1.8964560442498608
1219,0.08745,2.380136006501418,6.480698820167502,0.08338,41.85669719871477,5.381152095812778,0.5696596698224912,6.930095347141026,16.874372457993278,4.7834405701417975,56.430931388833244,6.7151481099728265,16.518405495399957,6.745410870432795,2.0497861861548863,18.59337586550757,1.3370028790796047,48.915450270042584,40.336869856747555,0.40214,0.9433618630978511,0.09653,49.903729632749645,21.426252977845426,2.8522134061462827,329.14717390055154,1.8964560442498608
1220,0.08745,2.380136006501418,6.480698820167502,0.08338,41.85669719871477,5.381152095812778,0.5696596698224912,6.930095347141026,16.874372457993278,4.7834405701417975,56.430931388833244,6.7151481099728265,16.518405495399957,6.745410870432795,2.0497861861548863,18.59337586550757,1.3370028790796047,48.915450270042584,40.336869856747555,0.40214,0.9433618630978511,0.09653,49.903729632749645,21.426252977845426,2.8522134061462827,329.14717390055154,1.8964560442498608
1221,0.08745,2.380136006501418,6.480698820167502,0.08338,41.85669719871477,5.381152095812778,0.5696596698224912,6.930095347141026,16.874372457993278,4.7834405701417975,56.430931388833244,6.7151481099728265,16.518405495399957,6.745410870432795,2.0497861861548863,18.59337586550757,1.3370028790796047,48.915450270042584,40.336869856747555,0.40214,0.9433618630978511,0.09653,49.903729632749645,21.426252977845426,2.8522134061462827,329.14717390055154,1.8964560442498608
1222,0.08745,2.380136006501418,6.480698820167502,0.08338,41.85669719871477,5.381152095812778,0.5696596698224912,6.930095347141026,16.874372457993278,4.7834405701417975,56.430931388833244,6.7151481099728265,16.518405495399957,6.745410870432795,2.0497861861548863,18.59337586550757,1.3370028790796047,48.915450270042584,40.336869856747555,0.40214,0.9433618630978511,0.09653,49.903729632749645,21.426252977845426,2.8522134061462827,329.14717390055154,1.8964560442498608
1223,0.08745,2.380136006501418,6.480698820167502,0.08338,41.85669719871477,5.381152095812778,0.5696596698224912,6.930095347141026,16.874372457993278,4.7834405701417975,56.430931388833244,6.7151481099728265,16.518405495399957,6.745410870432795,2.0497861861548863,18.59337586550757,1.3370028790796047,48.915450270042584,40.336869856747555,0.40214,0.9433618630978511,0.09653,49.903729632749645,21.426252977845426,2.8522134061462827,329.14717390055154,1.8964560442498608
1224,0.08745,2.380136006501418,6.480698820167502,0.08338,41.85669719871477,5.381152095812778,0.5696596698224912,6.930095347141026,16.874372457993278,4.7834405701417975,56.430931388833244,6.7151481099728265,16.518405495399957,6.745410870432795,2.0497861861548863,18.59337586550757,1.3370028790796047,48.915450270042584,40.336869856747555,0.40214,0.9433618630978511,0.09653,49.903729632749645,21.426252977845426,2.8522134061462827,329.14717390055154,1.8964560442498608
1225,0.08745,2.380136006501418,6.480698820167502,0.08338,41.85669719871477,5.381152095812778,0.5696596698224912,6.930095347141026,16.874372457993278,4.7834405701417975,56.430931388833244,6.7151481099728265,16.518405495399957,6.745410870432795,2.0497861861548863,18.59337586550757,1.3370028790796047,48.915450270042584,40.336869856747555,0.40214,0.9433618630978511,0.09653,49.903729632749645,21.426252977845426,2.8522134061462827,329.14717390055154,1.8964560442498608
1226,0.08745,2.380136006501418,6.480698820167502,0.08338,41.85669719871477,5.381152095812778,0.5696596698224912,6.930095347141026,16.874372457993278,4.7834405701417975,56.430931388833244,6.7151481099728265,16.518405495399957,6.745410870432795,2.0497861861548863,18.59337586550757,1.3370028790796047,48.915450270042584,40.336869856747555,0.40214,0.9433618630978511,0.09653,49.903729632749645,21.426252977845426,2.8522134061462827,329.14717390055154,1.8964560442498608
1227,0.08745,2.380136006501418,6.480698820167502,0.08338,41.85669719871477,5.381152095812778,0.5696596698224912,6.930095347141026,16.874372457993278,4.7834405701417975,56.430931388833244,6.7151481099728265,16.518405495399957,6.745410870432795,2.0497861861548863,18.59337586550757,1.3370028790796047,48.915450270042584,40.336869856747555,0.40214,0.9433618630978511,0.09653,49.903729632749645,21.426252977845426,2.8522134061462827,329.14717390055154,1.8964560442498608
1228,0.08745,2.380136006501418,6.480698820167502,0.08338,41.85669719871477,5.381152095812778,0.5696596698224912,6.930095347141026,16.874372457993278,4.7834405701417975,56.430931388833244,6.7151481099728265,16.518405495399957,6.745410870432795,2.0497861861548863,18.59337586550757,1.3370028790796047,48.915450270042584,40.336869856747555,0.40214,0.9433618630978511,0.09653,49.903729632749645,21.426252977845426,2.8522134061462827,329.14717390055154,1.8964560442498608
1229,0.08745,2.380136006501418,6.480698820167502,0.08338,41.85669719871477,5.381152095812778,0.5696596698224912,6.930095347141026,16.874372457993278,4.7834405701417975,56.430931388833244,6.7151481099728265,16.518405495399957,6.745410870432795,2.0497861861548863,18.59337586550757,1.3370028790796047,48.915450270042584,40.336869856747555,0.40214,0.9433618630978511,0.09653,49.903729632749645,21.426252977845426,2.8522134061462827,329.14717390055154,1.8964560442498608
1230,0.08745,2.380136006501418,6.480698820167502,0.08338,41.85669719871477,5.381152095812778,0.5696596698224912,6.930095347141026,16.874372457993278,4.7834405701417975,56.430931388833244,6.7151481099728265,16.518405495399957,6.745410870432795,2.0497861861548863,18.59337586550757,1.3370028790796047,48.915450270042584,40.336869856747555,0.40214,0.9433618630978511,0.09653,49.903729632749645,21.426252977845426,2.8522134061462827,329.14717390055154,1.8964560442498608
1231,0.08745,2.380136006501418,6.480698820167502,0.08338,41.85669719871477,5.381152095812778,0.5696596698224912,6.930095347141026,16.874372457993278,4.7834405701417975,56.430931388833244,6.7151481099728265,16.518405495399957,6.745410870432795,2.0497861861548863,18.59337586550757,1.3370028790796047,48.915450270042584,40.336869856747555,0.40214,0.9433618630978511,0.09653,49.903729632749645,21.426252977845426,2.8522134061462827,329.14717390055154,1.8964560442498608
1232,0.08745,2.380136006501418,6.480698820167502,0.08338,41.85669719871477,5.381152095812778,0.5696596698224912,6.930095347141026,16.874372457993278,4.7834405701417975,56.430931388833244,6.7151481099728265,16.518405495399957,6.745410870432795,2.0497861861548863,18.59337586550757,1.3370028790796047,48.915450270042584,40.336869856747555,0.40214,0.9433618630978511,0.09653,49.903729632749645,21.426252977845426,2.8522134061462827,329.14717390055154,1.8964560442498608
1233,0.08745,2.380136006501418,6.480698820167502,0.08338,41.85669719871477,5.381152095812778,0.5696596698224912,6.930095347141026,16.874372457993278,4.7834405701417975,56.430931388833244,6.7151481099728265,16.518405495399957,6.745410870432795,2.0497861861548863,18.59337586550757,1.3370028790796047,48.915450270042584,40.336869856747555,0.40214,0.9433618630978511,0.09653,49.903729632749645,21.426252977845426,2.8522134061462827,329.14717390055154,1.8964560442498608
1234,0.08745,2.380136006501418,6.480698820167502,0.08338,41.85669719871477,5.381152095812778,0.5696596698224912,6.930095347141026,16.874372457993278,4.7834405701417975,56.430931388833244,6.7151481099728265,16.518405495399957,6.745410870432795,2.0497861861548863,18.59337586550757,1.3370028790796047,48.915450270042584,40.336869856747555,0.40214,0.9433618630978511,0.09653,49.903729632749645,21.426252977845426,2.8522134061462827,329.14717390055154,1.8964560442498608
1235,0.08745,2.380136006501418,6.480698820167502,0.08338,41.85669719871477,5.381152095812778,0.5696596698224912,6.930095347141026,16.874372457993278,4.7834405701417975,56.430931388833244,6.7151481099728265,16.518405495399957,6.745410870432795,2.0497861861548863,18.59337586550757,1.3370028790796047,48.915450270042584,40.336869856747555,0.40214,0.9433618630978511,0.09653,49.903729632749645,21.426252977845426,2.8522134061462827,329.14717390055154,1.8964560442498608
1236,0.08745,2.380136006501418,6.480698820167502,0.08338,41.85669719871477,5.381152095812778,0.5696596698224912,6.930095347141026,16.874372457993278,4.7834405701417975,56.430931388833244,6.7151481099728265,16.518405495399957,6.745410870432795,2.0497861861548863,18.59337586550757,1.3370028790796047,48.915450270042584,40.336869856747555,0.40214,0.9433618630978511,0.09653,49.903729632749645,21.426252977845426,2.8522134061462827,329.14717390055154,1.8964560442498608
1237,0.08745,2.380136006501418,6.480698820167502,0.08338,41.85669719871477,5.381152095812778,0.5696596698224912,6.930095347141026,16.874372457993278,4.7834405701417975,56.430931388833244,6.7151481099728265,16.518405495399957,6.745410870432795,2.0497861861548863,18.59337586550757,1.3370028790796047,48.915450270042584,40.336869856747555,0.40214,0.9433618630978511,0.09653,49.903729632749645,21.426252977845426,2.8522134061462827,329.14717390055154,1.8964560442498608
1238,0.08745,2.380136006501418,6.480698820167502,0.08338,41.85669719871477,5.381152095812778,0.5696596698224912,6.930095347141026,16.874372457993278,4.7834405701417975,56.430931388833244,6.7151481099728265,16.518405495399957,6.745410870432795,2.0497861861548863,18.59337586550757,1.3370028790796047,48.915450270042584,40.336869856747555,0.40214,0.9433618630978511,0.09653,49.903729632749645,21.426252977845426,2.8522134061462827,329.14717390055154,1.8964560442498608
1239,0.08745,2.380136006501418,6.480698820167502,0.08338,41.85669719871477,5.381152095812778,0.5696596698224912,6.930095347141026,16.874372457993278,4.7834405701417975,56.430931388833244,6.7151481099728265,16.518405495399957,6.745410870432795,2.0497861861548863,18.59337586550757,1.3370028790796047,48.915450270042584,40.336869856747555,0.40214,0.9433618630978511,0.09653,49.903729632749645,21.426252977845426,2.8522134061462827,329.14717390055154,1.8964560442498608
1240,0.08745,2.380136006501418,6.480698820167502,0.08338,41.85669719871477,5.381152095812778,0.5696596698224912,6.930095347141026,16.874372457993278,4.7834405701417975,56.430931388833244,6.7151481099728265,16.518405495399957,6.745410870432795,2.0497861861548863,18.59337586550757,1.3370028790796047,48.915450270042584,40.336869856747555,0.40214,0.9433618630978511,0.09653,49.903729632749645,21.426252977845426,2.8522134061462827,329.14717390055154,1.8964560442498608
1241,0.08745,2.380136006501418,6.480698820167502,0.08338,41.85669719871477,5.381152095812778,0.5696596698224912,6.930095347141026,16.874372457993278,4.7834405701417975,56.430931388833244,6.7151481099728265,16.518405495399957,6.745410870432795,2.0497861861548863,18.59337586550757,1.3370028790796047,48.915450270042584,40.336869856747555,0.40214,0.9433618630978511,0.09653,49.903729632749645,21.426252977845426,2.8522134061462827,329.14717390055154,1.8964560442498608
1242,0.08745,2.380136006501418,6.480698820167502,0.08338,41.85669719871477,5.381152095812778,0.5696596698224912,6.930095347141026,16.874372457993278,4.7834405701417975,56.430931388833244,6.7151481099728265,16.518405495399957,6.745410870432795,2.0497861861548863,18.59337586550757,1.3370028790796047,48.915450270042584,40.336869856747555,0.40214,0.9433618630978511,0.09653,49.903729632749645,21.426252977845426,2.8522134061462827,329.14717390055154,1.8964560442498608
1243,0.08745,2.380136006501418,6.480698820167502,0.08338,41.85669719871477,5.381152095812778,0.5696596698224912,6.930095347141026,16.874372457993278,4.7834405701417975,56.430931388833244,6.7151481099728265,16.518405495399957,6.745410870432795,2.0497861861548863,18.59337586550757,1.3370028790796047,48.915450270042584,40.336869856747555,0.40214,0.9433618630978511,0.09653,49.903729632749645,21.426252977845426,2.8522134061462827,329.14717390055154,1.8964560442498608
1244,0.08745,2.380136006501418,6.480698820167502,0.08338,41.85669719871477,5.381152095812778,0.5696596698224912,6.930095347141026,16.874372457993278,4.7834405701417975,56.430931388833244,6.7151481099728265,16.518405495399957,6.745410870432795,2.0497861861548863,18.59337586550757,1.3370028790796047,48.915450270042584,40.336869856747555,0.40214,0.9433618630978511,0.09653,49.903729632749645,21.426252977845426,2.8522134061462827,329.14717390055154,1.8964560442498608
1245,0.08745,2.380136006501418,6.480698820167502,0.08338,41.85669719871477,5.381152095812778,0.5696596698224912,6.930095347141026,16.874372457993278,4.7834405701417975,56.430931388833244,6.7151481099728265,16.518405495399957,6.745410870432795,2.0497861861548863,18.59337586550757,1.3370028790796047,48.915450270042584,40.336869856747555,0.40214,0.9433618630978511,0.09653,49.903729632749645,21.426252977845426,2.8522134061462827,329.14717390055154,1.8964560442498608
1246,0.08745,2.380136006501418,6.480698820167502,0.08338,41.85669719871477,5.381152095812778,0.5696596698224912,6.930095347141026,16.874372457993278,4.7834405701417975,56.430931388833244,6.7151481099728265,16.518405495399957,6.745410870432795,2.0497861861548863,18.59337586550757,1.3370028790796047,48.915450270042584,40.336869856747555,0.40214,0.9433618630978511,0.09653,49.903729632749645,21.426252977845426,2.8522134061462827,329.14717390055154,1.8964560442498608
1247,0.08745,2.380136006501418,6.480698820167502,0.08338,41.85669719871477,5.381152095812778,0.5696596698224912,6.930095347141026,16.874372457993278,4.7834405701417975,56.430931388833244,6.7151481099728265,16.518405495399957,6.745410870432795,2.0497861861548863,18.59337586550757,1.3370028790796047,48.915450270042584,40.336869856747555,0.40214,0.9433618630978511,0.09653,49.903729632749645,21.426252977845426,2.8522134061462827,329.14717390055154,1.8964560442498608
1248,0.08745,2.380136006501418,6.480698820167502,0.08338,41.85669719871477,5.381152095812778,0.5696596698224912,6.930095347141026,16.874372457993278,4.7834405701417975,56.430931388833244,6.7151481099728265,16.518405495399957,6.745410870432795,2.0497861861548863,18.59337586550757,1.3370028790796047,48.915450270042584,40.336869856747555,0.40214,0.9433618630978511,0.09653,49.903729632749645,21.426252977845426,2.8522134061462827,329.14717390055154,1.8964560442498608
1249,0.08745,2.380136006501418,6.480698820167502,0.08338,41.85669719871477,5.381152095812778,0.5696596698224912,6.930095347141026,16.874372457993278,4.7834405701417975,56.430931388833244,6.7151481099728265,16.518405495399957,6.745410870432795,2.0497861861548863,18.59337586550757,1.3370028790796047,48.915450270042584,40.336869856747555,0.40214,0.9433618630978511,0.09653,49.903729632749645,21.426252977845426,2.8522134061462827,329.14717390055154,1.8964560442498608
1250,0.08745,2.380136006501418,6.480698820167502,0.08338,41.85669719871477,5.381152095812778,0.5696596698224912,6.930095347141026,16.874372457993278,4.7834405701417975,56.430931388833244,6.7151481099728265,16.518405495399957,6.745410870432795,2.0497861861548863,18.59337586550757,1.3370028790796047,48.915450270042584,40.336869856747555,0.40214,0.9433618630978511,0.09653,49.903729632749645,21.426252977845426,2.8522134061462827,329.14717390055154,1.8964560442498608
1251,0.08745,2.380136006501418,6.480698820167502,0.08338,41.85669719871477,5.381152095812778,0.5696596698224912,6.930095347141026,16.874372457993278,4.7834405701417975,56.430931388833244,6.7151481099728265,16.518405495399957,6.745410870432795,2.0497861861548863,18.59337586550757,1.3370028790796047,48.915450270042584,40.336869856747555,0.40214,0.9433618630978511,0.09653,49.903729632749645,21.426252977845426,2.8522134061462827,329.14717390055154,1.8964560442498608
1252,0.08745,2.380136006501418,6.480698820167502,0.08338,41.85669719871477,5.381152095812778,0.5696596698224912,6.930095347141026,16.874372457993278,4.7834405701417975,56.430931388833244,6.7151481099728265,16.518405495399957,6.745410870432795,2.0497861861548863,18.59337586550757,1.3370028790796047,48.915450270042584,40.336869856747555,0.40214,0.9433618630978511,0.09653,49.903729632749645,21.426252977845426,2.8522134061462827,329.14717390055154,1.8964560442498608
1253,0.08745,2.380136006501418,6.480698820167502,0.08338,41.85669719871477,5.381152095812778,0.5696596698224912,6.930095347141026,16.874372457993278,4.7834405701417975,56.430931388833244,6.7151481099728265,16.518405495399957,6.745410870432795,2.0497861861548863,18.59337586550757,1.3370028790796047,48.915450270042584,40.336869856747555,0.40214,0.9433618630978511,0.09653,49.903729632749645,21.426252977845426,2.8522134061462827,329.14717390055154,1.8964560442498608
1254,0.08745,2.380136006501418,6.480698820167502,0.08338,41.85669719871477,5.381152095812778,0.5696596698224912,6.930095347141026,16.874372457993278,4.7834405701417975,56.430931388833244,6.7151481099728265,16.518405495399957,6.745410870432795,2.0497861861548863,18.59337586550757,1.3370028790796047,48.915450270042584,40.336869856747555,0.40214,0.9433618630978511,0.09653,49.903729632749645,21.426252977845426,2.8522134061462827,329.14717390055154,1.8964560442498608
1255,0.08745,2.380136006501418,6.480698820167502,0.08338,41.85669719871477,5.381152095812778,0.5696596698224912,6.930095347141026,16.874372457993278,4.7834405701417975,56.430931388833244,6.7151481099728265,16.518405495399957,6.745410870432795,2.0497861861548863,18.59337586550757,1.3370028790796047,48.915450270042584,40.336869856747555,0.40214,0.9433618630978511,0.09653,49.903729632749645,21.426252977845426,2.8522134061462827,329.14717390055154,1.8964560442498608
1256,0.08745,2.380136006501418,6.480698820167502,0.08338,41.85669719871477,5.381152095812778,0.5696596698224912,6.930095347141026,16.874372457993278,4.7834405701417975,56.430931388833244,6.7151481099728265,16.518405495399957,6.745410870432795,2.0497861861548863,18.59337586550757,1.3370028790796047,48.915450270042584,40.336869856747555,0.40214,0.9433618630978511,0.09653,49.903729632749645,21.426252977845426,2.8522134061462827,329.14717390055154,1.8964560442498608
1257,0.08745,2.380136006501418,6.480698820167502,0.08338,41.85669719871477,5.381152095812778,0.5696596698224912,6.930095347141026,16.874372457993278,4.7834405701417975,56.430931388833244,6.7151481099728265,16.518405495399957,6.745410870432795,2.0497861861548863,18.59337586550757,1.3370028790796047,48.915450270042584,40.336869856747555,0.40214,0.9433618630978511,0.09653,49.903729632749645,21.426252977845426,2.8522134061462827,329.14717390055154,1.8964560442498608
1258,0.08745,2.380136006501418,6.480698820167502,0.08338,41.85669719871477,5.381152095812778,0.5696596698224912,6.930095347141026,16.874372457993278,4.7834405701417975,56.430931388833244,6.7151481099728265,16.518405495399957,6.745410870432795,2.0497861861548863,18.59337586550757,1.3370028790796047,48.915450270042584,40.336869856747555,0.40214,0.9433618630978511,0.09653,49.903729632749645,21.426252977845426,2.8522134061462827,329.14717390055154,1.8964560442498608
1259,0.08745,2.380136006501418,6.480698820167502,0.08338,41.85669719871477,5.381152095812778,0.5696596698224912,6.930095347141026,16.874372457993278,4.7834405701417975,56.430931388833244,6.7151481099728265,16.518405495399957,6.745410870432795,2.0497861861548863,18.59337586550757,1.3370028790796047,48.915450270042584,40.336869856747555,0.40214,0.9433618630978511,0.09653,49.903729632749645,21.426252977845426,2.8522134061462827,329.14717390055154,1.8964560442498608
1260,0.08745,2.380136006501418,6.480698820167502,0.08338,41.85669719871477,5.381152095812778,0.5696596698224912,6.930095347141026,16.874372457993278,4.7834405701417975,56.430931388833244,6.7151481099728265,16.518405495399957,6.745410870432795,2.0497861861548863,18.59337586550757,1.3370028790796047,48.915450270042584,40.336869856747555,0.40214,0.9433618630978511,0.09653,49.903729632749645,21.426252977845426,2.8522134061462827,329.14717390055154,1.8964560442498608
1261,0.08745,2.380136006501418,6.480698820167502,0.08338,41.85669719871477,5.381152095812778,0.5696596698224912,6.930095347141026,16.874372457993278,4.7834405701417975,56.430931388833244,6.7151481099728265,16.518405495399957,6.745410870432795,2.0497861861548863,18.59337586550757,1.3370028790796047,48.915450270042584,40.336869856747555,0.40214,0.9433618630978511,0.09653,49.903729632749645,21.426252977845426,2.8522134061462827,329.14717390055154,1.8964560442498608
1262,0.08745,2.380136006501418,6.480698820167502,0.08338,41.85669719871477,5.381152095812778,0.5696596698224912,6.930095347141026,16.874372457993278,4.7834405701417975,56.430931388833244,6.7151481099728265,16.518405495399957,6.745410870432795,2.0497861861548863,18.59337586550757,1.3370028790796047,48.915450270042584,40.336869856747555,0.40214,0.9433618630978511,0.09653,49.903729632749645,21.426252977845426,2.8522134061462827,329.14717390055154,1.8964560442498608
1263,0.08745,2.380136006501418,6.480698820167502,0.08338,41.85669719871477,5.381152095812778,0.5696596698224912,6.930095347141026,16.874372457993278,4.7834405701417975,56.430931388833244,6.7151481099728265,16.518405495399957,6.745410870432795,2.0497861861548863,18.59337586550757,1.3370028790796047,48.915450270042584,40.336869856747555,0.40214,0.9433618630978511,0.09653,49.903729632749645,21.426252977845426,2.8522134061462827,329.14717390055154,1.8964560442498608
1264,0.08745,2.380136006501418,6.480698820167502,0.08338,41.85669719871477,5.381152095812778,0.5696596698224912,6.930095347141026,16.874372457993278,4.7834405701417975,56.430931388833244,6.7151481099728265,16.518405495399957,6.745410870432795,2.0497861861548863,18.59337586550757,1.3370028790796047,48.915450270042584,40.336869856747555,0.40214,0.9433618630978511,0.09653,49.903729632749645,21.426252977845426,2.8522134061462827,329.14717390055154,1.8964560442498608
1265,0.08745,2.380136006501418,6.480698820167502,0.08338,41.85669719871477,5.381152095812778,0.5696596698224912,6.930095347141026,16.874372457993278,4.7834405701417975,56.430931388833244,6.7151481099728265,16.518405495399957,6.745410870432795,2.0497861861548863,18.59337586550757,1.3370028790796047,48.915450270042584,40.336869856747555,0.40214,0.9433618630978511,0.09653,49.903729632749645,21.426252977845426,2.8522134061462827,329.14717390055154,1.8964560442498608
1266,0.08745,2.380136006501418,6.480698820167502,0.08338,41.85669719871477,5.381152095812778,0.5696596698224912,6.930095347141026,16.874372457993278,4.7834405701417975,56.430931388833244,6.7151481099728265,16.518405495399957,6.745410870432795,2.0497861861548863,18.59337586550757,1.3370028790796047,48.915450270042584,40.336869856747555,0.40214,0.9433618630978511,0.09653,49.903729632749645,21.426252977845426,2.8522134061462827,329.14717390055154,1.8964560442498608
1267,0.08745,2.380136006501418,6.480698820167502,0.08338,41.85669719871477,5.381152095812778,0.5696596698224912,6.930095347141026,16.874372457993278,4.7834405701417975,56.430931388833244,6.7151481099728265,16.518405495399957,6.745410870432795,2.0497861861548863,18.59337586550757,1.3370028790796047,48.915450270042584,40.336869856747555,0.40214,0.9433618630978511,0.09653,49.903729632749645,21.426252977845426,2.8522134061462827,329.14717390055154,1.8964560442498608
1268,0.08745,2.380136006501418,6.480698820167502,0.08338,41.85669719871477,5.381152095812778,0.5696596698224912,6.930095347141026,16.874372457993278,4.7834405701417975,56.430931388833244,6.7151481099728265,16.518405495399957,6.745410870432795,2.0497861861548863,18.59337586550757,1.3370028790796047,48.915450270042584,40.336869856747555,0.40214,0.9433618630978511,0.09653,49.903729632749645,21.426252977845426,2.8522134061462827,329.14717390055154,1.8964560442498608
1269,0.08745,2.380136006501418,6.480698820167502,0.08338,41.85669719871477,5.381152095812778,0.5696596698224912,6.930095347141026,16.874372457993278,4.7834405701417975,56.430931388833244,6.7151481099728265,16.518405495399957,6.745410870432795,2.0497861861548863,18.59337586550757,1.3370028790796047,48.915450270042584,40.336869856747555,0.40214,0.9433618630978511,0.09653,49.903729632749645,21.426252977845426,2.8522134061462827,329.14717390055154,1.8964560442498608
1270,0.08745,2.380136006501418,6.480698820167502,0.08338,41.85669719871477,5.381152095812778,0.5696596698224912,6.930095347141026,16.874372457993278,4.7834405701417975,56.430931388833244,6.7151481099728265,16.518405495399957,6.745410870432795,2.0497861861548863,18.59337586550757,1.3370028790796047,48.915450270042584,40.336869856747555,0.40214,0.9433618630978511,0.09653,49.903729632749645,21.426252977845426,2.8522134061462827,329.14717390055154,1.8964560442498608
1271,0.08745,2.380136006501418,6.480698820167502,0.08338,41.85669719871477,5.381152095812778,0.5696596698224912,6.930095347141026,16.874372457993278,4.7834405701417975,56.430931388833244,6.7151481099728265,16.518405495399957,6.745410870432795,2.0497861861548863,18.59337586550757,1.3370028790796047,48.915450270042584,40.336869856747555,0.40214,0.9433618630978511,0.09653,49.903729632749645,21.426252977845426,2.8522134061462827,329.14717390055154,1.8964560442498608
1272,0.08745,2.380136006501418,6.480698820167502,0.08338,41.85669719871477,5.381152095812778,0.5696596698224912,6.930095347141026,16.874372457993278,4.7834405701417975,56.430931388833244,6.7151481099728265,16.518405495399957,6.745410870432795,2.0497861861548863,18.59337586550757,1.3370028790796047,48.915450270042584,40.336869856747555,0.40214,0.9433618630978511,0.09653,49.903729632749645,21.426252977845426,2.8522134061462827,329.14717390055154,1.8964560442498608
1273,0.08745,2.380136006501418,6.480698820167502,0.08338,41.85669719871477,5.381152095812778,0.5696596698224912,6.930095347141026,16.874372457993278,4.7834405701417975,56.430931388833244,6.7151481099728265,16.518405495399957,6.745410870432795,2.0497861861548863,18.59337586550757,1.3370028790796047,48.915450270042584,40.336869856747555,0.40214,0.9433618630978511,0.09653,49.903729632749645,21.426252977845426,2.8522134061462827,329.14717390055154,1.8964560442498608
1274,0.08745,2.380136006501418,6.480698820167502,0.08338,41.85669719871477,5.381152095812778,0.5696596698224912,6.930095347141026,16.874372457993278,4.7834405701417975,56.430931388833244,6.7151481099728265,16.518405495399957,6.745410870432795,2.0497861861548863,18.59337586550757,1.3370028790796047,48.915450270042584,40.336869856747555,0.40214,0.9433618630978511,0.09653,49.903729632749645,21.426252977845426,2.8522134061462827,329.14717390055154,1.8964560442498608
1275,0.08745,2.380136006501418,6.480698820167502,0.08338,41.85669719871477,5.381152095812778,0.5696596698224912,6.930095347141026,16.874372457993278,4.7834405701417975,56.430931388833244,6.7151481099728265,16.518405495399957,6.745410870432795,2.0497861861548863,18.59337586550757,1.3370028790796047,48.915450270042584,40.336869856747555,0.40214,0.9433618630978511,0.09653,49.903729632749645,21.426252977845426,2.8522134061462827,329.14717390055154,1.8964560442498608
1276,0.08745,2.380136006501418,6.480698820167502,0.08338,41.85669719871477,5.381152095812778,0.5696596698224912,6.930095347141026,16.874372457993278,4.7834405701417975,56.430931388833244,6.7151481099728265,16.518405495399957,6.745410870432795,2.0497861861548863,18.59337586550757,1.3370028790796047,48.915450270042584,40.336869856747555,0.40214,0.9433618630978511,0.09653,49.903729632749645,21.426252977845426,2.8522134061462827,329.14717390055154,1.8964560442498608
1277,0.08745,2.380136006501418,6.480698820167502,0.08338,41.85669719871477,5.381152095812778,0.5696596698224912,6.930095347141026,16.874372457993278,4.7834405701417975,56.430931388833244,6.7151481099728265,16.518405495399957,6.745410870432795,2.0497861861548863,18.59337586550757,1.3370028790796047,48.915450270042584,40.336869856747555,0.40214,0.9433618630978511,0.09653,49.903729632749645,21.426252977845426,2.8522134061462827,329.14717390055154,1.8964560442498608
1278,0.08745,2.380136006501418,6.480698820167502,0.08338,41.85669719871477,5.381152095812778,0.5696596698224912,6.930095347141026,16.874372457993278,4.7834405701417975,56.430931388833244,6.7151481099728265,16.518405495399957,6.745410870432795,2.0497861861548863,18.59337586550757,1.3370028790796047,48.915450270042584,40.336869856747555,0.40214,0.9433618630978511,0.09653,49.903729632749645,21.426252977845426,2.8522134061462827,329.14717390055154,1.8964560442498608
1279,0.08745,2.380136006501418,6.480698820167502,0.08338,41.85669719871477,5.381152095812778,0.5696596698224912,6.930095347141026,16.874372457993278,4.7834405701417975,56.430931388833244,6.7151481099728265,16.518405495399957,6.745410870432795,2.0497861861548863,18.59337586550757,1.3370028790796047,48.915450270042584,40.336869856747555,0.40214,0.9433618630978511,0.09653,49.903729632749645,21.426252977845426,2.8522134061462827,329.14717390055154,1.8964560442498608
1280,0.08745,2.380136006501418,6.480698820167502,0.08338,41.85669719871477,5.381152095812778,0.5696596698224912,6.930095347141026,16.874372457993278,4.7834405701417975,56.430931388833244,6.7151481099728265,16.518405495399957,6.745410870432795,2.0497861861548863,18.59337586550757,1.3370028790796047,48.915450270042584,40.336869856747555,0.40214,0.9433618630978511,0.09653,49.903729632749645,21.426252977845426,2.8522134061462827,329.14717390055154,1.8964560442498608
1281,0.08745,2.380136006501418,6.480698820167502,0.08338,41.85669719871477,5.381152095812778,0.5696596698224912,6.930095347141026,16.874372457993278,4.7834405701417975,56.430931388833244,6.7151481099728265,16.518405495399957,6.745410870432795,2.0497861861548863,18.59337586550757,1.3370028790796047,48.915450270042584,40.336869856747555,0.40214,0.9433618630978511,0.09653,49.903729632749645,21.426252977845426,2.8522134061462827,329.14717390055154,1.8964560442498608
1282,0.08745,2.380136006501418,6.480698820167502,0.08338,41.85669719871477,5.381152095812778,0.5696596698224912,6.930095347141026,16.874372457993278,4.7834405701417975,56.430931388833244,6.7151481099728265,16.518405495399957,6.745410870432795,2.0497861861548863,18.59337586550757,1.3370028790796047,48.915450270042584,40.336869856747555,0.40214,0.9433618630978511,0.09653,49.903729632749645,21.426252977845426,2.8522134061462827,329.14717390055154,1.8964560442498608
1283,0.08745,2.380136006501418,6.480698820167502,0.08338,41.85669719871477,5.381152095812778,0.5696596698224912,6.930095347141026,16.874372457993278,4.7834405701417975,56.430931388833244,6.7151481099728265,16.518405495399957,6.745410870432795,2.0497861861548863,18.59337586550757,1.3370028790796047,48.915450270042584,40.336869856747555,0.40214,0.9433618630978511,0.09653,49.903729632749645,21.426252977845426,2.8522134061462827,329.14717390055154,1.8964560442498608
1284,0.08745,2.380136006501418,6.480698820167502,0.08338,41.85669719871477,5.381152095812778,0.5696596698224912,6.930095347141026,16.874372457993278,4.7834405701417975,56.430931388833244,6.7151481099728265,16.518405495399957,6.745410870432795,2.0497861861548863,18.59337586550757,1.3370028790796047,48.915450270042584,40.336869856747555,0.40214,0.9433618630978511,0.09653,49.903729632749645,21.426252977845426,2.8522134061462827,329.14717390055154,1.8964560442498608
1285,0.08745,2.380136006501418,6.480698820167502,0.08338,41.85669719871477,5.381152095812778,0.5696596698224912,6.930095347141026,16.874372457993278,4.7834405701417975,56.430931388833244,6.7151481099728265,16.518405495399957,6.745410870432795,2.0497861861548863,18.59337586550757,1.3370028790796047,48.915450270042584,40.336869856747555,0.40214,0.9433618630978511,0.09653,49.903729632749645,21.426252977845426,2.8522134061462827,329.14717390055154,1.8964560442498608
1286,0.08745,2.380136006501418,6.480698820167502,0.08338,41.85669719871477,5.381152095812778,0.5696596698224912,6.930095347141026,16.874372457993278,4.7834405701417975,56.430931388833244,6.7151481099728265,16.518405495399957,6.745410870432795,2.0497861861548863,18.59337586550757,1.3370028790796047,48.915450270042584,40.336869856747555,0.40214,0.9433618630978511,0.09653,49.903729632749645,21.426252977845426,2.8522134061462827,329.14717390055154,1.8964560442498608
1287,0.08745,2.380136006501418,6.480698820167502,0.08338,41.85669719871477,5.381152095812778,0.5696596698224912,6.930095347141026,16.874372457993278,4.7834405701417975,56.430931388833244,6.7151481099728265,16.518405495399957,6.745410870432795,2.0497861861548863,18.59337586550757,1.3370028790796047,48.915450270042584,40.336869856747555,0.40214,0.9433618630978511,0.09653,49.903729632749645,21.426252977845426,2.8522134061462827,329.14717390055154,1.8964560442498608
1288,0.08745,2.380136006501418,6.480698820167502,0.08338,41.85669719871477,5.381152095812778,0.5696596698224912,6.930095347141026,16.874372457993278,4.7834405701417975,56.430931388833244,6.7151481099728265,16.518405495399957,6.745410870432795,2.0497861861548863,18.59337586550757,1.3370028790796047,48.915450270042584,40.336869856747555,0.40214,0.9433618630978511,0.09653,49.903729632749645,21.426252977845426,2.8522134061462827,329.14717390055154,1.8964560442498608
1289,0.08745,2.380136006501418,6.480698820167502,0.08338,41.85669719871477,5.381152095812778,0.5696596698224912,6.930095347141026,16.874372457993278,4.7834405701417975,56.430931388833244,6.7151481099728265,16.518405495399957,6.745410870432795,2.0497861861548863,18.59337586550757,1.3370028790796047,48.915450270042584,40.336869856747555,0.40214,0.9433618630978511,0.09653,49.903729632749645,21.426252977845426,2.8522134061462827,329.14717390055154,1.8964560442498608
1290,0.08745,2.380136006501418,6.480698820167502,0.08338,41.85669719871477,5.381152095812778,0.5696596698224912,6.930095347141026,16.874372457993278,4.7834405701417975,56.430931388833244,6.7151481099728265,16.518405495399957,6.745410870432795,2.0497861861548863,18.59337586550757,1.3370028790796047,48.915450270042584,40.336869856747555,0.40214,0.9433618630978511,0.09653,49.903729632749645,21.426252977845426,2.8522134061462827,329.14717390055154,1.8964560442498608
1291,0.08745,2.380136006501418,6.480698820167502,0.08338,41.85669719871477,5.381152095812778,0.5696596698224912,6.930095347141026,16.874372457993278,4.7834405701417975,56.430931388833244,6.7151481099728265,16.518405495399957,6.745410870432795,2.0497861861548863,18.59337586550757,1.3370028790796047,48.915450270042584,40.336869856747555,0.40214,0.9433618630978511,0.09653,49.903729632749645,21.426252977845426,2.8522134061462827,329.14717390055154,1.8964560442498608
1292,0.08745,2.380136006501418,6.480698820167502,0.08338,41.85669719871477,5.381152095812778,0.5696596698224912,6.930095347141026,16.874372457993278,4.7834405701417975,56.430931388833244,6.7151481099728265,16.518405495399957,6.745410870432795,2.0497861861548863,18.59337586550757,1.3370028790796047,48.915450270042584,40.336869856747555,0.40214,0.9433618630978511,0.09653,49.903729632749645,21.426252977845426,2.8522134061462827,329.14717390055154,1.8964560442498608
1293,0.08745,2.380136006501418,6.480698820167502,0.08338,41.85669719871477,5.381152095812778,0.5696596698224912,6.930095347141026,16.874372457993278,4.7834405701417975,56.430931388833244,6.7151481099728265,16.518405495399957,6.745410870432795,2.0497861861548863,18.59337586550757,1.3370028790796047,48.915450270042584,40.336869856747555,0.40214,0.9433618630978511,0.09653,49.903729632749645,21.426252977845426,2.8522134061462827,329.14717390055154,1.8964560442498608
1294,0.08745,2.380136006501418,6.480698820167502,0.08338,41.85669719871477,5.381152095812778,0.5696596698224912,6.930095347141026,16.874372457993278,4.7834405701417975,56.430931388833244,6.7151481099728265,16.518405495399957,6.745410870432795,2.0497861861548863,18.59337586550757,1.3370028790796047,48.915450270042584,40.336869856747555,0.40214,0.9433618630978511,0.09653,49.903729632749645,21.426252977845426,2.8522134061462827,329.14717390055154,1.8964560442498608
1295,0.08745,2.380136006501418,6.480698820167502,0.08338,41.85669719871477,5.381152095812778,0.5696596698224912,6.930095347141026,16.874372457993278,4.7834405701417975,56.430931388833244,6.7151481099728265,16.518405495399957,6.745410870432795,2.0497861861548863,18.59337586550757,1.3370028790796047,48.915450270042584,40.336869856747555,0.40214,0.9433618630978511,0.09653,49.903729632749645,21.426252977845426,2.8522134061462827,329.14717390055154,1.8964560442498608
1296,0.08745,2.380136006501418,6.480698820167502,0.08338,41.85669719871477,5.381152095812778,0.5696596698224912,6.930095347141026,16.874372457993278,4.7834405701417975,56.430931388833244,6.7151481099728265,16.518405495399957,6.745410870432795,2.0497861861548863,18.59337586550757,1.3370028790796047,48.915450270042584,40.336869856747555,0.40214,0.9433618630978511,0.09653,49.903729632749645,21.426252977845426,2.8522134061462827,329.14717390055154,1.8964560442498608
1297,0.08745,2.380136006501418,6.480698820167502,0.08338,41.85669719871477,5.381152095812778,0.5696596698224912,6.930095347141026,16.874372457993278,4.7834405701417975,56.430931388833244,6.7151481099728265,16.518405495399957,6.745410870432795,2.0497861861548863,18.59337586550757,1.3370028790796047,48.915450270042584,40.336869856747555,0.40214,0.9433618630978511,0.09653,49.903729632749645,21.426252977845426,2.8522134061462827,329.14717390055154,1.8964560442498608
1298,0.08745,2.380136006501418,6.480698820167502,0.08338,41.85669719871477,5.381152095812778,0.5696596698224912,6.930095347141026,16.874372457993278,4.7834405701417975,56.430931388833244,6.7151481099728265,16.518405495399957,6.745410870432795,2.0497861861548863,18.59337586550757,1.3370028790796047,48.915450270042584,40.336869856747555,0.40214,0.9433618630978511,0.09653,49.903729632749645,21.426252977845426,2.8522134061462827,329.14717390055154,1.8964560442498608
1299,0.08745,2.380136006501418,6.480698820167502,0.08338,41.85669719871477,5.381152095812778,0.5696596698224912,6.930095347141026,16.874372457993278,4.7834405701417975,56.430931388833244,6.7151481099728265,16.518405495399957,6.745410870432795,2.0497861861548863,18.59337586550757,1.3370028790796047,48.915450270042584,40.336869856747555,0.40214,0.9433618630978511,0.09653,49.903729632749645,21.426252977845426,2.8522134061462827,329.14717390055154,1.8964560442498608
1300,0.08745,2.380136006501418,6.480698820167502,0.08338,41.85669719871477,5.381152095812778,0.5696596698224912,6.930095347141026,16.874372457993278,4.7834405701417975,56.430931388833244,6.7151481099728265,16.518405495399957,6.745410870432795,2.0497861861548863,18.59337586550757,1.3370028790796047,48.915450270042584,40.336869856747555,0.40214,0.9433618630978511,0.09653,49.903729632749645,21.426252977845426,2.8522134061462827,329.14717390055154,1.8964560442498608
1301,0.08745,2.380136006501418,6.480698820167502,0.08338,41.85669719871477,5.381152095812778,0.5696596698224912,6.930095347141026,16.874372457993278,4.7834405701417975,56.430931388833244,6.7151481099728265,16.518405495399957,6.745410870432795,2.0497861861548863,18.59337586550757,1.3370028790796047,48.915450270042584,40.336869856747555,0.40214,0.9433618630978511,0.09653,49.903729632749645,21.426252977845426,2.8522134061462827,329.14717390055154,1.8964560442498608
1302,0.08745,2.380136006501418,6.480698820167502,0.08338,41.85669719871477,5.381152095812778,0.5696596698224912,6.930095347141026,16.874372457993278,4.7834405701417975,56.430931388833244,6.7151481099728265,16.518405495399957,6.745410870432795,2.0497861861548863,18.59337586550757,1.3370028790796047,48.915450270042584,40.336869856747555,0.40214,0.9433618630978511,0.09653,49.903729632749645,21.426252977845426,2.8522134061462827,329.14717390055154,1.8964560442498608
1303,0.08745,2.380136006501418,6.480698820167502,0.08338,41.85669719871477,5.381152095812778,0.5696596698224912,6.930095347141026,16.874372457993278,4.7834405701417975,56.430931388833244,6.7151481099728265,16.518405495399957,6.745410870432795,2.0497861861548863,18.59337586550757,1.3370028790796047,48.915450270042584,40.336869856747555,0.40214,0.9433618630978511,0.09653,49.903729632749645,21.426252977845426,2.8522134061462827,329.14717390055154,1.8964560442498608
1304,0.08745,2.380136006501418,6.480698820167502,0.08338,41.85669719871477,5.381152095812778,0.5696596698224912,6.930095347141026,16.874372457993278,4.7834405701417975,56.430931388833244,6.7151481099728265,16.518405495399957,6.745410870432795,2.0497861861548863,18.59337586550757,1.3370028790796047,48.915450270042584,40.336869856747555,0.40214,0.9433618630978511,0.09653,49.903729632749645,21.426252977845426,2.8522134061462827,329.14717390055154,1.8964560442498608
1305,0.08745,2.380136006501418,6.480698820167502,0.08338,41.85669719871477,5.381152095812778,0.5696596698224912,6.930095347141026,16.874372457993278,4.7834405701417975,56.430931388833244,6.7151481099728265,16.518405495399957,6.745410870432795,2.0497861861548863,18.59337586550757,1.3370028790796047,48.915450270042584,40.336869856747555,0.40214,0.9433618630978511,0.09653,49.903729632749645,21.426252977845426,2.8522134061462827,329.14717390055154,1.8964560442498608
1306,0.08745,2.380136006501418,6.480698820167502,0.08338,41.85669719871477,5.381152095812778,0.5696596698224912,6.930095347141026,16.874372457993278,4.7834405701417975,56.430931388833244,6.7151481099728265,16.518405495399957,6.745410870432795,2.0497861861548863,18.59337586550757,1.3370028790796047,48.915450270042584,40.336869856747555,0.40214,0.9433618630978511,0.09653,49.903729632749645,21.426252977845426,2.8522134061462827,329.14717390055154,1.8964560442498608
1307,0.08745,2.380136006501418,6.480698820167502,0.08338,41.85669719871477,5.381152095812778,0.5696596698224912,6.930095347141026,16.874372457993278,4.7834405701417975,56.430931388833244,6.7151481099728265,16.518405495399957,6.745410870432795,2.0497861861548863,18.59337586550757,1.3370028790796047,48.915450270042584,40.336869856747555,0.40214,0.9433618630978511,0.09653,49.903729632749645,21.426252977845426,2.8522134061462827,329.14717390055154,1.8964560442498608
1308,0.08745,2.380136006501418,6.480698820167502,0.08338,41.85669719871477,5.381152095812778,0.5696596698224912,6.930095347141026,16.874372457993278,4.7834405701417975,56.430931388833244,6.7151481099728265,16.518405495399957,6.745410870432795,2.0497861861548863,18.59337586550757,1.3370028790796047,48.915450270042584,40.336869856747555,0.40214,0.9433618630978511,0.09653,49.903729632749645,21.426252977845426,2.8522134061462827,329.14717390055154,1.8964560442498608
1309,0.08745,2.380136006501418,6.480698820167502,0.08338,41.85669719871477,5.381152095812778,0.5696596698224912,6.930095347141026,16.874372457993278,4.7834405701417975,56.430931388833244,6.7151481099728265,16.518405495399957,6.745410870432795,2.0497861861548863,18.59337586550757,1.3370028790796047,48.915450270042584,40.336869856747555,0.40214,0.9433618630978511,0.09653,49.903729632749645,21.426252977845426,2.8522134061462827,329.14717390055154,1.8964560442498608
1310,0.08745,2.380136006501418,6.480698820167502,0.08338,41.85669719871477,5.381152095812778,0.5696596698224912,6.930095347141026,16.874372457993278,4.7834405701417975,56.430931388833244,6.7151481099728265,16.518405495399957,6.745410870432795,2.0497861861548863,18.59337586550757,1.3370028790796047,48.915450270042584,40.336869856747555,0.40214,0.9433618630978511,0.09653,49.903729632749645,21.426252977845426,2.8522134061462827,329.14717390055154,1.8964560442498608
1311,0.08745,2.380136006501418,6.480698820167502,0.08338,41.85669719871477,5.381152095812778,0.5696596698224912,6.930095347141026,16.874372457993278,4.7834405701417975,56.430931388833244,6.7151481099728265,16.518405495399957,6.745410870432795,2.0497861861548863,18.59337586550757,1.3370028790796047,48.915450270042584,40.336869856747555,0.40214,0.9433618630978511,0.09653,49.903729632749645,21.426252977845426,2.8522134061462827,329.14717390055154,1.8964560442498608
1312,0.08745,2.380136006501418,6.480698820167502,0.08338,41.85669719871477,5.381152095812778,0.5696596698224912,6.930095347141026,16.874372457993278,4.7834405701417975,56.430931388833244,6.7151481099728265,16.518405495399957,6.745410870432795,2.0497861861548863,18.59337586550757,1.3370028790796047,48.915450270042584,40.336869856747555,0.40214,0.9433618630978511,0.09653,49.903729632749645,21.426252977845426,2.8522134061462827,329.14717390055154,1.8964560442498608
1313,0.08745,2.380136006501418,6.480698820167502,0.08338,41.85669719871477,5.381152095812778,0.5696596698224912,6.930095347141026,16.874372457993278,4.7834405701417975,56.430931388833244,6.7151481099728265,16.518405495399957,6.745410870432795,2.0497861861548863,18.59337586550757,1.3370028790796047,48.915450270042584,40.336869856747555,0.40214,0.9433618630978511,0.09653,49.903729632749645,21.426252977845426,2.8522134061462827,329.14717390055154,1.8964560442498608
1314,0.08745,2.380136006501418,6.480698820167502,0.08338,41.85669719871477,5.381152095812778,0.5696596698224912,6.930095347141026,16.874372457993278,4.7834405701417975,56.430931388833244,6.7151481099728265,16.518405495399957,6.745410870432795,2.0497861861548863,18.59337586550757,1.3370028790796047,48.915450270042584,40.336869856747555,0.40214,0.9433618630978511,0.09653,49.903729632749645,21.426252977845426,2.8522134061462827,329.14717390055154,1.8964560442498608
1315,0.08745,2.380136006501418,6.480698820167502,0.08338,41.85669719871477,5.381152095812778,0.5696596698224912,6.930095347141026,16.874372457993278,4.7834405701417975,56.430931388833244,6.7151481099728265,16.518405495399957,6.745410870432795,2.0497861861548863,18.59337586550757,1.3370028790796047,48.915450270042584,40.336869856747555,0.40214,0.9433618630978511,0.09653,49.903729632749645,21.426252977845426,2.8522134061462827,329.14717390055154,1.8964560442498608
1316,0.08745,2.380136006501418,6.480698820167502,0.08338,41.85669719871477,5.381152095812778,0.5696596698224912,6.930095347141026,16.874372457993278,4.7834405701417975,56.430931388833244,6.7151481099728265,16.518405495399957,6.745410870432795,2.0497861861548863,18.59337586550757,1.3370028790796047,48.915450270042584,40.336869856747555,0.40214,0.9433618630978511,0.09653,49.903729632749645,21.426252977845426,2.8522134061462827,329.14717390055154,1.8964560442498608
1317,0.08745,2.380136006501418,6.480698820167502,0.08338,41.85669719871477,5.381152095812778,0.5696596698224912,6.930095347141026,16.874372457993278,4.7834405701417975,56.430931388833244,6.7151481099728265,16.518405495399957,6.745410870432795,2.0497861861548863,18.59337586550757,1.3370028790796047,48.915450270042584,40.336869856747555,0.40214,0.9433618630978511,0.09653,49.903729632749645,21.426252977845426,2.8522134061462827,329.14717390055154,1.8964560442498608
1318,0.08745,2.380136006501418,6.480698820167502,0.08338,41.85669719871477,5.381152095812778,0.5696596698224912,6.930095347141026,16.874372457993278,4.7834405701417975,56.430931388833244,6.7151481099728265,16.518405495399957,6.745410870432795,2.0497861861548863,18.59337586550757,1.3370028790796047,48.915450270042584,40.336869856747555,0.40214,0.9433618630978511,0.09653,49.903729632749645,21.426252977845426,2.8522134061462827,329.14717390055154,1.8964560442498608
1319,0.08745,2.380136006501418,6.480698820167502,0.08338,41.85669719871477,5.381152095812778,0.5696596698224912,6.930095347141026,16.874372457993278,4.7834405701417975,56.430931388833244,6.7151481099728265,16.518405495399957,6.745410870432795,2.0497861861548863,18.59337586550757,1.3370028790796047,48.915450270042584,40.336869856747555,0.40214,0.9433618630978511,0.09653,49.903729632749645,21.426252977845426,2.8522134061462827,329.14717390055154,1.8964560442498608
1320,0.08745,2.380136006501418,6.480698820167502,0.08338,41.85669719871477,5.381152095812778,0.5696596698224912,6.930095347141026,16.874372457993278,4.7834405701417975,56.430931388833244,6.7151481099728265,16.518405495399957,6.745410870432795,2.0497861861548863,18.59337586550757,1.3370028790796047,48.915450270042584,40.336869856747555,0.40214,0.9433618630978511,0.09653,49.903729632749645,21.426252977845426,2.8522134061462827,329.14717390055154,1.8964560442498608
1321,0.08745,2.380136006501418,6.480698820167502,0.08338,41.85669719871477,5.381152095812778,0.5696596698224912,6.930095347141026,16.874372457993278,4.7834405701417975,56.430931388833244,6.7151481099728265,16.518405495399957,6.745410870432795,2.0497861861548863,18.59337586550757,1.3370028790796047,48.915450270042584,40.336869856747555,0.40214,0.9433618630978511,0.09653,49.903729632749645,21.426252977845426,2.8522134061462827,329.14717390055154,1.8964560442498608
1322,0.08745,2.380136006501418,6.480698820167502,0.08338,41.85669719871477,5.381152095812778,0.5696596698224912,6.930095347141026,16.874372457993278,4.7834405701417975,56.430931388833244,6.7151481099728265,16.518405495399957,6.745410870432795,2.0497861861548863,18.59337586550757,1.3370028790796047,48.915450270042584,40.336869856747555,0.40214,0.9433618630978511,0.09653,49.903729632749645,21.426252977845426,2.8522134061462827,329.14717390055154,1.8964560442498608
1323,0.08745,2.380136006501418,6.480698820167502,0.08338,41.85669719871477,5.381152095812778,0.5696596698224912,6.930095347141026,16.874372457993278,4.7834405701417975,56.430931388833244,6.7151481099728265,16.518405495399957,6.745410870432795,2.0497861861548863,18.59337586550757,1.3370028790796047,48.915450270042584,40.336869856747555,0.40214,0.9433618630978511,0.09653,49.903729632749645,21.426252977845426,2.8522134061462827,329.14717390055154,1.8964560442498608
1324,0.08745,2.380136006501418,6.480698820167502,0.08338,41.85669719871477,5.381152095812778,0.5696596698224912,6.930095347141026,16.874372457993278,4.7834405701417975,56.430931388833244,6.7151481099728265,16.518405495399957,6.745410870432795,2.0497861861548863,18.59337586550757,1.3370028790796047,48.915450270042584,40.336869856747555,0.40214,0.9433618630978511,0.09653,49.903729632749645,21.426252977845426,2.8522134061462827,329.14717390055154,1.8964560442498608
1325,0.08745,2.380136006501418,6.480698820167502,0.08338,41.85669719871477,5.381152095812778,0.5696596698224912,6.930095347141026,16.874372457993278,4.7834405701417975,56.430931388833244,6.7151481099728265,16.518405495399957,6.745410870432795,2.0497861861548863,18.59337586550757,1.3370028790796047,48.915450270042584,40.336869856747555,0.40214,0.9433618630978511,0.09653,49.903729632749645,21.426252977845426,2.8522134061462827,329.14717390055154,1.8964560442498608
1326,0.08745,2.380136006501418,6.480698820167502,0.08338,41.85669719871477,5.381152095812778,0.5696596698224912,6.930095347141026,16.874372457993278,4.7834405701417975,56.430931388833244,6.7151481099728265,16.518405495399957,6.745410870432795,2.0497861861548863,18.59337586550757,1.3370028790796047,48.915450270042584,40.336869856747555,0.40214,0.9433618630978511,0.09653,49.903729632749645,21.426252977845426,2.8522134061462827,329.14717390055154,1.8964560442498608
1327,0.08745,2.380136006501418,6.480698820167502,0.08338,41.85669719871477,5.381152095812778,0.5696596698224912,6.930095347141026,16.874372457993278,4.7834405701417975,56.430931388833244,6.7151481099728265,16.518405495399957,6.745410870432795,2.0497861861548863,18.59337586550757,1.3370028790796047,48.915450270042584,40.336869856747555,0.40214,0.9433618630978511,0.09653,49.903729632749645,21.426252977845426,2.8522134061462827,329.14717390055154,1.8964560442498608
1328,0.08745,2.380136006501418,6.480698820167502,0.08338,41.85669719871477,5.381152095812778,0.5696596698224912,6.930095347141026,16.874372457993278,4.7834405701417975,56.430931388833244,6.7151481099728265,16.518405495399957,6.745410870432795,2.0497861861548863,18.59337586550757,1.3370028790796047,48.915450270042584,40.336869856747555,0.40214,0.9433618630978511,0.09653,49.903729632749645,21.426252977845426,2.8522134061462827,329.14717390055154,1.8964560442498608
1329,0.08745,2.380136006501418,6.480698820167502,0.08338,41.85669719871477,5.381152095812778,0.5696596698224912,6.930095347141026,16.874372457993278,4.7834405701417975,56.430931388833244,6.7151481099728265,16.518405495399957,6.745410870432795,2.0497861861548863,18.59337586550757,1.3370028790796047,48.915450270042584,40.336869856747555,0.40214,0.9433618630978511,0.09653,49.903729632749645,21.426252977845426,2.8522134061462827,329.14717390055154,1.8964560442498608
1330,0.08745,2.380136006501418,6.480698820167502,0.08338,41.85669719871477,5.381152095812778,0.5696596698224912,6.930095347141026,16.874372457993278,4.7834405701417975,56.430931388833244,6.7151481099728265,16.518405495399957,6.745410870432795,2.0497861861548863,18.59337586550757,1.3370028790796047,48.915450270042584,40.336869856747555,0.40214,0.9433618630978511,0.09653,49.903729632749645,21.426252977845426,2.8522134061462827,329.14717390055154,1.8964560442498608
1331,0.08745,2.380136006501418,6.480698820167502,0.08338,41.85669719871477,5.381152095812778,0.5696596698224912,6.930095347141026,16.874372457993278,4.7834405701417975,56.430931388833244,6.7151481099728265,16.518405495399957,6.745410870432795,2.0497861861548863,18.59337586550757,1.3370028790796047,48.915450270042584,40.336869856747555,0.40214,0.9433618630978511,0.09653,49.903729632749645,21.426252977845426,2.8522134061462827,329.14717390055154,1.8964560442498608
1332,0.08745,2.380136006501418,6.480698820167502,0.08338,41.85669719871477,5.381152095812778,0.5696596698224912,6.930095347141026,16.874372457993278,4.7834405701417975,56.430931388833244,6.7151481099728265,16.518405495399957,6.745410870432795,2.0497861861548863,18.59337586550757,1.3370028790796047,48.915450270042584,40.336869856747555,0.40214,0.9433618630978511,0.09653,49.903729632749645,21.426252977845426,2.8522134061462827,329.14717390055154,1.8964560442498608
1333,0.08745,2.380136006501418,6.480698820167502,0.08338,41.85669719871477,5.381152095812778,0.5696596698224912,6.930095347141026,16.874372457993278,4.7834405701417975,56.430931388833244,6.7151481099728265,16.518405495399957,6.745410870432795,2.0497861861548863,18.59337586550757,1.3370028790796047,48.915450270042584,40.336869856747555,0.40214,0.9433618630978511,0.09653,49.903729632749645,21.426252977845426,2.8522134061462827,329.14717390055154,1.8964560442498608
1334,0.08745,2.380136006501418,6.480698820167502,0.08338,41.85669719871477,5.381152095812778,0.5696596698224912,6.930095347141026,16.874372457993278,4.7834405701417975,56.430931388833244,6.7151481099728265,16.518405495399957,6.745410870432795,2.0497861861548863,18.59337586550757,1.3370028790796047,48.915450270042584,40.336869856747555,0.40214,0.9433618630978511,0.09653,49.903729632749645,21.426252977845426,2.8522134061462827,329.14717390055154,1.8964560442498608
1335,0.08745,2.380136006501418,6.480698820167502,0.08338,41.85669719871477,5.381152095812778,0.5696596698224912,6.930095347141026,16.874372457993278,4.7834405701417975,56.430931388833244,6.7151481099728265,16.518405495399957,6.745410870432795,2.0497861861548863,18.59337586550757,1.3370028790796047,48.915450270042584,40.336869856747555,0.40214,0.9433618630978511,0.09653,49.903729632749645,21.426252977845426,2.8522134061462827,329.14717390055154,1.8964560442498608
1336,0.08745,2.380136006501418,6.480698820167502,0.08338,41.85669719871477,5.381152095812778,0.5696596698224912,6.930095347141026,16.874372457993278,4.7834405701417975,56.430931388833244,6.7151481099728265,16.518405495399957,6.745410870432795,2.0497861861548863,18.59337586550757,1.3370028790796047,48.915450270042584,40.336869856747555,0.40214,0.9433618630978511,0.09653,49.903729632749645,21.426252977845426,2.8522134061462827,329.14717390055154,1.8964560442498608
1337,0.08745,2.380136006501418,6.480698820167502,0.08338,41.85669719871477,5.381152095812778,0.5696596698224912,6.930095347141026,16.874372457993278,4.7834405701417975,56.430931388833244,6.7151481099728265,16.518405495399957,6.745410870432795,2.0497861861548863,18.59337586550757,1.3370028790796047,48.915450270042584,40.336869856747555,0.40214,0.9433618630978511,0.09653,49.903729632749645,21.426252977845426,2.8522134061462827,329.14717390055154,1.8964560442498608
1338,0.08745,2.380136006501418,6.480698820167502,0.08338,41.85669719871477,5.381152095812778,0.5696596698224912,6.930095347141026,16.874372457993278,4.7834405701417975,56.430931388833244,6.7151481099728265,16.518405495399957,6.745410870432795,2.0497861861548863,18.59337586550757,1.3370028790796047,48.915450270042584,40.336869856747555,0.40214,0.9433618630978511,0.09653,49.903729632749645,21.426252977845426,2.8522134061462827,329.14717390055154,1.8964560442498608
1339,0.08745,2.380136006501418,6.480698820167502,0.08338,41.85669719871477,5.381152095812778,0.5696596698224912,6.930095347141026,16.874372457993278,4.7834405701417975,56.430931388833244,6.7151481099728265,16.518405495399957,6.745410870432795,2.0497861861548863,18.59337586550757,1.3370028790796047,48.915450270042584,40.336869856747555,0.40214,0.9433618630978511,0.09653,49.903729632749645,21.426252977845426,2.8522134061462827,329.14717390055154,1.8964560442498608
1340,0.08745,2.380136006501418,6.480698820167502,0.08338,41.85669719871477,5.381152095812778,0.5696596698224912,6.930095347141026,16.874372457993278,4.7834405701417975,56.430931388833244,6.7151481099728265,16.518405495399957,6.745410870432795,2.0497861861548863,18.59337586550757,1.3370028790796047,48.915450270042584,40.336869856747555,0.40214,0.9433618630978511,0.09653,49.903729632749645,21.426252977845426,2.8522134061462827,329.14717390055154,1.8964560442498608
1341,0.08745,2.380136006501418,6.480698820167502,0.08338,41.85669719871477,5.381152095812778,0.5696596698224912,6.930095347141026,16.874372457993278,4.7834405701417975,56.430931388833244,6.7151481099728265,16.518405495399957,6.745410870432795,2.0497861861548863,18.59337586550757,1.3370028790796047,48.915450270042584,40.336869856747555,0.40214,0.9433618630978511,0.09653,49.903729632749645,21.426252977845426,2.8522134061462827,329.14717390055154,1.8964560442498608
1342,0.08745,2.380136006501418,6.480698820167502,0.08338,41.85669719871477,5.381152095812778,0.5696596698224912,6.930095347141026,16.874372457993278,4.7834405701417975,56.430931388833244,6.7151481099728265,16.518405495399957,6.745410870432795,2.0497861861548863,18.59337586550757,1.3370028790796047,48.915450270042584,40.336869856747555,0.40214,0.9433618630978511,0.09653,49.903729632749645,21.426252977845426,2.8522134061462827,329.14717390055154,1.8964560442498608
1343,0.08745,2.380136006501418,6.480698820167502,0.08338,41.85669719871477,5.381152095812778,0.5696596698224912,6.930095347141026,16.874372457993278,4.7834405701417975,56.430931388833244,6.7151481099728265,16.518405495399957,6.745410870432795,2.0497861861548863,18.59337586550757,1.3370028790796047,48.915450270042584,40.336869856747555,0.40214,0.9433618630978511,0.09653,49.903729632749645,21.426252977845426,2.8522134061462827,329.14717390055154,1.8964560442498608
1344,0.08745,2.380136006501418,6.480698820167502,0.08338,41.85669719871477,5.381152095812778,0.5696596698224912,6.930095347141026,16.874372457993278,4.7834405701417975,56.430931388833244,6.7151481099728265,16.518405495399957,6.745410870432795,2.0497861861548863,18.59337586550757,1.3370028790796047,48.915450270042584,40.336869856747555,0.40214,0.9433618630978511,0.09653,49.903729632749645,21.426252977845426,2.8522134061462827,329.14717390055154,1.8964560442498608
1345,0.08745,2.380136006501418,6.480698820167502,0.08338,41.85669719871477,5.381152095812778,0.5696596698224912,6.930095347141026,16.874372457993278,4.7834405701417975,56.430931388833244,6.7151481099728265,16.518405495399957,6.745410870432795,2.0497861861548863,18.59337586550757,1.3370028790796047,48.915450270042584,40.336869856747555,0.40214,0.9433618630978511,0.09653,49.903729632749645,21.426252977845426,2.8522134061462827,329.14717390055154,1.8964560442498608
1346,0.08745,2.380136006501418,6.480698820167502,0.08338,41.85669719871477,5.381152095812778,0.5696596698224912,6.930095347141026,16.874372457993278,4.7834405701417975,56.430931388833244,6.7151481099728265,16.518405495399957,6.745410870432795,2.0497861861548863,18.59337586550757,1.3370028790796047,48.915450270042584,40.336869856747555,0.40214,0.9433618630978511,0.09653,49.903729632749645,21.426252977845426,2.8522134061462827,329.14717390055154,1.8964560442498608
1347,0.08745,2.380136006501418,6.480698820167502,0.08338,41.85669719871477,5.381152095812778,0.5696596698224912,6.930095347141026,16.874372457993278,4.7834405701417975,56.430931388833244,6.7151481099728265,16.518405495399957,6.745410870432795,2.0497861861548863,18.59337586550757,1.3370028790796047,48.915450270042584,40.336869856747555,0.40214,0.9433618630978511,0.09653,49.903729632749645,21.426252977845426,2.8522134061462827,329.14717390055154,1.8964560442498608
1348,0.08745,2.380136006501418,6.480698820167502,0.08338,41.85669719871477,5.381152095812778,0.5696596698224912,6.930095347141026,16.874372457993278,4.7834405701417975,56.430931388833244,6.7151481099728265,16.518405495399957,6.745410870432795,2.0497861861548863,18.59337586550757,1.3370028790796047,48.915450270042584,40.336869856747555,0.40214,0.9433618630978511,0.09653,49.903729632749645,21.426252977845426,2.8522134061462827,329.14717390055154,1.8964560442498608
1349,0.08745,2.380136006501418,6.480698820167502,0.08338,41.85669719871477,5.381152095812778,0.5696596698224912,6.930095347141026,16.874372457993278,4.7834405701417975,56.430931388833244,6.7151481099728265,16.518405495399957,6.745410870432795,2.0497861861548863,18.59337586550757,1.3370028790796047,48.915450270042584,40.336869856747555,0.40214,0.9433618630978511,0.09653,49.903729632749645,21.426252977845426,2.8522134061462827,329.14717390055154,1.8964560442498608
1350,0.08745,2.380136006501418,6.480698820167502,0.08338,41.85669719871477,5.381152095812778,0.5696596698224912,6.930095347141026,16.874372457993278,4.7834405701417975,56.430931388833244,6.7151481099728265,16.518405495399957,6.745410870432795,2.0497861861548863,18.59337586550757,1.3370028790796047,48.915450270042584,40.336869856747555,0.40214,0.9433618630978511,0.09653,49.903729632749645,21.426252977845426,2.8522134061462827,329.14717390055154,1.8964560442498608
1351,0.08745,2.380136006501418,6.480698820167502,0.08338,41.85669719871477,5.381152095812778,0.5696596698224912,6.930095347141026,16.874372457993278,4.7834405701417975,56.430931388833244,6.7151481099728265,16.518405495399957,6.745410870432795,2.0497861861548863,18.59337586550757,1.3370028790796047,48.915450270042584,40.336869856747555,0.40214,0.9433618630978511,0.09653,49.903729632749645,21.426252977845426,2.8522134061462827,329.14717390055154,1.8964560442498608
1352,0.08745,2.380136006501418,6.480698820167502,0.08338,41.85669719871477,5.381152095812778,0.5696596698224912,6.930095347141026,16.874372457993278,4.7834405701417975,56.430931388833244,6.7151481099728265,16.518405495399957,6.745410870432795,2.0497861861548863,18.59337586550757,1.3370028790796047,48.915450270042584,40.336869856747555,0.40214,0.9433618630978511,0.09653,49.903729632749645,21.426252977845426,2.8522134061462827,329.14717390055154,1.8964560442498608
1353,0.08745,2.380136006501418,6.480698820167502,0.08338,41.85669719871477,5.381152095812778,0.5696596698224912,6.930095347141026,16.874372457993278,4.7834405701417975,56.430931388833244,6.7151481099728265,16.518405495399957,6.745410870432795,2.0497861861548863,18.59337586550757,1.3370028790796047,48.915450270042584,40.336869856747555,0.40214,0.9433618630978511,0.09653,49.903729632749645,21.426252977845426,2.8522134061462827,329.14717390055154,1.8964560442498608
1354,0.08745,2.380136006501418,6.480698820167502,0.08338,41.85669719871477,5.381152095812778,0.5696596698224912,6.930095347141026,16.874372457993278,4.7834405701417975,56.430931388833244,6.7151481099728265,16.518405495399957,6.745410870432795,2.0497861861548863,18.59337586550757,1.3370028790796047,48.915450270042584,40.336869856747555,0.40214,0.9433618630978511,0.09653,49.903729632749645,21.426252977845426,2.8522134061462827,329.14717390055154,1.8964560442498608
1355,0.08745,2.380136006501418,6.480698820167502,0.08338,41.85669719871477,5.381152095812778,0.5696596698224912,6.930095347141026,16.874372457993278,4.7834405701417975,56.430931388833244,6.7151481099728265,16.518405495399957,6.745410870432795,2.0497861861548863,18.59337586550757,1.3370028790796047,48.915450270042584,40.336869856747555,0.40214,0.9433618630978511,0.09653,49.903729632749645,21.426252977845426,2.8522134061462827,329.14717390055154,1.8964560442498608
1356,0.08745,2.380136006501418,6.480698820167502,0.08338,41.85669719871477,5.381152095812778,0.5696596698224912,6.930095347141026,16.874372457993278,4.7834405701417975,56.430931388833244,6.7151481099728265,16.518405495399957,6.745410870432795,2.0497861861548863,18.59337586550757,1.3370028790796047,48.915450270042584,40.336869856747555,0.40214,0.9433618630978511,0.09653,49.903729632749645,21.426252977845426,2.8522134061462827,329.14717390055154,1.8964560442498608
1357,0.08745,2.380136006501418,6.480698820167502,0.08338,41.85669719871477,5.381152095812778,0.5696596698224912,6.930095347141026,16.874372457993278,4.7834405701417975,56.430931388833244,6.7151481099728265,16.518405495399957,6.745410870432795,2.0497861861548863,18.59337586550757,1.3370028790796047,48.915450270042584,40.336869856747555,0.40214,0.9433618630978511,0.09653,49.903729632749645,21.426252977845426,2.8522134061462827,329.14717390055154,1.8964560442498608
1358,0.08745,2.380136006501418,6.480698820167502,0.08338,41.85669719871477,5.381152095812778,0.5696596698224912,6.930095347141026,16.874372457993278,4.7834405701417975,56.430931388833244,6.7151481099728265,16.518405495399957,6.745410870432795,2.0497861861548863,18.59337586550757,1.3370028790796047,48.915450270042584,40.336869856747555,0.40214,0.9433618630978511,0.09653,49.903729632749645,21.426252977845426,2.8522134061462827,329.14717390055154,1.8964560442498608
1359,0.08745,2.380136006501418,6.480698820167502,0.08338,41.85669719871477,5.381152095812778,0.5696596698224912,6.930095347141026,16.874372457993278,4.7834405701417975,56.430931388833244,6.7151481099728265,16.518405495399957,6.745410870432795,2.0497861861548863,18.59337586550757,1.3370028790796047,48.915450270042584,40.336869856747555,0.40214,0.9433618630978511,0.09653,49.903729632749645,21.426252977845426,2.8522134061462827,329.14717390055154,1.8964560442498608
1360,0.08745,2.380136006501418,6.480698820167502,0.08338,41.85669719871477,5.381152095812778,0.5696596698224912,6.930095347141026,16.874372457993278,4.7834405701417975,56.430931388833244,6.7151481099728265,16.518405495399957,6.745410870432795,2.0497861861548863,18.59337586550757,1.3370028790796047,48.915450270042584,40.336869856747555,0.40214,0.9433618630978511,0.09653,49.903729632749645,21.426252977845426,2.8522134061462827,329.14717390055154,1.8964560442498608
1361,0.08745,2.380136006501418,6.480698820167502,0.08338,41.85669719871477,5.381152095812778,0.5696596698224912,6.930095347141026,16.874372457993278,4.7834405701417975,56.430931388833244,6.7151481099728265,16.518405495399957,6.745410870432795,2.0497861861548863,18.59337586550757,1.3370028790796047,48.915450270042584,40.336869856747555,0.40214,0.9433618630978511,0.09653,49.903729632749645,21.426252977845426,2.8522134061462827,329.14717390055154,1.8964560442498608
1362,0.08745,2.380136006501418,6.480698820167502,0.08338,41.85669719871477,5.381152095812778,0.5696596698224912,6.930095347141026,16.874372457993278,4.7834405701417975,56.430931388833244,6.7151481099728265,16.518405495399957,6.745410870432795,2.0497861861548863,18.59337586550757,1.3370028790796047,48.915450270042584,40.336869856747555,0.40214,0.9433618630978511,0.09653,49.903729632749645,21.426252977845426,2.8522134061462827,329.14717390055154,1.8964560442498608
1363,0.08745,2.380136006501418,6.480698820167502,0.08338,41.85669719871477,5.381152095812778,0.5696596698224912,6.930095347141026,16.874372457993278,4.7834405701417975,56.430931388833244,6.7151481099728265,16.518405495399957,6.745410870432795,2.0497861861548863,18.59337586550757,1.3370028790796047,48.915450270042584,40.336869856747555,0.40214,0.9433618630978511,0.09653,49.903729632749645,21.426252977845426,2.8522134061462827,329.14717390055154,1.8964560442498608
1364,0.08745,2.380136006501418,6.480698820167502,0.08338,41.85669719871477,5.381152095812778,0.5696596698224912,6.930095347141026,16.874372457993278,4.7834405701417975,56.430931388833244,6.7151481099728265,16.518405495399957,6.745410870432795,2.0497861861548863,18.59337586550757,1.3370028790796047,48.915450270042584,40.336869856747555,0.40214,0.9433618630978511,0.09653,49.903729632749645,21.426252977845426,2.8522134061462827,329.14717390055154,1.8964560442498608
1365,0.08745,2.380136006501418,6.480698820167502,0.08338,41.85669719871477,5.381152095812778,0.5696596698224912,6.930095347141026,16.874372457993278,4.7834405701417975,56.430931388833244,6.7151481099728265,16.518405495399957,6.745410870432795,2.0497861861548863,18.59337586550757,1.3370028790796047,48.915450270042584,40.336869856747555,0.40214,0.9433618630978511,0.09653,49.903729632749645,21.426252977845426,2.8522134061462827,329.14717390055154,1.8964560442498608
1366,0.08745,2.380136006501418,6.480698820167502,0.08338,41.85669719871477,5.381152095812778,0.5696596698224912,6.930095347141026,16.874372457993278,4.7834405701417975,56.430931388833244,6.7151481099728265,16.518405495399957,6.745410870432795,2.0497861861548863,18.59337586550757,1.3370028790796047,48.915450270042584,40.336869856747555,0.40214,0.9433618630978511,0.09653,49.903729632749645,21.426252977845426,2.8522134061462827,329.14717390055154,1.8964560442498608
1367,0.08745,2.380136006501418,6.480698820167502,0.08338,41.85669719871477,5.381152095812778,0.5696596698224912,6.930095347141026,16.874372457993278,4.7834405701417975,56.430931388833244,6.7151481099728265,16.518405495399957,6.745410870432795,2.0497861861548863,18.59337586550757,1.3370028790796047,48.915450270042584,40.336869856747555,0.40214,0.9433618630978511,0.09653,49.903729632749645,21.426252977845426,2.8522134061462827,329.14717390055154,1.8964560442498608
1368,0.08745,2.380136006501418,6.480698820167502,0.08338,41.85669719871477,5.381152095812778,0.5696596698224912,6.930095347141026,16.874372457993278,4.7834405701417975,56.430931388833244,6.7151481099728265,16.518405495399957,6.745410870432795,2.0497861861548863,18.59337586550757,1.3370028790796047,48.915450270042584,40.336869856747555,0.40214,0.9433618630978511,0.09653,49.903729632749645,21.426252977845426,2.8522134061462827,329.14717390055154,1.8964560442498608
1369,0.08745,2.380136006501418,6.480698820167502,0.08338,41.85669719871477,5.381152095812778,0.5696596698224912,6.930095347141026,16.874372457993278,4.7834405701417975,56.430931388833244,6.7151481099728265,16.518405495399957,6.745410870432795,2.0497861861548863,18.59337586550757,1.3370028790796047,48.915450270042584,40.336869856747555,0.40214,0.9433618630978511,0.09653,49.903729632749645,21.426252977845426,2.8522134061462827,329.14717390055154,1.8964560442498608
1370,0.08745,2.380136006501418,6.480698820167502,0.08338,41.85669719871477,5.381152095812778,0.5696596698224912,6.930095347141026,16.874372457993278,4.7834405701417975,56.430931388833244,6.7151481099728265,16.518405495399957,6.745410870432795,2.0497861861548863,18.59337586550757,1.3370028790796047,48.915450270042584,40.336869856747555,0.40214,0.9433618630978511,0.09653,49.903729632749645,21.426252977845426,2.8522134061462827,329.14717390055154,1.8964560442498608
1371,0.08745,2.380136006501418,6.480698820167502,0.08338,41.85669719871477,5.381152095812778,0.5696596698224912,6.930095347141026,16.874372457993278,4.7834405701417975,56.430931388833244,6.7151481099728265,16.518405495399957,6.745410870432795,2.0497861861548863,18.59337586550757,1.3370028790796047,48.915450270042584,40.336869856747555,0.40214,0.9433618630978511,0.09653,49.903729632749645,21.426252977845426,2.8522134061462827,329.14717390055154,1.8964560442498608
1372,0.08745,2.380136006501418,6.480698820167502,0.08338,41.85669719871477,5.381152095812778,0.5696596698224912,6.930095347141026,16.874372457993278,4.7834405701417975,56.430931388833244,6.7151481099728265,16.518405495399957,6.745410870432795,2.0497861861548863,18.59337586550757,1.3370028790796047,48.915450270042584,40.336869856747555,0.40214,0.9433618630978511,0.09653,49.903729632749645,21.426252977845426,2.8522134061462827,329.14717390055154,1.8964560442498608
1373,0.08745,2.380136006501418,6.480698820167502,0.08338,41.85669719871477,5.381152095812778,0.5696596698224912,6.930095347141026,16.874372457993278,4.7834405701417975,56.430931388833244,6.7151481099728265,16.518405495399957,6.745410870432795,2.0497861861548863,18.59337586550757,1.3370028790796047,48.915450270042584,40.336869856747555,0.40214,0.9433618630978511,0.09653,49.903729632749645,21.426252977845426,2.8522134061462827,329.14717390055154,1.8964560442498608
1374,0.08745,2.380136006501418,6.480698820167502,0.08338,41.85669719871477,5.381152095812778,0.5696596698224912,6.930095347141026,16.874372457993278,4.7834405701417975,56.430931388833244,6.7151481099728265,16.518405495399957,6.745410870432795,2.0497861861548863,18.59337586550757,1.3370028790796047,48.915450270042584,40.336869856747555,0.40214,0.9433618630978511,0.09653,49.903729632749645,21.426252977845426,2.8522134061462827,329.14717390055154,1.8964560442498608
1375,0.08745,2.380136006501418,6.480698820167502,0.08338,41.85669719871477,5.381152095812778,0.5696596698224912,6.930095347141026,16.874372457993278,4.7834405701417975,56.430931388833244,6.7151481099728265,16.518405495399957,6.745410870432795,2.0497861861548863,18.59337586550757,1.3370028790796047,48.915450270042584,40.336869856747555,0.40214,0.9433618630978511,0.09653,49.903729632749645,21.426252977845426,2.8522134061462827,329.14717390055154,1.8964560442498608
1376,0.08745,2.380136006501418,6.480698820167502,0.08338,41.85669719871477,5.381152095812778,0.5696596698224912,6.930095347141026,16.874372457993278,4.7834405701417975,56.430931388833244,6.7151481099728265,16.518405495399957,6.745410870432795,2.0497861861548863,18.59337586550757,1.3370028790796047,48.915450270042584,40.336869856747555,0.40214,0.9433618630978511,0.09653,49.903729632749645,21.426252977845426,2.8522134061462827,329.14717390055154,1.8964560442498608
1377,0.08745,2.380136006501418,6.480698820167502,0.08338,41.85669719871477,5.381152095812778,0.5696596698224912,6.930095347141026,16.874372457993278,4.7834405701417975,56.430931388833244,6.7151481099728265,16.518405495399957,6.745410870432795,2.0497861861548863,18.59337586550757,1.3370028790796047,48.915450270042584,40.336869856747555,0.40214,0.9433618630978511,0.09653,49.903729632749645,21.426252977845426,2.8522134061462827,329.14717390055154,1.8964560442498608
1378,0.08745,2.380136006501418,6.480698820167502,0.08338,41.85669719871477,5.381152095812778,0.5696596698224912,6.930095347141026,16.874372457993278,4.7834405701417975,56.430931388833244,6.7151481099728265,16.518405495399957,6.745410870432795,2.0497861861548863,18.59337586550757,1.3370028790796047,48.915450270042584,40.336869856747555,0.40214,0.9433618630978511,0.09653,49.903729632749645,21.426252977845426,2.8522134061462827,329.14717390055154,1.8964560442498608
1379,0.08745,2.380136006501418,6.480698820167502,0.08338,41.85669719871477,5.381152095812778,0.5696596698224912,6.930095347141026,16.874372457993278,4.7834405701417975,56.430931388833244,6.7151481099728265,16.518405495399957,6.745410870432795,2.0497861861548863,18.59337586550757,1.3370028790796047,48.915450270042584,40.336869856747555,0.40214,0.9433618630978511,0.09653,49.903729632749645,21.426252977845426,2.8522134061462827,329.14717390055154,1.8964560442498608
1380,0.08745,2.380136006501418,6.480698820167502,0.08338,41.85669719871477,5.381152095812778,0.5696596698224912,6.930095347141026,16.874372457993278,4.7834405701417975,56.430931388833244,6.7151481099728265,16.518405495399957,6.745410870432795,2.0497861861548863,18.59337586550757,1.3370028790796047,48.915450270042584,40.336869856747555,0.40214,0.9433618630978511,0.09653,49.903729632749645,21.426252977845426,2.8522134061462827,329.14717390055154,1.8964560442498608
1381,0.08745,2.380136006501418,6.480698820167502,0.08338,41.85669719871477,5.381152095812778,0.5696596698224912,6.930095347141026,16.874372457993278,4.7834405701417975,56.430931388833244,6.7151481099728265,16.518405495399957,6.745410870432795,2.0497861861548863,18.59337586550757,1.3370028790796047,48.915450270042584,40.336869856747555,0.40214,0.9433618630978511,0.09653,49.903729632749645,21.426252977845426,2.8522134061462827,329.14717390055154,1.8964560442498608
1382,0.08745,2.380136006501418,6.480698820167502,0.08338,41.85669719871477,5.381152095812778,0.5696596698224912,6.930095347141026,16.874372457993278,4.7834405701417975,56.430931388833244,6.7151481099728265,16.518405495399957,6.745410870432795,2.0497861861548863,18.59337586550757,1.3370028790796047,48.915450270042584,40.336869856747555,0.40214,0.9433618630978511,0.09653,49.903729632749645,21.426252977845426,2.8522134061462827,329.14717390055154,1.8964560442498608
1383,0.08745,2.380136006501418,6.480698820167502,0.08338,41.85669719871477,5.381152095812778,0.5696596698224912,6.930095347141026,16.874372457993278,4.7834405701417975,56.430931388833244,6.7151481099728265,16.518405495399957,6.745410870432795,2.0497861861548863,18.59337586550757,1.3370028790796047,48.915450270042584,40.336869856747555,0.40214,0.9433618630978511,0.09653,49.903729632749645,21.426252977845426,2.8522134061462827,329.14717390055154,1.8964560442498608
1384,0.08745,2.380136006501418,6.480698820167502,0.08338,41.85669719871477,5.381152095812778,0.5696596698224912,6.930095347141026,16.874372457993278,4.7834405701417975,56.430931388833244,6.7151481099728265,16.518405495399957,6.745410870432795,2.0497861861548863,18.59337586550757,1.3370028790796047,48.915450270042584,40.336869856747555,0.40214,0.9433618630978511,0.09653,49.903729632749645,21.426252977845426,2.8522134061462827,329.14717390055154,1.8964560442498608
1385,0.08745,2.380136006501418,6.480698820167502,0.08338,41.85669719871477,5.381152095812778,0.5696596698224912,6.930095347141026,16.874372457993278,4.7834405701417975,56.430931388833244,6.7151481099728265,16.518405495399957,6.745410870432795,2.0497861861548863,18.59337586550757,1.3370028790796047,48.915450270042584,40.336869856747555,0.40214,0.9433618630978511,0.09653,49.903729632749645,21.426252977845426,2.8522134061462827,329.14717390055154,1.8964560442498608
1386,0.08745,2.380136006501418,6.480698820167502,0.08338,41.85669719871477,5.381152095812778,0.5696596698224912,6.930095347141026,16.874372457993278,4.7834405701417975,56.430931388833244,6.7151481099728265,16.518405495399957,6.745410870432795,2.0497861861548863,18.59337586550757,1.3370028790796047,48.915450270042584,40.336869856747555,0.40214,0.9433618630978511,0.09653,49.903729632749645,21.426252977845426,2.8522134061462827,329.14717390055154,1.8964560442498608
1387,0.08745,2.380136006501418,6.480698820167502,0.08338,41.85669719871477,5.381152095812778,0.5696596698224912,6.930095347141026,16.874372457993278,4.7834405701417975,56.430931388833244,6.7151481099728265,16.518405495399957,6.745410870432795,2.0497861861548863,18.59337586550757,1.3370028790796047,48.915450270042584,40.336869856747555,0.40214,0.9433618630978511,0.09653,49.903729632749645,21.426252977845426,2.8522134061462827,329.14717390055154,1.8964560442498608
1388,0.08745,2.380136006501418,6.480698820167502,0.08338,41.85669719871477,5.381152095812778,0.5696596698224912,6.930095347141026,16.874372457993278,4.7834405701417975,56.430931388833244,6.7151481099728265,16.518405495399957,6.745410870432795,2.0497861861548863,18.59337586550757,1.3370028790796047,48.915450270042584,40.336869856747555,0.40214,0.9433618630978511,0.09653,49.903729632749645,21.426252977845426,2.8522134061462827,329.14717390055154,1.8964560442498608
1389,0.08745,2.380136006501418,6.480698820167502,0.08338,41.85669719871477,5.381152095812778,0.5696596698224912,6.930095347141026,16.874372457993278,4.7834405701417975,56.430931388833244,6.7151481099728265,16.518405495399957,6.745410870432795,2.0497861861548863,18.59337586550757,1.3370028790796047,48.915450270042584,40.336869856747555,0.40214,0.9433618630978511,0.09653,49.903729632749645,21.426252977845426,2.8522134061462827,329.14717390055154,1.8964560442498608
1390,0.08745,2.380136006501418,6.480698820167502,0.08338,41.85669719871477,5.381152095812778,0.5696596698224912,6.930095347141026,16.874372457993278,4.7834405701417975,56.430931388833244,6.7151481099728265,16.518405495399957,6.745410870432795,2.0497861861548863,18.59337586550757,1.3370028790796047,48.915450270042584,40.336869856747555,0.40214,0.9433618630978511,0.09653,49.903729632749645,21.426252977845426,2.8522134061462827,329.14717390055154,1.8964560442498608
1391,0.08745,2.380136006501418,6.480698820167502,0.08338,41.85669719871477,5.381152095812778,0.5696596698224912,6.930095347141026,16.874372457993278,4.7834405701417975,56.430931388833244,6.7151481099728265,16.518405495399957,6.745410870432795,2.0497861861548863,18.59337586550757,1.3370028790796047,48.915450270042584,40.336869856747555,0.40214,0.9433618630978511,0.09653,49.903729632749645,21.426252977845426,2.8522134061462827,329.14717390055154,1.8964560442498608
1392,0.08745,2.380136006501418,6.480698820167502,0.08338,41.85669719871477,5.381152095812778,0.5696596698224912,6.930095347141026,16.874372457993278,4.7834405701417975,56.430931388833244,6.7151481099728265,16.518405495399957,6.745410870432795,2.0497861861548863,18.59337586550757,1.3370028790796047,48.915450270042584,40.336869856747555,0.40214,0.9433618630978511,0.09653,49.903729632749645,21.426252977845426,2.8522134061462827,329.14717390055154,1.8964560442498608
1393,0.08745,2.380136006501418,6.480698820167502,0.08338,41.85669719871477,5.381152095812778,0.5696596698224912,6.930095347141026,16.874372457993278,4.7834405701417975,56.430931388833244,6.7151481099728265,16.518405495399957,6.745410870432795,2.0497861861548863,18.59337586550757,1.3370028790796047,48.915450270042584,40.336869856747555,0.40214,0.9433618630978511,0.09653,49.903729632749645,21.426252977845426,2.8522134061462827,329.14717390055154,1.8964560442498608
1394,0.08745,2.380136006501418,6.480698820167502,0.08338,41.85669719871477,5.381152095812778,0.5696596698224912,6.930095347141026,16.874372457993278,4.7834405701417975,56.430931388833244,6.7151481099728265,16.518405495399957,6.745410870432795,2.0497861861548863,18.59337586550757,1.3370028790796047,48.915450270042584,40.336869856747555,0.40214,0.9433618630978511,0.09653,49.903729632749645,21.426252977845426,2.8522134061462827,329.14717390055154,1.8964560442498608
1395,0.08745,2.380136006501418,6.480698820167502,0.08338,41.85669719871477,5.381152095812778,0.5696596698224912,6.930095347141026,16.874372457993278,4.7834405701417975,56.430931388833244,6.7151481099728265,16.518405495399957,6.745410870432795,2.0497861861548863,18.59337586550757,1.3370028790796047,48.915450270042584,40.336869856747555,0.40214,0.9433618630978511,0.09653,49.903729632749645,21.426252977845426,2.8522134061462827,329.14717390055154,1.8964560442498608
1396,0.08745,2.380136006501418,6.480698820167502,0.08338,41.85669719871477,5.381152095812778,0.5696596698224912,6.930095347141026,16.874372457993278,4.7834405701417975,56.430931388833244,6.7151481099728265,16.518405495399957,6.745410870432795,2.0497861861548863,18.59337586550757,1.3370028790796047,48.915450270042584,40.336869856747555,0.40214,0.9433618630978511,0.09653,49.903729632749645,21.426252977845426,2.8522134061462827,329.14717390055154,1.8964560442498608
1397,0.08745,2.380136006501418,6.480698820167502,0.08338,41.85669719871477,5.381152095812778,0.5696596698224912,6.930095347141026,16.874372457993278,4.7834405701417975,56.430931388833244,6.7151481099728265,16.518405495399957,6.745410870432795,2.0497861861548863,18.59337586550757,1.3370028790796047,48.915450270042584,40.336869856747555,0.40214,0.9433618630978511,0.09653,49.903729632749645,21.426252977845426,2.8522134061462827,329.14717390055154,1.8964560442498608
1398,0.08745,2.380136006501418,6.480698820167502,0.08338,41.85669719871477,5.381152095812778,0.5696596698224912,6.930095347141026,16.874372457993278,4.7834405701417975,56.430931388833244,6.7151481099728265,16.518405495399957,6.745410870432795,2.0497861861548863,18.59337586550757,1.3370028790796047,48.915450270042584,40.336869856747555,0.40214,0.9433618630978511,0.09653,49.903729632749645,21.426252977845426,2.8522134061462827,329.14717390055154,1.8964560442498608
1399,0.08745,2.380136006501418,6.480698820167502,0.08338,41.85669719871477,5.381152095812778,0.5696596698224912,6.930095347141026,16.874372457993278,4.7834405701417975,56.430931388833244,6.7151481099728265,16.518405495399957,6.745410870432795,2.0497861861548863,18.59337586550757,1.3370028790796047,48.915450270042584,40.336869856747555,0.40214,0.9433618630978511,0.09653,49.903729632749645,21.426252977845426,2.8522134061462827,329.14717390055154,1.8964560442498608
1400,0.08745,2.380136006501418,6.480698820167502,0.08338,41.85669719871477,5.381152095812778,0.5696596698224912,6.930095347141026,16.874372457993278,4.7834405701417975,56.430931388833244,6.7151481099728265,16.518405495399957,6.745410870432795,2.0497861861548863,18.59337586550757,1.3370028790796047,48.915450270042584,40.336869856747555,0.40214,0.9433618630978511,0.09653,49.903729632749645,21.426252977845426,2.8522134061462827,329.14717390055154,1.8964560442498608
1401,0.08745,2.380136006501418,6.480698820167502,0.08338,41.85669719871477,5.381152095812778,0.5696596698224912,6.930095347141026,16.874372457993278,4.7834405701417975,56.430931388833244,6.7151481099728265,16.518405495399957,6.745410870432795,2.0497861861548863,18.59337586550757,1.3370028790796047,48.915450270042584,40.336869856747555,0.40214,0.9433618630978511,0.09653,49.903729632749645,21.426252977845426,2.8522134061462827,329.14717390055154,1.8964560442498608
1402,0.08745,2.380136006501418,6.480698820167502,0.08338,41.85669719871477,5.381152095812778,0.5696596698224912,6.930095347141026,16.874372457993278,4.7834405701417975,56.430931388833244,6.7151481099728265,16.518405495399957,6.745410870432795,2.0497861861548863,18.59337586550757,1.3370028790796047,48.915450270042584,40.336869856747555,0.40214,0.9433618630978511,0.09653,49.903729632749645,21.426252977845426,2.8522134061462827,329.14717390055154,1.8964560442498608
1403,0.08745,2.380136006501418,6.480698820167502,0.08338,41.85669719871477,5.381152095812778,0.5696596698224912,6.930095347141026,16.874372457993278,4.7834405701417975,56.430931388833244,6.7151481099728265,16.518405495399957,6.745410870432795,2.0497861861548863,18.59337586550757,1.3370028790796047,48.915450270042584,40.336869856747555,0.40214,0.9433618630978511,0.09653,49.903729632749645,21.426252977845426,2.8522134061462827,329.14717390055154,1.8964560442498608
1404,0.08745,2.380136006501418,6.480698820167502,0.08338,41.85669719871477,5.381152095812778,0.5696596698224912,6.930095347141026,16.874372457993278,4.7834405701417975,56.430931388833244,6.7151481099728265,16.518405495399957,6.745410870432795,2.0497861861548863,18.59337586550757,1.3370028790796047,48.915450270042584,40.336869856747555,0.40214,0.9433618630978511,0.09653,49.903729632749645,21.426252977845426,2.8522134061462827,329.14717390055154,1.8964560442498608
1405,0.08745,2.380136006501418,6.480698820167502,0.08338,41.85669719871477,5.381152095812778,0.5696596698224912,6.930095347141026,16.874372457993278,4.7834405701417975,56.430931388833244,6.7151481099728265,16.518405495399957,6.745410870432795,2.0497861861548863,18.59337586550757,1.3370028790796047,48.915450270042584,40.336869856747555,0.40214,0.9433618630978511,0.09653,49.903729632749645,21.426252977845426,2.8522134061462827,329.14717390055154,1.8964560442498608
1406,0.08745,2.380136006501418,6.480698820167502,0.08338,41.85669719871477,5.381152095812778,0.5696596698224912,6.930095347141026,16.874372457993278,4.7834405701417975,56.430931388833244,6.7151481099728265,16.518405495399957,6.745410870432795,2.0497861861548863,18.59337586550757,1.3370028790796047,48.915450270042584,40.336869856747555,0.40214,0.9433618630978511,0.09653,49.903729632749645,21.426252977845426,2.8522134061462827,329.14717390055154,1.8964560442498608
1407,0.08745,2.380136006501418,6.480698820167502,0.08338,41.85669719871477,5.381152095812778,0.5696596698224912,6.930095347141026,16.874372457993278,4.7834405701417975,56.430931388833244,6.7151481099728265,16.518405495399957,6.745410870432795,2.0497861861548863,18.59337586550757,1.3370028790796047,48.915450270042584,40.336869856747555,0.40214,0.9433618630978511,0.09653,49.903729632749645,21.426252977845426,2.8522134061462827,329.14717390055154,1.8964560442498608
1408,0.08745,2.380136006501418,6.480698820167502,0.08338,41.85669719871477,5.381152095812778,0.5696596698224912,6.930095347141026,16.874372457993278,4.7834405701417975,56.430931388833244,6.7151481099728265,16.518405495399957,6.745410870432795,2.0497861861548863,18.59337586550757,1.3370028790796047,48.915450270042584,40.336869856747555,0.40214,0.9433618630978511,0.09653,49.903729632749645,21.426252977845426,2.8522134061462827,329.14717390055154,1.8964560442498608
1409,0.08745,2.380136006501418,6.480698820167502,0.08338,41.85669719871477,5.381152095812778,0.5696596698224912,6.930095347141026,16.874372457993278,4.7834405701417975,56.430931388833244,6.7151481099728265,16.518405495399957,6.745410870432795,2.0497861861548863,18.59337586550757,1.3370028790796047,48.915450270042584,40.336869856747555,0.40214,0.9433618630978511,0.09653,49.903729632749645,21.426252977845426,2.8522134061462827,329.14717390055154,1.8964560442498608
1410,0.08745,2.380136006501418,6.480698820167502,0.08338,41.85669719871477,5.381152095812778,0.5696596698224912,6.930095347141026,16.874372457993278,4.7834405701417975,56.430931388833244,6.7151481099728265,16.518405495399957,6.745410870432795,2.0497861861548863,18.59337586550757,1.3370028790796047,48.915450270042584,40.336869856747555,0.40214,0.9433618630978511,0.09653,49.903729632749645,21.426252977845426,2.8522134061462827,329.14717390055154,1.8964560442498608
1411,0.08745,2.380136006501418,6.480698820167502,0.08338,41.85669719871477,5.381152095812778,0.5696596698224912,6.930095347141026,16.874372457993278,4.7834405701417975,56.430931388833244,6.7151481099728265,16.518405495399957,6.745410870432795,2.0497861861548863,18.59337586550757,1.3370028790796047,48.915450270042584,40.336869856747555,0.40214,0.9433618630978511,0.09653,49.903729632749645,21.426252977845426,2.8522134061462827,329.14717390055154,1.8964560442498608
1412,0.08745,2.380136006501418,6.480698820167502,0.08338,41.85669719871477,5.381152095812778,0.5696596698224912,6.930095347141026,16.874372457993278,4.7834405701417975,56.430931388833244,6.7151481099728265,16.518405495399957,6.745410870432795,2.0497861861548863,18.59337586550757,1.3370028790796047,48.915450270042584,40.336869856747555,0.40214,0.9433618630978511,0.09653,49.903729632749645,21.426252977845426,2.8522134061462827,329.14717390055154,1.8964560442498608
1413,0.08745,2.380136006501418,6.480698820167502,0.08338,41.85669719871477,5.381152095812778,0.5696596698224912,6.930095347141026,16.874372457993278,4.7834405701417975,56.430931388833244,6.7151481099728265,16.518405495399957,6.745410870432795,2.0497861861548863,18.59337586550757,1.3370028790796047,48.915450270042584,40.336869856747555,0.40214,0.9433618630978511,0.09653,49.903729632749645,21.426252977845426,2.8522134061462827,329.14717390055154,1.8964560442498608
1414,0.08745,2.380136006501418,6.480698820167502,0.08338,41.85669719871477,5.381152095812778,0.5696596698224912,6.930095347141026,16.874372457993278,4.7834405701417975,56.430931388833244,6.7151481099728265,16.518405495399957,6.745410870432795,2.0497861861548863,18.59337586550757,1.3370028790796047,48.915450270042584,40.336869856747555,0.40214,0.9433618630978511,0.09653,49.903729632749645,21.426252977845426,2.8522134061462827,329.14717390055154,1.8964560442498608
1415,0.08745,2.380136006501418,6.480698820167502,0.08338,41.85669719871477,5.381152095812778,0.5696596698224912,6.930095347141026,16.874372457993278,4.7834405701417975,56.430931388833244,6.7151481099728265,16.518405495399957,6.745410870432795,2.0497861861548863,18.59337586550757,1.3370028790796047,48.915450270042584,40.336869856747555,0.40214,0.9433618630978511,0.09653,49.903729632749645,21.426252977845426,2.8522134061462827,329.14717390055154,1.8964560442498608
1416,0.08745,2.380136006501418,6.480698820167502,0.08338,41.85669719871477,5.381152095812778,0.5696596698224912,6.930095347141026,16.874372457993278,4.7834405701417975,56.430931388833244,6.7151481099728265,16.518405495399957,6.745410870432795,2.0497861861548863,18.59337586550757,1.3370028790796047,48.915450270042584,40.336869856747555,0.40214,0.9433618630978511,0.09653,49.903729632749645,21.426252977845426,2.8522134061462827,329.14717390055154,1.8964560442498608
1417,0.08745,2.380136006501418,6.480698820167502,0.08338,41.85669719871477,5.381152095812778,0.5696596698224912,6.930095347141026,16.874372457993278,4.7834405701417975,56.430931388833244,6.7151481099728265,16.518405495399957,6.745410870432795,2.0497861861548863,18.59337586550757,1.3370028790796047,48.915450270042584,40.336869856747555,0.40214,0.9433618630978511,0.09653,49.903729632749645,21.426252977845426,2.8522134061462827,329.14717390055154,1.8964560442498608
1418,0.08745,2.380136006501418,6.480698820167502,0.08338,41.85669719871477,5.381152095812778,0.5696596698224912,6.930095347141026,16.874372457993278,4.7834405701417975,56.430931388833244,6.7151481099728265,16.518405495399957,6.745410870432795,2.0497861861548863,18.59337586550757,1.3370028790796047,48.915450270042584,40.336869856747555,0.40214,0.9433618630978511,0.09653,49.903729632749645,21.426252977845426,2.8522134061462827,329.14717390055154,1.8964560442498608
1419,0.08745,2.380136006501418,6.480698820167502,0.08338,41.85669719871477,5.381152095812778,0.5696596698224912,6.930095347141026,16.874372457993278,4.7834405701417975,56.430931388833244,6.7151481099728265,16.518405495399957,6.745410870432795,2.0497861861548863,18.59337586550757,1.3370028790796047,48.915450270042584,40.336869856747555,0.40214,0.9433618630978511,0.09653,49.903729632749645,21.426252977845426,2.8522134061462827,329.14717390055154,1.8964560442498608
1420,0.08745,2.380136006501418,6.480698820167502,0.08338,41.85669719871477,5.381152095812778,0.5696596698224912,6.930095347141026,16.874372457993278,4.7834405701417975,56.430931388833244,6.7151481099728265,16.518405495399957,6.745410870432795,2.0497861861548863,18.59337586550757,1.3370028790796047,48.915450270042584,40.336869856747555,0.40214,0.9433618630978511,0.09653,49.903729632749645,21.426252977845426,2.8522134061462827,329.14717390055154,1.8964560442498608
1421,0.08745,2.380136006501418,6.480698820167502,0.08338,41.85669719871477,5.381152095812778,0.5696596698224912,6.930095347141026,16.874372457993278,4.7834405701417975,56.430931388833244,6.7151481099728265,16.518405495399957,6.745410870432795,2.0497861861548863,18.59337586550757,1.3370028790796047,48.915450270042584,40.336869856747555,0.40214,0.9433618630978511,0.09653,49.903729632749645,21.426252977845426,2.8522134061462827,329.14717390055154,1.8964560442498608
1422,0.08745,2.380136006501418,6.480698820167502,0.08338,41.85669719871477,5.381152095812778,0.5696596698224912,6.930095347141026,16.874372457993278,4.7834405701417975,56.430931388833244,6.7151481099728265,16.518405495399957,6.745410870432795,2.0497861861548863,18.59337586550757,1.3370028790796047,48.915450270042584,40.336869856747555,0.40214,0.9433618630978511,0.09653,49.903729632749645,21.426252977845426,2.8522134061462827,329.14717390055154,1.8964560442498608
1423,0.08745,2.380136006501418,6.480698820167502,0.08338,41.85669719871477,5.381152095812778,0.5696596698224912,6.930095347141026,16.874372457993278,4.7834405701417975,56.430931388833244,6.7151481099728265,16.518405495399957,6.745410870432795,2.0497861861548863,18.59337586550757,1.3370028790796047,48.915450270042584,40.336869856747555,0.40214,0.9433618630978511,0.09653,49.903729632749645,21.426252977845426,2.8522134061462827,329.14717390055154,1.8964560442498608
1424,0.08745,2.380136006501418,6.480698820167502,0.08338,41.85669719871477,5.381152095812778,0.5696596698224912,6.930095347141026,16.874372457993278,4.7834405701417975,56.430931388833244,6.7151481099728265,16.518405495399957,6.745410870432795,2.0497861861548863,18.59337586550757,1.3370028790796047,48.915450270042584,40.336869856747555,0.40214,0.9433618630978511,0.09653,49.903729632749645,21.426252977845426,2.8522134061462827,329.14717390055154,1.8964560442498608
1425,0.08745,2.380136006501418,6.480698820167502,0.08338,41.85669719871477,5.381152095812778,0.5696596698224912,6.930095347141026,16.874372457993278,4.7834405701417975,56.430931388833244,6.7151481099728265,16.518405495399957,6.745410870432795,2.0497861861548863,18.59337586550757,1.3370028790796047,48.915450270042584,40.336869856747555,0.40214,0.9433618630978511,0.09653,49.903729632749645,21.426252977845426,2.8522134061462827,329.14717390055154,1.8964560442498608
1426,0.08745,2.380136006501418,6.480698820167502,0.08338,41.85669719871477,5.381152095812778,0.5696596698224912,6.930095347141026,16.874372457993278,4.7834405701417975,56.430931388833244,6.7151481099728265,16.518405495399957,6.745410870432795,2.0497861861548863,18.59337586550757,1.3370028790796047,48.915450270042584,40.336869856747555,0.40214,0.9433618630978511,0.09653,49.903729632749645,21.426252977845426,2.8522134061462827,329.14717390055154,1.8964560442498608
1427,0.08745,2.380136006501418,6.480698820167502,0.08338,41.85669719871477,5.381152095812778,0.5696596698224912,6.930095347141026,16.874372457993278,4.7834405701417975,56.430931388833244,6.7151481099728265,16.518405495399957,6.745410870432795,2.0497861861548863,18.59337586550757,1.3370028790796047,48.915450270042584,40.336869856747555,0.40214,0.9433618630978511,0.09653,49.903729632749645,21.426252977845426,2.8522134061462827,329.14717390055154,1.8964560442498608
1428,0.08745,2.380136006501418,6.480698820167502,0.08338,41.85669719871477,5.381152095812778,0.5696596698224912,6.930095347141026,16.874372457993278,4.7834405701417975,56.430931388833244,6.7151481099728265,16.518405495399957,6.745410870432795,2.0497861861548863,18.59337586550757,1.3370028790796047,48.915450270042584,40.336869856747555,0.40214,0.9433618630978511,0.09653,49.903729632749645,21.426252977845426,2.8522134061462827,329.14717390055154,1.8964560442498608
1429,0.08745,2.380136006501418,6.480698820167502,0.08338,41.85669719871477,5.381152095812778,0.5696596698224912,6.930095347141026,16.874372457993278,4.7834405701417975,56.430931388833244,6.7151481099728265,16.518405495399957,6.745410870432795,2.0497861861548863,18.59337586550757,1.3370028790796047,48.915450270042584,40.336869856747555,0.40214,0.9433618630978511,0.09653,49.903729632749645,21.426252977845426,2.8522134061462827,329.14717390055154,1.8964560442498608
1430,0.08745,2.380136006501418,6.480698820167502,0.08338,41.85669719871477,5.381152095812778,0.5696596698224912,6.930095347141026,16.874372457993278,4.7834405701417975,56.430931388833244,6.7151481099728265,16.518405495399957,6.745410870432795,2.0497861861548863,18.59337586550757,1.3370028790796047,48.915450270042584,40.336869856747555,0.40214,0.9433618630978511,0.09653,49.903729632749645,21.426252977845426,2.8522134061462827,329.14717390055154,1.8964560442498608
1431,0.08745,2.380136006501418,6.480698820167502,0.08338,41.85669719871477,5.381152095812778,0.5696596698224912,6.930095347141026,16.874372457993278,4.7834405701417975,56.430931388833244,6.7151481099728265,16.518405495399957,6.745410870432795,2.0497861861548863,18.59337586550757,1.3370028790796047,48.915450270042584,40.336869856747555,0.40214,0.9433618630978511,0.09653,49.903729632749645,21.426252977845426,2.8522134061462827,329.14717390055154,1.8964560442498608
1432,0.08745,2.380136006501418,6.480698820167502,0.08338,41.85669719871477,5.381152095812778,0.5696596698224912,6.930095347141026,16.874372457993278,4.7834405701417975,56.430931388833244,6.7151481099728265,16.518405495399957,6.745410870432795,2.0497861861548863,18.59337586550757,1.3370028790796047,48.915450270042584,40.336869856747555,0.40214,0.9433618630978511,0.09653,49.903729632749645,21.426252977845426,2.8522134061462827,329.14717390055154,1.8964560442498608
1433,0.08745,2.380136006501418,6.480698820167502,0.08338,41.85669719871477,5.381152095812778,0.5696596698224912,6.930095347141026,16.874372457993278,4.7834405701417975,56.430931388833244,6.7151481099728265,16.518405495399957,6.745410870432795,2.0497861861548863,18.59337586550757,1.3370028790796047,48.915450270042584,40.336869856747555,0.40214,0.9433618630978511,0.09653,49.903729632749645,21.426252977845426,2.8522134061462827,329.14717390055154,1.8964560442498608
1434,0.08745,2.380136006501418,6.480698820167502,0.08338,41.85669719871477,5.381152095812778,0.5696596698224912,6.930095347141026,16.874372457993278,4.7834405701417975,56.430931388833244,6.7151481099728265,16.518405495399957,6.745410870432795,2.0497861861548863,18.59337586550757,1.3370028790796047,48.915450270042584,40.336869856747555,0.40214,0.9433618630978511,0.09653,49.903729632749645,21.426252977845426,2.8522134061462827,329.14717390055154,1.8964560442498608
1435,0.08745,2.380136006501418,6.480698820167502,0.08338,41.85669719871477,5.381152095812778,0.5696596698224912,6.930095347141026,16.874372457993278,4.7834405701417975,56.430931388833244,6.7151481099728265,16.518405495399957,6.745410870432795,2.0497861861548863,18.59337586550757,1.3370028790796047,48.915450270042584,40.336869856747555,0.40214,0.9433618630978511,0.09653,49.903729632749645,21.426252977845426,2.8522134061462827,329.14717390055154,1.8964560442498608
1436,0.08745,2.380136006501418,6.480698820167502,0.08338,41.85669719871477,5.381152095812778,0.5696596698224912,6.930095347141026,16.874372457993278,4.7834405701417975,56.430931388833244,6.7151481099728265,16.518405495399957,6.745410870432795,2.0497861861548863,18.59337586550757,1.3370028790796047,48.915450270042584,40.336869856747555,0.40214,0.9433618630978511,0.09653,49.903729632749645,21.426252977845426,2.8522134061462827,329.14717390055154,1.8964560442498608
1437,0.08745,2.380136006501418,6.480698820167502,0.08338,41.85669719871477,5.381152095812778,0.5696596698224912,6.930095347141026,16.874372457993278,4.7834405701417975,56.430931388833244,6.7151481099728265,16.518405495399957,6.745410870432795,2.0497861861548863,18.59337586550757,1.3370028790796047,48.915450270042584,40.336869856747555,0.40214,0.9433618630978511,0.09653,49.903729632749645,21.426252977845426,2.8522134061462827,329.14717390055154,1.8964560442498608
1438,0.08745,2.380136006501418,6.480698820167502,0.08338,41.85669719871477,5.381152095812778,0.5696596698224912,6.930095347141026,16.874372457993278,4.7834405701417975,56.430931388833244,6.7151481099728265,16.518405495399957,6.745410870432795,2.0497861861548863,18.59337586550757,1.3370028790796047,48.915450270042584,40.336869856747555,0.40214,0.9433618630978511,0.09653,49.903729632749645,21.426252977845426,2.8522134061462827,329.14717390055154,1.8964560442498608
1439,0.08745,2.380136006501418,6.480698820167502,0.08338,41.85669719871477,5.381152095812778,0.5696596698224912,6.930095347141026,16.874372457993278,4.7834405701417975,56.430931388833244,6.7151481099728265,16.518405495399957,6.745410870432795,2.0497861861548863,18.59337586550757,1.3370028790796047,48.915450270042584,40.336869856747555,0.40214,0.9433618630978511,0.09653,49.903729632749645,21.426252977845426,2.8522134061462827,329.14717390055154,1.8964560442498608
1440,0.08745,2.380136006501418,6.480698820167502,0.08338,41.85669719871477,5.381152095812778,0.5696596698224912,6.930095347141026,16.874372457993278,4.7834405701417975,56.430931388833244,6.7151481099728265,16.518405495399957,6.745410870432795,2.0497861861548863,18.59337586550757,1.3370028790796047,48.915450270042584,40.336869856747555,0.40214,0.9433618630978511,0.09653,49.903729632749645,21.426252977845426,2.8522134061462827,329.14717390055154,1.8964560442498608
1441,0.08745,2.380136006501418,6.480698820167502,0.08338,41.85669719871477,5.381152095812778,0.5696596698224912,6.930095347141026,16.874372457993278,4.7834405701417975,56.430931388833244,6.7151481099728265,16.518405495399957,6.745410870432795,2.0497861861548863,18.59337586550757,1.3370028790796047,48.915450270042584,40.336869856747555,0.40214,0.9433618630978511,0.09653,49.903729632749645,21.426252977845426,2.8522134061462827,329.14717390055154,1.8964560442498608
1442,0.08745,2.380136006501418,6.480698820167502,0.08338,41.85669719871477,5.381152095812778,0.5696596698224912,6.930095347141026,16.874372457993278,4.7834405701417975,56.430931388833244,6.7151481099728265,16.518405495399957,6.745410870432795,2.0497861861548863,18.59337586550757,1.3370028790796047,48.915450270042584,40.336869856747555,0.40214,0.9433618630978511,0.09653,49.903729632749645,21.426252977845426,2.8522134061462827,329.14717390055154,1.8964560442498608
1443,0.08745,2.380136006501418,6.480698820167502,0.08338,41.85669719871477,5.381152095812778,0.5696596698224912,6.930095347141026,16.874372457993278,4.7834405701417975,56.430931388833244,6.7151481099728265,16.518405495399957,6.745410870432795,2.0497861861548863,18.59337586550757,1.3370028790796047,48.915450270042584,40.336869856747555,0.40214,0.9433618630978511,0.09653,49.903729632749645,21.426252977845426,2.8522134061462827,329.14717390055154,1.8964560442498608
1444,0.08745,2.380136006501418,6.480698820167502,0.08338,41.85669719871477,5.381152095812778,0.5696596698224912,6.930095347141026,16.874372457993278,4.7834405701417975,56.430931388833244,6.7151481099728265,16.518405495399957,6.745410870432795,2.0497861861548863,18.59337586550757,1.3370028790796047,48.915450270042584,40.336869856747555,0.40214,0.9433618630978511,0.09653,49.903729632749645,21.426252977845426,2.8522134061462827,329.14717390055154,1.8964560442498608
1445,0.08745,2.380136006501418,6.480698820167502,0.08338,41.85669719871477,5.381152095812778,0.5696596698224912,6.930095347141026,16.874372457993278,4.7834405701417975,56.430931388833244,6.7151481099728265,16.518405495399957,6.745410870432795,2.0497861861548863,18.59337586550757,1.3370028790796047,48.915450270042584,40.336869856747555,0.40214,0.9433618630978511,0.09653,49.903729632749645,21.426252977845426,2.8522134061462827,329.14717390055154,1.8964560442498608
1446,0.08745,2.380136006501418,6.480698820167502,0.08338,41.85669719871477,5.381152095812778,0.5696596698224912,6.930095347141026,16.874372457993278,4.7834405701417975,56.430931388833244,6.7151481099728265,16.518405495399957,6.745410870432795,2.0497861861548863,18.59337586550757,1.3370028790796047,48.915450270042584,40.336869856747555,0.40214,0.9433618630978511,0.09653,49.903729632749645,21.426252977845426,2.8522134061462827,329.14717390055154,1.8964560442498608
1447,0.08745,2.380136006501418,6.480698820167502,0.08338,41.85669719871477,5.381152095812778,0.5696596698224912,6.930095347141026,16.874372457993278,4.7834405701417975,56.430931388833244,6.7151481099728265,16.518405495399957,6.745410870432795,2.0497861861548863,18.59337586550757,1.3370028790796047,48.915450270042584,40.336869856747555,0.40214,0.9433618630978511,0.09653,49.903729632749645,21.426252977845426,2.8522134061462827,329.14717390055154,1.8964560442498608
1448,0.08745,2.380136006501418,6.480698820167502,0.08338,41.85669719871477,5.381152095812778,0.5696596698224912,6.930095347141026,16.874372457993278,4.7834405701417975,56.430931388833244,6.7151481099728265,16.518405495399957,6.745410870432795,2.0497861861548863,18.59337586550757,1.3370028790796047,48.915450270042584,40.336869856747555,0.40214,0.9433618630978511,0.09653,49.903729632749645,21.426252977845426,2.8522134061462827,329.14717390055154,1.8964560442498608
1449,0.08745,2.380136006501418,6.480698820167502,0.08338,41.85669719871477,5.381152095812778,0.5696596698224912,6.930095347141026,16.874372457993278,4.7834405701417975,56.430931388833244,6.7151481099728265,16.518405495399957,6.745410870432795,2.0497861861548863,18.59337586550757,1.3370028790796047,48.915450270042584,40.336869856747555,0.40214,0.9433618630978511,0.09653,49.903729632749645,21.426252977845426,2.8522134061462827,329.14717390055154,1.8964560442498608
1450,0.08745,2.380136006501418,6.480698820167502,0.08338,41.85669719871477,5.381152095812778,0.5696596698224912,6.930095347141026,16.874372457993278,4.7834405701417975,56.430931388833244,6.7151481099728265,16.518405495399957,6.745410870432795,2.0497861861548863,18.59337586550757,1.3370028790796047,48.915450270042584,40.336869856747555,0.40214,0.9433618630978511,0.09653,49.903729632749645,21.426252977845426,2.8522134061462827,329.14717390055154,1.8964560442498608
1451,0.08745,2.380136006501418,6.480698820167502,0.08338,41.85669719871477,5.381152095812778,0.5696596698224912,6.930095347141026,16.874372457993278,4.7834405701417975,56.430931388833244,6.7151481099728265,16.518405495399957,6.745410870432795,2.0497861861548863,18.59337586550757,1.3370028790796047,48.915450270042584,40.336869856747555,0.40214,0.9433618630978511,0.09653,49.903729632749645,21.426252977845426,2.8522134061462827,329.14717390055154,1.8964560442498608
1452,0.08745,2.380136006501418,6.480698820167502,0.08338,41.85669719871477,5.381152095812778,0.5696596698224912,6.930095347141026,16.874372457993278,4.7834405701417975,56.430931388833244,6.7151481099728265,16.518405495399957,6.745410870432795,2.0497861861548863,18.59337586550757,1.3370028790796047,48.915450270042584,40.336869856747555,0.40214,0.9433618630978511,0.09653,49.903729632749645,21.426252977845426,2.8522134061462827,329.14717390055154,1.8964560442498608
1453,0.08745,2.380136006501418,6.480698820167502,0.08338,41.85669719871477,5.381152095812778,0.5696596698224912,6.930095347141026,16.874372457993278,4.7834405701417975,56.430931388833244,6.7151481099728265,16.518405495399957,6.745410870432795,2.0497861861548863,18.59337586550757,1.3370028790796047,48.915450270042584,40.336869856747555,0.40214,0.9433618630978511,0.09653,49.903729632749645,21.426252977845426,2.8522134061462827,329.14717390055154,1.8964560442498608
1454,0.08745,2.380136006501418,6.480698820167502,0.08338,41.85669719871477,5.381152095812778,0.5696596698224912,6.930095347141026,16.874372457993278,4.7834405701417975,56.430931388833244,6.7151481099728265,16.518405495399957,6.745410870432795,2.0497861861548863,18.59337586550757,1.3370028790796047,48.915450270042584,40.336869856747555,0.40214,0.9433618630978511,0.09653,49.903729632749645,21.426252977845426,2.8522134061462827,329.14717390055154,1.8964560442498608
1455,0.08745,2.380136006501418,6.480698820167502,0.08338,41.85669719871477,5.381152095812778,0.5696596698224912,6.930095347141026,16.874372457993278,4.7834405701417975,56.430931388833244,6.7151481099728265,16.518405495399957,6.745410870432795,2.0497861861548863,18.59337586550757,1.3370028790796047,48.915450270042584,40.336869856747555,0.40214,0.9433618630978511,0.09653,49.903729632749645,21.426252977845426,2.8522134061462827,329.14717390055154,1.8964560442498608
1456,0.08745,2.380136006501418,6.480698820167502,0.08338,41.85669719871477,5.381152095812778,0.5696596698224912,6.930095347141026,16.874372457993278,4.7834405701417975,56.430931388833244,6.7151481099728265,16.518405495399957,6.745410870432795,2.0497861861548863,18.59337586550757,1.3370028790796047,48.915450270042584,40.336869856747555,0.40214,0.9433618630978511,0.09653,49.903729632749645,21.426252977845426,2.8522134061462827,329.14717390055154,1.8964560442498608
1457,0.08745,2.380136006501418,6.480698820167502,0.08338,41.85669719871477,5.381152095812778,0.5696596698224912,6.930095347141026,16.874372457993278,4.7834405701417975,56.430931388833244,6.7151481099728265,16.518405495399957,6.745410870432795,2.0497861861548863,18.59337586550757,1.3370028790796047,48.915450270042584,40.336869856747555,0.40214,0.9433618630978511,0.09653,49.903729632749645,21.426252977845426,2.8522134061462827,329.14717390055154,1.8964560442498608
1458,0.08745,2.380136006501418,6.480698820167502,0.08338,41.85669719871477,5.381152095812778,0.5696596698224912,6.930095347141026,16.874372457993278,4.7834405701417975,56.430931388833244,6.7151481099728265,16.518405495399957,6.745410870432795,2.0497861861548863,18.59337586550757,1.3370028790796047,48.915450270042584,40.336869856747555,0.40214,0.9433618630978511,0.09653,49.903729632749645,21.426252977845426,2.8522134061462827,329.14717390055154,1.8964560442498608
1459,0.08745,2.380136006501418,6.480698820167502,0.08338,41.85669719871477,5.381152095812778,0.5696596698224912,6.930095347141026,16.874372457993278,4.7834405701417975,56.430931388833244,6.7151481099728265,16.518405495399957,6.745410870432795,2.0497861861548863,18.59337586550757,1.3370028790796047,48.915450270042584,40.336869856747555,0.40214,0.9433618630978511,0.09653,49.903729632749645,21.426252977845426,2.8522134061462827,329.14717390055154,1.8964560442498608
1460,0.08745,2.380136006501418,6.480698820167502,0.08338,41.85669719871477,5.381152095812778,0.5696596698224912,6.930095347141026,16.874372457993278,4.7834405701417975,56.430931388833244,6.7151481099728265,16.518405495399957,6.745410870432795,2.0497861861548863,18.59337586550757,1.3370028790796047,48.915450270042584,40.336869856747555,0.40214,0.9433618630978511,0.09653,49.903729632749645,21.426252977845426,2.8522134061462827,329.14717390055154,1.8964560442498608
1461,0.08745,2.380136006501418,6.480698820167502,0.08338,41.85669719871477,5.381152095812778,0.5696596698224912,6.930095347141026,16.874372457993278,4.7834405701417975,56.430931388833244,6.7151481099728265,16.518405495399957,6.745410870432795,2.0497861861548863,18.59337586550757,1.3370028790796047,48.915450270042584,40.336869856747555,0.40214,0.9433618630978511,0.09653,49.903729632749645,21.426252977845426,2.8522134061462827,329.14717390055154,1.8964560442498608
1462,0.08745,2.380136006501418,6.480698820167502,0.08338,41.85669719871477,5.381152095812778,0.5696596698224912,6.930095347141026,16.874372457993278,4.7834405701417975,56.430931388833244,6.7151481099728265,16.518405495399957,6.745410870432795,2.0497861861548863,18.59337586550757,1.3370028790796047,48.915450270042584,40.336869856747555,0.40214,0.9433618630978511,0.09653,49.903729632749645,21.426252977845426,2.8522134061462827,329.14717390055154,1.8964560442498608
1463,0.08745,2.380136006501418,6.480698820167502,0.08338,41.85669719871477,5.381152095812778,0.5696596698224912,6.930095347141026,16.874372457993278,4.7834405701417975,56.430931388833244,6.7151481099728265,16.518405495399957,6.745410870432795,2.0497861861548863,18.59337586550757,1.3370028790796047,48.915450270042584,40.336869856747555,0.40214,0.9433618630978511,0.09653,49.903729632749645,21.426252977845426,2.8522134061462827,329.14717390055154,1.8964560442498608
1464,0.08745,2.380136006501418,6.480698820167502,0.08338,41.85669719871477,5.381152095812778,0.5696596698224912,6.930095347141026,16.874372457993278,4.7834405701417975,56.430931388833244,6.7151481099728265,16.518405495399957,6.745410870432795,2.0497861861548863,18.59337586550757,1.3370028790796047,48.915450270042584,40.336869856747555,0.40214,0.9433618630978511,0.09653,49.903729632749645,21.426252977845426,2.8522134061462827,329.14717390055154,1.8964560442498608
1465,0.08745,2.380136006501418,6.480698820167502,0.08338,41.85669719871477,5.381152095812778,0.5696596698224912,6.930095347141026,16.874372457993278,4.7834405701417975,56.430931388833244,6.7151481099728265,16.518405495399957,6.745410870432795,2.0497861861548863,18.59337586550757,1.3370028790796047,48.915450270042584,40.336869856747555,0.40214,0.9433618630978511,0.09653,49.903729632749645,21.426252977845426,2.8522134061462827,329.14717390055154,1.8964560442498608
1466,0.08745,2.380136006501418,6.480698820167502,0.08338,41.85669719871477,5.381152095812778,0.5696596698224912,6.930095347141026,16.874372457993278,4.7834405701417975,56.430931388833244,6.7151481099728265,16.518405495399957,6.745410870432795,2.0497861861548863,18.59337586550757,1.3370028790796047,48.915450270042584,40.336869856747555,0.40214,0.9433618630978511,0.09653,49.903729632749645,21.426252977845426,2.8522134061462827,329.14717390055154,1.8964560442498608
1467,0.08745,2.380136006501418,6.480698820167502,0.08338,41.85669719871477,5.381152095812778,0.5696596698224912,6.930095347141026,16.874372457993278,4.7834405701417975,56.430931388833244,6.7151481099728265,16.518405495399957,6.745410870432795,2.0497861861548863,18.59337586550757,1.3370028790796047,48.915450270042584,40.336869856747555,0.40214,0.9433618630978511,0.09653,49.903729632749645,21.426252977845426,2.8522134061462827,329.14717390055154,1.8964560442498608
1468,0.08745,2.380136006501418,6.480698820167502,0.08338,41.85669719871477,5.381152095812778,0.5696596698224912,6.930095347141026,16.874372457993278,4.7834405701417975,56.430931388833244,6.7151481099728265,16.518405495399957,6.745410870432795,2.0497861861548863,18.59337586550757,1.3370028790796047,48.915450270042584,40.336869856747555,0.40214,0.9433618630978511,0.09653,49.903729632749645,21.426252977845426,2.8522134061462827,329.14717390055154,1.8964560442498608
1469,0.08745,2.380136006501418,6.480698820167502,0.08338,41.85669719871477,5.381152095812778,0.5696596698224912,6.930095347141026,16.874372457993278,4.7834405701417975,56.430931388833244,6.7151481099728265,16.518405495399957,6.745410870432795,2.0497861861548863,18.59337586550757,1.3370028790796047,48.915450270042584,40.336869856747555,0.40214,0.9433618630978511,0.09653,49.903729632749645,21.426252977845426,2.8522134061462827,329.14717390055154,1.8964560442498608
1470,0.08745,2.380136006501418,6.480698820167502,0.08338,41.85669719871477,5.381152095812778,0.5696596698224912,6.930095347141026,16.874372457993278,4.7834405701417975,56.430931388833244,6.7151481099728265,16.518405495399957,6.745410870432795,2.0497861861548863,18.59337586550757,1.3370028790796047,48.915450270042584,40.336869856747555,0.40214,0.9433618630978511,0.09653,49.903729632749645,21.426252977845426,2.8522134061462827,329.14717390055154,1.8964560442498608
1471,0.08745,2.380136006501418,6.480698820167502,0.08338,41.85669719871477,5.381152095812778,0.5696596698224912,6.930095347141026,16.874372457993278,4.7834405701417975,56.430931388833244,6.7151481099728265,16.518405495399957,6.745410870432795,2.0497861861548863,18.59337586550757,1.3370028790796047,48.915450270042584,40.336869856747555,0.40214,0.9433618630978511,0.09653,49.903729632749645,21.426252977845426,2.8522134061462827,329.14717390055154,1.8964560442498608
1472,0.08745,2.380136006501418,6.480698820167502,0.08338,41.85669719871477,5.381152095812778,0.5696596698224912,6.930095347141026,16.874372457993278,4.7834405701417975,56.430931388833244,6.7151481099728265,16.518405495399957,6.745410870432795,2.0497861861548863,18.59337586550757,1.3370028790796047,48.915450270042584,40.336869856747555,0.40214,0.9433618630978511,0.09653,49.903729632749645,21.426252977845426,2.8522134061462827,329.14717390055154,1.8964560442498608
1473,0.08745,2.380136006501418,6.480698820167502,0.08338,41.85669719871477,5.381152095812778,0.5696596698224912,6.930095347141026,16.874372457993278,4.7834405701417975,56.430931388833244,6.7151481099728265,16.518405495399957,6.745410870432795,2.0497861861548863,18.59337586550757,1.3370028790796047,48.915450270042584,40.336869856747555,0.40214,0.9433618630978511,0.09653,49.903729632749645,21.426252977845426,2.8522134061462827,329.14717390055154,1.8964560442498608
1474,0.08745,2.380136006501418,6.480698820167502,0.08338,41.85669719871477,5.381152095812778,0.5696596698224912,6.930095347141026,16.874372457993278,4.7834405701417975,56.430931388833244,6.7151481099728265,16.518405495399957,6.745410870432795,2.0497861861548863,18.59337586550757,1.3370028790796047,48.915450270042584,40.336869856747555,0.40214,0.9433618630978511,0.09653,49.903729632749645,21.426252977845426,2.8522134061462827,329.14717390055154,1.8964560442498608
1475,0.08745,2.380136006501418,6.480698820167502,0.08338,41.85669719871477,5.381152095812778,0.5696596698224912,6.930095347141026,16.874372457993278,4.7834405701417975,56.430931388833244,6.7151481099728265,16.518405495399957,6.745410870432795,2.0497861861548863,18.59337586550757,1.3370028790796047,48.915450270042584,40.336869856747555,0.40214,0.9433618630978511,0.09653,49.903729632749645,21.426252977845426,2.8522134061462827,329.14717390055154,1.8964560442498608
1476,0.08745,2.380136006501418,6.480698820167502,0.08338,41.85669719871477,5.381152095812778,0.5696596698224912,6.930095347141026,16.874372457993278,4.7834405701417975,56.430931388833244,6.7151481099728265,16.518405495399957,6.745410870432795,2.0497861861548863,18.59337586550757,1.3370028790796047,48.915450270042584,40.336869856747555,0.40214,0.9433618630978511,0.09653,49.903729632749645,21.426252977845426,2.8522134061462827,329.14717390055154,1.8964560442498608
1477,0.08745,2.380136006501418,6.480698820167502,0.08338,41.85669719871477,5.381152095812778,0.5696596698224912,6.930095347141026,16.874372457993278,4.7834405701417975,56.430931388833244,6.7151481099728265,16.518405495399957,6.745410870432795,2.0497861861548863,18.59337586550757,1.3370028790796047,48.915450270042584,40.336869856747555,0.40214,0.9433618630978511,0.09653,49.903729632749645,21.426252977845426,2.8522134061462827,329.14717390055154,1.8964560442498608
1478,0.08745,2.380136006501418,6.480698820167502,0.08338,41.85669719871477,5.381152095812778,0.5696596698224912,6.930095347141026,16.874372457993278,4.7834405701417975,56.430931388833244,6.7151481099728265,16.518405495399957,6.745410870432795,2.0497861861548863,18.59337586550757,1.3370028790796047,48.915450270042584,40.336869856747555,0.40214,0.9433618630978511,0.09653,49.903729632749645,21.426252977845426,2.8522134061462827,329.14717390055154,1.8964560442498608
1479,0.08745,2.380136006501418,6.480698820167502,0.08338,41.85669719871477,5.381152095812778,0.5696596698224912,6.930095347141026,16.874372457993278,4.7834405701417975,56.430931388833244,6.7151481099728265,16.518405495399957,6.745410870432795,2.0497861861548863,18.59337586550757,1.3370028790796047,48.915450270042584,40.336869856747555,0.40214,0.9433618630978511,0.09653,49.903729632749645,21.426252977845426,2.8522134061462827,329.14717390055154,1.8964560442498608
1480,0.08745,2.380136006501418,6.480698820167502,0.08338,41.85669719871477,5.381152095812778,0.5696596698224912,6.930095347141026,16.874372457993278,4.7834405701417975,56.430931388833244,6.7151481099728265,16.518405495399957,6.745410870432795,2.0497861861548863,18.59337586550757,1.3370028790796047,48.915450270042584,40.336869856747555,0.40214,0.9433618630978511,0.09653,49.903729632749645,21.426252977845426,2.8522134061462827,329.14717390055154,1.8964560442498608
1481,0.08745,2.380136006501418,6.480698820167502,0.08338,41.85669719871477,5.381152095812778,0.5696596698224912,6.930095347141026,16.874372457993278,4.7834405701417975,56.430931388833244,6.7151481099728265,16.518405495399957,6.745410870432795,2.0497861861548863,18.59337586550757,1.3370028790796047,48.915450270042584,40.336869856747555,0.40214,0.9433618630978511,0.09653,49.903729632749645,21.426252977845426,2.8522134061462827,329.14717390055154,1.8964560442498608
1482,0.08745,2.380136006501418,6.480698820167502,0.08338,41.85669719871477,5.381152095812778,0.5696596698224912,6.930095347141026,16.874372457993278,4.7834405701417975,56.430931388833244,6.7151481099728265,16.518405495399957,6.745410870432795,2.0497861861548863,18.59337586550757,1.3370028790796047,48.915450270042584,40.336869856747555,0.40214,0.9433618630978511,0.09653,49.903729632749645,21.426252977845426,2.8522134061462827,329.14717390055154,1.8964560442498608
1483,0.08745,2.380136006501418,6.480698820167502,0.08338,41.85669719871477,5.381152095812778,0.5696596698224912,6.930095347141026,16.874372457993278,4.7834405701417975,56.430931388833244,6.7151481099728265,16.518405495399957,6.745410870432795,2.0497861861548863,18.59337586550757,1.3370028790796047,48.915450270042584,40.336869856747555,0.40214,0.9433618630978511,0.09653,49.903729632749645,21.426252977845426,2.8522134061462827,329.14717390055154,1.8964560442498608
1484,0.08745,2.380136006501418,6.480698820167502,0.08338,41.85669719871477,5.381152095812778,0.5696596698224912,6.930095347141026,16.874372457993278,4.7834405701417975,56.430931388833244,6.7151481099728265,16.518405495399957,6.745410870432795,2.0497861861548863,18.59337586550757,1.3370028790796047,48.915450270042584,40.336869856747555,0.40214,0.9433618630978511,0.09653,49.903729632749645,21.426252977845426,2.8522134061462827,329.14717390055154,1.8964560442498608
1485,0.08745,2.380136006501418,6.480698820167502,0.08338,41.85669719871477,5.381152095812778,0.5696596698224912,6.930095347141026,16.874372457993278,4.7834405701417975,56.430931388833244,6.7151481099728265,16.518405495399957,6.745410870432795,2.0497861861548863,18.59337586550757,1.3370028790796047,48.915450270042584,40.336869856747555,0.40214,0.9433618630978511,0.09653,49.903729632749645,21.426252977845426,2.8522134061462827,329.14717390055154,1.8964560442498608
1486,0.08745,2.380136006501418,6.480698820167502,0.08338,41.85669719871477,5.381152095812778,0.5696596698224912,6.930095347141026,16.874372457993278,4.7834405701417975,56.430931388833244,6.7151481099728265,16.518405495399957,6.745410870432795,2.0497861861548863,18.59337586550757,1.3370028790796047,48.915450270042584,40.336869856747555,0.40214,0.9433618630978511,0.09653,49.903729632749645,21.426252977845426,2.8522134061462827,329.14717390055154,1.8964560442498608
1487,0.08745,2.380136006501418,6.480698820167502,0.08338,41.85669719871477,5.381152095812778,0.5696596698224912,6.930095347141026,16.874372457993278,4.7834405701417975,56.430931388833244,6.7151481099728265,16.518405495399957,6.745410870432795,2.0497861861548863,18.59337586550757,1.3370028790796047,48.915450270042584,40.336869856747555,0.40214,0.9433618630978511,0.09653,49.903729632749645,21.426252977845426,2.8522134061462827,329.14717390055154,1.8964560442498608
1488,0.08745,2.380136006501418,6.480698820167502,0.08338,41.85669719871477,5.381152095812778,0.5696596698224912,6.930095347141026,16.874372457993278,4.7834405701417975,56.430931388833244,6.7151481099728265,16.518405495399957,6.745410870432795,2.0497861861548863,18.59337586550757,1.3370028790796047,48.915450270042584,40.336869856747555,0.40214,0.9433618630978511,0.09653,49.903729632749645,21.426252977845426,2.8522134061462827,329.14717390055154,1.8964560442498608
1489,0.08745,2.380136006501418,6.480698820167502,0.08338,41.85669719871477,5.381152095812778,0.5696596698224912,6.930095347141026,16.874372457993278,4.7834405701417975,56.430931388833244,6.7151481099728265,16.518405495399957,6.745410870432795,2.0497861861548863,18.59337586550757,1.3370028790796047,48.915450270042584,40.336869856747555,0.40214,0.9433618630978511,0.09653,49.903729632749645,21.426252977845426,2.8522134061462827,329.14717390055154,1.8964560442498608
1490,0.08745,2.380136006501418,6.480698820167502,0.08338,41.85669719871477,5.381152095812778,0.5696596698224912,6.930095347141026,16.874372457993278,4.7834405701417975,56.430931388833244,6.7151481099728265,16.518405495399957,6.745410870432795,2.0497861861548863,18.59337586550757,1.3370028790796047,48.915450270042584,40.336869856747555,0.40214,0.9433618630978511,0.09653,49.903729632749645,21.426252977845426,2.8522134061462827,329.14717390055154,1.8964560442498608
1491,0.08745,2.380136006501418,6.480698820167502,0.08338,41.85669719871477,5.381152095812778,0.5696596698224912,6.930095347141026,16.874372457993278,4.7834405701417975,56.430931388833244,6.7151481099728265,16.518405495399957,6.745410870432795,2.0497861861548863,18.59337586550757,1.3370028790796047,48.915450270042584,40.336869856747555,0.40214,0.9433618630978511,0.09653,49.903729632749645,21.426252977845426,2.8522134061462827,329.14717390055154,1.8964560442498608
1492,0.08745,2.380136006501418,6.480698820167502,0.08338,41.85669719871477,5.381152095812778,0.5696596698224912,6.930095347141026,16.874372457993278,4.7834405701417975,56.430931388833244,6.7151481099728265,16.518405495399957,6.745410870432795,2.0497861861548863,18.59337586550757,1.3370028790796047,48.915450270042584,40.336869856747555,0.40214,0.9433618630978511,0.09653,49.903729632749645,21.426252977845426,2.8522134061462827,329.14717390055154,1.8964560442498608
1493,0.08745,2.380136006501418,6.480698820167502,0.08338,41.85669719871477,5.381152095812778,0.5696596698224912,6.930095347141026,16.874372457993278,4.7834405701417975,56.430931388833244,6.7151481099728265,16.518405495399957,6.745410870432795,2.0497861861548863,18.59337586550757,1.3370028790796047,48.915450270042584,40.336869856747555,0.40214,0.9433618630978511,0.09653,49.903729632749645,21.426252977845426,2.8522134061462827,329.14717390055154,1.8964560442498608
1494,0.08745,2.380136006501418,6.480698820167502,0.08338,41.85669719871477,5.381152095812778,0.5696596698224912,6.930095347141026,16.874372457993278,4.7834405701417975,56.430931388833244,6.7151481099728265,16.518405495399957,6.745410870432795,2.0497861861548863,18.59337586550757,1.3370028790796047,48.915450270042584,40.336869856747555,0.40214,0.9433618630978511,0.09653,49.903729632749645,21.426252977845426,2.8522134061462827,329.14717390055154,1.8964560442498608
1495,0.08745,2.380136006501418,6.480698820167502,0.08338,41.85669719871477,5.381152095812778,0.5696596698224912,6.930095347141026,16.874372457993278,4.7834405701417975,56.430931388833244,6.7151481099728265,16.518405495399957,6.745410870432795,2.0497861861548863,18.59337586550757,1.3370028790796047,48.915450270042584,40.336869856747555,0.40214,0.9433618630978511,0.09653,49.903729632749645,21.426252977845426,2.8522134061462827,329.14717390055154,1.8964560442498608
1496,0.08745,2.380136006501418,6.480698820167502,0.08338,41.85669719871477,5.381152095812778,0.5696596698224912,6.930095347141026,16.874372457993278,4.7834405701417975,56.430931388833244,6.7151481099728265,16.518405495399957,6.745410870432795,2.0497861861548863,18.59337586550757,1.3370028790796047,48.915450270042584,40.336869856747555,0.40214,0.9433618630978511,0.09653,49.903729632749645,21.426252977845426,2.8522134061462827,329.14717390055154,1.8964560442498608
1497,0.08745,2.380136006501418,6.480698820167502,0.08338,41.85669719871477,5.381152095812778,0.5696596698224912,6.930095347141026,16.874372457993278,4.7834405701417975,56.430931388833244,6.7151481099728265,16.518405495399957,6.745410870432795,2.0497861861548863,18.59337586550757,1.3370028790796047,48.915450270042584,40.336869856747555,0.40214,0.9433618630978511,0.09653,49.903729632749645,21.426252977845426,2.8522134061462827,329.14717390055154,1.8964560442498608
1498,0.08745,2.380136006501418,6.480698820167502,0.08338,41.85669719871477,5.381152095812778,0.5696596698224912,6.930095347141026,16.874372457993278,4.7834405701417975,56.430931388833244,6.7151481099728265,16.518405495399957,6.745410870432795,2.0497861861548863,18.59337586550757,1.3370028790796047,48.915450270042584,40.336869856747555,0.40214,0.9433618630978511,0.09653,49.903729632749645,21.426252977845426,2.8522134061462827,329.14717390055154,1.8964560442498608
1499,0.08745,2.380136006501418,6.480698820167502,0.08338,41.85669719871477,5.381152095812778,0.5696596698224912,6.930095347141026,16.874372457993278,4.7834405701417975,56.430931388833244,6.7151481099728265,16.518405495399957,6.745410870432795,2.0497861861548863,18.59337586550757,1.3370028790796047,48.915450270042584,40.336869856747555,0.40214,0.9433618630978511,0.09653,49.903729632749645,21.426252977845426,2.8522134061462827,329.14717390055154,1.8964560442498608
1500,0.08745,2.380136006501418,6.480698820167502,0.08338,41.85669719871477,5.381152095812778,0.5696596698224912,6.930095347141026,16.874372457993278,4.7834405701417975,56.430931388833244,6.7151481099728265,16.518405495399957,6.745410870432795,2.0497861861548863,18.59337586550757,1.3370028790796047,48.915450270042584,40.336869856747555,0.40214,0.9433618630978511,0.09653,49.903729632749645,21.426252977845426,2.8522134061462827,329.14717390055154,1.8964560442498608
1501,0.08745,2.380136006501418,6.480698820167502,0.08338,41.85669719871477,5.381152095812778,0.5696596698224912,6.930095347141026,16.874372457993278,4.7834405701417975,56.430931388833244,6.7151481099728265,16.518405495399957,6.745410870432795,2.0497861861548863,18.59337586550757,1.3370028790796047,48.915450270042584,40.336869856747555,0.40214,0.9433618630978511,0.09653,49.903729632749645,21.426252977845426,2.8522134061462827,329.14717390055154,1.8964560442498608
1502,0.08745,2.380136006501418,6.480698820167502,0.08338,41.85669719871477,5.381152095812778,0.5696596698224912,6.930095347141026,16.874372457993278,4.7834405701417975,56.430931388833244,6.7151481099728265,16.518405495399957,6.745410870432795,2.0497861861548863,18.59337586550757,1.3370028790796047,48.915450270042584,40.336869856747555,0.40214,0.9433618630978511,0.09653,49.903729632749645,21.426252977845426,2.8522134061462827,329.14717390055154,1.8964560442498608
1503,0.08745,2.380136006501418,6.480698820167502,0.08338,41.85669719871477,5.381152095812778,0.5696596698224912,6.930095347141026,16.874372457993278,4.7834405701417975,56.430931388833244,6.7151481099728265,16.518405495399957,6.745410870432795,2.0497861861548863,18.59337586550757,1.3370028790796047,48.915450270042584,40.336869856747555,0.40214,0.9433618630978511,0.09653,49.903729632749645,21.426252977845426,2.8522134061462827,329.14717390055154,1.8964560442498608
1504,0.08745,2.380136006501418,6.480698820167502,0.08338,41.85669719871477,5.381152095812778,0.5696596698224912,6.930095347141026,16.874372457993278,4.7834405701417975,56.430931388833244,6.7151481099728265,16.518405495399957,6.745410870432795,2.0497861861548863,18.59337586550757,1.3370028790796047,48.915450270042584,40.336869856747555,0.40214,0.9433618630978511,0.09653,49.903729632749645,21.426252977845426,2.8522134061462827,329.14717390055154,1.8964560442498608
1505,0.08745,2.380136006501418,6.480698820167502,0.08338,41.85669719871477,5.381152095812778,0.5696596698224912,6.930095347141026,16.874372457993278,4.7834405701417975,56.430931388833244,6.7151481099728265,16.518405495399957,6.745410870432795,2.0497861861548863,18.59337586550757,1.3370028790796047,48.915450270042584,40.336869856747555,0.40214,0.9433618630978511,0.09653,49.903729632749645,21.426252977845426,2.8522134061462827,329.14717390055154,1.8964560442498608
1506,0.08745,2.380136006501418,6.480698820167502,0.08338,41.85669719871477,5.381152095812778,0.5696596698224912,6.930095347141026,16.874372457993278,4.7834405701417975,56.430931388833244,6.7151481099728265,16.518405495399957,6.745410870432795,2.0497861861548863,18.59337586550757,1.3370028790796047,48.915450270042584,40.336869856747555,0.40214,0.9433618630978511,0.09653,49.903729632749645,21.426252977845426,2.8522134061462827,329.14717390055154,1.8964560442498608
1507,0.08745,2.380136006501418,6.480698820167502,0.08338,41.85669719871477,5.381152095812778,0.5696596698224912,6.930095347141026,16.874372457993278,4.7834405701417975,56.430931388833244,6.7151481099728265,16.518405495399957,6.745410870432795,2.0497861861548863,18.59337586550757,1.3370028790796047,48.915450270042584,40.336869856747555,0.40214,0.9433618630978511,0.09653,49.903729632749645,21.426252977845426,2.8522134061462827,329.14717390055154,1.8964560442498608
1508,0.08745,2.380136006501418,6.480698820167502,0.08338,41.85669719871477,5.381152095812778,0.5696596698224912,6.930095347141026,16.874372457993278,4.7834405701417975,56.430931388833244,6.7151481099728265,16.518405495399957,6.745410870432795,2.0497861861548863,18.59337586550757,1.3370028790796047,48.915450270042584,40.336869856747555,0.40214,0.9433618630978511,0.09653,49.903729632749645,21.426252977845426,2.8522134061462827,329.14717390055154,1.8964560442498608
1509,0.08745,2.380136006501418,6.480698820167502,0.08338,41.85669719871477,5.381152095812778,0.5696596698224912,6.930095347141026,16.874372457993278,4.7834405701417975,56.430931388833244,6.7151481099728265,16.518405495399957,6.745410870432795,2.0497861861548863,18.59337586550757,1.3370028790796047,48.915450270042584,40.336869856747555,0.40214,0.9433618630978511,0.09653,49.903729632749645,21.426252977845426,2.8522134061462827,329.14717390055154,1.8964560442498608
1510,0.08745,2.380136006501418,6.480698820167502,0.08338,41.85669719871477,5.381152095812778,0.5696596698224912,6.930095347141026,16.874372457993278,4.7834405701417975,56.430931388833244,6.7151481099728265,16.518405495399957,6.745410870432795,2.0497861861548863,18.59337586550757,1.3370028790796047,48.915450270042584,40.336869856747555,0.40214,0.9433618630978511,0.09653,49.903729632749645,21.426252977845426,2.8522134061462827,329.14717390055154,1.8964560442498608
1511,0.08745,2.380136006501418,6.480698820167502,0.08338,41.85669719871477,5.381152095812778,0.5696596698224912,6.930095347141026,16.874372457993278,4.7834405701417975,56.430931388833244,6.7151481099728265,16.518405495399957,6.745410870432795,2.0497861861548863,18.59337586550757,1.3370028790796047,48.915450270042584,40.336869856747555,0.40214,0.9433618630978511,0.09653,49.903729632749645,21.426252977845426,2.8522134061462827,329.14717390055154,1.8964560442498608
1512,0.08745,2.380136006501418,6.480698820167502,0.08338,41.85669719871477,5.381152095812778,0.5696596698224912,6.930095347141026,16.874372457993278,4.7834405701417975,56.430931388833244,6.7151481099728265,16.518405495399957,6.745410870432795,2.0497861861548863,18.59337586550757,1.3370028790796047,48.915450270042584,40.336869856747555,0.40214,0.9433618630978511,0.09653,49.903729632749645,21.426252977845426,2.8522134061462827,329.14717390055154,1.8964560442498608
1513,0.08745,2.380136006501418,6.480698820167502,0.08338,41.85669719871477,5.381152095812778,0.5696596698224912,6.930095347141026,16.874372457993278,4.7834405701417975,56.430931388833244,6.7151481099728265,16.518405495399957,6.745410870432795,2.0497861861548863,18.59337586550757,1.3370028790796047,48.915450270042584,40.336869856747555,0.40214,0.9433618630978511,0.09653,49.903729632749645,21.426252977845426,2.8522134061462827,329.14717390055154,1.8964560442498608
1514,0.08745,2.380136006501418,6.480698820167502,0.08338,41.85669719871477,5.381152095812778,0.5696596698224912,6.930095347141026,16.874372457993278,4.7834405701417975,56.430931388833244,6.7151481099728265,16.518405495399957,6.745410870432795,2.0497861861548863,18.59337586550757,1.3370028790796047,48.915450270042584,40.336869856747555,0.40214,0.9433618630978511,0.09653,49.903729632749645,21.426252977845426,2.8522134061462827,329.14717390055154,1.8964560442498608
1515,0.08745,2.380136006501418,6.480698820167502,0.08338,41.85669719871477,5.381152095812778,0.5696596698224912,6.930095347141026,16.874372457993278,4.7834405701417975,56.430931388833244,6.7151481099728265,16.518405495399957,6.745410870432795,2.0497861861548863,18.59337586550757,1.3370028790796047,48.915450270042584,40.336869856747555,0.40214,0.9433618630978511,0.09653,49.903729632749645,21.426252977845426,2.8522134061462827,329.14717390055154,1.8964560442498608
1516,0.08745,2.380136006501418,6.480698820167502,0.08338,41.85669719871477,5.381152095812778,0.5696596698224912,6.930095347141026,16.874372457993278,4.7834405701417975,56.430931388833244,6.7151481099728265,16.518405495399957,6.745410870432795,2.0497861861548863,18.59337586550757,1.3370028790796047,48.915450270042584,40.336869856747555,0.40214,0.9433618630978511,0.09653,49.903729632749645,21.426252977845426,2.8522134061462827,329.14717390055154,1.8964560442498608
1517,0.08745,2.380136006501418,6.480698820167502,0.08338,41.85669719871477,5.381152095812778,0.5696596698224912,6.930095347141026,16.874372457993278,4.7834405701417975,56.430931388833244,6.7151481099728265,16.518405495399957,6.745410870432795,2.0497861861548863,18.59337586550757,1.3370028790796047,48.915450270042584,40.336869856747555,0.40214,0.9433618630978511,0.09653,49.903729632749645,21.426252977845426,2.8522134061462827,329.14717390055154,1.8964560442498608
1518,0.08745,2.380136006501418,6.480698820167502,0.08338,41.85669719871477,5.381152095812778,0.5696596698224912,6.930095347141026,16.874372457993278,4.7834405701417975,56.430931388833244,6.7151481099728265,16.518405495399957,6.745410870432795,2.0497861861548863,18.59337586550757,1.3370028790796047,48.915450270042584,40.336869856747555,0.40214,0.9433618630978511,0.09653,49.903729632749645,21.426252977845426,2.8522134061462827,329.14717390055154,1.8964560442498608
1519,0.08745,2.380136006501418,6.480698820167502,0.08338,41.85669719871477,5.381152095812778,0.5696596698224912,6.930095347141026,16.874372457993278,4.7834405701417975,56.430931388833244,6.7151481099728265,16.518405495399957,6.745410870432795,2.0497861861548863,18.59337586550757,1.3370028790796047,48.915450270042584,40.336869856747555,0.40214,0.9433618630978511,0.09653,49.903729632749645,21.426252977845426,2.8522134061462827,329.14717390055154,1.8964560442498608
1520,0.08745,2.380136006501418,6.480698820167502,0.08338,41.85669719871477,5.381152095812778,0.5696596698224912,6.930095347141026,16.874372457993278,4.7834405701417975,56.430931388833244,6.7151481099728265,16.518405495399957,6.745410870432795,2.0497861861548863,18.59337586550757,1.3370028790796047,48.915450270042584,40.336869856747555,0.40214,0.9433618630978511,0.09653,49.903729632749645,21.426252977845426,2.8522134061462827,329.14717390055154,1.8964560442498608
1521,0.08745,2.380136006501418,6.480698820167502,0.08338,41.85669719871477,5.381152095812778,0.5696596698224912,6.930095347141026,16.874372457993278,4.7834405701417975,56.430931388833244,6.7151481099728265,16.518405495399957,6.745410870432795,2.0497861861548863,18.59337586550757,1.3370028790796047,48.915450270042584,40.336869856747555,0.40214,0.9433618630978511,0.09653,49.903729632749645,21.426252977845426,2.8522134061462827,329.14717390055154,1.8964560442498608
1522,0.08745,2.380136006501418,6.480698820167502,0.08338,41.85669719871477,5.381152095812778,0.5696596698224912,6.930095347141026,16.874372457993278,4.7834405701417975,56.430931388833244,6.7151481099728265,16.518405495399957,6.745410870432795,2.0497861861548863,18.59337586550757,1.3370028790796047,48.915450270042584,40.336869856747555,0.40214,0.9433618630978511,0.09653,49.903729632749645,21.426252977845426,2.8522134061462827,329.14717390055154,1.8964560442498608
1523,0.08745,2.380136006501418,6.480698820167502,0.08338,41.85669719871477,5.381152095812778,0.5696596698224912,6.930095347141026,16.874372457993278,4.7834405701417975,56.430931388833244,6.7151481099728265,16.518405495399957,6.745410870432795,2.0497861861548863,18.59337586550757,1.3370028790796047,48.915450270042584,40.336869856747555,0.40214,0.9433618630978511,0.09653,49.903729632749645,21.426252977845426,2.8522134061462827,329.14717390055154,1.8964560442498608
1524,0.08745,2.380136006501418,6.480698820167502,0.08338,41.85669719871477,5.381152095812778,0.5696596698224912,6.930095347141026,16.874372457993278,4.7834405701417975,56.430931388833244,6.7151481099728265,16.518405495399957,6.745410870432795,2.0497861861548863,18.59337586550757,1.3370028790796047,48.915450270042584,40.336869856747555,0.40214,0.9433618630978511,0.09653,49.903729632749645,21.426252977845426,2.8522134061462827,329.14717390055154,1.8964560442498608
1525,0.08745,2.380136006501418,6.480698820167502,0.08338,41.85669719871477,5.381152095812778,0.5696596698224912,6.930095347141026,16.874372457993278,4.7834405701417975,56.430931388833244,6.7151481099728265,16.518405495399957,6.745410870432795,2.0497861861548863,18.59337586550757,1.3370028790796047,48.915450270042584,40.336869856747555,0.40214,0.9433618630978511,0.09653,49.903729632749645,21.426252977845426,2.8522134061462827,329.14717390055154,1.8964560442498608
1526,0.08745,2.380136006501418,6.480698820167502,0.08338,41.85669719871477,5.381152095812778,0.5696596698224912,6.930095347141026,16.874372457993278,4.7834405701417975,56.430931388833244,6.7151481099728265,16.518405495399957,6.745410870432795,2.0497861861548863,18.59337586550757,1.3370028790796047,48.915450270042584,40.336869856747555,0.40214,0.9433618630978511,0.09653,49.903729632749645,21.426252977845426,2.8522134061462827,329.14717390055154,1.8964560442498608
1527,0.08745,2.380136006501418,6.480698820167502,0.08338,41.85669719871477,5.381152095812778,0.5696596698224912,6.930095347141026,16.874372457993278,4.7834405701417975,56.430931388833244,6.7151481099728265,16.518405495399957,6.745410870432795,2.0497861861548863,18.59337586550757,1.3370028790796047,48.915450270042584,40.336869856747555,0.40214,0.9433618630978511,0.09653,49.903729632749645,21.426252977845426,2.8522134061462827,329.14717390055154,1.8964560442498608
1528,0.08745,2.380136006501418,6.480698820167502,0.08338,41.85669719871477,5.381152095812778,0.5696596698224912,6.930095347141026,16.874372457993278,4.7834405701417975,56.430931388833244,6.7151481099728265,16.518405495399957,6.745410870432795,2.0497861861548863,18.59337586550757,1.3370028790796047,48.915450270042584,40.336869856747555,0.40214,0.9433618630978511,0.09653,49.903729632749645,21.426252977845426,2.8522134061462827,329.14717390055154,1.8964560442498608
1529,0.08745,2.380136006501418,6.480698820167502,0.08338,41.85669719871477,5.381152095812778,0.5696596698224912,6.930095347141026,16.874372457993278,4.7834405701417975,56.430931388833244,6.7151481099728265,16.518405495399957,6.745410870432795,2.0497861861548863,18.59337586550757,1.3370028790796047,48.915450270042584,40.336869856747555,0.40214,0.9433618630978511,0.09653,49.903729632749645,21.426252977845426,2.8522134061462827,329.14717390055154,1.8964560442498608
1530,0.08745,2.380136006501418,6.480698820167502,0.08338,41.85669719871477,5.381152095812778,0.5696596698224912,6.930095347141026,16.874372457993278,4.7834405701417975,56.430931388833244,6.7151481099728265,16.518405495399957,6.745410870432795,2.0497861861548863,18.59337586550757,1.3370028790796047,48.915450270042584,40.336869856747555,0.40214,0.9433618630978511,0.09653,49.903729632749645,21.426252977845426,2.8522134061462827,329.14717390055154,1.8964560442498608
1531,0.08745,2.380136006501418,6.480698820167502,0.08338,41.85669719871477,5.381152095812778,0.5696596698224912,6.930095347141026,16.874372457993278,4.7834405701417975,56.430931388833244,6.7151481099728265,16.518405495399957,6.745410870432795,2.0497861861548863,18.59337586550757,1.3370028790796047,48.915450270042584,40.336869856747555,0.40214,0.9433618630978511,0.09653,49.903729632749645,21.426252977845426,2.8522134061462827,329.14717390055154,1.8964560442498608
1532,0.08745,2.380136006501418,6.480698820167502,0.08338,41.85669719871477,5.381152095812778,0.5696596698224912,6.930095347141026,16.874372457993278,4.7834405701417975,56.430931388833244,6.7151481099728265,16.518405495399957,6.745410870432795,2.0497861861548863,18.59337586550757,1.3370028790796047,48.915450270042584,40.336869856747555,0.40214,0.9433618630978511,0.09653,49.903729632749645,21.426252977845426,2.8522134061462827,329.14717390055154,1.8964560442498608
1533,0.08745,2.380136006501418,6.480698820167502,0.08338,41.85669719871477,5.381152095812778,0.5696596698224912,6.930095347141026,16.874372457993278,4.7834405701417975,56.430931388833244,6.7151481099728265,16.518405495399957,6.745410870432795,2.0497861861548863,18.59337586550757,1.3370028790796047,48.915450270042584,40.336869856747555,0.40214,0.9433618630978511,0.09653,49.903729632749645,21.426252977845426,2.8522134061462827,329.14717390055154,1.8964560442498608
1534,0.08745,2.380136006501418,6.480698820167502,0.08338,41.85669719871477,5.381152095812778,0.5696596698224912,6.930095347141026,16.874372457993278,4.7834405701417975,56.430931388833244,6.7151481099728265,16.518405495399957,6.745410870432795,2.0497861861548863,18.59337586550757,1.3370028790796047,48.915450270042584,40.336869856747555,0.40214,0.9433618630978511,0.09653,49.903729632749645,21.426252977845426,2.8522134061462827,329.14717390055154,1.8964560442498608
1535,0.08745,2.380136006501418,6.480698820167502,0.08338,41.85669719871477,5.381152095812778,0.5696596698224912,6.930095347141026,16.874372457993278,4.7834405701417975,56.430931388833244,6.7151481099728265,16.518405495399957,6.745410870432795,2.0497861861548863,18.59337586550757,1.3370028790796047,48.915450270042584,40.336869856747555,0.40214,0.9433618630978511,0.09653,49.903729632749645,21.426252977845426,2.8522134061462827,329.14717390055154,1.8964560442498608
1536,0.08745,2.380136006501418,6.480698820167502,0.08338,41.85669719871477,5.381152095812778,0.5696596698224912,6.930095347141026,16.874372457993278,4.7834405701417975,56.430931388833244,6.7151481099728265,16.518405495399957,6.745410870432795,2.0497861861548863,18.59337586550757,1.3370028790796047,48.915450270042584,40.336869856747555,0.40214,0.9433618630978511,0.09653,49.903729632749645,21.426252977845426,2.8522134061462827,329.14717390055154,1.8964560442498608
1537,0.08745,2.380136006501418,6.480698820167502,0.08338,41.85669719871477,5.381152095812778,0.5696596698224912,6.930095347141026,16.874372457993278,4.7834405701417975,56.430931388833244,6.7151481099728265,16.518405495399957,6.745410870432795,2.0497861861548863,18.59337586550757,1.3370028790796047,48.915450270042584,40.336869856747555,0.40214,0.9433618630978511,0.09653,49.903729632749645,21.426252977845426,2.8522134061462827,329.14717390055154,1.8964560442498608
1538,0.08745,2.380136006501418,6.480698820167502,0.08338,41.85669719871477,5.381152095812778,0.5696596698224912,6.930095347141026,16.874372457993278,4.7834405701417975,56.430931388833244,6.7151481099728265,16.518405495399957,6.745410870432795,2.0497861861548863,18.59337586550757,1.3370028790796047,48.915450270042584,40.336869856747555,0.40214,0.9433618630978511,0.09653,49.903729632749645,21.426252977845426,2.8522134061462827,329.14717390055154,1.8964560442498608
1539,0.08745,2.380136006501418,6.480698820167502,0.08338,41.85669719871477,5.381152095812778,0.5696596698224912,6.930095347141026,16.874372457993278,4.7834405701417975,56.430931388833244,6.7151481099728265,16.518405495399957,6.745410870432795,2.0497861861548863,18.59337586550757,1.3370028790796047,48.915450270042584,40.336869856747555,0.40214,0.9433618630978511,0.09653,49.903729632749645,21.426252977845426,2.8522134061462827,329.14717390055154,1.8964560442498608
1540,0.08745,2.380136006501418,6.480698820167502,0.08338,41.85669719871477,5.381152095812778,0.5696596698224912,6.930095347141026,16.874372457993278,4.7834405701417975,56.430931388833244,6.7151481099728265,16.518405495399957,6.745410870432795,2.0497861861548863,18.59337586550757,1.3370028790796047,48.915450270042584,40.336869856747555,0.40214,0.9433618630978511,0.09653,49.903729632749645,21.426252977845426,2.8522134061462827,329.14717390055154,1.8964560442498608
1541,0.08745,2.380136006501418,6.480698820167502,0.08338,41.85669719871477,5.381152095812778,0.5696596698224912,6.930095347141026,16.874372457993278,4.7834405701417975,56.430931388833244,6.7151481099728265,16.518405495399957,6.745410870432795,2.0497861861548863,18.59337586550757,1.3370028790796047,48.915450270042584,40.336869856747555,0.40214,0.9433618630978511,0.09653,49.903729632749645,21.426252977845426,2.8522134061462827,329.14717390055154,1.8964560442498608
1542,0.08745,2.380136006501418,6.480698820167502,0.08338,41.85669719871477,5.381152095812778,0.5696596698224912,6.930095347141026,16.874372457993278,4.7834405701417975,56.430931388833244,6.7151481099728265,16.518405495399957,6.745410870432795,2.0497861861548863,18.59337586550757,1.3370028790796047,48.915450270042584,40.336869856747555,0.40214,0.9433618630978511,0.09653,49.903729632749645,21.426252977845426,2.8522134061462827,329.14717390055154,1.8964560442498608
1543,0.08745,2.380136006501418,6.480698820167502,0.08338,41.85669719871477,5.381152095812778,0.5696596698224912,6.930095347141026,16.874372457993278,4.7834405701417975,56.430931388833244,6.7151481099728265,16.518405495399957,6.745410870432795,2.0497861861548863,18.59337586550757,1.3370028790796047,48.915450270042584,40.336869856747555,0.40214,0.9433618630978511,0.09653,49.903729632749645,21.426252977845426,2.8522134061462827,329.14717390055154,1.8964560442498608
1544,0.08745,2.380136006501418,6.480698820167502,0.08338,41.85669719871477,5.381152095812778,0.5696596698224912,6.930095347141026,16.874372457993278,4.7834405701417975,56.430931388833244,6.7151481099728265,16.518405495399957,6.745410870432795,2.0497861861548863,18.59337586550757,1.3370028790796047,48.915450270042584,40.336869856747555,0.40214,0.9433618630978511,0.09653,49.903729632749645,21.426252977845426,2.8522134061462827,329.14717390055154,1.8964560442498608
1545,0.08745,2.380136006501418,6.480698820167502,0.08338,41.85669719871477,5.381152095812778,0.5696596698224912,6.930095347141026,16.874372457993278,4.7834405701417975,56.430931388833244,6.7151481099728265,16.518405495399957,6.745410870432795,2.0497861861548863,18.59337586550757,1.3370028790796047,48.915450270042584,40.336869856747555,0.40214,0.9433618630978511,0.09653,49.903729632749645,21.426252977845426,2.8522134061462827,329.14717390055154,1.8964560442498608
1546,0.08745,2.380136006501418,6.480698820167502,0.08338,41.85669719871477,5.381152095812778,0.5696596698224912,6.930095347141026,16.874372457993278,4.7834405701417975,56.430931388833244,6.7151481099728265,16.518405495399957,6.745410870432795,2.0497861861548863,18.59337586550757,1.3370028790796047,48.915450270042584,40.336869856747555,0.40214,0.9433618630978511,0.09653,49.903729632749645,21.426252977845426,2.8522134061462827,329.14717390055154,1.8964560442498608
1547,0.08745,2.380136006501418,6.480698820167502,0.08338,41.85669719871477,5.381152095812778,0.5696596698224912,6.930095347141026,16.874372457993278,4.7834405701417975,56.430931388833244,6.7151481099728265,16.518405495399957,6.745410870432795,2.0497861861548863,18.59337586550757,1.3370028790796047,48.915450270042584,40.336869856747555,0.40214,0.9433618630978511,0.09653,49.903729632749645,21.426252977845426,2.8522134061462827,329.14717390055154,1.8964560442498608
1548,0.08745,2.380136006501418,6.480698820167502,0.08338,41.85669719871477,5.381152095812778,0.5696596698224912,6.930095347141026,16.874372457993278,4.7834405701417975,56.430931388833244,6.7151481099728265,16.518405495399957,6.745410870432795,2.0497861861548863,18.59337586550757,1.3370028790796047,48.915450270042584,40.336869856747555,0.40214,0.9433618630978511,0.09653,49.903729632749645,21.426252977845426,2.8522134061462827,329.14717390055154,1.8964560442498608
1549,0.08745,2.380136006501418,6.480698820167502,0.08338,41.85669719871477,5.381152095812778,0.5696596698224912,6.930095347141026,16.874372457993278,4.7834405701417975,56.430931388833244,6.7151481099728265,16.518405495399957,6.745410870432795,2.0497861861548863,18.59337586550757,1.3370028790796047,48.915450270042584,40.336869856747555,0.40214,0.9433618630978511,0.09653,49.903729632749645,21.426252977845426,2.8522134061462827,329.14717390055154,1.8964560442498608
1550,0.08745,2.380136006501418,6.480698820167502,0.08338,41.85669719871477,5.381152095812778,0.5696596698224912,6.930095347141026,16.874372457993278,4.7834405701417975,56.430931388833244,6.7151481099728265,16.518405495399957,6.745410870432795,2.0497861861548863,18.59337586550757,1.3370028790796047,48.915450270042584,40.336869856747555,0.40214,0.9433618630978511,0.09653,49.903729632749645,21.426252977845426,2.8522134061462827,329.14717390055154,1.8964560442498608
1551,0.08745,2.380136006501418,6.480698820167502,0.08338,41.85669719871477,5.381152095812778,0.5696596698224912,6.930095347141026,16.874372457993278,4.7834405701417975,56.430931388833244,6.7151481099728265,16.518405495399957,6.745410870432795,2.0497861861548863,18.59337586550757,1.3370028790796047,48.915450270042584,40.336869856747555,0.40214,0.9433618630978511,0.09653,49.903729632749645,21.426252977845426,2.8522134061462827,329.14717390055154,1.8964560442498608
1552,0.08745,2.380136006501418,6.480698820167502,0.08338,41.85669719871477,5.381152095812778,0.5696596698224912,6.930095347141026,16.874372457993278,4.7834405701417975,56.430931388833244,6.7151481099728265,16.518405495399957,6.745410870432795,2.0497861861548863,18.59337586550757,1.3370028790796047,48.915450270042584,40.336869856747555,0.40214,0.9433618630978511,0.09653,49.903729632749645,21.426252977845426,2.8522134061462827,329.14717390055154,1.8964560442498608
1553,0.08745,2.380136006501418,6.480698820167502,0.08338,41.85669719871477,5.381152095812778,0.5696596698224912,6.930095347141026,16.874372457993278,4.7834405701417975,56.430931388833244,6.7151481099728265,16.518405495399957,6.745410870432795,2.0497861861548863,18.59337586550757,1.3370028790796047,48.915450270042584,40.336869856747555,0.40214,0.9433618630978511,0.09653,49.903729632749645,21.426252977845426,2.8522134061462827,329.14717390055154,1.8964560442498608
1554,0.08745,2.380136006501418,6.480698820167502,0.08338,41.85669719871477,5.381152095812778,0.5696596698224912,6.930095347141026,16.874372457993278,4.7834405701417975,56.430931388833244,6.7151481099728265,16.518405495399957,6.745410870432795,2.0497861861548863,18.59337586550757,1.3370028790796047,48.915450270042584,40.336869856747555,0.40214,0.9433618630978511,0.09653,49.903729632749645,21.426252977845426,2.8522134061462827,329.14717390055154,1.8964560442498608
1555,0.08745,2.380136006501418,6.480698820167502,0.08338,41.85669719871477,5.381152095812778,0.5696596698224912,6.930095347141026,16.874372457993278,4.7834405701417975,56.430931388833244,6.7151481099728265,16.518405495399957,6.745410870432795,2.0497861861548863,18.59337586550757,1.3370028790796047,48.915450270042584,40.336869856747555,0.40214,0.9433618630978511,0.09653,49.903729632749645,21.426252977845426,2.8522134061462827,329.14717390055154,1.8964560442498608
1556,0.08745,2.380136006501418,6.480698820167502,0.08338,41.85669719871477,5.381152095812778,0.5696596698224912,6.930095347141026,16.874372457993278,4.7834405701417975,56.430931388833244,6.7151481099728265,16.518405495399957,6.745410870432795,2.0497861861548863,18.59337586550757,1.3370028790796047,48.915450270042584,40.336869856747555,0.40214,0.9433618630978511,0.09653,49.903729632749645,21.426252977845426,2.8522134061462827,329.14717390055154,1.8964560442498608
1557,0.08745,2.380136006501418,6.480698820167502,0.08338,41.85669719871477,5.381152095812778,0.5696596698224912,6.930095347141026,16.874372457993278,4.7834405701417975,56.430931388833244,6.7151481099728265,16.518405495399957,6.745410870432795,2.0497861861548863,18.59337586550757,1.3370028790796047,48.915450270042584,40.336869856747555,0.40214,0.9433618630978511,0.09653,49.903729632749645,21.426252977845426,2.8522134061462827,329.14717390055154,1.8964560442498608
1558,0.08745,2.380136006501418,6.480698820167502,0.08338,41.85669719871477,5.381152095812778,0.5696596698224912,6.930095347141026,16.874372457993278,4.7834405701417975,56.430931388833244,6.7151481099728265,16.518405495399957,6.745410870432795,2.0497861861548863,18.59337586550757,1.3370028790796047,48.915450270042584,40.336869856747555,0.40214,0.9433618630978511,0.09653,49.903729632749645,21.426252977845426,2.8522134061462827,329.14717390055154,1.8964560442498608
1559,0.08745,2.380136006501418,6.480698820167502,0.08338,41.85669719871477,5.381152095812778,0.5696596698224912,6.930095347141026,16.874372457993278,4.7834405701417975,56.430931388833244,6.7151481099728265,16.518405495399957,6.745410870432795,2.0497861861548863,18.59337586550757,1.3370028790796047,48.915450270042584,40.336869856747555,0.40214,0.9433618630978511,0.09653,49.903729632749645,21.426252977845426,2.8522134061462827,329.14717390055154,1.8964560442498608
1560,0.08745,2.380136006501418,6.480698820167502,0.08338,41.85669719871477,5.381152095812778,0.5696596698224912,6.930095347141026,16.874372457993278,4.7834405701417975,56.430931388833244,6.7151481099728265,16.518405495399957,6.745410870432795,2.0497861861548863,18.59337586550757,1.3370028790796047,48.915450270042584,40.336869856747555,0.40214,0.9433618630978511,0.09653,49.903729632749645,21.426252977845426,2.8522134061462827,329.14717390055154,1.8964560442498608
1561,0.08745,2.380136006501418,6.480698820167502,0.08338,41.85669719871477,5.381152095812778,0.5696596698224912,6.930095347141026,16.874372457993278,4.7834405701417975,56.430931388833244,6.7151481099728265,16.518405495399957,6.745410870432795,2.0497861861548863,18.59337586550757,1.3370028790796047,48.915450270042584,40.336869856747555,0.40214,0.9433618630978511,0.09653,49.903729632749645,21.426252977845426,2.8522134061462827,329.14717390055154,1.8964560442498608
1562,0.08745,2.380136006501418,6.480698820167502,0.08338,41.85669719871477,5.381152095812778,0.5696596698224912,6.930095347141026,16.874372457993278,4.7834405701417975,56.430931388833244,6.7151481099728265,16.518405495399957,6.745410870432795,2.0497861861548863,18.59337586550757,1.3370028790796047,48.915450270042584,40.336869856747555,0.40214,0.9433618630978511,0.09653,49.903729632749645,21.426252977845426,2.8522134061462827,329.14717390055154,1.8964560442498608
1563,0.08745,2.380136006501418,6.480698820167502,0.08338,41.85669719871477,5.381152095812778,0.5696596698224912,6.930095347141026,16.874372457993278,4.7834405701417975,56.430931388833244,6.7151481099728265,16.518405495399957,6.745410870432795,2.0497861861548863,18.59337586550757,1.3370028790796047,48.915450270042584,40.336869856747555,0.40214,0.9433618630978511,0.09653,49.903729632749645,21.426252977845426,2.8522134061462827,329.14717390055154,1.8964560442498608
1564,0.08745,2.380136006501418,6.480698820167502,0.08338,41.85669719871477,5.381152095812778,0.5696596698224912,6.930095347141026,16.874372457993278,4.7834405701417975,56.430931388833244,6.7151481099728265,16.518405495399957,6.745410870432795,2.0497861861548863,18.59337586550757,1.3370028790796047,48.915450270042584,40.336869856747555,0.40214,0.9433618630978511,0.09653,49.903729632749645,21.426252977845426,2.8522134061462827,329.14717390055154,1.8964560442498608
1565,0.08745,2.380136006501418,6.480698820167502,0.08338,41.85669719871477,5.381152095812778,0.5696596698224912,6.930095347141026,16.874372457993278,4.7834405701417975,56.430931388833244,6.7151481099728265,16.518405495399957,6.745410870432795,2.0497861861548863,18.59337586550757,1.3370028790796047,48.915450270042584,40.336869856747555,0.40214,0.9433618630978511,0.09653,49.903729632749645,21.426252977845426,2.8522134061462827,329.14717390055154,1.8964560442498608
1566,0.08745,2.380136006501418,6.480698820167502,0.08338,41.85669719871477,5.381152095812778,0.5696596698224912,6.930095347141026,16.874372457993278,4.7834405701417975,56.430931388833244,6.7151481099728265,16.518405495399957,6.745410870432795,2.0497861861548863,18.59337586550757,1.3370028790796047,48.915450270042584,40.336869856747555,0.40214,0.9433618630978511,0.09653,49.903729632749645,21.426252977845426,2.8522134061462827,329.14717390055154,1.8964560442498608
1567,0.08745,2.380136006501418,6.480698820167502,0.08338,41.85669719871477,5.381152095812778,0.5696596698224912,6.930095347141026,16.874372457993278,4.7834405701417975,56.430931388833244,6.7151481099728265,16.518405495399957,6.745410870432795,2.0497861861548863,18.59337586550757,1.3370028790796047,48.915450270042584,40.336869856747555,0.40214,0.9433618630978511,0.09653,49.903729632749645,21.426252977845426,2.8522134061462827,329.14717390055154,1.8964560442498608
1568,0.08745,2.380136006501418,6.480698820167502,0.08338,41.85669719871477,5.381152095812778,0.5696596698224912,6.930095347141026,16.874372457993278,4.7834405701417975,56.430931388833244,6.7151481099728265,16.518405495399957,6.745410870432795,2.0497861861548863,18.59337586550757,1.3370028790796047,48.915450270042584,40.336869856747555,0.40214,0.9433618630978511,0.09653,49.903729632749645,21.426252977845426,2.8522134061462827,329.14717390055154,1.8964560442498608
1569,0.08745,2.380136006501418,6.480698820167502,0.08338,41.85669719871477,5.381152095812778,0.5696596698224912,6.930095347141026,16.874372457993278,4.7834405701417975,56.430931388833244,6.7151481099728265,16.518405495399957,6.745410870432795,2.0497861861548863,18.59337586550757,1.3370028790796047,48.915450270042584,40.336869856747555,0.40214,0.9433618630978511,0.09653,49.903729632749645,21.426252977845426,2.8522134061462827,329.14717390055154,1.8964560442498608
1570,0.08745,2.380136006501418,6.480698820167502,0.08338,41.85669719871477,5.381152095812778,0.5696596698224912,6.930095347141026,16.874372457993278,4.7834405701417975,56.430931388833244,6.7151481099728265,16.518405495399957,6.745410870432795,2.0497861861548863,18.59337586550757,1.3370028790796047,48.915450270042584,40.336869856747555,0.40214,0.9433618630978511,0.09653,49.903729632749645,21.426252977845426,2.8522134061462827,329.14717390055154,1.8964560442498608
1571,0.08745,2.380136006501418,6.480698820167502,0.08338,41.85669719871477,5.381152095812778,0.5696596698224912,6.930095347141026,16.874372457993278,4.7834405701417975,56.430931388833244,6.7151481099728265,16.518405495399957,6.745410870432795,2.0497861861548863,18.59337586550757,1.3370028790796047,48.915450270042584,40.336869856747555,0.40214,0.9433618630978511,0.09653,49.903729632749645,21.426252977845426,2.8522134061462827,329.14717390055154,1.8964560442498608
1572,0.08745,2.380136006501418,6.480698820167502,0.08338,41.85669719871477,5.381152095812778,0.5696596698224912,6.930095347141026,16.874372457993278,4.7834405701417975,56.430931388833244,6.7151481099728265,16.518405495399957,6.745410870432795,2.0497861861548863,18.59337586550757,1.3370028790796047,48.915450270042584,40.336869856747555,0.40214,0.9433618630978511,0.09653,49.903729632749645,21.426252977845426,2.8522134061462827,329.14717390055154,1.8964560442498608
1573,0.08745,2.380136006501418,6.480698820167502,0.08338,41.85669719871477,5.381152095812778,0.5696596698224912,6.930095347141026,16.874372457993278,4.7834405701417975,56.430931388833244,6.7151481099728265,16.518405495399957,6.745410870432795,2.0497861861548863,18.59337586550757,1.3370028790796047,48.915450270042584,40.336869856747555,0.40214,0.9433618630978511,0.09653,49.903729632749645,21.426252977845426,2.8522134061462827,329.14717390055154,1.8964560442498608
1574,0.08745,2.380136006501418,6.480698820167502,0.08338,41.85669719871477,5.381152095812778,0.5696596698224912,6.930095347141026,16.874372457993278,4.7834405701417975,56.430931388833244,6.7151481099728265,16.518405495399957,6.745410870432795,2.0497861861548863,18.59337586550757,1.3370028790796047,48.915450270042584,40.336869856747555,0.40214,0.9433618630978511,0.09653,49.903729632749645,21.426252977845426,2.8522134061462827,329.14717390055154,1.8964560442498608
1575,0.08745,2.380136006501418,6.480698820167502,0.08338,41.85669719871477,5.381152095812778,0.5696596698224912,6.930095347141026,16.874372457993278,4.7834405701417975,56.430931388833244,6.7151481099728265,16.518405495399957,6.745410870432795,2.0497861861548863,18.59337586550757,1.3370028790796047,48.915450270042584,40.336869856747555,0.40214,0.9433618630978511,0.09653,49.903729632749645,21.426252977845426,2.8522134061462827,329.14717390055154,1.8964560442498608
1576,0.08745,2.380136006501418,6.480698820167502,0.08338,41.85669719871477,5.381152095812778,0.5696596698224912,6.930095347141026,16.874372457993278,4.7834405701417975,56.430931388833244,6.7151481099728265,16.518405495399957,6.745410870432795,2.0497861861548863,18.59337586550757,1.3370028790796047,48.915450270042584,40.336869856747555,0.40214,0.9433618630978511,0.09653,49.903729632749645,21.426252977845426,2.8522134061462827,329.14717390055154,1.8964560442498608
1577,0.08745,2.380136006501418,6.480698820167502,0.08338,41.85669719871477,5.381152095812778,0.5696596698224912,6.930095347141026,16.874372457993278,4.7834405701417975,56.430931388833244,6.7151481099728265,16.518405495399957,6.745410870432795,2.0497861861548863,18.59337586550757,1.3370028790796047,48.915450270042584,40.336869856747555,0.40214,0.9433618630978511,0.09653,49.903729632749645,21.426252977845426,2.8522134061462827,329.14717390055154,1.8964560442498608
1578,0.08745,2.380136006501418,6.480698820167502,0.08338,41.85669719871477,5.381152095812778,0.5696596698224912,6.930095347141026,16.874372457993278,4.7834405701417975,56.430931388833244,6.7151481099728265,16.518405495399957,6.745410870432795,2.0497861861548863,18.59337586550757,1.3370028790796047,48.915450270042584,40.336869856747555,0.40214,0.9433618630978511,0.09653,49.903729632749645,21.426252977845426,2.8522134061462827,329.14717390055154,1.8964560442498608
1579,0.08745,2.380136006501418,6.480698820167502,0.08338,41.85669719871477,5.381152095812778,0.5696596698224912,6.930095347141026,16.874372457993278,4.7834405701417975,56.430931388833244,6.7151481099728265,16.518405495399957,6.745410870432795,2.0497861861548863,18.59337586550757,1.3370028790796047,48.915450270042584,40.336869856747555,0.40214,0.9433618630978511,0.09653,49.903729632749645,21.426252977845426,2.8522134061462827,329.14717390055154,1.8964560442498608
1580,0.08745,2.380136006501418,6.480698820167502,0.08338,41.85669719871477,5.381152095812778,0.5696596698224912,6.930095347141026,16.874372457993278,4.7834405701417975,56.430931388833244,6.7151481099728265,16.518405495399957,6.745410870432795,2.0497861861548863,18.59337586550757,1.3370028790796047,48.915450270042584,40.336869856747555,0.40214,0.9433618630978511,0.09653,49.903729632749645,21.426252977845426,2.8522134061462827,329.14717390055154,1.8964560442498608
1581,0.08745,2.380136006501418,6.480698820167502,0.08338,41.85669719871477,5.381152095812778,0.5696596698224912,6.930095347141026,16.874372457993278,4.7834405701417975,56.430931388833244,6.7151481099728265,16.518405495399957,6.745410870432795,2.0497861861548863,18.59337586550757,1.3370028790796047,48.915450270042584,40.336869856747555,0.40214,0.9433618630978511,0.09653,49.903729632749645,21.426252977845426,2.8522134061462827,329.14717390055154,1.8964560442498608
1582,0.08745,2.380136006501418,6.480698820167502,0.08338,41.85669719871477,5.381152095812778,0.5696596698224912,6.930095347141026,16.874372457993278,4.7834405701417975,56.430931388833244,6.7151481099728265,16.518405495399957,6.745410870432795,2.0497861861548863,18.59337586550757,1.3370028790796047,48.915450270042584,40.336869856747555,0.40214,0.9433618630978511,0.09653,49.903729632749645,21.426252977845426,2.8522134061462827,329.14717390055154,1.8964560442498608
1583,0.08745,2.380136006501418,6.480698820167502,0.08338,41.85669719871477,5.381152095812778,0.5696596698224912,6.930095347141026,16.874372457993278,4.7834405701417975,56.430931388833244,6.7151481099728265,16.518405495399957,6.745410870432795,2.0497861861548863,18.59337586550757,1.3370028790796047,48.915450270042584,40.336869856747555,0.40214,0.9433618630978511,0.09653,49.903729632749645,21.426252977845426,2.8522134061462827,329.14717390055154,1.8964560442498608
1584,0.08745,2.380136006501418,6.480698820167502,0.08338,41.85669719871477,5.381152095812778,0.5696596698224912,6.930095347141026,16.874372457993278,4.7834405701417975,56.430931388833244,6.7151481099728265,16.518405495399957,6.745410870432795,2.0497861861548863,18.59337586550757,1.3370028790796047,48.915450270042584,40.336869856747555,0.40214,0.9433618630978511,0.09653,49.903729632749645,21.426252977845426,2.8522134061462827,329.14717390055154,1.8964560442498608
1585,0.08745,2.380136006501418,6.480698820167502,0.08338,41.85669719871477,5.381152095812778,0.5696596698224912,6.930095347141026,16.874372457993278,4.7834405701417975,56.430931388833244,6.7151481099728265,16.518405495399957,6.745410870432795,2.0497861861548863,18.59337586550757,1.3370028790796047,48.915450270042584,40.336869856747555,0.40214,0.9433618630978511,0.09653,49.903729632749645,21.426252977845426,2.8522134061462827,329.14717390055154,1.8964560442498608
1586,0.08745,2.380136006501418,6.480698820167502,0.08338,41.85669719871477,5.381152095812778,0.5696596698224912,6.930095347141026,16.874372457993278,4.7834405701417975,56.430931388833244,6.7151481099728265,16.518405495399957,6.745410870432795,2.0497861861548863,18.59337586550757,1.3370028790796047,48.915450270042584,40.336869856747555,0.40214,0.9433618630978511,0.09653,49.903729632749645,21.426252977845426,2.8522134061462827,329.14717390055154,1.8964560442498608
1587,0.08745,2.380136006501418,6.480698820167502,0.08338,41.85669719871477,5.381152095812778,0.5696596698224912,6.930095347141026,16.874372457993278,4.7834405701417975,56.430931388833244,6.7151481099728265,16.518405495399957,6.745410870432795,2.0497861861548863,18.59337586550757,1.3370028790796047,48.915450270042584,40.336869856747555,0.40214,0.9433618630978511,0.09653,49.903729632749645,21.426252977845426,2.8522134061462827,329.14717390055154,1.8964560442498608
1588,0.08745,2.380136006501418,6.480698820167502,0.08338,41.85669719871477,5.381152095812778,0.5696596698224912,6.930095347141026,16.874372457993278,4.7834405701417975,56.430931388833244,6.7151481099728265,16.518405495399957,6.745410870432795,2.0497861861548863,18.59337586550757,1.3370028790796047,48.915450270042584,40.336869856747555,0.40214,0.9433618630978511,0.09653,49.903729632749645,21.426252977845426,2.8522134061462827,329.14717390055154,1.8964560442498608
1589,0.08745,2.380136006501418,6.480698820167502,0.08338,41.85669719871477,5.381152095812778,0.5696596698224912,6.930095347141026,16.874372457993278,4.7834405701417975,56.430931388833244,6.7151481099728265,16.518405495399957,6.745410870432795,2.0497861861548863,18.59337586550757,1.3370028790796047,48.915450270042584,40.336869856747555,0.40214,0.9433618630978511,0.09653,49.903729632749645,21.426252977845426,2.8522134061462827,329.14717390055154,1.8964560442498608
1590,0.08745,2.380136006501418,6.480698820167502,0.08338,41.85669719871477,5.381152095812778,0.5696596698224912,6.930095347141026,16.874372457993278,4.7834405701417975,56.430931388833244,6.7151481099728265,16.518405495399957,6.745410870432795,2.0497861861548863,18.59337586550757,1.3370028790796047,48.915450270042584,40.336869856747555,0.40214,0.9433618630978511,0.09653,49.903729632749645,21.426252977845426,2.8522134061462827,329.14717390055154,1.8964560442498608
1591,0.08745,2.380136006501418,6.480698820167502,0.08338,41.85669719871477,5.381152095812778,0.5696596698224912,6.930095347141026,16.874372457993278,4.7834405701417975,56.430931388833244,6.7151481099728265,16.518405495399957,6.745410870432795,2.0497861861548863,18.59337586550757,1.3370028790796047,48.915450270042584,40.336869856747555,0.40214,0.9433618630978511,0.09653,49.903729632749645,21.426252977845426,2.8522134061462827,329.14717390055154,1.8964560442498608
1592,0.08745,2.380136006501418,6.480698820167502,0.08338,41.85669719871477,5.381152095812778,0.5696596698224912,6.930095347141026,16.874372457993278,4.7834405701417975,56.430931388833244,6.7151481099728265,16.518405495399957,6.745410870432795,2.0497861861548863,18.59337586550757,1.3370028790796047,48.915450270042584,40.336869856747555,0.40214,0.9433618630978511,0.09653,49.903729632749645,21.426252977845426,2.8522134061462827,329.14717390055154,1.8964560442498608
1593,0.08745,2.380136006501418,6.480698820167502,0.08338,41.85669719871477,5.381152095812778,0.5696596698224912,6.930095347141026,16.874372457993278,4.7834405701417975,56.430931388833244,6.7151481099728265,16.518405495399957,6.745410870432795,2.0497861861548863,18.59337586550757,1.3370028790796047,48.915450270042584,40.336869856747555,0.40214,0.9433618630978511,0.09653,49.903729632749645,21.426252977845426,2.8522134061462827,329.14717390055154,1.8964560442498608
1594,0.08745,2.380136006501418,6.480698820167502,0.08338,41.85669719871477,5.381152095812778,0.5696596698224912,6.930095347141026,16.874372457993278,4.7834405701417975,56.430931388833244,6.7151481099728265,16.518405495399957,6.745410870432795,2.0497861861548863,18.59337586550757,1.3370028790796047,48.915450270042584,40.336869856747555,0.40214,0.9433618630978511,0.09653,49.903729632749645,21.426252977845426,2.8522134061462827,329.14717390055154,1.8964560442498608
1595,0.08745,2.380136006501418,6.480698820167502,0.08338,41.85669719871477,5.381152095812778,0.5696596698224912,6.930095347141026,16.874372457993278,4.7834405701417975,56.430931388833244,6.7151481099728265,16.518405495399957,6.745410870432795,2.0497861861548863,18.59337586550757,1.3370028790796047,48.915450270042584,40.336869856747555,0.40214,0.9433618630978511,0.09653,49.903729632749645,21.426252977845426,2.8522134061462827,329.14717390055154,1.8964560442498608
1596,0.08745,2.380136006501418,6.480698820167502,0.08338,41.85669719871477,5.381152095812778,0.5696596698224912,6.930095347141026,16.874372457993278,4.7834405701417975,56.430931388833244,6.7151481099728265,16.518405495399957,6.745410870432795,2.0497861861548863,18.59337586550757,1.3370028790796047,48.915450270042584,40.336869856747555,0.40214,0.9433618630978511,0.09653,49.903729632749645,21.426252977845426,2.8522134061462827,329.14717390055154,1.8964560442498608
1597,0.08745,2.380136006501418,6.480698820167502,0.08338,41.85669719871477,5.381152095812778,0.5696596698224912,6.930095347141026,16.874372457993278,4.7834405701417975,56.430931388833244,6.7151481099728265,16.518405495399957,6.745410870432795,2.0497861861548863,18.59337586550757,1.3370028790796047,48.915450270042584,40.336869856747555,0.40214,0.9433618630978511,0.09653,49.903729632749645,21.426252977845426,2.8522134061462827,329.14717390055154,1.8964560442498608
1598,0.08745,2.380136006501418,6.480698820167502,0.08338,41.85669719871477,5.381152095812778,0.5696596698224912,6.930095347141026,16.874372457993278,4.7834405701417975,56.430931388833244,6.7151481099728265,16.518405495399957,6.745410870432795,2.0497861861548863,18.59337586550757,1.3370028790796047,48.915450270042584,40.336869856747555,0.40214,0.9433618630978511,0.09653,49.903729632749645,21.426252977845426,2.8522134061462827,329.14717390055154,1.8964560442498608
1599,0.08745,2.380136006501418,6.480698820167502,0.08338,41.85669719871477,5.381152095812778,0.5696596698224912,6.930095347141026,16.874372457993278,4.7834405701417975,56.430931388833244,6.7151481099728265,16.518405495399957,6.745410870432795,2.0497861861548863,18.59337586550757,1.3370028790796047,48.915450270042584,40.336869856747555,0.40214,0.9433618630978511,0.09653,49.903729632749645,21.426252977845426,2.8522134061462827,329.14717390055154,1.8964560442498608
1600,0.08745,2.380136006501418,6.480698820167502,0.08338,41.85669719871477,5.381152095812778,0.5696596698224912,6.930095347141026,16.874372457993278,4.7834405701417975,56.430931388833244,6.7151481099728265,16.518405495399957,6.745410870432795,2.0497861861548863,18.59337586550757,1.3370028790796047,48.915450270042584,40.336869856747555,0.40214,0.9433618630978511,0.09653,49.903729632749645,21.426252977845426,2.8522134061462827,329.14717390055154,1.8964560442498608
1601,0.08745,2.380136006501418,6.480698820167502,0.08338,41.85669719871477,5.381152095812778,0.5696596698224912,6.930095347141026,16.874372457993278,4.7834405701417975,56.430931388833244,6.7151481099728265,16.518405495399957,6.745410870432795,2.0497861861548863,18.59337586550757,1.3370028790796047,48.915450270042584,40.336869856747555,0.40214,0.9433618630978511,0.09653,49.903729632749645,21.426252977845426,2.8522134061462827,329.14717390055154,1.8964560442498608
1602,0.08745,2.380136006501418,6.480698820167502,0.08338,41.85669719871477,5.381152095812778,0.5696596698224912,6.930095347141026,16.874372457993278,4.7834405701417975,56.430931388833244,6.7151481099728265,16.518405495399957,6.745410870432795,2.0497861861548863,18.59337586550757,1.3370028790796047,48.915450270042584,40.336869856747555,0.40214,0.9433618630978511,0.09653,49.903729632749645,21.426252977845426,2.8522134061462827,329.14717390055154,1.8964560442498608
1603,0.08745,2.380136006501418,6.480698820167502,0.08338,41.85669719871477,5.381152095812778,0.5696596698224912,6.930095347141026,16.874372457993278,4.7834405701417975,56.430931388833244,6.7151481099728265,16.518405495399957,6.745410870432795,2.0497861861548863,18.59337586550757,1.3370028790796047,48.915450270042584,40.336869856747555,0.40214,0.9433618630978511,0.09653,49.903729632749645,21.426252977845426,2.8522134061462827,329.14717390055154,1.8964560442498608
1604,0.08745,2.380136006501418,6.480698820167502,0.08338,41.85669719871477,5.381152095812778,0.5696596698224912,6.930095347141026,16.874372457993278,4.7834405701417975,56.430931388833244,6.7151481099728265,16.518405495399957,6.745410870432795,2.0497861861548863,18.59337586550757,1.3370028790796047,48.915450270042584,40.336869856747555,0.40214,0.9433618630978511,0.09653,49.903729632749645,21.426252977845426,2.8522134061462827,329.14717390055154,1.8964560442498608
1605,0.08745,2.380136006501418,6.480698820167502,0.08338,41.85669719871477,5.381152095812778,0.5696596698224912,6.930095347141026,16.874372457993278,4.7834405701417975,56.430931388833244,6.7151481099728265,16.518405495399957,6.745410870432795,2.0497861861548863,18.59337586550757,1.3370028790796047,48.915450270042584,40.336869856747555,0.40214,0.9433618630978511,0.09653,49.903729632749645,21.426252977845426,2.8522134061462827,329.14717390055154,1.8964560442498608
1606,0.08745,2.380136006501418,6.480698820167502,0.08338,41.85669719871477,5.381152095812778,0.5696596698224912,6.930095347141026,16.874372457993278,4.7834405701417975,56.430931388833244,6.7151481099728265,16.518405495399957,6.745410870432795,2.0497861861548863,18.59337586550757,1.3370028790796047,48.915450270042584,40.336869856747555,0.40214,0.9433618630978511,0.09653,49.903729632749645,21.426252977845426,2.8522134061462827,329.14717390055154,1.8964560442498608
1607,0.08745,2.380136006501418,6.480698820167502,0.08338,41.85669719871477,5.381152095812778,0.5696596698224912,6.930095347141026,16.874372457993278,4.7834405701417975,56.430931388833244,6.7151481099728265,16.518405495399957,6.745410870432795,2.0497861861548863,18.59337586550757,1.3370028790796047,48.915450270042584,40.336869856747555,0.40214,0.9433618630978511,0.09653,49.903729632749645,21.426252977845426,2.8522134061462827,329.14717390055154,1.8964560442498608
1608,0.08745,2.380136006501418,6.480698820167502,0.08338,41.85669719871477,5.381152095812778,0.5696596698224912,6.930095347141026,16.874372457993278,4.7834405701417975,56.430931388833244,6.7151481099728265,16.518405495399957,6.745410870432795,2.0497861861548863,18.59337586550757,1.3370028790796047,48.915450270042584,40.336869856747555,0.40214,0.9433618630978511,0.09653,49.903729632749645,21.426252977845426,2.8522134061462827,329.14717390055154,1.8964560442498608
1609,0.08745,2.380136006501418,6.480698820167502,0.08338,41.85669719871477,5.381152095812778,0.5696596698224912,6.930095347141026,16.874372457993278,4.7834405701417975,56.430931388833244,6.7151481099728265,16.518405495399957,6.745410870432795,2.0497861861548863,18.59337586550757,1.3370028790796047,48.915450270042584,40.336869856747555,0.40214,0.9433618630978511,0.09653,49.903729632749645,21.426252977845426,2.8522134061462827,329.14717390055154,1.8964560442498608
1610,0.08745,2.380136006501418,6.480698820167502,0.08338,41.85669719871477,5.381152095812778,0.5696596698224912,6.930095347141026,16.874372457993278,4.7834405701417975,56.430931388833244,6.7151481099728265,16.518405495399957,6.745410870432795,2.0497861861548863,18.59337586550757,1.3370028790796047,48.915450270042584,40.336869856747555,0.40214,0.9433618630978511,0.09653,49.903729632749645,21.426252977845426,2.8522134061462827,329.14717390055154,1.8964560442498608
1611,0.08745,2.380136006501418,6.480698820167502,0.08338,41.85669719871477,5.381152095812778,0.5696596698224912,6.930095347141026,16.874372457993278,4.7834405701417975,56.430931388833244,6.7151481099728265,16.518405495399957,6.745410870432795,2.0497861861548863,18.59337586550757,1.3370028790796047,48.915450270042584,40.336869856747555,0.40214,0.9433618630978511,0.09653,49.903729632749645,21.426252977845426,2.8522134061462827,329.14717390055154,1.8964560442498608
1612,0.08745,2.380136006501418,6.480698820167502,0.08338,41.85669719871477,5.381152095812778,0.5696596698224912,6.930095347141026,16.874372457993278,4.7834405701417975,56.430931388833244,6.7151481099728265,16.518405495399957,6.745410870432795,2.0497861861548863,18.59337586550757,1.3370028790796047,48.915450270042584,40.336869856747555,0.40214,0.9433618630978511,0.09653,49.903729632749645,21.426252977845426,2.8522134061462827,329.14717390055154,1.8964560442498608
1613,0.08745,2.380136006501418,6.480698820167502,0.08338,41.85669719871477,5.381152095812778,0.5696596698224912,6.930095347141026,16.874372457993278,4.7834405701417975,56.430931388833244,6.7151481099728265,16.518405495399957,6.745410870432795,2.0497861861548863,18.59337586550757,1.3370028790796047,48.915450270042584,40.336869856747555,0.40214,0.9433618630978511,0.09653,49.903729632749645,21.426252977845426,2.8522134061462827,329.14717390055154,1.8964560442498608
1614,0.08745,2.380136006501418,6.480698820167502,0.08338,41.85669719871477,5.381152095812778,0.5696596698224912,6.930095347141026,16.874372457993278,4.7834405701417975,56.430931388833244,6.7151481099728265,16.518405495399957,6.745410870432795,2.0497861861548863,18.59337586550757,1.3370028790796047,48.915450270042584,40.336869856747555,0.40214,0.9433618630978511,0.09653,49.903729632749645,21.426252977845426,2.8522134061462827,329.14717390055154,1.8964560442498608
1615,0.08745,2.380136006501418,6.480698820167502,0.08338,41.85669719871477,5.381152095812778,0.5696596698224912,6.930095347141026,16.874372457993278,4.7834405701417975,56.430931388833244,6.7151481099728265,16.518405495399957,6.745410870432795,2.0497861861548863,18.59337586550757,1.3370028790796047,48.915450270042584,40.336869856747555,0.40214,0.9433618630978511,0.09653,49.903729632749645,21.426252977845426,2.8522134061462827,329.14717390055154,1.8964560442498608
1616,0.08745,2.380136006501418,6.480698820167502,0.08338,41.85669719871477,5.381152095812778,0.5696596698224912,6.930095347141026,16.874372457993278,4.7834405701417975,56.430931388833244,6.7151481099728265,16.518405495399957,6.745410870432795,2.0497861861548863,18.59337586550757,1.3370028790796047,48.915450270042584,40.336869856747555,0.40214,0.9433618630978511,0.09653,49.903729632749645,21.426252977845426,2.8522134061462827,329.14717390055154,1.8964560442498608
1617,0.08745,2.380136006501418,6.480698820167502,0.08338,41.85669719871477,5.381152095812778,0.5696596698224912,6.930095347141026,16.874372457993278,4.7834405701417975,56.430931388833244,6.7151481099728265,16.518405495399957,6.745410870432795,2.0497861861548863,18.59337586550757,1.3370028790796047,48.915450270042584,40.336869856747555,0.40214,0.9433618630978511,0.09653,49.903729632749645,21.426252977845426,2.8522134061462827,329.14717390055154,1.8964560442498608
1618,0.08745,2.380136006501418,6.480698820167502,0.08338,41.85669719871477,5.381152095812778,0.5696596698224912,6.930095347141026,16.874372457993278,4.7834405701417975,56.430931388833244,6.7151481099728265,16.518405495399957,6.745410870432795,2.0497861861548863,18.59337586550757,1.3370028790796047,48.915450270042584,40.336869856747555,0.40214,0.9433618630978511,0.09653,49.903729632749645,21.426252977845426,2.8522134061462827,329.14717390055154,1.8964560442498608
1619,0.08745,2.380136006501418,6.480698820167502,0.08338,41.85669719871477,5.381152095812778,0.5696596698224912,6.930095347141026,16.874372457993278,4.7834405701417975,56.430931388833244,6.7151481099728265,16.518405495399957,6.745410870432795,2.0497861861548863,18.59337586550757,1.3370028790796047,48.915450270042584,40.336869856747555,0.40214,0.9433618630978511,0.09653,49.903729632749645,21.426252977845426,2.8522134061462827,329.14717390055154,1.8964560442498608
1620,0.08745,2.380136006501418,6.480698820167502,0.08338,41.85669719871477,5.381152095812778,0.5696596698224912,6.930095347141026,16.874372457993278,4.7834405701417975,56.430931388833244,6.7151481099728265,16.518405495399957,6.745410870432795,2.0497861861548863,18.59337586550757,1.3370028790796047,48.915450270042584,40.336869856747555,0.40214,0.9433618630978511,0.09653,49.903729632749645,21.426252977845426,2.8522134061462827,329.14717390055154,1.8964560442498608
1621,0.08745,2.380136006501418,6.480698820167502,0.08338,41.85669719871477,5.381152095812778,0.5696596698224912,6.930095347141026,16.874372457993278,4.7834405701417975,56.430931388833244,6.7151481099728265,16.518405495399957,6.745410870432795,2.0497861861548863,18.59337586550757,1.3370028790796047,48.915450270042584,40.336869856747555,0.40214,0.9433618630978511,0.09653,49.903729632749645,21.426252977845426,2.8522134061462827,329.14717390055154,1.8964560442498608
1622,0.08745,2.380136006501418,6.480698820167502,0.08338,41.85669719871477,5.381152095812778,0.5696596698224912,6.930095347141026,16.874372457993278,4.7834405701417975,56.430931388833244,6.7151481099728265,16.518405495399957,6.745410870432795,2.0497861861548863,18.59337586550757,1.3370028790796047,48.915450270042584,40.336869856747555,0.40214,0.9433618630978511,0.09653,49.903729632749645,21.426252977845426,2.8522134061462827,329.14717390055154,1.8964560442498608
1623,0.08745,2.380136006501418,6.480698820167502,0.08338,41.85669719871477,5.381152095812778,0.5696596698224912,6.930095347141026,16.874372457993278,4.7834405701417975,56.430931388833244,6.7151481099728265,16.518405495399957,6.745410870432795,2.0497861861548863,18.59337586550757,1.3370028790796047,48.915450270042584,40.336869856747555,0.40214,0.9433618630978511,0.09653,49.903729632749645,21.426252977845426,2.8522134061462827,329.14717390055154,1.8964560442498608
1624,0.08745,2.380136006501418,6.480698820167502,0.08338,41.85669719871477,5.381152095812778,0.5696596698224912,6.930095347141026,16.874372457993278,4.7834405701417975,56.430931388833244,6.7151481099728265,16.518405495399957,6.745410870432795,2.0497861861548863,18.59337586550757,1.3370028790796047,48.915450270042584,40.336869856747555,0.40214,0.9433618630978511,0.09653,49.903729632749645,21.426252977845426,2.8522134061462827,329.14717390055154,1.8964560442498608
1625,0.08745,2.380136006501418,6.480698820167502,0.08338,41.85669719871477,5.381152095812778,0.5696596698224912,6.930095347141026,16.874372457993278,4.7834405701417975,56.430931388833244,6.7151481099728265,16.518405495399957,6.745410870432795,2.0497861861548863,18.59337586550757,1.3370028790796047,48.915450270042584,40.336869856747555,0.40214,0.9433618630978511,0.09653,49.903729632749645,21.426252977845426,2.8522134061462827,329.14717390055154,1.8964560442498608
1626,0.08745,2.380136006501418,6.480698820167502,0.08338,41.85669719871477,5.381152095812778,0.5696596698224912,6.930095347141026,16.874372457993278,4.7834405701417975,56.430931388833244,6.7151481099728265,16.518405495399957,6.745410870432795,2.0497861861548863,18.59337586550757,1.3370028790796047,48.915450270042584,40.336869856747555,0.40214,0.9433618630978511,0.09653,49.903729632749645,21.426252977845426,2.8522134061462827,329.14717390055154,1.8964560442498608
1627,0.08745,2.380136006501418,6.480698820167502,0.08338,41.85669719871477,5.381152095812778,0.5696596698224912,6.930095347141026,16.874372457993278,4.7834405701417975,56.430931388833244,6.7151481099728265,16.518405495399957,6.745410870432795,2.0497861861548863,18.59337586550757,1.3370028790796047,48.915450270042584,40.336869856747555,0.40214,0.9433618630978511,0.09653,49.903729632749645,21.426252977845426,2.8522134061462827,329.14717390055154,1.8964560442498608
1628,0.08745,2.380136006501418,6.480698820167502,0.08338,41.85669719871477,5.381152095812778,0.5696596698224912,6.930095347141026,16.874372457993278,4.7834405701417975,56.430931388833244,6.7151481099728265,16.518405495399957,6.745410870432795,2.0497861861548863,18.59337586550757,1.3370028790796047,48.915450270042584,40.336869856747555,0.40214,0.9433618630978511,0.09653,49.903729632749645,21.426252977845426,2.8522134061462827,329.14717390055154,1.8964560442498608
1629,0.08745,2.380136006501418,6.480698820167502,0.08338,41.85669719871477,5.381152095812778,0.5696596698224912,6.930095347141026,16.874372457993278,4.7834405701417975,56.430931388833244,6.7151481099728265,16.518405495399957,6.745410870432795,2.0497861861548863,18.59337586550757,1.3370028790796047,48.915450270042584,40.336869856747555,0.40214,0.9433618630978511,0.09653,49.903729632749645,21.426252977845426,2.8522134061462827,329.14717390055154,1.8964560442498608
1630,0.08745,2.380136006501418,6.480698820167502,0.08338,41.85669719871477,5.381152095812778,0.5696596698224912,6.930095347141026,16.874372457993278,4.7834405701417975,56.430931388833244,6.7151481099728265,16.518405495399957,6.745410870432795,2.0497861861548863,18.59337586550757,1.3370028790796047,48.915450270042584,40.336869856747555,0.40214,0.9433618630978511,0.09653,49.903729632749645,21.426252977845426,2.8522134061462827,329.14717390055154,1.8964560442498608
1631,0.08745,2.380136006501418,6.480698820167502,0.08338,41.85669719871477,5.381152095812778,0.5696596698224912,6.930095347141026,16.874372457993278,4.7834405701417975,56.430931388833244,6.7151481099728265,16.518405495399957,6.745410870432795,2.0497861861548863,18.59337586550757,1.3370028790796047,48.915450270042584,40.336869856747555,0.40214,0.9433618630978511,0.09653,49.903729632749645,21.426252977845426,2.8522134061462827,329.14717390055154,1.8964560442498608
1632,0.08745,2.380136006501418,6.480698820167502,0.08338,41.85669719871477,5.381152095812778,0.5696596698224912,6.930095347141026,16.874372457993278,4.7834405701417975,56.430931388833244,6.7151481099728265,16.518405495399957,6.745410870432795,2.0497861861548863,18.59337586550757,1.3370028790796047,48.915450270042584,40.336869856747555,0.40214,0.9433618630978511,0.09653,49.903729632749645,21.426252977845426,2.8522134061462827,329.14717390055154,1.8964560442498608
1633,0.08745,2.380136006501418,6.480698820167502,0.08338,41.85669719871477,5.381152095812778,0.5696596698224912,6.930095347141026,16.874372457993278,4.7834405701417975,56.430931388833244,6.7151481099728265,16.518405495399957,6.745410870432795,2.0497861861548863,18.59337586550757,1.3370028790796047,48.915450270042584,40.336869856747555,0.40214,0.9433618630978511,0.09653,49.903729632749645,21.426252977845426,2.8522134061462827,329.14717390055154,1.8964560442498608
1634,0.08745,2.380136006501418,6.480698820167502,0.08338,41.85669719871477,5.381152095812778,0.5696596698224912,6.930095347141026,16.874372457993278,4.7834405701417975,56.430931388833244,6.7151481099728265,16.518405495399957,6.745410870432795,2.0497861861548863,18.59337586550757,1.3370028790796047,48.915450270042584,40.336869856747555,0.40214,0.9433618630978511,0.09653,49.903729632749645,21.426252977845426,2.8522134061462827,329.14717390055154,1.8964560442498608
1635,0.08745,2.380136006501418,6.480698820167502,0.08338,41.85669719871477,5.381152095812778,0.5696596698224912,6.930095347141026,16.874372457993278,4.7834405701417975,56.430931388833244,6.7151481099728265,16.518405495399957,6.745410870432795,2.0497861861548863,18.59337586550757,1.3370028790796047,48.915450270042584,40.336869856747555,0.40214,0.9433618630978511,0.09653,49.903729632749645,21.426252977845426,2.8522134061462827,329.14717390055154,1.8964560442498608
1636,0.08745,2.380136006501418,6.480698820167502,0.08338,41.85669719871477,5.381152095812778,0.5696596698224912,6.930095347141026,16.874372457993278,4.7834405701417975,56.430931388833244,6.7151481099728265,16.518405495399957,6.745410870432795,2.0497861861548863,18.59337586550757,1.3370028790796047,48.915450270042584,40.336869856747555,0.40214,0.9433618630978511,0.09653,49.903729632749645,21.426252977845426,2.8522134061462827,329.14717390055154,1.8964560442498608
1637,0.08745,2.380136006501418,6.480698820167502,0.08338,41.85669719871477,5.381152095812778,0.5696596698224912,6.930095347141026,16.874372457993278,4.7834405701417975,56.430931388833244,6.7151481099728265,16.518405495399957,6.745410870432795,2.0497861861548863,18.59337586550757,1.3370028790796047,48.915450270042584,40.336869856747555,0.40214,0.9433618630978511,0.09653,49.903729632749645,21.426252977845426,2.8522134061462827,329.14717390055154,1.8964560442498608
1638,0.08745,2.380136006501418,6.480698820167502,0.08338,41.85669719871477,5.381152095812778,0.5696596698224912,6.930095347141026,16.874372457993278,4.7834405701417975,56.430931388833244,6.7151481099728265,16.518405495399957,6.745410870432795,2.0497861861548863,18.59337586550757,1.3370028790796047,48.915450270042584,40.336869856747555,0.40214,0.9433618630978511,0.09653,49.903729632749645,21.426252977845426,2.8522134061462827,329.14717390055154,1.8964560442498608
1639,0.08745,2.380136006501418,6.480698820167502,0.08338,41.85669719871477,5.381152095812778,0.5696596698224912,6.930095347141026,16.874372457993278,4.7834405701417975,56.430931388833244,6.7151481099728265,16.518405495399957,6.745410870432795,2.0497861861548863,18.59337586550757,1.3370028790796047,48.915450270042584,40.336869856747555,0.40214,0.9433618630978511,0.09653,49.903729632749645,21.426252977845426,2.8522134061462827,329.14717390055154,1.8964560442498608
1640,0.08745,2.380136006501418,6.480698820167502,0.08338,41.85669719871477,5.381152095812778,0.5696596698224912,6.930095347141026,16.874372457993278,4.7834405701417975,56.430931388833244,6.7151481099728265,16.518405495399957,6.745410870432795,2.0497861861548863,18.59337586550757,1.3370028790796047,48.915450270042584,40.336869856747555,0.40214,0.9433618630978511,0.09653,49.903729632749645,21.426252977845426,2.8522134061462827,329.14717390055154,1.8964560442498608
1641,0.08745,2.380136006501418,6.480698820167502,0.08338,41.85669719871477,5.381152095812778,0.5696596698224912,6.930095347141026,16.874372457993278,4.7834405701417975,56.430931388833244,6.7151481099728265,16.518405495399957,6.745410870432795,2.0497861861548863,18.59337586550757,1.3370028790796047,48.915450270042584,40.336869856747555,0.40214,0.9433618630978511,0.09653,49.903729632749645,21.426252977845426,2.8522134061462827,329.14717390055154,1.8964560442498608
1642,0.08745,2.380136006501418,6.480698820167502,0.08338,41.85669719871477,5.381152095812778,0.5696596698224912,6.930095347141026,16.874372457993278,4.7834405701417975,56.430931388833244,6.7151481099728265,16.518405495399957,6.745410870432795,2.0497861861548863,18.59337586550757,1.3370028790796047,48.915450270042584,40.336869856747555,0.40214,0.9433618630978511,0.09653,49.903729632749645,21.426252977845426,2.8522134061462827,329.14717390055154,1.8964560442498608
1643,0.08745,2.380136006501418,6.480698820167502,0.08338,41.85669719871477,5.381152095812778,0.5696596698224912,6.930095347141026,16.874372457993278,4.7834405701417975,56.430931388833244,6.7151481099728265,16.518405495399957,6.745410870432795,2.0497861861548863,18.59337586550757,1.3370028790796047,48.915450270042584,40.336869856747555,0.40214,0.9433618630978511,0.09653,49.903729632749645,21.426252977845426,2.8522134061462827,329.14717390055154,1.8964560442498608
1644,0.08745,2.380136006501418,6.480698820167502,0.08338,41.85669719871477,5.381152095812778,0.5696596698224912,6.930095347141026,16.874372457993278,4.7834405701417975,56.430931388833244,6.7151481099728265,16.518405495399957,6.745410870432795,2.0497861861548863,18.59337586550757,1.3370028790796047,48.915450270042584,40.336869856747555,0.40214,0.9433618630978511,0.09653,49.903729632749645,21.426252977845426,2.8522134061462827,329.14717390055154,1.8964560442498608
1645,0.08745,2.380136006501418,6.480698820167502,0.08338,41.85669719871477,5.381152095812778,0.5696596698224912,6.930095347141026,16.874372457993278,4.7834405701417975,56.430931388833244,6.7151481099728265,16.518405495399957,6.745410870432795,2.0497861861548863,18.59337586550757,1.3370028790796047,48.915450270042584,40.336869856747555,0.40214,0.9433618630978511,0.09653,49.903729632749645,21.426252977845426,2.8522134061462827,329.14717390055154,1.8964560442498608
1646,0.08745,2.380136006501418,6.480698820167502,0.08338,41.85669719871477,5.381152095812778,0.5696596698224912,6.930095347141026,16.874372457993278,4.7834405701417975,56.430931388833244,6.7151481099728265,16.518405495399957,6.745410870432795,2.0497861861548863,18.59337586550757,1.3370028790796047,48.915450270042584,40.336869856747555,0.40214,0.9433618630978511,0.09653,49.903729632749645,21.426252977845426,2.8522134061462827,329.14717390055154,1.8964560442498608
1647,0.08745,2.380136006501418,6.480698820167502,0.08338,41.85669719871477,5.381152095812778,0.5696596698224912,6.930095347141026,16.874372457993278,4.7834405701417975,56.430931388833244,6.7151481099728265,16.518405495399957,6.745410870432795,2.0497861861548863,18.59337586550757,1.3370028790796047,48.915450270042584,40.336869856747555,0.40214,0.9433618630978511,0.09653,49.903729632749645,21.426252977845426,2.8522134061462827,329.14717390055154,1.8964560442498608
1648,0.08745,2.380136006501418,6.480698820167502,0.08338,41.85669719871477,5.381152095812778,0.5696596698224912,6.930095347141026,16.874372457993278,4.7834405701417975,56.430931388833244,6.7151481099728265,16.518405495399957,6.745410870432795,2.0497861861548863,18.59337586550757,1.3370028790796047,48.915450270042584,40.336869856747555,0.40214,0.9433618630978511,0.09653,49.903729632749645,21.426252977845426,2.8522134061462827,329.14717390055154,1.8964560442498608
1649,0.08745,2.380136006501418,6.480698820167502,0.08338,41.85669719871477,5.381152095812778,0.5696596698224912,6.930095347141026,16.874372457993278,4.7834405701417975,56.430931388833244,6.7151481099728265,16.518405495399957,6.745410870432795,2.0497861861548863,18.59337586550757,1.3370028790796047,48.915450270042584,40.336869856747555,0.40214,0.9433618630978511,0.09653,49.903729632749645,21.426252977845426,2.8522134061462827,329.14717390055154,1.8964560442498608
1650,0.08745,2.380136006501418,6.480698820167502,0.08338,41.85669719871477,5.381152095812778,0.5696596698224912,6.930095347141026,16.874372457993278,4.7834405701417975,56.430931388833244,6.7151481099728265,16.518405495399957,6.745410870432795,2.0497861861548863,18.59337586550757,1.3370028790796047,48.915450270042584,40.336869856747555,0.40214,0.9433618630978511,0.09653,49.903729632749645,21.426252977845426,2.8522134061462827,329.14717390055154,1.8964560442498608
1651,0.08745,2.380136006501418,6.480698820167502,0.08338,41.85669719871477,5.381152095812778,0.5696596698224912,6.930095347141026,16.874372457993278,4.7834405701417975,56.430931388833244,6.7151481099728265,16.518405495399957,6.745410870432795,2.0497861861548863,18.59337586550757,1.3370028790796047,48.915450270042584,40.336869856747555,0.40214,0.9433618630978511,0.09653,49.903729632749645,21.426252977845426,2.8522134061462827,329.14717390055154,1.8964560442498608
1652,0.08745,2.380136006501418,6.480698820167502,0.08338,41.85669719871477,5.381152095812778,0.5696596698224912,6.930095347141026,16.874372457993278,4.7834405701417975,56.430931388833244,6.7151481099728265,16.518405495399957,6.745410870432795,2.0497861861548863,18.59337586550757,1.3370028790796047,48.915450270042584,40.336869856747555,0.40214,0.9433618630978511,0.09653,49.903729632749645,21.426252977845426,2.8522134061462827,329.14717390055154,1.8964560442498608
1653,0.08745,2.380136006501418,6.480698820167502,0.08338,41.85669719871477,5.381152095812778,0.5696596698224912,6.930095347141026,16.874372457993278,4.7834405701417975,56.430931388833244,6.7151481099728265,16.518405495399957,6.745410870432795,2.0497861861548863,18.59337586550757,1.3370028790796047,48.915450270042584,40.336869856747555,0.40214,0.9433618630978511,0.09653,49.903729632749645,21.426252977845426,2.8522134061462827,329.14717390055154,1.8964560442498608
1654,0.08745,2.380136006501418,6.480698820167502,0.08338,41.85669719871477,5.381152095812778,0.5696596698224912,6.930095347141026,16.874372457993278,4.7834405701417975,56.430931388833244,6.7151481099728265,16.518405495399957,6.745410870432795,2.0497861861548863,18.59337586550757,1.3370028790796047,48.915450270042584,40.336869856747555,0.40214,0.9433618630978511,0.09653,49.903729632749645,21.426252977845426,2.8522134061462827,329.14717390055154,1.8964560442498608
1655,0.08745,2.380136006501418,6.480698820167502,0.08338,41.85669719871477,5.381152095812778,0.5696596698224912,6.930095347141026,16.874372457993278,4.7834405701417975,56.430931388833244,6.7151481099728265,16.518405495399957,6.745410870432795,2.0497861861548863,18.59337586550757,1.3370028790796047,48.915450270042584,40.336869856747555,0.40214,0.9433618630978511,0.09653,49.903729632749645,21.426252977845426,2.8522134061462827,329.14717390055154,1.8964560442498608
1656,0.08745,2.380136006501418,6.480698820167502,0.08338,41.85669719871477,5.381152095812778,0.5696596698224912,6.930095347141026,16.874372457993278,4.7834405701417975,56.430931388833244,6.7151481099728265,16.518405495399957,6.745410870432795,2.0497861861548863,18.59337586550757,1.3370028790796047,48.915450270042584,40.336869856747555,0.40214,0.9433618630978511,0.09653,49.903729632749645,21.426252977845426,2.8522134061462827,329.14717390055154,1.8964560442498608
1657,0.08745,2.380136006501418,6.480698820167502,0.08338,41.85669719871477,5.381152095812778,0.5696596698224912,6.930095347141026,16.874372457993278,4.7834405701417975,56.430931388833244,6.7151481099728265,16.518405495399957,6.745410870432795,2.0497861861548863,18.59337586550757,1.3370028790796047,48.915450270042584,40.336869856747555,0.40214,0.9433618630978511,0.09653,49.903729632749645,21.426252977845426,2.8522134061462827,329.14717390055154,1.8964560442498608
1658,0.08745,2.380136006501418,6.480698820167502,0.08338,41.85669719871477,5.381152095812778,0.5696596698224912,6.930095347141026,16.874372457993278,4.7834405701417975,56.430931388833244,6.7151481099728265,16.518405495399957,6.745410870432795,2.0497861861548863,18.59337586550757,1.3370028790796047,48.915450270042584,40.336869856747555,0.40214,0.9433618630978511,0.09653,49.903729632749645,21.426252977845426,2.8522134061462827,329.14717390055154,1.8964560442498608
1659,0.08745,2.380136006501418,6.480698820167502,0.08338,41.85669719871477,5.381152095812778,0.5696596698224912,6.930095347141026,16.874372457993278,4.7834405701417975,56.430931388833244,6.7151481099728265,16.518405495399957,6.745410870432795,2.0497861861548863,18.59337586550757,1.3370028790796047,48.915450270042584,40.336869856747555,0.40214,0.9433618630978511,0.09653,49.903729632749645,21.426252977845426,2.8522134061462827,329.14717390055154,1.8964560442498608
1660,0.08745,2.380136006501418,6.480698820167502,0.08338,41.85669719871477,5.381152095812778,0.5696596698224912,6.930095347141026,16.874372457993278,4.7834405701417975,56.430931388833244,6.7151481099728265,16.518405495399957,6.745410870432795,2.0497861861548863,18.59337586550757,1.3370028790796047,48.915450270042584,40.336869856747555,0.40214,0.9433618630978511,0.09653,49.903729632749645,21.426252977845426,2.8522134061462827,329.14717390055154,1.8964560442498608
1661,0.08745,2.380136006501418,6.480698820167502,0.08338,41.85669719871477,5.381152095812778,0.5696596698224912,6.930095347141026,16.874372457993278,4.7834405701417975,56.430931388833244,6.7151481099728265,16.518405495399957,6.745410870432795,2.0497861861548863,18.59337586550757,1.3370028790796047,48.915450270042584,40.336869856747555,0.40214,0.9433618630978511,0.09653,49.903729632749645,21.426252977845426,2.8522134061462827,329.14717390055154,1.8964560442498608
1662,0.08745,2.380136006501418,6.480698820167502,0.08338,41.85669719871477,5.381152095812778,0.5696596698224912,6.930095347141026,16.874372457993278,4.7834405701417975,56.430931388833244,6.7151481099728265,16.518405495399957,6.745410870432795,2.0497861861548863,18.59337586550757,1.3370028790796047,48.915450270042584,40.336869856747555,0.40214,0.9433618630978511,0.09653,49.903729632749645,21.426252977845426,2.8522134061462827,329.14717390055154,1.8964560442498608
1663,0.08745,2.380136006501418,6.480698820167502,0.08338,41.85669719871477,5.381152095812778,0.5696596698224912,6.930095347141026,16.874372457993278,4.7834405701417975,56.430931388833244,6.7151481099728265,16.518405495399957,6.745410870432795,2.0497861861548863,18.59337586550757,1.3370028790796047,48.915450270042584,40.336869856747555,0.40214,0.9433618630978511,0.09653,49.903729632749645,21.426252977845426,2.8522134061462827,329.14717390055154,1.8964560442498608
1664,0.08745,2.380136006501418,6.480698820167502,0.08338,41.85669719871477,5.381152095812778,0.5696596698224912,6.930095347141026,16.874372457993278,4.7834405701417975,56.430931388833244,6.7151481099728265,16.518405495399957,6.745410870432795,2.0497861861548863,18.59337586550757,1.3370028790796047,48.915450270042584,40.336869856747555,0.40214,0.9433618630978511,0.09653,49.903729632749645,21.426252977845426,2.8522134061462827,329.14717390055154,1.8964560442498608
1665,0.08745,2.380136006501418,6.480698820167502,0.08338,41.85669719871477,5.381152095812778,0.5696596698224912,6.930095347141026,16.874372457993278,4.7834405701417975,56.430931388833244,6.7151481099728265,16.518405495399957,6.745410870432795,2.0497861861548863,18.59337586550757,1.3370028790796047,48.915450270042584,40.336869856747555,0.40214,0.9433618630978511,0.09653,49.903729632749645,21.426252977845426,2.8522134061462827,329.14717390055154,1.8964560442498608
1666,0.08745,2.380136006501418,6.480698820167502,0.08338,41.85669719871477,5.381152095812778,0.5696596698224912,6.930095347141026,16.874372457993278,4.7834405701417975,56.430931388833244,6.7151481099728265,16.518405495399957,6.745410870432795,2.0497861861548863,18.59337586550757,1.3370028790796047,48.915450270042584,40.336869856747555,0.40214,0.9433618630978511,0.09653,49.903729632749645,21.426252977845426,2.8522134061462827,329.14717390055154,1.8964560442498608
1667,0.08745,2.380136006501418,6.480698820167502,0.08338,41.85669719871477,5.381152095812778,0.5696596698224912,6.930095347141026,16.874372457993278,4.7834405701417975,56.430931388833244,6.7151481099728265,16.518405495399957,6.745410870432795,2.0497861861548863,18.59337586550757,1.3370028790796047,48.915450270042584,40.336869856747555,0.40214,0.9433618630978511,0.09653,49.903729632749645,21.426252977845426,2.8522134061462827,329.14717390055154,1.8964560442498608
1668,0.08745,2.380136006501418,6.480698820167502,0.08338,41.85669719871477,5.381152095812778,0.5696596698224912,6.930095347141026,16.874372457993278,4.7834405701417975,56.430931388833244,6.7151481099728265,16.518405495399957,6.745410870432795,2.0497861861548863,18.59337586550757,1.3370028790796047,48.915450270042584,40.336869856747555,0.40214,0.9433618630978511,0.09653,49.903729632749645,21.426252977845426,2.8522134061462827,329.14717390055154,1.8964560442498608
1669,0.08745,2.380136006501418,6.480698820167502,0.08338,41.85669719871477,5.381152095812778,0.5696596698224912,6.930095347141026,16.874372457993278,4.7834405701417975,56.430931388833244,6.7151481099728265,16.518405495399957,6.745410870432795,2.0497861861548863,18.59337586550757,1.3370028790796047,48.915450270042584,40.336869856747555,0.40214,0.9433618630978511,0.09653,49.903729632749645,21.426252977845426,2.8522134061462827,329.14717390055154,1.8964560442498608
1670,0.08745,2.380136006501418,6.480698820167502,0.08338,41.85669719871477,5.381152095812778,0.5696596698224912,6.930095347141026,16.874372457993278,4.7834405701417975,56.430931388833244,6.7151481099728265,16.518405495399957,6.745410870432795,2.0497861861548863,18.59337586550757,1.3370028790796047,48.915450270042584,40.336869856747555,0.40214,0.9433618630978511,0.09653,49.903729632749645,21.426252977845426,2.8522134061462827,329.14717390055154,1.8964560442498608
1671,0.08745,2.380136006501418,6.480698820167502,0.08338,41.85669719871477,5.381152095812778,0.5696596698224912,6.930095347141026,16.874372457993278,4.7834405701417975,56.430931388833244,6.7151481099728265,16.518405495399957,6.745410870432795,2.0497861861548863,18.59337586550757,1.3370028790796047,48.915450270042584,40.336869856747555,0.40214,0.9433618630978511,0.09653,49.903729632749645,21.426252977845426,2.8522134061462827,329.14717390055154,1.8964560442498608
1672,0.08745,2.380136006501418,6.480698820167502,0.08338,41.85669719871477,5.381152095812778,0.5696596698224912,6.930095347141026,16.874372457993278,4.7834405701417975,56.430931388833244,6.7151481099728265,16.518405495399957,6.745410870432795,2.0497861861548863,18.59337586550757,1.3370028790796047,48.915450270042584,40.336869856747555,0.40214,0.9433618630978511,0.09653,49.903729632749645,21.426252977845426,2.8522134061462827,329.14717390055154,1.8964560442498608
1673,0.08745,2.380136006501418,6.480698820167502,0.08338,41.85669719871477,5.381152095812778,0.5696596698224912,6.930095347141026,16.874372457993278,4.7834405701417975,56.430931388833244,6.7151481099728265,16.518405495399957,6.745410870432795,2.0497861861548863,18.59337586550757,1.3370028790796047,48.915450270042584,40.336869856747555,0.40214,0.9433618630978511,0.09653,49.903729632749645,21.426252977845426,2.8522134061462827,329.14717390055154,1.8964560442498608
1674,0.08745,2.380136006501418,6.480698820167502,0.08338,41.85669719871477,5.381152095812778,0.5696596698224912,6.930095347141026,16.874372457993278,4.7834405701417975,56.430931388833244,6.7151481099728265,16.518405495399957,6.745410870432795,2.0497861861548863,18.59337586550757,1.3370028790796047,48.915450270042584,40.336869856747555,0.40214,0.9433618630978511,0.09653,49.903729632749645,21.426252977845426,2.8522134061462827,329.14717390055154,1.8964560442498608
1675,0.08745,2.380136006501418,6.480698820167502,0.08338,41.85669719871477,5.381152095812778,0.5696596698224912,6.930095347141026,16.874372457993278,4.7834405701417975,56.430931388833244,6.7151481099728265,16.518405495399957,6.745410870432795,2.0497861861548863,18.59337586550757,1.3370028790796047,48.915450270042584,40.336869856747555,0.40214,0.9433618630978511,0.09653,49.903729632749645,21.426252977845426,2.8522134061462827,329.14717390055154,1.8964560442498608
1676,0.08745,2.380136006501418,6.480698820167502,0.08338,41.85669719871477,5.381152095812778,0.5696596698224912,6.930095347141026,16.874372457993278,4.7834405701417975,56.430931388833244,6.7151481099728265,16.518405495399957,6.745410870432795,2.0497861861548863,18.59337586550757,1.3370028790796047,48.915450270042584,40.336869856747555,0.40214,0.9433618630978511,0.09653,49.903729632749645,21.426252977845426,2.8522134061462827,329.14717390055154,1.8964560442498608
1677,0.08745,2.380136006501418,6.480698820167502,0.08338,41.85669719871477,5.381152095812778,0.5696596698224912,6.930095347141026,16.874372457993278,4.7834405701417975,56.430931388833244,6.7151481099728265,16.518405495399957,6.745410870432795,2.0497861861548863,18.59337586550757,1.3370028790796047,48.915450270042584,40.336869856747555,0.40214,0.9433618630978511,0.09653,49.903729632749645,21.426252977845426,2.8522134061462827,329.14717390055154,1.8964560442498608
1678,0.08745,2.380136006501418,6.480698820167502,0.08338,41.85669719871477,5.381152095812778,0.5696596698224912,6.930095347141026,16.874372457993278,4.7834405701417975,56.430931388833244,6.7151481099728265,16.518405495399957,6.745410870432795,2.0497861861548863,18.59337586550757,1.3370028790796047,48.915450270042584,40.336869856747555,0.40214,0.9433618630978511,0.09653,49.903729632749645,21.426252977845426,2.8522134061462827,329.14717390055154,1.8964560442498608
1679,0.08745,2.380136006501418,6.480698820167502,0.08338,41.85669719871477,5.381152095812778,0.5696596698224912,6.930095347141026,16.874372457993278,4.7834405701417975,56.430931388833244,6.7151481099728265,16.518405495399957,6.745410870432795,2.0497861861548863,18.59337586550757,1.3370028790796047,48.915450270042584,40.336869856747555,0.40214,0.9433618630978511,0.09653,49.903729632749645,21.426252977845426,2.8522134061462827,329.14717390055154,1.8964560442498608
1680,0.08745,2.380136006501418,6.480698820167502,0.08338,41.85669719871477,5.381152095812778,0.5696596698224912,6.930095347141026,16.874372457993278,4.7834405701417975,56.430931388833244,6.7151481099728265,16.518405495399957,6.745410870432795,2.0497861861548863,18.59337586550757,1.3370028790796047,48.915450270042584,40.336869856747555,0.40214,0.9433618630978511,0.09653,49.903729632749645,21.426252977845426,2.8522134061462827,329.14717390055154,1.8964560442498608
1681,0.08745,2.380136006501418,6.480698820167502,0.08338,41.85669719871477,5.381152095812778,0.5696596698224912,6.930095347141026,16.874372457993278,4.7834405701417975,56.430931388833244,6.7151481099728265,16.518405495399957,6.745410870432795,2.0497861861548863,18.59337586550757,1.3370028790796047,48.915450270042584,40.336869856747555,0.40214,0.9433618630978511,0.09653,49.903729632749645,21.426252977845426,2.8522134061462827,329.14717390055154,1.8964560442498608
1682,0.08745,2.380136006501418,6.480698820167502,0.08338,41.85669719871477,5.381152095812778,0.5696596698224912,6.930095347141026,16.874372457993278,4.7834405701417975,56.430931388833244,6.7151481099728265,16.518405495399957,6.745410870432795,2.0497861861548863,18.59337586550757,1.3370028790796047,48.915450270042584,40.336869856747555,0.40214,0.9433618630978511,0.09653,49.903729632749645,21.426252977845426,2.8522134061462827,329.14717390055154,1.8964560442498608
1683,0.08745,2.380136006501418,6.480698820167502,0.08338,41.85669719871477,5.381152095812778,0.5696596698224912,6.930095347141026,16.874372457993278,4.7834405701417975,56.430931388833244,6.7151481099728265,16.518405495399957,6.745410870432795,2.0497861861548863,18.59337586550757,1.3370028790796047,48.915450270042584,40.336869856747555,0.40214,0.9433618630978511,0.09653,49.903729632749645,21.426252977845426,2.8522134061462827,329.14717390055154,1.8964560442498608
1684,0.08745,2.380136006501418,6.480698820167502,0.08338,41.85669719871477,5.381152095812778,0.5696596698224912,6.930095347141026,16.874372457993278,4.7834405701417975,56.430931388833244,6.7151481099728265,16.518405495399957,6.745410870432795,2.0497861861548863,18.59337586550757,1.3370028790796047,48.915450270042584,40.336869856747555,0.40214,0.9433618630978511,0.09653,49.903729632749645,21.426252977845426,2.8522134061462827,329.14717390055154,1.8964560442498608
1685,0.08745,2.380136006501418,6.480698820167502,0.08338,41.85669719871477,5.381152095812778,0.5696596698224912,6.930095347141026,16.874372457993278,4.7834405701417975,56.430931388833244,6.7151481099728265,16.518405495399957,6.745410870432795,2.0497861861548863,18.59337586550757,1.3370028790796047,48.915450270042584,40.336869856747555,0.40214,0.9433618630978511,0.09653,49.903729632749645,21.426252977845426,2.8522134061462827,329.14717390055154,1.8964560442498608
1686,0.08745,2.380136006501418,6.480698820167502,0.08338,41.85669719871477,5.381152095812778,0.5696596698224912,6.930095347141026,16.874372457993278,4.7834405701417975,56.430931388833244,6.7151481099728265,16.518405495399957,6.745410870432795,2.0497861861548863,18.59337586550757,1.3370028790796047,48.915450270042584,40.336869856747555,0.40214,0.9433618630978511,0.09653,49.903729632749645,21.426252977845426,2.8522134061462827,329.14717390055154,1.8964560442498608
1687,0.08745,2.380136006501418,6.480698820167502,0.08338,41.85669719871477,5.381152095812778,0.5696596698224912,6.930095347141026,16.874372457993278,4.7834405701417975,56.430931388833244,6.7151481099728265,16.518405495399957,6.745410870432795,2.0497861861548863,18.59337586550757,1.3370028790796047,48.915450270042584,40.336869856747555,0.40214,0.9433618630978511,0.09653,49.903729632749645,21.426252977845426,2.8522134061462827,329.14717390055154,1.8964560442498608
1688,0.08745,2.380136006501418,6.480698820167502,0.08338,41.85669719871477,5.381152095812778,0.5696596698224912,6.930095347141026,16.874372457993278,4.7834405701417975,56.430931388833244,6.7151481099728265,16.518405495399957,6.745410870432795,2.0497861861548863,18.59337586550757,1.3370028790796047,48.915450270042584,40.336869856747555,0.40214,0.9433618630978511,0.09653,49.903729632749645,21.426252977845426,2.8522134061462827,329.14717390055154,1.8964560442498608
1689,0.08745,2.380136006501418,6.480698820167502,0.08338,41.85669719871477,5.381152095812778,0.5696596698224912,6.930095347141026,16.874372457993278,4.7834405701417975,56.430931388833244,6.7151481099728265,16.518405495399957,6.745410870432795,2.0497861861548863,18.59337586550757,1.3370028790796047,48.915450270042584,40.336869856747555,0.40214,0.9433618630978511,0.09653,49.903729632749645,21.426252977845426,2.8522134061462827,329.14717390055154,1.8964560442498608
1690,0.08745,2.380136006501418,6.480698820167502,0.08338,41.85669719871477,5.381152095812778,0.5696596698224912,6.930095347141026,16.874372457993278,4.7834405701417975,56.430931388833244,6.7151481099728265,16.518405495399957,6.745410870432795,2.0497861861548863,18.59337586550757,1.3370028790796047,48.915450270042584,40.336869856747555,0.40214,0.9433618630978511,0.09653,49.903729632749645,21.426252977845426,2.8522134061462827,329.14717390055154,1.8964560442498608
1691,0.08745,2.380136006501418,6.480698820167502,0.08338,41.85669719871477,5.381152095812778,0.5696596698224912,6.930095347141026,16.874372457993278,4.7834405701417975,56.430931388833244,6.7151481099728265,16.518405495399957,6.745410870432795,2.0497861861548863,18.59337586550757,1.3370028790796047,48.915450270042584,40.336869856747555,0.40214,0.9433618630978511,0.09653,49.903729632749645,21.426252977845426,2.8522134061462827,329.14717390055154,1.8964560442498608
1692,0.08745,2.380136006501418,6.480698820167502,0.08338,41.85669719871477,5.381152095812778,0.5696596698224912,6.930095347141026,16.874372457993278,4.7834405701417975,56.430931388833244,6.7151481099728265,16.518405495399957,6.745410870432795,2.0497861861548863,18.59337586550757,1.3370028790796047,48.915450270042584,40.336869856747555,0.40214,0.9433618630978511,0.09653,49.903729632749645,21.426252977845426,2.8522134061462827,329.14717390055154,1.8964560442498608
1693,0.08745,2.380136006501418,6.480698820167502,0.08338,41.85669719871477,5.381152095812778,0.5696596698224912,6.930095347141026,16.874372457993278,4.7834405701417975,56.430931388833244,6.7151481099728265,16.518405495399957,6.745410870432795,2.0497861861548863,18.59337586550757,1.3370028790796047,48.915450270042584,40.336869856747555,0.40214,0.9433618630978511,0.09653,49.903729632749645,21.426252977845426,2.8522134061462827,329.14717390055154,1.8964560442498608
1694,0.08745,2.380136006501418,6.480698820167502,0.08338,41.85669719871477,5.381152095812778,0.5696596698224912,6.930095347141026,16.874372457993278,4.7834405701417975,56.430931388833244,6.7151481099728265,16.518405495399957,6.745410870432795,2.0497861861548863,18.59337586550757,1.3370028790796047,48.915450270042584,40.336869856747555,0.40214,0.9433618630978511,0.09653,49.903729632749645,21.426252977845426,2.8522134061462827,329.14717390055154,1.8964560442498608
1695,0.08745,2.380136006501418,6.480698820167502,0.08338,41.85669719871477,5.381152095812778,0.5696596698224912,6.930095347141026,16.874372457993278,4.7834405701417975,56.430931388833244,6.7151481099728265,16.518405495399957,6.745410870432795,2.0497861861548863,18.59337586550757,1.3370028790796047,48.915450270042584,40.336869856747555,0.40214,0.9433618630978511,0.09653,49.903729632749645,21.426252977845426,2.8522134061462827,329.14717390055154,1.8964560442498608
1696,0.08745,2.380136006501418,6.480698820167502,0.08338,41.85669719871477,5.381152095812778,0.5696596698224912,6.930095347141026,16.874372457993278,4.7834405701417975,56.430931388833244,6.7151481099728265,16.518405495399957,6.745410870432795,2.0497861861548863,18.59337586550757,1.3370028790796047,48.915450270042584,40.336869856747555,0.40214,0.9433618630978511,0.09653,49.903729632749645,21.426252977845426,2.8522134061462827,329.14717390055154,1.8964560442498608
1697,0.08745,2.380136006501418,6.480698820167502,0.08338,41.85669719871477,5.381152095812778,0.5696596698224912,6.930095347141026,16.874372457993278,4.7834405701417975,56.430931388833244,6.7151481099728265,16.518405495399957,6.745410870432795,2.0497861861548863,18.59337586550757,1.3370028790796047,48.915450270042584,40.336869856747555,0.40214,0.9433618630978511,0.09653,49.903729632749645,21.426252977845426,2.8522134061462827,329.14717390055154,1.8964560442498608
1698,0.08745,2.380136006501418,6.480698820167502,0.08338,41.85669719871477,5.381152095812778,0.5696596698224912,6.930095347141026,16.874372457993278,4.7834405701417975,56.430931388833244,6.7151481099728265,16.518405495399957,6.745410870432795,2.0497861861548863,18.59337586550757,1.3370028790796047,48.915450270042584,40.336869856747555,0.40214,0.9433618630978511,0.09653,49.903729632749645,21.426252977845426,2.8522134061462827,329.14717390055154,1.8964560442498608
1699,0.08745,2.380136006501418,6.480698820167502,0.08338,41.85669719871477,5.381152095812778,0.5696596698224912,6.930095347141026,16.874372457993278,4.7834405701417975,56.430931388833244,6.7151481099728265,16.518405495399957,6.745410870432795,2.0497861861548863,18.59337586550757,1.3370028790796047,48.915450270042584,40.336869856747555,0.40214,0.9433618630978511,0.09653,49.903729632749645,21.426252977845426,2.8522134061462827,329.14717390055154,1.8964560442498608
1700,0.08745,2.380136006501418,6.480698820167502,0.08338,41.85669719871477,5.381152095812778,0.5696596698224912,6.930095347141026,16.874372457993278,4.7834405701417975,56.430931388833244,6.7151481099728265,16.518405495399957,6.745410870432795,2.0497861861548863,18.59337586550757,1.3370028790796047,48.915450270042584,40.336869856747555,0.40214,0.9433618630978511,0.09653,49.903729632749645,21.426252977845426,2.8522134061462827,329.14717390055154,1.8964560442498608
1701,0.08745,2.380136006501418,6.480698820167502,0.08338,41.85669719871477,5.381152095812778,0.5696596698224912,6.930095347141026,16.874372457993278,4.7834405701417975,56.430931388833244,6.7151481099728265,16.518405495399957,6.745410870432795,2.0497861861548863,18.59337586550757,1.3370028790796047,48.915450270042584,40.336869856747555,0.40214,0.9433618630978511,0.09653,49.903729632749645,21.426252977845426,2.8522134061462827,329.14717390055154,1.8964560442498608
1702,0.08745,2.380136006501418,6.480698820167502,0.08338,41.85669719871477,5.381152095812778,0.5696596698224912,6.930095347141026,16.874372457993278,4.7834405701417975,56.430931388833244,6.7151481099728265,16.518405495399957,6.745410870432795,2.0497861861548863,18.59337586550757,1.3370028790796047,48.915450270042584,40.336869856747555,0.40214,0.9433618630978511,0.09653,49.903729632749645,21.426252977845426,2.8522134061462827,329.14717390055154,1.8964560442498608
1703,0.08745,2.380136006501418,6.480698820167502,0.08338,41.85669719871477,5.381152095812778,0.5696596698224912,6.930095347141026,16.874372457993278,4.7834405701417975,56.430931388833244,6.7151481099728265,16.518405495399957,6.745410870432795,2.0497861861548863,18.59337586550757,1.3370028790796047,48.915450270042584,40.336869856747555,0.40214,0.9433618630978511,0.09653,49.903729632749645,21.426252977845426,2.8522134061462827,329.14717390055154,1.8964560442498608
1704,0.08745,2.380136006501418,6.480698820167502,0.08338,41.85669719871477,5.381152095812778,0.5696596698224912,6.930095347141026,16.874372457993278,4.7834405701417975,56.430931388833244,6.7151481099728265,16.518405495399957,6.745410870432795,2.0497861861548863,18.59337586550757,1.3370028790796047,48.915450270042584,40.336869856747555,0.40214,0.9433618630978511,0.09653,49.903729632749645,21.426252977845426,2.8522134061462827,329.14717390055154,1.8964560442498608
1705,0.08745,2.380136006501418,6.480698820167502,0.08338,41.85669719871477,5.381152095812778,0.5696596698224912,6.930095347141026,16.874372457993278,4.7834405701417975,56.430931388833244,6.7151481099728265,16.518405495399957,6.745410870432795,2.0497861861548863,18.59337586550757,1.3370028790796047,48.915450270042584,40.336869856747555,0.40214,0.9433618630978511,0.09653,49.903729632749645,21.426252977845426,2.8522134061462827,329.14717390055154,1.8964560442498608
1706,0.08745,2.380136006501418,6.480698820167502,0.08338,41.85669719871477,5.381152095812778,0.5696596698224912,6.930095347141026,16.874372457993278,4.7834405701417975,56.430931388833244,6.7151481099728265,16.518405495399957,6.745410870432795,2.0497861861548863,18.59337586550757,1.3370028790796047,48.915450270042584,40.336869856747555,0.40214,0.9433618630978511,0.09653,49.903729632749645,21.426252977845426,2.8522134061462827,329.14717390055154,1.8964560442498608
1707,0.08745,2.380136006501418,6.480698820167502,0.08338,41.85669719871477,5.381152095812778,0.5696596698224912,6.930095347141026,16.874372457993278,4.7834405701417975,56.430931388833244,6.7151481099728265,16.518405495399957,6.745410870432795,2.0497861861548863,18.59337586550757,1.3370028790796047,48.915450270042584,40.336869856747555,0.40214,0.9433618630978511,0.09653,49.903729632749645,21.426252977845426,2.8522134061462827,329.14717390055154,1.8964560442498608
1708,0.08745,2.380136006501418,6.480698820167502,0.08338,41.85669719871477,5.381152095812778,0.5696596698224912,6.930095347141026,16.874372457993278,4.7834405701417975,56.430931388833244,6.7151481099728265,16.518405495399957,6.745410870432795,2.0497861861548863,18.59337586550757,1.3370028790796047,48.915450270042584,40.336869856747555,0.40214,0.9433618630978511,0.09653,49.903729632749645,21.426252977845426,2.8522134061462827,329.14717390055154,1.8964560442498608
1709,0.08745,2.380136006501418,6.480698820167502,0.08338,41.85669719871477,5.381152095812778,0.5696596698224912,6.930095347141026,16.874372457993278,4.7834405701417975,56.430931388833244,6.7151481099728265,16.518405495399957,6.745410870432795,2.0497861861548863,18.59337586550757,1.3370028790796047,48.915450270042584,40.336869856747555,0.40214,0.9433618630978511,0.09653,49.903729632749645,21.426252977845426,2.8522134061462827,329.14717390055154,1.8964560442498608
1710,0.08745,2.380136006501418,6.480698820167502,0.08338,41.85669719871477,5.381152095812778,0.5696596698224912,6.930095347141026,16.874372457993278,4.7834405701417975,56.430931388833244,6.7151481099728265,16.518405495399957,6.745410870432795,2.0497861861548863,18.59337586550757,1.3370028790796047,48.915450270042584,40.336869856747555,0.40214,0.9433618630978511,0.09653,49.903729632749645,21.426252977845426,2.8522134061462827,329.14717390055154,1.8964560442498608
1711,0.08745,2.380136006501418,6.480698820167502,0.08338,41.85669719871477,5.381152095812778,0.5696596698224912,6.930095347141026,16.874372457993278,4.7834405701417975,56.430931388833244,6.7151481099728265,16.518405495399957,6.745410870432795,2.0497861861548863,18.59337586550757,1.3370028790796047,48.915450270042584,40.336869856747555,0.40214,0.9433618630978511,0.09653,49.903729632749645,21.426252977845426,2.8522134061462827,329.14717390055154,1.8964560442498608
1712,0.08745,2.380136006501418,6.480698820167502,0.08338,41.85669719871477,5.381152095812778,0.5696596698224912,6.930095347141026,16.874372457993278,4.7834405701417975,56.430931388833244,6.7151481099728265,16.518405495399957,6.745410870432795,2.0497861861548863,18.59337586550757,1.3370028790796047,48.915450270042584,40.336869856747555,0.40214,0.9433618630978511,0.09653,49.903729632749645,21.426252977845426,2.8522134061462827,329.14717390055154,1.8964560442498608
1713,0.08745,2.380136006501418,6.480698820167502,0.08338,41.85669719871477,5.381152095812778,0.5696596698224912,6.930095347141026,16.874372457993278,4.7834405701417975,56.430931388833244,6.7151481099728265,16.518405495399957,6.745410870432795,2.0497861861548863,18.59337586550757,1.3370028790796047,48.915450270042584,40.336869856747555,0.40214,0.9433618630978511,0.09653,49.903729632749645,21.426252977845426,2.8522134061462827,329.14717390055154,1.8964560442498608
1714,0.08745,2.380136006501418,6.480698820167502,0.08338,41.85669719871477,5.381152095812778,0.5696596698224912,6.930095347141026,16.874372457993278,4.7834405701417975,56.430931388833244,6.7151481099728265,16.518405495399957,6.745410870432795,2.0497861861548863,18.59337586550757,1.3370028790796047,48.915450270042584,40.336869856747555,0.40214,0.9433618630978511,0.09653,49.903729632749645,21.426252977845426,2.8522134061462827,329.14717390055154,1.8964560442498608
1715,0.08745,2.380136006501418,6.480698820167502,0.08338,41.85669719871477,5.381152095812778,0.5696596698224912,6.930095347141026,16.874372457993278,4.7834405701417975,56.430931388833244,6.7151481099728265,16.518405495399957,6.745410870432795,2.0497861861548863,18.59337586550757,1.3370028790796047,48.915450270042584,40.336869856747555,0.40214,0.9433618630978511,0.09653,49.903729632749645,21.426252977845426,2.8522134061462827,329.14717390055154,1.8964560442498608
1716,0.08745,2.380136006501418,6.480698820167502,0.08338,41.85669719871477,5.381152095812778,0.5696596698224912,6.930095347141026,16.874372457993278,4.7834405701417975,56.430931388833244,6.7151481099728265,16.518405495399957,6.745410870432795,2.0497861861548863,18.59337586550757,1.3370028790796047,48.915450270042584,40.336869856747555,0.40214,0.9433618630978511,0.09653,49.903729632749645,21.426252977845426,2.8522134061462827,329.14717390055154,1.8964560442498608
1717,0.08745,2.380136006501418,6.480698820167502,0.08338,41.85669719871477,5.381152095812778,0.5696596698224912,6.930095347141026,16.874372457993278,4.7834405701417975,56.430931388833244,6.7151481099728265,16.518405495399957,6.745410870432795,2.0497861861548863,18.59337586550757,1.3370028790796047,48.915450270042584,40.336869856747555,0.40214,0.9433618630978511,0.09653,49.903729632749645,21.426252977845426,2.8522134061462827,329.14717390055154,1.8964560442498608
1718,0.08745,2.380136006501418,6.480698820167502,0.08338,41.85669719871477,5.381152095812778,0.5696596698224912,6.930095347141026,16.874372457993278,4.7834405701417975,56.430931388833244,6.7151481099728265,16.518405495399957,6.745410870432795,2.0497861861548863,18.59337586550757,1.3370028790796047,48.915450270042584,40.336869856747555,0.40214,0.9433618630978511,0.09653,49.903729632749645,21.426252977845426,2.8522134061462827,329.14717390055154,1.8964560442498608
1719,0.08745,2.380136006501418,6.480698820167502,0.08338,41.85669719871477,5.381152095812778,0.5696596698224912,6.930095347141026,16.874372457993278,4.7834405701417975,56.430931388833244,6.7151481099728265,16.518405495399957,6.745410870432795,2.0497861861548863,18.59337586550757,1.3370028790796047,48.915450270042584,40.336869856747555,0.40214,0.9433618630978511,0.09653,49.903729632749645,21.426252977845426,2.8522134061462827,329.14717390055154,1.8964560442498608
1720,0.08745,2.380136006501418,6.480698820167502,0.08338,41.85669719871477,5.381152095812778,0.5696596698224912,6.930095347141026,16.874372457993278,4.7834405701417975,56.430931388833244,6.7151481099728265,16.518405495399957,6.745410870432795,2.0497861861548863,18.59337586550757,1.3370028790796047,48.915450270042584,40.336869856747555,0.40214,0.9433618630978511,0.09653,49.903729632749645,21.426252977845426,2.8522134061462827,329.14717390055154,1.8964560442498608
1721,0.08745,2.380136006501418,6.480698820167502,0.08338,41.85669719871477,5.381152095812778,0.5696596698224912,6.930095347141026,16.874372457993278,4.7834405701417975,56.430931388833244,6.7151481099728265,16.518405495399957,6.745410870432795,2.0497861861548863,18.59337586550757,1.3370028790796047,48.915450270042584,40.336869856747555,0.40214,0.9433618630978511,0.09653,49.903729632749645,21.426252977845426,2.8522134061462827,329.14717390055154,1.8964560442498608
1722,0.08745,2.380136006501418,6.480698820167502,0.08338,41.85669719871477,5.381152095812778,0.5696596698224912,6.930095347141026,16.874372457993278,4.7834405701417975,56.430931388833244,6.7151481099728265,16.518405495399957,6.745410870432795,2.0497861861548863,18.59337586550757,1.3370028790796047,48.915450270042584,40.336869856747555,0.40214,0.9433618630978511,0.09653,49.903729632749645,21.426252977845426,2.8522134061462827,329.14717390055154,1.8964560442498608
1723,0.08745,2.380136006501418,6.480698820167502,0.08338,41.85669719871477,5.381152095812778,0.5696596698224912,6.930095347141026,16.874372457993278,4.7834405701417975,56.430931388833244,6.7151481099728265,16.518405495399957,6.745410870432795,2.0497861861548863,18.59337586550757,1.3370028790796047,48.915450270042584,40.336869856747555,0.40214,0.9433618630978511,0.09653,49.903729632749645,21.426252977845426,2.8522134061462827,329.14717390055154,1.8964560442498608
1724,0.08745,2.380136006501418,6.480698820167502,0.08338,41.85669719871477,5.381152095812778,0.5696596698224912,6.930095347141026,16.874372457993278,4.7834405701417975,56.430931388833244,6.7151481099728265,16.518405495399957,6.745410870432795,2.0497861861548863,18.59337586550757,1.3370028790796047,48.915450270042584,40.336869856747555,0.40214,0.9433618630978511,0.09653,49.903729632749645,21.426252977845426,2.8522134061462827,329.14717390055154,1.8964560442498608
1725,0.08745,2.380136006501418,6.480698820167502,0.08338,41.85669719871477,5.381152095812778,0.5696596698224912,6.930095347141026,16.874372457993278,4.7834405701417975,56.430931388833244,6.7151481099728265,16.518405495399957,6.745410870432795,2.0497861861548863,18.59337586550757,1.3370028790796047,48.915450270042584,40.336869856747555,0.40214,0.9433618630978511,0.09653,49.903729632749645,21.426252977845426,2.8522134061462827,329.14717390055154,1.8964560442498608
1726,0.08745,2.380136006501418,6.480698820167502,0.08338,41.85669719871477,5.381152095812778,0.5696596698224912,6.930095347141026,16.874372457993278,4.7834405701417975,56.430931388833244,6.7151481099728265,16.518405495399957,6.745410870432795,2.0497861861548863,18.59337586550757,1.3370028790796047,48.915450270042584,40.336869856747555,0.40214,0.9433618630978511,0.09653,49.903729632749645,21.426252977845426,2.8522134061462827,329.14717390055154,1.8964560442498608
1727,0.08745,2.380136006501418,6.480698820167502,0.08338,41.85669719871477,5.381152095812778,0.5696596698224912,6.930095347141026,16.874372457993278,4.7834405701417975,56.430931388833244,6.7151481099728265,16.518405495399957,6.745410870432795,2.0497861861548863,18.59337586550757,1.3370028790796047,48.915450270042584,40.336869856747555,0.40214,0.9433618630978511,0.09653,49.903729632749645,21.426252977845426,2.8522134061462827,329.14717390055154,1.8964560442498608
1728,0.08745,2.380136006501418,6.480698820167502,0.08338,41.85669719871477,5.381152095812778,0.5696596698224912,6.930095347141026,16.874372457993278,4.7834405701417975,56.430931388833244,6.7151481099728265,16.518405495399957,6.745410870432795,2.0497861861548863,18.59337586550757,1.3370028790796047,48.915450270042584,40.336869856747555,0.40214,0.9433618630978511,0.09653,49.903729632749645,21.426252977845426,2.8522134061462827,329.14717390055154,1.8964560442498608
1729,0.08745,2.380136006501418,6.480698820167502,0.08338,41.85669719871477,5.381152095812778,0.5696596698224912,6.930095347141026,16.874372457993278,4.7834405701417975,56.430931388833244,6.7151481099728265,16.518405495399957,6.745410870432795,2.0497861861548863,18.59337586550757,1.3370028790796047,48.915450270042584,40.336869856747555,0.40214,0.9433618630978511,0.09653,49.903729632749645,21.426252977845426,2.8522134061462827,329.14717390055154,1.8964560442498608
1730,0.08745,2.380136006501418,6.480698820167502,0.08338,41.85669719871477,5.381152095812778,0.5696596698224912,6.930095347141026,16.874372457993278,4.7834405701417975,56.430931388833244,6.7151481099728265,16.518405495399957,6.745410870432795,2.0497861861548863,18.59337586550757,1.3370028790796047,48.915450270042584,40.336869856747555,0.40214,0.9433618630978511,0.09653,49.903729632749645,21.426252977845426,2.8522134061462827,329.14717390055154,1.8964560442498608
1731,0.08745,2.380136006501418,6.480698820167502,0.08338,41.85669719871477,5.381152095812778,0.5696596698224912,6.930095347141026,16.874372457993278,4.7834405701417975,56.430931388833244,6.7151481099728265,16.518405495399957,6.745410870432795,2.0497861861548863,18.59337586550757,1.3370028790796047,48.915450270042584,40.336869856747555,0.40214,0.9433618630978511,0.09653,49.903729632749645,21.426252977845426,2.8522134061462827,329.14717390055154,1.8964560442498608
1732,0.08745,2.380136006501418,6.480698820167502,0.08338,41.85669719871477,5.381152095812778,0.5696596698224912,6.930095347141026,16.874372457993278,4.7834405701417975,56.430931388833244,6.7151481099728265,16.518405495399957,6.745410870432795,2.0497861861548863,18.59337586550757,1.3370028790796047,48.915450270042584,40.336869856747555,0.40214,0.9433618630978511,0.09653,49.903729632749645,21.426252977845426,2.8522134061462827,329.14717390055154,1.8964560442498608
1733,0.08745,2.380136006501418,6.480698820167502,0.08338,41.85669719871477,5.381152095812778,0.5696596698224912,6.930095347141026,16.874372457993278,4.7834405701417975,56.430931388833244,6.7151481099728265,16.518405495399957,6.745410870432795,2.0497861861548863,18.59337586550757,1.3370028790796047,48.915450270042584,40.336869856747555,0.40214,0.9433618630978511,0.09653,49.903729632749645,21.426252977845426,2.8522134061462827,329.14717390055154,1.8964560442498608
1734,0.08745,2.380136006501418,6.480698820167502,0.08338,41.85669719871477,5.381152095812778,0.5696596698224912,6.930095347141026,16.874372457993278,4.7834405701417975,56.430931388833244,6.7151481099728265,16.518405495399957,6.745410870432795,2.0497861861548863,18.59337586550757,1.3370028790796047,48.915450270042584,40.336869856747555,0.40214,0.9433618630978511,0.09653,49.903729632749645,21.426252977845426,2.8522134061462827,329.14717390055154,1.8964560442498608
1735,0.08745,2.380136006501418,6.480698820167502,0.08338,41.85669719871477,5.381152095812778,0.5696596698224912,6.930095347141026,16.874372457993278,4.7834405701417975,56.430931388833244,6.7151481099728265,16.518405495399957,6.745410870432795,2.0497861861548863,18.59337586550757,1.3370028790796047,48.915450270042584,40.336869856747555,0.40214,0.9433618630978511,0.09653,49.903729632749645,21.426252977845426,2.8522134061462827,329.14717390055154,1.8964560442498608
1736,0.08745,2.380136006501418,6.480698820167502,0.08338,41.85669719871477,5.381152095812778,0.5696596698224912,6.930095347141026,16.874372457993278,4.7834405701417975,56.430931388833244,6.7151481099728265,16.518405495399957,6.745410870432795,2.0497861861548863,18.59337586550757,1.3370028790796047,48.915450270042584,40.336869856747555,0.40214,0.9433618630978511,0.09653,49.903729632749645,21.426252977845426,2.8522134061462827,329.14717390055154,1.8964560442498608
1737,0.08745,2.380136006501418,6.480698820167502,0.08338,41.85669719871477,5.381152095812778,0.5696596698224912,6.930095347141026,16.874372457993278,4.7834405701417975,56.430931388833244,6.7151481099728265,16.518405495399957,6.745410870432795,2.0497861861548863,18.59337586550757,1.3370028790796047,48.915450270042584,40.336869856747555,0.40214,0.9433618630978511,0.09653,49.903729632749645,21.426252977845426,2.8522134061462827,329.14717390055154,1.8964560442498608
1738,0.08745,2.380136006501418,6.480698820167502,0.08338,41.85669719871477,5.381152095812778,0.5696596698224912,6.930095347141026,16.874372457993278,4.7834405701417975,56.430931388833244,6.7151481099728265,16.518405495399957,6.745410870432795,2.0497861861548863,18.59337586550757,1.3370028790796047,48.915450270042584,40.336869856747555,0.40214,0.9433618630978511,0.09653,49.903729632749645,21.426252977845426,2.8522134061462827,329.14717390055154,1.8964560442498608
1739,0.08745,2.380136006501418,6.480698820167502,0.08338,41.85669719871477,5.381152095812778,0.5696596698224912,6.930095347141026,16.874372457993278,4.7834405701417975,56.430931388833244,6.7151481099728265,16.518405495399957,6.745410870432795,2.0497861861548863,18.59337586550757,1.3370028790796047,48.915450270042584,40.336869856747555,0.40214,0.9433618630978511,0.09653,49.903729632749645,21.426252977845426,2.8522134061462827,329.14717390055154,1.8964560442498608
1740,0.08745,2.380136006501418,6.480698820167502,0.08338,41.85669719871477,5.381152095812778,0.5696596698224912,6.930095347141026,16.874372457993278,4.7834405701417975,56.430931388833244,6.7151481099728265,16.518405495399957,6.745410870432795,2.0497861861548863,18.59337586550757,1.3370028790796047,48.915450270042584,40.336869856747555,0.40214,0.9433618630978511,0.09653,49.903729632749645,21.426252977845426,2.8522134061462827,329.14717390055154,1.8964560442498608
1741,0.08745,2.380136006501418,6.480698820167502,0.08338,41.85669719871477,5.381152095812778,0.5696596698224912,6.930095347141026,16.874372457993278,4.7834405701417975,56.430931388833244,6.7151481099728265,16.518405495399957,6.745410870432795,2.0497861861548863,18.59337586550757,1.3370028790796047,48.915450270042584,40.336869856747555,0.40214,0.9433618630978511,0.09653,49.903729632749645,21.426252977845426,2.8522134061462827,329.14717390055154,1.8964560442498608
1742,0.08745,2.380136006501418,6.480698820167502,0.08338,41.85669719871477,5.381152095812778,0.5696596698224912,6.930095347141026,16.874372457993278,4.7834405701417975,56.430931388833244,6.7151481099728265,16.518405495399957,6.745410870432795,2.0497861861548863,18.59337586550757,1.3370028790796047,48.915450270042584,40.336869856747555,0.40214,0.9433618630978511,0.09653,49.903729632749645,21.426252977845426,2.8522134061462827,329.14717390055154,1.8964560442498608
1743,0.08745,2.380136006501418,6.480698820167502,0.08338,41.85669719871477,5.381152095812778,0.5696596698224912,6.930095347141026,16.874372457993278,4.7834405701417975,56.430931388833244,6.7151481099728265,16.518405495399957,6.745410870432795,2.0497861861548863,18.59337586550757,1.3370028790796047,48.915450270042584,40.336869856747555,0.40214,0.9433618630978511,0.09653,49.903729632749645,21.426252977845426,2.8522134061462827,329.14717390055154,1.8964560442498608
1744,0.08745,2.380136006501418,6.480698820167502,0.08338,41.85669719871477,5.381152095812778,0.5696596698224912,6.930095347141026,16.874372457993278,4.7834405701417975,56.430931388833244,6.7151481099728265,16.518405495399957,6.745410870432795,2.0497861861548863,18.59337586550757,1.3370028790796047,48.915450270042584,40.336869856747555,0.40214,0.9433618630978511,0.09653,49.903729632749645,21.426252977845426,2.8522134061462827,329.14717390055154,1.8964560442498608
1745,0.08745,2.380136006501418,6.480698820167502,0.08338,41.85669719871477,5.381152095812778,0.5696596698224912,6.930095347141026,16.874372457993278,4.7834405701417975,56.430931388833244,6.7151481099728265,16.518405495399957,6.745410870432795,2.0497861861548863,18.59337586550757,1.3370028790796047,48.915450270042584,40.336869856747555,0.40214,0.9433618630978511,0.09653,49.903729632749645,21.426252977845426,2.8522134061462827,329.14717390055154,1.8964560442498608
1746,0.08745,2.380136006501418,6.480698820167502,0.08338,41.85669719871477,5.381152095812778,0.5696596698224912,6.930095347141026,16.874372457993278,4.7834405701417975,56.430931388833244,6.7151481099728265,16.518405495399957,6.745410870432795,2.0497861861548863,18.59337586550757,1.3370028790796047,48.915450270042584,40.336869856747555,0.40214,0.9433618630978511,0.09653,49.903729632749645,21.426252977845426,2.8522134061462827,329.14717390055154,1.8964560442498608
1747,0.08745,2.380136006501418,6.480698820167502,0.08338,41.85669719871477,5.381152095812778,0.5696596698224912,6.930095347141026,16.874372457993278,4.7834405701417975,56.430931388833244,6.7151481099728265,16.518405495399957,6.745410870432795,2.0497861861548863,18.59337586550757,1.3370028790796047,48.915450270042584,40.336869856747555,0.40214,0.9433618630978511,0.09653,49.903729632749645,21.426252977845426,2.8522134061462827,329.14717390055154,1.8964560442498608
1748,0.08745,2.380136006501418,6.480698820167502,0.08338,41.85669719871477,5.381152095812778,0.5696596698224912,6.930095347141026,16.874372457993278,4.7834405701417975,56.430931388833244,6.7151481099728265,16.518405495399957,6.745410870432795,2.0497861861548863,18.59337586550757,1.3370028790796047,48.915450270042584,40.336869856747555,0.40214,0.9433618630978511,0.09653,49.903729632749645,21.426252977845426,2.8522134061462827,329.14717390055154,1.8964560442498608
1749,0.08745,2.380136006501418,6.480698820167502,0.08338,41.85669719871477,5.381152095812778,0.5696596698224912,6.930095347141026,16.874372457993278,4.7834405701417975,56.430931388833244,6.7151481099728265,16.518405495399957,6.745410870432795,2.0497861861548863,18.59337586550757,1.3370028790796047,48.915450270042584,40.336869856747555,0.40214,0.9433618630978511,0.09653,49.903729632749645,21.426252977845426,2.8522134061462827,329.14717390055154,1.8964560442498608
1750,0.08745,2.380136006501418,6.480698820167502,0.08338,41.85669719871477,5.381152095812778,0.5696596698224912,6.930095347141026,16.874372457993278,4.7834405701417975,56.430931388833244,6.7151481099728265,16.518405495399957,6.745410870432795,2.0497861861548863,18.59337586550757,1.3370028790796047,48.915450270042584,40.336869856747555,0.40214,0.9433618630978511,0.09653,49.903729632749645,21.426252977845426,2.8522134061462827,329.14717390055154,1.8964560442498608
1751,0.08745,2.380136006501418,6.480698820167502,0.08338,41.85669719871477,5.381152095812778,0.5696596698224912,6.930095347141026,16.874372457993278,4.7834405701417975,56.430931388833244,6.7151481099728265,16.518405495399957,6.745410870432795,2.0497861861548863,18.59337586550757,1.3370028790796047,48.915450270042584,40.336869856747555,0.40214,0.9433618630978511,0.09653,49.903729632749645,21.426252977845426,2.8522134061462827,329.14717390055154,1.8964560442498608
1752,0.08745,2.380136006501418,6.480698820167502,0.08338,41.85669719871477,5.381152095812778,0.5696596698224912,6.930095347141026,16.874372457993278,4.7834405701417975,56.430931388833244,6.7151481099728265,16.518405495399957,6.745410870432795,2.0497861861548863,18.59337586550757,1.3370028790796047,48.915450270042584,40.336869856747555,0.40214,0.9433618630978511,0.09653,49.903729632749645,21.426252977845426,2.8522134061462827,329.14717390055154,1.8964560442498608
1753,0.08745,2.380136006501418,6.480698820167502,0.08338,41.85669719871477,5.381152095812778,0.5696596698224912,6.930095347141026,16.874372457993278,4.7834405701417975,56.430931388833244,6.7151481099728265,16.518405495399957,6.745410870432795,2.0497861861548863,18.59337586550757,1.3370028790796047,48.915450270042584,40.336869856747555,0.40214,0.9433618630978511,0.09653,49.903729632749645,21.426252977845426,2.8522134061462827,329.14717390055154,1.8964560442498608
1754,0.08745,2.380136006501418,6.480698820167502,0.08338,41.85669719871477,5.381152095812778,0.5696596698224912,6.930095347141026,16.874372457993278,4.7834405701417975,56.430931388833244,6.7151481099728265,16.518405495399957,6.745410870432795,2.0497861861548863,18.59337586550757,1.3370028790796047,48.915450270042584,40.336869856747555,0.40214,0.9433618630978511,0.09653,49.903729632749645,21.426252977845426,2.8522134061462827,329.14717390055154,1.8964560442498608
1755,0.08745,2.380136006501418,6.480698820167502,0.08338,41.85669719871477,5.381152095812778,0.5696596698224912,6.930095347141026,16.874372457993278,4.7834405701417975,56.430931388833244,6.7151481099728265,16.518405495399957,6.745410870432795,2.0497861861548863,18.59337586550757,1.3370028790796047,48.915450270042584,40.336869856747555,0.40214,0.9433618630978511,0.09653,49.903729632749645,21.426252977845426,2.8522134061462827,329.14717390055154,1.8964560442498608
1756,0.08745,2.380136006501418,6.480698820167502,0.08338,41.85669719871477,5.381152095812778,0.5696596698224912,6.930095347141026,16.874372457993278,4.7834405701417975,56.430931388833244,6.7151481099728265,16.518405495399957,6.745410870432795,2.0497861861548863,18.59337586550757,1.3370028790796047,48.915450270042584,40.336869856747555,0.40214,0.9433618630978511,0.09653,49.903729632749645,21.426252977845426,2.8522134061462827,329.14717390055154,1.8964560442498608
1757,0.08745,2.380136006501418,6.480698820167502,0.08338,41.85669719871477,5.381152095812778,0.5696596698224912,6.930095347141026,16.874372457993278,4.7834405701417975,56.430931388833244,6.7151481099728265,16.518405495399957,6.745410870432795,2.0497861861548863,18.59337586550757,1.3370028790796047,48.915450270042584,40.336869856747555,0.40214,0.9433618630978511,0.09653,49.903729632749645,21.426252977845426,2.8522134061462827,329.14717390055154,1.8964560442498608
1758,0.08745,2.380136006501418,6.480698820167502,0.08338,41.85669719871477,5.381152095812778,0.5696596698224912,6.930095347141026,16.874372457993278,4.7834405701417975,56.430931388833244,6.7151481099728265,16.518405495399957,6.745410870432795,2.0497861861548863,18.59337586550757,1.3370028790796047,48.915450270042584,40.336869856747555,0.40214,0.9433618630978511,0.09653,49.903729632749645,21.426252977845426,2.8522134061462827,329.14717390055154,1.8964560442498608
1759,0.08745,2.380136006501418,6.480698820167502,0.08338,41.85669719871477,5.381152095812778,0.5696596698224912,6.930095347141026,16.874372457993278,4.7834405701417975,56.430931388833244,6.7151481099728265,16.518405495399957,6.745410870432795,2.0497861861548863,18.59337586550757,1.3370028790796047,48.915450270042584,40.336869856747555,0.40214,0.9433618630978511,0.09653,49.903729632749645,21.426252977845426,2.8522134061462827,329.14717390055154,1.8964560442498608
1760,0.08745,2.380136006501418,6.480698820167502,0.08338,41.85669719871477,5.381152095812778,0.5696596698224912,6.930095347141026,16.874372457993278,4.7834405701417975,56.430931388833244,6.7151481099728265,16.518405495399957,6.745410870432795,2.0497861861548863,18.59337586550757,1.3370028790796047,48.915450270042584,40.336869856747555,0.40214,0.9433618630978511,0.09653,49.903729632749645,21.426252977845426,2.8522134061462827,329.14717390055154,1.8964560442498608
1761,0.08745,2.380136006501418,6.480698820167502,0.08338,41.85669719871477,5.381152095812778,0.5696596698224912,6.930095347141026,16.874372457993278,4.7834405701417975,56.430931388833244,6.7151481099728265,16.518405495399957,6.745410870432795,2.0497861861548863,18.59337586550757,1.3370028790796047,48.915450270042584,40.336869856747555,0.40214,0.9433618630978511,0.09653,49.903729632749645,21.426252977845426,2.8522134061462827,329.14717390055154,1.8964560442498608
1762,0.08745,2.380136006501418,6.480698820167502,0.08338,41.85669719871477,5.381152095812778,0.5696596698224912,6.930095347141026,16.874372457993278,4.7834405701417975,56.430931388833244,6.7151481099728265,16.518405495399957,6.745410870432795,2.0497861861548863,18.59337586550757,1.3370028790796047,48.915450270042584,40.336869856747555,0.40214,0.9433618630978511,0.09653,49.903729632749645,21.426252977845426,2.8522134061462827,329.14717390055154,1.8964560442498608
1763,0.08745,2.380136006501418,6.480698820167502,0.08338,41.85669719871477,5.381152095812778,0.5696596698224912,6.930095347141026,16.874372457993278,4.7834405701417975,56.430931388833244,6.7151481099728265,16.518405495399957,6.745410870432795,2.0497861861548863,18.59337586550757,1.3370028790796047,48.915450270042584,40.336869856747555,0.40214,0.9433618630978511,0.09653,49.903729632749645,21.426252977845426,2.8522134061462827,329.14717390055154,1.8964560442498608
1764,0.08745,2.380136006501418,6.480698820167502,0.08338,41.85669719871477,5.381152095812778,0.5696596698224912,6.930095347141026,16.874372457993278,4.7834405701417975,56.430931388833244,6.7151481099728265,16.518405495399957,6.745410870432795,2.0497861861548863,18.59337586550757,1.3370028790796047,48.915450270042584,40.336869856747555,0.40214,0.9433618630978511,0.09653,49.903729632749645,21.426252977845426,2.8522134061462827,329.14717390055154,1.8964560442498608
1765,0.08745,2.380136006501418,6.480698820167502,0.08338,41.85669719871477,5.381152095812778,0.5696596698224912,6.930095347141026,16.874372457993278,4.7834405701417975,56.430931388833244,6.7151481099728265,16.518405495399957,6.745410870432795,2.0497861861548863,18.59337586550757,1.3370028790796047,48.915450270042584,40.336869856747555,0.40214,0.9433618630978511,0.09653,49.903729632749645,21.426252977845426,2.8522134061462827,329.14717390055154,1.8964560442498608
1766,0.08745,2.380136006501418,6.480698820167502,0.08338,41.85669719871477,5.381152095812778,0.5696596698224912,6.930095347141026,16.874372457993278,4.7834405701417975,56.430931388833244,6.7151481099728265,16.518405495399957,6.745410870432795,2.0497861861548863,18.59337586550757,1.3370028790796047,48.915450270042584,40.336869856747555,0.40214,0.9433618630978511,0.09653,49.903729632749645,21.426252977845426,2.8522134061462827,329.14717390055154,1.8964560442498608
1767,0.08745,2.380136006501418,6.480698820167502,0.08338,41.85669719871477,5.381152095812778,0.5696596698224912,6.930095347141026,16.874372457993278,4.7834405701417975,56.430931388833244,6.7151481099728265,16.518405495399957,6.745410870432795,2.0497861861548863,18.59337586550757,1.3370028790796047,48.915450270042584,40.336869856747555,0.40214,0.9433618630978511,0.09653,49.903729632749645,21.426252977845426,2.8522134061462827,329.14717390055154,1.8964560442498608
1768,0.08745,2.380136006501418,6.480698820167502,0.08338,41.85669719871477,5.381152095812778,0.5696596698224912,6.930095347141026,16.874372457993278,4.7834405701417975,56.430931388833244,6.7151481099728265,16.518405495399957,6.745410870432795,2.0497861861548863,18.59337586550757,1.3370028790796047,48.915450270042584,40.336869856747555,0.40214,0.9433618630978511,0.09653,49.903729632749645,21.426252977845426,2.8522134061462827,329.14717390055154,1.8964560442498608
1769,0.08745,2.380136006501418,6.480698820167502,0.08338,41.85669719871477,5.381152095812778,0.5696596698224912,6.930095347141026,16.874372457993278,4.7834405701417975,56.430931388833244,6.7151481099728265,16.518405495399957,6.745410870432795,2.0497861861548863,18.59337586550757,1.3370028790796047,48.915450270042584,40.336869856747555,0.40214,0.9433618630978511,0.09653,49.903729632749645,21.426252977845426,2.8522134061462827,329.14717390055154,1.8964560442498608
1770,0.08745,2.380136006501418,6.480698820167502,0.08338,41.85669719871477,5.381152095812778,0.5696596698224912,6.930095347141026,16.874372457993278,4.7834405701417975,56.430931388833244,6.7151481099728265,16.518405495399957,6.745410870432795,2.0497861861548863,18.59337586550757,1.3370028790796047,48.915450270042584,40.336869856747555,0.40214,0.9433618630978511,0.09653,49.903729632749645,21.426252977845426,2.8522134061462827,329.14717390055154,1.8964560442498608
1771,0.08745,2.380136006501418,6.480698820167502,0.08338,41.85669719871477,5.381152095812778,0.5696596698224912,6.930095347141026,16.874372457993278,4.7834405701417975,56.430931388833244,6.7151481099728265,16.518405495399957,6.745410870432795,2.0497861861548863,18.59337586550757,1.3370028790796047,48.915450270042584,40.336869856747555,0.40214,0.9433618630978511,0.09653,49.903729632749645,21.426252977845426,2.8522134061462827,329.14717390055154,1.8964560442498608
1772,0.08745,2.380136006501418,6.480698820167502,0.08338,41.85669719871477,5.381152095812778,0.5696596698224912,6.930095347141026,16.874372457993278,4.7834405701417975,56.430931388833244,6.7151481099728265,16.518405495399957,6.745410870432795,2.0497861861548863,18.59337586550757,1.3370028790796047,48.915450270042584,40.336869856747555,0.40214,0.9433618630978511,0.09653,49.903729632749645,21.426252977845426,2.8522134061462827,329.14717390055154,1.8964560442498608
1773,0.08745,2.380136006501418,6.480698820167502,0.08338,41.85669719871477,5.381152095812778,0.5696596698224912,6.930095347141026,16.874372457993278,4.7834405701417975,56.430931388833244,6.7151481099728265,16.518405495399957,6.745410870432795,2.0497861861548863,18.59337586550757,1.3370028790796047,48.915450270042584,40.336869856747555,0.40214,0.9433618630978511,0.09653,49.903729632749645,21.426252977845426,2.8522134061462827,329.14717390055154,1.8964560442498608
1774,0.08745,2.380136006501418,6.480698820167502,0.08338,41.85669719871477,5.381152095812778,0.5696596698224912,6.930095347141026,16.874372457993278,4.7834405701417975,56.430931388833244,6.7151481099728265,16.518405495399957,6.745410870432795,2.0497861861548863,18.59337586550757,1.3370028790796047,48.915450270042584,40.336869856747555,0.40214,0.9433618630978511,0.09653,49.903729632749645,21.426252977845426,2.8522134061462827,329.14717390055154,1.8964560442498608
1775,0.08745,2.380136006501418,6.480698820167502,0.08338,41.85669719871477,5.381152095812778,0.5696596698224912,6.930095347141026,16.874372457993278,4.7834405701417975,56.430931388833244,6.7151481099728265,16.518405495399957,6.745410870432795,2.0497861861548863,18.59337586550757,1.3370028790796047,48.915450270042584,40.336869856747555,0.40214,0.9433618630978511,0.09653,49.903729632749645,21.426252977845426,2.8522134061462827,329.14717390055154,1.8964560442498608
1776,0.08745,2.380136006501418,6.480698820167502,0.08338,41.85669719871477,5.381152095812778,0.5696596698224912,6.930095347141026,16.874372457993278,4.7834405701417975,56.430931388833244,6.7151481099728265,16.518405495399957,6.745410870432795,2.0497861861548863,18.59337586550757,1.3370028790796047,48.915450270042584,40.336869856747555,0.40214,0.9433618630978511,0.09653,49.903729632749645,21.426252977845426,2.8522134061462827,329.14717390055154,1.8964560442498608
1777,0.08745,2.380136006501418,6.480698820167502,0.08338,41.85669719871477,5.381152095812778,0.5696596698224912,6.930095347141026,16.874372457993278,4.7834405701417975,56.430931388833244,6.7151481099728265,16.518405495399957,6.745410870432795,2.0497861861548863,18.59337586550757,1.3370028790796047,48.915450270042584,40.336869856747555,0.40214,0.9433618630978511,0.09653,49.903729632749645,21.426252977845426,2.8522134061462827,329.14717390055154,1.8964560442498608
1778,0.08745,2.380136006501418,6.480698820167502,0.08338,41.85669719871477,5.381152095812778,0.5696596698224912,6.930095347141026,16.874372457993278,4.7834405701417975,56.430931388833244,6.7151481099728265,16.518405495399957,6.745410870432795,2.0497861861548863,18.59337586550757,1.3370028790796047,48.915450270042584,40.336869856747555,0.40214,0.9433618630978511,0.09653,49.903729632749645,21.426252977845426,2.8522134061462827,329.14717390055154,1.8964560442498608
1779,0.08745,2.380136006501418,6.480698820167502,0.08338,41.85669719871477,5.381152095812778,0.5696596698224912,6.930095347141026,16.874372457993278,4.7834405701417975,56.430931388833244,6.7151481099728265,16.518405495399957,6.745410870432795,2.0497861861548863,18.59337586550757,1.3370028790796047,48.915450270042584,40.336869856747555,0.40214,0.9433618630978511,0.09653,49.903729632749645,21.426252977845426,2.8522134061462827,329.14717390055154,1.8964560442498608
1780,0.08745,2.380136006501418,6.480698820167502,0.08338,41.85669719871477,5.381152095812778,0.5696596698224912,6.930095347141026,16.874372457993278,4.7834405701417975,56.430931388833244,6.7151481099728265,16.518405495399957,6.745410870432795,2.0497861861548863,18.59337586550757,1.3370028790796047,48.915450270042584,40.336869856747555,0.40214,0.9433618630978511,0.09653,49.903729632749645,21.426252977845426,2.8522134061462827,329.14717390055154,1.8964560442498608
1781,0.08745,2.380136006501418,6.480698820167502,0.08338,41.85669719871477,5.381152095812778,0.5696596698224912,6.930095347141026,16.874372457993278,4.7834405701417975,56.430931388833244,6.7151481099728265,16.518405495399957,6.745410870432795,2.0497861861548863,18.59337586550757,1.3370028790796047,48.915450270042584,40.336869856747555,0.40214,0.9433618630978511,0.09653,49.903729632749645,21.426252977845426,2.8522134061462827,329.14717390055154,1.8964560442498608
1782,0.08745,2.380136006501418,6.480698820167502,0.08338,41.85669719871477,5.381152095812778,0.5696596698224912,6.930095347141026,16.874372457993278,4.7834405701417975,56.430931388833244,6.7151481099728265,16.518405495399957,6.745410870432795,2.0497861861548863,18.59337586550757,1.3370028790796047,48.915450270042584,40.336869856747555,0.40214,0.9433618630978511,0.09653,49.903729632749645,21.426252977845426,2.8522134061462827,329.14717390055154,1.8964560442498608
1783,0.08745,2.380136006501418,6.480698820167502,0.08338,41.85669719871477,5.381152095812778,0.5696596698224912,6.930095347141026,16.874372457993278,4.7834405701417975,56.430931388833244,6.7151481099728265,16.518405495399957,6.745410870432795,2.0497861861548863,18.59337586550757,1.3370028790796047,48.915450270042584,40.336869856747555,0.40214,0.9433618630978511,0.09653,49.903729632749645,21.426252977845426,2.8522134061462827,329.14717390055154,1.8964560442498608
1784,0.08745,2.380136006501418,6.480698820167502,0.08338,41.85669719871477,5.381152095812778,0.5696596698224912,6.930095347141026,16.874372457993278,4.7834405701417975,56.430931388833244,6.7151481099728265,16.518405495399957,6.745410870432795,2.0497861861548863,18.59337586550757,1.3370028790796047,48.915450270042584,40.336869856747555,0.40214,0.9433618630978511,0.09653,49.903729632749645,21.426252977845426,2.8522134061462827,329.14717390055154,1.8964560442498608
1785,0.08745,2.380136006501418,6.480698820167502,0.08338,41.85669719871477,5.381152095812778,0.5696596698224912,6.930095347141026,16.874372457993278,4.7834405701417975,56.430931388833244,6.7151481099728265,16.518405495399957,6.745410870432795,2.0497861861548863,18.59337586550757,1.3370028790796047,48.915450270042584,40.336869856747555,0.40214,0.9433618630978511,0.09653,49.903729632749645,21.426252977845426,2.8522134061462827,329.14717390055154,1.8964560442498608
1786,0.08745,2.380136006501418,6.480698820167502,0.08338,41.85669719871477,5.381152095812778,0.5696596698224912,6.930095347141026,16.874372457993278,4.7834405701417975,56.430931388833244,6.7151481099728265,16.518405495399957,6.745410870432795,2.0497861861548863,18.59337586550757,1.3370028790796047,48.915450270042584,40.336869856747555,0.40214,0.9433618630978511,0.09653,49.903729632749645,21.426252977845426,2.8522134061462827,329.14717390055154,1.8964560442498608
1787,0.08745,2.380136006501418,6.480698820167502,0.08338,41.85669719871477,5.381152095812778,0.5696596698224912,6.930095347141026,16.874372457993278,4.7834405701417975,56.430931388833244,6.7151481099728265,16.518405495399957,6.745410870432795,2.0497861861548863,18.59337586550757,1.3370028790796047,48.915450270042584,40.336869856747555,0.40214,0.9433618630978511,0.09653,49.903729632749645,21.426252977845426,2.8522134061462827,329.14717390055154,1.8964560442498608
1788,0.08745,2.380136006501418,6.480698820167502,0.08338,41.85669719871477,5.381152095812778,0.5696596698224912,6.930095347141026,16.874372457993278,4.7834405701417975,56.430931388833244,6.7151481099728265,16.518405495399957,6.745410870432795,2.0497861861548863,18.59337586550757,1.3370028790796047,48.915450270042584,40.336869856747555,0.40214,0.9433618630978511,0.09653,49.903729632749645,21.426252977845426,2.8522134061462827,329.14717390055154,1.8964560442498608
1789,0.08745,2.380136006501418,6.480698820167502,0.08338,41.85669719871477,5.381152095812778,0.5696596698224912,6.930095347141026,16.874372457993278,4.7834405701417975,56.430931388833244,6.7151481099728265,16.518405495399957,6.745410870432795,2.0497861861548863,18.59337586550757,1.3370028790796047,48.915450270042584,40.336869856747555,0.40214,0.9433618630978511,0.09653,49.903729632749645,21.426252977845426,2.8522134061462827,329.14717390055154,1.8964560442498608
1790,0.08745,2.380136006501418,6.480698820167502,0.08338,41.85669719871477,5.381152095812778,0.5696596698224912,6.930095347141026,16.874372457993278,4.7834405701417975,56.430931388833244,6.7151481099728265,16.518405495399957,6.745410870432795,2.0497861861548863,18.59337586550757,1.3370028790796047,48.915450270042584,40.336869856747555,0.40214,0.9433618630978511,0.09653,49.903729632749645,21.426252977845426,2.8522134061462827,329.14717390055154,1.8964560442498608
1791,0.08745,2.380136006501418,6.480698820167502,0.08338,41.85669719871477,5.381152095812778,0.5696596698224912,6.930095347141026,16.874372457993278,4.7834405701417975,56.430931388833244,6.7151481099728265,16.518405495399957,6.745410870432795,2.0497861861548863,18.59337586550757,1.3370028790796047,48.915450270042584,40.336869856747555,0.40214,0.9433618630978511,0.09653,49.903729632749645,21.426252977845426,2.8522134061462827,329.14717390055154,1.8964560442498608
1792,0.08745,2.380136006501418,6.480698820167502,0.08338,41.85669719871477,5.381152095812778,0.5696596698224912,6.930095347141026,16.874372457993278,4.7834405701417975,56.430931388833244,6.7151481099728265,16.518405495399957,6.745410870432795,2.0497861861548863,18.59337586550757,1.3370028790796047,48.915450270042584,40.336869856747555,0.40214,0.9433618630978511,0.09653,49.903729632749645,21.426252977845426,2.8522134061462827,329.14717390055154,1.8964560442498608
1793,0.08745,2.380136006501418,6.480698820167502,0.08338,41.85669719871477,5.381152095812778,0.5696596698224912,6.930095347141026,16.874372457993278,4.7834405701417975,56.430931388833244,6.7151481099728265,16.518405495399957,6.745410870432795,2.0497861861548863,18.59337586550757,1.3370028790796047,48.915450270042584,40.336869856747555,0.40214,0.9433618630978511,0.09653,49.903729632749645,21.426252977845426,2.8522134061462827,329.14717390055154,1.8964560442498608
1794,0.08745,2.380136006501418,6.480698820167502,0.08338,41.85669719871477,5.381152095812778,0.5696596698224912,6.930095347141026,16.874372457993278,4.7834405701417975,56.430931388833244,6.7151481099728265,16.518405495399957,6.745410870432795,2.0497861861548863,18.59337586550757,1.3370028790796047,48.915450270042584,40.336869856747555,0.40214,0.9433618630978511,0.09653,49.903729632749645,21.426252977845426,2.8522134061462827,329.14717390055154,1.8964560442498608
1795,0.08745,2.380136006501418,6.480698820167502,0.08338,41.85669719871477,5.381152095812778,0.5696596698224912,6.930095347141026,16.874372457993278,4.7834405701417975,56.430931388833244,6.7151481099728265,16.518405495399957,6.745410870432795,2.0497861861548863,18.59337586550757,1.3370028790796047,48.915450270042584,40.336869856747555,0.40214,0.9433618630978511,0.09653,49.903729632749645,21.426252977845426,2.8522134061462827,329.14717390055154,1.8964560442498608
1796,0.08745,2.380136006501418,6.480698820167502,0.08338,41.85669719871477,5.381152095812778,0.5696596698224912,6.930095347141026,16.874372457993278,4.7834405701417975,56.430931388833244,6.7151481099728265,16.518405495399957,6.745410870432795,2.0497861861548863,18.59337586550757,1.3370028790796047,48.915450270042584,40.336869856747555,0.40214,0.9433618630978511,0.09653,49.903729632749645,21.426252977845426,2.8522134061462827,329.14717390055154,1.8964560442498608
1797,0.08745,2.380136006501418,6.480698820167502,0.08338,41.85669719871477,5.381152095812778,0.5696596698224912,6.930095347141026,16.874372457993278,4.7834405701417975,56.430931388833244,6.7151481099728265,16.518405495399957,6.745410870432795,2.0497861861548863,18.59337586550757,1.3370028790796047,48.915450270042584,40.336869856747555,0.40214,0.9433618630978511,0.09653,49.903729632749645,21.426252977845426,2.8522134061462827,329.14717390055154,1.8964560442498608
1798,0.08745,2.380136006501418,6.480698820167502,0.08338,41.85669719871477,5.381152095812778,0.5696596698224912,6.930095347141026,16.874372457993278,4.7834405701417975,56.430931388833244,6.7151481099728265,16.518405495399957,6.745410870432795,2.0497861861548863,18.59337586550757,1.3370028790796047,48.915450270042584,40.336869856747555,0.40214,0.9433618630978511,0.09653,49.903729632749645,21.426252977845426,2.8522134061462827,329.14717390055154,1.8964560442498608
1799,0.08745,2.380136006501418,6.480698820167502,0.08338,41.85669719871477,5.381152095812778,0.5696596698224912,6.930095347141026,16.874372457993278,4.7834405701417975,56.430931388833244,6.7151481099728265,16.518405495399957,6.745410870432795,2.0497861861548863,18.59337586550757,1.3370028790796047,48.915450270042584,40.336869856747555,0.40214,0.9433618630978511,0.09653,49.903729632749645,21.426252977845426,2.8522134061462827,329.14717390055154,1.8964560442498608
1800,0.08745,2.380136006501418,6.480698820167502,0.08338,41.85669719871477,5.381152095812778,0.5696596698224912,6.930095347141026,16.874372457993278,4.7834405701417975,56.430931388833244,6.7151481099728265,16.518405495399957,6.745410870432795,2.0497861861548863,18.59337586550757,1.3370028790796047,48.915450270042584,40.336869856747555,0.40214,0.9433618630978511,0.09653,49.903729632749645,21.426252977845426,2.8522134061462827,329.14717390055154,1.8964560442498608
1801,0.08745,2.380136006501418,6.480698820167502,0.08338,41.85669719871477,5.381152095812778,0.5696596698224912,6.930095347141026,16.874372457993278,4.7834405701417975,56.430931388833244,6.7151481099728265,16.518405495399957,6.745410870432795,2.0497861861548863,18.59337586550757,1.3370028790796047,48.915450270042584,40.336869856747555,0.40214,0.9433618630978511,0.09653,49.903729632749645,21.426252977845426,2.8522134061462827,329.14717390055154,1.8964560442498608
1802,0.08745,2.380136006501418,6.480698820167502,0.08338,41.85669719871477,5.381152095812778,0.5696596698224912,6.930095347141026,16.874372457993278,4.7834405701417975,56.430931388833244,6.7151481099728265,16.518405495399957,6.745410870432795,2.0497861861548863,18.59337586550757,1.3370028790796047,48.915450270042584,40.336869856747555,0.40214,0.9433618630978511,0.09653,49.903729632749645,21.426252977845426,2.8522134061462827,329.14717390055154,1.8964560442498608
1803,0.08745,2.380136006501418,6.480698820167502,0.08338,41.85669719871477,5.381152095812778,0.5696596698224912,6.930095347141026,16.874372457993278,4.7834405701417975,56.430931388833244,6.7151481099728265,16.518405495399957,6.745410870432795,2.0497861861548863,18.59337586550757,1.3370028790796047,48.915450270042584,40.336869856747555,0.40214,0.9433618630978511,0.09653,49.903729632749645,21.426252977845426,2.8522134061462827,329.14717390055154,1.8964560442498608
1804,0.08745,2.380136006501418,6.480698820167502,0.08338,41.85669719871477,5.381152095812778,0.5696596698224912,6.930095347141026,16.874372457993278,4.7834405701417975,56.430931388833244,6.7151481099728265,16.518405495399957,6.745410870432795,2.0497861861548863,18.59337586550757,1.3370028790796047,48.915450270042584,40.336869856747555,0.40214,0.9433618630978511,0.09653,49.903729632749645,21.426252977845426,2.8522134061462827,329.14717390055154,1.8964560442498608
1805,0.08745,2.380136006501418,6.480698820167502,0.08338,41.85669719871477,5.381152095812778,0.5696596698224912,6.930095347141026,16.874372457993278,4.7834405701417975,56.430931388833244,6.7151481099728265,16.518405495399957,6.745410870432795,2.0497861861548863,18.59337586550757,1.3370028790796047,48.915450270042584,40.336869856747555,0.40214,0.9433618630978511,0.09653,49.903729632749645,21.426252977845426,2.8522134061462827,329.14717390055154,1.8964560442498608
1806,0.08745,2.380136006501418,6.480698820167502,0.08338,41.85669719871477,5.381152095812778,0.5696596698224912,6.930095347141026,16.874372457993278,4.7834405701417975,56.430931388833244,6.7151481099728265,16.518405495399957,6.745410870432795,2.0497861861548863,18.59337586550757,1.3370028790796047,48.915450270042584,40.336869856747555,0.40214,0.9433618630978511,0.09653,49.903729632749645,21.426252977845426,2.8522134061462827,329.14717390055154,1.8964560442498608
1807,0.08745,2.380136006501418,6.480698820167502,0.08338,41.85669719871477,5.381152095812778,0.5696596698224912,6.930095347141026,16.874372457993278,4.7834405701417975,56.430931388833244,6.7151481099728265,16.518405495399957,6.745410870432795,2.0497861861548863,18.59337586550757,1.3370028790796047,48.915450270042584,40.336869856747555,0.40214,0.9433618630978511,0.09653,49.903729632749645,21.426252977845426,2.8522134061462827,329.14717390055154,1.8964560442498608
1808,0.08745,2.380136006501418,6.480698820167502,0.08338,41.85669719871477,5.381152095812778,0.5696596698224912,6.930095347141026,16.874372457993278,4.7834405701417975,56.430931388833244,6.7151481099728265,16.518405495399957,6.745410870432795,2.0497861861548863,18.59337586550757,1.3370028790796047,48.915450270042584,40.336869856747555,0.40214,0.9433618630978511,0.09653,49.903729632749645,21.426252977845426,2.8522134061462827,329.14717390055154,1.8964560442498608
1809,0.08745,2.380136006501418,6.480698820167502,0.08338,41.85669719871477,5.381152095812778,0.5696596698224912,6.930095347141026,16.874372457993278,4.7834405701417975,56.430931388833244,6.7151481099728265,16.518405495399957,6.745410870432795,2.0497861861548863,18.59337586550757,1.3370028790796047,48.915450270042584,40.336869856747555,0.40214,0.9433618630978511,0.09653,49.903729632749645,21.426252977845426,2.8522134061462827,329.14717390055154,1.8964560442498608
1810,0.08745,2.380136006501418,6.480698820167502,0.08338,41.85669719871477,5.381152095812778,0.5696596698224912,6.930095347141026,16.874372457993278,4.7834405701417975,56.430931388833244,6.7151481099728265,16.518405495399957,6.745410870432795,2.0497861861548863,18.59337586550757,1.3370028790796047,48.915450270042584,40.336869856747555,0.40214,0.9433618630978511,0.09653,49.903729632749645,21.426252977845426,2.8522134061462827,329.14717390055154,1.8964560442498608
1811,0.08745,2.380136006501418,6.480698820167502,0.08338,41.85669719871477,5.381152095812778,0.5696596698224912,6.930095347141026,16.874372457993278,4.7834405701417975,56.430931388833244,6.7151481099728265,16.518405495399957,6.745410870432795,2.0497861861548863,18.59337586550757,1.3370028790796047,48.915450270042584,40.336869856747555,0.40214,0.9433618630978511,0.09653,49.903729632749645,21.426252977845426,2.8522134061462827,329.14717390055154,1.8964560442498608
1812,0.08745,2.380136006501418,6.480698820167502,0.08338,41.85669719871477,5.381152095812778,0.5696596698224912,6.930095347141026,16.874372457993278,4.7834405701417975,56.430931388833244,6.7151481099728265,16.518405495399957,6.745410870432795,2.0497861861548863,18.59337586550757,1.3370028790796047,48.915450270042584,40.336869856747555,0.40214,0.9433618630978511,0.09653,49.903729632749645,21.426252977845426,2.8522134061462827,329.14717390055154,1.8964560442498608
1813,0.08745,2.380136006501418,6.480698820167502,0.08338,41.85669719871477,5.381152095812778,0.5696596698224912,6.930095347141026,16.874372457993278,4.7834405701417975,56.430931388833244,6.7151481099728265,16.518405495399957,6.745410870432795,2.0497861861548863,18.59337586550757,1.3370028790796047,48.915450270042584,40.336869856747555,0.40214,0.9433618630978511,0.09653,49.903729632749645,21.426252977845426,2.8522134061462827,329.14717390055154,1.8964560442498608
1814,0.08745,2.380136006501418,6.480698820167502,0.08338,41.85669719871477,5.381152095812778,0.5696596698224912,6.930095347141026,16.874372457993278,4.7834405701417975,56.430931388833244,6.7151481099728265,16.518405495399957,6.745410870432795,2.0497861861548863,18.59337586550757,1.3370028790796047,48.915450270042584,40.336869856747555,0.40214,0.9433618630978511,0.09653,49.903729632749645,21.426252977845426,2.8522134061462827,329.14717390055154,1.8964560442498608
1815,0.08745,2.380136006501418,6.480698820167502,0.08338,41.85669719871477,5.381152095812778,0.5696596698224912,6.930095347141026,16.874372457993278,4.7834405701417975,56.430931388833244,6.7151481099728265,16.518405495399957,6.745410870432795,2.0497861861548863,18.59337586550757,1.3370028790796047,48.915450270042584,40.336869856747555,0.40214,0.9433618630978511,0.09653,49.903729632749645,21.426252977845426,2.8522134061462827,329.14717390055154,1.8964560442498608
1816,0.08745,2.380136006501418,6.480698820167502,0.08338,41.85669719871477,5.381152095812778,0.5696596698224912,6.930095347141026,16.874372457993278,4.7834405701417975,56.430931388833244,6.7151481099728265,16.518405495399957,6.745410870432795,2.0497861861548863,18.59337586550757,1.3370028790796047,48.915450270042584,40.336869856747555,0.40214,0.9433618630978511,0.09653,49.903729632749645,21.426252977845426,2.8522134061462827,329.14717390055154,1.8964560442498608
1817,0.08745,2.380136006501418,6.480698820167502,0.08338,41.85669719871477,5.381152095812778,0.5696596698224912,6.930095347141026,16.874372457993278,4.7834405701417975,56.430931388833244,6.7151481099728265,16.518405495399957,6.745410870432795,2.0497861861548863,18.59337586550757,1.3370028790796047,48.915450270042584,40.336869856747555,0.40214,0.9433618630978511,0.09653,49.903729632749645,21.426252977845426,2.8522134061462827,329.14717390055154,1.8964560442498608
1818,0.08745,2.380136006501418,6.480698820167502,0.08338,41.85669719871477,5.381152095812778,0.5696596698224912,6.930095347141026,16.874372457993278,4.7834405701417975,56.430931388833244,6.7151481099728265,16.518405495399957,6.745410870432795,2.0497861861548863,18.59337586550757,1.3370028790796047,48.915450270042584,40.336869856747555,0.40214,0.9433618630978511,0.09653,49.903729632749645,21.426252977845426,2.8522134061462827,329.14717390055154,1.8964560442498608
1819,0.08745,2.380136006501418,6.480698820167502,0.08338,41.85669719871477,5.381152095812778,0.5696596698224912,6.930095347141026,16.874372457993278,4.7834405701417975,56.430931388833244,6.7151481099728265,16.518405495399957,6.745410870432795,2.0497861861548863,18.59337586550757,1.3370028790796047,48.915450270042584,40.336869856747555,0.40214,0.9433618630978511,0.09653,49.903729632749645,21.426252977845426,2.8522134061462827,329.14717390055154,1.8964560442498608
1820,0.08745,2.380136006501418,6.480698820167502,0.08338,41.85669719871477,5.381152095812778,0.5696596698224912,6.930095347141026,16.874372457993278,4.7834405701417975,56.430931388833244,6.7151481099728265,16.518405495399957,6.745410870432795,2.0497861861548863,18.59337586550757,1.3370028790796047,48.915450270042584,40.336869856747555,0.40214,0.9433618630978511,0.09653,49.903729632749645,21.426252977845426,2.8522134061462827,329.14717390055154,1.8964560442498608
1821,0.08745,2.380136006501418,6.480698820167502,0.08338,41.85669719871477,5.381152095812778,0.5696596698224912,6.930095347141026,16.874372457993278,4.7834405701417975,56.430931388833244,6.7151481099728265,16.518405495399957,6.745410870432795,2.0497861861548863,18.59337586550757,1.3370028790796047,48.915450270042584,40.336869856747555,0.40214,0.9433618630978511,0.09653,49.903729632749645,21.426252977845426,2.8522134061462827,329.14717390055154,1.8964560442498608
1822,0.08745,2.380136006501418,6.480698820167502,0.08338,41.85669719871477,5.381152095812778,0.5696596698224912,6.930095347141026,16.874372457993278,4.7834405701417975,56.430931388833244,6.7151481099728265,16.518405495399957,6.745410870432795,2.0497861861548863,18.59337586550757,1.3370028790796047,48.915450270042584,40.336869856747555,0.40214,0.9433618630978511,0.09653,49.903729632749645,21.426252977845426,2.8522134061462827,329.14717390055154,1.8964560442498608
1823,0.08745,2.380136006501418,6.480698820167502,0.08338,41.85669719871477,5.381152095812778,0.5696596698224912,6.930095347141026,16.874372457993278,4.7834405701417975,56.430931388833244,6.7151481099728265,16.518405495399957,6.745410870432795,2.0497861861548863,18.59337586550757,1.3370028790796047,48.915450270042584,40.336869856747555,0.40214,0.9433618630978511,0.09653,49.903729632749645,21.426252977845426,2.8522134061462827,329.14717390055154,1.8964560442498608
1824,0.08745,2.380136006501418,6.480698820167502,0.08338,41.85669719871477,5.381152095812778,0.5696596698224912,6.930095347141026,16.874372457993278,4.7834405701417975,56.430931388833244,6.7151481099728265,16.518405495399957,6.745410870432795,2.0497861861548863,18.59337586550757,1.3370028790796047,48.915450270042584,40.336869856747555,0.40214,0.9433618630978511,0.09653,49.903729632749645,21.426252977845426,2.8522134061462827,329.14717390055154,1.8964560442498608
1825,0.08745,2.380136006501418,6.480698820167502,0.08338,41.85669719871477,5.381152095812778,0.5696596698224912,6.930095347141026,16.874372457993278,4.7834405701417975,56.430931388833244,6.7151481099728265,16.518405495399957,6.745410870432795,2.0497861861548863,18.59337586550757,1.3370028790796047,48.915450270042584,40.336869856747555,0.40214,0.9433618630978511,0.09653,49.903729632749645,21.426252977845426,2.8522134061462827,329.14717390055154,1.8964560442498608
1826,0.08745,2.380136006501418,6.480698820167502,0.08338,41.85669719871477,5.381152095812778,0.5696596698224912,6.930095347141026,16.874372457993278,4.7834405701417975,56.430931388833244,6.7151481099728265,16.518405495399957,6.745410870432795,2.0497861861548863,18.59337586550757,1.3370028790796047,48.915450270042584,40.336869856747555,0.40214,0.9433618630978511,0.09653,49.903729632749645,21.426252977845426,2.8522134061462827,329.14717390055154,1.8964560442498608
1827,0.08745,2.380136006501418,6.480698820167502,0.08338,41.85669719871477,5.381152095812778,0.5696596698224912,6.930095347141026,16.874372457993278,4.7834405701417975,56.430931388833244,6.7151481099728265,16.518405495399957,6.745410870432795,2.0497861861548863,18.59337586550757,1.3370028790796047,48.915450270042584,40.336869856747555,0.40214,0.9433618630978511,0.09653,49.903729632749645,21.426252977845426,2.8522134061462827,329.14717390055154,1.8964560442498608
1828,0.08745,2.380136006501418,6.480698820167502,0.08338,41.85669719871477,5.381152095812778,0.5696596698224912,6.930095347141026,16.874372457993278,4.7834405701417975,56.430931388833244,6.7151481099728265,16.518405495399957,6.745410870432795,2.0497861861548863,18.59337586550757,1.3370028790796047,48.915450270042584,40.336869856747555,0.40214,0.9433618630978511,0.09653,49.903729632749645,21.426252977845426,2.8522134061462827,329.14717390055154,1.8964560442498608
1829,0.08745,2.380136006501418,6.480698820167502,0.08338,41.85669719871477,5.381152095812778,0.5696596698224912,6.930095347141026,16.874372457993278,4.7834405701417975,56.430931388833244,6.7151481099728265,16.518405495399957,6.745410870432795,2.0497861861548863,18.59337586550757,1.3370028790796047,48.915450270042584,40.336869856747555,0.40214,0.9433618630978511,0.09653,49.903729632749645,21.426252977845426,2.8522134061462827,329.14717390055154,1.8964560442498608
1830,0.08745,2.380136006501418,6.480698820167502,0.08338,41.85669719871477,5.381152095812778,0.5696596698224912,6.930095347141026,16.874372457993278,4.7834405701417975,56.430931388833244,6.7151481099728265,16.518405495399957,6.745410870432795,2.0497861861548863,18.59337586550757,1.3370028790796047,48.915450270042584,40.336869856747555,0.40214,0.9433618630978511,0.09653,49.903729632749645,21.426252977845426,2.8522134061462827,329.14717390055154,1.8964560442498608
1831,0.08745,2.380136006501418,6.480698820167502,0.08338,41.85669719871477,5.381152095812778,0.5696596698224912,6.930095347141026,16.874372457993278,4.7834405701417975,56.430931388833244,6.7151481099728265,16.518405495399957,6.745410870432795,2.0497861861548863,18.59337586550757,1.3370028790796047,48.915450270042584,40.336869856747555,0.40214,0.9433618630978511,0.09653,49.903729632749645,21.426252977845426,2.8522134061462827,329.14717390055154,1.8964560442498608
1832,0.08745,2.380136006501418,6.480698820167502,0.08338,41.85669719871477,5.381152095812778,0.5696596698224912,6.930095347141026,16.874372457993278,4.7834405701417975,56.430931388833244,6.7151481099728265,16.518405495399957,6.745410870432795,2.0497861861548863,18.59337586550757,1.3370028790796047,48.915450270042584,40.336869856747555,0.40214,0.9433618630978511,0.09653,49.903729632749645,21.426252977845426,2.8522134061462827,329.14717390055154,1.8964560442498608
1833,0.08745,2.380136006501418,6.480698820167502,0.08338,41.85669719871477,5.381152095812778,0.5696596698224912,6.930095347141026,16.874372457993278,4.7834405701417975,56.430931388833244,6.7151481099728265,16.518405495399957,6.745410870432795,2.0497861861548863,18.59337586550757,1.3370028790796047,48.915450270042584,40.336869856747555,0.40214,0.9433618630978511,0.09653,49.903729632749645,21.426252977845426,2.8522134061462827,329.14717390055154,1.8964560442498608
1834,0.08745,2.380136006501418,6.480698820167502,0.08338,41.85669719871477,5.381152095812778,0.5696596698224912,6.930095347141026,16.874372457993278,4.7834405701417975,56.430931388833244,6.7151481099728265,16.518405495399957,6.745410870432795,2.0497861861548863,18.59337586550757,1.3370028790796047,48.915450270042584,40.336869856747555,0.40214,0.9433618630978511,0.09653,49.903729632749645,21.426252977845426,2.8522134061462827,329.14717390055154,1.8964560442498608
1835,0.08745,2.380136006501418,6.480698820167502,0.08338,41.85669719871477,5.381152095812778,0.5696596698224912,6.930095347141026,16.874372457993278,4.7834405701417975,56.430931388833244,6.7151481099728265,16.518405495399957,6.745410870432795,2.0497861861548863,18.59337586550757,1.3370028790796047,48.915450270042584,40.336869856747555,0.40214,0.9433618630978511,0.09653,49.903729632749645,21.426252977845426,2.8522134061462827,329.14717390055154,1.8964560442498608
1836,0.08745,2.380136006501418,6.480698820167502,0.08338,41.85669719871477,5.381152095812778,0.5696596698224912,6.930095347141026,16.874372457993278,4.7834405701417975,56.430931388833244,6.7151481099728265,16.518405495399957,6.745410870432795,2.0497861861548863,18.59337586550757,1.3370028790796047,48.915450270042584,40.336869856747555,0.40214,0.9433618630978511,0.09653,49.903729632749645,21.426252977845426,2.8522134061462827,329.14717390055154,1.8964560442498608
1837,0.08745,2.380136006501418,6.480698820167502,0.08338,41.85669719871477,5.381152095812778,0.5696596698224912,6.930095347141026,16.874372457993278,4.7834405701417975,56.430931388833244,6.7151481099728265,16.518405495399957,6.745410870432795,2.0497861861548863,18.59337586550757,1.3370028790796047,48.915450270042584,40.336869856747555,0.40214,0.9433618630978511,0.09653,49.903729632749645,21.426252977845426,2.8522134061462827,329.14717390055154,1.8964560442498608
1838,0.08745,2.380136006501418,6.480698820167502,0.08338,41.85669719871477,5.381152095812778,0.5696596698224912,6.930095347141026,16.874372457993278,4.7834405701417975,56.430931388833244,6.7151481099728265,16.518405495399957,6.745410870432795,2.0497861861548863,18.59337586550757,1.3370028790796047,48.915450270042584,40.336869856747555,0.40214,0.9433618630978511,0.09653,49.903729632749645,21.426252977845426,2.8522134061462827,329.14717390055154,1.8964560442498608
1839,0.08745,2.380136006501418,6.480698820167502,0.08338,41.85669719871477,5.381152095812778,0.5696596698224912,6.930095347141026,16.874372457993278,4.7834405701417975,56.430931388833244,6.7151481099728265,16.518405495399957,6.745410870432795,2.0497861861548863,18.59337586550757,1.3370028790796047,48.915450270042584,40.336869856747555,0.40214,0.9433618630978511,0.09653,49.903729632749645,21.426252977845426,2.8522134061462827,329.14717390055154,1.8964560442498608
1840,0.08745,2.380136006501418,6.480698820167502,0.08338,41.85669719871477,5.381152095812778,0.5696596698224912,6.930095347141026,16.874372457993278,4.7834405701417975,56.430931388833244,6.7151481099728265,16.518405495399957,6.745410870432795,2.0497861861548863,18.59337586550757,1.3370028790796047,48.915450270042584,40.336869856747555,0.40214,0.9433618630978511,0.09653,49.903729632749645,21.426252977845426,2.8522134061462827,329.14717390055154,1.8964560442498608
1841,0.08745,2.380136006501418,6.480698820167502,0.08338,41.85669719871477,5.381152095812778,0.5696596698224912,6.930095347141026,16.874372457993278,4.7834405701417975,56.430931388833244,6.7151481099728265,16.518405495399957,6.745410870432795,2.0497861861548863,18.59337586550757,1.3370028790796047,48.915450270042584,40.336869856747555,0.40214,0.9433618630978511,0.09653,49.903729632749645,21.426252977845426,2.8522134061462827,329.14717390055154,1.8964560442498608
1842,0.08745,2.380136006501418,6.480698820167502,0.08338,41.85669719871477,5.381152095812778,0.5696596698224912,6.930095347141026,16.874372457993278,4.7834405701417975,56.430931388833244,6.7151481099728265,16.518405495399957,6.745410870432795,2.0497861861548863,18.59337586550757,1.3370028790796047,48.915450270042584,40.336869856747555,0.40214,0.9433618630978511,0.09653,49.903729632749645,21.426252977845426,2.8522134061462827,329.14717390055154,1.8964560442498608
1843,0.08745,2.380136006501418,6.480698820167502,0.08338,41.85669719871477,5.381152095812778,0.5696596698224912,6.930095347141026,16.874372457993278,4.7834405701417975,56.430931388833244,6.7151481099728265,16.518405495399957,6.745410870432795,2.0497861861548863,18.59337586550757,1.3370028790796047,48.915450270042584,40.336869856747555,0.40214,0.9433618630978511,0.09653,49.903729632749645,21.426252977845426,2.8522134061462827,329.14717390055154,1.8964560442498608
1844,0.08745,2.380136006501418,6.480698820167502,0.08338,41.85669719871477,5.381152095812778,0.5696596698224912,6.930095347141026,16.874372457993278,4.7834405701417975,56.430931388833244,6.7151481099728265,16.518405495399957,6.745410870432795,2.0497861861548863,18.59337586550757,1.3370028790796047,48.915450270042584,40.336869856747555,0.40214,0.9433618630978511,0.09653,49.903729632749645,21.426252977845426,2.8522134061462827,329.14717390055154,1.8964560442498608
1845,0.08745,2.380136006501418,6.480698820167502,0.08338,41.85669719871477,5.381152095812778,0.5696596698224912,6.930095347141026,16.874372457993278,4.7834405701417975,56.430931388833244,6.7151481099728265,16.518405495399957,6.745410870432795,2.0497861861548863,18.59337586550757,1.3370028790796047,48.915450270042584,40.336869856747555,0.40214,0.9433618630978511,0.09653,49.903729632749645,21.426252977845426,2.8522134061462827,329.14717390055154,1.8964560442498608
1846,0.08745,2.380136006501418,6.480698820167502,0.08338,41.85669719871477,5.381152095812778,0.5696596698224912,6.930095347141026,16.874372457993278,4.7834405701417975,56.430931388833244,6.7151481099728265,16.518405495399957,6.745410870432795,2.0497861861548863,18.59337586550757,1.3370028790796047,48.915450270042584,40.336869856747555,0.40214,0.9433618630978511,0.09653,49.903729632749645,21.426252977845426,2.8522134061462827,329.14717390055154,1.8964560442498608
1847,0.08745,2.380136006501418,6.480698820167502,0.08338,41.85669719871477,5.381152095812778,0.5696596698224912,6.930095347141026,16.874372457993278,4.7834405701417975,56.430931388833244,6.7151481099728265,16.518405495399957,6.745410870432795,2.0497861861548863,18.59337586550757,1.3370028790796047,48.915450270042584,40.336869856747555,0.40214,0.9433618630978511,0.09653,49.903729632749645,21.426252977845426,2.8522134061462827,329.14717390055154,1.8964560442498608
1848,0.08745,2.380136006501418,6.480698820167502,0.08338,41.85669719871477,5.381152095812778,0.5696596698224912,6.930095347141026,16.874372457993278,4.7834405701417975,56.430931388833244,6.7151481099728265,16.518405495399957,6.745410870432795,2.0497861861548863,18.59337586550757,1.3370028790796047,48.915450270042584,40.336869856747555,0.40214,0.9433618630978511,0.09653,49.903729632749645,21.426252977845426,2.8522134061462827,329.14717390055154,1.8964560442498608
1849,0.08745,2.380136006501418,6.480698820167502,0.08338,41.85669719871477,5.381152095812778,0.5696596698224912,6.930095347141026,16.874372457993278,4.7834405701417975,56.430931388833244,6.7151481099728265,16.518405495399957,6.745410870432795,2.0497861861548863,18.59337586550757,1.3370028790796047,48.915450270042584,40.336869856747555,0.40214,0.9433618630978511,0.09653,49.903729632749645,21.426252977845426,2.8522134061462827,329.14717390055154,1.8964560442498608
1850,0.08745,2.380136006501418,6.480698820167502,0.08338,41.85669719871477,5.381152095812778,0.5696596698224912,6.930095347141026,16.874372457993278,4.7834405701417975,56.430931388833244,6.7151481099728265,16.518405495399957,6.745410870432795,2.0497861861548863,18.59337586550757,1.3370028790796047,48.915450270042584,40.336869856747555,0.40214,0.9433618630978511,0.09653,49.903729632749645,21.426252977845426,2.8522134061462827,329.14717390055154,1.8964560442498608
1851,0.08745,2.380136006501418,6.480698820167502,0.08338,41.85669719871477,5.381152095812778,0.5696596698224912,6.930095347141026,16.874372457993278,4.7834405701417975,56.430931388833244,6.7151481099728265,16.518405495399957,6.745410870432795,2.0497861861548863,18.59337586550757,1.3370028790796047,48.915450270042584,40.336869856747555,0.40214,0.9433618630978511,0.09653,49.903729632749645,21.426252977845426,2.8522134061462827,329.14717390055154,1.8964560442498608
1852,0.08745,2.380136006501418,6.480698820167502,0.08338,41.85669719871477,5.381152095812778,0.5696596698224912,6.930095347141026,16.874372457993278,4.7834405701417975,56.430931388833244,6.7151481099728265,16.518405495399957,6.745410870432795,2.0497861861548863,18.59337586550757,1.3370028790796047,48.915450270042584,40.336869856747555,0.40214,0.9433618630978511,0.09653,49.903729632749645,21.426252977845426,2.8522134061462827,329.14717390055154,1.8964560442498608
1853,0.08745,2.380136006501418,6.480698820167502,0.08338,41.85669719871477,5.381152095812778,0.5696596698224912,6.930095347141026,16.874372457993278,4.7834405701417975,56.430931388833244,6.7151481099728265,16.518405495399957,6.745410870432795,2.0497861861548863,18.59337586550757,1.3370028790796047,48.915450270042584,40.336869856747555,0.40214,0.9433618630978511,0.09653,49.903729632749645,21.426252977845426,2.8522134061462827,329.14717390055154,1.8964560442498608
1854,0.08745,2.380136006501418,6.480698820167502,0.08338,41.85669719871477,5.381152095812778,0.5696596698224912,6.930095347141026,16.874372457993278,4.7834405701417975,56.430931388833244,6.7151481099728265,16.518405495399957,6.745410870432795,2.0497861861548863,18.59337586550757,1.3370028790796047,48.915450270042584,40.336869856747555,0.40214,0.9433618630978511,0.09653,49.903729632749645,21.426252977845426,2.8522134061462827,329.14717390055154,1.8964560442498608
1855,0.08745,2.380136006501418,6.480698820167502,0.08338,41.85669719871477,5.381152095812778,0.5696596698224912,6.930095347141026,16.874372457993278,4.7834405701417975,56.430931388833244,6.7151481099728265,16.518405495399957,6.745410870432795,2.0497861861548863,18.59337586550757,1.3370028790796047,48.915450270042584,40.336869856747555,0.40214,0.9433618630978511,0.09653,49.903729632749645,21.426252977845426,2.8522134061462827,329.14717390055154,1.8964560442498608
1856,0.08745,2.380136006501418,6.480698820167502,0.08338,41.85669719871477,5.381152095812778,0.5696596698224912,6.930095347141026,16.874372457993278,4.7834405701417975,56.430931388833244,6.7151481099728265,16.518405495399957,6.745410870432795,2.0497861861548863,18.59337586550757,1.3370028790796047,48.915450270042584,40.336869856747555,0.40214,0.9433618630978511,0.09653,49.903729632749645,21.426252977845426,2.8522134061462827,329.14717390055154,1.8964560442498608
1857,0.08745,2.380136006501418,6.480698820167502,0.08338,41.85669719871477,5.381152095812778,0.5696596698224912,6.930095347141026,16.874372457993278,4.7834405701417975,56.430931388833244,6.7151481099728265,16.518405495399957,6.745410870432795,2.0497861861548863,18.59337586550757,1.3370028790796047,48.915450270042584,40.336869856747555,0.40214,0.9433618630978511,0.09653,49.903729632749645,21.426252977845426,2.8522134061462827,329.14717390055154,1.8964560442498608
1858,0.08745,2.380136006501418,6.480698820167502,0.08338,41.85669719871477,5.381152095812778,0.5696596698224912,6.930095347141026,16.874372457993278,4.7834405701417975,56.430931388833244,6.7151481099728265,16.518405495399957,6.745410870432795,2.0497861861548863,18.59337586550757,1.3370028790796047,48.915450270042584,40.336869856747555,0.40214,0.9433618630978511,0.09653,49.903729632749645,21.426252977845426,2.8522134061462827,329.14717390055154,1.8964560442498608
1859,0.08745,2.380136006501418,6.480698820167502,0.08338,41.85669719871477,5.381152095812778,0.5696596698224912,6.930095347141026,16.874372457993278,4.7834405701417975,56.430931388833244,6.7151481099728265,16.518405495399957,6.745410870432795,2.0497861861548863,18.59337586550757,1.3370028790796047,48.915450270042584,40.336869856747555,0.40214,0.9433618630978511,0.09653,49.903729632749645,21.426252977845426,2.8522134061462827,329.14717390055154,1.8964560442498608
1860,0.08745,2.380136006501418,6.480698820167502,0.08338,41.85669719871477,5.381152095812778,0.5696596698224912,6.930095347141026,16.874372457993278,4.7834405701417975,56.430931388833244,6.7151481099728265,16.518405495399957,6.745410870432795,2.0497861861548863,18.59337586550757,1.3370028790796047,48.915450270042584,40.336869856747555,0.40214,0.9433618630978511,0.09653,49.903729632749645,21.426252977845426,2.8522134061462827,329.14717390055154,1.8964560442498608
1861,0.08745,2.380136006501418,6.480698820167502,0.08338,41.85669719871477,5.381152095812778,0.5696596698224912,6.930095347141026,16.874372457993278,4.7834405701417975,56.430931388833244,6.7151481099728265,16.518405495399957,6.745410870432795,2.0497861861548863,18.59337586550757,1.3370028790796047,48.915450270042584,40.336869856747555,0.40214,0.9433618630978511,0.09653,49.903729632749645,21.426252977845426,2.8522134061462827,329.14717390055154,1.8964560442498608
1862,0.08745,2.380136006501418,6.480698820167502,0.08338,41.85669719871477,5.381152095812778,0.5696596698224912,6.930095347141026,16.874372457993278,4.7834405701417975,56.430931388833244,6.7151481099728265,16.518405495399957,6.745410870432795,2.0497861861548863,18.59337586550757,1.3370028790796047,48.915450270042584,40.336869856747555,0.40214,0.9433618630978511,0.09653,49.903729632749645,21.426252977845426,2.8522134061462827,329.14717390055154,1.8964560442498608
1863,0.08745,2.380136006501418,6.480698820167502,0.08338,41.85669719871477,5.381152095812778,0.5696596698224912,6.930095347141026,16.874372457993278,4.7834405701417975,56.430931388833244,6.7151481099728265,16.518405495399957,6.745410870432795,2.0497861861548863,18.59337586550757,1.3370028790796047,48.915450270042584,40.336869856747555,0.40214,0.9433618630978511,0.09653,49.903729632749645,21.426252977845426,2.8522134061462827,329.14717390055154,1.8964560442498608
1864,0.08745,2.380136006501418,6.480698820167502,0.08338,41.85669719871477,5.381152095812778,0.5696596698224912,6.930095347141026,16.874372457993278,4.7834405701417975,56.430931388833244,6.7151481099728265,16.518405495399957,6.745410870432795,2.0497861861548863,18.59337586550757,1.3370028790796047,48.915450270042584,40.336869856747555,0.40214,0.9433618630978511,0.09653,49.903729632749645,21.426252977845426,2.8522134061462827,329.14717390055154,1.8964560442498608
1865,0.08745,2.380136006501418,6.480698820167502,0.08338,41.85669719871477,5.381152095812778,0.5696596698224912,6.930095347141026,16.874372457993278,4.7834405701417975,56.430931388833244,6.7151481099728265,16.518405495399957,6.745410870432795,2.0497861861548863,18.59337586550757,1.3370028790796047,48.915450270042584,40.336869856747555,0.40214,0.9433618630978511,0.09653,49.903729632749645,21.426252977845426,2.8522134061462827,329.14717390055154,1.8964560442498608
1866,0.08745,2.380136006501418,6.480698820167502,0.08338,41.85669719871477,5.381152095812778,0.5696596698224912,6.930095347141026,16.874372457993278,4.7834405701417975,56.430931388833244,6.7151481099728265,16.518405495399957,6.745410870432795,2.0497861861548863,18.59337586550757,1.3370028790796047,48.915450270042584,40.336869856747555,0.40214,0.9433618630978511,0.09653,49.903729632749645,21.426252977845426,2.8522134061462827,329.14717390055154,1.8964560442498608
1867,0.08745,2.380136006501418,6.480698820167502,0.08338,41.85669719871477,5.381152095812778,0.5696596698224912,6.930095347141026,16.874372457993278,4.7834405701417975,56.430931388833244,6.7151481099728265,16.518405495399957,6.745410870432795,2.0497861861548863,18.59337586550757,1.3370028790796047,48.915450270042584,40.336869856747555,0.40214,0.9433618630978511,0.09653,49.903729632749645,21.426252977845426,2.8522134061462827,329.14717390055154,1.8964560442498608
1868,0.08745,2.380136006501418,6.480698820167502,0.08338,41.85669719871477,5.381152095812778,0.5696596698224912,6.930095347141026,16.874372457993278,4.7834405701417975,56.430931388833244,6.7151481099728265,16.518405495399957,6.745410870432795,2.0497861861548863,18.59337586550757,1.3370028790796047,48.915450270042584,40.336869856747555,0.40214,0.9433618630978511,0.09653,49.903729632749645,21.426252977845426,2.8522134061462827,329.14717390055154,1.8964560442498608
1869,0.08745,2.380136006501418,6.480698820167502,0.08338,41.85669719871477,5.381152095812778,0.5696596698224912,6.930095347141026,16.874372457993278,4.7834405701417975,56.430931388833244,6.7151481099728265,16.518405495399957,6.745410870432795,2.0497861861548863,18.59337586550757,1.3370028790796047,48.915450270042584,40.336869856747555,0.40214,0.9433618630978511,0.09653,49.903729632749645,21.426252977845426,2.8522134061462827,329.14717390055154,1.8964560442498608
1870,0.08745,2.380136006501418,6.480698820167502,0.08338,41.85669719871477,5.381152095812778,0.5696596698224912,6.930095347141026,16.874372457993278,4.7834405701417975,56.430931388833244,6.7151481099728265,16.518405495399957,6.745410870432795,2.0497861861548863,18.59337586550757,1.3370028790796047,48.915450270042584,40.336869856747555,0.40214,0.9433618630978511,0.09653,49.903729632749645,21.426252977845426,2.8522134061462827,329.14717390055154,1.8964560442498608
1871,0.08745,2.380136006501418,6.480698820167502,0.08338,41.85669719871477,5.381152095812778,0.5696596698224912,6.930095347141026,16.874372457993278,4.7834405701417975,56.430931388833244,6.7151481099728265,16.518405495399957,6.745410870432795,2.0497861861548863,18.59337586550757,1.3370028790796047,48.915450270042584,40.336869856747555,0.40214,0.9433618630978511,0.09653,49.903729632749645,21.426252977845426,2.8522134061462827,329.14717390055154,1.8964560442498608
1872,0.08745,2.380136006501418,6.480698820167502,0.08338,41.85669719871477,5.381152095812778,0.5696596698224912,6.930095347141026,16.874372457993278,4.7834405701417975,56.430931388833244,6.7151481099728265,16.518405495399957,6.745410870432795,2.0497861861548863,18.59337586550757,1.3370028790796047,48.915450270042584,40.336869856747555,0.40214,0.9433618630978511,0.09653,49.903729632749645,21.426252977845426,2.8522134061462827,329.14717390055154,1.8964560442498608
1873,0.08745,2.380136006501418,6.480698820167502,0.08338,41.85669719871477,5.381152095812778,0.5696596698224912,6.930095347141026,16.874372457993278,4.7834405701417975,56.430931388833244,6.7151481099728265,16.518405495399957,6.745410870432795,2.0497861861548863,18.59337586550757,1.3370028790796047,48.915450270042584,40.336869856747555,0.40214,0.9433618630978511,0.09653,49.903729632749645,21.426252977845426,2.8522134061462827,329.14717390055154,1.8964560442498608
1874,0.08745,2.380136006501418,6.480698820167502,0.08338,41.85669719871477,5.381152095812778,0.5696596698224912,6.930095347141026,16.874372457993278,4.7834405701417975,56.430931388833244,6.7151481099728265,16.518405495399957,6.745410870432795,2.0497861861548863,18.59337586550757,1.3370028790796047,48.915450270042584,40.336869856747555,0.40214,0.9433618630978511,0.09653,49.903729632749645,21.426252977845426,2.8522134061462827,329.14717390055154,1.8964560442498608
1875,0.08745,2.380136006501418,6.480698820167502,0.08338,41.85669719871477,5.381152095812778,0.5696596698224912,6.930095347141026,16.874372457993278,4.7834405701417975,56.430931388833244,6.7151481099728265,16.518405495399957,6.745410870432795,2.0497861861548863,18.59337586550757,1.3370028790796047,48.915450270042584,40.336869856747555,0.40214,0.9433618630978511,0.09653,49.903729632749645,21.426252977845426,2.8522134061462827,329.14717390055154,1.8964560442498608
1876,0.08745,2.380136006501418,6.480698820167502,0.08338,41.85669719871477,5.381152095812778,0.5696596698224912,6.930095347141026,16.874372457993278,4.7834405701417975,56.430931388833244,6.7151481099728265,16.518405495399957,6.745410870432795,2.0497861861548863,18.59337586550757,1.3370028790796047,48.915450270042584,40.336869856747555,0.40214,0.9433618630978511,0.09653,49.903729632749645,21.426252977845426,2.8522134061462827,329.14717390055154,1.8964560442498608
1877,0.08745,2.380136006501418,6.480698820167502,0.08338,41.85669719871477,5.381152095812778,0.5696596698224912,6.930095347141026,16.874372457993278,4.7834405701417975,56.430931388833244,6.7151481099728265,16.518405495399957,6.745410870432795,2.0497861861548863,18.59337586550757,1.3370028790796047,48.915450270042584,40.336869856747555,0.40214,0.9433618630978511,0.09653,49.903729632749645,21.426252977845426,2.8522134061462827,329.14717390055154,1.8964560442498608
1878,0.08745,2.380136006501418,6.480698820167502,0.08338,41.85669719871477,5.381152095812778,0.5696596698224912,6.930095347141026,16.874372457993278,4.7834405701417975,56.430931388833244,6.7151481099728265,16.518405495399957,6.745410870432795,2.0497861861548863,18.59337586550757,1.3370028790796047,48.915450270042584,40.336869856747555,0.40214,0.9433618630978511,0.09653,49.903729632749645,21.426252977845426,2.8522134061462827,329.14717390055154,1.8964560442498608
1879,0.08745,2.380136006501418,6.480698820167502,0.08338,41.85669719871477,5.381152095812778,0.5696596698224912,6.930095347141026,16.874372457993278,4.7834405701417975,56.430931388833244,6.7151481099728265,16.518405495399957,6.745410870432795,2.0497861861548863,18.59337586550757,1.3370028790796047,48.915450270042584,40.336869856747555,0.40214,0.9433618630978511,0.09653,49.903729632749645,21.426252977845426,2.8522134061462827,329.14717390055154,1.8964560442498608
1880,0.08745,2.380136006501418,6.480698820167502,0.08338,41.85669719871477,5.381152095812778,0.5696596698224912,6.930095347141026,16.874372457993278,4.7834405701417975,56.430931388833244,6.7151481099728265,16.518405495399957,6.745410870432795,2.0497861861548863,18.59337586550757,1.3370028790796047,48.915450270042584,40.336869856747555,0.40214,0.9433618630978511,0.09653,49.903729632749645,21.426252977845426,2.8522134061462827,329.14717390055154,1.8964560442498608
1881,0.08745,2.380136006501418,6.480698820167502,0.08338,41.85669719871477,5.381152095812778,0.5696596698224912,6.930095347141026,16.874372457993278,4.7834405701417975,56.430931388833244,6.7151481099728265,16.518405495399957,6.745410870432795,2.0497861861548863,18.59337586550757,1.3370028790796047,48.915450270042584,40.336869856747555,0.40214,0.9433618630978511,0.09653,49.903729632749645,21.426252977845426,2.8522134061462827,329.14717390055154,1.8964560442498608
1882,0.08745,2.380136006501418,6.480698820167502,0.08338,41.85669719871477,5.381152095812778,0.5696596698224912,6.930095347141026,16.874372457993278,4.7834405701417975,56.430931388833244,6.7151481099728265,16.518405495399957,6.745410870432795,2.0497861861548863,18.59337586550757,1.3370028790796047,48.915450270042584,40.336869856747555,0.40214,0.9433618630978511,0.09653,49.903729632749645,21.426252977845426,2.8522134061462827,329.14717390055154,1.8964560442498608
1883,0.08745,2.380136006501418,6.480698820167502,0.08338,41.85669719871477,5.381152095812778,0.5696596698224912,6.930095347141026,16.874372457993278,4.7834405701417975,56.430931388833244,6.7151481099728265,16.518405495399957,6.745410870432795,2.0497861861548863,18.59337586550757,1.3370028790796047,48.915450270042584,40.336869856747555,0.40214,0.9433618630978511,0.09653,49.903729632749645,21.426252977845426,2.8522134061462827,329.14717390055154,1.8964560442498608
1884,0.08745,2.380136006501418,6.480698820167502,0.08338,41.85669719871477,5.381152095812778,0.5696596698224912,6.930095347141026,16.874372457993278,4.7834405701417975,56.430931388833244,6.7151481099728265,16.518405495399957,6.745410870432795,2.0497861861548863,18.59337586550757,1.3370028790796047,48.915450270042584,40.336869856747555,0.40214,0.9433618630978511,0.09653,49.903729632749645,21.426252977845426,2.8522134061462827,329.14717390055154,1.8964560442498608
1885,0.08745,2.380136006501418,6.480698820167502,0.08338,41.85669719871477,5.381152095812778,0.5696596698224912,6.930095347141026,16.874372457993278,4.7834405701417975,56.430931388833244,6.7151481099728265,16.518405495399957,6.745410870432795,2.0497861861548863,18.59337586550757,1.3370028790796047,48.915450270042584,40.336869856747555,0.40214,0.9433618630978511,0.09653,49.903729632749645,21.426252977845426,2.8522134061462827,329.14717390055154,1.8964560442498608
1886,0.08745,2.380136006501418,6.480698820167502,0.08338,41.85669719871477,5.381152095812778,0.5696596698224912,6.930095347141026,16.874372457993278,4.7834405701417975,56.430931388833244,6.7151481099728265,16.518405495399957,6.745410870432795,2.0497861861548863,18.59337586550757,1.3370028790796047,48.915450270042584,40.336869856747555,0.40214,0.9433618630978511,0.09653,49.903729632749645,21.426252977845426,2.8522134061462827,329.14717390055154,1.8964560442498608
1887,0.08745,2.380136006501418,6.480698820167502,0.08338,41.85669719871477,5.381152095812778,0.5696596698224912,6.930095347141026,16.874372457993278,4.7834405701417975,56.430931388833244,6.7151481099728265,16.518405495399957,6.745410870432795,2.0497861861548863,18.59337586550757,1.3370028790796047,48.915450270042584,40.336869856747555,0.40214,0.9433618630978511,0.09653,49.903729632749645,21.426252977845426,2.8522134061462827,329.14717390055154,1.8964560442498608
1888,0.08745,2.380136006501418,6.480698820167502,0.08338,41.85669719871477,5.381152095812778,0.5696596698224912,6.930095347141026,16.874372457993278,4.7834405701417975,56.430931388833244,6.7151481099728265,16.518405495399957,6.745410870432795,2.0497861861548863,18.59337586550757,1.3370028790796047,48.915450270042584,40.336869856747555,0.40214,0.9433618630978511,0.09653,49.903729632749645,21.426252977845426,2.8522134061462827,329.14717390055154,1.8964560442498608
1889,0.08745,2.380136006501418,6.480698820167502,0.08338,41.85669719871477,5.381152095812778,0.5696596698224912,6.930095347141026,16.874372457993278,4.7834405701417975,56.430931388833244,6.7151481099728265,16.518405495399957,6.745410870432795,2.0497861861548863,18.59337586550757,1.3370028790796047,48.915450270042584,40.336869856747555,0.40214,0.9433618630978511,0.09653,49.903729632749645,21.426252977845426,2.8522134061462827,329.14717390055154,1.8964560442498608
1890,0.08745,2.380136006501418,6.480698820167502,0.08338,41.85669719871477,5.381152095812778,0.5696596698224912,6.930095347141026,16.874372457993278,4.7834405701417975,56.430931388833244,6.7151481099728265,16.518405495399957,6.745410870432795,2.0497861861548863,18.59337586550757,1.3370028790796047,48.915450270042584,40.336869856747555,0.40214,0.9433618630978511,0.09653,49.903729632749645,21.426252977845426,2.8522134061462827,329.14717390055154,1.8964560442498608
1891,0.08745,2.380136006501418,6.480698820167502,0.08338,41.85669719871477,5.381152095812778,0.5696596698224912,6.930095347141026,16.874372457993278,4.7834405701417975,56.430931388833244,6.7151481099728265,16.518405495399957,6.745410870432795,2.0497861861548863,18.59337586550757,1.3370028790796047,48.915450270042584,40.336869856747555,0.40214,0.9433618630978511,0.09653,49.903729632749645,21.426252977845426,2.8522134061462827,329.14717390055154,1.8964560442498608
1892,0.08745,2.380136006501418,6.480698820167502,0.08338,41.85669719871477,5.381152095812778,0.5696596698224912,6.930095347141026,16.874372457993278,4.7834405701417975,56.430931388833244,6.7151481099728265,16.518405495399957,6.745410870432795,2.0497861861548863,18.59337586550757,1.3370028790796047,48.915450270042584,40.336869856747555,0.40214,0.9433618630978511,0.09653,49.903729632749645,21.426252977845426,2.8522134061462827,329.14717390055154,1.8964560442498608
1893,0.08745,2.380136006501418,6.480698820167502,0.08338,41.85669719871477,5.381152095812778,0.5696596698224912,6.930095347141026,16.874372457993278,4.7834405701417975,56.430931388833244,6.7151481099728265,16.518405495399957,6.745410870432795,2.0497861861548863,18.59337586550757,1.3370028790796047,48.915450270042584,40.336869856747555,0.40214,0.9433618630978511,0.09653,49.903729632749645,21.426252977845426,2.8522134061462827,329.14717390055154,1.8964560442498608
1894,0.08745,2.380136006501418,6.480698820167502,0.08338,41.85669719871477,5.381152095812778,0.5696596698224912,6.930095347141026,16.874372457993278,4.7834405701417975,56.430931388833244,6.7151481099728265,16.518405495399957,6.745410870432795,2.0497861861548863,18.59337586550757,1.3370028790796047,48.915450270042584,40.336869856747555,0.40214,0.9433618630978511,0.09653,49.903729632749645,21.426252977845426,2.8522134061462827,329.14717390055154,1.8964560442498608
1895,0.08745,2.380136006501418,6.480698820167502,0.08338,41.85669719871477,5.381152095812778,0.5696596698224912,6.930095347141026,16.874372457993278,4.7834405701417975,56.430931388833244,6.7151481099728265,16.518405495399957,6.745410870432795,2.0497861861548863,18.59337586550757,1.3370028790796047,48.915450270042584,40.336869856747555,0.40214,0.9433618630978511,0.09653,49.903729632749645,21.426252977845426,2.8522134061462827,329.14717390055154,1.8964560442498608
1896,0.08745,2.380136006501418,6.480698820167502,0.08338,41.85669719871477,5.381152095812778,0.5696596698224912,6.930095347141026,16.874372457993278,4.7834405701417975,56.430931388833244,6.7151481099728265,16.518405495399957,6.745410870432795,2.0497861861548863,18.59337586550757,1.3370028790796047,48.915450270042584,40.336869856747555,0.40214,0.9433618630978511,0.09653,49.903729632749645,21.426252977845426,2.8522134061462827,329.14717390055154,1.8964560442498608
1897,0.08745,2.380136006501418,6.480698820167502,0.08338,41.85669719871477,5.381152095812778,0.5696596698224912,6.930095347141026,16.874372457993278,4.7834405701417975,56.430931388833244,6.7151481099728265,16.518405495399957,6.745410870432795,2.0497861861548863,18.59337586550757,1.3370028790796047,48.915450270042584,40.336869856747555,0.40214,0.9433618630978511,0.09653,49.903729632749645,21.426252977845426,2.8522134061462827,329.14717390055154,1.8964560442498608
1898,0.08745,2.380136006501418,6.480698820167502,0.08338,41.85669719871477,5.381152095812778,0.5696596698224912,6.930095347141026,16.874372457993278,4.7834405701417975,56.430931388833244,6.7151481099728265,16.518405495399957,6.745410870432795,2.0497861861548863,18.59337586550757,1.3370028790796047,48.915450270042584,40.336869856747555,0.40214,0.9433618630978511,0.09653,49.903729632749645,21.426252977845426,2.8522134061462827,329.14717390055154,1.8964560442498608
1899,0.08745,2.380136006501418,6.480698820167502,0.08338,41.85669719871477,5.381152095812778,0.5696596698224912,6.930095347141026,16.874372457993278,4.7834405701417975,56.430931388833244,6.7151481099728265,16.518405495399957,6.745410870432795,2.0497861861548863,18.59337586550757,1.3370028790796047,48.915450270042584,40.336869856747555,0.40214,0.9433618630978511,0.09653,49.903729632749645,21.426252977845426,2.8522134061462827,329.14717390055154,1.8964560442498608
1900,0.08745,2.380136006501418,6.480698820167502,0.08338,41.85669719871477,5.381152095812778,0.5696596698224912,6.930095347141026,16.874372457993278,4.7834405701417975,56.430931388833244,6.7151481099728265,16.518405495399957,6.745410870432795,2.0497861861548863,18.59337586550757,1.3370028790796047,48.915450270042584,40.336869856747555,0.40214,0.9433618630978511,0.09653,49.903729632749645,21.426252977845426,2.8522134061462827,329.14717390055154,1.8964560442498608
1901,0.08745,2.380136006501418,6.480698820167502,0.08338,41.85669719871477,5.381152095812778,0.5696596698224912,6.930095347141026,16.874372457993278,4.7834405701417975,56.430931388833244,6.7151481099728265,16.518405495399957,6.745410870432795,2.0497861861548863,18.59337586550757,1.3370028790796047,48.915450270042584,40.336869856747555,0.40214,0.9433618630978511,0.09653,49.903729632749645,21.426252977845426,2.8522134061462827,329.14717390055154,1.8964560442498608
1902,0.08745,2.380136006501418,6.480698820167502,0.08338,41.85669719871477,5.381152095812778,0.5696596698224912,6.930095347141026,16.874372457993278,4.7834405701417975,56.430931388833244,6.7151481099728265,16.518405495399957,6.745410870432795,2.0497861861548863,18.59337586550757,1.3370028790796047,48.915450270042584,40.336869856747555,0.40214,0.9433618630978511,0.09653,49.903729632749645,21.426252977845426,2.8522134061462827,329.14717390055154,1.8964560442498608
1903,0.08745,2.380136006501418,6.480698820167502,0.08338,41.85669719871477,5.381152095812778,0.5696596698224912,6.930095347141026,16.874372457993278,4.7834405701417975,56.430931388833244,6.7151481099728265,16.518405495399957,6.745410870432795,2.0497861861548863,18.59337586550757,1.3370028790796047,48.915450270042584,40.336869856747555,0.40214,0.9433618630978511,0.09653,49.903729632749645,21.426252977845426,2.8522134061462827,329.14717390055154,1.8964560442498608
1904,0.08745,2.380136006501418,6.480698820167502,0.08338,41.85669719871477,5.381152095812778,0.5696596698224912,6.930095347141026,16.874372457993278,4.7834405701417975,56.430931388833244,6.7151481099728265,16.518405495399957,6.745410870432795,2.0497861861548863,18.59337586550757,1.3370028790796047,48.915450270042584,40.336869856747555,0.40214,0.9433618630978511,0.09653,49.903729632749645,21.426252977845426,2.8522134061462827,329.14717390055154,1.8964560442498608
1905,0.08745,2.380136006501418,6.480698820167502,0.08338,41.85669719871477,5.381152095812778,0.5696596698224912,6.930095347141026,16.874372457993278,4.7834405701417975,56.430931388833244,6.7151481099728265,16.518405495399957,6.745410870432795,2.0497861861548863,18.59337586550757,1.3370028790796047,48.915450270042584,40.336869856747555,0.40214,0.9433618630978511,0.09653,49.903729632749645,21.426252977845426,2.8522134061462827,329.14717390055154,1.8964560442498608
1906,0.08745,2.380136006501418,6.480698820167502,0.08338,41.85669719871477,5.381152095812778,0.5696596698224912,6.930095347141026,16.874372457993278,4.7834405701417975,56.430931388833244,6.7151481099728265,16.518405495399957,6.745410870432795,2.0497861861548863,18.59337586550757,1.3370028790796047,48.915450270042584,40.336869856747555,0.40214,0.9433618630978511,0.09653,49.903729632749645,21.426252977845426,2.8522134061462827,329.14717390055154,1.8964560442498608
1907,0.08745,2.380136006501418,6.480698820167502,0.08338,41.85669719871477,5.381152095812778,0.5696596698224912,6.930095347141026,16.874372457993278,4.7834405701417975,56.430931388833244,6.7151481099728265,16.518405495399957,6.745410870432795,2.0497861861548863,18.59337586550757,1.3370028790796047,48.915450270042584,40.336869856747555,0.40214,0.9433618630978511,0.09653,49.903729632749645,21.426252977845426,2.8522134061462827,329.14717390055154,1.8964560442498608
1908,0.08745,2.380136006501418,6.480698820167502,0.08338,41.85669719871477,5.381152095812778,0.5696596698224912,6.930095347141026,16.874372457993278,4.7834405701417975,56.430931388833244,6.7151481099728265,16.518405495399957,6.745410870432795,2.0497861861548863,18.59337586550757,1.3370028790796047,48.915450270042584,40.336869856747555,0.40214,0.9433618630978511,0.09653,49.903729632749645,21.426252977845426,2.8522134061462827,329.14717390055154,1.8964560442498608
1909,0.08745,2.380136006501418,6.480698820167502,0.08338,41.85669719871477,5.381152095812778,0.5696596698224912,6.930095347141026,16.874372457993278,4.7834405701417975,56.430931388833244,6.7151481099728265,16.518405495399957,6.745410870432795,2.0497861861548863,18.59337586550757,1.3370028790796047,48.915450270042584,40.336869856747555,0.40214,0.9433618630978511,0.09653,49.903729632749645,21.426252977845426,2.8522134061462827,329.14717390055154,1.8964560442498608
1910,0.08745,2.380136006501418,6.480698820167502,0.08338,41.85669719871477,5.381152095812778,0.5696596698224912,6.930095347141026,16.874372457993278,4.7834405701417975,56.430931388833244,6.7151481099728265,16.518405495399957,6.745410870432795,2.0497861861548863,18.59337586550757,1.3370028790796047,48.915450270042584,40.336869856747555,0.40214,0.9433618630978511,0.09653,49.903729632749645,21.426252977845426,2.8522134061462827,329.14717390055154,1.8964560442498608
1911,0.08745,2.380136006501418,6.480698820167502,0.08338,41.85669719871477,5.381152095812778,0.5696596698224912,6.930095347141026,16.874372457993278,4.7834405701417975,56.430931388833244,6.7151481099728265,16.518405495399957,6.745410870432795,2.0497861861548863,18.59337586550757,1.3370028790796047,48.915450270042584,40.336869856747555,0.40214,0.9433618630978511,0.09653,49.903729632749645,21.426252977845426,2.8522134061462827,329.14717390055154,1.8964560442498608
1912,0.08745,2.380136006501418,6.480698820167502,0.08338,41.85669719871477,5.381152095812778,0.5696596698224912,6.930095347141026,16.874372457993278,4.7834405701417975,56.430931388833244,6.7151481099728265,16.518405495399957,6.745410870432795,2.0497861861548863,18.59337586550757,1.3370028790796047,48.915450270042584,40.336869856747555,0.40214,0.9433618630978511,0.09653,49.903729632749645,21.426252977845426,2.8522134061462827,329.14717390055154,1.8964560442498608
1913,0.08745,2.380136006501418,6.480698820167502,0.08338,41.85669719871477,5.381152095812778,0.5696596698224912,6.930095347141026,16.874372457993278,4.7834405701417975,56.430931388833244,6.7151481099728265,16.518405495399957,6.745410870432795,2.0497861861548863,18.59337586550757,1.3370028790796047,48.915450270042584,40.336869856747555,0.40214,0.9433618630978511,0.09653,49.903729632749645,21.426252977845426,2.8522134061462827,329.14717390055154,1.8964560442498608
1914,0.08745,2.380136006501418,6.480698820167502,0.08338,41.85669719871477,5.381152095812778,0.5696596698224912,6.930095347141026,16.874372457993278,4.7834405701417975,56.430931388833244,6.7151481099728265,16.518405495399957,6.745410870432795,2.0497861861548863,18.59337586550757,1.3370028790796047,48.915450270042584,40.336869856747555,0.40214,0.9433618630978511,0.09653,49.903729632749645,21.426252977845426,2.8522134061462827,329.14717390055154,1.8964560442498608
1915,0.08745,2.380136006501418,6.480698820167502,0.08338,41.85669719871477,5.381152095812778,0.5696596698224912,6.930095347141026,16.874372457993278,4.7834405701417975,56.430931388833244,6.7151481099728265,16.518405495399957,6.745410870432795,2.0497861861548863,18.59337586550757,1.3370028790796047,48.915450270042584,40.336869856747555,0.40214,0.9433618630978511,0.09653,49.903729632749645,21.426252977845426,2.8522134061462827,329.14717390055154,1.8964560442498608
1916,0.08745,2.380136006501418,6.480698820167502,0.08338,41.85669719871477,5.381152095812778,0.5696596698224912,6.930095347141026,16.874372457993278,4.7834405701417975,56.430931388833244,6.7151481099728265,16.518405495399957,6.745410870432795,2.0497861861548863,18.59337586550757,1.3370028790796047,48.915450270042584,40.336869856747555,0.40214,0.9433618630978511,0.09653,49.903729632749645,21.426252977845426,2.8522134061462827,329.14717390055154,1.8964560442498608
1917,0.08745,2.380136006501418,6.480698820167502,0.08338,41.85669719871477,5.381152095812778,0.5696596698224912,6.930095347141026,16.874372457993278,4.7834405701417975,56.430931388833244,6.7151481099728265,16.518405495399957,6.745410870432795,2.0497861861548863,18.59337586550757,1.3370028790796047,48.915450270042584,40.336869856747555,0.40214,0.9433618630978511,0.09653,49.903729632749645,21.426252977845426,2.8522134061462827,329.14717390055154,1.8964560442498608
1918,0.08745,2.380136006501418,6.480698820167502,0.08338,41.85669719871477,5.381152095812778,0.5696596698224912,6.930095347141026,16.874372457993278,4.7834405701417975,56.430931388833244,6.7151481099728265,16.518405495399957,6.745410870432795,2.0497861861548863,18.59337586550757,1.3370028790796047,48.915450270042584,40.336869856747555,0.40214,0.9433618630978511,0.09653,49.903729632749645,21.426252977845426,2.8522134061462827,329.14717390055154,1.8964560442498608
1919,0.08745,2.380136006501418,6.480698820167502,0.08338,41.85669719871477,5.381152095812778,0.5696596698224912,6.930095347141026,16.874372457993278,4.7834405701417975,56.430931388833244,6.7151481099728265,16.518405495399957,6.745410870432795,2.0497861861548863,18.59337586550757,1.3370028790796047,48.915450270042584,40.336869856747555,0.40214,0.9433618630978511,0.09653,49.903729632749645,21.426252977845426,2.8522134061462827,329.14717390055154,1.8964560442498608
1920,0.08745,2.380136006501418,6.480698820167502,0.08338,41.85669719871477,5.381152095812778,0.5696596698224912,6.930095347141026,16.874372457993278,4.7834405701417975,56.430931388833244,6.7151481099728265,16.518405495399957,6.745410870432795,2.0497861861548863,18.59337586550757,1.3370028790796047,48.915450270042584,40.336869856747555,0.40214,0.9433618630978511,0.09653,49.903729632749645,21.426252977845426,2.8522134061462827,329.14717390055154,1.8964560442498608
1921,0.08745,2.380136006501418,6.480698820167502,0.08338,41.85669719871477,5.381152095812778,0.5696596698224912,6.930095347141026,16.874372457993278,4.7834405701417975,56.430931388833244,6.7151481099728265,16.518405495399957,6.745410870432795,2.0497861861548863,18.59337586550757,1.3370028790796047,48.915450270042584,40.336869856747555,0.40214,0.9433618630978511,0.09653,49.903729632749645,21.426252977845426,2.8522134061462827,329.14717390055154,1.8964560442498608
1922,0.08745,2.380136006501418,6.480698820167502,0.08338,41.85669719871477,5.381152095812778,0.5696596698224912,6.930095347141026,16.874372457993278,4.7834405701417975,56.430931388833244,6.7151481099728265,16.518405495399957,6.745410870432795,2.0497861861548863,18.59337586550757,1.3370028790796047,48.915450270042584,40.336869856747555,0.40214,0.9433618630978511,0.09653,49.903729632749645,21.426252977845426,2.8522134061462827,329.14717390055154,1.8964560442498608
1923,0.08745,2.380136006501418,6.480698820167502,0.08338,41.85669719871477,5.381152095812778,0.5696596698224912,6.930095347141026,16.874372457993278,4.7834405701417975,56.430931388833244,6.7151481099728265,16.518405495399957,6.745410870432795,2.0497861861548863,18.59337586550757,1.3370028790796047,48.915450270042584,40.336869856747555,0.40214,0.9433618630978511,0.09653,49.903729632749645,21.426252977845426,2.8522134061462827,329.14717390055154,1.8964560442498608
1924,0.08745,2.380136006501418,6.480698820167502,0.08338,41.85669719871477,5.381152095812778,0.5696596698224912,6.930095347141026,16.874372457993278,4.7834405701417975,56.430931388833244,6.7151481099728265,16.518405495399957,6.745410870432795,2.0497861861548863,18.59337586550757,1.3370028790796047,48.915450270042584,40.336869856747555,0.40214,0.9433618630978511,0.09653,49.903729632749645,21.426252977845426,2.8522134061462827,329.14717390055154,1.8964560442498608
1925,0.08745,2.380136006501418,6.480698820167502,0.08338,41.85669719871477,5.381152095812778,0.5696596698224912,6.930095347141026,16.874372457993278,4.7834405701417975,56.430931388833244,6.7151481099728265,16.518405495399957,6.745410870432795,2.0497861861548863,18.59337586550757,1.3370028790796047,48.915450270042584,40.336869856747555,0.40214,0.9433618630978511,0.09653,49.903729632749645,21.426252977845426,2.8522134061462827,329.14717390055154,1.8964560442498608
1926,0.08745,2.380136006501418,6.480698820167502,0.08338,41.85669719871477,5.381152095812778,0.5696596698224912,6.930095347141026,16.874372457993278,4.7834405701417975,56.430931388833244,6.7151481099728265,16.518405495399957,6.745410870432795,2.0497861861548863,18.59337586550757,1.3370028790796047,48.915450270042584,40.336869856747555,0.40214,0.9433618630978511,0.09653,49.903729632749645,21.426252977845426,2.8522134061462827,329.14717390055154,1.8964560442498608
1927,0.08745,2.380136006501418,6.480698820167502,0.08338,41.85669719871477,5.381152095812778,0.5696596698224912,6.930095347141026,16.874372457993278,4.7834405701417975,56.430931388833244,6.7151481099728265,16.518405495399957,6.745410870432795,2.0497861861548863,18.59337586550757,1.3370028790796047,48.915450270042584,40.336869856747555,0.40214,0.9433618630978511,0.09653,49.903729632749645,21.426252977845426,2.8522134061462827,329.14717390055154,1.8964560442498608
1928,0.08745,2.380136006501418,6.480698820167502,0.08338,41.85669719871477,5.381152095812778,0.5696596698224912,6.930095347141026,16.874372457993278,4.7834405701417975,56.430931388833244,6.7151481099728265,16.518405495399957,6.745410870432795,2.0497861861548863,18.59337586550757,1.3370028790796047,48.915450270042584,40.336869856747555,0.40214,0.9433618630978511,0.09653,49.903729632749645,21.426252977845426,2.8522134061462827,329.14717390055154,1.8964560442498608
1929,0.08745,2.380136006501418,6.480698820167502,0.08338,41.85669719871477,5.381152095812778,0.5696596698224912,6.930095347141026,16.874372457993278,4.7834405701417975,56.430931388833244,6.7151481099728265,16.518405495399957,6.745410870432795,2.0497861861548863,18.59337586550757,1.3370028790796047,48.915450270042584,40.336869856747555,0.40214,0.9433618630978511,0.09653,49.903729632749645,21.426252977845426,2.8522134061462827,329.14717390055154,1.8964560442498608
1930,0.08745,2.380136006501418,6.480698820167502,0.08338,41.85669719871477,5.381152095812778,0.5696596698224912,6.930095347141026,16.874372457993278,4.7834405701417975,56.430931388833244,6.7151481099728265,16.518405495399957,6.745410870432795,2.0497861861548863,18.59337586550757,1.3370028790796047,48.915450270042584,40.336869856747555,0.40214,0.9433618630978511,0.09653,49.903729632749645,21.426252977845426,2.8522134061462827,329.14717390055154,1.8964560442498608
1931,0.08745,2.380136006501418,6.480698820167502,0.08338,41.85669719871477,5.381152095812778,0.5696596698224912,6.930095347141026,16.874372457993278,4.7834405701417975,56.430931388833244,6.7151481099728265,16.518405495399957,6.745410870432795,2.0497861861548863,18.59337586550757,1.3370028790796047,48.915450270042584,40.336869856747555,0.40214,0.9433618630978511,0.09653,49.903729632749645,21.426252977845426,2.8522134061462827,329.14717390055154,1.8964560442498608
1932,0.08745,2.380136006501418,6.480698820167502,0.08338,41.85669719871477,5.381152095812778,0.5696596698224912,6.930095347141026,16.874372457993278,4.7834405701417975,56.430931388833244,6.7151481099728265,16.518405495399957,6.745410870432795,2.0497861861548863,18.59337586550757,1.3370028790796047,48.915450270042584,40.336869856747555,0.40214,0.9433618630978511,0.09653,49.903729632749645,21.426252977845426,2.8522134061462827,329.14717390055154,1.8964560442498608
1933,0.08745,2.380136006501418,6.480698820167502,0.08338,41.85669719871477,5.381152095812778,0.5696596698224912,6.930095347141026,16.874372457993278,4.7834405701417975,56.430931388833244,6.7151481099728265,16.518405495399957,6.745410870432795,2.0497861861548863,18.59337586550757,1.3370028790796047,48.915450270042584,40.336869856747555,0.40214,0.9433618630978511,0.09653,49.903729632749645,21.426252977845426,2.8522134061462827,329.14717390055154,1.8964560442498608
1934,0.08745,2.380136006501418,6.480698820167502,0.08338,41.85669719871477,5.381152095812778,0.5696596698224912,6.930095347141026,16.874372457993278,4.7834405701417975,56.430931388833244,6.7151481099728265,16.518405495399957,6.745410870432795,2.0497861861548863,18.59337586550757,1.3370028790796047,48.915450270042584,40.336869856747555,0.40214,0.9433618630978511,0.09653,49.903729632749645,21.426252977845426,2.8522134061462827,329.14717390055154,1.8964560442498608
1935,0.08745,2.380136006501418,6.480698820167502,0.08338,41.85669719871477,5.381152095812778,0.5696596698224912,6.930095347141026,16.874372457993278,4.7834405701417975,56.430931388833244,6.7151481099728265,16.518405495399957,6.745410870432795,2.0497861861548863,18.59337586550757,1.3370028790796047,48.915450270042584,40.336869856747555,0.40214,0.9433618630978511,0.09653,49.903729632749645,21.426252977845426,2.8522134061462827,329.14717390055154,1.8964560442498608
1936,0.08745,2.380136006501418,6.480698820167502,0.08338,41.85669719871477,5.381152095812778,0.5696596698224912,6.930095347141026,16.874372457993278,4.7834405701417975,56.430931388833244,6.7151481099728265,16.518405495399957,6.745410870432795,2.0497861861548863,18.59337586550757,1.3370028790796047,48.915450270042584,40.336869856747555,0.40214,0.9433618630978511,0.09653,49.903729632749645,21.426252977845426,2.8522134061462827,329.14717390055154,1.8964560442498608
1937,0.08745,2.380136006501418,6.480698820167502,0.08338,41.85669719871477,5.381152095812778,0.5696596698224912,6.930095347141026,16.874372457993278,4.7834405701417975,56.430931388833244,6.7151481099728265,16.518405495399957,6.745410870432795,2.0497861861548863,18.59337586550757,1.3370028790796047,48.915450270042584,40.336869856747555,0.40214,0.9433618630978511,0.09653,49.903729632749645,21.426252977845426,2.8522134061462827,329.14717390055154,1.8964560442498608
1938,0.08745,2.380136006501418,6.480698820167502,0.08338,41.85669719871477,5.381152095812778,0.5696596698224912,6.930095347141026,16.874372457993278,4.7834405701417975,56.430931388833244,6.7151481099728265,16.518405495399957,6.745410870432795,2.0497861861548863,18.59337586550757,1.3370028790796047,48.915450270042584,40.336869856747555,0.40214,0.9433618630978511,0.09653,49.903729632749645,21.426252977845426,2.8522134061462827,329.14717390055154,1.8964560442498608
1939,0.08745,2.380136006501418,6.480698820167502,0.08338,41.85669719871477,5.381152095812778,0.5696596698224912,6.930095347141026,16.874372457993278,4.7834405701417975,56.430931388833244,6.7151481099728265,16.518405495399957,6.745410870432795,2.0497861861548863,18.59337586550757,1.3370028790796047,48.915450270042584,40.336869856747555,0.40214,0.9433618630978511,0.09653,49.903729632749645,21.426252977845426,2.8522134061462827,329.14717390055154,1.8964560442498608
1940,0.08745,2.380136006501418,6.480698820167502,0.08338,41.85669719871477,5.381152095812778,0.5696596698224912,6.930095347141026,16.874372457993278,4.7834405701417975,56.430931388833244,6.7151481099728265,16.518405495399957,6.745410870432795,2.0497861861548863,18.59337586550757,1.3370028790796047,48.915450270042584,40.336869856747555,0.40214,0.9433618630978511,0.09653,49.903729632749645,21.426252977845426,2.8522134061462827,329.14717390055154,1.8964560442498608
1941,0.08745,2.380136006501418,6.480698820167502,0.08338,41.85669719871477,5.381152095812778,0.5696596698224912,6.930095347141026,16.874372457993278,4.7834405701417975,56.430931388833244,6.7151481099728265,16.518405495399957,6.745410870432795,2.0497861861548863,18.59337586550757,1.3370028790796047,48.915450270042584,40.336869856747555,0.40214,0.9433618630978511,0.09653,49.903729632749645,21.426252977845426,2.8522134061462827,329.14717390055154,1.8964560442498608
1942,0.08745,2.380136006501418,6.480698820167502,0.08338,41.85669719871477,5.381152095812778,0.5696596698224912,6.930095347141026,16.874372457993278,4.7834405701417975,56.430931388833244,6.7151481099728265,16.518405495399957,6.745410870432795,2.0497861861548863,18.59337586550757,1.3370028790796047,48.915450270042584,40.336869856747555,0.40214,0.9433618630978511,0.09653,49.903729632749645,21.426252977845426,2.8522134061462827,329.14717390055154,1.8964560442498608
1943,0.08745,2.380136006501418,6.480698820167502,0.08338,41.85669719871477,5.381152095812778,0.5696596698224912,6.930095347141026,16.874372457993278,4.7834405701417975,56.430931388833244,6.7151481099728265,16.518405495399957,6.745410870432795,2.0497861861548863,18.59337586550757,1.3370028790796047,48.915450270042584,40.336869856747555,0.40214,0.9433618630978511,0.09653,49.903729632749645,21.426252977845426,2.8522134061462827,329.14717390055154,1.8964560442498608
1944,0.08745,2.380136006501418,6.480698820167502,0.08338,41.85669719871477,5.381152095812778,0.5696596698224912,6.930095347141026,16.874372457993278,4.7834405701417975,56.430931388833244,6.7151481099728265,16.518405495399957,6.745410870432795,2.0497861861548863,18.59337586550757,1.3370028790796047,48.915450270042584,40.336869856747555,0.40214,0.9433618630978511,0.09653,49.903729632749645,21.426252977845426,2.8522134061462827,329.14717390055154,1.8964560442498608
1945,0.08745,2.380136006501418,6.480698820167502,0.08338,41.85669719871477,5.381152095812778,0.5696596698224912,6.930095347141026,16.874372457993278,4.7834405701417975,56.430931388833244,6.7151481099728265,16.518405495399957,6.745410870432795,2.0497861861548863,18.59337586550757,1.3370028790796047,48.915450270042584,40.336869856747555,0.40214,0.9433618630978511,0.09653,49.903729632749645,21.426252977845426,2.8522134061462827,329.14717390055154,1.8964560442498608
1946,0.08745,2.380136006501418,6.480698820167502,0.08338,41.85669719871477,5.381152095812778,0.5696596698224912,6.930095347141026,16.874372457993278,4.7834405701417975,56.430931388833244,6.7151481099728265,16.518405495399957,6.745410870432795,2.0497861861548863,18.59337586550757,1.3370028790796047,48.915450270042584,40.336869856747555,0.40214,0.9433618630978511,0.09653,49.903729632749645,21.426252977845426,2.8522134061462827,329.14717390055154,1.8964560442498608
1947,0.08745,2.380136006501418,6.480698820167502,0.08338,41.85669719871477,5.381152095812778,0.5696596698224912,6.930095347141026,16.874372457993278,4.7834405701417975,56.430931388833244,6.7151481099728265,16.518405495399957,6.745410870432795,2.0497861861548863,18.59337586550757,1.3370028790796047,48.915450270042584,40.336869856747555,0.40214,0.9433618630978511,0.09653,49.903729632749645,21.426252977845426,2.8522134061462827,329.14717390055154,1.8964560442498608
1948,0.08745,2.380136006501418,6.480698820167502,0.08338,41.85669719871477,5.381152095812778,0.5696596698224912,6.930095347141026,16.874372457993278,4.7834405701417975,56.430931388833244,6.7151481099728265,16.518405495399957,6.745410870432795,2.0497861861548863,18.59337586550757,1.3370028790796047,48.915450270042584,40.336869856747555,0.40214,0.9433618630978511,0.09653,49.903729632749645,21.426252977845426,2.8522134061462827,329.14717390055154,1.8964560442498608
1949,0.08745,2.380136006501418,6.480698820167502,0.08338,41.85669719871477,5.381152095812778,0.5696596698224912,6.930095347141026,16.874372457993278,4.7834405701417975,56.430931388833244,6.7151481099728265,16.518405495399957,6.745410870432795,2.0497861861548863,18.59337586550757,1.3370028790796047,48.915450270042584,40.336869856747555,0.40214,0.9433618630978511,0.09653,49.903729632749645,21.426252977845426,2.8522134061462827,329.14717390055154,1.8964560442498608
1950,0.08745,2.380136006501418,6.480698820167502,0.08338,41.85669719871477,5.381152095812778,0.5696596698224912,6.930095347141026,16.874372457993278,4.7834405701417975,56.430931388833244,6.7151481099728265,16.518405495399957,6.745410870432795,2.0497861861548863,18.59337586550757,1.3370028790796047,48.915450270042584,40.336869856747555,0.40214,0.9433618630978511,0.09653,49.903729632749645,21.426252977845426,2.8522134061462827,329.14717390055154,1.8964560442498608
1951,0.08745,2.380136006501418,6.480698820167502,0.08338,41.85669719871477,5.381152095812778,0.5696596698224912,6.930095347141026,16.874372457993278,4.7834405701417975,56.430931388833244,6.7151481099728265,16.518405495399957,6.745410870432795,2.0497861861548863,18.59337586550757,1.3370028790796047,48.915450270042584,40.336869856747555,0.40214,0.9433618630978511,0.09653,49.903729632749645,21.426252977845426,2.8522134061462827,329.14717390055154,1.8964560442498608
1952,0.08745,2.380136006501418,6.480698820167502,0.08338,41.85669719871477,5.381152095812778,0.5696596698224912,6.930095347141026,16.874372457993278,4.7834405701417975,56.430931388833244,6.7151481099728265,16.518405495399957,6.745410870432795,2.0497861861548863,18.59337586550757,1.3370028790796047,48.915450270042584,40.336869856747555,0.40214,0.9433618630978511,0.09653,49.903729632749645,21.426252977845426,2.8522134061462827,329.14717390055154,1.8964560442498608
1953,0.08745,2.380136006501418,6.480698820167502,0.08338,41.85669719871477,5.381152095812778,0.5696596698224912,6.930095347141026,16.874372457993278,4.7834405701417975,56.430931388833244,6.7151481099728265,16.518405495399957,6.745410870432795,2.0497861861548863,18.59337586550757,1.3370028790796047,48.915450270042584,40.336869856747555,0.40214,0.9433618630978511,0.09653,49.903729632749645,21.426252977845426,2.8522134061462827,329.14717390055154,1.8964560442498608
1954,0.08745,2.380136006501418,6.480698820167502,0.08338,41.85669719871477,5.381152095812778,0.5696596698224912,6.930095347141026,16.874372457993278,4.7834405701417975,56.430931388833244,6.7151481099728265,16.518405495399957,6.745410870432795,2.0497861861548863,18.59337586550757,1.3370028790796047,48.915450270042584,40.336869856747555,0.40214,0.9433618630978511,0.09653,49.903729632749645,21.426252977845426,2.8522134061462827,329.14717390055154,1.8964560442498608
1955,0.08745,2.380136006501418,6.480698820167502,0.08338,41.85669719871477,5.381152095812778,0.5696596698224912,6.930095347141026,16.874372457993278,4.7834405701417975,56.430931388833244,6.7151481099728265,16.518405495399957,6.745410870432795,2.0497861861548863,18.59337586550757,1.3370028790796047,48.915450270042584,40.336869856747555,0.40214,0.9433618630978511,0.09653,49.903729632749645,21.426252977845426,2.8522134061462827,329.14717390055154,1.8964560442498608
1956,0.08745,2.380136006501418,6.480698820167502,0.08338,41.85669719871477,5.381152095812778,0.5696596698224912,6.930095347141026,16.874372457993278,4.7834405701417975,56.430931388833244,6.7151481099728265,16.518405495399957,6.745410870432795,2.0497861861548863,18.59337586550757,1.3370028790796047,48.915450270042584,40.336869856747555,0.40214,0.9433618630978511,0.09653,49.903729632749645,21.426252977845426,2.8522134061462827,329.14717390055154,1.8964560442498608
1957,0.08745,2.380136006501418,6.480698820167502,0.08338,41.85669719871477,5.381152095812778,0.5696596698224912,6.930095347141026,16.874372457993278,4.7834405701417975,56.430931388833244,6.7151481099728265,16.518405495399957,6.745410870432795,2.0497861861548863,18.59337586550757,1.3370028790796047,48.915450270042584,40.336869856747555,0.40214,0.9433618630978511,0.09653,49.903729632749645,21.426252977845426,2.8522134061462827,329.14717390055154,1.8964560442498608
1958,0.08745,2.380136006501418,6.480698820167502,0.08338,41.85669719871477,5.381152095812778,0.5696596698224912,6.930095347141026,16.874372457993278,4.7834405701417975,56.430931388833244,6.7151481099728265,16.518405495399957,6.745410870432795,2.0497861861548863,18.59337586550757,1.3370028790796047,48.915450270042584,40.336869856747555,0.40214,0.9433618630978511,0.09653,49.903729632749645,21.426252977845426,2.8522134061462827,329.14717390055154,1.8964560442498608
1959,0.08745,2.380136006501418,6.480698820167502,0.08338,41.85669719871477,5.381152095812778,0.5696596698224912,6.930095347141026,16.874372457993278,4.7834405701417975,56.430931388833244,6.7151481099728265,16.518405495399957,6.745410870432795,2.0497861861548863,18.59337586550757,1.3370028790796047,48.915450270042584,40.336869856747555,0.40214,0.9433618630978511,0.09653,49.903729632749645,21.426252977845426,2.8522134061462827,329.14717390055154,1.8964560442498608
1960,0.08745,2.380136006501418,6.480698820167502,0.08338,41.85669719871477,5.381152095812778,0.5696596698224912,6.930095347141026,16.874372457993278,4.7834405701417975,56.430931388833244,6.7151481099728265,16.518405495399957,6.745410870432795,2.0497861861548863,18.59337586550757,1.3370028790796047,48.915450270042584,40.336869856747555,0.40214,0.9433618630978511,0.09653,49.903729632749645,21.426252977845426,2.8522134061462827,329.14717390055154,1.8964560442498608
1961,0.08745,2.380136006501418,6.480698820167502,0.08338,41.85669719871477,5.381152095812778,0.5696596698224912,6.930095347141026,16.874372457993278,4.7834405701417975,56.430931388833244,6.7151481099728265,16.518405495399957,6.745410870432795,2.0497861861548863,18.59337586550757,1.3370028790796047,48.915450270042584,40.336869856747555,0.40214,0.9433618630978511,0.09653,49.903729632749645,21.426252977845426,2.8522134061462827,329.14717390055154,1.8964560442498608
1962,0.08745,2.380136006501418,6.480698820167502,0.08338,41.85669719871477,5.381152095812778,0.5696596698224912,6.930095347141026,16.874372457993278,4.7834405701417975,56.430931388833244,6.7151481099728265,16.518405495399957,6.745410870432795,2.0497861861548863,18.59337586550757,1.3370028790796047,48.915450270042584,40.336869856747555,0.40214,0.9433618630978511,0.09653,49.903729632749645,21.426252977845426,2.8522134061462827,329.14717390055154,1.8964560442498608
1963,0.08745,2.380136006501418,6.480698820167502,0.08338,41.85669719871477,5.381152095812778,0.5696596698224912,6.930095347141026,16.874372457993278,4.7834405701417975,56.430931388833244,6.7151481099728265,16.518405495399957,6.745410870432795,2.0497861861548863,18.59337586550757,1.3370028790796047,48.915450270042584,40.336869856747555,0.40214,0.9433618630978511,0.09653,49.903729632749645,21.426252977845426,2.8522134061462827,329.14717390055154,1.8964560442498608
1964,0.08745,2.380136006501418,6.480698820167502,0.08338,41.85669719871477,5.381152095812778,0.5696596698224912,6.930095347141026,16.874372457993278,4.7834405701417975,56.430931388833244,6.7151481099728265,16.518405495399957,6.745410870432795,2.0497861861548863,18.59337586550757,1.3370028790796047,48.915450270042584,40.336869856747555,0.40214,0.9433618630978511,0.09653,49.903729632749645,21.426252977845426,2.8522134061462827,329.14717390055154,1.8964560442498608
1965,0.08745,2.380136006501418,6.480698820167502,0.08338,41.85669719871477,5.381152095812778,0.5696596698224912,6.930095347141026,16.874372457993278,4.7834405701417975,56.430931388833244,6.7151481099728265,16.518405495399957,6.745410870432795,2.0497861861548863,18.59337586550757,1.3370028790796047,48.915450270042584,40.336869856747555,0.40214,0.9433618630978511,0.09653,49.903729632749645,21.426252977845426,2.8522134061462827,329.14717390055154,1.8964560442498608
1966,0.08745,2.380136006501418,6.480698820167502,0.08338,41.85669719871477,5.381152095812778,0.5696596698224912,6.930095347141026,16.874372457993278,4.7834405701417975,56.430931388833244,6.7151481099728265,16.518405495399957,6.745410870432795,2.0497861861548863,18.59337586550757,1.3370028790796047,48.915450270042584,40.336869856747555,0.40214,0.9433618630978511,0.09653,49.903729632749645,21.426252977845426,2.8522134061462827,329.14717390055154,1.8964560442498608
1967,0.08745,2.380136006501418,6.480698820167502,0.08338,41.85669719871477,5.381152095812778,0.5696596698224912,6.930095347141026,16.874372457993278,4.7834405701417975,56.430931388833244,6.7151481099728265,16.518405495399957,6.745410870432795,2.0497861861548863,18.59337586550757,1.3370028790796047,48.915450270042584,40.336869856747555,0.40214,0.9433618630978511,0.09653,49.903729632749645,21.426252977845426,2.8522134061462827,329.14717390055154,1.8964560442498608
1968,0.08745,2.380136006501418,6.480698820167502,0.08338,41.85669719871477,5.381152095812778,0.5696596698224912,6.930095347141026,16.874372457993278,4.7834405701417975,56.430931388833244,6.7151481099728265,16.518405495399957,6.745410870432795,2.0497861861548863,18.59337586550757,1.3370028790796047,48.915450270042584,40.336869856747555,0.40214,0.9433618630978511,0.09653,49.903729632749645,21.426252977845426,2.8522134061462827,329.14717390055154,1.8964560442498608
1969,0.08745,2.380136006501418,6.480698820167502,0.08338,41.85669719871477,5.381152095812778,0.5696596698224912,6.930095347141026,16.874372457993278,4.7834405701417975,56.430931388833244,6.7151481099728265,16.518405495399957,6.745410870432795,2.0497861861548863,18.59337586550757,1.3370028790796047,48.915450270042584,40.336869856747555,0.40214,0.9433618630978511,0.09653,49.903729632749645,21.426252977845426,2.8522134061462827,329.14717390055154,1.8964560442498608
1970,0.08745,2.380136006501418,6.480698820167502,0.08338,41.85669719871477,5.381152095812778,0.5696596698224912,6.930095347141026,16.874372457993278,4.7834405701417975,56.430931388833244,6.7151481099728265,16.518405495399957,6.745410870432795,2.0497861861548863,18.59337586550757,1.3370028790796047,48.915450270042584,40.336869856747555,0.40214,0.9433618630978511,0.09653,49.903729632749645,21.426252977845426,2.8522134061462827,329.14717390055154,1.8964560442498608
1971,0.08745,2.380136006501418,6.480698820167502,0.08338,41.85669719871477,5.381152095812778,0.5696596698224912,6.930095347141026,16.874372457993278,4.7834405701417975,56.430931388833244,6.7151481099728265,16.518405495399957,6.745410870432795,2.0497861861548863,18.59337586550757,1.3370028790796047,48.915450270042584,40.336869856747555,0.40214,0.9433618630978511,0.09653,49.903729632749645,21.426252977845426,2.8522134061462827,329.14717390055154,1.8964560442498608
1972,0.08745,2.380136006501418,6.480698820167502,0.08338,41.85669719871477,5.381152095812778,0.5696596698224912,6.930095347141026,16.874372457993278,4.7834405701417975,56.430931388833244,6.7151481099728265,16.518405495399957,6.745410870432795,2.0497861861548863,18.59337586550757,1.3370028790796047,48.915450270042584,40.336869856747555,0.40214,0.9433618630978511,0.09653,49.903729632749645,21.426252977845426,2.8522134061462827,329.14717390055154,1.8964560442498608
1973,0.08745,2.380136006501418,6.480698820167502,0.08338,41.85669719871477,5.381152095812778,0.5696596698224912,6.930095347141026,16.874372457993278,4.7834405701417975,56.430931388833244,6.7151481099728265,16.518405495399957,6.745410870432795,2.0497861861548863,18.59337586550757,1.3370028790796047,48.915450270042584,40.336869856747555,0.40214,0.9433618630978511,0.09653,49.903729632749645,21.426252977845426,2.8522134061462827,329.14717390055154,1.8964560442498608
1974,0.08745,2.380136006501418,6.480698820167502,0.08338,41.85669719871477,5.381152095812778,0.5696596698224912,6.930095347141026,16.874372457993278,4.7834405701417975,56.430931388833244,6.7151481099728265,16.518405495399957,6.745410870432795,2.0497861861548863,18.59337586550757,1.3370028790796047,48.915450270042584,40.336869856747555,0.40214,0.9433618630978511,0.09653,49.903729632749645,21.426252977845426,2.8522134061462827,329.14717390055154,1.8964560442498608
1975,0.08745,2.380136006501418,6.480698820167502,0.08338,41.85669719871477,5.381152095812778,0.5696596698224912,6.930095347141026,16.874372457993278,4.7834405701417975,56.430931388833244,6.7151481099728265,16.518405495399957,6.745410870432795,2.0497861861548863,18.59337586550757,1.3370028790796047,48.915450270042584,40.336869856747555,0.40214,0.9433618630978511,0.09653,49.903729632749645,21.426252977845426,2.8522134061462827,329.14717390055154,1.8964560442498608
1976,0.08745,2.380136006501418,6.480698820167502,0.08338,41.85669719871477,5.381152095812778,0.5696596698224912,6.930095347141026,16.874372457993278,4.7834405701417975,56.430931388833244,6.7151481099728265,16.518405495399957,6.745410870432795,2.0497861861548863,18.59337586550757,1.3370028790796047,48.915450270042584,40.336869856747555,0.40214,0.9433618630978511,0.09653,49.903729632749645,21.426252977845426,2.8522134061462827,329.14717390055154,1.8964560442498608
1977,0.08745,2.380136006501418,6.480698820167502,0.08338,41.85669719871477,5.381152095812778,0.5696596698224912,6.930095347141026,16.874372457993278,4.7834405701417975,56.430931388833244,6.7151481099728265,16.518405495399957,6.745410870432795,2.0497861861548863,18.59337586550757,1.3370028790796047,48.915450270042584,40.336869856747555,0.40214,0.9433618630978511,0.09653,49.903729632749645,21.426252977845426,2.8522134061462827,329.14717390055154,1.8964560442498608
1978,0.08745,2.380136006501418,6.480698820167502,0.08338,41.85669719871477,5.381152095812778,0.5696596698224912,6.930095347141026,16.874372457993278,4.7834405701417975,56.430931388833244,6.7151481099728265,16.518405495399957,6.745410870432795,2.0497861861548863,18.59337586550757,1.3370028790796047,48.915450270042584,40.336869856747555,0.40214,0.9433618630978511,0.09653,49.903729632749645,21.426252977845426,2.8522134061462827,329.14717390055154,1.8964560442498608
1979,0.08745,2.380136006501418,6.480698820167502,0.08338,41.85669719871477,5.381152095812778,0.5696596698224912,6.930095347141026,16.874372457993278,4.7834405701417975,56.430931388833244,6.7151481099728265,16.518405495399957,6.745410870432795,2.0497861861548863,18.59337586550757,1.3370028790796047,48.915450270042584,40.336869856747555,0.40214,0.9433618630978511,0.09653,49.903729632749645,21.426252977845426,2.8522134061462827,329.14717390055154,1.8964560442498608
1980,0.08745,2.380136006501418,6.480698820167502,0.08338,41.85669719871477,5.381152095812778,0.5696596698224912,6.930095347141026,16.874372457993278,4.7834405701417975,56.430931388833244,6.7151481099728265,16.518405495399957,6.745410870432795,2.0497861861548863,18.59337586550757,1.3370028790796047,48.915450270042584,40.336869856747555,0.40214,0.9433618630978511,0.09653,49.903729632749645,21.426252977845426,2.8522134061462827,329.14717390055154,1.8964560442498608
1981,0.08745,2.380136006501418,6.480698820167502,0.08338,41.85669719871477,5.381152095812778,0.5696596698224912,6.930095347141026,16.874372457993278,4.7834405701417975,56.430931388833244,6.7151481099728265,16.518405495399957,6.745410870432795,2.0497861861548863,18.59337586550757,1.3370028790796047,48.915450270042584,40.336869856747555,0.40214,0.9433618630978511,0.09653,49.903729632749645,21.426252977845426,2.8522134061462827,329.14717390055154,1.8964560442498608
1982,0.08745,2.380136006501418,6.480698820167502,0.08338,41.85669719871477,5.381152095812778,0.5696596698224912,6.930095347141026,16.874372457993278,4.7834405701417975,56.430931388833244,6.7151481099728265,16.518405495399957,6.745410870432795,2.0497861861548863,18.59337586550757,1.3370028790796047,48.915450270042584,40.336869856747555,0.40214,0.9433618630978511,0.09653,49.903729632749645,21.426252977845426,2.8522134061462827,329.14717390055154,1.8964560442498608
1983,0.08745,2.380136006501418,6.480698820167502,0.08338,41.85669719871477,5.381152095812778,0.5696596698224912,6.930095347141026,16.874372457993278,4.7834405701417975,56.430931388833244,6.7151481099728265,16.518405495399957,6.745410870432795,2.0497861861548863,18.59337586550757,1.3370028790796047,48.915450270042584,40.336869856747555,0.40214,0.9433618630978511,0.09653,49.903729632749645,21.426252977845426,2.8522134061462827,329.14717390055154,1.8964560442498608
1984,0.08745,2.380136006501418,6.480698820167502,0.08338,41.85669719871477,5.381152095812778,0.5696596698224912,6.930095347141026,16.874372457993278,4.7834405701417975,56.430931388833244,6.7151481099728265,16.518405495399957,6.745410870432795,2.0497861861548863,18.59337586550757,1.3370028790796047,48.915450270042584,40.336869856747555,0.40214,0.9433618630978511,0.09653,49.903729632749645,21.426252977845426,2.8522134061462827,329.14717390055154,1.8964560442498608
1985,0.08745,2.380136006501418,6.480698820167502,0.08338,41.85669719871477,5.381152095812778,0.5696596698224912,6.930095347141026,16.874372457993278,4.7834405701417975,56.430931388833244,6.7151481099728265,16.518405495399957,6.745410870432795,2.0497861861548863,18.59337586550757,1.3370028790796047,48.915450270042584,40.336869856747555,0.40214,0.9433618630978511,0.09653,49.903729632749645,21.426252977845426,2.8522134061462827,329.14717390055154,1.8964560442498608
1986,0.08745,2.380136006501418,6.480698820167502,0.08338,41.85669719871477,5.381152095812778,0.5696596698224912,6.930095347141026,16.874372457993278,4.7834405701417975,56.430931388833244,6.7151481099728265,16.518405495399957,6.745410870432795,2.0497861861548863,18.59337586550757,1.3370028790796047,48.915450270042584,40.336869856747555,0.40214,0.9433618630978511,0.09653,49.903729632749645,21.426252977845426,2.8522134061462827,329.14717390055154,1.8964560442498608
1987,0.08745,2.380136006501418,6.480698820167502,0.08338,41.85669719871477,5.381152095812778,0.5696596698224912,6.930095347141026,16.874372457993278,4.7834405701417975,56.430931388833244,6.7151481099728265,16.518405495399957,6.745410870432795,2.0497861861548863,18.59337586550757,1.3370028790796047,48.915450270042584,40.336869856747555,0.40214,0.9433618630978511,0.09653,49.903729632749645,21.426252977845426,2.8522134061462827,329.14717390055154,1.8964560442498608
1988,0.08745,2.380136006501418,6.480698820167502,0.08338,41.85669719871477,5.381152095812778,0.5696596698224912,6.930095347141026,16.874372457993278,4.7834405701417975,56.430931388833244,6.7151481099728265,16.518405495399957,6.745410870432795,2.0497861861548863,18.59337586550757,1.3370028790796047,48.915450270042584,40.336869856747555,0.40214,0.9433618630978511,0.09653,49.903729632749645,21.426252977845426,2.8522134061462827,329.14717390055154,1.8964560442498608
1989,0.08745,2.380136006501418,6.480698820167502,0.08338,41.85669719871477,5.381152095812778,0.5696596698224912,6.930095347141026,16.874372457993278,4.7834405701417975,56.430931388833244,6.7151481099728265,16.518405495399957,6.745410870432795,2.0497861861548863,18.59337586550757,1.3370028790796047,48.915450270042584,40.336869856747555,0.40214,0.9433618630978511,0.09653,49.903729632749645,21.426252977845426,2.8522134061462827,329.14717390055154,1.8964560442498608
1990,0.08745,2.380136006501418,6.480698820167502,0.08338,41.85669719871477,5.381152095812778,0.5696596698224912,6.930095347141026,16.874372457993278,4.7834405701417975,56.430931388833244,6.7151481099728265,16.518405495399957,6.745410870432795,2.0497861861548863,18.59337586550757,1.3370028790796047,48.915450270042584,40.336869856747555,0.40214,0.9433618630978511,0.09653,49.903729632749645,21.426252977845426,2.8522134061462827,329.14717390055154,1.8964560442498608
1991,0.08745,2.380136006501418,6.480698820167502,0.08338,41.85669719871477,5.381152095812778,0.5696596698224912,6.930095347141026,16.874372457993278,4.7834405701417975,56.430931388833244,6.7151481099728265,16.518405495399957,6.745410870432795,2.0497861861548863,18.59337586550757,1.3370028790796047,48.915450270042584,40.336869856747555,0.40214,0.9433618630978511,0.09653,49.903729632749645,21.426252977845426,2.8522134061462827,329.14717390055154,1.8964560442498608
1992,0.08745,2.380136006501418,6.480698820167502,0.08338,41.85669719871477,5.381152095812778,0.5696596698224912,6.930095347141026,16.874372457993278,4.7834405701417975,56.430931388833244,6.7151481099728265,16.518405495399957,6.745410870432795,2.0497861861548863,18.59337586550757,1.3370028790796047,48.915450270042584,40.336869856747555,0.40214,0.9433618630978511,0.09653,49.903729632749645,21.426252977845426,2.8522134061462827,329.14717390055154,1.8964560442498608
1993,0.08745,2.380136006501418,6.480698820167502,0.08338,41.85669719871477,5.381152095812778,0.5696596698224912,6.930095347141026,16.874372457993278,4.7834405701417975,56.430931388833244,6.7151481099728265,16.518405495399957,6.745410870432795,2.0497861861548863,18.59337586550757,1.3370028790796047,48.915450270042584,40.336869856747555,0.40214,0.9433618630978511,0.09653,49.903729632749645,21.426252977845426,2.8522134061462827,329.14717390055154,1.8964560442498608
1994,0.08745,2.380136006501418,6.480698820167502,0.08338,41.85669719871477,5.381152095812778,0.5696596698224912,6.930095347141026,16.874372457993278,4.7834405701417975,56.430931388833244,6.7151481099728265,16.518405495399957,6.745410870432795,2.0497861861548863,18.59337586550757,1.3370028790796047,48.915450270042584,40.336869856747555,0.40214,0.9433618630978511,0.09653,49.903729632749645,21.426252977845426,2.8522134061462827,329.14717390055154,1.8964560442498608
1995,0.08745,2.380136006501418,6.480698820167502,0.08338,41.85669719871477,5.381152095812778,0.5696596698224912,6.930095347141026,16.874372457993278,4.7834405701417975,56.430931388833244,6.7151481099728265,16.518405495399957,6.745410870432795,2.0497861861548863,18.59337586550757,1.3370028790796047,48.915450270042584,40.336869856747555,0.40214,0.9433618630978511,0.09653,49.903729632749645,21.426252977845426,2.8522134061462827,329.14717390055154,1.8964560442498608
1996,0.08745,2.380136006501418,6.480698820167502,0.08338,41.85669719871477,5.381152095812778,0.5696596698224912,6.930095347141026,16.874372457993278,4.7834405701417975,56.430931388833244,6.7151481099728265,16.518405495399957,6.745410870432795,2.0497861861548863,18.59337586550757,1.3370028790796047,48.915450270042584,40.336869856747555,0.40214,0.9433618630978511,0.09653,49.903729632749645,21.426252977845426,2.8522134061462827,329.14717390055154,1.8964560442498608
1997,0.08745,2.380136006501418,6.480698820167502,0.08338,41.85669719871477,5.381152095812778,0.5696596698224912,6.930095347141026,16.874372457993278,4.7834405701417975,56.430931388833244,6.7151481099728265,16.518405495399957,6.745410870432795,2.0497861861548863,18.59337586550757,1.3370028790796047,48.915450270042584,40.336869856747555,0.40214,0.9433618630978511,0.09653,49.903729632749645,21.426252977845426,2.8522134061462827,329.14717390055154,1.8964560442498608
1998,0.08745,2.380136006501418,6.480698820167502,0.08338,41.85669719871477,5.381152095812778,0.5696596698224912,6.930095347141026,16.874372457993278,4.7834405701417975,56.430931388833244,6.7151481099728265,16.518405495399957,6.745410870432795,2.0497861861548863,18.59337586550757,1.3370028790796047,48.915450270042584,40.336869856747555,0.40214,0.9433618630978511,0.09653,49.903729632749645,21.426252977845426,2.8522134061462827,329.14717390055154,1.8964560442498608
1999,0.08745,2.380136006501418,6.480698820167502,0.08338,41.85669719871477,5.381152095812778,0.5696596698224912,6.930095347141026,16.874372457993278,4.7834405701417975,56.430931388833244,6.7151481099728265,16.518405495399957,6.745410870432795,2.0497861861548863,18.59337586550757,1.3370028790796047,48.915450270042584,40.336869856747555,0.40214,0.9433618630978511,0.09653,49.903729632749645,21.426252977845426,2.8522134061462827,329.14717390055154,1.8964560442498608
2000,0.08745,2.380136006501418,6.480698820167502,0.08338,41.85669719871477,5.381152095812778,0.5696596698224912,6.930095347141026,16.874372457993278,4.7834405701417975,56.430931388833244,6.7151481099728265,16.518405495399957,6.745410870432795,2.0497861861548863,18.59337586550757,1.3370028790796047,48.915450270042584,40.336869856747555,0.40214,0.9433618630978511,0.09653,49.903729632749645,21.426252977845426,2.8522134061462827,329.14717390055154,1.8964560442498608
2001,0.08745,2.380136006501418,6.480698820167502,0.08338,41.85669719871477,5.381152095812778,0.5696596698224912,6.930095347141026,16.874372457993278,4.7834405701417975,56.430931388833244,6.7151481099728265,16.518405495399957,6.745410870432795,2.0497861861548863,18.59337586550757,1.3370028790796047,48.915450270042584,40.336869856747555,0.40214,0.9433618630978511,0.09653,49.903729632749645,21.426252977845426,2.8522134061462827,329.14717390055154,1.8964560442498608
2002,0.08745,2.380136006501418,6.480698820167502,0.08338,41.85669719871477,5.381152095812778,0.5696596698224912,6.930095347141026,16.874372457993278,4.7834405701417975,56.430931388833244,6.7151481099728265,16.518405495399957,6.745410870432795,2.0497861861548863,18.59337586550757,1.3370028790796047,48.915450270042584,40.336869856747555,0.40214,0.9433618630978511,0.09653,49.903729632749645,21.426252977845426,2.8522134061462827,329.14717390055154,1.8964560442498608
2003,0.08745,2.380136006501418,6.480698820167502,0.08338,41.85669719871477,5.381152095812778,0.5696596698224912,6.930095347141026,16.874372457993278,4.7834405701417975,56.430931388833244,6.7151481099728265,16.518405495399957,6.745410870432795,2.0497861861548863,18.59337586550757,1.3370028790796047,48.915450270042584,40.336869856747555,0.40214,0.9433618630978511,0.09653,49.903729632749645,21.426252977845426,2.8522134061462827,329.14717390055154,1.8964560442498608
2004,0.08745,2.380136006501418,6.480698820167502,0.08338,41.85669719871477,5.381152095812778,0.5696596698224912,6.930095347141026,16.874372457993278,4.7834405701417975,56.430931388833244,6.7151481099728265,16.518405495399957,6.745410870432795,2.0497861861548863,18.59337586550757,1.3370028790796047,48.915450270042584,40.336869856747555,0.40214,0.9433618630978511,0.09653,49.903729632749645,21.426252977845426,2.8522134061462827,329.14717390055154,1.8964560442498608
2005,0.08745,2.380136006501418,6.480698820167502,0.08338,41.85669719871477,5.381152095812778,0.5696596698224912,6.930095347141026,16.874372457993278,4.7834405701417975,56.430931388833244,6.7151481099728265,16.518405495399957,6.745410870432795,2.0497861861548863,18.59337586550757,1.3370028790796047,48.915450270042584,40.336869856747555,0.40214,0.9433618630978511,0.09653,49.903729632749645,21.426252977845426,2.8522134061462827,329.14717390055154,1.8964560442498608
2006,0.08745,2.380136006501418,6.480698820167502,0.08338,41.85669719871477,5.381152095812778,0.5696596698224912,6.930095347141026,16.874372457993278,4.7834405701417975,56.430931388833244,6.7151481099728265,16.518405495399957,6.745410870432795,2.0497861861548863,18.59337586550757,1.3370028790796047,48.915450270042584,40.336869856747555,0.40214,0.9433618630978511,0.09653,49.903729632749645,21.426252977845426,2.8522134061462827,329.14717390055154,1.8964560442498608
2007,0.08745,2.380136006501418,6.480698820167502,0.08338,41.85669719871477,5.381152095812778,0.5696596698224912,6.930095347141026,16.874372457993278,4.7834405701417975,56.430931388833244,6.7151481099728265,16.518405495399957,6.745410870432795,2.0497861861548863,18.59337586550757,1.3370028790796047,48.915450270042584,40.336869856747555,0.40214,0.9433618630978511,0.09653,49.903729632749645,21.426252977845426,2.8522134061462827,329.14717390055154,1.8964560442498608
2008,0.08745,2.380136006501418,6.480698820167502,0.08338,41.85669719871477,5.381152095812778,0.5696596698224912,6.930095347141026,16.874372457993278,4.7834405701417975,56.430931388833244,6.7151481099728265,16.518405495399957,6.745410870432795,2.0497861861548863,18.59337586550757,1.3370028790796047,48.915450270042584,40.336869856747555,0.40214,0.9433618630978511,0.09653,49.903729632749645,21.426252977845426,2.8522134061462827,329.14717390055154,1.8964560442498608
2009,0.08745,2.380136006501418,6.480698820167502,0.08338,41.85669719871477,5.381152095812778,0.5696596698224912,6.930095347141026,16.874372457993278,4.7834405701417975,56.430931388833244,6.7151481099728265,16.518405495399957,6.745410870432795,2.0497861861548863,18.59337586550757,1.3370028790796047,48.915450270042584,40.336869856747555,0.40214,0.9433618630978511,0.09653,49.903729632749645,21.426252977845426,2.8522134061462827,329.14717390055154,1.8964560442498608
2010,0.08745,2.380136006501418,6.480698820167502,0.08338,41.85669719871477,5.381152095812778,0.5696596698224912,6.930095347141026,16.874372457993278,4.7834405701417975,56.430931388833244,6.7151481099728265,16.518405495399957,6.745410870432795,2.0497861861548863,18.59337586550757,1.3370028790796047,48.915450270042584,40.336869856747555,0.40214,0.9433618630978511,0.09653,49.903729632749645,21.426252977845426,2.8522134061462827,329.14717390055154,1.8964560442498608
2011,0.08745,2.380136006501418,6.480698820167502,0.08338,41.85669719871477,5.381152095812778,0.5696596698224912,6.930095347141026,16.874372457993278,4.7834405701417975,56.430931388833244,6.7151481099728265,16.518405495399957,6.745410870432795,2.0497861861548863,18.59337586550757,1.3370028790796047,48.915450270042584,40.336869856747555,0.40214,0.9433618630978511,0.09653,49.903729632749645,21.426252977845426,2.8522134061462827,329.14717390055154,1.8964560442498608
2012,0.08745,2.380136006501418,6.480698820167502,0.08338,41.85669719871477,5.381152095812778,0.5696596698224912,6.930095347141026,16.874372457993278,4.7834405701417975,56.430931388833244,6.7151481099728265,16.518405495399957,6.745410870432795,2.0497861861548863,18.59337586550757,1.3370028790796047,48.915450270042584,40.336869856747555,0.40214,0.9433618630978511,0.09653,49.903729632749645,21.426252977845426,2.8522134061462827,329.14717390055154,1.8964560442498608
2013,0.08745,2.380136006501418,6.480698820167502,0.08338,41.85669719871477,5.381152095812778,0.5696596698224912,6.930095347141026,16.874372457993278,4.7834405701417975,56.430931388833244,6.7151481099728265,16.518405495399957,6.745410870432795,2.0497861861548863,18.59337586550757,1.3370028790796047,48.915450270042584,40.336869856747555,0.40214,0.9433618630978511,0.09653,49.903729632749645,21.426252977845426,2.8522134061462827,329.14717390055154,1.8964560442498608
2014,0.08745,2.380136006501418,6.480698820167502,0.08338,41.85669719871477,5.381152095812778,0.5696596698224912,6.930095347141026,16.874372457993278,4.7834405701417975,56.430931388833244,6.7151481099728265,16.518405495399957,6.745410870432795,2.0497861861548863,18.59337586550757,1.3370028790796047,48.915450270042584,40.336869856747555,0.40214,0.9433618630978511,0.09653,49.903729632749645,21.426252977845426,2.8522134061462827,329.14717390055154,1.8964560442498608
2015,0.08745,2.380136006501418,6.480698820167502,0.08338,41.85669719871477,5.381152095812778,0.5696596698224912,6.930095347141026,16.874372457993278,4.7834405701417975,56.430931388833244,6.7151481099728265,16.518405495399957,6.745410870432795,2.0497861861548863,18.59337586550757,1.3370028790796047,48.915450270042584,40.336869856747555,0.40214,0.9433618630978511,0.09653,49.903729632749645,21.426252977845426,2.8522134061462827,329.14717390055154,1.8964560442498608
2016,0.08745,2.380136006501418,6.480698820167502,0.08338,41.85669719871477,5.381152095812778,0.5696596698224912,6.930095347141026,16.874372457993278,4.7834405701417975,56.430931388833244,6.7151481099728265,16.518405495399957,6.745410870432795,2.0497861861548863,18.59337586550757,1.3370028790796047,48.915450270042584,40.336869856747555,0.40214,0.9433618630978511,0.09653,49.903729632749645,21.426252977845426,2.8522134061462827,329.14717390055154,1.8964560442498608
