Time_Index,Demand_Ethanol,Demand_Gasoline,Demand_Flexfuel,Demand_Jetfuel,Demand_SAF_Jetfuel,Demand_fossil_Jetfuel,Demand_Diesel,Demand_BioDiesel
1,8.971874209,1743.692644,35203.49549,2136.136991,406.8832364,2543.020227,41845.57198732893,12693.852115219806
2,8.971874209,1743.692644,35203.49549,2136.136991,406.8832364,2543.020227,41845.57198732893,12693.852115219806
3,8.971874209,1743.692644,35203.49549,2136.136991,406.8832364,2543.020227,41845.57198732893,12693.852115219806
4,8.971874209,1743.692644,35203.49549,2136.136991,406.8832364,2543.020227,41845.57198732893,12693.852115219806
5,8.971874209,1743.692644,35203.49549,2136.136991,406.8832364,2543.020227,41845.57198732893,12693.852115219806
6,8.971874209,1743.692644,35203.49549,2136.136991,406.8832364,2543.020227,41845.57198732893,12693.852115219806
7,8.971874209,1743.692644,35203.49549,2136.136991,406.8832364,2543.020227,41845.57198732893,12693.852115219806
8,8.971874209,1743.692644,35203.49549,2136.136991,406.8832364,2543.020227,41845.57198732893,12693.852115219806
9,8.971874209,1743.692644,35203.49549,2136.136991,406.8832364,2543.020227,41845.57198732893,12693.852115219806
10,8.971874209,1743.692644,35203.49549,2136.136991,406.8832364,2543.020227,41845.57198732893,12693.852115219806
11,8.971874209,1743.692644,35203.49549,2136.136991,406.8832364,2543.020227,41845.57198732893,12693.852115219806
12,8.971874209,1743.692644,35203.49549,2136.136991,406.8832364,2543.020227,41845.57198732893,12693.852115219806
13,8.971874209,1743.692644,35203.49549,2136.136991,406.8832364,2543.020227,41845.57198732893,12693.852115219806
14,8.971874209,1743.692644,35203.49549,2136.136991,406.8832364,2543.020227,41845.57198732893,12693.852115219806
15,8.971874209,1743.692644,35203.49549,2136.136991,406.8832364,2543.020227,41845.57198732893,12693.852115219806
16,8.971874209,1743.692644,35203.49549,2136.136991,406.8832364,2543.020227,41845.57198732893,12693.852115219806
17,8.971874209,1743.692644,35203.49549,2136.136991,406.8832364,2543.020227,41845.57198732893,12693.852115219806
18,8.971874209,1743.692644,35203.49549,2136.136991,406.8832364,2543.020227,41845.57198732893,12693.852115219806
19,8.971874209,1743.692644,35203.49549,2136.136991,406.8832364,2543.020227,41845.57198732893,12693.852115219806
20,8.971874209,1743.692644,35203.49549,2136.136991,406.8832364,2543.020227,41845.57198732893,12693.852115219806
21,8.971874209,1743.692644,35203.49549,2136.136991,406.8832364,2543.020227,41845.57198732893,12693.852115219806
22,8.971874209,1743.692644,35203.49549,2136.136991,406.8832364,2543.020227,41845.57198732893,12693.852115219806
23,8.971874209,1743.692644,35203.49549,2136.136991,406.8832364,2543.020227,41845.57198732893,12693.852115219806
24,8.971874209,1743.692644,35203.49549,2136.136991,406.8832364,2543.020227,41845.57198732893,12693.852115219806
25,8.971874209,1743.692644,35203.49549,2136.136991,406.8832364,2543.020227,41845.57198732893,12693.852115219806
26,8.971874209,1743.692644,35203.49549,2136.136991,406.8832364,2543.020227,41845.57198732893,12693.852115219806
27,8.971874209,1743.692644,35203.49549,2136.136991,406.8832364,2543.020227,41845.57198732893,12693.852115219806
28,8.971874209,1743.692644,35203.49549,2136.136991,406.8832364,2543.020227,41845.57198732893,12693.852115219806
29,8.971874209,1743.692644,35203.49549,2136.136991,406.8832364,2543.020227,41845.57198732893,12693.852115219806
30,8.971874209,1743.692644,35203.49549,2136.136991,406.8832364,2543.020227,41845.57198732893,12693.852115219806
31,8.971874209,1743.692644,35203.49549,2136.136991,406.8832364,2543.020227,41845.57198732893,12693.852115219806
32,8.971874209,1743.692644,35203.49549,2136.136991,406.8832364,2543.020227,41845.57198732893,12693.852115219806
33,8.971874209,1743.692644,35203.49549,2136.136991,406.8832364,2543.020227,41845.57198732893,12693.852115219806
34,8.971874209,1743.692644,35203.49549,2136.136991,406.8832364,2543.020227,41845.57198732893,12693.852115219806
35,8.971874209,1743.692644,35203.49549,2136.136991,406.8832364,2543.020227,41845.57198732893,12693.852115219806
36,8.971874209,1743.692644,35203.49549,2136.136991,406.8832364,2543.020227,41845.57198732893,12693.852115219806
37,8.971874209,1743.692644,35203.49549,2136.136991,406.8832364,2543.020227,41845.57198732893,12693.852115219806
38,8.971874209,1743.692644,35203.49549,2136.136991,406.8832364,2543.020227,41845.57198732893,12693.852115219806
39,8.971874209,1743.692644,35203.49549,2136.136991,406.8832364,2543.020227,41845.57198732893,12693.852115219806
40,8.971874209,1743.692644,35203.49549,2136.136991,406.8832364,2543.020227,41845.57198732893,12693.852115219806
41,8.971874209,1743.692644,35203.49549,2136.136991,406.8832364,2543.020227,41845.57198732893,12693.852115219806
42,8.971874209,1743.692644,35203.49549,2136.136991,406.8832364,2543.020227,41845.57198732893,12693.852115219806
43,8.971874209,1743.692644,35203.49549,2136.136991,406.8832364,2543.020227,41845.57198732893,12693.852115219806
44,8.971874209,1743.692644,35203.49549,2136.136991,406.8832364,2543.020227,41845.57198732893,12693.852115219806
45,8.971874209,1743.692644,35203.49549,2136.136991,406.8832364,2543.020227,41845.57198732893,12693.852115219806
46,8.971874209,1743.692644,35203.49549,2136.136991,406.8832364,2543.020227,41845.57198732893,12693.852115219806
47,8.971874209,1743.692644,35203.49549,2136.136991,406.8832364,2543.020227,41845.57198732893,12693.852115219806
48,8.971874209,1743.692644,35203.49549,2136.136991,406.8832364,2543.020227,41845.57198732893,12693.852115219806
49,8.971874209,1743.692644,35203.49549,2136.136991,406.8832364,2543.020227,41845.57198732893,12693.852115219806
50,8.971874209,1743.692644,35203.49549,2136.136991,406.8832364,2543.020227,41845.57198732893,12693.852115219806
51,8.971874209,1743.692644,35203.49549,2136.136991,406.8832364,2543.020227,41845.57198732893,12693.852115219806
52,8.971874209,1743.692644,35203.49549,2136.136991,406.8832364,2543.020227,41845.57198732893,12693.852115219806
53,8.971874209,1743.692644,35203.49549,2136.136991,406.8832364,2543.020227,41845.57198732893,12693.852115219806
54,8.971874209,1743.692644,35203.49549,2136.136991,406.8832364,2543.020227,41845.57198732893,12693.852115219806
55,8.971874209,1743.692644,35203.49549,2136.136991,406.8832364,2543.020227,41845.57198732893,12693.852115219806
56,8.971874209,1743.692644,35203.49549,2136.136991,406.8832364,2543.020227,41845.57198732893,12693.852115219806
57,8.971874209,1743.692644,35203.49549,2136.136991,406.8832364,2543.020227,41845.57198732893,12693.852115219806
58,8.971874209,1743.692644,35203.49549,2136.136991,406.8832364,2543.020227,41845.57198732893,12693.852115219806
59,8.971874209,1743.692644,35203.49549,2136.136991,406.8832364,2543.020227,41845.57198732893,12693.852115219806
60,8.971874209,1743.692644,35203.49549,2136.136991,406.8832364,2543.020227,41845.57198732893,12693.852115219806
61,8.971874209,1743.692644,35203.49549,2136.136991,406.8832364,2543.020227,41845.57198732893,12693.852115219806
62,8.971874209,1743.692644,35203.49549,2136.136991,406.8832364,2543.020227,41845.57198732893,12693.852115219806
63,8.971874209,1743.692644,35203.49549,2136.136991,406.8832364,2543.020227,41845.57198732893,12693.852115219806
64,8.971874209,1743.692644,35203.49549,2136.136991,406.8832364,2543.020227,41845.57198732893,12693.852115219806
65,8.971874209,1743.692644,35203.49549,2136.136991,406.8832364,2543.020227,41845.57198732893,12693.852115219806
66,8.971874209,1743.692644,35203.49549,2136.136991,406.8832364,2543.020227,41845.57198732893,12693.852115219806
67,8.971874209,1743.692644,35203.49549,2136.136991,406.8832364,2543.020227,41845.57198732893,12693.852115219806
68,8.971874209,1743.692644,35203.49549,2136.136991,406.8832364,2543.020227,41845.57198732893,12693.852115219806
69,8.971874209,1743.692644,35203.49549,2136.136991,406.8832364,2543.020227,41845.57198732893,12693.852115219806
70,8.971874209,1743.692644,35203.49549,2136.136991,406.8832364,2543.020227,41845.57198732893,12693.852115219806
71,8.971874209,1743.692644,35203.49549,2136.136991,406.8832364,2543.020227,41845.57198732893,12693.852115219806
72,8.971874209,1743.692644,35203.49549,2136.136991,406.8832364,2543.020227,41845.57198732893,12693.852115219806
73,8.971874209,1743.692644,35203.49549,2136.136991,406.8832364,2543.020227,41845.57198732893,12693.852115219806
74,8.971874209,1743.692644,35203.49549,2136.136991,406.8832364,2543.020227,41845.57198732893,12693.852115219806
75,8.971874209,1743.692644,35203.49549,2136.136991,406.8832364,2543.020227,41845.57198732893,12693.852115219806
76,8.971874209,1743.692644,35203.49549,2136.136991,406.8832364,2543.020227,41845.57198732893,12693.852115219806
77,8.971874209,1743.692644,35203.49549,2136.136991,406.8832364,2543.020227,41845.57198732893,12693.852115219806
78,8.971874209,1743.692644,35203.49549,2136.136991,406.8832364,2543.020227,41845.57198732893,12693.852115219806
79,8.971874209,1743.692644,35203.49549,2136.136991,406.8832364,2543.020227,41845.57198732893,12693.852115219806
80,8.971874209,1743.692644,35203.49549,2136.136991,406.8832364,2543.020227,41845.57198732893,12693.852115219806
81,8.971874209,1743.692644,35203.49549,2136.136991,406.8832364,2543.020227,41845.57198732893,12693.852115219806
82,8.971874209,1743.692644,35203.49549,2136.136991,406.8832364,2543.020227,41845.57198732893,12693.852115219806
83,8.971874209,1743.692644,35203.49549,2136.136991,406.8832364,2543.020227,41845.57198732893,12693.852115219806
84,8.971874209,1743.692644,35203.49549,2136.136991,406.8832364,2543.020227,41845.57198732893,12693.852115219806
85,8.971874209,1743.692644,35203.49549,2136.136991,406.8832364,2543.020227,41845.57198732893,12693.852115219806
86,8.971874209,1743.692644,35203.49549,2136.136991,406.8832364,2543.020227,41845.57198732893,12693.852115219806
87,8.971874209,1743.692644,35203.49549,2136.136991,406.8832364,2543.020227,41845.57198732893,12693.852115219806
88,8.971874209,1743.692644,35203.49549,2136.136991,406.8832364,2543.020227,41845.57198732893,12693.852115219806
89,8.971874209,1743.692644,35203.49549,2136.136991,406.8832364,2543.020227,41845.57198732893,12693.852115219806
90,8.971874209,1743.692644,35203.49549,2136.136991,406.8832364,2543.020227,41845.57198732893,12693.852115219806
91,8.971874209,1743.692644,35203.49549,2136.136991,406.8832364,2543.020227,41845.57198732893,12693.852115219806
92,8.971874209,1743.692644,35203.49549,2136.136991,406.8832364,2543.020227,41845.57198732893,12693.852115219806
93,8.971874209,1743.692644,35203.49549,2136.136991,406.8832364,2543.020227,41845.57198732893,12693.852115219806
94,8.971874209,1743.692644,35203.49549,2136.136991,406.8832364,2543.020227,41845.57198732893,12693.852115219806
95,8.971874209,1743.692644,35203.49549,2136.136991,406.8832364,2543.020227,41845.57198732893,12693.852115219806
96,8.971874209,1743.692644,35203.49549,2136.136991,406.8832364,2543.020227,41845.57198732893,12693.852115219806
97,8.971874209,1743.692644,35203.49549,2136.136991,406.8832364,2543.020227,41845.57198732893,12693.852115219806
98,8.971874209,1743.692644,35203.49549,2136.136991,406.8832364,2543.020227,41845.57198732893,12693.852115219806
99,8.971874209,1743.692644,35203.49549,2136.136991,406.8832364,2543.020227,41845.57198732893,12693.852115219806
100,8.971874209,1743.692644,35203.49549,2136.136991,406.8832364,2543.020227,41845.57198732893,12693.852115219806
101,8.971874209,1743.692644,35203.49549,2136.136991,406.8832364,2543.020227,41845.57198732893,12693.852115219806
102,8.971874209,1743.692644,35203.49549,2136.136991,406.8832364,2543.020227,41845.57198732893,12693.852115219806
103,8.971874209,1743.692644,35203.49549,2136.136991,406.8832364,2543.020227,41845.57198732893,12693.852115219806
104,8.971874209,1743.692644,35203.49549,2136.136991,406.8832364,2543.020227,41845.57198732893,12693.852115219806
105,8.971874209,1743.692644,35203.49549,2136.136991,406.8832364,2543.020227,41845.57198732893,12693.852115219806
106,8.971874209,1743.692644,35203.49549,2136.136991,406.8832364,2543.020227,41845.57198732893,12693.852115219806
107,8.971874209,1743.692644,35203.49549,2136.136991,406.8832364,2543.020227,41845.57198732893,12693.852115219806
108,8.971874209,1743.692644,35203.49549,2136.136991,406.8832364,2543.020227,41845.57198732893,12693.852115219806
109,8.971874209,1743.692644,35203.49549,2136.136991,406.8832364,2543.020227,41845.57198732893,12693.852115219806
110,8.971874209,1743.692644,35203.49549,2136.136991,406.8832364,2543.020227,41845.57198732893,12693.852115219806
111,8.971874209,1743.692644,35203.49549,2136.136991,406.8832364,2543.020227,41845.57198732893,12693.852115219806
112,8.971874209,1743.692644,35203.49549,2136.136991,406.8832364,2543.020227,41845.57198732893,12693.852115219806
113,8.971874209,1743.692644,35203.49549,2136.136991,406.8832364,2543.020227,41845.57198732893,12693.852115219806
114,8.971874209,1743.692644,35203.49549,2136.136991,406.8832364,2543.020227,41845.57198732893,12693.852115219806
115,8.971874209,1743.692644,35203.49549,2136.136991,406.8832364,2543.020227,41845.57198732893,12693.852115219806
116,8.971874209,1743.692644,35203.49549,2136.136991,406.8832364,2543.020227,41845.57198732893,12693.852115219806
117,8.971874209,1743.692644,35203.49549,2136.136991,406.8832364,2543.020227,41845.57198732893,12693.852115219806
118,8.971874209,1743.692644,35203.49549,2136.136991,406.8832364,2543.020227,41845.57198732893,12693.852115219806
119,8.971874209,1743.692644,35203.49549,2136.136991,406.8832364,2543.020227,41845.57198732893,12693.852115219806
120,8.971874209,1743.692644,35203.49549,2136.136991,406.8832364,2543.020227,41845.57198732893,12693.852115219806
121,8.971874209,1743.692644,35203.49549,2136.136991,406.8832364,2543.020227,41845.57198732893,12693.852115219806
122,8.971874209,1743.692644,35203.49549,2136.136991,406.8832364,2543.020227,41845.57198732893,12693.852115219806
123,8.971874209,1743.692644,35203.49549,2136.136991,406.8832364,2543.020227,41845.57198732893,12693.852115219806
124,8.971874209,1743.692644,35203.49549,2136.136991,406.8832364,2543.020227,41845.57198732893,12693.852115219806
125,8.971874209,1743.692644,35203.49549,2136.136991,406.8832364,2543.020227,41845.57198732893,12693.852115219806
126,8.971874209,1743.692644,35203.49549,2136.136991,406.8832364,2543.020227,41845.57198732893,12693.852115219806
127,8.971874209,1743.692644,35203.49549,2136.136991,406.8832364,2543.020227,41845.57198732893,12693.852115219806
128,8.971874209,1743.692644,35203.49549,2136.136991,406.8832364,2543.020227,41845.57198732893,12693.852115219806
129,8.971874209,1743.692644,35203.49549,2136.136991,406.8832364,2543.020227,41845.57198732893,12693.852115219806
130,8.971874209,1743.692644,35203.49549,2136.136991,406.8832364,2543.020227,41845.57198732893,12693.852115219806
131,8.971874209,1743.692644,35203.49549,2136.136991,406.8832364,2543.020227,41845.57198732893,12693.852115219806
132,8.971874209,1743.692644,35203.49549,2136.136991,406.8832364,2543.020227,41845.57198732893,12693.852115219806
133,8.971874209,1743.692644,35203.49549,2136.136991,406.8832364,2543.020227,41845.57198732893,12693.852115219806
134,8.971874209,1743.692644,35203.49549,2136.136991,406.8832364,2543.020227,41845.57198732893,12693.852115219806
135,8.971874209,1743.692644,35203.49549,2136.136991,406.8832364,2543.020227,41845.57198732893,12693.852115219806
136,8.971874209,1743.692644,35203.49549,2136.136991,406.8832364,2543.020227,41845.57198732893,12693.852115219806
137,8.971874209,1743.692644,35203.49549,2136.136991,406.8832364,2543.020227,41845.57198732893,12693.852115219806
138,8.971874209,1743.692644,35203.49549,2136.136991,406.8832364,2543.020227,41845.57198732893,12693.852115219806
139,8.971874209,1743.692644,35203.49549,2136.136991,406.8832364,2543.020227,41845.57198732893,12693.852115219806
140,8.971874209,1743.692644,35203.49549,2136.136991,406.8832364,2543.020227,41845.57198732893,12693.852115219806
141,8.971874209,1743.692644,35203.49549,2136.136991,406.8832364,2543.020227,41845.57198732893,12693.852115219806
142,8.971874209,1743.692644,35203.49549,2136.136991,406.8832364,2543.020227,41845.57198732893,12693.852115219806
143,8.971874209,1743.692644,35203.49549,2136.136991,406.8832364,2543.020227,41845.57198732893,12693.852115219806
144,8.971874209,1743.692644,35203.49549,2136.136991,406.8832364,2543.020227,41845.57198732893,12693.852115219806
145,8.971874209,1743.692644,35203.49549,2136.136991,406.8832364,2543.020227,41845.57198732893,12693.852115219806
146,8.971874209,1743.692644,35203.49549,2136.136991,406.8832364,2543.020227,41845.57198732893,12693.852115219806
147,8.971874209,1743.692644,35203.49549,2136.136991,406.8832364,2543.020227,41845.57198732893,12693.852115219806
148,8.971874209,1743.692644,35203.49549,2136.136991,406.8832364,2543.020227,41845.57198732893,12693.852115219806
149,8.971874209,1743.692644,35203.49549,2136.136991,406.8832364,2543.020227,41845.57198732893,12693.852115219806
150,8.971874209,1743.692644,35203.49549,2136.136991,406.8832364,2543.020227,41845.57198732893,12693.852115219806
151,8.971874209,1743.692644,35203.49549,2136.136991,406.8832364,2543.020227,41845.57198732893,12693.852115219806
152,8.971874209,1743.692644,35203.49549,2136.136991,406.8832364,2543.020227,41845.57198732893,12693.852115219806
153,8.971874209,1743.692644,35203.49549,2136.136991,406.8832364,2543.020227,41845.57198732893,12693.852115219806
154,8.971874209,1743.692644,35203.49549,2136.136991,406.8832364,2543.020227,41845.57198732893,12693.852115219806
155,8.971874209,1743.692644,35203.49549,2136.136991,406.8832364,2543.020227,41845.57198732893,12693.852115219806
156,8.971874209,1743.692644,35203.49549,2136.136991,406.8832364,2543.020227,41845.57198732893,12693.852115219806
157,8.971874209,1743.692644,35203.49549,2136.136991,406.8832364,2543.020227,41845.57198732893,12693.852115219806
158,8.971874209,1743.692644,35203.49549,2136.136991,406.8832364,2543.020227,41845.57198732893,12693.852115219806
159,8.971874209,1743.692644,35203.49549,2136.136991,406.8832364,2543.020227,41845.57198732893,12693.852115219806
160,8.971874209,1743.692644,35203.49549,2136.136991,406.8832364,2543.020227,41845.57198732893,12693.852115219806
161,8.971874209,1743.692644,35203.49549,2136.136991,406.8832364,2543.020227,41845.57198732893,12693.852115219806
162,8.971874209,1743.692644,35203.49549,2136.136991,406.8832364,2543.020227,41845.57198732893,12693.852115219806
163,8.971874209,1743.692644,35203.49549,2136.136991,406.8832364,2543.020227,41845.57198732893,12693.852115219806
164,8.971874209,1743.692644,35203.49549,2136.136991,406.8832364,2543.020227,41845.57198732893,12693.852115219806
165,8.971874209,1743.692644,35203.49549,2136.136991,406.8832364,2543.020227,41845.57198732893,12693.852115219806
166,8.971874209,1743.692644,35203.49549,2136.136991,406.8832364,2543.020227,41845.57198732893,12693.852115219806
167,8.971874209,1743.692644,35203.49549,2136.136991,406.8832364,2543.020227,41845.57198732893,12693.852115219806
168,8.971874209,1743.692644,35203.49549,2136.136991,406.8832364,2543.020227,41845.57198732893,12693.852115219806
169,8.971874209,1743.692644,35203.49549,2136.136991,406.8832364,2543.020227,41845.57198732893,12693.852115219806
170,8.971874209,1743.692644,35203.49549,2136.136991,406.8832364,2543.020227,41845.57198732893,12693.852115219806
171,8.971874209,1743.692644,35203.49549,2136.136991,406.8832364,2543.020227,41845.57198732893,12693.852115219806
172,8.971874209,1743.692644,35203.49549,2136.136991,406.8832364,2543.020227,41845.57198732893,12693.852115219806
173,8.971874209,1743.692644,35203.49549,2136.136991,406.8832364,2543.020227,41845.57198732893,12693.852115219806
174,8.971874209,1743.692644,35203.49549,2136.136991,406.8832364,2543.020227,41845.57198732893,12693.852115219806
175,8.971874209,1743.692644,35203.49549,2136.136991,406.8832364,2543.020227,41845.57198732893,12693.852115219806
176,8.971874209,1743.692644,35203.49549,2136.136991,406.8832364,2543.020227,41845.57198732893,12693.852115219806
177,8.971874209,1743.692644,35203.49549,2136.136991,406.8832364,2543.020227,41845.57198732893,12693.852115219806
178,8.971874209,1743.692644,35203.49549,2136.136991,406.8832364,2543.020227,41845.57198732893,12693.852115219806
179,8.971874209,1743.692644,35203.49549,2136.136991,406.8832364,2543.020227,41845.57198732893,12693.852115219806
180,8.971874209,1743.692644,35203.49549,2136.136991,406.8832364,2543.020227,41845.57198732893,12693.852115219806
181,8.971874209,1743.692644,35203.49549,2136.136991,406.8832364,2543.020227,41845.57198732893,12693.852115219806
182,8.971874209,1743.692644,35203.49549,2136.136991,406.8832364,2543.020227,41845.57198732893,12693.852115219806
183,8.971874209,1743.692644,35203.49549,2136.136991,406.8832364,2543.020227,41845.57198732893,12693.852115219806
184,8.971874209,1743.692644,35203.49549,2136.136991,406.8832364,2543.020227,41845.57198732893,12693.852115219806
185,8.971874209,1743.692644,35203.49549,2136.136991,406.8832364,2543.020227,41845.57198732893,12693.852115219806
186,8.971874209,1743.692644,35203.49549,2136.136991,406.8832364,2543.020227,41845.57198732893,12693.852115219806
187,8.971874209,1743.692644,35203.49549,2136.136991,406.8832364,2543.020227,41845.57198732893,12693.852115219806
188,8.971874209,1743.692644,35203.49549,2136.136991,406.8832364,2543.020227,41845.57198732893,12693.852115219806
189,8.971874209,1743.692644,35203.49549,2136.136991,406.8832364,2543.020227,41845.57198732893,12693.852115219806
190,8.971874209,1743.692644,35203.49549,2136.136991,406.8832364,2543.020227,41845.57198732893,12693.852115219806
191,8.971874209,1743.692644,35203.49549,2136.136991,406.8832364,2543.020227,41845.57198732893,12693.852115219806
192,8.971874209,1743.692644,35203.49549,2136.136991,406.8832364,2543.020227,41845.57198732893,12693.852115219806
193,8.971874209,1743.692644,35203.49549,2136.136991,406.8832364,2543.020227,41845.57198732893,12693.852115219806
194,8.971874209,1743.692644,35203.49549,2136.136991,406.8832364,2543.020227,41845.57198732893,12693.852115219806
195,8.971874209,1743.692644,35203.49549,2136.136991,406.8832364,2543.020227,41845.57198732893,12693.852115219806
196,8.971874209,1743.692644,35203.49549,2136.136991,406.8832364,2543.020227,41845.57198732893,12693.852115219806
197,8.971874209,1743.692644,35203.49549,2136.136991,406.8832364,2543.020227,41845.57198732893,12693.852115219806
198,8.971874209,1743.692644,35203.49549,2136.136991,406.8832364,2543.020227,41845.57198732893,12693.852115219806
199,8.971874209,1743.692644,35203.49549,2136.136991,406.8832364,2543.020227,41845.57198732893,12693.852115219806
200,8.971874209,1743.692644,35203.49549,2136.136991,406.8832364,2543.020227,41845.57198732893,12693.852115219806
201,8.971874209,1743.692644,35203.49549,2136.136991,406.8832364,2543.020227,41845.57198732893,12693.852115219806
202,8.971874209,1743.692644,35203.49549,2136.136991,406.8832364,2543.020227,41845.57198732893,12693.852115219806
203,8.971874209,1743.692644,35203.49549,2136.136991,406.8832364,2543.020227,41845.57198732893,12693.852115219806
204,8.971874209,1743.692644,35203.49549,2136.136991,406.8832364,2543.020227,41845.57198732893,12693.852115219806
205,8.971874209,1743.692644,35203.49549,2136.136991,406.8832364,2543.020227,41845.57198732893,12693.852115219806
206,8.971874209,1743.692644,35203.49549,2136.136991,406.8832364,2543.020227,41845.57198732893,12693.852115219806
207,8.971874209,1743.692644,35203.49549,2136.136991,406.8832364,2543.020227,41845.57198732893,12693.852115219806
208,8.971874209,1743.692644,35203.49549,2136.136991,406.8832364,2543.020227,41845.57198732893,12693.852115219806
209,8.971874209,1743.692644,35203.49549,2136.136991,406.8832364,2543.020227,41845.57198732893,12693.852115219806
210,8.971874209,1743.692644,35203.49549,2136.136991,406.8832364,2543.020227,41845.57198732893,12693.852115219806
211,8.971874209,1743.692644,35203.49549,2136.136991,406.8832364,2543.020227,41845.57198732893,12693.852115219806
212,8.971874209,1743.692644,35203.49549,2136.136991,406.8832364,2543.020227,41845.57198732893,12693.852115219806
213,8.971874209,1743.692644,35203.49549,2136.136991,406.8832364,2543.020227,41845.57198732893,12693.852115219806
214,8.971874209,1743.692644,35203.49549,2136.136991,406.8832364,2543.020227,41845.57198732893,12693.852115219806
215,8.971874209,1743.692644,35203.49549,2136.136991,406.8832364,2543.020227,41845.57198732893,12693.852115219806
216,8.971874209,1743.692644,35203.49549,2136.136991,406.8832364,2543.020227,41845.57198732893,12693.852115219806
217,8.971874209,1743.692644,35203.49549,2136.136991,406.8832364,2543.020227,41845.57198732893,12693.852115219806
218,8.971874209,1743.692644,35203.49549,2136.136991,406.8832364,2543.020227,41845.57198732893,12693.852115219806
219,8.971874209,1743.692644,35203.49549,2136.136991,406.8832364,2543.020227,41845.57198732893,12693.852115219806
220,8.971874209,1743.692644,35203.49549,2136.136991,406.8832364,2543.020227,41845.57198732893,12693.852115219806
221,8.971874209,1743.692644,35203.49549,2136.136991,406.8832364,2543.020227,41845.57198732893,12693.852115219806
222,8.971874209,1743.692644,35203.49549,2136.136991,406.8832364,2543.020227,41845.57198732893,12693.852115219806
223,8.971874209,1743.692644,35203.49549,2136.136991,406.8832364,2543.020227,41845.57198732893,12693.852115219806
224,8.971874209,1743.692644,35203.49549,2136.136991,406.8832364,2543.020227,41845.57198732893,12693.852115219806
225,8.971874209,1743.692644,35203.49549,2136.136991,406.8832364,2543.020227,41845.57198732893,12693.852115219806
226,8.971874209,1743.692644,35203.49549,2136.136991,406.8832364,2543.020227,41845.57198732893,12693.852115219806
227,8.971874209,1743.692644,35203.49549,2136.136991,406.8832364,2543.020227,41845.57198732893,12693.852115219806
228,8.971874209,1743.692644,35203.49549,2136.136991,406.8832364,2543.020227,41845.57198732893,12693.852115219806
229,8.971874209,1743.692644,35203.49549,2136.136991,406.8832364,2543.020227,41845.57198732893,12693.852115219806
230,8.971874209,1743.692644,35203.49549,2136.136991,406.8832364,2543.020227,41845.57198732893,12693.852115219806
231,8.971874209,1743.692644,35203.49549,2136.136991,406.8832364,2543.020227,41845.57198732893,12693.852115219806
232,8.971874209,1743.692644,35203.49549,2136.136991,406.8832364,2543.020227,41845.57198732893,12693.852115219806
233,8.971874209,1743.692644,35203.49549,2136.136991,406.8832364,2543.020227,41845.57198732893,12693.852115219806
234,8.971874209,1743.692644,35203.49549,2136.136991,406.8832364,2543.020227,41845.57198732893,12693.852115219806
235,8.971874209,1743.692644,35203.49549,2136.136991,406.8832364,2543.020227,41845.57198732893,12693.852115219806
236,8.971874209,1743.692644,35203.49549,2136.136991,406.8832364,2543.020227,41845.57198732893,12693.852115219806
237,8.971874209,1743.692644,35203.49549,2136.136991,406.8832364,2543.020227,41845.57198732893,12693.852115219806
238,8.971874209,1743.692644,35203.49549,2136.136991,406.8832364,2543.020227,41845.57198732893,12693.852115219806
239,8.971874209,1743.692644,35203.49549,2136.136991,406.8832364,2543.020227,41845.57198732893,12693.852115219806
240,8.971874209,1743.692644,35203.49549,2136.136991,406.8832364,2543.020227,41845.57198732893,12693.852115219806
241,8.971874209,1743.692644,35203.49549,2136.136991,406.8832364,2543.020227,41845.57198732893,12693.852115219806
242,8.971874209,1743.692644,35203.49549,2136.136991,406.8832364,2543.020227,41845.57198732893,12693.852115219806
243,8.971874209,1743.692644,35203.49549,2136.136991,406.8832364,2543.020227,41845.57198732893,12693.852115219806
244,8.971874209,1743.692644,35203.49549,2136.136991,406.8832364,2543.020227,41845.57198732893,12693.852115219806
245,8.971874209,1743.692644,35203.49549,2136.136991,406.8832364,2543.020227,41845.57198732893,12693.852115219806
246,8.971874209,1743.692644,35203.49549,2136.136991,406.8832364,2543.020227,41845.57198732893,12693.852115219806
247,8.971874209,1743.692644,35203.49549,2136.136991,406.8832364,2543.020227,41845.57198732893,12693.852115219806
248,8.971874209,1743.692644,35203.49549,2136.136991,406.8832364,2543.020227,41845.57198732893,12693.852115219806
249,8.971874209,1743.692644,35203.49549,2136.136991,406.8832364,2543.020227,41845.57198732893,12693.852115219806
250,8.971874209,1743.692644,35203.49549,2136.136991,406.8832364,2543.020227,41845.57198732893,12693.852115219806
251,8.971874209,1743.692644,35203.49549,2136.136991,406.8832364,2543.020227,41845.57198732893,12693.852115219806
252,8.971874209,1743.692644,35203.49549,2136.136991,406.8832364,2543.020227,41845.57198732893,12693.852115219806
253,8.971874209,1743.692644,35203.49549,2136.136991,406.8832364,2543.020227,41845.57198732893,12693.852115219806
254,8.971874209,1743.692644,35203.49549,2136.136991,406.8832364,2543.020227,41845.57198732893,12693.852115219806
255,8.971874209,1743.692644,35203.49549,2136.136991,406.8832364,2543.020227,41845.57198732893,12693.852115219806
256,8.971874209,1743.692644,35203.49549,2136.136991,406.8832364,2543.020227,41845.57198732893,12693.852115219806
257,8.971874209,1743.692644,35203.49549,2136.136991,406.8832364,2543.020227,41845.57198732893,12693.852115219806
258,8.971874209,1743.692644,35203.49549,2136.136991,406.8832364,2543.020227,41845.57198732893,12693.852115219806
259,8.971874209,1743.692644,35203.49549,2136.136991,406.8832364,2543.020227,41845.57198732893,12693.852115219806
260,8.971874209,1743.692644,35203.49549,2136.136991,406.8832364,2543.020227,41845.57198732893,12693.852115219806
261,8.971874209,1743.692644,35203.49549,2136.136991,406.8832364,2543.020227,41845.57198732893,12693.852115219806
262,8.971874209,1743.692644,35203.49549,2136.136991,406.8832364,2543.020227,41845.57198732893,12693.852115219806
263,8.971874209,1743.692644,35203.49549,2136.136991,406.8832364,2543.020227,41845.57198732893,12693.852115219806
264,8.971874209,1743.692644,35203.49549,2136.136991,406.8832364,2543.020227,41845.57198732893,12693.852115219806
265,8.971874209,1743.692644,35203.49549,2136.136991,406.8832364,2543.020227,41845.57198732893,12693.852115219806
266,8.971874209,1743.692644,35203.49549,2136.136991,406.8832364,2543.020227,41845.57198732893,12693.852115219806
267,8.971874209,1743.692644,35203.49549,2136.136991,406.8832364,2543.020227,41845.57198732893,12693.852115219806
268,8.971874209,1743.692644,35203.49549,2136.136991,406.8832364,2543.020227,41845.57198732893,12693.852115219806
269,8.971874209,1743.692644,35203.49549,2136.136991,406.8832364,2543.020227,41845.57198732893,12693.852115219806
270,8.971874209,1743.692644,35203.49549,2136.136991,406.8832364,2543.020227,41845.57198732893,12693.852115219806
271,8.971874209,1743.692644,35203.49549,2136.136991,406.8832364,2543.020227,41845.57198732893,12693.852115219806
272,8.971874209,1743.692644,35203.49549,2136.136991,406.8832364,2543.020227,41845.57198732893,12693.852115219806
273,8.971874209,1743.692644,35203.49549,2136.136991,406.8832364,2543.020227,41845.57198732893,12693.852115219806
274,8.971874209,1743.692644,35203.49549,2136.136991,406.8832364,2543.020227,41845.57198732893,12693.852115219806
275,8.971874209,1743.692644,35203.49549,2136.136991,406.8832364,2543.020227,41845.57198732893,12693.852115219806
276,8.971874209,1743.692644,35203.49549,2136.136991,406.8832364,2543.020227,41845.57198732893,12693.852115219806
277,8.971874209,1743.692644,35203.49549,2136.136991,406.8832364,2543.020227,41845.57198732893,12693.852115219806
278,8.971874209,1743.692644,35203.49549,2136.136991,406.8832364,2543.020227,41845.57198732893,12693.852115219806
279,8.971874209,1743.692644,35203.49549,2136.136991,406.8832364,2543.020227,41845.57198732893,12693.852115219806
280,8.971874209,1743.692644,35203.49549,2136.136991,406.8832364,2543.020227,41845.57198732893,12693.852115219806
281,8.971874209,1743.692644,35203.49549,2136.136991,406.8832364,2543.020227,41845.57198732893,12693.852115219806
282,8.971874209,1743.692644,35203.49549,2136.136991,406.8832364,2543.020227,41845.57198732893,12693.852115219806
283,8.971874209,1743.692644,35203.49549,2136.136991,406.8832364,2543.020227,41845.57198732893,12693.852115219806
284,8.971874209,1743.692644,35203.49549,2136.136991,406.8832364,2543.020227,41845.57198732893,12693.852115219806
285,8.971874209,1743.692644,35203.49549,2136.136991,406.8832364,2543.020227,41845.57198732893,12693.852115219806
286,8.971874209,1743.692644,35203.49549,2136.136991,406.8832364,2543.020227,41845.57198732893,12693.852115219806
287,8.971874209,1743.692644,35203.49549,2136.136991,406.8832364,2543.020227,41845.57198732893,12693.852115219806
288,8.971874209,1743.692644,35203.49549,2136.136991,406.8832364,2543.020227,41845.57198732893,12693.852115219806
289,8.971874209,1743.692644,35203.49549,2136.136991,406.8832364,2543.020227,41845.57198732893,12693.852115219806
290,8.971874209,1743.692644,35203.49549,2136.136991,406.8832364,2543.020227,41845.57198732893,12693.852115219806
291,8.971874209,1743.692644,35203.49549,2136.136991,406.8832364,2543.020227,41845.57198732893,12693.852115219806
292,8.971874209,1743.692644,35203.49549,2136.136991,406.8832364,2543.020227,41845.57198732893,12693.852115219806
293,8.971874209,1743.692644,35203.49549,2136.136991,406.8832364,2543.020227,41845.57198732893,12693.852115219806
294,8.971874209,1743.692644,35203.49549,2136.136991,406.8832364,2543.020227,41845.57198732893,12693.852115219806
295,8.971874209,1743.692644,35203.49549,2136.136991,406.8832364,2543.020227,41845.57198732893,12693.852115219806
296,8.971874209,1743.692644,35203.49549,2136.136991,406.8832364,2543.020227,41845.57198732893,12693.852115219806
297,8.971874209,1743.692644,35203.49549,2136.136991,406.8832364,2543.020227,41845.57198732893,12693.852115219806
298,8.971874209,1743.692644,35203.49549,2136.136991,406.8832364,2543.020227,41845.57198732893,12693.852115219806
299,8.971874209,1743.692644,35203.49549,2136.136991,406.8832364,2543.020227,41845.57198732893,12693.852115219806
300,8.971874209,1743.692644,35203.49549,2136.136991,406.8832364,2543.020227,41845.57198732893,12693.852115219806
301,8.971874209,1743.692644,35203.49549,2136.136991,406.8832364,2543.020227,41845.57198732893,12693.852115219806
302,8.971874209,1743.692644,35203.49549,2136.136991,406.8832364,2543.020227,41845.57198732893,12693.852115219806
303,8.971874209,1743.692644,35203.49549,2136.136991,406.8832364,2543.020227,41845.57198732893,12693.852115219806
304,8.971874209,1743.692644,35203.49549,2136.136991,406.8832364,2543.020227,41845.57198732893,12693.852115219806
305,8.971874209,1743.692644,35203.49549,2136.136991,406.8832364,2543.020227,41845.57198732893,12693.852115219806
306,8.971874209,1743.692644,35203.49549,2136.136991,406.8832364,2543.020227,41845.57198732893,12693.852115219806
307,8.971874209,1743.692644,35203.49549,2136.136991,406.8832364,2543.020227,41845.57198732893,12693.852115219806
308,8.971874209,1743.692644,35203.49549,2136.136991,406.8832364,2543.020227,41845.57198732893,12693.852115219806
309,8.971874209,1743.692644,35203.49549,2136.136991,406.8832364,2543.020227,41845.57198732893,12693.852115219806
310,8.971874209,1743.692644,35203.49549,2136.136991,406.8832364,2543.020227,41845.57198732893,12693.852115219806
311,8.971874209,1743.692644,35203.49549,2136.136991,406.8832364,2543.020227,41845.57198732893,12693.852115219806
312,8.971874209,1743.692644,35203.49549,2136.136991,406.8832364,2543.020227,41845.57198732893,12693.852115219806
313,8.971874209,1743.692644,35203.49549,2136.136991,406.8832364,2543.020227,41845.57198732893,12693.852115219806
314,8.971874209,1743.692644,35203.49549,2136.136991,406.8832364,2543.020227,41845.57198732893,12693.852115219806
315,8.971874209,1743.692644,35203.49549,2136.136991,406.8832364,2543.020227,41845.57198732893,12693.852115219806
316,8.971874209,1743.692644,35203.49549,2136.136991,406.8832364,2543.020227,41845.57198732893,12693.852115219806
317,8.971874209,1743.692644,35203.49549,2136.136991,406.8832364,2543.020227,41845.57198732893,12693.852115219806
318,8.971874209,1743.692644,35203.49549,2136.136991,406.8832364,2543.020227,41845.57198732893,12693.852115219806
319,8.971874209,1743.692644,35203.49549,2136.136991,406.8832364,2543.020227,41845.57198732893,12693.852115219806
320,8.971874209,1743.692644,35203.49549,2136.136991,406.8832364,2543.020227,41845.57198732893,12693.852115219806
321,8.971874209,1743.692644,35203.49549,2136.136991,406.8832364,2543.020227,41845.57198732893,12693.852115219806
322,8.971874209,1743.692644,35203.49549,2136.136991,406.8832364,2543.020227,41845.57198732893,12693.852115219806
323,8.971874209,1743.692644,35203.49549,2136.136991,406.8832364,2543.020227,41845.57198732893,12693.852115219806
324,8.971874209,1743.692644,35203.49549,2136.136991,406.8832364,2543.020227,41845.57198732893,12693.852115219806
325,8.971874209,1743.692644,35203.49549,2136.136991,406.8832364,2543.020227,41845.57198732893,12693.852115219806
326,8.971874209,1743.692644,35203.49549,2136.136991,406.8832364,2543.020227,41845.57198732893,12693.852115219806
327,8.971874209,1743.692644,35203.49549,2136.136991,406.8832364,2543.020227,41845.57198732893,12693.852115219806
328,8.971874209,1743.692644,35203.49549,2136.136991,406.8832364,2543.020227,41845.57198732893,12693.852115219806
329,8.971874209,1743.692644,35203.49549,2136.136991,406.8832364,2543.020227,41845.57198732893,12693.852115219806
330,8.971874209,1743.692644,35203.49549,2136.136991,406.8832364,2543.020227,41845.57198732893,12693.852115219806
331,8.971874209,1743.692644,35203.49549,2136.136991,406.8832364,2543.020227,41845.57198732893,12693.852115219806
332,8.971874209,1743.692644,35203.49549,2136.136991,406.8832364,2543.020227,41845.57198732893,12693.852115219806
333,8.971874209,1743.692644,35203.49549,2136.136991,406.8832364,2543.020227,41845.57198732893,12693.852115219806
334,8.971874209,1743.692644,35203.49549,2136.136991,406.8832364,2543.020227,41845.57198732893,12693.852115219806
335,8.971874209,1743.692644,35203.49549,2136.136991,406.8832364,2543.020227,41845.57198732893,12693.852115219806
336,8.971874209,1743.692644,35203.49549,2136.136991,406.8832364,2543.020227,41845.57198732893,12693.852115219806
337,8.971874209,1743.692644,35203.49549,2136.136991,406.8832364,2543.020227,41845.57198732893,12693.852115219806
338,8.971874209,1743.692644,35203.49549,2136.136991,406.8832364,2543.020227,41845.57198732893,12693.852115219806
339,8.971874209,1743.692644,35203.49549,2136.136991,406.8832364,2543.020227,41845.57198732893,12693.852115219806
340,8.971874209,1743.692644,35203.49549,2136.136991,406.8832364,2543.020227,41845.57198732893,12693.852115219806
341,8.971874209,1743.692644,35203.49549,2136.136991,406.8832364,2543.020227,41845.57198732893,12693.852115219806
342,8.971874209,1743.692644,35203.49549,2136.136991,406.8832364,2543.020227,41845.57198732893,12693.852115219806
343,8.971874209,1743.692644,35203.49549,2136.136991,406.8832364,2543.020227,41845.57198732893,12693.852115219806
344,8.971874209,1743.692644,35203.49549,2136.136991,406.8832364,2543.020227,41845.57198732893,12693.852115219806
345,8.971874209,1743.692644,35203.49549,2136.136991,406.8832364,2543.020227,41845.57198732893,12693.852115219806
346,8.971874209,1743.692644,35203.49549,2136.136991,406.8832364,2543.020227,41845.57198732893,12693.852115219806
347,8.971874209,1743.692644,35203.49549,2136.136991,406.8832364,2543.020227,41845.57198732893,12693.852115219806
348,8.971874209,1743.692644,35203.49549,2136.136991,406.8832364,2543.020227,41845.57198732893,12693.852115219806
349,8.971874209,1743.692644,35203.49549,2136.136991,406.8832364,2543.020227,41845.57198732893,12693.852115219806
350,8.971874209,1743.692644,35203.49549,2136.136991,406.8832364,2543.020227,41845.57198732893,12693.852115219806
351,8.971874209,1743.692644,35203.49549,2136.136991,406.8832364,2543.020227,41845.57198732893,12693.852115219806
352,8.971874209,1743.692644,35203.49549,2136.136991,406.8832364,2543.020227,41845.57198732893,12693.852115219806
353,8.971874209,1743.692644,35203.49549,2136.136991,406.8832364,2543.020227,41845.57198732893,12693.852115219806
354,8.971874209,1743.692644,35203.49549,2136.136991,406.8832364,2543.020227,41845.57198732893,12693.852115219806
355,8.971874209,1743.692644,35203.49549,2136.136991,406.8832364,2543.020227,41845.57198732893,12693.852115219806
356,8.971874209,1743.692644,35203.49549,2136.136991,406.8832364,2543.020227,41845.57198732893,12693.852115219806
357,8.971874209,1743.692644,35203.49549,2136.136991,406.8832364,2543.020227,41845.57198732893,12693.852115219806
358,8.971874209,1743.692644,35203.49549,2136.136991,406.8832364,2543.020227,41845.57198732893,12693.852115219806
359,8.971874209,1743.692644,35203.49549,2136.136991,406.8832364,2543.020227,41845.57198732893,12693.852115219806
360,8.971874209,1743.692644,35203.49549,2136.136991,406.8832364,2543.020227,41845.57198732893,12693.852115219806
361,8.971874209,1743.692644,35203.49549,2136.136991,406.8832364,2543.020227,41845.57198732893,12693.852115219806
362,8.971874209,1743.692644,35203.49549,2136.136991,406.8832364,2543.020227,41845.57198732893,12693.852115219806
363,8.971874209,1743.692644,35203.49549,2136.136991,406.8832364,2543.020227,41845.57198732893,12693.852115219806
364,8.971874209,1743.692644,35203.49549,2136.136991,406.8832364,2543.020227,41845.57198732893,12693.852115219806
365,8.971874209,1743.692644,35203.49549,2136.136991,406.8832364,2543.020227,41845.57198732893,12693.852115219806
366,8.971874209,1743.692644,35203.49549,2136.136991,406.8832364,2543.020227,41845.57198732893,12693.852115219806
367,8.971874209,1743.692644,35203.49549,2136.136991,406.8832364,2543.020227,41845.57198732893,12693.852115219806
368,8.971874209,1743.692644,35203.49549,2136.136991,406.8832364,2543.020227,41845.57198732893,12693.852115219806
369,8.971874209,1743.692644,35203.49549,2136.136991,406.8832364,2543.020227,41845.57198732893,12693.852115219806
370,8.971874209,1743.692644,35203.49549,2136.136991,406.8832364,2543.020227,41845.57198732893,12693.852115219806
371,8.971874209,1743.692644,35203.49549,2136.136991,406.8832364,2543.020227,41845.57198732893,12693.852115219806
372,8.971874209,1743.692644,35203.49549,2136.136991,406.8832364,2543.020227,41845.57198732893,12693.852115219806
373,8.971874209,1743.692644,35203.49549,2136.136991,406.8832364,2543.020227,41845.57198732893,12693.852115219806
374,8.971874209,1743.692644,35203.49549,2136.136991,406.8832364,2543.020227,41845.57198732893,12693.852115219806
375,8.971874209,1743.692644,35203.49549,2136.136991,406.8832364,2543.020227,41845.57198732893,12693.852115219806
376,8.971874209,1743.692644,35203.49549,2136.136991,406.8832364,2543.020227,41845.57198732893,12693.852115219806
377,8.971874209,1743.692644,35203.49549,2136.136991,406.8832364,2543.020227,41845.57198732893,12693.852115219806
378,8.971874209,1743.692644,35203.49549,2136.136991,406.8832364,2543.020227,41845.57198732893,12693.852115219806
379,8.971874209,1743.692644,35203.49549,2136.136991,406.8832364,2543.020227,41845.57198732893,12693.852115219806
380,8.971874209,1743.692644,35203.49549,2136.136991,406.8832364,2543.020227,41845.57198732893,12693.852115219806
381,8.971874209,1743.692644,35203.49549,2136.136991,406.8832364,2543.020227,41845.57198732893,12693.852115219806
382,8.971874209,1743.692644,35203.49549,2136.136991,406.8832364,2543.020227,41845.57198732893,12693.852115219806
383,8.971874209,1743.692644,35203.49549,2136.136991,406.8832364,2543.020227,41845.57198732893,12693.852115219806
384,8.971874209,1743.692644,35203.49549,2136.136991,406.8832364,2543.020227,41845.57198732893,12693.852115219806
385,8.971874209,1743.692644,35203.49549,2136.136991,406.8832364,2543.020227,41845.57198732893,12693.852115219806
386,8.971874209,1743.692644,35203.49549,2136.136991,406.8832364,2543.020227,41845.57198732893,12693.852115219806
387,8.971874209,1743.692644,35203.49549,2136.136991,406.8832364,2543.020227,41845.57198732893,12693.852115219806
388,8.971874209,1743.692644,35203.49549,2136.136991,406.8832364,2543.020227,41845.57198732893,12693.852115219806
389,8.971874209,1743.692644,35203.49549,2136.136991,406.8832364,2543.020227,41845.57198732893,12693.852115219806
390,8.971874209,1743.692644,35203.49549,2136.136991,406.8832364,2543.020227,41845.57198732893,12693.852115219806
391,8.971874209,1743.692644,35203.49549,2136.136991,406.8832364,2543.020227,41845.57198732893,12693.852115219806
392,8.971874209,1743.692644,35203.49549,2136.136991,406.8832364,2543.020227,41845.57198732893,12693.852115219806
393,8.971874209,1743.692644,35203.49549,2136.136991,406.8832364,2543.020227,41845.57198732893,12693.852115219806
394,8.971874209,1743.692644,35203.49549,2136.136991,406.8832364,2543.020227,41845.57198732893,12693.852115219806
395,8.971874209,1743.692644,35203.49549,2136.136991,406.8832364,2543.020227,41845.57198732893,12693.852115219806
396,8.971874209,1743.692644,35203.49549,2136.136991,406.8832364,2543.020227,41845.57198732893,12693.852115219806
397,8.971874209,1743.692644,35203.49549,2136.136991,406.8832364,2543.020227,41845.57198732893,12693.852115219806
398,8.971874209,1743.692644,35203.49549,2136.136991,406.8832364,2543.020227,41845.57198732893,12693.852115219806
399,8.971874209,1743.692644,35203.49549,2136.136991,406.8832364,2543.020227,41845.57198732893,12693.852115219806
400,8.971874209,1743.692644,35203.49549,2136.136991,406.8832364,2543.020227,41845.57198732893,12693.852115219806
401,8.971874209,1743.692644,35203.49549,2136.136991,406.8832364,2543.020227,41845.57198732893,12693.852115219806
402,8.971874209,1743.692644,35203.49549,2136.136991,406.8832364,2543.020227,41845.57198732893,12693.852115219806
403,8.971874209,1743.692644,35203.49549,2136.136991,406.8832364,2543.020227,41845.57198732893,12693.852115219806
404,8.971874209,1743.692644,35203.49549,2136.136991,406.8832364,2543.020227,41845.57198732893,12693.852115219806
405,8.971874209,1743.692644,35203.49549,2136.136991,406.8832364,2543.020227,41845.57198732893,12693.852115219806
406,8.971874209,1743.692644,35203.49549,2136.136991,406.8832364,2543.020227,41845.57198732893,12693.852115219806
407,8.971874209,1743.692644,35203.49549,2136.136991,406.8832364,2543.020227,41845.57198732893,12693.852115219806
408,8.971874209,1743.692644,35203.49549,2136.136991,406.8832364,2543.020227,41845.57198732893,12693.852115219806
409,8.971874209,1743.692644,35203.49549,2136.136991,406.8832364,2543.020227,41845.57198732893,12693.852115219806
410,8.971874209,1743.692644,35203.49549,2136.136991,406.8832364,2543.020227,41845.57198732893,12693.852115219806
411,8.971874209,1743.692644,35203.49549,2136.136991,406.8832364,2543.020227,41845.57198732893,12693.852115219806
412,8.971874209,1743.692644,35203.49549,2136.136991,406.8832364,2543.020227,41845.57198732893,12693.852115219806
413,8.971874209,1743.692644,35203.49549,2136.136991,406.8832364,2543.020227,41845.57198732893,12693.852115219806
414,8.971874209,1743.692644,35203.49549,2136.136991,406.8832364,2543.020227,41845.57198732893,12693.852115219806
415,8.971874209,1743.692644,35203.49549,2136.136991,406.8832364,2543.020227,41845.57198732893,12693.852115219806
416,8.971874209,1743.692644,35203.49549,2136.136991,406.8832364,2543.020227,41845.57198732893,12693.852115219806
417,8.971874209,1743.692644,35203.49549,2136.136991,406.8832364,2543.020227,41845.57198732893,12693.852115219806
418,8.971874209,1743.692644,35203.49549,2136.136991,406.8832364,2543.020227,41845.57198732893,12693.852115219806
419,8.971874209,1743.692644,35203.49549,2136.136991,406.8832364,2543.020227,41845.57198732893,12693.852115219806
420,8.971874209,1743.692644,35203.49549,2136.136991,406.8832364,2543.020227,41845.57198732893,12693.852115219806
421,8.971874209,1743.692644,35203.49549,2136.136991,406.8832364,2543.020227,41845.57198732893,12693.852115219806
422,8.971874209,1743.692644,35203.49549,2136.136991,406.8832364,2543.020227,41845.57198732893,12693.852115219806
423,8.971874209,1743.692644,35203.49549,2136.136991,406.8832364,2543.020227,41845.57198732893,12693.852115219806
424,8.971874209,1743.692644,35203.49549,2136.136991,406.8832364,2543.020227,41845.57198732893,12693.852115219806
425,8.971874209,1743.692644,35203.49549,2136.136991,406.8832364,2543.020227,41845.57198732893,12693.852115219806
426,8.971874209,1743.692644,35203.49549,2136.136991,406.8832364,2543.020227,41845.57198732893,12693.852115219806
427,8.971874209,1743.692644,35203.49549,2136.136991,406.8832364,2543.020227,41845.57198732893,12693.852115219806
428,8.971874209,1743.692644,35203.49549,2136.136991,406.8832364,2543.020227,41845.57198732893,12693.852115219806
429,8.971874209,1743.692644,35203.49549,2136.136991,406.8832364,2543.020227,41845.57198732893,12693.852115219806
430,8.971874209,1743.692644,35203.49549,2136.136991,406.8832364,2543.020227,41845.57198732893,12693.852115219806
431,8.971874209,1743.692644,35203.49549,2136.136991,406.8832364,2543.020227,41845.57198732893,12693.852115219806
432,8.971874209,1743.692644,35203.49549,2136.136991,406.8832364,2543.020227,41845.57198732893,12693.852115219806
433,8.971874209,1743.692644,35203.49549,2136.136991,406.8832364,2543.020227,41845.57198732893,12693.852115219806
434,8.971874209,1743.692644,35203.49549,2136.136991,406.8832364,2543.020227,41845.57198732893,12693.852115219806
435,8.971874209,1743.692644,35203.49549,2136.136991,406.8832364,2543.020227,41845.57198732893,12693.852115219806
436,8.971874209,1743.692644,35203.49549,2136.136991,406.8832364,2543.020227,41845.57198732893,12693.852115219806
437,8.971874209,1743.692644,35203.49549,2136.136991,406.8832364,2543.020227,41845.57198732893,12693.852115219806
438,8.971874209,1743.692644,35203.49549,2136.136991,406.8832364,2543.020227,41845.57198732893,12693.852115219806
439,8.971874209,1743.692644,35203.49549,2136.136991,406.8832364,2543.020227,41845.57198732893,12693.852115219806
440,8.971874209,1743.692644,35203.49549,2136.136991,406.8832364,2543.020227,41845.57198732893,12693.852115219806
441,8.971874209,1743.692644,35203.49549,2136.136991,406.8832364,2543.020227,41845.57198732893,12693.852115219806
442,8.971874209,1743.692644,35203.49549,2136.136991,406.8832364,2543.020227,41845.57198732893,12693.852115219806
443,8.971874209,1743.692644,35203.49549,2136.136991,406.8832364,2543.020227,41845.57198732893,12693.852115219806
444,8.971874209,1743.692644,35203.49549,2136.136991,406.8832364,2543.020227,41845.57198732893,12693.852115219806
445,8.971874209,1743.692644,35203.49549,2136.136991,406.8832364,2543.020227,41845.57198732893,12693.852115219806
446,8.971874209,1743.692644,35203.49549,2136.136991,406.8832364,2543.020227,41845.57198732893,12693.852115219806
447,8.971874209,1743.692644,35203.49549,2136.136991,406.8832364,2543.020227,41845.57198732893,12693.852115219806
448,8.971874209,1743.692644,35203.49549,2136.136991,406.8832364,2543.020227,41845.57198732893,12693.852115219806
449,8.971874209,1743.692644,35203.49549,2136.136991,406.8832364,2543.020227,41845.57198732893,12693.852115219806
450,8.971874209,1743.692644,35203.49549,2136.136991,406.8832364,2543.020227,41845.57198732893,12693.852115219806
451,8.971874209,1743.692644,35203.49549,2136.136991,406.8832364,2543.020227,41845.57198732893,12693.852115219806
452,8.971874209,1743.692644,35203.49549,2136.136991,406.8832364,2543.020227,41845.57198732893,12693.852115219806
453,8.971874209,1743.692644,35203.49549,2136.136991,406.8832364,2543.020227,41845.57198732893,12693.852115219806
454,8.971874209,1743.692644,35203.49549,2136.136991,406.8832364,2543.020227,41845.57198732893,12693.852115219806
455,8.971874209,1743.692644,35203.49549,2136.136991,406.8832364,2543.020227,41845.57198732893,12693.852115219806
456,8.971874209,1743.692644,35203.49549,2136.136991,406.8832364,2543.020227,41845.57198732893,12693.852115219806
457,8.971874209,1743.692644,35203.49549,2136.136991,406.8832364,2543.020227,41845.57198732893,12693.852115219806
458,8.971874209,1743.692644,35203.49549,2136.136991,406.8832364,2543.020227,41845.57198732893,12693.852115219806
459,8.971874209,1743.692644,35203.49549,2136.136991,406.8832364,2543.020227,41845.57198732893,12693.852115219806
460,8.971874209,1743.692644,35203.49549,2136.136991,406.8832364,2543.020227,41845.57198732893,12693.852115219806
461,8.971874209,1743.692644,35203.49549,2136.136991,406.8832364,2543.020227,41845.57198732893,12693.852115219806
462,8.971874209,1743.692644,35203.49549,2136.136991,406.8832364,2543.020227,41845.57198732893,12693.852115219806
463,8.971874209,1743.692644,35203.49549,2136.136991,406.8832364,2543.020227,41845.57198732893,12693.852115219806
464,8.971874209,1743.692644,35203.49549,2136.136991,406.8832364,2543.020227,41845.57198732893,12693.852115219806
465,8.971874209,1743.692644,35203.49549,2136.136991,406.8832364,2543.020227,41845.57198732893,12693.852115219806
466,8.971874209,1743.692644,35203.49549,2136.136991,406.8832364,2543.020227,41845.57198732893,12693.852115219806
467,8.971874209,1743.692644,35203.49549,2136.136991,406.8832364,2543.020227,41845.57198732893,12693.852115219806
468,8.971874209,1743.692644,35203.49549,2136.136991,406.8832364,2543.020227,41845.57198732893,12693.852115219806
469,8.971874209,1743.692644,35203.49549,2136.136991,406.8832364,2543.020227,41845.57198732893,12693.852115219806
470,8.971874209,1743.692644,35203.49549,2136.136991,406.8832364,2543.020227,41845.57198732893,12693.852115219806
471,8.971874209,1743.692644,35203.49549,2136.136991,406.8832364,2543.020227,41845.57198732893,12693.852115219806
472,8.971874209,1743.692644,35203.49549,2136.136991,406.8832364,2543.020227,41845.57198732893,12693.852115219806
473,8.971874209,1743.692644,35203.49549,2136.136991,406.8832364,2543.020227,41845.57198732893,12693.852115219806
474,8.971874209,1743.692644,35203.49549,2136.136991,406.8832364,2543.020227,41845.57198732893,12693.852115219806
475,8.971874209,1743.692644,35203.49549,2136.136991,406.8832364,2543.020227,41845.57198732893,12693.852115219806
476,8.971874209,1743.692644,35203.49549,2136.136991,406.8832364,2543.020227,41845.57198732893,12693.852115219806
477,8.971874209,1743.692644,35203.49549,2136.136991,406.8832364,2543.020227,41845.57198732893,12693.852115219806
478,8.971874209,1743.692644,35203.49549,2136.136991,406.8832364,2543.020227,41845.57198732893,12693.852115219806
479,8.971874209,1743.692644,35203.49549,2136.136991,406.8832364,2543.020227,41845.57198732893,12693.852115219806
480,8.971874209,1743.692644,35203.49549,2136.136991,406.8832364,2543.020227,41845.57198732893,12693.852115219806
481,8.971874209,1743.692644,35203.49549,2136.136991,406.8832364,2543.020227,41845.57198732893,12693.852115219806
482,8.971874209,1743.692644,35203.49549,2136.136991,406.8832364,2543.020227,41845.57198732893,12693.852115219806
483,8.971874209,1743.692644,35203.49549,2136.136991,406.8832364,2543.020227,41845.57198732893,12693.852115219806
484,8.971874209,1743.692644,35203.49549,2136.136991,406.8832364,2543.020227,41845.57198732893,12693.852115219806
485,8.971874209,1743.692644,35203.49549,2136.136991,406.8832364,2543.020227,41845.57198732893,12693.852115219806
486,8.971874209,1743.692644,35203.49549,2136.136991,406.8832364,2543.020227,41845.57198732893,12693.852115219806
487,8.971874209,1743.692644,35203.49549,2136.136991,406.8832364,2543.020227,41845.57198732893,12693.852115219806
488,8.971874209,1743.692644,35203.49549,2136.136991,406.8832364,2543.020227,41845.57198732893,12693.852115219806
489,8.971874209,1743.692644,35203.49549,2136.136991,406.8832364,2543.020227,41845.57198732893,12693.852115219806
490,8.971874209,1743.692644,35203.49549,2136.136991,406.8832364,2543.020227,41845.57198732893,12693.852115219806
491,8.971874209,1743.692644,35203.49549,2136.136991,406.8832364,2543.020227,41845.57198732893,12693.852115219806
492,8.971874209,1743.692644,35203.49549,2136.136991,406.8832364,2543.020227,41845.57198732893,12693.852115219806
493,8.971874209,1743.692644,35203.49549,2136.136991,406.8832364,2543.020227,41845.57198732893,12693.852115219806
494,8.971874209,1743.692644,35203.49549,2136.136991,406.8832364,2543.020227,41845.57198732893,12693.852115219806
495,8.971874209,1743.692644,35203.49549,2136.136991,406.8832364,2543.020227,41845.57198732893,12693.852115219806
496,8.971874209,1743.692644,35203.49549,2136.136991,406.8832364,2543.020227,41845.57198732893,12693.852115219806
497,8.971874209,1743.692644,35203.49549,2136.136991,406.8832364,2543.020227,41845.57198732893,12693.852115219806
498,8.971874209,1743.692644,35203.49549,2136.136991,406.8832364,2543.020227,41845.57198732893,12693.852115219806
499,8.971874209,1743.692644,35203.49549,2136.136991,406.8832364,2543.020227,41845.57198732893,12693.852115219806
500,8.971874209,1743.692644,35203.49549,2136.136991,406.8832364,2543.020227,41845.57198732893,12693.852115219806
501,8.971874209,1743.692644,35203.49549,2136.136991,406.8832364,2543.020227,41845.57198732893,12693.852115219806
502,8.971874209,1743.692644,35203.49549,2136.136991,406.8832364,2543.020227,41845.57198732893,12693.852115219806
503,8.971874209,1743.692644,35203.49549,2136.136991,406.8832364,2543.020227,41845.57198732893,12693.852115219806
504,8.971874209,1743.692644,35203.49549,2136.136991,406.8832364,2543.020227,41845.57198732893,12693.852115219806
505,8.971874209,1743.692644,35203.49549,2136.136991,406.8832364,2543.020227,41845.57198732893,12693.852115219806
506,8.971874209,1743.692644,35203.49549,2136.136991,406.8832364,2543.020227,41845.57198732893,12693.852115219806
507,8.971874209,1743.692644,35203.49549,2136.136991,406.8832364,2543.020227,41845.57198732893,12693.852115219806
508,8.971874209,1743.692644,35203.49549,2136.136991,406.8832364,2543.020227,41845.57198732893,12693.852115219806
509,8.971874209,1743.692644,35203.49549,2136.136991,406.8832364,2543.020227,41845.57198732893,12693.852115219806
510,8.971874209,1743.692644,35203.49549,2136.136991,406.8832364,2543.020227,41845.57198732893,12693.852115219806
511,8.971874209,1743.692644,35203.49549,2136.136991,406.8832364,2543.020227,41845.57198732893,12693.852115219806
512,8.971874209,1743.692644,35203.49549,2136.136991,406.8832364,2543.020227,41845.57198732893,12693.852115219806
513,8.971874209,1743.692644,35203.49549,2136.136991,406.8832364,2543.020227,41845.57198732893,12693.852115219806
514,8.971874209,1743.692644,35203.49549,2136.136991,406.8832364,2543.020227,41845.57198732893,12693.852115219806
515,8.971874209,1743.692644,35203.49549,2136.136991,406.8832364,2543.020227,41845.57198732893,12693.852115219806
516,8.971874209,1743.692644,35203.49549,2136.136991,406.8832364,2543.020227,41845.57198732893,12693.852115219806
517,8.971874209,1743.692644,35203.49549,2136.136991,406.8832364,2543.020227,41845.57198732893,12693.852115219806
518,8.971874209,1743.692644,35203.49549,2136.136991,406.8832364,2543.020227,41845.57198732893,12693.852115219806
519,8.971874209,1743.692644,35203.49549,2136.136991,406.8832364,2543.020227,41845.57198732893,12693.852115219806
520,8.971874209,1743.692644,35203.49549,2136.136991,406.8832364,2543.020227,41845.57198732893,12693.852115219806
521,8.971874209,1743.692644,35203.49549,2136.136991,406.8832364,2543.020227,41845.57198732893,12693.852115219806
522,8.971874209,1743.692644,35203.49549,2136.136991,406.8832364,2543.020227,41845.57198732893,12693.852115219806
523,8.971874209,1743.692644,35203.49549,2136.136991,406.8832364,2543.020227,41845.57198732893,12693.852115219806
524,8.971874209,1743.692644,35203.49549,2136.136991,406.8832364,2543.020227,41845.57198732893,12693.852115219806
525,8.971874209,1743.692644,35203.49549,2136.136991,406.8832364,2543.020227,41845.57198732893,12693.852115219806
526,8.971874209,1743.692644,35203.49549,2136.136991,406.8832364,2543.020227,41845.57198732893,12693.852115219806
527,8.971874209,1743.692644,35203.49549,2136.136991,406.8832364,2543.020227,41845.57198732893,12693.852115219806
528,8.971874209,1743.692644,35203.49549,2136.136991,406.8832364,2543.020227,41845.57198732893,12693.852115219806
529,8.971874209,1743.692644,35203.49549,2136.136991,406.8832364,2543.020227,41845.57198732893,12693.852115219806
530,8.971874209,1743.692644,35203.49549,2136.136991,406.8832364,2543.020227,41845.57198732893,12693.852115219806
531,8.971874209,1743.692644,35203.49549,2136.136991,406.8832364,2543.020227,41845.57198732893,12693.852115219806
532,8.971874209,1743.692644,35203.49549,2136.136991,406.8832364,2543.020227,41845.57198732893,12693.852115219806
533,8.971874209,1743.692644,35203.49549,2136.136991,406.8832364,2543.020227,41845.57198732893,12693.852115219806
534,8.971874209,1743.692644,35203.49549,2136.136991,406.8832364,2543.020227,41845.57198732893,12693.852115219806
535,8.971874209,1743.692644,35203.49549,2136.136991,406.8832364,2543.020227,41845.57198732893,12693.852115219806
536,8.971874209,1743.692644,35203.49549,2136.136991,406.8832364,2543.020227,41845.57198732893,12693.852115219806
537,8.971874209,1743.692644,35203.49549,2136.136991,406.8832364,2543.020227,41845.57198732893,12693.852115219806
538,8.971874209,1743.692644,35203.49549,2136.136991,406.8832364,2543.020227,41845.57198732893,12693.852115219806
539,8.971874209,1743.692644,35203.49549,2136.136991,406.8832364,2543.020227,41845.57198732893,12693.852115219806
540,8.971874209,1743.692644,35203.49549,2136.136991,406.8832364,2543.020227,41845.57198732893,12693.852115219806
541,8.971874209,1743.692644,35203.49549,2136.136991,406.8832364,2543.020227,41845.57198732893,12693.852115219806
542,8.971874209,1743.692644,35203.49549,2136.136991,406.8832364,2543.020227,41845.57198732893,12693.852115219806
543,8.971874209,1743.692644,35203.49549,2136.136991,406.8832364,2543.020227,41845.57198732893,12693.852115219806
544,8.971874209,1743.692644,35203.49549,2136.136991,406.8832364,2543.020227,41845.57198732893,12693.852115219806
545,8.971874209,1743.692644,35203.49549,2136.136991,406.8832364,2543.020227,41845.57198732893,12693.852115219806
546,8.971874209,1743.692644,35203.49549,2136.136991,406.8832364,2543.020227,41845.57198732893,12693.852115219806
547,8.971874209,1743.692644,35203.49549,2136.136991,406.8832364,2543.020227,41845.57198732893,12693.852115219806
548,8.971874209,1743.692644,35203.49549,2136.136991,406.8832364,2543.020227,41845.57198732893,12693.852115219806
549,8.971874209,1743.692644,35203.49549,2136.136991,406.8832364,2543.020227,41845.57198732893,12693.852115219806
550,8.971874209,1743.692644,35203.49549,2136.136991,406.8832364,2543.020227,41845.57198732893,12693.852115219806
551,8.971874209,1743.692644,35203.49549,2136.136991,406.8832364,2543.020227,41845.57198732893,12693.852115219806
552,8.971874209,1743.692644,35203.49549,2136.136991,406.8832364,2543.020227,41845.57198732893,12693.852115219806
553,8.971874209,1743.692644,35203.49549,2136.136991,406.8832364,2543.020227,41845.57198732893,12693.852115219806
554,8.971874209,1743.692644,35203.49549,2136.136991,406.8832364,2543.020227,41845.57198732893,12693.852115219806
555,8.971874209,1743.692644,35203.49549,2136.136991,406.8832364,2543.020227,41845.57198732893,12693.852115219806
556,8.971874209,1743.692644,35203.49549,2136.136991,406.8832364,2543.020227,41845.57198732893,12693.852115219806
557,8.971874209,1743.692644,35203.49549,2136.136991,406.8832364,2543.020227,41845.57198732893,12693.852115219806
558,8.971874209,1743.692644,35203.49549,2136.136991,406.8832364,2543.020227,41845.57198732893,12693.852115219806
559,8.971874209,1743.692644,35203.49549,2136.136991,406.8832364,2543.020227,41845.57198732893,12693.852115219806
560,8.971874209,1743.692644,35203.49549,2136.136991,406.8832364,2543.020227,41845.57198732893,12693.852115219806
561,8.971874209,1743.692644,35203.49549,2136.136991,406.8832364,2543.020227,41845.57198732893,12693.852115219806
562,8.971874209,1743.692644,35203.49549,2136.136991,406.8832364,2543.020227,41845.57198732893,12693.852115219806
563,8.971874209,1743.692644,35203.49549,2136.136991,406.8832364,2543.020227,41845.57198732893,12693.852115219806
564,8.971874209,1743.692644,35203.49549,2136.136991,406.8832364,2543.020227,41845.57198732893,12693.852115219806
565,8.971874209,1743.692644,35203.49549,2136.136991,406.8832364,2543.020227,41845.57198732893,12693.852115219806
566,8.971874209,1743.692644,35203.49549,2136.136991,406.8832364,2543.020227,41845.57198732893,12693.852115219806
567,8.971874209,1743.692644,35203.49549,2136.136991,406.8832364,2543.020227,41845.57198732893,12693.852115219806
568,8.971874209,1743.692644,35203.49549,2136.136991,406.8832364,2543.020227,41845.57198732893,12693.852115219806
569,8.971874209,1743.692644,35203.49549,2136.136991,406.8832364,2543.020227,41845.57198732893,12693.852115219806
570,8.971874209,1743.692644,35203.49549,2136.136991,406.8832364,2543.020227,41845.57198732893,12693.852115219806
571,8.971874209,1743.692644,35203.49549,2136.136991,406.8832364,2543.020227,41845.57198732893,12693.852115219806
572,8.971874209,1743.692644,35203.49549,2136.136991,406.8832364,2543.020227,41845.57198732893,12693.852115219806
573,8.971874209,1743.692644,35203.49549,2136.136991,406.8832364,2543.020227,41845.57198732893,12693.852115219806
574,8.971874209,1743.692644,35203.49549,2136.136991,406.8832364,2543.020227,41845.57198732893,12693.852115219806
575,8.971874209,1743.692644,35203.49549,2136.136991,406.8832364,2543.020227,41845.57198732893,12693.852115219806
576,8.971874209,1743.692644,35203.49549,2136.136991,406.8832364,2543.020227,41845.57198732893,12693.852115219806
577,8.971874209,1743.692644,35203.49549,2136.136991,406.8832364,2543.020227,41845.57198732893,12693.852115219806
578,8.971874209,1743.692644,35203.49549,2136.136991,406.8832364,2543.020227,41845.57198732893,12693.852115219806
579,8.971874209,1743.692644,35203.49549,2136.136991,406.8832364,2543.020227,41845.57198732893,12693.852115219806
580,8.971874209,1743.692644,35203.49549,2136.136991,406.8832364,2543.020227,41845.57198732893,12693.852115219806
581,8.971874209,1743.692644,35203.49549,2136.136991,406.8832364,2543.020227,41845.57198732893,12693.852115219806
582,8.971874209,1743.692644,35203.49549,2136.136991,406.8832364,2543.020227,41845.57198732893,12693.852115219806
583,8.971874209,1743.692644,35203.49549,2136.136991,406.8832364,2543.020227,41845.57198732893,12693.852115219806
584,8.971874209,1743.692644,35203.49549,2136.136991,406.8832364,2543.020227,41845.57198732893,12693.852115219806
585,8.971874209,1743.692644,35203.49549,2136.136991,406.8832364,2543.020227,41845.57198732893,12693.852115219806
586,8.971874209,1743.692644,35203.49549,2136.136991,406.8832364,2543.020227,41845.57198732893,12693.852115219806
587,8.971874209,1743.692644,35203.49549,2136.136991,406.8832364,2543.020227,41845.57198732893,12693.852115219806
588,8.971874209,1743.692644,35203.49549,2136.136991,406.8832364,2543.020227,41845.57198732893,12693.852115219806
589,8.971874209,1743.692644,35203.49549,2136.136991,406.8832364,2543.020227,41845.57198732893,12693.852115219806
590,8.971874209,1743.692644,35203.49549,2136.136991,406.8832364,2543.020227,41845.57198732893,12693.852115219806
591,8.971874209,1743.692644,35203.49549,2136.136991,406.8832364,2543.020227,41845.57198732893,12693.852115219806
592,8.971874209,1743.692644,35203.49549,2136.136991,406.8832364,2543.020227,41845.57198732893,12693.852115219806
593,8.971874209,1743.692644,35203.49549,2136.136991,406.8832364,2543.020227,41845.57198732893,12693.852115219806
594,8.971874209,1743.692644,35203.49549,2136.136991,406.8832364,2543.020227,41845.57198732893,12693.852115219806
595,8.971874209,1743.692644,35203.49549,2136.136991,406.8832364,2543.020227,41845.57198732893,12693.852115219806
596,8.971874209,1743.692644,35203.49549,2136.136991,406.8832364,2543.020227,41845.57198732893,12693.852115219806
597,8.971874209,1743.692644,35203.49549,2136.136991,406.8832364,2543.020227,41845.57198732893,12693.852115219806
598,8.971874209,1743.692644,35203.49549,2136.136991,406.8832364,2543.020227,41845.57198732893,12693.852115219806
599,8.971874209,1743.692644,35203.49549,2136.136991,406.8832364,2543.020227,41845.57198732893,12693.852115219806
600,8.971874209,1743.692644,35203.49549,2136.136991,406.8832364,2543.020227,41845.57198732893,12693.852115219806
601,8.971874209,1743.692644,35203.49549,2136.136991,406.8832364,2543.020227,41845.57198732893,12693.852115219806
602,8.971874209,1743.692644,35203.49549,2136.136991,406.8832364,2543.020227,41845.57198732893,12693.852115219806
603,8.971874209,1743.692644,35203.49549,2136.136991,406.8832364,2543.020227,41845.57198732893,12693.852115219806
604,8.971874209,1743.692644,35203.49549,2136.136991,406.8832364,2543.020227,41845.57198732893,12693.852115219806
605,8.971874209,1743.692644,35203.49549,2136.136991,406.8832364,2543.020227,41845.57198732893,12693.852115219806
606,8.971874209,1743.692644,35203.49549,2136.136991,406.8832364,2543.020227,41845.57198732893,12693.852115219806
607,8.971874209,1743.692644,35203.49549,2136.136991,406.8832364,2543.020227,41845.57198732893,12693.852115219806
608,8.971874209,1743.692644,35203.49549,2136.136991,406.8832364,2543.020227,41845.57198732893,12693.852115219806
609,8.971874209,1743.692644,35203.49549,2136.136991,406.8832364,2543.020227,41845.57198732893,12693.852115219806
610,8.971874209,1743.692644,35203.49549,2136.136991,406.8832364,2543.020227,41845.57198732893,12693.852115219806
611,8.971874209,1743.692644,35203.49549,2136.136991,406.8832364,2543.020227,41845.57198732893,12693.852115219806
612,8.971874209,1743.692644,35203.49549,2136.136991,406.8832364,2543.020227,41845.57198732893,12693.852115219806
613,8.971874209,1743.692644,35203.49549,2136.136991,406.8832364,2543.020227,41845.57198732893,12693.852115219806
614,8.971874209,1743.692644,35203.49549,2136.136991,406.8832364,2543.020227,41845.57198732893,12693.852115219806
615,8.971874209,1743.692644,35203.49549,2136.136991,406.8832364,2543.020227,41845.57198732893,12693.852115219806
616,8.971874209,1743.692644,35203.49549,2136.136991,406.8832364,2543.020227,41845.57198732893,12693.852115219806
617,8.971874209,1743.692644,35203.49549,2136.136991,406.8832364,2543.020227,41845.57198732893,12693.852115219806
618,8.971874209,1743.692644,35203.49549,2136.136991,406.8832364,2543.020227,41845.57198732893,12693.852115219806
619,8.971874209,1743.692644,35203.49549,2136.136991,406.8832364,2543.020227,41845.57198732893,12693.852115219806
620,8.971874209,1743.692644,35203.49549,2136.136991,406.8832364,2543.020227,41845.57198732893,12693.852115219806
621,8.971874209,1743.692644,35203.49549,2136.136991,406.8832364,2543.020227,41845.57198732893,12693.852115219806
622,8.971874209,1743.692644,35203.49549,2136.136991,406.8832364,2543.020227,41845.57198732893,12693.852115219806
623,8.971874209,1743.692644,35203.49549,2136.136991,406.8832364,2543.020227,41845.57198732893,12693.852115219806
624,8.971874209,1743.692644,35203.49549,2136.136991,406.8832364,2543.020227,41845.57198732893,12693.852115219806
625,8.971874209,1743.692644,35203.49549,2136.136991,406.8832364,2543.020227,41845.57198732893,12693.852115219806
626,8.971874209,1743.692644,35203.49549,2136.136991,406.8832364,2543.020227,41845.57198732893,12693.852115219806
627,8.971874209,1743.692644,35203.49549,2136.136991,406.8832364,2543.020227,41845.57198732893,12693.852115219806
628,8.971874209,1743.692644,35203.49549,2136.136991,406.8832364,2543.020227,41845.57198732893,12693.852115219806
629,8.971874209,1743.692644,35203.49549,2136.136991,406.8832364,2543.020227,41845.57198732893,12693.852115219806
630,8.971874209,1743.692644,35203.49549,2136.136991,406.8832364,2543.020227,41845.57198732893,12693.852115219806
631,8.971874209,1743.692644,35203.49549,2136.136991,406.8832364,2543.020227,41845.57198732893,12693.852115219806
632,8.971874209,1743.692644,35203.49549,2136.136991,406.8832364,2543.020227,41845.57198732893,12693.852115219806
633,8.971874209,1743.692644,35203.49549,2136.136991,406.8832364,2543.020227,41845.57198732893,12693.852115219806
634,8.971874209,1743.692644,35203.49549,2136.136991,406.8832364,2543.020227,41845.57198732893,12693.852115219806
635,8.971874209,1743.692644,35203.49549,2136.136991,406.8832364,2543.020227,41845.57198732893,12693.852115219806
636,8.971874209,1743.692644,35203.49549,2136.136991,406.8832364,2543.020227,41845.57198732893,12693.852115219806
637,8.971874209,1743.692644,35203.49549,2136.136991,406.8832364,2543.020227,41845.57198732893,12693.852115219806
638,8.971874209,1743.692644,35203.49549,2136.136991,406.8832364,2543.020227,41845.57198732893,12693.852115219806
639,8.971874209,1743.692644,35203.49549,2136.136991,406.8832364,2543.020227,41845.57198732893,12693.852115219806
640,8.971874209,1743.692644,35203.49549,2136.136991,406.8832364,2543.020227,41845.57198732893,12693.852115219806
641,8.971874209,1743.692644,35203.49549,2136.136991,406.8832364,2543.020227,41845.57198732893,12693.852115219806
642,8.971874209,1743.692644,35203.49549,2136.136991,406.8832364,2543.020227,41845.57198732893,12693.852115219806
643,8.971874209,1743.692644,35203.49549,2136.136991,406.8832364,2543.020227,41845.57198732893,12693.852115219806
644,8.971874209,1743.692644,35203.49549,2136.136991,406.8832364,2543.020227,41845.57198732893,12693.852115219806
645,8.971874209,1743.692644,35203.49549,2136.136991,406.8832364,2543.020227,41845.57198732893,12693.852115219806
646,8.971874209,1743.692644,35203.49549,2136.136991,406.8832364,2543.020227,41845.57198732893,12693.852115219806
647,8.971874209,1743.692644,35203.49549,2136.136991,406.8832364,2543.020227,41845.57198732893,12693.852115219806
648,8.971874209,1743.692644,35203.49549,2136.136991,406.8832364,2543.020227,41845.57198732893,12693.852115219806
649,8.971874209,1743.692644,35203.49549,2136.136991,406.8832364,2543.020227,41845.57198732893,12693.852115219806
650,8.971874209,1743.692644,35203.49549,2136.136991,406.8832364,2543.020227,41845.57198732893,12693.852115219806
651,8.971874209,1743.692644,35203.49549,2136.136991,406.8832364,2543.020227,41845.57198732893,12693.852115219806
652,8.971874209,1743.692644,35203.49549,2136.136991,406.8832364,2543.020227,41845.57198732893,12693.852115219806
653,8.971874209,1743.692644,35203.49549,2136.136991,406.8832364,2543.020227,41845.57198732893,12693.852115219806
654,8.971874209,1743.692644,35203.49549,2136.136991,406.8832364,2543.020227,41845.57198732893,12693.852115219806
655,8.971874209,1743.692644,35203.49549,2136.136991,406.8832364,2543.020227,41845.57198732893,12693.852115219806
656,8.971874209,1743.692644,35203.49549,2136.136991,406.8832364,2543.020227,41845.57198732893,12693.852115219806
657,8.971874209,1743.692644,35203.49549,2136.136991,406.8832364,2543.020227,41845.57198732893,12693.852115219806
658,8.971874209,1743.692644,35203.49549,2136.136991,406.8832364,2543.020227,41845.57198732893,12693.852115219806
659,8.971874209,1743.692644,35203.49549,2136.136991,406.8832364,2543.020227,41845.57198732893,12693.852115219806
660,8.971874209,1743.692644,35203.49549,2136.136991,406.8832364,2543.020227,41845.57198732893,12693.852115219806
661,8.971874209,1743.692644,35203.49549,2136.136991,406.8832364,2543.020227,41845.57198732893,12693.852115219806
662,8.971874209,1743.692644,35203.49549,2136.136991,406.8832364,2543.020227,41845.57198732893,12693.852115219806
663,8.971874209,1743.692644,35203.49549,2136.136991,406.8832364,2543.020227,41845.57198732893,12693.852115219806
664,8.971874209,1743.692644,35203.49549,2136.136991,406.8832364,2543.020227,41845.57198732893,12693.852115219806
665,8.971874209,1743.692644,35203.49549,2136.136991,406.8832364,2543.020227,41845.57198732893,12693.852115219806
666,8.971874209,1743.692644,35203.49549,2136.136991,406.8832364,2543.020227,41845.57198732893,12693.852115219806
667,8.971874209,1743.692644,35203.49549,2136.136991,406.8832364,2543.020227,41845.57198732893,12693.852115219806
668,8.971874209,1743.692644,35203.49549,2136.136991,406.8832364,2543.020227,41845.57198732893,12693.852115219806
669,8.971874209,1743.692644,35203.49549,2136.136991,406.8832364,2543.020227,41845.57198732893,12693.852115219806
670,8.971874209,1743.692644,35203.49549,2136.136991,406.8832364,2543.020227,41845.57198732893,12693.852115219806
671,8.971874209,1743.692644,35203.49549,2136.136991,406.8832364,2543.020227,41845.57198732893,12693.852115219806
672,8.971874209,1743.692644,35203.49549,2136.136991,406.8832364,2543.020227,41845.57198732893,12693.852115219806
673,8.971874209,1743.692644,35203.49549,2136.136991,406.8832364,2543.020227,41845.57198732893,12693.852115219806
674,8.971874209,1743.692644,35203.49549,2136.136991,406.8832364,2543.020227,41845.57198732893,12693.852115219806
675,8.971874209,1743.692644,35203.49549,2136.136991,406.8832364,2543.020227,41845.57198732893,12693.852115219806
676,8.971874209,1743.692644,35203.49549,2136.136991,406.8832364,2543.020227,41845.57198732893,12693.852115219806
677,8.971874209,1743.692644,35203.49549,2136.136991,406.8832364,2543.020227,41845.57198732893,12693.852115219806
678,8.971874209,1743.692644,35203.49549,2136.136991,406.8832364,2543.020227,41845.57198732893,12693.852115219806
679,8.971874209,1743.692644,35203.49549,2136.136991,406.8832364,2543.020227,41845.57198732893,12693.852115219806
680,8.971874209,1743.692644,35203.49549,2136.136991,406.8832364,2543.020227,41845.57198732893,12693.852115219806
681,8.971874209,1743.692644,35203.49549,2136.136991,406.8832364,2543.020227,41845.57198732893,12693.852115219806
682,8.971874209,1743.692644,35203.49549,2136.136991,406.8832364,2543.020227,41845.57198732893,12693.852115219806
683,8.971874209,1743.692644,35203.49549,2136.136991,406.8832364,2543.020227,41845.57198732893,12693.852115219806
684,8.971874209,1743.692644,35203.49549,2136.136991,406.8832364,2543.020227,41845.57198732893,12693.852115219806
685,8.971874209,1743.692644,35203.49549,2136.136991,406.8832364,2543.020227,41845.57198732893,12693.852115219806
686,8.971874209,1743.692644,35203.49549,2136.136991,406.8832364,2543.020227,41845.57198732893,12693.852115219806
687,8.971874209,1743.692644,35203.49549,2136.136991,406.8832364,2543.020227,41845.57198732893,12693.852115219806
688,8.971874209,1743.692644,35203.49549,2136.136991,406.8832364,2543.020227,41845.57198732893,12693.852115219806
689,8.971874209,1743.692644,35203.49549,2136.136991,406.8832364,2543.020227,41845.57198732893,12693.852115219806
690,8.971874209,1743.692644,35203.49549,2136.136991,406.8832364,2543.020227,41845.57198732893,12693.852115219806
691,8.971874209,1743.692644,35203.49549,2136.136991,406.8832364,2543.020227,41845.57198732893,12693.852115219806
692,8.971874209,1743.692644,35203.49549,2136.136991,406.8832364,2543.020227,41845.57198732893,12693.852115219806
693,8.971874209,1743.692644,35203.49549,2136.136991,406.8832364,2543.020227,41845.57198732893,12693.852115219806
694,8.971874209,1743.692644,35203.49549,2136.136991,406.8832364,2543.020227,41845.57198732893,12693.852115219806
695,8.971874209,1743.692644,35203.49549,2136.136991,406.8832364,2543.020227,41845.57198732893,12693.852115219806
696,8.971874209,1743.692644,35203.49549,2136.136991,406.8832364,2543.020227,41845.57198732893,12693.852115219806
697,8.971874209,1743.692644,35203.49549,2136.136991,406.8832364,2543.020227,41845.57198732893,12693.852115219806
698,8.971874209,1743.692644,35203.49549,2136.136991,406.8832364,2543.020227,41845.57198732893,12693.852115219806
699,8.971874209,1743.692644,35203.49549,2136.136991,406.8832364,2543.020227,41845.57198732893,12693.852115219806
700,8.971874209,1743.692644,35203.49549,2136.136991,406.8832364,2543.020227,41845.57198732893,12693.852115219806
701,8.971874209,1743.692644,35203.49549,2136.136991,406.8832364,2543.020227,41845.57198732893,12693.852115219806
702,8.971874209,1743.692644,35203.49549,2136.136991,406.8832364,2543.020227,41845.57198732893,12693.852115219806
703,8.971874209,1743.692644,35203.49549,2136.136991,406.8832364,2543.020227,41845.57198732893,12693.852115219806
704,8.971874209,1743.692644,35203.49549,2136.136991,406.8832364,2543.020227,41845.57198732893,12693.852115219806
705,8.971874209,1743.692644,35203.49549,2136.136991,406.8832364,2543.020227,41845.57198732893,12693.852115219806
706,8.971874209,1743.692644,35203.49549,2136.136991,406.8832364,2543.020227,41845.57198732893,12693.852115219806
707,8.971874209,1743.692644,35203.49549,2136.136991,406.8832364,2543.020227,41845.57198732893,12693.852115219806
708,8.971874209,1743.692644,35203.49549,2136.136991,406.8832364,2543.020227,41845.57198732893,12693.852115219806
709,8.971874209,1743.692644,35203.49549,2136.136991,406.8832364,2543.020227,41845.57198732893,12693.852115219806
710,8.971874209,1743.692644,35203.49549,2136.136991,406.8832364,2543.020227,41845.57198732893,12693.852115219806
711,8.971874209,1743.692644,35203.49549,2136.136991,406.8832364,2543.020227,41845.57198732893,12693.852115219806
712,8.971874209,1743.692644,35203.49549,2136.136991,406.8832364,2543.020227,41845.57198732893,12693.852115219806
713,8.971874209,1743.692644,35203.49549,2136.136991,406.8832364,2543.020227,41845.57198732893,12693.852115219806
714,8.971874209,1743.692644,35203.49549,2136.136991,406.8832364,2543.020227,41845.57198732893,12693.852115219806
715,8.971874209,1743.692644,35203.49549,2136.136991,406.8832364,2543.020227,41845.57198732893,12693.852115219806
716,8.971874209,1743.692644,35203.49549,2136.136991,406.8832364,2543.020227,41845.57198732893,12693.852115219806
717,8.971874209,1743.692644,35203.49549,2136.136991,406.8832364,2543.020227,41845.57198732893,12693.852115219806
718,8.971874209,1743.692644,35203.49549,2136.136991,406.8832364,2543.020227,41845.57198732893,12693.852115219806
719,8.971874209,1743.692644,35203.49549,2136.136991,406.8832364,2543.020227,41845.57198732893,12693.852115219806
720,8.971874209,1743.692644,35203.49549,2136.136991,406.8832364,2543.020227,41845.57198732893,12693.852115219806
721,8.971874209,1743.692644,35203.49549,2136.136991,406.8832364,2543.020227,41845.57198732893,12693.852115219806
722,8.971874209,1743.692644,35203.49549,2136.136991,406.8832364,2543.020227,41845.57198732893,12693.852115219806
723,8.971874209,1743.692644,35203.49549,2136.136991,406.8832364,2543.020227,41845.57198732893,12693.852115219806
724,8.971874209,1743.692644,35203.49549,2136.136991,406.8832364,2543.020227,41845.57198732893,12693.852115219806
725,8.971874209,1743.692644,35203.49549,2136.136991,406.8832364,2543.020227,41845.57198732893,12693.852115219806
726,8.971874209,1743.692644,35203.49549,2136.136991,406.8832364,2543.020227,41845.57198732893,12693.852115219806
727,8.971874209,1743.692644,35203.49549,2136.136991,406.8832364,2543.020227,41845.57198732893,12693.852115219806
728,8.971874209,1743.692644,35203.49549,2136.136991,406.8832364,2543.020227,41845.57198732893,12693.852115219806
729,8.971874209,1743.692644,35203.49549,2136.136991,406.8832364,2543.020227,41845.57198732893,12693.852115219806
730,8.971874209,1743.692644,35203.49549,2136.136991,406.8832364,2543.020227,41845.57198732893,12693.852115219806
731,8.971874209,1743.692644,35203.49549,2136.136991,406.8832364,2543.020227,41845.57198732893,12693.852115219806
732,8.971874209,1743.692644,35203.49549,2136.136991,406.8832364,2543.020227,41845.57198732893,12693.852115219806
733,8.971874209,1743.692644,35203.49549,2136.136991,406.8832364,2543.020227,41845.57198732893,12693.852115219806
734,8.971874209,1743.692644,35203.49549,2136.136991,406.8832364,2543.020227,41845.57198732893,12693.852115219806
735,8.971874209,1743.692644,35203.49549,2136.136991,406.8832364,2543.020227,41845.57198732893,12693.852115219806
736,8.971874209,1743.692644,35203.49549,2136.136991,406.8832364,2543.020227,41845.57198732893,12693.852115219806
737,8.971874209,1743.692644,35203.49549,2136.136991,406.8832364,2543.020227,41845.57198732893,12693.852115219806
738,8.971874209,1743.692644,35203.49549,2136.136991,406.8832364,2543.020227,41845.57198732893,12693.852115219806
739,8.971874209,1743.692644,35203.49549,2136.136991,406.8832364,2543.020227,41845.57198732893,12693.852115219806
740,8.971874209,1743.692644,35203.49549,2136.136991,406.8832364,2543.020227,41845.57198732893,12693.852115219806
741,8.971874209,1743.692644,35203.49549,2136.136991,406.8832364,2543.020227,41845.57198732893,12693.852115219806
742,8.971874209,1743.692644,35203.49549,2136.136991,406.8832364,2543.020227,41845.57198732893,12693.852115219806
743,8.971874209,1743.692644,35203.49549,2136.136991,406.8832364,2543.020227,41845.57198732893,12693.852115219806
744,8.971874209,1743.692644,35203.49549,2136.136991,406.8832364,2543.020227,41845.57198732893,12693.852115219806
745,8.971874209,1743.692644,35203.49549,2136.136991,406.8832364,2543.020227,41845.57198732893,12693.852115219806
746,8.971874209,1743.692644,35203.49549,2136.136991,406.8832364,2543.020227,41845.57198732893,12693.852115219806
747,8.971874209,1743.692644,35203.49549,2136.136991,406.8832364,2543.020227,41845.57198732893,12693.852115219806
748,8.971874209,1743.692644,35203.49549,2136.136991,406.8832364,2543.020227,41845.57198732893,12693.852115219806
749,8.971874209,1743.692644,35203.49549,2136.136991,406.8832364,2543.020227,41845.57198732893,12693.852115219806
750,8.971874209,1743.692644,35203.49549,2136.136991,406.8832364,2543.020227,41845.57198732893,12693.852115219806
751,8.971874209,1743.692644,35203.49549,2136.136991,406.8832364,2543.020227,41845.57198732893,12693.852115219806
752,8.971874209,1743.692644,35203.49549,2136.136991,406.8832364,2543.020227,41845.57198732893,12693.852115219806
753,8.971874209,1743.692644,35203.49549,2136.136991,406.8832364,2543.020227,41845.57198732893,12693.852115219806
754,8.971874209,1743.692644,35203.49549,2136.136991,406.8832364,2543.020227,41845.57198732893,12693.852115219806
755,8.971874209,1743.692644,35203.49549,2136.136991,406.8832364,2543.020227,41845.57198732893,12693.852115219806
756,8.971874209,1743.692644,35203.49549,2136.136991,406.8832364,2543.020227,41845.57198732893,12693.852115219806
757,8.971874209,1743.692644,35203.49549,2136.136991,406.8832364,2543.020227,41845.57198732893,12693.852115219806
758,8.971874209,1743.692644,35203.49549,2136.136991,406.8832364,2543.020227,41845.57198732893,12693.852115219806
759,8.971874209,1743.692644,35203.49549,2136.136991,406.8832364,2543.020227,41845.57198732893,12693.852115219806
760,8.971874209,1743.692644,35203.49549,2136.136991,406.8832364,2543.020227,41845.57198732893,12693.852115219806
761,8.971874209,1743.692644,35203.49549,2136.136991,406.8832364,2543.020227,41845.57198732893,12693.852115219806
762,8.971874209,1743.692644,35203.49549,2136.136991,406.8832364,2543.020227,41845.57198732893,12693.852115219806
763,8.971874209,1743.692644,35203.49549,2136.136991,406.8832364,2543.020227,41845.57198732893,12693.852115219806
764,8.971874209,1743.692644,35203.49549,2136.136991,406.8832364,2543.020227,41845.57198732893,12693.852115219806
765,8.971874209,1743.692644,35203.49549,2136.136991,406.8832364,2543.020227,41845.57198732893,12693.852115219806
766,8.971874209,1743.692644,35203.49549,2136.136991,406.8832364,2543.020227,41845.57198732893,12693.852115219806
767,8.971874209,1743.692644,35203.49549,2136.136991,406.8832364,2543.020227,41845.57198732893,12693.852115219806
768,8.971874209,1743.692644,35203.49549,2136.136991,406.8832364,2543.020227,41845.57198732893,12693.852115219806
769,8.971874209,1743.692644,35203.49549,2136.136991,406.8832364,2543.020227,41845.57198732893,12693.852115219806
770,8.971874209,1743.692644,35203.49549,2136.136991,406.8832364,2543.020227,41845.57198732893,12693.852115219806
771,8.971874209,1743.692644,35203.49549,2136.136991,406.8832364,2543.020227,41845.57198732893,12693.852115219806
772,8.971874209,1743.692644,35203.49549,2136.136991,406.8832364,2543.020227,41845.57198732893,12693.852115219806
773,8.971874209,1743.692644,35203.49549,2136.136991,406.8832364,2543.020227,41845.57198732893,12693.852115219806
774,8.971874209,1743.692644,35203.49549,2136.136991,406.8832364,2543.020227,41845.57198732893,12693.852115219806
775,8.971874209,1743.692644,35203.49549,2136.136991,406.8832364,2543.020227,41845.57198732893,12693.852115219806
776,8.971874209,1743.692644,35203.49549,2136.136991,406.8832364,2543.020227,41845.57198732893,12693.852115219806
777,8.971874209,1743.692644,35203.49549,2136.136991,406.8832364,2543.020227,41845.57198732893,12693.852115219806
778,8.971874209,1743.692644,35203.49549,2136.136991,406.8832364,2543.020227,41845.57198732893,12693.852115219806
779,8.971874209,1743.692644,35203.49549,2136.136991,406.8832364,2543.020227,41845.57198732893,12693.852115219806
780,8.971874209,1743.692644,35203.49549,2136.136991,406.8832364,2543.020227,41845.57198732893,12693.852115219806
781,8.971874209,1743.692644,35203.49549,2136.136991,406.8832364,2543.020227,41845.57198732893,12693.852115219806
782,8.971874209,1743.692644,35203.49549,2136.136991,406.8832364,2543.020227,41845.57198732893,12693.852115219806
783,8.971874209,1743.692644,35203.49549,2136.136991,406.8832364,2543.020227,41845.57198732893,12693.852115219806
784,8.971874209,1743.692644,35203.49549,2136.136991,406.8832364,2543.020227,41845.57198732893,12693.852115219806
785,8.971874209,1743.692644,35203.49549,2136.136991,406.8832364,2543.020227,41845.57198732893,12693.852115219806
786,8.971874209,1743.692644,35203.49549,2136.136991,406.8832364,2543.020227,41845.57198732893,12693.852115219806
787,8.971874209,1743.692644,35203.49549,2136.136991,406.8832364,2543.020227,41845.57198732893,12693.852115219806
788,8.971874209,1743.692644,35203.49549,2136.136991,406.8832364,2543.020227,41845.57198732893,12693.852115219806
789,8.971874209,1743.692644,35203.49549,2136.136991,406.8832364,2543.020227,41845.57198732893,12693.852115219806
790,8.971874209,1743.692644,35203.49549,2136.136991,406.8832364,2543.020227,41845.57198732893,12693.852115219806
791,8.971874209,1743.692644,35203.49549,2136.136991,406.8832364,2543.020227,41845.57198732893,12693.852115219806
792,8.971874209,1743.692644,35203.49549,2136.136991,406.8832364,2543.020227,41845.57198732893,12693.852115219806
793,8.971874209,1743.692644,35203.49549,2136.136991,406.8832364,2543.020227,41845.57198732893,12693.852115219806
794,8.971874209,1743.692644,35203.49549,2136.136991,406.8832364,2543.020227,41845.57198732893,12693.852115219806
795,8.971874209,1743.692644,35203.49549,2136.136991,406.8832364,2543.020227,41845.57198732893,12693.852115219806
796,8.971874209,1743.692644,35203.49549,2136.136991,406.8832364,2543.020227,41845.57198732893,12693.852115219806
797,8.971874209,1743.692644,35203.49549,2136.136991,406.8832364,2543.020227,41845.57198732893,12693.852115219806
798,8.971874209,1743.692644,35203.49549,2136.136991,406.8832364,2543.020227,41845.57198732893,12693.852115219806
799,8.971874209,1743.692644,35203.49549,2136.136991,406.8832364,2543.020227,41845.57198732893,12693.852115219806
800,8.971874209,1743.692644,35203.49549,2136.136991,406.8832364,2543.020227,41845.57198732893,12693.852115219806
801,8.971874209,1743.692644,35203.49549,2136.136991,406.8832364,2543.020227,41845.57198732893,12693.852115219806
802,8.971874209,1743.692644,35203.49549,2136.136991,406.8832364,2543.020227,41845.57198732893,12693.852115219806
803,8.971874209,1743.692644,35203.49549,2136.136991,406.8832364,2543.020227,41845.57198732893,12693.852115219806
804,8.971874209,1743.692644,35203.49549,2136.136991,406.8832364,2543.020227,41845.57198732893,12693.852115219806
805,8.971874209,1743.692644,35203.49549,2136.136991,406.8832364,2543.020227,41845.57198732893,12693.852115219806
806,8.971874209,1743.692644,35203.49549,2136.136991,406.8832364,2543.020227,41845.57198732893,12693.852115219806
807,8.971874209,1743.692644,35203.49549,2136.136991,406.8832364,2543.020227,41845.57198732893,12693.852115219806
808,8.971874209,1743.692644,35203.49549,2136.136991,406.8832364,2543.020227,41845.57198732893,12693.852115219806
809,8.971874209,1743.692644,35203.49549,2136.136991,406.8832364,2543.020227,41845.57198732893,12693.852115219806
810,8.971874209,1743.692644,35203.49549,2136.136991,406.8832364,2543.020227,41845.57198732893,12693.852115219806
811,8.971874209,1743.692644,35203.49549,2136.136991,406.8832364,2543.020227,41845.57198732893,12693.852115219806
812,8.971874209,1743.692644,35203.49549,2136.136991,406.8832364,2543.020227,41845.57198732893,12693.852115219806
813,8.971874209,1743.692644,35203.49549,2136.136991,406.8832364,2543.020227,41845.57198732893,12693.852115219806
814,8.971874209,1743.692644,35203.49549,2136.136991,406.8832364,2543.020227,41845.57198732893,12693.852115219806
815,8.971874209,1743.692644,35203.49549,2136.136991,406.8832364,2543.020227,41845.57198732893,12693.852115219806
816,8.971874209,1743.692644,35203.49549,2136.136991,406.8832364,2543.020227,41845.57198732893,12693.852115219806
817,8.971874209,1743.692644,35203.49549,2136.136991,406.8832364,2543.020227,41845.57198732893,12693.852115219806
818,8.971874209,1743.692644,35203.49549,2136.136991,406.8832364,2543.020227,41845.57198732893,12693.852115219806
819,8.971874209,1743.692644,35203.49549,2136.136991,406.8832364,2543.020227,41845.57198732893,12693.852115219806
820,8.971874209,1743.692644,35203.49549,2136.136991,406.8832364,2543.020227,41845.57198732893,12693.852115219806
821,8.971874209,1743.692644,35203.49549,2136.136991,406.8832364,2543.020227,41845.57198732893,12693.852115219806
822,8.971874209,1743.692644,35203.49549,2136.136991,406.8832364,2543.020227,41845.57198732893,12693.852115219806
823,8.971874209,1743.692644,35203.49549,2136.136991,406.8832364,2543.020227,41845.57198732893,12693.852115219806
824,8.971874209,1743.692644,35203.49549,2136.136991,406.8832364,2543.020227,41845.57198732893,12693.852115219806
825,8.971874209,1743.692644,35203.49549,2136.136991,406.8832364,2543.020227,41845.57198732893,12693.852115219806
826,8.971874209,1743.692644,35203.49549,2136.136991,406.8832364,2543.020227,41845.57198732893,12693.852115219806
827,8.971874209,1743.692644,35203.49549,2136.136991,406.8832364,2543.020227,41845.57198732893,12693.852115219806
828,8.971874209,1743.692644,35203.49549,2136.136991,406.8832364,2543.020227,41845.57198732893,12693.852115219806
829,8.971874209,1743.692644,35203.49549,2136.136991,406.8832364,2543.020227,41845.57198732893,12693.852115219806
830,8.971874209,1743.692644,35203.49549,2136.136991,406.8832364,2543.020227,41845.57198732893,12693.852115219806
831,8.971874209,1743.692644,35203.49549,2136.136991,406.8832364,2543.020227,41845.57198732893,12693.852115219806
832,8.971874209,1743.692644,35203.49549,2136.136991,406.8832364,2543.020227,41845.57198732893,12693.852115219806
833,8.971874209,1743.692644,35203.49549,2136.136991,406.8832364,2543.020227,41845.57198732893,12693.852115219806
834,8.971874209,1743.692644,35203.49549,2136.136991,406.8832364,2543.020227,41845.57198732893,12693.852115219806
835,8.971874209,1743.692644,35203.49549,2136.136991,406.8832364,2543.020227,41845.57198732893,12693.852115219806
836,8.971874209,1743.692644,35203.49549,2136.136991,406.8832364,2543.020227,41845.57198732893,12693.852115219806
837,8.971874209,1743.692644,35203.49549,2136.136991,406.8832364,2543.020227,41845.57198732893,12693.852115219806
838,8.971874209,1743.692644,35203.49549,2136.136991,406.8832364,2543.020227,41845.57198732893,12693.852115219806
839,8.971874209,1743.692644,35203.49549,2136.136991,406.8832364,2543.020227,41845.57198732893,12693.852115219806
840,8.971874209,1743.692644,35203.49549,2136.136991,406.8832364,2543.020227,41845.57198732893,12693.852115219806
841,8.971874209,1743.692644,35203.49549,2136.136991,406.8832364,2543.020227,41845.57198732893,12693.852115219806
842,8.971874209,1743.692644,35203.49549,2136.136991,406.8832364,2543.020227,41845.57198732893,12693.852115219806
843,8.971874209,1743.692644,35203.49549,2136.136991,406.8832364,2543.020227,41845.57198732893,12693.852115219806
844,8.971874209,1743.692644,35203.49549,2136.136991,406.8832364,2543.020227,41845.57198732893,12693.852115219806
845,8.971874209,1743.692644,35203.49549,2136.136991,406.8832364,2543.020227,41845.57198732893,12693.852115219806
846,8.971874209,1743.692644,35203.49549,2136.136991,406.8832364,2543.020227,41845.57198732893,12693.852115219806
847,8.971874209,1743.692644,35203.49549,2136.136991,406.8832364,2543.020227,41845.57198732893,12693.852115219806
848,8.971874209,1743.692644,35203.49549,2136.136991,406.8832364,2543.020227,41845.57198732893,12693.852115219806
849,8.971874209,1743.692644,35203.49549,2136.136991,406.8832364,2543.020227,41845.57198732893,12693.852115219806
850,8.971874209,1743.692644,35203.49549,2136.136991,406.8832364,2543.020227,41845.57198732893,12693.852115219806
851,8.971874209,1743.692644,35203.49549,2136.136991,406.8832364,2543.020227,41845.57198732893,12693.852115219806
852,8.971874209,1743.692644,35203.49549,2136.136991,406.8832364,2543.020227,41845.57198732893,12693.852115219806
853,8.971874209,1743.692644,35203.49549,2136.136991,406.8832364,2543.020227,41845.57198732893,12693.852115219806
854,8.971874209,1743.692644,35203.49549,2136.136991,406.8832364,2543.020227,41845.57198732893,12693.852115219806
855,8.971874209,1743.692644,35203.49549,2136.136991,406.8832364,2543.020227,41845.57198732893,12693.852115219806
856,8.971874209,1743.692644,35203.49549,2136.136991,406.8832364,2543.020227,41845.57198732893,12693.852115219806
857,8.971874209,1743.692644,35203.49549,2136.136991,406.8832364,2543.020227,41845.57198732893,12693.852115219806
858,8.971874209,1743.692644,35203.49549,2136.136991,406.8832364,2543.020227,41845.57198732893,12693.852115219806
859,8.971874209,1743.692644,35203.49549,2136.136991,406.8832364,2543.020227,41845.57198732893,12693.852115219806
860,8.971874209,1743.692644,35203.49549,2136.136991,406.8832364,2543.020227,41845.57198732893,12693.852115219806
861,8.971874209,1743.692644,35203.49549,2136.136991,406.8832364,2543.020227,41845.57198732893,12693.852115219806
862,8.971874209,1743.692644,35203.49549,2136.136991,406.8832364,2543.020227,41845.57198732893,12693.852115219806
863,8.971874209,1743.692644,35203.49549,2136.136991,406.8832364,2543.020227,41845.57198732893,12693.852115219806
864,8.971874209,1743.692644,35203.49549,2136.136991,406.8832364,2543.020227,41845.57198732893,12693.852115219806
865,8.971874209,1743.692644,35203.49549,2136.136991,406.8832364,2543.020227,41845.57198732893,12693.852115219806
866,8.971874209,1743.692644,35203.49549,2136.136991,406.8832364,2543.020227,41845.57198732893,12693.852115219806
867,8.971874209,1743.692644,35203.49549,2136.136991,406.8832364,2543.020227,41845.57198732893,12693.852115219806
868,8.971874209,1743.692644,35203.49549,2136.136991,406.8832364,2543.020227,41845.57198732893,12693.852115219806
869,8.971874209,1743.692644,35203.49549,2136.136991,406.8832364,2543.020227,41845.57198732893,12693.852115219806
870,8.971874209,1743.692644,35203.49549,2136.136991,406.8832364,2543.020227,41845.57198732893,12693.852115219806
871,8.971874209,1743.692644,35203.49549,2136.136991,406.8832364,2543.020227,41845.57198732893,12693.852115219806
872,8.971874209,1743.692644,35203.49549,2136.136991,406.8832364,2543.020227,41845.57198732893,12693.852115219806
873,8.971874209,1743.692644,35203.49549,2136.136991,406.8832364,2543.020227,41845.57198732893,12693.852115219806
874,8.971874209,1743.692644,35203.49549,2136.136991,406.8832364,2543.020227,41845.57198732893,12693.852115219806
875,8.971874209,1743.692644,35203.49549,2136.136991,406.8832364,2543.020227,41845.57198732893,12693.852115219806
876,8.971874209,1743.692644,35203.49549,2136.136991,406.8832364,2543.020227,41845.57198732893,12693.852115219806
877,8.971874209,1743.692644,35203.49549,2136.136991,406.8832364,2543.020227,41845.57198732893,12693.852115219806
878,8.971874209,1743.692644,35203.49549,2136.136991,406.8832364,2543.020227,41845.57198732893,12693.852115219806
879,8.971874209,1743.692644,35203.49549,2136.136991,406.8832364,2543.020227,41845.57198732893,12693.852115219806
880,8.971874209,1743.692644,35203.49549,2136.136991,406.8832364,2543.020227,41845.57198732893,12693.852115219806
881,8.971874209,1743.692644,35203.49549,2136.136991,406.8832364,2543.020227,41845.57198732893,12693.852115219806
882,8.971874209,1743.692644,35203.49549,2136.136991,406.8832364,2543.020227,41845.57198732893,12693.852115219806
883,8.971874209,1743.692644,35203.49549,2136.136991,406.8832364,2543.020227,41845.57198732893,12693.852115219806
884,8.971874209,1743.692644,35203.49549,2136.136991,406.8832364,2543.020227,41845.57198732893,12693.852115219806
885,8.971874209,1743.692644,35203.49549,2136.136991,406.8832364,2543.020227,41845.57198732893,12693.852115219806
886,8.971874209,1743.692644,35203.49549,2136.136991,406.8832364,2543.020227,41845.57198732893,12693.852115219806
887,8.971874209,1743.692644,35203.49549,2136.136991,406.8832364,2543.020227,41845.57198732893,12693.852115219806
888,8.971874209,1743.692644,35203.49549,2136.136991,406.8832364,2543.020227,41845.57198732893,12693.852115219806
889,8.971874209,1743.692644,35203.49549,2136.136991,406.8832364,2543.020227,41845.57198732893,12693.852115219806
890,8.971874209,1743.692644,35203.49549,2136.136991,406.8832364,2543.020227,41845.57198732893,12693.852115219806
891,8.971874209,1743.692644,35203.49549,2136.136991,406.8832364,2543.020227,41845.57198732893,12693.852115219806
892,8.971874209,1743.692644,35203.49549,2136.136991,406.8832364,2543.020227,41845.57198732893,12693.852115219806
893,8.971874209,1743.692644,35203.49549,2136.136991,406.8832364,2543.020227,41845.57198732893,12693.852115219806
894,8.971874209,1743.692644,35203.49549,2136.136991,406.8832364,2543.020227,41845.57198732893,12693.852115219806
895,8.971874209,1743.692644,35203.49549,2136.136991,406.8832364,2543.020227,41845.57198732893,12693.852115219806
896,8.971874209,1743.692644,35203.49549,2136.136991,406.8832364,2543.020227,41845.57198732893,12693.852115219806
897,8.971874209,1743.692644,35203.49549,2136.136991,406.8832364,2543.020227,41845.57198732893,12693.852115219806
898,8.971874209,1743.692644,35203.49549,2136.136991,406.8832364,2543.020227,41845.57198732893,12693.852115219806
899,8.971874209,1743.692644,35203.49549,2136.136991,406.8832364,2543.020227,41845.57198732893,12693.852115219806
900,8.971874209,1743.692644,35203.49549,2136.136991,406.8832364,2543.020227,41845.57198732893,12693.852115219806
901,8.971874209,1743.692644,35203.49549,2136.136991,406.8832364,2543.020227,41845.57198732893,12693.852115219806
902,8.971874209,1743.692644,35203.49549,2136.136991,406.8832364,2543.020227,41845.57198732893,12693.852115219806
903,8.971874209,1743.692644,35203.49549,2136.136991,406.8832364,2543.020227,41845.57198732893,12693.852115219806
904,8.971874209,1743.692644,35203.49549,2136.136991,406.8832364,2543.020227,41845.57198732893,12693.852115219806
905,8.971874209,1743.692644,35203.49549,2136.136991,406.8832364,2543.020227,41845.57198732893,12693.852115219806
906,8.971874209,1743.692644,35203.49549,2136.136991,406.8832364,2543.020227,41845.57198732893,12693.852115219806
907,8.971874209,1743.692644,35203.49549,2136.136991,406.8832364,2543.020227,41845.57198732893,12693.852115219806
908,8.971874209,1743.692644,35203.49549,2136.136991,406.8832364,2543.020227,41845.57198732893,12693.852115219806
909,8.971874209,1743.692644,35203.49549,2136.136991,406.8832364,2543.020227,41845.57198732893,12693.852115219806
910,8.971874209,1743.692644,35203.49549,2136.136991,406.8832364,2543.020227,41845.57198732893,12693.852115219806
911,8.971874209,1743.692644,35203.49549,2136.136991,406.8832364,2543.020227,41845.57198732893,12693.852115219806
912,8.971874209,1743.692644,35203.49549,2136.136991,406.8832364,2543.020227,41845.57198732893,12693.852115219806
913,8.971874209,1743.692644,35203.49549,2136.136991,406.8832364,2543.020227,41845.57198732893,12693.852115219806
914,8.971874209,1743.692644,35203.49549,2136.136991,406.8832364,2543.020227,41845.57198732893,12693.852115219806
915,8.971874209,1743.692644,35203.49549,2136.136991,406.8832364,2543.020227,41845.57198732893,12693.852115219806
916,8.971874209,1743.692644,35203.49549,2136.136991,406.8832364,2543.020227,41845.57198732893,12693.852115219806
917,8.971874209,1743.692644,35203.49549,2136.136991,406.8832364,2543.020227,41845.57198732893,12693.852115219806
918,8.971874209,1743.692644,35203.49549,2136.136991,406.8832364,2543.020227,41845.57198732893,12693.852115219806
919,8.971874209,1743.692644,35203.49549,2136.136991,406.8832364,2543.020227,41845.57198732893,12693.852115219806
920,8.971874209,1743.692644,35203.49549,2136.136991,406.8832364,2543.020227,41845.57198732893,12693.852115219806
921,8.971874209,1743.692644,35203.49549,2136.136991,406.8832364,2543.020227,41845.57198732893,12693.852115219806
922,8.971874209,1743.692644,35203.49549,2136.136991,406.8832364,2543.020227,41845.57198732893,12693.852115219806
923,8.971874209,1743.692644,35203.49549,2136.136991,406.8832364,2543.020227,41845.57198732893,12693.852115219806
924,8.971874209,1743.692644,35203.49549,2136.136991,406.8832364,2543.020227,41845.57198732893,12693.852115219806
925,8.971874209,1743.692644,35203.49549,2136.136991,406.8832364,2543.020227,41845.57198732893,12693.852115219806
926,8.971874209,1743.692644,35203.49549,2136.136991,406.8832364,2543.020227,41845.57198732893,12693.852115219806
927,8.971874209,1743.692644,35203.49549,2136.136991,406.8832364,2543.020227,41845.57198732893,12693.852115219806
928,8.971874209,1743.692644,35203.49549,2136.136991,406.8832364,2543.020227,41845.57198732893,12693.852115219806
929,8.971874209,1743.692644,35203.49549,2136.136991,406.8832364,2543.020227,41845.57198732893,12693.852115219806
930,8.971874209,1743.692644,35203.49549,2136.136991,406.8832364,2543.020227,41845.57198732893,12693.852115219806
931,8.971874209,1743.692644,35203.49549,2136.136991,406.8832364,2543.020227,41845.57198732893,12693.852115219806
932,8.971874209,1743.692644,35203.49549,2136.136991,406.8832364,2543.020227,41845.57198732893,12693.852115219806
933,8.971874209,1743.692644,35203.49549,2136.136991,406.8832364,2543.020227,41845.57198732893,12693.852115219806
934,8.971874209,1743.692644,35203.49549,2136.136991,406.8832364,2543.020227,41845.57198732893,12693.852115219806
935,8.971874209,1743.692644,35203.49549,2136.136991,406.8832364,2543.020227,41845.57198732893,12693.852115219806
936,8.971874209,1743.692644,35203.49549,2136.136991,406.8832364,2543.020227,41845.57198732893,12693.852115219806
937,8.971874209,1743.692644,35203.49549,2136.136991,406.8832364,2543.020227,41845.57198732893,12693.852115219806
938,8.971874209,1743.692644,35203.49549,2136.136991,406.8832364,2543.020227,41845.57198732893,12693.852115219806
939,8.971874209,1743.692644,35203.49549,2136.136991,406.8832364,2543.020227,41845.57198732893,12693.852115219806
940,8.971874209,1743.692644,35203.49549,2136.136991,406.8832364,2543.020227,41845.57198732893,12693.852115219806
941,8.971874209,1743.692644,35203.49549,2136.136991,406.8832364,2543.020227,41845.57198732893,12693.852115219806
942,8.971874209,1743.692644,35203.49549,2136.136991,406.8832364,2543.020227,41845.57198732893,12693.852115219806
943,8.971874209,1743.692644,35203.49549,2136.136991,406.8832364,2543.020227,41845.57198732893,12693.852115219806
944,8.971874209,1743.692644,35203.49549,2136.136991,406.8832364,2543.020227,41845.57198732893,12693.852115219806
945,8.971874209,1743.692644,35203.49549,2136.136991,406.8832364,2543.020227,41845.57198732893,12693.852115219806
946,8.971874209,1743.692644,35203.49549,2136.136991,406.8832364,2543.020227,41845.57198732893,12693.852115219806
947,8.971874209,1743.692644,35203.49549,2136.136991,406.8832364,2543.020227,41845.57198732893,12693.852115219806
948,8.971874209,1743.692644,35203.49549,2136.136991,406.8832364,2543.020227,41845.57198732893,12693.852115219806
949,8.971874209,1743.692644,35203.49549,2136.136991,406.8832364,2543.020227,41845.57198732893,12693.852115219806
950,8.971874209,1743.692644,35203.49549,2136.136991,406.8832364,2543.020227,41845.57198732893,12693.852115219806
951,8.971874209,1743.692644,35203.49549,2136.136991,406.8832364,2543.020227,41845.57198732893,12693.852115219806
952,8.971874209,1743.692644,35203.49549,2136.136991,406.8832364,2543.020227,41845.57198732893,12693.852115219806
953,8.971874209,1743.692644,35203.49549,2136.136991,406.8832364,2543.020227,41845.57198732893,12693.852115219806
954,8.971874209,1743.692644,35203.49549,2136.136991,406.8832364,2543.020227,41845.57198732893,12693.852115219806
955,8.971874209,1743.692644,35203.49549,2136.136991,406.8832364,2543.020227,41845.57198732893,12693.852115219806
956,8.971874209,1743.692644,35203.49549,2136.136991,406.8832364,2543.020227,41845.57198732893,12693.852115219806
957,8.971874209,1743.692644,35203.49549,2136.136991,406.8832364,2543.020227,41845.57198732893,12693.852115219806
958,8.971874209,1743.692644,35203.49549,2136.136991,406.8832364,2543.020227,41845.57198732893,12693.852115219806
959,8.971874209,1743.692644,35203.49549,2136.136991,406.8832364,2543.020227,41845.57198732893,12693.852115219806
960,8.971874209,1743.692644,35203.49549,2136.136991,406.8832364,2543.020227,41845.57198732893,12693.852115219806
961,8.971874209,1743.692644,35203.49549,2136.136991,406.8832364,2543.020227,41845.57198732893,12693.852115219806
962,8.971874209,1743.692644,35203.49549,2136.136991,406.8832364,2543.020227,41845.57198732893,12693.852115219806
963,8.971874209,1743.692644,35203.49549,2136.136991,406.8832364,2543.020227,41845.57198732893,12693.852115219806
964,8.971874209,1743.692644,35203.49549,2136.136991,406.8832364,2543.020227,41845.57198732893,12693.852115219806
965,8.971874209,1743.692644,35203.49549,2136.136991,406.8832364,2543.020227,41845.57198732893,12693.852115219806
966,8.971874209,1743.692644,35203.49549,2136.136991,406.8832364,2543.020227,41845.57198732893,12693.852115219806
967,8.971874209,1743.692644,35203.49549,2136.136991,406.8832364,2543.020227,41845.57198732893,12693.852115219806
968,8.971874209,1743.692644,35203.49549,2136.136991,406.8832364,2543.020227,41845.57198732893,12693.852115219806
969,8.971874209,1743.692644,35203.49549,2136.136991,406.8832364,2543.020227,41845.57198732893,12693.852115219806
970,8.971874209,1743.692644,35203.49549,2136.136991,406.8832364,2543.020227,41845.57198732893,12693.852115219806
971,8.971874209,1743.692644,35203.49549,2136.136991,406.8832364,2543.020227,41845.57198732893,12693.852115219806
972,8.971874209,1743.692644,35203.49549,2136.136991,406.8832364,2543.020227,41845.57198732893,12693.852115219806
973,8.971874209,1743.692644,35203.49549,2136.136991,406.8832364,2543.020227,41845.57198732893,12693.852115219806
974,8.971874209,1743.692644,35203.49549,2136.136991,406.8832364,2543.020227,41845.57198732893,12693.852115219806
975,8.971874209,1743.692644,35203.49549,2136.136991,406.8832364,2543.020227,41845.57198732893,12693.852115219806
976,8.971874209,1743.692644,35203.49549,2136.136991,406.8832364,2543.020227,41845.57198732893,12693.852115219806
977,8.971874209,1743.692644,35203.49549,2136.136991,406.8832364,2543.020227,41845.57198732893,12693.852115219806
978,8.971874209,1743.692644,35203.49549,2136.136991,406.8832364,2543.020227,41845.57198732893,12693.852115219806
979,8.971874209,1743.692644,35203.49549,2136.136991,406.8832364,2543.020227,41845.57198732893,12693.852115219806
980,8.971874209,1743.692644,35203.49549,2136.136991,406.8832364,2543.020227,41845.57198732893,12693.852115219806
981,8.971874209,1743.692644,35203.49549,2136.136991,406.8832364,2543.020227,41845.57198732893,12693.852115219806
982,8.971874209,1743.692644,35203.49549,2136.136991,406.8832364,2543.020227,41845.57198732893,12693.852115219806
983,8.971874209,1743.692644,35203.49549,2136.136991,406.8832364,2543.020227,41845.57198732893,12693.852115219806
984,8.971874209,1743.692644,35203.49549,2136.136991,406.8832364,2543.020227,41845.57198732893,12693.852115219806
985,8.971874209,1743.692644,35203.49549,2136.136991,406.8832364,2543.020227,41845.57198732893,12693.852115219806
986,8.971874209,1743.692644,35203.49549,2136.136991,406.8832364,2543.020227,41845.57198732893,12693.852115219806
987,8.971874209,1743.692644,35203.49549,2136.136991,406.8832364,2543.020227,41845.57198732893,12693.852115219806
988,8.971874209,1743.692644,35203.49549,2136.136991,406.8832364,2543.020227,41845.57198732893,12693.852115219806
989,8.971874209,1743.692644,35203.49549,2136.136991,406.8832364,2543.020227,41845.57198732893,12693.852115219806
990,8.971874209,1743.692644,35203.49549,2136.136991,406.8832364,2543.020227,41845.57198732893,12693.852115219806
991,8.971874209,1743.692644,35203.49549,2136.136991,406.8832364,2543.020227,41845.57198732893,12693.852115219806
992,8.971874209,1743.692644,35203.49549,2136.136991,406.8832364,2543.020227,41845.57198732893,12693.852115219806
993,8.971874209,1743.692644,35203.49549,2136.136991,406.8832364,2543.020227,41845.57198732893,12693.852115219806
994,8.971874209,1743.692644,35203.49549,2136.136991,406.8832364,2543.020227,41845.57198732893,12693.852115219806
995,8.971874209,1743.692644,35203.49549,2136.136991,406.8832364,2543.020227,41845.57198732893,12693.852115219806
996,8.971874209,1743.692644,35203.49549,2136.136991,406.8832364,2543.020227,41845.57198732893,12693.852115219806
997,8.971874209,1743.692644,35203.49549,2136.136991,406.8832364,2543.020227,41845.57198732893,12693.852115219806
998,8.971874209,1743.692644,35203.49549,2136.136991,406.8832364,2543.020227,41845.57198732893,12693.852115219806
999,8.971874209,1743.692644,35203.49549,2136.136991,406.8832364,2543.020227,41845.57198732893,12693.852115219806
1000,8.971874209,1743.692644,35203.49549,2136.136991,406.8832364,2543.020227,41845.57198732893,12693.852115219806
1001,8.971874209,1743.692644,35203.49549,2136.136991,406.8832364,2543.020227,41845.57198732893,12693.852115219806
1002,8.971874209,1743.692644,35203.49549,2136.136991,406.8832364,2543.020227,41845.57198732893,12693.852115219806
1003,8.971874209,1743.692644,35203.49549,2136.136991,406.8832364,2543.020227,41845.57198732893,12693.852115219806
1004,8.971874209,1743.692644,35203.49549,2136.136991,406.8832364,2543.020227,41845.57198732893,12693.852115219806
1005,8.971874209,1743.692644,35203.49549,2136.136991,406.8832364,2543.020227,41845.57198732893,12693.852115219806
1006,8.971874209,1743.692644,35203.49549,2136.136991,406.8832364,2543.020227,41845.57198732893,12693.852115219806
1007,8.971874209,1743.692644,35203.49549,2136.136991,406.8832364,2543.020227,41845.57198732893,12693.852115219806
1008,8.971874209,1743.692644,35203.49549,2136.136991,406.8832364,2543.020227,41845.57198732893,12693.852115219806
1009,8.971874209,1743.692644,35203.49549,2136.136991,406.8832364,2543.020227,41845.57198732893,12693.852115219806
1010,8.971874209,1743.692644,35203.49549,2136.136991,406.8832364,2543.020227,41845.57198732893,12693.852115219806
1011,8.971874209,1743.692644,35203.49549,2136.136991,406.8832364,2543.020227,41845.57198732893,12693.852115219806
1012,8.971874209,1743.692644,35203.49549,2136.136991,406.8832364,2543.020227,41845.57198732893,12693.852115219806
1013,8.971874209,1743.692644,35203.49549,2136.136991,406.8832364,2543.020227,41845.57198732893,12693.852115219806
1014,8.971874209,1743.692644,35203.49549,2136.136991,406.8832364,2543.020227,41845.57198732893,12693.852115219806
1015,8.971874209,1743.692644,35203.49549,2136.136991,406.8832364,2543.020227,41845.57198732893,12693.852115219806
1016,8.971874209,1743.692644,35203.49549,2136.136991,406.8832364,2543.020227,41845.57198732893,12693.852115219806
1017,8.971874209,1743.692644,35203.49549,2136.136991,406.8832364,2543.020227,41845.57198732893,12693.852115219806
1018,8.971874209,1743.692644,35203.49549,2136.136991,406.8832364,2543.020227,41845.57198732893,12693.852115219806
1019,8.971874209,1743.692644,35203.49549,2136.136991,406.8832364,2543.020227,41845.57198732893,12693.852115219806
1020,8.971874209,1743.692644,35203.49549,2136.136991,406.8832364,2543.020227,41845.57198732893,12693.852115219806
1021,8.971874209,1743.692644,35203.49549,2136.136991,406.8832364,2543.020227,41845.57198732893,12693.852115219806
1022,8.971874209,1743.692644,35203.49549,2136.136991,406.8832364,2543.020227,41845.57198732893,12693.852115219806
1023,8.971874209,1743.692644,35203.49549,2136.136991,406.8832364,2543.020227,41845.57198732893,12693.852115219806
1024,8.971874209,1743.692644,35203.49549,2136.136991,406.8832364,2543.020227,41845.57198732893,12693.852115219806
1025,8.971874209,1743.692644,35203.49549,2136.136991,406.8832364,2543.020227,41845.57198732893,12693.852115219806
1026,8.971874209,1743.692644,35203.49549,2136.136991,406.8832364,2543.020227,41845.57198732893,12693.852115219806
1027,8.971874209,1743.692644,35203.49549,2136.136991,406.8832364,2543.020227,41845.57198732893,12693.852115219806
1028,8.971874209,1743.692644,35203.49549,2136.136991,406.8832364,2543.020227,41845.57198732893,12693.852115219806
1029,8.971874209,1743.692644,35203.49549,2136.136991,406.8832364,2543.020227,41845.57198732893,12693.852115219806
1030,8.971874209,1743.692644,35203.49549,2136.136991,406.8832364,2543.020227,41845.57198732893,12693.852115219806
1031,8.971874209,1743.692644,35203.49549,2136.136991,406.8832364,2543.020227,41845.57198732893,12693.852115219806
1032,8.971874209,1743.692644,35203.49549,2136.136991,406.8832364,2543.020227,41845.57198732893,12693.852115219806
1033,8.971874209,1743.692644,35203.49549,2136.136991,406.8832364,2543.020227,41845.57198732893,12693.852115219806
1034,8.971874209,1743.692644,35203.49549,2136.136991,406.8832364,2543.020227,41845.57198732893,12693.852115219806
1035,8.971874209,1743.692644,35203.49549,2136.136991,406.8832364,2543.020227,41845.57198732893,12693.852115219806
1036,8.971874209,1743.692644,35203.49549,2136.136991,406.8832364,2543.020227,41845.57198732893,12693.852115219806
1037,8.971874209,1743.692644,35203.49549,2136.136991,406.8832364,2543.020227,41845.57198732893,12693.852115219806
1038,8.971874209,1743.692644,35203.49549,2136.136991,406.8832364,2543.020227,41845.57198732893,12693.852115219806
1039,8.971874209,1743.692644,35203.49549,2136.136991,406.8832364,2543.020227,41845.57198732893,12693.852115219806
1040,8.971874209,1743.692644,35203.49549,2136.136991,406.8832364,2543.020227,41845.57198732893,12693.852115219806
1041,8.971874209,1743.692644,35203.49549,2136.136991,406.8832364,2543.020227,41845.57198732893,12693.852115219806
1042,8.971874209,1743.692644,35203.49549,2136.136991,406.8832364,2543.020227,41845.57198732893,12693.852115219806
1043,8.971874209,1743.692644,35203.49549,2136.136991,406.8832364,2543.020227,41845.57198732893,12693.852115219806
1044,8.971874209,1743.692644,35203.49549,2136.136991,406.8832364,2543.020227,41845.57198732893,12693.852115219806
1045,8.971874209,1743.692644,35203.49549,2136.136991,406.8832364,2543.020227,41845.57198732893,12693.852115219806
1046,8.971874209,1743.692644,35203.49549,2136.136991,406.8832364,2543.020227,41845.57198732893,12693.852115219806
1047,8.971874209,1743.692644,35203.49549,2136.136991,406.8832364,2543.020227,41845.57198732893,12693.852115219806
1048,8.971874209,1743.692644,35203.49549,2136.136991,406.8832364,2543.020227,41845.57198732893,12693.852115219806
1049,8.971874209,1743.692644,35203.49549,2136.136991,406.8832364,2543.020227,41845.57198732893,12693.852115219806
1050,8.971874209,1743.692644,35203.49549,2136.136991,406.8832364,2543.020227,41845.57198732893,12693.852115219806
1051,8.971874209,1743.692644,35203.49549,2136.136991,406.8832364,2543.020227,41845.57198732893,12693.852115219806
1052,8.971874209,1743.692644,35203.49549,2136.136991,406.8832364,2543.020227,41845.57198732893,12693.852115219806
1053,8.971874209,1743.692644,35203.49549,2136.136991,406.8832364,2543.020227,41845.57198732893,12693.852115219806
1054,8.971874209,1743.692644,35203.49549,2136.136991,406.8832364,2543.020227,41845.57198732893,12693.852115219806
1055,8.971874209,1743.692644,35203.49549,2136.136991,406.8832364,2543.020227,41845.57198732893,12693.852115219806
1056,8.971874209,1743.692644,35203.49549,2136.136991,406.8832364,2543.020227,41845.57198732893,12693.852115219806
1057,8.971874209,1743.692644,35203.49549,2136.136991,406.8832364,2543.020227,41845.57198732893,12693.852115219806
1058,8.971874209,1743.692644,35203.49549,2136.136991,406.8832364,2543.020227,41845.57198732893,12693.852115219806
1059,8.971874209,1743.692644,35203.49549,2136.136991,406.8832364,2543.020227,41845.57198732893,12693.852115219806
1060,8.971874209,1743.692644,35203.49549,2136.136991,406.8832364,2543.020227,41845.57198732893,12693.852115219806
1061,8.971874209,1743.692644,35203.49549,2136.136991,406.8832364,2543.020227,41845.57198732893,12693.852115219806
1062,8.971874209,1743.692644,35203.49549,2136.136991,406.8832364,2543.020227,41845.57198732893,12693.852115219806
1063,8.971874209,1743.692644,35203.49549,2136.136991,406.8832364,2543.020227,41845.57198732893,12693.852115219806
1064,8.971874209,1743.692644,35203.49549,2136.136991,406.8832364,2543.020227,41845.57198732893,12693.852115219806
1065,8.971874209,1743.692644,35203.49549,2136.136991,406.8832364,2543.020227,41845.57198732893,12693.852115219806
1066,8.971874209,1743.692644,35203.49549,2136.136991,406.8832364,2543.020227,41845.57198732893,12693.852115219806
1067,8.971874209,1743.692644,35203.49549,2136.136991,406.8832364,2543.020227,41845.57198732893,12693.852115219806
1068,8.971874209,1743.692644,35203.49549,2136.136991,406.8832364,2543.020227,41845.57198732893,12693.852115219806
1069,8.971874209,1743.692644,35203.49549,2136.136991,406.8832364,2543.020227,41845.57198732893,12693.852115219806
1070,8.971874209,1743.692644,35203.49549,2136.136991,406.8832364,2543.020227,41845.57198732893,12693.852115219806
1071,8.971874209,1743.692644,35203.49549,2136.136991,406.8832364,2543.020227,41845.57198732893,12693.852115219806
1072,8.971874209,1743.692644,35203.49549,2136.136991,406.8832364,2543.020227,41845.57198732893,12693.852115219806
1073,8.971874209,1743.692644,35203.49549,2136.136991,406.8832364,2543.020227,41845.57198732893,12693.852115219806
1074,8.971874209,1743.692644,35203.49549,2136.136991,406.8832364,2543.020227,41845.57198732893,12693.852115219806
1075,8.971874209,1743.692644,35203.49549,2136.136991,406.8832364,2543.020227,41845.57198732893,12693.852115219806
1076,8.971874209,1743.692644,35203.49549,2136.136991,406.8832364,2543.020227,41845.57198732893,12693.852115219806
1077,8.971874209,1743.692644,35203.49549,2136.136991,406.8832364,2543.020227,41845.57198732893,12693.852115219806
1078,8.971874209,1743.692644,35203.49549,2136.136991,406.8832364,2543.020227,41845.57198732893,12693.852115219806
1079,8.971874209,1743.692644,35203.49549,2136.136991,406.8832364,2543.020227,41845.57198732893,12693.852115219806
1080,8.971874209,1743.692644,35203.49549,2136.136991,406.8832364,2543.020227,41845.57198732893,12693.852115219806
1081,8.971874209,1743.692644,35203.49549,2136.136991,406.8832364,2543.020227,41845.57198732893,12693.852115219806
1082,8.971874209,1743.692644,35203.49549,2136.136991,406.8832364,2543.020227,41845.57198732893,12693.852115219806
1083,8.971874209,1743.692644,35203.49549,2136.136991,406.8832364,2543.020227,41845.57198732893,12693.852115219806
1084,8.971874209,1743.692644,35203.49549,2136.136991,406.8832364,2543.020227,41845.57198732893,12693.852115219806
1085,8.971874209,1743.692644,35203.49549,2136.136991,406.8832364,2543.020227,41845.57198732893,12693.852115219806
1086,8.971874209,1743.692644,35203.49549,2136.136991,406.8832364,2543.020227,41845.57198732893,12693.852115219806
1087,8.971874209,1743.692644,35203.49549,2136.136991,406.8832364,2543.020227,41845.57198732893,12693.852115219806
1088,8.971874209,1743.692644,35203.49549,2136.136991,406.8832364,2543.020227,41845.57198732893,12693.852115219806
1089,8.971874209,1743.692644,35203.49549,2136.136991,406.8832364,2543.020227,41845.57198732893,12693.852115219806
1090,8.971874209,1743.692644,35203.49549,2136.136991,406.8832364,2543.020227,41845.57198732893,12693.852115219806
1091,8.971874209,1743.692644,35203.49549,2136.136991,406.8832364,2543.020227,41845.57198732893,12693.852115219806
1092,8.971874209,1743.692644,35203.49549,2136.136991,406.8832364,2543.020227,41845.57198732893,12693.852115219806
1093,8.971874209,1743.692644,35203.49549,2136.136991,406.8832364,2543.020227,41845.57198732893,12693.852115219806
1094,8.971874209,1743.692644,35203.49549,2136.136991,406.8832364,2543.020227,41845.57198732893,12693.852115219806
1095,8.971874209,1743.692644,35203.49549,2136.136991,406.8832364,2543.020227,41845.57198732893,12693.852115219806
1096,8.971874209,1743.692644,35203.49549,2136.136991,406.8832364,2543.020227,41845.57198732893,12693.852115219806
1097,8.971874209,1743.692644,35203.49549,2136.136991,406.8832364,2543.020227,41845.57198732893,12693.852115219806
1098,8.971874209,1743.692644,35203.49549,2136.136991,406.8832364,2543.020227,41845.57198732893,12693.852115219806
1099,8.971874209,1743.692644,35203.49549,2136.136991,406.8832364,2543.020227,41845.57198732893,12693.852115219806
1100,8.971874209,1743.692644,35203.49549,2136.136991,406.8832364,2543.020227,41845.57198732893,12693.852115219806
1101,8.971874209,1743.692644,35203.49549,2136.136991,406.8832364,2543.020227,41845.57198732893,12693.852115219806
1102,8.971874209,1743.692644,35203.49549,2136.136991,406.8832364,2543.020227,41845.57198732893,12693.852115219806
1103,8.971874209,1743.692644,35203.49549,2136.136991,406.8832364,2543.020227,41845.57198732893,12693.852115219806
1104,8.971874209,1743.692644,35203.49549,2136.136991,406.8832364,2543.020227,41845.57198732893,12693.852115219806
1105,8.971874209,1743.692644,35203.49549,2136.136991,406.8832364,2543.020227,41845.57198732893,12693.852115219806
1106,8.971874209,1743.692644,35203.49549,2136.136991,406.8832364,2543.020227,41845.57198732893,12693.852115219806
1107,8.971874209,1743.692644,35203.49549,2136.136991,406.8832364,2543.020227,41845.57198732893,12693.852115219806
1108,8.971874209,1743.692644,35203.49549,2136.136991,406.8832364,2543.020227,41845.57198732893,12693.852115219806
1109,8.971874209,1743.692644,35203.49549,2136.136991,406.8832364,2543.020227,41845.57198732893,12693.852115219806
1110,8.971874209,1743.692644,35203.49549,2136.136991,406.8832364,2543.020227,41845.57198732893,12693.852115219806
1111,8.971874209,1743.692644,35203.49549,2136.136991,406.8832364,2543.020227,41845.57198732893,12693.852115219806
1112,8.971874209,1743.692644,35203.49549,2136.136991,406.8832364,2543.020227,41845.57198732893,12693.852115219806
1113,8.971874209,1743.692644,35203.49549,2136.136991,406.8832364,2543.020227,41845.57198732893,12693.852115219806
1114,8.971874209,1743.692644,35203.49549,2136.136991,406.8832364,2543.020227,41845.57198732893,12693.852115219806
1115,8.971874209,1743.692644,35203.49549,2136.136991,406.8832364,2543.020227,41845.57198732893,12693.852115219806
1116,8.971874209,1743.692644,35203.49549,2136.136991,406.8832364,2543.020227,41845.57198732893,12693.852115219806
1117,8.971874209,1743.692644,35203.49549,2136.136991,406.8832364,2543.020227,41845.57198732893,12693.852115219806
1118,8.971874209,1743.692644,35203.49549,2136.136991,406.8832364,2543.020227,41845.57198732893,12693.852115219806
1119,8.971874209,1743.692644,35203.49549,2136.136991,406.8832364,2543.020227,41845.57198732893,12693.852115219806
1120,8.971874209,1743.692644,35203.49549,2136.136991,406.8832364,2543.020227,41845.57198732893,12693.852115219806
1121,8.971874209,1743.692644,35203.49549,2136.136991,406.8832364,2543.020227,41845.57198732893,12693.852115219806
1122,8.971874209,1743.692644,35203.49549,2136.136991,406.8832364,2543.020227,41845.57198732893,12693.852115219806
1123,8.971874209,1743.692644,35203.49549,2136.136991,406.8832364,2543.020227,41845.57198732893,12693.852115219806
1124,8.971874209,1743.692644,35203.49549,2136.136991,406.8832364,2543.020227,41845.57198732893,12693.852115219806
1125,8.971874209,1743.692644,35203.49549,2136.136991,406.8832364,2543.020227,41845.57198732893,12693.852115219806
1126,8.971874209,1743.692644,35203.49549,2136.136991,406.8832364,2543.020227,41845.57198732893,12693.852115219806
1127,8.971874209,1743.692644,35203.49549,2136.136991,406.8832364,2543.020227,41845.57198732893,12693.852115219806
1128,8.971874209,1743.692644,35203.49549,2136.136991,406.8832364,2543.020227,41845.57198732893,12693.852115219806
1129,8.971874209,1743.692644,35203.49549,2136.136991,406.8832364,2543.020227,41845.57198732893,12693.852115219806
1130,8.971874209,1743.692644,35203.49549,2136.136991,406.8832364,2543.020227,41845.57198732893,12693.852115219806
1131,8.971874209,1743.692644,35203.49549,2136.136991,406.8832364,2543.020227,41845.57198732893,12693.852115219806
1132,8.971874209,1743.692644,35203.49549,2136.136991,406.8832364,2543.020227,41845.57198732893,12693.852115219806
1133,8.971874209,1743.692644,35203.49549,2136.136991,406.8832364,2543.020227,41845.57198732893,12693.852115219806
1134,8.971874209,1743.692644,35203.49549,2136.136991,406.8832364,2543.020227,41845.57198732893,12693.852115219806
1135,8.971874209,1743.692644,35203.49549,2136.136991,406.8832364,2543.020227,41845.57198732893,12693.852115219806
1136,8.971874209,1743.692644,35203.49549,2136.136991,406.8832364,2543.020227,41845.57198732893,12693.852115219806
1137,8.971874209,1743.692644,35203.49549,2136.136991,406.8832364,2543.020227,41845.57198732893,12693.852115219806
1138,8.971874209,1743.692644,35203.49549,2136.136991,406.8832364,2543.020227,41845.57198732893,12693.852115219806
1139,8.971874209,1743.692644,35203.49549,2136.136991,406.8832364,2543.020227,41845.57198732893,12693.852115219806
1140,8.971874209,1743.692644,35203.49549,2136.136991,406.8832364,2543.020227,41845.57198732893,12693.852115219806
1141,8.971874209,1743.692644,35203.49549,2136.136991,406.8832364,2543.020227,41845.57198732893,12693.852115219806
1142,8.971874209,1743.692644,35203.49549,2136.136991,406.8832364,2543.020227,41845.57198732893,12693.852115219806
1143,8.971874209,1743.692644,35203.49549,2136.136991,406.8832364,2543.020227,41845.57198732893,12693.852115219806
1144,8.971874209,1743.692644,35203.49549,2136.136991,406.8832364,2543.020227,41845.57198732893,12693.852115219806
1145,8.971874209,1743.692644,35203.49549,2136.136991,406.8832364,2543.020227,41845.57198732893,12693.852115219806
1146,8.971874209,1743.692644,35203.49549,2136.136991,406.8832364,2543.020227,41845.57198732893,12693.852115219806
1147,8.971874209,1743.692644,35203.49549,2136.136991,406.8832364,2543.020227,41845.57198732893,12693.852115219806
1148,8.971874209,1743.692644,35203.49549,2136.136991,406.8832364,2543.020227,41845.57198732893,12693.852115219806
1149,8.971874209,1743.692644,35203.49549,2136.136991,406.8832364,2543.020227,41845.57198732893,12693.852115219806
1150,8.971874209,1743.692644,35203.49549,2136.136991,406.8832364,2543.020227,41845.57198732893,12693.852115219806
1151,8.971874209,1743.692644,35203.49549,2136.136991,406.8832364,2543.020227,41845.57198732893,12693.852115219806
1152,8.971874209,1743.692644,35203.49549,2136.136991,406.8832364,2543.020227,41845.57198732893,12693.852115219806
1153,8.971874209,1743.692644,35203.49549,2136.136991,406.8832364,2543.020227,41845.57198732893,12693.852115219806
1154,8.971874209,1743.692644,35203.49549,2136.136991,406.8832364,2543.020227,41845.57198732893,12693.852115219806
1155,8.971874209,1743.692644,35203.49549,2136.136991,406.8832364,2543.020227,41845.57198732893,12693.852115219806
1156,8.971874209,1743.692644,35203.49549,2136.136991,406.8832364,2543.020227,41845.57198732893,12693.852115219806
1157,8.971874209,1743.692644,35203.49549,2136.136991,406.8832364,2543.020227,41845.57198732893,12693.852115219806
1158,8.971874209,1743.692644,35203.49549,2136.136991,406.8832364,2543.020227,41845.57198732893,12693.852115219806
1159,8.971874209,1743.692644,35203.49549,2136.136991,406.8832364,2543.020227,41845.57198732893,12693.852115219806
1160,8.971874209,1743.692644,35203.49549,2136.136991,406.8832364,2543.020227,41845.57198732893,12693.852115219806
1161,8.971874209,1743.692644,35203.49549,2136.136991,406.8832364,2543.020227,41845.57198732893,12693.852115219806
1162,8.971874209,1743.692644,35203.49549,2136.136991,406.8832364,2543.020227,41845.57198732893,12693.852115219806
1163,8.971874209,1743.692644,35203.49549,2136.136991,406.8832364,2543.020227,41845.57198732893,12693.852115219806
1164,8.971874209,1743.692644,35203.49549,2136.136991,406.8832364,2543.020227,41845.57198732893,12693.852115219806
1165,8.971874209,1743.692644,35203.49549,2136.136991,406.8832364,2543.020227,41845.57198732893,12693.852115219806
1166,8.971874209,1743.692644,35203.49549,2136.136991,406.8832364,2543.020227,41845.57198732893,12693.852115219806
1167,8.971874209,1743.692644,35203.49549,2136.136991,406.8832364,2543.020227,41845.57198732893,12693.852115219806
1168,8.971874209,1743.692644,35203.49549,2136.136991,406.8832364,2543.020227,41845.57198732893,12693.852115219806
1169,8.971874209,1743.692644,35203.49549,2136.136991,406.8832364,2543.020227,41845.57198732893,12693.852115219806
1170,8.971874209,1743.692644,35203.49549,2136.136991,406.8832364,2543.020227,41845.57198732893,12693.852115219806
1171,8.971874209,1743.692644,35203.49549,2136.136991,406.8832364,2543.020227,41845.57198732893,12693.852115219806
1172,8.971874209,1743.692644,35203.49549,2136.136991,406.8832364,2543.020227,41845.57198732893,12693.852115219806
1173,8.971874209,1743.692644,35203.49549,2136.136991,406.8832364,2543.020227,41845.57198732893,12693.852115219806
1174,8.971874209,1743.692644,35203.49549,2136.136991,406.8832364,2543.020227,41845.57198732893,12693.852115219806
1175,8.971874209,1743.692644,35203.49549,2136.136991,406.8832364,2543.020227,41845.57198732893,12693.852115219806
1176,8.971874209,1743.692644,35203.49549,2136.136991,406.8832364,2543.020227,41845.57198732893,12693.852115219806
1177,8.971874209,1743.692644,35203.49549,2136.136991,406.8832364,2543.020227,41845.57198732893,12693.852115219806
1178,8.971874209,1743.692644,35203.49549,2136.136991,406.8832364,2543.020227,41845.57198732893,12693.852115219806
1179,8.971874209,1743.692644,35203.49549,2136.136991,406.8832364,2543.020227,41845.57198732893,12693.852115219806
1180,8.971874209,1743.692644,35203.49549,2136.136991,406.8832364,2543.020227,41845.57198732893,12693.852115219806
1181,8.971874209,1743.692644,35203.49549,2136.136991,406.8832364,2543.020227,41845.57198732893,12693.852115219806
1182,8.971874209,1743.692644,35203.49549,2136.136991,406.8832364,2543.020227,41845.57198732893,12693.852115219806
1183,8.971874209,1743.692644,35203.49549,2136.136991,406.8832364,2543.020227,41845.57198732893,12693.852115219806
1184,8.971874209,1743.692644,35203.49549,2136.136991,406.8832364,2543.020227,41845.57198732893,12693.852115219806
1185,8.971874209,1743.692644,35203.49549,2136.136991,406.8832364,2543.020227,41845.57198732893,12693.852115219806
1186,8.971874209,1743.692644,35203.49549,2136.136991,406.8832364,2543.020227,41845.57198732893,12693.852115219806
1187,8.971874209,1743.692644,35203.49549,2136.136991,406.8832364,2543.020227,41845.57198732893,12693.852115219806
1188,8.971874209,1743.692644,35203.49549,2136.136991,406.8832364,2543.020227,41845.57198732893,12693.852115219806
1189,8.971874209,1743.692644,35203.49549,2136.136991,406.8832364,2543.020227,41845.57198732893,12693.852115219806
1190,8.971874209,1743.692644,35203.49549,2136.136991,406.8832364,2543.020227,41845.57198732893,12693.852115219806
1191,8.971874209,1743.692644,35203.49549,2136.136991,406.8832364,2543.020227,41845.57198732893,12693.852115219806
1192,8.971874209,1743.692644,35203.49549,2136.136991,406.8832364,2543.020227,41845.57198732893,12693.852115219806
1193,8.971874209,1743.692644,35203.49549,2136.136991,406.8832364,2543.020227,41845.57198732893,12693.852115219806
1194,8.971874209,1743.692644,35203.49549,2136.136991,406.8832364,2543.020227,41845.57198732893,12693.852115219806
1195,8.971874209,1743.692644,35203.49549,2136.136991,406.8832364,2543.020227,41845.57198732893,12693.852115219806
1196,8.971874209,1743.692644,35203.49549,2136.136991,406.8832364,2543.020227,41845.57198732893,12693.852115219806
1197,8.971874209,1743.692644,35203.49549,2136.136991,406.8832364,2543.020227,41845.57198732893,12693.852115219806
1198,8.971874209,1743.692644,35203.49549,2136.136991,406.8832364,2543.020227,41845.57198732893,12693.852115219806
1199,8.971874209,1743.692644,35203.49549,2136.136991,406.8832364,2543.020227,41845.57198732893,12693.852115219806
1200,8.971874209,1743.692644,35203.49549,2136.136991,406.8832364,2543.020227,41845.57198732893,12693.852115219806
1201,8.971874209,1743.692644,35203.49549,2136.136991,406.8832364,2543.020227,41845.57198732893,12693.852115219806
1202,8.971874209,1743.692644,35203.49549,2136.136991,406.8832364,2543.020227,41845.57198732893,12693.852115219806
1203,8.971874209,1743.692644,35203.49549,2136.136991,406.8832364,2543.020227,41845.57198732893,12693.852115219806
1204,8.971874209,1743.692644,35203.49549,2136.136991,406.8832364,2543.020227,41845.57198732893,12693.852115219806
1205,8.971874209,1743.692644,35203.49549,2136.136991,406.8832364,2543.020227,41845.57198732893,12693.852115219806
1206,8.971874209,1743.692644,35203.49549,2136.136991,406.8832364,2543.020227,41845.57198732893,12693.852115219806
1207,8.971874209,1743.692644,35203.49549,2136.136991,406.8832364,2543.020227,41845.57198732893,12693.852115219806
1208,8.971874209,1743.692644,35203.49549,2136.136991,406.8832364,2543.020227,41845.57198732893,12693.852115219806
1209,8.971874209,1743.692644,35203.49549,2136.136991,406.8832364,2543.020227,41845.57198732893,12693.852115219806
1210,8.971874209,1743.692644,35203.49549,2136.136991,406.8832364,2543.020227,41845.57198732893,12693.852115219806
1211,8.971874209,1743.692644,35203.49549,2136.136991,406.8832364,2543.020227,41845.57198732893,12693.852115219806
1212,8.971874209,1743.692644,35203.49549,2136.136991,406.8832364,2543.020227,41845.57198732893,12693.852115219806
1213,8.971874209,1743.692644,35203.49549,2136.136991,406.8832364,2543.020227,41845.57198732893,12693.852115219806
1214,8.971874209,1743.692644,35203.49549,2136.136991,406.8832364,2543.020227,41845.57198732893,12693.852115219806
1215,8.971874209,1743.692644,35203.49549,2136.136991,406.8832364,2543.020227,41845.57198732893,12693.852115219806
1216,8.971874209,1743.692644,35203.49549,2136.136991,406.8832364,2543.020227,41845.57198732893,12693.852115219806
1217,8.971874209,1743.692644,35203.49549,2136.136991,406.8832364,2543.020227,41845.57198732893,12693.852115219806
1218,8.971874209,1743.692644,35203.49549,2136.136991,406.8832364,2543.020227,41845.57198732893,12693.852115219806
1219,8.971874209,1743.692644,35203.49549,2136.136991,406.8832364,2543.020227,41845.57198732893,12693.852115219806
1220,8.971874209,1743.692644,35203.49549,2136.136991,406.8832364,2543.020227,41845.57198732893,12693.852115219806
1221,8.971874209,1743.692644,35203.49549,2136.136991,406.8832364,2543.020227,41845.57198732893,12693.852115219806
1222,8.971874209,1743.692644,35203.49549,2136.136991,406.8832364,2543.020227,41845.57198732893,12693.852115219806
1223,8.971874209,1743.692644,35203.49549,2136.136991,406.8832364,2543.020227,41845.57198732893,12693.852115219806
1224,8.971874209,1743.692644,35203.49549,2136.136991,406.8832364,2543.020227,41845.57198732893,12693.852115219806
1225,8.971874209,1743.692644,35203.49549,2136.136991,406.8832364,2543.020227,41845.57198732893,12693.852115219806
1226,8.971874209,1743.692644,35203.49549,2136.136991,406.8832364,2543.020227,41845.57198732893,12693.852115219806
1227,8.971874209,1743.692644,35203.49549,2136.136991,406.8832364,2543.020227,41845.57198732893,12693.852115219806
1228,8.971874209,1743.692644,35203.49549,2136.136991,406.8832364,2543.020227,41845.57198732893,12693.852115219806
1229,8.971874209,1743.692644,35203.49549,2136.136991,406.8832364,2543.020227,41845.57198732893,12693.852115219806
1230,8.971874209,1743.692644,35203.49549,2136.136991,406.8832364,2543.020227,41845.57198732893,12693.852115219806
1231,8.971874209,1743.692644,35203.49549,2136.136991,406.8832364,2543.020227,41845.57198732893,12693.852115219806
1232,8.971874209,1743.692644,35203.49549,2136.136991,406.8832364,2543.020227,41845.57198732893,12693.852115219806
1233,8.971874209,1743.692644,35203.49549,2136.136991,406.8832364,2543.020227,41845.57198732893,12693.852115219806
1234,8.971874209,1743.692644,35203.49549,2136.136991,406.8832364,2543.020227,41845.57198732893,12693.852115219806
1235,8.971874209,1743.692644,35203.49549,2136.136991,406.8832364,2543.020227,41845.57198732893,12693.852115219806
1236,8.971874209,1743.692644,35203.49549,2136.136991,406.8832364,2543.020227,41845.57198732893,12693.852115219806
1237,8.971874209,1743.692644,35203.49549,2136.136991,406.8832364,2543.020227,41845.57198732893,12693.852115219806
1238,8.971874209,1743.692644,35203.49549,2136.136991,406.8832364,2543.020227,41845.57198732893,12693.852115219806
1239,8.971874209,1743.692644,35203.49549,2136.136991,406.8832364,2543.020227,41845.57198732893,12693.852115219806
1240,8.971874209,1743.692644,35203.49549,2136.136991,406.8832364,2543.020227,41845.57198732893,12693.852115219806
1241,8.971874209,1743.692644,35203.49549,2136.136991,406.8832364,2543.020227,41845.57198732893,12693.852115219806
1242,8.971874209,1743.692644,35203.49549,2136.136991,406.8832364,2543.020227,41845.57198732893,12693.852115219806
1243,8.971874209,1743.692644,35203.49549,2136.136991,406.8832364,2543.020227,41845.57198732893,12693.852115219806
1244,8.971874209,1743.692644,35203.49549,2136.136991,406.8832364,2543.020227,41845.57198732893,12693.852115219806
1245,8.971874209,1743.692644,35203.49549,2136.136991,406.8832364,2543.020227,41845.57198732893,12693.852115219806
1246,8.971874209,1743.692644,35203.49549,2136.136991,406.8832364,2543.020227,41845.57198732893,12693.852115219806
1247,8.971874209,1743.692644,35203.49549,2136.136991,406.8832364,2543.020227,41845.57198732893,12693.852115219806
1248,8.971874209,1743.692644,35203.49549,2136.136991,406.8832364,2543.020227,41845.57198732893,12693.852115219806
1249,8.971874209,1743.692644,35203.49549,2136.136991,406.8832364,2543.020227,41845.57198732893,12693.852115219806
1250,8.971874209,1743.692644,35203.49549,2136.136991,406.8832364,2543.020227,41845.57198732893,12693.852115219806
1251,8.971874209,1743.692644,35203.49549,2136.136991,406.8832364,2543.020227,41845.57198732893,12693.852115219806
1252,8.971874209,1743.692644,35203.49549,2136.136991,406.8832364,2543.020227,41845.57198732893,12693.852115219806
1253,8.971874209,1743.692644,35203.49549,2136.136991,406.8832364,2543.020227,41845.57198732893,12693.852115219806
1254,8.971874209,1743.692644,35203.49549,2136.136991,406.8832364,2543.020227,41845.57198732893,12693.852115219806
1255,8.971874209,1743.692644,35203.49549,2136.136991,406.8832364,2543.020227,41845.57198732893,12693.852115219806
1256,8.971874209,1743.692644,35203.49549,2136.136991,406.8832364,2543.020227,41845.57198732893,12693.852115219806
1257,8.971874209,1743.692644,35203.49549,2136.136991,406.8832364,2543.020227,41845.57198732893,12693.852115219806
1258,8.971874209,1743.692644,35203.49549,2136.136991,406.8832364,2543.020227,41845.57198732893,12693.852115219806
1259,8.971874209,1743.692644,35203.49549,2136.136991,406.8832364,2543.020227,41845.57198732893,12693.852115219806
1260,8.971874209,1743.692644,35203.49549,2136.136991,406.8832364,2543.020227,41845.57198732893,12693.852115219806
1261,8.971874209,1743.692644,35203.49549,2136.136991,406.8832364,2543.020227,41845.57198732893,12693.852115219806
1262,8.971874209,1743.692644,35203.49549,2136.136991,406.8832364,2543.020227,41845.57198732893,12693.852115219806
1263,8.971874209,1743.692644,35203.49549,2136.136991,406.8832364,2543.020227,41845.57198732893,12693.852115219806
1264,8.971874209,1743.692644,35203.49549,2136.136991,406.8832364,2543.020227,41845.57198732893,12693.852115219806
1265,8.971874209,1743.692644,35203.49549,2136.136991,406.8832364,2543.020227,41845.57198732893,12693.852115219806
1266,8.971874209,1743.692644,35203.49549,2136.136991,406.8832364,2543.020227,41845.57198732893,12693.852115219806
1267,8.971874209,1743.692644,35203.49549,2136.136991,406.8832364,2543.020227,41845.57198732893,12693.852115219806
1268,8.971874209,1743.692644,35203.49549,2136.136991,406.8832364,2543.020227,41845.57198732893,12693.852115219806
1269,8.971874209,1743.692644,35203.49549,2136.136991,406.8832364,2543.020227,41845.57198732893,12693.852115219806
1270,8.971874209,1743.692644,35203.49549,2136.136991,406.8832364,2543.020227,41845.57198732893,12693.852115219806
1271,8.971874209,1743.692644,35203.49549,2136.136991,406.8832364,2543.020227,41845.57198732893,12693.852115219806
1272,8.971874209,1743.692644,35203.49549,2136.136991,406.8832364,2543.020227,41845.57198732893,12693.852115219806
1273,8.971874209,1743.692644,35203.49549,2136.136991,406.8832364,2543.020227,41845.57198732893,12693.852115219806
1274,8.971874209,1743.692644,35203.49549,2136.136991,406.8832364,2543.020227,41845.57198732893,12693.852115219806
1275,8.971874209,1743.692644,35203.49549,2136.136991,406.8832364,2543.020227,41845.57198732893,12693.852115219806
1276,8.971874209,1743.692644,35203.49549,2136.136991,406.8832364,2543.020227,41845.57198732893,12693.852115219806
1277,8.971874209,1743.692644,35203.49549,2136.136991,406.8832364,2543.020227,41845.57198732893,12693.852115219806
1278,8.971874209,1743.692644,35203.49549,2136.136991,406.8832364,2543.020227,41845.57198732893,12693.852115219806
1279,8.971874209,1743.692644,35203.49549,2136.136991,406.8832364,2543.020227,41845.57198732893,12693.852115219806
1280,8.971874209,1743.692644,35203.49549,2136.136991,406.8832364,2543.020227,41845.57198732893,12693.852115219806
1281,8.971874209,1743.692644,35203.49549,2136.136991,406.8832364,2543.020227,41845.57198732893,12693.852115219806
1282,8.971874209,1743.692644,35203.49549,2136.136991,406.8832364,2543.020227,41845.57198732893,12693.852115219806
1283,8.971874209,1743.692644,35203.49549,2136.136991,406.8832364,2543.020227,41845.57198732893,12693.852115219806
1284,8.971874209,1743.692644,35203.49549,2136.136991,406.8832364,2543.020227,41845.57198732893,12693.852115219806
1285,8.971874209,1743.692644,35203.49549,2136.136991,406.8832364,2543.020227,41845.57198732893,12693.852115219806
1286,8.971874209,1743.692644,35203.49549,2136.136991,406.8832364,2543.020227,41845.57198732893,12693.852115219806
1287,8.971874209,1743.692644,35203.49549,2136.136991,406.8832364,2543.020227,41845.57198732893,12693.852115219806
1288,8.971874209,1743.692644,35203.49549,2136.136991,406.8832364,2543.020227,41845.57198732893,12693.852115219806
1289,8.971874209,1743.692644,35203.49549,2136.136991,406.8832364,2543.020227,41845.57198732893,12693.852115219806
1290,8.971874209,1743.692644,35203.49549,2136.136991,406.8832364,2543.020227,41845.57198732893,12693.852115219806
1291,8.971874209,1743.692644,35203.49549,2136.136991,406.8832364,2543.020227,41845.57198732893,12693.852115219806
1292,8.971874209,1743.692644,35203.49549,2136.136991,406.8832364,2543.020227,41845.57198732893,12693.852115219806
1293,8.971874209,1743.692644,35203.49549,2136.136991,406.8832364,2543.020227,41845.57198732893,12693.852115219806
1294,8.971874209,1743.692644,35203.49549,2136.136991,406.8832364,2543.020227,41845.57198732893,12693.852115219806
1295,8.971874209,1743.692644,35203.49549,2136.136991,406.8832364,2543.020227,41845.57198732893,12693.852115219806
1296,8.971874209,1743.692644,35203.49549,2136.136991,406.8832364,2543.020227,41845.57198732893,12693.852115219806
1297,8.971874209,1743.692644,35203.49549,2136.136991,406.8832364,2543.020227,41845.57198732893,12693.852115219806
1298,8.971874209,1743.692644,35203.49549,2136.136991,406.8832364,2543.020227,41845.57198732893,12693.852115219806
1299,8.971874209,1743.692644,35203.49549,2136.136991,406.8832364,2543.020227,41845.57198732893,12693.852115219806
1300,8.971874209,1743.692644,35203.49549,2136.136991,406.8832364,2543.020227,41845.57198732893,12693.852115219806
1301,8.971874209,1743.692644,35203.49549,2136.136991,406.8832364,2543.020227,41845.57198732893,12693.852115219806
1302,8.971874209,1743.692644,35203.49549,2136.136991,406.8832364,2543.020227,41845.57198732893,12693.852115219806
1303,8.971874209,1743.692644,35203.49549,2136.136991,406.8832364,2543.020227,41845.57198732893,12693.852115219806
1304,8.971874209,1743.692644,35203.49549,2136.136991,406.8832364,2543.020227,41845.57198732893,12693.852115219806
1305,8.971874209,1743.692644,35203.49549,2136.136991,406.8832364,2543.020227,41845.57198732893,12693.852115219806
1306,8.971874209,1743.692644,35203.49549,2136.136991,406.8832364,2543.020227,41845.57198732893,12693.852115219806
1307,8.971874209,1743.692644,35203.49549,2136.136991,406.8832364,2543.020227,41845.57198732893,12693.852115219806
1308,8.971874209,1743.692644,35203.49549,2136.136991,406.8832364,2543.020227,41845.57198732893,12693.852115219806
1309,8.971874209,1743.692644,35203.49549,2136.136991,406.8832364,2543.020227,41845.57198732893,12693.852115219806
1310,8.971874209,1743.692644,35203.49549,2136.136991,406.8832364,2543.020227,41845.57198732893,12693.852115219806
1311,8.971874209,1743.692644,35203.49549,2136.136991,406.8832364,2543.020227,41845.57198732893,12693.852115219806
1312,8.971874209,1743.692644,35203.49549,2136.136991,406.8832364,2543.020227,41845.57198732893,12693.852115219806
1313,8.971874209,1743.692644,35203.49549,2136.136991,406.8832364,2543.020227,41845.57198732893,12693.852115219806
1314,8.971874209,1743.692644,35203.49549,2136.136991,406.8832364,2543.020227,41845.57198732893,12693.852115219806
1315,8.971874209,1743.692644,35203.49549,2136.136991,406.8832364,2543.020227,41845.57198732893,12693.852115219806
1316,8.971874209,1743.692644,35203.49549,2136.136991,406.8832364,2543.020227,41845.57198732893,12693.852115219806
1317,8.971874209,1743.692644,35203.49549,2136.136991,406.8832364,2543.020227,41845.57198732893,12693.852115219806
1318,8.971874209,1743.692644,35203.49549,2136.136991,406.8832364,2543.020227,41845.57198732893,12693.852115219806
1319,8.971874209,1743.692644,35203.49549,2136.136991,406.8832364,2543.020227,41845.57198732893,12693.852115219806
1320,8.971874209,1743.692644,35203.49549,2136.136991,406.8832364,2543.020227,41845.57198732893,12693.852115219806
1321,8.971874209,1743.692644,35203.49549,2136.136991,406.8832364,2543.020227,41845.57198732893,12693.852115219806
1322,8.971874209,1743.692644,35203.49549,2136.136991,406.8832364,2543.020227,41845.57198732893,12693.852115219806
1323,8.971874209,1743.692644,35203.49549,2136.136991,406.8832364,2543.020227,41845.57198732893,12693.852115219806
1324,8.971874209,1743.692644,35203.49549,2136.136991,406.8832364,2543.020227,41845.57198732893,12693.852115219806
1325,8.971874209,1743.692644,35203.49549,2136.136991,406.8832364,2543.020227,41845.57198732893,12693.852115219806
1326,8.971874209,1743.692644,35203.49549,2136.136991,406.8832364,2543.020227,41845.57198732893,12693.852115219806
1327,8.971874209,1743.692644,35203.49549,2136.136991,406.8832364,2543.020227,41845.57198732893,12693.852115219806
1328,8.971874209,1743.692644,35203.49549,2136.136991,406.8832364,2543.020227,41845.57198732893,12693.852115219806
1329,8.971874209,1743.692644,35203.49549,2136.136991,406.8832364,2543.020227,41845.57198732893,12693.852115219806
1330,8.971874209,1743.692644,35203.49549,2136.136991,406.8832364,2543.020227,41845.57198732893,12693.852115219806
1331,8.971874209,1743.692644,35203.49549,2136.136991,406.8832364,2543.020227,41845.57198732893,12693.852115219806
1332,8.971874209,1743.692644,35203.49549,2136.136991,406.8832364,2543.020227,41845.57198732893,12693.852115219806
1333,8.971874209,1743.692644,35203.49549,2136.136991,406.8832364,2543.020227,41845.57198732893,12693.852115219806
1334,8.971874209,1743.692644,35203.49549,2136.136991,406.8832364,2543.020227,41845.57198732893,12693.852115219806
1335,8.971874209,1743.692644,35203.49549,2136.136991,406.8832364,2543.020227,41845.57198732893,12693.852115219806
1336,8.971874209,1743.692644,35203.49549,2136.136991,406.8832364,2543.020227,41845.57198732893,12693.852115219806
1337,8.971874209,1743.692644,35203.49549,2136.136991,406.8832364,2543.020227,41845.57198732893,12693.852115219806
1338,8.971874209,1743.692644,35203.49549,2136.136991,406.8832364,2543.020227,41845.57198732893,12693.852115219806
1339,8.971874209,1743.692644,35203.49549,2136.136991,406.8832364,2543.020227,41845.57198732893,12693.852115219806
1340,8.971874209,1743.692644,35203.49549,2136.136991,406.8832364,2543.020227,41845.57198732893,12693.852115219806
1341,8.971874209,1743.692644,35203.49549,2136.136991,406.8832364,2543.020227,41845.57198732893,12693.852115219806
1342,8.971874209,1743.692644,35203.49549,2136.136991,406.8832364,2543.020227,41845.57198732893,12693.852115219806
1343,8.971874209,1743.692644,35203.49549,2136.136991,406.8832364,2543.020227,41845.57198732893,12693.852115219806
1344,8.971874209,1743.692644,35203.49549,2136.136991,406.8832364,2543.020227,41845.57198732893,12693.852115219806
1345,8.971874209,1743.692644,35203.49549,2136.136991,406.8832364,2543.020227,41845.57198732893,12693.852115219806
1346,8.971874209,1743.692644,35203.49549,2136.136991,406.8832364,2543.020227,41845.57198732893,12693.852115219806
1347,8.971874209,1743.692644,35203.49549,2136.136991,406.8832364,2543.020227,41845.57198732893,12693.852115219806
1348,8.971874209,1743.692644,35203.49549,2136.136991,406.8832364,2543.020227,41845.57198732893,12693.852115219806
1349,8.971874209,1743.692644,35203.49549,2136.136991,406.8832364,2543.020227,41845.57198732893,12693.852115219806
1350,8.971874209,1743.692644,35203.49549,2136.136991,406.8832364,2543.020227,41845.57198732893,12693.852115219806
1351,8.971874209,1743.692644,35203.49549,2136.136991,406.8832364,2543.020227,41845.57198732893,12693.852115219806
1352,8.971874209,1743.692644,35203.49549,2136.136991,406.8832364,2543.020227,41845.57198732893,12693.852115219806
1353,8.971874209,1743.692644,35203.49549,2136.136991,406.8832364,2543.020227,41845.57198732893,12693.852115219806
1354,8.971874209,1743.692644,35203.49549,2136.136991,406.8832364,2543.020227,41845.57198732893,12693.852115219806
1355,8.971874209,1743.692644,35203.49549,2136.136991,406.8832364,2543.020227,41845.57198732893,12693.852115219806
1356,8.971874209,1743.692644,35203.49549,2136.136991,406.8832364,2543.020227,41845.57198732893,12693.852115219806
1357,8.971874209,1743.692644,35203.49549,2136.136991,406.8832364,2543.020227,41845.57198732893,12693.852115219806
1358,8.971874209,1743.692644,35203.49549,2136.136991,406.8832364,2543.020227,41845.57198732893,12693.852115219806
1359,8.971874209,1743.692644,35203.49549,2136.136991,406.8832364,2543.020227,41845.57198732893,12693.852115219806
1360,8.971874209,1743.692644,35203.49549,2136.136991,406.8832364,2543.020227,41845.57198732893,12693.852115219806
1361,8.971874209,1743.692644,35203.49549,2136.136991,406.8832364,2543.020227,41845.57198732893,12693.852115219806
1362,8.971874209,1743.692644,35203.49549,2136.136991,406.8832364,2543.020227,41845.57198732893,12693.852115219806
1363,8.971874209,1743.692644,35203.49549,2136.136991,406.8832364,2543.020227,41845.57198732893,12693.852115219806
1364,8.971874209,1743.692644,35203.49549,2136.136991,406.8832364,2543.020227,41845.57198732893,12693.852115219806
1365,8.971874209,1743.692644,35203.49549,2136.136991,406.8832364,2543.020227,41845.57198732893,12693.852115219806
1366,8.971874209,1743.692644,35203.49549,2136.136991,406.8832364,2543.020227,41845.57198732893,12693.852115219806
1367,8.971874209,1743.692644,35203.49549,2136.136991,406.8832364,2543.020227,41845.57198732893,12693.852115219806
1368,8.971874209,1743.692644,35203.49549,2136.136991,406.8832364,2543.020227,41845.57198732893,12693.852115219806
1369,8.971874209,1743.692644,35203.49549,2136.136991,406.8832364,2543.020227,41845.57198732893,12693.852115219806
1370,8.971874209,1743.692644,35203.49549,2136.136991,406.8832364,2543.020227,41845.57198732893,12693.852115219806
1371,8.971874209,1743.692644,35203.49549,2136.136991,406.8832364,2543.020227,41845.57198732893,12693.852115219806
1372,8.971874209,1743.692644,35203.49549,2136.136991,406.8832364,2543.020227,41845.57198732893,12693.852115219806
1373,8.971874209,1743.692644,35203.49549,2136.136991,406.8832364,2543.020227,41845.57198732893,12693.852115219806
1374,8.971874209,1743.692644,35203.49549,2136.136991,406.8832364,2543.020227,41845.57198732893,12693.852115219806
1375,8.971874209,1743.692644,35203.49549,2136.136991,406.8832364,2543.020227,41845.57198732893,12693.852115219806
1376,8.971874209,1743.692644,35203.49549,2136.136991,406.8832364,2543.020227,41845.57198732893,12693.852115219806
1377,8.971874209,1743.692644,35203.49549,2136.136991,406.8832364,2543.020227,41845.57198732893,12693.852115219806
1378,8.971874209,1743.692644,35203.49549,2136.136991,406.8832364,2543.020227,41845.57198732893,12693.852115219806
1379,8.971874209,1743.692644,35203.49549,2136.136991,406.8832364,2543.020227,41845.57198732893,12693.852115219806
1380,8.971874209,1743.692644,35203.49549,2136.136991,406.8832364,2543.020227,41845.57198732893,12693.852115219806
1381,8.971874209,1743.692644,35203.49549,2136.136991,406.8832364,2543.020227,41845.57198732893,12693.852115219806
1382,8.971874209,1743.692644,35203.49549,2136.136991,406.8832364,2543.020227,41845.57198732893,12693.852115219806
1383,8.971874209,1743.692644,35203.49549,2136.136991,406.8832364,2543.020227,41845.57198732893,12693.852115219806
1384,8.971874209,1743.692644,35203.49549,2136.136991,406.8832364,2543.020227,41845.57198732893,12693.852115219806
1385,8.971874209,1743.692644,35203.49549,2136.136991,406.8832364,2543.020227,41845.57198732893,12693.852115219806
1386,8.971874209,1743.692644,35203.49549,2136.136991,406.8832364,2543.020227,41845.57198732893,12693.852115219806
1387,8.971874209,1743.692644,35203.49549,2136.136991,406.8832364,2543.020227,41845.57198732893,12693.852115219806
1388,8.971874209,1743.692644,35203.49549,2136.136991,406.8832364,2543.020227,41845.57198732893,12693.852115219806
1389,8.971874209,1743.692644,35203.49549,2136.136991,406.8832364,2543.020227,41845.57198732893,12693.852115219806
1390,8.971874209,1743.692644,35203.49549,2136.136991,406.8832364,2543.020227,41845.57198732893,12693.852115219806
1391,8.971874209,1743.692644,35203.49549,2136.136991,406.8832364,2543.020227,41845.57198732893,12693.852115219806
1392,8.971874209,1743.692644,35203.49549,2136.136991,406.8832364,2543.020227,41845.57198732893,12693.852115219806
1393,8.971874209,1743.692644,35203.49549,2136.136991,406.8832364,2543.020227,41845.57198732893,12693.852115219806
1394,8.971874209,1743.692644,35203.49549,2136.136991,406.8832364,2543.020227,41845.57198732893,12693.852115219806
1395,8.971874209,1743.692644,35203.49549,2136.136991,406.8832364,2543.020227,41845.57198732893,12693.852115219806
1396,8.971874209,1743.692644,35203.49549,2136.136991,406.8832364,2543.020227,41845.57198732893,12693.852115219806
1397,8.971874209,1743.692644,35203.49549,2136.136991,406.8832364,2543.020227,41845.57198732893,12693.852115219806
1398,8.971874209,1743.692644,35203.49549,2136.136991,406.8832364,2543.020227,41845.57198732893,12693.852115219806
1399,8.971874209,1743.692644,35203.49549,2136.136991,406.8832364,2543.020227,41845.57198732893,12693.852115219806
1400,8.971874209,1743.692644,35203.49549,2136.136991,406.8832364,2543.020227,41845.57198732893,12693.852115219806
1401,8.971874209,1743.692644,35203.49549,2136.136991,406.8832364,2543.020227,41845.57198732893,12693.852115219806
1402,8.971874209,1743.692644,35203.49549,2136.136991,406.8832364,2543.020227,41845.57198732893,12693.852115219806
1403,8.971874209,1743.692644,35203.49549,2136.136991,406.8832364,2543.020227,41845.57198732893,12693.852115219806
1404,8.971874209,1743.692644,35203.49549,2136.136991,406.8832364,2543.020227,41845.57198732893,12693.852115219806
1405,8.971874209,1743.692644,35203.49549,2136.136991,406.8832364,2543.020227,41845.57198732893,12693.852115219806
1406,8.971874209,1743.692644,35203.49549,2136.136991,406.8832364,2543.020227,41845.57198732893,12693.852115219806
1407,8.971874209,1743.692644,35203.49549,2136.136991,406.8832364,2543.020227,41845.57198732893,12693.852115219806
1408,8.971874209,1743.692644,35203.49549,2136.136991,406.8832364,2543.020227,41845.57198732893,12693.852115219806
1409,8.971874209,1743.692644,35203.49549,2136.136991,406.8832364,2543.020227,41845.57198732893,12693.852115219806
1410,8.971874209,1743.692644,35203.49549,2136.136991,406.8832364,2543.020227,41845.57198732893,12693.852115219806
1411,8.971874209,1743.692644,35203.49549,2136.136991,406.8832364,2543.020227,41845.57198732893,12693.852115219806
1412,8.971874209,1743.692644,35203.49549,2136.136991,406.8832364,2543.020227,41845.57198732893,12693.852115219806
1413,8.971874209,1743.692644,35203.49549,2136.136991,406.8832364,2543.020227,41845.57198732893,12693.852115219806
1414,8.971874209,1743.692644,35203.49549,2136.136991,406.8832364,2543.020227,41845.57198732893,12693.852115219806
1415,8.971874209,1743.692644,35203.49549,2136.136991,406.8832364,2543.020227,41845.57198732893,12693.852115219806
1416,8.971874209,1743.692644,35203.49549,2136.136991,406.8832364,2543.020227,41845.57198732893,12693.852115219806
1417,8.971874209,1743.692644,35203.49549,2136.136991,406.8832364,2543.020227,41845.57198732893,12693.852115219806
1418,8.971874209,1743.692644,35203.49549,2136.136991,406.8832364,2543.020227,41845.57198732893,12693.852115219806
1419,8.971874209,1743.692644,35203.49549,2136.136991,406.8832364,2543.020227,41845.57198732893,12693.852115219806
1420,8.971874209,1743.692644,35203.49549,2136.136991,406.8832364,2543.020227,41845.57198732893,12693.852115219806
1421,8.971874209,1743.692644,35203.49549,2136.136991,406.8832364,2543.020227,41845.57198732893,12693.852115219806
1422,8.971874209,1743.692644,35203.49549,2136.136991,406.8832364,2543.020227,41845.57198732893,12693.852115219806
1423,8.971874209,1743.692644,35203.49549,2136.136991,406.8832364,2543.020227,41845.57198732893,12693.852115219806
1424,8.971874209,1743.692644,35203.49549,2136.136991,406.8832364,2543.020227,41845.57198732893,12693.852115219806
1425,8.971874209,1743.692644,35203.49549,2136.136991,406.8832364,2543.020227,41845.57198732893,12693.852115219806
1426,8.971874209,1743.692644,35203.49549,2136.136991,406.8832364,2543.020227,41845.57198732893,12693.852115219806
1427,8.971874209,1743.692644,35203.49549,2136.136991,406.8832364,2543.020227,41845.57198732893,12693.852115219806
1428,8.971874209,1743.692644,35203.49549,2136.136991,406.8832364,2543.020227,41845.57198732893,12693.852115219806
1429,8.971874209,1743.692644,35203.49549,2136.136991,406.8832364,2543.020227,41845.57198732893,12693.852115219806
1430,8.971874209,1743.692644,35203.49549,2136.136991,406.8832364,2543.020227,41845.57198732893,12693.852115219806
1431,8.971874209,1743.692644,35203.49549,2136.136991,406.8832364,2543.020227,41845.57198732893,12693.852115219806
1432,8.971874209,1743.692644,35203.49549,2136.136991,406.8832364,2543.020227,41845.57198732893,12693.852115219806
1433,8.971874209,1743.692644,35203.49549,2136.136991,406.8832364,2543.020227,41845.57198732893,12693.852115219806
1434,8.971874209,1743.692644,35203.49549,2136.136991,406.8832364,2543.020227,41845.57198732893,12693.852115219806
1435,8.971874209,1743.692644,35203.49549,2136.136991,406.8832364,2543.020227,41845.57198732893,12693.852115219806
1436,8.971874209,1743.692644,35203.49549,2136.136991,406.8832364,2543.020227,41845.57198732893,12693.852115219806
1437,8.971874209,1743.692644,35203.49549,2136.136991,406.8832364,2543.020227,41845.57198732893,12693.852115219806
1438,8.971874209,1743.692644,35203.49549,2136.136991,406.8832364,2543.020227,41845.57198732893,12693.852115219806
1439,8.971874209,1743.692644,35203.49549,2136.136991,406.8832364,2543.020227,41845.57198732893,12693.852115219806
1440,8.971874209,1743.692644,35203.49549,2136.136991,406.8832364,2543.020227,41845.57198732893,12693.852115219806
1441,8.971874209,1743.692644,35203.49549,2136.136991,406.8832364,2543.020227,41845.57198732893,12693.852115219806
1442,8.971874209,1743.692644,35203.49549,2136.136991,406.8832364,2543.020227,41845.57198732893,12693.852115219806
1443,8.971874209,1743.692644,35203.49549,2136.136991,406.8832364,2543.020227,41845.57198732893,12693.852115219806
1444,8.971874209,1743.692644,35203.49549,2136.136991,406.8832364,2543.020227,41845.57198732893,12693.852115219806
1445,8.971874209,1743.692644,35203.49549,2136.136991,406.8832364,2543.020227,41845.57198732893,12693.852115219806
1446,8.971874209,1743.692644,35203.49549,2136.136991,406.8832364,2543.020227,41845.57198732893,12693.852115219806
1447,8.971874209,1743.692644,35203.49549,2136.136991,406.8832364,2543.020227,41845.57198732893,12693.852115219806
1448,8.971874209,1743.692644,35203.49549,2136.136991,406.8832364,2543.020227,41845.57198732893,12693.852115219806
1449,8.971874209,1743.692644,35203.49549,2136.136991,406.8832364,2543.020227,41845.57198732893,12693.852115219806
1450,8.971874209,1743.692644,35203.49549,2136.136991,406.8832364,2543.020227,41845.57198732893,12693.852115219806
1451,8.971874209,1743.692644,35203.49549,2136.136991,406.8832364,2543.020227,41845.57198732893,12693.852115219806
1452,8.971874209,1743.692644,35203.49549,2136.136991,406.8832364,2543.020227,41845.57198732893,12693.852115219806
1453,8.971874209,1743.692644,35203.49549,2136.136991,406.8832364,2543.020227,41845.57198732893,12693.852115219806
1454,8.971874209,1743.692644,35203.49549,2136.136991,406.8832364,2543.020227,41845.57198732893,12693.852115219806
1455,8.971874209,1743.692644,35203.49549,2136.136991,406.8832364,2543.020227,41845.57198732893,12693.852115219806
1456,8.971874209,1743.692644,35203.49549,2136.136991,406.8832364,2543.020227,41845.57198732893,12693.852115219806
1457,8.971874209,1743.692644,35203.49549,2136.136991,406.8832364,2543.020227,41845.57198732893,12693.852115219806
1458,8.971874209,1743.692644,35203.49549,2136.136991,406.8832364,2543.020227,41845.57198732893,12693.852115219806
1459,8.971874209,1743.692644,35203.49549,2136.136991,406.8832364,2543.020227,41845.57198732893,12693.852115219806
1460,8.971874209,1743.692644,35203.49549,2136.136991,406.8832364,2543.020227,41845.57198732893,12693.852115219806
1461,8.971874209,1743.692644,35203.49549,2136.136991,406.8832364,2543.020227,41845.57198732893,12693.852115219806
1462,8.971874209,1743.692644,35203.49549,2136.136991,406.8832364,2543.020227,41845.57198732893,12693.852115219806
1463,8.971874209,1743.692644,35203.49549,2136.136991,406.8832364,2543.020227,41845.57198732893,12693.852115219806
1464,8.971874209,1743.692644,35203.49549,2136.136991,406.8832364,2543.020227,41845.57198732893,12693.852115219806
1465,8.971874209,1743.692644,35203.49549,2136.136991,406.8832364,2543.020227,41845.57198732893,12693.852115219806
1466,8.971874209,1743.692644,35203.49549,2136.136991,406.8832364,2543.020227,41845.57198732893,12693.852115219806
1467,8.971874209,1743.692644,35203.49549,2136.136991,406.8832364,2543.020227,41845.57198732893,12693.852115219806
1468,8.971874209,1743.692644,35203.49549,2136.136991,406.8832364,2543.020227,41845.57198732893,12693.852115219806
1469,8.971874209,1743.692644,35203.49549,2136.136991,406.8832364,2543.020227,41845.57198732893,12693.852115219806
1470,8.971874209,1743.692644,35203.49549,2136.136991,406.8832364,2543.020227,41845.57198732893,12693.852115219806
1471,8.971874209,1743.692644,35203.49549,2136.136991,406.8832364,2543.020227,41845.57198732893,12693.852115219806
1472,8.971874209,1743.692644,35203.49549,2136.136991,406.8832364,2543.020227,41845.57198732893,12693.852115219806
1473,8.971874209,1743.692644,35203.49549,2136.136991,406.8832364,2543.020227,41845.57198732893,12693.852115219806
1474,8.971874209,1743.692644,35203.49549,2136.136991,406.8832364,2543.020227,41845.57198732893,12693.852115219806
1475,8.971874209,1743.692644,35203.49549,2136.136991,406.8832364,2543.020227,41845.57198732893,12693.852115219806
1476,8.971874209,1743.692644,35203.49549,2136.136991,406.8832364,2543.020227,41845.57198732893,12693.852115219806
1477,8.971874209,1743.692644,35203.49549,2136.136991,406.8832364,2543.020227,41845.57198732893,12693.852115219806
1478,8.971874209,1743.692644,35203.49549,2136.136991,406.8832364,2543.020227,41845.57198732893,12693.852115219806
1479,8.971874209,1743.692644,35203.49549,2136.136991,406.8832364,2543.020227,41845.57198732893,12693.852115219806
1480,8.971874209,1743.692644,35203.49549,2136.136991,406.8832364,2543.020227,41845.57198732893,12693.852115219806
1481,8.971874209,1743.692644,35203.49549,2136.136991,406.8832364,2543.020227,41845.57198732893,12693.852115219806
1482,8.971874209,1743.692644,35203.49549,2136.136991,406.8832364,2543.020227,41845.57198732893,12693.852115219806
1483,8.971874209,1743.692644,35203.49549,2136.136991,406.8832364,2543.020227,41845.57198732893,12693.852115219806
1484,8.971874209,1743.692644,35203.49549,2136.136991,406.8832364,2543.020227,41845.57198732893,12693.852115219806
1485,8.971874209,1743.692644,35203.49549,2136.136991,406.8832364,2543.020227,41845.57198732893,12693.852115219806
1486,8.971874209,1743.692644,35203.49549,2136.136991,406.8832364,2543.020227,41845.57198732893,12693.852115219806
1487,8.971874209,1743.692644,35203.49549,2136.136991,406.8832364,2543.020227,41845.57198732893,12693.852115219806
1488,8.971874209,1743.692644,35203.49549,2136.136991,406.8832364,2543.020227,41845.57198732893,12693.852115219806
1489,8.971874209,1743.692644,35203.49549,2136.136991,406.8832364,2543.020227,41845.57198732893,12693.852115219806
1490,8.971874209,1743.692644,35203.49549,2136.136991,406.8832364,2543.020227,41845.57198732893,12693.852115219806
1491,8.971874209,1743.692644,35203.49549,2136.136991,406.8832364,2543.020227,41845.57198732893,12693.852115219806
1492,8.971874209,1743.692644,35203.49549,2136.136991,406.8832364,2543.020227,41845.57198732893,12693.852115219806
1493,8.971874209,1743.692644,35203.49549,2136.136991,406.8832364,2543.020227,41845.57198732893,12693.852115219806
1494,8.971874209,1743.692644,35203.49549,2136.136991,406.8832364,2543.020227,41845.57198732893,12693.852115219806
1495,8.971874209,1743.692644,35203.49549,2136.136991,406.8832364,2543.020227,41845.57198732893,12693.852115219806
1496,8.971874209,1743.692644,35203.49549,2136.136991,406.8832364,2543.020227,41845.57198732893,12693.852115219806
1497,8.971874209,1743.692644,35203.49549,2136.136991,406.8832364,2543.020227,41845.57198732893,12693.852115219806
1498,8.971874209,1743.692644,35203.49549,2136.136991,406.8832364,2543.020227,41845.57198732893,12693.852115219806
1499,8.971874209,1743.692644,35203.49549,2136.136991,406.8832364,2543.020227,41845.57198732893,12693.852115219806
1500,8.971874209,1743.692644,35203.49549,2136.136991,406.8832364,2543.020227,41845.57198732893,12693.852115219806
1501,8.971874209,1743.692644,35203.49549,2136.136991,406.8832364,2543.020227,41845.57198732893,12693.852115219806
1502,8.971874209,1743.692644,35203.49549,2136.136991,406.8832364,2543.020227,41845.57198732893,12693.852115219806
1503,8.971874209,1743.692644,35203.49549,2136.136991,406.8832364,2543.020227,41845.57198732893,12693.852115219806
1504,8.971874209,1743.692644,35203.49549,2136.136991,406.8832364,2543.020227,41845.57198732893,12693.852115219806
1505,8.971874209,1743.692644,35203.49549,2136.136991,406.8832364,2543.020227,41845.57198732893,12693.852115219806
1506,8.971874209,1743.692644,35203.49549,2136.136991,406.8832364,2543.020227,41845.57198732893,12693.852115219806
1507,8.971874209,1743.692644,35203.49549,2136.136991,406.8832364,2543.020227,41845.57198732893,12693.852115219806
1508,8.971874209,1743.692644,35203.49549,2136.136991,406.8832364,2543.020227,41845.57198732893,12693.852115219806
1509,8.971874209,1743.692644,35203.49549,2136.136991,406.8832364,2543.020227,41845.57198732893,12693.852115219806
1510,8.971874209,1743.692644,35203.49549,2136.136991,406.8832364,2543.020227,41845.57198732893,12693.852115219806
1511,8.971874209,1743.692644,35203.49549,2136.136991,406.8832364,2543.020227,41845.57198732893,12693.852115219806
1512,8.971874209,1743.692644,35203.49549,2136.136991,406.8832364,2543.020227,41845.57198732893,12693.852115219806
1513,8.971874209,1743.692644,35203.49549,2136.136991,406.8832364,2543.020227,41845.57198732893,12693.852115219806
1514,8.971874209,1743.692644,35203.49549,2136.136991,406.8832364,2543.020227,41845.57198732893,12693.852115219806
1515,8.971874209,1743.692644,35203.49549,2136.136991,406.8832364,2543.020227,41845.57198732893,12693.852115219806
1516,8.971874209,1743.692644,35203.49549,2136.136991,406.8832364,2543.020227,41845.57198732893,12693.852115219806
1517,8.971874209,1743.692644,35203.49549,2136.136991,406.8832364,2543.020227,41845.57198732893,12693.852115219806
1518,8.971874209,1743.692644,35203.49549,2136.136991,406.8832364,2543.020227,41845.57198732893,12693.852115219806
1519,8.971874209,1743.692644,35203.49549,2136.136991,406.8832364,2543.020227,41845.57198732893,12693.852115219806
1520,8.971874209,1743.692644,35203.49549,2136.136991,406.8832364,2543.020227,41845.57198732893,12693.852115219806
1521,8.971874209,1743.692644,35203.49549,2136.136991,406.8832364,2543.020227,41845.57198732893,12693.852115219806
1522,8.971874209,1743.692644,35203.49549,2136.136991,406.8832364,2543.020227,41845.57198732893,12693.852115219806
1523,8.971874209,1743.692644,35203.49549,2136.136991,406.8832364,2543.020227,41845.57198732893,12693.852115219806
1524,8.971874209,1743.692644,35203.49549,2136.136991,406.8832364,2543.020227,41845.57198732893,12693.852115219806
1525,8.971874209,1743.692644,35203.49549,2136.136991,406.8832364,2543.020227,41845.57198732893,12693.852115219806
1526,8.971874209,1743.692644,35203.49549,2136.136991,406.8832364,2543.020227,41845.57198732893,12693.852115219806
1527,8.971874209,1743.692644,35203.49549,2136.136991,406.8832364,2543.020227,41845.57198732893,12693.852115219806
1528,8.971874209,1743.692644,35203.49549,2136.136991,406.8832364,2543.020227,41845.57198732893,12693.852115219806
1529,8.971874209,1743.692644,35203.49549,2136.136991,406.8832364,2543.020227,41845.57198732893,12693.852115219806
1530,8.971874209,1743.692644,35203.49549,2136.136991,406.8832364,2543.020227,41845.57198732893,12693.852115219806
1531,8.971874209,1743.692644,35203.49549,2136.136991,406.8832364,2543.020227,41845.57198732893,12693.852115219806
1532,8.971874209,1743.692644,35203.49549,2136.136991,406.8832364,2543.020227,41845.57198732893,12693.852115219806
1533,8.971874209,1743.692644,35203.49549,2136.136991,406.8832364,2543.020227,41845.57198732893,12693.852115219806
1534,8.971874209,1743.692644,35203.49549,2136.136991,406.8832364,2543.020227,41845.57198732893,12693.852115219806
1535,8.971874209,1743.692644,35203.49549,2136.136991,406.8832364,2543.020227,41845.57198732893,12693.852115219806
1536,8.971874209,1743.692644,35203.49549,2136.136991,406.8832364,2543.020227,41845.57198732893,12693.852115219806
1537,8.971874209,1743.692644,35203.49549,2136.136991,406.8832364,2543.020227,41845.57198732893,12693.852115219806
1538,8.971874209,1743.692644,35203.49549,2136.136991,406.8832364,2543.020227,41845.57198732893,12693.852115219806
1539,8.971874209,1743.692644,35203.49549,2136.136991,406.8832364,2543.020227,41845.57198732893,12693.852115219806
1540,8.971874209,1743.692644,35203.49549,2136.136991,406.8832364,2543.020227,41845.57198732893,12693.852115219806
1541,8.971874209,1743.692644,35203.49549,2136.136991,406.8832364,2543.020227,41845.57198732893,12693.852115219806
1542,8.971874209,1743.692644,35203.49549,2136.136991,406.8832364,2543.020227,41845.57198732893,12693.852115219806
1543,8.971874209,1743.692644,35203.49549,2136.136991,406.8832364,2543.020227,41845.57198732893,12693.852115219806
1544,8.971874209,1743.692644,35203.49549,2136.136991,406.8832364,2543.020227,41845.57198732893,12693.852115219806
1545,8.971874209,1743.692644,35203.49549,2136.136991,406.8832364,2543.020227,41845.57198732893,12693.852115219806
1546,8.971874209,1743.692644,35203.49549,2136.136991,406.8832364,2543.020227,41845.57198732893,12693.852115219806
1547,8.971874209,1743.692644,35203.49549,2136.136991,406.8832364,2543.020227,41845.57198732893,12693.852115219806
1548,8.971874209,1743.692644,35203.49549,2136.136991,406.8832364,2543.020227,41845.57198732893,12693.852115219806
1549,8.971874209,1743.692644,35203.49549,2136.136991,406.8832364,2543.020227,41845.57198732893,12693.852115219806
1550,8.971874209,1743.692644,35203.49549,2136.136991,406.8832364,2543.020227,41845.57198732893,12693.852115219806
1551,8.971874209,1743.692644,35203.49549,2136.136991,406.8832364,2543.020227,41845.57198732893,12693.852115219806
1552,8.971874209,1743.692644,35203.49549,2136.136991,406.8832364,2543.020227,41845.57198732893,12693.852115219806
1553,8.971874209,1743.692644,35203.49549,2136.136991,406.8832364,2543.020227,41845.57198732893,12693.852115219806
1554,8.971874209,1743.692644,35203.49549,2136.136991,406.8832364,2543.020227,41845.57198732893,12693.852115219806
1555,8.971874209,1743.692644,35203.49549,2136.136991,406.8832364,2543.020227,41845.57198732893,12693.852115219806
1556,8.971874209,1743.692644,35203.49549,2136.136991,406.8832364,2543.020227,41845.57198732893,12693.852115219806
1557,8.971874209,1743.692644,35203.49549,2136.136991,406.8832364,2543.020227,41845.57198732893,12693.852115219806
1558,8.971874209,1743.692644,35203.49549,2136.136991,406.8832364,2543.020227,41845.57198732893,12693.852115219806
1559,8.971874209,1743.692644,35203.49549,2136.136991,406.8832364,2543.020227,41845.57198732893,12693.852115219806
1560,8.971874209,1743.692644,35203.49549,2136.136991,406.8832364,2543.020227,41845.57198732893,12693.852115219806
1561,8.971874209,1743.692644,35203.49549,2136.136991,406.8832364,2543.020227,41845.57198732893,12693.852115219806
1562,8.971874209,1743.692644,35203.49549,2136.136991,406.8832364,2543.020227,41845.57198732893,12693.852115219806
1563,8.971874209,1743.692644,35203.49549,2136.136991,406.8832364,2543.020227,41845.57198732893,12693.852115219806
1564,8.971874209,1743.692644,35203.49549,2136.136991,406.8832364,2543.020227,41845.57198732893,12693.852115219806
1565,8.971874209,1743.692644,35203.49549,2136.136991,406.8832364,2543.020227,41845.57198732893,12693.852115219806
1566,8.971874209,1743.692644,35203.49549,2136.136991,406.8832364,2543.020227,41845.57198732893,12693.852115219806
1567,8.971874209,1743.692644,35203.49549,2136.136991,406.8832364,2543.020227,41845.57198732893,12693.852115219806
1568,8.971874209,1743.692644,35203.49549,2136.136991,406.8832364,2543.020227,41845.57198732893,12693.852115219806
1569,8.971874209,1743.692644,35203.49549,2136.136991,406.8832364,2543.020227,41845.57198732893,12693.852115219806
1570,8.971874209,1743.692644,35203.49549,2136.136991,406.8832364,2543.020227,41845.57198732893,12693.852115219806
1571,8.971874209,1743.692644,35203.49549,2136.136991,406.8832364,2543.020227,41845.57198732893,12693.852115219806
1572,8.971874209,1743.692644,35203.49549,2136.136991,406.8832364,2543.020227,41845.57198732893,12693.852115219806
1573,8.971874209,1743.692644,35203.49549,2136.136991,406.8832364,2543.020227,41845.57198732893,12693.852115219806
1574,8.971874209,1743.692644,35203.49549,2136.136991,406.8832364,2543.020227,41845.57198732893,12693.852115219806
1575,8.971874209,1743.692644,35203.49549,2136.136991,406.8832364,2543.020227,41845.57198732893,12693.852115219806
1576,8.971874209,1743.692644,35203.49549,2136.136991,406.8832364,2543.020227,41845.57198732893,12693.852115219806
1577,8.971874209,1743.692644,35203.49549,2136.136991,406.8832364,2543.020227,41845.57198732893,12693.852115219806
1578,8.971874209,1743.692644,35203.49549,2136.136991,406.8832364,2543.020227,41845.57198732893,12693.852115219806
1579,8.971874209,1743.692644,35203.49549,2136.136991,406.8832364,2543.020227,41845.57198732893,12693.852115219806
1580,8.971874209,1743.692644,35203.49549,2136.136991,406.8832364,2543.020227,41845.57198732893,12693.852115219806
1581,8.971874209,1743.692644,35203.49549,2136.136991,406.8832364,2543.020227,41845.57198732893,12693.852115219806
1582,8.971874209,1743.692644,35203.49549,2136.136991,406.8832364,2543.020227,41845.57198732893,12693.852115219806
1583,8.971874209,1743.692644,35203.49549,2136.136991,406.8832364,2543.020227,41845.57198732893,12693.852115219806
1584,8.971874209,1743.692644,35203.49549,2136.136991,406.8832364,2543.020227,41845.57198732893,12693.852115219806
1585,8.971874209,1743.692644,35203.49549,2136.136991,406.8832364,2543.020227,41845.57198732893,12693.852115219806
1586,8.971874209,1743.692644,35203.49549,2136.136991,406.8832364,2543.020227,41845.57198732893,12693.852115219806
1587,8.971874209,1743.692644,35203.49549,2136.136991,406.8832364,2543.020227,41845.57198732893,12693.852115219806
1588,8.971874209,1743.692644,35203.49549,2136.136991,406.8832364,2543.020227,41845.57198732893,12693.852115219806
1589,8.971874209,1743.692644,35203.49549,2136.136991,406.8832364,2543.020227,41845.57198732893,12693.852115219806
1590,8.971874209,1743.692644,35203.49549,2136.136991,406.8832364,2543.020227,41845.57198732893,12693.852115219806
1591,8.971874209,1743.692644,35203.49549,2136.136991,406.8832364,2543.020227,41845.57198732893,12693.852115219806
1592,8.971874209,1743.692644,35203.49549,2136.136991,406.8832364,2543.020227,41845.57198732893,12693.852115219806
1593,8.971874209,1743.692644,35203.49549,2136.136991,406.8832364,2543.020227,41845.57198732893,12693.852115219806
1594,8.971874209,1743.692644,35203.49549,2136.136991,406.8832364,2543.020227,41845.57198732893,12693.852115219806
1595,8.971874209,1743.692644,35203.49549,2136.136991,406.8832364,2543.020227,41845.57198732893,12693.852115219806
1596,8.971874209,1743.692644,35203.49549,2136.136991,406.8832364,2543.020227,41845.57198732893,12693.852115219806
1597,8.971874209,1743.692644,35203.49549,2136.136991,406.8832364,2543.020227,41845.57198732893,12693.852115219806
1598,8.971874209,1743.692644,35203.49549,2136.136991,406.8832364,2543.020227,41845.57198732893,12693.852115219806
1599,8.971874209,1743.692644,35203.49549,2136.136991,406.8832364,2543.020227,41845.57198732893,12693.852115219806
1600,8.971874209,1743.692644,35203.49549,2136.136991,406.8832364,2543.020227,41845.57198732893,12693.852115219806
1601,8.971874209,1743.692644,35203.49549,2136.136991,406.8832364,2543.020227,41845.57198732893,12693.852115219806
1602,8.971874209,1743.692644,35203.49549,2136.136991,406.8832364,2543.020227,41845.57198732893,12693.852115219806
1603,8.971874209,1743.692644,35203.49549,2136.136991,406.8832364,2543.020227,41845.57198732893,12693.852115219806
1604,8.971874209,1743.692644,35203.49549,2136.136991,406.8832364,2543.020227,41845.57198732893,12693.852115219806
1605,8.971874209,1743.692644,35203.49549,2136.136991,406.8832364,2543.020227,41845.57198732893,12693.852115219806
1606,8.971874209,1743.692644,35203.49549,2136.136991,406.8832364,2543.020227,41845.57198732893,12693.852115219806
1607,8.971874209,1743.692644,35203.49549,2136.136991,406.8832364,2543.020227,41845.57198732893,12693.852115219806
1608,8.971874209,1743.692644,35203.49549,2136.136991,406.8832364,2543.020227,41845.57198732893,12693.852115219806
1609,8.971874209,1743.692644,35203.49549,2136.136991,406.8832364,2543.020227,41845.57198732893,12693.852115219806
1610,8.971874209,1743.692644,35203.49549,2136.136991,406.8832364,2543.020227,41845.57198732893,12693.852115219806
1611,8.971874209,1743.692644,35203.49549,2136.136991,406.8832364,2543.020227,41845.57198732893,12693.852115219806
1612,8.971874209,1743.692644,35203.49549,2136.136991,406.8832364,2543.020227,41845.57198732893,12693.852115219806
1613,8.971874209,1743.692644,35203.49549,2136.136991,406.8832364,2543.020227,41845.57198732893,12693.852115219806
1614,8.971874209,1743.692644,35203.49549,2136.136991,406.8832364,2543.020227,41845.57198732893,12693.852115219806
1615,8.971874209,1743.692644,35203.49549,2136.136991,406.8832364,2543.020227,41845.57198732893,12693.852115219806
1616,8.971874209,1743.692644,35203.49549,2136.136991,406.8832364,2543.020227,41845.57198732893,12693.852115219806
1617,8.971874209,1743.692644,35203.49549,2136.136991,406.8832364,2543.020227,41845.57198732893,12693.852115219806
1618,8.971874209,1743.692644,35203.49549,2136.136991,406.8832364,2543.020227,41845.57198732893,12693.852115219806
1619,8.971874209,1743.692644,35203.49549,2136.136991,406.8832364,2543.020227,41845.57198732893,12693.852115219806
1620,8.971874209,1743.692644,35203.49549,2136.136991,406.8832364,2543.020227,41845.57198732893,12693.852115219806
1621,8.971874209,1743.692644,35203.49549,2136.136991,406.8832364,2543.020227,41845.57198732893,12693.852115219806
1622,8.971874209,1743.692644,35203.49549,2136.136991,406.8832364,2543.020227,41845.57198732893,12693.852115219806
1623,8.971874209,1743.692644,35203.49549,2136.136991,406.8832364,2543.020227,41845.57198732893,12693.852115219806
1624,8.971874209,1743.692644,35203.49549,2136.136991,406.8832364,2543.020227,41845.57198732893,12693.852115219806
1625,8.971874209,1743.692644,35203.49549,2136.136991,406.8832364,2543.020227,41845.57198732893,12693.852115219806
1626,8.971874209,1743.692644,35203.49549,2136.136991,406.8832364,2543.020227,41845.57198732893,12693.852115219806
1627,8.971874209,1743.692644,35203.49549,2136.136991,406.8832364,2543.020227,41845.57198732893,12693.852115219806
1628,8.971874209,1743.692644,35203.49549,2136.136991,406.8832364,2543.020227,41845.57198732893,12693.852115219806
1629,8.971874209,1743.692644,35203.49549,2136.136991,406.8832364,2543.020227,41845.57198732893,12693.852115219806
1630,8.971874209,1743.692644,35203.49549,2136.136991,406.8832364,2543.020227,41845.57198732893,12693.852115219806
1631,8.971874209,1743.692644,35203.49549,2136.136991,406.8832364,2543.020227,41845.57198732893,12693.852115219806
1632,8.971874209,1743.692644,35203.49549,2136.136991,406.8832364,2543.020227,41845.57198732893,12693.852115219806
1633,8.971874209,1743.692644,35203.49549,2136.136991,406.8832364,2543.020227,41845.57198732893,12693.852115219806
1634,8.971874209,1743.692644,35203.49549,2136.136991,406.8832364,2543.020227,41845.57198732893,12693.852115219806
1635,8.971874209,1743.692644,35203.49549,2136.136991,406.8832364,2543.020227,41845.57198732893,12693.852115219806
1636,8.971874209,1743.692644,35203.49549,2136.136991,406.8832364,2543.020227,41845.57198732893,12693.852115219806
1637,8.971874209,1743.692644,35203.49549,2136.136991,406.8832364,2543.020227,41845.57198732893,12693.852115219806
1638,8.971874209,1743.692644,35203.49549,2136.136991,406.8832364,2543.020227,41845.57198732893,12693.852115219806
1639,8.971874209,1743.692644,35203.49549,2136.136991,406.8832364,2543.020227,41845.57198732893,12693.852115219806
1640,8.971874209,1743.692644,35203.49549,2136.136991,406.8832364,2543.020227,41845.57198732893,12693.852115219806
1641,8.971874209,1743.692644,35203.49549,2136.136991,406.8832364,2543.020227,41845.57198732893,12693.852115219806
1642,8.971874209,1743.692644,35203.49549,2136.136991,406.8832364,2543.020227,41845.57198732893,12693.852115219806
1643,8.971874209,1743.692644,35203.49549,2136.136991,406.8832364,2543.020227,41845.57198732893,12693.852115219806
1644,8.971874209,1743.692644,35203.49549,2136.136991,406.8832364,2543.020227,41845.57198732893,12693.852115219806
1645,8.971874209,1743.692644,35203.49549,2136.136991,406.8832364,2543.020227,41845.57198732893,12693.852115219806
1646,8.971874209,1743.692644,35203.49549,2136.136991,406.8832364,2543.020227,41845.57198732893,12693.852115219806
1647,8.971874209,1743.692644,35203.49549,2136.136991,406.8832364,2543.020227,41845.57198732893,12693.852115219806
1648,8.971874209,1743.692644,35203.49549,2136.136991,406.8832364,2543.020227,41845.57198732893,12693.852115219806
1649,8.971874209,1743.692644,35203.49549,2136.136991,406.8832364,2543.020227,41845.57198732893,12693.852115219806
1650,8.971874209,1743.692644,35203.49549,2136.136991,406.8832364,2543.020227,41845.57198732893,12693.852115219806
1651,8.971874209,1743.692644,35203.49549,2136.136991,406.8832364,2543.020227,41845.57198732893,12693.852115219806
1652,8.971874209,1743.692644,35203.49549,2136.136991,406.8832364,2543.020227,41845.57198732893,12693.852115219806
1653,8.971874209,1743.692644,35203.49549,2136.136991,406.8832364,2543.020227,41845.57198732893,12693.852115219806
1654,8.971874209,1743.692644,35203.49549,2136.136991,406.8832364,2543.020227,41845.57198732893,12693.852115219806
1655,8.971874209,1743.692644,35203.49549,2136.136991,406.8832364,2543.020227,41845.57198732893,12693.852115219806
1656,8.971874209,1743.692644,35203.49549,2136.136991,406.8832364,2543.020227,41845.57198732893,12693.852115219806
1657,8.971874209,1743.692644,35203.49549,2136.136991,406.8832364,2543.020227,41845.57198732893,12693.852115219806
1658,8.971874209,1743.692644,35203.49549,2136.136991,406.8832364,2543.020227,41845.57198732893,12693.852115219806
1659,8.971874209,1743.692644,35203.49549,2136.136991,406.8832364,2543.020227,41845.57198732893,12693.852115219806
1660,8.971874209,1743.692644,35203.49549,2136.136991,406.8832364,2543.020227,41845.57198732893,12693.852115219806
1661,8.971874209,1743.692644,35203.49549,2136.136991,406.8832364,2543.020227,41845.57198732893,12693.852115219806
1662,8.971874209,1743.692644,35203.49549,2136.136991,406.8832364,2543.020227,41845.57198732893,12693.852115219806
1663,8.971874209,1743.692644,35203.49549,2136.136991,406.8832364,2543.020227,41845.57198732893,12693.852115219806
1664,8.971874209,1743.692644,35203.49549,2136.136991,406.8832364,2543.020227,41845.57198732893,12693.852115219806
1665,8.971874209,1743.692644,35203.49549,2136.136991,406.8832364,2543.020227,41845.57198732893,12693.852115219806
1666,8.971874209,1743.692644,35203.49549,2136.136991,406.8832364,2543.020227,41845.57198732893,12693.852115219806
1667,8.971874209,1743.692644,35203.49549,2136.136991,406.8832364,2543.020227,41845.57198732893,12693.852115219806
1668,8.971874209,1743.692644,35203.49549,2136.136991,406.8832364,2543.020227,41845.57198732893,12693.852115219806
1669,8.971874209,1743.692644,35203.49549,2136.136991,406.8832364,2543.020227,41845.57198732893,12693.852115219806
1670,8.971874209,1743.692644,35203.49549,2136.136991,406.8832364,2543.020227,41845.57198732893,12693.852115219806
1671,8.971874209,1743.692644,35203.49549,2136.136991,406.8832364,2543.020227,41845.57198732893,12693.852115219806
1672,8.971874209,1743.692644,35203.49549,2136.136991,406.8832364,2543.020227,41845.57198732893,12693.852115219806
1673,8.971874209,1743.692644,35203.49549,2136.136991,406.8832364,2543.020227,41845.57198732893,12693.852115219806
1674,8.971874209,1743.692644,35203.49549,2136.136991,406.8832364,2543.020227,41845.57198732893,12693.852115219806
1675,8.971874209,1743.692644,35203.49549,2136.136991,406.8832364,2543.020227,41845.57198732893,12693.852115219806
1676,8.971874209,1743.692644,35203.49549,2136.136991,406.8832364,2543.020227,41845.57198732893,12693.852115219806
1677,8.971874209,1743.692644,35203.49549,2136.136991,406.8832364,2543.020227,41845.57198732893,12693.852115219806
1678,8.971874209,1743.692644,35203.49549,2136.136991,406.8832364,2543.020227,41845.57198732893,12693.852115219806
1679,8.971874209,1743.692644,35203.49549,2136.136991,406.8832364,2543.020227,41845.57198732893,12693.852115219806
1680,8.971874209,1743.692644,35203.49549,2136.136991,406.8832364,2543.020227,41845.57198732893,12693.852115219806
1681,8.971874209,1743.692644,35203.49549,2136.136991,406.8832364,2543.020227,41845.57198732893,12693.852115219806
1682,8.971874209,1743.692644,35203.49549,2136.136991,406.8832364,2543.020227,41845.57198732893,12693.852115219806
1683,8.971874209,1743.692644,35203.49549,2136.136991,406.8832364,2543.020227,41845.57198732893,12693.852115219806
1684,8.971874209,1743.692644,35203.49549,2136.136991,406.8832364,2543.020227,41845.57198732893,12693.852115219806
1685,8.971874209,1743.692644,35203.49549,2136.136991,406.8832364,2543.020227,41845.57198732893,12693.852115219806
1686,8.971874209,1743.692644,35203.49549,2136.136991,406.8832364,2543.020227,41845.57198732893,12693.852115219806
1687,8.971874209,1743.692644,35203.49549,2136.136991,406.8832364,2543.020227,41845.57198732893,12693.852115219806
1688,8.971874209,1743.692644,35203.49549,2136.136991,406.8832364,2543.020227,41845.57198732893,12693.852115219806
1689,8.971874209,1743.692644,35203.49549,2136.136991,406.8832364,2543.020227,41845.57198732893,12693.852115219806
1690,8.971874209,1743.692644,35203.49549,2136.136991,406.8832364,2543.020227,41845.57198732893,12693.852115219806
1691,8.971874209,1743.692644,35203.49549,2136.136991,406.8832364,2543.020227,41845.57198732893,12693.852115219806
1692,8.971874209,1743.692644,35203.49549,2136.136991,406.8832364,2543.020227,41845.57198732893,12693.852115219806
1693,8.971874209,1743.692644,35203.49549,2136.136991,406.8832364,2543.020227,41845.57198732893,12693.852115219806
1694,8.971874209,1743.692644,35203.49549,2136.136991,406.8832364,2543.020227,41845.57198732893,12693.852115219806
1695,8.971874209,1743.692644,35203.49549,2136.136991,406.8832364,2543.020227,41845.57198732893,12693.852115219806
1696,8.971874209,1743.692644,35203.49549,2136.136991,406.8832364,2543.020227,41845.57198732893,12693.852115219806
1697,8.971874209,1743.692644,35203.49549,2136.136991,406.8832364,2543.020227,41845.57198732893,12693.852115219806
1698,8.971874209,1743.692644,35203.49549,2136.136991,406.8832364,2543.020227,41845.57198732893,12693.852115219806
1699,8.971874209,1743.692644,35203.49549,2136.136991,406.8832364,2543.020227,41845.57198732893,12693.852115219806
1700,8.971874209,1743.692644,35203.49549,2136.136991,406.8832364,2543.020227,41845.57198732893,12693.852115219806
1701,8.971874209,1743.692644,35203.49549,2136.136991,406.8832364,2543.020227,41845.57198732893,12693.852115219806
1702,8.971874209,1743.692644,35203.49549,2136.136991,406.8832364,2543.020227,41845.57198732893,12693.852115219806
1703,8.971874209,1743.692644,35203.49549,2136.136991,406.8832364,2543.020227,41845.57198732893,12693.852115219806
1704,8.971874209,1743.692644,35203.49549,2136.136991,406.8832364,2543.020227,41845.57198732893,12693.852115219806
1705,8.971874209,1743.692644,35203.49549,2136.136991,406.8832364,2543.020227,41845.57198732893,12693.852115219806
1706,8.971874209,1743.692644,35203.49549,2136.136991,406.8832364,2543.020227,41845.57198732893,12693.852115219806
1707,8.971874209,1743.692644,35203.49549,2136.136991,406.8832364,2543.020227,41845.57198732893,12693.852115219806
1708,8.971874209,1743.692644,35203.49549,2136.136991,406.8832364,2543.020227,41845.57198732893,12693.852115219806
1709,8.971874209,1743.692644,35203.49549,2136.136991,406.8832364,2543.020227,41845.57198732893,12693.852115219806
1710,8.971874209,1743.692644,35203.49549,2136.136991,406.8832364,2543.020227,41845.57198732893,12693.852115219806
1711,8.971874209,1743.692644,35203.49549,2136.136991,406.8832364,2543.020227,41845.57198732893,12693.852115219806
1712,8.971874209,1743.692644,35203.49549,2136.136991,406.8832364,2543.020227,41845.57198732893,12693.852115219806
1713,8.971874209,1743.692644,35203.49549,2136.136991,406.8832364,2543.020227,41845.57198732893,12693.852115219806
1714,8.971874209,1743.692644,35203.49549,2136.136991,406.8832364,2543.020227,41845.57198732893,12693.852115219806
1715,8.971874209,1743.692644,35203.49549,2136.136991,406.8832364,2543.020227,41845.57198732893,12693.852115219806
1716,8.971874209,1743.692644,35203.49549,2136.136991,406.8832364,2543.020227,41845.57198732893,12693.852115219806
1717,8.971874209,1743.692644,35203.49549,2136.136991,406.8832364,2543.020227,41845.57198732893,12693.852115219806
1718,8.971874209,1743.692644,35203.49549,2136.136991,406.8832364,2543.020227,41845.57198732893,12693.852115219806
1719,8.971874209,1743.692644,35203.49549,2136.136991,406.8832364,2543.020227,41845.57198732893,12693.852115219806
1720,8.971874209,1743.692644,35203.49549,2136.136991,406.8832364,2543.020227,41845.57198732893,12693.852115219806
1721,8.971874209,1743.692644,35203.49549,2136.136991,406.8832364,2543.020227,41845.57198732893,12693.852115219806
1722,8.971874209,1743.692644,35203.49549,2136.136991,406.8832364,2543.020227,41845.57198732893,12693.852115219806
1723,8.971874209,1743.692644,35203.49549,2136.136991,406.8832364,2543.020227,41845.57198732893,12693.852115219806
1724,8.971874209,1743.692644,35203.49549,2136.136991,406.8832364,2543.020227,41845.57198732893,12693.852115219806
1725,8.971874209,1743.692644,35203.49549,2136.136991,406.8832364,2543.020227,41845.57198732893,12693.852115219806
1726,8.971874209,1743.692644,35203.49549,2136.136991,406.8832364,2543.020227,41845.57198732893,12693.852115219806
1727,8.971874209,1743.692644,35203.49549,2136.136991,406.8832364,2543.020227,41845.57198732893,12693.852115219806
1728,8.971874209,1743.692644,35203.49549,2136.136991,406.8832364,2543.020227,41845.57198732893,12693.852115219806
1729,8.971874209,1743.692644,35203.49549,2136.136991,406.8832364,2543.020227,41845.57198732893,12693.852115219806
1730,8.971874209,1743.692644,35203.49549,2136.136991,406.8832364,2543.020227,41845.57198732893,12693.852115219806
1731,8.971874209,1743.692644,35203.49549,2136.136991,406.8832364,2543.020227,41845.57198732893,12693.852115219806
1732,8.971874209,1743.692644,35203.49549,2136.136991,406.8832364,2543.020227,41845.57198732893,12693.852115219806
1733,8.971874209,1743.692644,35203.49549,2136.136991,406.8832364,2543.020227,41845.57198732893,12693.852115219806
1734,8.971874209,1743.692644,35203.49549,2136.136991,406.8832364,2543.020227,41845.57198732893,12693.852115219806
1735,8.971874209,1743.692644,35203.49549,2136.136991,406.8832364,2543.020227,41845.57198732893,12693.852115219806
1736,8.971874209,1743.692644,35203.49549,2136.136991,406.8832364,2543.020227,41845.57198732893,12693.852115219806
1737,8.971874209,1743.692644,35203.49549,2136.136991,406.8832364,2543.020227,41845.57198732893,12693.852115219806
1738,8.971874209,1743.692644,35203.49549,2136.136991,406.8832364,2543.020227,41845.57198732893,12693.852115219806
1739,8.971874209,1743.692644,35203.49549,2136.136991,406.8832364,2543.020227,41845.57198732893,12693.852115219806
1740,8.971874209,1743.692644,35203.49549,2136.136991,406.8832364,2543.020227,41845.57198732893,12693.852115219806
1741,8.971874209,1743.692644,35203.49549,2136.136991,406.8832364,2543.020227,41845.57198732893,12693.852115219806
1742,8.971874209,1743.692644,35203.49549,2136.136991,406.8832364,2543.020227,41845.57198732893,12693.852115219806
1743,8.971874209,1743.692644,35203.49549,2136.136991,406.8832364,2543.020227,41845.57198732893,12693.852115219806
1744,8.971874209,1743.692644,35203.49549,2136.136991,406.8832364,2543.020227,41845.57198732893,12693.852115219806
1745,8.971874209,1743.692644,35203.49549,2136.136991,406.8832364,2543.020227,41845.57198732893,12693.852115219806
1746,8.971874209,1743.692644,35203.49549,2136.136991,406.8832364,2543.020227,41845.57198732893,12693.852115219806
1747,8.971874209,1743.692644,35203.49549,2136.136991,406.8832364,2543.020227,41845.57198732893,12693.852115219806
1748,8.971874209,1743.692644,35203.49549,2136.136991,406.8832364,2543.020227,41845.57198732893,12693.852115219806
1749,8.971874209,1743.692644,35203.49549,2136.136991,406.8832364,2543.020227,41845.57198732893,12693.852115219806
1750,8.971874209,1743.692644,35203.49549,2136.136991,406.8832364,2543.020227,41845.57198732893,12693.852115219806
1751,8.971874209,1743.692644,35203.49549,2136.136991,406.8832364,2543.020227,41845.57198732893,12693.852115219806
1752,8.971874209,1743.692644,35203.49549,2136.136991,406.8832364,2543.020227,41845.57198732893,12693.852115219806
1753,8.971874209,1743.692644,35203.49549,2136.136991,406.8832364,2543.020227,41845.57198732893,12693.852115219806
1754,8.971874209,1743.692644,35203.49549,2136.136991,406.8832364,2543.020227,41845.57198732893,12693.852115219806
1755,8.971874209,1743.692644,35203.49549,2136.136991,406.8832364,2543.020227,41845.57198732893,12693.852115219806
1756,8.971874209,1743.692644,35203.49549,2136.136991,406.8832364,2543.020227,41845.57198732893,12693.852115219806
1757,8.971874209,1743.692644,35203.49549,2136.136991,406.8832364,2543.020227,41845.57198732893,12693.852115219806
1758,8.971874209,1743.692644,35203.49549,2136.136991,406.8832364,2543.020227,41845.57198732893,12693.852115219806
1759,8.971874209,1743.692644,35203.49549,2136.136991,406.8832364,2543.020227,41845.57198732893,12693.852115219806
1760,8.971874209,1743.692644,35203.49549,2136.136991,406.8832364,2543.020227,41845.57198732893,12693.852115219806
1761,8.971874209,1743.692644,35203.49549,2136.136991,406.8832364,2543.020227,41845.57198732893,12693.852115219806
1762,8.971874209,1743.692644,35203.49549,2136.136991,406.8832364,2543.020227,41845.57198732893,12693.852115219806
1763,8.971874209,1743.692644,35203.49549,2136.136991,406.8832364,2543.020227,41845.57198732893,12693.852115219806
1764,8.971874209,1743.692644,35203.49549,2136.136991,406.8832364,2543.020227,41845.57198732893,12693.852115219806
1765,8.971874209,1743.692644,35203.49549,2136.136991,406.8832364,2543.020227,41845.57198732893,12693.852115219806
1766,8.971874209,1743.692644,35203.49549,2136.136991,406.8832364,2543.020227,41845.57198732893,12693.852115219806
1767,8.971874209,1743.692644,35203.49549,2136.136991,406.8832364,2543.020227,41845.57198732893,12693.852115219806
1768,8.971874209,1743.692644,35203.49549,2136.136991,406.8832364,2543.020227,41845.57198732893,12693.852115219806
1769,8.971874209,1743.692644,35203.49549,2136.136991,406.8832364,2543.020227,41845.57198732893,12693.852115219806
1770,8.971874209,1743.692644,35203.49549,2136.136991,406.8832364,2543.020227,41845.57198732893,12693.852115219806
1771,8.971874209,1743.692644,35203.49549,2136.136991,406.8832364,2543.020227,41845.57198732893,12693.852115219806
1772,8.971874209,1743.692644,35203.49549,2136.136991,406.8832364,2543.020227,41845.57198732893,12693.852115219806
1773,8.971874209,1743.692644,35203.49549,2136.136991,406.8832364,2543.020227,41845.57198732893,12693.852115219806
1774,8.971874209,1743.692644,35203.49549,2136.136991,406.8832364,2543.020227,41845.57198732893,12693.852115219806
1775,8.971874209,1743.692644,35203.49549,2136.136991,406.8832364,2543.020227,41845.57198732893,12693.852115219806
1776,8.971874209,1743.692644,35203.49549,2136.136991,406.8832364,2543.020227,41845.57198732893,12693.852115219806
1777,8.971874209,1743.692644,35203.49549,2136.136991,406.8832364,2543.020227,41845.57198732893,12693.852115219806
1778,8.971874209,1743.692644,35203.49549,2136.136991,406.8832364,2543.020227,41845.57198732893,12693.852115219806
1779,8.971874209,1743.692644,35203.49549,2136.136991,406.8832364,2543.020227,41845.57198732893,12693.852115219806
1780,8.971874209,1743.692644,35203.49549,2136.136991,406.8832364,2543.020227,41845.57198732893,12693.852115219806
1781,8.971874209,1743.692644,35203.49549,2136.136991,406.8832364,2543.020227,41845.57198732893,12693.852115219806
1782,8.971874209,1743.692644,35203.49549,2136.136991,406.8832364,2543.020227,41845.57198732893,12693.852115219806
1783,8.971874209,1743.692644,35203.49549,2136.136991,406.8832364,2543.020227,41845.57198732893,12693.852115219806
1784,8.971874209,1743.692644,35203.49549,2136.136991,406.8832364,2543.020227,41845.57198732893,12693.852115219806
1785,8.971874209,1743.692644,35203.49549,2136.136991,406.8832364,2543.020227,41845.57198732893,12693.852115219806
1786,8.971874209,1743.692644,35203.49549,2136.136991,406.8832364,2543.020227,41845.57198732893,12693.852115219806
1787,8.971874209,1743.692644,35203.49549,2136.136991,406.8832364,2543.020227,41845.57198732893,12693.852115219806
1788,8.971874209,1743.692644,35203.49549,2136.136991,406.8832364,2543.020227,41845.57198732893,12693.852115219806
1789,8.971874209,1743.692644,35203.49549,2136.136991,406.8832364,2543.020227,41845.57198732893,12693.852115219806
1790,8.971874209,1743.692644,35203.49549,2136.136991,406.8832364,2543.020227,41845.57198732893,12693.852115219806
1791,8.971874209,1743.692644,35203.49549,2136.136991,406.8832364,2543.020227,41845.57198732893,12693.852115219806
1792,8.971874209,1743.692644,35203.49549,2136.136991,406.8832364,2543.020227,41845.57198732893,12693.852115219806
1793,8.971874209,1743.692644,35203.49549,2136.136991,406.8832364,2543.020227,41845.57198732893,12693.852115219806
1794,8.971874209,1743.692644,35203.49549,2136.136991,406.8832364,2543.020227,41845.57198732893,12693.852115219806
1795,8.971874209,1743.692644,35203.49549,2136.136991,406.8832364,2543.020227,41845.57198732893,12693.852115219806
1796,8.971874209,1743.692644,35203.49549,2136.136991,406.8832364,2543.020227,41845.57198732893,12693.852115219806
1797,8.971874209,1743.692644,35203.49549,2136.136991,406.8832364,2543.020227,41845.57198732893,12693.852115219806
1798,8.971874209,1743.692644,35203.49549,2136.136991,406.8832364,2543.020227,41845.57198732893,12693.852115219806
1799,8.971874209,1743.692644,35203.49549,2136.136991,406.8832364,2543.020227,41845.57198732893,12693.852115219806
1800,8.971874209,1743.692644,35203.49549,2136.136991,406.8832364,2543.020227,41845.57198732893,12693.852115219806
1801,8.971874209,1743.692644,35203.49549,2136.136991,406.8832364,2543.020227,41845.57198732893,12693.852115219806
1802,8.971874209,1743.692644,35203.49549,2136.136991,406.8832364,2543.020227,41845.57198732893,12693.852115219806
1803,8.971874209,1743.692644,35203.49549,2136.136991,406.8832364,2543.020227,41845.57198732893,12693.852115219806
1804,8.971874209,1743.692644,35203.49549,2136.136991,406.8832364,2543.020227,41845.57198732893,12693.852115219806
1805,8.971874209,1743.692644,35203.49549,2136.136991,406.8832364,2543.020227,41845.57198732893,12693.852115219806
1806,8.971874209,1743.692644,35203.49549,2136.136991,406.8832364,2543.020227,41845.57198732893,12693.852115219806
1807,8.971874209,1743.692644,35203.49549,2136.136991,406.8832364,2543.020227,41845.57198732893,12693.852115219806
1808,8.971874209,1743.692644,35203.49549,2136.136991,406.8832364,2543.020227,41845.57198732893,12693.852115219806
1809,8.971874209,1743.692644,35203.49549,2136.136991,406.8832364,2543.020227,41845.57198732893,12693.852115219806
1810,8.971874209,1743.692644,35203.49549,2136.136991,406.8832364,2543.020227,41845.57198732893,12693.852115219806
1811,8.971874209,1743.692644,35203.49549,2136.136991,406.8832364,2543.020227,41845.57198732893,12693.852115219806
1812,8.971874209,1743.692644,35203.49549,2136.136991,406.8832364,2543.020227,41845.57198732893,12693.852115219806
1813,8.971874209,1743.692644,35203.49549,2136.136991,406.8832364,2543.020227,41845.57198732893,12693.852115219806
1814,8.971874209,1743.692644,35203.49549,2136.136991,406.8832364,2543.020227,41845.57198732893,12693.852115219806
1815,8.971874209,1743.692644,35203.49549,2136.136991,406.8832364,2543.020227,41845.57198732893,12693.852115219806
1816,8.971874209,1743.692644,35203.49549,2136.136991,406.8832364,2543.020227,41845.57198732893,12693.852115219806
1817,8.971874209,1743.692644,35203.49549,2136.136991,406.8832364,2543.020227,41845.57198732893,12693.852115219806
1818,8.971874209,1743.692644,35203.49549,2136.136991,406.8832364,2543.020227,41845.57198732893,12693.852115219806
1819,8.971874209,1743.692644,35203.49549,2136.136991,406.8832364,2543.020227,41845.57198732893,12693.852115219806
1820,8.971874209,1743.692644,35203.49549,2136.136991,406.8832364,2543.020227,41845.57198732893,12693.852115219806
1821,8.971874209,1743.692644,35203.49549,2136.136991,406.8832364,2543.020227,41845.57198732893,12693.852115219806
1822,8.971874209,1743.692644,35203.49549,2136.136991,406.8832364,2543.020227,41845.57198732893,12693.852115219806
1823,8.971874209,1743.692644,35203.49549,2136.136991,406.8832364,2543.020227,41845.57198732893,12693.852115219806
1824,8.971874209,1743.692644,35203.49549,2136.136991,406.8832364,2543.020227,41845.57198732893,12693.852115219806
1825,8.971874209,1743.692644,35203.49549,2136.136991,406.8832364,2543.020227,41845.57198732893,12693.852115219806
1826,8.971874209,1743.692644,35203.49549,2136.136991,406.8832364,2543.020227,41845.57198732893,12693.852115219806
1827,8.971874209,1743.692644,35203.49549,2136.136991,406.8832364,2543.020227,41845.57198732893,12693.852115219806
1828,8.971874209,1743.692644,35203.49549,2136.136991,406.8832364,2543.020227,41845.57198732893,12693.852115219806
1829,8.971874209,1743.692644,35203.49549,2136.136991,406.8832364,2543.020227,41845.57198732893,12693.852115219806
1830,8.971874209,1743.692644,35203.49549,2136.136991,406.8832364,2543.020227,41845.57198732893,12693.852115219806
1831,8.971874209,1743.692644,35203.49549,2136.136991,406.8832364,2543.020227,41845.57198732893,12693.852115219806
1832,8.971874209,1743.692644,35203.49549,2136.136991,406.8832364,2543.020227,41845.57198732893,12693.852115219806
1833,8.971874209,1743.692644,35203.49549,2136.136991,406.8832364,2543.020227,41845.57198732893,12693.852115219806
1834,8.971874209,1743.692644,35203.49549,2136.136991,406.8832364,2543.020227,41845.57198732893,12693.852115219806
1835,8.971874209,1743.692644,35203.49549,2136.136991,406.8832364,2543.020227,41845.57198732893,12693.852115219806
1836,8.971874209,1743.692644,35203.49549,2136.136991,406.8832364,2543.020227,41845.57198732893,12693.852115219806
1837,8.971874209,1743.692644,35203.49549,2136.136991,406.8832364,2543.020227,41845.57198732893,12693.852115219806
1838,8.971874209,1743.692644,35203.49549,2136.136991,406.8832364,2543.020227,41845.57198732893,12693.852115219806
1839,8.971874209,1743.692644,35203.49549,2136.136991,406.8832364,2543.020227,41845.57198732893,12693.852115219806
1840,8.971874209,1743.692644,35203.49549,2136.136991,406.8832364,2543.020227,41845.57198732893,12693.852115219806
1841,8.971874209,1743.692644,35203.49549,2136.136991,406.8832364,2543.020227,41845.57198732893,12693.852115219806
1842,8.971874209,1743.692644,35203.49549,2136.136991,406.8832364,2543.020227,41845.57198732893,12693.852115219806
1843,8.971874209,1743.692644,35203.49549,2136.136991,406.8832364,2543.020227,41845.57198732893,12693.852115219806
1844,8.971874209,1743.692644,35203.49549,2136.136991,406.8832364,2543.020227,41845.57198732893,12693.852115219806
1845,8.971874209,1743.692644,35203.49549,2136.136991,406.8832364,2543.020227,41845.57198732893,12693.852115219806
1846,8.971874209,1743.692644,35203.49549,2136.136991,406.8832364,2543.020227,41845.57198732893,12693.852115219806
1847,8.971874209,1743.692644,35203.49549,2136.136991,406.8832364,2543.020227,41845.57198732893,12693.852115219806
1848,8.971874209,1743.692644,35203.49549,2136.136991,406.8832364,2543.020227,41845.57198732893,12693.852115219806
1849,8.971874209,1743.692644,35203.49549,2136.136991,406.8832364,2543.020227,41845.57198732893,12693.852115219806
1850,8.971874209,1743.692644,35203.49549,2136.136991,406.8832364,2543.020227,41845.57198732893,12693.852115219806
1851,8.971874209,1743.692644,35203.49549,2136.136991,406.8832364,2543.020227,41845.57198732893,12693.852115219806
1852,8.971874209,1743.692644,35203.49549,2136.136991,406.8832364,2543.020227,41845.57198732893,12693.852115219806
1853,8.971874209,1743.692644,35203.49549,2136.136991,406.8832364,2543.020227,41845.57198732893,12693.852115219806
1854,8.971874209,1743.692644,35203.49549,2136.136991,406.8832364,2543.020227,41845.57198732893,12693.852115219806
1855,8.971874209,1743.692644,35203.49549,2136.136991,406.8832364,2543.020227,41845.57198732893,12693.852115219806
1856,8.971874209,1743.692644,35203.49549,2136.136991,406.8832364,2543.020227,41845.57198732893,12693.852115219806
1857,8.971874209,1743.692644,35203.49549,2136.136991,406.8832364,2543.020227,41845.57198732893,12693.852115219806
1858,8.971874209,1743.692644,35203.49549,2136.136991,406.8832364,2543.020227,41845.57198732893,12693.852115219806
1859,8.971874209,1743.692644,35203.49549,2136.136991,406.8832364,2543.020227,41845.57198732893,12693.852115219806
1860,8.971874209,1743.692644,35203.49549,2136.136991,406.8832364,2543.020227,41845.57198732893,12693.852115219806
1861,8.971874209,1743.692644,35203.49549,2136.136991,406.8832364,2543.020227,41845.57198732893,12693.852115219806
1862,8.971874209,1743.692644,35203.49549,2136.136991,406.8832364,2543.020227,41845.57198732893,12693.852115219806
1863,8.971874209,1743.692644,35203.49549,2136.136991,406.8832364,2543.020227,41845.57198732893,12693.852115219806
1864,8.971874209,1743.692644,35203.49549,2136.136991,406.8832364,2543.020227,41845.57198732893,12693.852115219806
1865,8.971874209,1743.692644,35203.49549,2136.136991,406.8832364,2543.020227,41845.57198732893,12693.852115219806
1866,8.971874209,1743.692644,35203.49549,2136.136991,406.8832364,2543.020227,41845.57198732893,12693.852115219806
1867,8.971874209,1743.692644,35203.49549,2136.136991,406.8832364,2543.020227,41845.57198732893,12693.852115219806
1868,8.971874209,1743.692644,35203.49549,2136.136991,406.8832364,2543.020227,41845.57198732893,12693.852115219806
1869,8.971874209,1743.692644,35203.49549,2136.136991,406.8832364,2543.020227,41845.57198732893,12693.852115219806
1870,8.971874209,1743.692644,35203.49549,2136.136991,406.8832364,2543.020227,41845.57198732893,12693.852115219806
1871,8.971874209,1743.692644,35203.49549,2136.136991,406.8832364,2543.020227,41845.57198732893,12693.852115219806
1872,8.971874209,1743.692644,35203.49549,2136.136991,406.8832364,2543.020227,41845.57198732893,12693.852115219806
1873,8.971874209,1743.692644,35203.49549,2136.136991,406.8832364,2543.020227,41845.57198732893,12693.852115219806
1874,8.971874209,1743.692644,35203.49549,2136.136991,406.8832364,2543.020227,41845.57198732893,12693.852115219806
1875,8.971874209,1743.692644,35203.49549,2136.136991,406.8832364,2543.020227,41845.57198732893,12693.852115219806
1876,8.971874209,1743.692644,35203.49549,2136.136991,406.8832364,2543.020227,41845.57198732893,12693.852115219806
1877,8.971874209,1743.692644,35203.49549,2136.136991,406.8832364,2543.020227,41845.57198732893,12693.852115219806
1878,8.971874209,1743.692644,35203.49549,2136.136991,406.8832364,2543.020227,41845.57198732893,12693.852115219806
1879,8.971874209,1743.692644,35203.49549,2136.136991,406.8832364,2543.020227,41845.57198732893,12693.852115219806
1880,8.971874209,1743.692644,35203.49549,2136.136991,406.8832364,2543.020227,41845.57198732893,12693.852115219806
1881,8.971874209,1743.692644,35203.49549,2136.136991,406.8832364,2543.020227,41845.57198732893,12693.852115219806
1882,8.971874209,1743.692644,35203.49549,2136.136991,406.8832364,2543.020227,41845.57198732893,12693.852115219806
1883,8.971874209,1743.692644,35203.49549,2136.136991,406.8832364,2543.020227,41845.57198732893,12693.852115219806
1884,8.971874209,1743.692644,35203.49549,2136.136991,406.8832364,2543.020227,41845.57198732893,12693.852115219806
1885,8.971874209,1743.692644,35203.49549,2136.136991,406.8832364,2543.020227,41845.57198732893,12693.852115219806
1886,8.971874209,1743.692644,35203.49549,2136.136991,406.8832364,2543.020227,41845.57198732893,12693.852115219806
1887,8.971874209,1743.692644,35203.49549,2136.136991,406.8832364,2543.020227,41845.57198732893,12693.852115219806
1888,8.971874209,1743.692644,35203.49549,2136.136991,406.8832364,2543.020227,41845.57198732893,12693.852115219806
1889,8.971874209,1743.692644,35203.49549,2136.136991,406.8832364,2543.020227,41845.57198732893,12693.852115219806
1890,8.971874209,1743.692644,35203.49549,2136.136991,406.8832364,2543.020227,41845.57198732893,12693.852115219806
1891,8.971874209,1743.692644,35203.49549,2136.136991,406.8832364,2543.020227,41845.57198732893,12693.852115219806
1892,8.971874209,1743.692644,35203.49549,2136.136991,406.8832364,2543.020227,41845.57198732893,12693.852115219806
1893,8.971874209,1743.692644,35203.49549,2136.136991,406.8832364,2543.020227,41845.57198732893,12693.852115219806
1894,8.971874209,1743.692644,35203.49549,2136.136991,406.8832364,2543.020227,41845.57198732893,12693.852115219806
1895,8.971874209,1743.692644,35203.49549,2136.136991,406.8832364,2543.020227,41845.57198732893,12693.852115219806
1896,8.971874209,1743.692644,35203.49549,2136.136991,406.8832364,2543.020227,41845.57198732893,12693.852115219806
1897,8.971874209,1743.692644,35203.49549,2136.136991,406.8832364,2543.020227,41845.57198732893,12693.852115219806
1898,8.971874209,1743.692644,35203.49549,2136.136991,406.8832364,2543.020227,41845.57198732893,12693.852115219806
1899,8.971874209,1743.692644,35203.49549,2136.136991,406.8832364,2543.020227,41845.57198732893,12693.852115219806
1900,8.971874209,1743.692644,35203.49549,2136.136991,406.8832364,2543.020227,41845.57198732893,12693.852115219806
1901,8.971874209,1743.692644,35203.49549,2136.136991,406.8832364,2543.020227,41845.57198732893,12693.852115219806
1902,8.971874209,1743.692644,35203.49549,2136.136991,406.8832364,2543.020227,41845.57198732893,12693.852115219806
1903,8.971874209,1743.692644,35203.49549,2136.136991,406.8832364,2543.020227,41845.57198732893,12693.852115219806
1904,8.971874209,1743.692644,35203.49549,2136.136991,406.8832364,2543.020227,41845.57198732893,12693.852115219806
1905,8.971874209,1743.692644,35203.49549,2136.136991,406.8832364,2543.020227,41845.57198732893,12693.852115219806
1906,8.971874209,1743.692644,35203.49549,2136.136991,406.8832364,2543.020227,41845.57198732893,12693.852115219806
1907,8.971874209,1743.692644,35203.49549,2136.136991,406.8832364,2543.020227,41845.57198732893,12693.852115219806
1908,8.971874209,1743.692644,35203.49549,2136.136991,406.8832364,2543.020227,41845.57198732893,12693.852115219806
1909,8.971874209,1743.692644,35203.49549,2136.136991,406.8832364,2543.020227,41845.57198732893,12693.852115219806
1910,8.971874209,1743.692644,35203.49549,2136.136991,406.8832364,2543.020227,41845.57198732893,12693.852115219806
1911,8.971874209,1743.692644,35203.49549,2136.136991,406.8832364,2543.020227,41845.57198732893,12693.852115219806
1912,8.971874209,1743.692644,35203.49549,2136.136991,406.8832364,2543.020227,41845.57198732893,12693.852115219806
1913,8.971874209,1743.692644,35203.49549,2136.136991,406.8832364,2543.020227,41845.57198732893,12693.852115219806
1914,8.971874209,1743.692644,35203.49549,2136.136991,406.8832364,2543.020227,41845.57198732893,12693.852115219806
1915,8.971874209,1743.692644,35203.49549,2136.136991,406.8832364,2543.020227,41845.57198732893,12693.852115219806
1916,8.971874209,1743.692644,35203.49549,2136.136991,406.8832364,2543.020227,41845.57198732893,12693.852115219806
1917,8.971874209,1743.692644,35203.49549,2136.136991,406.8832364,2543.020227,41845.57198732893,12693.852115219806
1918,8.971874209,1743.692644,35203.49549,2136.136991,406.8832364,2543.020227,41845.57198732893,12693.852115219806
1919,8.971874209,1743.692644,35203.49549,2136.136991,406.8832364,2543.020227,41845.57198732893,12693.852115219806
1920,8.971874209,1743.692644,35203.49549,2136.136991,406.8832364,2543.020227,41845.57198732893,12693.852115219806
1921,8.971874209,1743.692644,35203.49549,2136.136991,406.8832364,2543.020227,41845.57198732893,12693.852115219806
1922,8.971874209,1743.692644,35203.49549,2136.136991,406.8832364,2543.020227,41845.57198732893,12693.852115219806
1923,8.971874209,1743.692644,35203.49549,2136.136991,406.8832364,2543.020227,41845.57198732893,12693.852115219806
1924,8.971874209,1743.692644,35203.49549,2136.136991,406.8832364,2543.020227,41845.57198732893,12693.852115219806
1925,8.971874209,1743.692644,35203.49549,2136.136991,406.8832364,2543.020227,41845.57198732893,12693.852115219806
1926,8.971874209,1743.692644,35203.49549,2136.136991,406.8832364,2543.020227,41845.57198732893,12693.852115219806
1927,8.971874209,1743.692644,35203.49549,2136.136991,406.8832364,2543.020227,41845.57198732893,12693.852115219806
1928,8.971874209,1743.692644,35203.49549,2136.136991,406.8832364,2543.020227,41845.57198732893,12693.852115219806
1929,8.971874209,1743.692644,35203.49549,2136.136991,406.8832364,2543.020227,41845.57198732893,12693.852115219806
1930,8.971874209,1743.692644,35203.49549,2136.136991,406.8832364,2543.020227,41845.57198732893,12693.852115219806
1931,8.971874209,1743.692644,35203.49549,2136.136991,406.8832364,2543.020227,41845.57198732893,12693.852115219806
1932,8.971874209,1743.692644,35203.49549,2136.136991,406.8832364,2543.020227,41845.57198732893,12693.852115219806
1933,8.971874209,1743.692644,35203.49549,2136.136991,406.8832364,2543.020227,41845.57198732893,12693.852115219806
1934,8.971874209,1743.692644,35203.49549,2136.136991,406.8832364,2543.020227,41845.57198732893,12693.852115219806
1935,8.971874209,1743.692644,35203.49549,2136.136991,406.8832364,2543.020227,41845.57198732893,12693.852115219806
1936,8.971874209,1743.692644,35203.49549,2136.136991,406.8832364,2543.020227,41845.57198732893,12693.852115219806
1937,8.971874209,1743.692644,35203.49549,2136.136991,406.8832364,2543.020227,41845.57198732893,12693.852115219806
1938,8.971874209,1743.692644,35203.49549,2136.136991,406.8832364,2543.020227,41845.57198732893,12693.852115219806
1939,8.971874209,1743.692644,35203.49549,2136.136991,406.8832364,2543.020227,41845.57198732893,12693.852115219806
1940,8.971874209,1743.692644,35203.49549,2136.136991,406.8832364,2543.020227,41845.57198732893,12693.852115219806
1941,8.971874209,1743.692644,35203.49549,2136.136991,406.8832364,2543.020227,41845.57198732893,12693.852115219806
1942,8.971874209,1743.692644,35203.49549,2136.136991,406.8832364,2543.020227,41845.57198732893,12693.852115219806
1943,8.971874209,1743.692644,35203.49549,2136.136991,406.8832364,2543.020227,41845.57198732893,12693.852115219806
1944,8.971874209,1743.692644,35203.49549,2136.136991,406.8832364,2543.020227,41845.57198732893,12693.852115219806
1945,8.971874209,1743.692644,35203.49549,2136.136991,406.8832364,2543.020227,41845.57198732893,12693.852115219806
1946,8.971874209,1743.692644,35203.49549,2136.136991,406.8832364,2543.020227,41845.57198732893,12693.852115219806
1947,8.971874209,1743.692644,35203.49549,2136.136991,406.8832364,2543.020227,41845.57198732893,12693.852115219806
1948,8.971874209,1743.692644,35203.49549,2136.136991,406.8832364,2543.020227,41845.57198732893,12693.852115219806
1949,8.971874209,1743.692644,35203.49549,2136.136991,406.8832364,2543.020227,41845.57198732893,12693.852115219806
1950,8.971874209,1743.692644,35203.49549,2136.136991,406.8832364,2543.020227,41845.57198732893,12693.852115219806
1951,8.971874209,1743.692644,35203.49549,2136.136991,406.8832364,2543.020227,41845.57198732893,12693.852115219806
1952,8.971874209,1743.692644,35203.49549,2136.136991,406.8832364,2543.020227,41845.57198732893,12693.852115219806
1953,8.971874209,1743.692644,35203.49549,2136.136991,406.8832364,2543.020227,41845.57198732893,12693.852115219806
1954,8.971874209,1743.692644,35203.49549,2136.136991,406.8832364,2543.020227,41845.57198732893,12693.852115219806
1955,8.971874209,1743.692644,35203.49549,2136.136991,406.8832364,2543.020227,41845.57198732893,12693.852115219806
1956,8.971874209,1743.692644,35203.49549,2136.136991,406.8832364,2543.020227,41845.57198732893,12693.852115219806
1957,8.971874209,1743.692644,35203.49549,2136.136991,406.8832364,2543.020227,41845.57198732893,12693.852115219806
1958,8.971874209,1743.692644,35203.49549,2136.136991,406.8832364,2543.020227,41845.57198732893,12693.852115219806
1959,8.971874209,1743.692644,35203.49549,2136.136991,406.8832364,2543.020227,41845.57198732893,12693.852115219806
1960,8.971874209,1743.692644,35203.49549,2136.136991,406.8832364,2543.020227,41845.57198732893,12693.852115219806
1961,8.971874209,1743.692644,35203.49549,2136.136991,406.8832364,2543.020227,41845.57198732893,12693.852115219806
1962,8.971874209,1743.692644,35203.49549,2136.136991,406.8832364,2543.020227,41845.57198732893,12693.852115219806
1963,8.971874209,1743.692644,35203.49549,2136.136991,406.8832364,2543.020227,41845.57198732893,12693.852115219806
1964,8.971874209,1743.692644,35203.49549,2136.136991,406.8832364,2543.020227,41845.57198732893,12693.852115219806
1965,8.971874209,1743.692644,35203.49549,2136.136991,406.8832364,2543.020227,41845.57198732893,12693.852115219806
1966,8.971874209,1743.692644,35203.49549,2136.136991,406.8832364,2543.020227,41845.57198732893,12693.852115219806
1967,8.971874209,1743.692644,35203.49549,2136.136991,406.8832364,2543.020227,41845.57198732893,12693.852115219806
1968,8.971874209,1743.692644,35203.49549,2136.136991,406.8832364,2543.020227,41845.57198732893,12693.852115219806
1969,8.971874209,1743.692644,35203.49549,2136.136991,406.8832364,2543.020227,41845.57198732893,12693.852115219806
1970,8.971874209,1743.692644,35203.49549,2136.136991,406.8832364,2543.020227,41845.57198732893,12693.852115219806
1971,8.971874209,1743.692644,35203.49549,2136.136991,406.8832364,2543.020227,41845.57198732893,12693.852115219806
1972,8.971874209,1743.692644,35203.49549,2136.136991,406.8832364,2543.020227,41845.57198732893,12693.852115219806
1973,8.971874209,1743.692644,35203.49549,2136.136991,406.8832364,2543.020227,41845.57198732893,12693.852115219806
1974,8.971874209,1743.692644,35203.49549,2136.136991,406.8832364,2543.020227,41845.57198732893,12693.852115219806
1975,8.971874209,1743.692644,35203.49549,2136.136991,406.8832364,2543.020227,41845.57198732893,12693.852115219806
1976,8.971874209,1743.692644,35203.49549,2136.136991,406.8832364,2543.020227,41845.57198732893,12693.852115219806
1977,8.971874209,1743.692644,35203.49549,2136.136991,406.8832364,2543.020227,41845.57198732893,12693.852115219806
1978,8.971874209,1743.692644,35203.49549,2136.136991,406.8832364,2543.020227,41845.57198732893,12693.852115219806
1979,8.971874209,1743.692644,35203.49549,2136.136991,406.8832364,2543.020227,41845.57198732893,12693.852115219806
1980,8.971874209,1743.692644,35203.49549,2136.136991,406.8832364,2543.020227,41845.57198732893,12693.852115219806
1981,8.971874209,1743.692644,35203.49549,2136.136991,406.8832364,2543.020227,41845.57198732893,12693.852115219806
1982,8.971874209,1743.692644,35203.49549,2136.136991,406.8832364,2543.020227,41845.57198732893,12693.852115219806
1983,8.971874209,1743.692644,35203.49549,2136.136991,406.8832364,2543.020227,41845.57198732893,12693.852115219806
1984,8.971874209,1743.692644,35203.49549,2136.136991,406.8832364,2543.020227,41845.57198732893,12693.852115219806
1985,8.971874209,1743.692644,35203.49549,2136.136991,406.8832364,2543.020227,41845.57198732893,12693.852115219806
1986,8.971874209,1743.692644,35203.49549,2136.136991,406.8832364,2543.020227,41845.57198732893,12693.852115219806
1987,8.971874209,1743.692644,35203.49549,2136.136991,406.8832364,2543.020227,41845.57198732893,12693.852115219806
1988,8.971874209,1743.692644,35203.49549,2136.136991,406.8832364,2543.020227,41845.57198732893,12693.852115219806
1989,8.971874209,1743.692644,35203.49549,2136.136991,406.8832364,2543.020227,41845.57198732893,12693.852115219806
1990,8.971874209,1743.692644,35203.49549,2136.136991,406.8832364,2543.020227,41845.57198732893,12693.852115219806
1991,8.971874209,1743.692644,35203.49549,2136.136991,406.8832364,2543.020227,41845.57198732893,12693.852115219806
1992,8.971874209,1743.692644,35203.49549,2136.136991,406.8832364,2543.020227,41845.57198732893,12693.852115219806
1993,8.971874209,1743.692644,35203.49549,2136.136991,406.8832364,2543.020227,41845.57198732893,12693.852115219806
1994,8.971874209,1743.692644,35203.49549,2136.136991,406.8832364,2543.020227,41845.57198732893,12693.852115219806
1995,8.971874209,1743.692644,35203.49549,2136.136991,406.8832364,2543.020227,41845.57198732893,12693.852115219806
1996,8.971874209,1743.692644,35203.49549,2136.136991,406.8832364,2543.020227,41845.57198732893,12693.852115219806
1997,8.971874209,1743.692644,35203.49549,2136.136991,406.8832364,2543.020227,41845.57198732893,12693.852115219806
1998,8.971874209,1743.692644,35203.49549,2136.136991,406.8832364,2543.020227,41845.57198732893,12693.852115219806
1999,8.971874209,1743.692644,35203.49549,2136.136991,406.8832364,2543.020227,41845.57198732893,12693.852115219806
2000,8.971874209,1743.692644,35203.49549,2136.136991,406.8832364,2543.020227,41845.57198732893,12693.852115219806
2001,8.971874209,1743.692644,35203.49549,2136.136991,406.8832364,2543.020227,41845.57198732893,12693.852115219806
2002,8.971874209,1743.692644,35203.49549,2136.136991,406.8832364,2543.020227,41845.57198732893,12693.852115219806
2003,8.971874209,1743.692644,35203.49549,2136.136991,406.8832364,2543.020227,41845.57198732893,12693.852115219806
2004,8.971874209,1743.692644,35203.49549,2136.136991,406.8832364,2543.020227,41845.57198732893,12693.852115219806
2005,8.971874209,1743.692644,35203.49549,2136.136991,406.8832364,2543.020227,41845.57198732893,12693.852115219806
2006,8.971874209,1743.692644,35203.49549,2136.136991,406.8832364,2543.020227,41845.57198732893,12693.852115219806
2007,8.971874209,1743.692644,35203.49549,2136.136991,406.8832364,2543.020227,41845.57198732893,12693.852115219806
2008,8.971874209,1743.692644,35203.49549,2136.136991,406.8832364,2543.020227,41845.57198732893,12693.852115219806
2009,8.971874209,1743.692644,35203.49549,2136.136991,406.8832364,2543.020227,41845.57198732893,12693.852115219806
2010,8.971874209,1743.692644,35203.49549,2136.136991,406.8832364,2543.020227,41845.57198732893,12693.852115219806
2011,8.971874209,1743.692644,35203.49549,2136.136991,406.8832364,2543.020227,41845.57198732893,12693.852115219806
2012,8.971874209,1743.692644,35203.49549,2136.136991,406.8832364,2543.020227,41845.57198732893,12693.852115219806
2013,8.971874209,1743.692644,35203.49549,2136.136991,406.8832364,2543.020227,41845.57198732893,12693.852115219806
2014,8.971874209,1743.692644,35203.49549,2136.136991,406.8832364,2543.020227,41845.57198732893,12693.852115219806
2015,8.971874209,1743.692644,35203.49549,2136.136991,406.8832364,2543.020227,41845.57198732893,12693.852115219806
2016,8.971874209,1743.692644,35203.49549,2136.136991,406.8832364,2543.020227,41845.57198732893,12693.852115219806
