Time_Index,natgas_price_BR,natgas_LNG_price_BR,coal_price_BR,coal_price_imported,uranium_price_BR,gasoline_fossil_price_BR,diesel_fossil_price_BR,jetfuel_fossil_price_BR
1,26.10,22.32,8.98,17.97,12.3,24.46,35.99,59.37
2,26.10,22.32,8.98,17.97,12.3,24.46,35.99,59.37
3,26.10,22.32,8.98,17.97,12.3,24.46,35.99,59.37
4,26.10,22.32,8.98,17.97,12.3,24.46,35.99,59.37
5,26.10,22.32,8.98,17.97,12.3,24.46,35.99,59.37
6,26.10,22.32,8.98,17.97,12.3,24.46,35.99,59.37
7,26.10,22.32,8.98,17.97,12.3,24.46,35.99,59.37
8,26.10,22.32,8.98,17.97,12.3,24.46,35.99,59.37
9,26.10,22.32,8.98,17.97,12.3,24.46,35.99,59.37
10,26.10,22.32,8.98,17.97,12.3,24.46,35.99,59.37
11,26.10,22.32,8.98,17.97,12.3,24.46,35.99,59.37
12,26.10,22.32,8.98,17.97,12.3,24.46,35.99,59.37
13,26.10,22.32,8.98,17.97,12.3,24.46,35.99,59.37
14,26.10,22.32,8.98,17.97,12.3,24.46,35.99,59.37
15,26.10,22.32,8.98,17.97,12.3,24.46,35.99,59.37
16,26.10,22.32,8.98,17.97,12.3,24.46,35.99,59.37
17,26.10,22.32,8.98,17.97,12.3,24.46,35.99,59.37
18,26.10,22.32,8.98,17.97,12.3,24.46,35.99,59.37
19,26.10,22.32,8.98,17.97,12.3,24.46,35.99,59.37
20,26.10,22.32,8.98,17.97,12.3,24.46,35.99,59.37
21,26.10,22.32,8.98,17.97,12.3,24.46,35.99,59.37
22,26.10,22.32,8.98,17.97,12.3,24.46,35.99,59.37
23,26.10,22.32,8.98,17.97,12.3,24.46,35.99,59.37
24,26.10,22.32,8.98,17.97,12.3,24.46,35.99,59.37
25,26.10,22.32,8.98,17.97,12.3,24.46,35.99,59.37
26,26.10,22.32,8.98,17.97,12.3,24.46,35.99,59.37
27,26.10,22.32,8.98,17.97,12.3,24.46,35.99,59.37
28,26.10,22.32,8.98,17.97,12.3,24.46,35.99,59.37
29,26.10,22.32,8.98,17.97,12.3,24.46,35.99,59.37
30,26.10,22.32,8.98,17.97,12.3,24.46,35.99,59.37
31,26.10,22.32,8.98,17.97,12.3,24.46,35.99,59.37
32,26.10,22.32,8.98,17.97,12.3,24.46,35.99,59.37
33,26.10,22.32,8.98,17.97,12.3,24.46,35.99,59.37
34,26.10,22.32,8.98,17.97,12.3,24.46,35.99,59.37
35,26.10,22.32,8.98,17.97,12.3,24.46,35.99,59.37
36,26.10,22.32,8.98,17.97,12.3,24.46,35.99,59.37
37,26.10,22.32,8.98,17.97,12.3,24.46,35.99,59.37
38,26.10,22.32,8.98,17.97,12.3,24.46,35.99,59.37
39,26.10,22.32,8.98,17.97,12.3,24.46,35.99,59.37
40,26.10,22.32,8.98,17.97,12.3,24.46,35.99,59.37
41,26.10,22.32,8.98,17.97,12.3,24.46,35.99,59.37
42,26.10,22.32,8.98,17.97,12.3,24.46,35.99,59.37
43,26.10,22.32,8.98,17.97,12.3,24.46,35.99,59.37
44,26.10,22.32,8.98,17.97,12.3,24.46,35.99,59.37
45,26.10,22.32,8.98,17.97,12.3,24.46,35.99,59.37
46,26.10,22.32,8.98,17.97,12.3,24.46,35.99,59.37
47,26.10,22.32,8.98,17.97,12.3,24.46,35.99,59.37
48,26.10,22.32,8.98,17.97,12.3,24.46,35.99,59.37
49,26.10,22.32,8.98,17.97,12.3,24.46,35.99,59.37
50,26.10,22.32,8.98,17.97,12.3,24.46,35.99,59.37
51,26.10,22.32,8.98,17.97,12.3,24.46,35.99,59.37
52,26.10,22.32,8.98,17.97,12.3,24.46,35.99,59.37
53,26.10,22.32,8.98,17.97,12.3,24.46,35.99,59.37
54,26.10,22.32,8.98,17.97,12.3,24.46,35.99,59.37
55,26.10,22.32,8.98,17.97,12.3,24.46,35.99,59.37
56,26.10,22.32,8.98,17.97,12.3,24.46,35.99,59.37
57,26.10,22.32,8.98,17.97,12.3,24.46,35.99,59.37
58,26.10,22.32,8.98,17.97,12.3,24.46,35.99,59.37
59,26.10,22.32,8.98,17.97,12.3,24.46,35.99,59.37
60,26.10,22.32,8.98,17.97,12.3,24.46,35.99,59.37
61,26.10,22.32,8.98,17.97,12.3,24.46,35.99,59.37
62,26.10,22.32,8.98,17.97,12.3,24.46,35.99,59.37
63,26.10,22.32,8.98,17.97,12.3,24.46,35.99,59.37
64,26.10,22.32,8.98,17.97,12.3,24.46,35.99,59.37
65,26.10,22.32,8.98,17.97,12.3,24.46,35.99,59.37
66,26.10,22.32,8.98,17.97,12.3,24.46,35.99,59.37
67,26.10,22.32,8.98,17.97,12.3,24.46,35.99,59.37
68,26.10,22.32,8.98,17.97,12.3,24.46,35.99,59.37
69,26.10,22.32,8.98,17.97,12.3,24.46,35.99,59.37
70,26.10,22.32,8.98,17.97,12.3,24.46,35.99,59.37
71,26.10,22.32,8.98,17.97,12.3,24.46,35.99,59.37
72,26.10,22.32,8.98,17.97,12.3,24.46,35.99,59.37
73,26.10,22.32,8.98,17.97,12.3,24.46,35.99,59.37
74,26.10,22.32,8.98,17.97,12.3,24.46,35.99,59.37
75,26.10,22.32,8.98,17.97,12.3,24.46,35.99,59.37
76,26.10,22.32,8.98,17.97,12.3,24.46,35.99,59.37
77,26.10,22.32,8.98,17.97,12.3,24.46,35.99,59.37
78,26.10,22.32,8.98,17.97,12.3,24.46,35.99,59.37
79,26.10,22.32,8.98,17.97,12.3,24.46,35.99,59.37
80,26.10,22.32,8.98,17.97,12.3,24.46,35.99,59.37
81,26.10,22.32,8.98,17.97,12.3,24.46,35.99,59.37
82,26.10,22.32,8.98,17.97,12.3,24.46,35.99,59.37
83,26.10,22.32,8.98,17.97,12.3,24.46,35.99,59.37
84,26.10,22.32,8.98,17.97,12.3,24.46,35.99,59.37
85,26.10,22.32,8.98,17.97,12.3,24.46,35.99,59.37
86,26.10,22.32,8.98,17.97,12.3,24.46,35.99,59.37
87,26.10,22.32,8.98,17.97,12.3,24.46,35.99,59.37
88,26.10,22.32,8.98,17.97,12.3,24.46,35.99,59.37
89,26.10,22.32,8.98,17.97,12.3,24.46,35.99,59.37
90,26.10,22.32,8.98,17.97,12.3,24.46,35.99,59.37
91,26.10,22.32,8.98,17.97,12.3,24.46,35.99,59.37
92,26.10,22.32,8.98,17.97,12.3,24.46,35.99,59.37
93,26.10,22.32,8.98,17.97,12.3,24.46,35.99,59.37
94,26.10,22.32,8.98,17.97,12.3,24.46,35.99,59.37
95,26.10,22.32,8.98,17.97,12.3,24.46,35.99,59.37
96,26.10,22.32,8.98,17.97,12.3,24.46,35.99,59.37
97,26.10,22.32,8.98,17.97,12.3,24.46,35.99,59.37
98,26.10,22.32,8.98,17.97,12.3,24.46,35.99,59.37
99,26.10,22.32,8.98,17.97,12.3,24.46,35.99,59.37
100,26.10,22.32,8.98,17.97,12.3,24.46,35.99,59.37
101,26.10,22.32,8.98,17.97,12.3,24.46,35.99,59.37
102,26.10,22.32,8.98,17.97,12.3,24.46,35.99,59.37
103,26.10,22.32,8.98,17.97,12.3,24.46,35.99,59.37
104,26.10,22.32,8.98,17.97,12.3,24.46,35.99,59.37
105,26.10,22.32,8.98,17.97,12.3,24.46,35.99,59.37
106,26.10,22.32,8.98,17.97,12.3,24.46,35.99,59.37
107,26.10,22.32,8.98,17.97,12.3,24.46,35.99,59.37
108,26.10,22.32,8.98,17.97,12.3,24.46,35.99,59.37
109,26.10,22.32,8.98,17.97,12.3,24.46,35.99,59.37
110,26.10,22.32,8.98,17.97,12.3,24.46,35.99,59.37
111,26.10,22.32,8.98,17.97,12.3,24.46,35.99,59.37
112,26.10,22.32,8.98,17.97,12.3,24.46,35.99,59.37
113,26.10,22.32,8.98,17.97,12.3,24.46,35.99,59.37
114,26.10,22.32,8.98,17.97,12.3,24.46,35.99,59.37
115,26.10,22.32,8.98,17.97,12.3,24.46,35.99,59.37
116,26.10,22.32,8.98,17.97,12.3,24.46,35.99,59.37
117,26.10,22.32,8.98,17.97,12.3,24.46,35.99,59.37
118,26.10,22.32,8.98,17.97,12.3,24.46,35.99,59.37
119,26.10,22.32,8.98,17.97,12.3,24.46,35.99,59.37
120,26.10,22.32,8.98,17.97,12.3,24.46,35.99,59.37
121,26.10,22.32,8.98,17.97,12.3,24.46,35.99,59.37
122,26.10,22.32,8.98,17.97,12.3,24.46,35.99,59.37
123,26.10,22.32,8.98,17.97,12.3,24.46,35.99,59.37
124,26.10,22.32,8.98,17.97,12.3,24.46,35.99,59.37
125,26.10,22.32,8.98,17.97,12.3,24.46,35.99,59.37
126,26.10,22.32,8.98,17.97,12.3,24.46,35.99,59.37
127,26.10,22.32,8.98,17.97,12.3,24.46,35.99,59.37
128,26.10,22.32,8.98,17.97,12.3,24.46,35.99,59.37
129,26.10,22.32,8.98,17.97,12.3,24.46,35.99,59.37
130,26.10,22.32,8.98,17.97,12.3,24.46,35.99,59.37
131,26.10,22.32,8.98,17.97,12.3,24.46,35.99,59.37
132,26.10,22.32,8.98,17.97,12.3,24.46,35.99,59.37
133,26.10,22.32,8.98,17.97,12.3,24.46,35.99,59.37
134,26.10,22.32,8.98,17.97,12.3,24.46,35.99,59.37
135,26.10,22.32,8.98,17.97,12.3,24.46,35.99,59.37
136,26.10,22.32,8.98,17.97,12.3,24.46,35.99,59.37
137,26.10,22.32,8.98,17.97,12.3,24.46,35.99,59.37
138,26.10,22.32,8.98,17.97,12.3,24.46,35.99,59.37
139,26.10,22.32,8.98,17.97,12.3,24.46,35.99,59.37
140,26.10,22.32,8.98,17.97,12.3,24.46,35.99,59.37
141,26.10,22.32,8.98,17.97,12.3,24.46,35.99,59.37
142,26.10,22.32,8.98,17.97,12.3,24.46,35.99,59.37
143,26.10,22.32,8.98,17.97,12.3,24.46,35.99,59.37
144,26.10,22.32,8.98,17.97,12.3,24.46,35.99,59.37
145,26.10,22.32,8.98,17.97,12.3,24.46,35.99,59.37
146,26.10,22.32,8.98,17.97,12.3,24.46,35.99,59.37
147,26.10,22.32,8.98,17.97,12.3,24.46,35.99,59.37
148,26.10,22.32,8.98,17.97,12.3,24.46,35.99,59.37
149,26.10,22.32,8.98,17.97,12.3,24.46,35.99,59.37
150,26.10,22.32,8.98,17.97,12.3,24.46,35.99,59.37
151,26.10,22.32,8.98,17.97,12.3,24.46,35.99,59.37
152,26.10,22.32,8.98,17.97,12.3,24.46,35.99,59.37
153,26.10,22.32,8.98,17.97,12.3,24.46,35.99,59.37
154,26.10,22.32,8.98,17.97,12.3,24.46,35.99,59.37
155,26.10,22.32,8.98,17.97,12.3,24.46,35.99,59.37
156,26.10,22.32,8.98,17.97,12.3,24.46,35.99,59.37
157,26.10,22.32,8.98,17.97,12.3,24.46,35.99,59.37
158,26.10,22.32,8.98,17.97,12.3,24.46,35.99,59.37
159,26.10,22.32,8.98,17.97,12.3,24.46,35.99,59.37
160,26.10,22.32,8.98,17.97,12.3,24.46,35.99,59.37
161,26.10,22.32,8.98,17.97,12.3,24.46,35.99,59.37
162,26.10,22.32,8.98,17.97,12.3,24.46,35.99,59.37
163,26.10,22.32,8.98,17.97,12.3,24.46,35.99,59.37
164,26.10,22.32,8.98,17.97,12.3,24.46,35.99,59.37
165,26.10,22.32,8.98,17.97,12.3,24.46,35.99,59.37
166,26.10,22.32,8.98,17.97,12.3,24.46,35.99,59.37
167,26.10,22.32,8.98,17.97,12.3,24.46,35.99,59.37
168,26.10,22.32,8.98,17.97,12.3,24.46,35.99,59.37
169,26.10,22.32,8.98,17.97,12.3,24.46,35.99,59.37
170,26.10,22.32,8.98,17.97,12.3,24.46,35.99,59.37
171,26.10,22.32,8.98,17.97,12.3,24.46,35.99,59.37
172,26.10,22.32,8.98,17.97,12.3,24.46,35.99,59.37
173,26.10,22.32,8.98,17.97,12.3,24.46,35.99,59.37
174,26.10,22.32,8.98,17.97,12.3,24.46,35.99,59.37
175,26.10,22.32,8.98,17.97,12.3,24.46,35.99,59.37
176,26.10,22.32,8.98,17.97,12.3,24.46,35.99,59.37
177,26.10,22.32,8.98,17.97,12.3,24.46,35.99,59.37
178,26.10,22.32,8.98,17.97,12.3,24.46,35.99,59.37
179,26.10,22.32,8.98,17.97,12.3,24.46,35.99,59.37
180,26.10,22.32,8.98,17.97,12.3,24.46,35.99,59.37
181,26.10,22.32,8.98,17.97,12.3,24.46,35.99,59.37
182,26.10,22.32,8.98,17.97,12.3,24.46,35.99,59.37
183,26.10,22.32,8.98,17.97,12.3,24.46,35.99,59.37
184,26.10,22.32,8.98,17.97,12.3,24.46,35.99,59.37
185,26.10,22.32,8.98,17.97,12.3,24.46,35.99,59.37
186,26.10,22.32,8.98,17.97,12.3,24.46,35.99,59.37
187,26.10,22.32,8.98,17.97,12.3,24.46,35.99,59.37
188,26.10,22.32,8.98,17.97,12.3,24.46,35.99,59.37
189,26.10,22.32,8.98,17.97,12.3,24.46,35.99,59.37
190,26.10,22.32,8.98,17.97,12.3,24.46,35.99,59.37
191,26.10,22.32,8.98,17.97,12.3,24.46,35.99,59.37
192,26.10,22.32,8.98,17.97,12.3,24.46,35.99,59.37
193,26.10,22.32,8.98,17.97,12.3,24.46,35.99,59.37
194,26.10,22.32,8.98,17.97,12.3,24.46,35.99,59.37
195,26.10,22.32,8.98,17.97,12.3,24.46,35.99,59.37
196,26.10,22.32,8.98,17.97,12.3,24.46,35.99,59.37
197,26.10,22.32,8.98,17.97,12.3,24.46,35.99,59.37
198,26.10,22.32,8.98,17.97,12.3,24.46,35.99,59.37
199,26.10,22.32,8.98,17.97,12.3,24.46,35.99,59.37
200,26.10,22.32,8.98,17.97,12.3,24.46,35.99,59.37
201,26.10,22.32,8.98,17.97,12.3,24.46,35.99,59.37
202,26.10,22.32,8.98,17.97,12.3,24.46,35.99,59.37
203,26.10,22.32,8.98,17.97,12.3,24.46,35.99,59.37
204,26.10,22.32,8.98,17.97,12.3,24.46,35.99,59.37
205,26.10,22.32,8.98,17.97,12.3,24.46,35.99,59.37
206,26.10,22.32,8.98,17.97,12.3,24.46,35.99,59.37
207,26.10,22.32,8.98,17.97,12.3,24.46,35.99,59.37
208,26.10,22.32,8.98,17.97,12.3,24.46,35.99,59.37
209,26.10,22.32,8.98,17.97,12.3,24.46,35.99,59.37
210,26.10,22.32,8.98,17.97,12.3,24.46,35.99,59.37
211,26.10,22.32,8.98,17.97,12.3,24.46,35.99,59.37
212,26.10,22.32,8.98,17.97,12.3,24.46,35.99,59.37
213,26.10,22.32,8.98,17.97,12.3,24.46,35.99,59.37
214,26.10,22.32,8.98,17.97,12.3,24.46,35.99,59.37
215,26.10,22.32,8.98,17.97,12.3,24.46,35.99,59.37
216,26.10,22.32,8.98,17.97,12.3,24.46,35.99,59.37
217,26.10,22.32,8.98,17.97,12.3,24.46,35.99,59.37
218,26.10,22.32,8.98,17.97,12.3,24.46,35.99,59.37
219,26.10,22.32,8.98,17.97,12.3,24.46,35.99,59.37
220,26.10,22.32,8.98,17.97,12.3,24.46,35.99,59.37
221,26.10,22.32,8.98,17.97,12.3,24.46,35.99,59.37
222,26.10,22.32,8.98,17.97,12.3,24.46,35.99,59.37
223,26.10,22.32,8.98,17.97,12.3,24.46,35.99,59.37
224,26.10,22.32,8.98,17.97,12.3,24.46,35.99,59.37
225,26.10,22.32,8.98,17.97,12.3,24.46,35.99,59.37
226,26.10,22.32,8.98,17.97,12.3,24.46,35.99,59.37
227,26.10,22.32,8.98,17.97,12.3,24.46,35.99,59.37
228,26.10,22.32,8.98,17.97,12.3,24.46,35.99,59.37
229,26.10,22.32,8.98,17.97,12.3,24.46,35.99,59.37
230,26.10,22.32,8.98,17.97,12.3,24.46,35.99,59.37
231,26.10,22.32,8.98,17.97,12.3,24.46,35.99,59.37
232,26.10,22.32,8.98,17.97,12.3,24.46,35.99,59.37
233,26.10,22.32,8.98,17.97,12.3,24.46,35.99,59.37
234,26.10,22.32,8.98,17.97,12.3,24.46,35.99,59.37
235,26.10,22.32,8.98,17.97,12.3,24.46,35.99,59.37
236,26.10,22.32,8.98,17.97,12.3,24.46,35.99,59.37
237,26.10,22.32,8.98,17.97,12.3,24.46,35.99,59.37
238,26.10,22.32,8.98,17.97,12.3,24.46,35.99,59.37
239,26.10,22.32,8.98,17.97,12.3,24.46,35.99,59.37
240,26.10,22.32,8.98,17.97,12.3,24.46,35.99,59.37
241,26.10,22.32,8.98,17.97,12.3,24.46,35.99,59.37
242,26.10,22.32,8.98,17.97,12.3,24.46,35.99,59.37
243,26.10,22.32,8.98,17.97,12.3,24.46,35.99,59.37
244,26.10,22.32,8.98,17.97,12.3,24.46,35.99,59.37
245,26.10,22.32,8.98,17.97,12.3,24.46,35.99,59.37
246,26.10,22.32,8.98,17.97,12.3,24.46,35.99,59.37
247,26.10,22.32,8.98,17.97,12.3,24.46,35.99,59.37
248,26.10,22.32,8.98,17.97,12.3,24.46,35.99,59.37
249,26.10,22.32,8.98,17.97,12.3,24.46,35.99,59.37
250,26.10,22.32,8.98,17.97,12.3,24.46,35.99,59.37
251,26.10,22.32,8.98,17.97,12.3,24.46,35.99,59.37
252,26.10,22.32,8.98,17.97,12.3,24.46,35.99,59.37
253,26.10,22.32,8.98,17.97,12.3,24.46,35.99,59.37
254,26.10,22.32,8.98,17.97,12.3,24.46,35.99,59.37
255,26.10,22.32,8.98,17.97,12.3,24.46,35.99,59.37
256,26.10,22.32,8.98,17.97,12.3,24.46,35.99,59.37
257,26.10,22.32,8.98,17.97,12.3,24.46,35.99,59.37
258,26.10,22.32,8.98,17.97,12.3,24.46,35.99,59.37
259,26.10,22.32,8.98,17.97,12.3,24.46,35.99,59.37
260,26.10,22.32,8.98,17.97,12.3,24.46,35.99,59.37
261,26.10,22.32,8.98,17.97,12.3,24.46,35.99,59.37
262,26.10,22.32,8.98,17.97,12.3,24.46,35.99,59.37
263,26.10,22.32,8.98,17.97,12.3,24.46,35.99,59.37
264,26.10,22.32,8.98,17.97,12.3,24.46,35.99,59.37
265,26.10,22.32,8.98,17.97,12.3,24.46,35.99,59.37
266,26.10,22.32,8.98,17.97,12.3,24.46,35.99,59.37
267,26.10,22.32,8.98,17.97,12.3,24.46,35.99,59.37
268,26.10,22.32,8.98,17.97,12.3,24.46,35.99,59.37
269,26.10,22.32,8.98,17.97,12.3,24.46,35.99,59.37
270,26.10,22.32,8.98,17.97,12.3,24.46,35.99,59.37
271,26.10,22.32,8.98,17.97,12.3,24.46,35.99,59.37
272,26.10,22.32,8.98,17.97,12.3,24.46,35.99,59.37
273,26.10,22.32,8.98,17.97,12.3,24.46,35.99,59.37
274,26.10,22.32,8.98,17.97,12.3,24.46,35.99,59.37
275,26.10,22.32,8.98,17.97,12.3,24.46,35.99,59.37
276,26.10,22.32,8.98,17.97,12.3,24.46,35.99,59.37
277,26.10,22.32,8.98,17.97,12.3,24.46,35.99,59.37
278,26.10,22.32,8.98,17.97,12.3,24.46,35.99,59.37
279,26.10,22.32,8.98,17.97,12.3,24.46,35.99,59.37
280,26.10,22.32,8.98,17.97,12.3,24.46,35.99,59.37
281,26.10,22.32,8.98,17.97,12.3,24.46,35.99,59.37
282,26.10,22.32,8.98,17.97,12.3,24.46,35.99,59.37
283,26.10,22.32,8.98,17.97,12.3,24.46,35.99,59.37
284,26.10,22.32,8.98,17.97,12.3,24.46,35.99,59.37
285,26.10,22.32,8.98,17.97,12.3,24.46,35.99,59.37
286,26.10,22.32,8.98,17.97,12.3,24.46,35.99,59.37
287,26.10,22.32,8.98,17.97,12.3,24.46,35.99,59.37
288,26.10,22.32,8.98,17.97,12.3,24.46,35.99,59.37
289,26.10,22.32,8.98,17.97,12.3,24.46,35.99,59.37
290,26.10,22.32,8.98,17.97,12.3,24.46,35.99,59.37
291,26.10,22.32,8.98,17.97,12.3,24.46,35.99,59.37
292,26.10,22.32,8.98,17.97,12.3,24.46,35.99,59.37
293,26.10,22.32,8.98,17.97,12.3,24.46,35.99,59.37
294,26.10,22.32,8.98,17.97,12.3,24.46,35.99,59.37
295,26.10,22.32,8.98,17.97,12.3,24.46,35.99,59.37
296,26.10,22.32,8.98,17.97,12.3,24.46,35.99,59.37
297,26.10,22.32,8.98,17.97,12.3,24.46,35.99,59.37
298,26.10,22.32,8.98,17.97,12.3,24.46,35.99,59.37
299,26.10,22.32,8.98,17.97,12.3,24.46,35.99,59.37
300,26.10,22.32,8.98,17.97,12.3,24.46,35.99,59.37
301,26.10,22.32,8.98,17.97,12.3,24.46,35.99,59.37
302,26.10,22.32,8.98,17.97,12.3,24.46,35.99,59.37
303,26.10,22.32,8.98,17.97,12.3,24.46,35.99,59.37
304,26.10,22.32,8.98,17.97,12.3,24.46,35.99,59.37
305,26.10,22.32,8.98,17.97,12.3,24.46,35.99,59.37
306,26.10,22.32,8.98,17.97,12.3,24.46,35.99,59.37
307,26.10,22.32,8.98,17.97,12.3,24.46,35.99,59.37
308,26.10,22.32,8.98,17.97,12.3,24.46,35.99,59.37
309,26.10,22.32,8.98,17.97,12.3,24.46,35.99,59.37
310,26.10,22.32,8.98,17.97,12.3,24.46,35.99,59.37
311,26.10,22.32,8.98,17.97,12.3,24.46,35.99,59.37
312,26.10,22.32,8.98,17.97,12.3,24.46,35.99,59.37
313,26.10,22.32,8.98,17.97,12.3,24.46,35.99,59.37
314,26.10,22.32,8.98,17.97,12.3,24.46,35.99,59.37
315,26.10,22.32,8.98,17.97,12.3,24.46,35.99,59.37
316,26.10,22.32,8.98,17.97,12.3,24.46,35.99,59.37
317,26.10,22.32,8.98,17.97,12.3,24.46,35.99,59.37
318,26.10,22.32,8.98,17.97,12.3,24.46,35.99,59.37
319,26.10,22.32,8.98,17.97,12.3,24.46,35.99,59.37
320,26.10,22.32,8.98,17.97,12.3,24.46,35.99,59.37
321,26.10,22.32,8.98,17.97,12.3,24.46,35.99,59.37
322,26.10,22.32,8.98,17.97,12.3,24.46,35.99,59.37
323,26.10,22.32,8.98,17.97,12.3,24.46,35.99,59.37
324,26.10,22.32,8.98,17.97,12.3,24.46,35.99,59.37
325,26.10,22.32,8.98,17.97,12.3,24.46,35.99,59.37
326,26.10,22.32,8.98,17.97,12.3,24.46,35.99,59.37
327,26.10,22.32,8.98,17.97,12.3,24.46,35.99,59.37
328,26.10,22.32,8.98,17.97,12.3,24.46,35.99,59.37
329,26.10,22.32,8.98,17.97,12.3,24.46,35.99,59.37
330,26.10,22.32,8.98,17.97,12.3,24.46,35.99,59.37
331,26.10,22.32,8.98,17.97,12.3,24.46,35.99,59.37
332,26.10,22.32,8.98,17.97,12.3,24.46,35.99,59.37
333,26.10,22.32,8.98,17.97,12.3,24.46,35.99,59.37
334,26.10,22.32,8.98,17.97,12.3,24.46,35.99,59.37
335,26.10,22.32,8.98,17.97,12.3,24.46,35.99,59.37
336,26.10,22.32,8.98,17.97,12.3,24.46,35.99,59.37
337,26.10,22.32,8.98,17.97,12.3,24.46,35.99,59.37
338,26.10,22.32,8.98,17.97,12.3,24.46,35.99,59.37
339,26.10,22.32,8.98,17.97,12.3,24.46,35.99,59.37
340,26.10,22.32,8.98,17.97,12.3,24.46,35.99,59.37
341,26.10,22.32,8.98,17.97,12.3,24.46,35.99,59.37
342,26.10,22.32,8.98,17.97,12.3,24.46,35.99,59.37
343,26.10,22.32,8.98,17.97,12.3,24.46,35.99,59.37
344,26.10,22.32,8.98,17.97,12.3,24.46,35.99,59.37
345,26.10,22.32,8.98,17.97,12.3,24.46,35.99,59.37
346,26.10,22.32,8.98,17.97,12.3,24.46,35.99,59.37
347,26.10,22.32,8.98,17.97,12.3,24.46,35.99,59.37
348,26.10,22.32,8.98,17.97,12.3,24.46,35.99,59.37
349,26.10,22.32,8.98,17.97,12.3,24.46,35.99,59.37
350,26.10,22.32,8.98,17.97,12.3,24.46,35.99,59.37
351,26.10,22.32,8.98,17.97,12.3,24.46,35.99,59.37
352,26.10,22.32,8.98,17.97,12.3,24.46,35.99,59.37
353,26.10,22.32,8.98,17.97,12.3,24.46,35.99,59.37
354,26.10,22.32,8.98,17.97,12.3,24.46,35.99,59.37
355,26.10,22.32,8.98,17.97,12.3,24.46,35.99,59.37
356,26.10,22.32,8.98,17.97,12.3,24.46,35.99,59.37
357,26.10,22.32,8.98,17.97,12.3,24.46,35.99,59.37
358,26.10,22.32,8.98,17.97,12.3,24.46,35.99,59.37
359,26.10,22.32,8.98,17.97,12.3,24.46,35.99,59.37
360,26.10,22.32,8.98,17.97,12.3,24.46,35.99,59.37
361,26.10,22.32,8.98,17.97,12.3,24.46,35.99,59.37
362,26.10,22.32,8.98,17.97,12.3,24.46,35.99,59.37
363,26.10,22.32,8.98,17.97,12.3,24.46,35.99,59.37
364,26.10,22.32,8.98,17.97,12.3,24.46,35.99,59.37
365,26.10,22.32,8.98,17.97,12.3,24.46,35.99,59.37
366,26.10,22.32,8.98,17.97,12.3,24.46,35.99,59.37
367,26.10,22.32,8.98,17.97,12.3,24.46,35.99,59.37
368,26.10,22.32,8.98,17.97,12.3,24.46,35.99,59.37
369,26.10,22.32,8.98,17.97,12.3,24.46,35.99,59.37
370,26.10,22.32,8.98,17.97,12.3,24.46,35.99,59.37
371,26.10,22.32,8.98,17.97,12.3,24.46,35.99,59.37
372,26.10,22.32,8.98,17.97,12.3,24.46,35.99,59.37
373,26.10,22.32,8.98,17.97,12.3,24.46,35.99,59.37
374,26.10,22.32,8.98,17.97,12.3,24.46,35.99,59.37
375,26.10,22.32,8.98,17.97,12.3,24.46,35.99,59.37
376,26.10,22.32,8.98,17.97,12.3,24.46,35.99,59.37
377,26.10,22.32,8.98,17.97,12.3,24.46,35.99,59.37
378,26.10,22.32,8.98,17.97,12.3,24.46,35.99,59.37
379,26.10,22.32,8.98,17.97,12.3,24.46,35.99,59.37
380,26.10,22.32,8.98,17.97,12.3,24.46,35.99,59.37
381,26.10,22.32,8.98,17.97,12.3,24.46,35.99,59.37
382,26.10,22.32,8.98,17.97,12.3,24.46,35.99,59.37
383,26.10,22.32,8.98,17.97,12.3,24.46,35.99,59.37
384,26.10,22.32,8.98,17.97,12.3,24.46,35.99,59.37
385,26.10,22.32,8.98,17.97,12.3,24.46,35.99,59.37
386,26.10,22.32,8.98,17.97,12.3,24.46,35.99,59.37
387,26.10,22.32,8.98,17.97,12.3,24.46,35.99,59.37
388,26.10,22.32,8.98,17.97,12.3,24.46,35.99,59.37
389,26.10,22.32,8.98,17.97,12.3,24.46,35.99,59.37
390,26.10,22.32,8.98,17.97,12.3,24.46,35.99,59.37
391,26.10,22.32,8.98,17.97,12.3,24.46,35.99,59.37
392,26.10,22.32,8.98,17.97,12.3,24.46,35.99,59.37
393,26.10,22.32,8.98,17.97,12.3,24.46,35.99,59.37
394,26.10,22.32,8.98,17.97,12.3,24.46,35.99,59.37
395,26.10,22.32,8.98,17.97,12.3,24.46,35.99,59.37
396,26.10,22.32,8.98,17.97,12.3,24.46,35.99,59.37
397,26.10,22.32,8.98,17.97,12.3,24.46,35.99,59.37
398,26.10,22.32,8.98,17.97,12.3,24.46,35.99,59.37
399,26.10,22.32,8.98,17.97,12.3,24.46,35.99,59.37
400,26.10,22.32,8.98,17.97,12.3,24.46,35.99,59.37
401,26.10,22.32,8.98,17.97,12.3,24.46,35.99,59.37
402,26.10,22.32,8.98,17.97,12.3,24.46,35.99,59.37
403,26.10,22.32,8.98,17.97,12.3,24.46,35.99,59.37
404,26.10,22.32,8.98,17.97,12.3,24.46,35.99,59.37
405,26.10,22.32,8.98,17.97,12.3,24.46,35.99,59.37
406,26.10,22.32,8.98,17.97,12.3,24.46,35.99,59.37
407,26.10,22.32,8.98,17.97,12.3,24.46,35.99,59.37
408,26.10,22.32,8.98,17.97,12.3,24.46,35.99,59.37
409,26.10,22.32,8.98,17.97,12.3,24.46,35.99,59.37
410,26.10,22.32,8.98,17.97,12.3,24.46,35.99,59.37
411,26.10,22.32,8.98,17.97,12.3,24.46,35.99,59.37
412,26.10,22.32,8.98,17.97,12.3,24.46,35.99,59.37
413,26.10,22.32,8.98,17.97,12.3,24.46,35.99,59.37
414,26.10,22.32,8.98,17.97,12.3,24.46,35.99,59.37
415,26.10,22.32,8.98,17.97,12.3,24.46,35.99,59.37
416,26.10,22.32,8.98,17.97,12.3,24.46,35.99,59.37
417,26.10,22.32,8.98,17.97,12.3,24.46,35.99,59.37
418,26.10,22.32,8.98,17.97,12.3,24.46,35.99,59.37
419,26.10,22.32,8.98,17.97,12.3,24.46,35.99,59.37
420,26.10,22.32,8.98,17.97,12.3,24.46,35.99,59.37
421,26.10,22.32,8.98,17.97,12.3,24.46,35.99,59.37
422,26.10,22.32,8.98,17.97,12.3,24.46,35.99,59.37
423,26.10,22.32,8.98,17.97,12.3,24.46,35.99,59.37
424,26.10,22.32,8.98,17.97,12.3,24.46,35.99,59.37
425,26.10,22.32,8.98,17.97,12.3,24.46,35.99,59.37
426,26.10,22.32,8.98,17.97,12.3,24.46,35.99,59.37
427,26.10,22.32,8.98,17.97,12.3,24.46,35.99,59.37
428,26.10,22.32,8.98,17.97,12.3,24.46,35.99,59.37
429,26.10,22.32,8.98,17.97,12.3,24.46,35.99,59.37
430,26.10,22.32,8.98,17.97,12.3,24.46,35.99,59.37
431,26.10,22.32,8.98,17.97,12.3,24.46,35.99,59.37
432,26.10,22.32,8.98,17.97,12.3,24.46,35.99,59.37
433,26.10,22.32,8.98,17.97,12.3,24.46,35.99,59.37
434,26.10,22.32,8.98,17.97,12.3,24.46,35.99,59.37
435,26.10,22.32,8.98,17.97,12.3,24.46,35.99,59.37
436,26.10,22.32,8.98,17.97,12.3,24.46,35.99,59.37
437,26.10,22.32,8.98,17.97,12.3,24.46,35.99,59.37
438,26.10,22.32,8.98,17.97,12.3,24.46,35.99,59.37
439,26.10,22.32,8.98,17.97,12.3,24.46,35.99,59.37
440,26.10,22.32,8.98,17.97,12.3,24.46,35.99,59.37
441,26.10,22.32,8.98,17.97,12.3,24.46,35.99,59.37
442,26.10,22.32,8.98,17.97,12.3,24.46,35.99,59.37
443,26.10,22.32,8.98,17.97,12.3,24.46,35.99,59.37
444,26.10,22.32,8.98,17.97,12.3,24.46,35.99,59.37
445,26.10,22.32,8.98,17.97,12.3,24.46,35.99,59.37
446,26.10,22.32,8.98,17.97,12.3,24.46,35.99,59.37
447,26.10,22.32,8.98,17.97,12.3,24.46,35.99,59.37
448,26.10,22.32,8.98,17.97,12.3,24.46,35.99,59.37
449,26.10,22.32,8.98,17.97,12.3,24.46,35.99,59.37
450,26.10,22.32,8.98,17.97,12.3,24.46,35.99,59.37
451,26.10,22.32,8.98,17.97,12.3,24.46,35.99,59.37
452,26.10,22.32,8.98,17.97,12.3,24.46,35.99,59.37
453,26.10,22.32,8.98,17.97,12.3,24.46,35.99,59.37
454,26.10,22.32,8.98,17.97,12.3,24.46,35.99,59.37
455,26.10,22.32,8.98,17.97,12.3,24.46,35.99,59.37
456,26.10,22.32,8.98,17.97,12.3,24.46,35.99,59.37
457,26.10,22.32,8.98,17.97,12.3,24.46,35.99,59.37
458,26.10,22.32,8.98,17.97,12.3,24.46,35.99,59.37
459,26.10,22.32,8.98,17.97,12.3,24.46,35.99,59.37
460,26.10,22.32,8.98,17.97,12.3,24.46,35.99,59.37
461,26.10,22.32,8.98,17.97,12.3,24.46,35.99,59.37
462,26.10,22.32,8.98,17.97,12.3,24.46,35.99,59.37
463,26.10,22.32,8.98,17.97,12.3,24.46,35.99,59.37
464,26.10,22.32,8.98,17.97,12.3,24.46,35.99,59.37
465,26.10,22.32,8.98,17.97,12.3,24.46,35.99,59.37
466,26.10,22.32,8.98,17.97,12.3,24.46,35.99,59.37
467,26.10,22.32,8.98,17.97,12.3,24.46,35.99,59.37
468,26.10,22.32,8.98,17.97,12.3,24.46,35.99,59.37
469,26.10,22.32,8.98,17.97,12.3,24.46,35.99,59.37
470,26.10,22.32,8.98,17.97,12.3,24.46,35.99,59.37
471,26.10,22.32,8.98,17.97,12.3,24.46,35.99,59.37
472,26.10,22.32,8.98,17.97,12.3,24.46,35.99,59.37
473,26.10,22.32,8.98,17.97,12.3,24.46,35.99,59.37
474,26.10,22.32,8.98,17.97,12.3,24.46,35.99,59.37
475,26.10,22.32,8.98,17.97,12.3,24.46,35.99,59.37
476,26.10,22.32,8.98,17.97,12.3,24.46,35.99,59.37
477,26.10,22.32,8.98,17.97,12.3,24.46,35.99,59.37
478,26.10,22.32,8.98,17.97,12.3,24.46,35.99,59.37
479,26.10,22.32,8.98,17.97,12.3,24.46,35.99,59.37
480,26.10,22.32,8.98,17.97,12.3,24.46,35.99,59.37
481,26.10,22.32,8.98,17.97,12.3,24.46,35.99,59.37
482,26.10,22.32,8.98,17.97,12.3,24.46,35.99,59.37
483,26.10,22.32,8.98,17.97,12.3,24.46,35.99,59.37
484,26.10,22.32,8.98,17.97,12.3,24.46,35.99,59.37
485,26.10,22.32,8.98,17.97,12.3,24.46,35.99,59.37
486,26.10,22.32,8.98,17.97,12.3,24.46,35.99,59.37
487,26.10,22.32,8.98,17.97,12.3,24.46,35.99,59.37
488,26.10,22.32,8.98,17.97,12.3,24.46,35.99,59.37
489,26.10,22.32,8.98,17.97,12.3,24.46,35.99,59.37
490,26.10,22.32,8.98,17.97,12.3,24.46,35.99,59.37
491,26.10,22.32,8.98,17.97,12.3,24.46,35.99,59.37
492,26.10,22.32,8.98,17.97,12.3,24.46,35.99,59.37
493,26.10,22.32,8.98,17.97,12.3,24.46,35.99,59.37
494,26.10,22.32,8.98,17.97,12.3,24.46,35.99,59.37
495,26.10,22.32,8.98,17.97,12.3,24.46,35.99,59.37
496,26.10,22.32,8.98,17.97,12.3,24.46,35.99,59.37
497,26.10,22.32,8.98,17.97,12.3,24.46,35.99,59.37
498,26.10,22.32,8.98,17.97,12.3,24.46,35.99,59.37
499,26.10,22.32,8.98,17.97,12.3,24.46,35.99,59.37
500,26.10,22.32,8.98,17.97,12.3,24.46,35.99,59.37
501,26.10,22.32,8.98,17.97,12.3,24.46,35.99,59.37
502,26.10,22.32,8.98,17.97,12.3,24.46,35.99,59.37
503,26.10,22.32,8.98,17.97,12.3,24.46,35.99,59.37
504,26.10,22.32,8.98,17.97,12.3,24.46,35.99,59.37
505,26.10,22.32,8.98,17.97,12.3,24.46,35.99,59.37
506,26.10,22.32,8.98,17.97,12.3,24.46,35.99,59.37
507,26.10,22.32,8.98,17.97,12.3,24.46,35.99,59.37
508,26.10,22.32,8.98,17.97,12.3,24.46,35.99,59.37
509,26.10,22.32,8.98,17.97,12.3,24.46,35.99,59.37
510,26.10,22.32,8.98,17.97,12.3,24.46,35.99,59.37
511,26.10,22.32,8.98,17.97,12.3,24.46,35.99,59.37
512,26.10,22.32,8.98,17.97,12.3,24.46,35.99,59.37
513,26.10,22.32,8.98,17.97,12.3,24.46,35.99,59.37
514,26.10,22.32,8.98,17.97,12.3,24.46,35.99,59.37
515,26.10,22.32,8.98,17.97,12.3,24.46,35.99,59.37
516,26.10,22.32,8.98,17.97,12.3,24.46,35.99,59.37
517,26.10,22.32,8.98,17.97,12.3,24.46,35.99,59.37
518,26.10,22.32,8.98,17.97,12.3,24.46,35.99,59.37
519,26.10,22.32,8.98,17.97,12.3,24.46,35.99,59.37
520,26.10,22.32,8.98,17.97,12.3,24.46,35.99,59.37
521,26.10,22.32,8.98,17.97,12.3,24.46,35.99,59.37
522,26.10,22.32,8.98,17.97,12.3,24.46,35.99,59.37
523,26.10,22.32,8.98,17.97,12.3,24.46,35.99,59.37
524,26.10,22.32,8.98,17.97,12.3,24.46,35.99,59.37
525,26.10,22.32,8.98,17.97,12.3,24.46,35.99,59.37
526,26.10,22.32,8.98,17.97,12.3,24.46,35.99,59.37
527,26.10,22.32,8.98,17.97,12.3,24.46,35.99,59.37
528,26.10,22.32,8.98,17.97,12.3,24.46,35.99,59.37
529,26.10,22.32,8.98,17.97,12.3,24.46,35.99,59.37
530,26.10,22.32,8.98,17.97,12.3,24.46,35.99,59.37
531,26.10,22.32,8.98,17.97,12.3,24.46,35.99,59.37
532,26.10,22.32,8.98,17.97,12.3,24.46,35.99,59.37
533,26.10,22.32,8.98,17.97,12.3,24.46,35.99,59.37
534,26.10,22.32,8.98,17.97,12.3,24.46,35.99,59.37
535,26.10,22.32,8.98,17.97,12.3,24.46,35.99,59.37
536,26.10,22.32,8.98,17.97,12.3,24.46,35.99,59.37
537,26.10,22.32,8.98,17.97,12.3,24.46,35.99,59.37
538,26.10,22.32,8.98,17.97,12.3,24.46,35.99,59.37
539,26.10,22.32,8.98,17.97,12.3,24.46,35.99,59.37
540,26.10,22.32,8.98,17.97,12.3,24.46,35.99,59.37
541,26.10,22.32,8.98,17.97,12.3,24.46,35.99,59.37
542,26.10,22.32,8.98,17.97,12.3,24.46,35.99,59.37
543,26.10,22.32,8.98,17.97,12.3,24.46,35.99,59.37
544,26.10,22.32,8.98,17.97,12.3,24.46,35.99,59.37
545,26.10,22.32,8.98,17.97,12.3,24.46,35.99,59.37
546,26.10,22.32,8.98,17.97,12.3,24.46,35.99,59.37
547,26.10,22.32,8.98,17.97,12.3,24.46,35.99,59.37
548,26.10,22.32,8.98,17.97,12.3,24.46,35.99,59.37
549,26.10,22.32,8.98,17.97,12.3,24.46,35.99,59.37
550,26.10,22.32,8.98,17.97,12.3,24.46,35.99,59.37
551,26.10,22.32,8.98,17.97,12.3,24.46,35.99,59.37
552,26.10,22.32,8.98,17.97,12.3,24.46,35.99,59.37
553,26.10,22.32,8.98,17.97,12.3,24.46,35.99,59.37
554,26.10,22.32,8.98,17.97,12.3,24.46,35.99,59.37
555,26.10,22.32,8.98,17.97,12.3,24.46,35.99,59.37
556,26.10,22.32,8.98,17.97,12.3,24.46,35.99,59.37
557,26.10,22.32,8.98,17.97,12.3,24.46,35.99,59.37
558,26.10,22.32,8.98,17.97,12.3,24.46,35.99,59.37
559,26.10,22.32,8.98,17.97,12.3,24.46,35.99,59.37
560,26.10,22.32,8.98,17.97,12.3,24.46,35.99,59.37
561,26.10,22.32,8.98,17.97,12.3,24.46,35.99,59.37
562,26.10,22.32,8.98,17.97,12.3,24.46,35.99,59.37
563,26.10,22.32,8.98,17.97,12.3,24.46,35.99,59.37
564,26.10,22.32,8.98,17.97,12.3,24.46,35.99,59.37
565,26.10,22.32,8.98,17.97,12.3,24.46,35.99,59.37
566,26.10,22.32,8.98,17.97,12.3,24.46,35.99,59.37
567,26.10,22.32,8.98,17.97,12.3,24.46,35.99,59.37
568,26.10,22.32,8.98,17.97,12.3,24.46,35.99,59.37
569,26.10,22.32,8.98,17.97,12.3,24.46,35.99,59.37
570,26.10,22.32,8.98,17.97,12.3,24.46,35.99,59.37
571,26.10,22.32,8.98,17.97,12.3,24.46,35.99,59.37
572,26.10,22.32,8.98,17.97,12.3,24.46,35.99,59.37
573,26.10,22.32,8.98,17.97,12.3,24.46,35.99,59.37
574,26.10,22.32,8.98,17.97,12.3,24.46,35.99,59.37
575,26.10,22.32,8.98,17.97,12.3,24.46,35.99,59.37
576,26.10,22.32,8.98,17.97,12.3,24.46,35.99,59.37
577,26.10,22.32,8.98,17.97,12.3,24.46,35.99,59.37
578,26.10,22.32,8.98,17.97,12.3,24.46,35.99,59.37
579,26.10,22.32,8.98,17.97,12.3,24.46,35.99,59.37
580,26.10,22.32,8.98,17.97,12.3,24.46,35.99,59.37
581,26.10,22.32,8.98,17.97,12.3,24.46,35.99,59.37
582,26.10,22.32,8.98,17.97,12.3,24.46,35.99,59.37
583,26.10,22.32,8.98,17.97,12.3,24.46,35.99,59.37
584,26.10,22.32,8.98,17.97,12.3,24.46,35.99,59.37
585,26.10,22.32,8.98,17.97,12.3,24.46,35.99,59.37
586,26.10,22.32,8.98,17.97,12.3,24.46,35.99,59.37
587,26.10,22.32,8.98,17.97,12.3,24.46,35.99,59.37
588,26.10,22.32,8.98,17.97,12.3,24.46,35.99,59.37
589,26.10,22.32,8.98,17.97,12.3,24.46,35.99,59.37
590,26.10,22.32,8.98,17.97,12.3,24.46,35.99,59.37
591,26.10,22.32,8.98,17.97,12.3,24.46,35.99,59.37
592,26.10,22.32,8.98,17.97,12.3,24.46,35.99,59.37
593,26.10,22.32,8.98,17.97,12.3,24.46,35.99,59.37
594,26.10,22.32,8.98,17.97,12.3,24.46,35.99,59.37
595,26.10,22.32,8.98,17.97,12.3,24.46,35.99,59.37
596,26.10,22.32,8.98,17.97,12.3,24.46,35.99,59.37
597,26.10,22.32,8.98,17.97,12.3,24.46,35.99,59.37
598,26.10,22.32,8.98,17.97,12.3,24.46,35.99,59.37
599,26.10,22.32,8.98,17.97,12.3,24.46,35.99,59.37
600,26.10,22.32,8.98,17.97,12.3,24.46,35.99,59.37
601,26.10,22.32,8.98,17.97,12.3,24.46,35.99,59.37
602,26.10,22.32,8.98,17.97,12.3,24.46,35.99,59.37
603,26.10,22.32,8.98,17.97,12.3,24.46,35.99,59.37
604,26.10,22.32,8.98,17.97,12.3,24.46,35.99,59.37
605,26.10,22.32,8.98,17.97,12.3,24.46,35.99,59.37
606,26.10,22.32,8.98,17.97,12.3,24.46,35.99,59.37
607,26.10,22.32,8.98,17.97,12.3,24.46,35.99,59.37
608,26.10,22.32,8.98,17.97,12.3,24.46,35.99,59.37
609,26.10,22.32,8.98,17.97,12.3,24.46,35.99,59.37
610,26.10,22.32,8.98,17.97,12.3,24.46,35.99,59.37
611,26.10,22.32,8.98,17.97,12.3,24.46,35.99,59.37
612,26.10,22.32,8.98,17.97,12.3,24.46,35.99,59.37
613,26.10,22.32,8.98,17.97,12.3,24.46,35.99,59.37
614,26.10,22.32,8.98,17.97,12.3,24.46,35.99,59.37
615,26.10,22.32,8.98,17.97,12.3,24.46,35.99,59.37
616,26.10,22.32,8.98,17.97,12.3,24.46,35.99,59.37
617,26.10,22.32,8.98,17.97,12.3,24.46,35.99,59.37
618,26.10,22.32,8.98,17.97,12.3,24.46,35.99,59.37
619,26.10,22.32,8.98,17.97,12.3,24.46,35.99,59.37
620,26.10,22.32,8.98,17.97,12.3,24.46,35.99,59.37
621,26.10,22.32,8.98,17.97,12.3,24.46,35.99,59.37
622,26.10,22.32,8.98,17.97,12.3,24.46,35.99,59.37
623,26.10,22.32,8.98,17.97,12.3,24.46,35.99,59.37
624,26.10,22.32,8.98,17.97,12.3,24.46,35.99,59.37
625,26.10,22.32,8.98,17.97,12.3,24.46,35.99,59.37
626,26.10,22.32,8.98,17.97,12.3,24.46,35.99,59.37
627,26.10,22.32,8.98,17.97,12.3,24.46,35.99,59.37
628,26.10,22.32,8.98,17.97,12.3,24.46,35.99,59.37
629,26.10,22.32,8.98,17.97,12.3,24.46,35.99,59.37
630,26.10,22.32,8.98,17.97,12.3,24.46,35.99,59.37
631,26.10,22.32,8.98,17.97,12.3,24.46,35.99,59.37
632,26.10,22.32,8.98,17.97,12.3,24.46,35.99,59.37
633,26.10,22.32,8.98,17.97,12.3,24.46,35.99,59.37
634,26.10,22.32,8.98,17.97,12.3,24.46,35.99,59.37
635,26.10,22.32,8.98,17.97,12.3,24.46,35.99,59.37
636,26.10,22.32,8.98,17.97,12.3,24.46,35.99,59.37
637,26.10,22.32,8.98,17.97,12.3,24.46,35.99,59.37
638,26.10,22.32,8.98,17.97,12.3,24.46,35.99,59.37
639,26.10,22.32,8.98,17.97,12.3,24.46,35.99,59.37
640,26.10,22.32,8.98,17.97,12.3,24.46,35.99,59.37
641,26.10,22.32,8.98,17.97,12.3,24.46,35.99,59.37
642,26.10,22.32,8.98,17.97,12.3,24.46,35.99,59.37
643,26.10,22.32,8.98,17.97,12.3,24.46,35.99,59.37
644,26.10,22.32,8.98,17.97,12.3,24.46,35.99,59.37
645,26.10,22.32,8.98,17.97,12.3,24.46,35.99,59.37
646,26.10,22.32,8.98,17.97,12.3,24.46,35.99,59.37
647,26.10,22.32,8.98,17.97,12.3,24.46,35.99,59.37
648,26.10,22.32,8.98,17.97,12.3,24.46,35.99,59.37
649,26.10,22.32,8.98,17.97,12.3,24.46,35.99,59.37
650,26.10,22.32,8.98,17.97,12.3,24.46,35.99,59.37
651,26.10,22.32,8.98,17.97,12.3,24.46,35.99,59.37
652,26.10,22.32,8.98,17.97,12.3,24.46,35.99,59.37
653,26.10,22.32,8.98,17.97,12.3,24.46,35.99,59.37
654,26.10,22.32,8.98,17.97,12.3,24.46,35.99,59.37
655,26.10,22.32,8.98,17.97,12.3,24.46,35.99,59.37
656,26.10,22.32,8.98,17.97,12.3,24.46,35.99,59.37
657,26.10,22.32,8.98,17.97,12.3,24.46,35.99,59.37
658,26.10,22.32,8.98,17.97,12.3,24.46,35.99,59.37
659,26.10,22.32,8.98,17.97,12.3,24.46,35.99,59.37
660,26.10,22.32,8.98,17.97,12.3,24.46,35.99,59.37
661,26.10,22.32,8.98,17.97,12.3,24.46,35.99,59.37
662,26.10,22.32,8.98,17.97,12.3,24.46,35.99,59.37
663,26.10,22.32,8.98,17.97,12.3,24.46,35.99,59.37
664,26.10,22.32,8.98,17.97,12.3,24.46,35.99,59.37
665,26.10,22.32,8.98,17.97,12.3,24.46,35.99,59.37
666,26.10,22.32,8.98,17.97,12.3,24.46,35.99,59.37
667,26.10,22.32,8.98,17.97,12.3,24.46,35.99,59.37
668,26.10,22.32,8.98,17.97,12.3,24.46,35.99,59.37
669,26.10,22.32,8.98,17.97,12.3,24.46,35.99,59.37
670,26.10,22.32,8.98,17.97,12.3,24.46,35.99,59.37
671,26.10,22.32,8.98,17.97,12.3,24.46,35.99,59.37
672,26.10,22.32,8.98,17.97,12.3,24.46,35.99,59.37
673,26.10,22.32,8.98,17.97,12.3,24.46,35.99,59.37
674,26.10,22.32,8.98,17.97,12.3,24.46,35.99,59.37
675,26.10,22.32,8.98,17.97,12.3,24.46,35.99,59.37
676,26.10,22.32,8.98,17.97,12.3,24.46,35.99,59.37
677,26.10,22.32,8.98,17.97,12.3,24.46,35.99,59.37
678,26.10,22.32,8.98,17.97,12.3,24.46,35.99,59.37
679,26.10,22.32,8.98,17.97,12.3,24.46,35.99,59.37
680,26.10,22.32,8.98,17.97,12.3,24.46,35.99,59.37
681,26.10,22.32,8.98,17.97,12.3,24.46,35.99,59.37
682,26.10,22.32,8.98,17.97,12.3,24.46,35.99,59.37
683,26.10,22.32,8.98,17.97,12.3,24.46,35.99,59.37
684,26.10,22.32,8.98,17.97,12.3,24.46,35.99,59.37
685,26.10,22.32,8.98,17.97,12.3,24.46,35.99,59.37
686,26.10,22.32,8.98,17.97,12.3,24.46,35.99,59.37
687,26.10,22.32,8.98,17.97,12.3,24.46,35.99,59.37
688,26.10,22.32,8.98,17.97,12.3,24.46,35.99,59.37
689,26.10,22.32,8.98,17.97,12.3,24.46,35.99,59.37
690,26.10,22.32,8.98,17.97,12.3,24.46,35.99,59.37
691,26.10,22.32,8.98,17.97,12.3,24.46,35.99,59.37
692,26.10,22.32,8.98,17.97,12.3,24.46,35.99,59.37
693,26.10,22.32,8.98,17.97,12.3,24.46,35.99,59.37
694,26.10,22.32,8.98,17.97,12.3,24.46,35.99,59.37
695,26.10,22.32,8.98,17.97,12.3,24.46,35.99,59.37
696,26.10,22.32,8.98,17.97,12.3,24.46,35.99,59.37
697,26.10,22.32,8.98,17.97,12.3,24.46,35.99,59.37
698,26.10,22.32,8.98,17.97,12.3,24.46,35.99,59.37
699,26.10,22.32,8.98,17.97,12.3,24.46,35.99,59.37
700,26.10,22.32,8.98,17.97,12.3,24.46,35.99,59.37
701,26.10,22.32,8.98,17.97,12.3,24.46,35.99,59.37
702,26.10,22.32,8.98,17.97,12.3,24.46,35.99,59.37
703,26.10,22.32,8.98,17.97,12.3,24.46,35.99,59.37
704,26.10,22.32,8.98,17.97,12.3,24.46,35.99,59.37
705,26.10,22.32,8.98,17.97,12.3,24.46,35.99,59.37
706,26.10,22.32,8.98,17.97,12.3,24.46,35.99,59.37
707,26.10,22.32,8.98,17.97,12.3,24.46,35.99,59.37
708,26.10,22.32,8.98,17.97,12.3,24.46,35.99,59.37
709,26.10,22.32,8.98,17.97,12.3,24.46,35.99,59.37
710,26.10,22.32,8.98,17.97,12.3,24.46,35.99,59.37
711,26.10,22.32,8.98,17.97,12.3,24.46,35.99,59.37
712,26.10,22.32,8.98,17.97,12.3,24.46,35.99,59.37
713,26.10,22.32,8.98,17.97,12.3,24.46,35.99,59.37
714,26.10,22.32,8.98,17.97,12.3,24.46,35.99,59.37
715,26.10,22.32,8.98,17.97,12.3,24.46,35.99,59.37
716,26.10,22.32,8.98,17.97,12.3,24.46,35.99,59.37
717,26.10,22.32,8.98,17.97,12.3,24.46,35.99,59.37
718,26.10,22.32,8.98,17.97,12.3,24.46,35.99,59.37
719,26.10,22.32,8.98,17.97,12.3,24.46,35.99,59.37
720,26.10,22.32,8.98,17.97,12.3,24.46,35.99,59.37
721,26.10,22.32,8.98,17.97,12.3,24.46,35.99,59.37
722,26.10,22.32,8.98,17.97,12.3,24.46,35.99,59.37
723,26.10,22.32,8.98,17.97,12.3,24.46,35.99,59.37
724,26.10,22.32,8.98,17.97,12.3,24.46,35.99,59.37
725,26.10,22.32,8.98,17.97,12.3,24.46,35.99,59.37
726,26.10,22.32,8.98,17.97,12.3,24.46,35.99,59.37
727,26.10,22.32,8.98,17.97,12.3,24.46,35.99,59.37
728,26.10,22.32,8.98,17.97,12.3,24.46,35.99,59.37
729,26.10,22.32,8.98,17.97,12.3,24.46,35.99,59.37
730,26.10,22.32,8.98,17.97,12.3,24.46,35.99,59.37
731,26.10,22.32,8.98,17.97,12.3,24.46,35.99,59.37
732,26.10,22.32,8.98,17.97,12.3,24.46,35.99,59.37
733,26.10,22.32,8.98,17.97,12.3,24.46,35.99,59.37
734,26.10,22.32,8.98,17.97,12.3,24.46,35.99,59.37
735,26.10,22.32,8.98,17.97,12.3,24.46,35.99,59.37
736,26.10,22.32,8.98,17.97,12.3,24.46,35.99,59.37
737,26.10,22.32,8.98,17.97,12.3,24.46,35.99,59.37
738,26.10,22.32,8.98,17.97,12.3,24.46,35.99,59.37
739,26.10,22.32,8.98,17.97,12.3,24.46,35.99,59.37
740,26.10,22.32,8.98,17.97,12.3,24.46,35.99,59.37
741,26.10,22.32,8.98,17.97,12.3,24.46,35.99,59.37
742,26.10,22.32,8.98,17.97,12.3,24.46,35.99,59.37
743,26.10,22.32,8.98,17.97,12.3,24.46,35.99,59.37
744,26.10,22.32,8.98,17.97,12.3,24.46,35.99,59.37
745,26.10,22.32,8.98,17.97,12.3,24.46,35.99,59.37
746,26.10,22.32,8.98,17.97,12.3,24.46,35.99,59.37
747,26.10,22.32,8.98,17.97,12.3,24.46,35.99,59.37
748,26.10,22.32,8.98,17.97,12.3,24.46,35.99,59.37
749,26.10,22.32,8.98,17.97,12.3,24.46,35.99,59.37
750,26.10,22.32,8.98,17.97,12.3,24.46,35.99,59.37
751,26.10,22.32,8.98,17.97,12.3,24.46,35.99,59.37
752,26.10,22.32,8.98,17.97,12.3,24.46,35.99,59.37
753,26.10,22.32,8.98,17.97,12.3,24.46,35.99,59.37
754,26.10,22.32,8.98,17.97,12.3,24.46,35.99,59.37
755,26.10,22.32,8.98,17.97,12.3,24.46,35.99,59.37
756,26.10,22.32,8.98,17.97,12.3,24.46,35.99,59.37
757,26.10,22.32,8.98,17.97,12.3,24.46,35.99,59.37
758,26.10,22.32,8.98,17.97,12.3,24.46,35.99,59.37
759,26.10,22.32,8.98,17.97,12.3,24.46,35.99,59.37
760,26.10,22.32,8.98,17.97,12.3,24.46,35.99,59.37
761,26.10,22.32,8.98,17.97,12.3,24.46,35.99,59.37
762,26.10,22.32,8.98,17.97,12.3,24.46,35.99,59.37
763,26.10,22.32,8.98,17.97,12.3,24.46,35.99,59.37
764,26.10,22.32,8.98,17.97,12.3,24.46,35.99,59.37
765,26.10,22.32,8.98,17.97,12.3,24.46,35.99,59.37
766,26.10,22.32,8.98,17.97,12.3,24.46,35.99,59.37
767,26.10,22.32,8.98,17.97,12.3,24.46,35.99,59.37
768,26.10,22.32,8.98,17.97,12.3,24.46,35.99,59.37
769,26.10,22.32,8.98,17.97,12.3,24.46,35.99,59.37
770,26.10,22.32,8.98,17.97,12.3,24.46,35.99,59.37
771,26.10,22.32,8.98,17.97,12.3,24.46,35.99,59.37
772,26.10,22.32,8.98,17.97,12.3,24.46,35.99,59.37
773,26.10,22.32,8.98,17.97,12.3,24.46,35.99,59.37
774,26.10,22.32,8.98,17.97,12.3,24.46,35.99,59.37
775,26.10,22.32,8.98,17.97,12.3,24.46,35.99,59.37
776,26.10,22.32,8.98,17.97,12.3,24.46,35.99,59.37
777,26.10,22.32,8.98,17.97,12.3,24.46,35.99,59.37
778,26.10,22.32,8.98,17.97,12.3,24.46,35.99,59.37
779,26.10,22.32,8.98,17.97,12.3,24.46,35.99,59.37
780,26.10,22.32,8.98,17.97,12.3,24.46,35.99,59.37
781,26.10,22.32,8.98,17.97,12.3,24.46,35.99,59.37
782,26.10,22.32,8.98,17.97,12.3,24.46,35.99,59.37
783,26.10,22.32,8.98,17.97,12.3,24.46,35.99,59.37
784,26.10,22.32,8.98,17.97,12.3,24.46,35.99,59.37
785,26.10,22.32,8.98,17.97,12.3,24.46,35.99,59.37
786,26.10,22.32,8.98,17.97,12.3,24.46,35.99,59.37
787,26.10,22.32,8.98,17.97,12.3,24.46,35.99,59.37
788,26.10,22.32,8.98,17.97,12.3,24.46,35.99,59.37
789,26.10,22.32,8.98,17.97,12.3,24.46,35.99,59.37
790,26.10,22.32,8.98,17.97,12.3,24.46,35.99,59.37
791,26.10,22.32,8.98,17.97,12.3,24.46,35.99,59.37
792,26.10,22.32,8.98,17.97,12.3,24.46,35.99,59.37
793,26.10,22.32,8.98,17.97,12.3,24.46,35.99,59.37
794,26.10,22.32,8.98,17.97,12.3,24.46,35.99,59.37
795,26.10,22.32,8.98,17.97,12.3,24.46,35.99,59.37
796,26.10,22.32,8.98,17.97,12.3,24.46,35.99,59.37
797,26.10,22.32,8.98,17.97,12.3,24.46,35.99,59.37
798,26.10,22.32,8.98,17.97,12.3,24.46,35.99,59.37
799,26.10,22.32,8.98,17.97,12.3,24.46,35.99,59.37
800,26.10,22.32,8.98,17.97,12.3,24.46,35.99,59.37
801,26.10,22.32,8.98,17.97,12.3,24.46,35.99,59.37
802,26.10,22.32,8.98,17.97,12.3,24.46,35.99,59.37
803,26.10,22.32,8.98,17.97,12.3,24.46,35.99,59.37
804,26.10,22.32,8.98,17.97,12.3,24.46,35.99,59.37
805,26.10,22.32,8.98,17.97,12.3,24.46,35.99,59.37
806,26.10,22.32,8.98,17.97,12.3,24.46,35.99,59.37
807,26.10,22.32,8.98,17.97,12.3,24.46,35.99,59.37
808,26.10,22.32,8.98,17.97,12.3,24.46,35.99,59.37
809,26.10,22.32,8.98,17.97,12.3,24.46,35.99,59.37
810,26.10,22.32,8.98,17.97,12.3,24.46,35.99,59.37
811,26.10,22.32,8.98,17.97,12.3,24.46,35.99,59.37
812,26.10,22.32,8.98,17.97,12.3,24.46,35.99,59.37
813,26.10,22.32,8.98,17.97,12.3,24.46,35.99,59.37
814,26.10,22.32,8.98,17.97,12.3,24.46,35.99,59.37
815,26.10,22.32,8.98,17.97,12.3,24.46,35.99,59.37
816,26.10,22.32,8.98,17.97,12.3,24.46,35.99,59.37
817,26.10,22.32,8.98,17.97,12.3,24.46,35.99,59.37
818,26.10,22.32,8.98,17.97,12.3,24.46,35.99,59.37
819,26.10,22.32,8.98,17.97,12.3,24.46,35.99,59.37
820,26.10,22.32,8.98,17.97,12.3,24.46,35.99,59.37
821,26.10,22.32,8.98,17.97,12.3,24.46,35.99,59.37
822,26.10,22.32,8.98,17.97,12.3,24.46,35.99,59.37
823,26.10,22.32,8.98,17.97,12.3,24.46,35.99,59.37
824,26.10,22.32,8.98,17.97,12.3,24.46,35.99,59.37
825,26.10,22.32,8.98,17.97,12.3,24.46,35.99,59.37
826,26.10,22.32,8.98,17.97,12.3,24.46,35.99,59.37
827,26.10,22.32,8.98,17.97,12.3,24.46,35.99,59.37
828,26.10,22.32,8.98,17.97,12.3,24.46,35.99,59.37
829,26.10,22.32,8.98,17.97,12.3,24.46,35.99,59.37
830,26.10,22.32,8.98,17.97,12.3,24.46,35.99,59.37
831,26.10,22.32,8.98,17.97,12.3,24.46,35.99,59.37
832,26.10,22.32,8.98,17.97,12.3,24.46,35.99,59.37
833,26.10,22.32,8.98,17.97,12.3,24.46,35.99,59.37
834,26.10,22.32,8.98,17.97,12.3,24.46,35.99,59.37
835,26.10,22.32,8.98,17.97,12.3,24.46,35.99,59.37
836,26.10,22.32,8.98,17.97,12.3,24.46,35.99,59.37
837,26.10,22.32,8.98,17.97,12.3,24.46,35.99,59.37
838,26.10,22.32,8.98,17.97,12.3,24.46,35.99,59.37
839,26.10,22.32,8.98,17.97,12.3,24.46,35.99,59.37
840,26.10,22.32,8.98,17.97,12.3,24.46,35.99,59.37
841,26.10,22.32,8.98,17.97,12.3,24.46,35.99,59.37
842,26.10,22.32,8.98,17.97,12.3,24.46,35.99,59.37
843,26.10,22.32,8.98,17.97,12.3,24.46,35.99,59.37
844,26.10,22.32,8.98,17.97,12.3,24.46,35.99,59.37
845,26.10,22.32,8.98,17.97,12.3,24.46,35.99,59.37
846,26.10,22.32,8.98,17.97,12.3,24.46,35.99,59.37
847,26.10,22.32,8.98,17.97,12.3,24.46,35.99,59.37
848,26.10,22.32,8.98,17.97,12.3,24.46,35.99,59.37
849,26.10,22.32,8.98,17.97,12.3,24.46,35.99,59.37
850,26.10,22.32,8.98,17.97,12.3,24.46,35.99,59.37
851,26.10,22.32,8.98,17.97,12.3,24.46,35.99,59.37
852,26.10,22.32,8.98,17.97,12.3,24.46,35.99,59.37
853,26.10,22.32,8.98,17.97,12.3,24.46,35.99,59.37
854,26.10,22.32,8.98,17.97,12.3,24.46,35.99,59.37
855,26.10,22.32,8.98,17.97,12.3,24.46,35.99,59.37
856,26.10,22.32,8.98,17.97,12.3,24.46,35.99,59.37
857,26.10,22.32,8.98,17.97,12.3,24.46,35.99,59.37
858,26.10,22.32,8.98,17.97,12.3,24.46,35.99,59.37
859,26.10,22.32,8.98,17.97,12.3,24.46,35.99,59.37
860,26.10,22.32,8.98,17.97,12.3,24.46,35.99,59.37
861,26.10,22.32,8.98,17.97,12.3,24.46,35.99,59.37
862,26.10,22.32,8.98,17.97,12.3,24.46,35.99,59.37
863,26.10,22.32,8.98,17.97,12.3,24.46,35.99,59.37
864,26.10,22.32,8.98,17.97,12.3,24.46,35.99,59.37
865,26.10,22.32,8.98,17.97,12.3,24.46,35.99,59.37
866,26.10,22.32,8.98,17.97,12.3,24.46,35.99,59.37
867,26.10,22.32,8.98,17.97,12.3,24.46,35.99,59.37
868,26.10,22.32,8.98,17.97,12.3,24.46,35.99,59.37
869,26.10,22.32,8.98,17.97,12.3,24.46,35.99,59.37
870,26.10,22.32,8.98,17.97,12.3,24.46,35.99,59.37
871,26.10,22.32,8.98,17.97,12.3,24.46,35.99,59.37
872,26.10,22.32,8.98,17.97,12.3,24.46,35.99,59.37
873,26.10,22.32,8.98,17.97,12.3,24.46,35.99,59.37
874,26.10,22.32,8.98,17.97,12.3,24.46,35.99,59.37
875,26.10,22.32,8.98,17.97,12.3,24.46,35.99,59.37
876,26.10,22.32,8.98,17.97,12.3,24.46,35.99,59.37
877,26.10,22.32,8.98,17.97,12.3,24.46,35.99,59.37
878,26.10,22.32,8.98,17.97,12.3,24.46,35.99,59.37
879,26.10,22.32,8.98,17.97,12.3,24.46,35.99,59.37
880,26.10,22.32,8.98,17.97,12.3,24.46,35.99,59.37
881,26.10,22.32,8.98,17.97,12.3,24.46,35.99,59.37
882,26.10,22.32,8.98,17.97,12.3,24.46,35.99,59.37
883,26.10,22.32,8.98,17.97,12.3,24.46,35.99,59.37
884,26.10,22.32,8.98,17.97,12.3,24.46,35.99,59.37
885,26.10,22.32,8.98,17.97,12.3,24.46,35.99,59.37
886,26.10,22.32,8.98,17.97,12.3,24.46,35.99,59.37
887,26.10,22.32,8.98,17.97,12.3,24.46,35.99,59.37
888,26.10,22.32,8.98,17.97,12.3,24.46,35.99,59.37
889,26.10,22.32,8.98,17.97,12.3,24.46,35.99,59.37
890,26.10,22.32,8.98,17.97,12.3,24.46,35.99,59.37
891,26.10,22.32,8.98,17.97,12.3,24.46,35.99,59.37
892,26.10,22.32,8.98,17.97,12.3,24.46,35.99,59.37
893,26.10,22.32,8.98,17.97,12.3,24.46,35.99,59.37
894,26.10,22.32,8.98,17.97,12.3,24.46,35.99,59.37
895,26.10,22.32,8.98,17.97,12.3,24.46,35.99,59.37
896,26.10,22.32,8.98,17.97,12.3,24.46,35.99,59.37
897,26.10,22.32,8.98,17.97,12.3,24.46,35.99,59.37
898,26.10,22.32,8.98,17.97,12.3,24.46,35.99,59.37
899,26.10,22.32,8.98,17.97,12.3,24.46,35.99,59.37
900,26.10,22.32,8.98,17.97,12.3,24.46,35.99,59.37
901,26.10,22.32,8.98,17.97,12.3,24.46,35.99,59.37
902,26.10,22.32,8.98,17.97,12.3,24.46,35.99,59.37
903,26.10,22.32,8.98,17.97,12.3,24.46,35.99,59.37
904,26.10,22.32,8.98,17.97,12.3,24.46,35.99,59.37
905,26.10,22.32,8.98,17.97,12.3,24.46,35.99,59.37
906,26.10,22.32,8.98,17.97,12.3,24.46,35.99,59.37
907,26.10,22.32,8.98,17.97,12.3,24.46,35.99,59.37
908,26.10,22.32,8.98,17.97,12.3,24.46,35.99,59.37
909,26.10,22.32,8.98,17.97,12.3,24.46,35.99,59.37
910,26.10,22.32,8.98,17.97,12.3,24.46,35.99,59.37
911,26.10,22.32,8.98,17.97,12.3,24.46,35.99,59.37
912,26.10,22.32,8.98,17.97,12.3,24.46,35.99,59.37
913,26.10,22.32,8.98,17.97,12.3,24.46,35.99,59.37
914,26.10,22.32,8.98,17.97,12.3,24.46,35.99,59.37
915,26.10,22.32,8.98,17.97,12.3,24.46,35.99,59.37
916,26.10,22.32,8.98,17.97,12.3,24.46,35.99,59.37
917,26.10,22.32,8.98,17.97,12.3,24.46,35.99,59.37
918,26.10,22.32,8.98,17.97,12.3,24.46,35.99,59.37
919,26.10,22.32,8.98,17.97,12.3,24.46,35.99,59.37
920,26.10,22.32,8.98,17.97,12.3,24.46,35.99,59.37
921,26.10,22.32,8.98,17.97,12.3,24.46,35.99,59.37
922,26.10,22.32,8.98,17.97,12.3,24.46,35.99,59.37
923,26.10,22.32,8.98,17.97,12.3,24.46,35.99,59.37
924,26.10,22.32,8.98,17.97,12.3,24.46,35.99,59.37
925,26.10,22.32,8.98,17.97,12.3,24.46,35.99,59.37
926,26.10,22.32,8.98,17.97,12.3,24.46,35.99,59.37
927,26.10,22.32,8.98,17.97,12.3,24.46,35.99,59.37
928,26.10,22.32,8.98,17.97,12.3,24.46,35.99,59.37
929,26.10,22.32,8.98,17.97,12.3,24.46,35.99,59.37
930,26.10,22.32,8.98,17.97,12.3,24.46,35.99,59.37
931,26.10,22.32,8.98,17.97,12.3,24.46,35.99,59.37
932,26.10,22.32,8.98,17.97,12.3,24.46,35.99,59.37
933,26.10,22.32,8.98,17.97,12.3,24.46,35.99,59.37
934,26.10,22.32,8.98,17.97,12.3,24.46,35.99,59.37
935,26.10,22.32,8.98,17.97,12.3,24.46,35.99,59.37
936,26.10,22.32,8.98,17.97,12.3,24.46,35.99,59.37
937,26.10,22.32,8.98,17.97,12.3,24.46,35.99,59.37
938,26.10,22.32,8.98,17.97,12.3,24.46,35.99,59.37
939,26.10,22.32,8.98,17.97,12.3,24.46,35.99,59.37
940,26.10,22.32,8.98,17.97,12.3,24.46,35.99,59.37
941,26.10,22.32,8.98,17.97,12.3,24.46,35.99,59.37
942,26.10,22.32,8.98,17.97,12.3,24.46,35.99,59.37
943,26.10,22.32,8.98,17.97,12.3,24.46,35.99,59.37
944,26.10,22.32,8.98,17.97,12.3,24.46,35.99,59.37
945,26.10,22.32,8.98,17.97,12.3,24.46,35.99,59.37
946,26.10,22.32,8.98,17.97,12.3,24.46,35.99,59.37
947,26.10,22.32,8.98,17.97,12.3,24.46,35.99,59.37
948,26.10,22.32,8.98,17.97,12.3,24.46,35.99,59.37
949,26.10,22.32,8.98,17.97,12.3,24.46,35.99,59.37
950,26.10,22.32,8.98,17.97,12.3,24.46,35.99,59.37
951,26.10,22.32,8.98,17.97,12.3,24.46,35.99,59.37
952,26.10,22.32,8.98,17.97,12.3,24.46,35.99,59.37
953,26.10,22.32,8.98,17.97,12.3,24.46,35.99,59.37
954,26.10,22.32,8.98,17.97,12.3,24.46,35.99,59.37
955,26.10,22.32,8.98,17.97,12.3,24.46,35.99,59.37
956,26.10,22.32,8.98,17.97,12.3,24.46,35.99,59.37
957,26.10,22.32,8.98,17.97,12.3,24.46,35.99,59.37
958,26.10,22.32,8.98,17.97,12.3,24.46,35.99,59.37
959,26.10,22.32,8.98,17.97,12.3,24.46,35.99,59.37
960,26.10,22.32,8.98,17.97,12.3,24.46,35.99,59.37
961,26.10,22.32,8.98,17.97,12.3,24.46,35.99,59.37
962,26.10,22.32,8.98,17.97,12.3,24.46,35.99,59.37
963,26.10,22.32,8.98,17.97,12.3,24.46,35.99,59.37
964,26.10,22.32,8.98,17.97,12.3,24.46,35.99,59.37
965,26.10,22.32,8.98,17.97,12.3,24.46,35.99,59.37
966,26.10,22.32,8.98,17.97,12.3,24.46,35.99,59.37
967,26.10,22.32,8.98,17.97,12.3,24.46,35.99,59.37
968,26.10,22.32,8.98,17.97,12.3,24.46,35.99,59.37
969,26.10,22.32,8.98,17.97,12.3,24.46,35.99,59.37
970,26.10,22.32,8.98,17.97,12.3,24.46,35.99,59.37
971,26.10,22.32,8.98,17.97,12.3,24.46,35.99,59.37
972,26.10,22.32,8.98,17.97,12.3,24.46,35.99,59.37
973,26.10,22.32,8.98,17.97,12.3,24.46,35.99,59.37
974,26.10,22.32,8.98,17.97,12.3,24.46,35.99,59.37
975,26.10,22.32,8.98,17.97,12.3,24.46,35.99,59.37
976,26.10,22.32,8.98,17.97,12.3,24.46,35.99,59.37
977,26.10,22.32,8.98,17.97,12.3,24.46,35.99,59.37
978,26.10,22.32,8.98,17.97,12.3,24.46,35.99,59.37
979,26.10,22.32,8.98,17.97,12.3,24.46,35.99,59.37
980,26.10,22.32,8.98,17.97,12.3,24.46,35.99,59.37
981,26.10,22.32,8.98,17.97,12.3,24.46,35.99,59.37
982,26.10,22.32,8.98,17.97,12.3,24.46,35.99,59.37
983,26.10,22.32,8.98,17.97,12.3,24.46,35.99,59.37
984,26.10,22.32,8.98,17.97,12.3,24.46,35.99,59.37
985,26.10,22.32,8.98,17.97,12.3,24.46,35.99,59.37
986,26.10,22.32,8.98,17.97,12.3,24.46,35.99,59.37
987,26.10,22.32,8.98,17.97,12.3,24.46,35.99,59.37
988,26.10,22.32,8.98,17.97,12.3,24.46,35.99,59.37
989,26.10,22.32,8.98,17.97,12.3,24.46,35.99,59.37
990,26.10,22.32,8.98,17.97,12.3,24.46,35.99,59.37
991,26.10,22.32,8.98,17.97,12.3,24.46,35.99,59.37
992,26.10,22.32,8.98,17.97,12.3,24.46,35.99,59.37
993,26.10,22.32,8.98,17.97,12.3,24.46,35.99,59.37
994,26.10,22.32,8.98,17.97,12.3,24.46,35.99,59.37
995,26.10,22.32,8.98,17.97,12.3,24.46,35.99,59.37
996,26.10,22.32,8.98,17.97,12.3,24.46,35.99,59.37
997,26.10,22.32,8.98,17.97,12.3,24.46,35.99,59.37
998,26.10,22.32,8.98,17.97,12.3,24.46,35.99,59.37
999,26.10,22.32,8.98,17.97,12.3,24.46,35.99,59.37
1000,26.10,22.32,8.98,17.97,12.3,24.46,35.99,59.37
1001,26.10,22.32,8.98,17.97,12.3,24.46,35.99,59.37
1002,26.10,22.32,8.98,17.97,12.3,24.46,35.99,59.37
1003,26.10,22.32,8.98,17.97,12.3,24.46,35.99,59.37
1004,26.10,22.32,8.98,17.97,12.3,24.46,35.99,59.37
1005,26.10,22.32,8.98,17.97,12.3,24.46,35.99,59.37
1006,26.10,22.32,8.98,17.97,12.3,24.46,35.99,59.37
1007,26.10,22.32,8.98,17.97,12.3,24.46,35.99,59.37
1008,26.10,22.32,8.98,17.97,12.3,24.46,35.99,59.37
1009,26.10,22.32,8.98,17.97,12.3,24.46,35.99,59.37
1010,26.10,22.32,8.98,17.97,12.3,24.46,35.99,59.37
1011,26.10,22.32,8.98,17.97,12.3,24.46,35.99,59.37
1012,26.10,22.32,8.98,17.97,12.3,24.46,35.99,59.37
1013,26.10,22.32,8.98,17.97,12.3,24.46,35.99,59.37
1014,26.10,22.32,8.98,17.97,12.3,24.46,35.99,59.37
1015,26.10,22.32,8.98,17.97,12.3,24.46,35.99,59.37
1016,26.10,22.32,8.98,17.97,12.3,24.46,35.99,59.37
1017,26.10,22.32,8.98,17.97,12.3,24.46,35.99,59.37
1018,26.10,22.32,8.98,17.97,12.3,24.46,35.99,59.37
1019,26.10,22.32,8.98,17.97,12.3,24.46,35.99,59.37
1020,26.10,22.32,8.98,17.97,12.3,24.46,35.99,59.37
1021,26.10,22.32,8.98,17.97,12.3,24.46,35.99,59.37
1022,26.10,22.32,8.98,17.97,12.3,24.46,35.99,59.37
1023,26.10,22.32,8.98,17.97,12.3,24.46,35.99,59.37
1024,26.10,22.32,8.98,17.97,12.3,24.46,35.99,59.37
1025,26.10,22.32,8.98,17.97,12.3,24.46,35.99,59.37
1026,26.10,22.32,8.98,17.97,12.3,24.46,35.99,59.37
1027,26.10,22.32,8.98,17.97,12.3,24.46,35.99,59.37
1028,26.10,22.32,8.98,17.97,12.3,24.46,35.99,59.37
1029,26.10,22.32,8.98,17.97,12.3,24.46,35.99,59.37
1030,26.10,22.32,8.98,17.97,12.3,24.46,35.99,59.37
1031,26.10,22.32,8.98,17.97,12.3,24.46,35.99,59.37
1032,26.10,22.32,8.98,17.97,12.3,24.46,35.99,59.37
1033,26.10,22.32,8.98,17.97,12.3,24.46,35.99,59.37
1034,26.10,22.32,8.98,17.97,12.3,24.46,35.99,59.37
1035,26.10,22.32,8.98,17.97,12.3,24.46,35.99,59.37
1036,26.10,22.32,8.98,17.97,12.3,24.46,35.99,59.37
1037,26.10,22.32,8.98,17.97,12.3,24.46,35.99,59.37
1038,26.10,22.32,8.98,17.97,12.3,24.46,35.99,59.37
1039,26.10,22.32,8.98,17.97,12.3,24.46,35.99,59.37
1040,26.10,22.32,8.98,17.97,12.3,24.46,35.99,59.37
1041,26.10,22.32,8.98,17.97,12.3,24.46,35.99,59.37
1042,26.10,22.32,8.98,17.97,12.3,24.46,35.99,59.37
1043,26.10,22.32,8.98,17.97,12.3,24.46,35.99,59.37
1044,26.10,22.32,8.98,17.97,12.3,24.46,35.99,59.37
1045,26.10,22.32,8.98,17.97,12.3,24.46,35.99,59.37
1046,26.10,22.32,8.98,17.97,12.3,24.46,35.99,59.37
1047,26.10,22.32,8.98,17.97,12.3,24.46,35.99,59.37
1048,26.10,22.32,8.98,17.97,12.3,24.46,35.99,59.37
1049,26.10,22.32,8.98,17.97,12.3,24.46,35.99,59.37
1050,26.10,22.32,8.98,17.97,12.3,24.46,35.99,59.37
1051,26.10,22.32,8.98,17.97,12.3,24.46,35.99,59.37
1052,26.10,22.32,8.98,17.97,12.3,24.46,35.99,59.37
1053,26.10,22.32,8.98,17.97,12.3,24.46,35.99,59.37
1054,26.10,22.32,8.98,17.97,12.3,24.46,35.99,59.37
1055,26.10,22.32,8.98,17.97,12.3,24.46,35.99,59.37
1056,26.10,22.32,8.98,17.97,12.3,24.46,35.99,59.37
1057,26.10,22.32,8.98,17.97,12.3,24.46,35.99,59.37
1058,26.10,22.32,8.98,17.97,12.3,24.46,35.99,59.37
1059,26.10,22.32,8.98,17.97,12.3,24.46,35.99,59.37
1060,26.10,22.32,8.98,17.97,12.3,24.46,35.99,59.37
1061,26.10,22.32,8.98,17.97,12.3,24.46,35.99,59.37
1062,26.10,22.32,8.98,17.97,12.3,24.46,35.99,59.37
1063,26.10,22.32,8.98,17.97,12.3,24.46,35.99,59.37
1064,26.10,22.32,8.98,17.97,12.3,24.46,35.99,59.37
1065,26.10,22.32,8.98,17.97,12.3,24.46,35.99,59.37
1066,26.10,22.32,8.98,17.97,12.3,24.46,35.99,59.37
1067,26.10,22.32,8.98,17.97,12.3,24.46,35.99,59.37
1068,26.10,22.32,8.98,17.97,12.3,24.46,35.99,59.37
1069,26.10,22.32,8.98,17.97,12.3,24.46,35.99,59.37
1070,26.10,22.32,8.98,17.97,12.3,24.46,35.99,59.37
1071,26.10,22.32,8.98,17.97,12.3,24.46,35.99,59.37
1072,26.10,22.32,8.98,17.97,12.3,24.46,35.99,59.37
1073,26.10,22.32,8.98,17.97,12.3,24.46,35.99,59.37
1074,26.10,22.32,8.98,17.97,12.3,24.46,35.99,59.37
1075,26.10,22.32,8.98,17.97,12.3,24.46,35.99,59.37
1076,26.10,22.32,8.98,17.97,12.3,24.46,35.99,59.37
1077,26.10,22.32,8.98,17.97,12.3,24.46,35.99,59.37
1078,26.10,22.32,8.98,17.97,12.3,24.46,35.99,59.37
1079,26.10,22.32,8.98,17.97,12.3,24.46,35.99,59.37
1080,26.10,22.32,8.98,17.97,12.3,24.46,35.99,59.37
1081,26.10,22.32,8.98,17.97,12.3,24.46,35.99,59.37
1082,26.10,22.32,8.98,17.97,12.3,24.46,35.99,59.37
1083,26.10,22.32,8.98,17.97,12.3,24.46,35.99,59.37
1084,26.10,22.32,8.98,17.97,12.3,24.46,35.99,59.37
1085,26.10,22.32,8.98,17.97,12.3,24.46,35.99,59.37
1086,26.10,22.32,8.98,17.97,12.3,24.46,35.99,59.37
1087,26.10,22.32,8.98,17.97,12.3,24.46,35.99,59.37
1088,26.10,22.32,8.98,17.97,12.3,24.46,35.99,59.37
1089,26.10,22.32,8.98,17.97,12.3,24.46,35.99,59.37
1090,26.10,22.32,8.98,17.97,12.3,24.46,35.99,59.37
1091,26.10,22.32,8.98,17.97,12.3,24.46,35.99,59.37
1092,26.10,22.32,8.98,17.97,12.3,24.46,35.99,59.37
1093,26.10,22.32,8.98,17.97,12.3,24.46,35.99,59.37
1094,26.10,22.32,8.98,17.97,12.3,24.46,35.99,59.37
1095,26.10,22.32,8.98,17.97,12.3,24.46,35.99,59.37
1096,26.10,22.32,8.98,17.97,12.3,24.46,35.99,59.37
1097,26.10,22.32,8.98,17.97,12.3,24.46,35.99,59.37
1098,26.10,22.32,8.98,17.97,12.3,24.46,35.99,59.37
1099,26.10,22.32,8.98,17.97,12.3,24.46,35.99,59.37
1100,26.10,22.32,8.98,17.97,12.3,24.46,35.99,59.37
1101,26.10,22.32,8.98,17.97,12.3,24.46,35.99,59.37
1102,26.10,22.32,8.98,17.97,12.3,24.46,35.99,59.37
1103,26.10,22.32,8.98,17.97,12.3,24.46,35.99,59.37
1104,26.10,22.32,8.98,17.97,12.3,24.46,35.99,59.37
1105,26.10,22.32,8.98,17.97,12.3,24.46,35.99,59.37
1106,26.10,22.32,8.98,17.97,12.3,24.46,35.99,59.37
1107,26.10,22.32,8.98,17.97,12.3,24.46,35.99,59.37
1108,26.10,22.32,8.98,17.97,12.3,24.46,35.99,59.37
1109,26.10,22.32,8.98,17.97,12.3,24.46,35.99,59.37
1110,26.10,22.32,8.98,17.97,12.3,24.46,35.99,59.37
1111,26.10,22.32,8.98,17.97,12.3,24.46,35.99,59.37
1112,26.10,22.32,8.98,17.97,12.3,24.46,35.99,59.37
1113,26.10,22.32,8.98,17.97,12.3,24.46,35.99,59.37
1114,26.10,22.32,8.98,17.97,12.3,24.46,35.99,59.37
1115,26.10,22.32,8.98,17.97,12.3,24.46,35.99,59.37
1116,26.10,22.32,8.98,17.97,12.3,24.46,35.99,59.37
1117,26.10,22.32,8.98,17.97,12.3,24.46,35.99,59.37
1118,26.10,22.32,8.98,17.97,12.3,24.46,35.99,59.37
1119,26.10,22.32,8.98,17.97,12.3,24.46,35.99,59.37
1120,26.10,22.32,8.98,17.97,12.3,24.46,35.99,59.37
1121,26.10,22.32,8.98,17.97,12.3,24.46,35.99,59.37
1122,26.10,22.32,8.98,17.97,12.3,24.46,35.99,59.37
1123,26.10,22.32,8.98,17.97,12.3,24.46,35.99,59.37
1124,26.10,22.32,8.98,17.97,12.3,24.46,35.99,59.37
1125,26.10,22.32,8.98,17.97,12.3,24.46,35.99,59.37
1126,26.10,22.32,8.98,17.97,12.3,24.46,35.99,59.37
1127,26.10,22.32,8.98,17.97,12.3,24.46,35.99,59.37
1128,26.10,22.32,8.98,17.97,12.3,24.46,35.99,59.37
1129,26.10,22.32,8.98,17.97,12.3,24.46,35.99,59.37
1130,26.10,22.32,8.98,17.97,12.3,24.46,35.99,59.37
1131,26.10,22.32,8.98,17.97,12.3,24.46,35.99,59.37
1132,26.10,22.32,8.98,17.97,12.3,24.46,35.99,59.37
1133,26.10,22.32,8.98,17.97,12.3,24.46,35.99,59.37
1134,26.10,22.32,8.98,17.97,12.3,24.46,35.99,59.37
1135,26.10,22.32,8.98,17.97,12.3,24.46,35.99,59.37
1136,26.10,22.32,8.98,17.97,12.3,24.46,35.99,59.37
1137,26.10,22.32,8.98,17.97,12.3,24.46,35.99,59.37
1138,26.10,22.32,8.98,17.97,12.3,24.46,35.99,59.37
1139,26.10,22.32,8.98,17.97,12.3,24.46,35.99,59.37
1140,26.10,22.32,8.98,17.97,12.3,24.46,35.99,59.37
1141,26.10,22.32,8.98,17.97,12.3,24.46,35.99,59.37
1142,26.10,22.32,8.98,17.97,12.3,24.46,35.99,59.37
1143,26.10,22.32,8.98,17.97,12.3,24.46,35.99,59.37
1144,26.10,22.32,8.98,17.97,12.3,24.46,35.99,59.37
1145,26.10,22.32,8.98,17.97,12.3,24.46,35.99,59.37
1146,26.10,22.32,8.98,17.97,12.3,24.46,35.99,59.37
1147,26.10,22.32,8.98,17.97,12.3,24.46,35.99,59.37
1148,26.10,22.32,8.98,17.97,12.3,24.46,35.99,59.37
1149,26.10,22.32,8.98,17.97,12.3,24.46,35.99,59.37
1150,26.10,22.32,8.98,17.97,12.3,24.46,35.99,59.37
1151,26.10,22.32,8.98,17.97,12.3,24.46,35.99,59.37
1152,26.10,22.32,8.98,17.97,12.3,24.46,35.99,59.37
1153,26.10,22.32,8.98,17.97,12.3,24.46,35.99,59.37
1154,26.10,22.32,8.98,17.97,12.3,24.46,35.99,59.37
1155,26.10,22.32,8.98,17.97,12.3,24.46,35.99,59.37
1156,26.10,22.32,8.98,17.97,12.3,24.46,35.99,59.37
1157,26.10,22.32,8.98,17.97,12.3,24.46,35.99,59.37
1158,26.10,22.32,8.98,17.97,12.3,24.46,35.99,59.37
1159,26.10,22.32,8.98,17.97,12.3,24.46,35.99,59.37
1160,26.10,22.32,8.98,17.97,12.3,24.46,35.99,59.37
1161,26.10,22.32,8.98,17.97,12.3,24.46,35.99,59.37
1162,26.10,22.32,8.98,17.97,12.3,24.46,35.99,59.37
1163,26.10,22.32,8.98,17.97,12.3,24.46,35.99,59.37
1164,26.10,22.32,8.98,17.97,12.3,24.46,35.99,59.37
1165,26.10,22.32,8.98,17.97,12.3,24.46,35.99,59.37
1166,26.10,22.32,8.98,17.97,12.3,24.46,35.99,59.37
1167,26.10,22.32,8.98,17.97,12.3,24.46,35.99,59.37
1168,26.10,22.32,8.98,17.97,12.3,24.46,35.99,59.37
1169,26.10,22.32,8.98,17.97,12.3,24.46,35.99,59.37
1170,26.10,22.32,8.98,17.97,12.3,24.46,35.99,59.37
1171,26.10,22.32,8.98,17.97,12.3,24.46,35.99,59.37
1172,26.10,22.32,8.98,17.97,12.3,24.46,35.99,59.37
1173,26.10,22.32,8.98,17.97,12.3,24.46,35.99,59.37
1174,26.10,22.32,8.98,17.97,12.3,24.46,35.99,59.37
1175,26.10,22.32,8.98,17.97,12.3,24.46,35.99,59.37
1176,26.10,22.32,8.98,17.97,12.3,24.46,35.99,59.37
1177,26.10,22.32,8.98,17.97,12.3,24.46,35.99,59.37
1178,26.10,22.32,8.98,17.97,12.3,24.46,35.99,59.37
1179,26.10,22.32,8.98,17.97,12.3,24.46,35.99,59.37
1180,26.10,22.32,8.98,17.97,12.3,24.46,35.99,59.37
1181,26.10,22.32,8.98,17.97,12.3,24.46,35.99,59.37
1182,26.10,22.32,8.98,17.97,12.3,24.46,35.99,59.37
1183,26.10,22.32,8.98,17.97,12.3,24.46,35.99,59.37
1184,26.10,22.32,8.98,17.97,12.3,24.46,35.99,59.37
1185,26.10,22.32,8.98,17.97,12.3,24.46,35.99,59.37
1186,26.10,22.32,8.98,17.97,12.3,24.46,35.99,59.37
1187,26.10,22.32,8.98,17.97,12.3,24.46,35.99,59.37
1188,26.10,22.32,8.98,17.97,12.3,24.46,35.99,59.37
1189,26.10,22.32,8.98,17.97,12.3,24.46,35.99,59.37
1190,26.10,22.32,8.98,17.97,12.3,24.46,35.99,59.37
1191,26.10,22.32,8.98,17.97,12.3,24.46,35.99,59.37
1192,26.10,22.32,8.98,17.97,12.3,24.46,35.99,59.37
1193,26.10,22.32,8.98,17.97,12.3,24.46,35.99,59.37
1194,26.10,22.32,8.98,17.97,12.3,24.46,35.99,59.37
1195,26.10,22.32,8.98,17.97,12.3,24.46,35.99,59.37
1196,26.10,22.32,8.98,17.97,12.3,24.46,35.99,59.37
1197,26.10,22.32,8.98,17.97,12.3,24.46,35.99,59.37
1198,26.10,22.32,8.98,17.97,12.3,24.46,35.99,59.37
1199,26.10,22.32,8.98,17.97,12.3,24.46,35.99,59.37
1200,26.10,22.32,8.98,17.97,12.3,24.46,35.99,59.37
1201,26.10,22.32,8.98,17.97,12.3,24.46,35.99,59.37
1202,26.10,22.32,8.98,17.97,12.3,24.46,35.99,59.37
1203,26.10,22.32,8.98,17.97,12.3,24.46,35.99,59.37
1204,26.10,22.32,8.98,17.97,12.3,24.46,35.99,59.37
1205,26.10,22.32,8.98,17.97,12.3,24.46,35.99,59.37
1206,26.10,22.32,8.98,17.97,12.3,24.46,35.99,59.37
1207,26.10,22.32,8.98,17.97,12.3,24.46,35.99,59.37
1208,26.10,22.32,8.98,17.97,12.3,24.46,35.99,59.37
1209,26.10,22.32,8.98,17.97,12.3,24.46,35.99,59.37
1210,26.10,22.32,8.98,17.97,12.3,24.46,35.99,59.37
1211,26.10,22.32,8.98,17.97,12.3,24.46,35.99,59.37
1212,26.10,22.32,8.98,17.97,12.3,24.46,35.99,59.37
1213,26.10,22.32,8.98,17.97,12.3,24.46,35.99,59.37
1214,26.10,22.32,8.98,17.97,12.3,24.46,35.99,59.37
1215,26.10,22.32,8.98,17.97,12.3,24.46,35.99,59.37
1216,26.10,22.32,8.98,17.97,12.3,24.46,35.99,59.37
1217,26.10,22.32,8.98,17.97,12.3,24.46,35.99,59.37
1218,26.10,22.32,8.98,17.97,12.3,24.46,35.99,59.37
1219,26.10,22.32,8.98,17.97,12.3,24.46,35.99,59.37
1220,26.10,22.32,8.98,17.97,12.3,24.46,35.99,59.37
1221,26.10,22.32,8.98,17.97,12.3,24.46,35.99,59.37
1222,26.10,22.32,8.98,17.97,12.3,24.46,35.99,59.37
1223,26.10,22.32,8.98,17.97,12.3,24.46,35.99,59.37
1224,26.10,22.32,8.98,17.97,12.3,24.46,35.99,59.37
1225,26.10,22.32,8.98,17.97,12.3,24.46,35.99,59.37
1226,26.10,22.32,8.98,17.97,12.3,24.46,35.99,59.37
1227,26.10,22.32,8.98,17.97,12.3,24.46,35.99,59.37
1228,26.10,22.32,8.98,17.97,12.3,24.46,35.99,59.37
1229,26.10,22.32,8.98,17.97,12.3,24.46,35.99,59.37
1230,26.10,22.32,8.98,17.97,12.3,24.46,35.99,59.37
1231,26.10,22.32,8.98,17.97,12.3,24.46,35.99,59.37
1232,26.10,22.32,8.98,17.97,12.3,24.46,35.99,59.37
1233,26.10,22.32,8.98,17.97,12.3,24.46,35.99,59.37
1234,26.10,22.32,8.98,17.97,12.3,24.46,35.99,59.37
1235,26.10,22.32,8.98,17.97,12.3,24.46,35.99,59.37
1236,26.10,22.32,8.98,17.97,12.3,24.46,35.99,59.37
1237,26.10,22.32,8.98,17.97,12.3,24.46,35.99,59.37
1238,26.10,22.32,8.98,17.97,12.3,24.46,35.99,59.37
1239,26.10,22.32,8.98,17.97,12.3,24.46,35.99,59.37
1240,26.10,22.32,8.98,17.97,12.3,24.46,35.99,59.37
1241,26.10,22.32,8.98,17.97,12.3,24.46,35.99,59.37
1242,26.10,22.32,8.98,17.97,12.3,24.46,35.99,59.37
1243,26.10,22.32,8.98,17.97,12.3,24.46,35.99,59.37
1244,26.10,22.32,8.98,17.97,12.3,24.46,35.99,59.37
1245,26.10,22.32,8.98,17.97,12.3,24.46,35.99,59.37
1246,26.10,22.32,8.98,17.97,12.3,24.46,35.99,59.37
1247,26.10,22.32,8.98,17.97,12.3,24.46,35.99,59.37
1248,26.10,22.32,8.98,17.97,12.3,24.46,35.99,59.37
1249,26.10,22.32,8.98,17.97,12.3,24.46,35.99,59.37
1250,26.10,22.32,8.98,17.97,12.3,24.46,35.99,59.37
1251,26.10,22.32,8.98,17.97,12.3,24.46,35.99,59.37
1252,26.10,22.32,8.98,17.97,12.3,24.46,35.99,59.37
1253,26.10,22.32,8.98,17.97,12.3,24.46,35.99,59.37
1254,26.10,22.32,8.98,17.97,12.3,24.46,35.99,59.37
1255,26.10,22.32,8.98,17.97,12.3,24.46,35.99,59.37
1256,26.10,22.32,8.98,17.97,12.3,24.46,35.99,59.37
1257,26.10,22.32,8.98,17.97,12.3,24.46,35.99,59.37
1258,26.10,22.32,8.98,17.97,12.3,24.46,35.99,59.37
1259,26.10,22.32,8.98,17.97,12.3,24.46,35.99,59.37
1260,26.10,22.32,8.98,17.97,12.3,24.46,35.99,59.37
1261,26.10,22.32,8.98,17.97,12.3,24.46,35.99,59.37
1262,26.10,22.32,8.98,17.97,12.3,24.46,35.99,59.37
1263,26.10,22.32,8.98,17.97,12.3,24.46,35.99,59.37
1264,26.10,22.32,8.98,17.97,12.3,24.46,35.99,59.37
1265,26.10,22.32,8.98,17.97,12.3,24.46,35.99,59.37
1266,26.10,22.32,8.98,17.97,12.3,24.46,35.99,59.37
1267,26.10,22.32,8.98,17.97,12.3,24.46,35.99,59.37
1268,26.10,22.32,8.98,17.97,12.3,24.46,35.99,59.37
1269,26.10,22.32,8.98,17.97,12.3,24.46,35.99,59.37
1270,26.10,22.32,8.98,17.97,12.3,24.46,35.99,59.37
1271,26.10,22.32,8.98,17.97,12.3,24.46,35.99,59.37
1272,26.10,22.32,8.98,17.97,12.3,24.46,35.99,59.37
1273,26.10,22.32,8.98,17.97,12.3,24.46,35.99,59.37
1274,26.10,22.32,8.98,17.97,12.3,24.46,35.99,59.37
1275,26.10,22.32,8.98,17.97,12.3,24.46,35.99,59.37
1276,26.10,22.32,8.98,17.97,12.3,24.46,35.99,59.37
1277,26.10,22.32,8.98,17.97,12.3,24.46,35.99,59.37
1278,26.10,22.32,8.98,17.97,12.3,24.46,35.99,59.37
1279,26.10,22.32,8.98,17.97,12.3,24.46,35.99,59.37
1280,26.10,22.32,8.98,17.97,12.3,24.46,35.99,59.37
1281,26.10,22.32,8.98,17.97,12.3,24.46,35.99,59.37
1282,26.10,22.32,8.98,17.97,12.3,24.46,35.99,59.37
1283,26.10,22.32,8.98,17.97,12.3,24.46,35.99,59.37
1284,26.10,22.32,8.98,17.97,12.3,24.46,35.99,59.37
1285,26.10,22.32,8.98,17.97,12.3,24.46,35.99,59.37
1286,26.10,22.32,8.98,17.97,12.3,24.46,35.99,59.37
1287,26.10,22.32,8.98,17.97,12.3,24.46,35.99,59.37
1288,26.10,22.32,8.98,17.97,12.3,24.46,35.99,59.37
1289,26.10,22.32,8.98,17.97,12.3,24.46,35.99,59.37
1290,26.10,22.32,8.98,17.97,12.3,24.46,35.99,59.37
1291,26.10,22.32,8.98,17.97,12.3,24.46,35.99,59.37
1292,26.10,22.32,8.98,17.97,12.3,24.46,35.99,59.37
1293,26.10,22.32,8.98,17.97,12.3,24.46,35.99,59.37
1294,26.10,22.32,8.98,17.97,12.3,24.46,35.99,59.37
1295,26.10,22.32,8.98,17.97,12.3,24.46,35.99,59.37
1296,26.10,22.32,8.98,17.97,12.3,24.46,35.99,59.37
1297,26.10,22.32,8.98,17.97,12.3,24.46,35.99,59.37
1298,26.10,22.32,8.98,17.97,12.3,24.46,35.99,59.37
1299,26.10,22.32,8.98,17.97,12.3,24.46,35.99,59.37
1300,26.10,22.32,8.98,17.97,12.3,24.46,35.99,59.37
1301,26.10,22.32,8.98,17.97,12.3,24.46,35.99,59.37
1302,26.10,22.32,8.98,17.97,12.3,24.46,35.99,59.37
1303,26.10,22.32,8.98,17.97,12.3,24.46,35.99,59.37
1304,26.10,22.32,8.98,17.97,12.3,24.46,35.99,59.37
1305,26.10,22.32,8.98,17.97,12.3,24.46,35.99,59.37
1306,26.10,22.32,8.98,17.97,12.3,24.46,35.99,59.37
1307,26.10,22.32,8.98,17.97,12.3,24.46,35.99,59.37
1308,26.10,22.32,8.98,17.97,12.3,24.46,35.99,59.37
1309,26.10,22.32,8.98,17.97,12.3,24.46,35.99,59.37
1310,26.10,22.32,8.98,17.97,12.3,24.46,35.99,59.37
1311,26.10,22.32,8.98,17.97,12.3,24.46,35.99,59.37
1312,26.10,22.32,8.98,17.97,12.3,24.46,35.99,59.37
1313,26.10,22.32,8.98,17.97,12.3,24.46,35.99,59.37
1314,26.10,22.32,8.98,17.97,12.3,24.46,35.99,59.37
1315,26.10,22.32,8.98,17.97,12.3,24.46,35.99,59.37
1316,26.10,22.32,8.98,17.97,12.3,24.46,35.99,59.37
1317,26.10,22.32,8.98,17.97,12.3,24.46,35.99,59.37
1318,26.10,22.32,8.98,17.97,12.3,24.46,35.99,59.37
1319,26.10,22.32,8.98,17.97,12.3,24.46,35.99,59.37
1320,26.10,22.32,8.98,17.97,12.3,24.46,35.99,59.37
1321,26.10,22.32,8.98,17.97,12.3,24.46,35.99,59.37
1322,26.10,22.32,8.98,17.97,12.3,24.46,35.99,59.37
1323,26.10,22.32,8.98,17.97,12.3,24.46,35.99,59.37
1324,26.10,22.32,8.98,17.97,12.3,24.46,35.99,59.37
1325,26.10,22.32,8.98,17.97,12.3,24.46,35.99,59.37
1326,26.10,22.32,8.98,17.97,12.3,24.46,35.99,59.37
1327,26.10,22.32,8.98,17.97,12.3,24.46,35.99,59.37
1328,26.10,22.32,8.98,17.97,12.3,24.46,35.99,59.37
1329,26.10,22.32,8.98,17.97,12.3,24.46,35.99,59.37
1330,26.10,22.32,8.98,17.97,12.3,24.46,35.99,59.37
1331,26.10,22.32,8.98,17.97,12.3,24.46,35.99,59.37
1332,26.10,22.32,8.98,17.97,12.3,24.46,35.99,59.37
1333,26.10,22.32,8.98,17.97,12.3,24.46,35.99,59.37
1334,26.10,22.32,8.98,17.97,12.3,24.46,35.99,59.37
1335,26.10,22.32,8.98,17.97,12.3,24.46,35.99,59.37
1336,26.10,22.32,8.98,17.97,12.3,24.46,35.99,59.37
1337,26.10,22.32,8.98,17.97,12.3,24.46,35.99,59.37
1338,26.10,22.32,8.98,17.97,12.3,24.46,35.99,59.37
1339,26.10,22.32,8.98,17.97,12.3,24.46,35.99,59.37
1340,26.10,22.32,8.98,17.97,12.3,24.46,35.99,59.37
1341,26.10,22.32,8.98,17.97,12.3,24.46,35.99,59.37
1342,26.10,22.32,8.98,17.97,12.3,24.46,35.99,59.37
1343,26.10,22.32,8.98,17.97,12.3,24.46,35.99,59.37
1344,26.10,22.32,8.98,17.97,12.3,24.46,35.99,59.37
1345,26.10,22.32,8.98,17.97,12.3,24.46,35.99,59.37
1346,26.10,22.32,8.98,17.97,12.3,24.46,35.99,59.37
1347,26.10,22.32,8.98,17.97,12.3,24.46,35.99,59.37
1348,26.10,22.32,8.98,17.97,12.3,24.46,35.99,59.37
1349,26.10,22.32,8.98,17.97,12.3,24.46,35.99,59.37
1350,26.10,22.32,8.98,17.97,12.3,24.46,35.99,59.37
1351,26.10,22.32,8.98,17.97,12.3,24.46,35.99,59.37
1352,26.10,22.32,8.98,17.97,12.3,24.46,35.99,59.37
1353,26.10,22.32,8.98,17.97,12.3,24.46,35.99,59.37
1354,26.10,22.32,8.98,17.97,12.3,24.46,35.99,59.37
1355,26.10,22.32,8.98,17.97,12.3,24.46,35.99,59.37
1356,26.10,22.32,8.98,17.97,12.3,24.46,35.99,59.37
1357,26.10,22.32,8.98,17.97,12.3,24.46,35.99,59.37
1358,26.10,22.32,8.98,17.97,12.3,24.46,35.99,59.37
1359,26.10,22.32,8.98,17.97,12.3,24.46,35.99,59.37
1360,26.10,22.32,8.98,17.97,12.3,24.46,35.99,59.37
1361,26.10,22.32,8.98,17.97,12.3,24.46,35.99,59.37
1362,26.10,22.32,8.98,17.97,12.3,24.46,35.99,59.37
1363,26.10,22.32,8.98,17.97,12.3,24.46,35.99,59.37
1364,26.10,22.32,8.98,17.97,12.3,24.46,35.99,59.37
1365,26.10,22.32,8.98,17.97,12.3,24.46,35.99,59.37
1366,26.10,22.32,8.98,17.97,12.3,24.46,35.99,59.37
1367,26.10,22.32,8.98,17.97,12.3,24.46,35.99,59.37
1368,26.10,22.32,8.98,17.97,12.3,24.46,35.99,59.37
1369,26.10,22.32,8.98,17.97,12.3,24.46,35.99,59.37
1370,26.10,22.32,8.98,17.97,12.3,24.46,35.99,59.37
1371,26.10,22.32,8.98,17.97,12.3,24.46,35.99,59.37
1372,26.10,22.32,8.98,17.97,12.3,24.46,35.99,59.37
1373,26.10,22.32,8.98,17.97,12.3,24.46,35.99,59.37
1374,26.10,22.32,8.98,17.97,12.3,24.46,35.99,59.37
1375,26.10,22.32,8.98,17.97,12.3,24.46,35.99,59.37
1376,26.10,22.32,8.98,17.97,12.3,24.46,35.99,59.37
1377,26.10,22.32,8.98,17.97,12.3,24.46,35.99,59.37
1378,26.10,22.32,8.98,17.97,12.3,24.46,35.99,59.37
1379,26.10,22.32,8.98,17.97,12.3,24.46,35.99,59.37
1380,26.10,22.32,8.98,17.97,12.3,24.46,35.99,59.37
1381,26.10,22.32,8.98,17.97,12.3,24.46,35.99,59.37
1382,26.10,22.32,8.98,17.97,12.3,24.46,35.99,59.37
1383,26.10,22.32,8.98,17.97,12.3,24.46,35.99,59.37
1384,26.10,22.32,8.98,17.97,12.3,24.46,35.99,59.37
1385,26.10,22.32,8.98,17.97,12.3,24.46,35.99,59.37
1386,26.10,22.32,8.98,17.97,12.3,24.46,35.99,59.37
1387,26.10,22.32,8.98,17.97,12.3,24.46,35.99,59.37
1388,26.10,22.32,8.98,17.97,12.3,24.46,35.99,59.37
1389,26.10,22.32,8.98,17.97,12.3,24.46,35.99,59.37
1390,26.10,22.32,8.98,17.97,12.3,24.46,35.99,59.37
1391,26.10,22.32,8.98,17.97,12.3,24.46,35.99,59.37
1392,26.10,22.32,8.98,17.97,12.3,24.46,35.99,59.37
1393,26.10,22.32,8.98,17.97,12.3,24.46,35.99,59.37
1394,26.10,22.32,8.98,17.97,12.3,24.46,35.99,59.37
1395,26.10,22.32,8.98,17.97,12.3,24.46,35.99,59.37
1396,26.10,22.32,8.98,17.97,12.3,24.46,35.99,59.37
1397,26.10,22.32,8.98,17.97,12.3,24.46,35.99,59.37
1398,26.10,22.32,8.98,17.97,12.3,24.46,35.99,59.37
1399,26.10,22.32,8.98,17.97,12.3,24.46,35.99,59.37
1400,26.10,22.32,8.98,17.97,12.3,24.46,35.99,59.37
1401,26.10,22.32,8.98,17.97,12.3,24.46,35.99,59.37
1402,26.10,22.32,8.98,17.97,12.3,24.46,35.99,59.37
1403,26.10,22.32,8.98,17.97,12.3,24.46,35.99,59.37
1404,26.10,22.32,8.98,17.97,12.3,24.46,35.99,59.37
1405,26.10,22.32,8.98,17.97,12.3,24.46,35.99,59.37
1406,26.10,22.32,8.98,17.97,12.3,24.46,35.99,59.37
1407,26.10,22.32,8.98,17.97,12.3,24.46,35.99,59.37
1408,26.10,22.32,8.98,17.97,12.3,24.46,35.99,59.37
1409,26.10,22.32,8.98,17.97,12.3,24.46,35.99,59.37
1410,26.10,22.32,8.98,17.97,12.3,24.46,35.99,59.37
1411,26.10,22.32,8.98,17.97,12.3,24.46,35.99,59.37
1412,26.10,22.32,8.98,17.97,12.3,24.46,35.99,59.37
1413,26.10,22.32,8.98,17.97,12.3,24.46,35.99,59.37
1414,26.10,22.32,8.98,17.97,12.3,24.46,35.99,59.37
1415,26.10,22.32,8.98,17.97,12.3,24.46,35.99,59.37
1416,26.10,22.32,8.98,17.97,12.3,24.46,35.99,59.37
1417,26.10,22.32,8.98,17.97,12.3,24.46,35.99,59.37
1418,26.10,22.32,8.98,17.97,12.3,24.46,35.99,59.37
1419,26.10,22.32,8.98,17.97,12.3,24.46,35.99,59.37
1420,26.10,22.32,8.98,17.97,12.3,24.46,35.99,59.37
1421,26.10,22.32,8.98,17.97,12.3,24.46,35.99,59.37
1422,26.10,22.32,8.98,17.97,12.3,24.46,35.99,59.37
1423,26.10,22.32,8.98,17.97,12.3,24.46,35.99,59.37
1424,26.10,22.32,8.98,17.97,12.3,24.46,35.99,59.37
1425,26.10,22.32,8.98,17.97,12.3,24.46,35.99,59.37
1426,26.10,22.32,8.98,17.97,12.3,24.46,35.99,59.37
1427,26.10,22.32,8.98,17.97,12.3,24.46,35.99,59.37
1428,26.10,22.32,8.98,17.97,12.3,24.46,35.99,59.37
1429,26.10,22.32,8.98,17.97,12.3,24.46,35.99,59.37
1430,26.10,22.32,8.98,17.97,12.3,24.46,35.99,59.37
1431,26.10,22.32,8.98,17.97,12.3,24.46,35.99,59.37
1432,26.10,22.32,8.98,17.97,12.3,24.46,35.99,59.37
1433,26.10,22.32,8.98,17.97,12.3,24.46,35.99,59.37
1434,26.10,22.32,8.98,17.97,12.3,24.46,35.99,59.37
1435,26.10,22.32,8.98,17.97,12.3,24.46,35.99,59.37
1436,26.10,22.32,8.98,17.97,12.3,24.46,35.99,59.37
1437,26.10,22.32,8.98,17.97,12.3,24.46,35.99,59.37
1438,26.10,22.32,8.98,17.97,12.3,24.46,35.99,59.37
1439,26.10,22.32,8.98,17.97,12.3,24.46,35.99,59.37
1440,26.10,22.32,8.98,17.97,12.3,24.46,35.99,59.37
1441,26.10,22.32,8.98,17.97,12.3,24.46,35.99,59.37
1442,26.10,22.32,8.98,17.97,12.3,24.46,35.99,59.37
1443,26.10,22.32,8.98,17.97,12.3,24.46,35.99,59.37
1444,26.10,22.32,8.98,17.97,12.3,24.46,35.99,59.37
1445,26.10,22.32,8.98,17.97,12.3,24.46,35.99,59.37
1446,26.10,22.32,8.98,17.97,12.3,24.46,35.99,59.37
1447,26.10,22.32,8.98,17.97,12.3,24.46,35.99,59.37
1448,26.10,22.32,8.98,17.97,12.3,24.46,35.99,59.37
1449,26.10,22.32,8.98,17.97,12.3,24.46,35.99,59.37
1450,26.10,22.32,8.98,17.97,12.3,24.46,35.99,59.37
1451,26.10,22.32,8.98,17.97,12.3,24.46,35.99,59.37
1452,26.10,22.32,8.98,17.97,12.3,24.46,35.99,59.37
1453,26.10,22.32,8.98,17.97,12.3,24.46,35.99,59.37
1454,26.10,22.32,8.98,17.97,12.3,24.46,35.99,59.37
1455,26.10,22.32,8.98,17.97,12.3,24.46,35.99,59.37
1456,26.10,22.32,8.98,17.97,12.3,24.46,35.99,59.37
1457,26.10,22.32,8.98,17.97,12.3,24.46,35.99,59.37
1458,26.10,22.32,8.98,17.97,12.3,24.46,35.99,59.37
1459,26.10,22.32,8.98,17.97,12.3,24.46,35.99,59.37
1460,26.10,22.32,8.98,17.97,12.3,24.46,35.99,59.37
1461,26.10,22.32,8.98,17.97,12.3,24.46,35.99,59.37
1462,26.10,22.32,8.98,17.97,12.3,24.46,35.99,59.37
1463,26.10,22.32,8.98,17.97,12.3,24.46,35.99,59.37
1464,26.10,22.32,8.98,17.97,12.3,24.46,35.99,59.37
1465,26.10,22.32,8.98,17.97,12.3,24.46,35.99,59.37
1466,26.10,22.32,8.98,17.97,12.3,24.46,35.99,59.37
1467,26.10,22.32,8.98,17.97,12.3,24.46,35.99,59.37
1468,26.10,22.32,8.98,17.97,12.3,24.46,35.99,59.37
1469,26.10,22.32,8.98,17.97,12.3,24.46,35.99,59.37
1470,26.10,22.32,8.98,17.97,12.3,24.46,35.99,59.37
1471,26.10,22.32,8.98,17.97,12.3,24.46,35.99,59.37
1472,26.10,22.32,8.98,17.97,12.3,24.46,35.99,59.37
1473,26.10,22.32,8.98,17.97,12.3,24.46,35.99,59.37
1474,26.10,22.32,8.98,17.97,12.3,24.46,35.99,59.37
1475,26.10,22.32,8.98,17.97,12.3,24.46,35.99,59.37
1476,26.10,22.32,8.98,17.97,12.3,24.46,35.99,59.37
1477,26.10,22.32,8.98,17.97,12.3,24.46,35.99,59.37
1478,26.10,22.32,8.98,17.97,12.3,24.46,35.99,59.37
1479,26.10,22.32,8.98,17.97,12.3,24.46,35.99,59.37
1480,26.10,22.32,8.98,17.97,12.3,24.46,35.99,59.37
1481,26.10,22.32,8.98,17.97,12.3,24.46,35.99,59.37
1482,26.10,22.32,8.98,17.97,12.3,24.46,35.99,59.37
1483,26.10,22.32,8.98,17.97,12.3,24.46,35.99,59.37
1484,26.10,22.32,8.98,17.97,12.3,24.46,35.99,59.37
1485,26.10,22.32,8.98,17.97,12.3,24.46,35.99,59.37
1486,26.10,22.32,8.98,17.97,12.3,24.46,35.99,59.37
1487,26.10,22.32,8.98,17.97,12.3,24.46,35.99,59.37
1488,26.10,22.32,8.98,17.97,12.3,24.46,35.99,59.37
1489,26.10,22.32,8.98,17.97,12.3,24.46,35.99,59.37
1490,26.10,22.32,8.98,17.97,12.3,24.46,35.99,59.37
1491,26.10,22.32,8.98,17.97,12.3,24.46,35.99,59.37
1492,26.10,22.32,8.98,17.97,12.3,24.46,35.99,59.37
1493,26.10,22.32,8.98,17.97,12.3,24.46,35.99,59.37
1494,26.10,22.32,8.98,17.97,12.3,24.46,35.99,59.37
1495,26.10,22.32,8.98,17.97,12.3,24.46,35.99,59.37
1496,26.10,22.32,8.98,17.97,12.3,24.46,35.99,59.37
1497,26.10,22.32,8.98,17.97,12.3,24.46,35.99,59.37
1498,26.10,22.32,8.98,17.97,12.3,24.46,35.99,59.37
1499,26.10,22.32,8.98,17.97,12.3,24.46,35.99,59.37
1500,26.10,22.32,8.98,17.97,12.3,24.46,35.99,59.37
1501,26.10,22.32,8.98,17.97,12.3,24.46,35.99,59.37
1502,26.10,22.32,8.98,17.97,12.3,24.46,35.99,59.37
1503,26.10,22.32,8.98,17.97,12.3,24.46,35.99,59.37
1504,26.10,22.32,8.98,17.97,12.3,24.46,35.99,59.37
1505,26.10,22.32,8.98,17.97,12.3,24.46,35.99,59.37
1506,26.10,22.32,8.98,17.97,12.3,24.46,35.99,59.37
1507,26.10,22.32,8.98,17.97,12.3,24.46,35.99,59.37
1508,26.10,22.32,8.98,17.97,12.3,24.46,35.99,59.37
1509,26.10,22.32,8.98,17.97,12.3,24.46,35.99,59.37
1510,26.10,22.32,8.98,17.97,12.3,24.46,35.99,59.37
1511,26.10,22.32,8.98,17.97,12.3,24.46,35.99,59.37
1512,26.10,22.32,8.98,17.97,12.3,24.46,35.99,59.37
1513,26.10,22.32,8.98,17.97,12.3,24.46,35.99,59.37
1514,26.10,22.32,8.98,17.97,12.3,24.46,35.99,59.37
1515,26.10,22.32,8.98,17.97,12.3,24.46,35.99,59.37
1516,26.10,22.32,8.98,17.97,12.3,24.46,35.99,59.37
1517,26.10,22.32,8.98,17.97,12.3,24.46,35.99,59.37
1518,26.10,22.32,8.98,17.97,12.3,24.46,35.99,59.37
1519,26.10,22.32,8.98,17.97,12.3,24.46,35.99,59.37
1520,26.10,22.32,8.98,17.97,12.3,24.46,35.99,59.37
1521,26.10,22.32,8.98,17.97,12.3,24.46,35.99,59.37
1522,26.10,22.32,8.98,17.97,12.3,24.46,35.99,59.37
1523,26.10,22.32,8.98,17.97,12.3,24.46,35.99,59.37
1524,26.10,22.32,8.98,17.97,12.3,24.46,35.99,59.37
1525,26.10,22.32,8.98,17.97,12.3,24.46,35.99,59.37
1526,26.10,22.32,8.98,17.97,12.3,24.46,35.99,59.37
1527,26.10,22.32,8.98,17.97,12.3,24.46,35.99,59.37
1528,26.10,22.32,8.98,17.97,12.3,24.46,35.99,59.37
1529,26.10,22.32,8.98,17.97,12.3,24.46,35.99,59.37
1530,26.10,22.32,8.98,17.97,12.3,24.46,35.99,59.37
1531,26.10,22.32,8.98,17.97,12.3,24.46,35.99,59.37
1532,26.10,22.32,8.98,17.97,12.3,24.46,35.99,59.37
1533,26.10,22.32,8.98,17.97,12.3,24.46,35.99,59.37
1534,26.10,22.32,8.98,17.97,12.3,24.46,35.99,59.37
1535,26.10,22.32,8.98,17.97,12.3,24.46,35.99,59.37
1536,26.10,22.32,8.98,17.97,12.3,24.46,35.99,59.37
1537,26.10,22.32,8.98,17.97,12.3,24.46,35.99,59.37
1538,26.10,22.32,8.98,17.97,12.3,24.46,35.99,59.37
1539,26.10,22.32,8.98,17.97,12.3,24.46,35.99,59.37
1540,26.10,22.32,8.98,17.97,12.3,24.46,35.99,59.37
1541,26.10,22.32,8.98,17.97,12.3,24.46,35.99,59.37
1542,26.10,22.32,8.98,17.97,12.3,24.46,35.99,59.37
1543,26.10,22.32,8.98,17.97,12.3,24.46,35.99,59.37
1544,26.10,22.32,8.98,17.97,12.3,24.46,35.99,59.37
1545,26.10,22.32,8.98,17.97,12.3,24.46,35.99,59.37
1546,26.10,22.32,8.98,17.97,12.3,24.46,35.99,59.37
1547,26.10,22.32,8.98,17.97,12.3,24.46,35.99,59.37
1548,26.10,22.32,8.98,17.97,12.3,24.46,35.99,59.37
1549,26.10,22.32,8.98,17.97,12.3,24.46,35.99,59.37
1550,26.10,22.32,8.98,17.97,12.3,24.46,35.99,59.37
1551,26.10,22.32,8.98,17.97,12.3,24.46,35.99,59.37
1552,26.10,22.32,8.98,17.97,12.3,24.46,35.99,59.37
1553,26.10,22.32,8.98,17.97,12.3,24.46,35.99,59.37
1554,26.10,22.32,8.98,17.97,12.3,24.46,35.99,59.37
1555,26.10,22.32,8.98,17.97,12.3,24.46,35.99,59.37
1556,26.10,22.32,8.98,17.97,12.3,24.46,35.99,59.37
1557,26.10,22.32,8.98,17.97,12.3,24.46,35.99,59.37
1558,26.10,22.32,8.98,17.97,12.3,24.46,35.99,59.37
1559,26.10,22.32,8.98,17.97,12.3,24.46,35.99,59.37
1560,26.10,22.32,8.98,17.97,12.3,24.46,35.99,59.37
1561,26.10,22.32,8.98,17.97,12.3,24.46,35.99,59.37
1562,26.10,22.32,8.98,17.97,12.3,24.46,35.99,59.37
1563,26.10,22.32,8.98,17.97,12.3,24.46,35.99,59.37
1564,26.10,22.32,8.98,17.97,12.3,24.46,35.99,59.37
1565,26.10,22.32,8.98,17.97,12.3,24.46,35.99,59.37
1566,26.10,22.32,8.98,17.97,12.3,24.46,35.99,59.37
1567,26.10,22.32,8.98,17.97,12.3,24.46,35.99,59.37
1568,26.10,22.32,8.98,17.97,12.3,24.46,35.99,59.37
1569,26.10,22.32,8.98,17.97,12.3,24.46,35.99,59.37
1570,26.10,22.32,8.98,17.97,12.3,24.46,35.99,59.37
1571,26.10,22.32,8.98,17.97,12.3,24.46,35.99,59.37
1572,26.10,22.32,8.98,17.97,12.3,24.46,35.99,59.37
1573,26.10,22.32,8.98,17.97,12.3,24.46,35.99,59.37
1574,26.10,22.32,8.98,17.97,12.3,24.46,35.99,59.37
1575,26.10,22.32,8.98,17.97,12.3,24.46,35.99,59.37
1576,26.10,22.32,8.98,17.97,12.3,24.46,35.99,59.37
1577,26.10,22.32,8.98,17.97,12.3,24.46,35.99,59.37
1578,26.10,22.32,8.98,17.97,12.3,24.46,35.99,59.37
1579,26.10,22.32,8.98,17.97,12.3,24.46,35.99,59.37
1580,26.10,22.32,8.98,17.97,12.3,24.46,35.99,59.37
1581,26.10,22.32,8.98,17.97,12.3,24.46,35.99,59.37
1582,26.10,22.32,8.98,17.97,12.3,24.46,35.99,59.37
1583,26.10,22.32,8.98,17.97,12.3,24.46,35.99,59.37
1584,26.10,22.32,8.98,17.97,12.3,24.46,35.99,59.37
1585,26.10,22.32,8.98,17.97,12.3,24.46,35.99,59.37
1586,26.10,22.32,8.98,17.97,12.3,24.46,35.99,59.37
1587,26.10,22.32,8.98,17.97,12.3,24.46,35.99,59.37
1588,26.10,22.32,8.98,17.97,12.3,24.46,35.99,59.37
1589,26.10,22.32,8.98,17.97,12.3,24.46,35.99,59.37
1590,26.10,22.32,8.98,17.97,12.3,24.46,35.99,59.37
1591,26.10,22.32,8.98,17.97,12.3,24.46,35.99,59.37
1592,26.10,22.32,8.98,17.97,12.3,24.46,35.99,59.37
1593,26.10,22.32,8.98,17.97,12.3,24.46,35.99,59.37
1594,26.10,22.32,8.98,17.97,12.3,24.46,35.99,59.37
1595,26.10,22.32,8.98,17.97,12.3,24.46,35.99,59.37
1596,26.10,22.32,8.98,17.97,12.3,24.46,35.99,59.37
1597,26.10,22.32,8.98,17.97,12.3,24.46,35.99,59.37
1598,26.10,22.32,8.98,17.97,12.3,24.46,35.99,59.37
1599,26.10,22.32,8.98,17.97,12.3,24.46,35.99,59.37
1600,26.10,22.32,8.98,17.97,12.3,24.46,35.99,59.37
1601,26.10,22.32,8.98,17.97,12.3,24.46,35.99,59.37
1602,26.10,22.32,8.98,17.97,12.3,24.46,35.99,59.37
1603,26.10,22.32,8.98,17.97,12.3,24.46,35.99,59.37
1604,26.10,22.32,8.98,17.97,12.3,24.46,35.99,59.37
1605,26.10,22.32,8.98,17.97,12.3,24.46,35.99,59.37
1606,26.10,22.32,8.98,17.97,12.3,24.46,35.99,59.37
1607,26.10,22.32,8.98,17.97,12.3,24.46,35.99,59.37
1608,26.10,22.32,8.98,17.97,12.3,24.46,35.99,59.37
1609,26.10,22.32,8.98,17.97,12.3,24.46,35.99,59.37
1610,26.10,22.32,8.98,17.97,12.3,24.46,35.99,59.37
1611,26.10,22.32,8.98,17.97,12.3,24.46,35.99,59.37
1612,26.10,22.32,8.98,17.97,12.3,24.46,35.99,59.37
1613,26.10,22.32,8.98,17.97,12.3,24.46,35.99,59.37
1614,26.10,22.32,8.98,17.97,12.3,24.46,35.99,59.37
1615,26.10,22.32,8.98,17.97,12.3,24.46,35.99,59.37
1616,26.10,22.32,8.98,17.97,12.3,24.46,35.99,59.37
1617,26.10,22.32,8.98,17.97,12.3,24.46,35.99,59.37
1618,26.10,22.32,8.98,17.97,12.3,24.46,35.99,59.37
1619,26.10,22.32,8.98,17.97,12.3,24.46,35.99,59.37
1620,26.10,22.32,8.98,17.97,12.3,24.46,35.99,59.37
1621,26.10,22.32,8.98,17.97,12.3,24.46,35.99,59.37
1622,26.10,22.32,8.98,17.97,12.3,24.46,35.99,59.37
1623,26.10,22.32,8.98,17.97,12.3,24.46,35.99,59.37
1624,26.10,22.32,8.98,17.97,12.3,24.46,35.99,59.37
1625,26.10,22.32,8.98,17.97,12.3,24.46,35.99,59.37
1626,26.10,22.32,8.98,17.97,12.3,24.46,35.99,59.37
1627,26.10,22.32,8.98,17.97,12.3,24.46,35.99,59.37
1628,26.10,22.32,8.98,17.97,12.3,24.46,35.99,59.37
1629,26.10,22.32,8.98,17.97,12.3,24.46,35.99,59.37
1630,26.10,22.32,8.98,17.97,12.3,24.46,35.99,59.37
1631,26.10,22.32,8.98,17.97,12.3,24.46,35.99,59.37
1632,26.10,22.32,8.98,17.97,12.3,24.46,35.99,59.37
1633,26.10,22.32,8.98,17.97,12.3,24.46,35.99,59.37
1634,26.10,22.32,8.98,17.97,12.3,24.46,35.99,59.37
1635,26.10,22.32,8.98,17.97,12.3,24.46,35.99,59.37
1636,26.10,22.32,8.98,17.97,12.3,24.46,35.99,59.37
1637,26.10,22.32,8.98,17.97,12.3,24.46,35.99,59.37
1638,26.10,22.32,8.98,17.97,12.3,24.46,35.99,59.37
1639,26.10,22.32,8.98,17.97,12.3,24.46,35.99,59.37
1640,26.10,22.32,8.98,17.97,12.3,24.46,35.99,59.37
1641,26.10,22.32,8.98,17.97,12.3,24.46,35.99,59.37
1642,26.10,22.32,8.98,17.97,12.3,24.46,35.99,59.37
1643,26.10,22.32,8.98,17.97,12.3,24.46,35.99,59.37
1644,26.10,22.32,8.98,17.97,12.3,24.46,35.99,59.37
1645,26.10,22.32,8.98,17.97,12.3,24.46,35.99,59.37
1646,26.10,22.32,8.98,17.97,12.3,24.46,35.99,59.37
1647,26.10,22.32,8.98,17.97,12.3,24.46,35.99,59.37
1648,26.10,22.32,8.98,17.97,12.3,24.46,35.99,59.37
1649,26.10,22.32,8.98,17.97,12.3,24.46,35.99,59.37
1650,26.10,22.32,8.98,17.97,12.3,24.46,35.99,59.37
1651,26.10,22.32,8.98,17.97,12.3,24.46,35.99,59.37
1652,26.10,22.32,8.98,17.97,12.3,24.46,35.99,59.37
1653,26.10,22.32,8.98,17.97,12.3,24.46,35.99,59.37
1654,26.10,22.32,8.98,17.97,12.3,24.46,35.99,59.37
1655,26.10,22.32,8.98,17.97,12.3,24.46,35.99,59.37
1656,26.10,22.32,8.98,17.97,12.3,24.46,35.99,59.37
1657,26.10,22.32,8.98,17.97,12.3,24.46,35.99,59.37
1658,26.10,22.32,8.98,17.97,12.3,24.46,35.99,59.37
1659,26.10,22.32,8.98,17.97,12.3,24.46,35.99,59.37
1660,26.10,22.32,8.98,17.97,12.3,24.46,35.99,59.37
1661,26.10,22.32,8.98,17.97,12.3,24.46,35.99,59.37
1662,26.10,22.32,8.98,17.97,12.3,24.46,35.99,59.37
1663,26.10,22.32,8.98,17.97,12.3,24.46,35.99,59.37
1664,26.10,22.32,8.98,17.97,12.3,24.46,35.99,59.37
1665,26.10,22.32,8.98,17.97,12.3,24.46,35.99,59.37
1666,26.10,22.32,8.98,17.97,12.3,24.46,35.99,59.37
1667,26.10,22.32,8.98,17.97,12.3,24.46,35.99,59.37
1668,26.10,22.32,8.98,17.97,12.3,24.46,35.99,59.37
1669,26.10,22.32,8.98,17.97,12.3,24.46,35.99,59.37
1670,26.10,22.32,8.98,17.97,12.3,24.46,35.99,59.37
1671,26.10,22.32,8.98,17.97,12.3,24.46,35.99,59.37
1672,26.10,22.32,8.98,17.97,12.3,24.46,35.99,59.37
1673,26.10,22.32,8.98,17.97,12.3,24.46,35.99,59.37
1674,26.10,22.32,8.98,17.97,12.3,24.46,35.99,59.37
1675,26.10,22.32,8.98,17.97,12.3,24.46,35.99,59.37
1676,26.10,22.32,8.98,17.97,12.3,24.46,35.99,59.37
1677,26.10,22.32,8.98,17.97,12.3,24.46,35.99,59.37
1678,26.10,22.32,8.98,17.97,12.3,24.46,35.99,59.37
1679,26.10,22.32,8.98,17.97,12.3,24.46,35.99,59.37
1680,26.10,22.32,8.98,17.97,12.3,24.46,35.99,59.37
1681,26.10,22.32,8.98,17.97,12.3,24.46,35.99,59.37
1682,26.10,22.32,8.98,17.97,12.3,24.46,35.99,59.37
1683,26.10,22.32,8.98,17.97,12.3,24.46,35.99,59.37
1684,26.10,22.32,8.98,17.97,12.3,24.46,35.99,59.37
1685,26.10,22.32,8.98,17.97,12.3,24.46,35.99,59.37
1686,26.10,22.32,8.98,17.97,12.3,24.46,35.99,59.37
1687,26.10,22.32,8.98,17.97,12.3,24.46,35.99,59.37
1688,26.10,22.32,8.98,17.97,12.3,24.46,35.99,59.37
1689,26.10,22.32,8.98,17.97,12.3,24.46,35.99,59.37
1690,26.10,22.32,8.98,17.97,12.3,24.46,35.99,59.37
1691,26.10,22.32,8.98,17.97,12.3,24.46,35.99,59.37
1692,26.10,22.32,8.98,17.97,12.3,24.46,35.99,59.37
1693,26.10,22.32,8.98,17.97,12.3,24.46,35.99,59.37
1694,26.10,22.32,8.98,17.97,12.3,24.46,35.99,59.37
1695,26.10,22.32,8.98,17.97,12.3,24.46,35.99,59.37
1696,26.10,22.32,8.98,17.97,12.3,24.46,35.99,59.37
1697,26.10,22.32,8.98,17.97,12.3,24.46,35.99,59.37
1698,26.10,22.32,8.98,17.97,12.3,24.46,35.99,59.37
1699,26.10,22.32,8.98,17.97,12.3,24.46,35.99,59.37
1700,26.10,22.32,8.98,17.97,12.3,24.46,35.99,59.37
1701,26.10,22.32,8.98,17.97,12.3,24.46,35.99,59.37
1702,26.10,22.32,8.98,17.97,12.3,24.46,35.99,59.37
1703,26.10,22.32,8.98,17.97,12.3,24.46,35.99,59.37
1704,26.10,22.32,8.98,17.97,12.3,24.46,35.99,59.37
1705,26.10,22.32,8.98,17.97,12.3,24.46,35.99,59.37
1706,26.10,22.32,8.98,17.97,12.3,24.46,35.99,59.37
1707,26.10,22.32,8.98,17.97,12.3,24.46,35.99,59.37
1708,26.10,22.32,8.98,17.97,12.3,24.46,35.99,59.37
1709,26.10,22.32,8.98,17.97,12.3,24.46,35.99,59.37
1710,26.10,22.32,8.98,17.97,12.3,24.46,35.99,59.37
1711,26.10,22.32,8.98,17.97,12.3,24.46,35.99,59.37
1712,26.10,22.32,8.98,17.97,12.3,24.46,35.99,59.37
1713,26.10,22.32,8.98,17.97,12.3,24.46,35.99,59.37
1714,26.10,22.32,8.98,17.97,12.3,24.46,35.99,59.37
1715,26.10,22.32,8.98,17.97,12.3,24.46,35.99,59.37
1716,26.10,22.32,8.98,17.97,12.3,24.46,35.99,59.37
1717,26.10,22.32,8.98,17.97,12.3,24.46,35.99,59.37
1718,26.10,22.32,8.98,17.97,12.3,24.46,35.99,59.37
1719,26.10,22.32,8.98,17.97,12.3,24.46,35.99,59.37
1720,26.10,22.32,8.98,17.97,12.3,24.46,35.99,59.37
1721,26.10,22.32,8.98,17.97,12.3,24.46,35.99,59.37
1722,26.10,22.32,8.98,17.97,12.3,24.46,35.99,59.37
1723,26.10,22.32,8.98,17.97,12.3,24.46,35.99,59.37
1724,26.10,22.32,8.98,17.97,12.3,24.46,35.99,59.37
1725,26.10,22.32,8.98,17.97,12.3,24.46,35.99,59.37
1726,26.10,22.32,8.98,17.97,12.3,24.46,35.99,59.37
1727,26.10,22.32,8.98,17.97,12.3,24.46,35.99,59.37
1728,26.10,22.32,8.98,17.97,12.3,24.46,35.99,59.37
1729,26.10,22.32,8.98,17.97,12.3,24.46,35.99,59.37
1730,26.10,22.32,8.98,17.97,12.3,24.46,35.99,59.37
1731,26.10,22.32,8.98,17.97,12.3,24.46,35.99,59.37
1732,26.10,22.32,8.98,17.97,12.3,24.46,35.99,59.37
1733,26.10,22.32,8.98,17.97,12.3,24.46,35.99,59.37
1734,26.10,22.32,8.98,17.97,12.3,24.46,35.99,59.37
1735,26.10,22.32,8.98,17.97,12.3,24.46,35.99,59.37
1736,26.10,22.32,8.98,17.97,12.3,24.46,35.99,59.37
1737,26.10,22.32,8.98,17.97,12.3,24.46,35.99,59.37
1738,26.10,22.32,8.98,17.97,12.3,24.46,35.99,59.37
1739,26.10,22.32,8.98,17.97,12.3,24.46,35.99,59.37
1740,26.10,22.32,8.98,17.97,12.3,24.46,35.99,59.37
1741,26.10,22.32,8.98,17.97,12.3,24.46,35.99,59.37
1742,26.10,22.32,8.98,17.97,12.3,24.46,35.99,59.37
1743,26.10,22.32,8.98,17.97,12.3,24.46,35.99,59.37
1744,26.10,22.32,8.98,17.97,12.3,24.46,35.99,59.37
1745,26.10,22.32,8.98,17.97,12.3,24.46,35.99,59.37
1746,26.10,22.32,8.98,17.97,12.3,24.46,35.99,59.37
1747,26.10,22.32,8.98,17.97,12.3,24.46,35.99,59.37
1748,26.10,22.32,8.98,17.97,12.3,24.46,35.99,59.37
1749,26.10,22.32,8.98,17.97,12.3,24.46,35.99,59.37
1750,26.10,22.32,8.98,17.97,12.3,24.46,35.99,59.37
1751,26.10,22.32,8.98,17.97,12.3,24.46,35.99,59.37
1752,26.10,22.32,8.98,17.97,12.3,24.46,35.99,59.37
1753,26.10,22.32,8.98,17.97,12.3,24.46,35.99,59.37
1754,26.10,22.32,8.98,17.97,12.3,24.46,35.99,59.37
1755,26.10,22.32,8.98,17.97,12.3,24.46,35.99,59.37
1756,26.10,22.32,8.98,17.97,12.3,24.46,35.99,59.37
1757,26.10,22.32,8.98,17.97,12.3,24.46,35.99,59.37
1758,26.10,22.32,8.98,17.97,12.3,24.46,35.99,59.37
1759,26.10,22.32,8.98,17.97,12.3,24.46,35.99,59.37
1760,26.10,22.32,8.98,17.97,12.3,24.46,35.99,59.37
1761,26.10,22.32,8.98,17.97,12.3,24.46,35.99,59.37
1762,26.10,22.32,8.98,17.97,12.3,24.46,35.99,59.37
1763,26.10,22.32,8.98,17.97,12.3,24.46,35.99,59.37
1764,26.10,22.32,8.98,17.97,12.3,24.46,35.99,59.37
1765,26.10,22.32,8.98,17.97,12.3,24.46,35.99,59.37
1766,26.10,22.32,8.98,17.97,12.3,24.46,35.99,59.37
1767,26.10,22.32,8.98,17.97,12.3,24.46,35.99,59.37
1768,26.10,22.32,8.98,17.97,12.3,24.46,35.99,59.37
1769,26.10,22.32,8.98,17.97,12.3,24.46,35.99,59.37
1770,26.10,22.32,8.98,17.97,12.3,24.46,35.99,59.37
1771,26.10,22.32,8.98,17.97,12.3,24.46,35.99,59.37
1772,26.10,22.32,8.98,17.97,12.3,24.46,35.99,59.37
1773,26.10,22.32,8.98,17.97,12.3,24.46,35.99,59.37
1774,26.10,22.32,8.98,17.97,12.3,24.46,35.99,59.37
1775,26.10,22.32,8.98,17.97,12.3,24.46,35.99,59.37
1776,26.10,22.32,8.98,17.97,12.3,24.46,35.99,59.37
1777,26.10,22.32,8.98,17.97,12.3,24.46,35.99,59.37
1778,26.10,22.32,8.98,17.97,12.3,24.46,35.99,59.37
1779,26.10,22.32,8.98,17.97,12.3,24.46,35.99,59.37
1780,26.10,22.32,8.98,17.97,12.3,24.46,35.99,59.37
1781,26.10,22.32,8.98,17.97,12.3,24.46,35.99,59.37
1782,26.10,22.32,8.98,17.97,12.3,24.46,35.99,59.37
1783,26.10,22.32,8.98,17.97,12.3,24.46,35.99,59.37
1784,26.10,22.32,8.98,17.97,12.3,24.46,35.99,59.37
1785,26.10,22.32,8.98,17.97,12.3,24.46,35.99,59.37
1786,26.10,22.32,8.98,17.97,12.3,24.46,35.99,59.37
1787,26.10,22.32,8.98,17.97,12.3,24.46,35.99,59.37
1788,26.10,22.32,8.98,17.97,12.3,24.46,35.99,59.37
1789,26.10,22.32,8.98,17.97,12.3,24.46,35.99,59.37
1790,26.10,22.32,8.98,17.97,12.3,24.46,35.99,59.37
1791,26.10,22.32,8.98,17.97,12.3,24.46,35.99,59.37
1792,26.10,22.32,8.98,17.97,12.3,24.46,35.99,59.37
1793,26.10,22.32,8.98,17.97,12.3,24.46,35.99,59.37
1794,26.10,22.32,8.98,17.97,12.3,24.46,35.99,59.37
1795,26.10,22.32,8.98,17.97,12.3,24.46,35.99,59.37
1796,26.10,22.32,8.98,17.97,12.3,24.46,35.99,59.37
1797,26.10,22.32,8.98,17.97,12.3,24.46,35.99,59.37
1798,26.10,22.32,8.98,17.97,12.3,24.46,35.99,59.37
1799,26.10,22.32,8.98,17.97,12.3,24.46,35.99,59.37
1800,26.10,22.32,8.98,17.97,12.3,24.46,35.99,59.37
1801,26.10,22.32,8.98,17.97,12.3,24.46,35.99,59.37
1802,26.10,22.32,8.98,17.97,12.3,24.46,35.99,59.37
1803,26.10,22.32,8.98,17.97,12.3,24.46,35.99,59.37
1804,26.10,22.32,8.98,17.97,12.3,24.46,35.99,59.37
1805,26.10,22.32,8.98,17.97,12.3,24.46,35.99,59.37
1806,26.10,22.32,8.98,17.97,12.3,24.46,35.99,59.37
1807,26.10,22.32,8.98,17.97,12.3,24.46,35.99,59.37
1808,26.10,22.32,8.98,17.97,12.3,24.46,35.99,59.37
1809,26.10,22.32,8.98,17.97,12.3,24.46,35.99,59.37
1810,26.10,22.32,8.98,17.97,12.3,24.46,35.99,59.37
1811,26.10,22.32,8.98,17.97,12.3,24.46,35.99,59.37
1812,26.10,22.32,8.98,17.97,12.3,24.46,35.99,59.37
1813,26.10,22.32,8.98,17.97,12.3,24.46,35.99,59.37
1814,26.10,22.32,8.98,17.97,12.3,24.46,35.99,59.37
1815,26.10,22.32,8.98,17.97,12.3,24.46,35.99,59.37
1816,26.10,22.32,8.98,17.97,12.3,24.46,35.99,59.37
1817,26.10,22.32,8.98,17.97,12.3,24.46,35.99,59.37
1818,26.10,22.32,8.98,17.97,12.3,24.46,35.99,59.37
1819,26.10,22.32,8.98,17.97,12.3,24.46,35.99,59.37
1820,26.10,22.32,8.98,17.97,12.3,24.46,35.99,59.37
1821,26.10,22.32,8.98,17.97,12.3,24.46,35.99,59.37
1822,26.10,22.32,8.98,17.97,12.3,24.46,35.99,59.37
1823,26.10,22.32,8.98,17.97,12.3,24.46,35.99,59.37
1824,26.10,22.32,8.98,17.97,12.3,24.46,35.99,59.37
1825,26.10,22.32,8.98,17.97,12.3,24.46,35.99,59.37
1826,26.10,22.32,8.98,17.97,12.3,24.46,35.99,59.37
1827,26.10,22.32,8.98,17.97,12.3,24.46,35.99,59.37
1828,26.10,22.32,8.98,17.97,12.3,24.46,35.99,59.37
1829,26.10,22.32,8.98,17.97,12.3,24.46,35.99,59.37
1830,26.10,22.32,8.98,17.97,12.3,24.46,35.99,59.37
1831,26.10,22.32,8.98,17.97,12.3,24.46,35.99,59.37
1832,26.10,22.32,8.98,17.97,12.3,24.46,35.99,59.37
1833,26.10,22.32,8.98,17.97,12.3,24.46,35.99,59.37
1834,26.10,22.32,8.98,17.97,12.3,24.46,35.99,59.37
1835,26.10,22.32,8.98,17.97,12.3,24.46,35.99,59.37
1836,26.10,22.32,8.98,17.97,12.3,24.46,35.99,59.37
1837,26.10,22.32,8.98,17.97,12.3,24.46,35.99,59.37
1838,26.10,22.32,8.98,17.97,12.3,24.46,35.99,59.37
1839,26.10,22.32,8.98,17.97,12.3,24.46,35.99,59.37
1840,26.10,22.32,8.98,17.97,12.3,24.46,35.99,59.37
1841,26.10,22.32,8.98,17.97,12.3,24.46,35.99,59.37
1842,26.10,22.32,8.98,17.97,12.3,24.46,35.99,59.37
1843,26.10,22.32,8.98,17.97,12.3,24.46,35.99,59.37
1844,26.10,22.32,8.98,17.97,12.3,24.46,35.99,59.37
1845,26.10,22.32,8.98,17.97,12.3,24.46,35.99,59.37
1846,26.10,22.32,8.98,17.97,12.3,24.46,35.99,59.37
1847,26.10,22.32,8.98,17.97,12.3,24.46,35.99,59.37
1848,26.10,22.32,8.98,17.97,12.3,24.46,35.99,59.37
1849,26.10,22.32,8.98,17.97,12.3,24.46,35.99,59.37
1850,26.10,22.32,8.98,17.97,12.3,24.46,35.99,59.37
1851,26.10,22.32,8.98,17.97,12.3,24.46,35.99,59.37
1852,26.10,22.32,8.98,17.97,12.3,24.46,35.99,59.37
1853,26.10,22.32,8.98,17.97,12.3,24.46,35.99,59.37
1854,26.10,22.32,8.98,17.97,12.3,24.46,35.99,59.37
1855,26.10,22.32,8.98,17.97,12.3,24.46,35.99,59.37
1856,26.10,22.32,8.98,17.97,12.3,24.46,35.99,59.37
1857,26.10,22.32,8.98,17.97,12.3,24.46,35.99,59.37
1858,26.10,22.32,8.98,17.97,12.3,24.46,35.99,59.37
1859,26.10,22.32,8.98,17.97,12.3,24.46,35.99,59.37
1860,26.10,22.32,8.98,17.97,12.3,24.46,35.99,59.37
1861,26.10,22.32,8.98,17.97,12.3,24.46,35.99,59.37
1862,26.10,22.32,8.98,17.97,12.3,24.46,35.99,59.37
1863,26.10,22.32,8.98,17.97,12.3,24.46,35.99,59.37
1864,26.10,22.32,8.98,17.97,12.3,24.46,35.99,59.37
1865,26.10,22.32,8.98,17.97,12.3,24.46,35.99,59.37
1866,26.10,22.32,8.98,17.97,12.3,24.46,35.99,59.37
1867,26.10,22.32,8.98,17.97,12.3,24.46,35.99,59.37
1868,26.10,22.32,8.98,17.97,12.3,24.46,35.99,59.37
1869,26.10,22.32,8.98,17.97,12.3,24.46,35.99,59.37
1870,26.10,22.32,8.98,17.97,12.3,24.46,35.99,59.37
1871,26.10,22.32,8.98,17.97,12.3,24.46,35.99,59.37
1872,26.10,22.32,8.98,17.97,12.3,24.46,35.99,59.37
1873,26.10,22.32,8.98,17.97,12.3,24.46,35.99,59.37
1874,26.10,22.32,8.98,17.97,12.3,24.46,35.99,59.37
1875,26.10,22.32,8.98,17.97,12.3,24.46,35.99,59.37
1876,26.10,22.32,8.98,17.97,12.3,24.46,35.99,59.37
1877,26.10,22.32,8.98,17.97,12.3,24.46,35.99,59.37
1878,26.10,22.32,8.98,17.97,12.3,24.46,35.99,59.37
1879,26.10,22.32,8.98,17.97,12.3,24.46,35.99,59.37
1880,26.10,22.32,8.98,17.97,12.3,24.46,35.99,59.37
1881,26.10,22.32,8.98,17.97,12.3,24.46,35.99,59.37
1882,26.10,22.32,8.98,17.97,12.3,24.46,35.99,59.37
1883,26.10,22.32,8.98,17.97,12.3,24.46,35.99,59.37
1884,26.10,22.32,8.98,17.97,12.3,24.46,35.99,59.37
1885,26.10,22.32,8.98,17.97,12.3,24.46,35.99,59.37
1886,26.10,22.32,8.98,17.97,12.3,24.46,35.99,59.37
1887,26.10,22.32,8.98,17.97,12.3,24.46,35.99,59.37
1888,26.10,22.32,8.98,17.97,12.3,24.46,35.99,59.37
1889,26.10,22.32,8.98,17.97,12.3,24.46,35.99,59.37
1890,26.10,22.32,8.98,17.97,12.3,24.46,35.99,59.37
1891,26.10,22.32,8.98,17.97,12.3,24.46,35.99,59.37
1892,26.10,22.32,8.98,17.97,12.3,24.46,35.99,59.37
1893,26.10,22.32,8.98,17.97,12.3,24.46,35.99,59.37
1894,26.10,22.32,8.98,17.97,12.3,24.46,35.99,59.37
1895,26.10,22.32,8.98,17.97,12.3,24.46,35.99,59.37
1896,26.10,22.32,8.98,17.97,12.3,24.46,35.99,59.37
1897,26.10,22.32,8.98,17.97,12.3,24.46,35.99,59.37
1898,26.10,22.32,8.98,17.97,12.3,24.46,35.99,59.37
1899,26.10,22.32,8.98,17.97,12.3,24.46,35.99,59.37
1900,26.10,22.32,8.98,17.97,12.3,24.46,35.99,59.37
1901,26.10,22.32,8.98,17.97,12.3,24.46,35.99,59.37
1902,26.10,22.32,8.98,17.97,12.3,24.46,35.99,59.37
1903,26.10,22.32,8.98,17.97,12.3,24.46,35.99,59.37
1904,26.10,22.32,8.98,17.97,12.3,24.46,35.99,59.37
1905,26.10,22.32,8.98,17.97,12.3,24.46,35.99,59.37
1906,26.10,22.32,8.98,17.97,12.3,24.46,35.99,59.37
1907,26.10,22.32,8.98,17.97,12.3,24.46,35.99,59.37
1908,26.10,22.32,8.98,17.97,12.3,24.46,35.99,59.37
1909,26.10,22.32,8.98,17.97,12.3,24.46,35.99,59.37
1910,26.10,22.32,8.98,17.97,12.3,24.46,35.99,59.37
1911,26.10,22.32,8.98,17.97,12.3,24.46,35.99,59.37
1912,26.10,22.32,8.98,17.97,12.3,24.46,35.99,59.37
1913,26.10,22.32,8.98,17.97,12.3,24.46,35.99,59.37
1914,26.10,22.32,8.98,17.97,12.3,24.46,35.99,59.37
1915,26.10,22.32,8.98,17.97,12.3,24.46,35.99,59.37
1916,26.10,22.32,8.98,17.97,12.3,24.46,35.99,59.37
1917,26.10,22.32,8.98,17.97,12.3,24.46,35.99,59.37
1918,26.10,22.32,8.98,17.97,12.3,24.46,35.99,59.37
1919,26.10,22.32,8.98,17.97,12.3,24.46,35.99,59.37
1920,26.10,22.32,8.98,17.97,12.3,24.46,35.99,59.37
1921,26.10,22.32,8.98,17.97,12.3,24.46,35.99,59.37
1922,26.10,22.32,8.98,17.97,12.3,24.46,35.99,59.37
1923,26.10,22.32,8.98,17.97,12.3,24.46,35.99,59.37
1924,26.10,22.32,8.98,17.97,12.3,24.46,35.99,59.37
1925,26.10,22.32,8.98,17.97,12.3,24.46,35.99,59.37
1926,26.10,22.32,8.98,17.97,12.3,24.46,35.99,59.37
1927,26.10,22.32,8.98,17.97,12.3,24.46,35.99,59.37
1928,26.10,22.32,8.98,17.97,12.3,24.46,35.99,59.37
1929,26.10,22.32,8.98,17.97,12.3,24.46,35.99,59.37
1930,26.10,22.32,8.98,17.97,12.3,24.46,35.99,59.37
1931,26.10,22.32,8.98,17.97,12.3,24.46,35.99,59.37
1932,26.10,22.32,8.98,17.97,12.3,24.46,35.99,59.37
1933,26.10,22.32,8.98,17.97,12.3,24.46,35.99,59.37
1934,26.10,22.32,8.98,17.97,12.3,24.46,35.99,59.37
1935,26.10,22.32,8.98,17.97,12.3,24.46,35.99,59.37
1936,26.10,22.32,8.98,17.97,12.3,24.46,35.99,59.37
1937,26.10,22.32,8.98,17.97,12.3,24.46,35.99,59.37
1938,26.10,22.32,8.98,17.97,12.3,24.46,35.99,59.37
1939,26.10,22.32,8.98,17.97,12.3,24.46,35.99,59.37
1940,26.10,22.32,8.98,17.97,12.3,24.46,35.99,59.37
1941,26.10,22.32,8.98,17.97,12.3,24.46,35.99,59.37
1942,26.10,22.32,8.98,17.97,12.3,24.46,35.99,59.37
1943,26.10,22.32,8.98,17.97,12.3,24.46,35.99,59.37
1944,26.10,22.32,8.98,17.97,12.3,24.46,35.99,59.37
1945,26.10,22.32,8.98,17.97,12.3,24.46,35.99,59.37
1946,26.10,22.32,8.98,17.97,12.3,24.46,35.99,59.37
1947,26.10,22.32,8.98,17.97,12.3,24.46,35.99,59.37
1948,26.10,22.32,8.98,17.97,12.3,24.46,35.99,59.37
1949,26.10,22.32,8.98,17.97,12.3,24.46,35.99,59.37
1950,26.10,22.32,8.98,17.97,12.3,24.46,35.99,59.37
1951,26.10,22.32,8.98,17.97,12.3,24.46,35.99,59.37
1952,26.10,22.32,8.98,17.97,12.3,24.46,35.99,59.37
1953,26.10,22.32,8.98,17.97,12.3,24.46,35.99,59.37
1954,26.10,22.32,8.98,17.97,12.3,24.46,35.99,59.37
1955,26.10,22.32,8.98,17.97,12.3,24.46,35.99,59.37
1956,26.10,22.32,8.98,17.97,12.3,24.46,35.99,59.37
1957,26.10,22.32,8.98,17.97,12.3,24.46,35.99,59.37
1958,26.10,22.32,8.98,17.97,12.3,24.46,35.99,59.37
1959,26.10,22.32,8.98,17.97,12.3,24.46,35.99,59.37
1960,26.10,22.32,8.98,17.97,12.3,24.46,35.99,59.37
1961,26.10,22.32,8.98,17.97,12.3,24.46,35.99,59.37
1962,26.10,22.32,8.98,17.97,12.3,24.46,35.99,59.37
1963,26.10,22.32,8.98,17.97,12.3,24.46,35.99,59.37
1964,26.10,22.32,8.98,17.97,12.3,24.46,35.99,59.37
1965,26.10,22.32,8.98,17.97,12.3,24.46,35.99,59.37
1966,26.10,22.32,8.98,17.97,12.3,24.46,35.99,59.37
1967,26.10,22.32,8.98,17.97,12.3,24.46,35.99,59.37
1968,26.10,22.32,8.98,17.97,12.3,24.46,35.99,59.37
1969,26.10,22.32,8.98,17.97,12.3,24.46,35.99,59.37
1970,26.10,22.32,8.98,17.97,12.3,24.46,35.99,59.37
1971,26.10,22.32,8.98,17.97,12.3,24.46,35.99,59.37
1972,26.10,22.32,8.98,17.97,12.3,24.46,35.99,59.37
1973,26.10,22.32,8.98,17.97,12.3,24.46,35.99,59.37
1974,26.10,22.32,8.98,17.97,12.3,24.46,35.99,59.37
1975,26.10,22.32,8.98,17.97,12.3,24.46,35.99,59.37
1976,26.10,22.32,8.98,17.97,12.3,24.46,35.99,59.37
1977,26.10,22.32,8.98,17.97,12.3,24.46,35.99,59.37
1978,26.10,22.32,8.98,17.97,12.3,24.46,35.99,59.37
1979,26.10,22.32,8.98,17.97,12.3,24.46,35.99,59.37
1980,26.10,22.32,8.98,17.97,12.3,24.46,35.99,59.37
1981,26.10,22.32,8.98,17.97,12.3,24.46,35.99,59.37
1982,26.10,22.32,8.98,17.97,12.3,24.46,35.99,59.37
1983,26.10,22.32,8.98,17.97,12.3,24.46,35.99,59.37
1984,26.10,22.32,8.98,17.97,12.3,24.46,35.99,59.37
1985,26.10,22.32,8.98,17.97,12.3,24.46,35.99,59.37
1986,26.10,22.32,8.98,17.97,12.3,24.46,35.99,59.37
1987,26.10,22.32,8.98,17.97,12.3,24.46,35.99,59.37
1988,26.10,22.32,8.98,17.97,12.3,24.46,35.99,59.37
1989,26.10,22.32,8.98,17.97,12.3,24.46,35.99,59.37
1990,26.10,22.32,8.98,17.97,12.3,24.46,35.99,59.37
1991,26.10,22.32,8.98,17.97,12.3,24.46,35.99,59.37
1992,26.10,22.32,8.98,17.97,12.3,24.46,35.99,59.37
1993,26.10,22.32,8.98,17.97,12.3,24.46,35.99,59.37
1994,26.10,22.32,8.98,17.97,12.3,24.46,35.99,59.37
1995,26.10,22.32,8.98,17.97,12.3,24.46,35.99,59.37
1996,26.10,22.32,8.98,17.97,12.3,24.46,35.99,59.37
1997,26.10,22.32,8.98,17.97,12.3,24.46,35.99,59.37
1998,26.10,22.32,8.98,17.97,12.3,24.46,35.99,59.37
1999,26.10,22.32,8.98,17.97,12.3,24.46,35.99,59.37
2000,26.10,22.32,8.98,17.97,12.3,24.46,35.99,59.37
2001,26.10,22.32,8.98,17.97,12.3,24.46,35.99,59.37
2002,26.10,22.32,8.98,17.97,12.3,24.46,35.99,59.37
2003,26.10,22.32,8.98,17.97,12.3,24.46,35.99,59.37
2004,26.10,22.32,8.98,17.97,12.3,24.46,35.99,59.37
2005,26.10,22.32,8.98,17.97,12.3,24.46,35.99,59.37
2006,26.10,22.32,8.98,17.97,12.3,24.46,35.99,59.37
2007,26.10,22.32,8.98,17.97,12.3,24.46,35.99,59.37
2008,26.10,22.32,8.98,17.97,12.3,24.46,35.99,59.37
2009,26.10,22.32,8.98,17.97,12.3,24.46,35.99,59.37
2010,26.10,22.32,8.98,17.97,12.3,24.46,35.99,59.37
2011,26.10,22.32,8.98,17.97,12.3,24.46,35.99,59.37
2012,26.10,22.32,8.98,17.97,12.3,24.46,35.99,59.37
2013,26.10,22.32,8.98,17.97,12.3,24.46,35.99,59.37
2014,26.10,22.32,8.98,17.97,12.3,24.46,35.99,59.37
2015,26.10,22.32,8.98,17.97,12.3,24.46,35.99,59.37
2016,26.10,22.32,8.98,17.97,12.3,24.46,35.99,59.37
